date,adj_close
2006-02-06,19.185097
2006-02-07,18.630157
2006-02-08,18.550880
2006-02-09,18.725290
2006-02-10,18.384398
2006-02-13,18.098999
2006-02-14,17.948370
2006-02-15,17.686760
2006-02-16,17.900808
2006-02-17,18.154493
2006-02-21,18.455750
2006-02-22,18.154493
2006-02-23,18.091070
2006-02-24,18.582590
2006-02-27,18.217918
2006-02-28,18.463678
2006-03-01,18.424036
2006-03-02,18.757000
2006-03-03,18.931408
2006-03-06,18.630157
2006-03-07,18.305119
2006-03-08,18.011793
2006-03-09,18.194132
2006-03-10,18.114853
2006-03-13,18.352688
2006-03-14,18.622229
2006-03-15,18.416105
2006-03-16,18.574665
2006-03-17,18.487457
2006-03-20,18.106928
2006-03-21,18.170347
2006-03-22,18.138638
2006-03-23,18.447819
2006-03-24,18.408182
2006-03-27,18.519173
2006-03-28,18.757000
2006-03-29,18.883846
2006-03-30,19.113747
2006-03-31,18.978977
2006-04-03,19.066183
2006-04-04,18.963120
2006-04-05,19.082037
2006-04-06,19.422930
2006-04-07,19.335724
2006-04-10,19.692472
2006-04-11,19.771748
2006-04-12,19.732107
2006-04-13,19.858955
2006-04-17,20.073002
2006-04-18,20.334618
2006-04-19,20.532812
2006-04-20,20.294977
2006-04-21,20.723074
2006-04-24,20.310839
2006-04-25,20.374256
2006-04-26,20.294977
2006-04-27,19.977873
2006-04-28,20.310839
2006-05-01,20.532812
2006-05-02,20.770645
2006-05-03,20.398039
2006-05-04,20.152283
2006-05-05,20.374256
2006-05-08,20.318762
2006-05-09,20.635872
2006-05-10,21.151175
2006-05-11,21.357294
2006-05-12,21.285946
2006-05-15,20.564522
2006-05-16,20.627947
2006-05-17,20.596233
2006-05-18,20.604162
2006-05-19,20.152283
2006-05-22,20.310839
2006-05-23,20.627947
2006-05-24,20.104717
2006-05-25,20.453533
2006-05-26,20.651728
2006-05-30,20.540737
2006-05-31,20.231558
2006-06-01,19.985796
2006-06-02,20.382185
2006-06-05,20.326691
2006-06-06,20.152283
2006-06-07,20.017508
2006-06-08,19.803459
2006-06-09,19.835173
2006-06-12,19.597338
2006-06-13,19.066183
2006-06-14,19.058254
2006-06-15,19.264376
2006-06-16,19.304016
2006-06-19,18.947268
2006-06-20,19.105822
2006-06-21,19.383293
2006-06-22,19.375364
2006-06-23,19.335724
2006-06-26,19.549774
2006-06-27,19.621122
2006-06-28,19.541845
2006-06-29,19.969946
2006-06-30,20.057148
2006-07-03,20.588306
2006-07-05,20.429752
2006-07-06,20.564522
2006-07-07,20.413897
2006-07-10,20.271198
2006-07-11,20.715149
2006-07-12,20.921270
2006-07-13,20.913342
2006-07-14,21.008476
2006-07-17,20.532812
2006-07-18,20.405970
2006-07-19,20.477318
2006-07-20,20.263268
2006-07-21,20.207771
2006-07-24,20.294977
2006-07-25,20.120569
2006-07-26,19.985796
2006-07-27,20.374256
2006-07-28,20.302910
2006-07-31,20.501099
2006-08-01,20.596233
2006-08-02,20.873703
2006-08-03,20.675510
2006-08-04,20.651728
2006-08-07,20.976761
2006-08-08,20.683437
2006-08-09,20.715149
2006-08-10,20.445604
2006-08-11,20.247416
2006-08-14,20.057148
2006-08-15,20.088858
2006-08-16,19.874809
2006-08-17,19.565630
2006-08-18,19.668690
2006-08-21,19.827244
2006-08-22,19.795534
2006-08-23,19.589409
2006-08-24,19.874809
2006-08-25,19.866884
2006-08-28,19.557701
2006-08-29,19.525988
2006-08-30,19.819317
2006-08-31,19.819317
2006-09-01,19.779678
2006-09-05,19.747965
2006-09-06,19.644909
2006-09-07,19.581484
2006-09-08,19.422930
2006-09-11,18.971046
2006-09-12,18.669796
2006-09-13,18.622229
2006-09-14,18.511242
2006-09-15,18.455750
2006-09-18,18.677723
2006-09-19,18.400253
2006-09-20,18.289265
2006-09-21,18.606373
2006-09-22,18.392328
2006-09-25,18.431961
2006-09-26,18.511242
2006-09-27,18.788710
2006-09-28,18.939337
2006-09-29,18.986908
2006-10-02,18.780783
2006-10-03,18.471600
2006-10-04,18.606373
2006-10-05,18.709436
2006-10-06,18.780783
2006-10-09,19.304016
2006-10-10,18.788710
2006-10-11,18.535023
2006-10-12,18.741144
2006-10-13,19.145458
2006-10-16,19.311943
2006-10-17,19.327797
2006-10-18,19.018616
2006-10-19,19.335724
2006-10-20,19.066183
2006-10-23,19.105822
2006-10-24,19.240591
2006-10-25,19.581484
2006-10-26,19.446712
2006-10-27,19.502211
2006-10-30,19.296085
2006-10-31,19.177172
2006-11-01,19.422930
2006-11-02,19.280228
2006-11-03,19.518063
2006-11-06,19.858955
2006-11-07,19.811390
2006-11-08,19.787605
2006-11-09,20.049219
2006-11-10,19.629051
2006-11-13,19.486351
2006-11-14,19.541845
2006-11-15,19.692472
2006-11-16,19.200954
2006-11-17,19.438786
2006-11-20,19.367435
2006-11-21,19.549774
2006-11-22,19.621122
2006-11-24,19.890665
2006-11-27,19.946161
2006-11-28,20.001656
2006-11-29,20.255341
2006-11-30,20.437679
2006-12-01,20.429752
2006-12-04,20.334618
2006-12-05,20.398039
2006-12-06,20.128496
2006-12-07,20.057148
2006-12-08,19.898590
2006-12-11,19.930304
2006-12-12,19.898590
2006-12-13,19.906519
2006-12-14,20.136425
2006-12-15,20.231558
2006-12-18,19.874195
2006-12-19,20.109732
2006-12-20,20.150341
2006-12-21,19.947292
2006-12-22,20.101608
2006-12-26,19.792978
2006-12-27,19.736126
2006-12-28,19.882318
2006-12-29,19.963537
2007-01-03,19.330029
2007-01-04,18.826475
2007-01-05,18.761501
2007-01-08,18.858965
2007-01-09,18.696527
2007-01-10,18.420382
2007-01-11,18.396017
2007-01-12,18.826475
2007-01-16,18.396017
2007-01-17,18.558453
2007-01-18,18.363529
2007-01-19,18.639675
2007-01-22,18.655918
2007-01-23,19.248812
2007-01-24,19.086374
2007-01-25,18.915819
2007-01-26,19.151350
2007-01-29,18.761501
2007-01-30,19.281300
2007-01-31,19.484346
2007-02-01,19.411251
2007-02-02,19.663029
2007-02-05,19.598053
2007-02-06,19.500589
2007-02-07,19.265055
2007-02-08,19.711758
2007-02-09,19.833586
2007-02-12,19.459980
2007-02-13,19.817343
2007-02-14,19.549320
2007-02-15,19.549320
2007-02-16,19.890438
2007-02-20,19.671150
2007-02-21,20.093487
2007-02-22,20.369629
2007-02-23,20.499580
2007-02-26,20.556431
2007-02-27,20.166584
2007-02-28,20.475214
2007-03-01,20.329020
2007-03-02,20.142216
2007-03-05,19.841711
2007-03-06,20.028513
2007-03-07,20.304657
2007-03-08,20.337143
2007-03-09,20.069118
2007-03-12,19.882318
2007-03-13,19.728004
2007-03-14,19.768612
2007-03-15,19.646784
2007-03-16,19.695515
2007-03-19,19.792978
2007-03-20,19.817343
2007-03-21,19.849831
2007-03-22,20.174706
2007-03-23,20.182829
2007-03-26,20.272167
2007-03-27,20.329020
2007-03-28,20.523947
2007-03-29,20.921915
2007-03-30,20.613285
2007-04-02,20.410238
2007-04-03,20.329020
2007-04-04,20.556431
2007-04-05,20.597046
2007-04-09,20.385870
2007-04-10,20.670139
2007-04-11,20.637650
2007-04-12,20.759478
2007-04-13,20.873184
2007-04-16,20.710751
2007-04-17,20.499580
2007-04-18,20.507698
2007-04-19,20.450850
2007-04-20,20.735113
2007-04-23,20.873184
2007-04-24,20.588921
2007-04-25,20.995014
2007-04-26,20.848820
2007-04-27,20.954401
2007-04-30,20.767603
2007-05-01,20.808212
2007-05-02,20.645775
2007-05-03,20.743238
2007-05-04,20.702623
2007-05-07,20.605165
2007-05-08,20.475214
2007-05-09,20.369629
2007-05-10,20.288410
2007-05-11,20.588921
2007-05-14,20.515825
2007-05-15,20.718870
2007-05-16,20.515825
2007-05-17,20.686382
2007-05-18,20.653896
2007-05-21,20.856943
2007-05-22,20.556431
2007-05-23,20.653896
2007-05-24,20.540188
2007-05-25,20.791965
2007-05-29,20.337143
2007-05-30,20.532068
2007-05-31,20.718870
2007-06-01,20.873184
2007-06-04,21.059988
2007-06-05,20.978769
2007-06-06,20.970648
2007-06-07,21.076231
2007-06-08,20.702623
2007-06-11,21.100597
2007-06-12,21.043741
2007-06-13,21.311766
2007-06-14,21.514809
2007-06-15,21.644764
2007-06-18,21.644764
2007-06-19,21.433594
2007-06-20,21.457960
2007-06-21,21.360497
2007-06-22,21.311766
2007-06-25,21.230545
2007-06-26,20.986891
2007-06-27,20.954401
2007-06-28,20.889425
2007-06-29,20.873184
2007-07-02,21.003134
2007-07-03,21.027502
2007-07-05,21.222424
2007-07-06,21.401106
2007-07-09,21.352377
2007-07-10,21.506689
2007-07-11,21.555422
2007-07-12,21.612276
2007-07-13,21.644764
2007-07-16,21.263035
2007-07-17,21.133087
2007-07-18,21.376740
2007-07-19,21.449837
2007-07-20,21.441715
2007-07-23,21.344254
2007-07-24,21.181816
2007-07-25,21.368618
2007-07-26,21.141205
2007-07-27,21.344254
2007-07-30,21.100597
2007-07-31,21.271158
2007-08-01,21.238668
2007-08-02,21.271158
2007-08-03,21.035624
2007-08-06,20.743238
2007-08-07,20.856943
2007-08-08,20.824453
2007-08-09,20.662018
2007-08-10,20.735113
2007-08-13,20.588921
2007-08-14,20.653896
2007-08-15,20.808212
2007-08-16,20.450850
2007-08-17,20.434605
2007-08-20,20.491459
2007-08-21,20.458973
2007-08-22,20.507698
2007-08-23,20.572676
2007-08-24,20.816332
2007-08-27,20.840698
2007-08-28,20.621407
2007-08-29,20.816332
2007-08-30,20.856943
2007-08-31,20.865065
2007-09-04,21.100597
2007-09-05,21.141205
2007-09-06,21.059988
2007-09-07,21.198057
2007-09-10,21.344254
2007-09-11,21.392982
2007-09-12,21.620396
2007-09-13,21.457960
2007-09-14,21.474205
2007-09-17,21.725981
2007-09-18,21.807199
2007-09-19,21.994001
2007-09-20,22.335121
2007-09-21,22.489435
2007-09-24,22.448826
2007-09-25,22.286392
2007-09-26,22.318876
2007-09-27,22.903650
2007-09-28,22.830555
2007-10-01,22.595020
2007-10-02,22.140198
2007-10-03,22.164562
2007-10-04,22.473194
2007-10-05,22.538168
2007-10-08,22.067099
2007-10-09,22.221415
2007-10-10,22.481316
2007-10-11,22.733089
2007-10-12,22.838676
2007-10-15,23.228523
2007-10-16,23.252890
2007-10-17,23.131060
2007-10-18,23.545277
2007-10-19,23.480303
2007-10-22,23.415329
2007-10-23,23.252890
2007-10-24,23.334110
2007-10-25,23.878273
2007-10-26,24.243761
2007-10-29,24.641727
2007-10-30,24.089447
2007-10-31,24.771679
2007-11-01,24.454929
2007-11-02,24.982849
2007-11-05,24.820412
2007-11-06,25.470158
2007-11-07,25.340210
2007-11-08,25.275236
2007-11-09,25.267115
2007-11-12,24.714825
2007-11-13,24.243761
2007-11-14,24.787922
2007-11-15,24.544266
2007-11-16,24.625484
2007-11-19,24.812288
2007-11-20,25.429550
2007-11-21,25.462038
2007-11-23,25.697569
2007-11-26,25.380821
2007-11-27,25.177773
2007-11-28,24.869141
2007-11-29,24.925997
2007-11-30,24.617363
2007-12-03,24.796043
2007-12-04,24.909752
2007-12-05,24.722948
2007-12-06,25.169651
2007-12-07,25.088430
2007-12-10,25.072191
2007-12-11,25.291477
2007-12-12,25.981834
2007-12-13,25.705694
2007-12-14,25.527010
2007-12-17,25.402166
2007-12-18,25.293962
2007-12-19,25.535337
2007-12-20,25.427135
2007-12-21,25.726767
2007-12-24,25.918196
2007-12-26,26.226154
2007-12-27,26.317711
2007-12-28,26.234478
2007-12-31,26.267769
2008-01-02,26.991882
2008-01-03,27.199957
2008-01-04,27.041821
2008-01-07,26.550755
2008-01-08,26.792128
2008-01-09,26.525787
2008-01-10,26.400940
2008-01-11,26.642309
2008-01-14,26.975235
2008-01-15,26.642309
2008-01-16,26.392614
2008-01-17,26.051369
2008-01-18,26.151245
2008-01-22,26.059692
2008-01-23,25.568626
2008-01-24,26.201183
2008-01-25,26.783804
2008-01-28,26.908651
2008-01-29,27.133371
2008-01-30,26.900330
2008-01-31,27.033499
2008-02-01,26.559082
2008-02-04,27.025173
2008-02-05,26.800449
2008-02-06,26.675604
2008-02-07,27.000204
2008-02-08,27.807549
2008-02-11,27.990656
2008-02-12,27.424686
2008-02-13,27.649406
2008-02-14,28.207056
2008-02-15,28.073885
2008-02-19,28.989433
2008-02-20,29.139246
2008-02-21,28.981106
2008-02-22,29.380615
2008-02-25,29.663605
2008-02-26,30.296160
2008-02-27,30.254541
2008-02-28,30.545856
2008-02-29,30.046463
2008-03-03,30.487589
2008-03-04,30.379395
2008-03-05,31.045242
2008-03-06,31.278292
2008-03-07,30.962009
2008-03-10,31.544630
2008-03-11,32.035694
2008-03-12,32.385265
2008-03-13,32.418560
2008-03-14,32.376942
2008-03-17,31.078535
2008-03-18,31.769356
2008-03-19,30.396034
2008-03-20,29.172537
2008-03-24,29.705219
2008-03-25,30.004850
2008-03-26,30.903753
2008-03-27,31.244993
2008-03-28,30.504240
2008-03-31,29.771803
2008-04-01,29.605339
2008-04-02,30.487589
2008-04-03,30.654060
2008-04-04,30.870455
2008-04-07,31.203384
2008-04-08,31.328228
2008-04-09,31.852587
2008-04-10,31.711088
2008-04-11,31.586243
2008-04-14,31.802645
2008-04-15,32.185509
2008-04-16,32.493462
2008-04-17,32.343651
2008-04-18,32.360291
2008-04-21,32.401909
2008-04-22,32.601665
2008-04-23,32.293709
2008-04-24,31.752707
2008-04-25,32.335323
2008-04-28,32.410229
2008-04-29,31.627855
2008-04-30,31.569603
2008-05-01,30.837164
2008-05-02,31.619537
2008-05-05,32.277065
2008-05-06,32.701542
2008-05-07,32.759808
2008-05-08,33.292484
2008-05-09,33.808517
2008-05-12,33.234222
2008-05-13,33.417336
2008-05-14,32.876328
2008-05-15,33.250870
2008-05-16,33.733608
2008-05-19,33.783550
2008-05-20,34.249641
2008-05-21,35.248417
2008-05-22,34.740711
2008-05-23,34.807289
2008-05-27,34.249641
2008-05-28,34.466045
2008-05-29,33.525528
2008-05-30,33.750256
2008-06-02,34.199703
2008-06-03,33.392357
2008-06-04,32.892971
2008-06-05,34.141445
2008-06-06,35.015369
2008-06-09,35.373268
2008-06-10,35.231773
2008-06-11,36.530174
2008-06-12,36.521858
2008-06-13,36.288803
2008-06-16,36.255516
2008-06-17,36.621735
2008-06-18,37.121117
2008-06-19,36.255516
2008-06-20,36.505207
2008-06-23,36.763222
2008-06-24,36.771545
2008-06-25,36.630054
2008-06-26,37.845238
2008-06-27,37.945110
2008-06-30,37.270935
2008-07-01,37.928463
2008-07-02,38.652573
2008-07-03,38.635921
2008-07-07,38.111576
2008-07-08,36.729935
2008-07-09,36.704967
2008-07-10,37.703739
2008-07-11,38.228092
2008-07-14,38.244743
2008-07-15,37.029564
2008-07-16,36.463593
2008-07-17,35.606316
2008-07-18,34.998722
2008-07-21,35.423206
2008-07-22,34.649155
2008-07-23,33.866779
2008-07-24,33.891754
2008-07-25,33.467274
2008-07-28,33.633732
2008-07-29,33.250870
2008-07-30,33.908394
2008-07-31,33.625412
2008-08-01,33.250870
2008-08-04,32.152218
2008-08-05,31.927494
2008-08-06,31.586243
2008-08-07,31.761030
2008-08-08,30.870455
2008-08-11,30.837164
2008-08-12,30.570824
2008-08-13,31.594568
2008-08-14,31.319906
2008-08-15,30.895424
2008-08-18,31.070210
2008-08-19,31.552952
2008-08-20,31.802645
2008-08-21,33.167633
2008-08-22,32.044018
2008-08-25,31.860905
2008-08-26,31.877552
2008-08-27,32.177185
2008-08-28,31.544630
2008-08-29,31.428101
2008-09-02,30.612440
2008-09-03,30.437651
2008-09-04,30.004850
2008-09-05,29.705219
2008-09-08,29.638638
2008-09-09,28.556627
2008-09-10,28.598244
2008-09-11,28.356873
2008-09-12,28.548306
2008-09-15,27.424686
2008-09-16,26.867033
2008-09-17,27.674374
2008-09-18,27.724318
2008-09-19,28.639860
2008-09-22,29.630310
2008-09-23,29.339001
2008-09-24,29.097630
2008-09-25,29.605339
2008-09-26,29.255770
2008-09-29,27.441330
2008-09-30,28.207056
2008-10-01,27.549532
2008-10-02,26.026400
2008-10-03,25.418812
2008-10-06,24.336803
2008-10-07,24.636436
2008-10-08,24.994333
2008-10-09,23.829096
2008-10-10,22.772060
2008-10-13,24.037170
2008-10-14,23.596050
2008-10-15,22.522367
2008-10-16,22.097885
2008-10-17,22.347580
2008-10-20,22.797028
2008-10-21,21.981359
2008-10-22,20.940971
2008-10-23,21.024202
2008-10-24,20.183569
2008-10-27,20.033751
2008-10-28,20.583078
2008-10-29,21.798256
2008-10-30,20.899357
2008-10-31,21.132402
2008-11-03,20.899357
2008-11-04,21.848192
2008-11-05,21.282221
2008-11-06,20.350031
2008-11-07,20.375002
2008-11-10,20.508167
2008-11-11,20.116985
2008-11-12,19.526041
2008-11-13,19.892260
2008-11-14,19.767412
2008-11-17,19.317961
2008-11-18,19.026655
2008-11-19,18.810255
2008-11-20,17.853096
2008-11-21,18.161051
2008-11-24,19.409517
2008-11-25,18.760317
2008-11-26,19.359579
2008-11-28,18.518944
2008-12-01,17.944647
2008-12-02,17.952971
2008-12-03,17.744894
2008-12-04,16.812706
2008-12-05,16.396549
2008-12-08,17.153952
2008-12-09,16.779413
2008-12-10,17.287123
2008-12-11,17.836449
2008-12-12,18.227634
2008-12-15,17.711920
2008-12-16,17.965551
2008-12-17,17.720371
2008-12-18,17.449831
2008-12-19,17.331470
2008-12-22,16.841116
2008-12-23,16.908751
2008-12-24,16.646667
2008-12-26,16.908751
2008-12-29,17.094748
2008-12-30,17.196201
2008-12-31,17.914824
2009-01-02,18.540447
2009-01-05,18.734896
2009-01-06,19.225250
2009-01-07,18.244543
2009-01-08,18.312176
2009-01-09,18.100819
2009-01-12,17.280746
2009-01-13,17.568192
2009-01-14,17.323015
2009-01-15,17.306107
2009-01-16,17.382198
2009-01-20,16.841116
2009-01-21,16.908751
2009-01-22,16.688938
2009-01-23,17.466740
2009-01-26,17.500561
2009-01-27,17.027111
2009-01-28,17.432924
2009-01-29,17.221565
2009-01-30,17.120111
2009-02-02,16.790392
2009-02-03,16.595940
2009-02-04,16.688938
2009-02-05,17.060932
2009-02-06,17.187744
2009-02-09,17.094748
2009-02-10,16.874937
2009-02-11,16.773481
2009-02-12,16.798847
2009-02-13,16.494488
2009-02-17,15.572960
2009-02-18,15.479962
2009-02-19,15.860410
2009-02-20,15.682865
2009-02-23,15.530690
2009-02-24,15.826590
2009-02-25,16.012590
2009-02-26,16.350763
2009-02-27,16.156313
2009-03-02,15.344691
2009-03-03,15.446146
2009-03-04,15.987225
2009-03-05,15.851955
2009-03-06,16.232401
2009-03-09,16.139402
2009-03-10,16.097134
2009-03-11,15.589870
2009-03-12,16.316946
2009-03-13,16.173222
2009-03-16,16.528303
2009-03-17,16.883387
2009-03-18,17.094748
2009-03-19,17.449831
2009-03-20,17.686554
2009-03-23,18.058546
2009-03-24,17.762646
2009-03-25,17.492105
2009-03-26,17.796459
2009-03-27,17.466740
2009-03-30,16.832664
2009-03-31,16.908751
2009-04-01,16.866480
2009-04-02,17.517467
2009-04-03,17.788008
2009-04-06,17.568192
2009-04-07,17.255383
2009-04-08,17.382198
2009-04-09,17.635828
2009-04-13,17.711920
2009-04-14,17.390650
2009-04-15,17.280746
2009-04-16,17.204655
2009-04-17,17.077841
2009-04-20,16.435307
2009-04-21,16.494488
2009-04-22,16.519852
2009-04-23,16.739664
2009-04-24,16.993298
2009-04-27,16.570578
2009-04-28,16.452215
2009-04-29,16.832664
2009-04-30,16.891842
2009-05-01,17.399107
2009-05-04,17.737282
2009-05-05,17.483650
2009-05-06,17.948641
2009-05-07,17.982458
2009-05-08,18.430536
2009-05-11,18.278362
2009-05-12,18.464359
2009-05-13,18.252998
2009-05-14,18.371361
2009-05-15,17.906368
2009-05-18,18.379812
2009-05-19,18.379812
2009-05-20,18.675716
2009-05-21,18.523537
2009-05-22,18.794075
2009-05-26,18.836349
2009-05-27,18.920893
2009-05-28,19.267523
2009-05-29,19.639515
2009-06-01,20.180595
2009-06-02,20.265137
2009-06-03,19.588789
2009-06-04,20.307411
2009-06-05,20.197504
2009-06-08,20.146778
2009-06-09,20.341228
2009-06-10,20.265137
2009-06-11,20.451136
2009-06-12,20.163687
2009-06-15,19.774786
2009-06-16,19.698696
2009-06-17,19.757877
2009-06-18,19.783239
2009-06-19,19.614155
2009-06-22,18.954710
2009-06-23,19.284431
2009-06-24,19.275978
2009-06-25,19.445066
2009-06-26,19.284431
2009-06-29,19.470428
2009-06-30,19.123800
2009-07-01,19.047712
2009-07-02,18.624992
2009-07-06,18.067001
2009-07-07,17.779554
2009-07-08,17.559738
2009-07-09,17.669645
2009-07-10,17.534376
2009-07-13,17.627375
2009-07-14,17.627375
2009-07-15,18.092363
2009-07-16,18.134638
2009-07-17,18.405178
2009-07-20,18.709534
2009-07-21,18.641899
2009-07-22,18.743353
2009-07-23,19.132250
2009-07-24,19.149160
2009-07-27,19.225250
2009-07-28,19.013891
2009-07-29,18.523537
2009-07-30,19.098434
2009-07-31,19.478882
2009-08-03,20.028419
2009-08-04,20.036871
2009-08-05,20.248234
2009-08-06,19.783239
2009-08-07,19.690243
2009-08-10,19.681789
2009-08-11,19.385883
2009-08-12,19.487337
2009-08-13,19.749424
2009-08-14,19.191433
2009-08-17,18.903986
2009-08-18,19.275978
2009-08-19,19.411247
2009-08-20,19.250614
2009-08-21,19.394339
2009-08-24,19.428156
2009-08-25,19.149160
2009-08-26,19.098434
2009-08-27,19.259069
2009-08-28,19.216795
2009-08-31,18.692625
2009-09-01,18.405178
2009-09-02,18.447451
2009-09-03,18.354448
2009-09-04,18.278362
2009-09-08,18.616537
2009-09-09,18.692625
2009-09-10,18.794075
2009-09-11,18.548901
2009-09-14,18.447451
2009-09-15,18.878620
2009-09-16,19.123800
2009-09-17,19.132250
2009-09-18,18.963167
2009-09-21,18.548901
2009-09-22,18.853256
2009-09-23,18.430536
2009-09-24,18.193815
2009-09-25,18.050093
2009-09-28,18.210728
2009-09-29,18.143091
2009-09-30,18.650351
2009-10-01,18.531992
2009-10-02,18.345999
2009-10-05,18.937803
2009-10-06,18.709534
2009-10-07,18.743353
2009-10-08,19.115347
2009-10-09,19.191433
2009-10-12,19.580334
2009-10-13,19.800150
2009-10-14,19.952328
2009-10-15,20.155233
2009-10-16,20.205959
2009-10-19,20.493406
2009-10-20,20.366592
2009-10-21,20.797766
2009-10-22,20.966850
2009-10-23,20.890760
2009-10-26,20.510317
2009-10-27,20.366592
2009-10-28,19.842421
2009-10-29,20.459591
2009-10-30,19.943874
2009-11-02,20.290503
2009-11-03,20.577951
2009-11-04,20.561039
2009-11-05,20.451136
2009-11-06,20.087597
2009-11-09,20.417316
2009-11-10,20.315868
2009-11-11,20.451136
2009-11-12,20.146778
2009-11-13,20.129869
2009-11-16,20.713221
2009-11-17,20.814676
2009-11-18,20.831581
2009-11-19,20.535681
2009-11-20,20.510317
2009-11-23,20.603313
2009-11-24,20.366592
2009-11-25,20.856945
2009-11-27,20.620222
2009-11-30,20.848492
2009-12-01,21.000669
2009-12-02,20.856945
2009-12-03,20.840036
2009-12-04,20.670950
2009-12-07,20.484953
2009-12-08,20.282047
2009-12-09,20.028419
2009-12-10,19.918509
2009-12-11,20.019960
2009-12-14,20.129869
2009-12-15,20.036871
2009-12-16,20.383499
2009-12-17,20.070688
2009-12-18,20.155233
2009-12-21,19.960783
2009-12-22,20.104506
2009-12-23,20.459591
2009-12-24,20.577951
2009-12-28,20.941490
2009-12-29,20.899216
2009-12-30,20.873856
2009-12-31,20.814676
2010-01-04,21.338846
2010-01-05,21.364210
2010-01-06,21.744656
2010-01-07,21.474113
2010-01-08,21.457207
2010-01-11,21.389570
2010-01-12,20.933035
2010-01-13,20.949944
2010-01-14,20.840036
2010-01-15,20.603313
2010-01-19,20.738585
2010-01-20,20.349682
2010-01-21,20.096050
2010-01-22,19.884689
2010-01-25,19.977688
2010-01-26,19.757877
2010-01-27,19.470428
2010-01-28,19.402794
2010-01-29,19.182980
2010-02-01,19.647968
2010-02-02,20.070688
2010-02-03,19.825514
2010-02-04,19.166073
2010-02-05,18.920893
2010-02-08,18.929348
2010-02-09,19.267523
2010-02-10,19.343613
2010-02-11,19.571882
2010-02-12,19.461975
2010-02-16,20.053782
2010-02-17,19.952328
2010-02-18,20.129869
2010-02-19,20.248234
2010-02-22,20.138323
2010-02-23,19.808601
2010-02-24,19.969236
2010-02-25,19.631062
2010-02-26,19.977688
2010-03-01,19.774786
2010-03-02,19.986147
2010-03-03,20.180595
2010-03-04,20.003054
2010-03-05,20.239777
2010-03-08,20.214413
2010-03-09,19.994598
2010-03-10,20.053782
2010-03-11,20.003054
2010-03-12,19.884689
2010-03-15,19.647968
2010-03-16,19.910057
2010-03-17,20.087597
2010-03-18,20.045324
2010-03-19,19.800150
2010-03-22,19.800150
2010-03-23,19.715603
2010-03-24,19.495790
2010-03-25,19.385883
2010-03-26,19.419703
2010-03-29,19.859327
2010-03-30,19.901602
2010-03-31,19.884689
2010-04-01,20.273596
2010-04-05,20.594860
2010-04-06,20.577951
2010-04-07,20.501862
2010-04-08,20.468042
2010-04-09,20.510317
2010-04-12,20.493406
2010-04-13,20.569498
2010-04-14,20.806219
2010-04-15,20.882309
2010-04-16,20.501862
2010-04-19,20.239777
2010-04-20,20.400408
2010-04-21,20.501862
2010-04-22,20.552589
2010-04-23,20.687859
2010-04-26,20.586405
2010-04-27,20.273596
2010-04-28,20.341228
2010-04-29,20.501862
2010-04-30,20.662497
2010-05-03,20.763947
2010-05-04,20.205959
2010-05-05,19.749424
2010-05-06,19.360519
2010-05-07,19.259069
2010-05-10,19.631062
2010-05-11,19.597242
2010-05-12,19.757877
2010-05-13,19.588789
2010-05-14,19.089981
2010-05-17,18.548901
2010-05-18,18.523537
2010-05-19,18.354448
2010-05-20,17.974003
2010-05-21,18.160000
2010-05-24,18.143091
2010-05-25,17.999369
2010-05-26,18.193815
2010-05-27,18.726442
2010-05-28,18.565809
2010-06-01,18.219179
2010-06-02,18.438993
2010-06-03,18.540447
2010-06-04,17.965551
2010-06-07,17.999369
2010-06-08,18.143091
2010-06-09,18.227634
2010-06-10,18.531992
2010-06-11,18.557356
2010-06-14,18.608082
2010-06-15,18.920893
2010-06-16,18.963167
2010-06-17,18.971619
2010-06-18,18.937803
2010-06-21,18.861713
2010-06-22,18.819443
2010-06-23,18.506630
2010-06-24,18.548901
2010-06-25,18.887075
2010-06-28,18.684172
2010-06-29,18.168453
2010-06-30,18.236088
2010-07-01,17.957094
2010-07-02,17.923281
2010-07-06,17.974003
2010-07-07,18.379812
2010-07-08,18.548901
2010-07-09,18.582720
2010-07-12,18.371361
2010-07-13,18.667263
2010-07-14,18.633446
2010-07-15,18.810986
2010-07-16,18.574263
2010-07-19,18.557356
2010-07-20,18.709534
2010-07-21,18.658808
2010-07-22,19.030800
2010-07-23,18.971619
2010-07-26,18.954710
2010-07-27,18.751806
2010-07-28,18.827898
2010-07-29,19.098434
2010-07-30,19.352066
2010-08-02,19.724060
2010-08-03,19.791695
2010-08-04,19.960783
2010-08-05,19.867786
2010-08-06,19.690243
2010-08-09,19.757877
2010-08-10,19.546518
2010-08-11,19.106890
2010-08-12,18.963167
2010-08-13,18.946257
2010-08-16,18.887075
2010-08-17,19.157616
2010-08-18,19.081528
2010-08-19,18.887075
2010-08-20,18.768715
2010-08-23,18.641899
2010-08-24,18.430536
2010-08-25,18.523537
2010-08-26,18.734896
2010-08-27,19.056164
2010-08-30,19.022345
2010-08-31,18.768715
2010-09-01,19.140707
2010-09-02,19.275978
2010-09-03,19.377430
2010-09-07,19.478882
2010-09-08,19.521152
2010-09-09,19.411247
2010-09-10,19.614155
2010-09-13,19.757877
2010-09-14,19.817059
2010-09-15,19.783239
2010-09-16,19.681789
2010-09-17,19.749424
2010-09-20,19.910057
2010-09-21,19.698696
2010-09-22,19.817059
2010-09-23,19.833965
2010-09-24,20.138323
2010-09-27,20.003054
2010-09-28,20.003054
2010-09-29,20.265137
2010-09-30,20.383499
2010-10-01,20.425772
2010-10-04,20.358137
2010-10-05,20.772404
2010-10-06,20.780855
2010-10-07,20.569498
2010-10-08,21.254301
2010-10-11,21.152849
2010-10-12,21.254301
2010-10-13,21.355753
2010-10-14,21.321936
2010-10-15,21.085213
2010-10-18,21.296576
2010-10-19,20.670950
2010-10-20,21.161303
2010-10-21,20.899216
2010-10-22,21.076761
2010-10-25,21.186666
2010-10-26,21.296576
2010-10-27,21.228939
2010-10-28,21.338846
2010-10-29,21.288118
2010-11-01,21.423386
2010-11-02,21.617840
2010-11-03,21.719292
2010-11-04,22.235010
2010-11-05,22.328005
2010-11-08,22.387186
2010-11-09,22.235010
2010-11-10,22.471733
2010-11-11,22.285734
2010-11-12,21.355753
2010-11-15,21.389570
2010-11-16,20.755493
2010-11-17,20.594860
2010-11-18,21.152849
2010-11-19,20.848492
2010-11-22,20.916126
2010-11-23,20.865400
2010-11-24,21.254301
2010-11-26,21.355753
2010-11-29,21.398026
2010-11-30,21.195120
2010-12-01,21.820745
2010-12-02,22.006741
2010-12-03,22.285734
2010-12-06,22.260372
2010-12-07,22.108192
2010-12-08,22.277281
2010-12-09,22.218100
2010-12-10,22.184282
2010-12-13,22.404099
2010-12-14,22.344915
2010-12-15,22.285734
2010-12-16,22.209644
2010-12-17,22.378735
2010-12-20,22.581638
2010-12-21,22.725365
2010-12-22,22.843723
2010-12-23,22.928268
2010-12-27,22.885998
2010-12-28,23.131172
2010-12-29,23.139627
2010-12-30,22.860634
2010-12-31,23.291803
2011-01-03,23.393257
2011-01-04,23.080446
2011-01-05,23.325623
2011-01-06,23.012812
2011-01-07,22.928268
2011-01-10,23.198809
2011-01-11,23.460892
2011-01-12,23.613073
2011-01-13,23.579254
2011-01-14,23.689163
2011-01-18,23.663797
2011-01-19,23.638435
2011-01-20,23.401714
2011-01-21,23.638435
2011-01-24,23.435530
2011-01-25,23.139627
2011-01-26,23.655344
2011-01-27,23.452438
2011-01-28,23.748341
2011-01-31,24.120333
2011-02-01,24.297878
2011-02-02,24.534599
2011-02-03,24.373966
2011-02-04,24.238695
2011-02-07,24.171062
2011-02-08,24.331696
2011-02-09,24.450054
2011-02-10,24.306332
2011-02-11,24.221788
2011-02-14,24.340149
2011-02-15,24.027336
2011-02-16,24.204878
2011-02-17,24.280968
2011-02-18,24.255606
2011-02-22,24.221788
2011-02-23,24.762869
2011-02-24,24.543053
2011-02-25,25.084135
2011-02-28,25.126404
2011-03-01,25.506853
2011-03-02,25.608307
2011-03-03,25.599852
2011-03-04,25.726665
2011-03-07,25.608307
2011-03-08,25.388493
2011-03-09,25.489944
2011-03-10,25.075680
2011-03-11,24.931955
2011-03-14,24.999588
2011-03-15,24.086517
2011-03-16,24.230242
2011-03-17,24.982677
2011-03-18,25.126404
2011-03-21,25.244764
2011-03-22,25.430761
2011-03-23,25.481487
2011-03-24,25.566032
2011-03-25,25.633669
2011-03-28,25.287037
2011-03-29,25.430761
2011-03-30,25.396948
2011-03-31,25.794304
2011-04-01,25.971842
2011-04-04,26.208569
2011-04-05,26.233931
2011-04-06,26.310019
2011-04-07,26.360744
2011-04-08,26.986368
2011-04-11,26.487558
2011-04-12,25.946480
2011-04-13,26.149385
2011-04-14,26.217020
2011-04-15,26.352291
2011-04-18,26.191656
2011-04-19,26.200111
2011-04-20,26.614374
2011-04-21,26.808825
2011-04-25,26.732738
2011-04-26,26.724283
2011-04-27,26.884914
2011-04-28,26.690464
2011-04-29,26.969458
2011-05-02,26.698919
2011-05-03,26.419928
2011-05-04,25.997206
2011-05-05,24.255606
2011-05-06,24.179518
2011-05-09,25.067225
2011-05-10,25.295496
2011-05-11,24.483871
2011-05-12,24.509237
2011-05-13,24.551510
2011-05-16,24.230242
2011-05-17,24.289423
2011-05-18,24.779778
2011-05-19,24.585325
2011-05-20,24.813595
2011-05-23,24.416235
2011-05-24,24.745958
2011-05-25,25.194040
2011-05-26,25.287037
2011-05-27,25.430761
2011-05-31,25.574486
2011-06-01,25.253223
2011-06-02,25.473034
2011-06-03,25.574486
2011-06-06,25.278584
2011-06-07,25.515308
2011-06-08,25.726665
2011-06-09,25.870392
2011-06-10,25.599852
2011-06-13,25.430761
2011-06-14,25.608307
2011-06-15,24.923502
2011-06-16,24.822048
2011-06-17,24.712143
2011-06-20,24.576870
2011-06-21,24.593782
2011-06-22,24.703686
2011-06-23,24.179518
2011-06-24,23.892065
2011-06-27,23.883614
2011-06-28,24.306332
2011-06-29,24.745958
2011-06-30,24.483871
2011-07-01,24.517691
2011-07-05,24.847410
2011-07-06,24.838955
2011-07-07,25.363127
2011-07-08,25.337763
2011-07-11,25.143314
2011-07-12,25.363127
2011-07-13,25.709759
2011-07-14,25.566032
2011-07-15,25.794304
2011-07-18,25.650578
2011-07-19,25.828117
2011-07-20,25.912663
2011-07-21,25.785847
2011-07-22,25.997206
2011-07-25,25.870392
2011-07-26,26.073296
2011-07-27,25.895754
2011-07-28,25.811211
2011-07-29,25.599852
2011-08-01,25.599852
2011-08-02,25.599852
2011-08-03,25.219402
2011-08-04,24.264059
2011-08-05,24.365511
2011-08-08,23.460892
2011-08-09,23.689163
2011-08-10,23.790613
2011-08-11,24.306332
2011-08-12,24.272512
2011-08-15,24.568417
2011-08-16,24.568417
2011-08-17,24.779778
2011-08-18,24.171062
2011-08-19,24.602234
2011-08-22,24.644506
2011-08-23,24.898140
2011-08-24,24.644506
2011-08-25,24.754414
2011-08-26,25.033409
2011-08-29,25.117949
2011-08-30,25.456125
2011-08-31,25.498396
2011-09-01,25.320856
2011-09-02,25.185587
2011-09-06,25.101042
2011-09-07,25.329309
2011-09-08,25.160223
2011-09-09,24.762869
2011-09-12,24.703686
2011-09-13,24.627596
2011-09-14,24.509237
2011-09-15,24.610689
2011-09-16,24.500780
2011-09-19,24.086517
2011-09-20,24.044245
2011-09-21,23.689163
2011-09-22,22.852179
2011-09-23,22.446367
2011-09-26,22.522459
2011-09-27,22.902906
2011-09-28,22.285734
2011-09-29,22.547819
2011-09-30,21.770020
2011-10-03,21.660112
2011-10-04,21.617840
2011-10-05,21.922195
2011-10-06,22.378735
2011-10-07,22.277281
2011-10-10,22.776089
2011-10-11,22.945177
2011-10-12,22.987448
2011-10-13,23.038174
2011-10-14,23.562347
2011-10-17,23.224171
2011-10-18,23.350986
2011-10-19,22.894449
2011-10-20,22.860634
2011-10-21,22.978996
2011-10-24,23.342533
2011-10-25,23.418619
2011-10-26,23.283354
2011-10-27,23.900522
2011-10-28,23.799068
2011-10-31,23.435530
2011-11-01,23.156534
2011-11-02,23.300259
2011-11-03,23.587711
2011-11-04,23.663797
2011-11-07,24.010429
2011-11-08,24.128790
2011-11-09,23.596163
2011-11-10,23.570799
2011-11-11,23.799068
2011-11-14,23.545439
2011-11-15,23.714523
2011-11-16,23.655344
2011-11-17,23.105810
2011-11-18,23.071993
2011-11-21,22.902906
2011-11-22,23.055084
2011-11-23,22.708454
2011-11-25,22.522459
2011-11-28,22.801449
2011-11-29,23.097357
2011-11-30,23.367893
2011-12-01,23.283354
2011-12-02,23.486256
2011-12-05,23.359442
2011-12-06,23.486256
2011-12-07,23.283354
2011-12-08,22.987448
2011-12-09,23.071993
2011-12-12,22.776089
2011-12-13,22.869085
2011-12-14,22.057467
2011-12-15,21.947559
2011-12-16,22.125101
2011-12-19,22.023651
2011-12-20,22.530910
2011-12-21,22.691544
2011-12-22,22.716908
2011-12-23,22.826813
2011-12-27,22.928268
2011-12-28,22.657726
2011-12-29,22.725365
2011-12-30,22.691544
2012-01-03,23.367893
2012-01-04,23.545439
2012-01-05,23.224171
2012-01-06,23.325623
2012-01-09,23.350986
2012-01-10,23.520075
2012-01-11,23.452438
2012-01-12,23.122719
2012-01-13,23.071993
2012-01-17,23.232624
2012-01-18,23.241081
2012-01-19,23.342533
2012-01-20,23.173445
2012-01-23,23.443985
2012-01-24,23.486256
2012-01-25,23.680708
2012-01-26,23.748341
2012-01-27,23.832886
2012-01-30,23.587711
2012-01-31,23.528528
2012-02-01,23.604618
2012-02-02,23.663797
2012-02-03,23.942795
2012-02-06,24.061155
2012-02-07,24.044245
2012-02-08,24.154150
2012-02-09,24.280968
2012-02-10,24.052698
2012-02-13,24.111881
2012-02-14,24.103428
2012-02-15,24.187969
2012-02-16,24.297878
2012-02-17,24.255606
2012-02-21,24.636051
2012-02-22,24.864317
2012-02-23,24.940409
2012-02-24,25.092588
2012-02-27,24.889683
2012-02-28,24.881229
2012-02-29,24.788229
2012-03-01,25.177132
2012-03-02,24.923502
2012-03-05,24.805141
2012-03-06,24.399330
2012-03-07,24.509237
2012-03-08,24.712143
2012-03-09,24.779778
2012-03-12,24.745958
2012-03-13,24.855865
2012-03-14,24.686779
2012-03-15,24.703686
2012-03-16,25.008045
2012-03-19,24.965775
2012-03-20,24.661413
2012-03-21,24.602234
2012-03-22,24.407785
2012-03-23,24.644506
2012-03-26,24.754414
2012-03-27,24.652960
2012-03-28,24.416235
2012-03-29,24.078062
2012-03-30,24.348602
2012-04-02,24.661413
2012-04-03,24.551510
2012-04-04,24.171062
2012-04-05,24.264059
2012-04-09,24.154150
2012-04-10,23.832886
2012-04-11,23.892065
2012-04-12,24.204878
2012-04-13,23.959702
2012-04-16,23.722979
2012-04-17,23.832886
2012-04-18,23.604618
2012-04-19,23.613073
2012-04-20,23.706072
2012-04-23,23.663797
2012-04-24,23.663797
2012-04-25,23.799068
2012-04-26,23.849796
2012-04-27,23.925884
2012-04-30,24.018883
2012-05-01,24.018883
2012-05-02,23.706072
2012-05-03,23.443985
2012-05-04,23.029718
2012-05-07,22.978996
2012-05-08,22.894449
2012-05-09,22.716908
2012-05-10,22.725365
2012-05-11,22.556276
2012-05-14,22.260372
2012-05-15,22.302643
2012-05-16,22.277281
2012-05-17,22.226555
2012-05-18,22.209644
2012-05-21,22.505547
2012-05-22,22.184282
2012-05-23,21.939106
2012-05-24,21.947559
2012-05-25,22.023651
2012-05-29,21.930653
2012-05-30,21.524841
2012-05-31,21.338846
2012-06-01,20.899216
2012-06-04,21.017578
2012-06-05,20.941490
2012-06-06,21.330389
2012-06-07,21.186666
2012-06-08,21.254301
2012-06-11,20.865400
2012-06-12,20.966850
2012-06-13,20.806219
2012-06-14,21.051395
2012-06-15,21.017578
2012-06-18,21.034489
2012-06-19,21.212029
2012-06-20,20.865400
2012-06-21,20.417316
2012-06-22,20.620222
2012-06-25,20.831581
2012-06-26,20.975306
2012-06-27,21.093668
2012-06-28,20.865400
2012-06-29,21.770020
2012-07-02,21.727747
2012-07-03,22.336462
2012-07-05,22.421005
2012-07-06,21.905289
2012-07-09,22.294189
2012-07-10,22.006741
2012-07-11,22.251917
2012-07-12,22.302643
2012-07-13,22.573185
2012-07-16,22.852179
2012-07-17,22.877541
2012-07-18,23.080446
2012-07-19,23.359442
2012-07-20,23.359442
2012-07-23,22.869085
2012-07-24,22.733816
2012-07-25,22.902906
2012-07-26,22.945177
2012-07-27,23.181898
2012-07-30,23.317169
2012-07-31,23.038174
2012-08-01,23.071993
2012-08-02,22.877541
2012-08-03,23.266445
2012-08-06,23.401714
2012-08-07,23.579254
2012-08-08,23.646891
2012-08-09,23.841341
2012-08-10,23.714523
2012-08-13,23.528528
2012-08-14,23.553890
2012-08-15,23.756796
2012-08-16,23.849796
2012-08-17,23.883614
2012-08-20,23.993519
2012-08-21,24.213331
2012-08-22,24.340149
2012-08-23,24.221788
2012-08-24,24.111881
2012-08-27,24.001970
2012-08-28,24.018883
2012-08-29,24.061155
2012-08-30,24.086517
2012-08-31,24.340149
2012-09-04,24.348602
2012-09-05,24.230242
2012-09-06,24.221788
2012-09-07,24.492327
2012-09-10,24.526144
2012-09-11,24.576870
2012-09-12,24.703686
2012-09-13,24.872774
2012-09-14,25.134861
2012-09-17,24.441603
2012-09-18,24.264059
2012-09-19,23.908976
2012-09-20,24.044245
2012-09-21,24.204878
2012-09-24,23.951248
2012-09-25,23.976610
2012-09-26,23.807526
2012-09-27,24.103428
2012-09-28,24.247150
2012-10-01,24.280968
2012-10-02,24.154150
2012-10-03,23.739887
2012-10-04,24.255606
2012-10-05,24.128790
2012-10-08,24.061155
2012-10-09,24.238695
2012-10-10,24.196424
2012-10-11,24.475420
2012-10-12,24.137243
2012-10-15,24.018883
2012-10-16,24.035791
2012-10-17,24.044245
2012-10-18,24.035791
2012-10-19,23.672251
2012-10-22,23.562347
2012-10-23,23.274897
2012-10-24,23.207264
2012-10-25,23.266445
2012-10-26,23.317169
2012-10-31,23.300259
2012-11-01,23.342533
2012-11-02,22.945177
2012-11-05,23.139627
2012-11-06,23.553890
2012-11-07,23.114264
2012-11-08,23.148083
2012-11-09,23.334078
2012-11-12,23.224171
2012-11-13,23.181898
2012-11-14,23.249533
2012-11-15,23.156534
2012-11-16,23.257988
2012-11-19,23.697617
2012-11-20,23.536982
2012-11-21,23.638435
2012-11-23,23.722979
2012-11-26,23.689163
2012-11-27,23.655344
2012-11-28,23.579254
2012-11-29,23.739887
2012-11-30,23.756796
2012-12-03,23.815975
2012-12-04,23.604618
2012-12-05,23.579254
2012-12-06,23.367893
2012-12-07,23.342533
2012-12-10,23.291803
2012-12-11,23.249533
2012-12-12,23.359442
2012-12-13,23.148083
2012-12-14,23.291803
2012-12-17,23.274897
2012-12-18,23.334078
2012-12-19,23.418619
2012-12-20,23.308718
2012-12-21,23.266445
2012-12-24,23.190353
2012-12-26,23.427078
2012-12-27,23.427078
2012-12-28,23.359442
2012-12-31,23.486256
2013-01-02,23.570799
2013-01-03,23.376350
2013-01-04,23.274897
2013-01-07,23.317169
2013-01-08,23.376350
2013-01-09,23.342533
2013-01-10,23.427078
2013-01-11,23.325623
2013-01-14,23.477802
2013-01-15,23.376350
2013-01-16,23.401714
2013-01-17,23.503164
2013-01-18,23.655344
2013-01-22,23.722979
2013-01-23,23.748341
2013-01-24,23.731434
2013-01-25,23.680708
2013-01-28,23.672251
2013-01-29,23.807526
2013-01-30,24.078062
2013-01-31,24.069609
2013-02-01,24.162605
2013-02-04,24.078062
2013-02-05,24.171062
2013-02-06,24.137243
2013-02-07,24.044245
2013-02-08,24.137243
2013-02-11,24.052698
2013-02-12,24.094971
2013-02-13,24.103428
2013-02-14,24.069609
2013-02-15,23.968159
2013-02-19,23.875158
2013-02-20,23.604618
2013-02-21,23.334078
2013-02-22,23.334078
2013-02-25,23.224171
2013-02-26,23.181898
2013-02-27,23.038174
2013-02-28,22.936722
2013-03-01,22.776089
2013-03-04,22.691544
2013-03-05,22.902906
2013-03-06,22.776089
2013-03-07,22.928268
2013-03-08,22.995903
2013-03-11,23.012812
2013-03-12,23.063538
2013-03-13,22.945177
2013-03-14,23.114264
2013-03-15,23.164991
2013-03-18,23.029718
2013-03-19,22.860634
2013-03-20,23.021267
2013-03-21,22.919811
2013-03-22,22.962084
2013-03-25,22.978996
2013-03-26,23.190353
2013-03-27,23.308718
2013-03-28,23.088900
2013-04-01,23.088900
2013-04-02,22.978996
2013-04-03,22.590092
2013-04-04,22.564732
2013-04-05,22.547819
2013-04-08,22.615456
2013-04-09,22.759180
2013-04-10,22.708454
2013-04-11,22.615456
2013-04-12,22.336462
2013-04-15,21.668566
2013-04-16,21.896833
2013-04-17,21.575569
2013-04-18,21.803833
2013-04-19,21.753107
2013-04-22,21.820745
2013-04-23,21.685472
2013-04-24,21.922195
2013-04-25,22.209644
2013-04-26,22.082830
2013-04-29,22.378735
2013-04-30,22.209644
2013-05-01,21.812292
2013-05-02,22.091282
2013-05-03,22.336462
2013-05-06,22.361826
2013-05-07,22.285734
2013-05-08,22.387186
2013-05-09,22.378735
2013-05-10,22.277281
2013-05-13,22.175827
2013-05-14,22.099739
2013-05-15,22.049013
2013-05-16,22.023651
2013-05-17,22.133556
2013-05-20,22.277281
2013-05-21,22.150465
2013-05-22,22.049013
2013-05-23,22.150465
2013-05-24,22.065922
2013-05-28,22.268827
2013-05-29,22.125101
2013-05-30,22.125101
2013-05-31,21.863018
2013-06-03,22.133556
2013-06-04,22.218100
2013-06-05,22.116650
2013-06-06,22.201193
2013-06-07,22.251917
2013-06-10,22.167372
2013-06-11,21.972925
2013-06-12,21.998289
2013-06-13,22.142014
2013-06-14,22.235010
2013-06-17,22.285734
2013-06-18,22.328005
2013-06-19,22.361826
2013-06-20,21.634748
2013-06-21,21.499479
2013-06-24,21.406481
2013-06-25,21.423386
2013-06-26,21.364210
2013-06-27,21.355753
2013-06-28,21.245848
2013-07-01,21.381117
2013-07-02,21.465658
2013-07-03,21.660112
2013-07-05,21.609385
2013-07-08,21.719292
2013-07-09,21.854563
2013-07-10,21.922195
2013-07-11,22.032103
2013-07-12,22.116650
2013-07-15,22.057467
2013-07-16,22.082830
2013-07-17,22.065922
2013-07-18,22.158920
2013-07-19,22.175827
2013-07-22,22.158920
2013-07-23,22.192738
2013-07-24,22.015196
2013-07-25,21.989830
2013-07-26,21.854563
2013-07-29,21.846106
2013-07-30,21.770020
2013-07-31,21.922195
2013-08-01,21.972925
2013-08-02,21.888378
2013-08-05,21.778473
2013-08-06,21.600933
2013-08-07,21.457207
2013-08-08,21.567112
2013-08-09,21.719292
2013-08-12,21.981379
2013-08-13,21.972925
2013-08-14,22.150465
2013-08-15,22.361826
2013-08-16,22.370277
2013-08-19,22.344915
2013-08-20,22.302643
2013-08-21,22.277281
2013-08-22,22.285734
2013-08-23,22.463278
2013-08-26,22.590092
2013-08-27,22.809906
2013-08-28,22.843723
2013-08-29,22.607002
2013-08-30,22.539366
2013-09-03,22.657726
2013-09-04,22.463278
2013-09-05,22.412550
2013-09-06,22.539366
2013-09-09,22.395641
2013-09-10,22.192738
2013-09-11,22.226555
2013-09-12,22.336462
2013-09-13,22.268827
2013-09-16,21.989830
2013-09-17,21.761564
2013-09-18,22.235010
2013-09-19,22.150465
2013-09-20,21.947559
2013-09-23,21.786928
2013-09-24,21.778473
2013-09-25,21.812292
2013-09-26,21.981379
2013-09-27,21.871469
2013-09-30,21.778473
2013-10-01,21.634748
2013-10-02,21.846106
2013-10-03,21.812292
2013-10-04,21.879927
2013-10-07,22.032103
2013-10-08,22.108192
2013-10-09,21.947559
2013-10-10,22.226555
2013-10-11,22.108192
2013-10-14,22.099739
2013-10-15,22.023651
2013-10-16,22.192738
2013-10-17,22.074377
2013-10-18,22.201193
2013-10-21,22.150465
2013-10-22,22.125101
2013-10-23,21.786928
2013-10-24,21.795382
2013-10-25,21.863018
2013-10-28,21.947559
2013-10-29,21.888378
2013-10-30,21.956015
2013-10-31,21.770020
2013-11-01,21.499479
2013-11-04,21.406481
2013-11-05,21.347298
2013-11-06,21.364210
2013-11-07,21.212029
2013-11-08,21.330389
2013-11-11,21.423386
2013-11-12,21.279665
2013-11-13,21.372663
2013-11-14,21.465658
2013-11-15,21.431843
2013-11-18,21.288118
2013-11-19,21.254301
2013-11-20,21.271212
2013-11-21,21.541748
2013-11-22,21.609385
2013-11-25,21.584021
2013-11-26,21.575569
2013-11-27,21.575569
2013-11-29,21.567112
2013-12-02,21.541748
2013-12-03,21.668566
2013-12-04,21.710836
2013-12-05,21.685472
2013-12-06,21.761564
2013-12-09,21.685472
2013-12-10,21.753107
2013-12-11,21.753107
2013-12-12,21.550205
2013-12-13,21.465658
2013-12-16,21.533295
2013-12-17,21.431843
2013-12-18,21.474113
2013-12-19,21.524841
2013-12-20,21.693930
2013-12-23,21.693930
2013-12-24,21.761564
2013-12-26,21.795382
2013-12-27,21.854563
2013-12-30,21.727747
2013-12-31,21.693930
2014-01-02,21.381117
2014-01-03,21.245848
2014-01-06,21.271212
2014-01-07,21.254301
2014-01-08,21.051395
2014-01-09,20.882309
2014-01-10,21.017578
2014-01-13,21.009123
2014-01-14,21.009123
2014-01-15,21.068306
2014-01-16,21.034489
2014-01-17,21.059851
2014-01-21,21.110579
2014-01-22,21.212029
2014-01-23,21.195120
2014-01-24,21.203575
2014-01-27,21.059851
2014-01-28,21.161303
2014-01-29,21.144396
2014-01-30,21.059851
2014-01-31,21.034489
2014-02-03,21.034489
2014-02-04,21.195120
2014-02-05,21.237392
2014-02-06,21.321936
2014-02-07,21.567112
2014-02-10,21.448751
2014-02-11,21.558661
2014-02-12,21.600933
2014-02-13,21.719292
2014-02-14,21.795382
2014-02-18,22.108192
2014-02-19,22.167372
2014-02-20,22.209644
2014-02-21,22.150465
2014-02-24,22.243464
2014-02-25,22.142014
2014-02-26,22.082830
2014-02-27,22.015196
2014-02-28,22.091282
2014-03-03,22.395641
2014-03-04,22.311100
2014-03-05,22.125101
2014-03-06,22.328005
2014-03-07,22.226555
2014-03-10,22.040558
2014-03-11,22.049013
2014-03-12,21.989830
2014-03-13,21.888378
2014-03-14,22.006741
2014-03-17,21.761564
2014-03-18,21.871469
2014-03-19,21.863018
2014-03-20,21.761564
2014-03-21,21.778473
2014-03-24,21.770020
2014-03-25,21.913742
2014-03-26,21.896833
2014-03-27,22.091282
2014-03-28,22.099739
2014-03-31,22.082830
2014-04-01,21.812292
2014-04-02,21.761564
2014-04-03,21.939106
2014-04-04,22.040558
2014-04-07,21.989830
2014-04-08,22.243464
2014-04-09,22.302643
2014-04-10,22.311100
2014-04-11,22.209644
2014-04-14,22.412550
2014-04-15,22.429461
2014-04-16,22.471733
2014-04-17,22.522459
2014-04-21,22.446367
2014-04-22,22.437914
2014-04-23,22.421005
2014-04-24,22.556276
2014-04-25,22.463278
2014-04-28,22.387186
2014-04-29,22.446367
2014-04-30,22.328005
2014-05-01,22.158920
2014-05-02,22.218100
2014-05-05,22.167372
2014-05-06,22.184282
2014-05-07,22.243464
2014-05-08,22.175827
2014-05-09,22.065922
2014-05-12,22.116650
2014-05-13,22.218100
2014-05-14,22.319551
2014-05-15,22.184282
2014-05-16,22.209644
2014-05-19,22.192738
2014-05-20,22.235010
2014-05-21,22.277281
2014-05-22,22.294189
2014-05-23,22.344915
2014-05-27,22.158920
2014-05-28,22.167372
2014-05-29,22.175827
2014-05-30,22.006741
2014-06-02,21.981379
2014-06-03,21.964466
2014-06-04,21.905289
2014-06-05,21.930653
2014-06-06,22.023651
2014-06-09,22.116650
2014-06-10,22.057467
2014-06-11,21.998289
2014-06-12,22.311100
2014-06-13,22.311100
2014-06-16,22.378735
2014-06-17,22.404099
2014-06-18,22.497097
2014-06-19,22.716908
2014-06-20,22.759180
2014-06-23,22.674637
2014-06-24,22.708454
2014-06-25,22.742271
2014-06-26,22.649275
2014-06-27,22.607002
2014-06-30,22.471733
2014-07-01,22.404099
2014-07-02,22.361826
2014-07-03,22.319551
2014-07-07,22.142014
2014-07-08,22.082830
2014-07-09,21.930653
2014-07-10,21.964466
2014-07-11,21.770020
2014-07-14,21.854563
2014-07-15,21.651657
2014-07-16,21.685472
2014-07-17,21.736200
2014-07-18,21.592476
2014-07-21,21.693930
2014-07-22,21.600933
2014-07-23,21.660112
2014-07-24,21.634748
2014-07-25,21.719292
2014-07-28,21.677021
2014-07-29,21.609385
2014-07-30,21.516388
2014-07-31,21.406481
2014-08-01,21.237392
2014-08-04,21.398026
2014-08-05,21.296576
2014-08-06,21.431843
2014-08-07,21.474113
2014-08-08,21.372663
2014-08-11,21.406481
2014-08-12,21.271212
2014-08-13,21.254301
2014-08-14,21.000669
2014-08-15,21.085213
2014-08-18,20.907673
2014-08-19,20.949944
2014-08-20,21.009123
2014-08-21,21.059851
2014-08-22,21.026035
2014-08-25,21.059851
2014-08-26,21.068306
2014-08-27,21.102121
2014-08-28,21.119030
2014-08-29,21.161303
2014-09-02,20.856945
2014-09-03,20.941490
2014-09-04,20.856945
2014-09-05,20.823128
2014-09-08,20.721674
2014-09-09,20.552589
2014-09-10,20.408865
2014-09-11,20.307411
2014-09-12,20.146778
2014-09-15,20.172144
2014-09-16,20.358137
2014-09-17,20.273596
2014-09-18,20.079144
2014-09-19,20.019960
2014-09-22,19.850874
2014-09-23,19.850874
2014-09-24,19.935419
2014-09-25,19.893148
2014-09-26,19.859327
2014-09-29,19.977688
2014-09-30,19.631062
2014-10-01,19.563425
2014-10-02,19.487337
2014-10-03,19.301340
2014-10-06,19.546518
2014-10-07,19.470428
2014-10-08,19.394339
2014-10-09,19.166073
2014-10-10,19.098434
2014-10-13,19.098434
2014-10-14,18.810986
2014-10-15,18.574263
2014-10-16,18.760260
2014-10-17,18.827898
2014-10-20,18.692625
2014-10-21,18.844807
2014-10-22,18.633446
2014-10-23,18.853256
2014-10-24,18.734896
2014-10-27,18.684172
2014-10-28,18.836349
2014-10-29,19.056164
2014-10-30,18.895531
2014-10-31,18.870169
2014-11-03,18.701082
2014-11-04,18.430536
2014-11-05,18.481266
2014-11-06,18.498173
2014-11-07,18.582720
2014-11-10,18.405178
2014-11-11,18.498173
2014-11-12,18.438993
2014-11-13,18.100819
2014-11-14,18.295269
2014-11-17,18.219179
2014-11-18,18.126183
2014-11-19,18.033184
2014-11-20,18.185364
2014-11-21,18.379812
2014-11-24,18.219179
2014-11-25,18.134638
2014-11-26,18.092363
2014-11-28,17.263834
2014-12-01,17.618921
2014-12-02,17.246927
2014-12-03,17.145473
2014-12-04,17.094748
2014-12-05,17.052477
2014-12-08,16.756575
2014-12-09,16.874937
2014-12-10,16.612848
2014-12-11,16.460669
2014-12-12,16.325396
2014-12-15,16.063313
2014-12-16,15.970316
2014-12-17,16.063313
2014-12-18,16.012590
2014-12-19,16.249310
2014-12-22,15.953408
2014-12-23,16.114038
2014-12-24,15.902682
2014-12-26,15.885774
2014-12-29,15.733593
2014-12-30,15.716687
2014-12-31,15.598325
2015-01-02,15.412328
2015-01-05,15.192514
2015-01-06,15.048789
2015-01-07,14.955792
2015-01-08,15.014972
2015-01-09,14.989608
2015-01-12,14.659888
2015-01-13,14.600707
2015-01-14,14.761339
2015-01-15,14.558434
2015-01-16,14.837429
2015-01-20,14.634522
2015-01-21,14.727524
2015-01-22,14.710614
2015-01-23,14.617618
2015-01-26,14.566890
2015-01-27,14.642979
2015-01-28,14.431620
2015-01-29,14.363985
2015-01-30,14.710614
2015-02-02,14.913520
2015-02-03,15.327782
2015-02-04,14.989608
2015-02-05,15.192514
2015-02-06,15.234783
2015-02-09,15.386966
2015-02-10,15.192514
2015-02-11,15.074153
2015-02-12,15.302421
2015-02-13,15.471508
2015-02-17,15.479962
2015-02-18,15.293968
2015-02-19,15.243240
2015-02-20,15.184058
2015-02-23,15.082607
2015-02-24,15.091061
2015-02-25,15.319329
2015-02-26,15.192514
2015-02-27,15.361601
2015-03-02,15.141787
2015-03-03,15.234783
2015-03-04,15.099516
2015-03-05,15.040337
2015-03-06,14.854339
2015-03-09,14.812068
2015-03-10,14.617618
2015-03-11,14.693704
2015-03-12,14.626071
2015-03-13,14.330169
2015-03-16,14.313259
2015-03-17,14.211805
2015-03-18,14.600707
2015-03-19,14.355531
2015-03-20,14.549981
2015-03-23,14.719068
2015-03-24,14.600707
2015-03-25,14.642979
2015-03-26,14.820520
2015-03-27,14.524618
2015-03-30,14.600707
2015-03-31,14.431620
2015-04-01,14.693704
2015-04-02,14.617618
2015-04-06,14.803613
2015-04-07,14.879703
2015-04-08,14.592254
2015-04-09,14.592254
2015-04-10,14.744433
2015-04-13,14.676796
2015-04-14,14.744433
2015-04-15,15.040337
2015-04-16,15.200967
2015-04-17,15.167151
2015-04-20,15.099516
2015-04-21,14.989608
2015-04-22,15.040337
2015-04-23,15.226333
2015-04-24,15.217878
2015-04-27,15.217878
2015-04-28,15.243240
2015-04-29,15.344691
2015-04-30,15.463054
2015-05-01,15.446146
2015-05-04,15.437690
2015-05-05,15.564507
2015-05-06,15.564507
2015-05-07,15.319329
2015-05-08,15.403873
2015-05-11,15.336239
2015-05-12,15.496868
2015-05-13,15.513782
2015-05-14,15.606778
2015-05-15,15.598325
2015-05-18,15.556050
2015-05-19,15.226333
2015-05-20,15.192514
2015-05-21,15.378511
2015-05-22,15.209422
2015-05-26,14.913520
2015-05-27,14.710614
2015-05-28,14.786703
2015-05-29,14.972699
2015-06-01,14.938881
2015-06-02,15.116424
2015-06-03,14.921972
2015-06-04,14.786703
2015-06-05,14.854339
2015-06-08,14.862792
2015-06-09,15.099516
2015-06-10,15.158695
2015-06-11,15.023426
2015-06-12,14.871248
2015-06-15,14.803613
2015-06-16,14.845884
2015-06-17,14.888159
2015-06-18,14.888159
2015-06-19,14.752885
2015-06-22,14.803613
2015-06-23,14.981153
2015-06-24,14.879703
2015-06-25,14.896609
2015-06-26,14.964246
2015-06-29,14.896609
2015-06-30,15.217878
2015-07-01,15.031881
2015-07-02,15.006518
2015-07-06,14.516164
2015-07-07,14.431620
2015-07-08,14.363985
2015-07-09,14.533072
2015-07-10,14.600707
2015-07-13,14.609162
2015-07-14,14.558434
2015-07-15,14.389348
2015-07-16,14.321714
2015-07-17,14.245624
2015-07-20,14.017356
2015-07-21,14.076534
2015-07-22,13.873631
2015-07-23,13.755270
2015-07-24,13.645363
2015-07-27,13.383277
2015-07-28,13.493184
2015-07-29,13.535456
2015-07-30,13.484729
2015-07-31,13.298733
2015-08-03,13.078919
2015-08-04,13.155009
2015-08-05,13.104284
2015-08-06,13.095828
2015-08-07,13.045102
2015-08-10,13.324097
2015-08-11,13.146555
2015-08-12,13.104284
2015-08-13,13.045102
2015-08-14,12.960558
2015-08-17,12.909832
2015-08-18,12.842196
2015-08-19,12.698474
2015-08-20,12.732291
2015-08-21,12.520931
2015-08-24,12.208117
2015-08-25,12.258845
2015-08-26,12.182755
2015-08-27,12.622382
2015-08-28,12.952104
2015-08-31,13.264915
2015-09-01,12.825289
2015-09-02,12.935196
2015-09-03,13.019739
2015-09-04,12.859107
2015-09-08,12.952104
2015-09-09,12.783016
2015-09-10,12.892923
2015-09-11,12.876015
2015-09-14,12.715381
2015-09-15,12.757654
2015-09-16,12.969014
2015-09-17,12.884469
2015-09-18,12.690019
2015-09-21,12.833743
2015-09-22,12.757654
2015-09-23,12.656200
2015-09-24,12.732291
2015-09-25,12.808378
2015-09-28,12.630837
2015-09-29,12.715381
2015-09-30,12.808378
2015-10-01,12.723836
2015-10-02,12.808378
2015-10-05,12.977467
2015-10-06,13.231099
2015-10-07,13.205735
2015-10-08,13.264915
2015-10-09,13.324097
2015-10-12,13.112737
2015-10-13,13.028194
2015-10-14,13.062012
2015-10-15,13.028194
2015-10-16,13.036648
2015-10-19,12.799926
2015-10-20,12.825289
2015-10-21,12.715381
2015-10-22,12.757654
2015-10-23,12.681563
2015-10-26,12.647748
2015-10-27,12.588566
2015-10-28,12.799926
2015-10-29,12.723836
2015-10-30,12.850651
2015-11-02,12.783016
2015-11-03,13.011285
2015-11-04,12.791471
2015-11-05,12.690019
2015-11-06,12.613930
2015-11-09,12.504023
2015-11-10,12.478658
2015-11-11,12.351843
2015-11-12,12.174301
2015-11-13,12.081303
2015-11-16,12.140484
2015-11-17,11.954488
2015-11-18,12.005215
2015-11-19,12.005215
2015-11-20,11.988305
2015-11-23,12.081303
2015-11-24,12.275755
2015-11-25,12.258845
2015-11-27,12.072849
2015-11-30,11.996759
2015-12-01,12.132030
2015-12-02,11.878398
2015-12-03,12.013668
2015-12-04,11.996759
2015-12-07,11.650129
2015-12-08,11.590949
2015-12-09,11.599404
2015-12-10,11.557132
2015-12-11,11.438770
2015-12-14,11.362682
2015-12-15,11.337318
2015-12-16,11.286592
2015-12-17,11.168231
2015-12-18,11.218957
2015-12-21,11.168231
2015-12-22,11.117505
2015-12-23,11.320411
2015-12-24,11.320411
2015-12-28,11.159776
2015-12-29,11.345772
2015-12-30,11.235867
2015-12-31,11.295046
2016-01-04,11.210503
2016-01-05,11.100596
2016-01-06,10.923053
2016-01-07,10.872328
2016-01-08,10.821602
2016-01-11,10.525698
2016-01-12,10.458063
2016-01-13,10.398883
2016-01-14,10.424246
2016-01-15,10.204432
2016-01-19,10.119888
2016-01-20,10.043798
2016-01-21,10.179069
2016-01-22,10.483425
2016-01-25,10.255158
2016-01-26,10.458063
2016-01-27,10.584879
2016-01-28,10.703240
2016-01-29,10.804692
2016-02-01,10.601788
2016-02-02,10.415791
2016-02-03,10.677876
2016-02-04,10.660968
2016-02-05,10.593333
2016-02-08,10.542606
2016-02-09,10.272067
2016-02-10,10.288976
2016-02-11,10.415791
2016-02-12,10.567970
2016-02-16,10.449608
2016-02-17,10.669423
2016-02-18,10.610242
2016-02-19,10.517244
2016-02-22,10.677876
2016-02-23,10.534153
2016-02-24,10.669423
2016-02-25,10.660968
2016-02-26,10.644059
2016-02-29,10.779330
2016-03-01,10.787785
2016-03-02,10.846965
2016-03-03,10.906146
2016-03-04,11.117505
2016-03-07,11.320411
2016-03-08,11.168231
2016-03-09,11.337318
2016-03-10,11.320411
2016-03-11,11.362682
2016-03-14,11.261230
2016-03-15,11.168231
2016-03-16,11.362682
2016-03-17,11.489498
2016-03-18,11.481042
2016-03-21,11.514859
2016-03-22,11.599404
2016-03-23,11.354227
2016-03-24,11.286592
2016-03-28,11.320411
2016-03-29,11.295046
2016-03-30,11.252773
2016-03-31,11.235867
2016-04-01,11.041415
2016-04-04,10.889236
2016-04-05,10.863873
2016-04-06,10.982233
2016-04-07,10.948417
2016-04-08,11.210503
2016-04-11,11.295046
2016-04-12,11.540223
2016-04-13,11.599404
2016-04-14,11.506406
2016-04-15,11.464134
2016-04-18,11.514859
2016-04-19,11.760037
2016-04-20,11.988305
2016-04-21,11.937579
2016-04-22,11.886853
2016-04-25,11.878398
2016-04-26,12.030578
2016-04-27,12.140484
2016-04-28,12.208117
2016-04-29,12.326480
2016-05-02,12.157393
2016-05-03,11.971397
2016-05-04,11.979851
2016-05-05,11.861489
2016-05-06,11.937579
2016-05-09,11.675493
2016-05-10,11.962942
2016-05-11,12.241936
2016-05-12,12.258845
2016-05-13,12.241936
2016-05-16,12.377207
2016-05-17,12.470204
2016-05-18,12.377207
2016-05-19,12.343390
2016-05-20,12.394114
2016-05-23,12.326480
2016-05-24,12.326480
2016-05-25,12.470204
2016-05-26,12.461751
2016-05-27,12.512476
2016-05-31,12.436387
2016-06-01,12.563202
2016-06-02,12.588566
2016-06-03,12.673110
2016-06-06,12.825289
2016-06-07,12.952104
2016-06-08,13.171918
2016-06-09,13.146555
2016-06-10,12.985921
2016-06-13,12.985921
2016-06-14,12.901378
2016-06-15,12.833743
2016-06-16,12.613930
2016-06-17,12.909832
2016-06-20,13.028194
2016-06-21,12.926741
2016-06-22,12.850651
2016-06-23,12.952104
2016-06-24,12.690019
2016-06-27,12.664655
2016-06-28,12.867560
2016-06-29,13.053555
2016-06-30,12.977467
2016-07-01,13.138101
2016-07-05,12.766109
2016-07-06,12.816834
2016-07-07,12.453295
2016-07-08,12.580112
2016-07-11,12.529385
2016-07-12,12.766109
2016-07-13,12.605475
2016-07-14,12.656200
2016-07-15,12.622382
2016-07-18,12.563202
2016-07-19,12.487114
2016-07-20,12.402571
2016-07-21,12.334935
2016-07-22,12.309571
2016-07-25,12.174301
2016-07-26,12.123575
2016-07-27,12.005215
2016-07-28,11.971397
2016-07-29,12.072849
2016-08-01,11.861489
2016-08-02,11.844582
2016-08-03,12.039031
2016-08-04,12.089759
2016-08-05,12.140484
2016-08-08,12.208117
2016-08-09,12.174301
2016-08-10,12.030578
2016-08-11,12.216574
2016-08-12,12.309571
2016-08-15,12.512476
2016-08-16,12.613930
2016-08-17,12.664655
2016-08-18,12.825289
2016-08-19,12.783016
2016-08-22,12.664655
2016-08-23,12.715381
2016-08-24,12.563202
2016-08-25,12.613930
2016-08-26,12.571657
2016-08-29,12.520931
2016-08-30,12.402571
2016-08-31,12.165848
2016-09-01,12.030578
2016-09-02,12.165848
2016-09-06,12.250390
2016-09-07,12.360297
2016-09-08,12.580112
2016-09-09,12.385660
2016-09-12,12.385660
2016-09-13,12.225027
2016-09-14,12.132030
2016-09-15,12.191211
2016-09-16,12.208117
2016-09-19,12.199665
2016-09-20,12.241936
2016-09-21,12.394114
2016-09-22,12.461751
2016-09-23,12.318026
2016-09-26,12.402571
2016-09-27,12.284208
2016-09-28,12.571657
2016-09-29,12.647748
2016-09-30,12.690019
2016-10-03,12.799926
2016-10-04,12.766109
2016-10-05,12.842196
2016-10-06,12.867560
2016-10-07,12.833743
2016-10-10,12.977467
2016-10-11,12.901378
2016-10-12,12.808378
2016-10-13,12.892923
2016-10-14,12.901378
2016-10-17,12.918286
2016-10-18,12.943650
2016-10-19,13.028194
2016-10-20,12.909832
2016-10-21,12.960558
2016-10-24,12.969014
2016-10-25,12.909832
2016-10-26,12.825289
2016-10-27,12.901378
2016-10-28,12.816834
2016-10-31,12.647748
2016-11-01,12.706927
2016-11-02,12.554749
2016-11-03,12.512476
2016-11-04,12.427933
2016-11-07,12.478658
2016-11-08,12.461751
2016-11-09,12.520931
2016-11-10,12.419477
2016-11-11,12.182755
2016-11-14,12.157393
2016-11-15,12.427933
2016-11-16,12.275755
2016-11-17,12.301117
2016-11-18,12.402571
2016-11-21,12.749198
2016-11-22,12.732291
2016-11-23,12.783016
2016-11-25,12.690019
2016-11-28,12.732291
2016-11-29,12.478658
2016-11-30,12.859107
2016-12-01,13.095828
2016-12-02,13.188828
2016-12-05,13.256462
2016-12-06,13.197281
2016-12-07,13.095828
2016-12-08,13.121192
2016-12-09,13.188828
2016-12-12,13.273370
2016-12-13,13.307187
2016-12-14,13.180372
2016-12-15,13.163463
2016-12-16,13.222644
2016-12-19,13.146555
2016-12-20,13.205735
2016-12-21,13.129646
2016-12-22,13.112737
2016-12-23,13.138101
2016-12-27,13.341005
2016-12-28,13.349460
2016-12-29,13.366369
2016-12-30,13.391731
2017-01-03,13.231099
2017-01-04,13.332551
2017-01-05,13.400187
2017-01-06,13.383277
2017-01-09,13.180372
2017-01-10,13.121192
2017-01-11,13.264915
2017-01-12,13.459368
2017-01-13,13.434004
2017-01-17,13.425549
2017-01-18,13.307187
2017-01-19,13.264915
2017-01-20,13.417094
2017-01-23,13.417094
2017-01-24,13.450912
2017-01-25,13.366369
2017-01-26,13.425549
2017-01-27,13.315642
2017-01-30,13.239552
2017-01-31,13.315642
2017-02-01,13.459368
2017-02-02,13.459368
2017-02-03,13.450912
2017-02-06,13.366369
2017-02-07,13.307187
2017-02-08,13.357914
2017-02-09,13.425549
2017-02-10,13.569273
2017-02-13,13.417094
2017-02-14,13.434004
2017-02-15,13.450912
2017-02-16,13.366369
2017-02-17,13.341005
2017-02-21,13.324097
2017-02-22,13.256462
2017-02-23,13.298733
2017-02-24,13.273370
2017-02-27,13.239552
2017-02-28,13.290280
2017-03-01,13.349460
2017-03-02,13.138101
2017-03-03,13.205735
2017-03-06,13.188828
2017-03-07,13.129646
2017-03-08,12.833743
2017-03-09,12.723836
2017-03-10,12.605475
2017-03-13,12.588566
2017-03-14,12.537840
2017-03-15,12.647748
2017-03-16,12.630837
2017-03-17,12.673110
2017-03-20,12.664655
2017-03-21,12.597020
2017-03-22,12.588566
2017-03-23,12.563202
2017-03-24,12.605475
2017-03-27,12.588566
2017-03-28,12.664655
2017-03-29,12.783016
2017-03-30,12.833743
2017-03-31,12.859107
2017-04-03,12.808378
2017-04-04,12.935196
2017-04-05,12.960558
2017-04-06,12.994375
2017-04-07,13.028194
2017-04-10,13.129646
2017-04-11,13.155009
2017-04-12,13.155009
2017-04-13,13.197281
2017-04-17,13.121192
2017-04-18,13.070466
2017-04-19,12.842196
2017-04-20,12.791471
2017-04-21,12.664655
2017-04-24,12.622382
2017-04-25,12.681563
2017-04-26,12.613930
2017-04-27,12.546294
2017-04-28,12.512476
2017-05-01,12.537840
2017-05-02,12.402571
2017-05-03,12.351843
2017-05-04,12.055941
2017-05-05,12.225027
2017-05-08,12.174301
2017-05-09,12.115121
2017-05-10,12.309571
2017-05-11,12.360297
2017-05-12,12.360297
2017-05-15,12.427933
2017-05-16,12.444841
2017-05-17,12.529385
2017-05-18,12.495568
2017-05-19,12.740744
2017-05-22,12.825289
2017-05-23,12.783016
2017-05-24,12.757654
2017-05-25,12.478658
2017-05-26,12.571657
2017-05-30,12.470204
2017-05-31,12.334935
2017-06-01,12.250390
2017-06-02,12.191211
2017-06-05,12.123575
2017-06-06,12.208117
2017-06-07,12.039031
2017-06-08,12.039031
2017-06-09,12.106666
2017-06-12,11.996759
2017-06-13,12.047485
2017-06-14,11.836125
2017-06-15,11.886853
2017-06-16,11.937579
2017-06-19,11.861489
2017-06-20,11.743128
2017-06-21,11.616312
2017-06-22,11.633223
2017-06-23,11.683947
2017-06-26,11.709310
2017-06-27,11.844582
2017-06-28,11.920671
2017-06-29,11.971397
2017-06-30,12.216574
2017-07-03,12.343390
2017-07-05,12.157393
2017-07-06,12.165848
2017-07-07,12.047485
2017-07-10,12.098212
2017-07-11,12.216574
2017-07-12,12.157393
2017-07-13,12.148939
2017-07-14,12.284208
2017-07-17,12.241936
2017-07-18,12.292663
2017-07-19,12.402571
2017-07-20,12.385660
2017-07-21,12.216574
2017-07-24,12.241936
2017-07-25,12.377207
2017-07-26,12.495568
2017-07-27,12.571657
2017-07-28,12.639292
2017-07-31,12.715381
2017-08-01,12.571657
2017-08-02,12.597020
2017-08-03,12.504023
2017-08-04,12.529385
2017-08-07,12.554749
2017-08-08,12.563202
2017-08-09,12.647748
2017-08-10,12.453295
2017-08-11,12.495568
2017-08-14,12.385660
2017-08-15,12.326480
2017-08-16,12.292663
2017-08-17,12.326480
2017-08-18,12.546294
2017-08-21,12.394114
2017-08-22,12.427933
2017-08-23,12.537840
2017-08-24,12.529385
2017-08-25,12.504023
2017-08-28,12.512476
2017-08-29,12.512476
2017-08-30,12.419477
2017-08-31,12.766109
2017-09-01,12.783016
2017-09-05,12.808378
2017-09-06,12.935196
2017-09-07,12.926741
2017-09-08,12.783016
2017-09-11,12.808378
2017-09-12,12.842196
2017-09-13,12.901378
2017-09-14,12.909832
2017-09-15,12.969014
2017-09-18,12.952104
2017-09-19,12.926741
2017-09-20,13.036648
2017-09-21,12.985921
2017-09-22,13.036648
2017-09-25,13.256462
2017-09-26,13.138101
2017-09-27,13.087374
2017-09-28,13.087374
2017-09-29,13.019739
2017-10-02,12.909832
2017-10-03,12.918286
2017-10-04,12.935196
2017-10-05,13.078919
2017-10-06,12.876015
2017-10-09,12.884469
2017-10-10,13.036648
2017-10-11,13.062012
2017-10-12,13.045102
2017-10-13,13.171918
2017-10-16,13.205735
2017-10-17,13.188828
2017-10-18,13.180372
2017-10-19,13.121192
2017-10-20,13.188828
2017-10-23,13.188828
2017-10-24,13.324097
2017-10-25,13.341005
2017-10-26,13.400187
2017-10-27,13.467822
2017-10-30,13.501639
2017-10-31,13.535456
2017-11-01,13.543910
2017-11-02,13.628455
2017-11-03,13.712997
2017-11-06,13.975084
2017-11-07,13.890539
2017-11-08,13.865176
2017-11-09,13.890539
2017-11-10,13.865176
2017-11-13,13.822906
2017-11-14,13.636908
2017-11-15,13.620001
2017-11-16,13.577726
2017-11-17,13.797543
2017-11-20,13.687634
2017-11-21,13.780631
2017-11-22,13.856722
2017-11-24,13.898994
2017-11-27,13.873631
2017-11-28,13.814449
2017-11-29,13.721452
2017-11-30,13.662271
2017-12-01,13.780631
2017-12-04,13.611546
2017-12-05,13.611546
2017-12-06,13.383277
2017-12-07,13.425549
2017-12-08,13.493184
2017-12-11,13.527002
2017-12-12,13.408640
2017-12-13,13.349460
2017-12-14,13.391731
2017-12-15,13.391731
2017-12-18,13.450912
2017-12-19,13.552365
2017-12-20,13.628455
2017-12-21,13.636908
2017-12-22,13.696090
2017-12-26,13.898994
2017-12-27,13.932812
2017-12-28,14.000446
2017-12-29,14.042719
2018-01-02,14.110353
2018-01-03,14.194899
2018-01-04,14.177989
2018-01-05,14.127261
2018-01-08,14.118808
2018-01-09,14.211805
2018-01-10,14.262532
2018-01-11,14.254080
2018-01-12,14.347075
2018-01-16,14.279440
2018-01-17,14.296349
2018-01-18,14.296349
2018-01-19,14.270986
2018-01-22,14.304804
2018-01-23,14.406259
2018-01-24,14.558434
2018-01-25,14.473893
2018-01-26,14.583799
2018-01-29,14.541527
2018-01-30,14.440075
2018-01-31,14.456983
2018-02-01,14.600707
2018-02-02,14.363985
2018-02-05,14.228715
2018-02-06,14.144172
2018-02-07,13.983540
2018-02-08,13.839814
2018-02-09,13.636908
2018-02-12,13.721452
2018-02-13,13.746815
2018-02-14,13.958175
2018-02-15,13.983540
2018-02-16,14.008900
2018-02-20,14.051173
2018-02-21,14.034265
2018-02-22,14.161080
2018-02-23,14.254080
2018-02-26,14.330169
2018-02-27,14.186442
2018-02-28,14.034265
2018-03-01,14.059628
2018-03-02,14.059628
2018-03-05,14.144172
2018-03-06,14.194899
2018-03-07,14.042719
2018-03-08,13.958175
2018-03-09,14.093445
2018-03-12,14.068082
2018-03-13,14.025810
2018-03-14,14.025810
2018-03-15,14.017356
2018-03-16,14.068082
2018-03-19,13.975084
2018-03-20,14.068082
2018-03-21,14.321714
2018-03-22,14.211805
2018-03-23,14.338620
2018-03-26,14.347075
2018-03-27,14.287896
2018-03-28,14.228715
2018-03-29,14.355531
2018-04-02,14.161080
2018-04-03,14.237169
2018-04-04,14.177989
2018-04-05,14.245624
2018-04-06,14.144172
2018-04-09,14.321714
2018-04-10,14.566890
2018-04-11,14.676796
2018-04-12,14.617618
2018-04-13,14.626071
2018-04-16,14.575343
2018-04-17,14.583799
2018-04-18,14.854339
2018-04-19,14.795157
2018-04-20,14.769796
2018-04-23,14.761339
2018-04-24,14.685252
2018-04-25,14.710614
2018-04-26,14.786703
2018-04-27,14.778249
2018-04-30,14.845884
2018-05-01,14.761339
2018-05-02,14.761339
2018-05-03,14.854339
2018-05-04,14.955792
2018-05-07,14.947338
2018-05-08,14.989608
2018-05-09,15.124877
2018-05-10,15.200967
2018-05-11,15.107972
2018-05-14,15.217878
2018-05-15,15.234783
2018-05-16,15.319329
2018-05-17,15.336239
2018-05-18,15.344691
2018-05-21,15.463054
2018-05-22,15.479962
2018-05-23,15.564507
2018-05-24,15.463054
2018-05-25,15.234783
2018-05-29,15.091061
2018-05-30,15.285513
2018-05-31,15.243240
2018-06-01,15.141787
2018-06-04,14.964246
2018-06-05,14.989608
2018-06-06,15.040337
2018-06-07,15.099516
2018-06-08,15.091061
2018-06-11,15.082607
2018-06-12,15.074153
2018-06-13,15.133333
2018-06-14,14.964246
2018-06-15,14.600707
2018-06-18,14.727524
2018-06-19,14.575343
2018-06-20,14.558434
2018-06-21,14.448527
2018-06-22,14.735978
2018-06-25,14.566890
2018-06-26,14.710614
2018-06-27,14.786703
2018-06-28,14.778249
2018-06-29,14.947338
2018-07-02,14.634522
2018-07-03,14.617618
2018-07-05,14.702161
2018-07-06,14.769796
2018-07-09,14.845884
2018-07-10,14.812068
2018-07-11,14.296349
2018-07-12,14.372439
2018-07-13,14.397803
2018-07-16,14.093445
2018-07-17,14.110353
2018-07-18,14.237169
2018-07-19,14.220261
2018-07-20,14.321714
2018-07-23,14.372439
2018-07-24,14.448527
2018-07-25,14.642979
2018-07-26,14.642979
2018-07-27,14.583799
2018-07-30,14.668344
2018-07-31,14.583799
2018-08-01,14.372439
2018-08-02,14.456983
2018-08-03,14.507709
2018-08-06,14.533072
2018-08-07,14.642979
2018-08-08,14.465439
2018-08-09,14.406259
2018-08-10,14.406259
2018-08-13,14.330169
2018-08-14,14.355531
2018-08-15,14.042719
2018-08-16,14.152624
2018-08-17,14.211805
2018-08-20,14.237169
2018-08-21,14.262532
2018-08-22,14.465439
2018-08-23,14.440075
2018-08-24,14.549981
2018-08-27,14.600707
2018-08-28,14.541527
2018-08-29,14.702161
2018-08-30,14.676796
2018-08-31,14.693704
2018-09-04,14.609162
2018-09-05,14.549981
2018-09-06,14.465439
2018-09-07,14.499255
2018-09-10,14.549981
2018-09-11,14.693704
2018-09-12,14.795157
2018-09-13,14.634522
2018-09-14,14.541527
2018-09-17,14.524618
2018-09-18,14.659888
2018-09-19,14.752885
2018-09-20,14.752885
2018-09-21,14.786703
2018-09-24,15.006518
2018-09-25,15.040337
2018-09-26,14.972699
2018-09-27,15.040337
2018-09-28,15.192514
2018-10-01,15.479962
2018-10-02,15.530690
2018-10-03,15.674417
2018-10-04,15.505326
2018-10-05,15.471508
2018-10-08,15.429237
2018-10-09,15.539141
2018-10-10,15.234783
2018-10-11,15.006518
2018-10-12,15.124877
2018-10-15,15.158695
2018-10-16,15.226333
2018-10-17,15.091061
2018-10-18,14.921972
2018-10-19,15.006518
2018-10-22,15.023426
2018-10-23,14.693704
2018-10-24,14.592254
2018-10-25,14.651435
2018-10-26,14.761339
2018-10-29,14.609162
2018-10-30,14.533072
2018-10-31,14.338620
2018-11-01,14.237169
2018-11-02,14.203352
2018-11-05,14.194899
2018-11-06,14.135716
2018-11-07,14.101901
2018-11-08,14.017356
2018-11-09,13.865176
2018-11-12,13.831361
2018-11-13,13.450912
2018-11-14,13.569273
2018-11-15,13.543910
2018-11-16,13.628455
2018-11-19,13.628455
2018-11-20,13.214190
2018-11-21,13.324097
2018-11-23,12.935196
2018-11-26,12.994375
2018-11-27,12.943650
2018-11-28,12.901378
2018-11-29,12.985921
2018-11-30,12.926741
2018-12-03,13.222644
2018-12-04,13.231099
2018-12-06,13.121192
2018-12-07,13.273370
2018-12-10,13.062012
2018-12-11,13.138101
2018-12-12,13.095828
2018-12-13,13.264915
2018-12-14,13.062012
2018-12-17,12.909832
2018-12-18,12.639292
2018-12-19,12.690019
2018-12-20,12.571657
2018-12-21,12.461751
2018-12-24,12.323866
2018-12-26,12.597921
2018-12-27,12.478024
2018-12-28,12.375253
2018-12-31,12.409509
2019-01-02,12.443766
2019-01-03,12.546535
2019-01-04,12.717821
2019-01-07,12.812025
2019-01-08,12.940489
2019-01-09,13.197414
2019-01-10,13.163157
2019-01-11,13.120337
2019-01-14,13.009001
2019-01-15,13.111773
2019-01-16,13.180286
2019-01-17,13.188849
2019-01-18,13.325878
2019-01-22,13.231671
2019-01-23,13.214543
2019-01-24,13.248799
2019-01-25,13.317313
2019-01-28,13.137465
2019-01-29,13.265927
2019-01-30,13.360135
2019-01-31,13.291621
2019-02-01,13.411518
2019-02-04,13.420084
2019-02-05,13.360135
2019-02-06,13.377261
2019-02-07,13.248799
2019-02-08,13.265927
2019-02-11,13.188849
2019-02-12,13.265927
2019-02-13,13.343006
2019-02-14,13.377261
2019-02-15,13.625623
2019-02-19,13.659881
2019-02-20,13.702702
2019-02-21,13.745521
2019-02-22,13.779779
2019-02-25,13.574239
2019-02-26,13.634187
2019-02-27,13.702702
2019-02-28,13.668445
2019-03-01,13.514289
2019-03-04,13.557110
2019-03-05,13.625623
2019-03-06,13.548547
2019-03-07,13.514289
2019-03-08,13.505725
2019-03-11,13.522853
2019-03-12,13.608497
2019-03-13,13.694137
2019-03-14,13.634187
2019-03-15,13.634187
2019-03-18,13.702702
2019-03-19,13.736959
2019-03-20,13.839729
2019-03-21,13.771215
2019-03-22,13.651316
2019-03-25,13.702702
2019-03-26,13.728395
2019-03-27,13.651316
2019-03-28,13.608497
2019-03-29,13.617059
2019-04-01,13.745521
2019-04-02,13.779779
2019-04-03,13.796907
2019-04-04,13.805472
2019-04-05,13.848293
2019-04-08,13.899677
2019-04-09,13.873985
2019-04-10,13.993884
2019-04-11,13.925369
2019-04-12,13.968191
2019-04-15,13.942499
2019-04-16,13.891113
2019-04-17,13.839729
2019-04-18,13.882549
2019-04-22,13.951064
2019-04-23,13.968191
2019-04-24,13.916806
2019-04-25,13.891113
2019-04-26,13.728395
2019-04-29,13.736959
2019-04-30,13.779779
2019-05-01,13.736959
2019-05-02,13.582804
2019-05-03,13.591367
2019-05-06,13.634187
2019-05-07,13.462904
2019-05-08,13.480033
2019-05-09,13.411518
2019-05-10,13.437211
2019-05-13,13.368697
2019-05-14,13.548547
2019-05-15,13.668445
2019-05-16,13.745521
2019-05-17,13.617059
2019-05-20,13.677009
2019-05-21,13.685572
2019-05-22,13.488597
2019-05-23,13.205978
2019-05-24,13.385826
2019-05-28,13.497161
2019-05-29,13.445775
2019-05-30,13.308749
2019-05-31,12.957618
2019-06-03,12.914796
2019-06-04,12.991875
2019-06-05,12.726383
2019-06-06,12.949052
2019-06-07,12.991875
2019-06-10,12.957618
2019-06-11,13.043259
2019-06-12,12.863412
2019-06-13,13.026131
2019-06-14,13.077516
2019-06-17,13.017567
2019-06-18,13.171721
2019-06-19,13.146029
2019-06-20,13.411518
2019-06-21,13.445775
2019-06-24,13.505725
2019-06-25,13.548547
2019-06-26,13.617059
2019-06-27,13.617059
2019-06-28,13.471468
2019-07-01,13.462904
2019-07-02,13.240236
2019-07-03,13.368697
2019-07-05,13.394390
2019-07-08,13.377261
2019-07-09,13.420084
2019-07-10,13.711267
2019-07-11,13.719831
2019-07-12,13.754086
2019-07-15,13.608497
2019-07-16,13.462904
2019-07-17,13.343006
2019-07-18,13.248799
2019-07-19,13.325878
2019-07-22,13.283056
2019-07-23,13.368697
2019-07-24,13.308749
2019-07-25,13.257363
2019-07-26,13.274492
2019-07-29,13.325878
2019-07-30,13.402954
2019-07-31,13.317313
2019-08-01,12.949052
2019-08-02,12.966182
2019-08-05,12.854847
2019-08-06,12.786333
2019-08-07,12.623614
2019-08-08,12.692126
2019-08-09,12.803461
2019-08-12,12.709255
2019-08-13,13.009001
2019-08-14,12.812025
2019-08-15,12.709255
2019-08-16,12.700691
2019-08-19,12.760640
2019-08-20,12.794897
2019-08-21,12.837718
2019-08-22,12.777770
2019-08-23,12.683564
2019-08-26,12.674999
2019-08-27,12.760640
2019-08-28,12.871975
2019-08-29,12.906232
2019-08-30,12.700691
2019-09-03,12.632177
2019-09-04,12.931925
2019-09-05,12.914796
2019-09-06,12.949052
2019-09-09,13.068951
2019-09-10,13.086080
2019-09-11,12.991875
2019-09-12,12.940489
2019-09-13,12.940489
2019-09-16,13.514289
2019-09-17,13.257363
2019-09-18,13.171721
2019-09-19,13.240236
2019-09-20,13.257363
2019-09-23,13.291621
2019-09-24,13.137465
2019-09-25,13.060388
2019-09-26,13.060388
2019-09-27,13.009001
2019-09-30,12.880539
2019-10-01,12.871975
2019-10-02,12.760640
2019-10-03,12.743513
2019-10-04,12.846282
2019-10-07,12.829153
2019-10-08,12.820589
2019-10-09,12.854847
2019-10-10,12.940489
2019-10-11,13.094644
2019-10-14,13.034696
2019-10-15,13.000439
2019-10-16,13.017567
2019-10-17,13.068951
2019-10-18,13.060388
2019-10-21,13.043259
2019-10-22,13.060388
2019-10-23,13.223106
2019-10-24,13.291621
2019-10-25,13.368697
2019-10-28,13.317313
2019-10-29,13.291621
2019-10-30,13.205978
2019-10-31,13.128900
2019-11-01,13.368697
2019-11-04,13.454340
2019-11-05,13.488597
2019-11-06,13.343006
2019-11-07,13.334441
2019-11-08,13.368697
2019-11-11,13.283056
2019-11-12,13.291621
2019-11-13,13.317313
2019-11-14,13.274492
2019-11-15,13.343006
2019-11-18,13.205978
2019-11-19,13.086080
2019-11-20,13.257363
2019-11-21,13.377261
2019-11-22,13.368697
2019-11-25,13.368697
2019-11-26,13.445775
2019-11-27,13.377261
2019-11-29,13.111773
2019-12-02,13.094644
2019-12-03,13.103209
2019-12-04,13.308749
2019-12-05,13.334441
2019-12-06,13.420084
2019-12-09,13.402954
2019-12-10,13.462904
2019-12-11,13.402954
2019-12-12,13.522853
2019-12-13,13.591367
2019-12-16,13.685572
2019-12-17,13.745521
2019-12-18,13.754086
2019-12-19,13.814034
2019-12-20,13.796907
2019-12-23,13.800388
2019-12-24,13.861299
2019-12-26,13.965714
2019-12-27,13.991818
2019-12-30,13.965714
2019-12-31,13.878700
2020-01-02,13.896103
2020-01-03,14.061430
2020-01-06,14.087534
2020-01-07,14.078833
2020-01-08,13.869999
2020-01-09,13.809090
2020-01-10,13.809090
2020-01-13,13.704673
2020-01-14,13.765583
2020-01-15,13.695972
2020-01-16,13.678569
2020-01-17,13.722075
2020-01-21,13.643763
2020-01-22,13.461035
2020-01-23,13.347917
2020-01-24,13.147784
2020-01-27,12.904145
2020-01-28,12.965055
2020-01-29,12.904145
2020-01-30,12.791028
2020-01-31,12.686612
2020-02-03,12.451675
2020-02-04,12.469077
2020-02-05,12.660507
2020-02-06,12.712716
2020-02-07,12.643105
2020-02-10,12.529986
2020-02-11,12.573494
2020-02-12,12.747520
2020-02-13,12.756223
2020-02-14,12.747520
2020-02-18,12.843236
2020-02-19,12.965055
2020-02-20,12.912848
2020-02-21,12.860640
2020-02-24,12.617002
2020-02-25,12.382064
2020-02-26,12.260244
2020-02-27,12.051412
2020-02-28,11.842577
2020-03-02,12.112321
2020-03-03,12.138425
2020-03-04,12.147126
2020-03-05,12.016606
2020-03-06,11.625043
2020-03-09,10.720100
2020-03-10,11.059454
2020-03-11,10.859322
2020-03-12,10.424253
2020-03-13,10.537370
2020-03-16,9.902170
2020-03-17,9.745544
2020-03-18,9.423594
2020-03-19,9.623727
2020-03-20,9.519309
2020-03-23,9.632428
2020-03-24,9.841261
2020-03-25,10.006586
2020-03-26,9.971781
2020-03-27,9.936975
2020-03-30,9.910872
2020-03-31,9.789052
2020-04-01,9.510609
2020-04-02,9.693337
2020-04-03,9.936975
2020-04-06,9.989182
2020-04-07,10.058796
2020-04-08,10.032690
2020-04-09,10.058796
2020-04-13,10.232822
2020-04-14,10.145809
2020-04-15,9.936975
2020-04-16,9.910872
2020-04-17,9.954378
2020-04-20,9.789052
2020-04-21,9.327880
2020-04-22,9.458400
2020-04-23,9.432296
2020-04-24,9.310477
2020-04-27,9.136449
2020-04-28,9.145151
2020-04-29,9.310477
2020-04-30,9.484504
2020-05-01,9.362685
2020-05-04,9.475802
2020-05-05,9.719441
2020-05-06,9.528010
2020-05-07,9.588921
2020-05-08,9.789052
2020-05-11,9.658531
2020-05-12,9.580219
2020-05-13,9.484504
2020-05-14,9.649830
2020-05-15,9.745544
2020-05-18,10.023990
2020-05-19,9.997885
2020-05-20,10.171912
2020-05-21,10.128407
2020-05-22,10.050094
2020-05-26,10.154510
2020-05-27,10.023990
2020-05-28,10.076198
2020-05-29,10.250225
2020-06-01,10.311136
2020-06-02,10.424253
2020-06-03,10.424253
2020-06-04,10.511267
2020-06-05,10.720100
2020-06-08,10.650488
2020-06-09,10.685294
2020-06-10,10.754906
2020-06-11,10.406850
2020-06-12,10.450358
2020-06-15,10.546072
2020-06-16,10.633087
2020-06-17,10.580877
2020-06-18,10.641788
2020-06-19,10.728802
2020-06-22,10.841919
2020-06-23,10.789710
2020-06-24,10.519967
2020-06-25,10.615684
2020-06-26,10.485162
2020-06-29,10.659189
2020-06-30,10.711399
2020-07-01,10.798412
2020-07-02,10.841919
2020-07-06,10.928933
2020-07-07,10.937634
2020-07-08,11.076856
2020-07-09,10.946336
2020-07-10,11.015947
2020-07-13,10.902828
2020-07-14,10.955038
2020-07-15,11.085557
2020-07-16,10.998545
2020-07-17,11.015947
2020-07-20,11.007245
2020-07-21,11.163870
2020-07-22,11.233480
2020-07-23,11.207377
2020-07-24,11.224780
2020-07-27,11.329197
2020-07-28,11.268288
2020-07-29,11.329197
2020-07-30,11.198676
2020-07-31,11.259585
2020-08-03,11.372704
2020-08-04,11.433614
2020-08-05,11.529328
2020-08-06,11.616343
2020-08-07,11.459717
2020-08-10,11.520626
2020-08-11,11.337896
2020-08-12,11.459717
2020-08-13,11.520626
2020-08-14,11.520626
2020-08-17,11.712057
2020-08-18,11.738161
2020-08-19,11.703356
2020-08-20,11.685953
2020-08-21,11.572836
2020-08-24,11.633745
2020-08-25,11.729459
2020-08-26,11.755565
2020-08-27,11.712057
2020-08-28,11.790370
2020-08-31,11.781668
2020-09-01,11.799072
2020-09-02,11.642446
2020-09-03,11.538030
2020-09-04,11.433614
2020-09-08,11.155168
2020-09-09,11.259585
2020-09-10,11.146467
2020-09-11,11.224780
2020-09-14,11.233480
2020-09-15,11.294391
2020-09-16,11.503224
2020-09-17,11.633745
2020-09-18,11.685953
2020-09-21,11.398807
2020-09-22,11.346599
2020-09-23,11.216079
2020-09-24,11.268288
2020-09-25,11.268288
2020-09-28,11.364002
2020-09-29,11.233480
2020-09-30,11.364002
2020-10-01,11.224780
2020-10-02,11.085557
2020-10-05,11.372704
2020-10-06,11.416209
2020-10-07,11.459717
2020-10-08,11.572836
2020-10-09,11.607640
2020-10-12,11.485821
2020-10-13,11.511926
2020-10-14,11.590238
2020-10-15,11.625043
2020-10-16,11.546732
2020-10-19,11.555433
2020-10-20,11.685953
2020-10-21,11.590238
2020-10-22,11.625043
2020-10-23,11.538030
2020-10-26,11.372704
2020-10-27,11.451016
2020-10-28,11.146467
2020-10-29,11.007245
2020-10-30,11.007245
2020-11-02,11.207377
2020-11-03,11.276988
2020-11-04,11.398807
2020-11-05,11.451016
2020-11-06,11.407508
2020-11-09,11.546732
2020-11-10,11.772966
2020-11-11,11.764266
2020-11-12,11.668550
2020-11-13,11.616343
2020-11-16,11.720758
2020-11-17,11.755565
2020-11-18,11.772966
2020-11-19,11.772966
2020-11-20,11.833877
2020-11-23,11.868683
2020-11-24,12.121023
2020-11-25,12.225438
2020-11-27,12.199335
2020-11-30,12.129724
2020-12-01,12.094917
2020-12-02,12.147126
2020-12-03,12.164528
2020-12-04,12.216737
2020-12-07,12.216737
2020-12-08,12.234139
2020-12-09,12.242841
2020-12-10,12.425570
2020-12-11,12.390765
2020-12-14,12.425570
2020-12-15,12.521285
2020-12-16,12.590897
2020-12-17,12.738820
2020-12-18,12.782326
2020-12-21,12.651806
2020-12-22,12.512585
2020-12-23,12.669209
2020-12-24,12.704015
2020-12-28,12.625703
2020-12-29,12.660507
2020-12-30,12.738820
2020-12-31,12.791028
2021-01-04,12.721416
2021-01-05,13.078174
2021-01-06,13.095576
2021-01-07,13.156486
2021-01-08,13.260903
2021-01-11,13.165188
2021-01-12,13.417527
2021-01-13,13.382722
2021-01-14,13.504542
2021-01-15,13.313110
2021-01-19,13.356618
2021-01-20,13.365319
2021-01-21,13.356618
2021-01-22,13.130383
2021-01-25,13.269605
2021-01-26,13.295708
2021-01-27,13.260903
2021-01-28,13.199994
2021-01-29,13.217396
2021-02-01,13.469735
2021-02-02,13.574153
2021-02-03,13.669868
2021-02-04,13.739478
2021-02-05,13.809090
2021-02-08,14.026625
2021-02-09,14.078833
2021-02-10,14.052728
2021-02-11,14.026625
2021-02-12,14.200652
2021-02-16,14.392082
2021-02-17,14.435589
2021-02-18,14.383382
2021-02-19,14.374680
2021-02-22,14.696630
2021-02-23,14.766240
2021-02-24,14.992476
2021-02-25,14.870658
2021-02-26,14.557407
2021-03-01,14.435589
2021-03-02,14.496498
2021-03-03,14.583512
2021-03-04,14.809748
2021-03-05,15.114297
2021-03-08,14.905462
2021-03-09,14.905462
2021-03-10,15.001179
2021-03-11,15.227415
2021-03-12,15.157804
2021-03-15,15.105597
2021-03-16,15.044685
2021-03-17,15.044685
2021-03-18,14.331172
2021-03-19,14.644422
2021-03-22,14.618318
2021-03-23,14.209352
2021-03-24,14.583512
2021-03-25,14.252859
2021-03-26,14.592215
2021-03-29,14.609617
2021-03-30,14.374680
2021-03-31,14.452992
2021-04-01,14.696630
2021-04-05,14.479095
2021-04-06,14.531305
2021-04-07,14.574812
2021-04-08,14.653125
2021-04-09,14.600916
2021-04-12,14.609617
2021-04-13,14.766240
2021-04-14,15.105597
2021-04-15,15.201311
2021-04-16,15.175206
2021-04-19,15.192609
2021-04-20,15.166506
2021-04-21,15.105597
2021-04-22,15.227415
2021-04-23,15.349235
2021-04-26,15.453650
2021-04-27,15.584172
2021-04-28,15.610275
2021-04-29,15.714691
2021-04-30,15.584172
2021-05-03,15.758199
2021-05-04,16.001835
2021-05-05,16.062744
2021-05-06,16.141058
2021-05-07,16.297684
2021-05-10,16.184565
2021-05-11,16.358593
2021-05-12,16.341190
2021-05-13,15.888721
2021-05-14,16.019239
2021-05-17,16.219370
2021-05-18,16.141058
2021-05-19,15.810408
2021-05-20,15.645082
2021-05-21,15.793003
2021-05-24,16.010538
2021-05-25,15.958329
2021-05-26,15.984434
2021-05-27,16.236774
2021-05-28,16.184565
2021-06-01,16.471714
2021-06-02,16.558727
2021-06-03,16.419504
2021-06-04,16.602232
2021-06-07,16.628336
2021-06-08,16.793663
2021-06-09,16.715351
2021-06-10,16.776262
2021-06-11,16.724051
2021-06-14,16.628336
2021-06-15,16.558727
2021-06-16,16.463011
2021-06-17,16.036642
2021-06-18,16.201969
2021-06-21,16.402102
2021-06-22,16.428204
2021-06-23,16.532621
2021-06-24,16.593531
2021-06-25,16.523920
2021-06-28,16.515217
2021-06-29,16.593531
2021-06-30,16.750154
2021-07-01,16.811066
2021-07-02,16.967691
2021-07-06,16.506516
2021-07-07,16.306385
2021-07-08,16.445608
2021-07-09,16.637039
2021-07-12,16.663141
2021-07-13,16.802364
2021-07-14,16.637039
2021-07-15,16.550022
2021-07-16,16.550022
2021-07-19,15.888721
2021-07-20,16.123655
2021-07-21,16.445608
2021-07-22,16.576128
2021-07-23,16.663141
2021-07-26,16.784962
2021-07-27,16.689245
2021-07-28,16.767559
2021-07-29,17.063406
2021-07-30,16.967691
2021-08-02,16.784962
2021-08-03,16.706650
2021-08-04,16.436907
2021-08-05,16.680546
2021-08-06,16.541323
2021-08-09,16.306385
2021-08-10,16.602232
2021-08-11,16.750154
2021-08-12,16.689245
2021-08-13,16.593531
2021-08-16,16.550022
2021-08-17,16.367294
2021-08-18,16.175865
2021-08-19,15.949629
2021-08-20,15.575468
2021-08-23,16.141058
2021-08-24,16.480415
2021-08-25,16.628336
2021-08-26,16.497814
2021-08-27,16.706650
2021-08-30,16.767559
2021-08-31,16.689245
2021-09-01,16.610931
2021-09-02,16.802364
2021-09-03,16.819767
2021-09-07,16.628336
2021-09-08,16.750154
2021-09-09,16.628336
2021-09-10,16.845871
2021-09-13,16.976393
2021-09-14,16.967691
2021-09-15,17.246134
2021-09-16,17.124315
2021-09-17,16.985094
2021-09-20,16.784962
2021-09-21,16.802364
2021-09-22,16.993795
2021-09-23,17.254835
2021-09-24,17.333147
2021-09-27,17.568087
2021-09-28,17.428864
2021-09-29,17.446266
2021-09-30,17.559385
2021-10-01,17.794321
2021-10-04,18.081469
2021-10-05,18.307703
2021-10-06,18.003155
2021-10-07,18.229391
2021-10-08,18.290302
2021-10-11,18.412121
2021-10-12,18.412121
2021-10-13,18.516537
2021-10-14,18.707966
2021-10-15,18.864592
2021-10-18,18.751471
2021-10-19,18.794979
2021-10-20,19.003813
2021-10-21,18.716669
2021-10-22,18.803682
2021-10-25,18.899397
2021-10-26,18.925501
2021-10-27,18.577446
2021-10-28,18.673159
2021-10-29,18.577446
2021-11-01,18.716669
2021-11-02,18.768873
2021-11-03,18.290302
2021-11-04,18.177181
2021-11-05,18.429522
2021-11-08,18.542641
2021-11-09,18.690563
2021-11-10,18.455626
2021-11-11,18.586147
2021-11-12,18.560043
2021-11-15,18.568745
2021-11-16,18.542641
2021-11-17,18.377316
2021-11-18,18.438225
2021-11-19,18.142378
2021-11-22,18.272898
2021-11-23,18.603550
2021-11-24,18.533939
2021-11-26,17.428864
2021-11-29,17.428864
2021-11-30,16.950289
2021-12-01,16.802364
2021-12-02,16.950289
2021-12-03,16.967691
2021-12-06,17.263538
2021-12-07,17.524578
2021-12-08,17.759514
2021-12-09,17.489773
2021-12-10,17.689905
2021-12-13,17.602892
2021-12-14,17.446266
2021-12-15,17.533281
2021-12-16,17.637695
2021-12-17,17.428864
2021-12-20,17.307043
2021-12-21,17.672501
2021-12-22,17.881334
2021-12-23,17.977051
2021-12-27,18.203285
2021-12-28,18.168480
2021-12-29,18.255495
2021-12-30,18.168480
2021-12-31,18.081469
2022-01-03,18.151079
2022-01-04,18.368612
2022-01-05,18.290302
2022-01-06,18.446926
2022-01-07,18.481730
2022-01-10,18.403416
2022-01-11,18.760174
2022-01-12,18.908096
2022-01-13,18.707966
2022-01-14,18.951605
2022-01-18,19.099529
2022-01-19,19.203947
2022-01-20,19.134335
2022-01-21,19.151737
2022-01-24,19.108231
2022-01-25,19.282259
2022-01-26,19.325764
2022-01-27,19.421478
2022-01-28,19.438883
2022-01-31,19.508493
2022-02-01,19.586805
2022-02-02,19.665117
2022-02-03,19.708626
2022-02-04,19.865250
2022-02-07,19.908756
2022-02-08,19.734730
2022-02-09,19.934860
2022-02-10,19.830446
2022-02-11,20.126289
2022-02-14,20.230707
2022-02-15,19.900055
2022-02-16,19.926159
2022-02-17,20.091486
2022-02-18,20.169798
2022-02-22,20.456944
2022-02-23,20.648373
2022-02-24,20.735386
2022-02-25,20.422136
2022-02-28,20.770193
2022-03-01,21.605524
2022-03-02,22.310335
2022-03-03,22.553976
2022-03-04,23.502426
2022-03-07,24.015808
2022-03-08,24.424772
2022-03-09,22.484365
2022-03-10,22.214622
2022-03-11,22.597485
2022-03-14,21.936178
2022-03-15,21.396692
2022-03-16,21.213963
2022-03-17,22.232023
2022-03-18,22.336443
2022-03-21,23.171776
2022-03-22,23.119566
2022-03-23,23.693857
2022-03-24,23.458918
2022-03-25,23.632948
2022-03-28,22.606186
2022-03-29,22.693197
2022-03-30,23.102161
2022-03-31,22.675793
2022-04-01,22.823719
2022-04-04,23.258785
2022-04-05,23.067358
2022-04-06,22.884628
2022-04-07,22.962942
2022-04-08,23.250086
2022-04-11,23.058657
2022-04-12,23.746065
2022-04-13,24.268148
2022-04-14,24.450876
2022-04-18,24.729322
2022-04-19,24.094122
2022-04-20,24.120224
2022-04-21,24.085421
2022-04-22,23.624245
2022-04-25,23.450220
2022-04-26,23.772169
2022-04-27,23.937496
2022-04-28,24.137627
2022-04-29,23.954899
2022-05-02,24.320356
2022-05-03,23.981001
2022-05-04,24.729322
2022-05-05,24.598801
2022-05-06,24.624903
2022-05-09,23.511129
2022-05-10,23.371906
2022-05-11,23.946198
2022-05-12,24.059315
2022-05-13,24.389967
2022-05-16,24.790232
2022-05-17,24.520489
2022-05-18,23.989704
2022-05-19,24.294252
2022-05-20,24.329056
2022-05-23,24.511787
2022-05-24,24.494383
2022-05-25,24.668413
2022-05-26,24.938154
2022-05-27,25.234003
2022-05-31,25.059973
2022-06-01,25.181793
2022-06-02,25.756086
2022-06-03,25.999722
2022-06-06,26.112839
2022-06-07,26.286867
2022-06-08,26.521807
2022-06-09,26.565311
2022-06-10,26.304272
2022-06-13,26.008423
2022-06-14,25.721279
2022-06-15,25.738682
2022-06-16,25.851799
2022-06-17,24.929451
2022-06-21,24.868544
2022-06-22,24.424772
2022-06-23,23.876587
2022-06-24,24.102823
2022-06-27,24.050613
2022-06-28,24.337759
2022-06-29,23.920092
2022-06-30,23.180475
2022-07-01,23.293594
2022-07-05,21.727345
2022-07-06,21.405396
2022-07-07,22.292934
2022-07-08,22.684496
2022-07-11,22.640989
2022-07-12,21.614227
2022-07-13,21.736046
2022-07-14,21.535915
2022-07-15,21.814360
2022-07-18,22.223324
2022-07-19,22.310335
2022-07-20,22.292934
2022-07-21,21.918776
2022-07-22,21.657734
2022-07-25,22.049297
2022-07-26,22.092802
2022-07-27,22.597485
2022-07-28,22.614885
2022-07-29,22.719303
2022-08-01,22.258129
2022-08-02,22.145012
2022-08-03,21.953581
2022-08-04,21.718643
2022-08-05,21.640331
2022-08-08,21.901373
2022-08-09,22.084101
2022-08-10,22.388649
2022-08-11,22.823719
2022-08-12,22.701900
2022-08-15,22.423456
2022-08-16,22.171114
2022-08-17,22.258129
2022-08-18,22.597485
2022-08-19,22.588781
2022-08-22,22.788914
2022-08-23,23.163073
2022-08-24,23.406712
2022-08-25,23.076059
2022-08-26,23.171776
2022-08-29,23.511129
2022-08-30,22.858524
2022-08-31,22.379948
2022-09-01,21.901373
2022-09-02,22.049297
2022-09-06,21.918776
2022-09-07,21.396692
2022-09-08,21.483707
2022-09-09,22.092802
2022-09-12,22.397352
2022-09-13,22.284233
2022-09-14,22.379948
2022-09-15,21.727345
2022-09-16,21.649031
2022-09-19,21.718643
2022-09-20,21.692541
2022-09-21,21.562019
2022-09-22,21.622929
2022-09-23,20.892012
2022-09-26,20.404734
2022-09-27,20.622272
2022-09-28,21.196560
2022-09-29,21.066038
2022-09-30,20.805000
2022-10-03,21.274874
2022-10-04,21.849165
2022-10-05,22.240726
2022-10-06,22.379948
2022-10-07,22.614885
2022-10-10,22.362547
2022-10-11,22.040594
2022-10-12,22.040594
2022-10-13,22.345142
2022-10-14,21.901373
2022-10-17,21.849165
2022-10-18,21.614227
2022-10-19,21.605524
2022-10-20,21.622929
2022-10-21,21.649031
2022-10-24,21.709942
2022-10-25,21.831762
2022-10-26,22.240726
2022-10-27,22.275534
2022-10-28,22.014490
2022-10-31,21.857866
2022-11-01,22.188517
2022-11-02,22.388649
2022-11-03,22.371246
2022-11-04,23.128267
2022-11-07,22.928137
2022-11-08,22.649691
2022-11-09,22.127607
2022-11-10,22.327740
2022-11-11,22.754107
2022-11-14,22.414755
2022-11-15,22.675793
2022-11-16,22.423456
2022-11-17,22.049297
2022-11-18,21.892672
2022-11-21,21.814360
2022-11-22,22.040594
2022-11-23,21.736046
2022-11-25,21.544615
2022-11-28,21.414097
2022-11-29,21.692541
2022-11-30,22.179817
2022-12-01,22.066700
2022-12-02,21.831762
2022-12-05,21.266174
2022-12-06,20.926819
2022-12-07,20.822403
2022-12-08,20.787596
2022-12-09,20.813700
2022-12-12,21.039934
2022-12-13,21.387993
2022-12-14,21.553316
2022-12-15,21.292276
2022-12-16,21.022533
2022-12-19,20.983139
2022-12-20,21.079433
2022-12-21,21.350805
2022-12-22,21.079433
2022-12-23,21.464605
2022-12-27,21.657192
2022-12-28,21.412083
2022-12-29,21.385820
2022-12-30,21.578407
2023-01-03,21.061926
2023-01-04,20.685509
2023-01-05,20.580462
2023-01-06,20.694262
2023-01-09,20.939371
2023-01-10,20.939371
2023-01-11,21.315790
2023-01-12,21.490866
2023-01-13,21.700964
2023-01-17,21.849777
2023-01-18,21.613422
2023-01-19,21.832272
2023-01-20,21.963579
2023-01-23,22.016102
2023-01-24,21.893547
2023-01-25,21.832272
2023-01-26,21.928562
2023-01-27,21.683455
2023-01-30,21.403330
2023-01-31,21.770994
2023-02-01,21.359560
2023-02-02,21.201986
2023-02-03,20.668001
2023-02-06,20.729277
2023-02-07,21.123201
2023-02-08,21.166971
2023-02-09,21.000648
2023-02-10,21.298283
2023-02-13,21.254513
2023-02-14,21.324543
2023-02-15,21.096941
2023-02-16,21.035666
2023-02-17,20.878094
2023-02-21,20.904356
2023-02-22,20.632984
2023-02-23,20.790554
2023-02-24,20.720524
2023-02-27,20.738029
2023-02-28,20.799307
2023-03-01,21.158218
2023-03-02,21.079433
2023-03-03,21.412083
2023-03-06,21.307035
2023-03-07,20.869341
2023-03-08,20.755537
2023-03-09,20.501677
2023-03-10,20.720524
2023-03-13,20.589214
2023-03-14,20.326595
2023-03-15,19.853886
2023-03-16,19.915163
2023-03-17,19.853886
2023-03-20,19.932671
2023-03-21,20.002701
2023-03-22,20.055225
2023-03-23,20.002701
2023-03-24,20.098993
2023-03-27,20.475414
2023-03-28,20.571707
2023-03-29,20.440397
2023-03-30,20.589214
2023-03-31,20.781801
2023-04-03,21.123201
2023-04-04,21.096941
2023-04-05,21.175728
2023-04-06,21.114450
2023-04-10,21.114450
2023-04-11,21.228251
2023-04-12,21.394577
2023-04-13,21.394577
2023-04-14,21.420837
2023-04-17,21.333300
2023-04-18,21.377068
2023-04-19,21.079433
2023-04-20,20.895601
2023-04-21,20.851831
2023-04-24,21.018156
2023-04-25,20.720524
2023-04-26,20.405380
2023-04-27,20.431643
2023-04-28,20.624231
2023-05-01,20.449152
2023-05-02,19.985193
2023-05-03,19.731331
2023-05-04,19.810116
2023-05-05,20.256565
2023-05-08,20.352858
2023-05-09,20.414135
2023-05-10,20.352858
2023-05-11,20.002701
2023-05-12,19.845133
2023-05-15,20.072733
2023-05-16,19.853886
2023-05-17,20.090242
2023-05-18,19.906410
2023-05-19,19.880146
2023-05-22,19.897655
2023-05-23,19.976439
2023-05-24,19.985193
2023-05-25,19.670052
2023-05-26,19.985193
2023-05-30,19.521236
2023-05-31,19.302387
2023-06-01,19.617529
2023-06-02,19.871395
2023-06-05,19.818869
2023-06-06,19.845133
2023-06-07,19.923918
2023-06-08,19.958931
2023-06-09,19.836378
2023-06-12,19.565006
2023-06-13,19.827623
2023-06-14,19.871395
2023-06-15,20.291582
2023-06-16,20.545444
2023-06-20,20.361612
2023-06-21,20.659248
2023-06-22,20.274075
2023-06-23,20.055225
2023-06-26,20.081488
2023-06-27,19.757591
2023-06-28,19.696314
2023-06-29,19.705069
2023-06-30,19.871395
2023-07-03,19.871395
2023-07-05,19.993948
2023-07-06,19.950178
2023-07-07,20.116503
2023-07-10,20.160273
2023-07-11,20.396627
2023-07-12,20.545444
2023-07-13,20.834322
2023-07-14,20.694262
2023-07-17,20.527937
2023-07-18,20.799307
2023-07-19,20.913109
2023-07-20,20.974386
2023-07-21,21.088188
2023-07-24,21.464605
2023-07-25,21.543392
2023-07-26,21.438345
2023-07-27,21.385820
2023-07-28,21.517130
2023-07-31,21.604670
2023-08-01,21.490866
2023-08-02,21.166971
2023-08-03,21.368313
2023-08-04,21.403330
2023-08-07,21.412083
2023-08-08,21.385820
2023-08-09,21.534637
2023-08-10,21.420837
2023-08-11,21.385820
2023-08-14,21.280773
2023-08-15,21.026913
2023-08-16,20.939371
2023-08-17,20.991896
2023-08-18,21.140709
2023-08-21,21.088188
2023-08-22,21.096941
2023-08-23,21.140709
2023-08-24,21.158218
2023-08-25,21.368313
2023-08-28,21.333300
2023-08-29,21.412083
2023-08-30,21.438345
2023-08-31,21.525883
2023-09-01,21.779747
2023-09-05,21.884794
2023-09-06,21.937317
2023-09-07,21.893547
2023-09-08,21.937317
2023-09-11,22.068626
2023-09-12,22.147411
2023-09-13,22.217443
2023-09-14,22.401276
2023-09-15,22.348753
2023-09-18,22.339998
2023-09-19,22.357506
2023-09-20,22.173674
2023-09-21,22.103643
2023-09-22,22.121151
2023-09-25,22.016102
2023-09-26,21.989841
2023-09-27,22.112396
2023-09-28,22.086134
2023-09-29,21.849777
2023-10-02,21.683455
2023-10-03,21.587160
2023-10-04,20.983139
2023-10-05,20.860584
2023-10-06,20.939371
2023-10-09,21.377068
2023-10-10,21.324543
2023-10-11,21.201986
2023-10-12,21.193233
2023-10-13,21.753487
2023-10-16,21.683455
2023-10-17,21.744732
2023-10-18,21.937317
2023-10-19,22.164921
2023-10-20,21.998594
2023-10-23,21.858532
2023-10-24,21.622177
2023-10-25,21.779747
2023-10-26,21.595915
2023-10-27,21.884794
2023-10-30,21.534637
2023-10-31,21.455853
2023-11-01,21.490866
2023-11-02,21.718470
2023-11-03,21.604670
2023-11-06,21.692209
2023-11-07,21.228251
2023-11-08,20.991896
2023-11-09,20.939371
2023-11-10,21.044418
2023-11-13,21.350805
2023-11-14,21.315790
2023-11-15,21.175728
2023-11-16,20.668001
2023-11-17,20.965635
2023-11-20,21.228251
2023-11-21,21.350805
2023-11-22,21.166971
2023-11-24,21.026913
2023-11-27,20.886848
2023-11-28,21.140709
2023-11-29,21.289528
2023-11-30,20.930618
2023-12-01,20.834322
2023-12-04,20.694262
2023-12-05,20.510429
2023-12-06,20.011456
2023-12-07,20.046471
2023-12-08,20.134010
2023-12-11,20.063978
2023-12-12,19.757591
2023-12-13,19.985193
2023-12-14,20.317842
2023-12-15,20.352858
2023-12-18,20.498884
2023-12-19,20.655014
2023-12-20,20.416229
2023-12-21,20.452965
2023-12-22,20.416229
2023-12-26,20.618279
2023-12-27,20.526438
2023-12-28,20.351940
2023-12-29,20.241732
2024-01-02,20.076418
2024-01-03,20.333570
2024-01-04,20.223364
2024-01-05,20.324387
2024-01-08,20.030497
2024-01-09,20.177441
2024-01-10,20.039680
2024-01-11,20.186625
2024-01-12,20.260099
2024-01-16,20.085602
2024-01-17,20.058048
2024-01-18,20.186625
2024-01-19,20.149891
2024-01-22,20.232548
2024-01-23,20.342754
2024-01-24,20.517254
2024-01-25,20.673384
2024-01-26,20.765224
2024-01-29,20.590725
2024-01-30,20.728487
2024-01-31,20.508070
2024-02-01,20.260099
2024-02-02,20.030497
2024-02-05,20.113153
2024-02-06,20.186625
2024-02-07,20.278467
2024-02-08,20.388678
2024-02-09,20.443781
2024-02-12,20.452965
2024-02-13,20.333570
2024-02-14,20.140707
2024-02-15,20.186625
2024-02-16,20.232548
2024-02-20,20.122337
2024-02-21,20.204994
2024-02-22,20.260099
2024-02-23,19.966209
2024-02-26,20.149891
2024-02-27,20.306019
2024-02-28,20.223364
2024-02-29,20.195810
2024-03-01,20.296835
2024-03-04,20.361124
2024-03-05,20.204994
2024-03-06,20.370308
2024-03-07,20.425413
2024-03-08,20.361124
2024-03-11,20.535624
2024-03-12,20.480516
2024-03-13,20.765224
2024-03-14,20.829514
2024-03-15,20.902985
2024-03-18,21.095850
2024-03-19,21.086666
2024-03-20,21.031561
2024-03-21,21.004011
2024-03-22,20.857065
2024-03-25,21.031561
2024-03-26,20.866249
2024-03-27,20.847881
2024-03-28,21.095850
2024-04-01,21.196875
2024-04-02,21.389744
2024-04-03,21.646896
2024-04-04,21.702000
2024-04-05,21.812210
2024-04-08,21.803026
2024-04-09,21.683634
2024-04-10,21.793840
2024-04-11,21.757105
2024-04-12,21.784657
2024-04-15,21.812210
2024-04-16,21.775473
2024-04-17,21.435663
2024-04-18,21.426479
2024-04-19,21.527504
2024-04-22,21.527504
2024-04-23,21.619345
2024-04-24,21.591793
2024-04-25,21.711185
2024-04-26,21.729553
2024-04-29,21.711185
2024-04-30,21.435663
2024-05-01,21.123404
2024-05-02,21.196875
2024-05-03,21.224428
2024-05-06,21.463215
2024-05-07,21.444847
2024-05-08,21.334637
2024-05-09,21.417294
2024-05-10,21.380558
2024-05-13,21.518320
2024-05-14,21.426479
2024-05-15,21.499950
2024-05-16,21.555056
2024-05-17,21.775473
2024-05-20,21.968340
2024-05-21,21.876499
2024-05-22,21.564240
2024-05-23,21.454031
2024-05-24,21.600975
2024-05-28,21.986708
2024-05-29,21.757105
2024-05-30,21.472397
2024-05-31,21.371374
2024-06-03,21.068298
2024-06-04,20.857065
2024-06-05,20.930538
2024-06-06,21.206060
2024-06-07,20.902985
2024-06-10,21.206060
2024-06-11,21.178507
2024-06-12,21.251980
2024-06-13,21.270350
2024-06-14,21.187691
2024-06-17,21.261166
2024-06-18,21.435663
2024-06-20,21.481583
2024-06-21,21.307085
2024-06-24,21.481583
2024-06-25,21.279533
2024-06-26,21.316267
2024-06-27,21.426479
2024-06-28,21.334637
2024-07-01,21.610161
2024-07-02,21.637711
2024-07-03,21.757105
2024-07-05,21.839764
2024-07-08,21.545872
2024-07-09,21.398926
2024-07-10,21.398926
2024-07-11,21.472397
2024-07-12,21.389744
2024-07-15,21.233614
2024-07-16,21.178507
2024-07-17,21.178507
2024-07-18,21.022377
2024-07-19,20.737671
2024-07-22,20.792776
2024-07-23,20.599911
2024-07-24,20.590725
2024-07-25,20.636646
2024-07-26,20.425413
2024-07-29,20.333570
2024-07-30,20.269283
2024-07-31,20.737671
2024-08-01,20.489700
2024-08-02,20.113153
2024-08-05,20.076418
2024-08-06,19.911104
2024-08-07,20.094786
2024-08-08,20.278467
2024-08-09,20.397860
2024-08-12,20.682568
2024-08-13,20.489700
2024-08-14,20.361124
2024-08-15,20.526438
2024-08-16,20.397860
2024-08-19,20.287653
2024-08-20,20.204994
2024-08-21,20.103970
2024-08-22,20.085602
2024-08-23,20.443781
2024-08-26,20.655014
2024-08-27,20.553989
2024-08-28,20.306019
2024-08-29,20.535624
2024-08-30,20.306019
2024-09-03,19.901918
2024-09-04,19.754974
2024-09-05,19.800894
2024-09-06,19.534557
2024-09-09,19.589661
2024-09-10,19.304955
2024-09-11,19.479450
2024-09-12,19.856001
2024-09-13,19.892735
2024-09-16,20.039680
2024-09-17,20.177441
2024-09-18,20.048864
2024-09-19,20.407043
2024-09-20,20.407043
2024-09-23,20.416229
2024-09-24,20.756041
2024-09-25,20.581543
2024-09-26,20.397860
2024-09-27,20.498884
2024-09-30,20.452965
2024-10-01,20.811144
2024-10-02,20.985643
2024-10-03,21.288717
2024-10-04,21.343821
2024-10-07,21.637711
2024-10-08,21.132587
2024-10-09,20.948906
2024-10-10,21.362190
2024-10-11,21.380558
2024-10-14,21.049931
2024-10-15,20.645830
2024-10-16,20.590725
2024-10-17,20.618279
2024-10-18,20.508070
2024-10-21,20.572359
2024-10-22,20.930538
2024-10-23,20.811144
2024-10-24,20.801960
2024-10-25,20.948906
2024-10-28,20.388678
2024-10-29,20.351940
2024-10-30,20.609095
2024-10-31,20.746855
2024-11-01,20.526438
2024-11-04,20.875433
2024-11-05,21.004011
2024-11-06,20.774408
2024-11-07,20.985643
2024-11-08,20.664200
2024-11-11,20.333570
2024-11-12,20.223364
2024-11-13,20.159075
2024-11-14,20.140707
2024-11-15,20.039680
2024-11-18,20.498884
2024-11-19,20.563173
2024-11-20,20.553989
2024-11-21,20.700937
2024-11-22,20.719303
2024-11-25,20.425413
2024-11-26,20.425413
2024-11-27,20.315205
2024-11-29,20.333570
2024-12-02,20.186625
2024-12-03,20.416229
2024-12-04,20.306019
2024-12-05,20.278467
2024-12-06,20.122337
2024-12-09,20.315205
2024-12-10,20.361124
2024-12-11,20.618279
2024-12-12,20.535624
2024-12-13,20.526438
2024-12-16,20.416229
2024-12-17,20.278467
2024-12-18,20.094786
2024-12-19,20.094786
2024-12-20,20.223364
2024-12-23,20.238842
2024-12-24,20.354935
2024-12-26,20.296886
2024-12-27,20.393631
2024-12-30,20.577446
2024-12-31,20.683863
2025-01-02,20.887026
2025-01-03,20.780607
2025-01-06,20.819305
2025-01-07,20.916050
2025-01-08,20.877352
2025-01-10,21.438467
2025-01-13,21.593256
2025-01-14,21.583582
2025-01-15,21.931862
2025-01-16,21.835117
2025-01-17,21.738373
2025-01-21,21.631956
2025-01-22,21.612606
2025-01-23,21.535212
2025-01-24,21.544886
2025-01-27,21.215956
2025-01-28,21.235306
2025-01-29,21.274002
2025-01-30,21.293350
2025-01-31,21.254652
2025-02-03,21.419117
2025-02-04,21.477165
2025-02-05,21.341722
2025-02-06,21.351397
2025-02-07,21.361071
2025-02-10,21.670652
2025-02-11,21.835117
2025-02-12,21.593256
2025-02-13,21.699677
2025-02-14,21.709351
2025-02-18,22.028605
2025-02-19,22.202745
2025-02-20,22.231768
2025-02-21,21.922186
2025-02-24,21.844791
2025-02-25,21.602932
2025-02-26,21.419117
2025-02-27,21.448141
2025-02-28,21.283676
2025-03-03,21.148235
2025-03-04,21.215956
2025-03-05,21.157909
2025-03-06,21.051491
2025-03-07,21.235306
2025-03-10,21.099863
2025-03-11,21.215956
2025-03-12,21.215956
2025-03-13,21.138561
2025-03-14,21.254652
2025-03-17,21.399771
2025-03-18,21.351397
2025-03-19,21.486837
2025-03-20,21.525536
2025-03-21,21.399771
2025-03-24,21.477165
2025-03-25,21.506187
2025-03-26,21.477165
2025-03-27,21.535212
2025-03-28,21.467491
2025-03-31,21.767397
2025-04-01,21.777071
2025-04-02,21.912512
2025-04-03,21.032143
2025-04-04,20.267866
2025-04-07,19.948610
2025-04-08,19.503588
2025-04-09,20.209818
2025-04-10,19.958282
2025-04-11,20.248516
2025-04-14,20.258190
2025-04-15,20.209818
2025-04-16,20.461351
2025-04-17,20.674191
2025-04-21,20.500050
2025-04-22,20.596794
2025-04-23,20.442003
2025-04-24,20.625816
2025-04-25,20.654840
2025-04-28,20.538748
2025-04-29,20.277538
2025-04-30,19.900236
2025-05-01,19.996981
2025-05-02,20.084051
2025-05-05,19.967958
2025-05-06,20.267866
2025-05-07,20.016331
2025-05-08,20.277538
2025-05-09,20.432329
2025-05-12,20.567772
2025-05-13,20.887026
2025-05-14,20.780607
2025-05-15,20.577446
2025-05-16,20.500050
2025-05-19,20.471027
2025-05-20,20.732235
2025-05-21,20.703213
2025-05-22,20.596794
2025-05-23,20.712887
2025-05-27,20.529072
2025-05-28,20.461351
2025-05-29,20.354935
2025-05-30,20.200142
2025-06-02,20.625816
2025-06-03,20.761257
2025-06-04,20.683863
2025-06-05,20.780607
2025-06-06,20.945072
2025-06-09,20.964420
2025-06-10,20.916050
2025-06-11,21.254652
2025-06-12,21.254652
2025-06-13,21.912512
2025-06-16,21.864141
2025-06-17,22.328510
2025-06-18,22.386557
2025-06-20,22.502651
2025-06-23,21.670652
2025-06-24,21.148235
2025-06-25,21.119211
2025-06-26,21.196606
2025-06-27,21.090187
2025-06-30,21.099863
2025-07-01,21.215956
2025-07-02,21.564234
2025-07-03,21.554560
2025-07-07,21.535212
2025-07-08,21.602932
2025-07-09,21.564234
2025-07-10,21.496511
2025-07-11,21.777071
2025-07-14,21.593256
2025-07-15,21.554560
2025-07-16,21.583582
2025-07-17,21.757721
2025-07-18,21.796419
2025-07-21,21.748047
2025-07-22,21.709351
2025-07-23,21.651302
2025-07-24,21.670652
2025-07-25,21.448141
2025-07-28,21.670652
2025-07-29,21.951210
2025-07-30,21.902838
2025-07-31,21.719025
2025-08-01,21.370747
2025-08-04,21.293350
2025-08-05,21.109537
2025-08-06,21.061165
2025-08-07,21.128885
2025-08-08,21.128885
2025-08-11,21.157909
2025-08-12,21.070841
2025-08-13,21.041817
2025-08-14,21.128885
2025-08-15,21.061165
2025-08-18,21.080515
2025-08-19,20.916050
2025-08-20,21.148235
2025-08-21,21.274002
2025-08-22,21.361071
2025-08-25,21.467491
2025-08-26,21.303026
2025-08-27,21.322374
2025-08-28,21.457815
2025-08-29,21.486837
2025-09-02,21.835117
2025-09-03,21.641630
2025-09-04,21.486837
2025-09-05,21.312700
2025-09-08,21.457815
2025-09-09,21.515862
2025-09-10,21.660976
2025-09-11,21.496511
2025-09-12,21.622280
2025-09-15,21.815767
2025-09-16,22.038280
2025-09-17,21.806095
2025-09-18,21.709351
2025-09-19,21.535212
2025-09-22,21.535212
2025-09-23,21.757721
2025-09-24,21.902838
2025-09-25,22.057627
2025-09-26,22.067303
2025-09-29,21.883490
2025-09-30,21.796419
2025-10-01,21.757721
2025-10-02,21.612606
2025-10-03,21.680326
2025-10-06,21.902838
2025-10-07,21.989906
2025-10-08,22.018930
2025-10-09,21.815767
2025-10-10,21.351397
2025-10-13,21.622280
2025-10-14,21.380421
2025-10-15,21.457815
2025-10-16,21.419117
2025-10-17,21.399771
2025-10-20,21.612606
2025-10-21,21.390095
2025-10-22,21.728697
2025-10-23,22.096325
2025-10-24,22.106001
2025-10-27,22.057627
2025-10-28,21.854465
2025-10-29,21.970558
2025-10-30,21.980232
2025-10-31,22.135023
2025-11-03,22.299488
2025-11-04,22.144697
2025-11-05,22.076977
2025-11-06,22.106001
2025-11-07,22.154371
2025-11-10,22.396233
2025-11-11,22.541348
2025-11-12,22.289814
2025-11-13,22.173721
2025-11-14,22.222092
2025-11-17,22.193069
2025-11-18,22.376883
2025-11-19,22.154371
2025-11-20,21.941536
2025-11-21,21.796419
2025-11-24,21.902838
2025-11-25,21.786745
2025-11-26,22.018930
2025-11-28,22.309162
2025-12-01,22.367210
2025-12-02,22.270466
2025-12-03,22.376883
2025-12-04,22.434931
2025-12-05,22.570372
2025-12-08,22.289814
2025-12-09,22.241442
2025-12-10,22.376883
2025-12-11,22.357534
2025-12-12,22.173721
2025-12-15,22.067303
2025-12-16,21.844791
2025-12-17,22.106001
2025-12-18,21.951210
2025-12-19,22.106001
2025-12-22,22.389999
2025-12-23,22.639999
2025-12-24,22.629999
2025-12-26,22.700001
2025-12-29,22.490000
2025-12-30,22.639999
2025-12-31,22.360001
2026-01-02,22.389999
2026-01-05,22.809999
2026-01-06,22.799999
2026-01-07,22.590000
2026-01-08,22.879999
2026-01-09,22.900000
2026-01-12,23.190001
2026-01-13,23.370001
2026-01-14,23.389999
2026-01-15,23.200001
2026-01-16,23.160000
2026-01-20,23.480000
2026-01-21,23.750000
2026-01-22,23.740000
2026-01-23,24.180000
2026-01-26,24.290001
2026-01-27,24.620001
2026-01-28,24.940001
2026-01-29,25.299999
2026-01-30,24.430000
2026-02-02,23.540001
2026-02-03,24.150000
2026-02-04,24.190001
2026-02-05,23.760000
2026-02-06,24.010000
2026-02-09,24.250000
2026-02-10,24.139999
2026-02-11,24.370001
2026-02-12,23.799999
2026-02-13,23.879999
2026-02-17,23.590000
2026-02-18,24.209999
2026-02-19,24.430000
2026-02-20,24.600000
2026-02-23,24.750000
2026-02-24,24.719999
2026-02-25,24.750000
2026-02-26,24.760000
2026-02-27,25.100000
2026-03-02,25.809999
2026-03-03,25.910000
2026-03-04,26.139999
2026-03-05,26.520000
2026-03-06,27.510000
2026-03-09,27.139999
2026-03-10,27.600000
2026-03-11,28.129999
2026-03-12,28.860001
2026-03-13,28.709999
2026-03-16,28.309999
2026-03-17,28.760000
2026-03-18,29.270000
2026-03-19,28.840000
2026-03-20,28.940001
2026-03-23,27.750000
2026-03-24,28.240000
2026-03-25,28.170000
2026-03-26,28.440001
2026-03-27,29.100000
2026-03-30,29.260000
2026-03-31,28.950001
2026-04-01,28.680000
2026-04-02,29.330000
2026-04-06,29.480000
2026-04-07,29.370001
2026-04-08,28.559999
2026-04-09,28.709999
2026-04-10,28.500000
2026-04-13,28.959999
2026-04-14,28.840000
2026-04-15,28.889999
2026-04-16,29.110001
2026-04-17,28.290001
2026-04-20,28.670000
2026-04-21,29.209999
2026-04-22,29.510000
2026-04-23,29.889999
2026-04-24,29.860001
2026-04-27,30.090000
2026-04-28,30.340000
2026-04-29,31.080000
2026-04-30,31.100000
2026-05-01,30.809999
2026-05-04,31.330000
2026-05-05,31.200001
2026-05-06,30.209999
2026-05-07,30.250000
2026-05-08,30.299999
2026-05-11,31.059999
2026-05-12,31.690001
2026-05-13,31.370001
2026-05-14,31.150000
2026-05-15,31.190001
2026-05-18,31.379999
2026-05-19,31.610001
2026-05-20,30.879999
2026-05-21,30.700001
2026-05-22,30.540001
2026-05-26,30.030001
2026-05-27,29.490000
2026-05-28,29.719999
2026-05-29,29.480000
2026-06-01,29.990000
2026-06-02,30.120001
2026-06-03,30.290001
2026-06-04,29.879999
2026-06-05,29.230000
2026-06-08,29.469999
2026-06-09,29.070000
2026-06-10,29.170000
2026-06-11,28.850000
2026-06-12,28.549999
2026-06-15,28.219999
2026-06-16,27.900000
2026-06-17,27.709999
2026-06-18,27.629999
2026-06-22,27.410000
2026-06-23,27.120001
2026-06-24,26.450001
2026-06-25,26.930000
2026-06-26,26.570000
2026-06-29,26.559999
2026-06-30,26.660000
2026-07-01,26.450001
2026-07-02,26.570000
2026-07-06,27.000000
2026-07-07,27.350000
2026-07-08,27.799999
2026-07-09,27.580000
2026-07-10,27.520000
2026-07-13,28.330000
2026-07-14,28.629999
2026-07-15,28.790001
2026-07-16,28.459999
2026-07-17,28.980000
2026-07-20,29.139999
2026-07-21,29.570000
2026-07-22,29.860001
2026-07-23,30.309999
2026-07-24,30.100000
2026-07-27,29.010000
2026-07-28,28.600000
2026-07-29,29.420000
2026-07-30,29.320000
2026-07-31,29.450001
2026-08-03,28.879999
2026-08-04,28.309999
2026-08-05,28.480000
2026-08-06,28.860001
2026-08-07,28.910000
2026-08-10,29.930000
2026-08-11,29.969999
2026-08-12,30.110001
2026-08-13,29.780001
2026-08-14,30.000000
2026-08-17,30.559999
2026-08-18,30.480000
2026-08-19,30.760000
2026-08-20,31.110001
2026-08-21,31.260000
2026-08-24,30.940001
2026-08-25,30.430000
2026-08-26,30.500000
2026-08-27,30.860001
2026-08-28,30.790001
2026-08-31,31.299999
2026-09-01,31.930000
2026-09-02,31.930000
2026-09-03,31.959999
2026-09-04,31.900000
2026-09-08,32.400002
2026-09-09,32.849998
2026-09-10,33.619999
2026-09-11,33.160000
2026-09-14,33.150002
2026-09-15,33.680000
2026-09-16,33.160000
2026-09-17,33.049999
2026-09-18,32.930000
2026-09-21,32.580002
2026-09-22,32.439999
2026-09-23,32.880001
2026-09-24,33.180000
2026-09-25,32.619999
