date,adj_close
2003-04-14,7.199285
2003-04-15,7.284819
2003-04-16,7.368930
2003-04-17,7.421677
2003-04-21,7.418825
2003-04-22,7.443774
2003-04-23,7.478701
2003-04-24,7.331154
2003-04-25,7.209975
2003-04-28,7.329014
2003-04-29,7.537862
2003-04-30,7.516479
2003-05-01,7.487254
2003-05-02,7.602016
2003-05-05,7.683988
2003-05-06,7.723193
2003-05-07,7.708936
2003-05-08,7.641220
2003-05-09,7.731031
2003-05-12,7.838665
2003-05-13,7.794471
2003-05-14,7.755267
2003-05-15,7.770948
2003-05-16,7.776651
2003-05-19,7.591323
2003-05-20,7.629102
2003-05-21,7.635514
2003-05-22,7.704657
2003-05-23,7.783778
2003-05-27,8.062482
2003-05-28,8.097413
2003-05-29,8.108104
2003-05-30,8.202192
2003-06-02,8.261354
2003-06-03,8.198629
2003-06-04,8.304127
2003-06-05,8.312678
2003-06-06,8.390374
2003-06-09,8.318380
2003-06-10,8.403919
2003-06-11,8.411043
2003-06-12,8.474484
2003-06-13,8.471632
2003-06-16,8.562871
2003-06-17,8.738933
2003-06-18,8.706857
2003-06-19,8.706857
2003-06-20,8.706857
2003-06-23,8.493018
2003-06-24,8.430289
2003-06-25,8.500144
2003-06-26,8.592096
2003-06-27,8.552176
2003-06-30,8.546475
2003-07-01,8.639139
2003-07-02,8.842288
2003-07-03,8.867234
2003-07-07,9.086778
2003-07-08,9.112441
2003-07-09,9.091056
2003-07-10,8.931388
2003-07-11,9.006232
2003-07-14,9.164473
2003-07-15,9.049001
2003-07-16,9.056128
2003-07-17,8.819480
2003-07-18,8.937088
2003-07-21,8.818766
2003-07-22,8.924260
2003-07-23,8.867234
2003-07-24,8.910002
2003-07-25,9.056128
2003-07-28,9.106022
2003-07-29,9.054702
2003-07-30,8.988411
2003-07-31,9.031179
2003-08-01,9.051139
2003-08-04,9.011223
2003-08-05,8.914280
2003-08-06,8.874361
2003-08-07,8.939226
2003-08-08,8.999107
2003-08-11,9.038304
2003-08-12,9.073949
2003-08-13,9.202253
2003-08-14,9.323427
2003-08-15,9.230767
2003-08-18,9.427497
2003-08-19,9.473832
2003-08-20,9.475255
2003-08-21,9.649177
2003-08-22,9.698360
2003-08-25,9.622805
2003-08-26,9.505194
2003-08-27,9.615676
2003-08-28,9.682679
2003-08-29,9.752533
2003-09-02,9.897232
2003-09-03,9.975640
2003-09-04,10.011283
2003-09-05,10.002011
2003-09-08,10.191621
2003-09-09,10.014845
2003-09-10,9.848050
2003-09-11,9.836642
2003-09-12,9.906500
2003-09-15,9.760374
2003-09-16,9.961385
2003-09-17,9.918616
2003-09-18,10.032667
2003-09-19,9.986332
2003-09-22,9.823100
2003-09-23,9.847334
2003-09-24,9.865155
2003-09-25,9.719030
2003-09-26,9.651317
2003-09-29,9.719745
2003-09-30,9.689095
2003-10-01,9.943565
2003-10-02,10.086123
2003-10-03,10.185917
2003-10-06,10.225121
2003-10-07,10.214427
2003-10-08,10.290698
2003-10-09,10.463908
2003-10-10,10.592213
2003-10-13,10.752591
2003-10-14,10.547308
2003-10-15,10.674896
2003-10-16,10.672049
2003-10-17,10.607181
2003-10-20,10.666346
2003-10-21,10.719805
2003-10-22,10.562274
2003-10-23,10.406884
2003-10-24,10.351998
2003-10-27,10.471037
2003-10-28,10.614310
2003-10-29,10.702697
2003-10-30,10.664205
2003-10-31,10.578671
2003-11-03,10.831001
2003-11-04,10.860934
2003-11-05,10.875197
2003-11-06,10.797501
2003-11-07,10.808900
2003-11-10,10.659927
2003-11-11,10.523070
2003-11-12,10.710537
2003-11-13,10.793224
2003-11-14,10.738338
2003-11-17,10.528773
2003-11-18,10.549447
2003-11-19,10.481017
2003-11-20,10.345587
2003-11-21,10.435395
2003-11-24,10.548731
2003-11-25,10.585085
2003-11-26,10.682027
2003-11-28,10.777540
2003-12-01,11.086184
2003-12-02,11.037001
2003-12-03,10.998511
2003-12-04,10.922953
2003-12-05,10.902284
2003-12-08,10.923668
2003-12-09,10.878045
2003-12-10,10.834568
2003-12-11,11.032011
2003-12-12,11.082619
2003-12-15,11.091173
2003-12-16,11.044842
2003-12-17,10.916535
2003-12-18,11.092601
2003-12-19,11.119682
2003-12-22,11.276696
2003-12-23,11.307487
2003-12-24,11.344006
2003-12-26,11.372640
2003-12-29,11.544478
2003-12-30,11.599607
2003-12-31,11.745846
2004-01-02,12.007377
2004-01-05,12.428690
2004-01-06,12.288255
2004-01-07,12.316914
2004-01-08,12.363484
2004-01-09,12.341277
2004-01-12,12.330524
2004-01-13,12.260307
2004-01-14,12.279648
2004-01-15,12.028872
2004-01-16,12.080462
2004-01-20,12.431554
2004-01-21,12.448036
2004-01-22,12.416508
2004-01-23,12.395725
2004-01-26,12.478128
2004-01-27,12.415077
2004-01-28,12.239528
2004-01-29,12.046781
2004-01-30,12.030307
2004-02-02,12.033175
2004-02-03,11.965819
2004-02-04,11.858339
2004-02-05,11.854760
2004-02-06,12.124885
2004-02-09,12.299717
2004-02-10,12.288968
2004-02-11,12.479562
2004-02-12,12.473114
2004-02-13,12.481711
2004-02-17,12.732491
2004-02-18,12.559092
2004-02-19,12.449467
2004-02-20,12.309744
2004-02-23,12.202266
2004-02-24,12.137786
2004-02-25,12.270337
2004-02-26,12.331242
2004-02-27,12.506072
2004-03-01,12.791241
2004-03-02,12.689506
2004-03-03,12.610682
2004-03-04,12.696663
2004-03-05,12.743237
2004-03-08,12.621431
2004-03-09,12.539033
2004-03-10,12.252426
2004-03-11,11.987318
2004-03-12,12.087624
2004-03-15,11.861923
2004-03-16,12.008809
2004-03-17,12.173613
2004-03-18,12.245262
2004-03-19,12.084044
2004-03-22,11.890587
2004-03-23,12.010239
2004-03-24,12.019556
2004-03-25,12.137069
2004-03-26,12.114850
2004-03-29,12.270337
2004-03-30,12.420809
2004-03-31,12.574856
2004-04-01,12.677320
2004-04-02,12.804144
2004-04-05,12.893703
2004-04-06,12.965362
2004-04-07,12.918784
2004-04-08,12.929530
2004-04-12,13.029127
2004-04-13,12.877226
2004-04-14,12.687350
2004-04-15,12.582026
2004-04-16,12.675170
2004-04-19,12.696663
2004-04-20,12.585607
2004-04-21,12.492458
2004-04-22,12.488873
2004-04-23,12.582026
2004-04-26,12.402895
2004-04-27,12.336974
2004-04-28,11.983731
2004-04-29,11.588932
2004-04-30,11.342448
2004-05-03,11.456378
2004-05-04,11.680648
2004-05-05,11.709306
2004-05-06,11.466406
2004-05-07,11.208462
2004-05-10,10.667490
2004-05-11,10.984192
2004-05-12,10.987774
2004-05-13,10.959114
2004-05-14,10.670360
2004-05-17,10.243318
2004-05-18,10.547834
2004-05-19,10.839456
2004-05-20,10.772820
2004-05-21,10.949796
2004-05-24,11.120330
2004-05-25,11.365375
2004-05-26,11.320954
2004-05-27,11.500082
2004-05-28,11.475004
2004-06-01,11.395471
2004-06-02,11.395471
2004-06-03,11.142541
2004-06-04,11.306623
2004-06-07,11.697122
2004-06-08,11.534476
2004-06-09,11.273663
2004-06-10,11.286562
2004-06-14,10.851635
2004-06-15,11.061575
2004-06-16,10.913254
2004-06-17,10.967710
2004-06-18,10.905375
2004-06-21,10.955529
2004-06-22,11.071608
2004-06-23,11.268647
2004-06-24,11.313784
2004-06-25,11.428432
2004-06-28,11.330986
2004-06-29,11.417683
2004-06-30,11.581050
2004-07-01,11.436309
2004-07-02,11.435595
2004-07-06,11.313072
2004-07-07,11.460671
2004-07-08,11.297309
2004-07-09,11.357496
2004-07-12,11.328121
2004-07-13,11.379709
2004-07-14,11.270798
2004-07-15,11.212042
2004-07-16,11.335287
2004-07-19,11.318089
2004-07-20,11.366098
2004-07-21,11.234972
2004-07-22,11.234972
2004-07-23,11.041511
2004-07-26,10.939050
2004-07-27,11.147559
2004-07-28,11.143972
2004-07-29,11.213476
2004-07-30,11.159737
2004-08-02,11.103848
2004-08-03,11.116748
2004-08-04,11.127492
2004-08-05,11.055842
2004-08-06,10.975590
2004-08-09,11.067306
2004-08-10,11.191979
2004-08-11,11.088086
2004-08-12,10.964129
2004-08-13,10.981324
2004-08-16,11.131077
2004-08-17,11.205597
2004-08-18,11.338148
2004-08-19,11.350331
2004-08-20,11.406938
2004-08-23,11.468557
2004-08-24,11.435595
2004-08-25,11.571733
2004-08-26,11.587498
2004-08-27,11.566003
2004-08-30,11.503662
2004-08-31,11.553821
2004-09-01,11.649117
2004-09-02,11.793856
2004-09-03,11.668464
2004-09-07,11.758025
2004-09-08,11.750863
2004-09-09,11.786690
2004-09-10,11.898467
2004-09-13,12.007377
2004-09-14,12.003076
2004-09-15,11.950053
2004-09-16,12.099807
2004-09-17,12.180774
2004-09-20,12.192953
2004-09-21,12.320495
2004-09-22,12.134202
2004-09-23,12.187940
2004-09-24,12.153546
2004-09-27,12.081179
2004-09-28,12.230930
2004-09-29,12.295415
2004-09-30,12.359905
2004-10-01,12.596352
2004-10-04,12.811305
2004-10-05,12.716732
2004-10-06,12.863611
2004-10-07,12.753984
2004-10-08,12.660839
2004-10-11,12.726761
2004-10-12,12.526131
2004-10-13,12.356317
2004-10-14,12.187940
2004-10-15,12.350588
2004-10-18,12.481711
2004-10-19,12.421521
2004-10-20,12.343421
2004-10-21,12.521115
2004-10-22,12.431554
2004-10-25,12.465228
2004-10-26,12.510366
2004-10-27,12.725325
2004-10-28,12.662267
2004-10-29,12.711714
2004-11-01,12.806293
2004-11-02,12.835668
2004-11-03,13.022679
2004-11-04,13.219721
2004-11-05,13.269875
2004-11-08,13.120129
2004-11-09,13.204678
2004-11-10,13.219721
2004-11-11,13.370188
2004-11-12,13.595891
2004-11-15,13.608794
2004-11-16,13.453304
2004-11-17,13.757111
2004-11-18,13.782190
2004-11-19,13.585151
2004-11-22,13.638167
2004-11-23,13.661814
2004-11-24,13.807267
2004-11-26,14.036548
2004-11-29,13.950567
2004-11-30,13.976365
2004-12-01,14.083127
2004-12-02,14.062346
2004-12-03,14.126114
2004-12-06,14.106052
2004-12-07,13.889668
2004-12-08,13.816579
2004-12-09,13.591593
2004-12-10,13.577974
2004-12-13,13.784339
2004-12-14,13.911159
2004-12-15,14.103907
2004-12-16,14.032970
2004-12-17,14.000720
2004-12-20,14.183438
2004-12-21,14.319578
2004-12-22,14.315991
2004-12-23,14.413400
2004-12-27,14.402515
2004-12-28,14.477218
2004-12-29,14.556998
2004-12-30,14.520015
2004-12-31,14.639682
2005-01-03,14.487372
2005-01-04,14.041327
2005-01-05,13.869443
2005-01-06,13.860008
2005-01-07,13.886844
2005-01-10,13.904255
2005-01-11,13.878140
2005-01-12,14.048582
2005-01-13,13.990561
2005-01-14,14.240777
2005-01-18,14.215396
2005-01-19,14.019574
2005-01-20,13.845505
2005-01-21,14.034076
2005-01-24,14.012320
2005-01-25,14.139247
2005-01-26,14.345946
2005-01-27,14.359728
2005-01-28,14.372781
2005-01-31,14.562076
2005-02-01,14.686825
2005-02-02,14.733241
2005-02-03,14.718009
2005-02-04,14.947925
2005-02-07,14.995068
2005-02-08,15.024078
2005-02-09,14.975491
2005-02-10,15.048005
2005-02-11,15.194520
2005-02-14,15.303309
2005-02-15,15.339569
2005-02-16,15.292431
2005-02-17,15.267038
2005-02-18,15.454885
2005-02-22,15.398321
2005-02-23,15.469395
2005-02-24,15.709462
2005-02-25,15.998843
2005-02-28,15.972008
2005-03-01,16.016983
2005-03-02,15.752979
2005-03-03,15.796498
2005-03-04,15.985072
2005-03-07,16.090231
2005-03-08,15.967658
2005-03-09,15.876269
2005-03-10,15.723969
2005-03-11,15.635484
2005-03-14,15.515814
2005-03-15,15.129243
2005-03-16,15.000870
2005-03-17,15.274299
2005-03-18,15.205398
2005-03-21,14.985641
2005-03-22,14.708580
2005-03-23,14.522182
2005-03-24,14.506234
2005-03-28,14.606322
2005-03-29,14.228448
2005-03-30,14.552651
2005-03-31,14.708580
2005-04-01,14.795616
2005-04-04,14.828253
2005-04-05,14.824628
2005-04-06,15.027699
2005-04-07,15.179287
2005-04-08,15.107489
2005-04-11,14.962429
2005-04-12,15.150998
2005-04-13,14.849288
2005-04-14,14.469243
2005-04-15,14.164624
2005-04-18,14.332168
2005-04-19,14.572235
2005-04-20,14.228448
2005-04-21,14.638235
2005-04-22,14.476496
2005-04-25,14.750654
2005-04-26,14.599789
2005-04-27,14.467787
2005-04-28,14.237153
2005-04-29,14.525083
2005-05-02,14.621552
2005-05-03,14.607771
2005-05-04,15.005953
2005-05-05,15.085000
2005-05-06,15.125618
2005-05-09,15.139392
2005-05-10,14.799240
2005-05-11,14.868138
2005-05-12,14.614300
2005-05-13,14.464169
2005-05-16,14.636055
2005-05-17,14.639682
2005-05-18,14.931240
2005-05-19,14.985641
2005-05-20,14.947925
2005-05-23,14.997245
2005-05-24,14.953726
2005-05-25,14.846382
2005-05-26,15.013197
2005-05-27,15.114736
2005-05-31,14.984182
2005-06-01,15.161159
2005-06-02,15.276473
2005-06-03,15.197422
2005-06-06,15.350449
2005-06-07,15.274299
2005-06-08,15.216278
2005-06-09,15.296060
2005-06-10,15.339569
2005-06-13,15.400496
2005-06-14,15.463599
2005-06-15,15.578914
2005-06-16,15.718170
2005-06-17,15.907462
2005-06-20,15.763860
2005-06-21,15.687709
2005-06-22,15.835661
2005-06-23,15.557158
2005-06-24,15.502764
2005-06-27,15.600671
2005-06-28,15.718170
2005-06-29,15.626781
2005-06-30,15.578914
2005-07-01,15.635484
2005-07-05,15.705107
2005-07-06,15.628959
2005-07-07,15.674644
2005-07-08,15.837832
2005-07-11,16.079351
2005-07-12,16.270824
2005-07-13,16.259941
2005-07-14,16.353504
2005-07-15,16.264305
2005-07-18,16.214252
2005-07-19,16.399200
2005-07-20,16.401373
2005-07-21,16.579794
2005-07-22,16.540634
2005-07-25,16.397020
2005-07-26,16.490580
2005-07-27,16.579794
2005-07-28,16.786495
2005-07-29,16.775623
2005-08-01,17.049774
2005-08-02,17.352217
2005-08-03,17.308697
2005-08-04,17.156387
2005-08-05,16.840891
2005-08-08,16.956211
2005-08-09,17.297815
2005-08-10,17.482754
2005-08-11,17.384846
2005-08-12,17.199902
2005-08-15,17.319574
2005-08-16,17.019312
2005-08-17,17.030193
2005-08-18,16.716873
2005-08-19,16.651592
2005-08-22,16.858301
2005-08-23,16.699465
2005-08-24,16.481886
2005-08-25,16.666824
2005-08-26,16.645071
2005-08-29,16.827839
2005-08-30,16.651592
2005-08-31,16.997551
2005-09-01,17.232540
2005-09-02,17.384846
2005-09-06,17.602430
2005-09-07,17.624193
2005-09-08,17.595903
2005-09-09,17.854832
2005-09-12,17.828718
2005-09-13,17.628538
2005-09-14,17.565439
2005-09-15,17.667707
2005-09-16,17.939688
2005-09-19,17.913568
2005-09-20,17.961441
2005-09-21,18.131161
2005-09-22,17.950571
2005-09-23,17.935328
2005-09-26,18.094168
2005-09-27,17.974499
2005-09-28,18.179026
2005-09-29,18.498871
2005-09-30,18.468410
2005-10-03,18.585899
2005-10-04,18.411839
2005-10-05,17.852655
2005-10-06,17.228188
2005-10-07,17.654655
2005-10-10,17.595903
2005-10-11,17.672058
2005-10-12,17.130278
2005-10-13,17.023663
2005-10-14,16.958384
2005-10-17,17.145504
2005-10-18,16.710339
2005-10-19,17.036715
2005-10-20,16.351330
2005-10-21,16.786495
2005-10-24,17.239069
2005-10-25,16.899639
2005-10-26,16.960566
2005-10-27,16.558033
2005-10-28,16.993195
2005-10-31,17.297815
2005-11-01,17.602430
2005-11-02,17.874411
2005-11-03,17.893990
2005-11-04,17.857006
2005-11-07,17.870056
2005-11-08,17.702518
2005-11-09,17.967972
2005-11-10,17.996254
2005-11-11,18.035421
2005-11-14,17.987551
2005-11-15,17.885284
2005-11-16,18.037598
2005-11-17,18.303043
2005-11-18,18.353092
2005-11-21,18.363974
2005-11-22,18.355265
2005-11-23,18.548914
2005-11-25,18.535858
2005-11-28,18.418367
2005-11-29,18.255177
2005-11-30,18.298697
2005-12-01,18.777370
2005-12-02,18.755625
2005-12-05,18.907930
2005-12-06,19.081993
2005-12-07,18.901398
2005-12-08,18.759964
2005-12-09,18.951445
2005-12-12,19.060236
2005-12-13,19.310455
2005-12-14,19.182085
2005-12-15,19.103756
2005-12-16,19.038477
2005-12-19,18.994959
2005-12-20,19.158140
2005-12-21,19.469292
2005-12-22,19.473640
2005-12-23,19.589806
2005-12-27,19.371992
2005-12-28,19.424805
2005-12-29,19.426996
2005-12-30,19.416002
2006-01-03,20.142036
2006-01-04,20.324648
2006-01-05,20.428055
2006-01-06,20.854872
2006-01-09,21.059483
2006-01-10,20.806469
2006-01-11,21.050678
2006-01-12,20.758068
2006-01-13,20.780067
2006-01-17,20.417053
2006-01-18,20.406050
2006-01-19,21.066082
2006-01-20,20.439053
2006-01-23,21.033083
2006-01-24,21.363104
2006-01-25,21.374098
2006-01-26,21.880131
2006-01-27,22.130939
2006-01-30,22.027531
2006-01-31,22.172741
2006-02-01,22.161747
2006-02-02,21.591911
2006-02-03,21.297092
2006-02-06,21.803123
2006-02-07,21.231094
2006-02-08,21.297092
2006-02-09,21.352097
2006-02-10,21.319094
2006-02-13,20.793268
2006-02-14,21.319094
2006-02-15,21.209089
2006-02-16,21.759117
2006-02-17,21.730516
2006-02-21,21.539106
2006-02-22,21.655720
2006-02-23,21.649115
2006-02-24,21.690916
2006-02-27,21.888926
2006-02-28,21.319094
2006-03-01,21.908722
2006-03-02,21.926327
2006-03-03,21.561111
2006-03-06,21.231094
2006-03-07,20.483049
2006-03-08,20.604059
2006-03-09,20.395046
2006-03-10,20.824074
2006-03-13,20.802067
2006-03-14,21.451101
2006-03-15,21.699715
2006-03-16,21.506107
2006-03-17,21.657917
2006-03-20,21.781120
2006-03-21,21.341091
2006-03-22,21.576509
2006-03-23,21.376297
2006-03-24,21.561111
2006-03-27,21.693111
2006-03-28,21.297092
2006-03-29,21.704109
2006-03-30,21.814119
2006-03-31,21.781120
2006-04-03,22.397146
2006-04-04,22.529160
2006-04-05,22.760172
2006-04-06,22.643559
2006-04-07,22.298147
2006-04-10,22.221140
2006-04-11,22.031933
2006-04-12,22.159542
2006-04-13,22.265144
2006-04-17,22.529160
2006-04-18,23.277195
2006-04-19,23.420206
2006-04-20,23.336601
2006-04-21,23.519199
2006-04-24,23.211195
2006-04-25,22.892181
2006-04-26,23.343204
2006-04-27,22.975786
2006-04-28,23.200193
2006-05-01,23.193594
2006-05-02,23.602814
2006-05-03,23.629213
2006-05-04,23.860222
2006-05-05,24.245249
2006-05-08,24.421251
2006-05-09,24.443256
2006-05-10,24.179239
2006-05-11,23.563215
2006-05-12,22.947182
2006-05-15,22.397146
2006-05-16,22.509354
2006-05-17,21.737116
2006-05-18,21.319094
2006-05-19,21.778923
2006-05-22,20.753668
2006-05-23,20.527052
2006-05-24,20.384045
2006-05-25,21.250893
2006-05-26,21.187092
2006-05-30,20.274040
2006-05-31,20.615057
2006-06-01,21.037481
2006-06-02,21.253098
2006-06-05,20.351048
2006-06-06,20.201437
2006-06-07,19.757019
2006-06-08,19.404997
2006-06-09,19.151985
2006-06-12,18.439156
2006-06-13,18.029928
2006-06-14,18.546951
2006-06-15,19.627209
2006-06-16,19.515005
2006-06-19,18.788963
2006-06-20,19.019974
2006-06-21,19.636007
2006-06-22,19.283997
2006-06-23,19.250988
2006-06-26,19.250988
2006-06-27,18.887974
2006-06-28,19.479801
2006-06-29,20.637060
2006-06-30,20.659060
2006-07-03,21.116686
2006-07-05,20.461050
2006-07-06,20.879074
2006-07-07,20.483049
2006-07-10,20.648058
2006-07-11,20.747066
2006-07-12,20.285040
2006-07-13,19.482002
2006-07-14,19.581009
2006-07-17,19.272987
2006-07-18,19.541405
2006-07-19,20.747066
2006-07-20,20.150835
2006-07-21,19.759218
2006-07-24,20.648058
2006-07-25,20.703064
2006-07-26,20.615057
2006-07-27,20.898876
2006-07-28,21.347700
2006-07-31,21.143085
2006-08-01,20.802067
2006-08-02,21.077084
2006-08-03,21.055082
2006-08-04,21.099085
2006-08-07,20.967077
2006-08-08,20.967077
2006-08-09,21.046284
2006-08-10,21.261894
2006-08-11,21.004475
2006-08-14,21.088085
2006-08-15,21.605104
2006-08-16,21.816317
2006-08-17,21.847120
2006-08-18,21.640312
2006-08-21,21.528105
2006-08-22,21.521503
2006-08-23,21.132088
2006-08-24,21.074888
2006-08-25,21.134283
2006-08-28,21.374098
2006-08-29,21.446703
2006-08-30,21.539106
2006-08-31,21.477503
2006-09-01,21.717312
2006-09-05,21.836130
2006-09-06,21.209089
2006-09-07,20.967077
2006-09-08,21.138689
2006-09-11,20.683260
2006-09-12,21.037481
2006-09-13,21.352097
2006-09-14,21.176088
2006-09-15,21.301497
2006-09-18,21.541306
2006-09-19,21.209089
2006-09-20,21.644707
2006-09-21,21.116686
2006-09-22,20.848270
2006-09-25,21.090282
2006-09-26,21.338902
2006-09-27,21.290499
2006-09-28,21.462103
2006-09-29,21.290499
2006-10-02,21.255295
2006-10-03,20.967077
2006-10-04,21.528105
2006-10-05,21.814119
2006-10-06,21.759117
2006-10-09,21.677711
2006-10-10,21.873528
2006-10-11,21.756916
2006-10-12,22.287151
2006-10-13,22.419153
2006-10-16,22.480757
2006-10-17,22.185944
2006-10-18,22.403757
2006-10-19,22.502758
2006-10-20,22.397146
2006-10-23,22.377350
2006-10-24,22.504957
2006-10-25,22.766768
2006-10-26,22.821768
2006-10-27,22.441151
2006-10-30,22.364149
2006-10-31,22.793169
2006-11-01,22.564363
2006-11-02,22.634760
2006-11-03,22.705166
2006-11-06,23.244196
2006-11-07,23.145189
2006-11-08,23.204594
2006-11-09,23.283802
2006-11-10,23.316795
2006-11-13,23.396006
2006-11-14,23.761223
2006-11-15,23.805220
2006-11-16,23.565411
2006-11-17,23.539000
2006-11-20,23.446613
2006-11-21,23.820625
2006-11-22,23.987831
2006-11-24,23.983435
2006-11-27,23.530212
2006-11-28,23.666615
2006-11-29,24.049438
2006-11-30,24.157246
2006-12-01,24.058245
2006-12-04,24.559862
2006-12-05,24.988886
2006-12-06,24.817274
2006-12-07,24.729267
2006-12-08,24.619265
2006-12-11,24.630260
2006-12-12,24.333254
2006-12-13,24.465260
2006-12-14,24.883270
2006-12-15,24.993290
2006-12-18,24.819477
2006-12-19,24.663267
2006-12-20,24.936174
2006-12-21,24.891542
2006-12-22,24.980793
2006-12-26,25.212872
2006-12-27,25.572123
2006-12-28,25.523033
2006-12-29,25.476181
2007-01-03,25.692627
2007-01-04,25.337828
2007-01-05,24.596996
2007-01-08,24.775507
2007-01-09,24.222120
2007-01-10,24.166328
2007-01-11,24.472040
2007-01-12,24.969643
2007-01-16,25.058899
2007-01-17,24.954031
2007-01-18,24.690716
2007-01-19,25.134775
2007-01-22,25.105759
2007-01-23,25.677010
2007-01-24,25.900150
2007-01-25,25.103531
2007-01-26,25.257492
2007-01-29,24.922787
2007-01-30,25.308817
2007-01-31,25.505182
2007-02-01,25.817583
2007-02-02,25.739477
2007-02-05,25.764038
2007-02-06,26.018415
2007-02-07,25.917999
2007-02-08,25.779646
2007-02-09,25.471710
2007-02-12,25.297663
2007-02-13,25.699318
2007-02-14,26.252716
2007-02-15,26.268332
2007-02-16,26.328579
2007-02-20,26.397749
2007-02-21,26.475853
2007-02-22,26.408911
2007-02-23,26.219231
2007-02-26,26.208080
2007-02-27,24.077074
2007-02-28,24.679560
2007-03-01,24.324764
2007-03-02,24.099386
2007-03-05,23.481285
2007-03-06,24.512203
2007-03-07,24.362694
2007-03-08,24.991957
2007-03-09,25.036585
2007-03-12,25.159317
2007-03-13,24.427410
2007-03-14,24.628239
2007-03-15,24.829063
2007-03-16,24.617075
2007-03-19,25.157084
2007-03-20,25.322201
2007-03-21,26.080894
2007-03-22,25.969320
2007-03-23,26.089823
2007-03-26,26.074200
2007-03-27,25.958170
2007-03-28,25.494017
2007-03-29,26.000559
2007-03-30,25.996090
2007-04-02,26.174618
2007-04-03,26.603048
2007-04-04,26.770395
2007-04-05,26.794949
2007-04-09,26.948917
2007-04-10,27.076101
2007-04-11,26.826191
2007-04-12,27.274693
2007-04-13,27.408592
2007-04-16,27.734383
2007-04-17,27.584881
2007-04-18,27.379587
2007-04-19,27.158667
2007-04-20,27.482225
2007-04-23,27.372894
2007-04-24,27.368425
2007-04-25,27.707605
2007-04-26,27.633965
2007-04-27,27.495619
2007-04-30,26.964527
2007-05-01,27.071644
2007-05-02,27.609415
2007-05-03,27.841482
2007-05-04,27.832560
2007-05-07,28.013308
2007-05-08,27.649586
2007-05-09,28.095875
2007-05-10,27.408592
2007-05-11,28.104794
2007-05-14,27.825867
2007-05-15,27.859339
2007-05-16,28.263227
2007-05-17,28.160570
2007-05-18,28.305626
2007-05-21,28.356951
2007-05-22,28.361414
2007-05-23,28.316784
2007-05-24,27.636202
2007-05-25,28.060169
2007-05-29,27.964222
2007-05-30,28.249830
2007-05-31,28.330162
2007-06-01,29.037525
2007-06-04,28.908113
2007-06-05,28.807692
2007-06-06,28.082476
2007-06-07,27.649586
2007-06-08,28.138264
2007-06-11,28.379257
2007-06-12,27.886116
2007-06-13,28.443981
2007-06-14,28.890261
2007-06-15,29.548523
2007-06-18,29.575302
2007-06-19,29.608774
2007-06-20,29.356623
2007-06-21,29.722580
2007-06-22,29.329836
2007-06-25,29.106699
2007-06-26,28.852320
2007-06-27,29.262905
2007-06-28,29.269598
2007-06-29,29.372246
2007-07-02,29.968033
2007-07-03,30.206793
2007-07-05,30.340691
2007-07-06,30.860619
2007-07-09,31.159616
2007-07-10,30.545965
2007-07-11,30.798124
2007-07-12,31.474243
2007-07-13,31.864738
2007-07-16,31.552347
2007-07-17,31.527798
2007-07-18,31.141760
2007-07-19,31.451935
2007-07-20,31.235491
2007-07-23,32.139210
2007-07-24,31.039120
2007-07-25,31.217638
2007-07-26,29.626621
2007-07-27,29.242815
2007-07-30,30.200104
2007-07-31,29.581999
2007-08-01,29.465960
2007-08-02,29.791754
2007-08-03,28.506445
2007-08-06,29.015219
2007-08-07,29.231665
2007-08-08,30.213480
2007-08-09,28.963892
2007-08-10,28.461828
2007-08-13,28.742983
2007-08-14,27.999920
2007-08-15,26.899822
2007-08-16,26.442375
2007-08-17,27.279165
2007-08-20,27.334946
2007-08-21,27.234545
2007-08-22,28.406033
2007-08-23,28.551079
2007-08-24,29.231665
2007-08-27,29.365555
2007-08-28,28.171738
2007-08-29,29.287455
2007-08-30,29.137936
2007-08-31,29.889931
2007-09-04,30.394238
2007-09-05,29.934566
2007-09-06,30.168865
2007-09-07,29.488283
2007-09-10,29.510582
2007-09-11,30.106388
2007-09-12,30.213480
2007-09-13,30.548201
2007-09-14,30.608454
2007-09-17,30.414326
2007-09-18,31.887066
2007-09-19,32.032101
2007-09-20,31.931692
2007-09-21,32.355659
2007-09-24,32.757317
2007-09-25,32.634598
2007-09-26,33.069714
2007-09-27,33.560635
2007-09-28,33.348640
2007-10-01,34.397400
2007-10-02,34.631710
2007-10-03,33.582951
2007-10-04,33.917652
2007-10-05,35.048977
2007-10-08,34.676350
2007-10-09,35.216347
2007-10-10,35.263199
2007-10-11,34.953037
2007-10-12,35.591240
2007-10-15,35.156101
2007-10-16,34.504513
2007-10-17,35.301136
2007-10-18,35.479649
2007-10-19,33.962280
2007-10-22,34.207741
2007-10-23,35.156101
2007-10-24,34.926254
2007-10-25,35.370312
2007-10-26,36.372223
2007-10-29,37.209011
2007-10-30,36.506111
2007-10-31,37.307198
2007-11-01,35.800972
2007-11-02,36.004032
2007-11-05,34.752220
2007-11-06,36.070980
2007-11-07,34.921803
2007-11-08,35.100315
2007-11-09,34.274685
2007-11-12,32.377979
2007-11-13,34.665180
2007-11-14,34.698654
2007-11-15,33.899799
2007-11-16,34.319309
2007-11-19,32.737244
2007-11-20,33.636501
2007-11-21,31.942846
2007-11-23,32.886745
2007-11-26,31.581356
2007-11-27,32.790794
2007-11-28,34.587078
2007-11-29,34.163113
2007-11-30,34.453190
2007-12-03,34.154190
2007-12-04,34.064934
2007-12-05,35.577827
2007-12-06,36.137924
2007-12-07,35.709488
2007-12-10,35.720642
2007-12-11,34.207741
2007-12-12,35.234192
2007-12-13,34.265766
2007-12-14,33.449055
2007-12-17,32.023182
2007-12-18,32.902367
2007-12-19,33.116570
2007-12-20,33.297318
2007-12-21,34.301460
2007-12-24,34.881615
2007-12-26,35.062416
2007-12-27,34.253323
2007-12-28,34.382133
2007-12-31,33.968567
2008-01-02,33.408054
2008-01-03,33.708660
2008-01-04,32.696144
2008-01-07,32.935715
2008-01-08,32.680317
2008-01-09,33.751598
2008-01-10,34.149349
2008-01-11,33.188831
2008-01-14,33.677010
2008-01-15,32.153744
2008-01-16,30.815786
2008-01-17,29.918543
2008-01-18,30.601080
2008-01-22,29.832657
2008-01-23,30.022501
2008-01-24,30.605595
2008-01-25,30.140026
2008-01-28,30.885843
2008-01-29,30.734421
2008-01-30,30.329868
2008-01-31,30.937813
2008-02-01,31.554819
2008-02-04,31.652014
2008-02-05,29.947918
2008-02-06,29.457497
2008-02-07,29.956963
2008-02-08,29.900467
2008-02-11,30.271109
2008-02-12,30.759291
2008-02-13,31.450855
2008-02-14,31.046307
2008-02-15,31.267803
2008-02-19,31.676870
2008-02-20,31.941288
2008-02-21,31.493803
2008-02-22,31.916431
2008-02-25,32.510822
2008-02-26,32.940239
2008-02-27,33.218212
2008-02-28,32.861126
2008-02-29,31.554819
2008-03-03,31.726587
2008-03-04,30.989801
2008-03-05,31.640707
2008-03-06,30.555876
2008-03-07,30.133249
2008-03-10,29.604393
2008-03-11,31.595507
2008-03-12,31.010147
2008-03-13,30.727648
2008-03-14,29.638300
2008-03-17,28.906048
2008-03-18,30.408972
2008-03-19,28.582863
2008-03-20,29.064251
2008-03-24,30.178444
2008-03-25,30.641760
2008-03-26,30.393154
2008-03-27,30.246250
2008-03-28,30.192013
2008-03-31,30.370560
2008-04-01,31.536745
2008-04-02,31.559340
2008-04-03,31.943562
2008-04-04,31.814722
2008-04-07,32.237350
2008-04-08,32.061066
2008-04-09,31.561602
2008-04-10,32.013611
2008-04-11,31.491533
2008-04-14,31.416954
2008-04-15,31.785337
2008-04-16,32.725529
2008-04-17,32.488235
2008-04-18,32.978653
2008-04-21,33.145897
2008-04-22,32.838528
2008-04-23,33.310886
2008-04-24,32.883728
2008-04-25,33.125553
2008-04-28,33.062279
2008-04-29,32.476925
2008-04-30,33.145897
2008-05-01,33.498470
2008-05-02,33.819389
2008-05-05,33.794533
2008-05-06,34.171967
2008-05-07,33.154945
2008-05-08,33.496201
2008-05-09,33.222736
2008-05-12,33.649895
2008-05-13,33.810356
2008-05-14,33.891716
2008-05-15,34.612663
2008-05-16,35.053379
2008-05-19,35.060154
2008-05-20,34.452206
2008-05-21,34.101891
2008-05-22,34.201344
2008-05-23,33.604691
2008-05-27,33.550446
2008-05-28,34.002457
2008-05-29,34.077038
2008-05-30,34.194569
2008-06-02,33.787762
2008-06-03,33.177540
2008-06-04,32.888256
2008-06-05,33.934658
2008-06-06,32.705185
2008-06-09,32.621567
2008-06-10,31.868956
2008-06-11,31.392111
2008-06-12,31.575171
2008-06-13,31.916431
2008-06-16,32.024914
2008-06-17,32.160519
2008-06-18,32.004566
2008-06-19,32.054283
2008-06-20,31.007889
2008-06-23,31.098291
2008-06-24,30.960440
2008-06-25,31.580378
2008-06-26,30.496838
2008-06-27,30.791725
2008-06-30,31.024904
2008-07-01,30.471706
2008-07-02,29.603041
2008-07-03,29.518448
2008-07-07,29.413300
2008-07-08,29.774473
2008-07-09,29.173277
2008-07-10,29.701324
2008-07-11,29.502451
2008-07-14,29.465874
2008-07-15,28.974396
2008-07-16,29.811054
2008-07-17,29.950499
2008-07-18,29.692181
2008-07-21,30.060226
2008-07-22,30.078518
2008-07-23,30.121944
2008-07-24,29.008692
2008-07-25,29.207563
2008-07-28,28.713799
2008-07-29,30.304817
2008-07-30,29.989353
2008-07-31,29.317284
2008-08-01,29.118412
2008-08-04,28.226896
2008-08-05,28.590363
2008-08-06,29.159552
2008-08-07,28.158310
2008-08-08,28.226896
2008-08-11,27.932001
2008-08-12,27.698830
2008-08-13,27.691990
2008-08-14,28.055449
2008-08-15,27.616539
2008-08-18,27.150206
2008-08-19,26.923908
2008-08-20,27.609682
2008-08-21,27.568542
2008-08-22,27.547956
2008-08-25,26.978769
2008-08-26,27.026772
2008-08-27,27.602823
2008-08-28,27.794844
2008-08-29,27.465672
2008-09-02,26.635870
2008-09-03,26.196964
2008-09-04,24.989985
2008-09-05,25.346598
2008-09-08,25.662060
2008-09-09,24.221914
2008-09-10,24.612808
2008-09-11,24.249340
2008-09-12,25.058563
2008-09-15,23.090363
2008-09-16,23.289234
2008-09-17,21.636496
2008-09-18,23.460688
2008-09-19,26.382130
2008-09-22,24.660816
2008-09-23,23.892729
2008-09-24,24.167046
2008-09-25,25.408319
2008-09-26,24.544231
2008-09-29,21.677650
2008-09-30,23.433254
2008-10-01,23.714432
2008-10-02,21.636496
2008-10-03,21.067299
2008-10-06,19.483139
2008-10-07,17.967554
2008-10-08,17.967554
2008-10-09,16.643990
2008-10-10,16.836010
2008-10-13,20.669548
2008-10-14,19.640867
2008-10-15,16.465687
2008-10-16,17.274918
2008-10-17,16.733143
2008-10-20,17.905830
2008-10-21,16.479399
2008-10-22,14.744368
2008-10-23,15.155836
2008-10-24,13.592249
2008-10-27,13.235641
2008-10-28,16.006210
2008-10-29,15.498728
2008-10-30,17.590376
2008-10-31,17.439497
2008-11-03,17.281771
2008-11-04,18.859077
2008-11-05,16.458826
2008-11-06,15.629029
2008-11-07,16.897730
2008-11-10,17.055458
2008-11-11,15.992495
2008-11-12,14.806086
2008-11-13,16.856588
2008-11-14,15.238133
2008-11-17,14.984388
2008-11-18,14.764939
2008-11-19,13.489385
2008-11-20,12.522424
2008-11-21,14.326039
2008-11-24,15.196985
2008-11-25,14.908954
2008-11-26,16.047356
2008-11-28,15.738755
2008-12-01,14.223169
2008-12-02,15.121548
2008-12-03,15.244987
2008-12-04,14.593493
2008-12-05,15.457589
2008-12-08,16.445112
2008-12-09,16.218805
2008-12-10,17.185759
2008-12-11,16.746862
2008-12-12,16.980024
2008-12-15,16.753716
2008-12-16,18.090996
2008-12-17,17.775532
2008-12-18,17.384640
2008-12-19,17.446358
2008-12-22,16.794865
2008-12-23,16.655781
2008-12-24,16.774000
2008-12-26,16.718365
2008-12-29,16.690546
2008-12-30,17.135630
2008-12-31,17.365122
2009-01-02,18.192698
2009-01-05,18.429144
2009-01-06,18.846413
2009-01-07,17.761522
2009-01-08,17.685022
2009-01-09,17.302532
2009-01-12,16.572325
2009-01-13,16.620998
2009-01-14,15.814291
2009-01-15,15.995109
2009-01-16,16.168966
2009-01-20,14.965858
2009-01-21,15.779522
2009-01-22,15.257939
2009-01-23,15.452666
2009-01-26,15.633472
2009-01-27,15.911653
2009-01-28,16.718365
2009-01-29,15.869925
2009-01-30,15.751699
2009-02-02,15.591754
2009-02-03,16.057697
2009-02-04,16.175924
2009-02-05,16.516693
2009-02-06,17.344265
2009-02-09,17.253859
2009-02-10,16.210693
2009-02-11,16.697504
2009-02-12,16.593185
2009-02-13,16.676638
2009-02-17,15.612617
2009-02-18,15.501348
2009-02-19,15.355306
2009-02-20,14.965858
2009-02-23,14.597280
2009-02-24,15.397028
2009-02-25,15.132760
2009-02-26,15.000628
2009-02-27,14.764179
2009-03-02,13.867064
2009-03-03,14.061787
2009-03-04,15.049307
2009-03-05,14.430371
2009-03-06,14.673771
2009-03-09,14.388642
2009-03-10,15.556978
2009-03-11,15.556978
2009-03-12,16.155062
2009-03-13,16.245464
2009-03-16,16.259378
2009-03-17,16.614050
2009-03-18,16.961769
2009-03-19,16.850496
2009-03-20,16.620998
2009-03-23,18.157921
2009-03-24,17.594612
2009-03-25,17.858891
2009-03-26,18.345688
2009-03-27,17.803247
2009-03-30,16.885273
2009-03-31,17.253859
2009-04-01,17.824112
2009-04-02,18.790777
2009-04-03,19.020273
2009-04-06,18.783817
2009-04-07,18.352652
2009-04-08,18.623873
2009-04-09,19.437532
2009-04-13,19.555759
2009-04-14,19.242815
2009-04-15,19.520988
2009-04-16,19.687893
2009-04-17,19.548803
2009-04-20,18.596048
2009-04-21,18.992453
2009-04-22,18.832502
2009-04-23,19.124586
2009-04-24,19.486217
2009-04-27,18.832502
2009-04-28,18.769917
2009-04-29,19.757433
2009-04-30,19.938248
2009-05-01,20.230335
2009-05-04,21.628168
2009-05-05,21.433445
2009-05-06,21.802027
2009-05-07,21.259590
2009-05-08,21.968935
2009-05-11,21.454306
2009-05-12,21.607302
2009-05-13,20.814497
2009-05-14,21.113544
2009-05-15,20.918816
2009-05-18,22.080202
2009-05-19,22.330563
2009-05-20,22.400106
2009-05-21,21.982841
2009-05-22,22.080202
2009-05-26,22.344475
2009-05-27,22.087158
2009-05-28,22.768688
2009-05-29,23.116407
2009-06-01,24.090023
2009-06-02,23.742308
2009-06-03,22.900818
2009-06-04,23.325037
2009-06-05,23.373718
2009-06-08,23.012093
2009-06-09,23.053820
2009-06-10,23.345905
2009-06-11,23.846624
2009-06-12,23.464128
2009-06-15,22.622641
2009-06-16,22.281878
2009-06-17,22.031521
2009-06-18,21.968935
2009-06-19,22.080202
2009-06-22,21.280453
2009-06-23,21.418558
2009-06-24,21.888296
2009-06-25,22.540319
2009-06-26,22.659508
2009-06-29,22.827778
2009-06-30,22.596405
2009-07-01,23.010063
2009-07-02,22.379066
2009-07-06,22.329994
2009-07-07,21.804169
2009-07-08,21.551771
2009-07-09,21.937380
2009-07-10,21.677975
2009-07-13,21.832212
2009-07-14,22.070593
2009-07-15,23.255436
2009-07-16,23.297508
2009-07-17,23.535881
2009-07-20,24.377199
2009-07-21,24.307095
2009-07-22,24.250999
2009-07-23,24.938074
2009-07-24,24.818893
2009-07-27,25.036234
2009-07-28,24.924049
2009-07-29,24.363182
2009-07-30,24.966118
2009-07-31,25.085308
2009-08-03,26.024776
2009-08-04,25.786413
2009-08-05,25.569065
2009-08-06,25.358744
2009-08-07,25.611132
2009-08-10,25.323687
2009-08-11,24.846933
2009-08-12,25.071285
2009-08-13,25.505962
2009-08-14,25.043236
2009-08-17,24.061703
2009-08-18,24.587528
2009-08-19,24.650629
2009-08-20,25.078304
2009-08-21,25.456898
2009-08-24,25.569065
2009-08-25,25.512976
2009-08-26,25.435862
2009-08-27,25.386782
2009-08-28,25.253567
2009-08-31,24.755796
2009-09-01,24.286060
2009-09-02,24.545458
2009-09-03,25.036234
2009-09-04,25.519997
2009-09-08,26.045820
2009-09-09,26.186033
2009-09-10,26.529570
2009-09-11,26.543604
2009-09-14,26.445435
2009-09-15,26.760937
2009-09-16,27.433989
2009-09-17,27.286768
2009-09-18,27.363876
2009-09-21,27.125496
2009-09-22,27.539158
2009-09-23,27.125496
2009-09-24,26.592663
2009-09-25,26.704845
2009-09-28,27.048388
2009-09-29,27.111483
2009-09-30,27.279749
2009-10-01,26.536585
2009-10-02,26.543604
2009-10-05,27.160566
2009-10-06,27.609268
2009-10-07,27.581226
2009-10-08,27.917747
2009-10-09,27.938778
2009-10-12,28.170141
2009-10-13,28.219225
2009-10-14,29.130646
2009-10-15,28.969391
2009-10-16,28.569773
2009-10-19,29.116619
2009-10-20,28.731018
2009-10-21,28.576782
2009-10-22,28.815153
2009-10-23,28.576782
2009-10-26,28.219225
2009-10-27,27.728455
2009-10-28,26.459469
2009-10-29,27.630301
2009-10-30,26.340277
2009-11-02,26.732885
2009-11-03,26.774956
2009-11-04,27.272738
2009-11-05,27.833618
2009-11-06,27.798565
2009-11-09,28.822168
2009-11-10,28.688957
2009-11-11,28.934341
2009-11-12,28.289328
2009-11-13,28.773085
2009-11-16,29.495222
2009-11-17,29.390047
2009-11-18,29.158695
2009-11-19,28.618847
2009-11-20,28.499664
2009-11-23,29.095589
2009-11-24,28.934341
2009-11-25,29.270870
2009-11-27,28.135084
2009-11-30,28.408508
2009-12-01,29.221792
2009-12-02,29.340977
2009-12-03,29.067549
2009-12-04,29.333969
2009-12-07,29.081575
2009-12-08,28.541723
2009-12-09,28.717010
2009-12-10,28.885263
2009-12-11,28.990429
2009-12-14,29.186747
2009-12-15,28.885263
2009-12-16,29.053526
2009-12-17,28.219225
2009-12-18,28.296341
2009-12-21,28.261280
2009-12-22,28.546108
2009-12-23,28.828817
2009-12-24,29.118595
2009-12-28,29.217548
2009-12-29,29.112904
2009-12-30,29.240158
2009-12-31,29.339132
2010-01-04,30.194563
2010-01-05,30.413719
2010-01-06,30.477348
2010-01-07,30.300608
2010-01-08,30.540979
2010-01-11,30.477348
2010-01-12,29.989540
2010-01-13,30.081453
2010-01-14,30.003675
2010-01-15,29.657265
2010-01-19,30.258188
2010-01-20,29.530014
2010-01-21,28.639231
2010-01-22,28.002966
2010-01-25,28.207987
2010-01-26,27.621212
2010-01-27,27.550508
2010-01-28,27.359629
2010-01-29,27.062706
2010-02-01,27.790884
2010-02-02,28.017109
2010-02-03,27.854507
2010-02-04,26.596104
2010-02-05,26.299175
2010-02-08,26.037598
2010-02-09,26.885962
2010-02-10,26.815260
2010-02-11,27.522221
2010-02-12,27.175810
2010-02-16,27.875719
2010-02-17,27.974691
2010-02-18,28.080736
2010-02-19,27.840366
2010-02-22,27.875719
2010-02-23,27.232370
2010-02-24,27.493950
2010-02-25,27.267719
2010-02-26,27.543434
2010-03-01,28.010031
2010-03-02,28.328169
2010-03-03,28.363510
2010-03-04,28.215057
2010-03-05,28.950304
2010-03-08,28.971512
2010-03-09,29.134113
2010-03-10,29.339132
2010-03-11,29.346212
2010-03-12,29.247227
2010-03-15,29.035139
2010-03-16,29.409826
2010-03-17,29.727962
2010-03-18,29.501738
2010-03-19,29.119972
2010-03-22,29.226023
2010-03-23,29.431047
2010-03-24,28.992720
2010-03-25,28.914961
2010-03-26,29.056343
2010-03-29,29.579498
2010-03-30,29.692614
2010-03-31,29.777454
2010-04-01,30.555119
2010-04-05,30.830826
2010-04-06,30.922733
2010-04-07,30.654099
2010-04-08,30.760136
2010-04-09,30.951025
2010-04-12,30.703581
2010-04-13,30.639957
2010-04-14,31.092424
2010-04-15,30.922733
2010-04-16,30.017828
2010-04-19,29.897638
2010-04-20,30.251125
2010-04-21,30.152145
2010-04-22,30.279404
2010-04-23,30.442005
2010-04-26,30.442005
2010-04-27,29.353271
2010-04-28,29.600719
2010-04-29,30.088516
2010-04-30,29.727962
2010-05-03,29.890560
2010-05-04,28.519049
2010-05-05,28.002966
2010-05-06,26.857672
2010-05-07,26.999067
2010-05-10,28.943224
2010-05-11,28.420084
2010-05-12,28.773560
2010-05-13,28.504919
2010-05-14,27.918129
2010-05-17,27.748461
2010-05-18,27.168745
2010-05-19,26.907164
2010-05-20,25.571005
2010-05-21,26.398148
2010-05-24,26.122437
2010-05-25,25.839655
2010-05-26,25.825504
2010-05-27,27.387901
2010-05-28,26.935453
2010-06-01,26.440565
2010-06-02,27.366699
2010-06-03,27.267719
2010-06-04,26.299175
2010-06-07,25.889137
2010-06-08,26.482986
2010-06-09,26.341591
2010-06-10,27.260656
2010-06-11,27.402044
2010-06-14,27.409107
2010-06-15,28.236263
2010-06-16,28.236263
2010-06-17,28.094875
2010-06-18,28.222128
2010-06-21,28.709936
2010-06-22,28.158503
2010-06-23,28.231089
2010-06-24,27.732933
2010-06-25,28.060295
2010-06-28,27.868143
2010-06-29,26.736633
2010-06-30,26.558720
2010-07-01,26.750862
2010-07-02,26.864725
2010-07-06,27.362877
2010-07-07,27.967777
2010-07-08,28.102989
2010-07-09,28.444576
2010-07-12,28.216852
2010-07-13,28.544216
2010-07-14,28.487278
2010-07-15,28.352072
2010-07-16,27.505215
2010-07-19,27.868143
2010-07-20,28.522865
2010-07-21,28.231089
2010-07-22,29.085060
2010-07-23,29.284319
2010-07-26,29.483583
2010-07-27,29.433771
2010-07-28,29.270094
2010-07-29,29.319910
2010-07-30,29.462240
2010-08-02,30.223705
2010-08-03,30.081377
2010-08-04,30.124079
2010-08-05,29.988861
2010-08-06,29.946159
2010-08-09,30.102724
2010-08-10,29.689972
2010-08-11,28.743473
2010-08-12,28.793295
2010-08-13,28.949858
2010-08-16,29.220285
2010-08-17,29.526297
2010-08-18,29.504929
2010-08-19,29.277212
2010-08-20,29.191822
2010-08-23,28.928503
2010-08-24,28.558445
2010-08-25,28.373425
2010-08-26,28.195505
2010-08-27,28.814644
2010-08-30,28.337826
2010-08-31,28.508629
2010-09-01,29.512049
2010-09-02,29.561865
2010-09-03,29.910585
2010-09-07,29.476471
2010-09-08,29.796717
2010-09-09,29.967506
2010-09-10,30.074245
2010-09-13,30.793015
2010-09-14,30.778788
2010-09-15,30.821495
2010-09-16,30.664930
2010-09-17,30.615112
2010-09-20,31.099028
2010-09-21,31.006510
2010-09-22,31.027863
2010-09-23,30.828604
2010-09-24,31.397921
2010-09-27,31.340998
2010-09-28,31.568710
2010-09-29,31.675478
2010-09-30,31.860506
2010-10-01,32.330181
2010-10-04,32.230553
2010-10-05,32.814098
2010-10-06,32.799862
2010-10-07,32.508102
2010-10-08,32.899498
2010-10-11,32.878162
2010-10-12,32.742931
2010-10-13,33.347836
2010-10-14,33.290897
2010-10-15,33.248203
2010-10-18,33.262444
2010-10-19,32.209206
2010-10-20,32.721588
2010-10-21,32.721588
2010-10-22,32.757164
2010-10-25,33.113007
2010-10-26,33.084530
2010-10-27,32.522320
2010-10-28,32.728706
2010-10-29,32.821220
2010-11-01,33.184166
2010-11-02,33.596912
2010-11-03,33.803295
2010-11-04,34.571873
2010-11-05,34.507820
2010-11-08,34.365494
2010-11-09,33.931385
2010-11-10,34.180470
2010-11-11,33.845985
2010-11-12,33.027599
2010-11-15,33.013359
2010-11-16,32.145161
2010-11-17,32.308838
2010-11-18,33.077415
2010-11-19,33.098763
2010-11-22,32.999126
2010-11-23,31.953009
2010-11-24,32.693119
2010-11-26,31.881842
2010-11-29,32.130920
2010-11-30,31.867609
2010-12-01,32.778522
2010-12-02,33.426125
2010-12-03,33.547108
2010-12-06,33.490166
2010-12-07,33.333607
2010-12-08,33.120106
2010-12-09,33.006252
2010-12-10,33.155693
2010-12-13,33.369190
2010-12-14,33.418995
2010-12-15,32.878162
2010-12-16,32.970650
2010-12-17,33.020481
2010-12-20,32.871033
2010-12-21,33.350853
2010-12-22,33.465599
2010-12-23,33.429756
2010-12-27,33.322174
2010-12-28,33.350853
2010-12-29,33.777836
2010-12-30,33.950066
2010-12-31,34.186871
2011-01-03,34.516968
2011-01-04,34.674850
2011-01-05,34.588726
2011-01-06,34.222752
2011-01-07,33.907001
2011-01-10,33.555370
2011-01-11,33.914169
2011-01-12,34.595901
2011-01-13,34.294518
2011-01-14,34.394978
2011-01-18,34.344746
2011-01-19,34.079224
2011-01-20,33.706074
2011-01-21,33.354446
2011-01-24,33.612789
2011-01-25,33.411861
2011-01-26,33.706074
2011-01-27,33.591259
2011-01-28,32.529190
2011-01-31,32.873650
2011-02-01,33.670193
2011-02-02,33.419029
2011-02-03,33.375973
2011-02-04,33.368797
2011-02-07,33.411861
2011-02-08,33.426216
2011-02-09,32.658363
2011-02-10,32.349796
2011-02-11,32.744480
2011-02-14,32.579430
2011-02-15,32.644012
2011-02-16,32.916702
2011-02-17,33.031517
2011-02-18,33.232452
2011-02-22,32.170395
2011-02-23,32.199097
2011-02-24,32.278030
2011-02-25,32.665543
2011-02-28,32.859303
2011-03-01,32.522022
2011-03-02,32.966934
2011-03-03,33.619961
2011-03-04,33.655846
2011-03-07,33.182217
2011-03-08,33.627148
2011-03-09,33.691719
2011-03-10,32.694256
2011-03-11,33.031517
2011-03-14,33.225281
2011-03-15,32.672714
2011-03-16,32.005337
2011-03-17,32.400028
2011-03-18,32.457436
2011-03-21,33.081745
2011-03-22,33.182217
2011-03-23,33.619961
2011-03-24,34.007469
2011-03-25,33.971588
2011-03-28,33.799366
2011-03-29,34.186871
2011-03-30,34.624615
2011-03-31,34.926022
2011-04-01,35.485741
2011-04-04,35.787151
2011-04-05,35.715378
2011-04-06,35.909134
2011-04-07,35.873260
2011-04-08,35.909134
2011-04-11,35.485741
2011-04-12,34.818375
2011-04-13,35.105408
2011-04-14,35.213055
2011-04-15,35.256107
2011-04-18,34.373447
2011-04-19,34.868599
2011-04-20,35.693855
2011-04-21,36.009590
2011-04-25,35.715378
2011-04-26,36.023945
2011-04-27,35.959354
2011-04-28,35.665142
2011-04-29,35.880432
2011-05-02,35.887604
2011-05-03,35.091061
2011-05-04,34.509792
2011-05-05,34.179688
2011-05-06,34.624615
2011-05-09,34.689201
2011-05-10,35.098225
2011-05-11,34.323219
2011-05-12,34.423679
2011-05-13,33.670193
2011-05-16,33.619961
2011-05-17,33.727600
2011-05-18,34.272991
2011-05-19,34.050522
2011-05-20,33.777836
2011-05-23,33.074570
2011-05-24,33.404678
2011-05-25,33.476437
2011-05-26,33.907001
2011-05-27,34.265804
2011-05-31,34.825535
2011-06-01,34.201221
2011-06-02,34.524151
2011-06-03,34.351917
2011-06-06,33.799366
2011-06-07,34.064873
2011-06-08,33.820889
2011-06-09,34.086418
2011-06-10,33.347267
2011-06-13,33.289856
2011-06-14,33.792187
2011-06-15,33.067402
2011-06-16,32.816227
2011-06-17,32.859303
2011-06-20,32.809071
2011-06-21,33.411861
2011-06-22,33.079182
2011-06-23,33.035690
2011-06-24,32.977703
2011-06-27,33.361839
2011-06-28,33.818455
2011-06-29,34.130116
2011-06-30,34.499756
2011-07-01,34.905640
2011-07-05,34.891144
2011-07-06,34.659206
2011-07-07,35.137569
2011-07-08,34.738937
2011-07-11,33.767712
2011-07-12,33.427074
2011-07-13,33.970661
2011-07-14,33.608280
2011-07-15,33.818455
2011-07-18,33.427074
2011-07-19,33.912685
2011-07-20,34.014153
2011-07-21,34.557747
2011-07-22,34.536003
2011-07-25,34.463505
2011-07-26,34.579483
2011-07-27,33.970661
2011-07-28,33.999653
2011-07-29,34.144608
2011-08-01,34.115620
2011-08-02,33.064686
2011-08-03,32.948719
2011-08-04,31.064276
2011-08-05,30.861334
2011-08-08,28.288351
2011-08-09,29.948109
2011-08-10,28.360821
2011-08-11,29.926374
2011-08-12,29.911865
2011-08-15,30.607670
2011-08-16,30.346741
2011-08-17,30.564171
2011-08-18,29.121849
2011-08-19,28.759453
2011-08-22,28.730465
2011-08-23,29.737923
2011-08-24,29.447998
2011-08-25,28.875427
2011-08-26,29.368277
2011-08-29,30.317753
2011-08-30,30.361233
2011-08-31,30.984550
2011-09-01,30.817852
2011-09-02,30.122059
2011-09-06,29.810398
2011-09-07,30.694628
2011-09-08,30.013342
2011-09-09,28.998638
2011-09-12,28.940659
2011-09-13,28.984146
2011-09-14,28.904423
2011-09-15,29.324795
2011-09-16,29.375528
2011-09-19,28.505785
2011-09-20,28.295599
2011-09-21,27.244663
2011-09-22,25.331236
2011-09-23,26.005283
2011-09-26,26.396656
2011-09-27,27.237415
2011-09-28,26.418413
2011-09-29,26.780800
2011-09-30,25.439947
2011-10-03,24.903606
2011-10-04,25.287737
2011-10-05,25.874823
2011-10-06,26.730061
2011-10-07,26.411161
2011-10-10,27.592556
2011-10-11,27.607054
2011-10-12,28.382574
2011-10-13,28.128897
2011-10-14,28.694233
2011-10-17,27.723021
2011-10-18,28.462296
2011-10-19,27.918707
2011-10-20,27.382372
2011-10-21,28.165146
2011-10-24,29.266817
2011-10-25,28.686983
2011-10-26,29.216080
2011-10-27,30.991798
2011-10-28,30.730883
2011-10-31,29.578474
2011-11-01,28.860929
2011-11-02,29.745167
2011-11-03,30.049570
2011-11-04,29.853880
2011-11-07,30.107563
2011-11-08,30.462704
2011-11-09,28.679731
2011-11-10,28.868179
2011-11-11,29.563978
2011-11-14,29.158094
2011-11-15,29.339283
2011-11-16,28.549274
2011-11-17,27.824497
2011-11-18,27.933214
2011-11-21,27.034473
2011-11-22,27.128698
2011-11-23,26.251701
2011-11-25,26.164732
2011-11-28,27.418610
2011-11-29,27.295393
2011-11-30,28.998638
2011-12-01,28.911669
2011-12-02,28.824690
2011-12-05,29.295809
2011-12-06,28.897160
2011-12-07,29.013126
2011-12-08,27.969448
2011-12-09,28.534775
2011-12-12,27.462093
2011-12-13,27.208414
2011-12-14,26.817036
2011-12-15,26.990990
2011-12-16,27.193926
2011-12-19,26.490891
2011-12-20,27.600920
2011-12-21,27.688732
2011-12-22,28.054585
2011-12-23,28.164354
2011-12-27,27.893616
2011-12-28,27.425304
2011-12-29,27.739954
2011-12-30,27.761906
2012-01-03,28.610706
2012-01-04,28.449734
2012-01-05,28.325331
2012-01-06,27.966791
2012-01-09,28.259481
2012-01-10,28.874134
2012-01-11,28.896080
2012-01-12,29.013165
2012-01-13,28.749737
2012-01-17,29.298536
2012-01-18,30.037588
2012-01-19,30.301012
2012-01-20,30.279055
2012-01-23,30.571747
2012-01-24,30.615652
2012-01-25,30.959574
2012-01-26,30.835173
2012-01-27,30.996157
2012-01-30,30.549797
2012-01-31,30.813223
2012-02-01,31.493740
2012-02-02,31.581545
2012-02-03,32.108387
2012-02-06,31.837646
2012-02-07,31.903490
2012-02-08,32.130337
2012-02-09,32.115711
2012-02-10,31.405928
2012-02-13,31.918135
2012-02-14,31.654707
2012-02-15,31.742527
2012-02-16,32.086441
2012-02-17,32.144978
2012-02-21,32.013268
2012-02-22,32.071804
2012-02-23,32.013268
2012-02-24,32.335228
2012-02-27,32.013268
2012-02-28,32.459621
2012-02-29,32.437660
2012-03-01,32.744995
2012-03-02,32.664509
2012-03-05,32.101067
2012-03-06,31.025427
2012-03-07,31.398607
2012-03-08,32.057167
2012-03-09,32.042530
2012-03-12,31.691309
2012-03-13,32.554749
2012-03-14,32.042530
2012-03-15,32.298634
2012-03-16,32.262051
2012-03-19,32.137657
2012-03-20,31.581545
2012-03-21,31.640079
2012-03-22,31.157137
2012-03-23,31.391289
2012-03-26,31.940092
2012-03-27,31.771788
2012-03-28,31.237623
2012-03-29,31.201040
2012-03-30,31.427876
2012-04-02,31.859594
2012-04-03,31.676664
2012-04-04,31.105915
2012-04-05,31.274218
2012-04-09,30.813223
2012-04-10,30.213205
2012-04-11,30.542486
2012-04-12,31.325449
2012-04-13,30.849804
2012-04-16,30.696152
2012-04-17,31.047375
2012-04-18,30.901037
2012-04-19,30.761997
2012-04-20,30.974201
2012-04-23,30.381502
2012-04-24,30.447351
2012-04-25,30.725414
2012-04-26,30.915670
2012-04-27,30.959574
2012-04-30,30.893713
2012-05-01,31.098598
2012-05-02,31.040056
2012-05-03,30.805906
2012-05-04,30.264427
2012-05-07,30.374191
2012-05-08,29.891235
2012-05-09,29.503431
2012-05-10,29.627819
2012-05-11,29.247309
2012-05-14,28.581442
2012-05-15,28.332653
2012-05-16,27.930206
2012-05-17,27.549700
2012-05-18,27.286283
2012-05-21,27.937517
2012-05-22,27.644825
2012-05-23,27.454575
2012-05-24,27.315548
2012-05-25,27.183838
2012-05-29,27.952148
2012-05-30,27.469204
2012-05-31,27.586287
2012-06-01,26.847233
2012-06-04,26.964315
2012-06-05,27.037489
2012-06-06,27.827761
2012-06-07,27.996054
2012-06-08,27.754593
2012-06-11,27.352133
2012-06-12,27.922882
2012-06-13,27.820438
2012-06-14,28.018013
2012-06-15,28.530212
2012-06-18,28.588755
2012-06-19,29.049755
2012-06-20,28.954626
2012-06-21,27.894238
2012-06-22,27.983109
2012-06-25,27.464762
2012-06-26,27.701719
2012-06-27,27.879435
2012-06-28,27.746147
2012-06-29,28.975353
2012-07-02,28.975353
2012-07-03,29.552938
2012-07-05,29.241930
2012-07-06,28.708784
2012-07-09,28.605112
2012-07-10,28.286701
2012-07-11,28.434801
2012-07-12,27.960890
2012-07-13,28.501446
2012-07-16,28.434801
2012-07-17,28.812449
2012-07-18,28.738401
2012-07-19,29.004976
2012-07-20,28.575497
2012-07-23,27.827602
2012-07-24,27.709120
2012-07-25,27.842407
2012-07-26,28.471832
2012-07-27,29.271553
2012-07-30,29.101244
2012-07-31,28.967960
2012-08-01,29.019787
2012-08-02,28.679174
2012-08-03,29.567755
2012-08-06,29.752872
2012-08-07,29.834326
2012-08-08,29.893568
2012-08-09,30.019449
2012-08-10,30.160139
2012-08-13,29.893568
2012-08-14,29.886169
2012-08-15,29.841738
2012-08-16,30.115711
2012-08-17,29.967615
2012-08-20,29.952805
2012-08-21,29.908371
2012-08-22,29.923183
2012-08-23,29.649202
2012-08-24,29.656609
2012-08-27,29.353004
2012-08-28,29.293774
2012-08-29,29.153076
2012-08-30,28.812449
2012-08-31,29.086426
2012-09-04,28.923525
2012-09-05,28.775433
2012-09-06,29.412245
2012-09-07,30.093502
2012-09-10,29.708450
2012-09-11,30.063887
2012-09-12,30.197166
2012-09-13,31.011705
2012-09-14,31.374548
2012-09-17,31.033920
2012-09-18,31.048735
2012-09-19,31.048735
2012-09-20,30.863617
2012-09-21,30.937653
2012-09-24,30.908043
2012-09-25,30.448927
2012-09-26,30.308235
2012-09-27,30.789560
2012-09-28,30.604435
2012-10-01,30.908043
2012-10-02,30.952478
2012-10-03,30.745131
2012-10-04,31.063543
2012-10-05,31.063543
2012-10-08,30.789560
2012-10-09,30.560005
2012-10-10,30.374893
2012-10-11,30.656271
2012-10-12,30.560005
2012-10-15,30.737732
2012-10-16,31.056131
2012-10-17,31.300495
2012-10-18,31.211645
2012-10-19,30.730322
2012-10-22,31.026524
2012-10-23,30.389688
2012-10-24,30.419312
2012-10-25,30.752533
2012-10-26,30.515581
2012-10-31,30.471144
2012-11-01,30.967270
2012-11-02,30.804373
2012-11-05,30.952478
2012-11-06,31.196833
2012-11-07,30.685898
2012-11-08,30.300833
2012-11-09,30.360073
2012-11-12,30.471144
2012-11-13,30.197166
2012-11-14,29.730658
2012-11-15,29.834326
2012-11-16,29.923183
2012-11-19,30.448927
2012-11-20,30.389688
2012-11-21,30.330450
2012-11-23,30.826586
2012-11-26,30.826586
2012-11-27,30.567411
2012-11-28,30.737732
2012-11-29,30.959864
2012-11-30,30.945059
2012-12-03,30.930248
2012-12-04,31.019108
2012-12-05,31.352329
2012-12-06,31.589294
2012-12-07,31.685551
2012-12-10,31.863268
2012-12-11,32.026173
2012-12-12,32.122440
2012-12-13,31.981747
2012-12-14,32.122440
2012-12-17,32.203892
2012-12-18,32.428879
2012-12-19,32.413982
2012-12-20,32.607670
2012-12-21,32.235188
2012-12-24,32.168133
2012-12-26,32.264992
2012-12-27,32.446827
2012-12-28,32.566040
2012-12-31,33.050449
2013-01-02,33.698784
2013-01-03,33.460323
2013-01-04,33.527374
2013-01-07,33.274002
2013-01-08,32.975918
2013-01-09,33.117508
2013-01-10,33.408146
2013-01-11,33.139877
2013-01-14,33.281467
2013-01-15,33.139877
2013-01-16,33.110069
2013-01-17,33.296356
2013-01-18,33.370884
2013-01-22,33.318718
2013-01-23,33.139877
2013-01-24,33.020638
2013-01-25,32.908859
2013-01-28,32.677826
2013-01-29,33.042984
2013-01-30,32.886494
2013-01-31,32.953571
2013-02-01,33.169678
2013-02-04,32.729996
2013-02-05,32.767262
2013-02-06,32.729996
2013-02-07,32.439369
2013-02-08,32.677826
2013-02-11,32.662930
2013-02-12,32.752369
2013-02-13,32.916302
2013-02-14,32.901402
2013-02-15,32.782166
2013-02-19,32.849232
2013-02-20,32.558594
2013-02-21,32.111465
2013-02-22,32.253052
2013-02-25,31.820833
2013-02-26,31.999680
2013-02-27,32.349937
2013-02-28,32.200886
2013-03-01,32.275421
2013-03-04,31.969877
2013-03-05,32.357380
2013-03-06,32.513878
2013-03-07,32.603310
2013-03-08,32.886494
2013-03-11,32.707642
2013-03-12,32.335037
2013-03-13,32.029491
2013-03-14,32.163643
2013-03-15,31.872995
2013-03-18,31.515299
2013-03-19,31.291739
2013-03-20,31.470583
2013-03-21,31.150143
2013-03-22,31.269373
2013-03-25,31.239561
2013-03-26,31.686691
2013-03-27,31.805923
2013-03-28,31.872995
2013-04-01,31.530199
2013-04-02,31.545107
2013-04-03,31.172491
2013-04-04,31.083067
2013-04-05,31.008539
2013-04-08,31.060713
2013-04-09,31.366247
2013-04-10,31.664341
2013-04-11,31.694149
2013-04-12,31.209755
2013-04-15,30.449619
2013-04-16,31.075619
2013-04-17,30.583773
2013-04-18,30.583773
2013-04-19,31.030903
2013-04-22,31.179941
2013-04-23,31.328987
2013-04-24,31.515299
2013-04-25,31.798473
2013-04-26,31.478029
2013-04-29,31.805923
2013-04-30,32.260509
2013-05-01,31.910250
2013-05-02,32.163643
2013-05-03,32.431908
2013-05-06,32.476631
2013-05-07,32.707642
2013-05-08,32.961014
2013-05-09,32.722549
2013-05-10,32.469177
2013-05-13,32.171093
2013-05-14,32.320133
2013-05-15,32.327591
2013-05-16,32.215794
2013-05-17,32.357380
2013-05-20,32.439369
2013-05-21,32.372292
2013-05-22,32.014584
2013-05-23,31.776119
2013-05-24,31.500383
2013-05-28,31.671795
2013-05-29,31.269373
2013-05-30,31.269373
2013-05-31,30.703005
2013-06-03,31.157587
2013-06-04,30.777519
2013-06-05,30.226076
2013-06-06,30.479435
2013-06-07,30.322943
2013-06-10,29.913067
2013-06-11,29.346701
2013-06-12,29.145498
2013-06-13,29.764034
2013-06-14,29.294544
2013-06-17,29.562813
2013-06-18,29.689505
2013-06-19,28.772884
2013-06-20,27.483665
2013-06-21,27.878630
2013-06-24,27.312258
2013-06-25,27.893522
2013-06-26,28.333212
2013-06-27,28.901726
2013-06-28,29.067837
2013-07-01,29.158428
2013-07-02,28.637484
2013-07-03,28.373217
2013-07-05,28.192024
2013-07-08,28.229769
2013-07-09,28.599728
2013-07-10,28.327932
2013-07-11,29.717136
2013-07-12,29.400032
2013-07-15,29.702044
2013-07-16,29.822838
2013-07-17,30.094643
2013-07-18,29.739779
2013-07-19,29.656740
2013-07-22,29.951187
2013-07-23,30.275843
2013-07-24,29.966291
2013-07-25,30.139944
2013-07-26,30.071995
2013-07-29,29.694490
2013-07-30,29.626543
2013-07-31,29.452890
2013-08-01,29.988945
2013-08-02,29.981392
2013-08-05,29.792635
2013-08-06,29.415134
2013-08-07,29.098034
2013-08-08,29.656740
2013-08-09,29.717136
2013-08-12,29.996489
2013-08-13,30.177696
2013-08-14,30.275843
2013-08-15,29.928539
2013-08-16,29.671843
2013-08-19,29.113140
2013-08-20,29.060287
2013-08-21,28.380775
2013-08-22,28.841328
2013-08-23,29.181082
2013-08-26,28.863985
2013-08-27,28.199566
2013-08-28,28.259972
2013-08-29,28.486479
2013-08-30,28.705429
2013-09-03,28.886629
2013-09-04,29.400032
2013-09-05,29.747343
2013-09-06,30.185240
2013-09-09,30.978004
2013-09-10,31.212061
2013-09-11,31.234713
2013-09-12,30.872305
2013-09-13,31.076153
2013-09-16,31.423458
2013-09-17,31.355507
2013-09-18,32.669231
2013-09-19,32.495571
2013-09-20,31.770763
2013-09-23,31.884016
2013-09-24,31.612204
2013-09-25,31.370613
2013-09-26,31.498960
2013-09-27,31.129000
2013-09-30,30.774151
2013-10-01,31.385714
2013-10-02,31.506514
2013-10-03,31.385714
2013-10-04,31.793417
2013-10-07,31.521612
2013-10-08,31.219606
2013-10-09,31.453667
2013-10-10,32.193562
2013-10-11,32.337017
2013-10-14,32.525772
2013-10-15,32.208664
2013-10-16,32.465366
2013-10-17,32.669231
2013-10-18,32.699429
2013-10-21,32.646587
2013-10-22,32.963676
2013-10-23,32.193562
2013-10-24,32.125622
2013-10-25,32.276615
2013-10-28,32.465366
2013-10-29,32.571079
2013-10-30,32.389866
2013-10-31,32.057663
2013-11-01,32.072765
2013-11-04,32.269070
2013-11-05,31.619762
2013-11-06,31.717911
2013-11-07,31.144102
2013-11-08,31.076153
2013-11-11,30.917604
2013-11-12,30.751497
2013-11-13,30.804348
2013-11-14,31.302656
2013-11-15,31.899117
2013-11-18,32.186016
2013-11-19,31.989712
2013-11-20,31.551807
2013-11-21,31.521612
2013-11-22,31.748108
2013-11-25,31.340401
2013-11-26,31.446106
2013-11-27,31.649958
2013-11-29,31.974615
2013-12-02,31.302656
2013-12-03,31.196959
2013-12-04,31.159210
2013-12-05,30.978004
2013-12-06,31.665052
2013-12-09,31.710365
2013-12-10,31.725462
2013-12-11,31.023298
2013-12-12,30.842104
2013-12-13,30.917604
2013-12-16,31.121458
2013-12-17,30.849642
2013-12-18,31.463686
2013-12-19,30.884697
2013-12-20,30.838987
2013-12-23,31.067535
2013-12-24,31.250380
2013-12-26,30.983740
2013-12-27,31.463686
2013-12-30,31.600819
2013-12-31,31.844612
2014-01-02,30.618055
2014-01-03,30.564718
2014-01-06,30.275232
2014-01-07,30.404743
2014-01-08,30.305702
2014-01-09,30.145712
2014-01-10,30.679003
2014-01-13,30.313328
2014-01-14,30.640907
2014-01-15,30.633284
2014-01-16,30.465693
2014-01-17,30.313328
2014-01-21,30.267609
2014-01-22,30.671381
2014-01-23,29.917166
2014-01-24,29.132481
2014-01-27,29.018204
2014-01-28,29.201050
2014-01-29,28.782036
2014-01-30,29.048672
2014-01-31,29.094391
2014-02-03,28.271606
2014-02-04,28.842987
2014-02-05,28.736324
2014-02-06,29.338167
2014-02-07,29.505775
2014-02-10,29.178188
2014-02-11,29.810511
2014-02-12,29.818129
2014-02-13,29.848608
2014-02-14,30.214281
2014-02-18,29.932407
2014-02-19,29.726715
2014-02-20,29.833359
2014-02-21,30.039055
2014-02-24,30.039055
2014-02-25,29.696236
2014-02-26,29.719095
2014-02-27,30.282846
2014-02-28,30.077152
2014-03-03,29.543861
2014-03-04,30.046682
2014-03-05,30.069536
2014-03-06,30.496155
2014-03-07,30.107626
2014-03-10,29.901926
2014-03-11,29.566727
2014-03-12,29.627670
2014-03-13,29.094391
2014-03-14,29.254377
2014-03-17,29.612429
2014-03-18,30.023821
2014-03-19,29.383886
2014-03-20,29.513399
2014-03-21,29.696236
2014-03-24,29.985739
2014-03-25,30.328558
2014-03-26,30.397127
2014-03-27,30.793278
2014-03-28,31.037064
2014-03-31,31.242758
2014-04-01,31.608437
2014-04-02,31.669390
2014-04-03,31.547493
2014-04-04,31.463686
2014-04-07,31.600819
2014-04-08,31.966505
2014-04-09,32.210285
2014-04-10,31.867462
2014-04-11,31.867462
2014-04-14,31.798899
2014-04-15,31.318943
2014-04-16,31.715092
2014-04-17,32.004593
2014-04-21,31.806517
2014-04-22,31.722712
2014-04-23,31.494167
2014-04-24,31.524632
2014-04-25,31.098003
2014-04-28,31.250380
2014-04-29,31.547493
2014-04-30,31.486547
2014-05-01,31.524632
2014-05-02,31.699862
2014-05-05,31.524632
2014-05-06,31.669390
2014-05-07,31.836994
2014-05-08,31.760799
2014-05-09,31.707474
2014-05-12,32.240757
2014-05-13,32.362648
2014-05-14,32.591206
2014-05-15,32.286476
2014-05-16,32.713093
2014-05-19,32.713093
2014-05-20,32.446457
2014-05-21,32.697861
2014-05-22,32.926403
2014-05-23,32.865452
2014-05-27,32.583580
2014-05-28,32.774036
2014-05-29,32.865452
2014-05-30,32.415977
2014-06-02,32.515015
2014-06-03,32.697861
2014-06-04,32.515015
2014-06-05,32.857845
2014-06-06,33.185436
2014-06-09,33.307331
2014-06-10,33.482555
2014-06-11,33.368275
2014-06-12,33.208279
2014-06-13,33.223522
2014-06-16,33.071163
2014-06-17,33.078766
2014-06-18,33.444458
2014-06-19,33.253998
2014-06-20,33.185436
2014-06-23,33.116871
2014-06-24,33.101639
2014-06-25,33.171513
2014-06-26,33.209900
2014-06-27,33.286686
2014-06-30,33.194542
2014-07-01,33.509357
2014-07-02,33.709007
2014-07-03,33.908657
2014-07-07,33.885616
2014-07-08,33.732044
2014-07-09,33.924011
2014-07-10,33.739712
2014-07-11,33.701324
2014-07-14,33.962399
2014-07-15,33.939369
2014-07-16,34.023830
2014-07-17,33.386501
2014-07-18,33.908657
2014-07-21,34.023830
2014-07-22,34.338642
2014-07-23,34.369370
2014-07-24,34.522934
2014-07-25,34.384724
2014-07-28,34.622757
2014-07-29,34.415440
2014-07-30,34.246510
2014-07-31,33.647568
2014-08-01,33.831863
2014-08-04,34.146690
2014-08-05,33.624550
2014-08-06,33.394184
2014-08-07,33.263634
2014-08-08,33.563114
2014-08-11,33.993111
2014-08-12,34.031506
2014-08-13,34.215794
2014-08-14,34.269543
2014-08-15,34.177406
2014-08-18,34.507576
2014-08-19,34.668839
2014-08-20,34.599716
2014-08-21,34.453823
2014-08-22,34.361691
2014-08-25,34.615082
2014-08-26,34.822399
2014-08-27,34.999008
2014-08-28,34.653469
2014-08-29,34.599716
2014-09-02,34.545967
2014-09-03,34.999008
2014-09-04,34.906864
2014-09-05,35.206326
2014-09-08,34.791683
2014-09-09,34.361691
2014-09-10,34.215794
2014-09-11,33.985439
2014-09-12,33.624550
2014-09-15,33.455612
2014-09-16,33.893291
2014-09-17,33.578468
2014-09-18,33.624550
2014-09-19,33.371147
2014-09-22,32.864353
2014-09-23,32.680077
2014-09-24,33.148468
2014-09-25,32.426674
2014-09-26,32.572575
2014-09-29,31.912209
2014-09-30,31.912209
2014-10-01,31.259537
2014-10-02,31.428469
2014-10-03,31.697218
2014-10-06,32.111855
2014-10-07,31.827753
2014-10-08,32.303818
2014-10-09,31.797041
2014-10-10,31.105961
2014-10-13,31.420782
2014-10-14,31.605072
2014-10-15,31.205782
2014-10-16,30.921673
2014-10-17,31.267212
2014-10-20,31.359354
2014-10-21,31.489891
2014-10-22,31.282570
2014-10-23,31.274895
2014-10-24,31.497574
2014-10-27,31.251854
2014-10-28,31.881496
2014-10-29,31.927574
2014-10-30,32.227039
2014-10-31,32.365253
2014-11-03,32.096512
2014-11-04,32.127213
2014-11-05,31.843103
2014-11-06,31.451496
2014-11-07,31.651140
2014-11-10,31.735613
2014-11-11,31.704897
2014-11-12,31.643471
2014-11-13,31.559006
2014-11-14,31.820074
2014-11-17,31.482220
2014-11-18,31.651140
2014-11-19,31.635784
2014-11-20,31.582035
2014-11-21,32.587925
2014-11-24,32.319191
2014-11-25,32.111855
2014-11-26,32.518826
2014-11-28,31.866135
2014-12-01,31.320971
2014-12-02,31.313282
2014-12-03,31.397760
2014-12-04,31.451496
2014-12-05,31.390070
2014-12-08,30.929348
2014-12-09,30.637569
2014-12-10,30.184530
2014-12-11,29.931145
2014-12-12,29.439709
2014-12-15,29.017391
2014-12-16,28.971317
2014-12-17,29.637278
2014-12-18,30.042309
2014-12-19,30.252613
2014-12-22,30.673225
2014-12-23,30.392818
2014-12-24,30.462906
2014-12-26,30.704376
2014-12-29,30.517445
2014-12-30,30.579756
2014-12-31,30.603121
2015-01-02,30.198095
2015-01-05,29.660641
2015-01-06,29.536022
2015-01-07,30.174726
2015-01-08,30.688801
2015-01-09,30.587538
2015-01-12,30.338293
2015-01-13,30.603121
2015-01-14,30.431757
2015-01-15,30.501854
2015-01-16,30.758902
2015-01-20,30.712160
2015-01-21,31.389809
2015-01-22,31.989569
2015-01-23,31.748100
2015-01-26,31.763687
2015-01-27,31.592325
2015-01-28,31.249607
2015-01-29,31.249607
2015-01-30,30.392818
2015-02-02,30.938049
2015-02-03,31.522224
2015-02-04,31.366442
2015-02-05,31.553375
2015-02-06,31.015942
2015-02-09,30.969204
2015-02-10,30.891315
2015-02-11,30.665428
2015-02-12,31.319708
2015-02-13,31.678015
2015-02-17,31.607912
2015-02-18,31.600117
2015-02-19,31.467703
2015-02-20,31.678015
2015-02-23,31.358652
2015-02-24,31.810415
2015-02-25,31.748100
2015-02-26,31.755899
2015-02-27,31.732529
2015-03-02,31.685795
2015-03-03,31.444342
2015-03-04,31.101618
2015-03-05,31.054882
2015-03-06,30.579756
2015-03-09,30.462906
2015-03-10,29.785267
2015-03-11,30.011147
2015-03-12,30.198095
2015-03-13,29.832001
2015-03-16,30.190300
2015-03-17,30.540804
2015-03-18,31.288555
2015-03-19,30.758902
2015-03-20,31.218458
2015-03-23,31.311920
2015-03-24,31.436548
2015-03-25,30.938049
2015-03-26,30.649853
2015-03-27,30.735531
2015-03-30,31.327494
2015-03-31,31.257401
2015-04-01,31.646851
2015-04-02,32.121971
2015-04-06,32.534798
2015-04-07,32.371223
2015-04-08,33.048874
2015-04-09,33.376015
2015-04-10,33.399387
2015-04-13,33.204659
2015-04-14,33.352646
2015-04-15,33.586311
2015-04-16,33.851143
2015-04-17,33.259178
2015-04-20,33.228020
2015-04-21,33.422749
2015-04-22,33.781040
2015-04-23,34.030285
2015-04-24,34.154919
2015-04-27,34.287331
2015-04-28,34.341858
2015-04-29,33.913452
2015-04-30,33.399387
2015-05-01,33.601887
2015-05-04,33.796623
2015-05-05,33.430534
2015-05-06,33.017723
2015-05-07,32.970985
2015-05-08,33.391598
2015-05-11,33.072247
2015-05-12,32.963188
2015-05-13,33.025513
2015-05-14,33.352646
2015-05-15,33.609688
2015-05-18,33.266972
2015-05-19,33.321491
2015-05-20,33.298119
2015-05-21,33.181290
2015-05-22,33.290337
2015-05-26,32.760681
2015-05-27,32.768467
2015-05-28,32.340069
2015-05-29,32.028511
2015-06-01,31.903879
2015-06-02,32.028511
2015-06-03,31.864941
2015-06-04,31.382025
2015-06-05,31.241819
2015-06-08,31.234022
2015-06-09,31.047092
2015-06-10,31.498856
2015-06-11,31.343084
2015-06-12,31.343084
2015-06-15,30.992573
2015-06-16,31.000359
2015-06-17,31.187298
2015-06-18,31.475492
2015-06-19,31.202871
2015-06-22,31.654640
2015-06-23,31.966202
2015-06-24,31.740320
2015-06-25,31.631250
2015-06-26,31.333055
2015-06-29,30.634672
2015-06-30,31.089796
2015-07-01,31.066259
2015-07-02,31.215351
2015-07-06,30.344339
2015-07-07,29.889214
2015-07-08,28.861256
2015-07-09,29.418385
2015-07-10,30.163857
2015-07-13,30.367878
2015-07-14,30.422808
2015-07-15,30.077545
2015-07-16,30.454201
2015-07-17,30.414963
2015-07-20,30.218784
2015-07-21,30.226637
2015-07-22,29.795042
2015-07-23,29.504702
2015-07-24,29.080969
2015-07-27,28.531685
2015-07-28,28.822020
2015-07-29,29.104511
2015-07-30,28.814182
2015-07-31,29.128048
2015-08-03,28.641542
2015-08-04,28.743549
2015-08-05,28.751398
2015-08-06,28.500292
2015-08-07,28.484602
2015-08-10,28.963264
2015-08-11,28.327658
2015-08-12,27.888229
2015-08-13,27.841146
2015-08-14,27.880384
2015-08-17,27.574348
2015-08-18,27.276161
2015-08-19,26.938742
2015-08-20,26.514999
2015-08-21,25.698915
2015-08-24,24.576797
2015-08-25,24.890675
2015-08-26,25.714609
2015-08-27,26.852427
2015-08-28,26.507156
2015-08-31,26.554241
2015-09-01,25.526278
2015-09-02,25.895086
2015-09-03,25.997101
2015-09-04,25.220245
2015-09-08,26.020645
2015-09-09,25.887241
2015-09-10,26.154043
2015-09-11,26.256054
2015-09-14,26.216818
2015-09-15,26.467924
2015-09-16,27.111370
2015-09-17,27.048603
2015-09-18,26.546391
2015-09-21,26.499311
2015-09-22,26.004951
2015-09-23,25.589052
2015-09-24,25.479198
2015-09-25,25.424271
2015-09-28,24.882826
2015-09-29,25.000534
2015-09-30,25.722450
2015-10-01,25.863699
2015-10-02,26.554241
2015-10-05,27.127071
2015-10-06,27.079990
2015-10-07,27.801910
2015-10-08,28.100100
2015-10-09,28.202106
2015-10-12,27.990236
2015-10-13,27.535114
2015-10-14,27.746984
2015-10-15,28.421825
2015-10-16,28.445360
2015-10-19,28.155027
2015-10-20,28.147181
2015-10-21,27.739130
2015-10-22,28.311966
2015-10-23,28.476751
2015-10-26,28.217802
2015-10-27,27.896078
2015-10-28,27.574348
2015-10-29,27.315399
2015-10-30,27.362473
2015-11-02,27.903921
2015-11-03,28.272730
2015-11-04,28.045160
2015-11-05,28.092249
2015-11-06,27.699903
2015-11-09,27.009361
2015-11-10,26.891657
2015-11-11,26.946587
2015-11-12,26.687637
2015-11-13,26.318830
2015-11-16,26.828878
2015-11-17,26.750418
2015-11-18,27.040749
2015-11-19,27.284010
2015-11-20,27.558655
2015-11-23,27.299704
2015-11-24,27.440956
2015-11-25,27.229080
2015-11-27,26.632706
2015-11-30,26.671944
2015-12-01,26.875963
2015-12-02,26.554241
2015-12-03,26.405140
2015-12-04,26.585627
2015-12-07,26.146198
2015-12-08,25.855852
2015-12-09,25.643980
2015-12-10,25.471352
2015-12-11,24.757273
2015-12-14,25.157475
2015-12-15,25.541971
2015-12-16,26.044184
2015-12-17,25.706757
2015-12-18,25.620449
2015-12-21,25.820478
2015-12-22,26.027670
2015-12-23,26.394262
2015-12-24,26.298632
2015-12-28,26.115341
2015-12-29,26.139246
2015-12-30,25.732815
2015-12-31,25.653118
2016-01-04,24.951822
2016-01-05,25.007607
2016-01-06,24.529451
2016-01-07,23.772371
2016-01-08,23.517353
2016-01-11,23.509384
2016-01-12,23.557199
2016-01-13,23.310144
2016-01-14,23.612989
2016-01-15,22.680576
2016-01-19,23.015285
2016-01-20,22.513218
2016-01-21,22.600883
2016-01-22,23.373905
2016-01-25,22.975447
2016-01-26,23.310144
2016-01-27,23.230459
2016-01-28,23.597042
2016-01-29,24.362097
2016-02-01,24.130987
2016-02-02,23.349995
2016-02-03,24.011450
2016-02-04,24.194738
2016-02-05,23.915815
2016-02-08,23.589073
2016-02-09,23.262337
2016-02-10,23.357962
2016-02-11,22.967470
2016-02-12,23.365936
2016-02-16,23.883940
2016-02-17,24.354124
2016-02-18,24.210674
2016-02-19,24.099108
2016-02-22,24.696804
2016-02-23,24.170830
2016-02-24,24.115047
2016-02-25,24.194738
2016-02-26,23.955664
2016-02-29,24.162863
2016-03-01,25.023546
2016-03-02,25.358257
2016-03-03,25.645151
2016-03-04,26.155188
2016-03-07,26.115341
2016-03-08,25.669060
2016-03-09,25.828445
2016-03-10,25.868288
2016-03-11,26.410206
2016-03-14,26.250818
2016-03-15,25.876261
2016-03-16,26.394262
2016-03-17,26.976021
2016-03-18,27.119467
2016-03-21,27.175251
2016-03-22,27.111496
2016-03-23,26.649277
2016-03-24,26.585526
2016-03-28,26.673187
2016-03-29,27.039774
2016-03-30,27.318697
2016-03-31,27.294788
2016-04-01,27.215099
2016-04-04,26.888355
2016-04-05,26.362389
2016-04-06,26.681162
2016-04-07,26.147211
2016-04-08,26.601463
2016-04-11,26.944141
2016-04-12,27.358547
2016-04-13,27.844669
2016-04-14,27.709196
2016-04-15,27.549803
2016-04-18,27.677315
2016-04-19,28.099682
2016-04-20,27.972181
2016-04-21,27.693253
2016-04-22,27.525904
2016-04-25,27.350574
2016-04-26,27.645437
2016-04-27,27.812796
2016-04-28,27.525904
2016-04-29,27.406359
2016-05-02,27.334644
2016-05-03,26.561615
2016-05-04,26.131277
2016-05-05,26.123302
2016-05-06,26.163153
2016-05-09,25.828445
2016-05-10,26.322533
2016-05-11,26.258783
2016-05-12,26.187061
2016-05-13,25.716873
2016-05-16,26.027670
2016-05-17,25.908134
2016-05-18,25.653118
2016-05-19,25.414036
2016-05-20,25.669060
2016-05-23,25.621243
2016-05-24,25.884232
2016-05-25,26.195026
2016-05-26,26.370359
2016-05-27,26.362389
2016-05-31,26.394262
2016-06-01,26.378319
2016-06-02,26.593498
2016-06-03,26.999931
2016-06-06,27.286827
2016-06-07,27.533863
2016-06-08,27.733101
2016-06-09,27.414333
2016-06-10,26.721001
2016-06-13,26.346447
2016-06-14,26.258783
2016-06-15,26.537704
2016-06-16,26.442074
2016-06-17,26.513802
2016-06-20,26.983988
2016-06-21,27.191187
2016-06-22,27.260263
2016-06-23,27.918873
2016-06-24,26.224150
2016-06-27,25.886810
2016-06-28,26.649837
2016-06-29,27.324516
2016-06-30,27.597603
2016-07-01,27.862652
2016-07-05,27.268299
2016-07-06,27.196009
2016-07-07,27.123728
2016-07-08,27.710051
2016-07-11,27.975101
2016-07-12,28.368664
2016-07-13,28.320471
2016-07-14,28.730104
2016-07-15,28.665836
2016-07-18,28.922867
2016-07-19,28.625685
2016-07-20,28.770256
2016-07-21,28.681911
2016-07-22,28.890739
2016-07-25,28.601599
2016-07-26,28.826485
2016-07-27,28.922867
2016-07-28,28.930899
2016-07-29,29.083502
2016-08-01,29.027277
2016-08-02,28.818453
2016-08-03,28.914837
2016-08-04,29.075481
2016-08-05,29.412804
2016-08-08,29.621635
2016-08-09,29.822443
2016-08-10,29.830471
2016-08-11,30.216002
2016-08-12,30.103554
2016-08-15,30.416801
2016-08-16,30.280260
2016-08-17,30.087488
2016-08-18,30.368607
2016-08-19,30.199938
2016-08-22,29.798342
2016-08-23,29.677868
2016-08-24,29.758181
2016-08-25,29.782274
2016-08-26,29.525261
2016-08-29,29.750156
2016-08-30,29.669840
2016-08-31,29.340523
2016-09-01,29.565418
2016-09-02,30.047325
2016-09-06,30.689878
2016-09-07,30.593504
2016-09-08,30.513187
2016-09-09,29.485096
2016-09-12,29.685900
2016-09-13,28.938929
2016-09-14,29.027277
2016-09-15,29.525261
2016-09-16,29.324461
2016-09-19,29.557390
2016-09-20,29.573442
2016-09-21,30.400736
2016-09-22,30.617601
2016-09-23,30.224033
2016-09-26,29.782274
2016-09-27,30.207972
2016-09-28,30.481056
2016-09-29,29.950953
2016-09-30,30.079462
2016-10-03,30.288288
2016-10-04,29.950953
2016-10-05,30.384680
2016-10-06,30.408772
2016-10-07,30.272228
2016-10-10,30.601542
2016-10-11,29.894728
2016-10-12,29.838499
2016-10-13,29.573442
2016-10-14,29.621635
2016-10-17,29.589518
2016-10-18,30.111593
2016-10-19,30.296320
2016-10-20,30.207972
2016-10-21,30.199938
2016-10-24,30.328451
2016-10-25,30.360577
2016-10-26,30.039299
2016-10-27,29.782274
2016-10-28,29.661810
2016-10-31,29.830471
2016-11-01,29.589518
2016-11-02,29.236113
2016-11-03,29.155794
2016-11-04,28.858618
2016-11-07,29.902758
2016-11-08,30.095524
2016-11-09,29.115627
2016-11-10,28.288345
2016-11-11,27.750202
2016-11-14,27.549417
2016-11-15,28.103611
2016-11-16,27.870687
2016-11-17,27.910847
2016-11-18,27.782339
2016-11-21,28.055429
2016-11-22,28.481110
2016-11-23,28.175898
2016-11-25,28.312449
2016-11-28,28.424887
2016-11-29,28.465044
2016-11-30,28.513239
2016-12-01,28.175898
2016-12-02,28.208023
2016-12-05,28.440952
2016-12-06,28.593567
2016-12-07,29.075481
2016-12-08,29.203987
2016-12-09,29.051371
2016-12-12,28.858618
2016-12-13,29.179892
2016-12-14,28.312449
2016-12-15,28.360640
2016-12-16,28.232121
2016-12-19,28.039360
2016-12-20,28.135742
2016-12-21,28.018753
2016-12-22,27.685688
2016-12-23,27.848158
2016-12-27,27.970015
2016-12-28,28.181240
2016-12-29,28.644285
2016-12-30,28.441189
2017-01-03,28.782394
2017-01-04,29.001736
2017-01-05,29.318546
2017-01-06,29.196701
2017-01-09,29.172329
2017-01-10,29.342930
2017-01-11,29.692247
2017-01-12,29.822229
2017-01-13,29.797859
2017-01-17,29.781609
2017-01-18,29.619139
2017-01-19,29.529772
2017-01-20,29.586641
2017-01-23,30.025322
2017-01-24,30.212173
2017-01-25,30.545242
2017-01-26,30.415260
2017-01-27,30.439638
2017-01-30,30.277159
2017-01-31,30.334019
2017-02-01,30.350279
2017-02-02,30.480255
2017-02-03,30.667099
2017-02-06,30.593983
2017-02-07,30.439638
2017-02-08,30.626474
2017-02-09,30.764584
2017-02-10,31.048906
2017-02-13,31.146395
2017-02-14,31.178894
2017-02-15,31.430731
2017-02-16,31.317005
2017-02-17,31.187019
2017-02-21,31.528212
2017-02-22,31.625702
2017-02-23,31.633816
2017-02-24,31.260122
2017-02-27,31.162651
2017-02-28,30.862072
2017-03-01,31.341366
2017-03-02,30.788950
2017-03-03,31.024544
2017-03-06,31.040789
2017-03-07,31.073282
2017-03-08,30.780830
2017-03-09,30.537119
2017-03-10,30.878313
2017-03-13,31.308880
2017-03-14,31.130161
2017-03-15,31.942518
2017-03-16,32.137493
2017-03-17,32.080631
2017-03-20,32.454323
2017-03-21,32.096882
2017-03-22,32.251225
2017-03-23,32.259350
2017-03-24,32.340591
2017-03-27,32.251225
2017-03-28,32.340591
2017-03-29,32.397449
2017-03-30,32.226849
2017-03-31,31.999386
2017-04-03,32.178120
2017-04-04,32.194366
2017-04-05,32.096882
2017-04-06,32.040009
2017-04-07,31.983139
2017-04-10,31.853165
2017-04-11,31.780052
2017-04-12,31.934404
2017-04-13,31.796299
2017-04-17,32.129368
2017-04-18,31.723188
2017-04-19,31.528212
2017-04-20,31.918154
2017-04-21,31.918154
2017-04-24,32.373077
2017-04-25,32.657406
2017-04-26,32.535564
2017-04-27,32.494938
2017-04-28,32.543682
2017-05-01,32.730526
2017-05-02,32.966118
2017-05-03,32.746777
2017-05-04,32.381207
2017-05-05,32.649288
2017-05-08,32.641171
2017-05-09,33.055470
2017-05-10,33.274815
2017-05-11,33.347939
2017-05-12,33.486038
2017-05-15,33.827232
2017-05-16,33.859730
2017-05-17,33.282944
2017-05-18,32.730526
2017-05-19,33.429161
2017-05-22,33.461662
2017-05-23,33.494156
2017-05-24,33.624138
2017-05-25,33.786610
2017-05-26,33.908463
2017-05-30,33.729744
2017-05-31,33.469784
2017-06-01,33.754112
2017-06-02,33.924717
2017-06-05,33.884094
2017-06-06,33.900333
2017-06-07,33.859730
2017-06-08,34.062820
2017-06-09,33.802864
2017-06-12,33.624138
2017-06-13,33.786610
2017-06-14,33.778488
2017-06-15,33.429161
2017-06-16,33.486038
2017-06-19,33.819107
2017-06-20,33.445312
2017-06-21,33.518768
2017-06-22,33.690151
2017-06-23,33.869705
2017-06-26,34.196159
2017-06-27,33.796257
2017-06-28,34.057419
2017-06-29,33.624863
2017-06-30,33.779938
2017-07-03,33.975800
2017-07-05,33.910507
2017-07-06,33.502453
2017-07-07,33.567734
2017-07-10,33.886036
2017-07-11,34.163521
2017-07-12,34.824589
2017-07-13,34.995972
2017-07-14,35.436684
2017-07-17,35.273468
2017-07-18,35.379559
2017-07-19,35.673367
2017-07-20,35.632568
2017-07-21,35.608078
2017-07-24,35.714176
2017-07-25,35.624405
2017-07-26,35.918213
2017-07-27,35.722347
2017-07-28,35.706013
2017-07-31,35.746822
2017-08-01,35.852921
2017-08-02,35.885571
2017-08-03,35.738663
2017-08-04,35.869247
2017-08-07,36.114082
2017-08-08,36.122250
2017-08-09,35.795784
2017-08-10,34.947010
2017-08-11,35.028622
2017-08-14,35.387726
2017-08-15,35.428532
2017-08-16,35.795784
2017-08-17,35.338753
2017-08-18,35.640732
2017-08-21,35.771309
2017-08-22,36.171219
2017-08-23,36.342606
2017-08-24,36.456863
2017-08-25,36.669056
2017-08-28,36.538479
2017-08-29,36.473190
2017-08-30,36.530312
2017-08-31,36.587452
2017-09-01,36.856766
2017-09-05,36.375240
2017-09-06,36.611938
2017-09-07,36.881256
2017-09-08,36.636410
2017-09-11,37.126106
2017-09-12,37.085285
2017-09-13,36.889420
2017-09-14,36.987354
2017-09-15,37.207710
2017-09-18,37.338287
2017-09-19,37.419903
2017-09-20,37.248520
2017-09-21,37.248520
2017-09-22,37.036327
2017-09-25,36.407890
2017-09-26,36.309963
2017-09-27,36.179379
2017-09-28,36.154892
2017-09-29,36.571125
2017-10-02,36.579285
2017-10-03,37.158741
2017-10-04,37.150578
2017-10-05,37.428070
2017-10-06,37.240364
2017-10-09,37.215870
2017-10-10,37.583134
2017-10-11,37.754517
2017-10-12,37.738197
2017-10-13,38.080975
2017-10-16,38.056499
2017-10-17,37.860626
2017-10-18,37.950394
2017-10-19,37.615784
2017-10-20,37.754517
2017-10-23,37.452557
2017-10-24,37.452557
2017-10-25,37.370945
2017-10-26,37.117935
2017-10-27,37.656582
2017-10-30,37.419903
2017-10-31,37.770851
2017-11-01,37.966717
2017-11-02,38.015686
2017-11-03,37.819820
2017-11-06,38.244202
2017-11-07,37.999363
2017-11-08,38.178909
2017-11-09,37.942234
2017-11-10,37.779011
2017-11-13,37.697388
2017-11-14,37.444386
2017-11-15,37.248520
2017-11-16,38.023849
2017-11-17,38.211555
2017-11-20,38.407433
2017-11-21,38.921608
2017-11-22,39.019535
2017-11-24,38.937916
2017-11-27,38.366619
2017-11-28,38.652267
2017-11-29,38.040165
2017-11-30,37.623940
2017-12-01,37.411739
2017-12-04,37.485195
2017-12-05,37.460716
2017-12-06,36.954700
2017-12-07,37.060802
2017-12-08,37.493359
2017-12-11,37.681065
2017-12-12,37.428070
2017-12-13,37.876934
2017-12-14,37.599457
2017-12-15,37.681065
2017-12-18,38.105461
2017-12-19,37.904129
2017-12-20,37.953835
2017-12-21,38.202393
2017-12-22,38.525513
2017-12-26,38.492374
2017-12-27,38.591797
2017-12-28,38.856915
2017-12-29,39.039185
2018-01-02,39.776558
2018-01-03,40.157673
2018-01-04,40.356518
2018-01-05,40.704479
2018-01-08,40.704479
2018-01-09,40.638199
2018-01-10,40.381371
2018-01-11,40.629917
2018-01-12,41.019318
2018-01-16,40.861893
2018-01-17,41.400429
2018-01-18,41.450134
2018-01-19,41.789818
2018-01-22,42.030087
2018-01-23,42.228939
2018-01-24,42.585186
2018-01-25,42.560333
2018-01-26,43.148571
2018-01-29,42.494053
2018-01-30,41.914097
2018-01-31,42.278633
2018-02-01,41.706974
2018-02-02,40.638199
2018-02-05,39.213173
2018-02-06,40.489071
2018-02-07,39.213173
2018-02-08,37.854424
2018-02-09,38.459229
2018-02-12,39.064045
2018-02-13,39.362305
2018-02-14,40.348225
2018-02-15,41.176735
2018-02-16,41.044174
2018-02-20,40.480782
2018-02-21,40.447639
2018-02-22,40.472500
2018-02-23,41.193302
2018-02-26,41.574413
2018-02-27,40.364788
2018-02-28,39.784836
2018-03-01,39.710281
2018-03-02,39.875977
2018-03-05,39.933975
2018-03-06,40.306805
2018-03-07,40.348225
2018-03-08,40.356518
2018-03-09,41.218159
2018-03-12,41.317574
2018-03-13,40.944752
2018-03-14,41.011032
2018-03-15,40.861893
2018-03-16,40.770760
2018-03-19,40.331657
2018-03-20,40.779049
2018-03-21,41.019318
2018-03-22,39.652283
2018-03-23,38.848625
2018-03-26,40.107964
2018-03-27,39.378876
2018-03-28,39.180031
2018-03-29,40.000259
2018-04-02,39.279457
2018-04-03,39.668846
2018-04-04,39.685417
2018-04-05,39.784836
2018-04-06,39.006046
2018-04-09,39.047470
2018-04-10,39.809700
2018-04-11,39.826267
2018-04-12,39.809700
2018-04-13,39.412010
2018-04-16,39.461731
2018-04-17,39.544571
2018-04-18,39.884262
2018-04-19,39.652283
2018-04-20,39.155178
2018-04-23,38.840347
2018-04-24,38.658073
2018-04-25,38.359806
2018-04-26,38.914913
2018-04-27,39.155178
2018-04-30,38.873478
2018-05-01,38.682926
2018-05-02,38.376377
2018-05-03,38.293533
2018-05-04,38.467522
2018-05-07,38.243820
2018-05-08,38.459229
2018-05-09,38.533798
2018-05-10,39.337452
2018-05-11,39.271168
2018-05-14,39.320877
2018-05-15,38.508942
2018-05-16,39.088898
2018-05-17,38.492374
2018-05-18,38.169258
2018-05-21,38.401237
2018-05-22,38.533798
2018-05-23,38.517231
2018-05-24,38.310101
2018-05-25,38.467522
2018-05-29,37.572727
2018-05-30,37.870987
2018-05-31,37.854424
2018-06-01,38.384666
2018-06-04,38.774063
2018-06-05,38.475803
2018-06-06,39.055756
2018-06-07,38.459229
2018-06-08,38.384666
2018-06-11,38.384666
2018-06-12,38.285240
2018-06-13,38.028412
2018-06-14,37.771576
2018-06-15,37.473309
2018-06-18,37.017635
2018-06-19,36.609016
2018-06-20,36.767456
2018-06-21,36.250423
2018-06-22,36.625690
2018-06-25,36.133675
2018-06-26,35.991917
2018-06-27,35.299759
2018-06-28,35.599968
2018-06-29,36.133675
2018-07-02,35.775089
2018-07-03,35.800114
2018-07-05,35.708385
2018-07-06,36.200386
2018-07-09,36.850849
2018-07-10,36.767456
2018-07-11,36.050289
2018-07-12,36.542301
2018-07-13,36.567322
2018-07-16,36.367184
2018-07-17,36.634026
2018-07-18,36.592335
2018-07-19,36.142014
2018-07-20,36.659050
2018-07-23,36.417217
2018-07-24,36.950920
2018-07-25,37.551334
2018-07-26,37.134384
2018-07-27,37.267807
2018-07-30,37.209435
2018-07-31,37.409569
2018-08-01,37.076008
2018-08-02,36.583996
2018-08-03,36.867531
2018-08-06,36.583996
2018-08-07,36.959259
2018-08-08,36.909225
2018-08-09,36.800812
2018-08-10,36.016922
2018-08-13,35.424847
2018-08-14,35.641666
2018-08-15,34.615940
2018-08-16,34.832764
2018-08-17,35.199684
2018-08-20,35.358131
2018-08-21,35.808453
2018-08-22,36.091972
2018-08-23,35.508244
2018-08-24,36.167038
2018-08-27,36.684059
2018-08-28,36.550640
2018-08-29,36.775795
2018-08-30,35.816788
2018-08-31,36.000256
2018-09-04,35.299759
2018-09-05,34.791069
2018-09-06,34.824429
2018-09-07,34.649307
2018-09-10,34.307396
2018-09-11,34.382446
2018-09-12,34.557571
2018-09-13,35.024570
2018-09-14,34.991211
2018-09-17,34.674320
2018-09-18,35.007896
2018-09-19,35.491562
2018-09-20,35.883507
2018-09-21,36.050289
2018-09-24,35.641666
2018-09-25,35.783428
2018-09-26,35.858482
2018-09-27,36.033607
2018-09-28,35.791775
2018-10-01,35.800114
2018-10-02,35.349789
2018-10-03,35.057930
2018-10-04,34.182312
2018-10-05,34.057228
2018-10-08,34.107258
2018-10-09,33.982162
2018-10-10,32.973129
2018-10-11,32.639557
2018-10-12,33.598564
2018-10-15,33.239986
2018-10-16,34.073902
2018-10-17,33.656940
2018-10-18,32.772984
2018-10-19,33.081535
2018-10-22,33.440117
2018-10-23,33.073196
2018-10-24,32.005787
2018-10-25,32.622887
2018-10-26,32.247616
2018-10-29,31.688889
2018-10-30,32.306000
2018-10-31,32.656239
2018-11-01,33.823727
2018-11-02,34.040546
2018-11-05,34.132271
2018-11-06,34.073902
2018-11-07,34.716019
2018-11-08,33.815384
2018-11-09,33.189941
2018-11-12,32.722950
2018-11-13,33.098217
2018-11-14,33.298355
2018-11-15,34.040546
2018-11-16,34.107258
2018-11-19,33.648602
2018-11-20,32.923096
2018-11-21,33.531841
2018-11-23,33.139919
2018-11-26,33.548531
2018-11-27,33.782036
2018-11-28,34.590923
2018-11-29,34.290714
2018-11-30,34.257362
2018-12-03,34.949512
2018-12-04,34.207329
2018-12-06,33.890430
2018-12-07,33.256664
2018-12-10,32.906418
2018-12-11,33.156586
2018-12-12,33.698639
2018-12-13,33.690296
2018-12-14,33.214966
2018-12-17,32.906418
2018-12-18,33.129871
2018-12-19,32.579693
2018-12-20,32.833618
2018-12-21,32.605076
2018-12-24,32.300358
2018-12-26,32.943653
2018-12-27,32.901340
2018-12-28,33.214523
2018-12-31,33.062168
2019-01-02,33.146809
2019-01-03,32.545830
2019-01-04,33.595425
2019-01-07,33.671604
2019-01-08,33.798565
2019-01-09,34.399540
2019-01-10,34.645012
2019-01-11,34.475731
2019-01-14,34.187927
2019-01-15,34.424934
2019-01-16,34.848160
2019-01-17,35.000511
2019-01-18,35.169815
2019-01-22,34.560371
2019-01-23,34.915878
2019-01-24,35.254456
2019-01-25,35.720005
2019-01-28,35.347557
2019-01-29,35.406818
2019-01-30,36.177074
2019-01-31,36.481800
2019-02-01,36.194004
2019-02-04,36.253258
2019-02-05,36.752659
2019-02-06,36.253258
2019-02-07,35.889286
2019-02-08,35.686146
2019-02-11,35.567631
2019-02-12,35.863895
2019-02-13,35.609955
2019-02-14,35.677677
2019-02-15,35.626896
2019-02-19,35.906216
2019-02-20,36.109371
2019-02-21,36.033176
2019-02-22,36.431019
2019-02-25,36.837311
2019-02-26,36.710339
2019-02-27,36.397160
2019-02-28,35.923149
2019-03-01,35.965473
2019-03-04,36.016254
2019-03-05,36.371769
2019-03-06,36.168613
2019-03-07,35.499912
2019-03-08,35.245991
2019-03-11,35.906216
2019-03-12,36.092430
2019-03-13,36.134758
2019-03-14,35.940075
2019-03-15,36.464870
2019-03-18,36.871166
2019-03-19,36.888100
2019-03-20,36.947346
2019-03-21,36.998123
2019-03-22,35.914684
2019-03-25,35.999325
2019-03-26,36.109371
2019-03-27,35.720005
2019-03-28,35.957001
2019-03-29,36.329437
2019-04-01,36.930412
2019-04-02,36.811909
2019-04-03,37.065849
2019-04-04,37.294388
2019-04-05,37.582180
2019-04-08,37.582180
2019-04-09,37.506001
2019-04-10,37.683758
2019-04-11,37.277451
2019-04-12,37.548321
2019-04-15,37.353642
2019-04-16,37.632965
2019-04-17,37.743004
2019-04-18,37.717613
2019-04-22,37.472141
2019-04-23,37.556786
2019-04-24,37.048912
2019-04-25,36.998123
2019-04-26,37.142029
2019-04-29,37.218212
2019-04-30,37.184353
2019-05-01,36.905022
2019-05-02,36.989666
2019-05-03,37.429817
2019-05-06,36.659550
2019-05-07,35.940075
2019-05-08,35.889286
2019-05-09,35.322166
2019-05-10,35.533783
2019-05-13,34.348759
2019-05-14,34.831230
2019-05-15,34.898941
2019-05-16,34.729660
2019-05-17,34.103291
2019-05-20,33.959389
2019-05-21,34.391079
2019-05-22,34.221794
2019-05-23,33.781639
2019-05-24,33.815495
2019-05-28,33.933994
2019-05-29,34.154072
2019-05-30,34.340294
2019-05-31,34.458797
2019-06-03,34.771980
2019-06-04,34.848160
2019-06-05,34.568836
2019-06-06,34.585762
2019-06-07,34.856628
2019-06-10,35.220592
2019-06-11,35.618420
2019-06-12,35.237518
2019-06-13,35.178268
2019-06-14,34.788902
2019-06-17,34.926231
2019-06-18,35.770588
2019-06-19,36.069115
2019-06-20,36.597904
2019-06-21,36.478504
2019-06-24,36.427338
2019-06-25,36.052052
2019-06-26,36.393211
2019-06-27,36.649082
2019-06-28,36.597904
2019-07-01,37.032883
2019-07-02,36.939064
2019-07-03,36.870842
2019-07-05,36.614967
2019-07-08,36.393211
2019-07-09,36.282341
2019-07-10,36.589382
2019-07-11,36.521149
2019-07-12,36.546730
2019-07-15,36.683193
2019-07-16,36.632027
2019-07-17,36.521149
2019-07-18,36.742901
2019-07-19,36.555260
2019-07-22,36.563789
2019-07-23,36.606434
2019-07-24,36.666142
2019-07-25,36.342033
2019-07-26,36.418804
2019-07-29,36.350563
2019-07-30,36.069115
2019-07-31,35.625607
2019-08-01,34.926231
2019-08-02,34.585064
2019-08-05,33.305714
2019-08-06,33.783337
2019-08-07,33.936867
2019-08-08,34.354782
2019-08-09,34.005093
2019-08-12,33.595695
2019-08-13,34.022152
2019-08-14,33.041317
2019-08-15,33.263077
2019-08-16,33.723633
2019-08-19,33.860104
2019-08-20,33.928333
2019-08-21,34.252434
2019-08-22,33.808929
2019-08-23,33.305714
2019-08-26,33.484821
2019-08-27,33.544529
2019-08-28,33.638351
2019-08-29,34.013626
2019-08-30,34.278015
2019-09-03,34.064796
2019-09-04,34.636242
2019-09-05,35.028572
2019-09-06,35.182098
2019-09-09,35.292969
2019-09-10,35.318565
2019-09-11,35.565903
2019-09-12,35.821770
2019-09-13,36.026466
2019-09-16,35.745010
2019-09-17,35.745010
2019-09-18,35.600018
2019-09-19,35.455025
2019-09-20,35.489140
2019-09-23,35.523258
2019-09-24,35.147984
2019-09-25,35.122398
2019-09-26,35.113865
2019-09-27,34.661819
2019-09-30,34.857990
2019-10-01,34.610657
2019-10-02,34.346256
2019-10-03,34.789761
2019-10-04,34.943295
2019-10-07,34.653301
2019-10-08,34.405964
2019-10-09,34.670357
2019-10-10,35.028572
2019-10-11,35.591488
2019-10-14,35.437969
2019-10-15,35.753540
2019-10-16,35.855892
2019-10-17,35.992355
2019-10-18,35.804714
2019-10-21,36.128815
2019-10-22,36.154396
2019-10-23,36.162930
2019-10-24,36.162930
2019-10-25,36.418804
2019-10-28,36.632027
2019-10-29,36.444386
2019-10-30,36.606434
2019-10-31,36.316452
2019-11-01,36.862309
2019-11-04,37.229057
2019-11-05,37.442280
2019-11-06,37.322868
2019-11-07,37.595806
2019-11-08,37.254642
2019-11-11,36.990242
2019-11-12,36.751434
2019-11-13,36.469967
2019-11-14,36.495564
2019-11-15,36.785542
2019-11-18,36.725842
2019-11-19,36.802605
2019-11-20,36.640553
2019-11-21,36.563789
2019-11-22,36.563789
2019-11-25,36.930542
2019-11-26,36.819668
2019-11-27,36.862309
2019-11-29,36.282341
2019-12-02,36.273804
2019-12-03,36.086170
2019-12-04,36.359097
2019-12-05,36.521149
2019-12-06,36.734371
2019-12-09,36.589382
2019-12-10,36.717316
2019-12-11,37.254642
2019-12-12,37.902843
2019-12-13,37.885780
2019-12-16,38.207237
2019-12-17,38.555679
2019-12-18,38.764740
2019-12-19,38.782173
2019-12-20,38.860561
2019-12-23,38.912827
2019-12-24,38.825726
2019-12-26,39.104481
2019-12-27,39.261280
2019-12-30,38.999950
2019-12-31,39.087063
2020-01-02,39.879776
2020-01-03,39.139332
2020-01-06,39.043499
2020-01-07,39.017365
2020-01-08,39.243862
2020-01-09,39.505192
2020-01-10,39.714260
2020-01-13,40.332756
2020-01-14,40.106274
2020-01-15,39.792660
2020-01-16,40.045284
2020-01-17,40.271782
2020-01-21,39.252575
2020-01-22,39.574886
2020-01-23,39.165451
2020-01-24,38.851849
2020-01-27,37.510334
2020-01-28,37.823933
2020-01-29,38.006870
2020-01-30,37.440643
2020-01-31,36.682774
2020-02-03,37.092197
2020-02-04,38.050430
2020-02-05,38.268208
2020-02-06,38.303059
2020-02-07,37.771679
2020-02-10,37.980736
2020-02-11,38.477272
2020-02-12,38.999950
2020-02-13,38.485996
2020-02-14,38.503410
2020-02-18,38.250782
2020-02-19,38.529537
2020-02-20,37.928471
2020-02-21,37.710697
2020-02-24,36.299480
2020-02-25,36.012016
2020-02-26,36.299480
2020-02-27,35.428360
2020-02-28,35.297688
2020-03-02,36.064289
2020-03-03,35.820366
2020-03-04,36.456287
2020-03-05,35.689709
2020-03-06,34.957966
2020-03-09,32.571095
2020-03-10,34.226223
2020-03-11,32.632076
2020-03-12,29.365387
2020-03-13,31.482193
2020-03-16,27.553459
2020-03-17,29.452497
2020-03-18,26.908829
2020-03-19,27.117899
2020-03-20,27.318258
2020-03-23,26.664919
2020-03-24,28.668488
2020-03-25,29.678989
2020-03-26,30.802727
2020-03-27,29.051783
2020-03-30,29.530897
2020-03-31,29.731256
2020-04-01,28.459417
2020-04-02,29.417650
2020-04-03,28.860140
2020-04-06,30.436855
2020-04-07,30.593657
2020-04-08,30.907265
2020-04-09,30.794016
2020-04-13,30.837576
2020-04-14,31.543179
2020-04-15,30.733040
2020-04-16,30.898558
2020-04-17,31.586729
2020-04-20,31.186016
2020-04-21,30.323616
2020-04-22,31.151178
2020-04-23,31.037930
2020-04-24,30.994371
2020-04-27,31.621578
2020-04-28,31.682552
2020-04-29,32.605946
2020-04-30,31.917761
2020-05-01,30.767881
2020-05-04,31.098906
2020-05-05,31.273136
2020-05-06,31.177309
2020-05-07,31.429932
2020-05-08,32.091980
2020-05-11,31.882906
2020-05-12,31.760958
2020-05-13,31.699978
2020-05-14,31.821932
2020-05-15,31.386374
2020-05-18,32.614651
2020-05-19,32.353321
2020-05-20,32.780163
2020-05-21,32.405579
2020-05-22,31.734821
2020-05-26,32.431717
2020-05-27,32.536255
2020-05-28,32.309761
2020-05-29,32.867283
2020-06-01,33.625153
2020-06-02,34.426579
2020-06-03,35.228008
2020-06-04,34.731464
2020-06-05,35.646141
2020-06-08,35.863922
2020-06-09,35.620007
2020-06-10,35.881344
2020-06-11,34.008446
2020-06-12,34.731464
2020-06-15,34.416042
2020-06-16,34.635094
2020-06-17,34.968037
2020-06-18,34.985565
2020-06-19,34.976799
2020-06-22,35.406124
2020-06-23,35.747829
2020-06-24,35.274696
2020-06-25,35.423649
2020-06-26,34.994316
2020-06-29,35.152027
2020-06-30,35.038128
2020-07-01,35.432407
2020-07-02,36.238495
2020-07-06,37.798073
2020-07-07,37.167233
2020-07-08,38.131016
2020-07-09,38.131016
2020-07-10,37.885689
2020-07-13,37.631596
2020-07-14,37.684174
2020-07-15,37.798073
2020-07-16,37.263611
2020-07-17,37.473892
2020-07-20,37.955784
2020-07-21,38.306255
2020-07-22,38.139774
2020-07-23,37.833122
2020-07-24,37.798073
2020-07-27,38.385113
2020-07-28,38.069687
2020-07-29,38.683002
2020-07-30,38.192360
2020-07-31,37.929501
2020-08-03,38.192360
2020-08-04,38.700527
2020-08-05,39.121098
2020-08-06,39.243759
2020-08-07,38.437675
2020-08-10,38.534058
2020-08-11,38.428921
2020-08-12,38.945850
2020-08-13,38.831955
2020-08-14,38.761868
2020-08-17,39.252518
2020-08-18,39.208717
2020-08-19,38.726814
2020-08-20,38.604153
2020-08-21,38.796906
2020-08-24,39.226227
2020-08-25,39.620514
2020-08-26,39.725655
2020-08-27,39.392708
2020-08-28,39.909649
2020-08-31,39.024708
2020-09-01,39.690605
2020-09-02,39.585461
2020-09-03,38.831955
2020-09-04,38.849483
2020-09-08,38.174820
2020-09-09,38.744339
2020-09-10,38.122257
2020-09-11,38.490242
2020-09-14,39.112331
2020-09-15,39.524132
2020-09-16,39.471565
2020-09-17,39.313850
2020-09-18,39.007195
2020-09-21,38.647964
2020-09-22,38.358818
2020-09-23,37.763035
2020-09-24,37.587791
2020-09-25,37.622837
2020-09-28,38.043400
2020-09-29,38.017117
2020-09-30,38.630436
2020-10-01,38.989662
2020-10-02,38.542820
2020-10-05,39.059765
2020-10-06,39.129860
2020-10-07,39.559189
2020-10-08,39.883362
2020-10-09,40.154976
2020-10-12,40.505451
2020-10-13,40.338970
2020-10-14,40.067364
2020-10-15,39.778225
2020-10-16,39.918419
2020-10-19,39.804504
2020-10-20,40.242596
2020-10-21,40.356499
2020-10-22,40.347736
2020-10-23,40.584309
2020-10-26,40.058605
2020-10-27,40.233837
2020-10-28,39.226227
2020-10-29,39.620514
2020-10-30,39.173664
2020-11-02,39.673080
2020-11-03,39.848316
2020-11-04,41.101242
2020-11-05,41.802177
2020-11-06,41.994946
2020-11-09,42.284073
2020-11-10,41.802177
2020-11-11,42.073795
2020-11-12,41.758377
2020-11-13,42.345409
2020-11-16,42.871113
2020-11-17,42.827301
2020-11-18,42.678345
2020-11-19,42.748447
2020-11-20,42.985012
2020-11-23,43.098915
2020-11-24,43.677189
2020-11-25,43.431862
2020-11-27,43.843662
2020-11-30,42.695877
2020-12-01,43.536995
2020-12-02,43.598335
2020-12-03,44.097755
2020-12-04,44.553356
2020-12-07,44.553356
2020-12-08,44.570885
2020-12-09,44.185368
2020-12-10,44.754883
2020-12-11,44.439461
2020-12-14,44.208408
2020-12-15,44.686440
2020-12-16,44.898895
2020-12-17,45.191021
2020-12-18,45.137901
2020-12-21,44.473980
2020-12-22,44.119892
2020-12-23,44.571362
2020-12-24,44.376614
2020-12-28,44.500542
2020-12-29,45.164467
2020-12-30,45.766415
2020-12-31,45.739857
2021-01-04,46.031986
2021-01-05,47.138531
2021-01-06,46.740170
2021-01-07,47.182796
2021-01-08,48.430958
2021-01-11,47.775902
2021-01-12,48.245064
2021-01-13,48.351295
2021-01-14,48.802757
2021-01-15,48.112278
2021-01-19,48.908981
2021-01-20,49.767666
2021-01-21,49.856182
2021-01-22,49.422424
2021-01-25,49.794224
2021-01-26,49.431278
2021-01-27,48.059170
2021-01-28,48.395546
2021-01-29,47.191643
2021-02-01,48.466370
2021-02-02,49.094887
2021-02-03,49.342754
2021-02-04,49.360462
2021-02-05,49.785366
2021-02-08,49.873878
2021-02-09,50.405029
2021-02-10,50.582073
2021-02-11,51.122063
2021-02-12,51.166321
2021-02-16,51.290257
2021-02-17,51.307964
2021-02-18,50.599777
2021-02-19,50.927307
2021-02-22,49.431278
2021-02-23,49.652580
2021-02-24,49.333900
2021-02-25,48.209660
2021-02-26,47.563442
2021-03-01,48.838165
2021-03-02,48.360146
2021-03-03,48.262775
2021-03-04,47.138531
2021-03-05,47.651958
2021-03-08,46.368378
2021-03-09,47.386395
2021-03-10,47.173939
2021-03-11,48.661121
2021-03-12,47.793598
2021-03-15,47.908672
2021-03-16,48.112278
2021-03-17,48.174252
2021-03-18,47.289017
2021-03-19,47.873272
2021-03-22,47.731625
2021-03-23,46.819843
2021-03-24,45.748711
2021-03-25,45.961166
2021-03-26,47.156231
2021-03-29,46.828701
2021-03-30,46.979187
2021-03-31,47.218189
2021-04-01,47.678513
2021-04-05,47.864414
2021-04-06,48.129986
2021-04-07,47.421799
2021-04-08,47.811298
2021-04-09,47.404091
2021-04-12,47.120823
2021-04-13,47.315575
2021-04-14,47.554585
2021-04-15,47.988350
2021-04-16,48.112278
2021-04-19,47.935238
2021-04-20,47.545734
2021-04-21,47.837860
2021-04-22,47.669670
2021-04-23,48.360146
2021-04-26,48.422112
2021-04-27,48.395546
2021-04-28,48.758495
2021-04-29,48.643417
2021-04-30,47.784748
2021-05-03,47.784748
2021-05-04,47.244747
2021-05-05,47.466064
2021-05-06,47.917526
2021-05-07,48.413258
2021-05-10,47.545734
2021-05-11,47.412949
2021-05-12,46.102802
2021-05-13,46.040836
2021-05-14,46.872963
2021-05-17,46.828701
2021-05-18,47.457214
2021-05-19,47.315575
2021-05-20,47.589996
2021-05-21,47.041149
2021-05-24,47.430656
2021-05-25,47.899818
2021-05-26,48.253910
2021-05-27,48.262775
2021-05-28,48.572601
2021-06-01,49.572906
2021-06-02,49.652580
2021-06-03,49.121449
2021-06-04,49.564064
2021-06-07,49.316193
2021-06-08,49.077187
2021-06-09,48.935543
2021-06-10,49.327641
2021-06-11,49.158710
2021-06-14,49.292072
2021-06-15,48.954208
2021-06-16,48.287384
2021-06-17,48.554123
2021-06-18,48.216255
2021-06-21,48.420750
2021-06-22,48.198475
2021-06-23,48.491882
2021-06-24,48.936432
2021-06-25,49.345421
2021-06-28,49.389881
2021-06-29,49.354313
2021-06-30,49.034237
2021-07-01,48.758610
2021-07-02,48.705261
2021-07-06,47.851719
2021-07-07,47.798378
2021-07-08,46.802574
2021-07-09,47.611656
2021-07-12,47.656116
2021-07-13,47.700577
2021-07-14,47.905067
2021-07-15,48.020649
2021-07-16,47.647228
2021-07-19,46.847031
2021-07-20,46.998180
2021-07-21,47.300484
2021-07-22,47.389385
2021-07-23,46.686996
2021-07-26,45.797890
2021-07-27,44.873219
2021-07-28,46.091293
2021-07-29,46.322460
2021-07-30,45.877903
2021-08-02,46.206875
2021-08-03,46.402477
2021-08-04,46.642540
2021-08-05,46.571411
2021-08-06,46.180206
2021-08-09,46.331348
2021-08-10,46.393585
2021-08-11,46.518055
2021-08-12,46.109074
2021-08-13,45.993496
2021-08-16,45.575603
2021-08-17,44.739845
2021-08-18,44.810978
2021-08-19,44.046349
2021-08-20,44.010784
2021-08-23,44.677616
2021-08-24,45.691200
2021-08-25,45.744541
2021-08-26,45.308884
2021-08-27,45.869019
2021-08-30,45.966816
2021-08-31,46.598083
2021-09-01,47.193787
2021-09-02,46.980392
2021-09-03,47.229351
2021-09-07,47.504971
2021-09-08,46.811470
2021-09-09,46.722553
2021-09-10,46.669216
2021-09-13,46.793694
2021-09-14,46.402477
2021-09-15,46.393585
2021-09-16,45.869019
2021-09-17,45.673420
2021-09-20,44.446445
2021-09-21,44.775414
2021-09-22,45.335556
2021-09-23,45.691200
2021-09-24,45.148830
2021-09-27,45.442242
2021-09-28,44.855434
2021-09-29,44.437550
2021-09-30,44.793198
2021-10-01,44.748745
2021-10-04,44.090801
2021-10-05,44.401985
2021-10-06,44.153038
2021-10-07,45.015472
2021-10-08,45.184406
2021-10-11,45.095490
2021-10-12,44.864319
2021-10-13,45.486698
2021-10-14,45.628952
2021-10-15,46.180206
2021-10-18,46.064617
2021-10-19,46.678108
2021-10-20,46.669216
2021-10-21,46.366913
2021-10-22,46.269108
2021-10-25,46.509167
2021-10-26,46.269108
2021-10-27,45.895691
2021-10-28,45.940140
2021-10-29,45.273308
2021-11-01,45.628952
2021-11-02,45.219963
2021-11-03,45.433353
2021-11-04,45.326656
2021-11-05,45.273308
2021-11-08,45.691200
2021-11-09,45.513371
2021-11-10,45.326656
2021-11-11,46.109074
2021-11-12,46.233547
2021-11-15,46.082401
2021-11-16,46.144642
2021-11-17,45.904575
2021-11-18,45.344444
2021-11-19,45.273308
2021-11-22,44.908779
2021-11-23,44.864319
2021-11-24,44.802094
2021-11-26,43.299496
2021-11-29,43.468426
2021-11-30,43.423973
2021-12-01,43.584011
2021-12-02,44.117474
2021-12-03,43.495098
2021-12-06,43.832962
2021-12-07,44.526463
2021-12-08,44.704281
2021-12-09,44.490894
2021-12-10,44.526463
2021-12-13,43.820332
2021-12-14,43.721123
2021-12-15,43.594860
2021-12-16,43.648979
2021-12-17,43.432541
2021-12-20,42.783203
2021-12-21,43.504684
2021-12-22,43.712105
2021-12-23,43.937565
2021-12-27,44.135971
2021-12-28,43.991676
2021-12-29,43.793274
2021-12-30,44.294964
2021-12-31,44.078403
2022-01-03,44.394215
2022-01-04,44.240822
2022-01-05,43.518963
2022-01-06,43.717472
2022-01-07,44.114494
2022-01-10,44.114494
2022-01-11,45.134117
2022-01-12,45.883049
2022-01-13,45.233376
2022-01-14,45.215332
2022-01-18,44.412262
2022-01-19,44.601753
2022-01-20,44.863430
2022-01-21,44.213745
2022-01-24,43.591152
2022-01-25,43.509941
2022-01-26,42.959522
2022-01-27,42.463249
2022-01-28,42.670784
2022-01-31,44.069378
2022-02-01,44.340073
2022-02-02,44.267891
2022-02-03,43.798679
2022-02-04,43.906956
2022-02-07,43.816730
2022-02-08,44.240822
2022-02-09,44.935612
2022-02-10,44.637844
2022-02-11,43.961098
2022-02-14,43.654312
2022-02-15,44.601753
2022-02-16,44.926582
2022-02-17,44.403244
2022-02-18,43.961098
2022-02-22,43.338497
2022-02-23,42.833202
2022-02-24,41.948929
2022-02-25,42.724918
2022-02-28,42.165478
2022-03-01,41.606041
2022-03-02,41.678223
2022-03-03,41.091721
2022-03-04,40.261585
2022-03-07,38.754707
2022-03-08,38.881035
2022-03-09,39.981865
2022-03-10,39.232937
2022-03-11,38.411827
2022-03-14,37.482430
2022-03-15,37.536572
2022-03-16,40.559345
2022-03-17,40.351818
2022-03-18,40.929302
2022-03-21,40.297672
2022-03-22,41.028561
2022-03-23,40.757854
2022-03-24,40.974415
2022-03-25,40.649578
2022-03-28,40.784927
2022-03-29,41.479717
2022-03-30,41.362419
2022-03-31,40.739822
2022-04-01,41.416557
2022-04-04,42.147438
2022-04-05,41.371433
2022-04-06,40.830044
2022-04-07,40.505207
2022-04-08,40.541306
2022-04-11,40.035999
2022-04-12,39.909672
2022-04-13,40.433029
2022-04-14,39.909672
2022-04-18,39.774338
2022-04-19,39.575821
2022-04-20,39.341213
2022-04-21,38.583267
2022-04-22,38.240391
2022-04-25,37.960663
2022-04-26,37.130531
2022-04-27,37.563648
2022-04-28,38.105034
2022-04-29,38.240391
2022-05-02,38.186245
2022-05-03,38.465973
2022-05-04,38.881035
2022-05-05,37.446339
2022-05-06,36.932014
2022-05-09,35.867271
2022-05-10,36.038715
2022-05-11,35.786068
2022-05-12,35.551468
2022-05-13,36.534996
2022-05-16,36.390625
2022-05-17,37.283924
2022-05-18,36.390625
2022-05-19,36.968117
2022-05-20,37.121506
2022-05-23,37.401226
2022-05-24,36.751553
2022-05-25,36.932014
2022-05-26,37.509499
2022-05-27,37.942616
2022-05-31,38.474983
2022-06-01,38.204296
2022-06-02,38.862988
2022-06-03,38.231361
2022-06-06,38.438892
2022-06-07,38.556194
2022-06-08,38.763729
2022-06-09,37.846458
2022-06-10,37.427864
2022-06-13,36.117477
2022-06-14,36.617973
2022-06-15,37.100266
2022-06-16,35.962784
2022-06-17,36.099281
2022-06-21,36.681671
2022-06-22,36.026478
2022-06-23,36.135681
2022-06-24,36.991077
2022-06-27,37.036572
2022-06-28,36.809074
2022-06-29,36.663475
2022-06-30,36.490578
2022-07-01,36.263077
2022-07-05,35.980984
2022-07-06,35.762585
2022-07-07,36.481476
2022-07-08,36.481476
2022-07-11,35.507790
2022-07-12,35.371281
2022-07-13,35.289391
2022-07-14,34.970898
2022-07-15,35.152893
2022-07-18,35.398590
2022-07-19,35.980984
2022-07-20,35.826283
2022-07-21,36.235775
2022-07-22,35.871777
2022-07-25,35.999180
2022-07-26,35.717079
2022-07-27,36.381374
2022-07-28,36.536076
2022-07-29,36.363178
2022-08-01,36.053780
2022-08-02,35.880886
2022-08-03,36.162983
2022-08-04,36.417778
2022-08-05,36.454182
2022-08-08,36.499680
2022-08-09,36.363178
2022-08-10,36.818176
2022-08-11,36.963772
2022-08-12,37.355061
2022-08-15,37.182167
2022-08-16,37.173069
2022-08-17,37.018375
2022-08-18,36.809074
2022-08-19,36.308582
2022-08-22,35.990082
2022-08-23,36.181179
2022-08-24,36.172077
2022-08-25,36.954666
2022-08-26,36.408669
2022-08-29,36.181179
2022-08-30,35.753483
2022-08-31,35.880886
2022-09-01,35.598785
2022-09-02,35.271187
2022-09-06,34.852596
2022-09-07,35.161991
2022-09-08,34.970898
2022-09-09,35.489590
2022-09-12,36.017384
2022-09-13,34.907192
2022-09-14,35.080090
2022-09-15,34.706989
2022-09-16,34.388500
2022-09-19,34.497700
2022-09-20,34.306599
2022-09-21,33.733307
2022-09-22,33.569508
2022-09-23,32.741413
2022-09-26,32.341019
2022-09-27,32.304619
2022-09-28,32.586723
2022-09-29,31.858732
2022-09-30,31.740433
2022-10-03,32.259129
2022-10-04,33.314716
2022-10-05,33.332912
2022-10-06,33.132717
2022-10-07,32.441124
2022-10-10,31.986128
2022-10-11,31.476532
2022-10-12,31.512932
2022-10-13,31.603931
2022-10-14,31.130737
2022-10-17,31.986128
2022-10-18,31.995222
2022-10-19,31.412832
2022-10-20,31.613029
2022-10-21,32.095329
2022-10-24,30.875940
2022-10-25,31.130737
2022-10-26,31.640331
2022-10-27,31.394632
2022-10-28,31.203537
2022-10-31,31.112535
2022-11-01,31.685831
2022-11-02,31.421934
2022-11-03,31.603931
2022-11-04,32.941616
2022-11-07,32.959820
2022-11-08,33.196419
2022-11-09,32.623116
2022-11-10,33.806107
2022-11-11,34.725197
2022-11-14,34.515900
2022-11-15,35.307583
2022-11-16,34.743393
2022-11-17,34.807095
2022-11-18,34.606899
2022-11-21,34.170101
2022-11-22,34.252003
2022-11-23,34.534096
2022-11-25,34.370300
2022-11-28,34.215603
2022-11-29,34.952694
2022-11-30,35.962784
2022-12-01,35.844479
2022-12-02,35.980984
2022-12-05,35.571484
2022-12-06,35.525993
2022-12-07,35.316692
2022-12-08,35.744381
2022-12-09,35.507790
2022-12-12,35.398590
2022-12-13,35.651726
2022-12-14,35.670200
2022-12-15,34.847969
2022-12-16,34.949600
2022-12-19,34.977314
2022-12-20,34.968067
2022-12-21,35.282181
2022-12-22,34.968067
2022-12-23,34.921875
2022-12-27,35.439240
2022-12-28,34.921875
2022-12-29,35.503910
2022-12-30,35.014263
2023-01-03,35.309902
2023-01-04,36.372334
2023-01-05,36.261467
2023-01-06,37.019039
2023-01-09,37.296196
2023-01-10,37.564117
2023-01-11,37.721172
2023-01-12,37.905941
2023-01-13,38.155380
2023-01-17,37.942902
2023-01-18,37.684216
2023-01-19,37.970612
2023-01-20,38.552647
2023-01-23,38.829800
2023-01-24,38.857521
2023-01-25,38.894470
2023-01-26,39.264019
2023-01-27,39.079243
2023-01-30,38.293964
2023-01-31,38.210815
2023-02-01,38.681988
2023-02-02,38.451015
2023-02-03,37.767368
2023-02-06,37.213051
2023-02-07,37.360867
2023-02-08,37.314671
2023-02-09,37.490204
2023-02-10,37.129902
2023-02-13,37.434772
2023-02-14,37.370106
2023-02-15,37.055996
2023-02-16,37.065231
2023-02-17,36.658733
2023-02-21,36.196800
2023-02-22,36.021267
2023-02-23,36.196800
2023-02-24,35.383808
2023-02-27,35.568581
2023-02-28,35.319134
2023-03-01,36.076702
2023-03-02,36.206039
2023-03-03,36.529392
2023-03-06,36.400055
2023-03-07,35.790306
2023-03-08,35.938122
2023-03-09,35.143604
2023-03-10,34.958836
2023-03-13,35.014263
2023-03-14,35.032745
2023-03-15,34.432232
2023-03-16,34.958836
2023-03-17,34.746342
2023-03-20,34.875687
2023-03-21,35.189804
2023-03-22,35.328381
2023-03-23,35.818020
2023-03-24,35.725632
2023-03-27,35.531628
2023-03-28,36.039742
2023-03-29,36.141365
2023-03-30,36.501675
2023-03-31,36.455482
2023-04-03,36.529392
2023-04-04,36.529392
2023-04-05,36.242996
2023-04-06,36.390808
2023-04-10,36.427769
2023-04-11,36.649494
2023-04-12,36.390808
2023-04-13,36.889702
2023-04-14,36.695690
2023-04-17,36.852745
2023-04-18,36.806553
2023-04-19,36.437004
2023-04-20,36.381577
2023-04-21,36.039742
2023-04-24,35.956596
2023-04-25,35.282181
2023-04-26,35.485432
2023-04-27,35.965832
2023-04-28,36.150608
2023-05-01,36.030510
2023-05-02,35.679443
2023-05-03,35.624016
2023-05-04,35.910404
2023-05-05,36.390808
2023-05-08,36.409286
2023-05-09,36.187565
2023-05-10,36.169086
2023-05-11,36.039742
2023-05-12,35.614769
2023-05-15,36.270714
2023-05-16,36.012028
2023-05-17,36.178322
2023-05-18,35.984310
2023-05-19,36.012028
2023-05-22,36.307663
2023-05-23,35.744110
2023-05-24,35.476192
2023-05-25,35.402283
2023-05-26,36.030510
2023-05-30,35.614769
2023-05-31,35.282181
2023-06-01,35.910404
2023-06-02,36.529392
2023-06-05,36.520153
2023-06-06,36.843502
2023-06-07,36.685219
2023-06-08,36.945930
2023-06-09,37.113525
2023-06-12,37.188007
2023-06-13,37.560448
2023-06-14,37.839779
2023-06-15,38.193592
2023-06-16,38.063248
2023-06-20,37.318367
2023-06-21,37.141457
2023-06-22,37.011105
2023-06-23,36.471066
2023-06-26,36.592110
2023-06-27,36.964550
2023-06-28,36.741085
2023-06-29,36.545551
2023-06-30,36.834190
2023-07-03,37.243874
2023-07-05,37.020412
2023-07-06,36.266228
2023-07-07,36.675907
2023-07-10,36.703835
2023-07-11,37.076279
2023-07-12,37.904953
2023-07-13,38.398438
2023-07-14,38.184280
2023-07-17,38.230843
2023-07-18,37.951508
2023-07-19,37.877029
2023-07-20,37.597691
2023-07-21,37.541828
2023-07-24,38.053932
2023-07-25,38.370499
2023-07-26,38.593967
2023-07-27,38.119110
2023-07-28,39.040897
2023-07-31,39.059517
2023-08-01,38.566032
2023-08-02,37.644245
2023-08-03,37.793224
2023-08-04,37.746670
2023-08-07,37.690804
2023-08-08,37.234566
2023-08-09,37.327675
2023-08-10,37.383541
2023-08-11,36.834190
2023-08-14,36.657284
2023-08-15,36.238289
2023-08-16,35.912407
2023-08-17,35.996212
2023-08-18,35.754120
2023-08-21,35.837917
2023-08-22,35.763432
2023-08-23,36.331402
2023-08-24,36.191734
2023-08-25,36.228985
2023-08-28,36.582802
2023-08-29,37.048344
2023-08-30,36.927307
2023-08-31,36.471066
2023-09-01,36.899376
2023-09-05,36.601421
2023-09-06,36.396580
2023-09-07,35.968277
2023-09-08,36.042763
2023-09-11,36.489685
2023-09-12,36.377956
2023-09-13,36.331402
2023-09-14,36.573483
2023-09-15,36.433823
2023-09-18,36.387272
2023-09-19,36.173119
2023-09-20,36.024139
2023-09-21,35.400307
2023-09-22,35.819302
2023-09-25,35.661011
2023-09-26,35.158215
2023-09-27,35.214085
2023-09-28,35.307198
2023-09-29,35.335125
2023-10-02,35.158215
2023-10-03,34.692673
2023-10-04,34.590248
2023-10-05,34.720604
2023-10-06,35.223404
2023-10-09,35.055801
2023-10-10,35.558590
2023-10-11,35.782059
2023-10-12,35.381680
2023-10-13,35.251335
2023-10-16,35.512035
2023-10-17,35.418930
2023-10-18,34.878891
2023-10-19,34.674049
2023-10-20,34.255054
2023-10-23,34.227123
2023-10-24,34.664738
2023-10-25,34.208500
2023-10-26,34.040901
2023-10-27,34.012970
2023-10-30,34.366791
2023-10-31,34.171261
2023-11-01,34.487831
2023-11-02,35.093044
2023-11-03,35.809986
2023-11-06,36.098629
2023-11-07,36.033455
2023-11-08,35.791367
2023-11-09,35.456177
2023-11-10,35.707561
2023-11-13,35.698254
2023-11-14,36.647972
2023-11-15,36.955238
2023-11-16,36.601421
2023-11-17,36.647972
2023-11-20,37.104210
2023-11-21,36.871433
2023-11-22,36.796951
2023-11-24,36.815571
2023-11-27,36.666599
2023-11-28,36.973858
2023-11-29,36.759705
2023-11-30,36.834190
2023-12-01,36.992485
2023-12-04,36.573483
2023-12-05,36.350025
2023-12-06,36.303467
2023-12-07,36.480373
2023-12-08,36.322090
2023-12-11,36.536247
2023-12-12,36.545551
2023-12-13,36.908688
2023-12-14,37.448719
2023-12-15,37.225254
2023-12-18,37.206635
2023-12-19,37.523209
2023-12-20,36.847725
2023-12-21,37.540279
2023-12-22,37.360027
2023-12-26,37.654125
2023-12-27,37.872326
2023-12-28,38.166424
2023-12-29,38.147453
2024-01-02,37.701565
2024-01-03,37.492847
2024-01-04,37.369514
2024-01-05,37.416946
2024-01-08,37.521305
2024-01-09,36.990032
2024-01-10,36.904648
2024-01-11,37.056442
2024-01-12,37.189262
2024-01-16,36.287991
2024-01-17,35.747231
2024-01-18,36.041328
2024-01-19,36.420807
2024-01-22,36.098248
2024-01-23,36.411324
2024-01-24,36.819267
2024-01-25,36.866699
2024-01-26,36.895161
2024-01-29,36.914135
2024-01-30,36.620033
2024-01-31,36.420807
2024-02-01,36.771828
2024-02-02,36.667473
2024-02-05,36.714909
2024-02-06,37.549767
2024-02-07,37.597202
2024-02-08,37.388489
2024-02-09,37.549767
2024-02-12,37.843868
2024-02-13,37.132339
2024-02-14,37.663616
2024-02-15,37.843868
2024-02-16,38.024124
2024-02-20,38.081043
2024-02-21,38.147453
2024-02-22,38.536423
2024-02-23,38.517448
2024-02-26,38.346676
2024-02-27,38.422577
2024-02-28,37.919765
2024-02-29,37.938736
2024-03-01,38.403606
2024-03-04,38.318222
2024-03-05,37.976685
2024-03-06,38.526939
2024-03-07,38.764114
2024-03-08,38.726162
2024-03-11,38.811546
2024-03-12,39.238464
2024-03-13,39.115131
2024-03-14,38.915905
2024-03-15,38.678726
2024-03-18,38.745136
2024-03-19,38.555393
2024-03-20,38.991798
2024-03-21,39.039238
2024-03-22,38.764114
2024-03-25,38.792572
2024-03-26,38.764114
2024-03-27,38.830521
2024-03-28,38.972832
2024-04-01,39.039238
2024-04-02,39.162567
2024-04-03,39.191029
2024-04-04,39.048725
2024-04-05,39.134109
2024-04-08,39.390259
2024-04-09,39.655895
2024-04-10,39.115131
2024-04-11,39.352306
2024-04-12,38.451038
2024-04-15,38.204376
2024-04-16,37.701565
2024-04-17,37.673100
2024-04-18,37.824894
2024-04-19,37.673100
2024-04-22,38.081043
2024-04-23,38.394119
2024-04-24,38.526939
2024-04-25,38.612320
2024-04-26,39.058212
2024-04-29,39.437691
2024-04-30,38.887444
2024-05-01,38.925388
2024-05-02,39.931019
2024-05-03,40.291531
2024-05-06,40.329479
2024-05-07,40.101788
2024-05-08,40.111271
2024-05-09,40.234600
2024-05-10,40.319988
2024-05-13,40.623573
2024-05-14,40.841778
2024-05-15,41.278187
2024-05-16,41.363560
2024-05-17,41.543819
2024-05-20,41.392029
2024-05-21,41.135880
2024-05-22,41.003059
2024-05-23,40.699474
2024-05-24,40.813313
2024-05-28,40.756390
2024-05-29,40.149227
2024-05-30,40.035374
2024-05-31,39.646412
2024-06-03,40.063839
2024-06-04,39.504101
2024-06-05,40.139736
2024-06-06,40.338966
2024-06-07,39.883583
2024-06-10,40.120758
2024-06-11,39.987026
2024-06-12,40.388233
2024-06-13,40.292706
2024-06-14,40.340469
2024-06-17,40.598385
2024-06-18,40.970940
2024-06-20,40.904072
2024-06-21,40.760780
2024-06-24,40.760780
2024-06-25,40.665260
2024-06-26,40.579281
2024-06-27,40.607941
2024-06-28,40.684361
2024-07-01,40.779884
2024-07-02,40.904072
2024-07-03,41.505878
2024-07-05,41.677830
2024-07-08,41.687378
2024-07-09,41.859325
2024-07-10,42.098137
2024-07-11,42.346508
2024-07-12,42.518452
2024-07-15,42.069485
2024-07-16,42.308296
2024-07-17,41.620514
2024-07-18,41.228859
2024-07-19,40.827652
2024-07-22,41.171539
2024-07-23,40.808544
2024-07-24,40.216286
2024-07-25,40.053890
2024-07-26,40.464653
2024-07-29,40.330917
2024-07-30,40.149414
2024-07-31,41.028255
2024-08-01,40.311810
2024-08-02,39.738659
2024-08-05,38.611450
2024-08-06,38.831165
2024-08-07,39.069981
2024-08-08,39.958366
2024-08-09,40.178082
2024-08-12,40.311810
2024-08-13,40.760780
2024-08-14,40.541073
2024-08-15,40.990044
2024-08-16,41.467670
2024-08-19,41.868881
2024-08-20,41.544094
2024-08-21,41.706486
2024-08-22,41.190643
2024-08-23,41.878437
2024-08-26,41.524986
2024-08-27,41.582298
2024-08-28,41.324379
2024-08-29,41.343487
2024-08-30,41.429459
2024-09-03,40.607941
2024-09-04,40.598385
2024-09-05,40.655704
2024-09-06,39.910603
2024-09-09,40.244946
2024-09-10,40.092106
2024-09-11,40.388233
2024-09-12,40.722572
2024-09-13,40.913624
2024-09-16,41.047363
2024-09-17,41.095119
2024-09-18,40.951832
2024-09-19,41.821114
2024-09-20,41.735142
2024-09-23,42.059929
2024-09-24,43.492813
2024-09-25,43.034290
2024-09-26,44.610462
2024-09-27,44.524490
2024-09-30,43.808048
2024-10-01,44.123283
2024-10-02,44.992565
2024-10-03,44.457626
2024-10-04,44.868382
2024-10-07,45.240932
2024-10-08,44.123283
2024-10-09,43.884468
2024-10-10,43.970440
2024-10-11,44.285675
2024-10-14,44.104176
2024-10-15,43.168026
2024-10-16,43.502373
2024-10-17,43.435501
2024-10-18,43.865364
2024-10-21,43.559681
2024-10-22,43.464157
2024-10-23,43.206234
2024-10-24,43.139374
2024-10-25,43.101158
2024-10-28,43.292210
2024-10-29,43.158474
2024-10-30,42.738167
2024-10-31,42.461136
2024-11-01,42.499352
2024-11-04,42.738167
2024-11-05,43.320869
2024-11-06,42.785923
2024-11-07,43.731625
2024-11-08,42.652191
2024-11-11,42.327404
2024-11-12,41.524986
2024-11-13,41.257511
2024-11-14,41.028255
2024-11-15,41.028255
2024-11-18,41.496330
2024-11-19,41.467670
2024-11-20,41.419910
2024-11-21,41.333935
2024-11-22,41.343487
2024-11-25,41.372147
2024-11-26,41.200199
2024-11-27,41.257511
2024-11-29,41.324379
2024-12-02,41.486778
2024-12-03,41.572746
2024-12-04,41.677830
2024-12-05,41.954849
2024-12-06,41.887981
2024-12-09,42.747711
2024-12-10,42.059929
2024-12-11,42.231873
2024-12-12,42.021717
2024-12-13,42.059929
2024-12-16,41.830669
2024-12-17,41.730614
2024-12-18,40.759232
2024-12-19,40.895226
2024-12-20,41.060364
2024-12-23,41.293495
2024-12-24,41.419773
2024-12-26,41.274071
2024-12-27,41.089504
2024-12-30,40.759232
2024-12-31,40.623238
2025-01-02,40.564957
2025-01-03,40.943798
2025-01-06,41.089504
2025-01-07,40.798088
2025-01-08,40.603809
2025-01-10,39.914131
2025-01-13,39.642143
2025-01-14,40.088982
2025-01-15,40.613529
2025-01-16,40.564957
2025-01-17,40.885513
2025-01-21,41.322636
2025-01-22,41.351780
2025-01-23,41.448914
2025-01-24,41.720905
2025-01-27,40.963223
2025-01-28,41.264351
2025-01-29,41.274071
2025-01-30,41.973461
2025-01-31,41.497486
2025-02-03,41.196354
2025-02-04,41.934608
2025-02-05,41.827755
2025-02-06,42.002609
2025-02-07,41.963749
2025-02-10,42.468868
2025-02-11,42.303734
2025-02-12,42.536865
2025-02-13,42.808849
2025-02-14,43.139122
2025-02-18,43.411110
2025-02-19,43.343113
2025-02-20,43.741383
2025-02-21,43.615101
2025-02-24,42.944843
2025-02-25,42.973988
2025-02-26,43.401398
2025-02-27,42.556293
2025-02-28,41.973461
2025-03-03,41.604340
2025-03-04,41.954033
2025-03-05,43.207119
2025-03-06,42.935131
2025-03-07,43.148834
2025-03-10,42.119171
2025-03-11,42.468868
2025-03-12,42.702000
2025-03-13,42.527149
2025-03-14,43.304256
2025-03-17,44.042507
2025-03-18,43.819092
2025-03-19,43.925945
2025-03-20,43.517960
2025-03-21,43.304256
2025-03-24,43.498535
2025-03-25,43.372257
2025-03-26,43.109982
2025-03-27,43.323685
2025-03-28,42.517437
2025-03-31,42.449444
2025-04-01,42.585438
2025-04-02,42.643719
2025-04-03,41.740334
2025-04-04,39.418728
2025-04-07,37.951935
2025-04-08,37.417675
2025-04-09,40.011269
2025-04-10,39.321587
2025-04-11,40.555244
2025-04-14,40.924370
2025-04-15,40.885513
2025-04-16,40.409538
2025-04-17,40.720379
2025-04-21,40.710663
2025-04-22,41.322636
2025-04-23,41.798615
2025-04-24,42.284302
2025-04-25,42.206593
2025-04-28,42.284302
2025-04-29,42.400871
2025-04-30,42.507725
2025-05-01,42.498009
2025-05-02,43.712238
2025-05-05,44.042507
2025-05-06,43.867664
2025-05-07,43.362537
2025-05-08,43.333401
2025-05-09,43.624813
2025-05-12,44.567059
2025-05-13,44.644764
2025-05-14,44.984753
2025-05-15,44.965321
2025-05-16,44.936180
2025-05-19,45.033318
2025-05-20,44.984753
2025-05-21,44.868183
2025-05-22,44.722477
2025-05-23,44.907036
2025-05-27,44.800186
2025-05-28,44.596195
2025-05-29,44.761337
2025-05-30,44.217358
2025-06-02,44.537910
2025-06-03,44.644764
2025-06-04,45.198452
2025-06-05,45.431587
2025-06-06,45.577293
2025-06-09,45.965847
2025-06-10,46.228119
2025-06-11,46.422401
2025-06-12,46.500107
2025-06-13,45.761860
2025-06-16,46.322868
2025-06-17,45.714779
2025-06-18,45.704967
2025-06-20,45.440159
2025-06-23,45.812855
2025-06-24,46.999615
2025-06-25,47.038849
2025-06-26,47.352703
2025-06-27,47.166351
2025-06-30,47.313473
2025-07-01,47.401745
2025-07-02,47.607712
2025-07-03,47.823483
2025-07-07,47.146736
2025-07-08,47.440975
2025-07-09,47.362514
2025-07-10,47.490013
2025-07-11,47.333088
2025-07-14,47.401745
2025-07-15,47.745018
2025-07-16,47.970604
2025-07-17,48.245224
2025-07-18,48.137341
2025-07-21,48.451191
2025-07-22,48.480614
2025-07-23,48.971012
2025-07-24,48.706200
2025-07-25,48.559074
2025-07-28,48.235416
2025-07-29,48.255035
2025-07-30,47.901947
2025-07-31,47.627327
2025-08-01,47.274242
2025-08-04,47.764637
2025-08-05,47.901947
2025-08-06,48.127529
2025-08-07,48.529652
2025-08-08,48.490421
2025-08-11,48.353111
2025-08-12,48.941589
2025-08-13,49.530064
2025-08-14,48.921974
2025-08-15,48.980820
2025-08-18,49.265251
2025-08-19,48.863125
2025-08-20,48.794472
2025-08-21,48.686584
2025-08-22,49.657570
2025-08-25,49.373138
2025-08-26,49.245636
2025-08-27,48.951397
2025-08-28,49.137745
2025-08-29,48.902359
2025-09-02,48.863125
2025-09-03,49.049473
2025-09-04,48.892548
2025-09-05,49.481026
2025-09-08,49.932190
2025-09-09,50.206810
2025-09-10,50.550091
2025-09-11,51.285686
2025-09-12,51.256260
2025-09-15,51.628960
2025-09-16,52.011471
2025-09-17,52.237053
2025-09-18,52.109554
2025-09-19,51.991856
2025-09-22,52.246861
2025-09-23,52.276283
2025-09-24,52.099743
2025-09-25,51.795696
2025-09-26,51.697617
2025-09-29,52.168396
2025-09-30,52.374367
2025-10-01,52.786297
2025-10-02,53.031494
2025-10-03,53.188423
2025-10-06,53.433620
2025-10-07,53.021690
2025-10-08,53.443432
2025-10-09,52.894184
2025-10-10,50.942406
2025-10-13,52.423405
2025-10-14,51.952625
2025-10-15,52.805916
2025-10-16,53.149189
2025-10-17,53.139381
2025-10-20,53.865170
2025-10-21,53.266891
2025-10-22,53.217846
2025-10-23,53.688629
2025-10-24,54.041714
2025-10-27,54.639999
2025-10-28,54.620380
2025-10-29,54.934235
2025-10-30,54.365376
2025-10-31,54.237873
2025-11-03,54.581154
2025-11-04,53.580742
2025-11-05,54.061329
2025-11-06,53.659203
2025-11-07,53.502277
2025-11-10,54.443836
2025-11-11,54.502686
2025-11-12,54.512493
2025-11-13,53.874981
2025-11-14,53.904404
2025-11-17,53.266891
2025-11-18,53.002071
2025-11-19,52.815720
2025-11-20,52.089935
2025-11-21,52.080128
2025-11-24,52.629372
2025-11-25,52.815720
2025-11-26,53.198235
2025-11-28,53.276695
2025-12-01,53.237465
2025-12-02,53.257080
2025-12-03,53.296314
2025-12-04,53.286507
2025-12-05,53.688629
2025-12-08,53.570930
2025-12-09,53.482662
2025-12-10,54.080944
2025-12-11,53.825939
2025-12-12,53.198235
2025-12-15,53.041306
2025-12-16,52.706047
2025-12-17,52.328011
2025-12-18,52.924911
2025-12-19,53.442223
2025-12-22,53.730721
2025-12-23,54.029171
2025-12-24,54.138599
2025-12-26,54.516636
2025-12-29,54.377361
2025-12-30,54.596222
2025-12-31,54.427101
2026-01-02,55.949192
2026-01-05,56.565983
2026-01-06,56.983810
2026-01-07,56.556034
2026-01-08,56.575932
2026-01-09,56.844536
2026-01-12,57.640396
2026-01-13,57.212620
2026-01-14,57.451382
2026-01-15,57.789623
2026-01-16,57.570759
2026-01-20,57.013657
2026-01-21,57.958744
2026-01-22,58.396469
2026-01-23,58.764557
2026-01-26,58.864037
2026-01-27,60.027988
2026-01-28,60.435867
2026-01-29,60.127472
2026-01-30,58.794399
2026-02-02,58.973469
2026-02-03,59.291813
2026-02-04,58.495953
2026-02-05,58.227348
2026-02-06,59.759384
2026-02-09,60.197109
2026-02-10,60.286644
2026-02-11,61.241680
2026-02-12,60.545300
2026-02-13,60.803955
2026-02-17,60.555248
2026-02-18,60.873592
2026-02-19,60.724369
2026-02-20,62.017647
2026-02-23,61.331215
2026-02-24,62.296200
2026-02-25,62.982632
2026-02-26,62.385735
2026-02-27,62.256409
2026-03-02,61.181992
2026-03-03,58.117916
2026-03-04,58.744659
2026-03-05,57.332005
2026-03-06,57.023605
2026-03-09,58.147762
2026-03-10,58.376572
2026-03-11,58.525799
2026-03-12,56.655518
2026-03-13,56.506294
2026-03-16,58.078125
2026-03-17,58.446209
2026-03-18,57.262367
2026-03-19,57.322052
2026-03-20,55.352291
2026-03-23,57.013657
2026-03-24,56.227741
2026-03-25,57.123085
2026-03-26,55.183174
2026-03-27,54.914570
2026-03-30,54.466896
2026-03-31,56.496346
2026-04-01,56.934071
2026-04-02,56.297379
2026-04-06,56.814693
2026-04-07,57.013657
2026-04-08,60.127472
2026-04-09,59.968300
2026-04-10,60.246853
2026-04-13,60.754215
2026-04-14,61.918167
2026-04-15,61.878372
2026-04-16,62.127079
2026-04-17,63.310925
2026-04-20,62.853306
2026-04-21,61.928112
2026-04-22,63.052269
2026-04-23,62.027596
2026-04-24,63.410408
2026-04-27,63.310925
2026-04-28,62.664288
2026-04-29,62.365837
2026-04-30,63.659119
2026-05-01,63.798389
2026-05-04,63.768543
2026-05-05,65.061829
2026-05-06,67.141014
2026-05-07,66.245667
2026-05-08,67.588692
2026-05-11,67.538948
2026-05-12,65.479652
2026-05-13,66.862465
2026-05-14,67.031586
2026-05-15,64.733528
2026-05-18,64.634048
2026-05-19,63.927723
2026-05-20,65.121513
2026-05-21,65.688568
2026-05-22,65.539337
2026-05-26,68.046310
2026-05-27,68.036362
2026-05-28,68.255226
2026-05-29,68.245277
2026-06-01,69.717628
2026-06-02,70.433907
2026-06-03,69.558449
2026-06-04,68.742691
2026-06-05,64.256012
2026-06-08,65.410011
2026-06-09,65.479652
2026-06-10,64.325653
2026-06-11,67.150963
2026-06-12,67.528999
2026-06-15,69.750000
2026-06-16,68.639999
2026-06-17,68.559998
2026-06-18,70.790001
2026-06-22,71.209999
2026-06-23,67.169998
2026-06-24,67.250000
2026-06-25,67.959999
2026-06-26,67.190002
2026-06-29,67.430000
2026-06-30,68.410004
2026-07-01,66.480003
2026-07-02,65.699997
2026-07-06,67.570000
2026-07-07,65.720001
2026-07-08,66.230003
2026-07-09,66.779999
2026-07-10,66.900002
2026-07-13,64.500000
2026-07-14,65.669998
2026-07-15,65.570000
2026-07-16,64.190002
2026-07-17,63.290001
2026-07-20,63.560001
2026-07-21,65.339996
2026-07-22,64.989998
2026-07-23,64.599998
2026-07-24,63.330002
2026-07-27,63.619999
2026-07-28,62.360001
2026-07-29,61.070000
2026-07-30,63.590000
2026-07-31,64.089996
2026-08-03,64.320000
2026-08-04,66.000000
2026-08-05,65.720001
2026-08-06,65.019997
2026-08-07,65.639999
2026-08-10,65.169998
2026-08-11,65.430000
2026-08-12,66.459999
2026-08-13,66.680000
2026-08-14,66.610001
2026-08-17,67.320000
2026-08-18,65.339996
2026-08-19,66.110001
2026-08-20,66.620003
2026-08-21,67.120003
2026-08-24,66.110001
2026-08-25,67.250000
2026-08-26,67.169998
2026-08-27,67.610001
2026-08-28,67.139999
2026-08-31,67.019997
2026-09-01,66.769997
2026-09-02,67.150002
2026-09-03,67.470001
2026-09-04,68.699997
2026-09-08,68.830002
2026-09-09,68.480003
2026-09-10,67.000000
2026-09-11,67.839996
2026-09-14,65.989998
2026-09-15,65.760002
2026-09-16,65.720001
2026-09-17,66.910004
2026-09-18,67.029999
2026-09-21,68.830002
2026-09-22,69.099998
2026-09-23,67.709999
2026-09-24,67.250000
2026-09-25,67.980003
2026-09-28,67.199997
2026-09-29,67.400002
2026-09-30,66.790001
2026-10-01,66.809998
