date,adj_close
2001-08-27,21.856182
2001-08-28,21.606155
2001-08-29,21.507492
2001-08-30,21.201336
2001-08-31,21.252371
2001-09-04,20.767624
2001-09-05,20.640055
2001-09-06,20.172319
2001-09-07,20.053249
2001-09-10,19.823635
2001-09-17,18.956198
2001-09-18,18.803116
2001-09-19,18.752092
2001-09-20,17.935675
2001-09-21,17.433920
2001-09-24,18.241829
2001-09-25,18.454441
2001-09-26,18.547985
2001-09-27,18.840536
2001-09-28,19.207924
2001-10-01,19.104172
2001-10-02,19.171618
2001-10-03,19.367510
2001-10-04,19.573622
2001-10-05,19.604288
2001-10-08,19.486740
2001-10-09,19.435648
2001-10-10,19.827427
2001-10-11,19.963699
2001-10-12,19.938150
2001-10-15,19.623020
2001-10-16,19.895565
2001-10-17,19.912600
2001-10-18,19.750774
2001-10-19,19.554886
2001-10-22,19.691156
2001-10-23,19.847872
2001-10-24,20.047163
2001-10-25,20.018206
2001-10-26,20.147665
2001-10-29,19.726921
2001-10-30,19.503784
2001-10-31,19.558292
2001-11-01,19.970514
2001-11-02,19.968809
2001-11-05,20.168104
2001-11-06,20.377623
2001-11-07,20.193661
2001-11-08,20.338442
2001-11-09,20.304375
2001-11-12,20.031834
2001-11-13,20.215805
2001-11-14,20.236244
2001-11-15,20.323111
2001-11-16,20.437243
2001-11-19,20.539436
2001-11-20,20.398050
2001-11-21,20.345251
2001-11-23,20.409990
2001-11-26,20.607578
2001-11-27,20.447460
2001-11-28,20.091452
2001-11-29,20.135738
2001-11-30,20.212397
2001-12-03,20.040352
2001-12-04,20.324816
2001-12-05,20.813692
2001-12-06,20.878420
2001-12-07,20.563288
2001-12-10,20.168104
2001-12-11,20.208986
2001-12-12,20.292454
2001-12-13,19.812096
2001-12-14,19.926226
2001-12-17,20.162998
2001-12-18,20.217501
2001-12-19,20.006281
2001-12-20,19.909187
2001-12-21,20.009689
2001-12-24,19.935026
2001-12-26,19.917974
2001-12-27,20.182186
2001-12-28,20.342419
2001-12-31,20.335608
2002-01-02,20.448109
2002-01-03,20.632196
2002-01-04,20.768564
2002-01-07,20.492428
2002-01-08,20.258900
2002-01-09,20.045832
2002-01-10,20.093550
2002-01-11,19.979345
2002-01-14,19.779911
2002-01-15,19.764570
2002-01-16,19.416838
2002-01-17,19.696388
2002-01-18,19.687866
2002-01-22,19.457750
2002-01-23,19.508884
2002-01-24,19.614571
2002-01-25,19.335014
2002-01-28,19.515699
2002-01-29,18.973644
2002-01-30,19.183310
2002-01-31,19.159447
2002-02-01,19.116827
2002-02-04,18.960007
2002-02-05,18.581596
2002-02-06,18.554323
2002-02-07,18.760574
2002-02-08,19.012856
2002-02-11,19.244673
2002-02-12,19.236160
2002-02-13,19.261723
2002-02-14,19.415133
2002-02-15,19.295816
2002-02-19,18.886709
2002-02-20,18.971939
2002-02-21,18.842394
2002-02-22,18.978764
2002-02-25,19.217400
2002-02-26,19.108311
2002-02-27,19.321383
2002-02-28,19.389559
2002-03-01,19.756044
2002-03-04,20.431063
2002-03-05,20.206055
2002-03-06,20.415710
2002-03-07,20.732761
2002-03-08,20.763453
2002-03-11,20.795845
2002-03-12,20.557192
2002-03-13,20.335608
2002-03-14,20.536743
2002-03-15,20.765163
2002-03-18,20.741299
2002-03-19,20.845274
2002-03-20,20.577658
2002-03-21,20.630497
2002-03-22,20.448109
2002-03-25,20.195826
2002-03-26,20.323673
2002-03-27,20.354357
2002-03-28,20.471964
2002-04-01,20.586178
2002-04-02,20.506062
2002-04-03,20.509476
2002-04-04,20.480492
2002-04-05,20.480492
2002-04-08,20.243561
2002-04-09,20.212875
2002-04-10,20.477083
2002-04-11,20.021961
2002-04-12,20.226511
2002-04-15,20.369701
2002-04-16,20.751520
2002-04-17,20.778795
2002-04-18,20.845274
2002-04-19,20.928793
2002-04-22,20.782204
2002-04-23,20.727650
2002-04-24,20.625380
2002-04-25,20.812889
2002-04-26,20.628792
2002-04-29,20.574247
2002-04-30,20.783909
2002-05-01,20.892998
2002-05-02,20.836742
2002-05-03,20.978235
2002-05-06,20.761749
2002-05-07,20.489014
2002-05-08,20.940735
2002-05-09,20.838451
2002-05-10,20.666294
2002-05-13,20.973110
2002-05-14,20.996986
2002-05-15,21.085613
2002-05-16,21.193003
2002-05-17,21.382215
2002-05-20,21.273123
2002-05-21,21.240740
2002-05-22,21.281645
2002-05-23,21.302094
2002-05-24,21.162323
2002-05-28,21.119713
2002-05-29,21.099253
2002-05-30,21.005503
2002-05-31,20.894703
2002-06-03,20.855497
2002-06-04,20.736179
2002-06-05,20.693563
2002-06-06,20.489014
2002-06-07,20.327085
2002-06-10,20.393564
2002-06-11,20.292986
2002-06-12,20.180492
2002-06-13,19.841276
2002-06-14,19.612862
2002-06-17,19.923096
2002-06-18,19.970827
2002-06-19,19.432178
2002-06-20,19.341837
2002-06-21,19.363995
2002-06-24,19.365696
2002-06-25,19.381046
2002-06-26,19.384451
2002-06-27,19.863440
2002-06-28,20.207762
2002-07-01,20.045832
2002-07-02,19.679346
2002-07-03,19.491840
2002-07-05,20.248672
2002-07-08,20.233322
2002-07-09,19.986162
2002-07-10,19.425362
2002-07-11,19.346945
2002-07-12,19.082735
2002-07-15,18.859440
2002-07-16,18.494661
2002-07-17,18.963423
2002-07-18,19.038418
2002-07-19,18.365112
2002-07-22,17.702030
2002-07-23,17.199179
2002-07-24,17.814533
2002-07-25,17.625328
2002-07-26,17.625328
2002-07-29,18.469097
2002-07-30,18.351479
2002-07-31,18.281584
2002-08-01,17.642372
2002-08-02,17.574192
2002-08-05,16.977587
2002-08-06,17.349184
2002-08-07,17.684986
2002-08-08,18.085562
2002-08-09,18.256025
2002-08-12,18.051470
2002-08-13,17.879309
2002-08-14,18.298643
2002-08-15,18.443520
2002-08-16,18.443520
2002-08-19,18.775915
2002-08-20,18.273064
2002-08-21,18.733299
2002-08-22,18.787849
2002-08-23,18.554323
2002-08-26,18.639545
2002-08-27,18.803192
2002-08-28,18.290117
2002-08-29,18.111132
2002-08-30,18.102610
2002-09-03,17.395206
2002-09-04,17.398619
2002-09-05,17.267368
2002-09-06,17.519642
2002-09-09,17.441233
2002-09-10,17.574192
2002-09-11,17.737823
2002-09-12,17.444645
2002-09-13,17.015093
2002-09-16,16.875311
2002-09-17,16.790079
2002-09-18,16.781563
2002-09-19,16.491783
2002-09-20,16.401442
2002-09-23,15.818479
2002-09-24,15.562785
2002-09-25,15.954840
2002-09-26,16.517351
2002-09-27,16.512239
2002-09-30,16.227570
2002-10-01,16.624741
2002-10-02,16.396326
2002-10-03,16.215641
2002-10-04,15.937799
2002-10-07,15.545738
2002-10-08,15.586651
2002-10-09,15.341193
2002-10-10,15.699154
2002-10-11,16.270184
2002-10-14,15.852570
2002-10-15,16.960539
2002-10-16,16.662241
2002-10-17,16.900881
2002-10-18,16.764519
2002-10-21,17.003153
2002-10-22,16.808830
2002-10-23,16.653717
2002-10-24,16.491783
2002-10-25,16.773039
2002-10-28,16.849747
2002-10-29,16.474739
2002-10-30,16.738949
2002-10-31,16.849747
2002-11-01,17.112249
2002-11-04,17.335546
2002-11-05,17.599754
2002-11-06,17.608282
2002-11-07,17.309977
2002-11-08,17.165089
2002-11-11,16.829288
2002-11-12,17.139519
2002-11-13,16.943493
2002-11-14,17.321911
2002-11-15,17.582710
2002-11-18,17.361118
2002-11-19,17.199179
2002-11-20,17.437826
2002-11-21,17.863970
2002-11-22,17.778736
2002-11-25,17.640667
2002-11-26,17.228163
2002-11-27,17.705439
2002-11-29,17.795784
2002-12-02,17.884420
2002-12-03,17.567369
2002-12-04,17.487259
2002-12-05,17.291229
2002-12-06,17.412254
2002-12-09,16.965651
2002-12-10,17.195770
2002-12-11,17.173616
2002-12-12,17.139519
2002-12-13,16.977587
2002-12-16,17.344070
2002-12-17,17.257132
2002-12-18,16.892359
2002-12-19,16.986111
2002-12-20,17.088383
2002-12-23,17.120007
2002-12-24,17.088734
2002-12-26,17.146061
2002-12-27,16.876797
2002-12-30,17.128689
2002-12-31,17.199913
2003-01-02,17.562988
2003-01-03,17.580359
2003-01-06,17.797508
2003-01-07,17.519560
2003-01-08,17.281561
2003-01-09,17.493496
2003-01-10,17.470917
2003-01-13,17.507399
2003-01-14,17.641155
2003-01-15,17.472652
2003-01-16,17.545610
2003-01-17,17.361473
2003-01-21,17.055731
2003-01-22,16.815992
2003-01-23,16.934118
2003-01-24,16.755192
2003-01-27,16.308735
2003-01-28,16.378222
2003-01-29,16.338266
2003-01-30,16.327845
2003-01-31,16.459873
2003-02-03,16.718716
2003-02-04,16.477242
2003-02-05,16.505041
2003-02-06,16.345219
2003-02-07,16.108950
2003-02-10,16.164545
2003-02-11,16.242722
2003-02-12,16.070736
2003-02-13,16.307001
2003-02-14,16.461609
2003-02-18,16.703077
2003-02-19,16.312206
2003-02-20,16.329576
2003-02-21,16.433807
2003-02-24,16.234039
2003-02-25,16.034262
2003-02-26,15.843163
2003-02-27,15.865752
2003-02-28,16.112429
2003-03-03,16.181925
2003-03-04,15.947401
2003-03-05,15.973456
2003-03-06,15.791051
2003-03-07,15.676399
2003-03-10,15.242097
2003-03-11,15.191724
2003-03-12,15.016265
2003-03-13,15.445354
2003-03-14,15.521787
2003-03-17,15.959558
2003-03-18,16.027311
2003-03-19,16.112429
2003-03-20,16.214928
2003-03-21,16.607534
2003-03-24,16.069004
2003-03-25,16.247932
2003-03-26,16.256615
2003-03-27,16.147171
2003-03-28,16.042940
2003-03-31,15.738935
2003-04-01,15.983876
2003-04-02,16.247932
2003-04-03,16.157593
2003-04-04,16.374743
2003-04-07,16.586683
2003-04-08,16.590157
2003-04-09,16.527615
2003-04-10,16.442499
2003-04-11,16.348692
2003-04-14,16.597111
2003-04-15,16.824678
2003-04-16,16.713499
2003-04-17,16.954969
2003-04-21,16.895905
2003-04-22,17.140846
2003-04-23,17.291985
2003-04-24,17.156477
2003-04-25,16.852476
2003-04-28,17.151272
2003-04-29,17.250292
2003-04-30,17.338892
2003-05-01,17.410109
2003-05-02,17.561249
2003-05-05,17.695013
2003-05-06,18.068502
2003-05-07,17.901735
2003-05-08,17.632473
2003-05-09,17.854832
2003-05-12,17.997280
2003-05-13,17.995548
2003-05-14,18.000763
2003-05-15,18.032024
2003-05-16,18.254385
2003-05-19,17.761026
2003-05-20,17.938217
2003-05-21,17.752338
2003-05-22,17.990334
2003-05-23,18.092827
2003-05-27,18.249172
2003-05-28,18.336039
2003-05-29,18.422894
2003-05-30,18.457640
2003-06-02,18.629618
2003-06-03,18.674788
2003-06-04,18.787703
2003-06-05,18.977057
2003-06-06,19.091707
2003-06-09,18.954470
2003-06-10,19.107346
2003-06-11,19.421774
2003-06-12,19.473894
2003-06-13,19.360977
2003-06-16,19.644135
2003-06-17,19.684092
2003-06-18,19.628508
2003-06-19,19.395721
2003-06-20,19.421774
2003-06-23,19.206367
2003-06-24,19.055231
2003-06-25,18.865873
2003-06-26,18.952734
2003-06-27,18.810284
2003-06-30,18.815498
2003-07-01,18.926676
2003-07-02,19.300173
2003-07-03,19.195942
2003-07-07,19.548588
2003-07-08,19.456516
2003-07-09,19.355759
2003-07-10,19.256748
2003-07-11,19.215054
2003-07-14,19.421774
2003-07-15,19.239374
2003-07-16,19.095186
2003-07-17,18.796385
2003-07-18,19.091707
2003-07-21,18.945789
2003-07-22,18.900620
2003-07-23,19.180307
2003-07-24,19.211578
2003-07-25,19.453051
2003-07-28,19.503424
2003-07-29,19.421774
2003-07-30,19.260221
2003-07-31,19.100399
2003-08-01,19.096924
2003-08-04,19.152521
2003-08-05,18.973585
2003-08-06,18.944052
2003-08-07,19.056963
2003-08-08,19.116034
2003-08-11,19.300173
2003-08-12,19.381821
2003-08-13,19.395721
2003-08-14,19.671934
2003-08-15,19.626766
2003-08-18,19.899502
2003-08-19,19.856073
2003-08-20,19.819593
2003-08-21,19.856073
2003-08-22,19.741426
2003-08-25,19.661510
2003-08-26,19.559019
2003-08-27,19.593760
2003-08-28,19.708416
2003-08-29,19.729261
2003-09-02,20.028051
2003-09-03,20.290369
2003-09-04,20.266054
2003-09-05,20.306005
2003-09-08,20.396334
2003-09-09,20.436298
2003-09-10,20.229572
2003-09-11,20.342485
2003-09-12,20.429352
2003-09-15,20.488409
2003-09-16,20.691668
2003-09-17,20.827164
2003-09-18,21.046055
2003-09-19,20.967880
2003-09-22,20.731615
2003-09-23,20.778524
2003-09-24,20.677769
2003-09-25,20.411976
2003-09-26,20.325113
2003-09-29,20.585695
2003-09-30,20.325113
2003-10-01,20.992195
2003-10-02,20.959196
2003-10-03,21.264933
2003-10-06,21.487295
2003-10-07,21.454287
2003-10-08,21.365692
2003-10-09,21.513353
2003-10-10,21.603685
2003-10-13,21.817364
2003-10-14,21.932016
2003-10-15,21.723558
2003-10-16,21.853848
2003-10-17,21.740923
2003-10-20,21.973715
2003-10-21,21.899017
2003-10-22,21.685341
2003-10-23,21.410856
2003-10-24,21.452547
2003-10-27,21.548101
2003-10-28,21.801725
2003-10-29,21.775667
2003-10-30,21.799992
2003-10-31,21.645382
2003-11-03,21.754820
2003-11-04,21.874685
2003-11-05,21.749607
2003-11-06,21.558521
2003-11-07,21.758295
2003-11-10,21.577627
2003-11-11,21.495983
2003-11-12,21.944181
2003-11-13,22.069244
2003-11-14,21.919859
2003-11-17,21.542885
2003-11-18,21.628006
2003-11-19,21.680122
2003-11-20,21.541145
2003-11-21,21.773939
2003-11-24,21.937227
2003-11-25,21.971968
2003-11-26,22.157852
2003-11-28,22.192593
2003-12-01,22.632099
2003-12-02,22.685963
2003-12-03,22.731123
2003-12-04,22.783239
2003-12-05,22.619946
2003-12-08,22.809298
2003-12-09,22.713749
2003-12-10,22.550459
2003-12-11,22.800606
2003-12-12,22.875309
2003-12-15,22.722441
2003-12-16,23.013592
2003-12-17,22.959553
2003-12-18,23.301264
2003-12-19,23.170506
2003-12-22,23.323652
2003-12-23,23.373053
2003-12-24,23.429493
2003-12-26,23.387157
2003-12-29,23.780594
2003-12-30,23.826460
2003-12-31,24.131680
2004-01-02,24.196959
2004-01-05,24.662718
2004-01-06,24.699776
2004-01-07,24.452780
2004-01-08,24.803862
2004-01-09,24.646845
2004-01-12,24.639790
2004-01-13,24.496889
2004-01-14,24.708593
2004-01-15,24.558632
2004-01-16,24.470421
2004-01-20,24.735060
2004-01-21,25.034988
2004-01-22,25.050863
2004-01-23,24.782696
2004-01-26,24.862085
2004-01-27,24.752705
2004-01-28,24.435135
2004-01-29,24.466885
2004-01-30,24.403383
2004-02-02,24.346920
2004-02-03,24.391024
2004-02-04,24.126389
2004-02-05,24.226940
2004-02-06,24.683891
2004-02-09,24.839155
2004-02-10,24.946768
2004-02-11,25.229055
2004-02-12,25.008516
2004-02-13,24.976768
2004-02-17,25.458412
2004-02-18,25.105549
2004-02-19,25.273169
2004-02-20,24.964418
2004-02-23,25.034988
2004-02-24,24.937950
2004-02-25,24.752705
2004-02-26,24.761528
2004-02-27,24.964418
2004-03-01,25.299627
2004-03-02,24.893845
2004-03-03,24.840919
2004-03-04,24.920303
2004-03-05,25.211412
2004-03-08,25.049101
2004-03-09,24.876205
2004-03-10,24.477470
2004-03-11,24.080519
2004-03-12,24.292225
2004-03-15,23.879393
2004-03-16,24.099922
2004-03-17,24.602745
2004-03-18,24.593925
2004-03-19,24.276354
2004-03-22,23.960545
2004-03-23,24.144033
2004-03-24,24.048759
2004-03-25,24.505711
2004-03-26,24.399845
2004-03-29,24.752705
2004-03-30,24.805637
2004-03-31,24.982050
2004-04-01,25.313740
2004-04-02,25.386078
2004-04-05,25.386078
2004-04-06,25.308441
2004-04-07,25.347260
2004-04-08,25.294331
2004-04-12,25.458412
2004-04-13,25.132027
2004-04-14,24.872665
2004-04-15,24.699776
2004-04-16,24.964418
2004-04-19,24.990877
2004-04-20,24.646845
2004-04-21,24.814453
2004-04-22,24.990877
2004-04-23,24.955587
2004-04-26,24.948536
2004-04-27,24.973242
2004-04-28,24.512762
2004-04-29,24.249889
2004-04-30,24.135212
2004-05-03,24.382202
2004-05-04,24.692719
2004-05-05,24.964418
2004-05-06,24.435135
2004-05-07,23.773539
2004-05-10,23.164865
2004-05-11,23.332464
2004-05-12,23.482433
2004-05-13,23.235428
2004-05-14,23.216024
2004-05-17,22.961966
2004-05-18,23.205435
2004-05-19,23.434793
2004-05-20,23.464783
2004-05-21,23.637676
2004-05-24,23.789410
2004-05-25,24.144033
2004-05-26,24.099922
2004-05-27,24.558632
2004-05-28,24.410437
2004-06-01,24.468653
2004-06-02,24.539232
2004-06-03,24.302816
2004-06-04,24.593925
2004-06-07,25.137312
2004-06-08,24.996174
2004-06-09,24.567451
2004-06-10,24.858557
2004-06-14,24.260475
2004-06-15,24.690960
2004-06-16,24.682127
2004-06-17,24.840919
2004-06-18,24.885023
2004-06-21,24.796812
2004-06-22,24.807394
2004-06-23,24.964418
2004-06-24,25.061441
2004-06-25,24.969707
2004-06-28,25.123196
2004-06-29,25.070276
2004-06-30,25.229055
2004-07-01,24.911486
2004-07-02,25.050863
2004-07-06,24.638027
2004-07-07,24.929131
2004-07-08,24.770344
2004-07-09,24.980293
2004-07-12,25.052631
2004-07-13,24.929131
2004-07-14,24.787989
2004-07-15,24.479235
2004-07-16,24.676842
2004-07-19,24.696249
2004-07-20,24.708593
2004-07-21,24.172256
2004-07-22,24.302816
2004-07-23,23.854689
2004-07-26,23.854689
2004-07-27,24.002888
2004-07-28,24.034647
2004-07-29,24.064640
2004-07-30,24.152849
2004-08-02,24.267527
2004-08-03,24.108747
2004-08-04,24.105223
2004-08-05,23.747072
2004-08-06,23.711788
2004-08-09,23.685316
2004-08-10,23.879393
2004-08-11,23.799994
2004-08-12,23.535357
2004-08-13,23.676497
2004-08-16,23.914675
2004-08-17,23.932320
2004-08-18,24.114035
2004-08-19,24.057581
2004-08-20,24.170494
2004-08-23,23.974659
2004-08-24,23.969370
2004-08-25,24.223425
2004-08-26,24.241070
2004-08-27,24.302816
2004-08-30,24.214596
2004-08-31,24.440420
2004-09-01,24.461601
2004-09-02,24.717419
2004-09-03,24.389263
2004-09-07,24.729765
2004-09-08,24.717419
2004-09-09,24.638027
2004-09-10,24.823269
2004-09-13,24.911486
2004-09-14,24.973242
2004-09-15,24.615099
2004-09-16,24.777403
2004-09-17,24.858557
2004-09-20,24.703300
2004-09-21,25.089678
2004-09-22,24.682127
2004-09-23,24.615099
2004-09-24,24.646845
2004-09-27,24.523344
2004-09-28,24.763285
2004-09-29,24.858557
2004-09-30,24.946768
2004-10-01,25.334911
2004-10-04,25.373724
2004-10-05,25.387838
2004-10-06,25.483107
2004-10-07,25.308441
2004-10-08,25.484884
2004-10-11,25.546629
2004-10-12,25.255514
2004-10-13,25.079096
2004-10-14,24.946768
2004-10-15,25.230814
2004-10-18,25.331377
2004-10-19,25.281981
2004-10-20,25.379015
2004-10-21,25.527218
2004-10-22,25.370195
2004-10-25,25.343727
2004-10-26,25.484884
2004-10-27,25.749521
2004-10-28,25.820091
2004-10-29,25.820091
2004-11-01,25.864185
2004-11-02,26.065319
2004-11-03,26.374069
2004-11-04,26.742800
2004-11-05,26.868059
2004-11-08,26.681049
2004-11-09,26.614008
2004-11-10,26.562838
2004-11-11,26.852186
2004-11-12,27.169756
2004-11-15,27.196217
2004-11-16,26.966854
2004-11-17,27.310900
2004-11-18,27.249149
2004-11-19,27.072714
2004-11-22,27.152107
2004-11-23,27.205038
2004-11-24,27.328531
2004-11-26,27.487322
2004-11-29,27.575537
2004-11-30,27.390284
2004-12-01,27.866638
2004-12-02,27.822525
2004-12-03,27.988373
2004-12-06,27.817240
2004-12-07,27.665512
2004-12-08,27.646107
2004-12-09,27.531435
2004-12-10,27.261499
2004-12-13,27.672571
2004-12-14,27.681395
2004-12-15,27.848993
2004-12-16,27.672571
2004-12-17,27.593174
2004-12-20,27.845472
2004-12-21,28.041304
2004-12-22,28.083649
2004-12-23,28.267981
2004-12-27,28.490107
2004-12-28,28.679995
2004-12-29,28.542059
2004-12-30,28.545643
2004-12-31,28.706863
2005-01-03,28.500864
2005-01-04,27.954489
2005-01-05,27.936569
2005-01-06,27.936569
2005-01-07,27.811174
2005-01-10,27.936569
2005-01-11,27.882828
2005-01-12,28.106754
2005-01-13,27.864922
2005-01-14,27.999271
2005-01-18,28.020760
2005-01-19,27.730568
2005-01-20,27.546043
2005-01-21,27.655334
2005-01-24,27.703690
2005-01-25,27.712660
2005-01-26,28.047640
2005-01-27,28.088833
2005-01-28,28.026140
2005-01-31,28.160496
2005-02-01,28.336037
2005-02-02,28.375471
2005-02-03,28.221397
2005-02-04,28.366505
2005-02-07,28.187374
2005-02-08,28.187374
2005-02-09,28.115715
2005-02-10,28.407701
2005-02-11,28.604759
2005-02-14,28.826885
2005-02-15,29.020359
2005-02-16,28.764194
2005-02-17,28.823298
2005-02-18,28.966614
2005-02-22,28.898544
2005-02-23,28.912865
2005-02-24,28.957663
2005-02-25,29.294430
2005-02-28,29.226357
2005-03-01,29.387587
2005-03-02,29.167257
2005-03-03,29.181578
2005-03-04,29.692120
2005-03-07,29.566729
2005-03-08,29.647339
2005-03-09,29.512989
2005-03-10,29.609724
2005-03-11,29.602554
2005-03-14,29.507616
2005-03-15,29.324894
2005-03-16,29.358932
2005-03-17,29.324894
2005-03-18,29.265776
2005-03-21,29.066925
2005-03-22,28.733734
2005-03-23,28.542059
2005-03-24,28.536686
2005-03-28,28.536686
2005-03-29,28.241108
2005-03-30,28.472195
2005-03-31,28.459661
2005-04-01,28.393377
2005-04-04,28.402338
2005-04-05,28.554602
2005-04-06,28.635206
2005-04-07,28.751640
2005-04-08,28.751640
2005-04-11,28.859129
2005-04-12,28.930792
2005-04-13,28.626251
2005-04-14,28.250067
2005-04-15,27.904325
2005-04-18,27.802210
2005-04-19,28.171242
2005-04-20,27.811174
2005-04-21,28.314562
2005-04-22,28.214237
2005-04-25,28.362928
2005-04-26,28.008224
2005-04-27,27.932981
2005-04-28,27.556799
2005-04-29,27.999271
2005-05-02,27.990311
2005-05-03,28.051220
2005-05-04,28.384420
2005-05-05,28.425621
2005-05-06,28.302011
2005-05-09,28.366505
2005-05-10,27.972403
2005-05-11,28.097797
2005-05-12,27.748474
2005-05-13,27.587255
2005-05-16,27.698313
2005-05-17,27.694738
2005-05-18,28.008224
2005-05-19,28.027931
2005-05-20,27.909704
2005-05-23,28.140785
2005-05-24,28.067339
2005-05-25,27.990311
2005-05-26,28.008224
2005-05-27,28.124668
2005-05-31,27.757435
2005-06-01,27.925833
2005-06-02,28.164083
2005-06-03,27.900742
2005-06-06,28.085264
2005-06-07,28.228571
2005-06-08,28.124668
2005-06-09,28.235735
2005-06-10,28.128244
2005-06-13,28.031515
2005-06-14,27.999271
2005-06-15,28.165871
2005-06-16,28.257229
2005-06-17,28.681784
2005-06-20,28.413076
2005-06-21,28.628044
2005-06-22,28.542059
2005-06-23,28.219610
2005-06-24,28.214237
2005-06-27,28.149738
2005-06-28,28.310968
2005-06-29,28.192734
2005-06-30,28.155125
2005-07-01,28.117500
2005-07-05,28.149738
2005-07-06,28.074509
2005-07-07,27.918663
2005-07-08,28.294846
2005-07-11,28.499065
2005-07-12,28.794645
2005-07-13,28.563557
2005-07-14,28.644173
2005-07-15,28.568930
2005-07-18,28.488312
2005-07-19,28.552807
2005-07-20,28.746275
2005-07-21,28.805387
2005-07-22,28.778519
2005-07-25,28.697899
2005-07-26,28.611927
2005-07-27,28.939741
2005-07-28,29.138582
2005-07-29,28.998850
2005-08-01,29.283688
2005-08-02,29.493284
2005-08-03,29.713619
2005-08-04,29.471786
2005-08-05,29.364304
2005-08-08,29.434168
2005-08-09,29.810352
2005-08-10,30.014574
2005-08-11,30.498243
2005-08-12,30.310158
2005-08-15,30.363890
2005-08-16,30.036068
2005-08-17,29.960836
2005-08-18,29.638382
2005-08-19,29.783478
2005-08-22,30.111320
2005-08-23,29.982336
2005-08-24,29.665257
2005-08-25,29.778099
2005-08-26,29.681372
2005-08-29,29.665257
2005-08-30,29.579268
2005-08-31,30.111320
2005-09-01,30.471373
2005-09-02,30.578852
2005-09-06,30.955050
2005-09-07,30.869057
2005-09-08,30.632601
2005-09-09,31.035656
2005-09-12,30.793814
2005-09-13,30.584230
2005-09-14,30.605730
2005-09-15,30.627226
2005-09-16,30.971172
2005-09-19,30.766951
2005-09-20,30.654087
2005-09-21,30.686350
2005-09-22,30.654087
2005-09-23,30.525116
2005-09-26,30.858313
2005-09-27,30.740074
2005-09-28,31.057156
2005-09-29,31.427967
2005-09-30,31.223763
2005-10-03,31.116282
2005-10-04,30.912048
2005-10-05,30.643341
2005-10-06,30.498243
2005-10-07,30.605730
2005-10-10,30.455252
2005-10-11,30.492872
2005-10-12,30.288651
2005-10-13,30.224165
2005-10-14,30.508999
2005-10-17,30.202662
2005-10-18,29.853354
2005-10-19,30.095186
2005-10-20,29.407297
2005-10-21,29.536270
2005-10-24,29.998453
2005-10-25,30.030693
2005-10-26,29.976950
2005-10-27,29.917835
2005-10-28,30.175781
2005-10-31,30.229530
2005-11-01,30.487492
2005-11-02,30.906670
2005-11-03,30.890553
2005-11-04,30.605730
2005-11-07,30.783066
2005-11-08,30.707834
2005-11-09,30.686350
2005-11-10,30.648720
2005-11-11,30.809940
2005-11-14,30.627226
2005-11-15,30.460629
2005-11-16,30.406891
2005-11-17,30.928181
2005-11-18,31.143145
2005-11-21,31.186134
2005-11-22,31.288248
2005-11-23,31.438717
2005-11-25,31.137766
2005-11-28,31.218382
2005-11-29,31.170019
2005-11-30,30.928181
2005-12-01,31.508596
2005-12-02,31.626820
2005-12-05,31.766550
2005-12-06,31.863276
2005-12-07,31.653683
2005-12-08,31.648312
2005-12-09,31.965387
2005-12-12,32.368446
2005-12-13,32.524292
2005-12-14,32.508163
2005-12-15,32.207226
2005-12-16,32.459797
2005-12-19,32.400696
2005-12-20,32.406071
2005-12-21,32.561924
2005-12-22,32.750004
2005-12-23,32.733589
2005-12-27,32.432529
2005-12-28,32.667904
2005-12-29,32.678841
2005-12-30,32.531063
2006-01-03,33.620342
2006-01-04,33.899513
2006-01-05,33.729820
2006-01-06,34.184158
2006-01-09,34.200581
2006-01-10,33.894047
2006-01-11,34.184158
2006-01-12,33.904991
2006-01-13,34.036362
2006-01-17,33.609402
2006-01-18,33.155075
2006-01-19,33.532772
2006-01-20,33.023697
2006-01-23,33.483501
2006-01-24,33.653194
2006-01-25,33.768147
2006-01-26,34.167732
2006-01-27,34.348362
2006-01-30,34.375751
2006-01-31,34.408581
2006-02-01,34.512589
2006-02-02,34.123947
2006-02-03,34.036362
2006-02-06,33.987106
2006-02-07,33.735302
2006-02-08,33.855728
2006-02-09,33.921410
2006-02-10,33.844788
2006-02-13,33.609402
2006-02-14,33.981625
2006-02-15,33.675098
2006-02-16,33.998051
2006-02-17,33.899513
2006-02-21,33.904991
2006-02-22,34.162270
2006-02-23,34.249847
2006-02-24,34.364796
2006-02-27,34.485229
2006-02-28,34.167732
2006-03-01,34.518066
2006-03-02,34.452370
2006-03-03,34.310051
2006-03-06,34.178684
2006-03-07,33.762665
2006-03-08,33.877613
2006-03-09,33.839306
2006-03-10,34.353848
2006-03-13,34.638481
2006-03-14,35.005238
2006-03-15,35.131130
2006-03-16,35.246098
2006-03-17,35.415771
2006-03-20,35.486927
2006-03-21,35.120186
2006-03-22,35.448608
2006-03-23,35.021656
2006-03-24,35.300808
2006-03-27,35.240608
2006-03-28,34.901230
2006-03-29,35.361031
2006-03-30,35.787994
2006-03-31,35.536194
2006-04-03,35.924839
2006-04-04,36.209480
2006-04-05,36.329899
2006-04-06,36.362743
2006-04-07,35.946743
2006-04-10,36.012421
2006-04-11,35.771568
2006-04-12,35.596409
2006-04-13,35.689457
2006-04-17,35.853672
2006-04-18,36.587177
2006-04-19,36.838978
2006-04-20,36.674759
2006-04-21,36.921074
2006-04-24,36.959404
2006-04-25,36.937500
2006-04-26,37.167400
2006-04-27,37.233101
2006-04-28,37.238560
2006-05-01,37.222149
2006-05-02,37.791412
2006-05-03,37.566978
2006-05-04,37.857105
2006-05-05,38.437332
2006-05-08,38.404480
2006-05-09,38.634392
2006-05-10,38.513966
2006-05-11,38.125328
2006-05-12,37.632675
2006-05-15,37.309731
2006-05-16,37.254978
2006-05-17,36.067162
2006-05-18,35.957684
2006-05-19,36.138325
2006-05-22,35.344608
2006-05-23,35.355568
2006-05-24,35.333664
2006-05-25,35.809891
2006-05-26,36.100006
2006-05-30,35.552616
2006-05-31,35.815357
2006-06-01,36.045269
2006-06-02,36.395576
2006-06-05,35.607372
2006-06-06,35.174915
2006-06-07,34.693230
2006-06-08,33.926884
2006-06-09,33.888565
2006-06-12,33.598454
2006-06-13,32.547485
2006-06-14,33.018230
2006-06-15,34.156792
2006-06-16,33.883095
2006-06-19,33.713406
2006-06-20,33.915936
2006-06-21,34.353848
2006-06-22,34.173214
2006-06-23,34.074677
2006-06-26,34.342903
2006-06-27,33.707935
2006-06-28,34.091099
2006-06-29,35.350094
2006-06-30,35.793468
2006-07-03,35.979584
2006-07-05,35.295349
2006-07-06,35.667572
2006-07-07,35.503349
2006-07-10,35.798943
2006-07-11,35.897465
2006-07-12,35.224186
2006-07-13,34.605644
2006-07-14,34.310051
2006-07-17,33.828362
2006-07-18,33.773624
2006-07-19,34.605644
2006-07-20,34.419533
2006-07-21,34.419533
2006-07-24,35.043552
2006-07-25,35.032600
2006-07-26,35.278919
2006-07-27,35.497875
2006-07-28,36.209480
2006-07-31,36.083584
2006-08-01,35.831783
2006-08-02,36.225895
2006-08-03,36.165680
2006-08-04,36.193066
2006-08-07,35.968632
2006-08-08,35.842731
2006-08-09,36.017891
2006-08-10,36.100006
2006-08-11,35.787994
2006-08-14,35.908409
2006-08-15,36.685699
2006-08-16,37.019604
2006-08-17,36.882763
2006-08-18,37.036026
2006-08-21,36.921074
2006-08-22,36.817078
2006-08-23,36.685699
2006-08-24,36.581699
2006-08-25,36.554317
2006-08-28,36.707588
2006-08-29,37.003189
2006-08-30,37.003189
2006-08-31,37.003189
2006-09-01,37.276867
2006-09-05,37.473942
2006-09-06,36.844437
2006-09-07,36.401066
2006-09-08,36.412010
2006-09-11,36.193066
2006-09-12,36.609066
2006-09-13,36.537910
2006-09-14,36.587177
2006-09-15,36.510536
2006-09-18,36.663799
2006-09-19,36.324429
2006-09-20,36.680229
2006-09-21,36.767818
2006-09-22,36.587177
2006-09-25,36.740429
2006-09-26,36.828018
2006-09-27,37.063404
2006-09-28,37.167400
2006-09-29,37.085297
2006-10-02,37.189304
2006-10-03,37.222149
2006-10-04,37.577938
2006-10-05,37.621731
2006-10-06,37.287827
2006-10-09,37.315197
2006-10-10,37.358997
2006-10-11,37.331623
2006-10-12,37.731201
2006-10-13,37.796902
2006-10-16,37.939213
2006-10-17,37.703835
2006-10-18,37.796902
2006-10-19,38.081539
2006-10-20,38.201969
2006-10-23,38.234806
2006-10-24,38.240284
2006-10-25,38.508492
2006-10-26,38.804085
2006-10-27,38.535870
2006-10-30,38.453754
2006-10-31,38.475651
2006-11-01,38.409973
2006-11-02,38.552288
2006-11-03,38.404480
2006-11-06,38.973766
2006-11-07,39.017555
2006-11-08,39.028511
2006-11-09,38.831451
2006-11-10,38.984711
2006-11-13,38.738396
2006-11-14,39.165363
2006-11-15,39.154396
2006-11-16,39.072308
2006-11-17,38.957355
2006-11-20,38.661758
2006-11-21,38.853336
2006-11-22,39.231041
2006-11-24,39.023041
2006-11-27,38.700062
2006-11-28,39.044945
2006-11-29,39.488316
2006-11-30,39.658001
2006-12-01,39.608734
2006-12-04,39.866013
2006-12-05,40.090427
2006-12-06,40.002850
2006-12-07,40.139709
2006-12-08,40.041172
2006-12-11,40.205383
2006-12-12,40.369602
2006-12-13,40.522865
2006-12-14,40.687080
2006-12-15,40.522865
2006-12-18,40.462654
2006-12-19,40.643291
2006-12-20,40.572140
2006-12-21,40.551449
2006-12-22,40.456436
2006-12-26,40.439663
2006-12-27,40.942719
2006-12-28,40.970669
2006-12-29,40.925941
2007-01-03,41.088032
2007-01-04,40.970669
2007-01-05,40.355816
2007-01-08,40.411720
2007-01-09,40.450848
2007-01-10,40.143421
2007-01-11,40.400536
2007-01-12,40.858879
2007-01-16,40.808571
2007-01-17,40.830925
2007-01-18,40.691193
2007-01-19,41.188644
2007-01-22,40.981838
2007-01-23,41.345158
2007-01-24,41.613445
2007-01-25,40.937119
2007-01-26,41.015381
2007-01-29,41.060101
2007-01-30,41.339573
2007-01-31,41.496067
2007-02-01,41.842606
2007-02-02,41.758781
2007-02-05,41.624622
2007-02-06,41.948822
2007-02-07,42.066200
2007-02-08,41.898506
2007-02-09,41.719646
2007-02-12,41.557545
2007-02-13,42.088547
2007-02-14,42.658665
2007-02-15,42.708988
2007-02-16,42.692207
2007-02-20,42.753693
2007-02-21,42.535709
2007-02-22,42.725750
2007-02-23,42.859894
2007-02-26,42.882248
2007-02-27,41.155113
2007-02-28,41.445755
2007-03-01,41.020973
2007-03-02,40.467609
2007-03-05,39.629192
2007-03-06,40.858879
2007-03-07,40.870060
2007-03-08,41.350742
2007-03-09,41.417816
2007-03-12,41.686115
2007-03-13,40.691193
2007-03-14,40.707962
2007-03-15,40.892414
2007-03-16,40.942719
2007-03-19,41.574322
2007-03-20,41.926460
2007-03-21,42.820755
2007-03-22,42.658665
2007-03-23,42.759281
2007-03-26,42.776062
2007-03-27,42.585999
2007-03-28,42.211514
2007-03-29,42.580418
2007-03-30,42.647499
2007-04-02,42.759281
2007-04-03,43.117001
2007-04-04,43.295868
2007-04-05,43.452377
2007-04-09,43.418839
2007-04-10,43.743027
2007-04-11,43.530628
2007-04-12,43.821270
2007-04-13,43.966614
2007-04-16,44.430534
2007-04-17,44.436119
2007-04-18,44.419353
2007-04-19,44.251671
2007-04-20,44.760319
2007-04-23,44.324318
2007-04-24,44.296371
2007-04-25,44.710014
2007-04-26,44.503197
2007-04-27,44.408154
2007-04-30,44.246090
2007-05-01,44.201366
2007-05-02,44.536736
2007-05-03,44.598217
2007-05-04,45.017414
2007-05-07,45.084507
2007-05-08,44.715599
2007-05-09,44.961521
2007-05-10,44.072796
2007-05-11,44.816200
2007-05-14,44.648514
2007-05-15,44.726765
2007-05-16,44.793846
2007-05-17,44.564678
2007-05-18,44.905636
2007-05-21,44.698826
2007-05-22,44.737957
2007-05-23,44.967110
2007-05-24,44.536736
2007-05-25,44.821785
2007-05-29,44.877693
2007-05-30,45.067738
2007-05-31,45.291302
2007-06-01,45.587540
2007-06-04,45.710518
2007-06-05,45.475761
2007-06-06,44.821785
2007-06-07,44.056034
2007-06-08,44.536736
2007-06-11,44.687641
2007-06-12,43.893948
2007-06-13,44.464073
2007-06-14,44.793846
2007-06-15,45.157177
2007-06-18,45.408676
2007-06-19,45.453403
2007-06-20,44.916805
2007-06-21,45.324821
2007-06-22,44.698826
2007-06-25,44.687641
2007-06-26,44.464073
2007-06-27,44.782681
2007-06-28,44.816200
2007-06-29,45.145966
2007-07-02,45.799957
2007-07-03,46.017937
2007-07-05,45.788761
2007-07-06,46.118553
2007-07-09,46.230347
2007-07-10,45.665798
2007-07-11,46.096203
2007-07-12,46.738972
2007-07-13,46.705433
2007-07-16,46.599236
2007-07-17,46.442715
2007-07-18,46.280632
2007-07-19,46.543339
2007-07-20,46.062660
2007-07-23,46.342121
2007-07-24,45.643448
2007-07-25,45.520477
2007-07-26,44.005733
2007-07-27,43.396488
2007-07-30,44.167820
2007-07-31,44.111919
2007-08-01,44.184608
2007-08-02,44.318741
2007-08-03,43.519444
2007-08-06,43.994568
2007-08-07,44.145470
2007-08-08,44.860920
2007-08-09,43.580933
2007-08-10,42.831944
2007-08-13,42.915783
2007-08-14,42.502174
2007-08-15,41.507252
2007-08-16,41.328384
2007-08-17,41.708477
2007-08-20,41.842606
2007-08-21,41.814667
2007-08-22,42.803997
2007-08-23,42.994049
2007-08-24,43.743027
2007-08-27,43.279106
2007-08-28,42.407158
2007-08-29,43.379707
2007-08-30,43.077873
2007-08-31,43.832462
2007-09-04,44.234901
2007-09-05,43.592121
2007-09-06,43.754204
2007-09-07,43.223213
2007-09-10,43.044350
2007-09-11,43.787735
2007-09-12,43.832462
2007-09-13,44.016907
2007-09-14,43.759789
2007-09-17,43.144955
2007-09-18,44.547901
2007-09-19,44.950352
2007-09-20,44.911213
2007-09-21,45.106846
2007-09-24,45.207462
2007-09-25,45.263367
2007-09-26,45.486950
2007-09-27,46.090584
2007-09-28,46.163258
2007-10-01,46.755749
2007-10-02,46.638359
2007-10-03,46.425968
2007-10-04,46.588055
2007-10-05,47.063160
2007-10-08,46.627190
2007-10-09,47.146999
2007-10-10,47.057571
2007-10-11,47.275570
2007-10-12,47.482365
2007-10-15,47.096703
2007-10-16,46.370071
2007-10-17,46.861942
2007-10-18,46.973728
2007-10-19,45.939678
2007-10-22,45.883781
2007-10-23,46.532173
2007-10-24,46.431568
2007-10-25,46.643955
2007-10-26,47.487965
2007-10-29,47.834499
2007-10-30,47.454437
2007-10-31,48.125149
2007-11-01,47.113476
2007-11-02,47.376175
2007-11-05,46.621605
2007-11-06,47.325844
2007-11-07,46.504211
2007-11-08,46.588055
2007-11-09,45.682564
2007-11-12,44.933582
2007-11-13,46.140900
2007-11-14,46.068249
2007-11-15,45.308071
2007-11-16,45.453403
2007-11-19,44.251671
2007-11-20,45.241001
2007-11-21,44.218132
2007-11-23,45.330441
2007-11-26,44.620571
2007-11-27,45.224236
2007-11-28,46.509811
2007-11-29,46.129723
2007-11-30,46.381241
2007-12-03,46.207962
2007-12-04,45.917320
2007-12-05,46.448322
2007-12-06,46.889885
2007-12-07,46.705433
2007-12-10,47.186123
2007-12-11,45.956455
2007-12-12,46.878700
2007-12-13,45.922913
2007-12-14,44.682060
2007-12-17,43.731846
2007-12-18,44.279621
2007-12-19,43.916294
2007-12-20,44.229313
2007-12-21,44.860920
2007-12-24,45.044357
2007-12-26,45.170456
2007-12-27,44.895313
2007-12-28,45.279369
2007-12-31,44.998486
2008-01-02,44.837997
2008-01-03,44.912506
2008-01-04,43.892170
2008-01-07,43.938030
2008-01-08,43.691528
2008-01-09,44.006798
2008-01-10,43.960957
2008-01-11,43.083916
2008-01-14,43.771782
2008-01-15,42.350178
2008-01-16,41.496059
2008-01-17,40.871246
2008-01-18,41.106266
2008-01-22,39.959808
2008-01-23,39.724781
2008-01-24,41.117741
2008-01-25,40.521576
2008-01-28,40.974426
2008-01-29,41.220905
2008-01-30,41.031746
2008-01-31,41.467400
2008-02-01,42.161007
2008-02-04,41.731094
2008-02-05,39.816509
2008-02-06,39.782108
2008-02-07,39.581486
2008-02-08,39.174488
2008-02-11,39.380852
2008-02-12,40.229244
2008-02-13,40.504387
2008-02-14,40.320946
2008-02-15,40.469975
2008-02-19,40.865517
2008-02-20,40.653408
2008-02-21,40.578899
2008-02-22,41.094807
2008-02-25,41.748280
2008-02-26,42.367359
2008-02-27,42.504948
2008-02-28,42.097965
2008-02-29,41.043209
2008-03-03,41.163589
2008-03-04,40.538769
2008-03-05,41.026009
2008-03-06,40.441338
2008-03-07,39.965538
2008-03-10,39.764919
2008-03-11,41.020283
2008-03-12,41.020283
2008-03-13,41.089081
2008-03-14,40.097389
2008-03-17,39.489761
2008-03-18,40.699265
2008-03-19,39.226082
2008-03-20,39.816509
2008-03-24,40.544502
2008-03-25,41.134918
2008-03-26,41.134918
2008-03-27,41.100533
2008-03-28,41.066128
2008-03-31,41.215195
2008-04-01,42.516415
2008-04-02,42.608120
2008-04-03,42.734241
2008-04-04,42.877560
2008-04-07,43.141235
2008-04-08,42.688374
2008-04-09,42.338711
2008-04-10,42.206856
2008-04-11,41.639370
2008-04-14,41.731094
2008-04-15,42.023441
2008-04-16,43.347591
2008-04-17,42.866077
2008-04-18,43.169891
2008-04-21,43.508095
2008-04-22,43.055252
2008-04-23,43.278801
2008-04-24,42.997925
2008-04-25,43.353317
2008-04-28,43.605549
2008-04-29,43.221478
2008-04-30,43.456497
2008-05-01,43.720188
2008-05-02,43.840569
2008-05-05,43.915081
2008-05-06,44.241829
2008-05-07,43.467968
2008-05-08,43.846302
2008-05-09,43.496628
2008-05-12,43.932293
2008-05-13,43.783237
2008-05-14,43.783237
2008-05-15,44.528442
2008-05-16,45.009960
2008-05-19,44.826527
2008-05-20,44.413799
2008-05-21,43.909370
2008-05-22,44.419537
2008-05-23,43.915081
2008-05-27,43.829102
2008-05-28,43.823364
2008-05-29,43.725937
2008-05-30,43.972416
2008-06-02,43.513817
2008-06-03,43.422115
2008-06-04,43.169891
2008-06-05,43.886433
2008-06-06,42.625328
2008-06-09,42.568001
2008-06-10,41.845730
2008-06-11,41.312626
2008-06-12,41.169331
2008-06-13,41.547661
2008-06-16,41.759747
2008-06-17,41.885853
2008-06-18,41.541924
2008-06-19,41.461662
2008-06-20,40.555969
2008-06-23,40.550228
2008-06-24,40.366798
2008-06-25,40.797844
2008-06-26,39.764034
2008-06-27,39.869175
2008-06-30,40.108639
2008-07-01,39.676426
2008-07-02,39.045616
2008-07-03,39.296764
2008-07-07,38.958004
2008-07-08,39.162441
2008-07-09,38.654285
2008-07-10,38.987213
2008-07-11,38.373928
2008-07-14,38.292156
2008-07-15,37.678879
2008-07-16,38.373928
2008-07-17,38.958004
2008-07-18,39.209164
2008-07-21,39.436954
2008-07-22,39.571293
2008-07-23,39.717304
2008-07-24,38.993050
2008-07-25,39.074810
2008-07-28,38.420650
2008-07-29,38.800304
2008-07-30,39.162441
2008-07-31,38.776939
2008-08-01,38.198715
2008-08-04,37.836578
2008-08-05,38.794460
2008-08-06,38.806141
2008-08-07,38.029308
2008-08-08,38.187023
2008-08-11,38.151978
2008-08-12,37.877457
2008-08-13,37.281708
2008-08-14,37.135674
2008-08-15,36.890369
2008-08-18,36.703465
2008-08-19,36.288780
2008-08-20,36.504871
2008-08-21,36.650898
2008-08-22,36.820286
2008-08-25,36.242046
2008-08-26,36.423103
2008-08-27,36.767712
2008-08-28,37.240822
2008-08-29,37.129841
2008-09-02,36.557442
2008-09-03,36.405590
2008-09-04,34.846107
2008-09-05,34.717594
2008-09-08,35.494427
2008-09-09,34.343788
2008-09-10,34.676712
2008-09-11,34.600773
2008-09-12,35.278309
2008-09-15,33.777229
2008-09-16,33.526085
2008-09-17,32.246948
2008-09-18,33.713001
2008-09-19,36.101868
2008-09-22,34.869461
2008-09-23,34.378841
2008-09-24,34.478138
2008-09-25,35.272476
2008-09-26,34.898666
2008-09-29,31.002861
2008-09-30,32.883591
2008-10-01,32.638283
2008-10-02,31.213133
2008-10-03,31.090469
2008-10-06,29.332411
2008-10-07,27.959824
2008-10-08,27.334846
2008-10-09,25.699440
2008-10-10,24.741545
2008-10-13,28.672405
2008-10-14,28.082481
2008-10-15,25.086153
2008-10-16,26.563871
2008-10-17,25.997307
2008-10-20,27.656097
2008-10-21,26.096601
2008-10-22,24.192507
2008-10-23,24.724026
2008-10-24,23.123655
2008-10-27,21.908768
2008-10-28,24.928446
2008-10-29,24.986862
2008-10-30,25.862974
2008-10-31,26.032360
2008-11-03,26.137493
2008-11-04,27.930620
2008-11-05,26.412018
2008-11-06,24.706501
2008-11-07,26.102449
2008-11-10,25.711113
2008-11-11,24.864199
2008-11-12,23.526670
2008-11-13,25.530060
2008-11-14,24.064020
2008-11-17,23.625952
2008-11-18,23.666840
2008-11-19,22.083992
2008-11-20,20.869110
2008-11-21,22.352663
2008-11-24,23.690203
2008-11-25,24.122421
2008-11-26,24.385262
2008-11-28,24.373581
2008-12-01,22.381868
2008-12-02,23.596756
2008-12-03,23.912159
2008-12-04,23.176216
2008-12-05,23.468260
2008-12-08,24.583849
2008-12-09,24.356049
2008-12-10,24.998539
2008-12-11,24.887569
2008-12-12,25.132875
2008-12-15,25.197128
2008-12-16,26.645639
2008-12-17,26.511303
2008-12-18,25.699440
2008-12-19,25.325623
2008-12-22,25.150400
2008-12-23,24.961712
2008-12-24,25.292952
2008-12-26,25.411264
2008-12-29,25.417177
2008-12-30,26.180214
2008-12-31,26.535120
2009-01-02,26.878202
2009-01-05,26.446394
2009-01-06,26.730326
2009-01-07,26.268946
2009-01-08,26.659346
2009-01-09,25.736591
2009-01-12,25.115499
2009-01-13,24.654119
2009-01-14,23.642645
2009-01-15,23.855597
2009-01-16,23.997555
2009-01-20,22.240759
2009-01-21,23.329144
2009-01-22,22.784952
2009-01-23,22.625246
2009-01-26,23.068884
2009-01-27,23.518423
2009-01-28,24.210487
2009-01-29,23.110279
2009-01-30,22.891426
2009-02-02,22.666647
2009-02-03,23.317308
2009-02-04,23.199018
2009-02-05,23.530262
2009-02-06,24.074448
2009-02-09,24.068533
2009-02-10,22.873680
2009-02-11,23.122110
2009-02-12,23.051132
2009-02-13,22.802702
2009-02-17,21.590099
2009-02-18,21.572359
2009-02-19,21.542782
2009-02-20,21.229286
2009-02-23,20.418915
2009-02-24,21.270689
2009-02-25,20.685097
2009-02-26,20.513552
2009-02-27,20.513552
2009-03-02,19.336451
2009-03-03,19.259560
2009-03-04,20.117247
2009-03-05,19.306879
2009-03-06,19.271391
2009-03-09,18.750860
2009-03-10,20.010771
2009-03-11,20.123163
2009-03-12,20.578625
2009-03-13,20.714670
2009-03-16,20.939449
2009-03-17,21.489546
2009-03-18,22.104715
2009-03-19,22.092886
2009-03-20,21.785303
2009-03-23,23.352804
2009-03-24,22.619331
2009-03-25,22.968321
2009-03-26,23.275906
2009-03-27,22.530607
2009-03-30,21.672916
2009-03-31,22.234854
2009-04-01,22.814533
2009-04-02,23.843758
2009-04-03,23.979801
2009-04-06,23.482935
2009-04-07,22.991978
2009-04-08,23.222675
2009-04-09,23.843758
2009-04-13,24.080362
2009-04-14,23.849674
2009-04-15,24.163168
2009-04-16,24.316963
2009-04-17,24.234156
2009-04-20,23.240416
2009-04-21,23.772768
2009-04-22,23.583488
2009-04-23,24.174995
2009-04-24,24.547649
2009-04-27,24.257811
2009-04-28,24.027121
2009-04-29,24.642302
2009-04-30,24.796083
2009-05-01,25.085926
2009-05-04,26.126980
2009-05-05,25.866718
2009-05-06,26.493717
2009-05-07,26.050077
2009-05-08,27.179871
2009-05-11,26.487803
2009-05-12,26.771725
2009-05-13,25.860811
2009-05-14,26.115149
2009-05-15,25.878550
2009-05-18,26.866373
2009-05-19,27.108891
2009-05-20,27.286345
2009-05-21,27.079313
2009-05-22,27.233109
2009-05-26,27.777300
2009-05-27,27.239023
2009-05-28,27.517036
2009-05-29,28.067142
2009-06-01,28.759214
2009-06-02,29.007643
2009-06-03,28.144030
2009-06-04,28.321486
2009-06-05,27.972492
2009-06-08,27.913338
2009-06-09,28.256420
2009-06-10,28.309649
2009-06-11,28.794689
2009-06-12,28.646818
2009-06-15,27.617590
2009-06-16,27.298174
2009-06-17,27.375072
2009-06-18,27.327749
2009-06-19,27.759548
2009-06-22,26.866373
2009-06-23,27.219763
2009-06-24,27.243921
2009-06-25,27.817802
2009-06-26,27.763432
2009-06-29,27.999014
2009-06-30,27.672819
2009-07-01,28.131918
2009-07-02,27.322453
2009-07-06,27.358696
2009-07-07,26.694210
2009-07-08,26.585468
2009-07-09,26.911684
2009-07-10,26.597559
2009-07-13,27.062702
2009-07-14,27.207668
2009-07-15,28.137955
2009-07-16,28.385630
2009-07-17,28.282934
2009-07-20,28.832644
2009-07-21,29.013865
2009-07-22,29.086370
2009-07-23,29.575663
2009-07-24,29.756886
2009-07-27,29.787094
2009-07-28,29.660238
2009-07-29,29.418606
2009-07-30,29.992487
2009-07-31,30.451571
2009-08-03,31.158344
2009-08-04,31.110027
2009-08-05,30.983173
2009-08-06,30.789860
2009-08-07,30.759651
2009-08-10,30.572386
2009-08-11,30.397211
2009-08-12,30.741539
2009-08-13,31.212704
2009-08-14,30.946920
2009-08-17,29.950197
2009-08-18,30.469696
2009-08-19,30.729448
2009-08-20,30.946920
2009-08-21,31.623478
2009-08-24,31.617460
2009-08-25,31.931572
2009-08-26,31.798660
2009-08-27,32.040298
2009-08-28,32.058414
2009-08-31,31.822840
2009-09-01,31.031490
2009-09-02,30.995260
2009-09-03,31.236872
2009-09-04,31.714102
2009-09-08,32.342339
2009-09-09,32.741035
2009-09-10,33.030987
2009-09-11,32.988708
2009-09-14,33.055149
2009-09-15,33.061192
2009-09-16,33.713596
2009-09-17,33.496128
2009-09-18,33.586746
2009-09-21,33.230328
2009-09-22,33.689430
2009-09-23,33.399479
2009-09-24,32.910175
2009-09-25,32.771233
2009-09-28,33.218258
2009-09-29,33.018902
2009-09-30,33.030987
2009-10-01,32.167160
2009-10-02,31.810745
2009-10-05,32.269848
2009-10-06,32.813522
2009-10-07,32.934334
2009-10-08,33.411568
2009-10-09,33.326988
2009-10-12,33.526329
2009-10-13,33.453838
2009-10-14,34.257263
2009-10-15,34.414333
2009-10-16,33.894836
2009-10-19,34.438484
2009-10-20,34.257263
2009-10-21,34.142487
2009-10-22,34.474735
2009-10-23,33.931065
2009-10-26,33.417595
2009-10-27,33.151802
2009-10-28,32.354420
2009-10-29,33.308876
2009-10-30,32.197350
2009-11-02,32.511475
2009-11-03,32.384628
2009-11-04,32.710831
2009-11-05,33.133675
2009-11-06,33.230328
2009-11-09,34.160622
2009-11-10,33.979382
2009-11-11,34.082085
2009-11-12,33.586746
2009-11-13,34.057915
2009-11-16,34.601589
2009-11-17,34.372044
2009-11-18,34.263306
2009-11-19,33.616947
2009-11-20,33.429672
2009-11-23,34.027718
2009-11-24,33.888779
2009-11-25,34.341839
2009-11-27,33.351158
2009-11-30,33.459881
2009-12-01,34.378090
2009-12-02,34.432446
2009-12-03,34.353916
2009-12-04,34.233101
2009-12-07,34.045837
2009-12-08,33.453838
2009-12-09,33.411568
2009-12-10,33.514248
2009-12-11,33.502163
2009-12-14,33.828365
2009-12-15,33.453838
2009-12-16,33.846500
2009-12-17,33.049110
2009-12-18,33.127636
2009-12-21,33.224297
2009-12-22,33.435196
2009-12-23,33.739994
2009-12-24,33.874115
2009-12-28,34.020409
2009-12-29,34.075260
2009-12-30,33.935062
2009-12-31,33.697315
2010-01-04,34.581219
2010-01-05,34.611687
2010-01-06,34.757988
2010-01-07,34.623878
2010-01-08,34.898178
2010-01-11,35.184685
2010-01-12,34.770172
2010-01-13,35.062778
2010-01-14,35.330990
2010-01-15,34.776264
2010-01-19,35.117638
2010-01-20,34.221565
2010-01-21,33.490070
2010-01-22,32.837818
2010-01-25,33.240139
2010-01-26,33.051178
2010-01-27,33.014591
2010-01-28,32.459885
2010-01-29,31.990513
2010-02-01,32.575695
2010-02-02,33.118229
2010-02-03,32.770771
2010-02-04,31.435789
2010-02-05,31.380938
2010-02-08,30.759171
2010-02-09,31.728395
2010-02-10,31.527235
2010-02-11,31.819830
2010-02-12,31.545523
2010-02-16,32.246525
2010-02-17,32.289204
2010-02-18,32.472076
2010-02-19,32.270912
2010-02-22,32.331871
2010-02-23,31.874699
2010-02-24,32.075851
2010-02-25,31.880789
2010-02-26,32.075851
2010-03-01,32.325775
2010-03-02,32.569614
2010-03-03,32.959740
2010-03-04,32.874401
2010-03-05,33.514450
2010-03-08,33.514450
2010-03-09,33.435196
2010-03-10,33.575413
2010-03-11,33.703419
2010-03-12,33.928970
2010-03-15,33.691227
2010-03-16,34.117931
2010-03-17,34.300800
2010-03-18,34.099648
2010-03-19,33.752178
2010-03-22,33.849720
2010-03-23,34.087448
2010-03-24,33.526642
2010-03-25,33.508358
2010-03-26,33.837532
2010-03-29,34.124027
2010-03-30,34.124027
2010-03-31,34.124027
2010-04-01,34.727505
2010-04-05,34.764084
2010-04-06,34.666550
2010-04-07,34.422722
2010-04-08,34.386135
2010-04-09,34.837234
2010-04-12,34.946957
2010-04-13,34.916473
2010-04-14,35.379753
2010-04-15,35.355366
2010-04-16,34.575119
2010-04-19,34.483669
2010-04-20,34.697018
2010-04-21,34.471489
2010-04-22,34.160603
2010-04-23,34.416622
2010-04-26,34.453194
2010-04-27,33.069469
2010-04-28,33.075562
2010-04-29,33.587601
2010-04-30,33.166985
2010-05-03,33.404728
2010-05-04,32.081947
2010-05-05,31.466276
2010-05-06,30.064249
2010-05-07,29.997210
2010-05-10,31.941755
2010-05-11,31.423607
2010-05-12,31.777157
2010-05-13,31.362654
2010-05-14,30.472670
2010-05-17,30.515347
2010-05-18,29.856995
2010-05-19,29.972813
2010-05-20,28.930443
2010-05-21,29.637550
2010-05-24,28.954821
2010-05-25,28.845102
2010-05-26,28.418400
2010-05-27,30.033775
2010-05-28,29.454679
2010-06-01,29.162077
2010-06-02,29.942341
2010-06-03,29.850908
2010-06-04,28.576891
2010-06-07,28.217257
2010-06-08,28.668325
2010-06-09,28.564703
2010-06-10,29.771652
2010-06-11,29.814325
2010-06-14,30.003300
2010-06-15,30.954237
2010-06-16,30.807938
2010-06-17,30.905472
2010-06-18,30.850607
2010-06-21,30.844500
2010-06-22,30.454386
2010-06-23,30.658445
2010-06-24,30.125032
2010-06-25,30.298704
2010-06-28,30.075420
2010-06-29,29.045824
2010-06-30,28.847338
2010-07-01,29.269100
2010-07-02,29.207081
2010-07-06,29.790096
2010-07-07,30.720472
2010-07-08,31.018179
2010-07-09,31.049200
2010-07-12,30.931345
2010-07-13,31.501968
2010-07-14,31.613621
2010-07-15,31.768667
2010-07-16,30.751480
2010-07-19,30.949951
2010-07-20,31.160833
2010-07-21,30.596409
2010-07-22,31.626013
2010-07-23,31.998154
2010-07-26,32.221447
2010-07-27,32.314480
2010-07-28,32.147015
2010-07-29,32.295872
2010-07-30,32.196644
2010-08-02,33.282059
2010-08-03,33.232437
2010-08-04,33.263447
2010-08-05,33.238640
2010-08-06,33.337887
2010-08-09,33.375095
2010-08-10,33.108395
2010-08-11,31.601206
2010-08-12,31.563995
2010-08-13,31.452347
2010-08-16,31.706644
2010-08-17,32.060181
2010-08-18,32.047779
2010-08-19,31.532980
2010-08-20,31.204250
2010-08-23,31.142214
2010-08-24,30.714260
2010-08-25,30.745279
2010-08-26,30.732864
2010-08-27,31.334496
2010-08-30,30.881735
2010-08-31,30.974770
2010-09-01,32.078793
2010-09-02,32.258656
2010-09-03,32.556374
2010-09-07,32.103603
2010-09-08,32.351700
2010-09-09,32.655613
2010-09-10,32.754852
2010-09-13,33.350269
2010-09-14,33.573566
2010-09-15,33.585972
2010-09-16,33.424713
2010-09-17,33.263447
2010-09-20,33.840279
2010-09-21,33.834076
2010-09-22,33.784451
2010-09-23,33.418499
2010-09-24,34.348866
2010-09-27,34.175201
2010-09-28,34.373684
2010-09-29,34.317863
2010-09-30,34.063545
2010-10-01,34.404686
2010-10-04,33.908493
2010-10-05,34.869865
2010-10-06,35.161377
2010-10-07,35.043526
2010-10-08,35.273026
2010-10-11,35.229607
2010-10-12,35.155174
2010-10-13,35.552124
2010-10-14,35.800228
2010-10-15,35.682384
2010-10-18,35.763020
2010-10-19,34.975304
2010-10-20,35.632763
2010-10-21,35.440483
2010-10-22,35.533524
2010-10-25,35.669971
2010-10-26,35.440483
2010-10-27,35.099350
2010-10-28,35.372257
2010-10-29,35.359852
2010-11-01,35.229607
2010-11-02,35.812641
2010-11-03,36.060734
2010-11-04,36.879452
2010-11-05,36.718174
2010-11-08,36.494896
2010-11-09,36.128948
2010-11-10,36.234398
2010-11-11,35.924278
2010-11-12,35.626560
2010-11-15,35.601757
2010-11-16,34.764431
2010-11-17,34.956696
2010-11-18,35.831249
2010-11-19,35.831249
2010-11-22,35.446697
2010-11-23,34.379887
2010-11-24,34.925690
2010-11-26,34.342659
2010-11-29,34.038742
2010-11-30,33.654202
2010-12-01,34.609367
2010-12-02,35.266830
2010-12-03,35.607956
2010-12-06,35.446697
2010-12-07,35.465302
2010-12-08,35.570736
2010-12-09,35.663780
2010-12-10,35.744415
2010-12-13,36.128948
2010-12-14,36.184784
2010-12-15,35.707188
2010-12-16,35.905663
2010-12-17,35.707188
2010-12-20,35.787819
2010-12-21,36.087082
2010-12-22,36.155956
2010-12-23,36.137165
2010-12-27,36.062046
2010-12-28,36.093346
2010-12-29,36.406384
2010-12-30,36.231094
2010-12-31,36.450211
2011-01-03,36.750729
2011-01-04,36.638035
2011-01-05,36.481514
2011-01-06,36.062046
2011-01-07,35.918037
2011-01-10,35.855438
2011-01-11,36.099617
2011-01-12,36.894722
2011-01-13,36.994896
2011-01-14,37.220295
2011-01-18,37.464455
2011-01-19,37.207767
2011-01-20,36.888462
2011-01-21,37.088806
2011-01-24,37.483242
2011-01-25,37.408108
2011-01-26,37.646023
2011-01-27,37.733669
2011-01-28,36.894722
2011-01-31,37.214024
2011-02-01,38.096802
2011-02-02,38.065495
2011-02-03,38.071762
2011-02-04,38.059235
2011-02-07,38.178185
2011-02-08,38.428616
2011-02-09,38.315918
2011-02-10,38.065495
2011-02-11,38.084278
2011-02-14,38.159405
2011-02-15,38.046711
2011-02-16,38.503738
2011-02-17,38.635227
2011-02-18,38.766693
2011-02-22,37.658546
2011-02-23,37.708630
2011-02-24,37.739933
2011-02-25,38.190701
2011-02-28,38.535049
2011-03-01,37.996616
2011-03-02,38.196972
2011-03-03,38.685314
2011-03-04,38.334702
2011-03-07,37.965305
2011-03-08,38.084278
2011-03-09,38.096802
2011-03-10,37.151413
2011-03-11,37.151413
2011-03-14,36.487766
2011-03-15,35.723961
2011-03-16,34.615807
2011-03-17,35.767788
2011-03-18,36.262383
2011-03-21,37.157681
2011-03-22,37.051243
2011-03-23,37.095078
2011-03-24,37.589668
2011-03-25,37.176460
2011-03-28,37.157681
2011-03-29,37.351761
2011-03-30,37.796276
2011-03-31,37.614712
2011-04-01,37.971577
2011-04-04,38.021660
2011-04-05,37.927757
2011-04-06,38.240791
2011-04-07,38.052967
2011-04-08,38.366013
2011-04-11,38.290867
2011-04-12,37.934010
2011-04-13,38.046711
2011-04-14,38.215748
2011-04-15,38.159405
2011-04-18,37.376804
2011-04-19,37.652275
2011-04-20,38.610180
2011-04-21,38.860603
2011-04-25,38.860603
2011-04-26,39.161125
2011-04-27,39.649467
2011-04-28,39.918674
2011-04-29,39.730858
2011-05-02,39.987549
2011-05-03,39.661991
2011-05-04,39.323902
2011-05-05,38.547577
2011-05-06,38.566353
2011-05-09,38.841831
2011-05-10,39.211212
2011-05-11,38.422356
2011-05-12,38.547577
2011-05-13,37.946533
2011-05-16,37.877663
2011-05-17,37.959064
2011-05-18,38.190701
2011-05-19,38.409836
2011-05-20,37.865139
2011-05-23,36.988644
2011-05-24,37.201508
2011-05-25,37.439411
2011-05-26,37.790012
2011-05-27,38.065495
2011-05-31,38.854347
2011-06-01,37.934010
2011-06-02,38.128098
2011-06-03,38.146881
2011-06-06,37.652275
2011-06-07,37.996616
2011-06-08,37.508286
2011-06-09,37.896442
2011-06-10,37.019951
2011-06-13,37.076279
2011-06-14,37.733669
2011-06-15,36.494034
2011-06-16,36.368820
2011-06-17,36.725685
2011-06-20,36.681866
2011-06-21,37.476982
2011-06-22,37.113819
2011-06-23,36.794689
2011-06-24,36.443657
2011-06-27,36.743626
2011-06-28,37.184021
2011-06-29,37.835026
2011-06-30,38.383919
2011-07-01,38.805161
2011-07-05,38.575390
2011-07-06,38.332855
2011-07-07,38.664749
2011-07-08,38.186066
2011-07-11,37.030846
2011-07-12,36.781948
2011-07-13,37.330826
2011-07-14,37.005318
2011-07-15,37.132957
2011-07-18,36.584080
2011-07-19,37.132957
2011-07-20,37.573353
2011-07-21,38.371166
2011-07-22,38.409458
2011-07-25,38.166920
2011-07-26,38.396683
2011-07-27,37.464855
2011-07-28,37.375504
2011-07-29,37.471233
2011-08-01,36.998932
2011-08-02,36.022419
2011-08-03,36.233051
2011-08-04,33.705593
2011-08-05,34.299168
2011-08-08,31.739817
2011-08-09,33.877922
2011-08-10,31.854700
2011-08-11,33.380093
2011-08-12,33.763046
2011-08-15,34.548084
2011-08-16,34.043861
2011-08-17,34.241722
2011-08-18,32.575909
2011-08-19,32.020638
2011-08-22,32.224880
2011-08-23,33.271595
2011-08-24,33.284374
2011-08-25,32.480179
2011-08-26,32.990780
2011-08-29,33.775810
2011-08-30,33.577950
2011-08-31,34.190666
2011-09-01,33.769428
2011-09-02,33.016304
2011-09-06,31.931282
2011-09-07,32.882271
2011-09-08,32.231262
2011-09-09,31.114342
2011-09-12,30.980312
2011-09-13,31.312197
2011-09-14,31.784494
2011-09-15,32.473789
2011-09-16,32.486561
2011-09-19,31.593023
2011-09-20,31.720671
2011-09-21,30.776070
2011-09-22,29.780407
2011-09-23,30.118671
2011-09-26,30.737770
2011-09-27,31.497282
2011-09-28,30.961161
2011-09-29,31.567478
2011-09-30,30.495235
2011-10-03,29.691057
2011-10-04,30.188883
2011-10-05,30.654795
2011-10-06,31.478132
2011-10-07,31.261139
2011-10-10,32.454636
2011-10-11,32.397205
2011-10-12,32.869507
2011-10-13,32.882271
2011-10-14,33.265224
2011-10-17,32.499329
2011-10-18,32.965240
2011-10-19,32.371677
2011-10-20,32.454636
2011-10-21,33.239685
2011-10-24,33.737514
2011-10-25,33.156715
2011-10-26,33.609859
2011-10-27,35.467155
2011-10-28,35.262917
2011-10-31,33.431156
2011-11-01,32.384441
2011-11-02,32.658886
2011-11-03,33.482208
2011-11-04,33.060974
2011-11-07,33.201397
2011-11-08,33.603485
2011-11-09,31.880234
2011-11-10,32.256786
2011-11-11,33.060974
2011-11-14,32.473789
2011-11-15,32.384441
2011-11-16,31.765343
2011-11-17,31.420700
2011-11-18,31.529194
2011-11-21,30.731401
2011-11-22,30.642042
2011-11-23,29.799557
2011-11-25,29.646378
2011-11-28,30.910099
2011-11-29,31.114342
2011-11-30,32.703571
2011-12-01,32.422729
2011-12-02,32.416348
2011-12-05,32.786530
2011-12-06,32.633354
2011-12-07,32.863129
2011-12-08,31.784494
2011-12-09,32.575909
2011-12-12,31.624928
2011-12-13,31.197317
2011-12-14,30.827131
2011-12-15,30.980312
2011-12-16,30.852655
2011-12-19,30.565453
2011-12-20,31.643484
2011-12-21,31.475550
2011-12-22,31.759748
2011-12-23,31.979370
2011-12-27,31.837265
2011-12-28,31.262386
2011-12-29,31.837265
2011-12-30,31.992279
2012-01-03,32.864269
2012-01-04,32.670494
2012-01-05,32.186050
2012-01-06,31.746832
2012-01-09,31.869555
2012-01-10,32.353992
2012-01-11,32.250648
2012-01-12,32.386288
2012-01-13,32.037495
2012-01-17,32.418587
2012-01-18,32.961163
2012-01-19,33.368080
2012-01-20,33.542484
2012-01-23,33.671665
2012-01-24,33.484348
2012-01-25,33.833138
2012-01-26,33.846062
2012-01-27,33.904194
2012-01-30,33.503719
2012-01-31,33.678127
2012-02-01,34.207783
2012-02-02,34.278831
2012-02-03,34.814941
2012-02-06,34.646996
2012-02-07,34.860157
2012-02-08,34.982876
2012-02-09,35.073303
2012-02-10,34.408005
2012-02-13,34.802010
2012-02-14,34.543644
2012-02-15,34.582405
2012-02-16,35.060387
2012-02-17,35.215408
2012-02-21,35.221863
2012-02-22,35.118523
2012-02-23,35.409180
2012-02-24,35.622341
2012-02-27,35.441475
2012-02-28,35.770893
2012-02-29,35.305832
2012-03-01,35.706306
2012-03-02,35.376888
2012-03-05,35.189564
2012-03-06,34.065678
2012-03-07,34.485523
2012-03-08,35.228325
2012-03-09,35.112064
2012-03-12,35.021629
2012-03-13,35.590038
2012-03-14,35.273540
2012-03-15,35.609421
2012-03-16,35.854855
2012-03-19,36.042171
2012-03-20,35.615879
2012-03-21,35.383343
2012-03-22,35.137897
2012-03-23,35.383343
2012-03-26,35.835472
2012-03-27,35.609421
2012-03-28,35.363972
2012-03-29,35.137897
2012-03-30,35.454403
2012-04-02,35.867790
2012-04-03,35.241245
2012-04-04,34.453220
2012-04-05,34.246529
2012-04-09,34.097965
2012-04-10,33.368080
2012-04-11,33.833138
2012-04-12,34.453220
2012-04-13,33.794388
2012-04-16,34.039837
2012-04-17,34.582405
2012-04-18,34.401546
2012-04-19,34.194862
2012-04-20,34.524281
2012-04-23,33.833138
2012-04-24,34.104424
2012-04-25,34.569489
2012-04-26,34.776188
2012-04-27,34.918293
2012-04-30,34.718063
2012-05-01,34.860157
2012-05-02,34.588871
2012-05-03,34.285290
2012-05-04,33.762089
2012-05-07,34.007542
2012-05-08,33.484348
2012-05-09,33.096802
2012-05-10,33.251820
2012-05-11,33.045120
2012-05-14,32.412117
2012-05-15,32.005199
2012-05-16,31.688696
2012-05-17,31.301151
2012-05-18,31.075083
2012-05-21,31.759748
2012-05-22,31.643484
2012-05-23,31.385120
2012-05-24,31.178431
2012-05-25,31.068613
2012-05-29,31.462626
2012-05-30,30.719820
2012-05-31,30.849010
2012-06-01,30.067442
2012-06-04,30.319353
2012-06-05,30.538969
2012-06-06,31.391579
2012-06-07,31.436792
2012-06-08,31.333447
2012-06-11,31.029860
2012-06-12,31.546595
2012-06-13,31.294685
2012-06-14,31.527222
2012-06-15,31.972898
2012-06-18,31.882469
2012-06-19,32.412117
2012-06-20,32.599438
2012-06-21,31.746122
2012-06-22,32.017128
2012-06-25,31.303293
2012-06-26,31.508181
2012-06-27,31.805614
2012-06-28,31.871719
2012-06-29,33.021805
2012-07-02,33.239918
2012-07-03,33.543953
2012-07-05,32.988747
2012-07-06,32.678097
2012-07-09,32.605396
2012-07-10,32.387276
2012-07-11,32.486423
2012-07-12,32.162540
2012-07-13,32.618610
2012-07-16,32.612000
2012-07-17,32.704529
2012-07-18,32.962311
2012-07-19,33.266354
2012-07-20,32.486423
2012-07-23,31.818832
2012-07-24,31.475138
2012-07-25,31.640387
2012-07-26,32.605396
2012-07-27,33.292786
2012-07-30,33.253136
2012-07-31,33.048241
2012-08-01,33.054848
2012-08-02,32.592167
2012-08-03,33.702583
2012-08-06,33.940536
2012-08-07,34.224754
2012-08-08,34.204922
2012-08-09,34.224754
2012-08-10,34.284237
2012-08-13,34.118996
2012-08-14,34.198315
2012-08-15,34.099178
2012-08-16,34.522182
2012-08-17,34.568451
2012-08-20,34.528805
2012-08-21,34.727081
2012-08-22,34.687431
2012-08-23,34.489143
2012-08-24,34.436264
2012-08-27,34.456089
2012-08-28,34.423046
2012-08-29,34.317291
2012-08-30,33.808346
2012-08-31,34.105782
2012-09-04,33.933918
2012-09-05,33.841393
2012-09-06,34.680817
2012-09-07,35.202972
2012-09-10,34.925385
2012-09-11,35.321957
2012-09-12,35.553299
2012-09-13,36.095284
2012-09-14,36.452206
2012-09-17,36.260521
2012-09-18,36.108498
2012-09-19,36.260521
2012-09-20,36.029186
2012-09-21,36.049011
2012-09-24,35.923431
2012-09-25,35.672272
2012-09-26,35.315342
2012-09-27,35.738361
2012-09-28,35.031139
2012-10-01,35.315342
2012-10-02,35.454144
2012-10-03,35.308731
2012-10-04,35.738361
2012-10-05,35.784634
2012-10-08,35.573120
2012-10-09,35.057568
2012-10-10,34.958420
2012-10-11,35.183151
2012-10-12,35.143501
2012-10-15,35.487190
2012-10-16,36.075455
2012-10-17,36.412548
2012-10-18,36.273746
2012-10-19,35.784634
2012-10-22,36.035801
2012-10-23,35.262470
2012-10-24,35.282299
2012-10-25,35.493797
2012-10-26,35.440918
2012-10-31,35.414490
2012-11-01,35.830898
2012-11-02,35.487190
2012-11-05,35.401264
2012-11-06,35.738361
2012-11-07,35.202972
2012-11-08,34.885723
2012-11-09,34.898933
2012-11-12,34.872501
2012-11-13,34.700657
2012-11-14,34.337124
2012-11-15,34.449478
2012-11-16,34.429649
2012-11-19,35.176552
2012-11-20,35.229427
2012-11-21,35.288906
2012-11-23,36.049011
2012-11-26,35.963089
2012-11-27,35.784634
2012-11-28,36.042408
2012-11-29,36.353058
2012-11-30,36.399315
2012-12-03,36.445595
2012-12-04,36.538132
2012-12-05,36.591011
2012-12-06,36.663719
2012-12-07,36.676941
2012-12-10,36.716595
2012-12-11,36.928101
2012-12-12,37.047070
2012-12-13,36.934711
2012-12-14,37.066898
2012-12-17,37.218925
2012-12-18,37.606476
2012-12-19,37.740124
2012-12-20,37.994045
2012-12-21,37.760166
2012-12-24,37.659939
2012-12-26,37.653252
2012-12-27,37.826996
2012-12-28,37.426067
2012-12-31,37.994045
2013-01-02,38.582058
2013-01-03,38.207874
2013-01-04,38.401638
2013-01-07,38.234596
2013-01-08,38.020767
2013-01-09,38.214542
2013-01-10,38.702335
2013-01-11,38.782513
2013-01-14,38.829296
2013-01-15,38.769154
2013-01-16,38.582058
2013-01-17,38.896114
2013-01-18,38.856022
2013-01-22,38.876072
2013-01-23,38.835976
2013-01-24,39.023067
2013-01-25,39.444046
2013-01-28,39.250263
2013-01-29,39.517551
2013-01-30,39.557636
2013-01-31,39.410633
2013-02-01,39.724682
2013-02-04,39.009708
2013-02-05,39.190128
2013-02-06,39.183441
2013-02-07,38.862709
2013-02-08,39.109936
2013-02-11,39.069847
2013-02-12,39.263626
2013-02-13,39.357182
2013-02-14,39.143353
2013-02-15,39.043114
2013-02-19,39.504169
2013-02-20,39.116627
2013-02-21,38.528603
2013-02-22,39.083214
2013-02-25,38.147732
2013-02-26,38.455090
2013-02-27,38.942886
2013-02-28,38.902802
2013-03-01,38.822609
2013-03-04,38.989674
2013-03-05,39.377213
2013-03-06,39.477448
2013-03-07,39.591038
2013-03-08,39.677921
2013-03-11,39.798199
2013-03-12,39.597717
2013-03-13,39.537590
2013-03-14,39.925148
2013-03-15,40.005333
2013-03-18,39.564320
2013-03-19,39.444046
2013-03-20,39.684601
2013-03-21,39.323761
2013-03-22,39.664547
2013-03-25,39.170078
2013-03-26,39.417320
2013-03-27,39.223534
2013-03-28,39.410633
2013-04-01,38.882755
2013-04-02,39.297035
2013-04-03,39.103256
2013-04-04,39.450722
2013-04-05,39.270306
2013-04-08,39.424000
2013-04-09,39.564320
2013-04-10,40.152340
2013-04-11,40.466389
2013-04-12,40.366169
2013-04-15,39.571003
2013-04-16,40.132294
2013-04-17,39.297035
2013-04-18,39.176765
2013-04-19,39.490814
2013-04-22,39.657871
2013-04-23,40.219162
2013-04-24,40.566624
2013-04-25,40.780441
2013-04-26,40.813862
2013-04-29,41.335056
2013-04-30,41.388504
2013-05-01,41.141293
2013-05-02,41.268242
2013-05-03,41.796116
2013-05-06,41.742661
2013-05-07,41.809483
2013-05-08,42.250500
2013-05-09,41.842896
2013-05-10,41.889664
2013-05-13,41.869621
2013-05-14,41.949795
2013-05-15,42.130215
2013-05-16,41.842896
2013-05-17,42.130215
2013-05-20,42.364090
2013-05-21,42.450947
2013-05-22,42.023300
2013-05-23,41.421928
2013-05-24,41.061096
2013-05-28,41.168015
2013-05-29,40.773766
2013-05-30,40.934128
2013-05-31,40.138973
2013-06-03,40.292660
2013-06-04,40.439659
2013-06-05,39.537590
2013-06-06,39.758099
2013-06-07,40.292660
2013-06-10,40.332756
2013-06-11,39.838272
2013-06-12,39.791508
2013-06-13,40.399570
2013-06-14,39.958557
2013-06-17,40.533222
2013-06-18,40.820538
2013-06-19,40.058792
2013-06-20,38.588737
2013-06-21,38.715698
2013-06-24,38.107632
2013-06-25,38.595421
2013-06-26,38.749111
2013-06-27,39.139065
2013-06-28,39.064079
2013-07-01,39.432236
2013-07-02,39.234512
2013-07-03,39.248146
2013-07-05,39.432236
2013-07-08,39.677654
2013-07-09,39.895798
2013-07-10,40.011707
2013-07-11,41.047951
2013-07-12,40.775257
2013-07-15,41.027508
2013-07-16,41.000237
2013-07-17,41.122944
2013-07-18,41.395653
2013-07-19,41.361561
2013-07-22,41.593353
2013-07-23,41.681984
2013-07-24,41.627445
2013-07-25,41.709255
2013-07-26,41.450191
2013-07-29,41.054775
2013-07-30,41.047951
2013-07-31,41.143398
2013-08-01,41.702442
2013-08-02,42.043308
2013-08-05,41.954685
2013-08-06,41.893326
2013-08-07,41.709255
2013-08-08,42.084206
2013-08-09,42.159206
2013-08-12,42.043308
2013-08-13,42.316002
2013-08-14,42.336456
2013-08-15,41.981953
2013-08-16,42.056942
2013-08-19,41.756977
2013-08-20,41.702442
2013-08-21,41.211575
2013-08-22,41.613815
2013-08-23,41.975128
2013-08-26,41.668350
2013-08-27,40.959335
2013-08-28,40.911606
2013-08-29,40.843433
2013-08-30,40.338943
2013-09-03,41.116135
2013-09-04,41.484280
2013-09-05,41.450191
2013-09-06,41.675171
2013-09-09,42.247833
2013-09-10,42.725056
2013-09-11,42.875042
2013-09-12,42.629608
2013-09-13,42.834141
2013-09-16,43.168182
2013-09-17,43.195461
2013-09-18,44.347610
2013-09-19,44.136269
2013-09-20,43.815853
2013-09-23,43.802208
2013-09-24,43.734043
2013-09-25,43.781757
2013-09-26,43.965828
2013-09-27,43.809029
2013-09-30,43.495434
2013-10-01,43.727222
2013-10-02,43.713596
2013-10-03,43.427265
2013-10-04,43.529514
2013-10-07,43.079563
2013-10-08,42.745514
2013-10-09,42.929581
2013-10-10,43.699944
2013-10-11,43.931747
2013-10-14,44.081741
2013-10-15,43.870396
2013-10-16,44.197628
2013-10-17,44.783932
2013-10-18,45.049812
2013-10-21,45.117992
2013-10-22,45.567936
2013-10-23,45.124798
2013-10-24,45.438400
2013-10-25,45.308876
2013-10-28,45.233879
2013-10-29,45.329330
2013-10-30,45.165714
2013-10-31,44.913460
2013-11-01,44.695297
2013-11-04,44.913460
2013-11-05,44.524868
2013-11-06,44.913460
2013-11-07,44.204441
2013-11-08,44.463512
2013-11-11,44.558952
2013-11-12,44.408966
2013-11-13,44.552139
2013-11-14,44.756657
2013-11-15,45.117992
2013-11-18,45.117992
2013-11-19,45.002090
2013-11-20,44.688473
2013-11-21,44.968010
2013-11-22,45.097538
2013-11-25,44.961193
2013-11-26,44.961193
2013-11-27,45.070267
2013-11-29,45.158886
2013-12-02,44.824837
2013-12-03,44.511234
2013-12-04,44.272629
2013-12-05,44.020378
2013-12-06,44.565781
2013-12-09,44.518047
2013-12-10,44.443062
2013-12-11,44.027199
2013-12-12,43.706776
2013-12-13,43.679504
2013-12-16,43.993099
2013-12-17,43.802208
2013-12-18,44.491241
2013-12-19,44.491241
2013-12-20,44.745667
2013-12-23,45.206406
2013-12-24,45.295799
2013-12-26,45.543354
2013-12-27,45.777161
2013-12-30,45.969696
2013-12-31,46.141609
2014-01-02,45.323307
2014-01-03,45.371449
2014-01-06,45.316437
2014-01-07,45.570866
2014-01-08,45.557117
2014-01-09,45.522720
2014-01-10,45.942192
2014-01-13,45.543354
2014-01-14,45.907822
2014-01-15,46.100357
2014-01-16,46.079731
2014-01-17,45.942192
2014-01-21,46.162239
2014-01-22,46.162239
2014-01-23,45.852806
2014-01-24,44.594387
2014-01-27,44.388100
2014-01-28,44.773182
2014-01-29,44.271198
2014-01-30,44.498116
2014-01-31,43.741699
2014-02-03,42.847748
2014-02-04,43.342857
2014-02-05,43.432259
2014-02-06,44.202431
2014-02-07,44.780064
2014-02-10,44.628780
2014-02-11,45.337063
2014-02-12,45.412704
2014-02-13,45.550232
2014-02-14,45.722145
2014-02-18,46.114101
2014-02-19,45.804665
2014-02-20,45.962818
2014-02-21,46.052223
2014-02-24,46.451061
2014-02-25,46.341042
2014-02-26,46.182869
2014-02-27,46.341042
2014-02-28,46.423557
2014-03-03,45.440208
2014-03-04,46.341042
2014-03-05,46.299774
2014-03-06,46.781136
2014-03-07,46.526695
2014-03-10,46.237892
2014-03-11,45.900932
2014-03-12,45.729027
2014-03-13,44.876335
2014-03-14,44.780064
2014-03-17,45.343925
2014-03-18,45.625870
2014-03-19,45.068878
2014-03-20,44.896961
2014-03-21,44.807575
2014-03-24,44.924465
2014-03-25,45.412704
2014-03-26,45.405823
2014-03-27,45.632748
2014-03-28,45.976585
2014-03-31,46.210381
2014-04-01,46.506062
2014-04-02,46.595470
2014-04-03,46.464809
2014-04-04,46.320408
2014-04-07,46.100357
2014-04-08,46.072849
2014-04-09,46.664234
2014-04-10,45.839054
2014-04-11,45.563988
2014-04-14,45.825287
2014-04-15,45.632748
2014-04-16,46.196632
2014-04-17,46.437313
2014-04-21,46.499199
2014-04-22,46.691734
2014-04-23,46.581707
2014-04-24,46.574841
2014-04-25,46.347919
2014-04-28,46.492321
2014-04-29,46.794899
2014-04-30,46.980553
2014-05-01,47.111206
2014-05-02,47.035576
2014-05-05,47.001179
2014-05-06,46.918671
2014-05-07,46.973679
2014-05-08,46.980553
2014-05-09,46.911793
2014-05-12,47.221233
2014-05-13,47.289997
2014-05-14,47.200603
2014-05-15,46.994301
2014-05-16,47.097454
2014-05-19,47.001179
2014-05-20,46.705494
2014-05-21,47.069954
2014-05-22,47.131836
2014-05-23,47.255615
2014-05-27,47.592564
2014-05-28,47.434418
2014-05-29,47.723228
2014-05-30,47.730095
2014-06-02,47.826366
2014-06-03,47.709473
2014-06-04,47.695705
2014-06-05,48.025776
2014-06-06,48.287098
2014-06-09,48.238964
2014-06-10,48.135815
2014-06-11,47.895134
2014-06-12,47.908882
2014-06-13,47.943264
2014-06-16,47.957031
2014-06-17,47.922638
2014-06-18,48.335236
2014-06-19,48.596539
2014-06-20,48.514034
2014-06-23,48.383377
2014-06-24,48.080803
2014-06-25,48.063892
2014-06-26,48.099110
2014-06-27,48.127289
2014-06-30,48.169563
2014-07-01,48.592297
2014-07-02,48.669804
2014-07-03,48.768425
2014-07-07,48.387985
2014-07-08,47.880711
2014-07-09,48.035728
2014-07-10,47.507305
2014-07-11,47.535473
2014-07-14,47.887760
2014-07-15,47.767990
2014-07-16,48.063892
2014-07-17,47.450935
2014-07-18,47.824341
2014-07-21,47.648209
2014-07-22,47.859585
2014-07-23,47.958210
2014-07-24,48.070950
2014-07-25,47.873665
2014-07-28,47.880711
2014-07-29,47.782070
2014-07-30,47.711624
2014-07-31,46.915478
2014-08-01,46.591396
2014-08-04,46.809807
2014-08-05,46.210945
2014-08-06,46.098221
2014-08-07,45.724812
2014-08-08,45.992538
2014-08-11,46.168671
2014-08-12,46.133442
2014-08-13,46.394127
2014-08-14,46.640705
2014-08-15,46.591396
2014-08-18,46.894356
2014-08-19,47.007076
2014-08-20,46.859127
2014-08-21,47.056404
2014-08-22,46.830944
2014-08-25,47.133881
2014-08-26,47.140938
2014-08-27,47.232536
2014-08-28,47.021168
2014-08-29,47.000038
2014-09-02,47.091618
2014-09-03,47.422749
2014-09-04,47.197304
2014-09-05,47.204353
2014-09-08,46.704117
2014-09-09,46.570259
2014-09-10,46.837997
2014-09-11,46.577316
2014-09-12,46.513905
2014-09-15,46.415257
2014-09-16,46.612534
2014-09-17,46.281403
2014-09-18,46.640705
2014-09-19,46.478664
2014-09-22,46.274345
2014-09-23,45.886856
2014-09-24,46.119347
2014-09-25,45.442989
2014-09-26,45.633221
2014-09-29,45.210487
2014-09-30,45.175266
2014-10-01,44.639809
2014-10-02,44.160736
2014-10-03,44.160736
2014-10-06,44.442543
2014-10-07,43.688675
2014-10-08,44.379131
2014-10-09,43.188457
2014-10-10,42.540287
2014-10-13,42.483917
2014-10-14,42.589592
2014-10-15,42.335957
2014-10-16,41.941422
2014-10-17,42.723457
2014-10-20,42.991184
2014-10-21,43.505497
2014-10-22,43.188457
2014-10-23,43.604137
2014-10-24,43.843685
2014-10-27,43.597092
2014-10-28,44.259369
2014-10-29,43.921177
2014-10-30,44.238228
2014-10-31,45.055504
2014-11-03,44.668003
2014-11-04,44.414352
2014-11-05,44.498901
2014-11-06,44.259369
2014-11-07,44.280495
2014-11-10,44.477768
2014-11-11,44.745495
2014-11-12,44.365051
2014-11-13,44.576408
2014-11-14,44.639809
2014-11-17,44.463676
2014-11-18,44.949814
2014-11-19,44.815952
2014-11-20,44.548222
2014-11-21,44.935722
2014-11-24,45.196411
2014-11-25,45.273907
2014-11-26,45.450035
2014-11-28,45.083679
2014-12-01,45.041412
2014-12-02,45.168221
2014-12-03,45.111862
2014-12-04,44.963909
2014-12-05,45.062542
2014-12-08,44.668003
2014-12-09,44.428444
2014-12-10,43.864822
2014-12-11,43.808464
2014-12-12,42.962994
2014-12-15,42.251411
2014-12-16,42.554363
2014-12-17,43.063049
2014-12-18,43.831394
2014-12-19,43.895420
2014-12-22,44.108856
2014-12-23,43.966568
2014-12-24,44.165768
2014-12-26,44.279598
2014-12-29,43.959454
2014-12-30,43.553932
2014-12-31,43.283585
2015-01-02,43.098618
2015-01-05,42.081268
2015-01-06,41.604610
2015-01-07,42.067039
2015-01-08,42.636185
2015-01-09,42.429867
2015-01-12,42.330269
2015-01-13,42.543697
2015-01-14,42.422760
2015-01-15,42.693092
2015-01-16,43.248016
2015-01-20,43.397419
2015-01-21,43.738907
2015-01-22,43.902527
2015-01-23,43.653538
2015-01-26,44.251141
2015-01-27,44.315170
2015-01-28,43.653538
2015-01-29,44.251141
2015-01-30,43.553932
2015-02-02,44.080399
2015-02-03,44.784714
2015-02-04,44.414764
2015-02-05,45.026600
2015-02-06,44.464569
2015-02-09,44.251141
2015-02-10,44.656651
2015-02-11,44.414764
2015-02-12,45.104855
2015-02-13,45.403660
2015-02-17,45.510380
2015-02-18,45.780716
2015-02-19,45.837635
2015-02-20,46.264488
2015-02-23,46.100868
2015-02-24,46.385437
2015-02-25,46.421005
2015-02-26,46.292950
2015-02-27,46.314304
2015-03-02,46.385437
2015-03-03,46.100868
2015-03-04,45.915894
2015-03-05,46.022610
2015-03-06,45.396538
2015-03-09,45.467686
2015-03-10,44.478790
2015-03-11,44.592621
2015-03-12,45.147552
2015-03-13,44.884312
2015-03-16,45.389427
2015-03-17,45.275600
2015-03-18,46.243145
2015-03-19,45.702461
2015-03-20,46.712696
2015-03-23,46.947472
2015-03-24,46.847870
2015-03-25,46.627331
2015-03-26,46.221806
2015-03-27,46.342747
2015-03-30,46.371201
2015-03-31,45.652664
2015-04-01,45.979919
2015-04-02,46.378330
2015-04-06,46.847870
2015-04-07,46.783840
2015-04-08,46.983040
2015-04-09,47.047058
2015-04-10,47.139561
2015-04-13,46.840748
2015-04-14,47.189350
2015-04-15,47.402786
2015-04-16,47.530849
2015-04-17,46.933235
2015-04-20,46.983040
2015-04-21,47.402786
2015-04-22,47.495274
2015-04-23,47.673138
2015-04-24,47.950596
2015-04-27,48.185364
2015-04-28,48.242268
2015-04-29,47.822533
2015-04-30,47.317410
2015-05-01,47.843880
2015-05-04,47.794075
2015-05-05,47.082642
2015-05-06,47.203583
2015-05-07,47.047058
2015-05-08,48.135563
2015-05-11,47.715820
2015-05-12,47.687347
2015-05-13,48.043083
2015-05-14,48.619331
2015-05-15,48.676254
2015-05-18,48.512627
2015-05-19,48.327656
2015-05-20,48.420139
2015-05-21,48.676254
2015-05-22,48.363220
2015-05-26,47.495274
2015-05-27,47.957706
2015-05-28,47.872330
2015-05-29,47.409901
2015-06-01,47.281845
2015-06-02,47.502380
2015-06-03,47.765621
2015-06-04,47.253380
2015-06-05,46.691353
2015-06-08,46.627331
2015-06-09,46.371201
2015-06-10,47.345871
2015-06-11,47.473934
2015-06-12,47.096870
2015-06-15,46.812294
2015-06-16,46.798073
2015-06-17,46.691353
2015-06-18,47.111099
2015-06-19,46.997265
2015-06-22,47.886559
2015-06-23,48.014626
2015-06-24,47.601986
2015-06-25,47.581013
2015-06-26,47.559299
2015-06-29,46.097950
2015-06-30,45.931549
2015-07-01,46.228168
2015-07-02,46.286045
2015-07-06,45.352798
2015-07-07,45.367260
2015-07-08,44.311039
2015-07-09,45.041714
2015-07-10,46.517544
2015-07-13,46.691166
2015-07-14,47.081818
2015-07-15,46.908207
2015-07-16,47.313324
2015-07-17,47.233757
2015-07-20,47.356735
2015-07-21,47.219276
2015-07-22,46.857555
2015-07-23,46.734573
2015-07-24,46.220924
2015-07-27,45.880909
2015-07-28,46.459663
2015-07-29,46.626060
2015-07-30,46.589890
2015-07-31,46.864792
2015-08-03,46.741806
2015-08-04,46.777988
2015-08-05,47.023952
2015-08-06,46.828625
2015-08-07,46.741806
2015-08-10,47.313324
2015-08-11,46.589890
2015-08-12,46.257099
2015-08-13,46.228168
2015-08-14,46.300507
2015-08-17,46.213703
2015-08-18,45.866440
2015-08-19,45.461319
2015-08-20,44.361683
2015-08-21,43.348846
2015-08-24,41.851326
2015-08-25,42.249210
2015-08-26,43.247562
2015-08-27,43.775684
2015-08-28,43.710567
2015-08-31,43.385021
2015-09-01,41.930893
2015-09-02,42.553059
2015-09-03,42.654346
2015-09-04,41.677689
2015-09-08,42.900322
2015-09-09,42.726692
2015-09-10,43.008835
2015-09-11,43.001598
2015-09-14,42.676052
2015-09-15,42.965424
2015-09-16,43.623764
2015-09-17,43.645473
2015-09-18,42.553059
2015-09-21,42.531353
2015-09-22,41.518532
2015-09-23,41.323200
2015-09-24,41.207458
2015-09-25,41.569168
2015-09-28,40.751686
2015-09-29,40.693810
2015-09-30,41.467888
2015-10-01,41.598110
2015-10-02,42.307091
2015-10-05,43.146282
2015-10-06,43.196930
2015-10-07,43.739513
2015-10-08,44.086773
2015-10-09,44.166340
2015-10-12,44.079529
2015-10-13,43.522480
2015-10-14,43.609295
2015-10-15,44.354439
2015-10-16,44.318268
2015-10-19,44.166340
2015-10-20,43.985481
2015-10-21,43.963779
2015-10-22,44.455719
2015-10-23,44.897022
2015-10-26,44.730629
2015-10-27,44.339973
2015-10-28,44.629349
2015-10-29,44.303795
2015-10-30,44.209751
2015-11-02,44.629349
2015-11-03,44.614880
2015-11-04,44.368912
2015-11-05,44.289330
2015-11-06,44.086773
2015-11-09,43.630997
2015-11-10,43.602058
2015-11-11,43.826324
2015-11-12,43.254799
2015-11-13,42.893074
2015-11-16,43.435658
2015-11-17,43.551422
2015-11-18,43.949303
2015-11-19,44.173580
2015-11-20,44.072296
2015-11-23,43.797401
2015-11-24,43.804623
2015-11-25,43.905895
2015-11-27,43.913143
2015-11-30,43.876965
2015-12-01,44.339973
2015-12-02,43.869728
2015-12-03,43.659931
2015-12-04,44.014408
2015-12-07,43.732269
2015-12-08,43.088413
2015-12-09,42.893074
2015-12-10,42.900322
2015-12-11,42.082817
2015-12-14,42.147923
2015-12-15,42.357723
2015-12-16,43.211399
2015-12-17,42.661575
2015-12-18,42.213039
2015-12-21,42.408623
2015-12-22,42.729733
2015-12-23,43.444946
2015-12-24,43.371960
2015-12-28,43.269787
2015-12-29,43.700378
2015-12-30,43.437649
2015-12-31,42.853802
2016-01-04,42.196980
2016-01-05,42.131302
2016-01-06,41.437992
2016-01-07,40.576839
2016-01-08,40.087864
2016-01-11,40.255718
2016-01-12,40.445465
2016-01-13,39.817844
2016-01-14,40.328705
2016-01-15,38.869095
2016-01-19,39.226707
2016-01-20,38.336346
2016-01-21,38.620964
2016-01-22,39.759449
2016-01-25,39.226707
2016-01-26,39.927311
2016-01-27,39.671875
2016-01-28,39.788647
2016-01-29,40.489258
2016-02-01,40.445465
2016-02-02,39.504025
2016-02-03,39.832443
2016-02-04,39.883518
2016-02-05,39.270496
2016-02-08,38.540688
2016-02-09,38.095516
2016-02-10,38.051727
2016-02-11,37.497074
2016-02-12,38.153900
2016-02-16,38.927486
2016-02-17,39.598900
2016-02-18,39.394554
2016-02-19,39.350765
2016-02-22,39.795948
2016-02-23,39.146423
2016-02-24,39.007759
2016-02-25,39.474834
2016-02-26,39.372673
2016-02-29,39.139130
2016-03-01,40.160847
2016-03-02,40.438168
2016-03-03,40.832264
2016-03-04,41.131485
2016-03-07,41.080387
2016-03-08,40.679005
2016-03-09,40.832264
2016-03-10,40.766582
2016-03-11,41.832077
2016-03-14,41.744507
2016-03-15,41.350418
2016-03-16,41.715317
2016-03-17,42.036427
2016-03-18,41.963448
2016-03-21,41.897770
2016-03-22,41.824799
2016-03-23,41.401501
2016-03-24,41.124184
2016-03-28,41.372318
2016-03-29,41.817490
2016-03-30,42.131302
2016-03-31,41.715317
2016-04-01,41.270142
2016-04-04,41.182560
2016-04-05,40.372486
2016-04-06,41.029308
2016-04-07,40.430874
2016-04-08,41.204460
2016-04-11,41.226357
2016-04-12,41.839382
2016-04-13,42.503502
2016-04-14,42.642159
2016-04-15,42.547291
2016-04-18,42.912193
2016-04-19,43.656582
2016-04-20,43.693077
2016-04-21,43.430336
2016-04-22,43.452248
2016-04-25,43.233303
2016-04-26,43.386555
2016-04-27,43.415752
2016-04-28,42.824612
2016-04-29,42.642159
2016-05-02,43.043545
2016-05-03,42.335648
2016-05-04,41.846680
2016-05-05,41.759113
2016-05-06,41.875881
2016-05-09,41.788296
2016-05-10,42.386734
2016-05-11,42.021832
2016-05-12,42.007244
2016-05-13,41.576656
2016-05-16,42.072910
2016-05-17,41.766399
2016-05-18,41.781002
2016-05-19,41.481781
2016-05-20,41.824799
2016-05-23,41.686127
2016-05-24,42.291874
2016-05-25,42.737038
2016-05-26,42.853802
2016-05-27,42.810028
2016-05-31,42.605675
2016-06-01,42.569183
2016-06-02,42.569183
2016-06-03,42.846512
2016-06-06,43.087337
2016-06-07,43.401161
2016-06-08,43.488728
2016-06-09,42.955986
2016-06-10,41.708023
2016-06-13,41.102295
2016-06-14,40.445465
2016-06-15,40.715492
2016-06-16,40.803066
2016-06-17,41.204460
2016-06-20,42.226177
2016-06-21,42.569183
2016-06-22,42.543118
2016-06-23,43.719898
2016-06-24,39.966103
2016-06-27,39.198959
2016-06-28,40.226772
2016-06-29,40.964142
2016-06-30,41.574863
2016-07-01,41.574863
2016-07-05,40.770493
2016-07-06,40.696007
2016-07-07,40.532143
2016-07-08,41.150333
2016-07-11,41.753628
2016-07-12,42.319679
2016-07-13,42.274986
2016-07-14,42.639946
2016-07-15,42.423950
2016-07-18,42.528214
2016-07-19,42.193058
2016-07-20,42.572903
2016-07-21,42.401600
2016-07-22,42.483532
2016-07-25,42.431396
2016-07-26,42.610153
2016-07-27,42.766548
2016-07-28,42.721878
2016-07-29,43.228333
2016-08-01,42.945309
2016-08-02,42.729317
2016-08-03,42.580357
2016-08-04,42.826141
2016-08-05,43.019783
2016-08-08,43.109158
2016-08-09,43.451767
2016-08-10,43.600727
2016-08-11,43.913551
2016-08-12,43.801838
2016-08-15,43.973125
2016-08-16,43.906101
2016-08-17,43.891212
2016-08-18,44.114651
2016-08-19,43.786930
2016-08-22,43.831623
2016-08-23,44.017826
2016-08-24,43.913551
2016-08-25,43.734798
2016-08-26,43.474113
2016-08-29,43.608177
2016-08-30,43.548603
2016-08-31,43.459221
2016-09-01,43.757141
2016-09-02,44.263603
2016-09-06,44.561531
2016-09-07,44.583870
2016-09-08,44.457256
2016-09-09,43.593285
2016-09-12,43.950794
2016-09-13,43.064472
2016-09-14,43.004906
2016-09-15,43.377293
2016-09-16,42.818699
2016-09-19,43.042130
2016-09-20,43.302811
2016-09-21,44.062508
2016-09-22,44.509384
2016-09-23,44.136986
2016-09-26,43.727341
2016-09-27,43.935902
2016-09-28,44.248707
2016-09-29,43.697559
2016-09-30,44.040169
2016-10-03,43.920998
2016-10-04,43.913551
2016-10-05,44.092308
2016-10-06,43.853958
2016-10-07,43.630524
2016-10-10,43.757141
2016-10-11,43.138950
2016-10-12,43.042130
2016-10-13,42.878277
2016-10-14,42.952751
2016-10-17,42.826141
2016-10-18,43.250671
2016-10-19,43.369846
2016-10-20,43.436878
2016-10-21,43.340050
2016-10-24,43.332600
2016-10-25,43.302811
2016-10-26,43.109158
2016-10-27,43.057022
2016-10-28,43.042130
2016-10-31,43.064472
2016-11-01,42.878277
2016-11-02,42.587807
2016-11-03,42.543118
2016-11-04,42.133476
2016-11-07,42.714417
2016-11-08,42.833588
2016-11-09,42.870827
2016-11-10,42.751659
2016-11-11,42.490978
2016-11-14,42.260086
2016-11-15,42.446289
2016-11-16,41.999409
2016-11-17,42.319679
2016-11-18,41.857903
2016-11-21,42.215393
2016-11-22,42.319679
2016-11-23,42.170712
2016-11-25,42.297333
2016-11-28,42.073887
2016-11-29,42.342030
2016-11-30,42.297333
2016-12-01,42.133476
2016-12-02,42.237740
2016-12-05,42.654823
2016-12-06,42.945309
2016-12-07,43.585831
2016-12-08,43.548603
2016-12-09,43.734798
2016-12-12,43.541149
2016-12-13,44.010376
2016-12-14,43.362396
2016-12-15,43.265572
2016-12-16,43.295364
2016-12-19,43.228333
2016-12-20,43.377293
2016-12-21,43.389336
2016-12-22,43.291500
2016-12-23,43.404381
2016-12-27,43.351707
2016-12-28,43.186157
2016-12-29,43.291500
2016-12-30,43.442009
2017-01-03,43.712910
2017-01-04,44.209564
2017-01-05,44.585808
2017-01-06,44.435310
2017-01-09,44.367592
2017-01-10,44.375111
2017-01-11,44.608387
2017-01-12,44.676113
2017-01-13,44.841663
2017-01-17,44.676113
2017-01-18,44.548195
2017-01-19,44.435310
2017-01-20,44.691170
2017-01-23,44.804039
2017-01-24,44.916916
2017-01-25,45.383469
2017-01-26,45.202862
2017-01-27,45.127621
2017-01-30,44.804039
2017-01-31,44.871769
2017-02-01,45.052361
2017-02-02,45.074944
2017-02-03,45.255535
2017-02-06,44.931969
2017-02-07,44.886814
2017-02-08,44.962070
2017-02-09,45.150196
2017-02-10,45.255535
2017-02-13,45.436146
2017-02-14,45.368420
2017-02-15,45.541496
2017-02-16,45.646851
2017-02-17,45.526443
2017-02-21,45.676949
2017-02-22,45.676949
2017-02-23,45.774765
2017-02-24,45.443668
2017-02-27,45.473763
2017-02-28,45.406052
2017-03-01,45.880116
2017-03-02,45.579117
2017-03-03,45.850014
2017-03-06,45.707035
2017-03-07,45.549019
2017-03-08,45.383469
2017-03-09,45.556549
2017-03-10,45.940319
2017-03-13,46.181118
2017-03-14,45.827442
2017-03-15,46.482128
2017-03-16,46.707874
2017-03-17,46.828278
2017-03-20,46.730453
2017-03-21,46.519737
2017-03-22,46.527279
2017-03-23,46.632622
2017-03-24,46.760540
2017-03-27,46.880951
2017-03-28,47.106701
2017-03-29,47.106701
2017-03-30,46.941147
2017-03-31,46.873432
2017-04-03,46.805695
2017-04-04,46.790653
2017-04-05,46.542324
2017-04-06,46.549850
2017-04-07,46.519737
2017-04-10,46.467068
2017-04-11,46.685307
2017-04-12,46.647675
2017-04-13,46.346668
2017-04-17,46.632622
2017-04-18,46.421917
2017-04-19,46.233791
2017-04-20,46.602528
2017-04-21,46.632622
2017-04-24,47.814056
2017-04-25,48.152676
2017-04-26,48.017231
2017-04-27,48.062374
2017-04-28,48.009701
2017-05-01,48.205349
2017-05-02,48.453674
2017-05-03,48.355850
2017-05-04,48.814888
2017-05-05,49.356686
2017-05-08,48.987961
2017-05-09,48.867558
2017-05-10,48.942810
2017-05-11,48.822403
2017-05-12,49.093300
2017-05-15,49.341637
2017-05-16,49.657684
2017-05-17,49.093300
2017-05-18,49.176079
2017-05-19,49.747986
2017-05-22,49.808186
2017-05-23,49.815704
2017-05-24,49.845806
2017-05-25,49.845806
2017-05-26,49.702843
2017-05-30,49.650166
2017-05-31,49.710365
2017-06-01,50.033939
2017-06-02,50.583267
2017-06-05,50.304844
2017-06-06,50.161869
2017-06-07,50.176910
2017-06-08,50.086613
2017-06-09,49.898495
2017-06-12,49.710365
2017-06-13,50.094139
2017-06-14,50.056507
2017-06-15,49.537285
2017-06-16,49.958683
2017-06-19,50.161869
2017-06-20,49.758110
2017-06-21,49.696934
2017-06-22,49.689289
2017-06-23,49.811634
2017-06-26,49.895756
2017-06-27,49.888100
2017-06-28,50.323975
2017-06-29,49.826935
2017-06-30,49.857517
2017-07-03,49.796349
2017-07-05,49.796349
2017-07-06,49.574585
2017-07-07,49.582222
2017-07-10,49.704575
2017-07-11,49.819286
2017-07-12,50.216923
2017-07-13,50.362209
2017-07-14,50.713955
2017-07-17,50.614548
2017-07-18,50.660446
2017-07-19,50.882198
2017-07-20,51.088654
2017-07-21,50.889843
2017-07-24,50.752205
2017-07-25,50.821026
2017-07-26,51.134537
2017-07-27,51.019840
2017-07-28,51.073372
2017-07-31,51.180424
2017-08-01,51.463364
2017-08-02,51.486294
2017-08-03,51.516891
2017-08-04,51.585712
2017-08-07,51.608650
2017-08-08,51.333359
2017-08-09,51.249237
2017-08-10,50.522797
2017-08-11,50.431034
2017-08-14,50.798077
2017-08-15,50.759850
2017-08-16,51.050430
2017-08-17,50.476913
2017-08-18,50.614548
2017-08-21,50.599258
2017-08-22,50.843964
2017-08-23,50.851604
2017-08-24,50.736908
2017-08-25,51.042786
2017-08-28,51.042786
2017-08-29,50.836323
2017-08-30,50.767490
2017-08-31,51.157475
2017-09-01,51.226307
2017-09-05,50.882198
2017-09-06,51.195721
2017-09-07,51.616291
2017-09-08,51.623943
2017-09-11,52.029228
2017-09-12,52.189804
2017-09-13,51.906872
2017-09-14,51.998646
2017-09-15,52.044518
2017-09-18,52.113342
2017-09-19,52.358036
2017-09-20,52.243343
2017-09-21,52.136292
2017-09-22,52.296875
2017-09-25,51.998646
2017-09-26,51.883938
2017-09-27,51.922165
2017-09-28,52.059811
2017-09-29,52.365685
2017-10-02,52.319817
2017-10-03,52.495693
2017-10-04,52.396275
2017-10-05,52.365685
2017-10-06,52.327457
2017-10-09,52.342754
2017-10-10,52.839798
2017-10-11,52.969791
2017-10-12,52.923908
2017-10-13,53.199192
2017-10-16,53.160957
2017-10-17,53.023312
2017-10-18,53.176262
2017-10-19,53.092144
2017-10-20,53.023312
2017-10-23,52.908619
2017-10-24,52.992725
2017-10-25,52.786266
2017-10-26,52.778618
2017-10-27,52.900974
2017-10-30,53.023312
2017-10-31,53.245075
2017-11-01,53.298611
2017-11-02,53.459194
2017-11-03,53.375084
2017-11-06,53.451553
2017-11-07,53.252724
2017-11-08,53.428604
2017-11-09,53.122723
2017-11-10,52.977428
2017-11-13,52.755676
2017-11-14,52.717442
2017-11-15,52.465092
2017-11-16,52.885670
2017-11-17,52.694496
2017-11-20,52.809193
2017-11-21,53.206844
2017-11-22,53.352142
2017-11-24,53.788002
2017-11-27,53.466831
2017-11-28,53.772709
2017-11-29,53.558601
2017-11-30,53.612137
2017-12-01,53.398014
2017-12-04,53.206844
2017-12-05,53.092144
2017-12-06,52.985073
2017-12-07,53.122723
2017-12-08,53.405647
2017-12-11,53.543301
2017-12-12,53.612137
2017-12-13,53.818581
2017-12-14,53.520374
2017-12-15,53.505077
2017-12-18,54.139755
2017-12-19,53.941154
2017-12-20,53.848408
2017-12-21,54.041607
2017-12-22,54.180725
2017-12-26,54.165264
2017-12-27,54.265724
2017-12-28,54.296642
2017-12-29,54.335281
2018-01-02,54.737137
2018-01-03,54.999897
2018-01-04,55.602661
2018-01-05,55.911781
2018-01-08,55.896332
2018-01-09,55.958145
2018-01-10,55.849953
2018-01-11,56.236347
2018-01-12,56.800495
2018-01-16,56.746403
2018-01-17,57.040062
2018-01-18,56.970505
2018-01-19,57.287346
2018-01-22,57.581024
2018-01-23,57.766491
2018-01-24,57.866940
2018-01-25,57.642838
2018-01-26,58.152901
2018-01-29,57.619652
2018-01-30,57.140530
2018-01-31,57.063248
2018-02-01,57.225533
2018-02-02,56.066341
2018-02-05,53.717041
2018-02-06,54.775768
2018-02-07,54.196171
2018-02-08,52.781956
2018-02-09,53.006058
2018-02-12,53.817501
2018-02-13,53.655220
2018-02-14,54.605762
2018-02-15,54.945778
2018-02-16,55.193081
2018-02-20,54.675304
2018-02-21,54.412560
2018-02-22,54.698486
2018-02-23,55.131260
2018-02-26,55.649036
2018-02-27,54.822144
2018-02-28,54.304367
2018-03-01,53.392456
2018-03-02,53.647484
2018-03-05,53.933418
2018-03-06,54.250275
2018-03-07,54.234818
2018-03-08,54.350731
2018-03-09,54.698486
2018-03-12,54.760311
2018-03-13,54.397106
2018-03-14,54.528473
2018-03-15,54.497570
2018-03-16,54.458927
2018-03-19,54.018444
2018-03-20,54.010704
2018-03-21,54.095715
2018-03-22,53.091072
2018-03-23,52.503742
2018-03-26,53.446556
2018-03-27,53.052444
2018-03-28,53.361565
2018-03-29,53.848408
2018-04-02,53.106533
2018-04-03,53.446556
2018-04-04,53.632034
2018-04-05,53.987534
2018-04-06,53.632034
2018-04-09,54.072533
2018-04-10,54.652130
2018-04-11,54.443462
2018-04-12,54.652130
2018-04-13,54.706223
2018-04-16,54.791225
2018-04-17,55.038528
2018-04-18,55.324455
2018-04-19,55.115803
2018-04-20,54.907143
2018-04-23,54.837597
2018-04-24,54.613483
2018-04-25,54.520752
2018-04-26,54.791225
2018-04-27,54.845329
2018-04-30,54.667576
2018-05-01,54.474380
2018-05-02,54.451191
2018-05-03,54.621223
2018-05-04,54.814411
2018-05-07,54.822144
2018-05-08,54.829857
2018-05-09,54.961246
2018-05-10,55.316723
2018-05-11,55.463551
2018-05-14,55.564022
2018-05-15,55.162155
2018-05-16,55.239445
2018-05-17,55.324455
2018-05-18,55.123531
2018-05-21,55.471283
2018-05-22,55.401733
2018-05-23,54.791225
2018-05-24,54.621223
2018-05-25,54.265724
2018-05-29,53.160625
2018-05-30,53.972046
2018-05-31,53.632034
2018-06-01,54.095715
2018-06-04,54.258003
2018-06-05,54.172997
2018-06-06,54.659855
2018-06-07,54.350731
2018-06-08,54.412560
2018-06-11,54.760311
2018-06-12,54.412560
2018-06-13,54.489841
2018-06-14,54.373917
2018-06-15,54.095715
2018-06-18,53.709312
2018-06-19,53.215931
2018-06-20,53.255329
2018-06-21,52.877018
2018-06-22,53.436623
2018-06-25,52.695751
2018-06-26,52.790333
2018-06-27,52.293793
2018-06-28,52.490833
2018-06-29,52.782448
2018-07-02,52.301678
2018-07-03,52.459305
2018-07-05,52.979481
2018-07-06,53.263226
2018-07-09,53.775532
2018-07-10,53.751873
2018-07-11,52.853367
2018-07-12,53.263226
2018-07-13,53.428726
2018-07-16,53.405087
2018-07-17,53.499657
2018-07-18,53.507538
2018-07-19,53.397205
2018-07-20,53.649414
2018-07-23,53.649414
2018-07-24,53.964664
2018-07-25,54.366634
2018-07-26,54.122307
2018-07-27,54.224770
2018-07-30,54.216881
2018-07-31,54.287815
2018-08-01,54.011959
2018-08-02,53.657295
2018-08-03,53.688820
2018-08-06,53.460258
2018-08-07,53.877975
2018-08-08,53.830688
2018-08-09,53.673054
2018-08-10,52.601170
2018-08-13,52.412010
2018-08-14,52.404140
2018-08-15,51.647511
2018-08-16,52.010056
2018-08-17,52.317440
2018-08-20,52.601170
2018-08-21,52.924301
2018-08-22,53.129238
2018-08-23,52.750916
2018-08-24,53.058300
2018-08-27,53.767632
2018-08-28,53.720345
2018-08-29,54.011959
2018-08-30,53.499657
2018-08-31,53.074055
2018-09-04,52.624813
2018-09-05,52.144047
2018-09-06,51.986416
2018-09-07,51.568699
2018-09-10,51.883961
2018-09-11,51.931232
2018-09-12,52.151932
2018-09-13,52.538124
2018-09-14,52.616940
2018-09-17,52.664223
2018-09-18,53.215931
2018-09-19,53.405087
2018-09-20,54.067127
2018-09-21,54.090775
2018-09-24,53.846455
2018-09-25,54.114422
2018-09-26,54.138069
2018-09-27,54.027737
2018-09-28,53.586353
2018-10-01,53.649414
2018-10-02,53.373558
2018-10-03,53.278976
2018-10-04,52.656334
2018-10-05,52.341084
2018-10-08,52.088867
2018-10-09,51.954891
2018-10-10,50.851471
2018-10-11,50.142147
2018-10-12,50.323410
2018-10-15,50.205189
2018-10-16,51.064281
2018-10-17,50.772652
2018-10-18,49.952984
2018-10-19,50.236721
2018-10-22,50.016037
2018-10-23,49.543152
2018-10-24,48.140244
2018-10-25,48.747120
2018-10-26,48.416092
2018-10-29,48.282104
2018-10-30,48.865337
2018-10-31,49.227886
2018-11-01,49.858410
2018-11-02,49.929340
2018-11-05,49.929340
2018-11-06,50.134262
2018-11-07,50.804184
2018-11-08,50.307655
2018-11-09,49.976635
2018-11-12,49.156956
2018-11-13,49.369751
2018-11-14,49.409161
2018-11-15,49.566795
2018-11-16,49.621960
2018-11-19,49.188480
2018-11-20,48.337273
2018-11-21,49.015083
2018-11-23,48.691944
2018-11-26,49.424931
2018-11-27,49.235767
2018-11-28,49.937225
2018-11-29,49.685013
2018-11-30,49.472214
2018-12-03,50.126377
2018-12-04,48.825932
2018-12-06,48.368801
2018-12-07,47.880146
2018-12-10,47.509720
2018-12-11,47.659473
2018-12-12,48.360924
2018-12-13,48.274227
2018-12-14,47.651592
2018-12-17,47.273270
2018-12-18,47.311520
2018-12-19,46.857433
2018-12-20,46.666245
2018-12-21,45.853691
2018-12-24,45.319950
2018-12-26,46.371490
2018-12-27,46.506927
2018-12-28,46.753872
2018-12-31,46.825565
2019-01-02,46.729969
2019-01-03,46.307762
2019-01-04,47.725754
2019-01-07,47.908985
2019-01-08,48.219662
2019-01-09,48.761368
2019-01-10,48.952560
2019-01-11,48.617973
2019-01-14,48.394920
2019-01-15,48.649837
2019-01-16,48.785271
2019-01-17,48.960518
2019-01-18,49.454430
2019-01-22,48.689671
2019-01-23,48.912724
2019-01-24,48.968491
2019-01-25,49.526134
2019-01-28,49.255272
2019-01-29,49.366810
2019-01-30,49.908504
2019-01-31,49.932404
2019-02-01,49.916470
2019-02-04,50.099689
2019-02-05,50.490040
2019-02-06,50.235126
2019-02-07,49.565956
2019-02-08,49.406635
2019-02-11,49.358833
2019-02-12,49.932404
2019-02-13,49.940376
2019-02-14,49.956306
2019-02-15,50.681236
2019-02-19,50.872421
2019-02-20,51.015808
2019-02-21,50.912258
2019-02-22,51.079548
2019-02-25,51.230892
2019-02-26,51.477856
2019-02-27,51.270729
2019-02-28,51.199036
2019-03-01,51.477856
2019-03-04,51.286663
2019-03-05,51.334465
2019-03-06,51.207001
2019-03-07,50.553780
2019-03-08,50.561737
2019-03-11,50.999882
2019-03-12,50.968014
2019-03-13,51.406155
2019-03-14,51.398186
2019-03-15,51.955833
2019-03-18,52.139053
2019-03-19,52.242619
2019-03-20,52.266518
2019-03-21,52.234650
2019-03-22,51.230892
2019-03-25,51.302601
2019-03-26,51.557522
2019-03-27,51.581409
2019-03-28,51.453953
2019-03-29,51.669041
2019-04-01,52.330242
2019-04-02,52.346172
2019-04-03,52.752453
2019-04-04,52.640930
2019-04-05,52.776352
2019-04-08,52.808216
2019-04-09,52.473633
2019-04-10,52.672791
2019-04-11,52.561272
2019-04-12,52.927715
2019-04-15,52.951614
2019-04-16,52.991436
2019-04-17,53.142807
2019-04-18,53.110931
2019-04-22,53.023308
2019-04-23,53.126873
2019-04-24,52.760422
2019-04-25,52.720589
2019-04-26,52.935669
2019-04-29,53.150768
2019-04-30,53.182636
2019-05-01,52.879917
2019-05-02,52.800247
2019-05-03,53.365856
2019-05-06,52.760422
2019-05-07,51.836342
2019-05-08,51.900074
2019-05-09,51.661076
2019-05-10,52.043457
2019-05-13,50.832592
2019-05-14,51.342426
2019-05-15,51.525658
2019-05-16,51.939892
2019-05-17,51.597351
2019-05-20,51.390224
2019-05-21,51.732773
2019-05-22,51.525658
2019-05-23,51.055641
2019-05-24,51.605309
2019-05-28,51.103443
2019-05-29,50.776825
2019-05-30,50.968014
2019-05-31,50.505981
2019-06-03,50.800716
2019-06-04,51.382256
2019-06-05,51.366329
2019-06-06,51.573452
2019-06-07,52.226681
2019-06-10,52.370079
2019-06-11,52.632961
2019-06-12,52.242619
2019-06-13,52.290417
2019-06-14,51.908035
2019-06-17,51.945473
2019-06-18,52.637211
2019-06-19,52.962730
2019-06-20,53.426609
2019-06-21,53.198742
2019-06-24,53.312672
2019-06-25,52.995293
2019-06-26,53.060383
2019-06-27,53.190590
2019-06-28,53.491711
2019-07-01,53.743988
2019-07-02,53.898613
2019-07-03,54.264820
2019-07-05,53.849785
2019-07-08,53.540535
2019-07-09,53.312672
2019-07-10,53.499855
2019-07-11,53.483570
2019-07-12,53.548679
2019-07-15,53.597500
2019-07-16,53.377773
2019-07-17,53.304523
2019-07-18,53.467293
2019-07-19,53.312672
2019-07-22,53.369637
2019-07-23,53.703300
2019-07-24,53.743988
2019-07-25,53.198742
2019-07-26,53.304523
2019-07-29,53.418468
2019-07-30,52.799965
2019-07-31,52.450024
2019-08-01,52.303547
2019-08-02,51.839676
2019-08-05,50.545712
2019-08-06,50.887524
2019-08-07,51.082832
2019-08-08,51.579250
2019-08-09,51.221176
2019-08-12,50.814274
2019-08-13,51.294418
2019-08-14,49.886528
2019-08-15,50.057430
2019-08-16,50.659649
2019-08-19,50.968906
2019-08-20,50.797997
2019-08-21,51.156071
2019-08-22,51.058422
2019-08-23,50.423649
2019-08-26,50.838688
2019-08-27,50.797997
2019-08-28,50.797997
2019-08-29,51.237461
2019-08-30,51.440910
2019-09-03,51.343258
2019-09-04,52.067532
2019-09-05,52.344238
2019-09-06,52.515133
2019-09-09,52.669762
2019-09-10,52.759281
2019-09-11,53.052258
2019-09-12,53.361500
2019-09-13,53.662601
2019-09-16,53.182461
2019-09-17,53.361500
2019-09-18,53.296394
2019-09-19,53.475426
2019-09-20,53.353355
2019-09-23,53.215008
2019-09-24,53.011555
2019-09-25,52.856930
2019-09-26,53.052258
2019-09-27,52.873211
2019-09-30,53.068527
2019-10-01,52.547691
2019-10-02,51.473461
2019-10-03,51.815258
2019-10-04,52.222157
2019-10-07,52.157051
2019-10-08,51.668774
2019-10-09,52.043129
2019-10-10,52.409344
2019-10-11,53.345226
2019-10-14,53.125492
2019-10-15,53.743988
2019-10-16,53.825371
2019-10-17,53.955578
2019-10-18,53.931168
2019-10-21,54.224129
2019-10-22,54.093933
2019-10-23,54.386898
2019-10-24,54.484554
2019-10-25,54.541515
2019-10-28,54.785660
2019-10-29,54.769394
2019-10-30,54.997253
2019-10-31,54.867043
2019-11-01,55.355335
2019-11-04,55.640163
2019-11-05,55.534370
2019-11-06,55.509956
2019-11-07,55.680862
2019-11-08,55.648296
2019-11-11,55.575066
2019-11-12,55.599480
2019-11-13,55.404160
2019-11-14,55.249527
2019-11-15,55.599480
2019-11-18,55.664581
2019-11-19,55.591335
2019-11-20,55.241398
2019-11-21,55.168152
2019-11-22,55.322777
2019-11-25,55.762238
2019-11-26,55.729691
2019-11-27,55.876171
2019-11-29,55.485554
2019-12-02,55.200706
2019-12-03,54.997253
2019-12-04,55.501823
2019-12-05,55.396019
2019-12-06,55.900581
2019-12-09,55.607616
2019-12-10,55.632023
2019-12-11,55.924995
2019-12-12,56.299355
2019-12-13,56.689972
2019-12-16,57.295700
2019-12-17,56.966511
2019-12-18,56.892422
2019-12-19,56.892422
2019-12-20,56.933586
2019-12-23,57.024101
2019-12-24,56.966511
2019-12-26,57.213390
2019-12-27,57.312145
2019-12-30,56.884209
2019-12-31,57.147556
2020-01-02,57.723644
2020-01-03,57.007648
2020-01-06,57.229855
2020-01-07,57.073490
2020-01-08,57.238087
2020-01-09,57.369759
2020-01-10,57.155773
2020-01-13,57.452042
2020-01-14,57.509663
2020-01-15,57.509663
2020-01-16,57.748333
2020-01-17,57.921139
2020-01-21,57.460289
2020-01-22,57.575508
2020-01-23,57.435600
2020-01-24,57.188698
2020-01-27,56.003620
2020-01-28,56.530323
2020-01-29,56.538555
2020-01-30,56.489170
2020-01-31,55.534527
2020-02-03,55.666199
2020-02-04,56.596153
2020-02-05,57.139324
2020-02-06,57.295700
2020-02-07,56.752522
2020-02-10,56.867744
2020-02-11,57.254543
2020-02-12,57.452042
2020-02-13,57.048798
2020-02-14,56.950047
2020-02-18,56.587933
2020-02-19,56.777218
2020-02-20,56.439796
2020-02-21,56.176441
2020-02-24,53.929710
2020-02-25,53.040890
2020-02-26,53.106731
2020-02-27,51.534855
2020-02-28,51.222126
2020-03-02,51.880497
2020-03-03,51.460781
2020-03-04,52.999748
2020-03-05,51.592461
2020-03-06,50.818859
2020-03-09,46.876793
2020-03-10,48.605045
2020-03-11,46.127888
2020-03-12,41.058342
2020-03-13,43.543739
2020-03-16,39.050282
2020-03-17,40.951355
2020-03-18,38.605877
2020-03-19,39.206650
2020-03-20,38.721088
2020-03-23,38.268444
2020-03-24,41.510979
2020-03-25,42.860668
2020-03-26,44.778198
2020-03-27,43.502586
2020-03-30,44.383175
2020-03-31,43.996372
2020-04-01,42.045921
2020-04-02,42.868893
2020-04-03,41.889553
2020-04-06,44.111588
2020-04-07,44.358482
2020-04-08,44.720600
2020-04-09,45.732857
2020-04-13,45.296684
2020-04-14,46.103199
2020-04-15,44.662987
2020-04-16,44.687668
2020-04-17,45.872757
2020-04-20,45.189690
2020-04-21,44.309109
2020-04-22,45.058018
2020-04-23,44.918114
2020-04-24,45.436584
2020-04-27,46.037357
2020-04-28,46.383015
2020-04-29,47.543411
2020-04-30,46.555836
2020-05-01,45.543575
2020-05-04,45.527111
2020-05-05,45.609406
2020-05-06,45.313141
2020-05-07,45.996208
2020-05-08,46.778034
2020-05-11,46.736889
2020-05-12,46.144341
2020-05-13,45.790462
2020-05-14,45.354282
2020-05-15,45.395432
2020-05-18,47.230679
2020-05-19,46.580521
2020-05-20,47.551628
2020-05-21,47.000244
2020-05-22,46.868561
2020-05-26,48.210022
2020-05-27,48.794327
2020-05-28,49.255199
2020-05-29,49.082375
2020-06-01,50.176937
2020-06-02,50.646034
2020-06-03,51.855812
2020-06-04,51.633614
2020-06-05,52.522419
2020-06-08,53.205490
2020-06-09,52.514191
2020-06-10,52.398972
2020-06-11,49.592621
2020-06-12,50.448517
2020-06-15,50.655510
2020-06-16,51.281506
2020-06-17,51.473476
2020-06-18,51.198036
2020-06-19,50.947643
2020-06-22,51.556950
2020-06-23,51.840729
2020-06-24,50.513622
2020-06-25,51.231430
2020-06-26,50.488586
2020-06-29,50.897564
2020-06-30,50.805748
2020-07-01,50.997723
2020-07-02,51.556950
2020-07-06,52.399944
2020-07-07,51.632057
2020-07-08,52.066090
2020-07-09,51.473476
2020-07-10,52.024353
2020-07-13,51.690495
2020-07-14,52.450039
2020-07-15,53.042637
2020-07-16,52.700428
2020-07-17,53.009254
2020-07-20,53.268002
2020-07-21,53.376503
2020-07-22,53.518398
2020-07-23,53.092716
2020-07-24,52.800587
2020-07-27,53.493351
2020-07-28,53.151146
2020-07-29,53.710369
2020-07-30,52.917450
2020-07-31,51.790649
2020-08-03,52.800587
2020-08-04,53.092716
2020-08-05,53.268002
2020-08-06,53.326424
2020-08-07,53.109413
2020-08-10,53.284687
2020-08-11,53.476665
2020-08-12,54.661880
2020-08-13,54.419823
2020-08-14,54.085964
2020-08-17,54.494953
2020-08-18,54.461563
2020-08-19,54.219513
2020-08-20,54.044228
2020-08-21,53.768787
2020-08-24,54.478256
2020-08-25,54.511639
2020-08-26,54.828812
2020-08-27,54.269581
2020-08-28,54.653538
2020-08-31,54.236206
2020-09-01,54.294632
2020-09-02,55.020790
2020-09-03,53.777134
2020-09-04,53.852257
2020-09-08,53.192875
2020-09-09,54.186119
2020-09-10,53.551788
2020-09-11,54.085964
2020-09-14,54.378098
2020-09-15,54.728649
2020-09-16,54.728649
2020-09-17,54.803783
2020-09-18,54.361404
2020-09-21,52.984215
2020-09-22,52.967525
2020-09-23,52.525146
2020-09-24,52.475075
2020-09-25,52.650356
2020-09-28,53.443272
2020-09-29,53.384853
2020-09-30,53.126110
2020-10-01,53.434933
2020-10-02,53.326424
2020-10-05,54.136040
2020-10-06,53.560127
2020-10-07,54.019192
2020-10-08,54.394783
2020-10-09,54.820457
2020-10-12,55.137638
2020-10-13,54.519985
2020-10-14,54.428173
2020-10-15,53.785488
2020-10-16,54.035889
2020-10-19,53.835564
2020-10-20,54.102654
2020-10-21,53.843918
2020-10-22,53.885643
2020-10-23,54.236206
2020-10-26,53.259655
2020-10-27,52.842319
2020-10-28,51.264816
2020-10-29,51.506859
2020-10-30,51.239769
2020-11-02,51.907497
2020-11-03,53.268002
2020-11-04,53.852257
2020-11-05,55.145977
2020-11-06,55.262840
2020-11-09,56.873730
2020-11-10,57.382862
2020-11-11,57.866974
2020-11-12,57.023968
2020-11-13,57.900364
2020-11-16,58.501308
2020-11-17,58.442894
2020-11-18,58.134071
2020-11-19,58.543056
2020-11-20,58.718323
2020-11-23,58.643215
2020-11-24,59.519600
2020-11-25,59.444485
2020-11-27,59.853470
2020-11-30,58.551403
2020-12-01,59.928589
2020-12-02,59.936920
2020-12-03,60.037090
2020-12-04,60.546234
2020-12-07,60.053787
2020-12-08,60.262436
2020-12-09,60.345917
2020-12-10,60.429390
2020-12-11,60.245762
2020-12-14,60.282833
2020-12-15,60.898048
2020-12-16,61.134026
2020-12-17,61.563843
2020-12-18,61.243591
2020-12-21,60.459824
2020-12-22,60.308121
2020-12-23,60.957043
2020-12-24,60.982338
2020-12-28,61.479549
2020-12-29,61.875652
2020-12-30,61.959934
2020-12-31,61.487984
2021-01-04,61.808228
2021-01-05,62.448742
2021-01-06,63.165081
2021-01-07,63.232513
2021-01-08,63.822437
2021-01-11,62.988113
2021-01-12,63.274632
2021-01-13,63.190361
2021-01-14,63.696030
2021-01-15,62.701569
2021-01-19,63.156651
2021-01-20,63.586468
2021-01-21,63.637028
2021-01-22,63.333649
2021-01-25,63.257790
2021-01-26,63.350494
2021-01-27,61.900936
2021-01-28,62.297043
2021-01-29,61.007607
2021-02-01,61.732380
2021-02-02,62.356026
2021-02-03,62.507729
2021-02-04,62.575153
2021-02-05,62.962811
2021-02-08,63.401066
2021-02-09,63.746601
2021-02-10,63.527466
2021-02-11,63.957275
2021-02-12,64.311249
2021-02-16,64.774780
2021-02-17,64.395515
2021-02-18,64.075264
2021-02-19,64.260674
2021-02-22,64.100555
2021-02-23,64.159538
2021-02-24,64.361824
2021-02-25,63.266220
2021-02-26,62.372883
2021-03-01,63.544327
2021-03-02,63.476894
2021-03-03,63.089237
2021-03-04,62.490879
2021-03-05,62.895390
2021-03-08,62.676289
2021-03-09,63.519047
2021-03-10,63.788738
2021-03-11,64.125839
2021-03-12,64.285965
2021-03-15,64.336525
2021-03-16,64.446098
2021-03-17,64.825333
2021-03-18,64.235405
2021-03-19,64.412369
2021-03-22,64.471367
2021-03-23,63.578049
2021-03-24,63.257790
2021-03-25,63.729736
2021-03-26,64.555641
2021-03-29,64.302803
2021-03-30,64.218536
2021-03-31,63.940426
2021-04-01,64.774780
2021-04-05,65.718658
2021-04-06,65.019150
2021-04-07,65.153999
2021-04-08,65.524826
2021-04-09,65.727081
2021-04-12,65.364700
2021-04-13,65.743942
2021-04-14,65.794495
2021-04-15,66.342308
2021-04-16,66.822662
2021-04-19,66.704697
2021-04-20,65.507957
2021-04-21,66.182175
2021-04-22,65.963043
2021-04-23,66.637253
2021-04-26,66.687836
2021-04-27,66.468719
2021-04-28,66.637253
2021-04-29,66.662552
2021-04-30,65.828217
2021-05-03,66.552986
2021-05-04,65.566963
2021-05-05,66.460281
2021-05-06,67.008087
2021-05-07,67.766563
2021-05-10,67.404182
2021-05-11,66.519287
2021-05-12,65.457405
2021-05-13,65.946205
2021-05-14,67.050209
2021-05-17,66.923820
2021-05-18,67.067078
2021-05-19,66.477135
2021-05-20,67.353615
2021-05-21,67.446320
2021-05-24,67.859276
2021-05-25,67.876122
2021-05-26,67.833984
2021-05-27,67.960403
2021-05-28,68.120529
2021-06-01,68.364937
2021-06-02,68.592476
2021-06-03,68.255371
2021-06-04,68.836876
2021-06-07,69.064407
2021-06-08,69.030716
2021-06-09,68.845322
2021-06-10,69.034950
2021-06-11,69.197273
2021-06-14,69.316879
2021-06-15,69.402306
2021-06-16,68.975159
2021-06-17,68.496742
2021-06-18,67.078644
2021-06-21,67.958565
2021-06-22,67.967087
2021-06-23,67.531418
2021-06-24,68.180656
2021-06-25,68.325897
2021-06-28,67.890213
2021-06-29,67.907295
2021-06-30,67.386185
2021-07-01,67.548492
2021-07-02,67.779160
2021-07-06,67.334923
2021-07-07,67.702271
2021-07-08,66.830902
2021-07-09,67.967087
2021-07-12,68.257553
2021-07-13,67.898766
2021-07-14,68.052528
2021-07-15,67.403282
2021-07-16,66.907791
2021-07-19,65.694702
2021-07-20,66.173096
2021-07-21,67.181152
2021-07-22,67.206772
2021-07-23,67.676643
2021-07-26,67.770615
2021-07-27,67.497238
2021-07-28,67.787697
2021-07-29,68.257553
2021-07-30,67.907295
2021-08-02,68.249016
2021-08-03,68.735962
2021-08-04,68.530930
2021-08-05,68.864098
2021-08-06,68.607811
2021-08-09,68.573647
2021-08-10,68.727417
2021-08-11,69.197273
2021-08-12,69.137474
2021-08-13,69.556076
2021-08-16,69.197273
2021-08-17,68.548027
2021-08-18,68.283188
2021-08-19,67.608292
2021-08-20,67.873123
2021-08-23,68.505302
2021-08-24,68.650528
2021-08-25,68.676147
2021-08-26,68.317360
2021-08-27,68.940971
2021-08-30,68.923897
2021-08-31,68.889725
2021-09-01,69.513359
2021-09-02,69.795265
2021-09-03,70.111374
2021-09-07,70.162621
2021-09-08,69.607330
2021-09-09,69.487724
2021-09-10,69.333969
2021-09-13,69.880707
2021-09-14,69.590248
2021-09-15,69.795265
2021-09-16,69.684227
2021-09-17,68.770134
2021-09-20,67.497238
2021-09-21,68.163589
2021-09-22,68.505302
2021-09-23,69.248528
2021-09-24,68.599274
2021-09-27,68.556557
2021-09-28,67.061562
2021-09-29,66.907791
2021-09-30,66.642960
2021-10-01,66.805267
2021-10-04,66.104752
2021-10-05,66.557526
2021-10-06,66.113304
2021-10-07,66.625862
2021-10-08,66.617325
2021-10-11,66.403748
2021-10-12,66.437912
2021-10-13,67.095726
2021-10-14,67.762077
2021-10-15,68.325897
2021-10-18,68.035446
2021-10-19,68.445503
2021-10-20,68.684708
2021-10-21,68.360077
2021-10-22,68.770134
2021-10-25,68.633453
2021-10-26,68.770134
2021-10-27,68.496742
2021-10-28,69.163094
2021-10-29,68.761581
2021-11-01,69.427940
2021-11-02,69.282692
2021-11-03,69.846535
2021-11-04,69.803825
2021-11-05,69.906326
2021-11-08,69.897797
2021-11-09,69.744003
2021-11-10,68.898277
2021-11-11,69.146019
2021-11-12,69.521896
2021-11-15,69.393753
2021-11-16,69.239990
2021-11-17,69.154564
2021-11-18,69.222908
2021-11-19,68.633453
2021-11-22,68.231926
2021-11-23,68.163589
2021-11-24,67.710808
2021-11-26,65.891174
2021-11-29,66.224365
2021-11-30,65.643425
2021-12-01,65.267555
2021-12-02,66.079117
2021-12-03,65.805748
2021-12-06,66.437912
2021-12-07,67.838966
2021-12-08,67.967087
2021-12-09,67.403282
2021-12-10,67.548492
2021-12-13,66.915764
2021-12-14,66.559410
2021-12-15,67.463333
2021-12-16,67.472000
2021-12-17,66.620247
2021-12-20,66.472504
2021-12-21,67.211266
2021-12-22,67.837059
2021-12-23,68.236877
2021-12-27,68.767052
2021-12-28,68.793129
2021-12-29,68.767052
2021-12-30,68.586761
2021-12-31,68.525810
2022-01-03,68.969986
2022-01-04,69.361900
2022-01-05,68.752235
2022-01-06,68.403854
2022-01-07,68.604172
2022-01-10,67.968391
2022-01-11,68.708694
2022-01-12,69.379318
2022-01-13,68.874176
2022-01-14,68.804512
2022-01-18,67.794197
2022-01-19,67.733238
2022-01-20,67.402283
2022-01-21,66.487793
2022-01-24,65.825874
2022-01-25,65.425247
2022-01-26,65.172661
2022-01-27,64.867836
2022-01-28,65.085571
2022-01-31,66.034904
2022-02-01,66.661972
2022-02-02,67.158417
2022-02-03,66.095871
2022-02-04,66.252632
2022-02-07,66.365852
2022-02-08,66.705528
2022-02-09,67.785500
2022-02-10,66.923264
2022-02-11,65.912964
2022-02-14,65.486206
2022-02-15,66.688103
2022-02-16,66.940681
2022-02-17,65.860718
2022-02-18,65.582016
2022-02-22,64.815582
2022-02-23,64.284294
2022-02-24,63.422066
2022-02-25,65.007187
2022-02-28,63.770435
2022-03-01,62.376934
2022-03-02,63.160778
2022-03-03,61.915340
2022-03-04,60.121197
2022-03-07,58.213829
2022-03-08,58.718975
2022-03-09,61.175034
2022-03-10,60.443451
2022-03-11,59.790245
2022-03-14,60.338928
2022-03-15,60.913754
2022-03-16,63.099812
2022-03-17,63.631107
2022-03-18,64.249458
2022-03-21,63.848835
2022-03-22,64.449776
2022-03-23,63.613678
2022-03-24,64.205925
2022-03-25,64.240753
2022-03-28,64.031731
2022-03-29,65.451378
2022-03-30,65.181381
2022-03-31,64.101410
2022-04-01,64.702354
2022-04-04,64.963638
2022-04-05,64.083992
2022-04-06,63.317551
2022-04-07,63.456917
2022-04-08,63.483032
2022-04-11,62.812412
2022-04-12,62.342102
2022-04-13,63.012718
2022-04-14,62.725311
2022-04-18,62.359512
2022-04-19,62.655640
2022-04-20,63.073681
2022-04-21,62.394363
2022-04-22,61.375355
2022-04-25,61.079224
2022-04-26,59.372181
2022-04-27,59.642181
2022-04-28,60.486988
2022-04-29,59.781525
2022-05-02,59.633461
2022-05-03,60.077656
2022-05-04,61.131489
2022-05-05,59.163166
2022-05-06,58.588345
2022-05-09,56.820320
2022-05-10,57.247093
2022-05-11,56.907413
2022-05-12,56.768074
2022-05-13,58.344471
2022-05-16,58.396732
2022-05-17,59.485413
2022-05-18,58.065762
2022-05-19,58.623165
2022-05-20,59.023804
2022-05-23,60.025394
2022-05-24,59.929577
2022-05-25,59.947018
2022-05-26,60.608913
2022-05-27,61.340523
2022-05-31,60.974728
2022-06-01,60.330215
2022-06-02,61.584377
2022-06-03,60.704735
2022-06-06,60.948597
2022-06-07,61.131489
2022-06-08,60.277973
2022-06-09,59.012085
2022-06-10,57.587746
2022-06-13,55.682697
2022-06-14,55.157471
2022-06-15,56.190113
2022-06-16,54.952721
2022-06-17,54.730167
2022-06-21,55.558071
2022-06-22,55.184181
2022-06-23,55.121861
2022-06-24,56.768749
2022-06-27,56.528393
2022-06-28,56.145603
2022-06-29,55.931961
2022-06-30,55.629288
2022-07-01,55.762817
2022-07-05,54.569935
2022-07-06,54.614441
2022-07-07,55.442341
2022-07-08,55.504650
2022-07-11,54.605537
2022-07-12,54.596645
2022-07-13,54.569935
2022-07-14,53.804348
2022-07-15,54.658958
2022-07-18,54.881508
2022-07-19,56.377060
2022-07-20,56.003174
2022-07-21,56.581810
2022-07-22,56.439381
2022-07-25,56.875576
2022-07-26,56.083290
2022-07-27,57.409698
2022-07-28,57.703476
2022-07-29,58.504665
2022-08-01,58.584782
2022-08-02,57.650063
2022-08-03,57.988338
2022-08-04,58.282116
2022-08-05,57.872623
2022-08-08,58.006153
2022-08-09,57.694572
2022-08-10,58.994282
2022-08-11,58.976482
2022-08-12,59.430489
2022-08-15,59.074402
2022-08-16,59.056591
2022-08-17,58.584782
2022-08-18,58.388939
2022-08-19,57.587746
2022-08-22,56.608517
2022-08-23,56.635227
2022-08-24,56.706436
2022-08-25,57.329590
2022-08-26,55.825130
2022-08-29,55.700504
2022-08-30,55.299904
2022-08-31,54.926018
2022-09-01,54.187138
2022-09-02,53.831062
2022-09-06,53.697529
2022-09-07,54.169338
2022-09-08,54.204952
2022-09-09,55.584782
2022-09-12,56.359257
2022-09-13,54.400799
2022-09-14,54.578835
2022-09-15,54.098122
2022-09-16,53.768745
2022-09-19,53.955688
2022-09-20,53.038776
2022-09-21,52.344406
2022-09-22,52.193073
2022-09-23,50.528374
2022-09-26,49.780602
2022-09-27,49.442326
2022-09-28,50.635204
2022-09-29,50.038761
2022-09-30,49.860710
2022-10-03,50.848850
2022-10-04,52.887432
2022-10-05,52.326603
2022-10-06,51.409683
2022-10-07,50.590694
2022-10-10,50.305824
2022-10-11,49.753895
2022-10-12,49.593651
2022-10-13,50.617401
2022-10-14,49.860710
2022-10-17,51.089211
2022-10-18,51.454193
2022-10-19,50.822147
2022-10-20,50.706417
2022-10-21,51.623337
2022-10-24,51.632236
2022-10-25,52.771706
2022-10-26,53.270222
2022-10-27,52.771706
2022-10-28,53.296936
2022-10-31,52.798420
2022-11-01,53.216812
2022-11-02,52.442326
2022-11-03,51.997227
2022-11-04,54.080315
2022-11-07,54.249454
2022-11-08,54.863708
2022-11-09,54.098122
2022-11-10,57.133739
2022-11-11,58.273209
2022-11-14,57.658966
2022-11-15,58.041748
2022-11-16,57.908226
2022-11-17,57.881512
2022-11-18,57.997250
2022-11-21,57.561050
2022-11-22,58.362232
2022-11-23,59.003185
2022-11-25,59.305859
2022-11-28,58.540279
2022-11-29,58.709412
2022-11-30,59.750961
2022-12-01,60.329601
2022-12-02,60.285091
2022-12-05,59.492802
2022-12-06,59.225735
2022-12-07,59.225735
2022-12-08,59.528412
2022-12-09,59.564018
2022-12-12,59.742062
2022-12-13,60.589359
2022-12-14,60.535740
2022-12-15,58.989494
2022-12-16,58.471107
2022-12-19,58.328106
2022-12-20,58.560482
2022-12-21,59.168247
2022-12-22,58.685616
2022-12-23,58.891178
2022-12-27,58.980560
2022-12-28,58.354919
2022-12-29,59.275501
2022-12-30,58.667736
2023-01-03,59.186127
2023-01-04,59.972652
2023-01-05,59.373821
2023-01-06,60.893250
2023-01-09,61.152447
2023-01-10,61.331192
2023-01-11,61.795967
2023-01-12,62.707626
2023-01-13,63.038319
2023-01-17,63.234955
2023-01-18,63.011505
2023-01-19,62.913197
2023-01-20,63.467335
2023-01-23,63.726543
2023-01-24,63.646088
2023-01-25,64.066177
2023-01-26,64.119804
2023-01-27,63.994663
2023-01-30,63.583523
2023-01-31,63.949982
2023-02-01,64.522011
2023-02-02,64.432617
2023-02-03,63.833786
2023-02-06,63.181332
2023-02-07,63.717590
2023-02-08,63.324333
2023-02-09,63.440536
2023-02-10,63.163452
2023-02-13,63.798035
2023-02-14,63.914223
2023-02-15,63.628220
2023-02-16,63.315388
2023-02-17,63.476273
2023-02-21,62.779129
2023-02-22,62.430553
2023-02-23,62.752319
2023-02-24,61.706589
2023-02-27,62.439491
2023-02-28,61.983665
2023-03-01,62.314362
2023-03-02,62.439491
2023-03-03,63.351139
2023-03-06,63.190258
2023-03-07,62.135605
2023-03-08,62.475239
2023-03-09,62.019417
2023-03-10,61.358013
2023-03-13,60.937939
2023-03-14,61.751278
2023-03-15,59.838589
2023-03-16,60.768120
2023-03-17,60.044159
2023-03-20,60.982635
2023-03-21,61.903225
2023-03-22,61.688709
2023-03-23,61.697651
2023-03-24,61.509953
2023-03-27,62.090908
2023-03-28,62.117729
2023-03-29,62.868496
2023-03-30,63.601398
2023-03-31,63.923164
2023-04-03,64.432617
2023-04-04,64.441551
2023-04-05,63.994663
2023-04-06,64.298546
2023-04-10,64.253868
2023-04-11,64.468369
2023-04-12,64.879509
2023-04-13,65.710724
2023-04-14,65.442589
2023-04-17,65.326393
2023-04-18,65.683907
2023-04-19,65.478340
2023-04-20,65.478340
2023-04-21,65.809036
2023-04-24,65.978859
2023-04-25,65.058266
2023-04-26,65.013557
2023-04-27,65.826912
2023-04-28,65.800110
2023-05-01,65.701790
2023-05-02,65.040390
2023-05-03,65.210205
2023-05-04,65.076141
2023-05-05,66.032486
2023-05-08,66.050362
2023-05-09,65.782227
2023-05-10,65.648155
2023-05-11,65.487282
2023-05-12,65.371094
2023-05-15,65.871597
2023-05-16,65.245956
2023-05-17,65.549850
2023-05-18,65.451530
2023-05-19,65.835861
2023-05-22,65.853729
2023-05-23,64.888443
2023-05-24,63.941048
2023-05-25,63.851662
2023-05-26,64.477310
2023-05-30,63.824852
2023-05-31,63.163452
2023-06-01,64.101906
2023-06-02,64.933151
2023-06-05,64.557747
2023-06-06,65.094017
2023-06-07,64.521523
2023-06-08,65.204147
2023-06-09,65.094933
2023-06-12,65.377083
2023-06-13,65.995995
2023-06-14,66.241730
2023-06-15,66.942558
2023-06-16,66.796928
2023-06-20,65.914070
2023-06-21,66.014183
2023-06-22,65.604622
2023-06-23,64.585236
2023-06-26,64.667145
2023-06-27,65.231445
2023-06-28,65.276947
2023-06-29,65.185951
2023-06-30,65.986885
2023-07-03,65.914070
2023-07-05,65.176849
2023-07-06,64.048256
2023-07-07,64.530624
2023-07-10,64.712654
2023-07-11,65.295166
2023-07-12,66.542084
2023-07-13,67.606979
2023-07-14,67.224716
2023-07-17,67.142799
2023-07-18,67.579674
2023-07-19,67.543266
2023-07-20,67.197411
2023-07-21,67.333931
2023-07-24,67.170097
2023-07-25,67.242912
2023-07-26,67.424957
2023-07-27,67.270218
2023-07-28,67.752602
2023-07-31,67.770813
2023-08-01,66.924362
2023-08-02,65.677437
2023-08-03,65.495399
2023-08-04,65.677437
2023-08-07,66.232635
2023-08-08,65.832161
2023-08-09,65.813957
2023-08-10,66.096115
2023-08-11,65.650131
2023-08-14,65.358871
2023-08-15,64.548828
2023-08-16,64.020927
2023-08-17,63.565838
2023-08-18,63.565838
2023-08-21,63.802486
2023-08-22,63.684166
2023-08-23,64.375900
2023-08-24,63.493046
2023-08-25,63.920815
2023-08-28,64.594345
2023-08-29,65.395271
2023-08-30,65.358871
2023-08-31,65.104027
2023-09-01,65.067627
2023-09-05,64.503326
2023-09-06,64.366806
2023-09-07,64.157455
2023-09-08,64.066444
2023-09-11,64.730865
2023-09-12,64.466911
2023-09-13,64.266685
2023-09-14,65.113136
2023-09-15,64.967499
2023-09-18,64.739960
2023-09-19,64.794571
2023-09-20,64.639847
2023-09-21,63.565838
2023-09-22,63.620468
2023-09-25,63.338303
2023-09-26,62.519161
2023-09-27,62.400829
2023-09-28,62.910530
2023-09-29,62.728500
2023-10-02,61.809238
2023-10-03,61.035591
2023-10-04,61.144817
2023-10-05,61.681816
2023-10-06,62.364433
2023-10-09,62.273418
2023-10-10,63.128971
2023-10-11,63.392929
2023-10-12,62.865025
2023-10-13,62.282520
2023-10-16,62.737606
2023-10-17,62.773998
2023-10-18,61.681816
2023-10-19,61.135715
2023-10-20,60.589619
2023-10-23,60.635124
2023-10-24,60.980980
2023-10-25,60.544109
2023-10-26,60.107227
2023-10-27,59.925190
2023-10-30,60.689728
2023-10-31,60.908180
2023-11-01,61.481583
2023-11-02,62.737606
2023-11-03,63.402023
2023-11-06,63.083466
2023-11-07,62.701202
2023-11-08,62.619289
2023-11-09,62.610184
2023-11-10,62.892323
2023-11-13,63.056152
2023-11-14,64.667145
2023-11-15,64.567032
2023-11-16,64.521523
2023-11-17,65.395271
2023-11-20,65.641029
2023-11-21,65.386185
2023-11-22,65.540901
2023-11-24,66.041496
2023-11-27,65.813957
2023-11-28,65.832161
2023-11-29,65.968681
2023-11-30,65.914070
2023-12-01,66.605804
2023-12-04,66.087013
2023-12-05,65.850365
2023-12-06,66.050591
2023-12-07,66.369156
2023-12-08,66.569389
2023-12-11,66.733223
2023-12-12,66.851540
2023-12-13,67.825417
2023-12-14,68.326004
2023-12-15,67.661591
2023-12-18,67.825417
2023-12-19,68.398827
2023-12-20,67.708557
2023-12-21,68.805237
2023-12-22,68.869759
2023-12-26,69.183083
2023-12-27,69.551720
2023-12-28,69.367401
2023-12-29,69.441124
2024-01-02,68.667000
2024-01-03,68.150917
2024-01-04,68.307594
2024-01-05,68.353661
2024-01-08,69.081711
2024-01-09,68.464256
2024-01-10,68.906609
2024-01-11,68.897392
2024-01-12,69.183083
2024-01-16,68.021896
2024-01-17,67.376785
2024-01-18,67.975822
2024-01-19,68.132484
2024-01-22,68.344444
2024-01-23,68.150917
2024-01-24,68.667000
2024-01-25,68.860519
2024-01-26,69.164658
2024-01-29,69.570152
2024-01-30,69.477997
2024-01-31,69.127792
2024-02-01,69.809769
2024-02-02,69.256813
2024-02-05,68.888191
2024-02-06,69.312103
2024-02-07,69.275230
2024-02-08,69.155434
2024-02-09,69.395050
2024-02-12,69.514847
2024-02-13,68.445824
2024-02-14,69.210739
2024-02-15,69.994072
2024-02-16,70.104668
2024-02-20,70.390350
2024-02-21,70.445656
2024-02-22,71.238213
2024-02-23,71.330368
2024-02-26,71.228989
2024-02-27,71.422523
2024-02-28,71.007820
2024-02-29,71.192131
2024-03-01,71.883324
2024-03-04,71.699005
2024-03-05,71.569969
2024-03-06,72.417839
2024-03-07,73.274910
2024-03-08,73.035301
2024-03-11,72.620590
2024-03-12,73.201180
2024-03-13,73.210396
2024-03-14,72.675880
2024-03-15,72.703529
2024-03-18,72.685104
2024-03-19,72.814110
2024-03-20,73.588242
2024-03-21,73.551376
2024-03-22,73.394707
2024-03-25,73.238045
2024-03-26,73.320984
2024-03-27,73.763344
2024-03-28,73.597466
2024-04-01,73.284119
2024-04-02,72.768036
2024-04-03,73.173538
2024-04-04,72.546860
2024-04-05,72.777252
2024-04-08,73.136665
2024-04-09,73.127449
2024-04-10,72.159790
2024-04-11,72.353325
2024-04-12,71.182922
2024-04-15,70.970955
2024-04-16,70.270561
2024-04-17,70.316635
2024-04-18,70.123100
2024-04-19,70.150749
2024-04-22,70.970955
2024-04-23,71.745079
2024-04-24,71.606842
2024-04-25,71.275078
2024-04-26,71.846458
2024-04-29,72.122932
2024-04-30,71.210564
2024-05-01,71.053886
2024-05-02,72.012337
2024-05-03,72.731163
2024-05-06,73.228821
2024-05-07,73.422363
2024-05-08,73.339417
2024-05-09,73.901588
2024-05-10,74.039818
2024-05-13,74.039818
2024-05-14,74.592773
2024-05-15,75.385330
2024-05-16,74.979836
2024-05-17,75.237877
2024-05-20,75.293159
2024-05-21,75.173363
2024-05-22,74.463745
2024-05-23,74.085892
2024-05-24,74.694138
2024-05-28,74.666489
2024-05-29,73.486862
2024-05-30,74.104340
2024-05-31,74.813950
2024-06-03,75.025909
2024-06-04,74.933746
2024-06-05,75.459045
2024-06-06,75.717110
2024-06-07,74.896889
2024-06-10,74.841591
2024-06-11,73.991142
2024-06-12,74.863159
2024-06-13,73.794220
2024-06-14,72.978455
2024-06-17,73.269127
2024-06-18,73.559799
2024-06-20,73.606689
2024-06-21,73.090973
2024-06-24,73.672325
2024-06-25,73.850487
2024-06-26,73.306641
2024-06-27,73.362892
2024-06-28,73.447296
2024-07-01,73.578568
2024-07-02,73.756729
2024-07-03,74.600616
2024-07-05,75.097572
2024-07-08,74.722519
2024-07-09,74.422462
2024-07-10,75.472641
2024-07-11,75.688316
2024-07-12,76.494705
2024-07-15,75.819572
2024-07-16,76.185272
2024-07-17,75.782074
2024-07-18,75.031944
2024-07-19,74.572487
2024-07-22,75.360130
2024-07-23,74.938179
2024-07-24,73.991142
2024-07-25,73.522308
2024-07-26,74.459976
2024-07-29,74.131790
2024-07-30,74.300560
2024-07-31,75.350746
2024-08-01,73.353523
2024-08-02,72.200195
2024-08-05,70.624916
2024-08-06,70.746811
2024-08-07,71.084373
2024-08-08,72.275208
2024-08-09,72.556496
2024-08-12,72.490868
2024-08-13,73.737961
2024-08-14,74.009888
2024-08-15,74.910042
2024-08-16,75.322617
2024-08-19,76.241524
2024-08-20,76.007111
2024-08-21,76.710358
2024-08-22,76.260284
2024-08-23,77.657402
2024-08-26,77.310463
2024-08-27,77.666786
2024-08-28,77.394859
2024-08-29,77.685532
2024-08-30,77.807434
2024-09-03,76.579086
2024-09-04,76.241524
2024-09-05,76.260284
2024-09-06,74.825661
2024-09-09,75.575783
2024-09-10,75.200714
2024-09-11,75.650803
2024-09-12,76.269653
2024-09-13,76.447815
2024-09-16,77.066681
2024-09-17,76.635353
2024-09-18,76.391563
2024-09-19,77.901199
2024-09-20,77.132309
2024-09-23,77.422989
2024-09-24,77.882439
2024-09-25,77.460495
2024-09-26,79.167046
2024-09-27,78.688828
2024-09-30,78.416916
2024-10-01,77.835556
2024-10-02,77.676155
2024-10-03,76.954147
2024-10-04,77.404228
2024-10-07,76.972908
2024-10-08,76.851006
2024-10-09,76.869766
2024-10-10,76.776001
2024-10-11,77.169815
2024-10-14,77.394859
2024-10-15,76.110260
2024-10-16,76.307167
2024-10-17,76.316544
2024-10-18,76.832268
2024-10-21,75.922729
2024-10-22,75.491394
2024-10-23,74.731880
2024-10-24,75.153839
2024-10-25,74.900673
2024-10-28,75.500771
2024-10-29,75.228851
2024-10-30,74.741264
2024-10-31,74.281815
2024-11-01,74.431839
2024-11-04,74.488098
2024-11-05,75.228851
2024-11-06,74.141159
2024-11-07,75.266357
2024-11-08,74.225563
2024-11-11,74.244308
2024-11-12,72.865936
2024-11-13,72.434616
2024-11-14,72.584633
2024-11-15,72.322083
2024-11-18,72.715919
2024-11-19,72.622139
2024-11-20,72.425232
2024-11-21,72.443985
2024-11-22,72.725288
2024-11-25,73.100357
2024-11-26,72.678406
2024-11-27,73.072220
2024-11-29,74.047394
2024-12-02,74.253685
2024-12-03,74.675629
2024-12-04,74.731880
2024-12-05,75.097572
2024-12-06,75.088203
2024-12-09,75.041321
2024-12-10,74.366203
2024-12-11,74.835037
2024-12-12,74.178665
2024-12-13,73.972374
2024-12-16,73.728577
2024-12-17,73.611679
2024-12-18,71.805847
2024-12-19,71.577736
2024-12-20,71.378151
2024-12-23,71.843857
2024-12-24,72.100479
2024-12-26,72.442650
2024-12-27,72.338089
2024-12-30,71.862877
2024-12-31,71.862877
2025-01-02,71.615761
2025-01-03,71.929398
2025-01-06,72.613716
2025-01-07,72.556694
2025-01-08,72.442650
2025-01-10,71.340126
2025-01-13,71.140526
2025-01-14,71.397156
2025-01-15,72.309586
2025-01-16,72.680252
2025-01-17,72.974892
2025-01-21,74.448082
2025-01-22,74.276993
2025-01-23,74.885269
2025-01-24,75.303467
2025-01-27,75.303467
2025-01-28,75.208420
2025-01-29,75.198921
2025-01-30,76.025803
2025-01-31,75.312965
2025-02-03,74.429062
2025-02-04,75.293968
2025-02-05,76.025803
2025-02-06,76.386978
2025-02-07,75.664635
2025-02-10,76.177879
2025-02-11,76.539040
2025-02-12,76.824173
2025-02-13,77.755608
2025-02-14,77.869659
2025-02-18,78.430412
2025-02-19,77.622543
2025-02-20,77.983711
2025-02-21,77.498985
2025-02-24,77.451462
2025-02-25,78.154793
2025-02-26,78.259331
2025-02-27,77.375435
2025-02-28,77.537010
2025-03-03,78.392403
2025-03-04,78.373390
2025-03-05,80.245766
2025-03-06,79.418877
2025-03-07,80.245766
2025-03-10,78.354393
2025-03-11,78.088272
2025-03-12,78.649017
2025-03-13,78.126274
2025-03-14,79.561447
2025-03-17,80.454865
2025-03-18,80.445358
2025-03-19,80.682961
2025-03-20,80.008148
2025-03-21,79.513931
2025-03-24,79.504417
2025-03-25,79.941628
2025-03-26,78.905632
2025-03-27,79.076714
2025-03-28,78.373390
2025-03-31,77.679573
2025-04-01,77.793625
2025-04-02,77.974205
2025-04-03,76.339447
2025-04-04,71.302109
2025-04-07,69.581810
2025-04-08,69.344208
2025-04-09,74.695183
2025-04-10,73.222008
2025-04-11,75.056351
2025-04-14,75.864227
2025-04-15,76.548546
2025-04-16,76.253914
2025-04-17,77.080795
2025-04-21,76.662605
2025-04-22,78.249832
2025-04-23,78.563484
2025-04-24,79.608971
2025-04-25,79.951126
2025-04-28,80.483376
2025-04-29,80.644943
2025-04-30,80.549904
2025-05-01,80.293289
2025-05-02,81.833000
2025-05-05,81.975571
2025-05-06,81.871010
2025-05-07,81.595383
2025-05-08,81.310265
2025-05-09,81.709442
2025-05-12,82.127640
2025-05-13,82.232185
2025-05-14,81.833000
2025-05-15,82.726418
2025-05-16,82.916504
2025-05-19,83.705376
2025-05-20,84.104561
2025-05-21,83.610321
2025-05-22,83.562798
2025-05-23,83.676857
2025-05-27,84.893425
2025-05-28,83.914467
2025-05-29,84.285141
2025-05-30,84.408699
2025-06-02,85.311623
2025-06-03,84.665321
2025-06-04,85.045502
2025-06-05,84.988457
2025-06-06,85.292603
2025-06-09,85.283104
2025-06-10,85.397156
2025-06-11,85.254585
2025-06-12,85.910393
2025-06-13,84.807884
2025-06-16,85.125999
2025-06-17,84.081741
2025-06-18,84.226776
2025-06-20,83.472595
2025-06-23,84.101082
2025-06-24,85.125999
2025-06-25,84.661880
2025-06-26,85.609444
2025-06-27,86.382957
2025-06-30,86.431305
2025-07-01,86.286278
2025-07-02,86.537674
2025-07-03,86.557007
2025-07-07,85.619110
2025-07-08,86.247597
2025-07-09,86.895424
2025-07-10,86.837410
2025-07-11,86.005875
2025-07-14,86.005875
2025-07-15,85.106659
2025-07-16,85.454742
2025-07-17,85.677132
2025-07-18,85.435402
2025-07-21,85.889847
2025-07-22,86.363625
2025-07-23,88.510147
2025-07-24,87.852661
2025-07-25,87.746292
2025-07-28,86.334618
2025-07-29,86.160576
2025-07-30,85.541763
2025-07-31,84.623207
2025-08-01,84.400818
2025-08-04,85.522423
2025-08-05,85.512756
2025-08-06,86.073555
2025-08-07,86.847076
2025-08-08,87.378876
2025-08-11,87.011444
2025-08-12,88.075035
2025-08-13,88.606834
2025-08-14,88.616508
2025-08-15,89.138634
2025-08-18,89.041939
2025-08-19,89.051613
2025-08-20,89.370689
2025-08-21,88.809883
2025-08-22,90.144218
2025-08-25,88.954926
2025-08-26,88.858231
2025-08-27,88.645508
2025-08-28,88.974258
2025-08-29,88.452141
2025-09-02,87.581924
2025-09-03,87.717293
2025-09-04,88.355438
2025-09-05,88.751877
2025-09-08,89.641418
2025-09-09,89.341682
2025-09-10,89.322342
2025-09-11,90.269905
2025-09-12,89.912155
2025-09-15,90.511635
2025-09-16,90.260239
2025-09-17,89.921822
2025-09-18,90.269905
2025-09-19,89.921822
2025-09-22,90.211899
2025-09-23,90.037857
2025-09-24,89.515732
2025-09-25,88.877563
2025-09-26,89.564072
2025-09-29,89.912155
2025-09-30,90.279579
2025-10-01,91.024094
2025-10-02,91.169128
2025-10-03,91.932976
2025-10-06,92.145699
2025-10-07,91.343170
2025-10-08,91.613899
2025-10-09,90.859726
2025-10-10,89.186974
2025-10-13,89.902489
2025-10-14,90.308594
2025-10-15,90.743690
2025-10-16,91.217468
2025-10-17,91.381844
2025-10-20,92.136024
2025-10-21,91.459198
2025-10-22,91.323830
2025-10-23,91.749268
2025-10-24,91.894302
2025-10-27,92.532455
2025-10-28,92.493782
2025-10-29,91.971664
2025-10-30,91.565552
2025-10-31,91.362503
2025-11-03,91.401184
2025-11-04,90.463287
2025-11-05,91.043434
2025-11-06,90.840378
2025-11-07,91.178802
2025-11-10,92.136024
2025-11-11,92.812859
2025-11-12,93.363991
2025-11-13,92.368080
2025-11-14,92.107025
2025-11-17,90.908066
2025-11-18,89.728447
2025-11-19,89.457703
2025-11-20,88.220078
2025-11-21,89.583412
2025-11-24,89.660767
2025-11-25,90.734016
2025-11-26,91.729935
2025-11-28,92.039345
2025-12-01,91.584892
2025-12-02,91.894302
2025-12-03,92.387428
2025-12-04,92.638817
2025-12-05,92.638817
2025-12-08,92.348747
2025-12-09,92.223053
2025-12-10,93.247963
2025-12-11,93.799095
2025-12-12,93.305977
2025-12-15,93.876450
2025-12-16,93.441338
2025-12-17,92.683334
2025-12-18,93.342896
2025-12-19,93.972923
2025-12-22,94.209183
2025-12-23,94.790001
2025-12-24,94.908134
2025-12-26,95.065636
2025-12-29,94.780151
2025-12-30,94.937660
2025-12-31,94.534042
2026-01-02,95.528313
2026-01-05,96.621025
2026-01-06,96.768692
2026-01-07,96.404449
2026-01-08,96.414299
2026-01-09,97.270737
2026-01-12,97.861397
2026-01-13,97.300270
2026-01-14,97.753113
2026-01-15,97.713730
2026-01-16,97.979523
2026-01-20,96.493042
2026-01-21,97.487312
2026-01-22,97.871239
2026-01-23,98.412674
2026-01-26,98.904884
2026-01-27,100.499641
2026-01-28,99.436470
2026-01-29,100.105881
2026-01-30,99.170670
2026-02-02,99.820396
2026-02-03,99.869614
2026-02-04,100.194473
2026-02-05,98.767067
2026-02-06,101.011543
2026-02-09,102.370041
2026-02-10,102.616150
2026-02-11,103.305252
2026-02-12,102.527557
2026-02-13,102.616150
2026-02-17,102.596466
2026-02-18,102.714592
2026-02-19,102.429115
2026-02-20,103.265869
2026-02-23,102.842567
2026-02-24,103.029610
2026-02-25,104.014038
2026-02-26,103.925430
2026-02-27,103.738388
2026-03-02,101.690796
2026-03-03,98.530800
2026-03-04,99.800705
2026-03-05,97.615295
2026-03-06,96.748993
2026-03-09,97.447937
2026-03-10,97.674355
2026-03-11,97.467628
2026-03-12,95.941772
2026-03-13,94.799843
2026-03-16,96.571800
2026-03-17,96.837601
2026-03-18,95.183769
2026-03-19,95.016411
2026-03-20,92.132057
2026-03-23,94.347000
2026-03-24,93.785881
2026-03-25,95.154236
2026-03-26,93.185394
2026-03-27,92.338791
2026-03-30,92.604576
2026-03-31,95.616905
2026-04-01,97.073860
2026-04-02,96.473358
2026-04-06,96.955727
2026-04-07,96.817902
2026-04-08,100.598091
2026-04-09,100.361824
2026-04-10,100.588242
2026-04-13,101.208427
2026-04-14,102.025497
2026-04-15,101.700638
2026-04-16,101.405312
2026-04-17,102.694908
2026-04-20,102.291298
2026-04-21,100.046806
2026-04-22,100.381516
2026-04-23,99.662888
2026-04-24,100.184624
2026-04-27,99.800705
2026-04-28,99.387245
2026-04-29,98.373291
2026-04-30,100.726059
2026-05-01,100.509491
2026-05-04,99.131294
2026-05-05,100.450424
2026-05-06,103.177269
2026-05-07,101.287186
2026-05-08,102.340515
2026-05-11,102.123940
2026-05-12,101.533287
2026-05-13,102.212540
2026-05-14,101.848305
2026-05-15,100.135406
2026-05-18,101.060768
2026-05-19,100.332291
2026-05-20,102.005814
2026-05-21,102.566933
2026-05-22,102.360207
2026-05-26,103.492287
2026-05-27,103.137894
2026-05-28,103.059143
2026-05-29,103.167435
2026-06-01,102.813042
2026-06-02,103.383995
2026-06-03,102.498024
2026-06-04,103.315086
2026-06-05,100.667000
2026-06-08,101.277336
2026-06-09,101.297028
2026-06-10,99.987747
2026-06-11,103.098526
2026-06-12,103.383995
2026-06-15,104.080002
2026-06-16,104.309998
2026-06-17,103.779999
2026-06-18,104.410004
2026-06-22,104.580002
2026-06-23,102.459999
2026-06-24,102.260002
2026-06-25,103.150002
2026-06-26,102.540001
2026-06-29,103.449997
2026-06-30,103.879997
2026-07-01,103.019997
2026-07-02,104.370003
2026-07-06,105.459999
2026-07-07,104.160004
2026-07-08,103.360001
2026-07-09,103.919998
2026-07-10,104.330002
2026-07-13,103.239998
2026-07-14,103.959999
2026-07-15,104.650002
2026-07-16,103.809998
2026-07-17,103.330002
2026-07-20,102.570000
2026-07-21,104.059998
2026-07-22,104.250000
2026-07-23,102.900002
2026-07-24,103.410004
2026-07-27,103.910004
2026-07-28,103.889999
2026-07-29,103.370003
2026-07-30,106.239998
2026-07-31,105.580002
2026-08-03,106.019997
2026-08-04,107.320000
2026-08-05,107.430000
2026-08-06,107.360001
2026-08-07,108.550003
2026-08-10,108.010002
2026-08-11,108.089996
2026-08-12,108.500000
2026-08-13,108.690002
2026-08-14,108.639999
2026-08-17,108.449997
2026-08-18,107.269997
2026-08-19,107.660004
2026-08-20,107.349998
2026-08-21,108.239998
2026-08-24,108.029999
2026-08-25,108.809998
2026-08-26,108.269997
2026-08-27,108.019997
2026-08-28,107.720001
2026-08-31,107.449997
2026-09-01,106.489998
2026-09-02,107.059998
2026-09-03,108.209999
2026-09-04,108.349998
2026-09-08,107.760002
2026-09-09,106.559998
2026-09-10,105.660004
2026-09-11,106.699997
2026-09-14,105.849998
2026-09-15,105.400002
2026-09-16,105.019997
2026-09-17,106.040001
2026-09-18,104.970001
2026-09-21,106.129997
2026-09-22,106.500000
2026-09-23,104.800003
2026-09-24,104.500000
2026-09-25,105.559998
2026-09-28,105.040001
2026-09-29,104.540001
2026-09-30,103.889999
2026-10-01,102.820000
