date,adj_close
1996-03-18,38.454082
1996-03-19,38.294510
1996-03-20,38.294510
1996-03-21,39.251877
1996-03-22,39.092308
1996-03-25,39.411430
1996-03-26,39.411430
1996-03-27,39.730556
1996-03-28,39.730556
1996-03-29,40.049679
1996-04-01,40.049679
1996-04-02,40.368805
1996-04-03,40.049679
1996-04-04,40.209236
1996-04-08,39.570984
1996-04-09,40.209236
1996-04-10,39.890110
1996-04-11,39.890110
1996-04-12,40.049679
1996-04-15,40.209236
1996-04-16,40.209236
1996-04-17,40.049679
1996-04-18,40.209236
1996-04-19,40.687908
1996-04-22,41.964394
1996-04-23,41.645287
1996-04-24,42.123966
1996-04-25,41.964394
1996-04-26,42.123966
1996-04-29,41.804836
1996-04-30,41.964394
1996-05-01,41.964394
1996-05-02,41.485710
1996-05-03,41.485710
1996-05-06,41.326157
1996-05-07,41.326157
1996-05-08,41.485710
1996-05-09,41.326157
1996-05-10,41.007042
1996-05-13,40.368805
1996-05-14,40.687908
1996-05-15,41.007042
1996-05-16,41.166588
1996-05-17,40.847485
1996-05-20,40.687908
1996-05-21,40.528355
1996-05-22,40.368805
1996-05-23,40.049679
1996-05-24,39.890110
1996-05-28,39.890110
1996-05-29,39.890110
1996-05-30,40.049679
1996-05-31,40.049679
1996-06-03,39.411430
1996-06-04,39.730556
1996-06-05,39.570984
1996-06-06,39.570984
1996-06-07,39.251877
1996-06-10,39.251877
1996-06-11,39.411430
1996-06-12,39.890110
1996-06-13,40.049679
1996-06-14,40.209236
1996-06-17,40.049679
1996-06-18,40.528355
1996-06-19,40.687908
1996-06-20,40.847485
1996-06-21,41.166588
1996-06-24,40.528355
1996-06-25,40.368805
1996-06-26,40.528355
1996-06-27,40.528355
1996-06-28,40.528355
1996-07-01,40.368805
1996-07-02,39.890110
1996-07-03,39.890110
1996-07-05,39.092308
1996-07-08,38.773193
1996-07-09,38.932743
1996-07-10,38.773193
1996-07-11,38.294510
1996-07-12,38.454082
1996-07-15,38.134956
1996-07-16,38.294510
1996-07-17,38.454082
1996-07-18,39.092308
1996-07-19,38.613628
1996-07-22,38.134956
1996-07-23,38.454082
1996-07-24,37.337135
1996-07-25,37.815811
1996-07-26,38.134956
1996-07-29,37.815811
1996-07-30,38.134956
1996-07-31,38.613628
1996-08-01,38.613628
1996-08-02,38.613628
1996-08-05,38.773193
1996-08-06,38.134956
1996-08-07,37.815811
1996-08-08,37.656265
1996-08-09,37.496696
1996-08-12,37.656265
1996-08-13,37.815811
1996-08-14,37.975395
1996-08-15,37.975395
1996-08-16,37.656265
1996-08-19,37.975395
1996-08-20,37.656265
1996-08-21,38.134956
1996-08-22,38.294510
1996-08-23,38.134956
1996-08-26,37.815811
1996-08-27,37.496696
1996-08-28,37.337135
1996-08-29,37.018013
1996-08-30,36.539349
1996-09-03,36.060661
1996-09-04,36.379784
1996-09-05,36.539349
1996-09-06,36.539349
1996-09-09,36.539349
1996-09-10,36.698898
1996-09-11,36.539349
1996-09-12,36.539349
1996-09-13,36.858463
1996-09-16,37.177574
1996-09-17,37.656265
1996-09-18,37.337135
1996-09-19,37.656265
1996-09-20,37.337135
1996-09-23,37.018013
1996-09-24,37.496696
1996-09-25,37.656265
1996-09-26,37.656265
1996-09-27,37.975395
1996-09-30,37.815811
1996-10-01,37.815811
1996-10-02,37.496696
1996-10-03,37.337135
1996-10-04,37.177574
1996-10-07,37.018013
1996-10-08,36.379784
1996-10-09,36.220222
1996-10-10,36.539349
1996-10-11,36.698898
1996-10-14,36.698898
1996-10-15,37.337135
1996-10-16,37.177574
1996-10-17,37.337135
1996-10-18,37.656265
1996-10-21,36.220222
1996-10-22,36.379784
1996-10-23,36.060661
1996-10-24,36.379784
1996-10-25,35.901100
1996-10-28,35.741558
1996-10-29,35.581978
1996-10-30,35.422409
1996-10-31,35.262863
1996-11-01,35.581978
1996-11-04,35.581978
1996-11-05,35.262863
1996-11-06,36.060661
1996-11-07,36.060661
1996-11-08,36.539349
1996-11-11,36.539349
1996-11-12,36.539349
1996-11-13,36.220222
1996-11-14,36.379784
1996-11-15,36.539349
1996-11-18,36.060661
1996-11-19,36.060661
1996-11-20,36.379784
1996-11-21,36.379784
1996-11-22,36.858463
1996-11-25,36.858463
1996-11-26,36.698898
1996-11-27,36.539349
1996-11-29,36.060661
1996-12-02,35.262863
1996-12-03,35.262863
1996-12-04,35.422409
1996-12-05,36.379784
1996-12-06,35.262863
1996-12-09,35.581978
1996-12-10,35.422409
1996-12-11,34.465046
1996-12-12,34.784184
1996-12-13,34.624619
1996-12-16,34.465046
1996-12-17,34.465046
1996-12-18,34.305492
1996-12-19,33.826805
1996-12-20,33.986370
1996-12-23,33.826805
1996-12-24,33.029018
1996-12-26,33.507702
1996-12-27,33.188564
1996-12-30,33.348133
1996-12-31,33.348133
1997-01-02,33.348133
1997-01-03,33.348133
1997-01-06,33.826805
1997-01-07,33.188564
1997-01-08,32.709900
1997-01-09,31.752529
1997-01-10,30.316484
1997-01-13,30.954718
1997-01-14,30.954718
1997-01-15,31.114298
1997-01-16,31.273844
1997-01-17,31.114298
1997-01-20,30.156927
1997-01-21,30.635601
1997-01-22,30.635601
1997-01-23,29.997362
1997-01-24,29.678242
1997-01-27,28.880438
1997-01-28,29.678242
1997-01-29,29.359127
1997-01-30,29.199572
1997-01-31,29.997362
1997-02-03,29.997362
1997-02-04,29.837803
1997-02-05,29.359127
1997-02-06,29.040012
1997-02-07,29.359127
1997-02-10,29.518688
1997-02-11,29.359127
1997-02-12,29.518688
1997-02-13,29.997362
1997-02-14,29.837803
1997-02-18,29.678242
1997-02-19,29.837803
1997-02-20,30.795162
1997-02-21,31.273844
1997-02-24,31.114298
1997-02-25,31.273844
1997-02-26,30.316484
1997-02-27,30.954718
1997-02-28,30.635601
1997-03-03,30.476049
1997-03-04,30.476049
1997-03-05,30.156927
1997-03-06,29.518688
1997-03-07,29.678242
1997-03-10,29.678242
1997-03-11,29.997362
1997-03-12,29.518688
1997-03-13,28.720875
1997-03-14,28.880438
1997-03-17,29.040012
1997-03-18,29.678242
1997-03-19,29.997362
1997-03-20,29.678242
1997-03-21,30.316484
1997-03-24,29.678242
1997-03-25,30.156927
1997-03-26,30.316484
1997-03-27,30.316484
1997-03-31,29.359127
1997-04-01,29.997362
1997-04-02,29.997362
1997-04-03,30.156927
1997-04-04,29.518688
1997-04-07,29.199572
1997-04-08,29.199572
1997-04-09,28.880438
1997-04-10,28.720875
1997-04-11,28.401760
1997-04-14,28.401760
1997-04-15,28.880438
1997-04-16,29.359127
1997-04-17,29.359127
1997-04-18,29.678242
1997-04-21,30.316484
1997-04-22,30.316484
1997-04-23,30.316484
1997-04-24,29.997362
1997-04-25,29.997362
1997-04-28,30.156927
1997-04-29,30.156927
1997-04-30,31.114298
1997-05-01,31.114298
1997-05-02,31.592972
1997-05-05,31.752529
1997-05-06,32.550331
1997-05-07,32.231209
1997-05-08,32.709900
1997-05-09,33.029018
1997-05-12,34.305492
1997-05-13,34.145943
1997-05-14,34.784184
1997-05-15,34.624619
1997-05-16,35.103294
1997-05-19,35.581978
1997-05-20,35.901100
1997-05-21,35.262863
1997-05-22,34.305492
1997-05-23,34.943737
1997-05-27,34.465046
1997-05-28,35.103294
1997-05-29,34.784184
1997-05-30,34.145943
1997-06-02,34.784184
1997-06-03,34.784184
1997-06-04,35.103294
1997-06-05,35.262863
1997-06-06,35.581978
1997-06-09,35.741558
1997-06-10,36.220222
1997-06-11,36.698898
1997-06-12,36.060661
1997-06-13,36.060661
1997-06-16,36.698898
1997-06-17,36.379784
1997-06-18,35.901100
1997-06-19,36.220222
1997-06-20,35.901100
1997-06-23,35.422409
1997-06-24,35.741558
1997-06-25,37.018013
1997-06-26,37.177574
1997-06-27,36.539349
1997-06-30,36.060661
1997-07-01,36.060661
1997-07-02,36.060661
1997-07-03,36.539349
1997-07-07,35.901100
1997-07-08,35.741558
1997-07-09,35.741558
1997-07-10,35.581978
1997-07-11,35.422409
1997-07-14,36.220222
1997-07-15,35.741558
1997-07-16,36.220222
1997-07-17,36.539349
1997-07-18,36.060661
1997-07-21,35.741558
1997-07-22,36.060661
1997-07-23,36.060661
1997-07-24,35.741558
1997-07-25,36.060661
1997-07-28,35.741558
1997-07-29,35.422409
1997-07-30,35.422409
1997-07-31,35.581978
1997-08-01,34.465046
1997-08-04,34.465046
1997-08-05,33.507702
1997-08-06,34.465046
1997-08-07,34.145943
1997-08-08,35.103294
1997-08-11,34.145943
1997-08-12,34.305492
1997-08-13,34.624619
1997-08-14,34.943737
1997-08-15,34.305492
1997-08-18,34.465046
1997-08-19,34.145943
1997-08-20,34.624619
1997-08-21,34.305492
1997-08-22,33.188564
1997-08-25,33.041721
1997-08-26,33.520596
1997-08-27,32.882095
1997-08-28,32.083984
1997-08-29,32.083984
1997-09-02,31.605137
1997-09-03,32.243610
1997-09-04,32.243610
1997-09-05,32.562855
1997-09-08,32.243610
1997-09-09,32.882095
1997-09-10,32.403229
1997-09-11,31.764740
1997-09-12,31.605137
1997-09-15,31.764740
1997-09-16,31.605137
1997-09-17,31.285883
1997-09-18,31.445499
1997-09-19,31.126268
1997-09-22,31.445499
1997-09-23,31.285883
1997-09-24,32.243610
1997-09-25,32.243610
1997-09-26,31.285883
1997-09-29,31.605137
1997-09-30,31.764740
1997-10-01,32.083984
1997-10-02,31.126268
1997-10-03,31.126268
1997-10-06,31.924366
1997-10-07,31.445499
1997-10-08,31.445499
1997-10-09,30.966642
1997-10-10,31.126268
1997-10-13,31.126268
1997-10-14,30.647394
1997-10-15,30.647394
1997-10-16,31.285883
1997-10-17,31.285883
1997-10-20,31.126268
1997-10-21,30.966642
1997-10-22,31.126268
1997-10-23,29.530039
1997-10-24,29.689663
1997-10-27,28.093451
1997-10-28,29.530039
1997-10-29,28.891563
1997-10-30,28.731930
1997-10-31,28.731930
1997-11-03,29.370419
1997-11-04,28.412685
1997-11-05,28.253077
1997-11-06,28.093451
1997-11-07,26.337605
1997-11-10,26.337605
1997-11-11,26.337605
1997-11-12,25.220257
1997-11-13,25.699123
1997-11-14,26.337605
1997-11-17,27.454962
1997-11-18,26.976097
1997-11-19,26.337605
1997-11-20,27.614584
1997-11-21,27.135706
1997-11-24,26.656843
1997-11-25,26.816465
1997-11-26,26.976097
1997-11-28,26.816465
1997-12-01,27.454962
1997-12-02,27.135706
1997-12-03,27.135706
1997-12-04,26.656843
1997-12-05,26.337605
1997-12-08,26.337605
1997-12-09,26.656843
1997-12-10,26.656843
1997-12-11,26.018360
1997-12-12,25.858734
1997-12-15,26.337605
1997-12-16,25.699123
1997-12-17,26.816465
1997-12-18,26.018360
1997-12-19,25.220257
1997-12-22,24.901011
1997-12-23,24.584286
1997-12-24,25.063208
1997-12-26,24.903561
1997-12-29,25.222839
1997-12-30,25.222839
1997-12-31,25.222839
1998-01-02,25.222839
1998-01-05,24.584286
1998-01-06,24.584286
1998-01-07,25.382483
1998-01-08,24.903561
1998-01-09,24.265013
1998-01-12,24.105373
1998-01-13,24.584286
1998-01-14,25.063208
1998-01-15,24.903561
1998-01-16,27.138493
1998-01-20,27.617416
1998-01-21,27.138493
1998-01-22,27.457775
1998-01-23,28.415602
1998-01-26,28.894526
1998-01-27,29.054152
1998-01-28,29.373430
1998-01-29,28.894526
1998-01-30,28.255976
1998-02-02,28.894526
1998-02-03,28.734877
1998-02-04,28.734877
1998-02-05,29.054152
1998-02-06,29.213793
1998-02-09,29.533066
1998-02-10,29.533066
1998-02-11,29.533066
1998-02-12,29.054152
1998-02-13,28.415602
1998-02-17,28.255976
1998-02-18,27.777050
1998-02-19,27.298141
1998-02-20,26.978863
1998-02-23,26.819216
1998-02-24,26.340302
1998-02-25,26.659578
1998-02-26,27.936686
1998-02-27,28.575243
1998-03-02,28.734877
1998-03-03,28.734877
1998-03-04,28.096333
1998-03-05,27.777050
1998-03-06,28.575243
1998-03-09,27.617416
1998-03-10,27.617416
1998-03-11,27.138493
1998-03-12,26.978863
1998-03-13,27.617416
1998-03-16,27.298141
1998-03-17,27.138493
1998-03-18,26.819216
1998-03-19,26.499941
1998-03-20,26.978863
1998-03-23,26.659578
1998-03-24,26.340302
1998-03-25,26.659578
1998-03-26,27.617416
1998-03-27,27.138493
1998-03-30,26.340302
1998-03-31,25.382483
1998-04-01,25.542118
1998-04-02,24.743927
1998-04-03,24.903561
1998-04-06,25.382483
1998-04-07,25.542118
1998-04-08,26.659578
1998-04-09,26.978863
1998-04-13,26.978863
1998-04-14,27.138493
1998-04-15,26.819216
1998-04-16,25.861385
1998-04-17,26.021027
1998-04-20,26.021027
1998-04-21,26.180662
1998-04-22,26.340302
1998-04-23,26.499941
1998-04-24,26.659578
1998-04-27,24.903561
1998-04-28,25.701759
1998-04-29,25.861385
1998-04-30,26.340302
1998-05-01,26.180662
1998-05-04,26.021027
1998-05-05,26.180662
1998-05-06,25.382483
1998-05-07,25.222839
1998-05-08,25.222839
1998-05-11,25.542118
1998-05-12,25.222839
1998-05-13,24.903561
1998-05-14,25.222839
1998-05-15,25.063208
1998-05-18,24.903561
1998-05-19,25.222839
1998-05-20,25.222839
1998-05-21,25.542118
1998-05-22,25.222839
1998-05-26,24.903561
1998-05-27,24.903561
1998-05-28,24.903561
1998-05-29,24.743927
1998-06-01,23.945740
1998-06-02,24.265013
1998-06-03,24.265013
1998-06-04,24.424652
1998-06-05,24.105373
1998-06-08,23.786085
1998-06-09,23.945740
1998-06-10,23.466814
1998-06-11,22.668629
1998-06-12,22.668629
1998-06-15,21.710793
1998-06-16,22.508982
1998-06-17,24.903561
1998-06-18,24.424652
1998-06-19,25.222839
1998-06-22,24.265013
1998-06-23,23.626455
1998-06-24,23.626455
1998-06-25,23.307182
1998-06-26,23.466814
1998-06-29,23.626455
1998-06-30,25.063208
1998-07-01,26.340302
1998-07-02,25.063208
1998-07-06,24.743927
1998-07-07,25.222839
1998-07-08,25.382483
1998-07-09,24.584286
1998-07-10,24.743927
1998-07-13,24.903561
1998-07-14,25.542118
1998-07-15,25.382483
1998-07-16,26.180662
1998-07-17,26.180662
1998-07-20,26.180662
1998-07-21,25.542118
1998-07-22,24.743927
1998-07-23,24.265013
1998-07-24,24.743927
1998-07-27,23.945740
1998-07-28,23.945740
1998-07-29,24.105373
1998-07-30,24.265013
1998-07-31,24.105373
1998-08-03,23.147539
1998-08-04,22.828268
1998-08-05,23.945740
1998-08-06,23.786085
1998-08-07,22.987906
1998-08-10,22.668629
1998-08-11,21.870438
1998-08-12,22.189714
1998-08-13,22.349356
1998-08-14,21.710793
1998-08-17,21.710793
1998-08-18,22.508982
1998-08-19,22.668629
1998-08-20,22.508982
1998-08-21,22.349356
1998-08-24,22.030075
1998-08-25,22.058199
1998-08-26,21.738525
1998-08-27,20.779470
1998-08-28,20.299944
1998-08-31,20.140104
1998-09-01,22.218046
1998-09-02,22.218046
1998-09-03,22.537733
1998-09-04,22.058199
1998-09-08,23.816469
1998-09-09,22.537733
1998-09-10,22.537733
1998-09-11,22.537733
1998-09-14,22.537733
1998-09-15,22.377895
1998-09-16,21.738525
1998-09-17,21.898365
1998-09-18,22.058199
1998-09-21,21.418842
1998-09-22,21.099154
1998-09-23,21.738525
1998-09-24,21.738525
1998-09-25,21.418842
1998-09-28,21.418842
1998-09-29,21.738525
1998-09-30,20.459791
1998-10-01,19.660578
1998-10-02,20.619623
1998-10-05,19.820414
1998-10-06,20.779470
1998-10-07,23.496786
1998-10-08,22.218046
1998-10-09,23.336943
1998-10-12,23.976316
1998-10-13,23.336943
1998-10-14,23.177097
1998-10-15,24.296001
1998-10-16,23.816469
1998-10-19,24.775524
1998-10-20,25.255049
1998-10-21,26.054255
1998-10-22,25.734583
1998-10-23,24.935364
1998-10-26,24.775524
1998-10-27,24.455835
1998-10-28,24.296001
1998-10-29,24.615683
1998-10-30,24.775524
1998-11-02,26.693626
1998-11-03,26.693626
1998-11-04,27.013319
1998-11-05,26.533777
1998-11-06,26.054255
1998-11-09,24.935364
1998-11-10,24.775524
1998-11-11,25.255049
1998-11-12,24.935364
1998-11-13,25.095211
1998-11-16,25.734583
1998-11-17,25.574734
1998-11-18,25.095211
1998-11-19,26.214098
1998-11-20,26.533777
1998-11-23,27.013319
1998-11-24,26.533777
1998-11-25,26.533777
1998-11-27,26.533777
1998-11-30,25.574734
1998-12-01,26.054255
1998-12-02,26.054255
1998-12-03,25.894415
1998-12-04,26.214098
1998-12-07,25.894415
1998-12-08,25.894415
1998-12-09,26.853476
1998-12-10,26.533777
1998-12-11,26.373951
1998-12-14,25.734583
1998-12-15,25.894415
1998-12-16,25.894415
1998-12-17,26.214098
1998-12-18,26.533777
1998-12-21,26.373951
1998-12-22,25.439568
1998-12-23,25.439568
1998-12-24,25.119572
1998-12-28,25.439568
1998-12-29,25.759562
1998-12-30,25.919550
1998-12-31,26.239542
1999-01-04,26.079544
1999-01-05,25.919550
1999-01-06,26.239542
1999-01-07,26.399549
1999-01-08,26.399549
1999-01-11,26.079544
1999-01-12,25.439568
1999-01-13,25.279564
1999-01-14,25.439568
1999-01-15,26.079544
1999-01-19,25.759562
1999-01-20,26.399549
1999-01-21,26.559530
1999-01-22,26.079544
1999-01-25,26.399549
1999-01-26,27.039543
1999-01-27,26.559530
1999-01-28,26.559530
1999-01-29,26.879539
1999-02-01,26.719538
1999-02-02,27.039543
1999-02-03,26.879539
1999-02-04,26.719538
1999-02-05,26.239542
1999-02-08,26.239542
1999-02-09,25.919550
1999-02-10,25.919550
1999-02-11,25.919550
1999-02-12,26.239542
1999-02-16,26.079544
1999-02-17,25.439568
1999-02-18,25.439568
1999-02-19,25.119572
1999-02-22,25.599556
1999-02-23,25.599556
1999-02-24,25.119572
1999-02-25,25.919550
1999-02-26,25.919550
1999-03-01,25.599556
1999-03-02,24.959568
1999-03-03,24.959568
1999-03-04,24.959568
1999-03-05,26.079544
1999-03-08,26.399549
1999-03-09,27.039543
1999-03-10,27.679533
1999-03-11,28.319517
1999-03-12,28.319517
1999-03-15,28.799503
1999-03-16,29.439484
1999-03-17,30.079477
1999-03-18,29.919487
1999-03-19,30.079477
1999-03-22,30.079477
1999-03-23,29.119497
1999-03-24,29.439484
1999-03-25,30.239477
1999-03-26,29.439484
1999-03-29,29.919487
1999-03-30,29.599480
1999-03-31,29.439484
1999-04-01,30.399471
1999-04-05,30.239477
1999-04-06,30.879467
1999-04-07,30.719471
1999-04-08,31.199457
1999-04-09,30.879467
1999-04-12,30.719471
1999-04-13,30.879467
1999-04-14,31.679459
1999-04-15,31.519453
1999-04-16,31.679459
1999-04-19,31.039459
1999-04-20,31.359461
1999-04-21,30.879467
1999-04-22,30.879467
1999-04-23,31.199457
1999-04-26,31.359461
1999-04-27,31.679459
1999-04-28,31.519453
1999-04-29,31.519453
1999-04-30,30.719471
1999-05-03,31.199457
1999-05-04,31.199457
1999-05-05,31.039459
1999-05-06,31.679459
1999-05-07,31.359461
1999-05-10,31.519453
1999-05-11,31.199457
1999-05-12,30.879467
1999-05-13,30.399471
1999-05-14,30.079477
1999-05-17,28.959499
1999-05-18,29.119497
1999-05-19,28.799503
1999-05-20,28.799503
1999-05-21,28.479511
1999-05-24,28.639503
1999-05-25,28.799503
1999-05-26,29.439484
1999-05-27,28.479511
1999-05-28,28.959499
1999-06-01,29.919487
1999-06-02,29.919487
1999-06-03,29.439484
1999-06-04,29.439484
1999-06-07,29.919487
1999-06-08,30.239477
1999-06-09,30.399471
1999-06-10,31.199457
1999-06-11,32.159439
1999-06-14,31.519453
1999-06-15,31.839443
1999-06-16,31.839443
1999-06-17,32.319443
1999-06-18,31.839443
1999-06-21,31.839443
1999-06-22,31.839443
1999-06-23,31.199457
1999-06-24,31.359461
1999-06-25,31.359461
1999-06-28,31.519453
1999-06-29,31.999445
1999-06-30,31.999445
1999-07-01,32.639435
1999-07-02,32.799427
1999-07-06,32.639435
1999-07-07,32.799427
1999-07-08,32.479435
1999-07-09,32.159439
1999-07-12,32.799427
1999-07-13,32.799427
1999-07-14,33.439423
1999-07-15,33.759422
1999-07-16,33.759422
1999-07-19,34.239403
1999-07-20,33.599422
1999-07-21,33.919418
1999-07-22,32.799427
1999-07-23,32.639435
1999-07-26,32.479435
1999-07-27,33.279430
1999-07-28,33.439423
1999-07-29,33.599422
1999-07-30,34.399399
1999-08-02,34.239403
1999-08-03,34.239403
1999-08-04,33.759422
1999-08-05,33.599422
1999-08-06,32.799427
1999-08-09,32.799427
1999-08-10,32.639435
1999-08-11,32.959431
1999-08-12,33.279430
1999-08-13,33.759422
1999-08-16,34.079411
1999-08-17,34.559402
1999-08-18,34.399399
1999-08-19,35.039398
1999-08-20,36.479362
1999-08-23,36.319382
1999-08-24,35.839378
1999-08-25,35.486126
1999-08-26,35.004421
1999-08-27,34.843845
1999-08-30,35.325546
1999-08-31,34.362144
1999-09-01,35.807262
1999-09-02,34.683277
1999-09-03,35.486126
1999-09-07,34.683277
1999-09-08,35.004421
1999-09-09,36.128410
1999-09-10,35.967831
1999-09-13,36.770679
1999-09-14,36.288975
1999-09-15,36.770679
1999-09-16,36.288975
1999-09-17,36.288975
1999-09-20,36.610115
1999-09-21,36.128410
1999-09-22,35.967831
1999-09-23,35.646698
1999-09-24,34.843845
1999-09-27,35.004421
1999-09-28,35.486126
1999-09-29,35.164982
1999-09-30,35.807262
1999-10-01,36.610115
1999-10-04,36.770679
1999-10-05,35.967831
1999-10-06,36.449551
1999-10-07,36.288975
1999-10-08,36.610115
1999-10-11,36.770679
1999-10-12,36.931263
1999-10-13,35.807262
1999-10-14,36.931263
1999-10-15,36.128410
1999-10-18,35.486126
1999-10-19,35.967831
1999-10-20,36.449551
1999-10-21,36.288975
1999-10-22,36.770679
1999-10-25,36.770679
1999-10-26,37.412979
1999-10-27,37.252396
1999-10-28,37.412979
1999-10-29,38.055252
1999-11-01,37.573559
1999-11-02,37.734112
1999-11-03,38.215824
1999-11-04,38.376404
1999-11-05,38.215824
1999-11-08,38.055252
1999-11-09,38.055252
1999-11-10,38.697556
1999-11-11,38.376404
1999-11-12,38.536961
1999-11-15,38.376404
1999-11-16,38.215824
1999-11-17,38.376404
1999-11-18,39.018677
1999-11-19,39.179253
1999-11-22,39.821522
1999-11-23,39.660961
1999-11-24,39.660961
1999-11-26,40.463829
1999-11-29,40.142662
1999-11-30,39.179253
1999-12-01,39.179253
1999-12-02,39.339821
1999-12-03,39.982101
1999-12-06,39.179253
1999-12-07,39.500401
1999-12-08,38.858112
1999-12-09,39.339821
1999-12-10,39.500401
1999-12-13,38.858112
1999-12-14,38.376404
1999-12-15,38.536961
1999-12-16,39.018677
1999-12-17,39.179253
1999-12-20,39.500401
1999-12-21,39.299847
1999-12-22,40.270226
1999-12-23,40.593666
1999-12-27,40.270226
1999-12-28,41.240582
1999-12-29,41.887493
1999-12-30,41.887493
1999-12-31,42.210957
2000-01-03,41.887493
2000-01-04,40.755413
2000-01-05,39.623302
2000-01-06,38.006020
2000-01-07,38.814663
2000-01-10,39.461578
2000-01-11,39.138119
2000-01-12,38.814663
2000-01-13,39.461578
2000-01-14,39.785030
2000-01-18,39.461578
2000-01-19,39.138119
2000-01-20,38.814663
2000-01-21,38.652946
2000-01-24,38.491211
2000-01-25,38.976391
2000-01-26,39.461578
2000-01-27,39.138119
2000-01-28,38.814663
2000-01-31,39.785030
2000-02-01,39.785030
2000-02-02,40.108486
2000-02-03,40.755413
2000-02-04,41.402294
2000-02-07,40.755413
2000-02-08,40.108486
2000-02-09,40.108486
2000-02-10,40.108486
2000-02-11,39.785030
2000-02-14,40.431942
2000-02-15,39.138119
2000-02-16,38.976391
2000-02-17,39.299847
2000-02-18,38.652946
2000-02-22,38.006020
2000-02-23,37.682579
2000-02-24,37.844299
2000-02-25,38.329483
2000-02-28,38.976391
2000-02-29,39.299847
2000-03-01,40.108486
2000-03-02,39.299847
2000-03-03,39.623302
2000-03-06,38.167763
2000-03-07,38.652946
2000-03-08,39.299847
2000-03-09,38.976391
2000-03-10,38.652946
2000-03-13,36.712208
2000-03-14,37.359123
2000-03-15,37.844299
2000-03-16,39.299847
2000-03-17,38.814663
2000-03-20,39.138119
2000-03-21,38.976391
2000-03-22,38.652946
2000-03-23,38.652946
2000-03-24,38.652946
2000-03-27,39.138119
2000-03-28,40.108486
2000-03-29,41.402294
2000-03-30,41.078857
2000-03-31,42.696133
2000-04-03,42.210957
2000-04-04,41.078857
2000-04-05,41.240582
2000-04-06,41.078857
2000-04-07,41.240582
2000-04-10,41.078857
2000-04-11,40.755413
2000-04-12,41.078857
2000-04-13,40.431942
2000-04-14,39.138119
2000-04-17,39.138119
2000-04-18,39.299847
2000-04-19,38.976391
2000-04-20,39.623302
2000-04-24,39.461578
2000-04-25,40.593666
2000-04-26,39.785030
2000-04-27,39.299847
2000-04-28,39.461578
2000-05-01,40.270226
2000-05-02,39.785030
2000-05-03,39.299847
2000-05-04,39.785030
2000-05-05,39.785030
2000-05-08,39.461578
2000-05-09,38.976391
2000-05-10,38.652946
2000-05-11,38.208179
2000-05-12,38.814663
2000-05-15,38.652946
2000-05-16,38.814663
2000-05-17,37.844299
2000-05-18,38.006020
2000-05-19,37.520851
2000-05-22,36.550484
2000-05-23,36.550484
2000-05-24,37.197392
2000-05-25,36.873932
2000-05-26,37.197392
2000-05-30,38.167763
2000-05-31,37.197392
2000-06-01,37.682579
2000-06-02,38.814663
2000-06-05,38.814663
2000-06-06,38.976391
2000-06-07,39.138119
2000-06-08,38.814663
2000-06-09,38.491211
2000-06-12,38.329483
2000-06-13,38.329483
2000-06-14,37.844299
2000-06-15,37.197392
2000-06-16,37.035656
2000-06-19,38.167763
2000-06-20,38.652946
2000-06-21,38.814663
2000-06-22,39.138119
2000-06-23,38.491211
2000-06-26,38.491211
2000-06-27,38.976391
2000-06-28,39.461578
2000-06-29,41.887493
2000-06-30,39.299847
2000-07-03,39.623302
2000-07-05,38.652946
2000-07-06,38.976391
2000-07-07,39.138119
2000-07-10,39.299847
2000-07-11,39.299847
2000-07-12,38.976391
2000-07-13,38.167763
2000-07-14,38.167763
2000-07-17,38.006020
2000-07-18,36.873932
2000-07-19,36.550484
2000-07-20,37.359123
2000-07-21,36.227009
2000-07-24,35.580105
2000-07-25,36.065285
2000-07-26,35.741837
2000-07-27,35.094933
2000-07-28,34.124561
2000-07-31,34.933208
2000-08-01,35.256657
2000-08-02,35.256657
2000-08-03,35.094933
2000-08-04,35.256657
2000-08-07,35.418381
2000-08-08,35.256657
2000-08-09,35.580105
2000-08-10,35.418381
2000-08-11,35.903557
2000-08-14,35.741837
2000-08-15,36.065285
2000-08-16,35.580105
2000-08-17,35.580105
2000-08-18,35.741837
2000-08-21,35.580105
2000-08-22,35.741837
2000-08-23,36.388760
2000-08-24,37.093182
2000-08-25,37.427364
2000-08-28,37.928616
2000-08-29,37.761532
2000-08-30,36.926102
2000-08-31,37.260273
2000-09-01,37.594452
2000-09-05,36.424839
2000-09-06,36.424839
2000-09-07,36.759014
2000-09-08,36.591927
2000-09-11,36.090664
2000-09-12,35.756508
2000-09-13,35.589413
2000-09-14,35.589413
2000-09-15,35.255238
2000-09-18,35.422325
2000-09-19,36.090664
2000-09-20,36.257755
2000-09-21,35.923584
2000-09-22,35.589413
2000-09-25,35.255238
2000-09-26,35.422325
2000-09-27,34.921066
2000-09-28,35.422325
2000-09-29,35.422325
2000-10-02,35.422325
2000-10-03,35.923584
2000-10-04,36.090664
2000-10-05,35.923584
2000-10-06,35.422325
2000-10-09,35.422325
2000-10-10,35.422325
2000-10-11,34.586887
2000-10-12,34.085629
2000-10-13,34.921066
2000-10-16,34.586887
2000-10-17,33.918545
2000-10-18,33.417290
2000-10-19,34.252731
2000-10-20,33.918545
2000-10-23,34.085629
2000-10-24,33.918545
2000-10-25,33.417290
2000-10-26,33.584373
2000-10-27,34.085629
2000-10-30,33.250195
2000-10-31,33.918545
2000-11-01,33.751472
2000-11-02,34.419800
2000-11-03,34.921066
2000-11-06,35.088154
2000-11-07,34.921066
2000-11-08,34.586887
2000-11-09,34.085629
2000-11-10,33.417290
2000-11-13,33.250195
2000-11-14,33.918545
2000-11-15,33.417290
2000-11-16,32.414768
2000-11-17,32.748932
2000-11-20,32.080585
2000-11-21,31.746426
2000-11-22,31.245176
2000-11-24,31.412249
2000-11-27,31.913513
2000-11-28,31.746426
2000-11-29,31.579340
2000-11-30,31.412249
2000-12-01,32.414768
2000-12-04,31.913513
2000-12-05,31.913513
2000-12-06,31.913513
2000-12-07,31.579340
2000-12-08,31.579340
2000-12-11,32.581848
2000-12-12,32.080585
2000-12-13,31.746426
2000-12-14,31.746426
2000-12-15,30.910994
2000-12-18,31.078079
2000-12-19,30.242638
2000-12-20,30.762972
2000-12-21,30.587198
2000-12-22,31.114559
2000-12-26,30.938768
2000-12-27,31.290340
2000-12-28,31.290340
2000-12-29,31.114559
2001-01-02,30.938768
2001-01-03,32.345062
2001-01-04,30.762972
2001-01-05,30.587198
2001-01-08,30.762972
2001-01-09,30.587198
2001-01-10,30.411407
2001-01-11,29.532463
2001-01-12,29.532463
2001-01-16,30.059835
2001-01-17,30.587198
2001-01-18,31.466143
2001-01-19,30.938768
2001-01-22,31.114559
2001-01-23,31.114559
2001-01-24,30.762972
2001-01-25,30.762972
2001-01-26,30.411407
2001-01-29,31.023151
2001-01-30,31.135647
2001-01-31,30.938768
2001-02-01,31.051279
2001-02-02,30.629381
2001-02-05,30.460611
2001-02-06,30.432493
2001-02-07,29.954348
2001-02-08,29.898096
2001-02-09,29.954348
2001-02-12,29.898096
2001-02-13,30.038729
2001-02-14,29.785583
2001-02-15,30.235605
2001-02-16,29.532463
2001-02-20,29.673084
2001-02-21,29.335569
2001-02-22,29.419958
2001-02-23,30.010603
2001-02-26,30.151236
2001-02-27,29.813715
2001-02-28,29.616837
2001-03-01,29.223072
2001-03-02,28.126150
2001-03-05,28.069897
2001-03-06,28.941805
2001-03-07,28.913677
2001-03-08,28.941805
2001-03-09,28.294910
2001-03-12,27.394865
2001-03-13,27.619871
2001-03-14,25.763556
2001-03-15,27.113615
2001-03-16,27.001101
2001-03-19,27.338615
2001-03-20,27.141739
2001-03-21,28.463665
2001-03-22,28.126150
2001-03-23,29.476202
2001-03-26,30.235605
2001-03-27,30.995026
2001-03-28,30.038729
2001-03-29,29.138685
2001-03-30,28.801186
2001-04-02,28.294910
2001-04-03,28.604292
2001-04-04,29.391829
2001-04-05,30.376244
2001-04-06,29.757462
2001-04-09,28.744928
2001-04-10,29.138685
2001-04-11,28.969940
2001-04-12,29.588713
2001-04-16,28.998056
2001-04-17,29.110569
2001-04-18,31.191910
2001-04-19,30.713755
2001-04-20,30.348112
2001-04-23,30.291866
2001-04-24,30.319998
2001-04-25,30.657511
2001-04-26,30.657511
2001-04-27,31.191910
2001-04-30,31.557545
2001-05-01,32.316940
2001-05-02,32.429455
2001-05-03,32.204437
2001-05-04,32.288822
2001-05-07,32.935715
2001-05-08,32.288822
2001-05-09,31.529419
2001-05-10,31.416922
2001-05-11,31.276291
2001-05-14,30.770010
2001-05-15,31.051279
2001-05-16,30.966894
2001-05-17,31.135647
2001-05-18,30.910643
2001-05-21,31.613802
2001-05-22,31.135647
2001-05-23,31.501297
2001-05-24,31.501297
2001-05-25,31.276291
2001-05-29,30.741884
2001-05-30,30.516869
2001-05-31,30.629381
2001-06-01,30.432493
2001-06-04,30.544996
2001-06-05,30.460611
2001-06-06,30.038729
2001-06-07,30.235605
2001-06-08,30.207491
2001-06-11,29.532463
2001-06-12,29.138685
2001-06-13,29.110569
2001-06-14,28.801186
2001-06-15,28.435539
2001-06-18,28.491798
2001-06-19,28.323029
2001-06-20,28.351166
2001-06-21,28.969940
2001-06-22,28.829298
2001-06-25,28.632427
2001-06-26,28.716793
2001-06-27,28.576159
2001-06-28,28.688673
2001-06-29,28.773067
2001-07-02,28.716793
2001-07-03,28.632427
2001-07-05,27.732389
2001-07-06,27.029226
2001-07-09,27.394865
2001-07-10,27.141739
2001-07-11,27.254240
2001-07-12,28.013643
2001-07-13,27.535507
2001-07-16,27.141739
2001-07-17,27.057362
2001-07-18,26.607346
2001-07-19,26.860472
2001-07-20,26.888601
2001-07-23,25.876059
2001-07-24,25.932316
2001-07-25,26.663588
2001-07-26,26.326077
2001-07-27,26.832348
2001-07-30,25.960438
2001-07-31,26.438583
2001-08-01,26.916721
2001-08-02,27.535507
2001-08-03,27.141739
2001-08-06,26.972980
2001-08-07,27.226122
2001-08-08,26.972980
2001-08-09,26.888601
2001-08-10,26.719843
2001-08-13,26.551088
2001-08-14,27.085485
2001-08-15,27.085485
2001-08-16,27.169863
2001-08-17,26.326077
2001-08-20,26.438583
2001-08-21,26.579206
2001-08-22,26.832348
2001-08-23,26.326077
2001-08-24,26.719843
2001-08-27,26.494841
2001-08-28,26.185448
2001-08-29,25.763556
2001-08-30,25.313540
2001-08-31,25.707306
2001-09-04,25.201038
2001-09-05,24.722883
2001-09-06,24.385378
2001-09-07,24.329121
2001-09-10,24.188488
2001-09-17,23.316580
2001-09-18,23.372837
2001-09-19,23.794722
2001-09-20,23.007198
2001-09-21,22.782188
2001-09-24,23.625963
2001-09-25,23.485334
2001-09-26,23.147820
2001-09-27,22.894690
2001-09-28,23.625963
2001-10-01,23.485334
2001-10-02,24.047853
2001-10-03,24.272863
2001-10-04,24.188488
2001-10-05,23.907227
2001-10-08,23.991606
2001-10-09,23.541590
2001-10-10,23.822849
2001-10-11,24.329121
2001-10-12,24.329121
2001-10-15,24.104107
2001-10-16,24.300997
2001-10-17,24.216614
2001-10-18,24.047853
2001-10-19,24.075987
2001-10-22,24.300997
2001-10-23,24.329121
2001-10-24,24.385378
2001-10-25,24.835386
2001-10-26,24.582262
2001-10-29,23.991606
2001-10-30,23.400957
2001-10-31,23.597836
2001-11-01,23.907227
2001-11-02,23.822849
2001-11-05,23.991606
2001-11-06,24.385378
2001-11-07,23.569719
2001-11-08,23.822849
2001-11-09,23.372837
2001-11-12,23.175947
2001-11-13,23.344711
2001-11-14,23.091574
2001-11-15,23.513458
2001-11-16,23.485334
2001-11-19,23.654095
2001-11-20,23.654095
2001-11-21,23.850973
2001-11-23,23.850973
2001-11-26,24.244743
2001-11-27,24.047853
2001-11-28,23.485334
2001-11-29,23.457207
2001-11-30,23.569719
2001-12-03,23.063444
2001-12-04,23.147820
2001-12-05,23.794722
2001-12-06,23.597836
2001-12-07,23.091574
2001-12-10,22.275909
2001-12-11,22.472797
2001-12-12,22.754061
2001-12-13,22.163406
2001-12-14,22.247786
2001-12-17,21.910276
2001-12-18,22.079029
2001-12-19,21.966524
2001-12-20,21.938395
2001-12-21,21.966524
2001-12-24,21.741520
2001-12-26,21.432123
2001-12-27,21.572763
2001-12-28,22.079029
2001-12-31,21.685261
2002-01-02,21.797766
2002-01-03,22.332161
2002-01-04,22.697800
2002-01-07,22.304039
2002-01-08,21.825886
2002-01-09,21.713385
2002-01-10,21.488375
2002-01-11,21.235241
2002-01-14,20.953981
2002-01-15,21.094610
2002-01-16,20.841482
2002-01-17,21.038359
2002-01-18,21.122742
2002-01-22,20.588343
2002-01-23,20.475834
2002-01-24,20.250828
2002-01-25,20.447718
2002-01-28,20.672720
2002-01-29,20.110201
2002-01-30,20.250828
2002-01-31,20.082071
2002-02-01,19.828938
2002-02-04,19.463299
2002-02-05,18.985153
2002-02-06,18.872644
2002-02-07,19.435171
2002-02-08,19.941444
2002-02-11,20.110201
2002-02-12,20.250828
2002-02-13,20.616467
2002-02-14,20.588343
2002-02-15,20.447718
2002-02-19,19.660181
2002-02-20,19.941444
2002-02-21,20.278959
2002-02-22,20.616467
2002-02-25,20.785227
2002-02-26,20.447718
2002-02-27,20.953981
2002-02-28,21.010241
2002-03-01,21.938395
2002-03-04,23.204073
2002-03-05,22.782188
2002-03-06,23.457207
2002-03-07,24.188488
2002-03-08,24.075987
2002-03-11,24.385378
2002-03-12,23.738476
2002-03-13,23.063444
2002-03-14,23.344711
2002-03-15,23.963490
2002-03-18,23.119701
2002-03-19,23.738476
2002-03-20,23.091574
2002-03-21,23.147820
2002-03-22,22.585302
2002-03-25,22.360291
2002-03-26,22.472797
2002-03-27,22.585302
2002-03-28,22.894690
2002-04-01,22.135281
2002-04-02,22.135281
2002-04-03,22.557175
2002-04-04,22.922813
2002-04-05,23.147820
2002-04-08,22.838434
2002-04-09,22.669682
2002-04-10,23.119701
2002-04-11,22.444670
2002-04-12,22.500917
2002-04-15,22.444670
2002-04-16,23.204073
2002-04-17,23.232203
2002-04-18,23.429087
2002-04-19,23.400957
2002-04-22,23.541590
2002-04-23,23.710342
2002-04-24,23.541590
2002-04-25,23.850973
2002-04-26,23.738476
2002-04-29,23.597836
2002-04-30,23.738476
2002-05-01,23.907227
2002-05-02,23.963490
2002-05-03,23.991606
2002-05-06,23.738476
2002-05-07,23.400957
2002-05-08,24.047853
2002-05-09,23.654095
2002-05-10,23.597836
2002-05-13,23.822849
2002-05-14,23.822849
2002-05-15,23.794722
2002-05-16,24.385378
2002-05-17,24.947895
2002-05-20,25.116653
2002-05-21,25.032278
2002-05-22,25.566668
2002-05-23,25.566668
2002-05-24,25.510418
2002-05-28,25.313540
2002-05-29,25.144783
2002-05-30,25.313540
2002-05-31,25.201038
2002-06-03,25.313540
2002-06-04,25.144783
2002-06-05,25.060406
2002-06-06,24.441624
2002-06-07,24.694765
2002-06-10,24.441624
2002-06-11,24.329121
2002-06-12,24.075987
2002-06-13,23.682219
2002-06-14,23.429087
2002-06-17,23.429087
2002-06-18,23.119701
2002-06-19,22.360291
2002-06-20,22.613426
2002-06-21,22.416542
2002-06-24,22.782188
2002-06-25,22.866562
2002-06-26,22.725927
2002-06-27,23.260324
2002-06-28,23.710342
2002-07-01,23.429087
2002-07-02,23.400957
2002-07-03,24.075987
2002-07-05,24.441624
2002-07-08,24.188488
2002-07-09,24.385378
2002-07-10,24.047853
2002-07-11,23.907227
2002-07-12,23.935352
2002-07-15,23.710342
2002-07-16,23.204073
2002-07-17,23.682219
2002-07-18,23.682219
2002-07-19,23.063444
2002-07-22,23.063444
2002-07-23,22.866562
2002-07-24,23.513458
2002-07-25,22.585302
2002-07-26,21.994652
2002-07-29,22.557175
2002-07-30,22.472797
2002-07-31,22.107151
2002-08-01,21.572763
2002-08-02,21.797766
2002-08-05,21.516506
2002-08-06,21.629011
2002-08-07,22.191536
2002-08-08,22.163406
2002-08-09,22.388416
2002-08-12,22.022774
2002-08-13,21.882145
2002-08-14,22.669682
2002-08-15,22.782188
2002-08-16,22.500917
2002-08-19,22.219666
2002-08-20,21.713385
2002-08-21,21.938395
2002-08-22,22.191536
2002-08-23,21.994652
2002-08-26,22.557175
2002-08-27,22.444670
2002-08-28,22.022774
2002-08-29,21.854019
2002-08-30,21.966524
2002-09-03,20.869604
2002-09-04,20.982113
2002-09-05,20.728975
2002-09-06,21.094610
2002-09-09,21.010241
2002-09-10,20.925859
2002-09-11,20.982113
2002-09-12,20.841482
2002-09-13,20.447718
2002-09-16,20.307077
2002-09-17,20.644592
2002-09-18,21.600882
2002-09-19,21.178993
2002-09-20,20.897728
2002-09-23,20.391460
2002-09-24,20.053942
2002-09-25,20.335209
2002-09-26,20.728975
2002-09-27,20.785227
2002-09-30,20.616467
2002-10-01,20.757101
2002-10-02,19.913317
2002-10-03,19.772686
2002-10-04,19.688303
2002-10-07,18.928898
2002-10-08,19.182039
2002-10-09,18.478880
2002-10-10,18.844526
2002-10-11,19.266418
2002-10-14,19.153912
2002-10-15,20.082071
2002-10-16,19.378918
2002-10-17,19.857063
2002-10-18,19.603928
2002-10-21,19.828938
2002-10-22,18.957033
2002-10-23,19.266418
2002-10-24,18.957033
2002-10-25,19.378918
2002-10-28,19.378918
2002-10-29,19.322670
2002-10-30,19.688303
2002-10-31,19.435171
2002-11-01,19.800806
2002-11-04,19.885193
2002-11-05,20.250828
2002-11-06,20.278959
2002-11-07,19.857063
2002-11-08,19.660181
2002-11-11,19.210159
2002-11-12,19.378918
2002-11-13,19.238285
2002-11-14,19.266418
2002-11-15,19.547676
2002-11-18,18.957033
2002-11-19,18.675758
2002-11-20,19.153912
2002-11-21,19.491421
2002-11-22,19.435171
2002-11-25,19.800806
2002-11-26,19.547676
2002-11-27,19.997692
2002-11-29,20.138319
2002-12-02,19.969570
2002-12-03,19.772686
2002-12-04,19.407047
2002-12-05,19.210159
2002-12-06,19.378918
2002-12-09,19.153912
2002-12-10,19.294544
2002-12-11,19.182039
2002-12-12,19.266418
2002-12-13,19.153912
2002-12-16,19.266418
2002-12-17,19.125784
2002-12-18,18.591387
2002-12-19,18.872644
2002-12-20,19.069540
2002-12-23,18.985153
2002-12-24,19.125784
2002-12-26,19.407047
2002-12-27,19.322670
2002-12-30,19.632055
2002-12-31,19.547676
2003-01-02,19.913317
2003-01-03,19.885193
2003-01-06,20.250828
2003-01-07,19.603928
2003-01-08,19.350790
2003-01-09,19.660181
2003-01-10,19.463299
2003-01-13,19.463299
2003-01-14,19.828938
2003-01-15,19.997692
2003-01-16,20.194580
2003-01-17,20.082071
2003-01-21,20.025816
2003-01-22,19.969570
2003-01-23,20.391460
2003-01-24,20.138319
2003-01-27,19.744560
2003-01-28,19.660181
2003-01-29,19.378918
2003-01-30,19.069540
2003-01-31,19.041407
2003-02-03,19.294544
2003-02-04,19.322670
2003-02-05,19.407047
2003-02-06,19.266418
2003-02-07,19.125784
2003-02-10,19.125784
2003-02-11,19.266418
2003-02-12,19.378918
2003-02-13,19.547676
2003-02-14,19.744560
2003-02-18,19.997692
2003-02-19,19.660181
2003-02-20,19.660181
2003-02-21,19.688303
2003-02-24,19.632055
2003-02-25,19.350790
2003-02-26,19.210159
2003-02-27,19.294544
2003-02-28,19.238285
2003-03-03,19.322670
2003-03-04,19.238285
2003-03-05,19.210159
2003-03-06,19.013275
2003-03-07,18.703890
2003-03-10,18.282001
2003-03-11,18.113247
2003-03-12,18.338251
2003-03-13,18.591387
2003-03-14,18.338251
2003-03-17,18.450760
2003-03-18,18.253868
2003-03-19,18.169495
2003-03-20,18.563259
2003-03-21,18.872644
2003-03-24,18.732021
2003-03-25,18.816397
2003-03-26,18.957033
2003-03-27,18.788265
2003-03-28,18.788265
2003-03-31,18.169495
2003-04-01,18.394503
2003-04-02,18.619511
2003-04-03,18.225744
2003-04-04,18.282001
2003-04-07,18.535130
2003-04-08,18.225744
2003-04-09,18.197615
2003-04-10,18.056986
2003-04-11,17.747599
2003-04-14,17.663223
2003-04-15,17.691351
2003-04-16,17.775726
2003-04-17,17.916355
2003-04-21,18.000738
2003-04-22,18.000738
2003-04-23,17.888231
2003-04-24,17.775726
2003-04-25,17.550720
2003-04-28,17.606979
2003-04-29,17.691351
2003-04-30,18.028860
2003-05-01,18.085115
2003-05-02,18.478880
2003-05-05,18.619511
2003-05-06,18.957033
2003-05-07,19.097652
2003-05-08,18.816397
2003-05-09,19.013275
2003-05-12,19.238285
2003-05-13,19.153912
2003-05-14,19.266418
2003-05-15,19.097652
2003-05-16,19.069540
2003-05-19,18.535130
2003-05-20,18.760143
2003-05-21,18.591387
2003-05-22,18.928898
2003-05-23,19.125784
2003-05-27,19.069540
2003-05-28,18.900774
2003-05-29,18.985153
2003-05-30,19.097652
2003-06-02,19.294544
2003-06-03,19.463299
2003-06-04,19.632055
2003-06-05,19.772686
2003-06-06,19.885193
2003-06-09,19.913317
2003-06-10,20.082071
2003-06-11,20.419584
2003-06-12,20.391460
2003-06-13,20.222698
2003-06-16,20.278959
2003-06-17,20.475834
2003-06-18,20.616467
2003-06-19,20.447718
2003-06-20,20.560213
2003-06-23,20.728975
2003-06-24,20.307077
2003-06-25,20.166451
2003-06-26,20.391460
2003-06-27,20.363327
2003-06-30,20.447718
2003-07-01,20.982113
2003-07-02,22.022774
2003-07-03,21.797766
2003-07-07,22.810308
2003-07-08,22.782188
2003-07-09,22.725927
2003-07-10,22.388416
2003-07-11,22.050905
2003-07-14,22.275909
2003-07-15,22.163406
2003-07-16,21.685261
2003-07-17,21.122742
2003-07-18,21.488375
2003-07-21,21.263369
2003-07-22,21.375870
2003-07-23,21.544624
2003-07-24,21.488375
2003-07-25,21.882145
2003-07-28,21.938395
2003-07-29,21.657137
2003-07-30,21.207115
2003-07-31,21.375870
2003-08-01,21.122742
2003-08-04,21.010241
2003-08-05,20.757101
2003-08-06,20.841482
2003-08-07,21.038359
2003-08-08,21.010241
2003-08-11,21.375870
2003-08-12,21.488375
2003-08-13,21.685261
2003-08-14,22.079029
2003-08-15,22.163406
2003-08-18,22.557175
2003-08-19,22.950937
2003-08-20,22.950937
2003-08-21,23.316580
2003-08-22,23.204073
2003-08-25,23.007198
2003-08-26,23.344711
2003-08-27,23.316580
2003-08-28,23.175947
2003-08-29,23.344711
2003-09-02,24.469748
2003-09-03,24.497875
2003-09-04,24.188488
2003-09-05,23.879103
2003-09-08,24.244743
2003-09-09,24.469748
2003-09-10,24.075987
2003-09-11,24.132236
2003-09-12,24.497875
2003-09-15,24.357250
2003-09-16,25.510418
2003-09-17,25.257282
2003-09-18,25.791677
2003-09-19,25.482292
2003-09-22,25.032278
2003-09-23,25.229153
2003-09-24,24.807266
2003-09-25,24.441624
2003-09-26,24.722883
2003-09-29,24.976015
2003-09-30,24.638519
2003-10-01,25.651049
2003-10-02,26.157318
2003-10-03,26.635462
2003-10-06,26.494841
2003-10-07,26.579206
2003-10-08,26.129194
2003-10-09,26.297947
2003-10-10,26.804218
2003-10-13,26.916721
2003-10-14,27.226122
2003-10-15,26.719843
2003-10-16,26.944860
2003-10-17,26.860472
2003-10-20,27.113615
2003-10-21,27.254240
2003-10-22,26.354206
2003-10-23,25.482292
2003-10-24,25.454168
2003-10-27,25.876059
2003-10-28,26.438583
2003-10-29,26.551088
2003-10-30,26.494841
2003-10-31,25.988573
2003-11-03,26.241699
2003-11-04,26.635462
2003-11-05,26.466707
2003-11-06,25.791677
2003-11-07,26.044809
2003-11-10,25.819809
2003-11-11,25.201038
2003-11-12,25.735418
2003-11-13,25.735418
2003-11-14,25.229153
2003-11-17,24.469748
2003-11-18,24.357250
2003-11-19,24.413500
2003-11-20,24.188488
2003-11-21,24.441624
2003-11-24,24.947895
2003-11-25,24.863518
2003-11-26,25.116653
2003-11-28,25.201038
2003-12-01,25.960438
2003-12-02,25.735418
2003-12-03,25.932316
2003-12-04,25.988573
2003-12-05,25.791677
2003-12-08,25.679171
2003-12-09,25.397909
2003-12-10,25.004152
2003-12-11,25.397909
2003-12-12,25.679171
2003-12-15,25.594799
2003-12-16,25.791677
2003-12-17,25.510418
2003-12-18,25.904182
2003-12-19,25.791677
2003-12-22,26.134895
2003-12-23,26.275558
2003-12-24,25.909836
2003-12-26,26.472481
2003-12-29,26.697538
2003-12-30,27.006989
2003-12-31,27.119532
2004-01-02,27.288322
2004-01-05,27.850962
2004-01-06,27.597775
2004-01-07,27.372707
2004-01-08,27.597775
2004-01-09,27.372707
2004-01-12,27.569651
2004-01-13,27.147659
2004-01-14,27.344578
2004-01-15,27.147659
2004-01-16,27.569651
2004-01-20,27.682177
2004-01-21,27.710308
2004-01-22,27.935364
2004-01-23,27.485233
2004-01-26,27.935364
2004-01-27,27.541513
2004-01-28,27.006989
2004-01-29,27.175789
2004-01-30,27.175789
2004-02-02,27.344578
2004-02-03,27.203922
2004-02-04,26.416222
2004-02-05,26.669403
2004-02-06,26.978867
2004-02-09,26.669403
2004-02-10,26.894466
2004-02-11,27.063265
2004-02-12,26.810062
2004-02-13,27.006989
2004-02-17,27.457111
2004-02-18,27.175789
2004-02-19,27.063265
2004-02-20,26.753805
2004-02-23,26.922594
2004-02-24,26.613150
2004-02-25,26.528746
2004-02-26,26.641275
2004-02-27,27.316452
2004-03-01,28.160421
2004-03-02,27.850962
2004-03-03,27.766560
2004-03-04,27.710308
2004-03-05,27.794706
2004-03-08,27.710308
2004-03-09,27.682177
2004-03-10,27.400841
2004-03-11,26.838202
2004-03-12,27.428982
2004-03-15,27.372707
2004-03-16,27.879101
2004-03-17,28.919985
2004-03-18,29.173185
2004-03-19,28.666800
2004-03-22,28.216688
2004-03-23,28.694929
2004-03-24,29.313845
2004-03-25,30.157812
2004-03-26,30.467257
2004-03-29,30.692326
2004-03-30,30.410999
2004-03-31,30.579792
2004-04-01,30.917385
2004-04-02,31.170572
2004-04-05,31.283115
2004-04-06,31.142439
2004-04-07,30.861120
2004-04-08,30.720453
2004-04-12,31.367495
2004-04-13,30.776726
2004-04-14,30.214081
2004-04-15,29.792082
2004-04-16,30.185940
2004-04-19,29.651428
2004-04-20,29.820219
2004-04-21,30.045282
2004-04-22,30.382870
2004-04-23,30.185940
2004-04-26,30.157812
2004-04-27,29.904617
2004-04-28,29.004381
2004-04-29,28.919985
2004-04-30,28.526154
2004-05-03,28.498014
2004-05-04,28.948120
2004-05-05,29.341969
2004-05-06,28.413622
2004-05-07,27.569651
2004-05-10,25.825441
2004-05-11,26.359955
2004-05-12,26.725670
2004-05-13,26.191158
2004-05-14,25.825441
2004-05-17,25.150269
2004-05-18,25.853571
2004-05-19,26.472481
2004-05-20,26.641275
2004-05-21,27.091393
2004-05-24,27.063265
2004-05-25,27.569651
2004-05-26,27.372707
2004-05-27,27.879101
2004-05-28,28.104153
2004-06-01,27.935364
2004-06-02,28.132284
2004-06-03,27.316452
2004-06-04,27.654041
2004-06-07,28.779343
2004-06-08,28.666800
2004-06-09,28.047890
2004-06-10,28.779343
2004-06-14,28.104153
2004-06-15,28.807470
2004-06-16,28.779343
2004-06-17,28.751202
2004-06-18,28.751202
2004-06-21,28.976259
2004-06-22,29.088787
2004-06-23,29.201313
2004-06-24,29.567030
2004-06-25,29.567030
2004-06-28,29.735826
2004-06-29,29.735826
2004-06-30,29.876478
2004-07-01,29.341969
2004-07-02,29.173185
2004-07-06,28.216688
2004-07-07,28.469875
2004-07-08,27.991634
2004-07-09,28.694929
2004-07-12,28.723057
2004-07-13,29.313845
2004-07-14,28.610535
2004-07-15,28.301083
2004-07-16,28.469875
2004-07-19,28.582392
2004-07-20,28.638674
2004-07-21,27.907228
2004-07-22,28.216688
2004-07-23,27.541513
2004-07-26,27.682177
2004-07-27,27.654041
2004-07-28,27.457111
2004-07-29,27.372707
2004-07-30,27.682177
2004-08-02,27.850962
2004-08-03,27.625896
2004-08-04,27.372707
2004-08-05,26.725670
2004-08-06,26.585005
2004-08-09,26.838202
2004-08-10,27.063265
2004-08-11,27.288322
2004-08-12,26.866331
2004-08-13,26.556879
2004-08-16,26.838202
2004-08-17,26.810062
2004-08-18,27.203922
2004-08-19,27.232061
2004-08-20,27.766560
2004-08-23,27.400841
2004-08-24,27.822836
2004-08-25,28.047890
2004-08-26,27.935364
2004-08-27,28.019754
2004-08-30,27.879101
2004-08-31,28.076019
2004-09-01,28.019754
2004-09-02,28.244818
2004-09-03,27.457111
2004-09-07,28.498014
2004-09-08,28.244818
2004-09-09,27.935364
2004-09-10,27.907228
2004-09-13,27.991634
2004-09-14,28.244818
2004-09-15,27.597775
2004-09-16,27.710308
2004-09-17,27.597775
2004-09-20,27.541513
2004-09-21,27.710308
2004-09-22,27.091393
2004-09-23,27.006989
2004-09-24,26.950737
2004-09-27,26.669403
2004-09-28,26.838202
2004-09-29,26.894466
2004-09-30,27.288322
2004-10-01,27.907228
2004-10-04,28.076019
2004-10-05,27.935364
2004-10-06,28.188547
2004-10-07,27.822836
2004-10-08,28.019754
2004-10-11,28.216688
2004-10-12,27.879101
2004-10-13,27.625896
2004-10-14,27.288322
2004-10-15,27.457111
2004-10-18,27.654041
2004-10-19,27.682177
2004-10-20,27.513363
2004-10-21,27.738436
2004-10-22,27.372707
2004-10-25,27.485233
2004-10-26,27.513363
2004-10-27,27.935364
2004-10-28,27.907228
2004-10-29,27.935364
2004-11-01,27.850962
2004-11-02,28.188547
2004-11-03,28.413622
2004-11-04,28.807470
2004-11-05,28.863728
2004-11-08,28.638674
2004-11-09,28.526154
2004-11-10,28.160421
2004-11-11,28.301083
2004-11-12,28.751202
2004-11-15,29.201313
2004-11-16,29.032526
2004-11-17,29.426376
2004-11-18,29.313845
2004-11-19,29.004381
2004-11-22,28.919985
2004-11-23,28.835585
2004-11-24,28.948120
2004-11-26,29.173185
2004-11-29,29.229446
2004-11-30,29.004381
2004-12-01,29.398239
2004-12-02,29.510765
2004-12-03,29.595165
2004-12-06,29.285709
2004-12-07,28.807470
2004-12-08,29.032526
2004-12-09,28.582392
2004-12-10,28.329208
2004-12-13,28.582392
2004-12-14,28.694929
2004-12-15,28.835585
2004-12-16,28.779343
2004-12-17,29.032526
2004-12-20,29.229446
2004-12-21,29.538904
2004-12-22,29.623297
2004-12-23,29.829514
2004-12-27,29.970736
2004-12-28,30.563948
2004-12-29,30.196726
2004-12-30,30.479202
2004-12-31,30.846420
2005-01-03,30.479202
2005-01-04,29.970736
2005-01-05,29.942499
2005-01-06,29.942499
2005-01-07,29.773003
2005-01-10,29.998987
2005-01-11,30.422716
2005-01-12,30.592190
2005-01-13,30.337965
2005-01-14,30.648674
2005-01-18,30.705183
2005-01-19,30.140226
2005-01-20,29.603519
2005-01-21,29.914248
2005-01-24,29.942499
2005-01-25,29.716522
2005-01-26,30.196726
2005-01-27,29.998987
2005-01-28,29.914248
2005-01-31,29.914248
2005-02-01,30.083733
2005-02-02,30.196726
2005-02-03,29.773003
2005-02-04,29.886002
2005-02-07,29.801270
2005-02-08,29.631771
2005-02-09,29.462286
2005-02-10,29.716522
2005-02-11,29.942499
2005-02-14,30.224974
2005-02-15,30.366213
2005-02-16,29.942499
2005-02-17,29.773003
2005-02-18,30.083733
2005-02-22,30.027235
2005-02-23,29.801270
2005-02-24,29.886002
2005-02-25,30.224974
2005-02-28,30.535694
2005-03-01,30.761686
2005-03-02,30.620438
2005-03-03,30.535694
2005-03-04,31.015909
2005-03-07,30.959410
2005-03-08,30.818172
2005-03-09,30.931181
2005-03-10,31.157139
2005-03-11,31.213636
2005-03-14,30.846420
2005-03-15,30.705183
2005-03-16,30.705183
2005-03-17,30.733435
2005-03-18,30.874662
2005-03-21,30.761686
2005-03-22,30.563948
2005-03-23,30.337965
2005-03-24,30.253214
2005-03-28,30.253214
2005-03-29,29.349298
2005-03-30,29.575275
2005-03-31,29.631771
2005-04-01,29.547029
2005-04-04,29.518774
2005-04-05,29.857748
2005-04-06,29.857748
2005-04-07,29.970736
2005-04-08,29.886002
2005-04-11,29.801270
2005-04-12,29.801270
2005-04-13,29.462286
2005-04-14,29.038568
2005-04-15,28.445362
2005-04-18,28.078159
2005-04-19,28.643112
2005-04-20,28.219398
2005-04-21,28.812590
2005-04-22,28.614855
2005-04-25,29.038568
2005-04-26,28.586607
2005-04-27,28.756086
2005-04-28,28.445362
2005-04-29,28.953831
2005-05-02,29.123314
2005-05-03,29.066826
2005-05-04,29.490530
2005-05-05,29.518774
2005-05-06,29.575275
2005-05-09,29.518774
2005-05-10,29.151564
2005-05-11,29.292803
2005-05-12,28.699610
2005-05-13,28.445362
2005-05-16,28.501869
2005-05-17,28.388874
2005-05-18,28.586607
2005-05-19,28.699610
2005-05-20,28.417122
2005-05-23,28.812590
2005-05-24,28.699610
2005-05-25,28.332384
2005-05-26,28.530125
2005-05-27,28.699610
2005-05-31,28.586607
2005-06-01,28.756086
2005-06-02,28.953831
2005-06-03,28.727846
2005-06-06,29.010332
2005-06-07,29.095066
2005-06-08,29.066826
2005-06-09,28.897331
2005-06-10,28.756086
2005-06-13,28.530125
2005-06-14,28.643112
2005-06-15,28.756086
2005-06-16,29.038568
2005-06-17,29.236309
2005-06-20,28.897331
2005-06-21,29.236309
2005-06-22,29.123314
2005-06-23,28.925591
2005-06-24,28.869087
2005-06-27,28.756086
2005-06-28,28.953831
2005-06-29,28.784338
2005-06-30,28.643112
2005-07-01,28.643112
2005-07-05,28.812590
2005-07-06,28.501869
2005-07-07,28.501869
2005-07-08,28.897331
2005-07-11,28.953831
2005-07-12,29.066826
2005-07-13,28.727846
2005-07-14,28.784338
2005-07-15,28.869087
2005-07-18,28.840832
2005-07-19,28.897331
2005-07-20,28.812590
2005-07-21,29.349298
2005-07-22,28.982077
2005-07-25,28.812590
2005-07-26,28.643112
2005-07-27,28.982077
2005-07-28,29.151564
2005-07-29,28.953831
2005-08-01,29.208065
2005-08-02,29.575275
2005-08-03,29.490530
2005-08-04,29.179810
2005-08-05,28.727846
2005-08-08,28.784338
2005-08-09,29.292803
2005-08-10,30.168476
2005-08-11,30.987654
2005-08-12,30.931181
2005-08-15,31.298401
2005-08-16,30.818172
2005-08-17,31.100653
2005-08-18,30.789932
2005-08-19,30.846420
2005-08-22,31.722094
2005-08-23,31.467867
2005-08-24,31.270140
2005-08-25,31.354877
2005-08-26,31.241888
2005-08-29,31.213636
2005-08-30,31.044151
2005-08-31,31.439623
2005-09-01,31.722094
2005-09-02,31.948086
2005-09-06,32.230556
2005-09-07,31.976320
2005-09-08,31.609100
2005-09-09,32.654274
2005-09-12,32.682507
2005-09-13,32.400043
2005-09-14,32.287056
2005-09-15,32.823765
2005-09-16,32.993237
2005-09-19,32.654274
2005-09-20,32.936749
2005-09-21,33.162727
2005-09-22,33.219212
2005-09-23,33.106228
2005-09-26,33.642929
2005-09-27,33.445206
2005-09-28,34.010147
2005-09-29,34.998825
2005-09-30,34.433865
2005-10-03,34.264381
2005-10-04,34.123142
2005-10-05,33.529957
2005-10-06,32.823765
2005-10-07,33.219212
2005-10-10,33.106228
2005-10-11,33.755924
2005-10-12,33.558201
2005-10-13,33.755924
2005-10-14,34.010147
2005-10-17,33.445206
2005-10-18,32.964989
2005-10-19,33.247471
2005-10-20,32.484779
2005-10-21,32.908497
2005-10-24,33.162727
2005-10-25,33.275719
2005-10-26,33.416958
2005-10-27,33.360455
2005-10-28,33.784176
2005-10-31,34.207878
2005-11-01,34.546867
2005-11-02,34.772842
2005-11-03,34.914074
2005-11-04,34.631607
2005-11-07,34.970573
2005-11-08,34.885834
2005-11-09,34.688103
2005-11-10,34.518608
2005-11-11,34.857594
2005-11-14,34.405624
2005-11-15,33.981911
2005-11-16,34.377369
2005-11-17,35.253044
2005-11-18,35.450783
2005-11-21,35.676765
2005-11-22,35.563782
2005-11-23,35.818005
2005-11-25,35.366051
2005-11-28,35.535538
2005-11-29,35.563782
2005-11-30,35.196556
2005-12-01,36.015736
2005-12-02,35.987492
2005-12-05,36.213467
2005-12-06,36.495960
2005-12-07,36.354706
2005-12-08,35.761513
2005-12-09,36.524200
2005-12-12,37.173885
2005-12-13,37.484615
2005-12-14,37.286880
2005-12-15,37.004414
2005-12-16,37.512863
2005-12-19,37.399872
2005-12-20,37.767094
2005-12-21,38.303799
2005-12-22,38.642765
2005-12-23,38.722195
2005-12-27,37.899536
2005-12-28,38.580353
2005-12-29,38.608723
2005-12-30,38.353416
2006-01-03,39.573238
2006-01-04,39.942020
2006-01-05,39.658337
2006-01-06,40.254070
2006-01-09,40.452641
2006-01-10,39.715076
2006-01-11,40.140591
2006-01-12,39.856922
2006-01-13,39.913647
2006-01-17,38.693813
2006-01-18,37.559116
2006-01-19,38.580353
2006-01-20,37.474010
2006-01-23,38.041363
2006-01-24,38.693813
2006-01-25,38.353416
2006-01-26,39.232811
2006-01-27,40.112225
2006-01-30,39.913647
2006-01-31,39.771809
2006-02-01,39.658337
2006-02-02,39.062611
2006-02-03,39.403034
2006-02-06,39.317924
2006-02-07,39.034237
2006-02-08,38.807301
2006-02-09,38.693813
2006-02-10,38.523621
2006-02-13,37.700951
2006-02-14,38.608723
2006-02-15,38.126472
2006-02-16,38.551987
2006-02-17,37.729321
2006-02-21,37.814426
2006-02-22,38.069736
2006-02-23,38.466896
2006-02-24,39.204456
2006-02-27,39.686710
2006-02-28,39.147717
2006-03-01,39.516502
2006-03-02,38.920765
2006-03-03,38.381775
2006-03-06,38.126472
2006-03-07,37.700951
2006-03-08,37.956264
2006-03-09,38.353416
2006-03-10,38.807301
2006-03-13,39.204456
2006-03-14,39.601601
2006-03-15,39.488125
2006-03-16,39.119354
2006-03-17,39.658337
2006-03-20,40.140591
2006-03-21,39.658337
2006-03-22,40.168957
2006-03-23,39.488125
2006-03-24,39.913647
2006-03-27,40.055489
2006-03-28,39.573238
2006-03-29,40.679577
2006-03-30,40.991634
2006-03-31,40.849789
2006-04-03,41.530617
2006-04-04,41.530617
2006-04-05,41.729195
2006-04-06,41.927769
2006-04-07,41.644081
2006-04-10,41.871040
2006-04-11,41.388786
2006-04-12,41.076740
2006-04-13,41.076740
2006-04-17,40.651222
2006-04-18,41.984505
2006-04-19,41.927769
2006-04-20,41.672451
2006-04-21,41.927769
2006-04-24,41.672451
2006-04-25,41.757568
2006-04-26,42.183086
2006-04-27,42.154716
2006-04-28,41.984505
2006-05-01,42.126339
2006-05-02,42.807178
2006-05-03,42.693707
2006-05-04,42.920650
2006-05-05,43.714943
2006-05-08,43.941891
2006-05-09,44.112106
2006-05-10,43.488018
2006-05-11,42.636971
2006-05-12,42.097973
2006-05-15,42.495129
2006-05-16,42.041252
2006-05-17,40.707954
2006-05-18,40.736324
2006-05-19,41.076740
2006-05-22,39.998749
2006-05-23,39.431400
2006-05-24,39.516502
2006-05-25,39.998749
2006-05-26,40.509388
2006-05-30,39.431400
2006-05-31,39.715076
2006-06-01,39.885292
2006-06-02,40.339165
2006-06-05,39.317924
2006-06-06,38.693813
2006-06-07,37.842793
2006-06-08,36.622971
2006-06-09,36.452759
2006-06-12,36.112347
2006-06-13,34.864162
2006-06-14,35.743561
2006-06-15,37.020130
2006-06-16,36.679714
2006-06-19,36.481136
2006-06-20,36.566231
2006-06-21,37.048496
2006-06-22,36.878265
2006-06-23,36.708073
2006-06-26,37.020130
2006-06-27,36.367664
2006-06-28,36.821545
2006-06-29,38.381775
2006-06-30,38.693813
2006-07-03,39.374664
2006-07-05,38.069736
2006-07-06,38.410152
2006-07-07,38.239948
2006-07-10,38.807301
2006-07-11,38.807301
2006-07-12,37.729321
2006-07-13,36.764801
2006-07-14,36.452759
2006-07-17,35.998882
2006-07-18,35.658474
2006-07-19,36.396019
2006-07-20,36.197456
2006-07-21,36.225819
2006-07-24,36.906654
2006-07-25,37.190334
2006-07-26,36.991753
2006-07-27,37.502384
2006-07-28,38.523621
2006-07-31,38.495255
2006-08-01,37.899536
2006-08-02,38.778934
2006-08-03,38.466896
2006-08-04,38.608723
2006-08-07,37.757694
2006-08-08,37.956264
2006-08-09,38.098106
2006-08-10,38.523621
2006-08-11,38.154839
2006-08-14,38.381775
2006-08-15,39.261189
2006-08-16,39.686710
2006-08-17,39.601601
2006-08-18,39.800179
2006-08-21,39.459755
2006-08-22,39.573238
2006-08-23,39.289558
2006-08-24,38.977516
2006-08-25,38.778934
2006-08-28,38.693813
2006-08-29,39.005875
2006-08-30,38.750572
2006-08-31,38.892399
2006-09-01,39.232811
2006-09-05,39.771809
2006-09-06,39.176079
2006-09-07,38.864033
2006-09-08,38.864033
2006-09-11,38.268318
2006-09-12,38.580353
2006-09-13,38.098106
2006-09-14,38.069736
2006-09-15,38.041363
2006-09-18,38.154839
2006-09-19,37.842793
2006-09-20,37.984634
2006-09-21,37.984634
2006-09-22,37.445641
2006-09-25,37.672588
2006-09-26,37.700951
2006-09-27,38.268318
2006-09-28,38.466896
2006-09-29,38.410152
2006-10-02,38.807301
2006-10-03,38.665459
2006-10-04,38.977516
2006-10-05,39.317924
2006-10-06,38.864033
2006-10-09,38.495255
2006-10-10,38.807301
2006-10-11,38.438522
2006-10-12,38.835674
2006-10-13,38.722195
2006-10-16,39.147717
2006-10-17,38.920765
2006-10-18,39.147717
2006-10-19,39.147717
2006-10-20,39.119354
2006-10-23,39.544872
2006-10-24,39.573238
2006-10-25,39.686710
2006-10-26,39.942020
2006-10-27,39.488125
2006-10-30,39.261189
2006-10-31,39.176079
2006-11-01,39.005875
2006-11-02,39.090984
2006-11-03,38.892399
2006-11-06,39.147717
2006-11-07,39.090984
2006-11-08,38.665459
2006-11-09,38.183205
2006-11-10,38.126472
2006-11-13,37.729321
2006-11-14,38.835674
2006-11-15,38.693813
2006-11-16,38.381775
2006-11-17,38.041363
2006-11-20,37.247066
2006-11-21,37.275433
2006-11-22,37.615852
2006-11-24,37.474010
2006-11-27,37.445641
2006-11-28,38.069736
2006-11-29,38.807301
2006-11-30,39.176079
2006-12-01,39.232811
2006-12-04,39.686710
2006-12-05,39.715076
2006-12-06,39.970390
2006-12-07,39.998749
2006-12-08,39.828545
2006-12-11,39.885292
2006-12-12,39.942020
2006-12-13,39.743450
2006-12-14,40.140591
2006-12-15,40.140591
2006-12-18,39.885292
2006-12-19,39.715076
2006-12-20,39.997917
2006-12-21,40.226479
2006-12-22,40.369316
2006-12-26,40.340755
2006-12-27,40.512173
2006-12-28,40.540741
2006-12-29,40.597893
2007-01-03,40.569313
2007-01-04,40.997860
2007-01-05,39.940765
2007-01-08,40.169338
2007-01-09,40.426464
2007-01-10,39.826508
2007-01-11,39.626511
2007-01-12,40.140770
2007-01-16,40.283623
2007-01-17,40.283623
2007-01-18,40.255051
2007-01-19,40.540741
2007-01-22,40.540741
2007-01-23,40.769314
2007-01-24,41.312126
2007-01-25,40.626457
2007-01-26,40.655029
2007-01-29,40.797890
2007-01-30,41.054996
2007-01-31,40.883591
2007-02-01,41.426407
2007-02-02,41.169285
2007-02-05,40.855015
2007-02-06,41.197853
2007-02-07,41.169285
2007-02-08,40.655029
2007-02-09,40.769314
2007-02-12,40.740742
2007-02-13,41.597824
2007-02-14,42.283508
2007-02-15,42.626358
2007-02-16,42.597786
2007-02-20,42.454929
2007-02-21,42.483501
2007-02-22,42.597786
2007-02-23,42.969185
2007-02-26,43.254887
2007-02-27,42.226364
2007-02-28,42.169228
2007-03-01,41.969250
2007-03-02,41.283566
2007-03-05,40.683601
2007-03-06,41.654976
2007-03-07,41.569263
2007-03-08,41.940678
2007-03-09,41.969250
2007-03-12,42.312077
2007-03-13,41.540688
2007-03-14,41.169285
2007-03-15,41.197853
2007-03-16,41.169285
2007-03-19,41.626396
2007-03-20,41.997810
2007-03-21,42.454929
2007-03-22,42.512066
2007-03-23,42.569206
2007-03-26,42.340652
2007-03-27,42.169228
2007-03-28,41.854958
2007-03-29,41.912106
2007-03-30,41.626396
2007-04-02,41.397850
2007-04-03,41.740677
2007-04-04,42.054962
2007-04-05,41.940678
2007-04-09,41.883530
2007-04-10,42.026382
2007-04-11,41.854958
2007-04-12,41.797821
2007-04-13,41.454979
2007-04-16,42.054962
2007-04-17,41.797821
2007-04-18,41.854958
2007-04-19,41.654976
2007-04-20,41.826393
2007-04-23,41.369282
2007-04-24,41.312126
2007-04-25,41.540688
2007-04-26,41.340710
2007-04-27,41.112144
2007-04-30,40.797890
2007-05-01,40.797890
2007-05-02,41.026428
2007-05-03,41.083576
2007-05-04,41.226425
2007-05-07,41.426407
2007-05-08,41.340710
2007-05-09,41.854958
2007-05-10,41.226425
2007-05-11,41.540688
2007-05-14,41.426407
2007-05-15,41.083576
2007-05-16,41.169285
2007-05-17,40.826447
2007-05-18,40.712177
2007-05-21,40.712177
2007-05-22,41.112144
2007-05-23,41.169285
2007-05-24,40.969307
2007-05-25,40.797890
2007-05-29,41.226425
2007-05-30,41.312126
2007-05-31,41.712120
2007-06-01,41.940678
2007-06-04,42.083515
2007-06-05,42.026382
2007-06-06,41.854958
2007-06-07,41.683544
2007-06-08,41.883530
2007-06-11,41.826393
2007-06-12,41.283566
2007-06-13,41.397850
2007-06-14,41.454979
2007-06-15,41.826393
2007-06-18,41.740677
2007-06-19,41.712120
2007-06-20,41.426407
2007-06-21,41.626396
2007-06-22,41.226425
2007-06-25,40.997860
2007-06-26,41.054996
2007-06-27,41.140713
2007-06-28,41.054996
2007-06-29,41.454979
2007-07-02,42.197819
2007-07-03,42.112091
2007-07-05,41.997810
2007-07-06,41.797821
2007-07-09,41.797821
2007-07-10,41.883530
2007-07-11,41.740677
2007-07-12,42.026382
2007-07-13,42.226364
2007-07-16,42.140667
2007-07-17,41.912106
2007-07-18,41.712120
2007-07-19,41.912106
2007-07-20,41.740677
2007-07-23,41.997810
2007-07-24,41.854958
2007-07-25,41.883530
2007-07-26,41.140713
2007-07-27,40.740742
2007-07-30,41.426407
2007-07-31,41.226425
2007-08-01,40.912159
2007-08-02,40.712177
2007-08-03,40.140770
2007-08-06,40.740742
2007-08-07,40.655029
2007-08-08,40.997860
2007-08-09,40.340755
2007-08-10,39.769356
2007-08-13,39.826508
2007-08-14,39.712208
2007-08-15,39.055115
2007-08-16,39.140808
2007-08-17,38.855118
2007-08-20,38.426571
2007-08-21,38.912270
2007-08-22,39.426514
2007-08-23,39.712208
2007-08-24,39.912209
2007-08-27,39.597942
2007-08-28,39.226524
2007-08-29,39.597942
2007-08-30,39.340809
2007-08-31,40.197910
2007-09-04,39.969360
2007-09-05,39.197964
2007-09-06,39.226524
2007-09-07,39.026539
2007-09-10,38.683701
2007-09-11,39.083675
2007-09-12,38.969402
2007-09-13,38.683701
2007-09-14,38.797981
2007-09-17,38.597988
2007-09-18,38.997974
2007-09-19,39.426514
2007-09-20,39.283672
2007-09-21,39.369381
2007-09-24,39.512222
2007-09-25,39.740780
2007-09-26,40.083626
2007-09-27,40.997860
2007-09-28,40.969307
2007-10-01,41.426407
2007-10-02,41.312126
2007-10-03,41.340710
2007-10-04,41.312126
2007-10-05,41.854958
2007-10-08,41.626396
2007-10-09,41.512123
2007-10-10,41.426407
2007-10-11,41.483559
2007-10-12,41.483559
2007-10-15,40.997860
2007-10-16,40.255051
2007-10-17,40.312187
2007-10-18,40.483612
2007-10-19,39.683659
2007-10-22,39.912209
2007-10-23,40.026497
2007-10-24,39.855061
2007-10-25,39.712208
2007-10-26,40.397900
2007-10-29,40.940720
2007-10-30,40.740742
2007-10-31,41.026428
2007-11-01,40.512173
2007-11-02,40.397900
2007-11-05,39.712208
2007-11-06,40.169338
2007-11-07,39.426514
2007-11-08,38.797981
2007-11-09,38.283722
2007-11-12,38.312290
2007-11-13,38.969402
2007-11-14,39.083675
2007-11-15,38.740845
2007-11-16,38.455139
2007-11-19,37.798031
2007-11-20,38.797981
2007-11-21,38.112301
2007-11-23,38.969402
2007-11-26,38.969402
2007-11-27,39.597942
2007-11-28,39.969360
2007-11-29,40.112202
2007-11-30,40.197910
2007-12-03,40.255051
2007-12-04,39.826508
2007-12-05,40.569313
2007-12-06,41.083576
2007-12-07,40.712177
2007-12-10,40.826447
2007-12-11,39.940765
2007-12-12,40.255051
2007-12-13,39.426514
2007-12-14,37.883747
2007-12-17,37.226639
2007-12-18,37.883747
2007-12-19,37.626610
2007-12-20,37.769463
2007-12-21,38.340866
2007-12-24,38.277359
2007-12-26,38.450554
2007-12-27,37.844357
2007-12-28,38.277359
2007-12-31,38.363949
2008-01-02,38.190754
2008-01-03,38.335075
2008-01-04,37.353622
2008-01-07,37.122684
2008-01-08,37.036087
2008-01-09,37.844357
2008-01-10,37.526814
2008-01-11,36.891750
2008-01-14,37.353622
2008-01-15,36.314411
2008-01-16,35.650486
2008-01-17,35.159740
2008-01-18,36.083485
2008-01-22,34.755611
2008-01-23,34.871067
2008-01-24,35.448414
2008-01-25,35.996876
2008-01-28,35.794815
2008-01-29,36.401016
2008-01-30,36.227818
2008-01-31,36.718552
2008-02-01,37.036087
2008-02-04,36.920612
2008-02-05,35.679348
2008-02-06,35.217476
2008-02-07,35.419559
2008-02-08,34.524666
2008-02-11,34.871067
2008-02-12,35.390678
2008-02-13,35.130875
2008-02-14,35.477276
2008-02-15,35.910271
2008-02-19,36.256683
2008-02-20,35.506145
2008-02-21,35.765953
2008-02-22,36.054604
2008-02-25,36.805141
2008-02-26,37.209282
2008-02-27,37.007221
2008-02-28,36.603085
2008-02-29,36.170074
2008-03-03,36.141212
2008-03-04,35.304077
2008-03-05,35.506145
2008-03-06,35.188618
2008-03-07,34.669010
2008-03-10,34.524666
2008-03-11,35.535011
2008-03-12,35.535011
2008-03-13,35.650486
2008-03-14,33.283398
2008-03-17,34.235996
2008-03-18,35.217476
2008-03-19,34.149403
2008-03-20,34.784477
2008-03-24,35.852539
2008-03-25,36.227818
2008-03-26,35.939140
2008-03-27,35.823681
2008-03-28,35.968010
2008-03-31,35.708214
2008-04-01,36.747421
2008-04-02,36.689690
2008-04-03,36.862881
2008-04-04,36.891750
2008-04-07,37.151562
2008-04-08,36.603085
2008-04-09,36.054604
2008-04-10,35.939140
2008-04-11,36.170074
2008-04-14,35.939140
2008-04-15,36.198936
2008-04-16,37.353622
2008-04-17,36.805141
2008-04-18,37.815483
2008-04-21,37.700016
2008-04-22,36.978348
2008-04-23,37.382492
2008-04-24,37.093822
2008-04-25,37.815483
2008-04-28,38.508286
2008-04-29,38.161880
2008-04-30,38.335075
2008-05-01,38.681488
2008-05-02,38.594898
2008-05-05,38.652630
2008-05-06,38.825821
2008-05-07,38.335075
2008-05-08,38.508286
2008-05-09,37.902084
2008-05-12,38.046425
2008-05-13,38.075283
2008-05-14,38.421680
2008-05-15,39.172222
2008-05-16,39.316555
2008-05-19,39.258831
2008-05-20,38.912430
2008-05-21,38.219612
2008-05-22,38.768097
2008-05-23,38.450554
2008-05-27,38.566017
2008-05-28,38.133011
2008-05-29,38.566017
2008-05-30,39.085621
2008-06-02,39.172222
2008-06-03,39.143368
2008-06-04,39.605221
2008-06-05,39.922760
2008-06-06,38.508286
2008-06-09,38.566017
2008-06-10,37.728889
2008-06-11,37.180405
2008-06-12,37.093822
2008-06-13,37.469086
2008-06-16,37.815483
2008-06-17,38.075283
2008-06-18,37.671150
2008-06-19,37.555691
2008-06-20,36.314411
2008-06-23,36.574200
2008-06-24,36.285545
2008-06-25,36.836647
2008-06-26,35.908474
2008-06-27,36.111515
2008-06-30,36.169525
2008-07-01,36.314560
2008-07-02,35.531406
2008-07-03,35.647430
2008-07-07,35.647430
2008-07-08,35.502399
2008-07-09,34.922306
2008-07-10,35.241360
2008-07-11,34.777275
2008-07-14,35.009304
2008-07-15,34.429214
2008-07-16,35.299366
2008-07-17,35.125336
2008-07-18,34.980316
2008-07-21,34.980316
2008-07-22,35.444393
2008-07-23,35.676434
2008-07-24,35.647430
2008-07-25,35.241360
2008-07-28,34.835285
2008-07-29,35.038319
2008-07-30,35.357380
2008-07-31,34.806286
2008-08-01,34.313183
2008-08-04,33.443027
2008-08-05,34.197174
2008-08-06,33.994141
2008-08-07,33.239994
2008-08-08,33.733105
2008-08-11,33.936131
2008-08-12,33.704082
2008-08-13,33.123974
2008-08-14,32.920940
2008-08-15,32.688900
2008-08-18,32.978947
2008-08-19,32.456844
2008-08-20,32.804916
2008-08-21,33.007950
2008-08-22,32.775917
2008-08-25,32.485867
2008-08-26,32.659897
2008-08-27,32.804916
2008-08-28,33.065971
2008-08-29,33.094967
2008-09-02,32.659897
2008-09-03,32.804916
2008-09-04,31.760723
2008-09-05,31.760723
2008-09-08,32.543873
2008-09-09,31.644703
2008-09-10,32.050781
2008-09-11,31.876743
2008-09-12,32.079784
2008-09-15,31.180620
2008-09-16,30.890575
2008-09-17,29.788374
2008-09-18,31.122620
2008-09-19,32.804916
2008-09-22,31.673710
2008-09-23,31.383652
2008-09-24,31.818747
2008-09-25,32.369843
2008-09-26,32.195816
2008-09-29,29.701355
2008-09-30,30.919580
2008-10-01,30.542515
2008-10-02,29.237276
2008-10-03,28.657166
2008-10-06,27.729006
2008-10-07,26.713827
2008-10-08,25.727634
2008-10-09,24.538427
2008-10-10,23.465233
2008-10-13,27.177902
2008-10-14,27.032873
2008-10-15,24.219372
2008-10-16,25.698627
2008-10-17,25.350574
2008-10-20,27.351938
2008-10-21,26.365753
2008-10-22,24.770468
2008-10-23,25.611622
2008-10-24,24.074341
2008-10-27,22.624084
2008-10-28,25.379580
2008-10-29,24.799469
2008-10-30,26.133711
2008-10-31,26.104708
2008-11-03,26.278732
2008-11-04,27.729006
2008-11-05,27.148895
2008-11-06,24.799469
2008-11-07,26.249737
2008-11-10,26.481779
2008-11-11,25.379580
2008-11-12,24.683456
2008-11-13,26.365753
2008-11-14,24.944506
2008-11-17,24.886482
2008-11-18,24.886482
2008-11-19,23.291204
2008-11-20,22.624084
2008-11-21,24.016335
2008-11-24,25.147539
2008-11-25,25.031513
2008-11-26,25.495586
2008-11-28,25.118528
2008-12-01,23.668272
2008-12-02,24.857485
2008-12-03,25.089525
2008-12-04,24.103350
2008-12-05,24.480412
2008-12-08,25.582615
2008-12-09,25.408585
2008-12-10,25.959684
2008-12-11,25.872667
2008-12-12,26.452772
2008-12-15,26.307751
2008-12-16,27.641983
2008-12-17,27.583981
2008-12-18,26.626804
2008-12-19,26.510794
2008-12-22,26.452772
2008-12-23,25.999464
2008-12-24,26.321165
2008-12-26,26.818350
2008-12-29,27.023069
2008-12-30,27.783447
2008-12-31,28.017420
2009-01-02,28.163647
2009-01-05,27.461750
2009-01-06,27.198540
2009-01-07,26.935335
2009-01-08,27.315519
2009-01-09,26.847593
2009-01-12,26.525890
2009-01-13,26.028709
2009-01-14,25.268320
2009-01-15,25.590025
2009-01-16,25.765501
2009-01-20,24.654165
2009-01-21,25.736248
2009-01-22,25.092840
2009-01-23,25.034353
2009-01-26,25.005106
2009-01-27,25.794744
2009-01-28,26.262671
2009-01-29,25.268320
2009-01-30,24.654165
2009-02-02,24.654165
2009-02-03,25.122095
2009-02-04,25.356062
2009-02-05,25.268320
2009-02-06,25.414543
2009-02-09,24.946613
2009-02-10,24.069241
2009-02-11,24.186234
2009-02-12,24.156982
2009-02-13,23.513575
2009-02-17,22.723940
2009-02-18,22.899412
2009-02-19,22.577709
2009-02-20,22.285254
2009-02-23,21.349394
2009-02-24,22.226765
2009-02-25,21.641850
2009-02-26,21.378639
2009-02-27,21.554108
2009-03-02,20.793724
2009-03-03,20.735228
2009-03-04,21.290899
2009-03-05,20.881462
2009-03-06,20.822968
2009-03-09,20.091824
2009-03-10,21.115423
2009-03-11,21.203165
2009-03-12,21.173922
2009-03-13,21.378639
2009-03-16,21.758831
2009-03-17,22.519217
2009-03-18,23.045645
2009-03-19,22.928659
2009-03-20,22.431482
2009-03-23,24.186234
2009-03-24,23.513575
2009-03-25,24.215475
2009-03-26,24.478682
2009-03-27,24.069241
2009-03-30,23.133375
2009-03-31,23.104132
2009-04-01,23.776787
2009-04-02,24.624912
2009-04-03,24.420195
2009-04-06,23.893766
2009-04-07,23.747540
2009-04-08,23.923018
2009-04-09,24.800390
2009-04-13,24.858879
2009-04-14,24.624912
2009-04-15,24.741896
2009-04-16,24.829630
2009-04-17,24.946613
2009-04-20,24.390947
2009-04-21,24.683401
2009-04-22,24.771141
2009-04-23,24.917374
2009-04-24,25.297562
2009-04-27,25.239073
2009-04-28,24.829630
2009-04-29,25.034353
2009-04-30,24.888126
2009-05-01,25.268320
2009-05-04,25.940966
2009-05-05,25.853235
2009-05-06,26.467394
2009-05-07,25.853235
2009-05-08,26.906076
2009-05-11,26.642868
2009-05-12,26.789095
2009-05-13,26.291929
2009-05-14,26.321165
2009-05-15,26.584375
2009-05-18,26.818350
2009-05-19,26.642868
2009-05-20,26.993816
2009-05-21,26.642868
2009-05-22,26.730616
2009-05-26,27.607973
2009-05-27,27.081554
2009-05-28,26.906076
2009-05-29,27.403255
2009-06-01,27.841942
2009-06-02,27.871187
2009-06-03,27.257029
2009-06-04,27.461750
2009-06-05,27.140053
2009-06-08,27.286278
2009-06-09,27.520237
2009-06-10,27.549488
2009-06-11,28.017420
2009-06-12,27.988169
2009-06-15,27.490997
2009-06-16,27.198540
2009-06-17,27.520237
2009-06-18,27.286278
2009-06-19,27.724957
2009-06-22,27.110806
2009-06-23,27.287228
2009-06-24,27.346043
2009-06-25,27.992933
2009-06-26,28.081144
2009-06-29,27.934124
2009-06-30,27.728294
2009-07-01,28.051746
2009-07-02,27.434252
2009-07-06,27.610680
2009-07-07,27.316635
2009-07-08,27.316635
2009-07-09,27.316635
2009-07-10,27.022589
2009-07-13,27.081396
2009-07-14,27.081396
2009-07-15,27.375443
2009-07-16,27.257830
2009-07-17,27.257830
2009-07-20,27.610680
2009-07-21,27.845907
2009-07-22,28.169361
2009-07-23,28.286974
2009-07-24,28.433994
2009-07-27,28.375181
2009-07-28,28.345785
2009-07-29,28.551617
2009-07-30,28.875061
2009-07-31,29.022078
2009-08-03,29.521963
2009-08-04,29.492554
2009-08-05,29.286728
2009-08-06,29.257307
2009-08-07,29.139700
2009-08-10,29.139700
2009-08-11,29.139700
2009-08-12,29.286728
2009-08-13,29.551357
2009-08-14,29.668982
2009-08-17,28.845657
2009-08-18,29.080891
2009-08-19,29.169104
2009-08-20,29.521963
2009-08-21,29.845396
2009-08-24,29.786598
2009-08-25,30.021826
2009-08-26,30.051239
2009-08-27,30.139441
2009-08-28,30.110052
2009-08-31,30.051239
2009-09-01,29.610172
2009-09-02,29.698374
2009-09-03,29.610172
2009-09-04,29.551357
2009-09-08,29.816010
2009-09-09,29.933628
2009-09-10,30.286465
2009-09-11,30.257071
2009-09-14,30.139441
2009-09-15,29.904221
2009-09-16,30.051239
2009-09-17,29.757191
2009-09-18,29.904221
2009-09-21,29.610172
2009-09-22,29.992416
2009-09-23,29.668982
2009-09-24,29.698374
2009-09-25,29.463156
2009-09-28,29.698374
2009-09-29,29.080891
2009-09-30,29.227919
2009-10-01,28.492813
2009-10-02,28.110546
2009-10-05,28.345785
2009-10-06,28.669231
2009-10-07,28.933872
2009-10-08,29.257307
2009-10-09,29.257307
2009-10-12,29.316132
2009-10-13,29.169104
2009-10-14,29.492554
2009-10-15,29.345528
2009-10-16,28.816242
2009-10-19,29.286728
2009-10-20,29.198509
2009-10-21,29.110287
2009-10-22,29.169104
2009-10-23,28.492813
2009-10-26,28.404583
2009-10-27,28.286974
2009-10-28,27.992933
2009-10-29,28.433994
2009-10-30,28.081144
2009-11-02,28.345785
2009-11-03,28.316378
2009-11-04,28.257570
2009-11-05,28.463402
2009-11-06,28.286974
2009-11-09,28.610420
2009-11-10,28.404583
2009-11-11,28.375181
2009-11-12,27.904720
2009-11-13,28.169361
2009-11-16,28.433994
2009-11-17,28.110546
2009-11-18,27.816505
2009-11-19,27.169611
2009-11-20,27.375443
2009-11-23,27.669489
2009-11-24,27.316635
2009-11-25,27.787102
2009-11-27,27.551863
2009-11-30,28.110546
2009-12-01,29.080891
2009-12-02,28.963276
2009-12-03,29.374931
2009-12-04,29.374931
2009-12-07,29.139700
2009-12-08,29.227919
2009-12-09,29.316132
2009-12-10,29.080891
2009-12-11,29.257307
2009-12-14,29.286728
2009-12-15,29.051497
2009-12-16,29.492554
2009-12-17,29.080891
2009-12-18,29.022078
2009-12-21,28.933872
2009-12-22,29.165297
2009-12-23,29.254303
2009-12-24,29.461990
2009-12-28,29.343307
2009-12-29,29.461990
2009-12-30,29.135612
2009-12-31,28.898277
2010-01-04,29.640007
2010-01-05,29.818026
2010-01-06,29.936699
2010-01-07,29.669674
2010-01-08,30.025705
2010-01-11,30.292740
2010-01-12,30.500427
2010-01-13,30.678448
2010-01-14,31.123487
2010-01-15,31.064152
2010-01-19,31.034487
2010-01-20,30.352079
2010-01-21,30.500427
2010-01-22,30.174067
2010-01-25,30.411415
2010-01-26,30.085062
2010-01-27,29.907034
2010-01-28,29.610336
2010-01-29,29.194960
2010-02-01,29.491667
2010-02-02,30.055384
2010-02-03,29.758688
2010-02-04,29.194960
2010-02-05,29.135612
2010-02-08,28.927937
2010-02-09,29.105957
2010-02-10,29.105957
2010-02-11,29.254303
2010-02-12,29.076279
2010-02-16,29.372972
2010-02-17,29.372972
2010-02-18,29.432320
2010-02-19,28.957605
2010-02-22,29.313652
2010-02-23,29.194960
2010-02-24,29.254303
2010-02-25,29.313652
2010-02-26,29.491667
2010-03-01,29.788351
2010-03-02,29.877367
2010-03-03,30.085062
2010-03-04,29.788351
2010-03-05,30.085062
2010-03-08,30.292740
2010-03-09,30.174067
2010-03-10,29.966383
2010-03-11,30.263067
2010-03-12,30.559771
2010-03-15,30.411415
2010-03-16,30.708126
2010-03-17,30.826796
2010-03-18,30.619114
2010-03-19,30.559771
2010-03-22,30.708126
2010-03-23,31.004814
2010-03-24,30.500427
2010-03-25,30.322420
2010-03-26,30.797129
2010-03-29,31.182838
2010-03-30,31.360847
2010-03-31,30.975145
2010-04-01,31.449856
2010-04-05,31.360847
2010-04-06,31.449856
2010-04-07,31.449856
2010-04-08,31.479527
2010-04-09,31.568539
2010-04-12,31.509211
2010-04-13,31.449856
2010-04-14,31.598209
2010-04-15,31.746565
2010-04-16,31.153166
2010-04-19,31.093822
2010-04-20,30.975145
2010-04-21,31.093822
2010-04-22,30.826796
2010-04-23,31.034487
2010-04-26,31.242161
2010-04-27,30.678448
2010-04-28,30.559771
2010-04-29,30.915808
2010-04-30,30.826796
2010-05-03,30.915808
2010-05-04,29.966383
2010-05-05,29.936699
2010-05-06,29.758688
2010-05-07,29.491667
2010-05-10,30.322420
2010-05-11,29.640007
2010-05-12,29.907034
2010-05-13,29.669674
2010-05-14,29.461990
2010-05-17,29.402657
2010-05-18,28.898277
2010-05-19,29.105957
2010-05-20,28.660906
2010-05-21,28.927937
2010-05-24,28.542225
2010-05-25,28.364212
2010-05-26,28.008169
2010-05-27,28.690588
2010-05-28,28.215870
2010-06-01,28.126852
2010-06-02,28.275208
2010-06-03,28.215870
2010-06-04,27.681812
2010-06-07,27.236773
2010-06-08,27.503799
2010-06-09,27.533464
2010-06-10,28.008169
2010-06-11,27.948841
2010-06-14,28.126852
2010-06-15,28.631237
2010-06-16,28.749914
2010-06-17,28.690588
2010-06-18,28.749914
2010-06-21,28.957605
2010-06-22,28.601576
2010-06-23,28.479052
2010-06-24,28.389400
2010-06-25,28.508936
2010-06-28,28.180210
2010-06-29,27.492897
2010-06-30,27.492897
2010-07-01,27.582548
2010-07-02,27.702074
2010-07-06,28.269859
2010-07-07,28.807766
2010-07-08,28.867531
2010-07-09,28.688232
2010-07-12,28.538818
2010-07-13,28.688232
2010-07-14,28.897429
2010-07-15,28.658354
2010-07-16,27.941147
2010-07-19,28.030800
2010-07-20,28.210096
2010-07-21,27.702074
2010-07-22,28.210096
2010-07-23,28.628466
2010-07-26,28.658354
2010-07-27,28.508936
2010-07-28,28.837656
2010-07-29,29.016958
2010-07-30,28.777884
2010-08-02,29.405434
2010-08-03,29.285910
2010-08-04,29.226135
2010-08-05,29.196260
2010-08-06,29.465206
2010-08-09,29.495087
2010-08-10,29.315790
2010-08-11,28.329634
2010-08-12,28.239985
2010-08-13,28.210096
2010-08-16,28.419279
2010-08-17,28.568708
2010-08-18,28.747995
2010-08-19,28.688232
2010-08-20,28.419279
2010-08-23,28.239985
2010-08-24,28.210096
2010-08-25,28.120447
2010-08-26,28.090561
2010-08-27,28.449165
2010-08-30,28.359518
2010-08-31,28.030800
2010-09-01,28.807766
2010-09-02,28.718117
2010-09-03,28.927299
2010-09-07,28.927299
2010-09-08,28.987070
2010-09-09,29.076712
2010-09-10,29.285910
2010-09-13,29.584736
2010-09-14,29.674381
2010-09-15,29.614618
2010-09-16,29.226135
2010-09-17,29.136488
2010-09-20,29.644512
2010-09-21,29.315790
2010-09-22,29.226135
2010-09-23,29.106604
2010-09-24,29.495087
2010-09-27,29.644512
2010-09-28,29.764046
2010-09-29,29.913456
2010-09-30,29.554861
2010-10-01,29.614618
2010-10-04,29.046843
2010-10-05,29.973228
2010-10-06,30.301949
2010-10-07,30.421478
2010-10-08,30.570902
2010-10-11,30.511135
2010-10-12,30.242174
2010-10-13,30.331829
2010-10-14,30.541019
2010-10-15,30.301949
2010-10-18,30.511135
2010-10-19,30.242174
2010-10-20,30.481241
2010-10-21,30.092756
2010-10-22,30.331829
2010-10-25,30.361721
2010-10-26,30.062880
2010-10-27,29.973228
2010-10-28,30.062880
2010-10-29,29.943342
2010-11-01,29.644512
2010-11-02,29.853689
2010-11-03,29.943342
2010-11-04,30.630672
2010-11-05,30.899622
2010-11-08,30.899622
2010-11-09,30.690435
2010-11-10,31.049044
2010-11-11,30.869726
2010-11-12,30.630672
2010-11-15,30.630672
2010-11-16,30.092756
2010-11-17,30.541019
2010-11-18,31.317982
2010-11-19,31.347868
2010-11-22,31.258224
2010-11-23,30.660555
2010-11-24,31.198452
2010-11-26,30.690435
2010-11-29,30.839857
2010-11-30,30.690435
2010-12-01,31.317982
2010-12-02,31.616825
2010-12-03,31.796120
2010-12-06,31.945532
2010-12-07,31.557053
2010-12-08,31.646711
2010-12-09,31.706480
2010-12-10,31.616825
2010-12-13,32.035198
2010-12-14,32.154728
2010-12-15,31.945532
2010-12-16,32.124840
2010-12-17,32.035198
2010-12-20,32.065075
2010-12-21,32.254635
2010-12-22,32.374989
2010-12-23,32.344902
2010-12-27,32.435154
2010-12-28,32.675869
2010-12-29,32.976753
2010-12-30,32.705959
2010-12-31,32.826309
2011-01-03,33.127201
2011-01-04,33.157284
2011-01-05,32.916573
2011-01-06,32.916573
2011-01-07,33.036930
2011-01-10,33.036930
2011-01-11,33.277641
2011-01-12,33.578506
2011-01-13,33.548428
2011-01-14,33.548428
2011-01-18,33.638691
2011-01-19,33.578506
2011-01-20,33.277641
2011-01-21,32.946663
2011-01-24,33.157284
2011-01-25,33.458164
2011-01-26,33.397995
2011-01-27,33.428074
2011-01-28,32.856396
2011-01-31,32.886486
2011-02-01,33.548428
2011-02-02,33.879398
2011-02-03,34.150200
2011-02-04,34.150200
2011-02-07,34.120106
2011-02-08,34.330738
2011-02-09,34.090023
2011-02-10,34.059925
2011-02-11,34.090023
2011-02-14,34.390911
2011-02-15,34.150200
2011-02-16,34.631607
2011-02-17,34.932487
2011-02-18,34.902409
2011-02-22,33.939579
2011-02-23,33.999752
2011-02-24,33.909492
2011-02-25,34.360809
2011-02-28,34.691780
2011-03-01,34.631607
2011-03-02,34.330738
2011-03-03,34.661697
2011-03-04,34.420986
2011-03-07,33.759052
2011-03-08,33.909492
2011-03-09,33.909492
2011-03-10,33.067020
2011-03-11,32.525429
2011-03-14,30.238712
2011-03-15,30.178541
2011-03-16,29.065271
2011-03-17,30.389170
2011-03-18,31.201538
2011-03-21,32.104191
2011-03-22,31.983837
2011-03-23,31.803303
2011-03-24,31.863487
2011-03-25,31.081182
2011-03-28,31.021021
2011-03-29,30.960840
2011-03-30,31.442249
2011-03-31,31.051111
2011-04-01,30.990932
2011-04-04,30.569698
2011-04-05,29.967922
2011-04-06,29.697136
2011-04-07,29.456429
2011-04-08,30.028109
2011-04-11,29.817486
2011-04-12,29.877663
2011-04-13,29.998013
2011-04-14,30.208628
2011-04-15,30.178541
2011-04-18,30.088278
2011-04-19,30.178541
2011-04-20,30.629871
2011-04-21,30.750217
2011-04-25,30.720131
2011-04-26,30.750217
2011-04-27,30.810396
2011-04-28,31.622778
2011-04-29,31.682955
2011-05-02,31.773222
2011-05-03,31.773222
2011-05-04,31.713041
2011-05-05,31.472332
2011-05-06,31.652876
2011-05-09,31.773222
2011-05-10,31.923658
2011-05-11,31.382069
2011-05-12,31.472332
2011-05-13,30.810396
2011-05-16,30.629871
2011-05-17,30.659958
2011-05-18,30.900663
2011-05-19,30.449335
2011-05-20,30.118357
2011-05-23,29.667048
2011-05-24,30.028109
2011-05-25,30.088278
2011-05-26,30.359070
2011-05-27,30.359070
2011-05-31,30.900663
2011-06-01,30.509518
2011-06-02,30.539606
2011-06-03,30.268814
2011-06-06,29.967922
2011-06-07,30.208628
2011-06-08,30.178541
2011-06-09,30.389170
2011-06-10,30.088278
2011-06-13,30.088278
2011-06-14,30.690037
2011-06-15,30.088278
2011-06-16,29.998013
2011-06-17,30.088278
2011-06-20,30.118357
2011-06-21,30.629871
2011-06-22,30.593447
2011-06-23,30.532751
2011-06-24,30.714846
2011-06-27,30.563087
2011-06-28,30.927305
2011-06-29,31.412910
2011-06-30,31.655714
2011-07-01,31.928883
2011-07-05,31.989573
2011-07-06,32.171677
2011-07-07,32.384132
2011-07-08,32.110977
2011-07-11,31.716419
2011-07-12,31.807468
2011-07-13,32.414486
2011-07-14,32.110977
2011-07-15,32.353786
2011-07-18,31.959223
2011-07-19,32.353786
2011-07-20,32.687645
2011-07-21,32.960796
2011-07-22,33.021492
2011-07-25,32.900089
2011-07-26,32.960796
2011-07-27,32.414486
2011-07-28,32.353786
2011-07-29,32.505535
2011-08-01,32.202026
2011-08-02,31.928883
2011-08-03,31.989573
2011-08-04,30.047132
2011-08-05,30.320282
2011-08-08,28.863455
2011-08-09,30.350641
2011-08-10,28.954515
2011-08-11,30.047132
2011-08-12,29.773977
2011-08-15,30.138189
2011-08-16,29.895372
2011-08-17,29.925737
2011-08-18,28.893806
2011-08-19,28.620657
2011-08-22,28.681353
2011-08-23,29.227669
2011-08-24,28.893806
2011-08-25,28.499254
2011-08-26,29.106268
2011-08-29,29.500822
2011-08-30,29.379419
2011-08-31,29.895372
2011-09-01,29.622227
2011-09-02,29.136621
2011-09-06,28.499254
2011-09-07,29.045563
2011-09-08,28.681353
2011-09-09,28.013647
2011-09-12,28.286795
2011-09-13,28.772404
2011-09-14,28.893806
2011-09-15,29.227669
2011-09-16,29.531166
2011-09-19,29.106268
2011-09-20,29.075914
2011-09-21,28.711704
2011-09-22,28.256451
2011-09-23,28.347507
2011-09-26,28.499254
2011-09-27,28.954515
2011-09-28,28.954515
2011-09-29,29.470469
2011-09-30,28.711704
2011-10-03,28.256451
2011-10-04,28.620657
2011-10-05,28.499254
2011-10-06,28.620657
2011-10-07,28.468904
2011-10-10,29.197323
2011-10-11,28.954515
2011-10-12,29.136621
2011-10-13,29.136621
2011-10-14,29.197323
2011-10-17,29.075914
2011-10-18,29.349066
2011-10-19,28.893806
2011-10-20,28.802765
2011-10-21,29.106268
2011-10-24,29.409775
2011-10-25,28.984859
2011-10-26,29.045563
2011-10-27,30.168541
2011-10-28,30.289948
2011-10-31,28.529598
2011-11-01,28.165398
2011-11-02,28.256451
2011-11-03,28.468904
2011-11-04,28.408194
2011-11-07,28.651009
2011-11-08,28.529598
2011-11-09,28.013647
2011-11-10,27.983292
2011-11-11,28.286795
2011-11-14,28.165398
2011-11-15,28.165398
2011-11-16,27.649439
2011-11-17,27.679785
2011-11-18,27.801182
2011-11-21,27.254875
2011-11-22,27.467329
2011-11-23,26.829966
2011-11-25,26.829966
2011-11-28,27.588737
2011-11-29,27.710135
2011-11-30,28.620657
2011-12-01,28.226097
2011-12-02,28.317146
2011-12-05,28.529598
2011-12-06,28.195745
2011-12-07,28.590307
2011-12-08,27.892239
2011-12-09,28.529598
2011-12-12,28.043987
2011-12-13,27.922598
2011-12-14,27.619080
2011-12-15,27.558386
2011-12-16,27.467329
2011-12-19,27.072762
2011-12-20,27.766935
2011-12-21,27.490501
2011-12-22,27.674795
2011-12-23,27.889811
2011-12-27,27.551931
2011-12-28,27.214062
2011-12-29,27.766935
2011-12-30,27.981958
2012-01-03,28.534836
2012-01-04,28.504122
2012-01-05,28.166250
2012-01-06,27.859089
2012-01-09,27.951237
2012-01-10,28.289116
2012-01-11,28.166250
2012-01-12,28.043385
2012-01-13,28.104815
2012-01-17,28.104815
2012-01-18,28.442690
2012-01-19,28.657696
2012-01-20,29.026281
2012-01-23,29.149158
2012-01-24,28.872702
2012-01-25,29.241289
2012-01-26,29.179857
2012-01-27,29.333441
2012-01-30,29.149158
2012-01-31,29.333441
2012-02-01,29.517727
2012-02-02,29.609884
2012-02-03,29.702028
2012-02-06,29.609884
2012-02-07,29.917044
2012-02-08,30.039906
2012-02-09,29.947752
2012-02-10,29.579168
2012-02-13,29.886316
2012-02-14,29.794176
2012-02-15,30.285629
2012-02-16,30.592783
2012-02-17,30.623497
2012-02-21,30.592783
2012-02-22,30.684923
2012-02-23,30.869217
2012-02-24,30.930653
2012-02-27,30.746353
2012-02-28,31.237816
2012-02-29,30.684923
2012-03-01,30.869217
2012-03-02,30.562067
2012-03-05,30.377771
2012-03-06,30.132051
2012-03-07,30.316347
2012-03-08,30.838507
2012-03-09,30.961374
2012-03-12,30.654221
2012-03-13,30.930653
2012-03-14,30.592783
2012-03-15,30.838507
2012-03-16,31.022810
2012-03-19,31.114950
2012-03-20,30.807793
2012-03-21,30.654221
2012-03-22,30.684923
2012-03-23,30.684923
2012-03-26,30.899944
2012-03-27,31.145668
2012-03-28,31.207106
2012-03-29,31.176384
2012-03-30,31.268532
2012-04-02,31.299238
2012-04-03,30.899944
2012-04-04,30.193485
2012-04-05,30.193485
2012-04-09,30.009192
2012-04-10,29.640598
2012-04-11,30.039906
2012-04-12,30.193485
2012-04-13,29.855606
2012-04-16,29.917044
2012-04-17,30.101330
2012-04-18,30.039906
2012-04-19,29.855606
2012-04-20,29.917044
2012-04-23,29.579168
2012-04-24,29.763466
2012-04-25,29.917044
2012-04-26,30.070618
2012-04-27,29.978470
2012-04-30,29.917044
2012-05-01,29.609884
2012-05-02,29.456305
2012-05-03,29.210579
2012-05-04,28.995571
2012-05-07,29.118429
2012-05-08,28.872702
2012-05-09,28.626980
2012-05-10,28.749840
2012-05-11,28.442690
2012-05-14,28.135523
2012-05-15,27.766935
2012-05-16,27.459793
2012-05-17,27.705521
2012-05-18,27.306208
2012-05-21,27.582649
2012-05-22,27.551931
2012-05-23,27.336922
2012-05-24,27.214062
2012-05-25,27.060486
2012-05-29,27.398348
2012-05-30,27.029766
2012-05-31,27.306208
2012-06-01,26.569035
2012-06-04,26.876190
2012-06-05,27.214062
2012-06-06,27.644083
2012-06-07,27.459793
2012-06-08,27.214062
2012-06-11,27.091202
2012-06-12,27.398348
2012-06-13,27.244783
2012-06-14,27.459793
2012-06-15,27.859089
2012-06-18,27.920525
2012-06-19,28.074102
2012-06-20,28.319824
2012-06-21,27.910475
2012-06-22,28.096537
2012-06-25,27.662373
2012-06-26,27.972506
2012-06-27,28.189579
2012-06-28,28.592724
2012-06-29,29.181952
2012-07-02,29.088924
2012-07-03,29.461054
2012-07-05,29.088924
2012-07-06,28.964878
2012-07-09,28.809805
2012-07-10,28.499699
2012-07-11,28.561720
2012-07-12,28.127554
2012-07-13,28.406652
2012-07-16,28.282614
2012-07-17,28.158566
2012-07-18,28.251608
2012-07-19,28.468691
2012-07-20,27.786427
2012-07-23,27.414284
2012-07-24,27.166189
2012-07-25,27.166189
2012-07-26,27.569345
2012-07-27,28.065531
2012-07-30,27.910475
2012-07-31,27.879463
2012-08-01,27.786427
2012-08-02,27.662373
2012-08-03,27.972506
2012-08-06,28.251608
2012-08-07,28.592724
2012-08-08,28.530708
2012-08-09,28.592724
2012-08-10,28.623745
2012-08-13,28.561720
2012-08-14,28.530708
2012-08-15,28.375645
2012-08-16,28.747787
2012-08-17,28.964878
2012-08-20,28.902851
2012-08-21,28.902851
2012-08-22,28.871836
2012-08-23,28.871836
2012-08-24,28.840824
2012-08-27,28.747787
2012-08-28,28.499699
2012-08-29,28.592724
2012-08-30,28.065531
2012-08-31,28.096537
2012-09-04,27.724409
2012-09-05,27.383272
2012-09-06,27.755413
2012-09-07,28.127554
2012-09-10,28.127554
2012-09-11,28.251608
2012-09-12,28.561720
2012-09-13,29.026888
2012-09-14,29.337008
2012-09-17,29.057896
2012-09-18,29.119923
2012-09-19,29.181952
2012-09-20,28.871836
2012-09-21,29.026888
2012-09-24,28.964878
2012-09-25,28.964878
2012-09-26,28.654753
2012-09-27,28.995880
2012-09-28,28.437677
2012-10-01,28.344639
2012-10-02,28.220594
2012-10-03,28.096537
2012-10-04,28.437677
2012-10-05,28.437677
2012-10-08,28.282614
2012-10-09,27.817434
2012-10-10,27.600353
2012-10-11,27.755413
2012-10-12,27.786427
2012-10-15,27.972506
2012-10-16,28.375645
2012-10-17,28.530708
2012-10-18,28.716782
2012-10-19,28.344639
2012-10-22,28.747787
2012-10-23,28.158566
2012-10-24,28.220594
2012-10-25,28.437677
2012-10-26,28.282614
2012-10-31,28.096537
2012-11-01,28.375645
2012-11-02,28.158566
2012-11-05,28.158566
2012-11-06,28.220594
2012-11-07,27.879463
2012-11-08,27.755413
2012-11-09,27.755413
2012-11-12,27.476311
2012-11-13,27.507330
2012-11-14,27.166189
2012-11-15,27.600353
2012-11-16,28.096537
2012-11-19,28.499699
2012-11-20,28.437677
2012-11-21,28.468691
2012-11-23,28.809805
2012-11-26,28.809805
2012-11-27,28.654753
2012-11-28,28.685766
2012-11-29,29.026888
2012-11-30,28.933861
2012-12-03,28.809805
2012-12-04,28.840824
2012-12-05,28.840824
2012-12-06,28.995880
2012-12-07,29.088924
2012-12-10,28.995880
2012-12-11,28.964878
2012-12-12,29.088924
2012-12-13,28.964878
2012-12-14,29.119923
2012-12-17,29.399031
2012-12-18,29.841007
2012-12-19,30.311184
2012-12-20,30.718679
2012-12-21,30.530613
2012-12-24,30.530613
2012-12-26,30.499266
2012-12-27,30.530613
2012-12-28,30.311184
2012-12-31,30.561941
2013-01-02,31.314240
2013-01-03,31.032141
2013-01-04,30.906755
2013-01-07,30.624649
2013-01-08,30.217155
2013-01-09,30.624649
2013-01-10,30.875408
2013-01-11,30.969448
2013-01-14,31.157516
2013-01-15,31.063475
2013-01-16,30.687336
2013-01-17,30.812725
2013-01-18,30.938101
2013-01-22,30.624649
2013-01-23,30.373892
2013-01-24,30.718679
2013-01-25,30.938101
2013-01-28,30.467915
2013-01-29,30.875408
2013-01-30,31.188862
2013-01-31,31.251554
2013-02-01,31.157516
2013-02-04,31.188862
2013-02-05,31.094824
2013-02-06,31.502321
2013-02-07,31.596357
2013-02-08,31.470980
2013-02-11,31.815777
2013-02-12,31.596357
2013-02-13,31.470980
2013-02-14,31.157516
2013-02-15,31.063475
2013-02-19,31.533669
2013-02-20,31.627708
2013-02-21,31.251554
2013-02-22,31.753088
2013-02-25,31.314240
2013-02-26,31.909817
2013-02-27,31.878477
2013-02-28,32.003849
2013-03-01,32.317299
2013-03-04,32.505383
2013-03-05,32.568073
2013-03-06,32.975559
2013-03-07,32.662113
2013-03-08,32.818844
2013-03-11,33.006916
2013-03-12,32.662113
2013-03-13,32.850178
2013-03-14,33.038254
2013-03-15,33.351707
2013-03-18,33.194981
2013-03-19,33.383057
2013-03-20,33.633820
2013-03-21,33.633820
2013-03-22,33.759209
2013-03-25,33.445751
2013-03-26,33.759209
2013-03-27,33.915932
2013-03-28,33.853249
2013-04-01,32.536720
2013-04-02,32.944218
2013-04-03,32.818844
2013-04-04,34.166695
2013-04-05,34.354767
2013-04-08,34.699574
2013-04-09,34.417458
2013-04-10,35.138420
2013-04-11,35.545910
2013-04-12,35.608593
2013-04-15,35.326473
2013-04-16,35.671288
2013-04-17,35.420513
2013-04-18,35.169754
2013-04-19,35.545910
2013-04-22,35.514557
2013-04-23,35.859356
2013-04-24,36.078777
2013-04-25,36.266846
2013-04-26,36.172813
2013-04-29,36.392231
2013-04-30,36.674343
2013-05-01,36.266846
2013-05-02,36.423580
2013-05-03,36.925098
2013-05-06,36.768375
2013-05-07,36.831070
2013-05-08,37.144531
2013-05-09,36.862419
2013-05-10,36.862419
2013-05-13,37.332600
2013-05-14,37.583355
2013-05-15,37.928165
2013-05-16,37.363949
2013-05-17,37.959515
2013-05-20,38.210278
2013-05-21,38.429691
2013-05-22,38.022209
2013-05-23,36.423580
2013-05-24,35.765327
2013-05-28,35.545910
2013-05-29,34.950325
2013-05-30,34.762253
2013-05-31,33.978630
2013-06-03,33.571136
2013-06-04,34.542839
2013-06-05,33.226326
2013-06-06,33.194981
2013-06-07,34.480152
2013-06-10,34.918987
2013-06-11,34.229385
2013-06-12,34.323433
2013-06-13,35.138420
2013-06-14,34.041309
2013-06-17,34.950325
2013-06-18,35.545910
2013-06-19,35.107063
2013-06-20,33.665169
2013-06-21,34.887634
2013-06-24,33.915932
2013-06-25,34.354767
2013-06-26,34.198040
2013-06-27,35.038589
2013-06-28,35.321918
2013-07-01,35.762653
2013-07-02,36.014511
2013-07-03,36.045982
2013-07-05,36.518215
2013-07-08,36.266357
2013-07-09,36.455246
2013-07-10,36.329323
2013-07-11,37.399677
2013-07-12,37.336716
2013-07-15,37.683010
2013-07-16,37.368198
2013-07-17,37.714493
2013-07-18,37.903385
2013-07-19,37.620045
2013-07-22,37.714493
2013-07-23,37.683010
2013-07-24,37.368198
2013-07-25,36.675613
2013-07-26,35.825615
2013-07-29,35.038589
2013-07-30,35.353394
2013-07-31,35.321918
2013-08-01,36.297848
2013-08-02,36.864494
2013-08-05,36.958950
2013-08-06,36.990421
2013-08-07,36.297848
2013-08-08,36.108948
2013-08-09,36.140427
2013-08-12,36.108948
2013-08-13,36.423759
2013-08-14,36.234879
2013-08-15,35.731178
2013-08-16,35.731178
2013-08-19,35.636726
2013-08-20,35.321918
2013-08-21,34.818222
2013-08-22,35.038589
2013-08-23,35.636726
2013-08-26,35.227470
2013-08-27,34.849709
2013-08-28,34.944145
2013-08-29,34.912663
2013-08-30,34.220078
2013-09-03,35.070076
2013-09-04,35.605259
2013-09-05,35.510811
2013-09-06,35.636726
2013-09-09,36.549690
2013-09-10,36.833023
2013-09-11,36.581177
2013-09-12,36.329323
2013-09-13,36.518215
2013-09-16,36.990421
2013-09-17,36.833023
2013-09-18,37.966347
2013-09-19,37.777454
2013-09-20,37.462635
2013-09-23,37.588566
2013-09-24,37.620045
2013-09-25,37.525608
2013-09-26,38.123753
2013-09-27,37.840412
2013-09-30,37.525608
2013-10-01,37.368198
2013-10-02,37.179314
2013-10-03,36.895988
2013-10-04,36.958950
2013-10-07,36.266357
2013-10-08,36.140427
2013-10-09,36.990421
2013-10-10,37.525608
2013-10-11,37.588566
2013-10-14,37.651531
2013-10-15,37.336716
2013-10-16,37.683010
2013-10-17,37.997822
2013-10-18,38.029308
2013-10-21,38.060787
2013-10-22,38.249676
2013-10-23,37.462635
2013-10-24,37.840412
2013-10-25,37.273762
2013-10-28,37.399677
2013-10-29,37.683010
2013-10-30,37.683010
2013-10-31,37.494114
2013-11-01,37.084858
2013-11-04,37.116344
2013-11-05,36.801529
2013-11-06,37.305244
2013-11-07,36.612652
2013-11-08,36.895988
2013-11-11,36.833023
2013-11-12,37.305244
2013-11-13,37.588566
2013-11-14,37.903385
2013-11-15,38.438560
2013-11-18,38.375595
2013-11-19,38.155231
2013-11-20,38.155231
2013-11-21,38.312630
2013-11-22,38.281151
2013-11-25,37.997822
2013-11-26,37.840412
2013-11-27,37.997822
2013-11-29,37.966347
2013-12-02,37.871899
2013-12-03,37.714493
2013-12-04,37.431164
2013-12-05,37.116344
2013-12-06,37.588566
2013-12-09,37.588566
2013-12-10,37.651531
2013-12-11,37.305244
2013-12-12,37.431164
2013-12-13,37.116344
2013-12-16,36.895988
2013-12-17,36.927460
2013-12-18,37.650654
2013-12-19,37.333469
2013-12-20,37.460346
2013-12-23,37.809258
2013-12-24,37.301746
2013-12-26,37.904408
2013-12-27,38.094727
2013-12-30,38.443630
2013-12-31,38.507080
2014-01-02,37.872696
2014-01-03,38.094727
2014-01-06,37.967854
2014-01-07,38.126442
2014-01-08,38.189888
2014-01-09,38.063007
2014-01-10,38.316765
2014-01-13,38.063007
2014-01-14,37.967854
2014-01-15,38.253323
2014-01-16,38.126442
2014-01-17,38.221603
2014-01-21,38.285034
2014-01-22,38.380199
2014-01-23,37.618931
2014-01-24,37.047993
2014-01-27,36.572205
2014-01-28,36.889412
2014-01-29,36.857681
2014-01-30,36.921120
2014-01-31,35.937824
2014-02-03,35.208282
2014-02-04,35.239994
2014-02-05,35.303440
2014-02-06,35.715794
2014-02-07,36.286728
2014-02-10,36.128143
2014-02-11,36.635647
2014-02-12,36.572205
2014-02-13,36.255020
2014-02-14,36.096420
2014-02-18,36.889412
2014-02-19,36.445332
2014-02-20,36.223301
2014-02-21,36.508766
2014-02-24,36.921120
2014-02-25,36.794239
2014-02-26,36.635647
2014-02-27,36.635647
2014-02-28,36.825962
2014-03-03,35.969543
2014-03-04,36.889412
2014-03-05,36.477051
2014-03-06,37.174873
2014-03-07,36.921120
2014-03-10,36.762520
2014-03-11,36.381905
2014-03-12,36.032986
2014-03-13,35.430313
2014-03-14,35.017967
2014-03-17,35.398602
2014-03-18,35.366875
2014-03-19,35.176563
2014-03-20,34.669056
2014-03-21,34.510464
2014-03-24,34.637341
2014-03-25,34.795940
2014-03-26,35.049683
2014-03-27,35.557201
2014-03-28,35.937824
2014-03-31,35.937824
2014-04-01,36.032986
2014-04-02,36.350182
2014-04-03,36.159855
2014-04-04,36.001263
2014-04-07,35.652355
2014-04-08,34.891094
2014-04-09,35.398602
2014-04-10,34.383575
2014-04-11,34.256710
2014-04-14,34.732498
2014-04-15,34.700775
2014-04-16,35.366875
2014-04-17,35.462044
2014-04-21,35.462044
2014-04-22,35.208282
2014-04-23,35.303440
2014-04-24,35.176563
2014-04-25,34.954529
2014-04-28,35.144848
2014-04-29,35.239994
2014-04-30,35.144848
2014-05-01,35.588921
2014-05-02,35.525475
2014-05-05,35.430313
2014-05-06,35.335163
2014-05-07,35.176563
2014-05-08,35.049683
2014-05-09,35.335163
2014-05-12,35.366875
2014-05-13,35.842670
2014-05-14,35.652355
2014-05-15,35.303440
2014-05-16,35.366875
2014-05-19,35.430313
2014-05-20,35.017967
2014-05-21,35.430313
2014-05-22,35.779232
2014-05-23,36.128143
2014-05-27,36.413616
2014-05-28,36.255020
2014-05-29,36.667370
2014-05-30,36.730804
2014-06-02,37.174873
2014-06-03,37.111435
2014-06-04,37.365189
2014-06-05,37.460346
2014-06-06,37.460346
2014-06-09,37.428627
2014-06-10,37.111435
2014-06-11,37.206596
2014-06-12,37.333469
2014-06-13,37.523781
2014-06-16,37.523781
2014-06-17,37.460346
2014-06-18,37.967854
2014-06-19,38.633965
2014-06-20,38.665672
2014-06-23,38.348488
2014-06-24,38.348488
2014-06-25,38.482613
2014-06-26,38.354870
2014-06-27,38.259064
2014-06-30,38.450680
2014-07-01,39.121315
2014-07-02,39.025520
2014-07-03,38.897785
2014-07-07,38.610355
2014-07-08,38.482613
2014-07-09,38.738098
2014-07-10,38.067448
2014-07-11,38.131313
2014-07-14,38.578426
2014-07-15,38.706154
2014-07-16,38.770039
2014-07-17,38.514545
2014-07-18,38.706154
2014-07-21,38.642288
2014-07-22,38.770039
2014-07-23,38.801964
2014-07-24,38.610355
2014-07-25,38.738098
2014-07-28,38.961651
2014-07-29,38.865837
2014-07-30,38.897785
2014-07-31,38.322929
2014-08-01,38.291004
2014-08-04,38.354870
2014-08-05,37.748096
2014-08-06,37.556473
2014-08-07,37.428726
2014-08-08,37.492603
2014-08-11,37.843903
2014-08-12,37.780025
2014-08-13,38.099388
2014-08-14,38.163246
2014-08-15,38.227127
2014-08-18,38.354870
2014-08-19,38.386799
2014-08-20,38.163246
2014-08-21,38.354870
2014-08-22,38.067448
2014-08-25,38.195194
2014-08-26,38.003574
2014-08-27,37.843903
2014-08-28,37.748096
2014-08-29,37.684219
2014-09-02,38.067448
2014-09-03,38.099388
2014-09-04,37.971645
2014-09-05,37.811962
2014-09-08,37.780025
2014-09-09,37.460670
2014-09-10,37.875828
2014-09-11,37.780025
2014-09-12,37.652279
2014-09-15,37.684219
2014-09-16,37.748096
2014-09-17,37.428726
2014-09-18,37.652279
2014-09-19,37.716156
2014-09-22,37.684219
2014-09-23,37.620350
2014-09-24,37.843903
2014-09-25,37.748096
2014-09-26,38.035519
2014-09-29,37.811962
2014-09-30,37.588409
2014-10-01,36.981632
2014-10-02,36.279045
2014-10-03,36.726143
2014-10-06,36.630344
2014-10-07,36.406784
2014-10-08,36.630344
2014-10-09,35.704205
2014-10-10,35.193230
2014-10-13,34.873871
2014-10-14,35.097416
2014-10-15,34.905811
2014-10-16,34.778061
2014-10-17,34.937737
2014-10-20,35.640331
2014-10-21,35.576466
2014-10-22,35.608387
2014-10-23,35.831951
2014-10-24,35.959694
2014-10-27,36.023556
2014-10-28,36.215168
2014-10-29,36.406784
2014-10-30,36.694210
2014-10-31,38.514545
2014-11-03,38.770039
2014-11-04,37.748096
2014-11-05,37.556473
2014-11-06,37.077442
2014-11-07,36.949696
2014-11-10,37.237118
2014-11-11,37.460670
2014-11-12,37.269054
2014-11-13,37.588409
2014-11-14,37.588409
2014-11-17,36.981632
2014-11-18,37.492603
2014-11-19,37.269054
2014-11-20,36.885822
2014-11-21,37.173248
2014-11-24,37.237118
2014-11-25,37.332928
2014-11-26,37.237118
2014-11-28,37.109375
2014-12-01,37.300991
2014-12-02,37.620350
2014-12-03,37.588409
2014-12-04,37.492603
2014-12-05,37.524540
2014-12-08,36.917763
2014-12-09,37.109375
2014-12-10,36.534527
2014-12-11,36.630344
2014-12-12,36.279045
2014-12-15,35.576466
2014-12-16,35.608387
2014-12-17,36.205936
2014-12-18,36.784210
2014-12-19,36.976955
2014-12-22,36.880581
2014-12-23,36.944832
2014-12-24,36.880581
2014-12-26,37.137589
2014-12-29,36.752071
2014-12-30,36.302319
2014-12-31,36.109566
2015-01-02,36.173817
2015-01-05,35.756168
2015-01-06,35.177906
2015-01-07,35.691910
2015-01-08,36.141682
2015-01-09,35.756168
2015-01-12,35.627670
2015-01-13,35.916809
2015-01-14,35.852551
2015-01-15,36.109566
2015-01-16,36.430813
2015-01-20,36.719948
2015-01-21,36.784210
2015-01-22,36.944832
2015-01-23,36.816334
2015-01-26,37.233963
2015-01-27,37.298222
2015-01-28,37.233963
2015-01-29,37.555229
2015-01-30,36.912704
2015-02-02,37.298222
2015-02-03,37.233963
2015-02-04,37.426720
2015-02-05,37.747982
2015-02-06,37.426720
2015-02-09,37.073338
2015-02-10,37.555229
2015-02-11,37.619480
2015-02-12,37.876480
2015-02-13,38.326252
2015-02-17,38.294125
2015-02-18,38.968761
2015-02-19,39.257896
2015-02-20,39.611282
2015-02-23,39.386406
2015-02-24,39.579163
2015-02-25,39.482777
2015-02-26,39.836170
2015-02-27,39.675541
2015-03-02,39.771915
2015-03-03,39.579163
2015-03-04,39.386406
2015-03-05,39.611282
2015-03-06,39.547031
2015-03-09,39.418522
2015-03-10,38.840260
2015-03-11,39.193649
2015-03-12,40.061050
2015-03-13,40.093174
2015-03-16,40.253807
2015-03-17,40.350178
2015-03-18,40.992695
2015-03-19,40.510815
2015-03-20,41.153332
2015-03-23,41.346085
2015-03-24,41.249702
2015-03-25,41.153332
2015-03-26,40.735695
2015-03-27,40.896324
2015-03-30,41.056942
2015-03-31,40.253807
2015-04-01,40.414436
2015-04-02,40.767815
2015-04-06,41.249702
2015-04-07,41.442463
2015-04-08,41.506718
2015-04-09,41.506718
2015-04-10,41.570976
2015-04-13,41.281834
2015-04-14,41.570976
2015-04-15,41.763718
2015-04-16,41.860107
2015-04-17,41.538841
2015-04-20,41.667343
2015-04-21,42.309860
2015-04-22,42.631123
2015-04-23,42.598999
2015-04-24,42.759624
2015-04-27,42.663254
2015-04-28,42.791752
2015-04-29,42.406242
2015-04-30,41.313961
2015-05-01,41.827965
2015-05-04,42.020721
2015-05-05,41.217583
2015-05-06,41.185452
2015-05-07,41.249702
2015-05-08,42.213497
2015-05-11,41.538841
2015-05-12,41.538841
2015-05-13,41.795849
2015-05-14,42.020721
2015-05-15,42.213497
2015-05-18,42.566872
2015-05-19,42.598999
2015-05-20,42.598999
2015-05-21,42.759624
2015-05-22,42.663254
2015-05-26,42.117107
2015-05-27,42.406242
2015-05-28,42.309860
2015-05-29,41.924355
2015-06-01,42.117107
2015-06-02,42.020721
2015-06-03,42.181358
2015-06-04,41.892231
2015-06-05,41.635216
2015-06-08,41.410339
2015-06-09,40.992695
2015-06-10,41.667343
2015-06-11,41.860107
2015-06-12,41.635216
2015-06-15,41.763718
2015-06-16,41.570976
2015-06-17,41.217583
2015-06-18,41.249702
2015-06-19,41.281834
2015-06-22,41.924355
2015-06-23,42.406242
2015-06-24,41.956482
2015-06-25,42.040424
2015-06-26,42.234161
2015-06-29,41.168625
2015-06-30,41.362362
2015-07-01,41.652958
2015-07-02,41.652958
2015-07-06,41.362362
2015-07-07,41.459225
2015-07-08,39.747902
2015-07-09,40.232235
2015-07-10,40.878021
2015-07-13,41.426933
2015-07-14,41.685246
2015-07-15,41.652958
2015-07-16,41.814411
2015-07-17,41.911266
2015-07-20,41.911266
2015-07-21,41.782116
2015-07-22,41.588383
2015-07-23,41.556095
2015-07-24,41.168625
2015-07-27,41.007179
2015-07-28,41.200916
2015-07-29,41.362362
2015-07-30,41.426933
2015-07-31,41.749828
2015-08-03,41.588383
2015-08-04,41.523808
2015-08-05,41.782116
2015-08-06,41.652958
2015-08-07,41.782116
2015-08-10,42.395611
2015-08-11,41.652958
2015-08-12,41.394650
2015-08-13,41.717545
2015-08-14,41.717545
2015-08-17,41.814411
2015-08-18,41.523808
2015-08-19,41.071754
2015-08-20,39.844776
2015-08-21,38.488632
2015-08-24,37.132477
2015-08-25,37.358505
2015-08-26,38.843811
2015-08-27,39.554169
2015-08-28,39.747902
2015-08-31,39.134411
2015-09-01,37.358505
2015-09-02,38.036583
2015-09-03,38.327179
2015-09-04,37.100193
2015-09-08,37.972012
2015-09-09,37.907417
2015-09-10,37.875137
2015-09-11,37.907417
2015-09-14,37.810558
2015-09-15,38.101162
2015-09-16,38.424046
2015-09-17,38.391758
2015-09-18,37.164780
2015-09-21,37.390793
2015-09-22,36.841885
2015-09-23,36.841885
2015-09-24,36.583576
2015-09-25,37.487663
2015-09-28,36.583576
2015-09-29,36.131516
2015-09-30,36.906456
2015-10-01,37.164780
2015-10-02,37.616825
2015-10-05,38.553207
2015-10-06,38.230312
2015-10-07,38.843811
2015-10-08,38.972961
2015-10-09,39.069839
2015-10-12,39.134411
2015-10-13,38.714649
2015-10-14,38.262608
2015-10-15,39.231274
2015-10-16,39.425014
2015-10-19,39.231274
2015-10-20,39.005253
2015-10-21,39.521885
2015-10-22,40.006222
2015-10-23,40.393684
2015-10-26,40.361393
2015-10-27,40.038498
2015-10-28,40.425980
2015-10-29,39.973930
2015-10-30,39.780190
2015-11-02,40.070797
2015-11-03,40.038498
2015-11-04,39.844776
2015-11-05,40.135376
2015-11-06,40.038498
2015-11-09,39.877052
2015-11-10,40.296818
2015-11-11,40.458271
2015-11-12,40.070797
2015-11-13,39.877052
2015-11-16,40.264526
2015-11-17,40.361393
2015-11-18,40.555138
2015-11-19,40.555138
2015-11-20,40.748867
2015-11-23,40.555138
2015-11-24,40.748867
2015-11-25,40.490547
2015-11-27,40.296818
2015-11-30,39.973930
2015-12-01,40.587410
2015-12-02,40.264526
2015-12-03,39.877052
2015-12-04,40.103077
2015-12-07,40.006222
2015-12-08,39.489594
2015-12-09,39.037544
2015-12-10,39.392715
2015-12-11,38.779228
2015-12-14,39.134411
2015-12-15,38.972961
2015-12-16,39.941639
2015-12-17,39.554169
2015-12-18,39.069839
2015-12-21,39.193432
2015-12-22,39.486160
2015-12-23,39.908989
2015-12-24,39.421104
2015-12-28,39.453632
2015-12-29,40.039097
2015-12-30,39.811420
2015-12-31,39.421104
2016-01-04,38.803120
2016-01-05,39.291016
2016-01-06,38.607960
2016-01-07,38.022499
2016-01-08,37.209366
2016-01-11,37.469566
2016-01-12,37.274418
2016-01-13,36.949158
2016-01-14,37.404507
2016-01-15,36.363697
2016-01-19,36.656425
2016-01-20,35.257832
2016-01-21,35.127720
2016-01-22,36.721474
2016-01-25,35.940861
2016-01-26,36.428741
2016-01-27,36.461273
2016-01-28,36.526325
2016-01-29,37.404507
2016-02-01,37.176842
2016-02-02,36.786530
2016-02-03,36.331173
2016-02-04,36.233593
2016-02-05,35.615604
2016-02-08,35.550556
2016-02-09,34.867519
2016-02-10,34.249527
2016-02-11,33.566479
2016-02-12,33.859215
2016-02-16,35.095203
2016-02-17,35.387928
2016-02-18,35.387928
2016-02-19,35.225296
2016-02-22,35.810760
2016-02-23,35.225296
2016-02-24,35.583080
2016-02-25,36.005913
2016-02-26,35.973389
2016-02-29,35.420456
2016-03-01,36.298649
2016-03-02,36.819057
2016-03-03,37.079258
2016-03-04,37.469566
2016-03-07,37.079258
2016-03-08,36.721474
2016-03-09,36.688946
2016-03-10,36.526325
2016-03-11,37.502094
2016-03-14,37.664719
2016-03-15,37.176842
2016-03-16,37.241890
2016-03-17,37.371986
2016-03-18,37.241890
2016-03-21,37.404507
2016-03-22,37.632191
2016-03-23,37.144314
2016-03-24,36.916634
2016-03-28,37.469566
2016-03-29,37.859882
2016-03-30,37.729771
2016-03-31,37.111778
2016-04-01,36.201061
2016-04-04,36.201061
2016-04-05,35.420456
2016-04-06,36.005913
2016-04-07,35.810760
2016-04-08,36.851582
2016-04-11,36.623898
2016-04-12,37.469566
2016-04-13,38.510391
2016-04-14,38.673019
2016-04-15,38.315239
2016-04-18,38.607960
2016-04-19,39.193432
2016-04-20,39.421104
2016-04-21,39.421104
2016-04-22,39.713840
2016-04-25,39.453632
2016-04-26,39.291016
2016-04-27,39.258488
2016-04-28,37.469566
2016-04-29,37.144314
2016-05-02,37.827351
2016-05-03,37.469566
2016-05-04,37.144314
2016-05-05,37.339466
2016-05-06,37.534626
2016-05-09,37.502094
2016-05-10,38.445332
2016-05-11,37.729771
2016-05-12,38.022499
2016-05-13,37.502094
2016-05-16,38.022499
2016-05-17,37.762299
2016-05-18,37.794827
2016-05-19,37.534626
2016-05-20,37.794827
2016-05-23,37.632191
2016-05-24,37.924931
2016-05-25,38.185135
2016-05-26,38.152603
2016-05-27,38.055027
2016-05-31,38.347767
2016-06-01,38.315239
2016-06-02,37.989979
2016-06-03,38.152603
2016-06-06,38.542919
2016-06-07,38.803120
2016-06-08,39.030807
2016-06-09,38.575447
2016-06-10,37.892403
2016-06-13,37.209366
2016-06-14,37.046726
2016-06-15,37.404507
2016-06-16,37.241890
2016-06-17,37.176842
2016-06-20,38.022499
2016-06-21,38.282707
2016-06-22,37.928665
2016-06-23,38.780994
2016-06-24,37.174671
2016-06-27,36.977985
2016-06-28,37.535290
2016-06-29,38.027012
2016-06-30,37.699188
2016-07-01,37.633625
2016-07-05,37.633625
2016-07-06,37.633625
2016-07-07,37.666409
2016-07-08,37.928665
2016-07-11,38.846561
2016-07-12,39.076035
2016-07-13,39.010464
2016-07-14,39.076035
2016-07-15,38.944904
2016-07-18,39.043251
2016-07-19,38.780994
2016-07-20,39.108822
2016-07-21,38.813782
2016-07-22,38.879337
2016-07-25,38.748207
2016-07-26,38.780994
2016-07-27,38.846561
2016-07-28,38.846561
2016-07-29,39.534981
2016-08-01,39.666103
2016-08-02,39.174370
2016-08-03,38.977692
2016-08-04,39.534981
2016-08-05,39.666103
2016-08-08,39.830006
2016-08-09,40.190617
2016-08-10,40.321747
2016-08-11,40.616787
2016-08-12,40.420094
2016-08-15,40.649559
2016-08-16,40.288967
2016-08-17,40.616787
2016-08-18,40.420094
2016-08-19,40.321747
2016-08-22,40.551212
2016-08-23,40.584000
2016-08-24,40.551212
2016-08-25,40.354534
2016-08-26,40.059494
2016-08-29,40.190617
2016-08-30,40.190617
2016-08-31,40.256176
2016-09-01,40.551212
2016-09-02,40.846249
2016-09-06,41.075726
2016-09-07,41.272419
2016-09-08,41.075726
2016-09-09,40.420094
2016-09-12,40.747913
2016-09-13,40.026714
2016-09-14,39.764454
2016-09-15,39.961140
2016-09-16,39.633335
2016-09-19,39.764454
2016-09-20,40.321747
2016-09-21,41.501896
2016-09-22,42.026405
2016-09-23,41.436333
2016-09-26,41.075726
2016-09-27,41.534679
2016-09-28,41.469112
2016-09-29,41.174065
2016-09-30,41.108513
2016-10-03,40.977383
2016-10-04,40.747913
2016-10-05,41.010166
2016-10-06,40.813477
2016-10-07,40.813477
2016-10-10,40.944595
2016-10-11,40.584000
2016-10-12,40.518436
2016-10-13,40.452873
2016-10-14,40.452873
2016-10-17,40.485661
2016-10-18,40.715130
2016-10-19,40.846249
2016-10-20,41.206856
2016-10-21,41.206856
2016-10-24,41.272419
2016-10-25,41.305206
2016-10-26,41.239635
2016-10-27,41.305206
2016-10-28,41.370770
2016-10-31,41.403549
2016-11-01,41.239635
2016-11-02,40.977383
2016-11-03,41.075726
2016-11-04,40.584000
2016-11-07,40.870838
2016-11-08,40.821671
2016-11-09,40.477455
2016-11-10,40.510239
2016-11-11,40.567608
2016-11-14,40.616787
2016-11-15,40.682346
2016-11-16,40.485661
2016-11-17,41.092117
2016-11-18,40.477455
2016-11-21,40.805283
2016-11-22,40.903625
2016-11-23,40.903625
2016-11-25,40.559410
2016-11-28,40.911812
2016-11-29,40.952797
2016-11-30,40.887226
2016-12-01,40.543030
2016-12-02,40.665947
2016-12-05,40.616787
2016-12-06,40.797077
2016-12-07,41.403549
2016-12-08,41.878891
2016-12-09,42.001812
2016-12-12,41.592045
2016-12-13,42.083767
2016-12-14,41.436333
2016-12-15,41.436333
2016-12-16,41.075726
2016-12-19,41.428127
2016-12-20,41.469112
2016-12-21,41.247742
2016-12-22,41.181412
2016-12-23,41.256020
2016-12-27,40.999008
2016-12-28,40.940975
2016-12-29,40.526424
2016-12-30,40.509838
2017-01-03,40.841480
2017-01-04,41.662296
2017-01-05,41.902729
2017-01-06,41.836407
2017-01-09,41.877865
2017-01-10,41.720333
2017-01-11,41.993931
2017-01-12,41.927597
2017-01-13,42.192913
2017-01-17,41.720333
2017-01-18,41.712040
2017-01-19,41.595955
2017-01-20,41.861282
2017-01-23,41.886150
2017-01-24,41.993931
2017-01-25,42.433361
2017-01-26,42.491398
2017-01-27,42.143177
2017-01-30,42.027096
2017-01-31,41.927597
2017-02-01,42.151463
2017-02-02,42.134880
2017-02-03,42.325584
2017-02-06,42.259235
2017-02-07,42.234364
2017-02-08,42.358738
2017-02-09,42.300694
2017-02-10,42.599167
2017-02-13,42.764988
2017-02-14,42.458221
2017-02-15,42.416771
2017-02-16,42.466518
2017-02-17,42.441647
2017-02-21,42.798161
2017-02-22,42.847908
2017-02-23,42.806458
2017-02-24,42.715240
2017-02-27,42.582592
2017-02-28,42.474815
2017-03-01,42.972275
2017-03-02,42.566017
2017-03-03,42.590878
2017-03-06,42.491398
2017-03-07,42.391903
2017-03-08,42.259235
2017-03-09,42.259235
2017-03-10,42.566017
2017-03-13,42.781578
2017-03-14,42.483105
2017-03-15,42.914227
2017-03-16,42.831333
2017-03-17,42.972275
2017-03-20,42.980572
2017-03-21,42.648922
2017-03-22,42.706955
2017-03-23,42.740128
2017-03-24,43.005440
2017-03-27,43.030300
2017-03-28,43.395115
2017-03-29,43.337078
2017-03-30,43.096630
2017-03-31,42.698662
2017-04-03,42.914227
2017-04-04,42.764988
2017-04-05,42.466518
2017-04-06,42.250950
2017-04-07,42.342155
2017-04-10,42.242661
2017-04-11,42.458221
2017-04-12,42.317287
2017-04-13,41.960766
2017-04-17,42.408478
2017-04-18,42.275826
2017-04-19,42.250950
2017-04-20,42.507977
2017-04-21,42.665508
2017-04-24,42.963982
2017-04-25,43.121498
2017-04-26,43.171257
2017-04-27,43.204418
2017-04-28,42.997154
2017-05-01,43.162971
2017-05-02,43.295624
2017-05-03,43.403404
2017-05-04,43.511181
2017-05-05,43.751621
2017-05-08,43.768211
2017-05-09,43.627258
2017-05-10,43.428276
2017-05-11,43.312210
2017-05-12,43.419979
2017-05-15,43.544353
2017-05-16,43.577522
2017-05-17,43.511181
2017-05-18,43.627258
2017-05-19,43.983776
2017-05-22,43.958897
2017-05-23,44.016930
2017-05-24,43.950611
2017-05-25,44.066677
2017-05-26,44.091553
2017-05-30,44.182755
2017-05-31,44.182755
2017-06-01,44.580723
2017-06-02,45.517612
2017-06-05,45.343498
2017-06-06,45.376663
2017-06-07,45.360069
2017-06-08,45.252296
2017-06-09,44.846043
2017-06-12,44.986988
2017-06-13,45.235714
2017-06-14,45.210842
2017-06-15,44.771416
2017-06-16,44.953819
2017-06-19,45.094769
2017-06-20,45.109795
2017-06-21,45.043030
2017-06-22,45.134827
2017-06-23,45.101440
2017-06-26,44.976284
2017-06-27,44.867805
2017-06-28,45.068077
2017-06-29,44.617470
2017-06-30,44.767673
2017-07-03,44.550716
2017-07-05,44.559055
2017-07-06,44.233639
2017-07-07,44.208603
2017-07-10,44.091778
2017-07-11,44.392174
2017-07-12,44.700916
2017-07-13,44.642498
2017-07-14,44.750984
2017-07-17,44.692570
2017-07-18,44.926208
2017-07-19,45.109795
2017-07-20,45.276669
2017-07-21,45.360119
2017-07-24,45.268337
2017-07-25,45.109795
2017-07-26,45.259991
2017-07-27,45.410183
2017-07-28,45.543697
2017-07-31,45.693890
2017-08-01,45.960915
2017-08-02,45.935883
2017-08-03,46.052708
2017-08-04,46.010986
2017-08-07,45.994293
2017-08-08,45.944229
2017-08-09,45.660522
2017-08-10,45.184895
2017-08-11,45.118130
2017-08-14,45.451904
2017-08-15,45.393497
2017-08-16,45.543697
2017-08-17,45.234947
2017-08-18,45.435219
2017-08-21,45.335091
2017-08-22,45.426876
2017-08-23,45.443562
2017-08-24,45.209919
2017-08-25,45.360119
2017-08-28,45.410183
2017-08-29,45.318409
2017-08-30,45.293362
2017-08-31,45.652176
2017-09-01,45.468597
2017-09-05,45.268337
2017-09-06,45.460247
2017-09-07,45.727272
2017-09-08,45.869129
2017-09-11,46.077740
2017-09-12,46.111115
2017-09-13,46.019321
2017-09-14,46.027672
2017-09-15,46.094433
2017-09-18,46.102776
2017-09-19,46.369785
2017-09-20,46.386486
2017-09-21,46.202908
2017-09-22,46.252975
2017-09-25,46.353107
2017-09-26,46.353107
2017-09-27,46.444889
2017-09-28,46.478271
2017-09-29,46.486610
2017-10-02,46.486610
2017-10-03,46.761978
2017-10-04,46.770321
2017-10-05,46.745293
2017-10-06,46.720257
2017-10-09,46.778675
2017-10-10,47.112446
2017-10-11,47.354431
2017-10-12,47.296024
2017-10-13,47.880127
2017-10-16,48.097084
2017-10-17,48.047016
2017-10-18,47.996944
2017-10-19,47.888474
2017-10-20,47.996944
2017-10-23,48.113762
2017-10-24,48.514301
2017-10-25,48.122116
2017-10-26,48.380795
2017-10-27,48.747940
2017-10-30,48.731258
2017-10-31,48.939865
2017-11-01,49.215229
2017-11-02,49.273640
2017-11-03,49.390450
2017-11-06,49.382122
2017-11-07,49.774311
2017-11-08,50.083054
2017-11-09,49.665825
2017-11-10,49.298676
2017-11-13,49.081715
2017-11-14,48.823044
2017-11-15,48.464237
2017-11-16,49.215229
2017-11-17,48.973244
2017-11-20,49.215229
2017-11-21,49.665825
2017-11-22,49.699207
2017-11-24,50.108082
2017-11-27,49.891125
2017-11-28,50.041325
2017-11-29,49.941189
2017-11-30,49.991253
2017-12-01,49.765965
2017-12-04,49.240265
2017-12-05,49.365433
2017-12-06,49.181854
2017-12-07,49.498943
2017-12-08,49.732582
2017-12-11,49.899471
2017-12-12,49.991253
2017-12-13,50.191525
2017-12-14,49.957882
2017-12-15,49.982918
2017-12-18,50.583714
2017-12-19,50.070496
2017-12-20,50.137684
2017-12-21,50.171288
2017-12-22,50.406479
2017-12-26,50.431679
2017-12-27,50.364475
2017-12-28,50.246880
2017-12-29,50.339275
2018-01-02,50.641666
2018-01-03,51.338840
2018-01-04,51.968819
2018-01-05,52.111610
2018-01-08,52.414005
2018-01-09,52.447601
2018-01-10,52.783585
2018-01-11,53.136368
2018-01-12,53.304363
2018-01-16,53.304363
2018-01-17,53.732754
2018-01-18,53.279163
2018-01-19,53.615150
2018-01-22,53.841946
2018-01-23,54.169525
2018-01-24,54.186329
2018-01-25,53.925941
2018-01-26,54.320740
2018-01-29,53.858746
2018-01-30,53.169968
2018-01-31,52.867580
2018-02-01,53.127972
2018-02-02,52.346806
2018-02-05,49.868900
2018-02-06,51.078445
2018-02-07,50.624874
2018-02-08,49.121319
2018-02-09,49.616905
2018-02-12,50.582870
2018-02-13,49.961292
2018-02-14,50.717266
2018-02-15,50.960861
2018-02-16,51.742023
2018-02-20,51.322041
2018-02-21,50.809666
2018-02-22,51.044861
2018-02-23,51.792431
2018-02-26,52.464394
2018-02-27,51.750420
2018-02-28,51.296844
2018-03-01,49.810101
2018-03-02,50.372879
2018-03-05,50.599678
2018-03-06,50.910454
2018-03-07,50.482075
2018-03-08,50.792870
2018-03-09,50.918858
2018-03-12,50.969257
2018-03-13,50.885258
2018-03-14,51.103657
2018-03-15,51.204445
2018-03-16,50.977650
2018-03-19,50.112488
2018-03-20,50.398071
2018-03-21,50.465275
2018-03-22,50.003292
2018-03-23,48.953327
2018-03-26,49.650501
2018-03-27,49.768101
2018-03-28,50.330879
2018-03-29,50.969257
2018-04-02,49.944496
2018-04-03,50.574471
2018-04-04,50.624874
2018-04-05,50.876858
2018-04-06,50.078888
2018-04-09,50.524071
2018-04-10,50.801254
2018-04-11,50.675266
2018-04-12,50.591270
2018-04-13,50.591270
2018-04-16,50.734066
2018-04-17,50.927254
2018-04-18,51.271645
2018-04-19,51.078445
2018-04-20,50.977650
2018-04-23,50.910454
2018-04-24,50.725666
2018-04-25,50.885258
2018-04-26,51.196037
2018-04-27,51.053249
2018-04-30,50.935661
2018-05-01,50.893650
2018-05-02,50.591270
2018-05-03,50.641666
2018-05-04,51.011253
2018-05-07,51.070053
2018-05-08,51.229637
2018-05-09,50.792870
2018-05-10,51.086853
2018-05-11,51.473228
2018-05-14,51.758820
2018-05-15,51.229637
2018-05-16,51.380844
2018-05-17,51.372444
2018-05-18,51.246445
2018-05-21,51.305248
2018-05-22,51.187641
2018-05-23,50.986065
2018-05-24,50.675266
2018-05-25,50.507271
2018-05-29,50.171288
2018-05-30,50.524071
2018-05-31,50.179691
2018-06-01,50.524071
2018-06-04,50.826458
2018-06-05,50.734066
2018-06-06,50.952450
2018-06-07,50.952450
2018-06-08,51.103657
2018-06-11,51.263241
2018-06-12,50.944054
2018-06-13,50.986065
2018-06-14,50.935661
2018-06-15,50.666859
2018-06-18,50.297287
2018-06-19,49.764011
2018-06-20,49.780930
2018-06-21,49.594707
2018-06-22,49.840187
2018-06-25,49.163013
2018-06-26,49.450809
2018-06-27,49.120682
2018-06-28,49.179935
2018-06-29,49.019108
2018-07-02,48.240356
2018-07-03,48.181103
2018-07-05,48.104923
2018-07-06,48.418118
2018-07-09,49.086838
2018-07-10,48.900600
2018-07-11,48.223423
2018-07-12,48.274220
2018-07-13,48.722843
2018-07-16,48.739769
2018-07-17,49.171478
2018-07-18,49.095295
2018-07-19,49.103760
2018-07-20,49.256123
2018-07-23,49.501587
2018-07-24,49.704754
2018-07-25,50.026402
2018-07-26,50.153378
2018-07-27,50.305744
2018-07-30,49.924835
2018-07-31,49.543922
2018-08-01,49.865574
2018-08-02,49.586246
2018-08-03,49.577778
2018-08-06,49.205326
2018-08-07,49.620102
2018-08-08,49.569317
2018-08-09,49.383095
2018-08-10,48.672050
2018-08-13,48.384266
2018-08-14,48.578941
2018-08-15,47.986416
2018-08-16,48.248821
2018-08-17,48.409645
2018-08-20,48.604332
2018-08-21,48.595871
2018-08-22,48.799030
2018-08-23,48.595871
2018-08-24,48.765163
2018-08-27,49.501587
2018-08-28,49.349236
2018-08-29,49.526997
2018-08-30,49.179935
2018-08-31,49.281517
2018-09-04,48.672050
2018-09-05,48.155712
2018-09-06,48.265751
2018-09-07,47.969482
2018-09-10,48.079525
2018-09-11,48.181103
2018-09-12,48.274220
2018-09-13,48.646664
2018-09-14,49.196861
2018-09-17,49.222263
2018-09-18,50.398853
2018-09-19,50.576611
2018-09-20,50.712048
2018-09-21,50.822094
2018-09-24,50.593555
2018-09-25,50.974457
2018-09-26,51.219929
2018-09-27,51.084496
2018-09-28,50.982918
2018-10-01,51.329979
2018-10-02,51.211472
2018-10-03,50.762836
2018-10-04,50.077198
2018-10-05,50.085659
2018-10-08,50.305744
2018-10-09,50.017941
2018-10-10,48.790565
2018-10-11,47.910236
2018-10-12,48.020275
2018-10-15,47.876373
2018-10-16,48.765163
2018-10-17,48.731312
2018-10-18,47.850975
2018-10-19,47.952553
2018-10-22,47.656292
2018-10-23,47.106091
2018-10-24,45.599369
2018-10-25,46.276539
2018-10-26,45.684021
2018-10-29,45.260777
2018-10-30,45.971821
2018-10-31,46.420444
2018-11-01,46.310410
2018-11-02,46.572815
2018-11-05,46.403519
2018-11-06,46.928318
2018-11-07,47.419281
2018-11-08,47.114552
2018-11-09,46.640530
2018-11-12,46.005672
2018-11-13,45.836388
2018-11-14,45.997211
2018-11-15,46.268082
2018-11-16,46.301937
2018-11-19,46.098785
2018-11-20,45.252312
2018-11-21,45.946419
2018-11-23,45.777130
2018-11-26,46.395050
2018-11-27,46.352718
2018-11-28,46.962189
2018-11-29,46.801357
2018-11-30,46.843685
2018-12-03,47.478535
2018-12-04,45.726337
2018-12-06,45.658619
2018-12-07,45.320038
2018-12-10,44.972980
2018-12-11,44.939129
2018-12-12,45.480862
2018-12-13,45.345425
2018-12-14,44.829079
2018-12-17,44.473564
2018-12-18,44.597252
2018-12-19,43.940411
2018-12-20,43.710087
2018-12-21,42.362274
2018-12-24,41.901627
2018-12-26,42.694965
2018-12-27,43.266502
2018-12-28,43.317684
2018-12-31,43.240906
2019-01-02,43.539478
2019-01-03,43.292091
2019-01-04,44.759331
2019-01-07,44.870232
2019-01-08,45.083496
2019-01-09,45.330879
2019-01-10,45.603848
2019-01-11,45.074951
2019-01-14,44.912884
2019-01-15,45.458836
2019-01-16,45.680618
2019-01-17,45.586784
2019-01-18,46.192455
2019-01-22,45.364998
2019-01-23,45.237045
2019-01-24,45.501480
2019-01-25,45.996246
2019-01-28,45.663563
2019-01-29,45.706219
2019-01-30,46.218048
2019-01-31,46.303345
2019-02-01,46.115681
2019-02-04,46.218048
2019-02-05,46.405716
2019-02-06,46.021847
2019-02-07,45.382057
2019-02-08,44.981129
2019-02-11,45.023777
2019-02-12,45.817108
2019-02-13,45.928009
2019-02-14,45.893890
2019-02-15,46.482491
2019-02-19,46.559261
2019-02-20,46.610443
2019-02-21,46.542198
2019-02-22,46.644562
2019-02-25,46.909012
2019-02-26,47.071091
2019-02-27,46.823708
2019-02-28,46.371590
2019-03-01,46.508080
2019-03-04,46.363060
2019-03-05,46.405716
2019-03-06,46.132736
2019-03-07,45.586784
2019-03-08,45.510010
2019-03-11,46.004784
2019-03-12,46.115681
2019-03-13,46.294815
2019-03-14,45.800045
2019-03-15,46.328941
2019-03-18,46.456902
2019-03-19,46.473953
2019-03-20,46.499542
2019-03-21,46.806641
2019-03-22,46.303345
2019-03-25,46.328941
2019-03-26,46.840767
2019-03-27,46.678684
2019-03-28,46.704281
2019-03-29,46.678684
2019-04-01,47.267292
2019-04-02,46.943127
2019-04-03,47.224640
2019-04-04,47.199055
2019-04-05,47.233170
2019-04-08,47.122269
2019-04-09,46.866360
2019-04-10,46.874886
2019-04-11,46.729870
2019-04-12,46.968727
2019-04-15,46.960194
2019-04-16,47.147865
2019-04-17,47.147865
2019-04-18,47.216110
2019-04-22,47.045502
2019-04-23,47.309940
2019-04-24,46.729870
2019-04-25,46.832233
2019-04-26,47.258762
2019-04-29,47.446434
2019-04-30,47.275818
2019-05-01,47.113747
2019-05-02,47.130806
2019-05-03,47.736465
2019-05-06,47.250229
2019-05-07,46.388653
2019-05-08,46.107147
2019-05-09,45.808578
2019-05-10,46.124207
2019-05-13,45.083496
2019-05-14,45.714752
2019-05-15,45.782990
2019-05-16,45.970657
2019-05-17,45.800045
2019-05-20,45.552666
2019-05-21,45.868298
2019-05-22,45.492958
2019-05-23,45.151737
2019-05-24,45.851238
2019-05-28,45.467358
2019-05-29,45.254097
2019-05-30,45.458836
2019-05-31,44.972603
2019-06-03,45.237045
2019-06-04,45.757397
2019-06-05,45.782990
2019-06-06,45.834175
2019-06-07,46.388653
2019-06-10,46.601910
2019-06-11,46.755463
2019-06-12,46.235107
2019-06-13,46.183922
2019-06-14,46.064499
2019-06-17,46.199642
2019-06-18,46.475105
2019-06-19,46.888287
2019-06-20,47.344521
2019-06-21,46.879684
2019-06-24,46.879684
2019-06-25,46.673088
2019-06-26,46.604221
2019-06-27,46.793598
2019-06-28,46.982983
2019-07-01,47.654415
2019-07-02,47.800747
2019-07-03,47.938480
2019-07-05,47.731888
2019-07-08,47.456429
2019-07-09,47.034626
2019-07-10,47.318703
2019-07-11,47.404770
2019-07-12,47.421986
2019-07-15,47.456429
2019-07-16,47.103485
2019-07-17,47.060448
2019-07-18,46.939934
2019-07-19,47.060448
2019-07-22,47.129314
2019-07-23,47.508076
2019-07-24,47.568333
2019-07-25,47.060448
2019-07-26,47.180969
2019-07-29,47.120712
2019-07-30,46.819427
2019-07-31,46.784996
2019-08-01,46.776382
2019-08-02,46.535366
2019-08-05,45.381878
2019-08-06,45.958614
2019-08-07,46.277107
2019-08-08,46.604221
2019-08-09,46.113571
2019-08-12,45.674549
2019-08-13,46.191036
2019-08-14,45.071983
2019-08-15,45.502396
2019-08-16,45.975838
2019-08-19,45.967224
2019-08-20,45.872540
2019-08-21,46.027477
2019-08-22,45.958614
2019-08-23,45.442131
2019-08-26,46.104954
2019-08-27,45.958614
2019-08-28,45.941402
2019-08-29,46.268505
2019-08-30,46.414837
2019-09-03,46.440674
2019-09-04,46.698917
2019-09-05,47.034626
2019-09-06,47.198181
2019-09-09,47.508076
2019-09-10,47.645802
2019-09-11,48.067600
2019-09-12,48.386101
2019-09-13,48.954231
2019-09-16,48.695984
2019-09-17,48.876762
2019-09-18,48.773464
2019-09-19,49.135002
2019-09-20,49.023102
2019-09-23,48.971447
2019-09-24,49.040321
2019-09-25,49.238297
2019-09-26,49.324383
2019-09-27,48.618511
2019-09-30,48.842323
2019-10-01,48.627125
2019-10-02,48.024563
2019-10-03,48.265591
2019-10-04,48.825108
2019-10-07,48.515224
2019-10-08,48.231155
2019-10-09,48.652943
2019-10-10,48.592690
2019-10-11,49.195259
2019-10-14,48.980064
2019-10-15,49.711746
2019-10-16,49.608452
2019-10-17,49.479324
2019-10-18,49.384632
2019-10-21,49.737568
2019-10-22,49.797821
2019-10-23,50.004414
2019-10-24,50.030251
2019-10-25,50.004414
2019-10-28,50.150757
2019-10-29,50.365955
2019-10-30,50.503685
2019-10-31,50.512299
2019-11-01,51.011566
2019-11-04,51.355892
2019-11-05,51.424767
2019-11-06,51.312859
2019-11-07,51.614140
2019-11-08,51.588310
2019-11-11,51.459190
2019-11-12,51.571087
2019-11-13,51.390320
2019-11-14,51.166515
2019-11-15,51.467796
2019-11-18,51.510838
2019-11-19,51.347290
2019-11-20,51.192337
2019-11-21,51.243984
2019-11-22,51.278423
2019-11-25,51.631344
2019-11-26,51.545277
2019-11-27,51.648571
2019-11-29,51.157909
2019-12-02,51.054607
2019-12-03,51.252598
2019-12-04,51.829338
2019-12-05,51.622749
2019-12-06,52.216702
2019-12-09,51.924026
2019-12-10,51.898205
2019-12-11,52.010109
2019-12-12,52.139229
2019-12-13,52.276955
2019-12-16,52.517376
2019-12-17,52.404133
2019-12-18,52.195076
2019-12-19,52.142818
2019-12-20,52.107971
2019-12-23,52.064415
2019-12-24,51.855354
2019-12-26,51.994732
2019-12-27,51.898914
2019-12-30,51.437237
2019-12-31,51.602745
2020-01-02,52.142818
2020-01-03,51.567898
2020-01-06,51.750824
2020-01-07,51.837936
2020-01-08,51.846645
2020-01-09,52.212498
2020-01-10,51.846645
2020-01-13,52.142818
2020-01-14,52.160236
2020-01-15,51.968597
2020-01-16,52.003441
2020-01-17,52.038288
2020-01-21,51.759541
2020-01-22,51.994732
2020-01-23,52.055706
2020-01-24,51.855354
2020-01-27,50.923306
2020-01-28,51.376266
2020-01-29,51.210754
2020-01-30,51.141064
2020-01-31,50.304836
2020-02-03,50.688110
2020-02-04,51.454655
2020-02-05,51.916328
2020-02-06,52.308319
2020-02-07,51.803097
2020-02-10,51.742126
2020-02-11,52.003441
2020-02-12,51.750824
2020-02-13,51.297863
2020-02-14,50.914589
2020-02-18,50.156750
2020-02-19,50.069637
2020-02-20,49.747341
2020-02-21,49.329227
2020-02-24,47.665462
2020-02-25,47.587070
2020-02-26,47.822258
2020-02-27,46.184631
2020-02-28,46.132370
2020-03-02,46.715988
2020-03-03,46.114948
2020-03-04,47.116688
2020-03-05,46.263027
2020-03-06,45.818779
2020-03-09,43.484280
2020-03-10,44.782196
2020-03-11,43.266510
2020-03-12,39.024353
2020-03-13,40.304832
2020-03-16,37.648056
2020-03-17,39.494743
2020-03-18,38.658504
2020-03-19,39.198578
2020-03-20,39.294392
2020-03-23,38.884991
2020-03-24,41.585335
2020-03-25,42.369297
2020-03-26,43.763035
2020-03-27,43.710770
2020-03-30,44.242123
2020-03-31,43.022606
2020-04-01,40.975582
2020-04-02,41.498230
2020-04-03,40.566166
2020-04-06,42.961639
2020-04-07,43.423313
2020-04-08,43.318779
2020-04-09,43.884983
2020-04-13,43.702053
2020-04-14,44.503445
2020-04-15,44.059196
2020-04-16,43.684635
2020-04-17,44.268253
2020-04-20,43.588821
2020-04-21,43.179405
2020-04-22,43.928539
2020-04-23,43.989506
2020-04-24,44.329235
2020-04-27,44.938988
2020-04-28,45.592304
2020-04-29,46.393696
2020-04-30,45.087070
2020-05-01,44.294384
2020-05-04,44.076614
2020-05-05,44.503445
2020-05-06,44.163731
2020-05-07,44.825745
2020-05-08,45.592304
2020-05-11,46.027832
2020-05-12,45.426792
2020-05-13,45.644566
2020-05-14,44.965122
2020-05-15,45.043507
2020-05-18,46.167210
2020-05-19,45.627140
2020-05-20,46.315292
2020-05-21,45.818779
2020-05-22,45.879745
2020-05-26,47.438984
2020-05-27,48.048740
2020-05-28,48.675915
2020-05-29,48.266514
2020-06-01,48.998219
2020-06-02,49.215984
2020-06-03,49.555710
2020-06-04,48.998219
2020-06-05,49.703789
2020-06-08,50.435490
2020-06-09,50.174175
2020-06-10,50.148045
2020-06-11,48.040035
2020-06-12,48.902401
2020-06-15,48.368576
2020-06-16,49.299255
2020-06-17,49.518745
2020-06-18,49.430954
2020-06-19,49.193893
2020-06-22,49.527531
2020-06-23,49.659229
2020-06-24,48.623199
2020-06-25,49.176331
2020-06-26,48.702221
2020-06-29,48.710995
2020-06-30,48.219315
2020-07-01,48.122738
2020-07-02,48.438824
2020-07-06,49.062191
2020-07-07,48.623199
2020-07-08,48.588081
2020-07-09,48.351013
2020-07-10,48.983181
2020-07-13,48.728561
2020-07-14,49.114872
2020-07-15,49.738251
2020-07-16,49.229012
2020-07-17,49.308025
2020-07-20,49.343155
2020-07-21,49.369492
2020-07-22,49.237793
2020-07-23,49.070972
2020-07-24,49.018295
2020-07-27,49.992863
2020-07-28,49.685570
2020-07-29,49.711910
2020-07-30,48.965614
2020-07-31,47.701305
2020-08-03,48.675873
2020-08-04,49.220234
2020-08-05,49.185112
2020-08-06,49.149990
2020-08-07,49.167553
2020-08-10,49.404613
2020-08-11,49.808491
2020-08-12,50.862072
2020-08-13,50.800617
2020-08-14,50.791836
2020-08-17,51.002552
2020-08-18,51.178158
2020-08-19,50.905975
2020-08-20,50.721603
2020-08-21,50.581123
2020-08-24,51.143028
2020-08-25,51.072796
2020-08-26,51.213272
2020-08-27,50.739159
2020-08-28,51.011330
2020-08-31,50.941093
2020-09-01,51.081577
2020-09-02,51.590809
2020-09-03,50.686470
2020-09-04,50.967434
2020-09-08,50.545998
2020-09-09,50.721603
2020-09-10,50.747936
2020-09-11,51.406425
2020-09-14,51.775185
2020-09-15,52.012249
2020-09-16,52.196629
2020-09-17,52.258076
2020-09-18,52.029804
2020-09-21,51.257175
2020-09-22,51.415207
2020-09-23,51.713726
2020-09-24,51.511791
2020-09-25,51.590809
2020-09-28,52.310760
2020-09-29,52.266865
2020-09-30,51.862988
2020-10-01,51.871769
2020-10-02,51.617149
2020-10-05,52.038589
2020-10-06,51.924446
2020-10-07,52.196629
2020-10-08,52.214188
2020-10-09,52.205406
2020-10-12,52.345882
2020-10-13,52.179066
2020-10-14,52.258076
2020-10-15,51.819096
2020-10-16,51.713726
2020-10-19,51.775185
2020-10-20,51.783970
2020-10-21,52.187847
2020-10-22,52.038589
2020-10-23,52.064930
2020-10-26,51.564465
2020-10-27,51.748844
2020-10-28,51.046448
2020-10-29,51.432770
2020-10-30,51.134254
2020-11-02,51.669830
2020-11-03,52.758537
2020-11-04,52.670734
2020-11-05,53.970169
2020-11-06,54.014065
2020-11-09,55.603233
2020-11-10,55.392513
2020-11-11,55.726158
2020-11-12,54.865719
2020-11-13,55.647137
2020-11-16,56.437321
2020-11-17,56.217834
2020-11-18,55.840294
2020-11-19,56.209045
2020-11-20,56.841206
2020-11-23,56.876320
2020-11-24,57.736759
2020-11-25,57.324104
2020-11-27,58.149414
2020-11-30,56.533897
2020-12-01,57.692856
2020-12-02,57.596279
2020-12-03,57.736759
2020-12-04,58.000149
2020-12-07,57.148499
2020-12-08,57.280193
2020-12-09,57.684067
2020-12-10,57.780647
2020-12-11,57.903572
2020-12-14,58.095726
2020-12-15,58.509998
2020-12-16,58.501186
2020-12-17,58.844955
2020-12-18,58.677479
2020-12-21,58.042835
2020-12-22,58.016392
2020-12-23,58.227936
2020-12-24,58.016392
2020-12-28,58.606960
2020-12-29,59.338554
2020-12-30,59.365002
2020-12-31,59.550102
2021-01-04,58.844955
2021-01-05,59.391441
2021-01-06,60.096592
2021-01-07,59.973186
2021-01-08,61.074997
2021-01-11,60.502048
2021-01-12,60.819366
2021-01-13,60.995667
2021-01-14,61.630291
2021-01-15,60.572567
2021-01-19,60.925148
2021-01-20,61.233643
2021-01-21,60.995667
2021-01-22,61.030914
2021-01-25,61.268917
2021-01-26,61.277721
2021-01-27,59.937935
2021-01-28,60.325768
2021-01-29,59.047688
2021-02-01,59.664700
2021-02-02,60.140667
2021-02-03,60.493237
2021-02-04,60.563759
2021-02-05,61.039742
2021-02-08,62.132729
2021-02-09,62.467670
2021-02-10,62.353081
2021-02-11,62.679207
2021-02-12,63.067055
2021-02-16,63.340298
2021-02-17,63.252159
2021-02-18,62.494106
2021-02-19,62.881943
2021-02-22,62.732101
2021-02-23,62.591068
2021-02-24,62.071018
2021-02-25,61.004475
2021-02-26,60.131855
2021-03-01,61.127880
2021-03-02,60.528488
2021-03-03,60.167103
2021-03-04,59.594177
2021-03-05,60.078964
2021-03-08,59.409077
2021-03-09,60.061340
2021-03-10,60.272884
2021-03-11,59.973186
2021-03-12,60.766502
2021-03-15,61.092617
2021-03-16,61.295345
2021-03-17,61.691998
2021-03-18,61.859467
2021-03-19,62.309006
2021-03-22,61.894730
2021-03-23,60.969219
2021-03-24,60.299316
2021-03-25,60.986855
2021-03-26,61.797779
2021-03-29,61.427574
2021-03-30,60.978031
2021-03-31,60.396286
2021-04-01,60.942776
2021-04-05,61.683186
2021-04-06,60.748863
2021-04-07,60.925148
2021-04-08,60.986855
2021-04-09,61.409931
2021-04-12,61.030914
2021-04-13,61.418751
2021-04-14,61.304169
2021-04-15,61.595032
2021-04-16,61.665565
2021-04-19,61.074997
2021-04-20,59.752842
2021-04-21,60.264080
2021-04-22,60.369835
2021-04-23,60.907513
2021-04-26,60.678345
2021-04-27,59.937935
2021-04-28,59.920311
2021-04-29,59.973186
2021-04-30,59.426693
2021-05-03,60.131855
2021-05-04,59.373821
2021-05-05,60.087780
2021-05-06,60.572567
2021-05-07,60.872261
2021-05-10,60.748863
2021-05-11,59.717583
2021-05-12,57.672638
2021-05-13,58.148605
2021-05-14,59.065315
2021-05-17,58.571697
2021-05-18,59.312107
2021-05-19,59.012424
2021-05-20,59.550102
2021-05-21,59.876236
2021-05-24,60.140667
2021-05-25,59.999645
2021-05-26,60.131855
2021-05-27,60.175919
2021-05-28,60.449181
2021-06-01,60.070156
2021-06-02,60.625462
2021-06-03,60.643085
2021-06-04,61.304169
2021-06-07,61.542160
2021-06-08,61.242474
2021-06-09,60.810555
2021-06-10,61.072510
2021-06-11,61.161297
2021-06-14,61.143543
2021-06-15,61.436565
2021-06-16,61.338879
2021-06-17,61.108013
2021-06-18,59.713959
2021-06-21,60.344398
2021-06-22,60.415428
2021-06-23,59.953705
2021-06-24,60.477592
2021-06-25,60.752842
2021-06-28,60.504215
2021-06-29,60.548630
2021-06-30,59.971455
2021-07-01,59.927052
2021-07-02,60.299999
2021-07-06,60.078011
2021-07-07,60.104649
2021-07-08,59.172310
2021-07-09,60.761726
2021-07-12,60.939297
2021-07-13,60.743969
2021-07-14,61.045876
2021-07-15,60.299999
2021-07-16,59.687313
2021-07-19,58.834896
2021-07-20,59.536362
2021-07-21,59.962578
2021-07-22,59.927052
2021-07-23,60.264469
2021-07-26,60.051373
2021-07-27,59.722836
2021-07-28,60.042500
2021-07-29,60.246708
2021-07-30,59.589638
2021-08-02,60.166809
2021-08-03,60.610771
2021-08-04,59.989216
2021-08-05,60.344398
2021-08-06,60.220085
2021-08-09,60.184563
2021-08-10,60.220085
2021-08-11,60.965954
2021-08-12,60.761726
2021-08-13,60.948193
2021-08-16,60.530872
2021-08-17,60.024734
2021-08-18,59.713959
2021-08-19,59.145676
2021-08-20,59.190075
2021-08-23,59.971455
2021-08-24,60.504215
2021-08-25,60.388790
2021-08-26,60.078011
2021-08-27,60.495342
2021-08-30,60.415428
2021-08-31,60.735092
2021-09-01,61.720699
2021-09-02,62.004829
2021-09-03,63.762978
2021-09-07,64.428909
2021-09-08,64.153648
2021-09-09,64.721939
2021-09-10,64.650887
2021-09-13,65.538841
2021-09-14,65.174789
2021-09-15,65.814102
2021-09-16,65.663147
2021-09-17,65.201424
2021-09-20,64.260216
2021-09-21,64.837364
2021-09-22,64.366760
2021-09-23,64.739693
2021-09-24,64.517723
2021-09-27,64.464432
2021-09-28,63.070366
2021-09-29,63.034847
2021-09-30,62.377769
2021-10-01,62.093632
2021-10-04,60.371025
2021-10-05,60.708458
2021-10-06,60.184563
2021-10-07,60.530872
2021-10-08,60.255596
2021-10-11,60.521980
2021-10-12,60.131287
2021-10-13,60.095768
2021-10-14,60.664051
2021-10-15,61.303375
2021-10-18,61.001461
2021-10-19,61.383282
2021-10-20,61.321125
2021-10-21,60.255596
2021-10-22,60.752842
2021-10-25,60.779480
2021-10-26,60.788368
2021-10-27,60.344398
2021-10-28,60.823875
2021-10-29,60.735092
2021-11-01,61.649662
2021-11-02,61.578632
2021-11-03,61.951569
2021-11-04,62.395527
2021-11-05,62.475452
2021-11-08,62.342262
2021-11-09,61.951569
2021-11-10,60.983715
2021-11-11,61.338879
2021-11-12,62.226830
2021-11-15,62.173546
2021-11-16,62.049232
2021-11-17,61.791729
2021-11-18,61.951569
2021-11-19,62.075874
2021-11-22,61.756218
2021-11-23,61.827255
2021-11-24,61.072510
2021-11-26,59.456448
2021-11-29,59.625164
2021-11-30,58.897049
2021-12-01,58.586273
2021-12-02,59.465340
2021-12-03,59.811630
2021-12-06,59.847145
2021-12-07,61.241215
2021-12-08,61.170177
2021-12-09,60.672928
2021-12-10,60.761726
2021-12-13,60.175175
2021-12-14,60.103207
2021-12-15,61.137772
2021-12-16,61.209736
2021-12-17,60.463047
2021-12-20,59.950272
2021-12-21,60.301125
2021-12-22,60.400078
2021-12-23,60.633984
2021-12-27,60.580006
2021-12-28,60.651966
2021-12-29,60.364101
2021-12-30,60.193176
2021-12-31,60.238148
2022-01-03,60.301125
2022-01-04,61.092781
2022-01-05,60.813908
2022-01-06,60.364101
2022-01-07,59.977261
2022-01-10,59.833332
2022-01-11,60.301125
2022-01-12,61.164753
2022-01-13,60.553013
2022-01-14,60.481049
2022-01-18,59.527458
2022-01-19,58.789768
2022-01-20,58.528881
2022-01-21,58.303978
2022-01-24,58.052090
2022-01-25,57.845173
2022-01-26,57.044525
2022-01-27,56.234867
2022-01-28,56.450775
2022-01-31,57.647266
2022-02-01,57.665253
2022-02-02,58.546883
2022-02-03,57.323395
2022-02-04,57.773205
2022-02-07,57.809193
2022-02-08,58.142044
2022-02-09,58.942711
2022-02-10,58.007107
2022-02-11,57.539310
2022-02-14,57.539310
2022-02-15,58.178036
2022-02-16,58.187031
2022-02-17,57.332397
2022-02-18,57.242435
2022-02-22,56.783627
2022-02-23,56.198879
2022-02-24,55.875023
2022-02-25,57.170467
2022-02-28,56.621704
2022-03-01,55.848034
2022-03-02,56.036953
2022-03-03,55.758072
2022-03-04,55.038380
2022-03-07,53.104206
2022-03-08,52.339542
2022-03-09,53.751934
2022-03-10,53.527027
2022-03-11,52.663403
2022-03-14,52.735371
2022-03-15,53.598995
2022-03-16,54.795486
2022-03-17,55.308266
2022-03-18,56.018959
2022-03-21,56.000969
2022-03-22,56.171894
2022-03-23,55.839039
2022-03-24,56.450775
2022-03-25,56.441780
2022-03-28,55.596142
2022-03-29,56.693668
2022-03-30,56.099930
2022-03-31,55.425217
2022-04-01,55.713093
2022-04-04,56.162899
2022-04-05,54.696533
2022-04-06,53.877876
2022-04-07,53.688969
2022-04-08,53.464058
2022-04-11,52.627419
2022-04-12,51.934711
2022-04-13,52.681389
2022-04-14,52.537457
2022-04-18,51.907730
2022-04-19,51.916718
2022-04-20,52.402519
2022-04-21,51.970699
2022-04-22,51.197033
2022-04-25,51.511890
2022-04-26,50.423363
2022-04-27,50.621277
2022-04-28,51.547874
2022-04-29,50.936146
2022-05-02,50.918148
2022-05-03,51.322975
2022-05-04,52.231586
2022-05-05,50.801205
2022-05-06,50.999111
2022-05-09,49.559731
2022-05-10,49.631699
2022-05-11,49.091930
2022-05-12,49.640697
2022-05-13,50.666256
2022-05-16,50.396378
2022-05-17,50.765221
2022-05-18,50.279419
2022-05-19,50.711239
2022-05-20,51.358963
2022-05-23,51.853748
2022-05-24,51.655834
2022-05-25,51.763790
2022-05-26,52.168613
2022-05-27,52.483479
2022-05-31,51.817768
2022-06-01,51.844749
2022-06-02,52.375526
2022-06-03,51.286991
2022-06-06,51.565876
2022-06-07,51.727802
2022-06-08,51.053089
2022-06-09,50.686115
2022-06-10,49.768681
2022-06-13,48.378902
2022-06-14,48.051891
2022-06-15,48.587814
2022-06-16,47.815720
2022-06-17,47.288879
2022-06-21,47.779385
2022-06-22,47.543209
2022-06-23,47.833893
2022-06-24,48.778572
2022-06-27,48.351646
2022-06-28,48.278984
2022-06-29,48.060978
2022-06-30,47.988304
2022-07-01,48.188145
2022-07-05,47.879303
2022-07-06,47.870224
2022-07-07,48.551487
2022-07-08,48.796741
2022-07-11,48.133652
2022-07-12,48.151810
2022-07-13,47.897472
2022-07-14,47.425133
2022-07-15,47.924721
2022-07-18,48.015560
2022-07-19,48.705906
2022-07-20,48.914825
2022-07-21,49.532509
2022-07-22,49.686924
2022-07-25,49.677849
2022-07-26,49.132832
2022-07-27,50.122936
2022-07-28,50.531696
2022-07-29,51.004044
2022-08-01,51.658054
2022-08-02,50.677036
2022-08-03,50.568031
2022-08-04,50.549866
2022-08-05,50.241028
2022-08-08,50.222855
2022-08-09,49.723263
2022-08-10,51.149376
2022-08-11,51.131210
2022-08-12,51.803391
2022-08-15,52.012306
2022-08-16,51.767063
2022-08-17,51.603554
2022-08-18,51.421886
2022-08-19,50.531696
2022-08-22,50.013939
2022-08-23,50.132019
2022-08-24,50.113850
2022-08-25,50.686115
2022-08-26,49.450756
2022-08-29,48.951164
2022-08-30,48.896664
2022-08-31,48.678650
2022-09-01,48.097317
2022-09-02,47.570465
2022-09-06,46.825615
2022-09-07,46.752949
2022-09-08,47.316120
2022-09-09,48.206306
2022-09-12,48.224476
2022-09-13,46.634857
2022-09-14,47.307045
2022-09-15,46.934616
2022-09-16,46.898289
2022-09-19,47.052704
2022-09-20,46.562195
2022-09-21,46.026264
2022-09-22,46.389603
2022-09-23,45.453999
2022-09-26,44.718231
2022-09-27,44.345810
2022-09-28,45.181496
2022-09-29,44.745483
2022-09-30,44.373062
2022-10-03,45.172413
2022-10-04,46.616692
2022-10-05,46.126183
2022-10-06,45.708340
2022-10-07,45.245079
2022-10-10,45.063408
2022-10-11,44.600147
2022-10-12,44.273148
2022-10-13,44.663734
2022-10-14,44.018799
2022-10-17,44.463902
2022-10-18,44.309475
2022-10-19,44.036968
2022-10-20,44.000633
2022-10-21,44.772736
2022-10-24,44.482067
2022-10-25,45.499416
2022-10-26,45.762848
2022-10-27,45.190582
2022-10-28,45.672009
2022-10-31,45.408581
2022-11-01,45.753750
2022-11-02,45.453999
2022-11-03,45.326832
2022-11-04,46.207932
2022-11-07,46.471355
2022-11-08,47.143539
2022-11-09,46.344185
2022-11-10,48.932995
2022-11-11,49.904934
2022-11-14,49.223667
2022-11-15,49.550671
2022-11-16,49.378086
2022-11-17,49.287254
2022-11-18,49.269089
2022-11-21,48.869408
2022-11-22,49.914017
2022-11-23,50.486275
2022-11-25,50.831455
2022-11-28,50.440857
2022-11-29,50.132019
2022-11-30,50.686115
2022-12-01,51.031292
2022-12-02,50.804199
2022-12-05,49.741428
2022-12-06,49.587013
2022-12-07,49.732342
2022-12-08,50.041187
2022-12-09,50.195606
2022-12-12,50.186523
2022-12-13,50.909378
2022-12-14,50.863861
2022-12-15,49.625713
2022-12-16,49.662132
2022-12-19,49.343494
2022-12-20,50.044498
2022-12-21,49.971668
2022-12-22,49.826008
2022-12-23,49.862423
2022-12-27,49.634823
2022-12-28,49.043060
2022-12-29,49.953465
2022-12-30,49.561993
2023-01-03,49.798695
2023-01-04,49.307083
2023-01-05,48.642490
2023-01-06,49.862423
2023-01-09,49.971668
2023-01-10,49.853313
2023-01-11,50.253891
2023-01-12,51.464718
2023-01-13,51.683216
2023-01-17,52.174831
2023-01-18,52.101994
2023-01-19,52.074688
2023-01-20,52.666439
2023-01-23,52.520775
2023-01-24,52.875835
2023-01-25,53.513107
2023-01-26,53.403866
2023-01-27,53.549530
2023-01-30,53.230892
2023-01-31,53.412971
2023-02-01,53.595047
2023-02-02,53.467590
2023-02-03,52.857632
2023-02-06,52.375111
2023-02-07,53.139839
2023-02-08,52.557194
2023-02-09,52.611824
2023-02-10,52.912247
2023-02-13,52.884937
2023-02-14,52.620918
2023-02-15,52.101994
2023-02-16,51.929024
2023-02-17,51.910820
2023-02-21,51.273533
2023-02-22,50.891167
2023-02-23,51.400990
2023-02-24,50.636257
2023-02-27,51.118771
2023-02-28,50.927582
2023-03-01,51.009525
2023-03-02,51.064140
2023-03-03,52.238560
2023-03-06,52.238560
2023-03-07,51.774254
2023-03-08,52.411533
2023-03-09,52.320496
2023-03-10,51.692318
2023-03-13,51.200710
2023-03-14,51.055042
2023-03-15,50.017185
2023-03-16,51.036842
2023-03-17,50.718193
2023-03-20,51.455612
2023-03-21,51.774254
2023-03-22,51.628590
2023-03-23,51.856190
2023-03-24,52.010960
2023-03-27,52.238560
2023-03-28,52.338699
2023-03-29,52.538986
2023-03-30,52.784794
2023-03-31,53.431171
2023-04-03,53.676983
2023-04-04,53.658775
2023-04-05,52.857632
2023-04-06,52.630028
2023-04-10,52.520775
2023-04-11,52.693760
2023-04-12,52.866734
2023-04-13,53.604153
2023-04-14,53.203571
2023-04-17,53.358349
2023-04-18,53.676983
2023-04-19,53.249096
2023-04-20,53.422077
2023-04-21,53.722500
2023-04-24,53.695187
2023-04-25,53.321930
2023-04-26,53.130749
2023-04-27,53.995621
2023-04-28,53.567734
2023-05-01,53.504009
2023-05-02,53.057911
2023-05-03,53.376553
2023-05-04,53.476696
2023-05-05,54.195904
2023-05-08,54.077557
2023-05-09,54.660213
2023-05-10,54.387093
2023-05-11,54.541855
2023-05-12,54.805878
2023-05-15,55.133614
2023-05-16,55.024372
2023-05-17,55.397636
2023-05-18,55.406734
2023-05-19,55.497772
2023-05-22,55.743587
2023-05-23,54.942432
2023-05-24,54.359779
2023-05-25,54.669315
2023-05-26,54.851398
2023-05-30,54.496342
2023-05-31,54.022930
2023-06-01,55.379429
2023-06-02,56.444584
2023-06-05,56.244305
2023-06-06,57.391403
2023-06-07,55.916492
2023-06-08,56.393158
2023-06-09,57.034821
2023-06-12,57.392315
2023-06-13,58.217316
2023-06-14,58.483150
2023-06-15,58.400650
2023-06-16,57.841480
2023-06-20,57.043983
2023-06-21,57.722317
2023-06-22,57.245651
2023-06-23,55.833988
2023-06-26,55.833988
2023-06-27,56.044823
2023-06-28,56.668156
2023-06-29,56.383984
2023-06-30,56.741486
2023-07-03,56.915653
2023-07-05,56.448158
2023-07-06,55.705658
2023-07-07,56.503155
2023-07-10,56.420654
2023-07-11,56.668156
2023-07-12,57.062325
2023-07-13,57.914818
2023-07-14,57.218151
2023-07-17,57.245651
2023-07-18,58.033985
2023-07-19,58.043148
2023-07-20,57.273151
2023-07-21,57.208984
2023-07-24,57.291485
2023-07-25,57.364819
2023-07-26,57.593987
2023-07-27,58.061478
2023-07-28,58.391483
2023-07-31,58.134815
2023-08-01,57.447319
2023-08-02,56.365658
2023-08-03,56.090652
2023-08-04,56.631493
2023-08-07,57.108150
2023-08-08,56.603989
2023-08-09,56.108990
2023-08-10,56.347321
2023-08-11,56.255657
2023-08-14,55.751492
2023-08-15,55.155655
2023-08-16,54.468159
2023-08-17,54.238995
2023-08-18,54.376499
2023-08-21,54.422329
2023-08-22,54.688160
2023-08-23,55.412327
2023-08-24,54.688160
2023-08-25,54.972332
2023-08-28,55.623158
2023-08-29,56.008152
2023-08-30,55.907326
2023-08-31,56.503155
2023-09-01,56.869820
2023-09-05,56.897320
2023-09-06,57.043983
2023-09-07,57.043983
2023-09-08,56.475658
2023-09-11,57.126488
2023-09-12,57.117321
2023-09-13,57.089821
2023-09-14,58.061478
2023-09-15,57.740650
2023-09-18,57.878151
2023-09-19,58.162319
2023-09-20,57.383148
2023-09-21,56.493988
2023-09-22,56.649822
2023-09-25,56.576485
2023-09-26,55.705658
2023-09-27,55.943993
2023-09-28,56.053989
2023-09-29,55.265659
2023-10-02,54.788994
2023-10-03,53.835663
2023-10-04,53.248993
2023-10-05,54.293995
2023-10-06,54.431492
2023-10-09,54.587326
2023-10-10,55.302326
2023-10-11,55.164825
2023-10-12,55.302326
2023-10-13,54.614830
2023-10-16,54.788994
2023-10-17,54.898991
2023-10-18,54.037327
2023-10-19,53.643162
2023-10-20,53.285667
2023-10-23,53.157333
2023-10-24,53.496498
2023-10-25,53.285667
2023-10-26,52.561504
2023-10-27,53.001499
2023-10-30,53.395668
2023-10-31,54.046497
2023-11-01,54.972332
2023-11-02,55.870659
2023-11-03,56.833153
2023-11-06,56.099827
2023-11-07,55.586494
2023-11-08,54.669827
2023-11-09,54.898991
2023-11-10,55.430656
2023-11-13,55.403164
2023-11-14,56.503155
2023-11-15,56.081490
2023-11-16,56.273991
2023-11-17,57.153988
2023-11-20,57.163155
2023-11-21,56.924820
2023-11-22,57.282322
2023-11-24,57.392315
2023-11-27,57.346485
2023-11-28,57.337318
2023-11-29,57.282322
2023-11-30,57.392315
2023-12-01,57.942314
2023-12-04,57.062325
2023-12-05,56.851486
2023-12-06,57.447319
2023-12-07,57.887318
2023-12-08,57.548145
2023-12-11,57.878151
2023-12-12,57.795654
2023-12-13,58.675652
2023-12-14,58.409813
2023-12-15,57.905647
2023-12-18,57.795654
2023-12-19,57.969822
2023-12-20,57.677017
2023-12-21,58.680908
2023-12-22,58.866814
2023-12-26,58.848221
2023-12-27,59.173557
2023-12-28,59.526775
2023-12-29,59.619724
2024-01-02,59.080597
2024-01-03,58.755264
2024-01-04,58.615841
2024-01-05,59.052708
2024-01-08,59.917179
2024-01-09,59.554661
2024-01-10,60.623608
2024-01-11,61.162743
2024-01-12,61.748337
2024-01-16,61.292873
2024-01-17,60.530670
2024-01-18,61.097675
2024-01-19,61.255699
2024-01-22,61.980721
2024-01-23,61.432301
2024-01-24,61.506664
2024-01-25,61.274277
2024-01-26,60.781635
2024-01-29,61.506664
2024-01-30,61.283569
2024-01-31,61.543842
2024-02-01,62.203804
2024-02-02,61.822704
2024-02-05,61.525261
2024-02-06,61.515957
2024-02-07,61.869171
2024-02-08,61.711155
2024-02-09,61.934238
2024-02-12,62.250286
2024-02-13,62.036491
2024-02-14,62.278172
2024-02-15,62.873058
2024-02-16,62.863766
2024-02-20,63.142624
2024-02-21,63.012501
2024-02-22,64.044266
2024-02-23,64.146523
2024-02-26,64.137215
2024-02-27,64.304527
2024-02-28,63.830467
2024-02-29,64.248756
2024-03-01,65.373489
2024-03-04,64.992378
2024-03-05,65.345604
2024-03-06,66.340187
2024-03-07,66.312302
2024-03-08,66.163589
2024-03-11,64.694939
2024-03-12,65.048164
2024-03-13,64.481148
2024-03-14,64.192986
2024-03-15,64.667046
2024-03-18,65.670937
2024-03-19,65.921906
2024-03-20,66.433136
2024-03-21,66.767769
2024-03-22,66.758476
2024-03-25,65.986969
2024-03-26,66.275124
2024-03-27,66.563286
2024-03-28,66.321594
2024-04-01,65.327011
2024-04-02,64.992378
2024-04-03,65.438553
2024-04-04,64.760002
2024-04-05,64.945900
2024-04-08,65.271233
2024-04-09,65.512917
2024-04-10,64.490433
2024-04-11,65.057442
2024-04-12,64.192986
2024-04-15,63.923428
2024-04-16,63.031086
2024-04-17,62.361813
2024-04-18,62.175922
2024-04-19,61.804108
2024-04-22,62.436180
2024-04-23,62.575615
2024-04-24,62.845181
2024-04-25,61.869171
2024-04-26,62.398994
2024-04-29,62.966011
2024-04-30,62.529133
2024-05-01,62.380405
2024-05-02,63.644573
2024-05-03,64.378891
2024-05-06,64.760002
2024-05-07,64.053566
2024-05-08,63.244869
2024-05-09,63.523735
2024-05-10,63.161209
2024-05-13,62.910240
2024-05-14,63.402885
2024-05-15,64.109337
2024-05-16,63.458656
2024-05-17,63.886242
2024-05-20,64.341705
2024-05-21,63.969898
2024-05-22,63.226273
2024-05-23,62.947422
2024-05-24,63.635273
2024-05-28,63.997787
2024-05-29,62.715042
2024-05-30,63.263462
2024-05-31,64.109337
2024-06-03,64.509026
2024-06-04,64.583389
2024-06-05,64.397484
2024-06-06,64.360298
2024-06-07,63.886242
2024-06-10,64.453255
2024-06-11,63.731293
2024-06-12,64.040306
2024-06-13,62.879169
2024-06-14,62.860439
2024-06-17,62.373512
2024-06-18,62.420345
2024-06-20,62.251785
2024-06-21,61.811676
2024-06-24,62.279881
2024-06-25,63.263096
2024-06-26,63.028996
2024-06-27,63.347374
2024-06-28,63.899841
2024-07-01,63.478474
2024-07-02,64.480408
2024-07-03,65.070335
2024-07-05,65.510452
2024-07-08,65.192078
2024-07-09,65.547913
2024-07-10,66.746490
2024-07-11,66.493675
2024-07-12,66.858864
2024-07-15,66.540482
2024-07-16,67.327072
2024-07-17,66.933784
2024-07-18,65.922478
2024-07-19,65.510452
2024-07-22,65.828827
2024-07-23,65.772636
2024-07-24,64.480408
2024-07-25,63.469105
2024-07-26,64.321220
2024-07-29,64.471046
2024-07-30,64.555328
2024-07-31,66.456215
2024-08-01,63.253727
2024-08-02,60.538174
2024-08-05,59.395771
2024-08-06,59.105480
2024-08-07,60.088699
2024-08-08,61.362209
2024-08-09,61.212387
2024-08-12,61.549492
2024-08-13,63.309917
2024-08-14,63.403557
2024-08-15,64.620880
2024-08-16,64.957977
2024-08-19,65.885010
2024-08-20,65.566635
2024-08-21,66.325119
2024-08-22,65.838188
2024-08-23,67.355156
2024-08-26,66.512390
2024-08-27,67.167885
2024-08-28,66.877586
2024-08-29,66.989967
2024-08-30,67.392616
2024-09-03,66.381294
2024-09-04,65.697731
2024-09-05,66.091019
2024-09-06,63.759388
2024-09-09,64.920525
2024-09-10,64.742599
2024-09-11,65.135895
2024-09-12,65.781998
2024-09-13,65.426178
2024-09-16,66.053558
2024-09-17,65.276352
2024-09-18,64.976700
2024-09-19,66.699684
2024-09-20,66.737129
2024-09-23,67.139778
2024-09-24,66.559219
2024-09-25,66.437485
2024-09-26,68.347740
2024-09-27,66.559219
2024-09-30,66.989967
2024-10-01,67.083595
2024-10-02,66.699684
2024-10-03,66.437485
2024-10-04,67.308334
2024-10-07,66.521767
2024-10-08,66.727776
2024-10-09,66.381294
2024-10-10,66.390663
2024-10-11,66.531120
2024-10-14,66.643486
2024-10-15,65.276352
2024-10-16,65.669632
2024-10-17,65.323174
2024-10-18,65.669632
2024-10-21,64.583412
2024-10-22,63.731293
2024-10-23,62.429695
2024-10-24,62.944717
2024-10-25,62.963440
2024-10-28,63.394188
2024-10-29,64.012215
2024-10-30,64.068398
2024-10-31,63.740658
2024-11-01,63.656387
2024-11-04,63.712563
2024-11-05,64.677048
2024-11-06,64.967331
2024-11-07,65.529190
2024-11-08,65.014153
2024-11-11,65.173347
2024-11-12,64.143303
2024-11-13,63.431644
2024-11-14,63.506561
2024-11-15,63.197536
2024-11-18,63.562737
2024-11-19,63.469105
2024-11-20,63.000896
2024-11-21,63.178818
2024-11-22,63.628284
2024-11-25,64.068398
2024-11-26,63.740658
2024-11-27,63.562737
2024-11-29,65.257629
2024-12-02,66.053558
2024-12-03,66.999329
2024-12-04,66.624771
2024-12-05,66.503029
2024-12-06,66.559219
2024-12-09,65.978653
2024-12-10,65.622818
2024-12-11,66.549850
2024-12-12,65.894379
2024-12-13,65.117165
2024-12-16,64.780067
2024-12-17,64.555611
2024-12-18,62.938873
2024-12-19,63.138584
2024-12-20,62.967400
2024-12-23,63.233692
2024-12-24,63.195648
2024-12-26,63.927937
2024-12-27,64.412971
2024-12-30,63.870884
2024-12-31,63.813812
2025-01-02,63.728226
2025-01-03,63.984997
2025-01-06,64.127655
2025-01-07,63.975491
2025-01-08,63.813812
2025-01-10,62.044903
2025-01-13,62.216095
2025-01-14,62.092461
2025-01-15,63.024464
2025-01-16,62.625034
2025-01-17,62.938873
2025-01-21,64.032555
2025-01-22,63.956470
2025-01-23,64.498558
2025-01-24,65.126236
2025-01-27,64.422470
2025-01-28,64.964554
2025-01-29,64.764839
2025-01-30,65.734894
2025-01-31,64.964554
2025-02-03,64.346390
2025-02-04,64.926506
2025-02-05,65.734894
2025-02-06,66.001175
2025-02-07,65.126236
2025-02-10,65.383003
2025-02-11,65.373497
2025-02-12,64.688751
2025-02-13,65.868034
2025-02-14,65.972649
2025-02-18,66.666893
2025-02-19,66.210403
2025-02-20,66.295998
2025-02-21,65.706352
2025-02-24,65.411545
2025-02-25,66.067741
2025-02-26,66.105789
2025-02-27,65.620758
2025-02-28,65.116722
2025-03-03,65.820480
2025-03-04,65.278397
2025-03-05,66.714447
2025-03-06,66.200890
2025-03-07,66.733467
2025-03-10,65.316437
2025-03-11,64.917007
2025-03-12,66.115295
2025-03-13,65.868034
2025-03-14,66.904648
2025-03-17,67.608406
2025-03-18,67.418198
2025-03-19,68.188530
2025-03-20,67.827141
2025-03-21,67.836655
2025-03-24,67.684486
2025-03-25,68.169510
2025-03-26,67.285057
2025-03-27,67.189957
2025-03-28,65.829987
2025-03-31,65.202316
2025-04-01,64.859947
2025-04-02,64.878960
2025-04-03,62.206585
2025-04-04,58.497581
2025-04-07,58.316887
2025-04-08,58.630730
2025-04-09,63.091034
2025-04-10,61.074863
2025-04-11,62.596504
2025-04-14,63.623611
2025-04-15,64.137169
2025-04-16,63.509487
2025-04-17,64.736313
2025-04-21,64.593658
2025-04-22,65.877541
2025-04-23,66.077263
2025-04-24,66.838074
2025-04-25,67.304077
2025-04-28,68.226570
2025-04-29,68.492867
2025-04-30,67.931755
2025-05-01,67.684486
2025-05-02,68.369225
2025-05-05,68.844742
2025-05-06,68.882782
2025-05-07,68.454834
2025-05-08,68.312164
2025-05-09,68.483360
2025-05-12,69.234665
2025-05-13,68.711594
2025-05-14,67.950775
2025-05-15,68.759155
2025-05-16,68.939842
2025-05-19,69.015930
2025-05-20,69.415359
2025-05-21,68.768654
2025-05-22,68.825729
2025-05-23,69.453392
2025-05-27,71.279366
2025-05-28,70.004990
2025-05-29,70.404419
2025-05-30,70.490013
2025-06-02,71.364960
2025-06-03,70.499527
2025-06-04,70.451973
2025-06-05,69.795769
2025-06-06,70.204712
2025-06-09,70.309326
2025-06-10,70.261772
2025-06-11,70.062050
2025-06-12,70.575615
2025-06-13,69.995483
2025-06-16,70.130669
2025-06-17,69.296570
2025-06-18,70.034790
2025-06-20,68.798035
2025-06-23,69.047302
2025-06-24,69.737587
2025-06-25,69.449966
2025-06-26,70.916817
2025-06-27,72.172745
2025-06-30,71.875542
2025-07-01,71.348244
2025-07-02,71.386589
2025-07-03,71.520805
2025-07-07,69.814278
2025-07-08,70.169014
2025-07-09,70.274475
2025-07-10,69.929329
2025-07-11,69.373268
2025-07-14,69.421211
2025-07-15,68.730927
2025-07-16,69.047302
2025-07-17,69.402031
2025-07-18,68.845970
2025-07-21,69.612953
2025-07-22,69.967682
2025-07-23,73.332802
2025-07-24,73.390327
2025-07-25,72.556236
2025-07-28,71.204430
2025-07-29,70.830528
2025-07-30,70.926407
2025-07-31,70.581268
2025-08-01,71.012688
2025-08-04,72.182335
2025-08-05,71.933060
2025-08-06,72.891792
2025-08-07,73.457436
2025-08-08,74.713364
2025-08-11,74.579140
2025-08-12,75.959709
2025-08-13,75.998055
2025-08-14,75.547455
2025-08-15,76.841728
2025-08-18,76.985542
2025-08-19,76.717087
2025-08-20,76.352783
2025-08-21,75.451576
2025-08-22,76.717087
2025-08-25,75.787140
2025-08-26,75.662498
2025-08-27,75.384468
2025-08-28,76.017235
2025-08-29,75.048912
2025-09-02,74.924286
2025-09-03,74.713364
2025-09-04,75.480347
2025-09-05,75.911766
2025-09-08,77.618301
2025-09-09,76.755440
2025-09-10,77.043068
2025-09-11,77.963440
2025-09-12,77.426552
2025-09-15,77.992195
2025-09-16,77.992195
2025-09-17,77.819626
2025-09-18,78.126419
2025-09-19,77.455315
2025-09-22,77.896324
2025-09-23,77.742928
2025-09-24,77.512840
2025-09-25,77.138931
2025-09-26,77.119766
2025-09-29,77.186867
2025-09-30,76.899254
2025-10-01,76.899254
2025-10-02,76.841728
2025-10-03,78.404449
2025-10-06,79.832939
2025-10-07,78.577019
2025-10-08,78.375687
2025-10-09,78.183945
2025-10-10,75.125610
2025-10-13,76.017235
2025-10-14,76.736267
2025-10-15,77.934677
2025-10-16,78.183945
2025-10-17,78.615372
2025-10-20,80.091805
2025-10-21,79.161842
2025-10-22,78.787941
2025-10-23,78.826286
2025-10-24,79.094734
2025-10-27,80.082214
2025-10-28,80.465706
2025-10-29,79.794601
2025-10-30,79.775421
2025-10-31,80.005516
2025-11-03,80.187675
2025-11-04,79.411110
2025-11-05,79.382347
2025-11-06,79.535744
2025-11-07,79.852119
2025-11-10,80.226028
2025-11-11,80.293137
2025-11-12,80.858780
2025-11-13,79.583687
2025-11-14,80.513649
2025-11-17,79.065971
2025-11-18,77.445724
2025-11-19,77.349854
2025-11-20,76.208969
2025-11-21,77.838806
2025-11-24,78.366096
2025-11-25,78.538673
2025-11-26,79.823364
2025-11-28,79.583687
2025-12-01,79.123497
2025-12-02,79.065971
2025-12-03,79.200195
2025-12-04,80.168510
2025-12-05,80.245201
2025-12-08,79.756256
2025-12-09,79.871292
2025-12-10,80.446533
2025-12-11,80.743744
2025-12-12,80.532814
2025-12-15,81.366905
2025-12-16,80.413094
2025-12-17,79.309090
2025-12-18,79.537849
2025-12-19,80.144554
2025-12-22,80.025200
2025-12-23,80.701523
2025-12-24,80.562279
2025-12-26,80.532448
2025-12-29,80.651794
2025-12-30,80.542389
2025-12-31,80.303680
2026-01-02,80.890503
2026-01-05,82.680771
2026-01-06,82.621094
2026-01-07,82.471901
2026-01-08,82.412231
2026-01-09,84.152771
2026-01-12,84.829102
2026-01-13,83.993637
2026-01-14,84.580452
2026-01-15,84.958397
2026-01-16,85.018074
2026-01-20,83.267586
2026-01-21,84.321854
2026-01-22,84.401421
2026-01-23,84.103043
2026-01-26,84.172661
2026-01-27,85.376122
2026-01-28,84.749527
2026-01-29,85.624771
2026-01-30,85.256775
2026-02-02,85.425858
2026-02-03,86.211586
2026-02-04,87.017204
2026-02-05,85.634720
2026-02-06,88.916893
2026-02-09,90.796677
2026-02-10,92.596893
2026-02-11,93.462196
2026-02-12,92.865440
2026-02-13,93.342842
2026-02-17,91.373543
2026-02-18,90.886185
2026-02-19,90.707161
2026-02-20,90.975700
2026-02-23,90.896133
2026-02-24,90.737000
2026-02-25,91.940460
2026-02-26,91.980247
2026-02-27,91.870842
2026-03-02,89.712563
2026-03-03,86.360779
2026-03-04,88.111259
2026-03-05,85.425858
2026-03-06,84.311905
2026-03-09,85.177208
2026-03-10,85.992775
2026-03-11,85.266724
2026-03-12,83.735046
2026-03-13,82.909531
2026-03-16,84.610291
2026-03-17,84.620232
2026-03-18,83.695259
2026-03-19,83.625641
2026-03-20,80.761200
2026-03-23,83.098503
2026-03-24,82.829956
2026-03-25,84.292015
2026-03-26,82.263039
2026-03-27,80.989960
2026-03-30,81.079468
2026-03-31,83.983696
2026-04-01,86.012672
2026-04-02,84.829102
2026-04-06,85.107582
2026-04-07,85.047913
2026-04-08,88.926834
2026-04-09,87.743263
2026-04-10,87.653748
2026-04-13,87.872559
2026-04-14,88.926834
2026-04-15,88.588669
2026-04-16,88.926834
2026-04-17,89.702621
2026-04-20,88.847267
2026-04-21,86.669098
2026-04-22,87.285751
2026-04-23,86.599480
2026-04-24,86.848129
2026-04-27,87.206184
2026-04-28,87.086830
2026-04-29,86.340881
2026-04-30,88.618507
2026-05-01,87.822838
2026-05-04,87.643806
2026-05-05,88.777649
2026-05-06,91.184570
2026-05-07,90.498291
2026-05-08,91.721649
2026-05-11,91.761436
2026-05-12,91.562508
2026-05-13,92.586945
2026-05-14,91.562508
2026-05-15,90.577866
2026-05-18,90.428673
2026-05-19,89.802078
2026-05-20,90.717110
2026-05-21,90.876244
2026-05-22,91.114944
2026-05-26,92.397972
2026-05-27,91.791275
2026-05-28,92.199051
2026-05-29,92.457649
2026-06-01,92.427811
2026-06-02,93.074303
2026-06-03,93.432358
2026-06-04,93.621323
2026-06-05,90.229759
2026-06-08,91.453102
2026-06-09,90.458511
2026-06-10,88.807480
2026-06-11,91.681862
2026-06-12,92.209000
2026-06-15,94.059998
2026-06-16,94.120003
2026-06-17,94.449997
2026-06-18,96.260002
2026-06-22,96.970001
2026-06-23,92.750000
2026-06-24,92.610001
2026-06-25,93.389999
2026-06-26,92.800003
2026-06-29,93.209999
2026-06-30,93.269997
2026-07-01,93.050003
2026-07-02,93.139999
2026-07-06,95.269997
2026-07-07,93.070000
2026-07-08,92.540001
2026-07-09,93.519997
2026-07-10,94.550003
2026-07-13,92.720001
2026-07-14,93.889999
2026-07-15,93.500000
2026-07-16,91.910004
2026-07-17,90.489998
2026-07-20,90.430000
2026-07-21,92.739998
2026-07-22,92.190002
2026-07-23,91.099998
2026-07-24,91.209999
2026-07-27,91.510002
2026-07-28,89.830002
2026-07-29,89.349998
2026-07-30,93.290001
2026-07-31,92.389999
2026-08-03,92.910004
2026-08-04,94.610001
2026-08-05,95.160004
2026-08-06,95.150002
2026-08-07,96.900002
2026-08-10,96.050003
2026-08-11,96.279999
2026-08-12,97.790001
2026-08-13,98.470001
2026-08-14,98.209999
2026-08-17,98.169998
2026-08-18,95.370003
2026-08-19,94.779999
2026-08-20,94.269997
2026-08-21,95.180000
2026-08-24,94.839996
2026-08-25,95.629997
2026-08-26,95.430000
2026-08-27,95.839996
2026-08-28,95.870003
2026-08-31,95.879997
2026-09-01,95.220001
2026-09-02,96.040001
2026-09-03,97.900002
2026-09-04,98.279999
2026-09-08,97.959999
2026-09-09,97.000000
2026-09-10,96.440002
2026-09-11,98.559998
2026-09-14,97.580002
2026-09-15,96.919998
2026-09-16,97.010002
2026-09-17,97.910004
2026-09-18,97.000000
2026-09-21,97.959999
2026-09-22,98.779999
2026-09-23,97.050003
2026-09-24,95.809998
2026-09-25,97.930000
2026-09-28,96.830002
2026-09-29,96.510002
2026-09-30,97.459999
2026-10-01,97.379997
