date,adj_close
2006-07-21,49.250000
2006-07-24,49.700001
2006-07-25,49.250000
2006-07-26,49.619999
2006-07-27,50.150002
2006-07-28,49.549999
2006-07-31,50.750000
2006-08-01,50.750000
2006-08-02,51.590000
2006-08-03,50.770000
2006-08-04,50.599998
2006-08-07,51.330002
2006-08-08,51.099998
2006-08-09,51.330002
2006-08-10,50.000000
2006-08-11,49.849998
2006-08-14,48.980000
2006-08-15,48.849998
2006-08-16,48.450001
2006-08-17,47.730000
2006-08-18,47.869999
2006-08-21,48.430000
2006-08-22,48.560001
2006-08-23,48.029999
2006-08-24,48.549999
2006-08-25,48.439999
2006-08-28,47.240002
2006-08-29,47.009998
2006-08-30,47.000000
2006-08-31,47.130001
2006-09-01,46.500000
2006-09-05,46.220001
2006-09-06,45.820000
2006-09-07,45.500000
2006-09-08,44.709999
2006-09-11,43.910000
2006-09-12,43.369999
2006-09-13,43.270000
2006-09-14,42.369999
2006-09-15,42.200001
2006-09-18,42.650002
2006-09-19,41.500000
2006-09-20,41.000000
2006-09-21,41.450001
2006-09-22,40.939999
2006-09-25,41.000000
2006-09-26,41.299999
2006-09-27,41.980000
2006-09-28,41.840000
2006-09-29,42.070000
2006-10-02,41.279999
2006-10-03,40.279999
2006-10-04,40.669998
2006-10-05,41.060001
2006-10-06,41.400002
2006-10-09,41.849998
2006-10-10,41.150002
2006-10-11,40.799999
2006-10-12,40.930000
2006-10-13,41.450001
2006-10-16,42.400002
2006-10-17,41.849998
2006-10-18,41.400002
2006-10-19,41.889999
2006-10-20,41.500000
2006-10-23,41.099998
2006-10-24,41.599998
2006-10-25,42.630001
2006-10-26,42.150002
2006-10-27,42.150002
2006-10-30,40.939999
2006-10-31,41.000000
2006-11-01,41.000000
2006-11-02,40.700001
2006-11-03,41.310001
2006-11-06,41.650002
2006-11-07,41.410000
2006-11-08,41.790001
2006-11-09,42.200001
2006-11-10,41.549999
2006-11-13,41.060001
2006-11-14,40.970001
2006-11-15,41.340000
2006-11-16,40.250000
2006-11-17,40.500000
2006-11-20,40.580002
2006-11-21,41.230000
2006-11-22,40.650002
2006-11-24,41.389999
2006-11-27,41.439999
2006-11-28,41.750000
2006-11-29,42.580002
2006-11-30,43.049999
2006-12-01,43.099998
2006-12-04,42.070000
2006-12-05,42.299999
2006-12-06,41.799999
2006-12-07,41.639999
2006-12-08,41.349998
2006-12-11,41.150002
2006-12-12,40.889999
2006-12-13,40.919998
2006-12-14,41.599998
2006-12-15,41.650002
2006-12-18,40.830002
2006-12-19,41.130001
2006-12-20,41.250000
2006-12-21,40.900002
2006-12-22,40.680000
2006-12-26,39.799999
2006-12-27,39.650002
2006-12-28,39.799999
2006-12-29,40.070000
2007-01-03,38.400002
2007-01-04,37.150002
2007-01-05,37.480000
2007-01-08,37.400002
2007-01-09,37.220001
2007-01-10,36.610001
2007-01-11,36.320000
2007-01-12,36.880001
2007-01-16,36.150002
2007-01-17,36.320000
2007-01-18,35.889999
2007-01-19,36.810001
2007-01-22,36.880001
2007-01-23,37.750000
2007-01-24,37.950001
2007-01-25,37.450001
2007-01-26,37.830002
2007-01-29,36.970001
2007-01-30,38.419998
2007-01-31,39.049999
2007-02-01,38.590000
2007-02-02,39.090000
2007-02-05,39.290001
2007-02-06,39.020000
2007-02-07,38.750000
2007-02-08,39.630001
2007-02-09,39.709999
2007-02-12,38.450001
2007-02-13,39.299999
2007-02-14,38.720001
2007-02-15,38.950001
2007-02-16,39.430000
2007-02-20,39.200001
2007-02-21,39.849998
2007-02-22,40.150002
2007-02-23,40.570000
2007-02-26,40.990002
2007-02-27,40.000000
2007-02-28,40.500000
2007-03-01,40.599998
2007-03-02,40.349998
2007-03-05,39.549999
2007-03-06,40.080002
2007-03-07,40.630001
2007-03-08,40.630001
2007-03-09,39.910000
2007-03-12,39.200001
2007-03-13,39.200001
2007-03-14,39.380001
2007-03-15,39.150002
2007-03-16,38.830002
2007-03-19,39.240002
2007-03-20,39.020000
2007-03-21,39.450001
2007-03-22,40.250000
2007-03-23,40.250000
2007-03-26,40.639999
2007-03-27,40.740002
2007-03-28,41.180000
2007-03-29,41.900002
2007-03-30,41.500000
2007-04-02,41.669998
2007-04-03,41.380001
2007-04-04,41.869999
2007-04-05,41.799999
2007-04-09,41.299999
2007-04-10,41.570000
2007-04-11,41.450001
2007-04-12,41.750000
2007-04-13,41.799999
2007-04-16,41.520000
2007-04-17,41.160000
2007-04-18,41.230000
2007-04-19,41.000000
2007-04-20,41.180000
2007-04-23,41.619999
2007-04-24,41.310001
2007-04-25,41.779999
2007-04-26,41.599998
2007-04-27,42.139999
2007-04-30,41.689999
2007-05-01,41.490002
2007-05-02,41.220001
2007-05-03,41.400002
2007-05-04,41.020000
2007-05-07,40.340000
2007-05-08,40.840000
2007-05-09,40.599998
2007-05-10,40.500000
2007-05-11,41.180000
2007-05-14,40.959999
2007-05-15,41.160000
2007-05-16,41.250000
2007-05-17,41.779999
2007-05-18,41.610001
2007-05-21,42.060001
2007-05-22,41.549999
2007-05-23,41.619999
2007-05-24,41.349998
2007-05-25,41.439999
2007-05-29,40.680000
2007-05-30,40.810001
2007-05-31,41.200001
2007-06-01,41.570000
2007-06-04,42.099998
2007-06-05,42.009998
2007-06-06,42.029999
2007-06-07,42.049999
2007-06-08,41.049999
2007-06-11,41.630001
2007-06-12,41.540001
2007-06-13,41.799999
2007-06-14,42.680000
2007-06-15,43.000000
2007-06-18,43.029999
2007-06-19,42.520000
2007-06-20,42.439999
2007-06-21,42.439999
2007-06-22,42.419998
2007-06-25,42.380001
2007-06-26,41.740002
2007-06-27,41.880001
2007-06-28,41.900002
2007-06-29,42.490002
2007-07-02,42.750000
2007-07-03,42.669998
2007-07-05,43.180000
2007-07-06,43.419998
2007-07-09,43.419998
2007-07-10,43.680000
2007-07-11,43.650002
2007-07-12,43.650002
2007-07-13,44.230000
2007-07-16,43.459999
2007-07-17,43.419998
2007-07-18,44.139999
2007-07-19,44.610001
2007-07-20,44.430000
2007-07-23,43.849998
2007-07-24,43.270000
2007-07-25,43.900002
2007-07-26,43.750000
2007-07-27,44.150002
2007-07-30,44.150002
2007-07-31,44.520000
2007-08-01,44.180000
2007-08-02,44.119999
2007-08-03,43.580002
2007-08-06,42.200001
2007-08-07,42.619999
2007-08-08,42.549999
2007-08-09,42.310001
2007-08-10,42.200001
2007-08-13,42.549999
2007-08-14,42.639999
2007-08-15,42.880001
2007-08-16,41.950001
2007-08-17,42.250000
2007-08-20,41.099998
2007-08-21,41.049999
2007-08-22,41.040001
2007-08-23,41.099998
2007-08-24,42.040001
2007-08-27,42.009998
2007-08-28,42.009998
2007-08-29,42.590000
2007-08-30,42.709999
2007-08-31,43.099998
2007-09-04,43.580002
2007-09-05,43.549999
2007-09-06,43.869999
2007-09-07,43.700001
2007-09-10,44.450001
2007-09-11,45.029999
2007-09-12,45.630001
2007-09-13,45.380001
2007-09-14,45.320000
2007-09-17,46.139999
2007-09-18,46.360001
2007-09-19,46.480000
2007-09-20,47.009998
2007-09-21,47.020000
2007-09-24,46.910000
2007-09-25,46.480000
2007-09-26,46.200001
2007-09-27,47.689999
2007-09-28,47.169998
2007-10-01,46.570000
2007-10-02,46.529999
2007-10-03,46.540001
2007-10-04,47.139999
2007-10-05,46.500000
2007-10-08,45.770000
2007-10-09,46.060001
2007-10-10,46.680000
2007-10-11,47.349998
2007-10-12,47.509998
2007-10-15,48.500000
2007-10-16,48.099998
2007-10-17,48.660000
2007-10-18,49.430000
2007-10-19,49.200001
2007-10-22,48.549999
2007-10-23,48.290001
2007-10-24,48.669998
2007-10-25,50.250000
2007-10-26,50.240002
2007-10-29,51.320000
2007-10-30,50.279999
2007-10-31,50.000000
2007-11-01,51.349998
2007-11-02,52.750000
2007-11-05,51.919998
2007-11-06,52.669998
2007-11-07,52.200001
2007-11-08,52.099998
2007-11-09,52.389999
2007-11-12,51.400002
2007-11-13,50.369999
2007-11-14,51.320000
2007-11-15,51.099998
2007-11-16,51.490002
2007-11-19,51.549999
2007-11-20,53.000000
2007-11-21,52.490002
2007-11-23,52.750000
2007-11-26,52.450001
2007-11-27,51.570000
2007-11-28,50.799999
2007-11-29,50.740002
2007-11-30,49.770000
2007-12-03,50.110001
2007-12-04,48.900002
2007-12-05,49.090000
2007-12-06,50.500000
2007-12-07,49.930000
2007-12-10,49.490002
2007-12-11,50.020000
2007-12-12,51.779999
2007-12-13,51.650002
2007-12-14,51.500000
2007-12-17,50.480000
2007-12-18,50.959999
2007-12-19,50.880001
2007-12-20,51.130001
2007-12-21,51.750000
2007-12-24,52.200001
2007-12-26,53.270000
2007-12-27,53.130001
2007-12-28,52.810001
2007-12-31,52.740002
2008-01-02,54.660000
2008-01-03,54.660000
2008-01-04,54.299999
2008-01-07,52.680000
2008-01-08,53.700001
2008-01-09,53.500000
2008-01-10,52.759998
2008-01-11,52.650002
2008-01-14,53.360001
2008-01-15,52.389999
2008-01-16,51.349998
2008-01-17,51.099998
2008-01-18,51.450001
2008-01-22,50.470001
2008-01-23,49.860001
2008-01-24,50.730000
2008-01-25,51.790001
2008-01-28,52.259998
2008-01-29,52.509998
2008-01-30,52.509998
2008-01-31,52.500000
2008-02-01,51.520000
2008-02-04,52.000000
2008-02-05,51.430000
2008-02-06,51.240002
2008-02-07,51.639999
2008-02-08,53.619999
2008-02-11,54.130001
2008-02-12,53.500000
2008-02-13,53.779999
2008-02-14,54.849998
2008-02-15,55.000000
2008-02-19,56.549999
2008-02-20,56.650002
2008-02-21,56.290001
2008-02-22,56.919998
2008-02-25,57.509998
2008-02-26,58.980000
2008-02-27,57.970001
2008-02-28,59.160000
2008-02-29,58.410000
2008-03-03,59.189999
2008-03-04,57.770000
2008-03-05,59.509998
2008-03-06,60.099998
2008-03-07,59.500000
2008-03-10,60.549999
2008-03-11,61.299999
2008-03-12,61.490002
2008-03-13,62.000000
2008-03-14,61.680000
2008-03-17,58.500000
2008-03-18,60.139999
2008-03-19,56.119999
2008-03-20,56.259998
2008-03-24,56.939999
2008-03-25,58.029999
2008-03-26,59.299999
2008-03-27,60.639999
2008-03-28,59.259998
2008-03-31,57.860001
2008-04-01,56.880001
2008-04-02,58.490002
2008-04-03,58.459999
2008-04-04,59.669998
2008-04-07,60.590000
2008-04-08,60.279999
2008-04-09,61.650002
2008-04-10,61.410000
2008-04-11,61.160000
2008-04-14,61.970001
2008-04-15,62.880001
2008-04-16,64.110001
2008-04-17,63.639999
2008-04-18,64.129997
2008-04-21,63.709999
2008-04-22,64.739998
2008-04-23,64.699997
2008-04-24,63.310001
2008-04-25,64.309998
2008-04-28,64.779999
2008-04-29,63.029999
2008-04-30,62.599998
2008-05-01,61.529999
2008-05-02,63.080002
2008-05-05,64.790001
2008-05-06,65.800003
2008-05-07,66.500000
2008-05-08,67.040001
2008-05-09,67.680000
2008-05-12,66.959999
2008-05-13,67.760002
2008-05-14,66.980003
2008-05-15,66.959999
2008-05-16,67.959999
2008-05-19,67.879997
2008-05-20,68.760002
2008-05-21,70.750000
2008-05-22,69.699997
2008-05-23,69.900002
2008-05-27,68.550003
2008-05-28,69.500000
2008-05-29,67.320000
2008-05-30,67.900002
2008-06-02,68.230003
2008-06-03,67.019997
2008-06-04,66.110001
2008-06-05,68.599998
2008-06-06,72.680000
2008-06-09,71.050003
2008-06-10,70.269997
2008-06-11,72.300003
2008-06-12,72.879997
2008-06-13,72.000000
2008-06-16,72.040001
2008-06-17,72.169998
2008-06-18,73.279999
2008-06-19,71.339996
2008-06-20,72.199997
2008-06-23,72.989998
2008-06-24,72.959999
2008-06-25,71.940002
2008-06-26,74.510002
2008-06-27,74.730003
2008-06-30,74.910004
2008-07-01,74.949997
2008-07-02,76.379997
2008-07-03,76.349998
2008-07-07,74.570000
2008-07-08,72.000000
2008-07-09,71.550003
2008-07-10,73.910004
2008-07-11,75.320000
2008-07-14,75.050003
2008-07-15,72.419998
2008-07-16,71.050003
2008-07-17,68.589996
2008-07-18,67.800003
2008-07-21,68.779999
2008-07-22,67.000000
2008-07-23,65.370003
2008-07-24,65.400002
2008-07-25,64.949997
2008-07-28,65.269997
2008-07-29,64.050003
2008-07-30,65.519997
2008-07-31,64.930000
2008-08-01,65.010002
2008-08-04,62.950001
2008-08-05,61.500000
2008-08-06,61.110001
2008-08-07,61.470001
2008-08-08,59.020000
2008-08-11,59.080002
2008-08-12,58.240002
2008-08-13,60.529999
2008-08-14,59.790001
2008-08-15,58.619999
2008-08-18,58.450001
2008-08-19,60.139999
2008-08-20,60.619999
2008-08-21,63.730000
2008-08-22,60.270000
2008-08-25,60.180000
2008-08-26,60.509998
2008-08-27,61.330002
2008-08-28,60.200001
2008-08-29,60.070000
2008-09-02,57.639999
2008-09-03,57.220001
2008-09-04,56.220001
2008-09-05,55.270000
2008-09-08,55.270000
2008-09-09,54.049999
2008-09-10,54.389999
2008-09-11,53.560001
2008-09-12,53.950001
2008-09-15,51.680000
2008-09-16,50.740002
2008-09-17,52.470001
2008-09-18,52.630001
2008-09-19,54.500000
2008-09-22,57.250000
2008-09-23,56.419998
2008-09-24,55.770000
2008-09-25,56.549999
2008-09-26,55.759998
2008-09-29,50.590000
2008-09-30,53.799999
2008-10-01,52.230000
2008-10-02,49.279999
2008-10-03,48.900002
2008-10-06,45.990002
2008-10-07,46.369999
2008-10-08,46.380001
2008-10-09,43.990002
2008-10-10,42.950001
2008-10-13,43.779999
2008-10-14,43.500000
2008-10-15,40.860001
2008-10-16,40.020000
2008-10-17,40.090000
2008-10-20,41.320000
2008-10-21,40.060001
2008-10-22,37.720001
2008-10-23,38.349998
2008-10-24,36.540001
2008-10-27,35.540001
2008-10-28,36.279999
2008-10-29,38.189999
2008-10-30,37.419998
2008-10-31,37.840000
2008-11-03,37.009998
2008-11-04,39.830002
2008-11-05,37.639999
2008-11-06,35.820000
2008-11-07,35.660000
2008-11-10,36.299999
2008-11-11,34.700001
2008-11-12,33.459999
2008-11-13,34.389999
2008-11-14,33.349998
2008-11-17,33.180000
2008-11-18,32.410000
2008-11-19,32.290001
2008-11-20,30.110001
2008-11-21,30.980000
2008-11-24,33.279999
2008-11-25,31.520000
2008-11-26,33.599998
2008-11-28,32.209999
2008-12-01,30.740000
2008-12-02,30.010000
2008-12-03,29.480000
2008-12-04,27.870001
2008-12-05,27.260000
2008-12-08,28.670000
2008-12-09,27.959999
2008-12-10,28.420000
2008-12-11,29.510000
2008-12-12,29.480000
2008-12-15,29.059999
2008-12-16,29.129999
2008-12-17,28.639999
2008-12-18,27.320000
2008-12-19,27.510000
2008-12-22,26.690001
2008-12-23,26.670000
2008-12-24,26.090000
2008-12-26,26.150000
2008-12-29,26.660000
2008-12-30,26.799999
2008-12-31,28.610001
2009-01-02,29.610001
2009-01-05,30.629999
2009-01-06,31.200001
2009-01-07,29.020000
2009-01-08,28.620001
2009-01-09,28.370001
2009-01-12,27.030001
2009-01-13,27.629999
2009-01-14,27.200001
2009-01-15,26.129999
2009-01-16,26.610001
2009-01-20,25.700001
2009-01-21,26.139999
2009-01-22,25.959999
2009-01-23,26.730000
2009-01-26,27.049999
2009-01-27,26.309999
2009-01-28,26.290001
2009-01-29,26.420000
2009-01-30,25.650000
2009-02-02,25.820000
2009-02-03,25.850000
2009-02-04,25.620001
2009-02-05,25.870001
2009-02-06,25.770000
2009-02-09,25.650000
2009-02-10,25.200001
2009-02-11,24.530001
2009-02-12,24.730000
2009-02-13,24.010000
2009-02-17,22.340000
2009-02-18,22.090000
2009-02-19,22.590000
2009-02-20,22.400000
2009-02-23,22.100000
2009-02-24,22.780001
2009-02-25,23.559999
2009-02-26,24.190001
2009-02-27,24.080000
2009-03-02,22.480000
2009-03-03,22.930000
2009-03-04,24.030001
2009-03-05,23.680000
2009-03-06,24.170000
2009-03-09,24.320000
2009-03-10,24.100000
2009-03-11,23.100000
2009-03-12,24.389999
2009-03-13,24.049999
2009-03-16,24.360001
2009-03-17,25.010000
2009-03-18,25.270000
2009-03-19,25.980000
2009-03-20,26.389999
2009-03-23,27.090000
2009-03-24,26.830000
2009-03-25,26.389999
2009-03-26,26.700001
2009-03-27,25.940001
2009-03-30,24.790001
2009-03-31,25.180000
2009-04-01,24.860001
2009-04-02,26.240000
2009-04-03,26.240000
2009-04-06,26.000000
2009-04-07,25.430000
2009-04-08,25.510000
2009-04-09,26.400000
2009-04-13,25.889999
2009-04-14,25.600000
2009-04-15,25.920000
2009-04-16,26.100000
2009-04-17,25.840000
2009-04-20,24.299999
2009-04-21,24.490000
2009-04-22,24.270000
2009-04-23,24.660000
2009-04-24,25.129999
2009-04-27,24.400000
2009-04-28,24.320000
2009-04-29,24.900000
2009-04-30,24.790001
2009-05-01,25.820000
2009-05-04,26.430000
2009-05-05,26.240000
2009-05-06,27.100000
2009-05-07,27.309999
2009-05-08,28.100000
2009-05-11,28.049999
2009-05-12,28.090000
2009-05-13,27.680000
2009-05-14,27.790001
2009-05-15,26.889999
2009-05-18,27.980000
2009-05-19,27.959999
2009-05-20,28.500000
2009-05-21,28.170000
2009-05-22,28.440001
2009-05-26,28.480000
2009-05-27,28.700001
2009-05-28,29.420000
2009-05-29,30.120001
2009-06-01,31.020000
2009-06-02,31.000000
2009-06-03,29.719999
2009-06-04,30.920000
2009-06-05,30.500000
2009-06-08,30.549999
2009-06-09,31.049999
2009-06-10,31.250000
2009-06-11,32.029999
2009-06-12,31.520000
2009-06-15,30.950001
2009-06-16,30.879999
2009-06-17,30.950001
2009-06-18,31.059999
2009-06-19,30.450001
2009-06-22,29.250000
2009-06-23,29.870001
2009-06-24,29.809999
2009-06-25,30.440001
2009-06-26,30.129999
2009-06-29,30.510000
2009-06-30,30.049999
2009-07-01,29.670000
2009-07-02,28.840000
2009-07-06,28.100000
2009-07-07,27.580000
2009-07-08,26.799999
2009-07-09,27.090000
2009-07-10,26.690001
2009-07-13,26.870001
2009-07-14,26.940001
2009-07-15,27.580000
2009-07-16,27.820000
2009-07-17,28.180000
2009-07-20,28.770000
2009-07-21,28.830000
2009-07-22,28.760000
2009-07-23,29.340000
2009-07-24,29.709999
2009-07-27,29.809999
2009-07-28,29.510000
2009-07-29,28.129999
2009-07-30,29.370001
2009-07-31,30.270000
2009-08-03,30.990000
2009-08-04,31.260000
2009-08-05,31.500000
2009-08-06,31.070000
2009-08-07,30.809999
2009-08-10,30.930000
2009-08-11,30.250000
2009-08-12,30.650000
2009-08-13,30.940001
2009-08-14,30.000000
2009-08-17,29.160000
2009-08-18,29.820000
2009-08-19,30.600000
2009-08-20,30.250000
2009-08-21,30.629999
2009-08-24,31.980000
2009-08-25,30.520000
2009-08-26,30.510000
2009-08-27,30.250000
2009-08-28,30.900000
2009-08-31,30.400000
2009-09-01,29.760000
2009-09-02,29.299999
2009-09-03,28.320000
2009-09-04,28.570000
2009-09-08,29.360001
2009-09-09,29.860001
2009-09-10,30.200001
2009-09-11,29.709999
2009-09-14,30.120001
2009-09-15,30.150000
2009-09-16,30.180000
2009-09-17,29.870001
2009-09-18,29.920000
2009-09-21,29.410000
2009-09-22,30.120001
2009-09-23,30.000000
2009-09-24,29.309999
2009-09-25,29.250000
2009-09-28,28.740000
2009-09-29,28.620001
2009-09-30,29.680000
2009-10-01,30.150000
2009-10-02,29.070000
2009-10-05,29.420000
2009-10-06,30.219999
2009-10-07,29.600000
2009-10-08,30.510000
2009-10-09,30.320000
2009-10-12,30.940001
2009-10-13,31.070000
2009-10-14,31.450001
2009-10-15,31.940001
2009-10-16,32.549999
2009-10-19,32.740002
2009-10-20,32.680000
2009-10-21,33.389999
2009-10-22,33.240002
2009-10-23,32.869999
2009-10-26,32.000000
2009-10-27,32.119999
2009-10-28,31.260000
2009-10-29,32.200001
2009-10-30,31.110001
2009-11-02,31.459999
2009-11-03,32.180000
2009-11-04,32.279999
2009-11-05,32.169998
2009-11-06,31.450001
2009-11-09,32.200001
2009-11-10,31.969999
2009-11-11,32.290001
2009-11-12,31.570000
2009-11-13,31.240000
2009-11-16,32.230000
2009-11-17,32.639999
2009-11-18,32.520000
2009-11-19,32.060001
2009-11-20,31.809999
2009-11-23,31.889999
2009-11-24,31.260000
2009-11-25,31.809999
2009-11-27,31.160000
2009-11-30,31.510000
2009-12-01,31.879999
2009-12-02,31.680000
2009-12-03,31.490000
2009-12-04,31.299999
2009-12-07,31.090000
2009-12-08,30.370001
2009-12-09,29.690001
2009-12-10,29.660000
2009-12-11,29.660000
2009-12-14,29.830000
2009-12-15,30.040001
2009-12-16,30.580000
2009-12-17,30.129999
2009-12-18,30.240000
2009-12-21,30.120001
2009-12-22,30.150000
2009-12-23,30.950001
2009-12-24,31.120001
2009-12-28,31.490000
2009-12-29,31.690001
2009-12-30,31.690001
2009-12-31,31.820000
2010-01-04,32.700001
2010-01-05,33.029999
2010-01-06,33.270000
2010-01-07,33.110001
2010-01-08,33.180000
2010-01-11,33.020000
2010-01-12,32.279999
2010-01-13,32.259998
2010-01-14,32.200001
2010-01-15,31.770000
2010-01-19,32.009998
2010-01-20,31.420000
2010-01-21,30.879999
2010-01-22,30.080000
2010-01-25,30.350000
2010-01-26,30.040001
2010-01-27,29.580000
2010-01-28,29.549999
2010-01-29,29.240000
2010-02-01,29.760000
2010-02-02,30.540001
2010-02-03,30.430000
2010-02-04,29.180000
2010-02-05,28.610001
2010-02-08,28.820000
2010-02-09,29.389999
2010-02-10,29.459999
2010-02-11,29.860001
2010-02-12,29.500000
2010-02-16,30.410000
2010-02-17,30.469999
2010-02-18,30.910000
2010-02-19,31.100000
2010-02-22,31.110001
2010-02-23,30.510000
2010-02-24,30.860001
2010-02-25,30.350000
2010-02-26,30.969999
2010-03-01,30.590000
2010-03-02,30.860001
2010-03-03,31.360001
2010-03-04,31.049999
2010-03-05,31.340000
2010-03-08,31.270000
2010-03-09,30.990000
2010-03-10,31.280001
2010-03-11,31.209999
2010-03-12,30.980000
2010-03-15,30.639999
2010-03-16,31.100000
2010-03-17,31.420000
2010-03-18,31.320000
2010-03-19,30.799999
2010-03-22,30.889999
2010-03-23,30.750000
2010-03-24,30.480000
2010-03-25,30.330000
2010-03-26,30.270000
2010-03-29,30.940001
2010-03-30,31.200001
2010-03-31,31.160000
2010-04-01,31.879999
2010-04-05,32.380001
2010-04-06,32.320000
2010-04-07,32.230000
2010-04-08,32.020000
2010-04-09,32.009998
2010-04-12,31.840000
2010-04-13,31.969999
2010-04-14,32.450001
2010-04-15,32.610001
2010-04-16,31.990000
2010-04-19,31.620001
2010-04-20,31.680000
2010-04-21,31.760000
2010-04-22,31.770000
2010-04-23,32.160000
2010-04-26,31.980000
2010-04-27,31.290001
2010-04-28,31.549999
2010-04-29,31.910000
2010-04-30,32.139999
2010-05-03,32.330002
2010-05-04,31.309999
2010-05-05,30.480000
2010-05-06,29.270000
2010-05-07,29.180000
2010-05-10,29.770000
2010-05-11,29.639999
2010-05-12,29.950001
2010-05-13,29.600000
2010-05-14,28.559999
2010-05-17,27.799999
2010-05-18,27.650000
2010-05-19,27.490000
2010-05-20,26.650000
2010-05-21,26.950001
2010-05-24,26.870001
2010-05-25,26.530001
2010-05-26,26.860001
2010-05-27,27.870001
2010-05-28,27.770000
2010-06-01,27.190001
2010-06-02,27.590000
2010-06-03,27.799999
2010-06-04,26.980000
2010-06-07,26.940001
2010-06-08,27.160000
2010-06-09,27.500000
2010-06-10,28.110001
2010-06-11,27.850000
2010-06-14,28.180000
2010-06-15,28.650000
2010-06-16,29.040001
2010-06-17,28.770000
2010-06-18,28.879999
2010-06-21,28.940001
2010-06-22,28.690001
2010-06-23,28.280001
2010-06-24,28.420000
2010-06-25,29.110001
2010-06-28,28.580000
2010-06-29,27.870001
2010-06-30,27.790001
2010-07-01,27.410000
2010-07-02,27.059999
2010-07-06,27.290001
2010-07-07,27.920000
2010-07-08,28.190001
2010-07-09,28.400000
2010-07-12,27.959999
2010-07-13,28.570000
2010-07-14,28.570000
2010-07-15,28.590000
2010-07-16,28.200001
2010-07-19,28.250000
2010-07-20,28.430000
2010-07-21,28.250000
2010-07-22,28.969999
2010-07-23,29.049999
2010-07-26,28.930000
2010-07-27,28.549999
2010-07-28,28.629999
2010-07-29,29.059999
2010-07-30,29.389999
2010-08-02,30.000000
2010-08-03,30.290001
2010-08-04,30.510000
2010-08-05,30.420000
2010-08-06,30.030001
2010-08-09,30.049999
2010-08-10,29.700001
2010-08-11,29.000000
2010-08-12,28.750000
2010-08-13,28.469999
2010-08-16,28.370001
2010-08-17,28.740000
2010-08-18,28.690001
2010-08-19,28.389999
2010-08-20,28.260000
2010-08-23,27.930000
2010-08-24,27.430000
2010-08-25,27.799999
2010-08-26,27.940001
2010-08-27,28.650000
2010-08-30,28.240000
2010-08-31,27.780001
2010-09-01,28.280001
2010-09-02,28.580000
2010-09-03,28.709999
2010-09-07,28.750000
2010-09-08,28.780001
2010-09-09,28.680000
2010-09-10,29.059999
2010-09-13,29.400000
2010-09-14,29.370001
2010-09-15,29.230000
2010-09-16,29.070000
2010-09-17,29.030001
2010-09-20,29.190001
2010-09-21,28.889999
2010-09-22,28.920000
2010-09-23,28.959999
2010-09-24,29.459999
2010-09-27,29.320000
2010-09-28,29.299999
2010-09-29,29.670000
2010-09-30,30.010000
2010-10-01,30.420000
2010-10-04,30.200001
2010-10-05,30.719999
2010-10-06,30.850000
2010-10-07,30.440001
2010-10-08,31.200001
2010-10-11,31.059999
2010-10-12,31.129999
2010-10-13,31.370001
2010-10-14,31.320000
2010-10-15,30.889999
2010-10-18,30.920000
2010-10-19,30.240000
2010-10-20,30.879999
2010-10-21,30.540001
2010-10-22,30.830000
2010-10-25,30.889999
2010-10-26,31.100000
2010-10-27,30.879999
2010-10-28,30.990000
2010-10-29,30.879999
2010-11-01,31.120001
2010-11-02,31.490000
2010-11-03,31.690001
2010-11-04,32.540001
2010-11-05,32.590000
2010-11-08,32.730000
2010-11-09,32.480000
2010-11-10,32.900002
2010-11-11,32.810001
2010-11-12,31.660000
2010-11-15,31.650000
2010-11-16,30.709999
2010-11-17,30.400000
2010-11-18,31.139999
2010-11-19,30.700001
2010-11-22,30.540001
2010-11-23,30.620001
2010-11-24,31.280001
2010-11-26,31.139999
2010-11-29,31.660000
2010-11-30,31.260000
2010-12-01,32.220001
2010-12-02,32.549999
2010-12-03,33.070000
2010-12-06,32.990002
2010-12-07,32.709999
2010-12-08,32.919998
2010-12-09,32.849998
2010-12-10,32.779999
2010-12-13,33.070000
2010-12-14,33.009998
2010-12-15,32.959999
2010-12-16,32.869999
2010-12-17,33.009998
2010-12-20,33.349998
2010-12-21,33.580002
2010-12-22,33.779999
2010-12-23,33.910000
2010-12-27,33.840000
2010-12-28,34.040001
2010-12-29,33.950001
2010-12-30,33.470001
2010-12-31,34.099998
2011-01-03,34.340000
2011-01-04,33.630001
2011-01-05,34.040001
2011-01-06,33.549999
2011-01-07,33.349998
2011-01-10,33.779999
2011-01-11,34.299999
2011-01-12,34.580002
2011-01-13,34.349998
2011-01-14,34.619999
2011-01-18,34.520000
2011-01-19,34.450001
2011-01-20,34.060001
2011-01-21,34.279999
2011-01-24,33.990002
2011-01-25,33.509998
2011-01-26,34.250000
2011-01-27,33.830002
2011-01-28,34.470001
2011-01-31,35.160000
2011-02-01,35.169998
2011-02-02,35.430000
2011-02-03,35.189999
2011-02-04,34.820000
2011-02-07,34.540001
2011-02-08,34.700001
2011-02-09,34.930000
2011-02-10,34.810001
2011-02-11,34.549999
2011-02-14,34.689999
2011-02-15,34.330002
2011-02-16,34.619999
2011-02-17,34.880001
2011-02-18,34.759998
2011-02-22,35.259998
2011-02-23,36.150002
2011-02-24,35.599998
2011-02-25,36.220001
2011-02-28,36.090000
2011-03-01,36.970001
2011-03-02,37.299999
2011-03-03,37.270000
2011-03-04,37.849998
2011-03-07,37.570000
2011-03-08,37.230000
2011-03-09,37.310001
2011-03-10,36.849998
2011-03-11,36.439999
2011-03-14,36.500000
2011-03-15,35.169998
2011-03-16,35.430000
2011-03-17,36.490002
2011-03-18,36.599998
2011-03-21,36.560001
2011-03-22,36.959999
2011-03-23,37.040001
2011-03-24,37.049999
2011-03-25,37.130001
2011-03-28,36.660000
2011-03-29,36.840000
2011-03-30,36.740002
2011-03-31,37.349998
2011-04-01,37.770000
2011-04-04,38.139999
2011-04-05,38.090000
2011-04-06,38.180000
2011-04-07,38.459999
2011-04-08,39.340000
2011-04-11,38.509998
2011-04-12,37.590000
2011-04-13,37.930000
2011-04-14,38.029999
2011-04-15,38.270000
2011-04-18,37.889999
2011-04-19,37.830002
2011-04-20,38.509998
2011-04-21,38.750000
2011-04-25,38.669998
2011-04-26,38.680000
2011-04-27,38.849998
2011-04-28,38.549999
2011-04-29,38.939999
2011-05-02,38.639999
2011-05-03,38.200001
2011-05-04,37.509998
2011-05-05,34.860001
2011-05-06,34.580002
2011-05-09,36.070000
2011-05-10,36.320000
2011-05-11,35.080002
2011-05-12,35.009998
2011-05-13,35.060001
2011-05-16,34.520000
2011-05-17,34.720001
2011-05-18,35.500000
2011-05-19,35.200001
2011-05-20,35.410000
2011-05-23,34.669998
2011-05-24,35.119999
2011-05-25,35.730000
2011-05-26,35.680000
2011-05-27,35.959999
2011-05-31,36.270000
2011-06-01,35.660000
2011-06-02,35.959999
2011-06-03,36.049999
2011-06-06,35.450001
2011-06-07,35.700001
2011-06-08,36.209999
2011-06-09,36.580002
2011-06-10,35.959999
2011-06-13,35.610001
2011-06-14,35.959999
2011-06-15,34.910000
2011-06-16,34.779999
2011-06-17,34.090000
2011-06-20,34.000000
2011-06-21,34.080002
2011-06-22,34.330002
2011-06-23,33.419998
2011-06-24,33.070000
2011-06-27,33.049999
2011-06-28,33.660000
2011-06-29,34.410000
2011-06-30,34.110001
2011-07-01,34.040001
2011-07-05,34.709999
2011-07-06,34.650002
2011-07-07,35.480000
2011-07-08,35.259998
2011-07-11,34.869999
2011-07-12,35.270000
2011-07-13,35.790001
2011-07-14,35.270000
2011-07-15,35.560001
2011-07-18,35.290001
2011-07-19,35.759998
2011-07-20,35.849998
2011-07-21,35.840000
2011-07-22,36.060001
2011-07-25,35.869999
2011-07-26,35.889999
2011-07-27,35.560001
2011-07-28,35.610001
2011-07-29,35.189999
2011-08-01,35.349998
2011-08-02,35.020000
2011-08-03,34.340000
2011-08-04,32.889999
2011-08-05,33.090000
2011-08-08,31.530001
2011-08-09,31.770000
2011-08-10,31.959999
2011-08-11,33.049999
2011-08-12,33.000000
2011-08-15,33.450001
2011-08-16,33.419998
2011-08-17,33.590000
2011-08-18,32.419998
2011-08-19,32.860001
2011-08-22,33.009998
2011-08-23,33.570000
2011-08-24,33.180000
2011-08-25,33.330002
2011-08-26,33.619999
2011-08-29,33.919998
2011-08-30,34.520000
2011-08-31,34.590000
2011-09-01,34.189999
2011-09-02,33.840000
2011-09-06,33.740002
2011-09-07,34.330002
2011-09-08,34.169998
2011-09-09,33.599998
2011-09-12,33.689999
2011-09-13,33.709999
2011-09-14,33.480000
2011-09-15,33.770000
2011-09-16,33.400002
2011-09-19,32.740002
2011-09-20,32.750000
2011-09-21,32.360001
2011-09-22,30.889999
2011-09-23,30.530001
2011-09-26,30.879999
2011-09-27,31.549999
2011-09-28,30.750000
2011-09-29,31.299999
2011-09-30,30.190001
2011-10-03,29.750000
2011-10-04,29.760000
2011-10-05,30.290001
2011-10-06,31.080000
2011-10-07,30.850000
2011-10-10,31.709999
2011-10-11,31.850000
2011-10-12,31.930000
2011-10-13,31.910000
2011-10-14,32.720001
2011-10-17,32.290001
2011-10-18,32.799999
2011-10-19,31.980000
2011-10-20,32.130001
2011-10-21,32.400002
2011-10-24,33.169998
2011-10-25,33.200001
2011-10-26,32.790001
2011-10-27,33.700001
2011-10-28,33.480000
2011-10-31,33.290001
2011-11-01,32.880001
2011-11-02,32.820000
2011-11-03,33.439999
2011-11-04,33.540001
2011-11-07,34.029999
2011-11-08,34.270000
2011-11-09,33.599998
2011-11-10,33.810001
2011-11-11,34.169998
2011-11-14,33.830002
2011-11-15,34.150002
2011-11-16,34.130001
2011-11-17,33.380001
2011-11-18,33.150002
2011-11-21,32.910000
2011-11-22,33.130001
2011-11-23,32.630001
2011-11-25,32.389999
2011-11-28,32.860001
2011-11-29,33.419998
2011-11-30,33.790001
2011-12-01,33.639999
2011-12-02,33.520000
2011-12-05,33.419998
2011-12-06,33.759998
2011-12-07,33.410000
2011-12-08,32.889999
2011-12-09,33.060001
2011-12-12,32.599998
2011-12-13,33.049999
2011-12-14,31.719999
2011-12-15,31.430000
2011-12-16,31.620001
2011-12-19,31.610001
2011-12-20,32.430000
2011-12-21,32.810001
2011-12-22,32.910000
2011-12-23,33.029999
2011-12-27,33.410000
2011-12-28,33.080002
2011-12-29,33.139999
2011-12-30,32.980000
2012-01-03,34.160000
2012-01-04,34.320000
2012-01-05,33.799999
2012-01-06,33.950001
2012-01-09,33.990002
2012-01-10,34.250000
2012-01-11,34.029999
2012-01-12,33.480000
2012-01-13,33.480000
2012-01-17,33.759998
2012-01-18,33.700001
2012-01-19,33.770000
2012-01-20,33.380001
2012-01-23,33.770000
2012-01-24,33.680000
2012-01-25,33.930000
2012-01-26,34.040001
2012-01-27,34.139999
2012-01-30,33.820000
2012-01-31,33.770000
2012-02-01,33.750000
2012-02-02,33.730000
2012-02-03,34.009998
2012-02-06,34.169998
2012-02-07,34.320000
2012-02-08,34.459999
2012-02-09,34.570000
2012-02-10,34.259998
2012-02-13,34.410000
2012-02-14,34.480000
2012-02-15,34.619999
2012-02-16,34.880001
2012-02-17,34.990002
2012-02-21,35.480000
2012-02-22,35.660000
2012-02-23,35.950001
2012-02-24,36.349998
2012-02-27,35.990002
2012-02-28,35.810001
2012-02-29,35.869999
2012-03-01,36.430000
2012-03-02,35.840000
2012-03-05,35.900002
2012-03-06,35.279999
2012-03-07,35.439999
2012-03-08,35.619999
2012-03-09,35.799999
2012-03-12,35.740002
2012-03-13,35.860001
2012-03-14,35.639999
2012-03-15,35.459999
2012-03-16,36.000000
2012-03-19,36.070000
2012-03-20,35.520000
2012-03-21,35.680000
2012-03-22,35.279999
2012-03-23,35.669998
2012-03-26,35.810001
2012-03-27,35.730000
2012-03-28,35.349998
2012-03-29,34.750000
2012-03-30,34.779999
2012-04-02,35.389999
2012-04-03,35.209999
2012-04-04,34.750000
2012-04-05,34.849998
2012-04-09,34.570000
2012-04-10,34.020000
2012-04-11,34.330002
2012-04-12,34.759998
2012-04-13,34.560001
2012-04-16,34.320000
2012-04-17,34.470001
2012-04-18,34.130001
2012-04-19,34.049999
2012-04-20,34.340000
2012-04-23,34.169998
2012-04-24,34.060001
2012-04-25,34.290001
2012-04-26,34.400002
2012-04-27,34.580002
2012-04-30,34.660000
2012-05-01,34.750000
2012-05-02,34.320000
2012-05-03,33.799999
2012-05-04,33.080002
2012-05-07,32.900002
2012-05-08,32.779999
2012-05-09,32.590000
2012-05-10,32.520000
2012-05-11,32.279999
2012-05-14,31.879999
2012-05-15,31.870001
2012-05-16,31.790001
2012-05-17,31.680000
2012-05-18,31.590000
2012-05-21,32.000000
2012-05-22,31.540001
2012-05-23,31.190001
2012-05-24,31.250000
2012-05-25,31.230000
2012-05-29,31.090000
2012-05-30,30.410000
2012-05-31,30.230000
2012-06-01,29.320000
2012-06-04,29.600000
2012-06-05,29.520000
2012-06-06,30.020000
2012-06-07,29.820000
2012-06-08,29.950001
2012-06-11,29.270000
2012-06-12,29.549999
2012-06-13,29.309999
2012-06-14,29.730000
2012-06-15,29.650000
2012-06-18,29.540001
2012-06-19,29.830000
2012-06-20,29.070000
2012-06-21,28.469999
2012-06-22,28.809999
2012-06-25,28.900000
2012-06-26,29.070000
2012-06-27,29.350000
2012-06-28,29.020000
2012-06-29,30.440001
2012-07-02,30.330000
2012-07-03,31.360001
2012-07-05,31.430000
2012-07-06,30.700001
2012-07-09,31.180000
2012-07-10,30.799999
2012-07-11,31.240000
2012-07-12,31.250000
2012-07-13,31.590000
2012-07-16,32.099998
2012-07-17,32.090000
2012-07-18,32.590000
2012-07-19,33.340000
2012-07-20,33.189999
2012-07-23,32.340000
2012-07-24,32.200001
2012-07-25,32.340000
2012-07-26,32.360001
2012-07-27,32.779999
2012-07-30,32.810001
2012-07-31,32.230000
2012-08-01,32.459999
2012-08-02,32.090000
2012-08-03,32.990002
2012-08-06,33.090000
2012-08-07,33.419998
2012-08-08,33.549999
2012-08-09,33.720001
2012-08-10,33.529999
2012-08-13,33.299999
2012-08-14,33.459999
2012-08-15,33.740002
2012-08-16,33.950001
2012-08-17,34.110001
2012-08-20,34.169998
2012-08-21,34.450001
2012-08-22,34.610001
2012-08-23,34.320000
2012-08-24,34.090000
2012-08-27,34.049999
2012-08-28,34.119999
2012-08-29,34.090000
2012-08-30,34.090000
2012-08-31,34.540001
2012-09-04,34.450001
2012-09-05,34.279999
2012-09-06,34.220001
2012-09-07,34.639999
2012-09-10,34.639999
2012-09-11,34.740002
2012-09-12,34.750000
2012-09-13,34.930000
2012-09-14,35.349998
2012-09-17,34.380001
2012-09-18,34.110001
2012-09-19,33.349998
2012-09-20,33.650002
2012-09-21,33.810001
2012-09-24,33.500000
2012-09-25,33.490002
2012-09-26,33.189999
2012-09-27,33.650002
2012-09-28,33.799999
2012-10-01,33.880001
2012-10-02,33.709999
2012-10-03,32.930000
2012-10-04,33.860001
2012-10-05,33.529999
2012-10-08,33.450001
2012-10-09,33.970001
2012-10-10,33.869999
2012-10-11,34.279999
2012-10-12,33.900002
2012-10-15,33.820000
2012-10-16,33.790001
2012-10-17,33.869999
2012-10-18,33.970001
2012-10-19,33.459999
2012-10-22,33.169998
2012-10-23,32.560001
2012-10-24,32.419998
2012-10-25,32.490002
2012-10-26,32.549999
2012-10-31,32.439999
2012-11-01,32.450001
2012-11-02,31.879999
2012-11-05,32.080002
2012-11-06,32.779999
2012-11-07,31.980000
2012-11-08,31.950001
2012-11-09,32.360001
2012-11-12,32.169998
2012-11-13,32.040001
2012-11-14,32.209999
2012-11-15,32.049999
2012-11-16,32.310001
2012-11-19,32.939999
2012-11-20,32.630001
2012-11-21,32.770000
2012-11-23,32.930000
2012-11-26,32.750000
2012-11-27,32.730000
2012-11-28,32.669998
2012-11-29,32.869999
2012-11-30,32.959999
2012-12-03,33.139999
2012-12-04,32.770000
2012-12-05,32.730000
2012-12-06,32.349998
2012-12-07,32.240002
2012-12-10,32.070000
2012-12-11,32.150002
2012-12-12,32.349998
2012-12-13,32.040001
2012-12-14,32.270000
2012-12-17,32.270000
2012-12-18,32.400002
2012-12-19,32.580002
2012-12-20,32.490002
2012-12-21,32.419998
2012-12-24,32.299999
2012-12-26,32.779999
2012-12-27,32.750000
2012-12-28,32.549999
2012-12-31,32.790001
2013-01-02,32.889999
2013-01-03,32.730000
2013-01-04,32.660000
2013-01-07,32.840000
2013-01-08,32.919998
2013-01-09,32.849998
2013-01-10,32.990002
2013-01-11,32.880001
2013-01-14,33.160000
2013-01-15,32.980000
2013-01-16,33.080002
2013-01-17,33.279999
2013-01-18,33.439999
2013-01-22,33.570000
2013-01-23,33.509998
2013-01-24,33.630001
2013-01-25,33.590000
2013-01-28,33.730000
2013-01-29,33.950001
2013-01-30,34.270000
2013-01-31,34.290001
2013-02-01,34.360001
2013-02-04,34.169998
2013-02-05,34.380001
2013-02-06,34.360001
2013-02-07,34.189999
2013-02-08,34.299999
2013-02-11,34.279999
2013-02-12,34.360001
2013-02-13,34.340000
2013-02-14,34.349998
2013-02-15,34.240002
2013-02-19,34.139999
2013-02-20,33.560001
2013-02-21,33.090000
2013-02-22,33.200001
2013-02-25,32.990002
2013-02-26,32.959999
2013-02-27,32.799999
2013-02-28,32.540001
2013-03-01,32.430000
2013-03-04,32.220001
2013-03-05,32.509998
2013-03-06,32.220001
2013-03-07,32.490002
2013-03-08,32.549999
2013-03-11,32.520000
2013-03-12,32.590000
2013-03-13,32.349998
2013-03-14,32.619999
2013-03-15,32.799999
2013-03-18,32.630001
2013-03-19,32.250000
2013-03-20,32.480000
2013-03-21,32.279999
2013-03-22,32.400002
2013-03-25,32.490002
2013-03-26,32.810001
2013-03-27,32.990002
2013-03-28,32.900002
2013-04-01,32.860001
2013-04-02,32.720001
2013-04-03,32.080002
2013-04-04,31.870001
2013-04-05,31.590000
2013-04-08,31.760000
2013-04-09,31.920000
2013-04-10,31.809999
2013-04-11,31.559999
2013-04-12,31.129999
2013-04-15,30.299999
2013-04-16,30.510000
2013-04-17,30.049999
2013-04-18,30.500000
2013-04-19,30.400000
2013-04-22,30.540001
2013-04-23,30.420000
2013-04-24,30.770000
2013-04-25,31.200001
2013-04-26,31.150000
2013-04-29,31.530001
2013-04-30,31.290001
2013-05-01,30.639999
2013-05-02,31.240000
2013-05-03,31.510000
2013-05-06,31.600000
2013-05-07,31.510000
2013-05-08,31.709999
2013-05-09,31.700001
2013-05-10,31.590000
2013-05-13,31.480000
2013-05-14,31.309999
2013-05-15,31.379999
2013-05-16,31.400000
2013-05-17,31.620001
2013-05-20,31.709999
2013-05-21,31.510000
2013-05-22,31.240000
2013-05-23,31.360001
2013-05-24,31.250000
2013-05-28,31.580000
2013-05-29,31.230000
2013-05-30,31.180000
2013-05-31,30.809999
2013-06-03,31.230000
2013-06-04,31.420000
2013-06-05,31.350000
2013-06-06,31.490000
2013-06-07,31.709999
2013-06-10,31.400000
2013-06-11,31.260000
2013-06-12,31.370001
2013-06-13,31.629999
2013-06-14,31.799999
2013-06-17,31.920000
2013-06-18,31.990000
2013-06-19,32.020000
2013-06-20,31.070000
2013-06-21,30.719999
2013-06-24,30.680000
2013-06-25,30.709999
2013-06-26,30.719999
2013-06-27,30.969999
2013-06-28,30.799999
2013-07-01,30.969999
2013-07-02,31.260000
2013-07-03,31.700001
2013-07-05,31.870001
2013-07-08,32.049999
2013-07-09,32.230000
2013-07-10,32.560001
2013-07-11,32.490002
2013-07-12,32.830002
2013-07-15,32.840000
2013-07-16,32.840000
2013-07-17,32.930000
2013-07-18,33.189999
2013-07-19,33.209999
2013-07-22,32.939999
2013-07-23,33.000000
2013-07-24,32.639999
2013-07-25,32.669998
2013-07-26,32.450001
2013-07-29,32.410000
2013-07-30,32.200001
2013-07-31,32.540001
2013-08-01,32.900002
2013-08-02,32.680000
2013-08-05,32.540001
2013-08-06,32.330002
2013-08-07,32.040001
2013-08-08,32.090000
2013-08-09,32.410000
2013-08-12,32.720001
2013-08-13,32.750000
2013-08-14,32.900002
2013-08-15,33.070000
2013-08-16,33.250000
2013-08-19,33.130001
2013-08-20,32.939999
2013-08-21,32.799999
2013-08-22,32.849998
2013-08-23,33.139999
2013-08-26,33.290001
2013-08-27,33.709999
2013-08-28,34.049999
2013-08-29,33.650002
2013-08-30,33.549999
2013-09-03,34.180000
2013-09-04,33.650002
2013-09-05,33.639999
2013-09-06,33.889999
2013-09-09,33.639999
2013-09-10,33.189999
2013-09-11,33.250000
2013-09-12,33.580002
2013-09-13,33.590000
2013-09-16,33.060001
2013-09-17,32.570000
2013-09-18,33.320000
2013-09-19,32.970001
2013-09-20,32.849998
2013-09-23,32.369999
2013-09-24,32.419998
2013-09-25,32.360001
2013-09-26,32.560001
2013-09-27,32.410000
2013-09-30,32.380001
2013-10-01,31.879999
2013-10-02,32.360001
2013-10-03,32.270000
2013-10-04,32.400002
2013-10-07,32.599998
2013-10-08,32.639999
2013-10-09,32.459999
2013-10-10,32.950001
2013-10-11,32.799999
2013-10-14,32.779999
2013-10-15,32.490002
2013-10-16,32.810001
2013-10-17,32.520000
2013-10-18,32.770000
2013-10-21,32.520000
2013-10-22,32.330002
2013-10-23,31.860001
2013-10-24,31.799999
2013-10-25,31.980000
2013-10-28,32.180000
2013-10-29,32.090000
2013-10-30,32.110001
2013-10-31,31.910000
2013-11-01,31.379999
2013-11-04,31.120001
2013-11-05,31.020000
2013-11-06,31.090000
2013-11-07,30.840000
2013-11-08,31.030001
2013-11-11,31.299999
2013-11-12,31.030001
2013-11-13,31.160000
2013-11-14,31.350000
2013-11-15,31.420000
2013-11-18,31.139999
2013-11-19,31.160000
2013-11-20,31.180000
2013-11-21,31.700001
2013-11-22,31.790001
2013-11-25,31.690001
2013-11-26,31.719999
2013-11-27,31.629999
2013-11-29,31.760000
2013-12-02,31.770000
2013-12-03,32.049999
2013-12-04,32.150002
2013-12-05,32.090000
2013-12-06,32.220001
2013-12-09,31.959999
2013-12-10,32.119999
2013-12-11,32.060001
2013-12-12,31.799999
2013-12-13,31.740000
2013-12-16,31.870001
2013-12-17,31.750000
2013-12-18,31.879999
2013-12-19,32.049999
2013-12-20,32.389999
2013-12-23,32.360001
2013-12-24,32.470001
2013-12-26,32.459999
2013-12-27,32.520000
2013-12-30,32.299999
2013-12-31,32.189999
2014-01-02,31.360001
2014-01-03,31.230000
2014-01-06,31.250000
2014-01-07,31.260000
2014-01-08,31.000000
2014-01-09,30.850000
2014-01-10,31.049999
2014-01-13,30.900000
2014-01-14,30.930000
2014-01-15,31.150000
2014-01-16,31.059999
2014-01-17,31.120001
2014-01-21,31.260000
2014-01-22,31.620001
2014-01-23,31.570000
2014-01-24,31.690001
2014-01-27,31.420000
2014-01-28,31.650000
2014-01-29,31.709999
2014-01-30,31.719999
2014-01-31,31.480000
2014-02-03,31.440001
2014-02-04,31.559999
2014-02-05,31.629999
2014-02-06,31.790001
2014-02-07,32.209999
2014-02-10,32.040001
2014-02-11,32.160000
2014-02-12,32.220001
2014-02-13,32.380001
2014-02-14,32.490002
2014-02-18,32.980000
2014-02-19,33.119999
2014-02-20,33.220001
2014-02-21,33.029999
2014-02-24,33.180000
2014-02-25,32.990002
2014-02-26,32.990002
2014-02-27,32.849998
2014-02-28,32.990002
2014-03-03,33.549999
2014-03-04,33.270000
2014-03-05,32.889999
2014-03-06,33.110001
2014-03-07,33.160000
2014-03-10,32.889999
2014-03-11,32.779999
2014-03-12,32.669998
2014-03-13,32.470001
2014-03-14,32.709999
2014-03-17,32.380001
2014-03-18,32.630001
2014-03-19,32.549999
2014-03-20,32.480000
2014-03-21,32.570000
2014-03-24,32.549999
2014-03-25,32.619999
2014-03-26,32.639999
2014-03-27,32.930000
2014-03-28,32.980000
2014-03-31,32.970001
2014-04-01,32.480000
2014-04-02,32.360001
2014-04-03,32.650002
2014-04-04,32.799999
2014-04-07,32.669998
2014-04-08,33.049999
2014-04-09,33.230000
2014-04-10,33.189999
2014-04-11,33.139999
2014-04-14,33.450001
2014-04-15,33.509998
2014-04-16,33.590000
2014-04-17,33.689999
2014-04-21,33.590000
2014-04-22,33.480000
2014-04-23,33.410000
2014-04-24,33.669998
2014-04-25,33.459999
2014-04-28,33.330002
2014-04-29,33.490002
2014-04-30,33.299999
2014-05-01,33.230000
2014-05-02,33.250000
2014-05-05,33.099998
2014-05-06,33.080002
2014-05-07,33.230000
2014-05-08,33.160000
2014-05-09,33.000000
2014-05-12,33.160000
2014-05-13,33.389999
2014-05-14,33.430000
2014-05-15,33.330002
2014-05-16,33.389999
2014-05-19,33.369999
2014-05-20,33.470001
2014-05-21,33.580002
2014-05-22,33.540001
2014-05-23,33.599998
2014-05-27,33.410000
2014-05-28,33.340000
2014-05-29,33.430000
2014-05-30,33.130001
2014-06-02,32.970001
2014-06-03,33.029999
2014-06-04,32.900002
2014-06-05,33.060001
2014-06-06,33.090000
2014-06-09,33.250000
2014-06-10,33.250000
2014-06-11,33.220001
2014-06-12,33.889999
2014-06-13,33.869999
2014-06-16,33.919998
2014-06-17,33.950001
2014-06-18,34.049999
2014-06-19,34.259998
2014-06-20,34.310001
2014-06-23,34.169998
2014-06-24,34.220001
2014-06-25,34.209999
2014-06-26,34.110001
2014-06-27,34.119999
2014-06-30,33.919998
2014-07-01,33.840000
2014-07-02,33.599998
2014-07-03,33.540001
2014-07-07,33.330002
2014-07-08,33.189999
2014-07-09,32.889999
2014-07-10,32.950001
2014-07-11,32.509998
2014-07-14,32.639999
2014-07-15,32.389999
2014-07-16,32.490002
2014-07-17,32.650002
2014-07-18,32.509998
2014-07-21,32.660000
2014-07-22,32.490002
2014-07-23,32.650002
2014-07-24,32.480000
2014-07-25,32.660000
2014-07-28,32.529999
2014-07-29,32.439999
2014-07-30,32.160000
2014-07-31,32.000000
2014-08-01,31.650000
2014-08-04,31.900000
2014-08-05,31.680000
2014-08-06,31.760000
2014-08-07,31.850000
2014-08-08,31.650000
2014-08-11,31.780001
2014-08-12,31.420000
2014-08-13,31.510000
2014-08-14,31.000000
2014-08-15,31.200001
2014-08-18,30.920000
2014-08-19,30.820000
2014-08-20,30.940001
2014-08-21,31.080000
2014-08-22,31.020000
2014-08-25,31.030001
2014-08-26,31.100000
2014-08-27,31.150000
2014-08-28,31.230000
2014-08-29,31.500000
2014-09-02,30.879999
2014-09-03,31.250000
2014-09-04,31.120001
2014-09-05,30.980000
2014-09-08,30.830000
2014-09-09,30.660000
2014-09-10,30.360001
2014-09-11,30.340000
2014-09-12,30.090000
2014-09-15,30.110001
2014-09-16,30.430000
2014-09-17,30.290001
2014-09-18,29.940001
2014-09-19,29.959999
2014-09-22,29.680000
2014-09-23,29.719999
2014-09-24,29.910000
2014-09-25,29.809999
2014-09-26,29.940001
2014-09-29,30.120001
2014-09-30,29.590000
2014-10-01,29.500000
2014-10-02,29.469999
2014-10-03,29.120001
2014-10-06,29.400000
2014-10-07,29.100000
2014-10-08,28.959999
2014-10-09,28.450001
2014-10-10,28.490000
2014-10-13,28.320000
2014-10-14,27.730000
2014-10-15,27.420000
2014-10-16,27.690001
2014-10-17,27.850000
2014-10-20,27.670000
2014-10-21,27.809999
2014-10-22,27.430000
2014-10-23,27.879999
2014-10-24,27.709999
2014-10-27,27.549999
2014-10-28,27.760000
2014-10-29,28.120001
2014-10-30,27.850000
2014-10-31,27.830000
2014-11-03,27.480000
2014-11-04,27.110001
2014-11-05,27.320000
2014-11-06,27.250000
2014-11-07,27.430000
2014-11-10,27.160000
2014-11-11,27.180000
2014-11-12,26.990000
2014-11-13,26.440001
2014-11-14,26.809999
2014-11-17,26.730000
2014-11-18,26.500000
2014-11-19,26.420000
2014-11-20,26.730000
2014-11-21,26.980000
2014-11-24,26.670000
2014-11-25,26.430000
2014-11-26,26.320000
2014-11-28,25.020000
2014-12-01,25.400000
2014-12-02,24.770000
2014-12-03,24.620001
2014-12-04,24.500000
2014-12-05,24.330000
2014-12-08,23.740000
2014-12-09,23.910000
2014-12-10,23.420000
2014-12-11,23.139999
2014-12-12,22.820000
2014-12-15,22.370001
2014-12-16,22.250000
2014-12-17,22.360001
2014-12-18,22.180000
2014-12-19,22.780001
2014-12-22,22.120001
2014-12-23,22.450001
2014-12-24,21.990000
2014-12-26,21.940001
2014-12-29,21.620001
2014-12-30,21.570000
2014-12-31,21.580000
2015-01-02,21.219999
2015-01-05,20.620001
2015-01-06,20.280001
2015-01-07,20.219999
2015-01-08,20.290001
2015-01-09,20.070000
2015-01-12,19.520000
2015-01-13,19.370001
2015-01-14,19.730000
2015-01-15,19.379999
2015-01-16,19.820000
2015-01-20,19.340000
2015-01-21,19.480000
2015-01-22,19.370001
2015-01-23,19.190001
2015-01-26,19.110001
2015-01-27,19.320000
2015-01-28,19.010000
2015-01-29,19.010000
2015-01-30,19.700001
2015-02-02,20.110001
2015-02-03,20.809999
2015-02-04,20.110001
2015-02-05,20.500000
2015-02-06,20.770000
2015-02-09,20.959999
2015-02-10,20.580000
2015-02-11,20.290001
2015-02-12,20.750000
2015-02-13,21.180000
2015-02-17,21.219999
2015-02-18,20.860001
2015-02-19,20.850000
2015-02-20,20.719999
2015-02-23,20.440001
2015-02-24,20.400000
2015-02-25,20.889999
2015-02-26,20.660000
2015-02-27,20.870001
2015-03-02,20.620001
2015-03-03,20.780001
2015-03-04,20.820000
2015-03-05,20.690001
2015-03-06,20.440001
2015-03-09,20.360001
2015-03-10,20.010000
2015-03-11,20.070000
2015-03-12,19.860001
2015-03-13,19.320000
2015-03-16,19.209999
2015-03-17,19.010000
2015-03-18,19.709999
2015-03-19,19.260000
2015-03-20,19.510000
2015-03-23,19.799999
2015-03-24,19.650000
2015-03-25,19.850000
2015-03-26,20.299999
2015-03-27,19.690001
2015-03-30,19.740000
2015-03-31,19.500000
2015-04-01,19.940001
2015-04-02,19.799999
2015-04-06,20.260000
2015-04-07,20.520000
2015-04-08,19.870001
2015-04-09,19.860001
2015-04-10,20.110001
2015-04-13,20.110001
2015-04-14,20.320000
2015-04-15,20.900000
2015-04-16,21.139999
2015-04-17,21.030001
2015-04-20,20.930000
2015-04-21,20.700001
2015-04-22,20.719999
2015-04-23,21.139999
2015-04-24,21.170000
2015-04-27,21.080000
2015-04-28,21.120001
2015-04-29,21.389999
2015-04-30,21.629999
2015-05-01,21.639999
2015-05-04,21.590000
2015-05-05,21.900000
2015-05-06,21.889999
2015-05-07,21.430000
2015-05-08,21.590000
2015-05-11,21.459999
2015-05-12,21.790001
2015-05-13,21.750000
2015-05-14,21.809999
2015-05-15,21.840000
2015-05-18,21.690001
2015-05-19,21.190001
2015-05-20,21.270000
2015-05-21,21.670000
2015-05-22,21.379999
2015-05-26,20.930000
2015-05-27,20.639999
2015-05-28,20.770000
2015-05-29,21.160000
2015-06-01,21.180000
2015-06-02,21.440001
2015-06-03,21.030001
2015-06-04,20.750000
2015-06-05,20.879999
2015-06-08,20.820000
2015-06-09,21.250000
2015-06-10,21.490000
2015-06-11,21.280001
2015-06-12,21.040001
2015-06-15,20.870001
2015-06-16,20.950001
2015-06-17,20.959999
2015-06-18,20.980000
2015-06-19,20.719999
2015-06-22,20.790001
2015-06-23,21.100000
2015-06-24,20.870001
2015-06-25,20.820000
2015-06-26,20.910000
2015-06-29,20.709999
2015-06-30,21.110001
2015-07-01,20.770000
2015-07-02,20.750000
2015-07-06,19.840000
2015-07-07,19.799999
2015-07-08,19.690001
2015-07-09,19.980000
2015-07-10,19.990000
2015-07-13,19.879999
2015-07-14,19.920000
2015-07-15,19.580000
2015-07-16,19.510000
2015-07-17,19.459999
2015-07-20,19.190001
2015-07-21,19.280001
2015-07-22,18.950001
2015-07-23,18.790001
2015-07-24,18.600000
2015-07-27,18.200001
2015-07-28,18.379999
2015-07-29,18.490000
2015-07-30,18.430000
2015-07-31,18.120001
2015-08-03,17.719999
2015-08-04,17.860001
2015-08-05,17.760000
2015-08-06,17.690001
2015-08-07,17.549999
2015-08-10,17.950001
2015-08-11,17.680000
2015-08-12,17.670000
2015-08-13,17.520000
2015-08-14,17.410000
2015-08-17,17.350000
2015-08-18,17.309999
2015-08-19,16.950001
2015-08-20,16.910000
2015-08-21,16.650000
2015-08-24,16.110001
2015-08-25,16.160000
2015-08-26,16.150000
2015-08-27,16.910000
2015-08-28,17.520000
2015-08-31,18.170000
2015-09-01,17.320000
2015-09-02,17.570000
2015-09-03,17.700001
2015-09-04,17.459999
2015-09-08,17.520000
2015-09-09,17.190001
2015-09-10,17.420000
2015-09-11,17.320000
2015-09-14,17.090000
2015-09-15,17.150000
2015-09-16,17.500000
2015-09-17,17.389999
2015-09-18,17.000000
2015-09-21,17.270000
2015-09-22,17.180000
2015-09-23,16.969999
2015-09-24,17.070000
2015-09-25,17.180000
2015-09-28,16.900000
2015-09-29,17.030001
2015-09-30,17.080000
2015-10-01,16.969999
2015-10-02,17.049999
2015-10-05,17.280001
2015-10-06,17.790001
2015-10-07,17.690001
2015-10-08,17.920000
2015-10-09,17.910000
2015-10-12,17.459999
2015-10-13,17.299999
2015-10-14,17.320000
2015-10-15,17.330000
2015-10-16,17.340000
2015-10-19,17.030001
2015-10-20,17.049999
2015-10-21,16.900000
2015-10-22,16.959999
2015-10-23,16.799999
2015-10-26,16.650000
2015-10-27,16.520000
2015-10-28,16.990000
2015-10-29,16.900000
2015-10-30,17.070000
2015-11-02,16.950001
2015-11-03,17.320000
2015-11-04,16.959999
2015-11-05,16.730000
2015-11-06,16.610001
2015-11-09,16.420000
2015-11-10,16.360001
2015-11-11,16.190001
2015-11-12,15.910000
2015-11-13,15.710000
2015-11-16,15.800000
2015-11-17,15.550000
2015-11-18,15.600000
2015-11-19,15.610000
2015-11-20,15.580000
2015-11-23,15.670000
2015-11-24,15.890000
2015-11-25,15.890000
2015-11-27,15.630000
2015-11-30,15.510000
2015-12-01,15.580000
2015-12-02,15.210000
2015-12-03,15.430000
2015-12-04,15.350000
2015-12-07,14.770000
2015-12-08,14.640000
2015-12-09,14.620000
2015-12-10,14.530000
2015-12-11,14.310000
2015-12-14,14.160000
2015-12-15,14.250000
2015-12-16,14.070000
2015-12-17,13.920000
2015-12-18,13.980000
2015-12-21,13.930000
2015-12-22,13.900000
2015-12-23,14.260000
2015-12-24,14.290000
2015-12-28,14.070000
2015-12-29,14.340000
2015-12-30,14.110000
2015-12-31,14.230000
2016-01-04,14.120000
2016-01-05,13.980000
2016-01-06,13.570000
2016-01-07,13.440000
2016-01-08,13.420000
2016-01-11,12.960000
2016-01-12,12.930000
2016-01-13,12.830000
2016-01-14,12.890000
2016-01-15,12.550000
2016-01-19,12.420000
2016-01-20,12.280000
2016-01-21,12.530000
2016-01-22,13.020000
2016-01-25,12.590000
2016-01-26,12.870000
2016-01-27,13.070000
2016-01-28,13.380000
2016-01-29,13.480000
2016-02-01,13.080000
2016-02-02,12.780000
2016-02-03,13.260000
2016-02-04,13.140000
2016-02-05,12.990000
2016-02-08,12.800000
2016-02-09,12.430000
2016-02-10,12.330000
2016-02-11,12.430000
2016-02-12,12.720000
2016-02-16,12.630000
2016-02-17,12.990000
2016-02-18,12.930000
2016-02-19,12.810000
2016-02-22,13.060000
2016-02-23,12.800000
2016-02-24,12.980000
2016-02-25,13.050000
2016-02-26,13.030000
2016-02-29,13.200000
2016-03-01,13.240000
2016-03-02,13.340000
2016-03-03,13.350000
2016-03-04,13.700000
2016-03-07,14.050000
2016-03-08,13.780000
2016-03-09,14.150000
2016-03-10,14.040000
2016-03-11,14.160000
2016-03-14,14.000000
2016-03-15,13.870000
2016-03-16,14.190000
2016-03-17,14.380000
2016-03-18,14.310000
2016-03-21,14.370000
2016-03-22,14.400000
2016-03-23,14.040000
2016-03-24,13.990000
2016-03-28,13.980000
2016-03-29,13.880000
2016-03-30,13.770000
2016-03-31,13.790000
2016-04-01,13.510000
2016-04-04,13.290000
2016-04-05,13.280000
2016-04-06,13.550000
2016-04-07,13.510000
2016-04-08,13.950000
2016-04-11,14.060000
2016-04-12,14.430000
2016-04-13,14.390000
2016-04-14,14.330000
2016-04-15,14.210000
2016-04-18,14.200000
2016-04-19,14.510000
2016-04-20,14.830000
2016-04-21,14.760000
2016-04-22,14.680000
2016-04-25,14.600000
2016-04-26,14.840000
2016-04-27,15.050000
2016-04-28,15.100000
2016-04-29,15.220000
2016-05-02,14.970000
2016-05-03,14.700000
2016-05-04,14.700000
2016-05-05,14.670000
2016-05-06,14.770000
2016-05-09,14.420000
2016-05-10,14.800000
2016-05-11,15.130000
2016-05-12,15.180000
2016-05-13,15.150000
2016-05-16,15.430000
2016-05-17,15.580000
2016-05-18,15.390000
2016-05-19,15.370000
2016-05-20,15.390000
2016-05-23,15.250000
2016-05-24,15.320000
2016-05-25,15.510000
2016-05-26,15.520000
2016-05-27,15.580000
2016-05-31,15.420000
2016-06-01,15.570000
2016-06-02,15.620000
2016-06-03,15.670000
2016-06-06,15.840000
2016-06-07,15.970000
2016-06-08,16.250000
2016-06-09,16.150000
2016-06-10,15.840000
2016-06-13,15.770000
2016-06-14,15.700000
2016-06-15,15.520000
2016-06-16,15.200000
2016-06-17,15.660000
2016-06-20,15.820000
2016-06-21,15.750000
2016-06-22,15.610000
2016-06-23,15.790000
2016-06-24,15.300000
2016-06-27,15.190000
2016-06-28,15.460000
2016-06-29,15.690000
2016-06-30,15.520000
2016-07-01,15.710000
2016-07-05,15.160000
2016-07-06,15.230000
2016-07-07,14.720000
2016-07-08,14.850000
2016-07-11,14.700000
2016-07-12,15.110000
2016-07-13,14.850000
2016-07-14,14.920000
2016-07-15,14.940000
2016-07-18,14.830000
2016-07-19,14.670000
2016-07-20,14.610000
2016-07-21,14.480000
2016-07-22,14.430000
2016-07-25,14.250000
2016-07-26,14.210000
2016-07-27,14.010000
2016-07-28,13.890000
2016-07-29,13.960000
2016-08-01,13.670000
2016-08-02,13.650000
2016-08-03,13.960000
2016-08-04,14.030000
2016-08-05,14.120000
2016-08-08,14.260000
2016-08-09,14.160000
2016-08-10,13.960000
2016-08-11,14.300000
2016-08-12,14.500000
2016-08-15,14.750000
2016-08-16,14.870000
2016-08-17,14.970000
2016-08-18,15.160000
2016-08-19,15.150000
2016-08-22,14.890000
2016-08-23,14.990000
2016-08-24,14.800000
2016-08-25,14.870000
2016-08-26,14.810000
2016-08-29,14.700000
2016-08-30,14.580000
2016-08-31,14.240000
2016-09-01,14.050000
2016-09-02,14.170000
2016-09-06,14.270000
2016-09-07,14.410000
2016-09-08,14.730000
2016-09-09,14.460000
2016-09-12,14.530000
2016-09-13,14.260000
2016-09-14,14.100000
2016-09-15,14.170000
2016-09-16,14.200000
2016-09-19,14.180000
2016-09-20,14.250000
2016-09-21,14.480000
2016-09-22,14.560000
2016-09-23,14.320000
2016-09-26,14.460000
2016-09-27,14.250000
2016-09-28,14.610000
2016-09-29,14.760000
2016-09-30,14.820000
2016-10-03,14.920000
2016-10-04,14.940000
2016-10-05,15.120000
2016-10-06,15.210000
2016-10-07,15.090000
2016-10-10,15.300000
2016-10-11,15.230000
2016-10-12,15.080000
2016-10-13,15.190000
2016-10-14,15.180000
2016-10-17,15.140000
2016-10-18,15.170000
2016-10-19,15.310000
2016-10-20,15.120000
2016-10-21,15.200000
2016-10-24,15.190000
2016-10-25,15.060000
2016-10-26,14.960000
2016-10-27,15.080000
2016-10-28,14.960000
2016-10-31,14.560000
2016-11-01,14.590000
2016-11-02,14.360000
2016-11-03,14.230000
2016-11-04,14.110000
2016-11-07,14.230000
2016-11-08,14.190000
2016-11-09,14.310000
2016-11-10,14.140000
2016-11-11,13.910000
2016-11-14,13.900000
2016-11-15,14.250000
2016-11-16,14.130000
2016-11-17,14.130000
2016-11-18,14.270000
2016-11-21,14.730000
2016-11-22,14.690000
2016-11-23,14.710000
2016-11-25,14.570000
2016-11-28,14.640000
2016-11-29,14.270000
2016-11-30,14.920000
2016-12-01,15.230000
2016-12-02,15.320000
2016-12-05,15.360000
2016-12-06,15.320000
2016-12-07,15.190000
2016-12-08,15.310000
2016-12-09,15.420000
2016-12-12,15.520000
2016-12-13,15.590000
2016-12-14,15.340000
2016-12-15,15.330000
2016-12-16,15.470000
2016-12-19,15.380000
2016-12-20,15.420000
2016-12-21,15.360000
2016-12-22,15.360000
2016-12-23,15.400000
2016-12-27,15.620000
2016-12-28,15.670000
2016-12-29,15.690000
2016-12-30,15.670000
2017-01-03,15.420000
2017-01-04,15.540000
2017-01-05,15.640000
2017-01-06,15.580000
2017-01-09,15.310000
2017-01-10,15.200000
2017-01-11,15.400000
2017-01-12,15.640000
2017-01-13,15.610000
2017-01-17,15.620000
2017-01-18,15.410000
2017-01-19,15.380000
2017-01-20,15.560000
2017-01-23,15.560000
2017-01-24,15.570000
2017-01-25,15.530000
2017-01-26,15.610000
2017-01-27,15.480000
2017-01-30,15.340000
2017-01-31,15.430000
2017-02-01,15.620000
2017-02-02,15.620000
2017-02-03,15.610000
2017-02-06,15.460000
2017-02-07,15.350000
2017-02-08,15.440000
2017-02-09,15.510000
2017-02-10,15.670000
2017-02-13,15.470000
2017-02-14,15.530000
2017-02-15,15.530000
2017-02-16,15.500000
2017-02-17,15.450000
2017-02-21,15.530000
2017-02-22,15.400000
2017-02-23,15.470000
2017-02-24,15.420000
2017-02-27,15.400000
2017-02-28,15.450000
2017-03-01,15.480000
2017-03-02,15.210000
2017-03-03,15.290000
2017-03-06,15.310000
2017-03-07,15.230000
2017-03-08,14.810000
2017-03-09,14.680000
2017-03-10,14.510000
2017-03-13,14.480000
2017-03-14,14.420000
2017-03-15,14.590000
2017-03-16,14.600000
2017-03-17,14.590000
2017-03-20,14.550000
2017-03-21,14.450000
2017-03-22,14.450000
2017-03-23,14.390000
2017-03-24,14.430000
2017-03-27,14.390000
2017-03-28,14.490000
2017-03-29,14.650000
2017-03-30,14.730000
2017-03-31,14.820000
2017-04-03,14.670000
2017-04-04,14.840000
2017-04-05,14.830000
2017-04-06,14.960000
2017-04-07,15.020000
2017-04-10,15.150000
2017-04-11,15.180000
2017-04-12,15.120000
2017-04-13,15.170000
2017-04-17,15.100000
2017-04-18,15.020000
2017-04-19,14.710000
2017-04-20,14.650000
2017-04-21,14.460000
2017-04-24,14.390000
2017-04-25,14.520000
2017-04-26,14.420000
2017-04-27,14.420000
2017-04-28,14.430000
2017-05-01,14.460000
2017-05-02,14.300000
2017-05-03,14.300000
2017-05-04,13.900000
2017-05-05,14.040000
2017-05-08,14.030000
2017-05-09,13.910000
2017-05-10,14.180000
2017-05-11,14.250000
2017-05-12,14.320000
2017-05-15,14.430000
2017-05-16,14.380000
2017-05-17,14.450000
2017-05-18,14.450000
2017-05-19,14.730000
2017-05-22,14.820000
2017-05-23,14.800000
2017-05-24,14.750000
2017-05-25,14.360000
2017-05-26,14.510000
2017-05-30,14.390000
2017-05-31,14.260000
2017-06-01,14.190000
2017-06-02,14.120000
2017-06-05,14.020000
2017-06-06,14.120000
2017-06-07,13.850000
2017-06-08,13.830000
2017-06-09,13.870000
2017-06-12,13.790000
2017-06-13,13.870000
2017-06-14,13.570000
2017-06-15,13.580000
2017-06-16,13.670000
2017-06-19,13.560000
2017-06-20,13.410000
2017-06-21,13.190000
2017-06-22,13.210000
2017-06-23,13.290000
2017-06-26,13.360000
2017-06-27,13.500000
2017-06-28,13.620000
2017-06-29,13.700000
2017-06-30,14.020000
2017-07-03,14.140000
2017-07-05,13.870000
2017-07-06,13.900000
2017-07-07,13.720000
2017-07-10,13.780000
2017-07-11,13.940000
2017-07-12,13.890000
2017-07-13,13.920000
2017-07-14,14.070000
2017-07-17,14.000000
2017-07-18,14.050000
2017-07-19,14.230000
2017-07-20,14.170000
2017-07-21,13.940000
2017-07-24,13.960000
2017-07-25,14.160000
2017-07-26,14.340000
2017-07-27,14.420000
2017-07-28,14.520000
2017-07-31,14.610000
2017-08-01,14.410000
2017-08-02,14.510000
2017-08-03,14.370000
2017-08-04,14.440000
2017-08-07,14.430000
2017-08-08,14.410000
2017-08-09,14.490000
2017-08-10,14.260000
2017-08-11,14.350000
2017-08-14,14.120000
2017-08-15,14.120000
2017-08-16,14.020000
2017-08-17,14.000000
2017-08-18,14.290000
2017-08-21,14.080000
2017-08-22,14.130000
2017-08-23,14.220000
2017-08-24,14.210000
2017-08-25,14.190000
2017-08-28,14.160000
2017-08-29,14.130000
2017-08-30,14.040000
2017-08-31,14.460000
2017-09-01,14.480000
2017-09-05,14.560000
2017-09-06,14.720000
2017-09-07,14.700000
2017-09-08,14.490000
2017-09-11,14.510000
2017-09-12,14.560000
2017-09-13,14.710000
2017-09-14,14.710000
2017-09-15,14.780000
2017-09-18,14.780000
2017-09-19,14.720000
2017-09-20,14.910000
2017-09-21,14.870000
2017-09-22,14.900000
2017-09-25,15.120000
2017-09-26,15.010000
2017-09-27,15.030000
2017-09-28,14.990000
2017-09-29,14.900000
2017-10-02,14.730000
2017-10-03,14.730000
2017-10-04,14.690000
2017-10-05,14.900000
2017-10-06,14.630000
2017-10-09,14.640000
2017-10-10,14.880000
2017-10-11,14.930000
2017-10-12,14.860000
2017-10-13,15.020000
2017-10-16,15.100000
2017-10-17,15.080000
2017-10-18,15.060000
2017-10-19,14.930000
2017-10-20,15.010000
2017-10-23,15.020000
2017-10-24,15.180000
2017-10-25,15.140000
2017-10-26,15.240000
2017-10-27,15.390000
2017-10-30,15.430000
2017-10-31,15.480000
2017-11-01,15.480000
2017-11-02,15.550000
2017-11-03,15.710000
2017-11-06,16.040001
2017-11-07,15.930000
2017-11-08,15.870000
2017-11-09,15.900000
2017-11-10,15.860000
2017-11-13,15.800000
2017-11-14,15.550000
2017-11-15,15.550000
2017-11-16,15.490000
2017-11-17,15.730000
2017-11-20,15.630000
2017-11-21,15.720000
2017-11-22,15.860000
2017-11-24,15.930000
2017-11-27,15.870000
2017-11-28,15.860000
2017-11-29,15.760000
2017-11-30,15.680000
2017-12-01,15.870000
2017-12-04,15.650000
2017-12-05,15.650000
2017-12-06,15.330000
2017-12-07,15.400000
2017-12-08,15.540000
2017-12-11,15.610000
2017-12-12,15.490000
2017-12-13,15.400000
2017-12-14,15.500000
2017-12-15,15.530000
2017-12-18,15.570000
2017-12-19,15.630000
2017-12-20,15.750000
2017-12-21,15.800000
2017-12-22,15.850000
2017-12-26,16.129999
2017-12-27,16.170000
2017-12-28,16.270000
2017-12-29,16.280001
2018-01-02,16.370001
2018-01-03,16.540001
2018-01-04,16.540001
2018-01-05,16.400000
2018-01-08,16.430000
2018-01-09,16.580000
2018-01-10,16.639999
2018-01-11,16.680000
2018-01-12,16.799999
2018-01-16,16.709999
2018-01-17,16.760000
2018-01-18,16.730000
2018-01-19,16.700001
2018-01-22,16.770000
2018-01-23,16.910000
2018-01-24,17.120001
2018-01-25,16.990000
2018-01-26,17.160000
2018-01-29,17.040001
2018-01-30,16.879999
2018-01-31,16.889999
2018-02-01,17.100000
2018-02-02,16.870001
2018-02-05,17.040001
2018-02-06,16.559999
2018-02-07,16.250000
2018-02-08,16.070000
2018-02-09,15.800000
2018-02-12,15.880000
2018-02-13,15.910000
2018-02-14,16.170000
2018-02-15,16.280001
2018-02-16,16.309999
2018-02-20,16.309999
2018-02-21,16.270000
2018-02-22,16.469999
2018-02-23,16.629999
2018-02-26,16.709999
2018-02-27,16.530001
2018-02-28,16.270000
2018-03-01,16.309999
2018-03-02,16.290001
2018-03-05,16.480000
2018-03-06,16.450001
2018-03-07,16.260000
2018-03-08,16.129999
2018-03-09,16.340000
2018-03-12,16.219999
2018-03-13,16.180000
2018-03-14,16.200001
2018-03-15,16.230000
2018-03-16,16.340000
2018-03-19,16.230000
2018-03-20,16.389999
2018-03-21,16.719999
2018-03-22,16.520000
2018-03-23,16.719999
2018-03-26,16.680000
2018-03-27,16.590000
2018-03-28,16.559999
2018-03-29,16.650000
2018-04-02,16.379999
2018-04-03,16.440001
2018-04-04,16.430000
2018-04-05,16.500000
2018-04-06,16.299999
2018-04-09,16.570000
2018-04-10,16.959999
2018-04-11,17.080000
2018-04-12,17.150000
2018-04-13,17.180000
2018-04-16,17.080000
2018-04-17,17.070000
2018-04-18,17.469999
2018-04-19,17.389999
2018-04-20,17.379999
2018-04-23,17.440001
2018-04-24,17.270000
2018-04-25,17.330000
2018-04-26,17.400000
2018-04-27,17.370001
2018-04-30,17.420000
2018-05-01,17.309999
2018-05-02,17.330000
2018-05-03,17.450001
2018-05-04,17.620001
2018-05-07,17.600000
2018-05-08,17.650000
2018-05-09,17.850000
2018-05-10,17.910000
2018-05-11,17.780001
2018-05-14,17.910000
2018-05-15,17.900000
2018-05-16,17.980000
2018-05-17,18.030001
2018-05-18,17.980000
2018-05-21,18.150000
2018-05-22,18.160000
2018-05-23,18.180000
2018-05-24,18.070000
2018-05-25,17.719999
2018-05-29,17.540001
2018-05-30,17.830000
2018-05-31,17.690001
2018-06-01,17.510000
2018-06-04,17.320000
2018-06-05,17.350000
2018-06-06,17.389999
2018-06-07,17.549999
2018-06-08,17.520000
2018-06-11,17.480000
2018-06-12,17.510000
2018-06-13,17.590000
2018-06-14,17.430000
2018-06-15,17.030001
2018-06-18,17.190001
2018-06-19,17.030001
2018-06-20,17.030001
2018-06-21,16.969999
2018-06-22,17.400000
2018-06-25,17.139999
2018-06-26,17.400000
2018-06-27,17.629999
2018-06-28,17.670000
2018-06-29,17.910000
2018-07-02,17.660000
2018-07-03,17.660000
2018-07-05,17.629999
2018-07-06,17.680000
2018-07-09,17.760000
2018-07-10,17.750000
2018-07-11,17.030001
2018-07-12,17.120001
2018-07-13,17.180000
2018-07-16,16.780001
2018-07-17,16.790001
2018-07-18,16.900000
2018-07-19,16.900000
2018-07-20,16.990000
2018-07-23,17.020000
2018-07-24,17.100000
2018-07-25,17.340000
2018-07-26,17.350000
2018-07-27,17.280001
2018-07-30,17.410000
2018-07-31,17.260000
2018-08-01,17.030001
2018-08-02,17.180000
2018-08-03,17.200001
2018-08-06,17.230000
2018-08-07,17.309999
2018-08-08,17.010000
2018-08-09,16.969999
2018-08-10,17.020000
2018-08-13,16.950001
2018-08-14,16.940001
2018-08-15,16.559999
2018-08-16,16.700001
2018-08-17,16.820000
2018-08-20,16.830000
2018-08-21,16.889999
2018-08-22,17.129999
2018-08-23,17.080000
2018-08-24,17.240000
2018-08-27,17.320000
2018-08-28,17.230000
2018-08-29,17.459999
2018-08-30,17.440001
2018-08-31,17.440001
2018-09-04,17.360001
2018-09-05,17.260000
2018-09-06,17.139999
2018-09-07,17.190001
2018-09-10,17.200001
2018-09-11,17.400000
2018-09-12,17.510000
2018-09-13,17.309999
2018-09-14,17.280001
2018-09-17,17.240000
2018-09-18,17.430000
2018-09-19,17.570000
2018-09-20,17.549999
2018-09-21,17.629999
2018-09-24,17.889999
2018-09-25,17.950001
2018-09-26,17.830000
2018-09-27,17.930000
2018-09-28,18.110001
2018-10-01,18.500000
2018-10-02,18.530001
2018-10-03,18.719999
2018-10-04,18.459999
2018-10-05,18.420000
2018-10-08,18.389999
2018-10-09,18.520000
2018-10-10,18.129999
2018-10-11,17.830000
2018-10-12,17.940001
2018-10-15,18.020000
2018-10-16,18.080000
2018-10-17,17.860001
2018-10-18,17.620001
2018-10-19,17.750000
2018-10-22,17.780001
2018-10-23,17.309999
2018-10-24,17.240000
2018-10-25,17.330000
2018-10-26,17.500000
2018-10-29,17.280001
2018-10-30,17.180000
2018-10-31,16.990000
2018-11-01,16.820000
2018-11-02,16.799999
2018-11-05,16.799999
2018-11-06,16.700001
2018-11-07,16.680000
2018-11-08,16.500000
2018-11-09,16.350000
2018-11-12,16.280001
2018-11-13,15.770000
2018-11-14,16.100000
2018-11-15,15.950000
2018-11-16,16.139999
2018-11-19,16.170000
2018-11-20,15.540000
2018-11-21,15.660000
2018-11-23,15.140000
2018-11-26,15.170000
2018-11-27,15.120000
2018-11-28,15.030000
2018-11-29,15.170000
2018-11-30,15.110000
2018-12-03,15.460000
2018-12-04,15.460000
2018-12-06,15.250000
2018-12-07,15.470000
2018-12-10,15.170000
2018-12-11,15.250000
2018-12-12,15.140000
2018-12-13,15.390000
2018-12-14,15.090000
2018-12-17,14.790000
2018-12-18,14.400000
2018-12-19,14.470000
2018-12-20,14.270000
2018-12-21,14.100000
2018-12-24,13.860000
2018-12-26,14.270000
2018-12-27,14.070000
2018-12-28,13.970000
2018-12-31,14.020000
2019-01-02,14.090000
2019-01-03,14.240000
2019-01-04,14.450000
2019-01-07,14.510000
2019-01-08,14.700000
2019-01-09,15.110000
2019-01-10,15.100000
2019-01-11,15.010000
2019-01-14,14.870000
2019-01-15,15.030000
2019-01-16,15.100000
2019-01-17,15.140000
2019-01-18,15.320000
2019-01-22,15.130000
2019-01-23,15.100000
2019-01-24,15.140000
2019-01-25,15.220000
2019-01-28,14.920000
2019-01-29,15.130000
2019-01-30,15.270000
2019-01-31,15.190000
2019-02-01,15.400000
2019-02-04,15.370000
2019-02-05,15.270000
2019-02-06,15.300000
2019-02-07,15.090000
2019-02-08,15.130000
2019-02-11,15.040000
2019-02-12,15.160000
2019-02-13,15.300000
2019-02-14,15.380000
2019-02-15,15.660000
2019-02-19,15.640000
2019-02-20,15.740000
2019-02-21,15.790000
2019-02-22,15.820000
2019-02-25,15.500000
2019-02-26,15.580000
2019-02-27,15.740000
2019-02-28,15.720000
2019-03-01,15.540000
2019-03-04,15.610000
2019-03-05,15.660000
2019-03-06,15.590000
2019-03-07,15.610000
2019-03-08,15.570000
2019-03-11,15.630000
2019-03-12,15.680000
2019-03-13,15.870000
2019-03-14,15.850000
2019-03-15,15.870000
2019-03-18,15.990000
2019-03-19,15.970000
2019-03-20,16.180000
2019-03-21,16.100000
2019-03-22,15.940000
2019-03-25,15.980000
2019-03-26,16.080000
2019-03-27,15.970000
2019-03-28,15.930000
2019-03-29,15.950000
2019-04-01,16.180000
2019-04-02,16.299999
2019-04-03,16.330000
2019-04-04,16.330000
2019-04-05,16.469999
2019-04-08,16.600000
2019-04-09,16.520000
2019-04-10,16.639999
2019-04-11,16.530001
2019-04-12,16.620001
2019-04-15,16.549999
2019-04-16,16.570000
2019-04-17,16.490000
2019-04-18,16.549999
2019-04-22,16.760000
2019-04-23,16.790001
2019-04-24,16.690001
2019-04-25,16.590000
2019-04-26,16.309999
2019-04-29,16.350000
2019-04-30,16.389999
2019-05-01,16.400000
2019-05-02,16.139999
2019-05-03,16.170000
2019-05-06,16.250000
2019-05-07,15.960000
2019-05-08,16.040001
2019-05-09,15.960000
2019-05-10,16.010000
2019-05-13,15.860000
2019-05-14,16.090000
2019-05-15,16.240000
2019-05-16,16.440001
2019-05-17,16.309999
2019-05-20,16.340000
2019-05-21,16.340000
2019-05-22,16.049999
2019-05-23,15.620000
2019-05-24,15.800000
2019-05-28,15.900000
2019-05-29,15.860000
2019-05-30,15.560000
2019-05-31,15.010000
2019-06-03,14.900000
2019-06-04,15.050000
2019-06-05,14.730000
2019-06-06,15.000000
2019-06-07,15.040000
2019-06-10,15.000000
2019-06-11,15.060000
2019-06-12,14.740000
2019-06-13,14.950000
2019-06-14,15.030000
2019-06-17,14.940000
2019-06-18,15.180000
2019-06-19,15.190000
2019-06-20,15.530000
2019-06-21,15.600000
2019-06-24,15.640000
2019-06-25,15.670000
2019-06-26,15.880000
2019-06-27,15.880000
2019-06-28,15.650000
2019-07-01,15.720000
2019-07-02,15.330000
2019-07-03,15.490000
2019-07-05,15.610000
2019-07-08,15.540000
2019-07-09,15.640000
2019-07-10,16.070000
2019-07-11,16.100000
2019-07-12,16.139999
2019-07-15,15.940000
2019-07-16,15.730000
2019-07-17,15.550000
2019-07-18,15.390000
2019-07-19,15.520000
2019-07-22,15.490000
2019-07-23,15.580000
2019-07-24,15.490000
2019-07-25,15.440000
2019-07-26,15.440000
2019-07-29,15.550000
2019-07-30,15.650000
2019-07-31,15.580000
2019-08-01,15.000000
2019-08-02,15.070000
2019-08-05,14.910000
2019-08-06,14.780000
2019-08-07,14.560000
2019-08-08,14.680000
2019-08-09,14.850000
2019-08-12,14.740000
2019-08-13,15.030000
2019-08-14,14.760000
2019-08-15,14.690000
2019-08-16,14.720000
2019-08-19,14.860000
2019-08-20,14.870000
2019-08-21,14.900000
2019-08-22,14.810000
2019-08-23,14.600000
2019-08-26,14.610000
2019-08-27,14.740000
2019-08-28,14.930000
2019-08-29,15.020000
2019-08-30,14.820000
2019-09-03,14.630000
2019-09-04,15.050000
2019-09-05,15.040000
2019-09-06,15.060000
2019-09-09,15.280000
2019-09-10,15.300000
2019-09-11,15.110000
2019-09-12,15.030000
2019-09-13,15.050000
2019-09-16,16.070000
2019-09-17,15.600000
2019-09-18,15.500000
2019-09-19,15.600000
2019-09-20,15.570000
2019-09-23,15.620000
2019-09-24,15.360000
2019-09-25,15.330000
2019-09-26,15.320000
2019-09-27,15.210000
2019-09-30,15.050000
2019-10-01,14.980000
2019-10-02,14.780000
2019-10-03,14.790000
2019-10-04,14.880000
2019-10-07,14.880000
2019-10-08,14.840000
2019-10-09,14.920000
2019-10-10,15.010000
2019-10-11,15.260000
2019-10-14,15.090000
2019-10-15,15.050000
2019-10-16,15.120000
2019-10-17,15.200000
2019-10-18,15.160000
2019-10-21,15.090000
2019-10-22,15.150000
2019-10-23,15.390000
2019-10-24,15.470000
2019-10-25,15.530000
2019-10-28,15.460000
2019-10-29,15.410000
2019-10-30,15.320000
2019-10-31,15.170000
2019-11-01,15.550000
2019-11-04,15.650000
2019-11-05,15.750000
2019-11-06,15.580000
2019-11-07,15.570000
2019-11-08,15.640000
2019-11-11,15.510000
2019-11-12,15.520000
2019-11-13,15.550000
2019-11-14,15.510000
2019-11-15,15.610000
2019-11-18,15.390000
2019-11-19,15.210000
2019-11-20,15.410000
2019-11-21,15.620000
2019-11-22,15.580000
2019-11-25,15.610000
2019-11-26,15.670000
2019-11-27,15.600000
2019-11-29,15.230000
2019-12-02,15.260000
2019-12-03,15.290000
2019-12-04,15.570000
2019-12-05,15.590000
2019-12-06,15.710000
2019-12-09,15.680000
2019-12-10,15.760000
2019-12-11,15.670000
2019-12-12,15.810000
2019-12-13,15.880000
2019-12-16,16.059999
2019-12-17,16.150000
2019-12-18,16.150000
2019-12-19,16.170000
2019-12-20,16.129999
2019-12-23,16.170000
2019-12-24,16.240000
2019-12-26,16.389999
2019-12-27,16.379999
2019-12-30,16.330000
2019-12-31,16.209999
2020-01-02,16.290001
2020-01-03,16.510000
2020-01-06,16.510000
2020-01-07,16.459999
2020-01-08,16.150000
2020-01-09,16.030001
2020-01-10,16.020000
2020-01-13,15.860000
2020-01-14,15.950000
2020-01-15,15.870000
2020-01-16,15.850000
2020-01-17,15.910000
2020-01-21,15.810000
2020-01-22,15.580000
2020-01-23,15.410000
2020-01-24,15.150000
2020-01-27,14.790000
2020-01-28,14.920000
2020-01-29,14.830000
2020-01-30,14.680000
2020-01-31,14.490000
2020-02-03,14.160000
2020-02-04,14.180000
2020-02-05,14.440000
2020-02-06,14.460000
2020-02-07,14.370000
2020-02-10,14.210000
2020-02-11,14.300000
2020-02-12,14.570000
2020-02-13,14.580000
2020-02-14,14.670000
2020-02-18,14.730000
2020-02-19,14.920000
2020-02-20,14.900000
2020-02-21,14.800000
2020-02-24,14.370000
2020-02-25,14.110000
2020-02-26,13.890000
2020-02-27,13.550000
2020-02-28,13.360000
2020-03-02,13.740000
2020-03-03,13.750000
2020-03-04,13.720000
2020-03-05,13.500000
2020-03-06,12.830000
2020-03-09,11.280000
2020-03-10,11.810000
2020-03-11,11.500000
2020-03-12,10.910000
2020-03-13,11.150000
2020-03-16,10.250000
2020-03-17,10.000000
2020-03-18,9.430000
2020-03-19,9.860000
2020-03-20,9.640000
2020-03-23,9.660000
2020-03-24,9.940000
2020-03-25,9.970000
2020-03-26,9.820000
2020-03-27,9.610000
2020-03-30,9.350000
2020-03-31,9.300000
2020-04-01,9.130000
2020-04-02,9.660000
2020-04-03,10.180000
2020-04-06,10.040000
2020-04-07,9.920000
2020-04-08,10.110000
2020-04-09,9.870000
2020-04-13,9.880000
2020-04-14,9.610000
2020-04-15,9.360000
2020-04-16,9.390000
2020-04-17,9.340000
2020-04-20,8.940000
2020-04-21,8.010000
2020-04-22,8.170000
2020-04-23,8.420000
2020-04-24,8.350000
2020-04-27,7.960000
2020-04-28,7.930000
2020-04-29,8.140000
2020-04-30,8.480000
2020-05-01,8.480000
2020-05-04,8.640000
2020-05-05,9.060000
2020-05-06,8.850000
2020-05-07,8.870000
2020-05-08,9.090000
2020-05-11,8.960000
2020-05-12,8.900000
2020-05-13,8.780000
2020-05-14,9.020000
2020-05-15,9.150000
2020-05-18,9.510000
2020-05-19,9.510000
2020-05-20,9.720000
2020-05-21,9.690000
2020-05-22,9.570000
2020-05-26,9.660000
2020-05-27,9.570000
2020-05-28,9.580000
2020-05-29,9.820000
2020-06-01,9.860000
2020-06-02,10.020000
2020-06-03,10.030000
2020-06-04,10.110000
2020-06-05,10.400000
2020-06-08,10.270000
2020-06-09,10.290000
2020-06-10,10.420000
2020-06-11,9.950000
2020-06-12,10.030000
2020-06-15,10.110000
2020-06-16,10.240000
2020-06-17,10.190000
2020-06-18,10.310000
2020-06-19,10.350000
2020-06-22,10.480000
2020-06-23,10.450000
2020-06-24,10.140000
2020-06-25,10.230000
2020-06-26,10.040000
2020-06-29,10.310000
2020-06-30,10.370000
2020-07-01,10.450000
2020-07-02,10.530000
2020-07-06,10.610000
2020-07-07,10.600000
2020-07-08,10.710000
2020-07-09,10.580000
2020-07-10,10.720000
2020-07-13,10.520000
2020-07-14,10.600000
2020-07-15,10.710000
2020-07-16,10.680000
2020-07-17,10.650000
2020-07-20,10.650000
2020-07-21,10.810000
2020-07-22,10.820000
2020-07-23,10.800000
2020-07-24,10.810000
2020-07-27,10.850000
2020-07-28,10.770000
2020-07-29,10.860000
2020-07-30,10.660000
2020-07-31,10.750000
2020-08-03,10.860000
2020-08-04,10.920000
2020-08-05,11.050000
2020-08-06,11.020000
2020-08-07,10.910000
2020-08-10,10.980000
2020-08-11,10.870000
2020-08-12,11.000000
2020-08-13,11.030000
2020-08-14,11.030000
2020-08-17,11.190000
2020-08-18,11.160000
2020-08-19,11.190000
2020-08-20,11.150000
2020-08-21,11.060000
2020-08-24,11.120000
2020-08-25,11.260000
2020-08-26,11.270000
2020-08-27,11.210000
2020-08-28,11.280000
2020-08-31,11.250000
2020-09-01,11.280000
2020-09-02,11.050000
2020-09-03,10.980000
2020-09-04,10.830000
2020-09-08,10.470000
2020-09-09,10.610000
2020-09-10,10.470000
2020-09-11,10.570000
2020-09-14,10.530000
2020-09-15,10.610000
2020-09-16,10.840000
2020-09-17,10.980000
2020-09-18,11.010000
2020-09-21,10.750000
2020-09-22,10.690000
2020-09-23,10.630000
2020-09-24,10.700000
2020-09-25,10.720000
2020-09-28,10.800000
2020-09-29,10.580000
2020-09-30,10.750000
2020-10-01,10.550000
2020-10-02,10.370000
2020-10-05,10.720000
2020-10-06,10.790000
2020-10-07,10.860000
2020-10-08,11.000000
2020-10-09,11.030000
2020-10-12,10.860000
2020-10-13,10.920000
2020-10-14,11.030000
2020-10-15,11.090000
2020-10-16,11.030000
2020-10-19,10.990000
2020-10-20,11.090000
2020-10-21,10.980000
2020-10-22,11.020000
2020-10-23,10.930000
2020-10-26,10.750000
2020-10-27,10.870000
2020-10-28,10.550000
2020-10-29,10.410000
2020-10-30,10.380000
2020-11-02,10.550000
2020-11-03,10.640000
2020-11-04,10.800000
2020-11-05,10.800000
2020-11-06,10.640000
2020-11-09,10.920000
2020-11-10,11.180000
2020-11-11,11.160000
2020-11-12,11.080000
2020-11-13,11.010000
2020-11-16,11.140000
2020-11-17,11.180000
2020-11-18,11.210000
2020-11-19,11.200000
2020-11-20,11.290000
2020-11-23,11.370000
2020-11-24,11.610000
2020-11-25,11.700000
2020-11-27,11.690000
2020-11-30,11.650000
2020-12-01,11.570000
2020-12-02,11.650000
2020-12-03,11.660000
2020-12-04,11.700000
2020-12-07,11.630000
2020-12-08,11.640000
2020-12-09,11.670000
2020-12-10,11.880000
2020-12-11,11.860000
2020-12-14,11.890000
2020-12-15,11.980000
2020-12-16,12.040000
2020-12-17,12.190000
2020-12-18,12.260000
2020-12-21,12.090000
2020-12-22,11.970000
2020-12-23,12.130000
2020-12-24,12.180000
2020-12-28,12.110000
2020-12-29,12.140000
2020-12-30,12.220000
2020-12-31,12.330000
2021-01-04,12.240000
2021-01-05,12.670000
2021-01-06,12.690000
2021-01-07,12.710000
2021-01-08,12.890000
2021-01-11,12.780000
2021-01-12,13.030000
2021-01-13,12.960000
2021-01-14,13.110000
2021-01-15,12.920000
2021-01-19,12.960000
2021-01-20,12.990000
2021-01-21,12.960000
2021-01-22,12.770000
2021-01-25,12.940000
2021-01-26,12.990000
2021-01-27,12.950000
2021-01-28,12.880000
2021-01-29,12.910000
2021-02-01,13.130000
2021-02-02,13.200000
2021-02-03,13.330000
2021-02-04,13.410000
2021-02-05,13.520000
2021-02-08,13.740000
2021-02-09,13.770000
2021-02-10,13.710000
2021-02-11,13.700000
2021-02-12,13.920000
2021-02-16,14.070000
2021-02-17,14.170000
2021-02-18,14.090000
2021-02-19,14.040000
2021-02-22,14.350000
2021-02-23,14.440000
2021-02-24,14.640000
2021-02-25,14.540000
2021-02-26,14.240000
2021-03-01,14.100000
2021-03-02,14.090000
2021-03-03,14.170000
2021-03-04,14.420000
2021-03-05,14.750000
2021-03-08,14.510000
2021-03-09,14.450000
2021-03-10,14.520000
2021-03-11,14.760000
2021-03-12,14.680000
2021-03-15,14.660000
2021-03-16,14.580000
2021-03-17,14.590000
2021-03-18,13.860000
2021-03-19,14.200000
2021-03-22,14.140000
2021-03-23,13.680000
2021-03-24,14.060000
2021-03-25,13.780000
2021-03-26,14.140000
2021-03-29,14.170000
2021-03-30,13.940000
2021-03-31,13.970000
2021-04-01,14.140000
2021-04-05,13.890000
2021-04-06,13.970000
2021-04-07,14.020000
2021-04-08,14.130000
2021-04-09,14.070000
2021-04-12,14.010000
2021-04-13,14.170000
2021-04-14,14.490000
2021-04-15,14.610000
2021-04-16,14.580000
2021-04-19,14.610000
2021-04-20,14.590000
2021-04-21,14.500000
2021-04-22,14.630000
2021-04-23,14.740000
2021-04-26,14.870000
2021-04-27,14.980000
2021-04-28,15.040000
2021-04-29,15.170000
2021-04-30,15.100000
2021-05-03,15.190000
2021-05-04,15.410000
2021-05-05,15.430000
2021-05-06,15.500000
2021-05-07,15.560000
2021-05-10,15.510000
2021-05-11,15.630000
2021-05-12,15.630000
2021-05-13,15.220000
2021-05-14,15.310000
2021-05-17,15.520000
2021-05-18,15.430000
2021-05-19,15.100000
2021-05-20,14.910000
2021-05-21,15.070000
2021-05-24,15.320000
2021-05-25,15.230000
2021-05-26,15.260000
2021-05-27,15.500000
2021-05-28,15.460000
2021-06-01,15.710000
2021-06-02,15.780000
2021-06-03,15.670000
2021-06-04,15.830000
2021-06-07,15.780000
2021-06-08,15.940000
2021-06-09,15.890000
2021-06-10,15.930000
2021-06-11,15.980000
2021-06-14,15.920000
2021-06-15,15.930000
2021-06-16,15.820000
2021-06-17,15.420000
2021-06-18,15.570000
2021-06-21,15.790000
2021-06-22,15.750000
2021-06-23,15.830000
2021-06-24,15.870000
2021-06-25,15.890000
2021-06-28,15.860000
2021-06-29,15.930000
2021-06-30,16.090000
2021-07-01,16.209999
2021-07-02,16.260000
2021-07-06,15.910000
2021-07-07,15.690000
2021-07-08,15.780000
2021-07-09,16.000000
2021-07-12,16.020000
2021-07-13,16.160000
2021-07-14,15.970000
2021-07-15,15.860000
2021-07-16,15.900000
2021-07-19,15.280000
2021-07-20,15.500000
2021-07-21,15.820000
2021-07-22,16.000000
2021-07-23,16.049999
2021-07-26,16.180000
2021-07-27,16.080000
2021-07-28,16.120001
2021-07-29,16.360001
2021-07-30,16.299999
2021-08-02,16.110001
2021-08-03,16.020000
2021-08-04,15.710000
2021-08-05,15.870000
2021-08-06,15.730000
2021-08-09,15.490000
2021-08-10,15.770000
2021-08-11,15.860000
2021-08-12,15.880000
2021-08-13,15.780000
2021-08-16,15.740000
2021-08-17,15.580000
2021-08-18,15.380000
2021-08-19,15.180000
2021-08-20,14.890000
2021-08-23,15.420000
2021-08-24,15.740000
2021-08-25,15.840000
2021-08-26,15.790000
2021-08-27,16.010000
2021-08-30,16.030001
2021-08-31,15.910000
2021-09-01,15.840000
2021-09-02,16.049999
2021-09-03,16.059999
2021-09-07,15.840000
2021-09-08,16.000000
2021-09-09,15.830000
2021-09-10,16.040001
2021-09-13,16.139999
2021-09-14,16.170000
2021-09-15,16.510000
2021-09-16,16.430000
2021-09-17,16.290001
2021-09-20,16.090000
2021-09-21,16.040001
2021-09-22,16.280001
2021-09-23,16.540001
2021-09-24,16.629999
2021-09-27,16.930000
2021-09-28,16.799999
2021-09-29,16.740000
2021-09-30,16.860001
2021-10-01,17.030001
2021-10-04,17.320000
2021-10-05,17.540001
2021-10-06,17.209999
2021-10-07,17.459999
2021-10-08,17.510000
2021-10-11,17.590000
2021-10-12,17.570000
2021-10-13,17.610001
2021-10-14,17.809999
2021-10-15,17.930000
2021-10-18,17.820000
2021-10-19,17.889999
2021-10-20,18.100000
2021-10-21,17.830000
2021-10-22,17.969999
2021-10-25,18.080000
2021-10-26,18.120001
2021-10-27,17.809999
2021-10-28,17.920000
2021-10-29,17.850000
2021-11-01,17.980000
2021-11-02,17.969999
2021-11-03,17.570000
2021-11-04,17.400000
2021-11-05,17.629999
2021-11-08,17.740000
2021-11-09,17.860001
2021-11-10,17.620001
2021-11-11,17.690001
2021-11-12,17.639999
2021-11-15,17.680000
2021-11-16,17.680000
2021-11-17,17.450001
2021-11-18,17.510000
2021-11-19,17.240000
2021-11-22,17.350000
2021-11-23,17.730000
2021-11-24,17.660000
2021-11-26,16.510000
2021-11-29,16.469999
2021-11-30,15.960000
2021-12-01,15.750000
2021-12-02,16.010000
2021-12-03,15.960000
2021-12-06,16.340000
2021-12-07,16.530001
2021-12-08,16.719999
2021-12-09,16.420000
2021-12-10,16.620001
2021-12-13,16.520000
2021-12-14,16.389999
2021-12-15,16.480000
2021-12-16,16.590000
2021-12-17,16.410000
2021-12-20,16.219999
2021-12-21,16.639999
2021-12-22,16.920000
2021-12-23,17.040001
2021-12-27,17.290001
2021-12-28,17.250000
2021-12-29,17.320000
2021-12-30,17.240000
2021-12-31,17.110001
2022-01-03,17.180000
2022-01-04,17.370001
2022-01-05,17.389999
2022-01-06,17.600000
2022-01-07,17.650000
2022-01-10,17.559999
2022-01-11,17.990000
2022-01-12,18.190001
2022-01-13,17.969999
2022-01-14,18.320000
2022-01-18,18.530001
2022-01-19,18.620001
2022-01-20,18.559999
2022-01-21,18.570000
2022-01-24,18.469999
2022-01-25,18.670000
2022-01-26,18.820000
2022-01-27,18.920000
2022-01-28,19.020000
2022-01-31,19.120001
2022-02-01,19.260000
2022-02-02,19.320000
2022-02-03,19.400000
2022-02-04,19.670000
2022-02-07,19.629999
2022-02-08,19.410000
2022-02-09,19.629999
2022-02-10,19.500000
2022-02-11,19.930000
2022-02-14,20.059999
2022-02-15,19.700001
2022-02-16,19.629999
2022-02-17,19.770000
2022-02-18,19.840000
2022-02-22,20.170000
2022-02-23,20.280001
2022-02-24,20.580000
2022-02-25,20.230000
2022-02-28,20.809999
2022-03-01,22.070000
2022-03-02,23.190001
2022-03-03,23.230000
2022-03-04,24.260000
2022-03-07,24.910000
2022-03-08,25.850000
2022-03-09,23.080000
2022-03-10,22.580000
2022-03-11,23.000000
2022-03-14,22.100000
2022-03-15,21.459999
2022-03-16,21.290001
2022-03-17,22.500000
2022-03-18,22.700001
2022-03-21,23.820000
2022-03-22,23.650000
2022-03-23,24.490000
2022-03-24,24.190001
2022-03-25,24.379999
2022-03-28,22.969999
2022-03-29,23.049999
2022-03-30,23.420000
2022-03-31,22.650000
2022-04-01,22.610001
2022-04-04,23.139999
2022-04-05,22.770000
2022-04-06,22.420000
2022-04-07,22.360001
2022-04-08,22.620001
2022-04-11,22.260000
2022-04-12,23.110001
2022-04-13,23.760000
2022-04-14,24.059999
2022-04-18,24.450001
2022-04-19,23.639999
2022-04-20,23.719999
2022-04-21,23.760000
2022-04-22,23.350000
2022-04-25,23.080000
2022-04-26,23.430000
2022-04-27,23.600000
2022-04-28,23.889999
2022-04-29,23.680000
2022-05-02,24.059999
2022-05-03,23.559999
2022-05-04,24.430000
2022-05-05,24.330000
2022-05-06,24.370001
2022-05-09,22.969999
2022-05-10,22.850000
2022-05-11,23.580000
2022-05-12,23.730000
2022-05-13,24.170000
2022-05-16,24.750000
2022-05-17,24.459999
2022-05-18,23.930000
2022-05-19,24.299999
2022-05-20,24.420000
2022-05-23,24.580000
2022-05-24,24.490000
2022-05-25,24.629999
2022-05-26,24.990000
2022-05-27,25.250000
2022-05-31,25.040001
2022-06-01,25.190001
2022-06-02,25.680000
2022-06-03,25.920000
2022-06-06,25.940001
2022-06-07,26.129999
2022-06-08,26.340000
2022-06-09,26.280001
2022-06-10,26.000000
2022-06-13,25.770000
2022-06-14,25.299999
2022-06-15,25.250000
2022-06-16,25.410000
2022-06-17,24.500000
2022-06-21,24.480000
2022-06-22,24.010000
2022-06-23,23.469999
2022-06-24,23.830000
2022-06-27,23.940001
2022-06-28,24.230000
2022-06-29,23.790001
2022-06-30,23.100000
2022-07-01,23.379999
2022-07-05,21.850000
2022-07-06,21.540001
2022-07-07,22.400000
2022-07-08,22.770000
2022-07-11,22.760000
2022-07-12,21.580000
2022-07-13,21.730000
2022-07-14,21.620001
2022-07-15,21.889999
2022-07-18,22.480000
2022-07-19,22.600000
2022-07-20,22.600000
2022-07-21,22.170000
2022-07-22,21.920000
2022-07-25,22.309999
2022-07-26,22.330000
2022-07-27,22.860001
2022-07-28,22.790001
2022-07-29,22.930000
2022-08-01,22.250000
2022-08-02,22.049999
2022-08-03,21.850000
2022-08-04,21.559999
2022-08-05,21.469999
2022-08-08,21.690001
2022-08-09,21.889999
2022-08-10,22.219999
2022-08-11,22.660000
2022-08-12,22.570000
2022-08-15,22.120001
2022-08-16,21.860001
2022-08-17,22.020000
2022-08-18,22.360001
2022-08-19,22.379999
2022-08-22,22.610001
2022-08-23,23.030001
2022-08-24,23.290001
2022-08-25,23.020000
2022-08-26,23.070000
2022-08-29,23.490000
2022-08-30,22.760000
2022-08-31,22.250000
2022-09-01,21.730000
2022-09-02,21.889999
2022-09-06,21.719999
2022-09-07,21.139999
2022-09-08,21.260000
2022-09-09,21.870001
2022-09-12,22.209999
2022-09-13,22.059999
2022-09-14,22.160000
2022-09-15,21.420000
2022-09-16,21.379999
2022-09-19,21.510000
2022-09-20,21.459999
2022-09-21,21.379999
2022-09-22,21.330000
2022-09-23,20.530001
2022-09-26,20.040001
2022-09-27,20.320000
2022-09-28,20.980000
2022-09-29,20.879999
2022-09-30,20.580000
2022-10-03,21.129999
2022-10-04,21.740000
2022-10-05,22.100000
2022-10-06,22.230000
2022-10-07,22.610001
2022-10-10,22.309999
2022-10-11,21.969999
2022-10-12,21.870001
2022-10-13,22.280001
2022-10-14,21.730000
2022-10-17,21.680000
2022-10-18,21.400000
2022-10-19,21.430000
2022-10-20,21.459999
2022-10-21,21.580000
2022-10-24,21.590000
2022-10-25,21.690001
2022-10-26,22.170000
2022-10-27,22.170000
2022-10-28,21.980000
2022-10-31,21.850000
2022-11-01,22.100000
2022-11-02,22.230000
2022-11-03,22.170000
2022-11-04,22.980000
2022-11-07,22.830000
2022-11-08,22.440001
2022-11-09,21.840000
2022-11-10,22.020000
2022-11-11,22.420000
2022-11-14,21.980000
2022-11-15,22.309999
2022-11-16,22.070000
2022-11-17,21.629999
2022-11-18,21.440001
2022-11-21,21.400000
2022-11-22,21.660000
2022-11-23,21.250000
2022-11-25,21.020000
2022-11-28,20.850000
2022-11-29,21.129999
2022-11-30,21.590000
2022-12-01,21.469999
2022-12-02,21.209999
2022-12-05,20.590000
2022-12-06,20.100000
2022-12-07,19.940001
2022-12-08,19.870001
2022-12-09,19.889999
2022-12-12,20.219999
2022-12-13,20.680000
2022-12-14,20.930000
2022-12-15,20.740000
2022-12-16,20.430000
2022-12-19,20.410000
2022-12-20,20.420000
2022-12-21,20.870001
2022-12-22,20.709999
2022-12-23,21.090000
2022-12-27,21.240000
2022-12-28,21.040001
2022-12-29,20.990000
2022-12-30,21.230000
2023-01-03,20.580000
2023-01-04,19.920000
2023-01-05,19.860001
2023-01-06,19.969999
2023-01-09,20.209999
2023-01-10,20.209999
2023-01-11,20.680000
2023-01-12,20.900000
2023-01-13,21.150000
2023-01-17,21.370001
2023-01-18,21.080000
2023-01-19,21.280001
2023-01-20,21.490000
2023-01-23,21.600000
2023-01-24,21.370001
2023-01-25,21.320000
2023-01-26,21.480000
2023-01-27,21.200001
2023-01-30,20.870001
2023-01-31,21.209999
2023-02-01,20.690001
2023-02-02,20.469999
2023-02-03,19.990000
2023-02-06,20.129999
2023-02-07,20.590000
2023-02-08,20.680000
2023-02-09,20.530001
2023-02-10,20.900000
2023-02-13,20.830000
2023-02-14,20.900000
2023-02-15,20.639999
2023-02-16,20.530001
2023-02-17,20.299999
2023-02-21,20.379999
2023-02-22,20.000000
2023-02-23,20.170000
2023-02-24,20.219999
2023-02-27,20.180000
2023-02-28,20.309999
2023-03-01,20.610001
2023-03-02,20.549999
2023-03-03,20.870001
2023-03-06,20.850000
2023-03-07,20.309999
2023-03-08,20.200001
2023-03-09,19.920000
2023-03-10,20.129999
2023-03-13,19.910000
2023-03-14,19.559999
2023-03-15,19.010000
2023-03-16,19.059999
2023-03-17,18.889999
2023-03-20,19.020000
2023-03-21,19.209999
2023-03-22,19.240000
2023-03-23,19.150000
2023-03-24,19.240000
2023-03-27,19.740000
2023-03-28,19.830000
2023-03-29,19.709999
2023-03-30,19.870001
2023-03-31,20.120001
2023-04-03,20.660000
2023-04-04,20.629999
2023-04-05,20.660000
2023-04-06,20.620001
2023-04-10,20.600000
2023-04-11,20.809999
2023-04-12,21.010000
2023-04-13,20.930000
2023-04-14,20.980000
2023-04-17,20.840000
2023-04-18,20.879999
2023-04-19,20.559999
2023-04-20,20.209999
2023-04-21,20.209999
2023-04-24,20.379999
2023-04-25,20.010000
2023-04-26,19.600000
2023-04-27,19.629999
2023-04-28,19.910000
2023-05-01,19.760000
2023-05-02,19.160000
2023-05-03,18.690001
2023-05-04,18.799999
2023-05-05,19.260000
2023-05-08,19.520000
2023-05-09,19.580000
2023-05-10,19.469999
2023-05-11,19.150000
2023-05-12,19.030001
2023-05-15,19.320000
2023-05-16,19.120001
2023-05-17,19.430000
2023-05-18,19.290001
2023-05-19,19.250000
2023-05-22,19.240000
2023-05-23,19.320000
2023-05-24,19.459999
2023-05-25,19.150000
2023-05-26,19.370001
2023-05-30,18.860001
2023-05-31,18.670000
2023-06-01,19.000000
2023-06-02,19.360001
2023-06-05,19.330000
2023-06-06,19.370001
2023-06-07,19.510000
2023-06-08,19.430000
2023-06-09,19.320000
2023-06-12,18.920000
2023-06-13,19.280001
2023-06-14,19.230000
2023-06-15,19.750000
2023-06-16,20.030001
2023-06-20,19.840000
2023-06-21,20.170000
2023-06-22,19.700001
2023-06-23,19.530001
2023-06-26,19.600000
2023-06-27,19.230000
2023-06-28,19.260000
2023-06-29,19.320000
2023-06-30,19.490000
2023-07-03,19.459999
2023-07-05,19.709999
2023-07-06,19.690001
2023-07-07,19.900000
2023-07-10,19.900000
2023-07-11,20.160000
2023-07-12,20.270000
2023-07-13,20.530001
2023-07-14,20.379999
2023-07-17,20.139999
2023-07-18,20.459999
2023-07-19,20.570000
2023-07-20,20.680000
2023-07-21,20.860001
2023-07-24,21.299999
2023-07-25,21.370001
2023-07-26,21.250000
2023-07-27,21.350000
2023-07-28,21.450001
2023-07-31,21.600000
2023-08-01,21.549999
2023-08-02,21.160000
2023-08-03,21.400000
2023-08-04,21.459999
2023-08-07,21.500000
2023-08-08,21.500000
2023-08-09,21.799999
2023-08-10,21.590000
2023-08-11,21.559999
2023-08-14,21.440001
2023-08-15,21.090000
2023-08-16,20.920000
2023-08-17,21.049999
2023-08-18,21.280001
2023-08-21,21.209999
2023-08-22,21.150000
2023-08-23,21.120001
2023-08-24,21.150000
2023-08-25,21.500000
2023-08-28,21.440001
2023-08-29,21.520000
2023-08-30,21.520000
2023-08-31,21.700001
2023-09-01,22.010000
2023-09-05,22.139999
2023-09-06,22.209999
2023-09-07,22.170000
2023-09-08,22.250000
2023-09-11,22.400000
2023-09-12,22.520000
2023-09-13,22.600000
2023-09-14,22.889999
2023-09-15,22.809999
2023-09-18,22.799999
2023-09-19,22.840000
2023-09-20,22.580000
2023-09-21,22.530001
2023-09-22,22.580000
2023-09-25,22.500000
2023-09-26,22.530001
2023-09-27,22.830000
2023-09-28,22.740000
2023-09-29,22.510000
2023-10-02,22.250000
2023-10-03,22.230000
2023-10-04,21.490000
2023-10-05,21.230000
2023-10-06,21.340000
2023-10-09,21.860001
2023-10-10,21.780001
2023-10-11,21.580000
2023-10-12,21.620001
2023-10-13,22.260000
2023-10-16,22.120001
2023-10-17,22.139999
2023-10-18,22.330000
2023-10-19,22.610001
2023-10-20,22.410000
2023-10-23,22.120001
2023-10-24,21.780001
2023-10-25,21.980000
2023-10-26,21.799999
2023-10-27,22.110001
2023-10-30,21.719999
2023-10-31,21.629999
2023-11-01,21.590000
2023-11-02,21.870001
2023-11-03,21.670000
2023-11-06,21.660000
2023-11-07,21.049999
2023-11-08,20.770000
2023-11-09,20.670000
2023-11-10,20.870001
2023-11-13,21.219999
2023-11-14,21.180000
2023-11-15,21.030001
2023-11-16,20.420000
2023-11-17,20.799999
2023-11-20,21.080000
2023-11-21,21.180000
2023-11-22,20.969999
2023-11-24,20.760000
2023-11-27,20.549999
2023-11-28,20.860001
2023-11-29,21.070000
2023-11-30,20.680000
2023-12-01,20.490000
2023-12-04,20.330000
2023-12-05,20.180000
2023-12-06,19.620001
2023-12-07,19.709999
2023-12-08,19.920000
2023-12-11,19.879999
2023-12-12,19.469999
2023-12-13,19.680000
2023-12-14,20.080000
2023-12-15,20.150000
2023-12-18,20.320000
2023-12-19,20.520000
2023-12-20,20.309999
2023-12-21,20.410000
2023-12-22,20.330000
2023-12-26,20.620001
2023-12-27,20.480000
2023-12-28,20.180000
2023-12-29,20.059999
2024-01-02,19.850000
2024-01-03,20.250000
2024-01-04,20.190001
2024-01-05,20.330000
2024-01-08,19.950001
2024-01-09,20.180000
2024-01-10,20.020000
2024-01-11,20.250000
2024-01-12,20.290001
2024-01-16,20.139999
2024-01-17,20.160000
2024-01-18,20.370001
2024-01-19,20.350000
2024-01-22,20.500000
2024-01-23,20.590000
2024-01-24,20.770000
2024-01-25,21.059999
2024-01-26,21.250000
2024-01-29,21.020000
2024-01-30,21.200001
2024-01-31,20.940001
2024-02-01,20.639999
2024-02-02,20.370001
2024-02-05,20.469999
2024-02-06,20.590000
2024-02-07,20.719999
2024-02-08,21.030001
2024-02-09,21.070000
2024-02-12,21.110001
2024-02-13,21.080000
2024-02-14,20.850000
2024-02-15,21.010000
2024-02-16,21.110001
2024-02-20,21.000000
2024-02-21,21.090000
2024-02-22,21.160000
2024-02-23,20.860001
2024-02-26,21.049999
2024-02-27,21.219999
2024-02-28,21.100000
2024-02-29,21.120001
2024-03-01,21.350000
2024-03-04,21.270000
2024-03-05,21.110001
2024-03-06,21.270000
2024-03-07,21.340000
2024-03-08,21.190001
2024-03-11,21.309999
2024-03-12,21.280001
2024-03-13,21.610001
2024-03-14,21.719999
2024-03-15,21.809999
2024-03-18,22.100000
2024-03-19,22.100000
2024-03-20,21.930000
2024-03-21,21.879999
2024-03-22,21.799999
2024-03-25,21.980000
2024-03-26,21.809999
2024-03-27,21.830000
2024-03-28,22.059999
2024-04-01,22.219999
2024-04-02,22.430000
2024-04-03,22.600000
2024-04-04,22.770000
2024-04-05,22.840000
2024-04-08,22.799999
2024-04-09,22.680000
2024-04-10,22.780001
2024-04-11,22.670000
2024-04-12,22.690001
2024-04-15,22.740000
2024-04-16,22.700001
2024-04-17,22.299999
2024-04-18,22.290001
2024-04-19,22.469999
2024-04-22,22.500000
2024-04-23,22.629999
2024-04-24,22.530001
2024-04-25,22.709999
2024-04-26,22.670000
2024-04-29,22.590000
2024-04-30,22.270000
2024-05-01,21.830000
2024-05-02,21.860001
2024-05-03,21.850000
2024-05-06,22.040001
2024-05-07,22.030001
2024-05-08,22.020000
2024-05-09,22.129999
2024-05-10,21.990000
2024-05-13,22.120001
2024-05-14,21.959999
2024-05-15,22.090000
2024-05-16,22.180000
2024-05-17,22.430000
2024-05-20,22.520000
2024-05-21,22.440001
2024-05-22,22.200001
2024-05-23,22.100000
2024-05-24,22.219999
2024-05-28,22.670000
2024-05-29,22.389999
2024-05-30,22.080000
2024-05-31,21.950001
2024-06-03,21.549999
2024-06-04,21.330000
2024-06-05,21.480000
2024-06-06,21.790001
2024-06-07,21.530001
2024-06-10,21.920000
2024-06-11,21.920000
2024-06-12,22.020000
2024-06-13,22.000000
2024-06-14,22.000000
2024-06-17,22.170000
2024-06-18,22.320000
2024-06-20,22.360001
2024-06-21,22.150000
2024-06-24,22.350000
2024-06-25,22.090000
2024-06-26,22.100000
2024-06-27,22.299999
2024-06-28,22.150000
2024-07-01,22.430000
2024-07-02,22.469999
2024-07-03,22.530001
2024-07-05,22.570000
2024-07-08,22.250000
2024-07-09,22.120001
2024-07-10,22.139999
2024-07-11,22.250000
2024-07-12,22.160000
2024-07-15,21.990000
2024-07-16,21.879999
2024-07-17,22.000000
2024-07-18,21.830000
2024-07-19,21.510000
2024-07-22,21.600000
2024-07-23,21.440001
2024-07-24,21.410000
2024-07-25,21.480000
2024-07-26,21.240000
2024-07-29,21.049999
2024-07-30,20.990000
2024-07-31,21.510000
2024-08-01,21.150000
2024-08-02,20.760000
2024-08-05,20.660000
2024-08-06,20.580000
2024-08-07,20.860001
2024-08-08,20.980000
2024-08-09,21.110001
2024-08-12,21.500000
2024-08-13,21.280001
2024-08-14,21.200001
2024-08-15,21.309999
2024-08-16,21.139999
2024-08-19,21.000000
2024-08-20,20.900000
2024-08-21,20.719999
2024-08-22,20.780001
2024-08-23,21.150000
2024-08-26,21.450001
2024-08-27,21.320000
2024-08-28,21.070000
2024-08-29,21.309999
2024-08-30,21.040001
2024-09-03,20.570000
2024-09-04,20.330000
2024-09-05,20.379999
2024-09-06,20.090000
2024-09-09,20.190001
2024-09-10,19.840000
2024-09-11,20.070000
2024-09-12,20.430000
2024-09-13,20.430000
2024-09-16,20.600000
2024-09-17,20.760000
2024-09-18,20.610001
2024-09-19,21.010000
2024-09-20,21.030001
2024-09-23,21.040001
2024-09-24,21.340000
2024-09-25,21.120001
2024-09-26,20.879999
2024-09-27,21.059999
2024-09-30,21.000000
2024-10-01,21.360001
2024-10-02,21.549999
2024-10-03,21.940001
2024-10-04,21.990000
2024-10-07,22.350000
2024-10-08,21.760000
2024-10-09,21.610001
2024-10-10,22.049999
2024-10-11,22.040001
2024-10-14,21.690001
2024-10-15,21.200001
2024-10-16,21.150000
2024-10-17,21.139999
2024-10-18,20.990000
2024-10-21,21.129999
2024-10-22,21.440001
2024-10-23,21.379999
2024-10-24,21.340000
2024-10-25,21.520000
2024-10-28,20.889999
2024-10-29,20.820000
2024-10-30,21.080000
2024-10-31,21.299999
2024-11-01,21.070000
2024-11-04,21.450001
2024-11-05,21.520000
2024-11-06,21.400000
2024-11-07,21.549999
2024-11-08,21.219999
2024-11-11,20.889999
2024-11-12,20.830000
2024-11-13,20.799999
2024-11-14,20.809999
2024-11-15,20.700001
2024-11-18,21.129999
2024-11-19,21.200001
2024-11-20,21.230000
2024-11-21,21.410000
2024-11-22,21.480000
2024-11-25,21.200001
2024-11-26,21.150000
2024-11-27,21.120001
2024-11-29,21.139999
2024-12-02,21.000000
2024-12-03,21.270000
2024-12-04,21.090000
2024-12-05,21.070000
2024-12-06,20.910000
2024-12-09,21.150000
2024-12-10,21.240000
2024-12-11,21.500000
2024-12-12,21.480000
2024-12-13,21.570000
2024-12-16,21.410000
2024-12-17,21.330000
2024-12-18,21.190001
2024-12-19,21.139999
2024-12-20,21.510000
2024-12-23,21.280001
2024-12-24,21.389999
2024-12-26,21.340000
2024-12-27,21.420000
2024-12-30,21.660000
2024-12-31,21.770000
2025-01-02,21.990000
2025-01-03,21.950001
2025-01-06,21.969999
2025-01-07,22.070000
2025-01-08,21.990000
2025-01-10,22.709999
2025-01-13,22.900000
2025-01-14,22.840000
2025-01-15,23.309999
2025-01-16,23.129999
2025-01-17,23.049999
2025-01-21,22.900000
2025-01-22,22.820000
2025-01-23,22.730000
2025-01-24,22.790001
2025-01-27,22.469999
2025-01-28,22.570000
2025-01-29,22.559999
2025-01-30,22.570000
2025-01-31,22.520000
2025-02-03,22.650000
2025-02-04,22.670000
2025-02-05,22.540001
2025-02-06,22.459999
2025-02-07,22.500000
2025-02-10,22.830000
2025-02-11,22.920000
2025-02-12,22.670000
2025-02-13,22.799999
2025-02-14,22.700001
2025-02-18,23.010000
2025-02-19,23.110001
2025-02-20,23.090000
2025-02-21,22.700001
2025-02-24,22.690001
2025-02-25,22.410000
2025-02-26,22.299999
2025-02-27,22.330000
2025-02-28,22.190001
2025-03-03,21.969999
2025-03-04,22.030001
2025-03-05,21.920000
2025-03-06,21.840000
2025-03-07,22.059999
2025-03-10,21.870001
2025-03-11,21.990000
2025-03-12,22.080000
2025-03-13,21.950001
2025-03-14,22.070000
2025-03-17,22.240000
2025-03-18,22.139999
2025-03-19,22.309999
2025-03-20,22.400000
2025-03-21,22.299999
2025-03-24,22.440001
2025-03-25,22.459999
2025-03-26,22.440001
2025-03-27,22.500000
2025-03-28,22.389999
2025-03-31,22.770000
2025-04-01,22.770000
2025-04-02,22.920000
2025-04-03,21.969999
2025-04-04,21.030001
2025-04-07,20.629999
2025-04-08,20.190001
2025-04-09,21.139999
2025-04-10,20.750000
2025-04-11,21.120001
2025-04-14,21.120001
2025-04-15,21.059999
2025-04-16,21.360001
2025-04-17,21.590000
2025-04-21,21.410000
2025-04-22,21.559999
2025-04-23,21.400000
2025-04-24,21.580000
2025-04-25,21.600000
2025-04-28,21.510000
2025-04-29,21.180000
2025-04-30,20.750000
2025-05-01,20.879999
2025-05-02,20.969999
2025-05-05,20.780001
2025-05-06,21.080000
2025-05-07,20.840000
2025-05-08,21.150000
2025-05-09,21.350000
2025-05-12,21.490000
2025-05-13,21.770000
2025-05-14,21.600000
2025-05-15,21.469999
2025-05-16,21.440001
2025-05-19,21.459999
2025-05-20,21.660000
2025-05-21,21.540001
2025-05-22,21.389999
2025-05-23,21.559999
2025-05-27,21.410000
2025-05-28,21.330000
2025-05-29,21.260000
2025-05-30,21.170000
2025-06-02,21.600000
2025-06-03,21.700001
2025-06-04,21.639999
2025-06-05,21.760000
2025-06-06,21.980000
2025-06-09,22.040001
2025-06-10,21.980000
2025-06-11,22.370001
2025-06-12,22.379999
2025-06-13,23.040001
2025-06-16,22.990000
2025-06-17,23.480000
2025-06-18,23.520000
2025-06-20,23.590000
2025-06-23,22.680000
2025-06-24,22.110001
2025-06-25,22.059999
2025-06-26,22.129999
2025-06-27,22.100000
2025-06-30,22.040001
2025-07-01,22.160000
2025-07-02,22.530001
2025-07-03,22.459999
2025-07-07,22.500000
2025-07-08,22.549999
2025-07-09,22.549999
2025-07-10,22.389999
2025-07-11,22.680000
2025-07-14,22.450001
2025-07-15,22.410000
2025-07-16,22.480000
2025-07-17,22.650000
2025-07-18,22.709999
2025-07-21,22.670000
2025-07-22,22.610001
2025-07-23,22.600000
2025-07-24,22.629999
2025-07-25,22.420000
2025-07-28,22.709999
2025-07-29,23.000000
2025-07-30,23.049999
2025-07-31,22.799999
2025-08-01,22.510000
2025-08-04,22.379999
2025-08-05,22.230000
2025-08-06,22.190001
2025-08-07,22.230000
2025-08-08,22.180000
2025-08-11,22.250000
2025-08-12,22.120001
2025-08-13,22.080000
2025-08-14,22.150000
2025-08-15,22.129999
2025-08-18,22.180000
2025-08-19,22.059999
2025-08-20,22.299999
2025-08-21,22.459999
2025-08-22,22.570000
2025-08-25,22.709999
2025-08-26,22.520000
2025-08-27,22.590000
2025-08-28,22.719999
2025-08-29,22.770000
2025-09-02,23.120001
2025-09-03,22.879999
2025-09-04,22.750000
2025-09-05,22.549999
2025-09-08,22.709999
2025-09-09,22.700001
2025-09-10,22.860001
2025-09-11,22.670000
2025-09-12,22.760000
2025-09-15,23.030001
2025-09-16,23.240000
2025-09-17,22.980000
2025-09-18,22.879999
2025-09-19,22.709999
2025-09-22,22.750000
2025-09-23,23.000000
2025-09-24,23.160000
2025-09-25,23.270000
2025-09-26,23.309999
2025-09-29,23.030001
2025-09-30,22.969999
2025-10-01,22.920000
2025-10-02,22.690001
2025-10-03,22.750000
2025-10-06,22.969999
2025-10-07,23.049999
2025-10-08,23.150000
2025-10-09,22.930000
2025-10-10,22.450001
2025-10-13,22.750000
2025-10-14,22.520000
2025-10-15,22.590000
2025-10-16,22.540001
2025-10-17,22.500000
2025-10-20,22.690001
2025-10-21,22.600000
2025-10-22,22.910000
2025-10-23,23.340000
2025-10-24,23.250000
2025-10-27,23.180000
2025-10-28,22.879999
2025-10-29,23.040001
2025-10-30,23.049999
2025-10-31,23.209999
2025-11-03,23.410000
2025-11-04,23.170000
2025-11-05,23.049999
2025-11-06,23.049999
2025-11-07,23.080000
2025-11-10,23.430000
2025-11-11,23.629999
2025-11-12,23.230000
2025-11-13,23.150000
2025-11-14,23.250000
2025-11-17,23.230000
2025-11-18,23.459999
2025-11-19,23.180000
2025-11-20,22.920000
2025-11-21,22.770000
2025-11-24,22.879999
2025-11-25,22.670000
2025-11-26,22.980000
2025-11-28,23.270000
2025-12-01,23.290001
2025-12-02,23.160000
2025-12-03,23.309999
2025-12-04,23.440001
2025-12-05,23.639999
2025-12-08,23.260000
2025-12-09,23.100000
2025-12-10,23.260000
2025-12-11,23.170000
2025-12-12,22.940001
2025-12-15,22.780001
2025-12-16,22.480000
2025-12-17,22.799999
2025-12-18,22.620001
2025-12-19,22.820000
2025-12-22,23.139999
2025-12-23,23.370001
2025-12-24,23.320000
2025-12-26,23.219999
2025-12-29,23.170000
2025-12-30,23.299999
2025-12-31,23.059999
2026-01-02,23.070000
2026-01-05,23.490000
2026-01-06,23.360001
2026-01-07,23.219999
2026-01-08,23.580000
2026-01-09,23.570000
2026-01-12,23.799999
2026-01-13,24.080000
2026-01-14,24.020000
2026-01-15,23.809999
2026-01-16,23.809999
2026-01-20,24.070000
2026-01-21,24.400000
2026-01-22,24.270000
2026-01-23,24.760000
2026-01-26,24.850000
2026-01-27,25.230000
2026-01-28,25.510000
2026-01-29,25.969999
2026-01-30,25.480000
2026-02-02,24.459999
2026-02-03,25.059999
2026-02-04,25.059999
2026-02-05,24.700001
2026-02-06,24.920000
2026-02-09,25.100000
2026-02-10,24.980000
2026-02-11,25.230000
2026-02-12,24.690001
2026-02-13,24.719999
2026-02-17,24.490000
2026-02-18,25.190001
2026-02-19,25.469999
2026-02-20,25.580000
2026-02-23,25.620001
2026-02-24,25.610001
2026-02-25,25.629999
2026-02-26,25.620001
2026-02-27,25.959999
2026-03-02,26.940001
2026-03-03,27.320000
2026-03-04,27.690001
2026-03-05,28.309999
2026-03-06,29.809999
2026-03-09,29.030001
2026-03-10,29.400000
2026-03-11,29.889999
2026-03-12,31.090000
2026-03-13,31.120001
2026-03-16,30.590000
2026-03-17,31.190001
2026-03-18,31.850000
2026-03-19,31.299999
2026-03-20,31.719999
2026-03-23,30.010000
2026-03-24,30.639999
2026-03-25,30.420000
2026-03-26,30.969999
2026-03-27,32.049999
2026-03-30,32.580002
2026-03-31,32.250000
2026-04-01,31.910000
2026-04-02,33.450001
2026-04-06,33.520000
2026-04-07,33.330002
2026-04-08,31.100000
2026-04-09,31.400000
2026-04-10,30.959999
2026-04-13,31.530001
2026-04-14,31.200001
2026-04-15,31.139999
2026-04-16,31.530001
2026-04-17,30.350000
2026-04-20,30.940001
2026-04-21,31.750000
2026-04-22,32.119999
2026-04-23,32.720001
2026-04-24,32.580002
2026-04-27,32.880001
2026-04-28,33.340000
2026-04-29,34.560001
2026-04-30,34.389999
2026-05-01,33.889999
2026-05-04,34.549999
2026-05-05,34.209999
2026-05-06,32.840000
2026-05-07,32.889999
2026-05-08,32.810001
2026-05-11,33.689999
2026-05-12,34.410000
2026-05-13,34.130001
2026-05-14,33.959999
2026-05-15,34.189999
2026-05-18,34.400002
2026-05-19,34.770000
2026-05-20,33.759998
2026-05-21,33.419998
2026-05-22,33.250000
2026-05-26,32.590000
2026-05-27,31.920000
2026-05-28,32.110001
2026-05-29,31.799999
2026-06-01,32.470001
2026-06-02,32.630001
2026-06-03,32.880001
2026-06-04,32.389999
2026-06-05,31.590000
2026-06-08,31.750000
2026-06-09,31.240000
2026-06-10,31.459999
2026-06-11,30.959999
2026-06-12,30.580000
2026-06-15,30.129999
2026-06-16,29.660000
2026-06-17,29.459999
2026-06-18,29.530001
2026-06-22,29.250000
2026-06-23,28.950001
2026-06-24,28.230000
2026-06-25,28.879999
2026-06-26,28.389999
2026-06-29,28.440001
2026-06-30,28.600000
2026-07-01,28.330000
2026-07-02,28.370001
2026-07-06,28.889999
2026-07-07,29.280001
2026-07-08,29.959999
2026-07-09,29.540001
2026-07-10,29.459999
2026-07-13,30.520000
2026-07-14,31.000000
2026-07-15,31.180000
2026-07-16,30.889999
2026-07-17,31.400000
2026-07-20,31.629999
2026-07-21,32.160000
2026-07-22,32.450001
2026-07-23,33.139999
2026-07-24,32.770000
2026-07-27,31.490000
2026-07-28,31.090000
2026-07-29,32.130001
2026-07-30,31.950001
2026-07-31,32.040001
2026-08-03,31.180000
2026-08-04,30.450001
2026-08-05,30.559999
2026-08-06,31.070000
2026-08-07,31.090000
2026-08-10,32.320000
2026-08-11,32.520000
2026-08-12,32.619999
2026-08-13,32.209999
2026-08-14,32.470001
2026-08-17,33.080002
2026-08-18,33.060001
2026-08-19,33.290001
2026-08-20,33.650002
2026-08-21,33.860001
2026-08-24,33.430000
2026-08-25,32.820000
2026-08-26,33.009998
2026-08-27,33.410000
2026-08-28,33.389999
2026-08-31,34.029999
2026-09-01,34.849998
2026-09-02,34.889999
2026-09-03,34.959999
2026-09-04,34.830002
2026-09-08,35.380001
2026-09-09,35.889999
2026-09-10,36.939999
2026-09-11,36.470001
2026-09-14,36.500000
2026-09-15,37.150002
2026-09-16,36.619999
2026-09-17,36.459999
2026-09-18,36.310001
2026-09-21,35.880001
2026-09-22,35.630001
2026-09-23,36.150002
2026-09-24,36.480000
2026-09-25,35.889999
2026-09-28,35.689999
2026-09-29,35.110001
2026-09-30,35.570000
2026-10-01,36.040001
2026-10-02,35.730000
