date,adj_close
2007-04-11,31.223068
2007-04-12,31.244007
2007-04-13,31.187183
2007-04-16,31.175201
2007-04-17,31.160231
2007-04-18,31.169209
2007-04-19,31.276911
2007-04-20,31.258984
2007-04-23,31.276911
2007-04-24,31.492363
2007-04-25,31.540251
2007-04-26,31.597095
2007-04-27,31.597095
2007-04-30,31.600094
2007-05-01,31.603994
2007-05-02,31.591980
2007-05-03,31.594982
2007-05-04,31.633982
2007-05-07,31.630989
2007-05-08,31.654993
2007-05-09,31.570967
2007-05-10,31.684994
2007-05-11,31.702999
2007-05-14,31.700006
2007-05-15,31.676010
2007-05-16,31.760035
2007-05-17,31.751001
2007-05-18,31.760035
2007-05-21,31.790020
2007-05-22,31.793001
2007-05-23,31.769012
2007-05-24,31.778030
2007-05-25,31.823019
2007-05-29,31.697004
2007-05-30,31.769012
2007-05-31,31.718000
2007-06-01,31.713757
2007-06-04,31.740932
2007-06-05,31.695650
2007-06-06,31.656437
2007-06-07,31.508629
2007-06-08,31.424120
2007-06-11,31.357752
2007-06-12,31.197836
2007-06-13,31.252146
2007-06-14,31.276289
2007-06-15,31.270239
2007-06-18,31.288364
2007-06-19,31.327581
2007-06-20,31.049982
2007-06-21,31.107336
2007-06-22,31.167667
2007-06-25,30.986639
2007-06-26,31.077158
2007-06-27,30.968538
2007-06-28,30.805588
2007-06-29,30.718088
2007-07-02,30.958796
2007-07-03,30.901106
2007-07-05,30.788828
2007-07-06,30.822231
2007-07-09,30.916292
2007-07-10,30.834370
2007-07-11,30.603697
2007-07-12,30.694719
2007-07-13,30.822231
2007-07-16,30.834370
2007-07-17,30.870766
2007-07-18,30.640118
2007-07-19,30.673502
2007-07-20,30.594545
2007-07-23,30.527811
2007-07-24,30.351780
2007-07-25,30.063408
2007-07-26,29.638496
2007-07-27,29.143759
2007-07-30,29.426031
2007-07-31,29.526196
2007-08-01,29.465086
2007-08-02,29.633120
2007-08-03,29.633120
2007-08-06,29.568960
2007-08-07,29.779755
2007-08-08,30.131069
2007-08-09,30.100502
2007-08-10,30.039452
2007-08-13,30.259388
2007-08-14,30.024126
2007-08-15,30.192181
2007-08-16,30.152439
2007-08-17,30.457966
2007-08-20,30.167744
2007-08-21,30.011923
2007-08-22,30.244083
2007-08-23,30.427406
2007-08-24,30.503775
2007-08-27,30.702353
2007-08-28,30.595430
2007-08-29,30.717625
2007-08-30,30.781790
2007-08-31,31.059772
2007-09-04,31.275869
2007-09-05,31.288172
2007-09-06,31.269709
2007-09-07,30.913143
2007-09-10,31.045322
2007-09-11,31.300470
2007-09-12,31.441866
2007-09-13,31.331190
2007-09-14,31.626276
2007-09-17,31.770748
2007-09-18,31.998215
2007-09-19,32.609905
2007-09-20,31.810728
2007-09-21,31.890638
2007-09-24,32.105785
2007-09-25,32.182640
2007-09-26,32.065826
2007-09-27,31.967497
2007-09-28,31.967497
2007-10-01,32.089657
2007-10-02,32.151501
2007-10-03,31.981386
2007-10-04,32.117477
2007-10-05,32.136047
2007-10-08,32.244312
2007-10-09,32.269039
2007-10-10,32.241203
2007-10-11,32.287590
2007-10-12,32.321617
2007-10-15,32.476257
2007-10-16,32.352528
2007-10-17,31.953543
2007-10-18,31.938082
2007-10-19,31.795792
2007-10-22,31.501991
2007-10-23,31.764900
2007-10-24,31.764900
2007-10-25,31.811279
2007-10-26,31.885494
2007-10-29,31.981386
2007-10-30,31.919529
2007-10-31,32.120590
2007-11-01,31.911999
2007-11-02,31.834145
2007-11-05,31.818598
2007-11-06,31.983566
2007-11-07,31.943100
2007-11-08,31.538361
2007-11-09,31.678484
2007-11-12,31.802998
2007-11-13,31.678484
2007-11-14,31.756308
2007-11-15,31.746967
2007-11-16,31.756308
2007-11-19,31.756308
2007-11-20,31.444954
2007-11-21,30.853451
2007-11-23,30.794298
2007-11-26,31.133642
2007-11-27,31.180353
2007-11-28,31.476105
2007-11-29,31.631767
2007-11-30,31.759411
2007-12-03,32.079624
2007-12-04,31.957441
2007-12-05,31.581480
2007-12-06,31.863443
2007-12-07,31.847780
2007-12-10,31.800791
2007-12-11,31.769455
2007-12-12,31.941771
2007-12-13,31.926085
2007-12-14,31.973118
2007-12-17,31.800791
2007-12-18,31.832098
2007-12-19,31.988735
2007-12-20,31.919832
2007-12-21,32.020111
2007-12-24,31.907291
2007-12-26,31.766333
2007-12-27,31.975840
2007-12-28,31.663933
2007-12-31,31.733231
2008-01-02,31.348864
2008-01-03,31.288986
2008-01-04,31.254324
2008-01-07,31.068436
2008-01-08,30.888845
2008-01-09,30.551720
2008-01-10,30.778612
2008-01-11,30.844738
2008-01-14,30.737616
2008-01-15,30.816395
2008-01-16,30.781771
2008-01-17,30.564354
2008-01-18,30.803802
2008-01-22,30.589565
2008-01-23,30.649408
2008-01-24,31.033800
2008-01-25,31.081066
2008-01-28,30.939287
2008-01-29,30.970791
2008-01-30,31.090485
2008-01-31,31.153513
2008-02-01,31.170656
2008-02-04,31.176996
2008-02-05,30.926409
2008-02-06,30.862970
2008-02-07,30.732887
2008-02-08,30.501356
2008-02-11,30.260290
2008-02-12,30.374485
2008-02-13,30.295191
2008-02-14,30.444281
2008-02-15,30.368128
2008-02-19,30.212749
2008-02-20,30.292034
2008-02-21,30.396698
2008-02-22,30.450632
2008-02-25,30.542603
2008-02-26,30.739267
2008-02-27,30.732887
2008-02-28,30.688492
2008-02-29,30.571163
2008-03-03,30.579453
2008-03-04,30.544346
2008-03-05,30.630548
2008-03-06,30.550730
2008-03-07,30.486874
2008-03-10,30.416634
2008-03-11,30.493244
2008-03-12,30.486874
2008-03-13,30.272991
2008-03-14,30.091003
2008-03-17,29.950548
2008-03-18,30.391115
2008-03-19,30.423038
2008-03-20,30.566685
2008-03-24,30.799717
2008-03-25,30.879543
2008-03-26,30.806101
2008-03-27,30.707151
2008-03-28,30.723082
2008-03-31,30.860357
2008-04-01,30.996004
2008-04-02,31.012075
2008-04-03,30.957424
2008-04-04,31.076319
2008-04-07,31.323790
2008-04-08,31.429834
2008-04-09,31.156673
2008-04-10,31.269157
2008-04-11,31.018494
2008-04-14,31.127735
2008-04-15,31.124525
2008-04-16,31.259525
2008-04-17,31.291656
2008-04-18,31.503759
2008-04-21,31.452347
2008-04-22,31.494116
2008-04-23,31.622662
2008-04-24,31.632311
2008-04-25,31.783367
2008-04-28,31.969728
2008-04-29,31.876532
2008-04-30,31.908684
2008-05-01,32.586796
2008-05-02,32.257118
2008-05-05,32.205406
2008-05-06,31.975927
2008-05-07,31.998529
2008-05-08,31.930660
2008-05-09,31.998529
2008-05-12,31.956511
2008-05-13,31.946823
2008-05-14,31.901554
2008-05-15,31.985596
2008-05-16,32.030861
2008-05-19,32.156910
2008-05-20,32.095490
2008-05-21,32.037327
2008-05-22,31.988827
2008-05-23,31.798132
2008-05-27,31.620388
2008-05-28,31.775530
2008-05-29,31.743181
2008-05-30,31.746424
2008-06-02,31.484232
2008-06-03,31.506998
2008-06-04,31.474438
2008-06-05,31.611105
2008-06-06,31.523258
2008-06-09,31.624119
2008-06-10,31.637136
2008-06-11,31.630602
2008-06-12,31.578569
2008-06-13,31.718464
2008-06-16,31.279253
2008-06-17,31.334583
2008-06-18,31.402889
2008-06-19,31.204422
2008-06-20,31.080801
2008-06-23,30.966949
2008-06-24,30.836828
2008-06-25,30.940933
2008-06-26,30.696939
2008-06-27,30.612364
2008-06-30,30.579830
2008-07-01,30.547405
2008-07-02,30.524487
2008-07-03,30.511383
2008-07-07,30.537560
2008-07-08,30.455708
2008-07-09,30.350847
2008-07-10,30.390163
2008-07-11,30.350847
2008-07-14,30.278786
2008-07-15,29.810356
2008-07-16,29.908607
2008-07-17,29.997074
2008-07-18,30.478617
2008-07-21,30.629301
2008-07-22,30.734119
2008-07-23,30.652227
2008-07-24,30.724293
2008-07-25,30.789835
2008-07-28,30.684994
2008-07-29,30.691536
2008-07-30,30.698099
2008-07-31,30.760323
2008-08-01,30.622740
2008-08-04,30.411627
2008-08-05,30.626064
2008-08-06,30.421501
2008-08-07,30.385225
2008-08-08,30.438015
2008-08-11,30.352240
2008-08-12,30.470999
2008-08-13,30.517193
2008-08-14,30.517193
2008-08-15,30.586491
2008-08-18,30.517193
2008-08-19,30.576586
2008-08-20,30.569975
2008-08-21,30.527090
2008-08-22,30.352240
2008-08-25,30.517193
2008-08-26,30.352240
2008-08-27,30.385225
2008-08-28,30.428112
2008-08-29,30.484184
2008-09-02,30.490843
2008-09-03,30.590479
2008-09-04,30.723351
2008-09-05,30.696783
2008-09-08,30.660234
2008-09-09,30.726679
2008-09-10,30.557276
2008-09-11,30.557276
2008-09-12,30.557276
2008-09-15,29.434629
2008-09-16,28.757048
2008-09-17,27.029890
2008-09-18,29.162251
2008-09-19,29.534258
2008-09-22,29.507690
2008-09-23,29.218721
2008-09-24,29.481136
2008-09-25,28.730473
2008-09-26,28.630844
2008-09-29,26.312462
2008-09-30,27.235828
2008-10-01,28.421591
2008-10-02,27.681313
2008-10-03,27.580847
2008-10-06,26.579285
2008-10-07,26.130457
2008-10-08,25.038454
2008-10-09,24.455641
2008-10-10,22.824360
2008-10-13,25.624647
2008-10-14,25.792141
2008-10-15,24.666666
2008-10-16,23.732101
2008-10-17,23.447405
2008-10-20,23.916365
2008-10-21,23.779003
2008-10-22,23.581377
2008-10-23,23.979992
2008-10-24,23.380409
2008-10-27,22.191282
2008-10-28,22.442505
2008-10-29,23.464146
2008-10-30,24.107269
2008-10-31,24.117329
2008-11-03,24.313482
2008-11-04,24.587433
2008-11-05,24.384497
2008-11-06,24.384497
2008-11-07,24.638155
2008-11-10,24.641552
2008-11-11,24.597569
2008-11-12,24.249218
2008-11-13,24.120686
2008-11-14,23.826452
2008-11-17,23.457817
2008-11-18,22.964043
2008-11-19,22.179401
2008-11-20,21.442146
2008-11-21,21.655182
2008-11-24,21.753281
2008-11-25,21.979876
2008-11-26,22.490561
2008-11-28,22.406015
2008-12-01,21.943886
2008-12-02,22.179726
2008-12-03,22.183146
2008-12-04,22.053257
2008-12-05,22.063515
2008-12-08,22.319868
2008-12-09,22.152388
2008-12-10,22.135311
2008-12-11,21.964409
2008-12-12,22.268597
2008-12-15,22.152388
2008-12-16,22.562561
2008-12-17,23.140205
2008-12-18,24.483519
2008-12-19,24.319443
2008-12-22,25.293571
2008-12-23,25.662718
2008-12-24,25.259401
2008-12-26,25.741339
2008-12-29,25.914816
2008-12-30,25.993975
2008-12-31,26.162634
2009-01-02,26.080019
2009-01-05,27.339819
2009-01-06,27.570435
2009-01-07,27.071346
2009-01-08,26.678959
2009-01-09,27.071346
2009-01-12,26.482754
2009-01-13,26.386370
2009-01-14,26.049059
2009-01-15,25.945795
2009-01-16,26.155769
2009-01-20,25.708284
2009-01-21,25.711735
2009-01-22,25.642908
2009-01-23,25.233305
2009-01-26,25.298721
2009-01-27,25.532761
2009-01-28,26.438000
2009-01-29,25.780586
2009-01-30,25.897623
2009-02-02,25.345852
2009-02-03,25.391043
2009-02-04,25.370173
2009-02-05,25.161575
2009-02-06,25.669195
2009-02-09,25.867346
2009-02-10,25.696991
2009-02-11,25.637899
2009-02-12,25.557934
2009-02-13,25.658752
2009-02-17,25.005129
2009-02-18,24.855610
2009-02-19,24.980774
2009-02-20,24.615700
2009-02-23,23.996845
2009-02-24,24.337582
2009-02-25,24.219362
2009-02-26,23.739563
2009-02-27,23.381453
2009-03-02,22.896118
2009-03-03,22.987482
2009-03-04,22.983994
2009-03-05,21.894529
2009-03-06,21.789095
2009-03-09,21.662573
2009-03-10,22.734461
2009-03-11,23.096430
2009-03-12,23.479521
2009-03-13,23.532209
2009-03-16,23.665771
2009-03-17,23.532209
2009-03-18,24.073431
2009-03-19,23.862556
2009-03-20,23.816893
2009-03-23,24.308895
2009-03-24,24.354582
2009-03-25,24.484623
2009-03-26,24.864155
2009-03-27,24.611139
2009-03-30,23.458408
2009-03-31,23.827429
2009-04-01,23.865118
2009-04-02,24.732965
2009-04-03,25.081495
2009-04-06,24.999693
2009-04-07,24.711628
2009-04-08,25.003256
2009-04-09,25.714592
2009-04-13,25.696812
2009-04-14,25.565222
2009-04-15,25.782164
2009-04-16,26.191183
2009-04-17,26.763784
2009-04-20,25.785734
2009-04-21,26.077353
2009-04-22,26.201843
2009-04-23,26.173388
2009-04-24,26.578840
2009-04-27,26.368984
2009-04-28,26.425907
2009-04-29,26.916739
2009-04-30,27.126574
2009-05-01,27.083942
2009-05-04,27.019403
2009-05-05,27.252401
2009-05-06,27.478207
2009-05-07,27.026577
2009-05-08,27.510477
2009-05-11,27.367094
2009-05-12,27.474627
2009-05-13,27.116194
2009-05-14,26.829420
2009-05-15,26.453081
2009-05-18,27.015818
2009-05-19,27.195038
2009-05-20,27.596500
2009-05-21,27.241627
2009-05-22,27.617994
2009-05-26,27.546320
2009-05-27,27.596500
2009-05-28,27.693287
2009-05-29,27.901159
2009-06-01,28.561396
2009-06-02,28.478189
2009-06-03,28.315380
2009-06-04,28.402227
2009-06-05,28.492657
2009-06-08,28.543299
2009-06-09,28.597589
2009-06-10,28.633755
2009-06-11,28.698849
2009-06-12,28.847187
2009-06-15,28.420290
2009-06-16,28.148966
2009-06-17,27.986195
2009-06-18,28.253881
2009-06-19,28.282827
2009-06-22,27.899372
2009-06-23,27.946392
2009-06-24,28.087484
2009-06-25,28.355190
2009-06-26,28.347969
2009-06-29,28.702499
2009-06-30,28.836338
2009-07-01,28.907526
2009-07-02,28.403727
2009-07-06,27.980219
2009-07-07,27.589558
2009-07-08,27.757498
2009-07-09,28.155453
2009-07-10,27.940054
2009-07-13,28.002106
2009-07-14,28.111641
2009-07-15,28.732283
2009-07-16,28.819889
2009-07-17,28.845474
2009-07-20,29.247057
2009-07-21,29.389431
2009-07-22,29.425947
2009-07-23,29.725302
2009-07-24,29.900541
2009-07-27,29.955322
2009-07-28,29.988176
2009-07-29,30.090401
2009-07-30,30.338663
2009-07-31,30.831520
2009-08-03,30.890053
2009-08-04,30.823824
2009-08-05,30.724377
2009-08-06,30.481377
2009-08-07,30.694927
2009-08-10,30.834826
2009-08-11,30.761200
2009-08-12,30.683891
2009-08-13,30.293623
2009-08-14,30.142677
2009-08-17,29.406334
2009-08-18,29.914429
2009-08-19,30.035883
2009-08-20,29.943859
2009-08-21,30.352543
2009-08-24,30.194214
2009-08-25,30.190519
2009-08-26,30.308350
2009-08-27,30.153704
2009-08-28,30.304672
2009-08-31,30.308350
2009-09-01,30.023525
2009-09-02,29.863852
2009-09-03,30.056967
2009-09-04,30.287176
2009-09-08,30.717966
2009-09-09,30.428299
2009-09-10,30.899904
2009-09-11,31.193291
2009-09-14,31.230419
2009-09-15,31.453234
2009-09-16,31.857985
2009-09-17,31.913713
2009-09-18,31.824564
2009-09-21,31.843145
2009-09-22,31.806013
2009-09-23,31.902534
2009-09-24,31.961992
2009-09-25,31.857985
2009-09-28,32.110493
2009-09-29,32.073376
2009-09-30,32.065933
2009-10-01,31.221657
2009-10-02,31.232897
2009-10-05,31.652231
2009-10-06,31.543646
2009-10-07,31.775763
2009-10-08,31.977966
2009-10-09,32.101505
2009-10-12,32.094002
2009-10-13,32.086533
2009-10-14,32.213844
2009-10-15,32.206345
2009-10-16,32.202602
2009-10-19,32.210083
2009-10-20,32.270004
2009-10-21,32.326164
2009-10-22,32.573273
2009-10-23,32.517094
2009-10-26,32.535831
2009-10-27,32.281239
2009-10-28,31.749598
2009-10-29,32.195133
2009-10-30,31.891851
2009-11-02,32.142143
2009-11-03,32.213879
2009-11-04,32.262936
2009-11-05,32.289394
2009-11-06,32.319580
2009-11-09,32.447948
2009-11-10,32.436619
2009-11-11,32.455467
2009-11-12,32.493244
2009-11-13,32.429043
2009-11-16,32.580078
2009-11-17,32.572510
2009-11-18,32.489464
2009-11-19,32.557415
2009-11-20,32.549873
2009-11-23,32.515900
2009-11-24,32.534775
2009-11-25,32.549873
2009-11-27,32.323364
2009-11-30,32.429043
2009-12-01,32.589523
2009-12-02,32.623772
2009-12-03,32.665569
2009-12-04,32.798687
2009-12-07,32.840511
2009-12-08,32.878521
2009-12-09,32.878521
2009-12-10,33.042065
2009-12-11,33.061069
2009-12-14,33.327267
2009-12-15,33.293064
2009-12-16,33.369087
2009-12-17,33.350090
2009-12-18,33.331100
2009-12-21,33.429943
2009-12-22,33.502182
2009-12-23,33.582027
2009-12-24,33.707527
2009-12-28,33.608700
2009-12-29,33.428757
2009-12-30,33.570385
2009-12-31,33.623989
2010-01-04,33.888111
2010-01-05,34.048866
2010-01-06,34.136909
2010-01-07,34.274719
2010-01-08,34.328308
2010-01-11,34.297672
2010-01-12,34.121590
2010-01-13,34.198151
2010-01-14,34.236427
2010-01-15,34.098652
2010-01-19,34.113953
2010-01-20,34.064182
2010-01-21,33.532116
2010-01-22,33.214382
2010-01-25,33.264168
2010-01-26,33.306263
2010-01-27,33.317749
2010-01-28,33.176075
2010-01-29,33.007690
2010-02-01,33.166988
2010-02-02,33.267311
2010-02-03,33.437050
2010-02-04,32.962574
2010-02-05,32.769688
2010-02-08,32.626961
2010-02-09,32.692535
2010-02-10,32.252773
2010-02-11,32.383957
2010-02-12,32.364635
2010-02-16,32.684818
2010-02-17,32.935585
2010-02-18,33.248016
2010-02-19,33.471756
2010-02-22,33.514183
2010-02-23,33.271145
2010-02-24,33.398445
2010-02-25,33.402321
2010-02-26,33.626049
2010-03-01,33.651688
2010-03-02,33.869335
2010-03-03,33.904305
2010-03-04,33.931507
2010-03-05,34.133598
2010-03-08,34.141396
2010-03-09,34.289074
2010-03-10,34.300716
2010-03-11,34.269619
2010-03-12,34.277401
2010-03-15,34.238552
2010-03-16,34.355118
2010-03-17,34.355118
2010-03-18,34.405651
2010-03-19,34.234634
2010-03-22,34.397873
2010-03-23,34.394005
2010-03-24,34.374569
2010-03-25,34.456173
2010-03-26,34.444511
2010-03-29,34.487259
2010-03-30,34.452293
2010-03-31,34.343464
2010-04-01,34.260441
2010-04-05,34.244808
2010-04-06,34.467987
2010-04-07,34.518887
2010-04-08,34.577618
2010-04-09,34.628521
2010-04-12,34.636353
2010-04-13,34.730312
2010-04-14,34.824265
2010-04-15,34.918255
2010-04-16,34.636353
2010-04-19,34.569782
2010-04-20,34.941753
2010-04-21,34.945675
2010-04-22,34.843895
2010-04-23,35.070957
2010-04-26,35.070957
2010-04-27,34.628521
2010-04-28,34.652020
2010-04-29,34.890869
2010-04-30,35.004421
2010-05-03,35.000481
2010-05-04,34.641590
2010-05-05,34.168346
2010-05-06,33.320442
2010-05-07,33.316513
2010-05-10,33.939587
2010-05-11,33.900173
2010-05-12,34.314262
2010-05-13,34.101307
2010-05-14,33.904091
2010-05-17,33.860718
2010-05-18,33.789757
2010-05-19,33.592575
2010-05-20,32.590862
2010-05-21,33.245502
2010-05-24,33.296753
2010-05-25,33.257320
2010-05-26,32.859016
2010-05-27,33.312561
2010-05-28,33.367760
2010-06-01,33.210003
2010-06-02,33.380890
2010-06-03,33.392799
2010-06-04,33.206036
2010-06-07,32.975533
2010-06-08,33.027210
2010-06-09,33.098728
2010-06-10,33.436520
2010-06-11,33.484188
2010-06-14,33.527878
2010-06-15,33.853783
2010-06-16,33.881607
2010-06-17,34.135937
2010-06-18,34.282963
2010-06-21,34.406147
2010-06-22,34.159748
2010-06-23,34.135937
2010-06-24,33.901443
2010-06-25,34.056461
2010-06-28,34.131943
2010-06-29,33.790195
2010-06-30,33.738533
2010-07-01,33.899857
2010-07-02,33.907841
2010-07-06,34.176083
2010-07-07,34.588421
2010-07-08,34.748562
2010-07-09,34.668510
2010-07-12,34.640503
2010-07-13,34.908684
2010-07-14,34.876682
2010-07-15,34.928692
2010-07-16,34.716553
2010-07-19,34.832630
2010-07-20,35.112854
2010-07-21,35.096848
2010-07-22,35.409115
2010-07-23,35.569225
2010-07-26,35.585266
2010-07-27,35.537216
2010-07-28,35.461159
2010-07-29,35.569225
2010-07-30,35.477154
2010-08-02,35.662148
2010-08-03,35.662148
2010-08-04,35.642006
2010-08-05,35.625908
2010-08-06,35.617832
2010-08-09,35.553341
2010-08-10,35.541229
2010-08-11,35.077728
2010-08-12,34.956806
2010-08-13,35.109989
2010-08-16,35.154324
2010-08-17,35.287327
2010-08-18,35.347786
2010-08-19,35.275230
2010-08-20,35.359852
2010-08-23,35.359852
2010-08-24,35.174446
2010-08-25,35.126106
2010-08-26,35.077728
2010-08-27,35.073708
2010-08-30,35.138187
2010-08-31,35.126106
2010-09-01,35.505680
2010-09-02,35.562511
2010-09-03,35.668053
2010-09-07,35.615284
2010-09-08,35.623425
2010-09-09,35.765503
2010-09-10,35.858894
2010-09-13,36.045609
2010-09-14,36.037479
2010-09-15,36.005013
2010-09-16,36.065918
2010-09-17,36.130859
2010-09-20,36.187714
2010-09-21,36.126785
2010-09-22,35.980667
2010-09-23,35.887295
2010-09-24,36.029381
2010-09-27,36.090267
2010-09-28,36.143024
2010-09-29,36.228275
2010-09-30,36.410980
2010-10-01,36.458775
2010-10-04,36.332111
2010-10-05,36.462875
2010-10-06,36.430172
2010-10-07,36.503735
2010-10-08,36.626316
2010-10-11,36.703972
2010-10-12,36.671299
2010-10-13,36.793869
2010-10-14,36.618149
2010-10-15,36.712158
2010-10-18,36.663109
2010-10-19,36.659042
2010-10-20,36.773441
2010-10-21,36.716236
2010-10-22,36.883751
2010-10-25,37.026802
2010-10-26,37.084023
2010-10-27,37.043140
2010-10-28,37.063564
2010-10-29,37.079941
2010-11-01,37.010406
2010-11-02,37.191402
2010-11-03,37.314808
2010-11-04,37.800259
2010-11-05,37.759094
2010-11-08,37.648003
2010-11-09,37.541073
2010-11-10,37.232555
2010-11-11,37.084446
2010-11-12,36.948673
2010-11-15,36.878784
2010-11-16,36.471516
2010-11-17,36.656631
2010-11-18,37.121471
2010-11-19,37.109108
2010-11-22,36.849953
2010-11-23,36.343983
2010-11-24,36.562042
2010-11-26,36.430393
2010-11-29,36.525002
2010-11-30,36.607277
2010-12-01,36.945992
2010-12-02,36.966705
2010-12-03,37.028820
2010-12-06,37.008129
2010-12-07,37.198620
2010-12-08,37.078514
2010-12-09,36.999840
2010-12-10,37.016396
2010-12-13,36.830040
2010-12-14,37.012241
2010-12-15,36.867344
2010-12-16,37.003960
2010-12-17,37.057812
2010-12-20,37.124077
2010-12-21,37.202736
2010-12-22,37.306274
2010-12-23,37.343555
2010-12-27,37.372536
2010-12-28,37.396271
2010-12-29,37.521286
2010-12-30,37.562992
2010-12-31,37.629677
2011-01-03,37.658829
2011-01-04,37.829739
2011-01-05,37.925564
2011-01-06,37.971409
2011-01-07,37.825565
2011-01-10,37.796379
2011-01-11,37.942215
2011-01-12,38.021404
2011-01-13,38.013092
2011-01-14,38.075623
2011-01-18,38.071442
2011-01-19,37.954750
2011-01-20,37.879723
2011-01-21,38.033955
2011-01-24,38.088093
2011-01-25,38.146439
2011-01-26,38.225658
2011-01-27,38.275658
2011-01-28,38.046425
2011-01-31,38.250648
2011-02-01,38.325726
2011-02-02,38.367687
2011-02-03,38.367687
2011-02-04,38.535442
2011-02-07,38.606789
2011-02-08,38.648716
2011-02-09,38.430592
2011-02-10,38.472557
2011-02-11,38.569023
2011-02-14,38.598366
2011-02-15,38.522877
2011-02-16,38.535442
2011-02-17,38.623577
2011-02-18,38.740990
2011-02-22,38.422199
2011-02-23,38.459961
2011-02-24,38.489311
2011-02-25,38.606789
2011-02-28,38.799713
2011-03-01,38.740204
2011-03-02,38.773975
2011-03-03,38.913250
2011-03-04,38.833069
2011-03-07,38.841480
2011-03-08,38.807701
2011-03-09,38.697975
2011-03-10,38.495388
2011-03-11,38.486946
2011-03-14,38.330780
2011-03-15,38.132366
2011-03-16,37.896011
2011-03-17,38.305435
2011-03-18,38.486946
2011-03-21,38.723320
2011-03-22,38.744419
2011-03-23,38.697975
2011-03-24,38.731739
2011-03-25,38.744419
2011-03-28,38.757099
2011-03-29,38.778172
2011-03-30,38.837292
2011-03-31,38.816193
2011-04-01,38.769463
2011-04-04,39.007305
2011-04-05,38.964832
2011-04-06,39.049736
2011-04-07,39.088020
2011-04-08,39.088020
2011-04-11,39.049736
2011-04-12,38.926620
2011-04-13,39.113487
2011-04-14,38.956356
2011-04-15,39.007305
2011-04-18,38.871429
2011-04-19,39.007305
2011-04-20,39.155945
2011-04-21,39.249378
2011-04-25,39.206921
2011-04-26,39.296124
2011-04-27,39.321617
2011-04-28,39.342823
2011-04-29,39.436279
2011-05-02,39.416203
2011-05-03,39.424728
2011-05-04,39.411942
2011-05-05,39.249516
2011-05-06,39.450363
2011-05-09,39.501644
2011-05-10,39.587139
2011-05-11,39.527321
2011-05-12,39.565781
2011-05-13,39.403381
2011-05-16,39.480301
2011-05-17,39.548672
2011-05-18,39.595692
2011-05-19,39.578571
2011-05-20,39.548672
2011-05-23,39.360638
2011-05-24,39.296532
2011-05-25,39.296532
2011-05-26,39.262337
2011-05-27,39.382008
2011-05-31,39.488853
2011-06-01,39.259235
2011-06-02,39.233429
2011-06-03,39.078613
2011-06-06,38.984055
2011-06-07,38.953907
2011-06-08,38.769043
2011-06-09,38.794830
2011-06-10,38.541134
2011-06-13,38.394943
2011-06-14,38.635723
2011-06-15,38.472324
2011-06-16,37.788624
2011-06-17,38.205723
2011-06-20,38.472324
2011-06-21,38.730309
2011-06-22,38.450829
2011-06-23,38.657246
2011-06-24,38.472324
2011-06-27,38.463730
2011-06-28,38.618492
2011-06-29,39.001221
2011-06-30,39.263489
2011-07-01,39.472118
2011-07-05,39.524071
2011-07-06,39.541374
2011-07-07,39.697147
2011-07-08,39.588982
2011-07-11,39.199474
2011-07-12,39.091305
2011-07-13,39.394222
2011-07-14,39.372612
2011-07-15,39.359600
2011-07-18,39.290359
2011-07-19,39.467804
2011-07-20,39.502419
2011-07-21,39.692837
2011-07-22,39.744747
2011-07-25,39.532707
2011-07-26,39.614944
2011-07-27,39.303326
2011-07-28,39.363903
2011-07-29,39.402878
2011-08-01,39.490387
2011-08-02,39.002750
2011-08-03,38.980980
2011-08-04,37.857670
2011-08-05,37.818462
2011-08-08,36.207478
2011-08-09,37.313423
2011-08-10,36.682083
2011-08-11,37.348236
2011-08-12,37.174072
2011-08-15,37.779278
2011-08-16,37.539799
2011-08-17,37.953445
2011-08-18,37.491924
2011-08-19,37.165363
2011-08-22,37.208920
2011-08-23,37.487556
2011-08-24,37.317768
2011-08-25,37.017326
2011-08-26,37.391804
2011-08-29,37.770576
2011-08-30,37.840248
2011-08-31,38.327877
2011-09-01,38.302910
2011-09-02,38.123264
2011-09-06,37.671906
2011-09-07,37.855949
2011-09-08,37.974243
2011-09-09,37.632484
2011-09-12,37.308193
2011-09-13,37.593010
2011-09-14,37.842804
2011-09-15,38.096958
2011-09-16,38.075008
2011-09-19,38.018063
2011-09-20,38.079414
2011-09-21,37.750782
2011-09-22,37.238087
2011-09-23,37.338871
2011-09-26,37.479103
2011-09-27,37.522884
2011-09-28,37.102238
2011-09-29,37.032131
2011-09-30,36.295979
2011-10-03,35.858425
2011-10-04,35.748173
2011-10-05,36.184822
2011-10-06,36.744957
2011-10-07,36.775818
2011-10-10,37.565346
2011-10-11,37.150753
2011-10-12,38.015217
2011-10-13,37.856430
2011-10-14,38.121086
2011-10-17,37.900562
2011-10-18,38.103432
2011-10-19,37.979935
2011-10-20,38.315136
2011-10-21,38.778255
2011-10-24,39.828003
2011-10-25,39.122311
2011-10-26,39.289902
2011-10-27,39.867668
2011-10-28,39.748604
2011-10-31,39.378113
2011-11-01,38.675323
2011-11-02,39.043556
2011-11-03,39.429558
2011-11-04,39.389641
2011-11-07,39.256523
2011-11-08,39.345268
2011-11-09,38.511166
2011-11-10,38.551079
2011-11-11,39.061298
2011-11-14,38.799534
2011-11-15,38.697506
2011-11-16,38.320400
2011-11-17,38.134022
2011-11-18,38.107410
2011-11-21,37.677059
2011-11-22,37.388680
2011-11-23,36.714291
2011-11-25,36.714291
2011-11-28,37.535057
2011-11-29,37.779118
2011-11-30,38.422421
2011-12-01,38.591671
2011-12-02,38.810444
2011-12-05,39.029224
2011-12-06,39.203358
2011-12-07,39.078339
2011-12-08,38.823837
2011-12-09,39.158718
2011-12-12,38.948845
2011-12-13,38.801521
2011-12-14,38.734543
2011-12-15,38.872963
2011-12-16,39.056030
2011-12-19,39.006901
2011-12-20,39.493565
2011-12-21,39.605236
2011-12-22,39.757042
2011-12-23,39.940083
2011-12-27,40.099552
2011-12-28,39.910919
2011-12-29,40.148991
2011-12-30,40.171421
2012-01-03,40.301689
2012-01-04,40.234310
2012-01-05,40.059124
2012-01-06,39.933392
2012-01-09,39.987278
2012-01-10,40.126514
2012-01-11,40.086082
2012-01-12,40.032181
2012-01-13,39.987278
2012-01-17,40.068127
2012-01-18,40.180428
2012-01-19,40.238823
2012-01-20,40.238823
2012-01-23,40.378090
2012-01-24,40.481392
2012-01-25,40.836250
2012-01-26,40.935051
2012-01-27,40.786839
2012-01-30,40.656555
2012-01-31,40.759892
2012-02-01,40.835300
2012-02-02,40.862415
2012-02-03,40.979900
2012-02-06,40.988911
2012-02-07,41.070225
2012-02-08,41.106335
2012-02-09,41.124428
2012-02-10,40.767563
2012-02-13,40.884998
2012-02-14,40.884998
2012-02-15,40.754009
2012-02-16,40.925674
2012-02-17,40.912102
2012-02-21,41.065701
2012-02-22,41.196705
2012-02-23,41.345760
2012-02-24,41.472256
2012-02-27,41.481274
2012-02-28,41.562584
2012-02-29,41.616814
2012-03-01,41.688137
2012-03-02,41.515446
2012-03-05,41.283737
2012-03-06,40.733959
2012-03-07,40.847534
2012-03-08,41.165615
2012-03-09,41.211029
2012-03-12,41.211029
2012-03-13,41.510937
2012-03-14,41.406422
2012-03-15,41.265572
2012-03-16,41.115646
2012-03-19,41.270126
2012-03-20,41.238335
2012-03-21,41.106560
2012-03-22,41.206455
2012-03-23,41.120163
2012-03-26,41.370090
2012-03-27,41.442749
2012-03-28,41.306442
2012-03-29,41.301933
2012-03-30,41.220135
2012-04-02,41.290997
2012-04-03,41.254456
2012-04-04,41.103569
2012-04-05,41.003029
2012-04-09,40.792725
2012-04-10,40.591595
2012-04-11,40.838455
2012-04-12,41.204151
2012-04-13,41.071568
2012-04-16,41.135571
2012-04-17,41.313843
2012-04-18,41.300125
2012-04-19,41.222397
2012-04-20,41.286400
2012-04-23,41.199570
2012-04-24,41.295547
2012-04-25,41.597267
2012-04-26,41.624695
2012-04-27,41.606411
2012-04-30,41.688679
2012-05-01,41.720432
2012-05-02,41.881275
2012-05-03,41.853706
2012-05-04,41.770977
2012-05-07,41.839920
2012-05-08,41.830719
2012-05-09,41.683624
2012-05-10,41.637638
2012-05-11,41.743359
2012-05-14,41.435410
2012-05-15,41.233143
2012-05-16,40.828609
2012-05-17,40.263218
2012-05-18,40.263218
2012-05-21,40.681522
2012-05-22,40.676926
2012-05-23,40.635574
2012-05-24,40.644756
2012-05-25,40.516022
2012-05-29,40.961910
2012-05-30,40.778019
2012-05-31,40.345951
2012-06-01,39.995358
2012-06-04,40.027737
2012-06-05,40.282127
2012-06-06,40.712276
2012-06-07,40.864891
2012-06-08,41.022194
2012-06-11,40.753922
2012-06-12,41.040661
2012-06-13,40.920422
2012-06-14,41.225704
2012-06-15,41.299713
2012-06-18,41.313545
2012-06-19,41.604980
2012-06-20,41.766850
2012-06-21,41.424580
2012-06-22,41.706692
2012-06-25,41.641991
2012-06-26,41.581844
2012-06-27,41.831623
2012-06-28,41.826996
2012-06-29,42.224762
2012-07-02,42.270363
2012-07-03,42.423874
2012-07-05,42.428478
2012-07-06,42.372726
2012-07-09,42.386646
2012-07-10,42.200600
2012-07-11,42.335476
2012-07-12,42.242428
2012-07-13,42.372726
2012-07-16,42.209854
2012-07-17,42.409878
2012-07-18,42.586636
2012-07-19,42.693668
2012-07-20,42.493626
2012-07-23,42.423874
2012-07-24,42.163387
2012-07-25,42.075001
2012-07-26,42.507614
2012-07-27,42.758793
2012-07-30,42.758793
2012-07-31,42.656464
2012-08-01,42.887962
2012-08-02,42.714901
2012-08-03,42.892670
2012-08-06,42.864605
2012-08-07,42.780373
2012-08-08,42.808464
2012-08-09,42.813141
2012-08-10,42.775707
2012-08-13,42.799141
2012-08-14,42.864605
2012-08-15,42.658802
2012-08-16,42.817806
2012-08-17,42.817806
2012-08-20,42.869301
2012-08-21,42.962814
2012-08-22,42.920734
2012-08-23,42.911400
2012-08-24,43.103153
2012-08-27,43.070400
2012-08-28,43.032978
2012-08-29,43.093777
2012-08-30,43.075073
2012-08-31,43.187363
2012-09-04,43.186401
2012-09-05,43.191113
2012-09-06,43.445091
2012-09-07,43.520355
2012-09-10,43.449768
2012-09-11,43.746105
2012-09-12,43.877781
2012-09-13,44.159988
2012-09-14,44.155300
2012-09-17,44.117706
2012-09-18,44.136471
2012-09-19,44.080032
2012-09-20,43.873112
2012-09-21,43.811974
2012-09-24,43.755486
2012-09-25,43.365131
2012-09-26,43.148781
2012-09-27,43.619141
2012-09-28,43.412163
2012-10-01,43.338879
2012-10-02,43.447639
2012-10-03,43.556385
2012-10-04,43.740772
2012-10-05,43.717144
2012-10-08,43.655666
2012-10-09,43.532749
2012-10-10,43.428696
2012-10-11,43.665119
2012-10-12,43.740772
2012-10-15,43.939365
2012-10-16,44.100159
2012-10-17,44.199417
2012-10-18,44.175789
2012-10-19,43.953556
2012-10-22,43.963013
2012-10-23,43.797504
2012-10-24,43.759693
2012-10-25,43.830601
2012-10-26,43.726601
2012-10-31,43.778610
2012-11-01,43.754982
2012-11-02,43.693481
2012-11-05,43.622578
2012-11-06,43.688770
2012-11-07,43.428696
2012-11-08,43.286877
2012-11-09,43.211239
2012-11-12,43.225418
2012-11-13,43.126102
2012-11-14,42.889706
2012-11-15,42.870792
2012-11-16,42.993729
2012-11-19,43.537476
2012-11-20,43.542202
2012-11-21,43.528038
2012-11-23,43.674599
2012-11-26,43.684021
2012-11-27,43.726601
2012-11-28,43.736050
2012-11-29,43.929916
2012-11-30,43.996113
2012-12-03,44.219025
2012-12-04,44.219025
2012-12-05,44.290310
2012-12-06,44.371151
2012-12-07,44.304596
2012-12-10,44.342602
2012-12-11,44.385387
2012-12-12,44.518497
2012-12-13,44.361618
2012-12-14,44.328354
2012-12-17,44.499470
2012-12-18,44.523235
2012-12-19,44.475693
2012-12-20,44.632561
2012-12-21,44.504196
2012-12-24,44.342602
2012-12-26,44.450146
2012-12-27,44.540939
2012-12-28,44.421478
2012-12-31,44.612610
2013-01-02,45.033165
2013-01-03,44.894600
2013-01-04,44.923267
2013-01-07,44.961514
2013-01-08,44.928036
2013-01-09,45.014046
2013-01-10,45.090530
2013-01-11,45.171749
2013-01-14,45.109646
2013-01-15,45.119228
2013-01-16,45.042751
2013-01-17,45.205242
2013-01-18,45.267368
2013-01-22,45.296021
2013-01-23,45.243446
2013-01-24,45.343822
2013-01-25,45.329491
2013-01-28,45.305641
2013-01-29,45.229092
2013-01-30,44.904156
2013-01-31,44.765541
2013-02-01,44.914040
2013-02-04,44.726631
2013-02-05,44.827518
2013-02-06,44.760262
2013-02-07,44.673798
2013-02-08,44.683414
2013-02-11,44.678585
2013-02-12,44.832344
2013-02-13,44.899605
2013-02-14,44.880398
2013-02-15,44.885197
2013-02-19,44.928410
2013-02-20,44.885197
2013-02-21,44.933254
2013-02-22,45.043720
2013-02-25,44.904411
2013-02-26,45.125446
2013-02-27,45.202297
2013-02-28,45.183102
2013-03-01,45.272934
2013-03-04,45.277782
2013-03-05,45.369560
2013-03-06,45.340565
2013-03-07,45.408180
2013-03-08,45.461311
2013-03-11,45.432346
2013-03-12,45.413040
2013-03-13,45.422699
2013-03-14,45.596550
2013-03-15,45.591759
2013-03-18,45.601433
2013-03-19,45.524124
2013-03-20,45.673862
2013-03-21,45.591759
2013-03-22,45.557938
2013-03-25,45.490330
2013-03-26,45.572433
2013-03-27,45.495152
2013-03-28,45.577290
2013-04-01,45.658840
2013-04-02,45.624851
2013-04-03,45.624851
2013-04-04,45.610279
2013-04-05,45.654018
2013-04-08,45.702564
2013-04-09,45.848251
2013-04-10,45.993904
2013-04-11,45.993904
2013-04-12,46.008457
2013-04-15,45.717125
2013-04-16,46.032753
2013-04-17,45.959892
2013-04-18,45.887074
2013-04-19,45.862808
2013-04-22,45.969620
2013-04-23,46.149284
2013-04-24,46.231831
2013-04-25,46.358051
2013-04-26,46.309486
2013-04-29,46.396927
2013-04-30,46.542587
2013-05-01,46.453773
2013-05-02,46.751419
2013-05-03,46.824635
2013-05-06,46.853916
2013-05-07,46.819733
2013-05-08,46.985653
2013-05-09,46.849030
2013-05-10,46.605049
2013-05-13,46.414764
2013-05-14,46.463547
2013-05-15,46.468441
2013-05-16,46.580666
2013-05-17,46.580666
2013-05-20,46.629429
2013-05-21,46.717289
2013-05-22,46.429382
2013-05-23,46.302525
2013-05-24,46.214668
2013-05-28,46.043919
2013-05-29,45.858486
2013-05-30,45.951195
2013-05-31,45.341217
2013-06-03,45.301514
2013-06-04,45.301514
2013-06-05,44.909103
2013-06-06,45.262276
2013-06-07,45.291714
2013-06-10,45.198502
2013-06-11,44.918941
2013-06-12,44.953239
2013-06-13,45.468277
2013-06-14,45.522213
2013-06-17,45.517330
2013-06-18,45.630123
2013-06-19,44.948383
2013-06-20,44.506920
2013-06-21,44.217529
2013-06-24,43.673103
2013-06-25,44.296013
2013-06-26,44.663895
2013-06-27,44.879673
2013-06-28,44.575588
2013-07-01,44.817204
2013-07-02,44.679134
2013-07-03,44.782688
2013-07-05,44.304401
2013-07-08,44.915821
2013-07-09,44.940487
2013-07-10,45.117996
2013-07-11,45.685043
2013-07-12,45.640640
2013-07-15,45.833000
2013-07-16,45.719551
2013-07-17,46.054859
2013-07-18,46.330997
2013-07-19,46.301434
2013-07-22,46.335938
2013-07-23,46.222504
2013-07-24,45.833000
2013-07-25,45.729431
2013-07-26,45.749161
2013-07-29,45.650524
2013-07-30,45.714634
2013-07-31,45.847748
2013-08-01,45.413216
2013-08-02,45.690735
2013-08-05,45.457798
2013-08-06,45.413216
2013-08-07,45.269520
2013-08-08,45.368622
2013-08-09,45.373558
2013-08-12,45.333935
2013-08-13,45.333935
2013-08-14,45.244751
2013-08-15,45.011837
2013-08-16,44.858250
2013-08-19,44.560928
2013-08-20,44.972198
2013-08-21,44.808685
2013-08-22,45.051514
2013-08-23,45.239777
2013-08-26,45.244751
2013-08-27,44.952374
2013-08-28,45.120884
2013-08-29,45.304188
2013-08-30,45.264572
2013-09-03,45.025448
2013-09-04,45.194824
2013-09-05,44.965683
2013-09-06,45.115097
2013-09-09,45.229683
2013-09-10,45.389084
2013-09-11,45.448883
2013-09-12,45.394070
2013-09-13,45.359207
2013-09-16,45.608250
2013-09-17,45.757683
2013-09-18,46.196041
2013-09-19,46.061554
2013-09-20,46.006756
2013-09-23,46.001801
2013-09-24,45.902153
2013-09-25,45.822456
2013-09-26,45.797562
2013-09-27,45.747726
2013-09-30,45.618206
2013-10-01,45.815933
2013-10-02,45.835957
2013-10-03,45.866001
2013-10-04,45.946068
2013-10-07,45.825970
2013-10-08,45.805943
2013-10-09,45.845966
2013-10-10,46.056194
2013-10-11,46.141300
2013-10-14,46.211384
2013-10-15,46.196365
2013-10-16,46.441647
2013-10-17,46.666889
2013-10-18,46.762009
2013-10-21,46.656883
2013-10-22,46.797039
2013-10-23,46.837070
2013-10-24,46.852093
2013-10-25,46.867104
2013-10-28,46.857098
2013-10-29,46.932171
2013-10-30,46.741993
2013-10-31,46.766998
2013-11-01,46.686516
2013-11-04,46.767006
2013-11-05,46.641228
2013-11-06,46.777058
2013-11-07,46.807240
2013-11-08,46.726765
2013-11-11,46.550728
2013-11-12,46.485325
2013-11-13,46.661369
2013-11-14,46.797153
2013-11-15,46.867592
2013-11-18,46.731785
2013-11-19,46.711708
2013-11-20,46.666405
2013-11-21,46.827358
2013-11-22,46.862572
2013-11-25,46.932972
2013-11-26,46.968201
2013-11-27,46.938007
2013-11-29,46.988319
2013-12-02,47.003471
2013-12-03,46.957989
2013-12-04,46.836681
2013-12-05,46.801273
2013-12-06,46.932693
2013-12-09,47.104549
2013-12-10,47.104549
2013-12-11,46.963020
2013-12-12,46.877117
2013-12-13,46.952950
2013-12-16,46.993393
2013-12-17,46.998421
2013-12-18,47.079254
2013-12-19,47.028755
2013-12-20,47.059074
2013-12-23,47.094444
2013-12-24,47.069157
2013-12-26,47.113384
2013-12-27,47.108276
2013-12-30,47.148895
2013-12-31,47.179420
2014-01-02,47.260670
2014-01-03,47.245464
2014-01-06,47.347031
2014-01-07,47.347031
2014-01-08,47.316517
2014-01-09,47.387691
2014-01-10,47.529881
2014-01-13,47.479076
2014-01-14,47.550224
2014-01-15,47.646706
2014-01-16,47.626408
2014-01-17,47.636570
2014-01-21,47.697502
2014-01-22,47.626408
2014-01-23,47.565430
2014-01-24,47.250507
2014-01-27,47.235271
2014-01-28,47.443535
2014-01-29,47.301338
2014-01-30,47.382568
2014-01-31,47.367329
2014-02-03,47.225391
2014-02-04,47.281586
2014-02-05,47.281586
2014-02-06,47.450016
2014-02-07,47.689972
2014-02-10,47.720623
2014-02-11,47.802280
2014-02-12,47.725693
2014-02-13,47.863541
2014-02-14,47.940128
2014-02-18,48.006470
2014-02-19,47.883949
2014-02-20,48.032005
2014-02-21,48.072849
2014-02-24,48.180061
2014-02-25,48.236187
2014-02-26,48.317863
2014-02-27,48.409775
2014-02-28,48.460796
2014-03-03,48.416180
2014-03-04,48.590626
2014-03-05,48.503426
2014-03-06,48.431572
2014-03-07,48.246914
2014-03-10,48.252029
2014-03-11,48.200760
2014-03-12,48.282829
2014-03-13,48.154572
2014-03-14,48.118633
2014-03-17,48.185322
2014-03-18,48.328964
2014-03-19,48.082733
2014-03-20,48.246914
2014-03-21,48.216118
2014-03-24,48.231518
2014-03-25,48.328964
2014-03-26,48.339211
2014-03-27,48.267414
2014-03-28,48.349480
2014-03-31,48.421307
2014-04-01,48.511513
2014-04-02,48.459988
2014-04-03,48.480564
2014-04-04,48.593998
2014-04-07,48.490906
2014-04-08,48.604275
2014-04-09,48.681587
2014-04-10,48.542427
2014-04-11,48.336262
2014-04-14,48.490906
2014-04-15,48.542427
2014-04-16,48.568214
2014-04-17,48.511513
2014-04-21,48.511513
2014-04-22,48.563053
2014-04-23,48.578503
2014-04-24,48.588840
2014-04-25,48.573341
2014-04-28,48.563053
2014-04-29,48.635204
2014-04-30,48.624920
2014-05-01,48.574699
2014-05-02,48.688591
2014-05-05,48.667885
2014-05-06,48.678230
2014-05-07,48.750729
2014-05-08,48.740376
2014-05-09,48.786961
2014-05-12,48.838764
2014-05-13,48.916397
2014-05-14,48.942287
2014-05-15,48.895676
2014-05-16,48.994049
2014-05-19,49.066551
2014-05-20,49.004414
2014-05-21,48.999222
2014-05-22,49.035480
2014-05-23,49.050983
2014-05-27,49.097595
2014-05-28,49.113152
2014-05-29,49.159729
2014-05-30,49.211521
2014-06-02,49.054943
2014-06-03,49.060181
2014-06-04,49.060181
2014-06-05,49.179764
2014-06-06,49.320187
2014-06-09,49.377419
2014-06-10,49.351406
2014-06-11,49.356613
2014-06-12,49.325424
2014-06-13,49.382629
2014-06-16,49.356613
2014-06-17,49.320187
2014-06-18,49.543831
2014-06-19,49.533443
2014-06-20,49.580269
2014-06-23,49.575073
2014-06-24,49.533443
2014-06-25,49.606258
2014-06-26,49.554260
2014-06-27,49.554260
2014-06-30,49.512642
2014-07-01,49.525703
2014-07-02,49.557034
2014-07-03,49.483925
2014-07-07,49.447334
2014-07-08,49.457790
2014-07-09,49.421227
2014-07-10,49.269745
2014-07-11,49.353325
2014-07-14,49.337631
2014-07-15,49.259281
2014-07-16,49.180946
2014-07-17,48.836159
2014-07-18,49.039890
2014-07-21,48.956303
2014-07-22,49.024220
2014-07-23,49.118229
2014-07-24,49.207066
2014-07-25,49.123482
2014-07-28,48.977215
2014-07-29,48.909328
2014-07-30,48.705574
2014-07-31,48.308582
2014-08-01,48.303867
2014-08-04,48.597767
2014-08-05,48.503292
2014-08-06,48.618763
2014-08-07,48.650246
2014-08-08,48.802433
2014-08-11,49.033363
2014-08-12,49.022842
2014-08-13,49.164574
2014-08-14,49.259033
2014-08-15,49.358746
2014-08-18,49.500431
2014-08-19,49.484715
2014-08-20,49.521435
2014-08-21,49.521435
2014-08-22,49.400715
2014-08-25,49.505680
2014-08-26,49.542427
2014-08-27,49.495224
2014-08-28,49.421707
2014-08-29,49.458443
2014-09-02,49.516453
2014-09-03,49.389915
2014-09-04,49.226482
2014-09-05,49.168476
2014-09-08,49.121021
2014-09-09,48.894314
2014-09-10,48.915424
2014-09-11,48.915424
2014-09-12,48.857410
2014-09-15,48.767803
2014-09-16,48.867970
2014-09-17,49.026131
2014-09-18,49.041912
2014-09-19,49.115791
2014-09-22,49.026131
2014-09-23,48.778316
2014-09-24,48.630718
2014-09-25,48.298576
2014-09-26,48.266953
2014-09-29,48.166786
2014-09-30,48.477825
2014-10-01,48.531319
2014-10-02,48.626595
2014-10-03,48.790752
2014-10-06,48.843693
2014-10-07,48.658371
2014-10-08,48.891350
2014-10-09,48.372459
2014-10-10,47.980652
2014-10-13,47.742413
2014-10-14,47.901249
2014-10-15,47.911831
2014-10-16,48.181839
2014-10-17,48.589569
2014-10-20,48.938995
2014-10-21,49.336102
2014-10-22,49.013096
2014-10-23,48.991940
2014-10-24,49.129608
2014-10-27,48.928402
2014-10-28,49.007820
2014-10-29,48.970753
2014-10-30,48.949562
2014-10-31,48.991940
2014-11-03,49.095100
2014-11-04,48.940884
2014-11-05,48.930225
2014-11-06,49.057896
2014-11-07,49.105778
2014-11-10,49.127033
2014-11-11,49.238689
2014-11-12,49.079136
2014-11-13,48.877090
2014-11-14,48.632465
2014-11-17,48.627129
2014-11-18,48.531410
2014-11-19,48.520771
2014-11-20,48.526115
2014-11-21,48.791973
2014-11-24,48.786674
2014-11-25,48.866428
2014-11-26,48.930225
2014-11-28,48.462254
2014-12-01,47.974552
2014-12-02,48.236313
2014-12-03,48.316448
2014-12-04,48.284382
2014-12-05,48.246998
2014-12-08,48.001236
2014-12-09,47.974552
2014-12-10,47.424259
2014-12-11,47.253304
2014-12-12,46.612240
2014-12-15,46.585499
2014-12-16,46.419880
2014-12-17,47.365505
2014-12-18,47.744801
2014-12-19,48.204250
2014-12-22,48.086716
2014-12-23,48.257671
2014-12-24,48.421837
2014-12-26,48.271648
2014-12-29,48.298405
2014-12-30,48.201889
2014-12-31,48.073090
2015-01-02,48.073090
2015-01-05,47.627811
2015-01-06,47.445343
2015-01-07,47.740467
2015-01-08,48.099903
2015-01-09,48.341366
2015-01-12,48.282364
2015-01-13,48.282364
2015-01-14,48.169659
2015-01-15,47.874588
2015-01-16,48.057003
2015-01-20,47.971157
2015-01-21,48.228664
2015-01-22,48.293110
2015-01-23,48.293110
2015-01-26,48.513069
2015-01-27,48.475464
2015-01-28,48.373550
2015-01-29,48.545254
2015-01-30,48.411125
2015-02-02,48.596989
2015-02-03,48.871689
2015-02-04,48.666996
2015-02-05,48.952507
2015-02-06,48.990234
2015-02-09,48.871689
2015-02-10,49.038708
2015-02-11,49.022533
2015-02-12,49.017174
2015-02-13,49.087162
2015-02-17,49.054886
2015-02-18,49.221878
2015-02-19,49.108757
2015-02-20,49.243435
2015-02-23,49.281132
2015-02-24,49.329594
2015-02-25,49.491219
2015-02-26,49.480419
2015-02-27,49.491219
2015-03-02,49.482033
2015-03-03,49.341354
2015-03-04,49.249378
2015-03-05,49.341354
2015-03-06,49.027554
2015-03-09,48.924744
2015-03-10,48.735416
2015-03-11,48.870674
2015-03-12,48.968040
2015-03-13,48.800335
2015-03-16,48.751644
2015-03-17,48.508167
2015-03-18,48.941032
2015-03-19,48.551456
2015-03-20,48.930164
2015-03-23,48.968040
2015-03-24,49.043804
2015-03-25,48.913929
2015-03-26,48.908558
2015-03-27,48.946407
2015-03-30,49.081665
2015-03-31,49.022160
2015-04-01,49.123238
2015-04-02,49.161320
2015-04-06,49.286274
2015-04-07,49.547123
2015-04-08,49.536263
2015-04-09,49.487389
2015-04-10,49.601475
2015-04-13,49.509094
2015-04-14,49.530804
2015-04-15,49.726494
2015-04-16,49.623196
2015-04-17,49.471046
2015-04-20,49.579723
2015-04-21,49.612354
2015-04-22,49.563442
2015-04-23,49.547123
2015-04-24,49.628685
2015-04-27,49.644962
2015-04-28,49.568871
2015-04-29,49.476494
2015-04-30,49.449322
2015-05-01,49.559559
2015-05-04,49.548679
2015-05-05,49.483150
2015-05-06,49.335743
2015-05-07,49.330307
2015-05-08,49.717892
2015-05-11,49.406715
2015-05-12,49.401299
2015-05-13,49.330307
2015-05-14,49.570484
2015-05-15,49.679672
2015-05-18,49.597782
2015-05-19,49.521343
2015-05-20,49.461323
2015-05-21,49.532280
2015-05-22,49.570484
2015-05-26,49.466778
2015-05-27,49.575981
2015-05-28,49.554127
2015-05-29,49.625065
2015-06-01,49.708450
2015-06-02,49.615204
2015-06-03,49.346535
2015-06-04,49.187561
2015-06-05,49.039524
2015-06-08,49.039524
2015-06-09,48.957253
2015-06-10,49.023090
2015-06-11,49.121746
2015-06-12,48.940823
2015-06-15,48.710522
2015-06-16,48.984673
2015-06-17,48.940823
2015-06-18,49.121746
2015-06-19,49.149147
2015-06-22,49.247841
2015-06-23,49.214954
2015-06-24,49.083382
2015-06-25,48.935318
2015-06-26,48.792774
2015-06-29,48.458305
2015-06-30,48.688560
2015-07-01,48.696854
2015-07-02,48.878597
2015-07-06,48.718849
2015-07-07,48.757458
2015-07-08,48.515106
2015-07-09,48.625237
2015-07-10,48.906120
2015-07-13,48.950191
2015-07-14,48.900639
2015-07-15,48.900639
2015-07-16,48.977757
2015-07-17,48.845551
2015-07-20,48.619766
2015-07-21,48.531624
2015-07-22,48.217728
2015-07-23,48.190159
2015-07-24,48.052486
2015-07-27,47.848701
2015-07-28,48.107571
2015-07-29,48.388447
2015-07-30,48.531624
2015-07-31,48.449001
2015-08-03,48.358303
2015-08-04,48.385952
2015-08-05,48.319572
2015-08-06,48.120407
2015-08-07,47.971027
2015-08-10,48.109314
2015-08-11,47.888058
2015-08-12,47.821640
2015-08-13,47.760803
2015-08-14,47.788448
2015-08-17,47.788448
2015-08-18,47.727596
2015-08-19,47.683338
2015-08-20,47.450985
2015-08-21,47.279488
2015-08-24,46.892197
2015-08-25,46.986259
2015-08-26,47.379070
2015-08-27,47.733116
2015-08-28,47.777401
2015-08-31,47.710995
2015-09-01,47.557083
2015-09-02,47.751560
2015-09-03,47.818256
2015-09-04,47.768246
2015-09-08,48.029446
2015-09-09,47.968281
2015-09-10,48.084999
2015-09-11,48.068317
2015-09-14,47.984943
2015-09-15,47.973854
2015-09-16,47.801598
2015-09-17,47.840504
2015-09-18,47.707115
2015-09-21,47.618183
2015-09-22,47.273666
2015-09-23,47.190292
2015-09-24,46.956932
2015-09-25,46.717957
2015-09-28,46.001099
2015-09-29,45.995548
2015-09-30,46.284546
2015-10-01,45.987461
2015-10-02,46.032124
2015-10-05,46.584949
2015-10-06,46.841755
2015-10-07,47.321957
2015-10-08,47.517399
2015-10-09,47.522957
2015-10-12,47.433624
2015-10-13,47.321957
2015-10-14,47.288467
2015-10-15,47.400146
2015-10-16,47.617908
2015-10-19,47.746319
2015-10-20,47.791012
2015-10-21,47.740746
2015-10-22,47.757515
2015-10-23,47.924995
2015-10-26,47.874756
2015-10-27,47.718403
2015-10-28,47.846825
2015-10-29,47.723988
2015-10-30,47.779858
2015-11-02,47.927883
2015-11-03,47.978416
2015-11-04,47.838158
2015-11-05,47.653076
2015-11-06,47.423065
2015-11-09,47.226749
2015-11-10,47.120155
2015-11-11,47.007957
2015-11-12,46.693806
2015-11-13,46.559185
2015-11-16,46.777950
2015-11-17,46.811649
2015-11-18,46.901371
2015-11-19,46.480644
2015-11-20,46.469448
2015-11-23,46.430191
2015-11-24,46.491894
2015-11-25,46.542355
2015-11-27,46.615288
2015-11-30,46.587254
2015-12-01,46.918659
2015-12-02,46.822861
2015-12-03,46.698853
2015-12-04,46.591743
2015-12-07,46.264828
2015-12-08,45.689899
2015-12-09,45.926613
2015-12-10,45.734978
2015-12-11,44.821896
2015-12-14,44.432957
2015-12-15,45.160080
2015-12-16,45.503906
2015-12-17,44.996639
2015-12-18,44.827511
2015-12-21,44.686588
2015-12-22,45.227695
2015-12-23,45.515171
2015-12-24,45.608101
2015-12-28,45.336105
2015-12-29,45.596752
2015-12-30,45.630749
2015-12-31,45.659069
2016-01-04,45.387123
2016-01-05,45.472111
2016-01-06,45.472111
2016-01-07,45.177441
2016-01-08,45.058468
2016-01-11,44.990475
2016-01-12,45.035797
2016-01-13,44.537151
2016-01-14,44.735470
2016-01-15,44.146194
2016-01-19,43.993210
2016-01-20,43.698563
2016-01-21,43.993210
2016-01-22,44.667511
2016-01-25,44.225525
2016-01-26,44.622173
2016-01-27,44.554150
2016-01-28,44.780807
2016-01-29,44.928158
2016-02-01,44.661057
2016-02-02,44.342163
2016-02-03,44.558552
2016-02-04,44.416203
2016-02-05,44.074543
2016-02-08,43.562065
2016-02-09,43.396927
2016-02-10,43.334282
2016-02-11,43.043858
2016-02-12,43.687328
2016-02-16,43.727192
2016-02-17,44.085930
2016-02-18,44.125797
2016-02-19,44.211227
2016-02-22,44.592728
2016-02-23,44.501633
2016-02-24,44.575665
2016-02-25,44.814823
2016-02-26,45.116627
2016-02-29,45.600643
2016-03-01,46.321331
2016-03-02,46.006508
2016-03-03,46.161083
2016-03-04,46.292721
2016-03-07,46.349949
2016-03-08,46.023674
2016-03-09,46.138161
2016-03-10,46.458729
2016-03-11,47.019699
2016-03-14,46.888042
2016-03-15,46.452991
2016-03-16,46.762123
2016-03-17,47.059788
2016-03-18,47.168549
2016-03-21,47.117023
2016-03-22,46.991100
2016-03-23,46.773575
2016-03-24,46.567482
2016-03-28,46.355701
2016-03-29,46.533150
2016-03-30,46.699146
2016-03-31,46.762123
2016-04-01,46.796036
2016-04-04,46.681015
2016-04-05,46.508488
2016-04-06,46.899570
2016-04-07,46.669529
2016-04-08,46.882294
2016-04-11,46.945568
2016-04-12,47.221611
2016-04-13,47.532166
2016-04-14,47.514919
2016-04-15,47.440163
2016-04-18,47.710461
2016-04-19,47.911720
2016-04-20,48.003780
2016-04-21,47.854214
2016-04-22,47.963509
2016-04-25,47.779461
2016-04-26,47.940468
2016-04-27,48.222301
2016-04-28,48.141773
2016-04-29,48.222301
2016-05-02,48.240791
2016-05-03,47.928818
2016-05-04,47.749718
2016-05-05,47.709267
2016-05-06,47.680386
2016-05-09,47.593712
2016-05-10,47.998131
2016-05-11,47.963470
2016-05-12,48.038578
2016-05-13,47.824806
2016-05-16,48.090553
2016-05-17,47.992352
2016-05-18,47.998131
2016-05-19,47.865265
2016-05-20,48.032803
2016-05-23,48.044342
2016-05-24,48.333218
2016-05-25,48.408348
2016-05-26,48.269688
2016-05-27,48.350559
2016-05-31,48.304337
2016-06-01,48.380974
2016-06-02,48.392555
2016-06-03,48.479679
2016-06-06,48.694458
2016-06-07,48.909252
2016-06-08,49.095020
2016-06-09,48.903435
2016-06-10,48.665424
2016-06-13,48.340317
2016-06-14,48.177773
2016-06-15,48.201004
2016-06-16,48.230026
2016-06-17,48.259033
2016-06-20,48.543495
2016-06-21,48.729271
2016-06-22,48.775742
2016-06-23,49.135635
2016-06-24,48.328724
2016-06-27,47.632092
2016-06-28,48.230026
2016-06-29,48.839569
2016-06-30,49.170460
2016-07-01,49.267879
2016-07-05,48.987923
2016-07-06,49.203712
2016-07-07,49.267879
2016-07-08,49.921135
2016-07-11,49.950302
2016-07-12,50.090294
2016-07-13,49.944489
2016-07-14,50.043659
2016-07-15,49.944489
2016-07-18,50.113621
2016-07-19,49.979469
2016-07-20,50.107788
2016-07-21,50.037781
2016-07-22,50.259434
2016-07-25,50.020329
2016-07-26,49.827789
2016-07-27,49.979469
2016-07-28,49.769508
2016-07-29,49.816162
2016-08-01,49.536674
2016-08-02,49.466396
2016-08-03,49.689003
2016-08-04,50.005379
2016-08-05,50.116714
2016-08-08,50.321732
2016-08-09,50.497517
2016-08-10,50.403767
2016-08-11,50.526821
2016-08-12,50.567844
2016-08-15,50.720184
2016-08-16,50.614731
2016-08-17,50.685009
2016-08-18,50.884212
2016-08-19,50.731907
2016-08-22,50.649860
2016-08-23,50.819756
2016-08-24,50.679169
2016-08-25,50.772884
2016-08-26,50.714302
2016-08-29,50.966228
2016-08-30,50.995510
2016-08-31,50.796333
2016-09-01,50.896961
2016-09-02,51.132305
2016-09-06,51.191151
2016-09-07,51.049950
2016-09-08,50.955803
2016-09-09,50.467415
2016-09-12,50.643932
2016-09-13,50.255611
2016-09-14,50.243790
2016-09-15,50.538017
2016-09-16,50.549786
2016-09-19,50.579205
2016-09-20,50.520336
2016-09-21,50.938141
2016-09-22,51.108784
2016-09-23,51.049950
2016-09-26,50.826332
2016-09-27,50.973461
2016-09-28,51.314724
2016-09-29,51.120544
2016-09-30,51.344147
2016-10-03,51.312214
2016-10-04,51.223568
2016-10-05,51.359489
2016-10-06,51.389057
2016-10-07,51.507263
2016-10-10,51.655014
2016-10-11,51.365417
2016-10-12,51.347694
2016-10-13,51.217655
2016-10-14,51.335846
2016-10-17,51.264923
2016-10-18,51.471802
2016-10-19,51.619522
2016-10-20,51.625484
2016-10-21,51.637302
2016-10-24,51.666840
2016-10-25,51.637302
2016-10-26,51.430420
2016-10-27,51.241302
2016-10-28,50.993073
2016-10-31,50.839420
2016-11-01,50.641113
2016-11-02,50.415504
2016-11-03,50.427391
2016-11-04,50.451145
2016-11-07,51.157627
2016-11-08,51.044830
2016-11-09,50.688602
2016-11-10,50.023689
2016-11-11,49.554684
2016-11-14,49.922760
2016-11-15,50.581734
2016-11-16,50.379902
2016-11-17,50.243336
2016-11-18,50.243336
2016-11-21,50.647057
2016-11-22,51.021049
2016-11-23,50.831123
2016-11-25,50.896385
2016-11-28,50.890465
2016-11-29,50.825134
2016-11-30,50.848896
2016-12-01,50.610977
2016-12-02,50.915127
2016-12-05,51.046299
2016-12-06,51.302727
2016-12-07,51.559143
2016-12-08,51.553169
2016-12-09,51.577038
2016-12-12,51.505493
2016-12-13,51.630692
2016-12-14,51.243076
2016-12-15,51.266941
2016-12-16,51.314671
2016-12-19,51.445839
2016-12-20,51.517422
2016-12-21,51.606850
2016-12-22,51.718132
2016-12-23,51.813854
2016-12-27,51.766014
2016-12-28,51.694199
2016-12-29,51.766014
2016-12-30,51.783966
2017-01-03,51.999348
2017-01-04,52.280540
2017-01-05,52.202785
2017-01-06,52.190796
2017-01-09,52.178810
2017-01-10,52.184814
2017-01-11,52.214745
2017-01-12,52.226692
2017-01-13,52.244659
2017-01-17,52.190796
2017-01-18,52.238670
2017-01-19,52.071159
2017-01-20,52.172829
2017-01-23,52.172829
2017-01-24,52.208771
2017-01-25,52.394215
2017-01-26,52.370293
2017-01-27,52.418171
2017-01-30,52.310474
2017-01-31,52.256603
2017-02-01,52.450115
2017-02-02,52.480152
2017-02-03,52.570332
2017-02-06,52.534248
2017-02-07,52.456120
2017-02-08,52.492184
2017-02-09,52.564335
2017-02-10,52.600346
2017-02-13,52.678486
2017-02-14,52.714542
2017-02-15,52.732578
2017-02-16,52.690479
2017-02-17,52.744564
2017-02-21,52.918892
2017-02-22,52.942898
2017-02-23,52.990959
2017-02-24,53.033051
2017-02-27,53.099140
2017-02-28,53.057076
2017-03-01,53.252640
2017-03-02,53.083603
2017-03-03,53.107758
2017-03-06,52.938770
2017-03-07,52.594738
2017-03-08,52.244690
2017-03-09,52.105850
2017-03-10,52.087765
2017-03-13,52.130009
2017-03-14,51.973061
2017-03-15,52.691299
2017-03-16,52.540424
2017-03-17,52.558537
2017-03-20,52.455925
2017-03-21,52.081711
2017-03-22,52.208450
2017-03-23,52.226570
2017-03-24,52.407635
2017-03-27,52.353302
2017-03-28,52.643013
2017-03-29,52.751671
2017-03-30,52.999123
2017-03-31,52.981022
2017-04-03,52.952557
2017-04-04,52.970715
2017-04-05,52.928295
2017-04-06,52.994976
2017-04-07,52.970715
2017-04-10,53.043442
2017-04-11,52.940395
2017-04-12,52.976784
2017-04-13,52.867668
2017-04-17,53.025288
2017-04-18,53.013134
2017-04-19,52.964638
2017-04-20,53.140472
2017-04-21,53.098007
2017-04-24,53.346554
2017-04-25,53.443489
2017-04-26,53.395016
2017-04-27,53.431377
2017-04-28,53.413181
2017-05-01,53.440590
2017-05-02,53.458862
2017-05-03,53.507549
2017-05-04,53.221470
2017-05-05,53.312767
2017-05-08,53.373650
2017-05-09,53.337120
2017-05-10,53.568413
2017-05-11,53.574528
2017-05-12,53.556267
2017-05-15,53.677994
2017-05-16,53.757137
2017-05-17,53.519733
2017-05-18,53.580585
2017-05-19,53.677994
2017-05-22,53.842354
2017-05-23,53.836266
2017-05-24,53.927589
2017-05-25,53.884972
2017-05-26,53.915398
2017-05-30,53.970192
2017-05-31,53.964104
2017-06-01,54.121227
2017-06-02,54.151779
2017-06-05,54.102848
2017-06-06,54.017273
2017-06-07,53.907238
2017-06-08,53.950035
2017-06-09,53.992813
2017-06-12,54.084560
2017-06-13,54.182354
2017-06-14,54.188442
2017-06-15,53.980595
2017-06-16,53.888901
2017-06-19,54.053940
2017-06-20,53.864418
2017-06-21,53.552666
2017-06-22,53.699402
2017-06-23,53.919495
2017-06-26,53.992813
2017-06-27,53.821655
2017-06-28,54.041721
2017-06-29,53.907238
2017-06-30,54.035614
2017-07-03,54.009235
2017-07-05,53.966263
2017-07-06,53.831177
2017-07-07,53.782082
2017-07-10,53.843491
2017-07-11,53.806618
2017-07-12,54.156570
2017-07-13,54.199532
2017-07-14,54.353046
2017-07-17,54.371490
2017-07-18,54.395996
2017-07-19,54.488094
2017-07-20,54.518784
2017-07-21,54.475830
2017-07-24,54.518784
2017-07-25,54.543358
2017-07-26,54.623165
2017-07-27,54.580196
2017-07-28,54.586327
2017-07-31,54.586327
2017-08-01,54.640614
2017-08-02,54.652916
2017-08-03,54.548103
2017-08-04,54.560455
2017-08-07,54.535786
2017-08-08,54.301506
2017-08-09,54.091888
2017-08-10,53.746647
2017-08-11,53.839123
2017-08-14,54.122719
2017-08-15,54.141224
2017-08-16,54.147388
2017-08-17,53.845272
2017-08-18,53.925465
2017-08-21,53.980919
2017-08-22,54.202873
2017-08-23,54.209053
2017-08-24,54.289211
2017-08-25,54.387810
2017-08-28,54.393993
2017-08-29,54.326183
2017-08-30,54.474155
2017-08-31,54.622089
2017-09-01,54.677780
2017-09-05,54.554005
2017-09-06,54.516880
2017-09-07,54.523026
2017-09-08,54.349686
2017-09-11,54.523026
2017-09-12,54.591118
2017-09-13,54.609730
2017-09-14,54.684029
2017-09-15,54.733524
2017-09-18,54.708805
2017-09-19,54.764488
2017-09-20,54.758297
2017-09-21,54.690205
2017-09-22,54.745914
2017-09-25,54.776859
2017-09-26,54.844955
2017-09-27,54.869751
2017-09-28,54.869751
2017-09-29,54.950211
2017-10-02,54.922256
2017-10-03,55.021694
2017-10-04,54.965744
2017-10-05,55.034134
2017-10-06,54.953274
2017-10-09,54.959564
2017-10-10,55.003044
2017-10-11,54.947128
2017-10-12,54.884953
2017-10-13,54.909832
2017-10-16,54.940868
2017-10-17,55.021694
2017-10-18,55.077644
2017-10-19,55.083870
2017-10-20,55.133583
2017-10-23,55.071445
2017-10-24,55.071445
2017-10-25,54.916023
2017-10-26,54.847656
2017-10-27,54.996811
2017-10-30,54.984425
2017-10-31,54.996811
2017-11-01,54.944393
2017-11-02,54.913193
2017-11-03,54.919418
2017-11-06,54.925663
2017-11-07,54.769630
2017-11-08,54.526173
2017-11-09,54.257763
2017-11-10,54.376366
2017-11-13,54.338913
2017-11-14,54.107941
2017-11-15,54.107941
2017-11-16,54.638508
2017-11-17,54.601082
2017-11-20,54.613575
2017-11-21,54.725937
2017-11-22,54.813324
2017-11-24,54.850773
2017-11-27,54.682247
2017-11-28,54.850773
2017-11-29,54.782082
2017-11-30,54.794582
2017-12-01,54.777050
2017-12-04,54.758236
2017-12-05,54.726887
2017-12-06,54.676735
2017-12-07,54.701813
2017-12-08,54.758236
2017-12-11,54.770782
2017-12-12,54.745689
2017-12-13,54.777050
2017-12-14,54.664204
2017-12-15,54.670483
2017-12-18,54.726887
2017-12-19,54.614052
2017-12-20,54.657932
2017-12-21,54.715225
2017-12-22,54.765549
2017-12-26,54.847427
2017-12-27,54.872570
2017-12-28,54.847427
2017-12-29,54.929241
2018-01-02,54.979607
2018-01-03,55.243988
2018-01-04,55.338409
2018-01-05,55.376190
2018-01-08,55.332138
2018-01-09,55.162148
2018-01-10,55.042564
2018-01-11,55.225075
2018-01-12,55.130676
2018-01-16,55.099201
2018-01-17,55.105492
2018-01-18,55.048828
2018-01-19,55.105492
2018-01-22,55.155865
2018-01-23,55.319511
2018-01-24,55.237720
2018-01-25,55.199928
2018-01-26,55.243988
2018-01-29,55.048828
2018-01-30,54.860004
2018-01-31,54.954407
2018-02-01,54.850758
2018-02-02,54.503082
2018-02-05,54.199650
2018-02-06,54.528389
2018-02-07,54.326057
2018-02-08,53.851978
2018-02-09,53.700264
2018-02-12,54.066902
2018-02-13,53.896229
2018-02-14,53.991028
2018-02-15,54.427204
2018-02-16,54.648464
2018-02-20,54.458813
2018-02-21,54.212269
2018-02-22,54.250229
2018-02-23,54.610531
2018-02-26,54.705334
2018-02-27,54.559944
2018-02-28,54.477768
2018-03-01,54.116646
2018-03-02,54.421303
2018-03-05,54.421303
2018-03-06,54.497448
2018-03-07,54.364212
2018-03-08,54.427639
2018-03-09,54.624386
2018-03-12,54.535542
2018-03-13,54.364212
2018-03-14,54.300720
2018-03-15,54.338787
2018-03-16,54.453053
2018-03-19,54.230892
2018-03-20,54.338787
2018-03-21,54.357845
2018-03-22,54.034153
2018-03-23,53.894554
2018-03-26,54.243607
2018-03-27,54.192802
2018-03-28,54.167423
2018-03-29,54.351517
2018-04-02,54.140549
2018-04-03,54.293495
2018-04-04,54.414555
2018-04-05,54.459167
2018-04-06,54.338085
2018-04-09,54.542053
2018-04-10,54.739582
2018-04-11,54.758698
2018-04-12,54.956242
2018-04-13,54.988121
2018-04-16,55.070930
2018-04-17,55.096420
2018-04-18,55.039082
2018-04-19,54.867043
2018-04-20,54.733204
2018-04-23,54.586628
2018-04-24,54.478310
2018-04-25,54.484684
2018-04-26,54.675877
2018-04-27,54.650352
2018-04-30,54.612106
2018-05-01,54.652428
2018-05-02,54.633263
2018-05-03,54.626823
2018-05-04,54.665245
2018-05-07,54.716412
2018-05-08,54.633263
2018-05-09,54.722836
2018-05-10,54.882797
2018-05-11,54.863621
2018-05-14,54.876419
2018-05-15,54.607655
2018-05-16,54.678074
2018-05-17,54.710045
2018-05-18,54.652428
2018-05-21,54.729218
2018-05-22,54.767628
2018-05-23,54.812428
2018-05-24,54.844418
2018-05-25,54.754845
2018-05-29,54.524460
2018-05-30,54.690826
2018-05-31,54.639648
2018-06-01,54.764351
2018-06-04,54.880081
2018-06-05,54.944336
2018-06-06,55.079334
2018-06-07,55.098629
2018-06-08,55.066502
2018-06-11,55.169331
2018-06-12,55.214363
2018-06-13,55.233616
2018-06-14,55.394348
2018-06-15,55.362209
2018-06-18,55.355778
2018-06-19,55.278622
2018-06-20,55.336502
2018-06-21,55.220783
2018-06-22,55.227200
2018-06-25,55.098629
2018-06-26,55.092201
2018-06-27,54.976475
2018-06-28,54.822189
2018-06-29,54.693634
2018-07-02,54.745953
2018-07-03,54.752380
2018-07-05,54.959034
2018-07-06,55.101120
2018-07-09,55.185055
2018-07-10,55.191498
2018-07-11,55.107555
2018-07-12,55.281887
2018-07-13,55.281887
2018-07-16,55.243195
2018-07-17,55.262535
2018-07-18,55.288380
2018-07-19,55.262535
2018-07-20,55.288380
2018-07-23,55.268970
2018-07-24,55.385242
2018-07-25,55.488560
2018-07-26,55.495003
2018-07-27,55.475624
2018-07-30,55.495003
2018-07-31,55.611244
2018-08-01,55.661167
2018-08-02,55.693611
2018-08-03,55.738998
2018-08-06,55.842758
2018-08-07,55.868702
2018-08-08,55.836269
2018-08-09,55.797398
2018-08-10,55.700100
2018-08-13,55.661167
2018-08-14,55.758457
2018-08-15,55.661167
2018-08-16,55.732510
2018-08-17,55.797398
2018-08-20,55.823315
2018-08-21,55.907589
2018-08-22,55.927044
2018-08-23,55.920578
2018-08-24,56.017830
2018-08-27,56.037300
2018-08-28,56.011379
2018-08-29,55.978935
2018-08-30,55.933567
2018-08-31,56.004890
2018-09-04,55.888294
2018-09-05,55.829659
2018-09-06,55.875271
2018-09-07,55.816666
2018-09-10,55.927372
2018-09-11,55.940426
2018-09-12,56.070671
2018-09-13,56.174866
2018-09-14,56.226997
2018-09-17,56.187885
2018-09-18,56.181385
2018-09-19,56.077164
2018-09-20,56.155338
2018-09-21,56.168362
2018-09-24,56.142300
2018-09-25,56.096706
2018-09-26,56.155338
2018-09-27,56.259514
2018-09-28,56.298573
2018-10-01,56.461529
2018-10-02,56.415710
2018-10-03,56.265255
2018-10-04,56.055897
2018-10-05,55.807259
2018-10-08,55.682953
2018-10-09,55.767994
2018-10-10,55.368919
2018-10-11,55.414707
2018-10-12,55.709122
2018-10-15,55.669888
2018-10-16,55.859615
2018-10-17,55.748375
2018-10-18,55.512882
2018-10-19,55.545570
2018-10-22,55.571777
2018-10-23,55.519398
2018-10-24,55.244606
2018-10-25,55.355858
2018-10-26,55.107239
2018-10-29,55.054890
2018-10-30,55.185734
2018-10-31,55.185734
2018-11-01,55.438885
2018-11-02,55.405983
2018-11-05,55.452003
2018-11-06,55.596672
2018-11-07,55.918835
2018-11-08,55.780773
2018-11-09,55.465157
2018-11-12,55.123272
2018-11-13,55.031216
2018-11-14,54.926052
2018-11-15,54.912880
2018-11-16,54.748497
2018-11-19,54.577587
2018-11-20,54.406628
2018-11-21,54.682747
2018-11-23,54.380329
2018-11-26,54.636742
2018-11-27,54.610416
2018-11-28,55.064102
2018-11-29,55.077274
2018-11-30,54.965477
2018-12-03,55.345921
2018-12-04,55.002449
2018-12-06,54.810932
2018-12-07,54.705269
2018-12-10,54.744877
2018-12-11,54.843952
2018-12-12,55.022278
2018-12-13,55.154377
2018-12-14,54.923210
2018-12-17,54.566559
2018-12-18,54.467690
2018-12-19,53.976639
2018-12-20,53.505478
2018-12-21,53.240059
2018-12-24,52.841873
2018-12-26,53.731110
2018-12-27,53.697952
2018-12-28,53.777554
2018-12-31,53.817375
2019-01-02,53.744392
2019-01-03,53.770927
2019-01-04,54.673416
2019-01-07,55.204304
2019-01-08,55.562626
2019-01-09,55.628990
2019-01-10,55.847969
2019-01-11,55.668793
2019-01-14,55.489628
2019-01-15,55.675411
2019-01-16,55.761688
2019-01-17,55.914345
2019-01-18,56.073566
2019-01-22,55.701962
2019-01-23,55.814777
2019-01-24,55.874496
2019-01-25,56.013874
2019-01-28,55.927589
2019-01-29,55.894428
2019-01-30,56.339016
2019-01-31,56.478367
2019-02-01,56.451038
2019-02-04,56.584377
2019-02-05,56.784363
2019-02-06,56.731041
2019-02-07,56.537704
2019-02-08,56.524349
2019-02-11,56.551044
2019-02-12,56.824356
2019-02-13,56.744381
2019-02-14,56.751038
2019-02-15,56.931030
2019-02-19,56.951023
2019-02-20,56.997684
2019-02-21,56.944355
2019-02-22,57.057678
2019-02-25,57.104374
2019-02-26,57.177711
2019-02-27,57.197689
2019-02-28,57.164364
2019-03-01,57.326378
2019-03-04,57.239349
2019-03-05,57.212551
2019-03-06,57.118805
2019-03-07,57.078632
2019-03-08,56.984890
2019-03-11,57.172382
2019-03-12,57.272842
2019-03-13,57.426842
2019-03-14,57.386681
2019-03-15,57.440247
2019-03-18,57.420158
2019-03-19,57.453632
2019-03-20,57.701408
2019-03-21,57.687996
2019-03-22,57.480442
2019-03-25,57.460316
2019-03-26,57.600964
2019-03-27,57.641129
2019-03-28,57.754963
2019-03-29,57.902290
2019-04-01,57.888153
2019-04-02,57.915031
2019-04-03,57.935196
2019-04-04,58.022663
2019-04-05,58.130295
2019-04-08,58.096642
2019-04-09,58.056297
2019-04-10,58.311852
2019-04-11,58.399288
2019-04-12,58.486740
2019-04-15,58.446381
2019-04-16,58.412773
2019-04-17,58.271488
2019-04-18,58.298420
2019-04-22,58.197517
2019-04-23,58.399288
2019-04-24,58.318607
2019-04-25,58.345493
2019-04-26,58.493469
2019-04-29,58.466557
2019-04-30,58.473309
2019-05-01,58.281479
2019-05-02,58.321987
2019-05-03,58.470573
2019-05-06,58.497631
2019-05-07,58.146393
2019-05-08,58.166676
2019-05-09,58.078861
2019-05-10,58.240944
2019-05-13,57.707355
2019-05-14,57.835709
2019-05-15,57.889763
2019-05-16,58.065346
2019-05-17,58.045067
2019-05-20,57.991055
2019-05-21,58.173397
2019-05-22,58.220673
2019-05-23,57.930283
2019-05-24,57.849201
2019-05-28,57.795197
2019-05-29,57.639839
2019-05-30,57.761398
2019-05-31,57.342648
2019-06-03,57.434910
2019-06-04,58.011635
2019-06-05,58.147366
2019-06-06,58.269478
2019-06-07,58.418739
2019-06-10,58.506954
2019-06-11,58.588367
2019-06-12,58.452660
2019-06-13,58.588367
2019-06-14,58.547668
2019-06-17,58.459465
2019-06-18,58.866554
2019-06-19,59.144718
2019-06-20,59.443272
2019-06-21,59.253281
2019-06-24,59.246513
2019-06-25,58.995476
2019-06-26,58.968357
2019-06-27,59.131191
2019-06-28,59.151543
2019-07-01,59.169224
2019-07-02,59.298740
2019-07-03,59.523613
2019-07-05,59.285088
2019-07-08,59.169224
2019-07-09,59.101109
2019-07-10,59.264671
2019-07-11,59.148777
2019-07-12,59.244198
2019-07-15,59.285088
2019-07-16,59.162434
2019-07-17,59.087463
2019-07-18,59.114708
2019-07-19,59.012516
2019-07-22,59.210148
2019-07-23,59.312366
2019-07-24,59.360058
2019-07-25,59.278313
2019-07-26,59.407776
2019-07-29,59.319183
2019-07-30,59.346420
2019-07-31,59.244198
2019-08-01,59.214760
2019-08-02,59.125813
2019-08-05,58.509846
2019-08-06,58.886265
2019-08-07,58.879436
2019-08-08,59.112114
2019-08-09,59.030025
2019-08-12,58.824638
2019-08-13,59.084751
2019-08-14,58.557724
2019-08-15,58.728844
2019-08-16,58.927341
2019-08-19,59.098412
2019-08-20,59.146332
2019-08-21,59.399574
2019-08-22,59.509068
2019-08-23,59.235325
2019-08-26,59.529610
2019-08-27,59.502209
2019-08-28,59.645981
2019-08-29,59.707550
2019-08-30,59.652782
2019-09-03,59.481644
2019-09-04,59.605389
2019-09-05,59.839073
2019-09-06,59.894035
2019-09-09,59.955925
2019-09-10,59.990280
2019-09-11,59.983356
2019-09-12,60.017746
2019-09-13,59.907822
2019-09-16,60.120865
2019-09-17,60.155235
2019-09-18,60.120865
2019-09-19,60.052143
2019-09-20,60.127739
2019-09-23,60.100288
2019-09-24,60.017746
2019-09-25,59.955925
2019-09-26,59.914646
2019-09-27,59.845943
2019-09-30,59.914646
2019-10-01,59.776657
2019-10-02,59.424717
2019-10-03,59.459206
2019-10-04,59.645546
2019-10-07,59.597233
2019-10-08,59.376373
2019-10-09,59.555836
2019-10-10,59.631748
2019-10-11,59.880142
2019-10-14,59.921574
2019-10-15,60.052692
2019-10-16,60.004383
2019-10-17,60.087204
2019-10-18,60.101002
2019-10-21,60.121712
2019-10-22,60.135506
2019-10-23,60.190701
2019-10-24,60.259724
2019-10-25,60.308033
2019-10-28,60.301151
2019-10-29,60.190701
2019-10-30,60.114777
2019-10-31,59.907791
2019-11-01,60.164845
2019-11-04,60.289597
2019-11-05,60.227230
2019-11-06,60.157955
2019-11-07,60.130180
2019-11-08,60.185650
2019-11-11,60.151031
2019-11-12,60.164845
2019-11-13,60.102474
2019-11-14,60.067886
2019-11-15,60.248028
2019-11-18,60.171822
2019-11-19,59.956959
2019-11-20,59.832237
2019-11-21,59.846100
2019-11-22,60.074780
2019-11-25,60.234154
2019-11-26,60.303471
2019-11-27,60.379677
2019-11-29,60.248028
2019-12-02,60.206963
2019-12-03,60.123501
2019-12-04,60.304359
2019-12-05,60.394817
2019-12-06,60.478302
2019-12-09,60.478302
2019-12-10,60.624413
2019-12-11,60.749653
2019-12-12,60.888779
2019-12-13,60.951366
2019-12-16,61.069675
2019-12-17,61.257488
2019-12-18,61.368809
2019-12-19,61.336693
2019-12-20,61.245953
2019-12-23,61.273880
2019-12-24,61.322739
2019-12-26,61.413494
2019-12-27,61.385590
2019-12-30,61.343678
2019-12-31,61.399567
2020-01-02,61.657871
2020-01-03,61.595062
2020-01-06,61.532227
2020-01-07,61.476357
2020-01-08,61.532227
2020-01-09,61.692768
2020-01-10,61.713737
2020-01-13,61.713737
2020-01-14,61.706749
2020-01-15,61.720707
2020-01-16,61.741661
2020-01-17,61.692768
2020-01-21,61.560120
2020-01-22,61.671856
2020-01-23,61.483299
2020-01-24,61.225014
2020-01-27,60.813053
2020-01-28,61.336693
2020-01-29,61.301811
2020-01-30,61.364643
2020-01-31,61.113289
2020-02-03,61.103470
2020-02-04,61.468082
2020-02-05,61.720478
2020-02-06,61.769535
2020-02-07,61.678406
2020-02-10,61.762501
2020-02-11,61.804596
2020-02-12,61.965828
2020-02-13,61.986885
2020-02-14,61.979908
2020-02-18,61.853691
2020-02-19,61.881695
2020-02-20,61.986885
2020-02-21,61.930824
2020-02-24,61.264744
2020-02-25,60.837025
2020-02-26,60.900135
2020-02-27,60.079857
2020-02-28,60.325218
2020-03-02,60.782940
2020-03-03,60.522381
2020-03-04,61.353374
2020-03-05,60.578739
2020-03-06,59.895653
2020-03-09,57.318115
2020-03-10,58.198406
2020-03-11,56.930779
2020-03-12,54.656067
2020-03-13,56.374424
2020-03-16,53.275772
2020-03-17,53.775768
2020-03-18,51.402481
2020-03-19,50.247540
2020-03-20,49.120743
2020-03-23,48.331985
2020-03-24,50.325008
2020-03-25,51.740547
2020-03-26,54.106777
2020-03-27,54.247623
2020-03-30,54.712399
2020-03-31,54.275810
2020-04-01,52.785915
2020-04-02,53.196445
2020-04-03,52.056896
2020-04-06,53.323822
2020-04-07,53.323822
2020-04-08,54.711067
2020-04-09,58.292397
2020-04-13,57.457230
2020-04-14,57.697876
2020-04-15,57.159992
2020-04-16,57.103333
2020-04-17,57.393517
2020-04-20,56.530056
2020-04-21,55.496700
2020-04-22,55.985058
2020-04-23,55.956757
2020-04-24,55.433002
2020-04-27,55.659492
2020-04-28,55.829369
2020-04-29,56.813137
2020-04-30,56.926426
2020-05-01,55.944466
2020-05-04,55.866261
2020-05-05,56.349743
2020-05-06,56.029774
2020-05-07,56.172009
2020-05-08,56.705284
2020-05-11,56.449295
2020-05-12,56.378204
2020-05-13,56.079559
2020-05-14,55.887581
2020-05-15,55.965797
2020-05-18,56.954136
2020-05-19,57.025208
2020-05-20,57.629623
2020-05-21,57.615387
2020-05-22,57.757607
2020-05-26,58.191357
2020-05-27,58.312241
2020-05-28,58.369099
2020-05-29,58.603764
2020-06-01,59.047028
2020-06-02,59.632362
2020-06-03,59.910736
2020-06-04,59.725170
2020-06-05,60.289070
2020-06-08,60.360451
2020-06-09,59.889355
2020-06-10,59.803677
2020-06-11,58.268951
2020-06-12,58.847153
2020-06-15,59.418209
2020-06-16,59.660900
2020-06-17,59.382545
2020-06-18,59.361115
2020-06-19,59.161243
2020-06-22,59.118404
2020-06-23,59.204102
2020-06-24,58.597332
2020-06-25,58.618729
2020-06-26,58.061958
2020-06-29,57.733589
2020-06-30,58.261837
2020-07-01,58.443180
2020-07-02,58.873295
2020-07-06,59.296207
2020-07-07,58.901955
2020-07-08,59.059635
2020-07-09,58.930614
2020-07-10,59.131344
2020-07-13,58.808746
2020-07-14,59.310551
2020-07-15,59.647465
2020-07-16,59.704823
2020-07-17,59.869659
2020-07-20,60.228077
2020-07-21,60.507664
2020-07-22,60.629536
2020-07-23,60.586514
2020-07-24,60.643841
2020-07-27,60.787197
2020-07-28,60.629536
2020-07-29,60.966442
2020-07-30,61.095459
2020-07-31,61.210171
2020-08-03,61.225281
2020-08-04,61.203690
2020-08-05,61.311626
2020-08-06,61.448357
2020-08-07,61.297230
2020-08-10,61.326035
2020-08-11,60.771862
2020-08-12,60.786263
2020-08-13,60.620720
2020-08-14,60.512745
2020-08-17,60.872623
2020-08-18,60.966167
2020-08-19,60.793438
2020-08-20,60.994938
2020-08-21,60.987755
2020-08-24,61.268467
2020-08-25,61.333248
2020-08-26,61.326035
2020-08-27,61.232475
2020-08-28,61.282822
2020-08-31,61.196468
2020-09-01,61.529575
2020-09-02,61.601868
2020-09-03,61.218853
2020-09-04,61.052654
2020-09-08,60.713043
2020-09-09,61.189980
2020-09-10,60.900940
2020-09-11,61.023769
2020-09-14,60.958729
2020-09-15,61.124924
2020-09-16,61.124924
2020-09-17,61.059914
2020-09-18,60.908161
2020-09-21,60.416805
2020-09-22,60.626339
2020-09-23,60.012138
2020-09-24,60.048237
2020-09-25,59.939842
2020-09-28,60.330086
2020-09-29,60.380642
2020-09-30,60.626339
2020-10-01,60.834637
2020-10-02,60.834637
2020-10-05,61.291798
2020-10-06,61.153915
2020-10-07,61.371635
2020-10-08,61.509529
2020-10-09,61.647404
2020-10-12,61.959412
2020-10-13,61.683681
2020-10-14,61.531303
2020-10-15,61.487740
2020-10-16,61.415173
2020-10-19,61.197464
2020-10-20,61.415173
2020-10-21,61.407913
2020-10-22,61.516762
2020-10-23,61.589340
2020-10-26,61.045071
2020-10-27,61.074097
2020-10-28,60.566109
2020-10-29,60.740295
2020-10-30,60.870872
2020-11-02,61.015938
2020-11-03,61.540680
2020-11-04,62.116447
2020-11-05,62.335064
2020-11-06,62.116447
2020-11-09,62.590153
2020-11-10,62.502701
2020-11-11,62.480846
2020-11-12,62.058117
2020-11-13,62.269463
2020-11-16,62.619316
2020-11-17,62.641178
2020-11-18,62.524590
2020-11-19,62.735924
2020-11-20,62.619316
2020-11-23,62.714066
2020-11-24,62.903519
2020-11-25,62.874371
2020-11-27,62.976437
2020-11-30,62.910851
2020-12-01,63.072540
2020-12-02,63.248146
2020-12-03,63.284771
2020-12-04,63.548130
2020-12-07,63.518871
2020-12-08,63.467663
2020-12-09,63.372543
2020-12-10,63.489582
2020-12-11,63.423748
2020-12-14,63.438396
2020-12-15,63.635956
2020-12-16,63.540821
2020-12-17,63.635616
2020-12-18,63.687077
2020-12-21,63.459290
2020-12-22,63.540127
2020-12-23,63.826683
2020-12-24,63.958893
2020-12-28,64.039734
2020-12-29,63.958893
2020-12-30,64.091171
2020-12-31,64.142586
2021-01-04,64.010353
2021-01-05,64.032372
2021-01-06,63.914814
2021-01-07,64.098488
2021-01-08,64.193985
2021-01-11,63.848694
2021-01-12,63.929512
2021-01-13,64.120544
2021-01-14,64.105858
2021-01-15,64.002975
2021-01-19,64.186676
2021-01-20,64.304207
2021-01-21,64.267479
2021-01-22,64.142586
2021-01-25,64.157288
2021-01-26,64.061783
2021-01-27,63.878036
2021-01-28,64.069099
2021-01-29,63.900116
2021-02-01,64.105148
2021-02-02,64.259987
2021-02-03,64.311607
2021-02-04,64.444336
2021-02-05,64.540199
2021-02-08,64.731949
2021-02-09,64.613976
2021-02-10,64.599220
2021-02-11,64.628723
2021-02-12,64.731949
2021-02-16,64.628723
2021-02-17,64.606567
2021-02-18,64.518097
2021-02-19,64.525459
2021-02-22,64.326370
2021-02-23,64.481224
2021-02-24,64.547569
2021-02-25,63.935486
2021-02-26,63.743786
2021-03-01,64.459412
2021-03-02,64.363220
2021-03-03,64.156006
2021-03-04,63.911800
2021-03-05,64.104202
2021-03-08,63.637974
2021-03-09,63.726742
2021-03-10,63.926559
2021-03-11,64.163376
2021-03-12,63.985764
2021-03-15,63.993195
2021-03-16,63.845139
2021-03-17,63.933960
2021-03-18,63.445530
2021-03-19,63.689774
2021-03-22,63.919193
2021-03-23,63.985764
2021-03-24,64.022758
2021-03-25,64.133812
2021-03-26,64.326218
2021-03-29,64.363220
2021-03-30,64.207787
2021-03-31,64.518623
2021-04-01,64.655258
2021-04-05,64.684990
2021-04-06,64.796356
2021-04-07,64.774063
2021-04-08,64.796356
2021-04-09,64.751808
2021-04-12,64.684990
2021-04-13,64.729507
2021-04-14,64.699806
2021-04-15,64.959709
2021-04-16,64.826065
2021-04-19,64.722054
2021-04-20,64.610680
2021-04-21,64.826065
2021-04-22,64.707222
2021-04-23,64.878006
2021-04-26,64.848320
2021-04-27,64.759239
2021-04-28,64.885460
2021-04-29,64.959709
2021-04-30,64.930008
2021-05-03,64.955360
2021-05-04,64.918076
2021-05-05,65.044762
2021-05-06,65.022415
2021-05-07,65.067093
2021-05-10,64.918076
2021-05-11,64.851028
2021-05-12,64.538078
2021-05-13,64.769058
2021-05-14,64.977707
2021-05-17,64.858490
2021-05-18,64.702019
2021-05-19,64.530670
2021-05-20,64.806320
2021-05-21,64.903214
2021-05-24,64.977707
2021-05-25,64.985153
2021-05-26,65.007515
2021-05-27,64.977707
2021-05-28,64.955360
2021-06-01,65.150452
2021-06-02,65.232712
2021-06-03,65.098137
2021-06-04,65.240150
2021-06-07,65.262581
2021-06-08,65.307434
2021-06-09,65.359756
2021-06-10,65.479385
2021-06-11,65.501831
2021-06-14,65.441994
2021-06-15,65.434517
2021-06-16,65.344826
2021-06-17,65.389671
2021-06-18,65.359756
2021-06-21,65.486862
2021-06-22,65.531731
2021-06-23,65.464417
2021-06-24,65.666260
2021-06-25,65.733582
2021-06-28,65.726089
2021-06-29,65.808304
2021-06-30,65.815804
2021-07-01,65.944809
2021-07-02,66.049812
2021-07-06,66.012299
2021-07-07,66.034805
2021-07-08,65.892296
2021-07-09,66.004829
2021-07-12,65.982292
2021-07-13,65.787315
2021-07-14,65.892296
2021-07-15,65.847298
2021-07-16,65.757278
2021-07-19,65.314743
2021-07-20,65.644760
2021-07-21,65.802299
2021-07-22,65.839798
2021-07-23,65.967293
2021-07-26,65.869774
2021-07-27,65.779770
2021-07-28,65.832283
2021-07-29,65.974777
2021-07-30,65.884796
2021-08-02,65.721497
2021-08-03,65.796768
2021-08-04,65.676353
2021-08-05,65.826851
2021-08-06,65.751625
2021-08-09,65.601105
2021-08-10,65.450607
2021-08-11,65.555954
2021-08-12,65.668839
2021-08-13,65.811821
2021-08-16,65.834381
2021-08-17,65.683868
2021-08-18,65.533356
2021-08-19,65.525879
2021-08-20,65.683868
2021-08-23,65.887047
2021-08-24,65.977356
2021-08-25,66.045029
2021-08-26,66.007431
2021-08-27,66.188019
2021-08-30,66.270851
2021-08-31,66.285851
2021-09-01,66.342476
2021-09-02,66.425529
2021-09-03,66.433083
2021-09-07,66.259453
2021-09-08,66.334915
2021-09-09,66.395325
2021-09-10,66.297195
2021-09-13,66.463272
2021-09-14,66.433083
2021-09-15,66.531181
2021-09-16,66.508537
2021-09-17,66.425529
2021-09-20,66.191513
2021-09-21,66.304749
2021-09-22,66.425529
2021-09-23,66.455688
2021-09-24,66.357544
2021-09-27,66.297195
2021-09-28,65.995270
2021-09-29,66.116043
2021-09-30,66.040535
2021-10-01,66.198799
2021-10-04,65.964066
2021-10-05,65.933769
2021-10-06,65.895920
2021-10-07,65.903450
2021-10-08,65.706551
2021-10-11,65.502060
2021-10-12,65.623222
2021-10-13,65.797401
2021-10-14,66.168541
2021-10-15,66.054939
2021-10-18,66.024628
2021-10-19,66.070030
2021-10-20,66.092812
2021-10-21,65.926178
2021-10-22,65.767151
2021-10-25,65.880753
2021-10-26,65.895920
2021-10-27,65.842865
2021-10-28,66.009521
2021-10-29,65.835297
2021-11-01,65.764633
2021-11-02,65.924187
2021-11-03,66.053383
2021-11-04,66.228104
2021-11-05,66.478828
2021-11-08,66.395271
2021-11-09,66.448433
2021-11-10,66.076157
2021-11-11,65.962166
2021-11-12,65.984993
2021-11-15,65.908974
2021-11-16,65.939392
2021-11-17,65.870995
2021-11-18,65.817802
2021-11-19,65.764633
2021-11-22,65.513939
2021-11-23,65.422737
2021-11-24,65.407562
2021-11-26,64.936516
2021-11-29,65.339211
2021-11-30,65.065666
2021-12-01,65.074821
2021-12-02,65.555046
2021-12-03,65.555046
2021-12-06,65.844711
2021-12-07,66.195328
2021-12-08,66.180092
2021-12-09,65.882797
2021-12-10,66.035278
2021-12-13,66.035278
2021-12-14,65.920929
2021-12-15,66.172485
2021-12-16,66.123512
2021-12-17,66.062347
2021-12-20,65.947632
2021-12-21,66.299454
2021-12-22,66.475380
2021-12-23,66.666588
2021-12-27,66.735420
2021-12-28,66.704826
2021-12-29,66.597778
2021-12-30,66.567169
2021-12-31,66.551865
2022-01-03,66.521278
2022-01-04,66.352997
2022-01-05,65.840523
2022-01-06,65.848213
2022-01-07,65.679909
2022-01-10,65.733437
2022-01-11,66.039398
2022-01-12,66.146477
2022-01-13,65.909355
2022-01-14,65.848213
2022-01-18,65.526901
2022-01-19,65.465721
2022-01-20,65.343369
2022-01-21,65.351036
2022-01-24,65.282173
2022-01-25,65.090965
2022-01-26,64.869125
2022-01-27,64.586143
2022-01-28,64.769714
2022-01-31,64.784988
2022-02-01,65.042152
2022-02-02,65.141930
2022-02-03,64.558540
2022-02-04,64.305222
2022-02-07,64.259171
2022-02-08,64.190079
2022-02-09,64.527832
2022-02-10,63.675766
2022-02-11,63.453175
2022-02-14,63.345676
2022-02-15,63.453175
2022-02-16,63.806229
2022-02-17,63.537571
2022-02-18,63.629707
2022-02-22,63.483845
2022-02-23,63.368690
2022-02-24,63.821636
2022-02-25,64.182381
2022-02-28,64.228455
2022-03-01,64.048943
2022-03-02,64.203026
2022-03-03,64.010429
2022-03-04,63.594364
2022-03-07,63.039635
2022-03-08,62.816189
2022-03-09,63.340103
2022-03-10,62.808491
2022-03-11,62.353901
2022-03-14,61.614277
2022-03-15,62.076542
2022-03-16,62.947170
2022-03-17,63.378632
2022-03-18,63.586651
2022-03-21,62.854725
2022-03-22,63.178303
2022-03-23,62.978008
2022-03-24,63.108978
2022-03-25,62.654396
2022-03-28,63.047333
2022-03-29,63.825493
2022-03-30,63.632896
2022-03-31,63.401733
2022-04-01,63.397102
2022-04-04,63.876740
2022-04-05,63.048969
2022-04-06,62.553898
2022-04-07,62.453316
2022-04-08,62.074261
2022-04-11,61.648773
2022-04-12,62.120659
2022-04-13,62.491962
2022-04-14,62.074261
2022-04-18,61.973698
2022-04-19,61.919529
2022-04-20,62.112911
2022-04-21,61.687431
2022-04-22,61.316116
2022-04-25,61.834393
2022-04-26,61.470840
2022-04-27,61.169136
2022-04-28,61.509533
2022-04-29,60.751381
2022-05-02,60.755234
2022-05-03,61.073669
2022-05-04,61.694973
2022-05-05,60.599930
2022-05-06,60.258217
2022-05-09,59.621399
2022-05-10,59.963085
2022-05-11,59.605843
2022-05-12,59.582550
2022-05-13,59.652462
2022-05-16,59.567009
2022-05-17,59.512650
2022-05-18,59.023373
2022-05-19,59.419472
2022-05-20,59.380619
2022-05-23,59.613602
2022-05-24,59.970867
2022-05-25,60.879486
2022-05-26,61.726040
2022-05-27,62.277424
2022-05-31,61.741577
2022-06-01,61.513126
2022-06-02,61.770416
2022-06-03,61.310421
2022-06-06,60.850430
2022-06-07,60.990795
2022-06-08,60.468418
2022-06-09,59.985054
2022-06-10,58.963707
2022-06-13,56.991261
2022-06-14,57.365490
2022-06-15,58.480343
2022-06-16,57.552586
2022-06-17,57.731937
2022-06-21,57.692928
2022-06-22,57.677353
2022-06-23,58.090519
2022-06-24,58.503727
2022-06-27,58.145123
2022-06-28,57.505821
2022-06-29,57.420052
2022-06-30,57.388859
2022-07-01,57.936279
2022-07-05,57.881474
2022-07-06,57.662178
2022-07-07,58.601933
2022-07-08,58.648941
2022-07-11,58.320019
2022-07-12,58.554970
2022-07-13,58.492313
2022-07-14,58.382690
2022-07-15,59.126659
2022-07-18,58.554970
2022-07-19,59.330242
2022-07-20,59.588680
2022-07-21,60.293514
2022-07-22,60.215195
2022-07-25,60.199532
2022-07-26,59.776657
2022-07-27,60.434467
2022-07-28,61.053139
2022-07-29,61.233276
2022-08-01,61.252155
2022-08-02,60.969105
2022-08-03,61.503708
2022-08-04,61.668816
2022-08-05,61.354336
2022-08-08,61.409382
2022-08-09,60.953392
2022-08-10,61.865368
2022-08-11,61.511581
2022-08-12,62.061897
2022-08-15,61.951889
2022-08-16,61.660965
2022-08-17,61.024147
2022-08-18,61.118465
2022-08-19,60.497406
2022-08-22,59.813431
2022-08-23,59.962795
2022-08-24,60.033546
2022-08-25,60.599621
2022-08-26,59.601128
2022-08-29,59.373131
2022-08-30,58.917149
2022-08-31,58.594799
2022-09-01,58.749676
2022-09-02,58.710171
2022-09-06,58.552166
2022-09-07,59.397522
2022-09-08,59.658241
2022-09-09,59.895275
2022-09-12,60.076977
2022-09-13,58.710171
2022-09-14,58.797073
2022-09-15,58.425716
2022-09-16,58.623260
2022-09-19,58.844482
2022-09-20,58.244034
2022-09-21,58.070210
2022-09-22,57.722584
2022-09-23,56.987782
2022-09-26,56.316246
2022-09-27,56.197735
2022-09-28,57.201130
2022-09-29,56.663864
2022-09-30,56.403179
2022-10-03,57.142361
2022-10-04,58.373001
2022-10-05,58.142765
2022-10-06,57.968067
2022-10-07,57.261471
2022-10-10,56.562740
2022-10-11,56.737411
2022-10-12,56.832726
2022-10-13,56.959736
2022-10-14,56.777122
2022-10-17,57.475811
2022-10-18,57.880760
2022-10-19,57.324970
2022-10-20,57.007370
2022-10-21,57.555214
2022-10-24,57.594913
2022-10-25,58.150692
2022-10-26,58.309490
2022-10-27,58.738235
2022-10-28,59.190830
2022-10-31,58.301548
2022-11-01,58.652229
2022-11-02,58.118210
2022-11-03,57.703796
2022-11-04,58.102303
2022-11-07,58.094341
2022-11-08,58.038544
2022-11-09,57.345142
2022-11-10,59.130436
2022-11-11,59.337669
2022-11-14,58.899326
2022-11-15,59.417381
2022-11-16,59.289871
2022-11-17,59.034824
2022-11-18,59.162342
2022-11-21,59.138401
2022-11-22,59.568802
2022-11-23,59.903557
2022-11-25,59.784000
2022-11-28,59.154346
2022-11-29,59.409382
2022-11-30,60.302086
2022-12-01,60.525364
2022-12-02,60.477341
2022-12-05,59.901077
2022-12-06,59.684967
2022-12-07,60.013145
2022-12-08,60.061127
2022-12-09,60.061127
2022-12-12,60.293255
2022-12-13,60.917572
2022-12-14,60.573387
2022-12-15,60.344887
2022-12-16,60.023067
2022-12-19,59.717304
2022-12-20,59.564423
2022-12-21,60.071331
2022-12-22,59.701195
2022-12-23,59.854076
2022-12-27,59.234539
2022-12-28,58.437988
2022-12-29,59.194305
2022-12-30,59.242596
2023-01-03,59.355228
2023-01-04,60.039146
2023-01-05,59.918442
2023-01-06,60.771328
2023-01-09,60.988575
2023-01-10,60.916149
2023-01-11,61.318447
2023-01-12,61.664425
2023-01-13,61.664425
2023-01-17,61.455231
2023-01-18,61.527649
2023-01-19,61.165588
2023-01-20,61.286270
2023-01-23,61.278248
2023-01-24,61.318447
2023-01-25,61.310387
2023-01-26,61.463272
2023-01-27,61.278248
2023-01-30,60.940285
2023-01-31,61.415005
2023-02-01,62.060188
2023-02-02,62.415909
2023-02-03,61.761078
2023-02-06,61.364872
2023-02-07,61.583168
2023-02-08,61.324444
2023-02-09,60.928284
2023-02-10,60.459373
2023-02-13,60.612965
2023-02-14,60.629154
2023-02-15,60.532120
2023-02-16,60.047031
2023-02-17,60.281490
2023-02-21,59.351730
2023-02-22,59.739807
2023-02-23,60.329998
2023-02-24,59.966187
2023-02-27,60.370411
2023-02-28,60.257225
2023-03-01,60.086426
2023-03-02,60.159622
2023-03-03,60.777809
2023-03-06,60.777809
2023-03-07,60.346710
2023-03-08,60.062031
2023-03-09,59.728516
2023-03-10,59.736649
2023-03-13,59.411293
2023-03-14,59.842407
2023-03-15,59.647198
2023-03-16,60.037617
2023-03-17,59.679710
2023-03-20,59.517029
2023-03-21,60.167755
2023-03-22,60.224693
2023-03-23,59.988804
2023-03-24,59.866779
2023-03-27,59.720375
2023-03-28,59.687859
2023-03-29,60.436199
2023-03-30,60.794109
2023-03-31,61.452942
2023-04-03,61.405552
2023-04-04,61.225784
2023-04-05,60.882614
2023-04-06,61.152260
2023-04-10,61.095047
2023-04-11,61.225784
2023-04-12,61.209442
2023-04-13,61.626163
2023-04-14,61.511776
2023-04-17,61.348354
2023-04-18,61.389217
2023-04-19,61.144085
2023-04-20,61.086872
2023-04-21,61.274834
2023-04-24,61.446430
2023-04-25,61.348354
2023-04-26,61.111412
2023-04-27,61.315674
2023-04-28,61.577156
2023-05-01,61.294857
2023-05-02,61.237408
2023-05-03,61.204571
2023-05-04,61.024014
2023-05-05,61.352272
2023-05-08,61.179951
2023-05-09,61.024014
2023-05-10,61.393311
2023-05-11,61.294857
2023-05-12,61.073284
2023-05-15,61.056858
2023-05-16,60.630100
2023-05-17,60.794243
2023-05-18,60.827076
2023-05-19,60.892712
2023-05-22,61.163536
2023-05-23,60.843487
2023-05-24,60.416740
2023-05-25,60.375725
2023-05-26,60.744991
2023-05-30,61.007595
2023-05-31,60.818855
2023-06-01,61.184147
2023-06-02,61.497490
2023-06-05,61.448013
2023-06-06,61.546993
2023-06-07,61.208908
2023-06-08,61.596447
2023-06-09,61.612930
2023-06-12,61.546993
2023-06-13,61.621170
2023-06-14,61.645916
2023-06-15,61.942745
2023-06-16,61.786098
2023-06-20,61.621170
2023-06-21,61.464520
2023-06-22,61.283104
2023-06-23,61.175892
2023-06-26,61.208908
2023-06-27,61.415039
2023-06-28,61.769600
2023-06-29,61.604687
2023-06-30,61.901554
2023-07-03,61.804546
2023-07-05,61.613857
2023-07-06,61.166183
2023-07-07,61.224213
2023-07-10,61.530937
2023-07-11,61.862572
2023-07-12,62.343418
2023-07-13,62.716476
2023-07-14,62.260502
2023-07-17,62.376556
2023-07-18,62.550671
2023-07-19,62.600414
2023-07-20,62.326839
2023-07-21,62.484348
2023-07-24,62.376556
2023-07-25,62.335117
2023-07-26,62.583843
2023-07-27,62.086414
2023-07-28,62.442924
2023-07-31,62.592129
2023-08-01,62.282257
2023-08-02,62.015701
2023-08-03,61.815777
2023-08-04,62.182278
2023-08-07,62.298927
2023-08-08,62.432194
2023-08-09,62.440529
2023-08-10,62.423862
2023-08-11,62.332226
2023-08-14,62.323895
2023-08-15,62.123989
2023-08-16,61.932400
2023-08-17,61.674191
2023-08-18,61.715824
2023-08-21,61.699165
2023-08-22,61.732487
2023-08-23,62.232254
2023-08-24,61.890751
2023-08-25,62.148979
2023-08-28,62.382225
2023-08-29,62.773716
2023-08-30,62.748730
2023-08-31,62.707085
2023-09-01,62.825077
2023-09-05,62.415012
2023-09-06,62.264378
2023-09-07,62.473576
2023-09-08,62.448479
2023-09-11,62.557281
2023-09-12,62.456856
2023-09-13,62.624214
2023-09-14,62.699558
2023-09-15,62.465210
2023-09-18,62.507076
2023-09-19,62.314571
2023-09-20,62.264378
2023-09-21,61.820820
2023-09-22,61.929623
2023-09-25,61.845928
2023-09-26,61.578117
2023-09-27,61.494450
2023-09-28,61.787354
2023-09-29,61.695271
2023-10-02,61.320904
2023-10-03,60.698380
2023-10-04,61.009628
2023-10-05,61.068512
2023-10-06,61.152657
2023-10-09,61.606945
2023-10-10,61.590134
2023-10-11,61.581726
2023-10-12,61.253593
2023-10-13,61.203121
2023-10-16,61.186287
2023-10-17,60.900288
2023-10-18,60.605827
2023-10-19,60.387077
2023-10-20,60.513287
2023-10-23,60.757263
2023-10-24,61.068512
2023-10-25,60.740425
2023-10-26,60.950741
2023-10-27,60.875042
2023-10-30,60.891869
2023-10-31,61.051720
2023-11-01,61.633606
2023-11-02,62.327160
2023-11-03,62.936150
2023-11-06,62.682426
2023-11-07,62.690857
2023-11-08,62.724701
2023-11-09,62.335629
2023-11-10,62.640106
2023-11-13,62.580921
2023-11-14,63.215240
2023-11-15,63.012264
2023-11-16,63.096832
2023-11-17,63.240654
2023-11-20,63.308289
2023-11-21,63.392864
2023-11-22,63.502834
2023-11-24,63.435188
2023-11-27,63.528194
2023-11-28,63.807323
2023-11-29,64.154114
2023-11-30,64.035690
2023-12-01,64.565880
2023-12-04,64.404472
2023-12-05,64.463890
2023-12-06,64.472397
2023-12-07,64.582893
2023-12-08,64.455421
2023-12-11,64.412933
2023-12-12,64.557381
2023-12-13,65.542984
2023-12-14,65.832443
2023-12-15,65.687302
2023-12-18,65.729965
2023-12-19,65.917831
2023-12-20,65.926384
2023-12-21,66.225235
2023-12-22,66.148384
2023-12-26,66.276466
2023-12-27,66.549683
2023-12-28,66.336220
2023-12-29,66.080070
2024-01-02,65.858093
2024-01-03,65.678757
2024-01-04,65.422592
2024-01-05,65.473831
2024-01-08,65.840988
2024-01-09,65.943474
2024-01-10,66.063004
2024-01-11,66.276466
2024-01-12,66.344749
2024-01-16,65.926384
2024-01-17,65.644569
2024-01-18,65.781219
2024-01-19,65.892220
2024-01-22,65.943474
2024-01-23,65.866585
2024-01-24,65.832443
2024-01-25,66.336220
2024-01-26,66.284988
2024-01-29,66.430153
2024-01-30,66.344749
2024-01-31,66.156906
2024-02-01,66.537933
2024-02-02,66.237595
2024-02-05,65.928673
2024-02-06,66.168930
2024-02-07,66.280495
2024-02-08,66.246162
2024-02-09,66.383476
2024-02-12,66.237595
2024-02-13,65.705528
2024-02-14,65.962997
2024-02-15,66.194672
2024-02-16,65.997330
2024-02-20,66.134636
2024-02-21,66.014465
2024-02-22,66.331978
2024-02-23,66.374878
2024-02-26,66.160355
2024-02-27,66.246162
2024-02-28,66.237595
2024-02-29,66.357712
2024-03-01,66.606262
2024-03-04,66.588989
2024-03-05,66.537224
2024-03-06,66.701187
2024-03-07,66.778854
2024-03-08,66.796120
2024-03-11,66.787491
2024-03-12,66.847900
2024-03-13,66.873779
2024-03-14,66.554482
2024-03-15,66.511322
2024-03-18,66.666641
2024-03-19,66.934196
2024-03-20,67.158569
2024-03-21,67.124046
2024-03-22,67.055031
2024-03-25,66.951469
2024-03-26,66.873779
2024-03-27,67.227608
2024-03-28,67.080925
2024-04-01,66.807686
2024-04-02,66.694916
2024-04-03,66.746971
2024-04-04,66.694916
2024-04-05,66.634201
2024-04-08,66.790329
2024-04-09,66.929115
2024-04-10,66.339302
2024-04-11,66.278572
2024-04-12,66.243843
2024-04-15,65.862213
2024-04-16,65.645363
2024-04-17,65.732101
2024-04-18,65.784126
2024-04-19,65.905579
2024-04-22,66.269882
2024-04-23,66.538780
2024-04-24,66.391304
2024-04-25,66.252541
2024-04-26,66.460724
2024-04-29,66.660217
2024-04-30,66.174461
2024-05-01,66.523254
2024-05-02,66.933090
2024-05-03,67.212143
2024-05-06,67.290596
2024-05-07,67.299309
2024-05-08,67.142365
2024-05-09,67.159805
2024-05-10,67.055153
2024-05-13,67.037727
2024-05-14,67.142365
2024-05-15,67.534767
2024-05-16,67.377785
2024-05-17,67.386520
2024-05-20,67.421387
2024-05-21,67.369080
2024-05-22,67.220840
2024-05-23,66.985413
2024-05-24,67.220840
2024-05-28,66.950562
2024-05-29,66.749985
2024-05-30,67.020309
2024-05-31,67.255730
2024-06-03,67.464226
2024-06-04,67.429184
2024-06-05,67.648193
2024-06-06,67.534302
2024-06-07,67.359085
2024-06-10,67.420433
2024-06-11,67.508026
2024-06-12,67.779625
2024-06-13,67.770821
2024-06-14,67.508026
2024-06-17,67.551842
2024-06-18,67.762077
2024-06-20,67.718285
2024-06-21,67.797112
2024-06-24,67.727036
2024-06-25,67.814644
2024-06-26,67.665718
2024-06-27,67.744560
2024-06-28,67.578102
2024-07-01,67.564880
2024-07-02,67.749847
2024-07-03,67.987633
2024-07-05,68.190186
2024-07-08,68.172577
2024-07-09,68.093292
2024-07-10,68.251816
2024-07-11,68.498413
2024-07-12,68.674538
2024-07-15,68.683334
2024-07-16,68.947548
2024-07-17,68.868286
2024-07-18,68.727371
2024-07-19,68.674538
2024-07-22,68.929939
2024-07-23,68.938736
2024-07-24,68.718567
2024-07-25,68.727371
2024-07-26,68.947548
2024-07-29,68.885910
2024-07-30,68.921135
2024-07-31,69.167709
2024-08-01,69.016342
2024-08-02,68.786148
2024-08-05,68.361237
2024-08-06,68.617966
2024-08-07,68.750755
2024-08-08,69.034042
2024-08-09,69.025177
2024-08-12,69.069427
2024-08-13,69.388161
2024-08-14,69.512093
2024-08-15,69.574036
2024-08-16,69.795357
2024-08-19,69.910477
2024-08-20,69.848495
2024-08-21,70.007843
2024-08-22,69.919334
2024-08-23,70.291122
2024-08-26,70.149475
2024-08-27,70.193764
2024-08-28,70.158333
2024-08-29,70.229172
2024-08-30,70.238014
2024-09-03,69.988945
2024-09-04,70.246918
2024-09-05,70.487076
2024-09-06,70.398140
2024-09-09,70.567154
2024-09-10,70.433716
2024-09-11,70.540474
2024-09-12,70.638313
2024-09-13,70.834023
2024-09-16,71.011925
2024-09-17,71.029724
2024-09-18,71.091988
2024-09-19,71.305481
2024-09-20,71.394417
2024-09-23,71.260986
2024-09-24,71.269905
2024-09-25,71.189819
2024-09-26,71.305481
2024-09-27,71.483376
2024-09-30,71.430008
2024-10-01,71.394226
2024-10-02,71.403183
2024-10-03,71.233330
2024-10-04,71.152885
2024-10-07,70.848976
2024-10-08,71.018791
2024-10-09,70.974129
2024-10-10,70.938362
2024-10-11,71.126091
2024-10-14,71.161827
2024-10-15,71.143944
2024-10-16,71.269104
2024-10-17,71.161827
2024-10-18,71.331673
2024-10-21,71.045647
2024-10-22,70.947319
2024-10-23,70.732780
2024-10-24,70.938362
2024-10-25,70.866859
2024-10-28,71.045647
2024-10-29,71.063499
2024-10-30,70.938362
2024-10-31,70.741699
2024-11-01,70.746201
2024-11-04,70.943848
2024-11-05,71.141472
2024-11-06,71.267265
2024-11-07,71.572716
2024-11-08,71.689491
2024-11-11,71.608658
2024-11-12,71.321159
2024-11-13,71.339127
2024-11-14,71.186394
2024-11-15,71.177414
2024-11-18,71.312187
2024-11-19,71.419975
2024-11-20,71.402023
2024-11-21,71.428955
2024-11-22,71.410995
2024-11-25,71.680496
2024-11-26,71.545723
2024-11-27,71.761353
2024-11-29,71.905083
2024-12-02,71.878929
2024-12-03,71.878929
2024-12-04,72.050400
2024-12-05,71.987221
2024-12-06,72.104538
2024-12-09,72.014297
2024-12-10,72.050400
2024-12-11,72.068428
2024-12-12,71.869888
2024-12-13,71.662323
2024-12-16,71.797714
2024-12-17,71.644287
2024-12-18,70.908615
2024-12-19,70.836052
2024-12-20,71.280533
2024-12-23,71.090042
2024-12-24,71.316826
2024-12-26,71.498253
2024-12-27,71.253326
2024-12-30,71.353119
2024-12-31,71.344040
2025-01-02,71.516388
2025-01-03,71.625252
2025-01-06,71.752228
2025-01-07,71.516388
2025-01-08,71.607101
2025-01-10,71.235184
2025-01-13,71.217064
2025-01-14,71.307755
2025-01-15,71.933655
2025-01-16,72.015305
2025-01-17,72.078796
2025-01-21,72.269287
2025-01-22,72.169510
2025-01-23,72.260208
2025-01-24,72.341866
2025-01-27,72.396294
2025-01-28,72.369080
2025-01-29,72.323715
2025-01-30,72.459763
2025-01-31,72.314644
2025-02-03,72.223534
2025-02-04,72.451332
2025-02-05,72.642677
2025-02-06,72.533318
2025-02-07,72.305542
2025-02-10,72.451332
2025-02-11,72.423988
2025-02-12,72.269066
2025-02-13,72.597122
2025-02-14,72.679161
2025-02-18,72.615349
2025-02-19,72.670029
2025-02-20,72.715584
2025-02-21,72.578918
2025-02-24,72.670029
2025-02-25,72.852272
2025-02-26,72.952507
2025-02-27,72.815826
2025-02-28,73.016281
2025-03-03,72.864311
2025-03-04,72.855171
2025-03-05,72.891800
2025-03-06,72.617134
2025-03-07,72.736137
2025-03-10,72.461479
2025-03-11,72.205154
2025-03-12,72.287552
2025-03-13,71.884727
2025-03-14,72.214317
2025-03-17,72.388260
2025-03-18,72.260086
2025-03-19,72.736137
2025-03-20,72.635452
2025-03-21,72.525566
2025-03-24,72.736137
2025-03-25,72.699532
2025-03-26,72.406555
2025-03-27,72.269226
2025-03-28,72.141083
2025-03-31,72.223473
2025-04-01,72.390900
2025-04-02,72.538078
2025-04-03,71.636543
2025-04-04,70.615395
2025-04-07,70.008209
2025-04-08,69.686241
2025-04-09,71.553741
2025-04-10,70.385406
2025-04-11,70.597000
2025-04-14,70.946594
2025-04-15,71.139763
2025-04-16,71.130562
2025-04-17,71.544548
2025-04-21,71.121353
2025-04-22,71.397354
2025-04-23,71.756134
2025-04-24,72.400093
2025-04-25,72.464500
2025-04-28,72.501282
2025-04-29,72.694466
2025-04-30,72.308090
2025-05-01,72.401489
2025-05-02,72.623428
2025-05-05,72.595673
2025-05-06,72.540207
2025-05-07,72.604904
2025-05-08,72.586433
2025-05-09,72.632660
2025-05-12,73.353912
2025-05-13,73.483368
2025-05-14,73.215195
2025-05-15,73.353912
2025-05-16,73.437119
2025-05-19,73.400146
2025-05-20,73.363159
2025-05-21,72.873062
2025-05-22,73.021034
2025-05-23,73.002518
2025-05-27,73.446365
2025-05-28,73.400146
2025-05-29,73.511086
2025-05-30,73.575813
2025-06-02,73.562805
2025-06-03,73.702187
2025-06-04,73.841522
2025-06-05,73.683609
2025-06-06,73.674301
2025-06-09,73.711479
2025-06-10,73.887985
2025-06-11,73.869408
2025-06-12,73.953018
2025-06-13,73.730034
2025-06-16,73.878700
2025-06-17,73.795082
2025-06-18,73.906563
2025-06-20,74.138832
2025-06-23,74.278191
2025-06-24,74.482590
2025-06-25,74.463997
2025-06-26,74.677696
2025-06-27,74.640526
2025-06-30,74.928535
2025-07-01,74.834259
2025-07-02,74.974274
2025-07-03,75.020943
2025-07-07,74.768906
2025-07-08,74.666214
2025-07-09,74.871597
2025-07-10,74.796906
2025-07-11,74.703560
2025-07-14,74.759567
2025-07-15,74.535538
2025-07-16,74.731575
2025-07-17,74.806244
2025-07-18,74.908928
2025-07-21,75.011604
2025-07-22,75.142296
2025-07-23,75.179626
2025-07-24,75.086288
2025-07-25,75.132957
2025-07-28,75.095612
2025-07-29,75.142296
2025-07-30,74.983604
2025-07-31,75.030281
2025-08-01,75.034019
2025-08-04,75.287323
2025-08-05,75.249809
2025-08-06,75.324844
2025-08-07,75.249809
2025-08-08,75.259186
2025-08-11,75.259186
2025-08-12,75.428047
2025-08-13,75.625053
2025-08-14,75.428047
2025-08-15,75.484352
2025-08-18,75.428047
2025-08-19,75.409286
2025-08-20,75.381142
2025-08-21,75.240433
2025-08-22,75.850220
2025-08-25,75.700127
2025-08-26,75.868988
2025-08-27,75.962807
2025-08-28,76.000343
2025-08-29,75.859604
2025-09-02,75.777611
2025-09-03,75.984955
2025-09-04,76.192352
2025-09-05,76.230064
2025-09-08,76.230064
2025-09-09,76.145218
2025-09-10,76.201782
2025-09-11,76.390320
2025-09-12,76.314888
2025-09-15,76.531700
2025-09-16,76.475136
2025-09-17,76.399750
2025-09-18,76.569420
2025-09-19,76.597672
2025-09-22,76.654243
2025-09-23,76.597672
2025-09-24,76.493988
2025-09-25,76.277191
2025-09-26,76.428009
2025-09-29,76.559982
2025-09-30,76.531700
2025-10-01,76.674706
2025-10-02,76.646286
2025-10-03,76.561058
2025-10-06,76.580002
2025-10-07,76.494766
2025-10-08,76.381126
2025-10-09,76.163300
2025-10-10,75.718155
2025-10-13,76.191704
2025-10-14,76.276932
2025-10-15,76.523178
2025-10-16,76.248535
2025-10-17,76.447411
2025-10-20,76.598930
2025-10-21,76.485298
2025-10-22,76.409515
2025-10-23,76.580002
2025-10-24,76.788361
2025-10-27,76.977776
2025-10-28,76.902008
2025-10-29,76.665222
2025-10-30,76.523178
2025-10-31,76.523178
2025-11-03,76.285194
2025-11-04,76.294716
2025-11-05,76.370888
2025-11-06,76.399429
2025-11-07,76.466064
2025-11-10,76.723076
2025-11-11,76.808746
2025-11-12,76.656441
2025-11-13,76.342316
2025-11-14,76.361351
2025-11-17,76.237602
2025-11-18,76.256653
2025-11-19,76.294716
2025-11-20,76.247124
2025-11-21,76.504143
2025-11-24,76.713547
2025-11-25,76.980095
2025-11-26,77.056236
2025-11-28,77.094315
2025-12-01,76.955643
2025-12-02,77.099091
2025-12-03,77.166039
2025-12-04,77.223412
2025-12-05,77.223412
2025-12-08,77.032150
2025-12-09,76.946083
2025-12-10,77.204300
2025-12-11,77.194733
2025-12-12,77.051285
2025-12-15,77.089523
2025-12-16,77.137352
2025-12-17,77.041718
2025-12-18,77.252113
2025-12-19,77.214638
2025-12-22,77.281898
2025-12-23,77.339554
2025-12-24,77.483688
2025-12-26,77.445236
2025-12-29,77.474060
2025-12-30,77.550934
2025-12-31,77.474060
2026-01-02,77.512497
2026-01-05,77.714279
2026-01-06,77.733490
2026-01-07,77.714279
2026-01-08,77.771950
2026-01-09,77.829575
2026-01-12,77.868027
2026-01-13,77.868027
2026-01-14,77.868027
2026-01-15,77.868027
2026-01-16,77.916054
2026-01-20,77.714279
2026-01-21,77.944893
2026-01-22,78.002541
2026-01-23,77.964104
2026-01-26,78.002541
2026-01-27,77.992912
2026-01-28,77.868027
2026-01-29,77.858406
2026-01-30,77.944893
2026-02-02,77.992203
2026-02-03,77.943916
2026-02-04,77.847351
2026-02-05,77.760452
2026-02-06,78.030823
2026-02-09,78.137039
2026-02-10,78.059784
2026-02-11,78.050140
2026-02-12,78.011513
2026-02-13,78.069450
2026-02-17,78.030823
2026-02-18,78.127388
2026-02-19,78.156357
2026-02-20,78.214294
2026-02-23,78.088768
2026-02-24,78.030823
2026-02-25,78.137039
2026-02-26,78.069450
2026-02-27,77.943916
2026-03-02,77.899292
2026-03-03,77.744026
2026-03-04,78.015732
2026-03-05,77.705215
2026-03-06,77.326782
2026-03-09,77.792549
2026-03-10,77.666412
2026-03-11,77.491737
2026-03-12,76.996857
2026-03-13,76.851318
2026-03-16,77.093887
2026-03-17,77.443230
2026-03-18,77.045395
2026-03-19,77.297668
2026-03-20,76.579613
2026-03-23,77.084206
2026-03-24,76.822205
2026-03-25,77.064781
2026-03-26,76.579613
2026-03-27,76.385544
2026-03-30,76.472870
2026-03-31,77.200638
2026-04-01,77.389809
2026-04-02,77.575050
2026-04-06,77.711563
2026-04-07,77.731064
2026-04-08,78.189339
2026-04-09,78.277092
2026-04-10,77.965080
2026-04-13,78.257591
2026-04-14,78.491600
2026-04-15,78.452606
2026-04-16,78.345345
2026-04-17,78.637856
2026-04-20,78.569611
2026-04-21,78.364853
2026-04-22,78.491600
2026-04-23,78.364853
2026-04-24,78.472115
2026-04-27,78.501366
2026-04-28,78.394104
2026-04-29,78.130829
2026-04-30,78.374603
2026-05-01,78.471634
2026-05-04,78.216797
2026-05-05,78.334404
2026-05-06,78.569656
2026-05-07,78.275597
2026-05-08,78.550049
2026-05-11,78.393211
2026-05-12,78.285408
2026-05-13,78.324608
2026-05-14,78.265793
2026-05-15,77.883537
2026-05-18,77.961960
2026-05-19,77.775719
2026-05-20,78.275597
2026-05-21,78.314812
2026-05-22,78.324608
2026-05-26,78.589264
2026-05-27,78.540245
2026-05-28,78.638268
2026-05-29,78.716675
2026-06-01,78.656570
2026-06-02,78.715691
2026-06-03,78.498947
2026-06-04,78.646729
2026-06-05,78.252655
2026-06-08,78.361031
2026-06-09,78.439842
2026-06-10,78.292068
2026-06-11,78.755096
2026-06-12,78.755096
2026-06-15,78.853622
2026-06-16,78.843758
2026-06-17,78.548210
2026-06-18,78.824059
2026-06-22,78.755096
2026-06-23,78.686134
2026-06-24,78.666420
2026-06-25,78.695976
2026-06-26,78.646729
2026-06-29,78.824059
2026-06-30,78.784653
2026-07-01,78.773758
2026-07-02,78.892532
2026-07-06,79.050896
2026-07-07,78.942024
2026-07-08,78.843048
2026-07-09,78.932121
2026-07-10,78.892532
2026-07-13,78.704475
2026-07-14,78.862839
2026-07-15,78.991508
2026-07-16,78.981613
2026-07-17,78.833145
2026-07-20,78.862839
2026-07-21,78.833145
2026-07-22,78.704475
2026-07-23,78.417458
2026-07-24,78.417458
2026-07-27,78.457047
2026-07-28,78.605499
2026-07-29,78.427353
2026-07-30,78.654999
2026-07-31,78.664894
2026-08-03,78.877724
2026-08-04,79.116425
2026-08-05,79.086578
2026-08-06,79.026909
2026-08-07,79.176094
2026-08-10,79.046806
2026-08-11,79.076637
2026-08-12,79.176094
2026-08-13,79.355110
2026-08-14,79.275543
2026-08-17,79.176094
2026-08-18,79.096527
2026-08-19,79.275543
2026-08-20,79.126358
2026-08-21,79.176094
2026-08-24,79.265594
2026-08-25,79.484398
2026-08-26,79.464516
2026-08-27,79.434677
2026-08-28,79.305382
2026-08-31,79.375000
2026-09-01,79.099998
2026-09-02,79.110001
2026-09-03,79.209999
2026-09-04,79.160004
2026-09-08,79.120003
2026-09-09,78.980003
2026-09-10,78.620003
2026-09-11,78.599998
2026-09-14,78.529999
2026-09-15,78.379997
2026-09-16,78.419998
2026-09-17,78.720001
2026-09-18,78.529999
2026-09-21,78.680000
2026-09-22,78.669998
2026-09-23,78.099998
2026-09-24,77.889999
2026-09-25,77.860001
