date,adj_close
2002-07-30,40.138599
2002-07-31,40.506721
2002-08-01,40.673607
2002-08-02,40.987789
2002-08-05,41.193909
2002-08-06,40.860153
2002-08-07,40.987789
2002-08-08,40.845440
2002-08-09,41.149769
2002-08-12,41.233192
2002-08-13,41.562103
2002-08-14,41.439365
2002-08-15,41.198818
2002-08-16,40.928879
2002-08-19,40.968128
2002-08-20,41.346111
2002-08-21,41.243031
2002-08-22,41.022137
2002-08-23,41.208694
2002-08-26,41.228271
2002-08-27,41.105618
2002-08-28,41.257763
2002-08-29,41.449181
2002-08-30,41.527706
2002-09-03,41.980900
2002-09-04,41.966125
2002-09-05,42.133564
2002-09-06,41.808525
2002-09-09,41.749405
2002-09-10,41.897160
2002-09-11,41.744461
2002-09-12,41.961216
2002-09-13,42.158203
2002-09-16,42.172997
2002-09-17,42.310913
2002-09-18,42.360184
2002-09-19,42.571976
2002-09-20,42.557232
2002-09-23,42.798546
2002-09-24,42.951229
2002-09-25,42.626167
2002-09-26,42.596615
2002-09-27,42.877365
2002-09-30,43.128578
2002-10-01,42.752148
2002-10-02,42.895420
2002-10-03,42.870678
2002-10-04,42.915150
2002-10-07,43.083157
2002-10-08,43.004105
2002-10-09,43.221470
2002-10-10,42.974419
2002-10-11,42.668152
2002-10-14,42.633579
2002-10-15,41.917233
2002-10-16,41.917233
2002-10-17,41.694923
2002-10-18,41.818417
2002-10-21,41.497345
2002-10-22,41.477543
2002-10-23,41.566494
2002-10-24,41.764069
2002-10-25,41.946873
2002-10-28,41.996269
2002-10-29,42.376659
2002-10-30,42.371719
2002-10-31,42.589115
2002-11-01,42.333847
2002-11-04,42.199928
2002-11-05,42.085972
2002-11-06,42.224751
2002-11-07,42.636192
2002-11-08,42.740299
2002-11-11,42.849335
2002-11-12,42.715511
2002-11-13,42.765072
2002-11-14,42.229702
2002-11-15,42.259453
2002-11-18,42.299114
2002-11-19,42.333847
2002-11-20,42.100842
2002-11-21,41.857918
2002-11-22,41.808311
2002-11-25,41.743923
2002-11-26,42.120651
2002-11-27,41.639828
2002-11-29,41.699299
2002-12-02,41.684338
2002-12-03,41.679321
2002-12-04,41.823990
2002-12-05,41.938736
2002-12-06,42.108307
2002-12-09,42.267918
2002-12-10,42.233044
2002-12-11,42.372677
2002-12-12,42.407604
2002-12-13,42.252964
2002-12-16,42.078388
2002-12-17,42.178127
2002-12-18,42.437519
2002-12-19,42.656986
2002-12-20,42.656986
2002-12-23,42.632023
2002-12-24,42.791634
2002-12-26,42.856525
2002-12-27,43.110912
2002-12-30,43.190720
2002-12-31,43.178684
2003-01-02,42.497036
2003-01-03,42.567226
2003-01-06,42.461971
2003-01-07,42.597240
2003-01-08,42.697544
2003-01-09,42.181267
2003-01-10,42.226383
2003-01-13,42.301556
2003-01-14,42.401836
2003-01-15,42.497036
2003-01-16,42.481987
2003-01-17,42.657413
2003-01-21,42.802765
2003-01-22,42.978184
2003-01-23,42.887985
2003-01-24,42.973164
2003-01-27,42.842865
2003-01-28,42.847889
2003-01-29,42.662415
2003-01-30,42.827808
2003-01-31,42.847889
2003-02-03,42.781513
2003-02-04,42.922260
2003-02-05,42.756332
2003-02-06,42.922260
2003-02-07,42.942406
2003-02-10,42.861931
2003-02-11,42.902157
2003-02-12,43.088207
2003-02-13,43.244102
2003-02-14,43.093262
2003-02-18,43.093262
2003-02-19,43.254185
2003-02-20,43.405037
2003-02-21,43.244102
2003-02-24,43.415066
2003-02-25,43.475418
2003-02-26,43.606159
2003-02-27,43.646351
2003-02-28,43.792183
2003-03-03,43.882996
2003-03-04,43.968662
2003-03-05,44.049343
2003-03-06,43.958603
2003-03-07,44.104790
2003-03-10,44.251057
2003-03-11,44.240959
2003-03-12,44.140118
2003-03-13,43.651028
2003-03-14,43.792187
2003-03-17,43.449318
2003-03-18,43.212337
2003-03-19,43.005596
2003-03-20,43.035862
2003-03-21,42.642563
2003-03-24,43.056023
2003-03-25,43.061077
2003-03-26,43.161907
2003-03-27,43.242596
2003-03-28,43.313168
2003-03-31,43.625824
2003-04-01,43.569710
2003-04-02,43.261173
2003-04-03,43.337067
2003-04-04,43.261173
2003-04-07,43.160076
2003-04-08,43.321869
2003-04-09,43.468521
2003-04-10,43.352211
2003-04-11,43.240963
2003-04-14,43.119606
2003-04-15,43.271328
2003-04-16,43.367405
2003-04-17,43.311764
2003-04-21,43.230854
2003-04-22,43.240963
2003-04-23,43.220741
2003-04-24,43.473583
2003-04-25,43.544376
2003-04-28,43.498882
2003-04-29,43.423046
2003-04-30,43.686012
2003-05-01,43.722565
2003-05-02,43.483913
2003-05-05,43.620991
2003-05-06,43.890087
2003-05-07,44.194721
2003-05-08,44.240414
2003-05-09,44.311504
2003-05-12,44.499271
2003-05-13,44.539932
2003-05-14,44.783596
2003-05-15,44.737938
2003-05-16,44.976536
2003-05-19,44.966393
2003-05-20,45.265923
2003-05-21,45.123745
2003-05-22,45.337013
2003-05-23,45.286217
2003-05-27,45.118664
2003-05-28,45.128819
2003-05-29,45.367466
2003-05-30,45.342033
2003-06-02,45.165962
2003-06-03,45.466251
2003-06-04,45.598652
2003-06-05,45.435738
2003-06-06,45.384857
2003-06-09,45.634315
2003-06-10,45.888863
2003-06-11,45.792126
2003-06-12,45.970287
2003-06-13,46.138302
2003-06-16,45.899040
2003-06-17,45.649555
2003-06-18,45.374657
2003-06-19,45.440804
2003-06-20,45.369568
2003-06-23,45.542652
2003-06-24,45.756451
2003-06-25,45.410267
2003-06-26,44.962311
2003-06-27,44.921551
2003-06-30,45.028469
2003-07-01,45.147987
2003-07-02,45.194149
2003-07-03,44.906933
2003-07-07,44.665848
2003-07-08,44.681232
2003-07-09,44.763275
2003-07-10,44.865864
2003-07-11,45.024872
2003-07-14,44.763275
2003-07-15,44.152931
2003-07-16,44.168297
2003-07-17,44.075943
2003-07-18,43.963127
2003-07-21,43.388657
2003-07-22,43.542545
2003-07-23,43.675880
2003-07-24,43.506599
2003-07-25,43.450176
2003-07-28,43.132175
2003-07-29,42.711578
2003-07-30,43.055237
2003-07-31,42.768028
2003-08-01,42.942371
2003-08-04,43.257938
2003-08-05,42.968231
2003-08-06,43.408001
2003-08-07,43.563183
2003-08-08,43.558025
2003-08-11,43.376980
2003-08-12,43.299324
2003-08-13,42.818195
2003-08-14,42.906120
2003-08-15,42.890606
2003-08-18,43.019943
2003-08-19,43.361462
2003-08-20,43.154533
2003-08-21,42.994072
2003-08-22,43.025158
2003-08-25,42.838913
2003-08-26,42.994072
2003-08-27,42.890606
2003-08-28,43.190693
2003-08-29,43.071728
2003-09-02,42.896275
2003-09-03,43.005905
2003-09-04,43.282650
2003-09-05,43.830936
2003-09-08,43.627300
2003-09-09,43.836121
2003-09-10,44.133781
2003-09-11,43.977173
2003-09-12,44.154663
2003-09-15,44.233028
2003-09-16,44.196499
2003-09-17,44.441845
2003-09-18,44.436684
2003-09-19,44.436684
2003-09-22,44.243458
2003-09-23,44.347916
2003-09-24,44.572445
2003-09-25,44.635090
2003-09-26,44.974506
2003-09-29,44.781311
2003-09-30,45.214684
2003-10-01,45.415337
2003-10-02,45.252094
2003-10-03,44.625431
2003-10-06,44.757084
2003-10-07,44.498974
2003-10-08,44.577995
2003-10-09,44.435829
2003-10-10,44.567490
2003-10-13,44.498974
2003-10-14,44.319962
2003-10-15,44.161991
2003-10-16,43.919731
2003-10-17,44.156715
2003-10-20,44.188324
2003-10-21,44.267288
2003-10-22,44.588543
2003-10-23,44.446358
2003-10-24,44.757084
2003-10-27,44.635910
2003-10-28,44.846622
2003-10-29,44.556950
2003-10-30,44.393715
2003-10-31,44.551685
2003-11-03,44.382118
2003-11-04,44.540554
2003-11-05,44.382118
2003-11-06,44.154892
2003-11-07,44.080891
2003-11-10,44.065086
2003-11-11,44.133728
2003-11-12,44.276443
2003-11-13,44.662106
2003-11-14,44.905197
2003-11-17,44.958008
2003-11-18,45.142918
2003-11-19,44.836456
2003-11-20,45.116474
2003-11-21,45.095341
2003-11-24,44.857613
2003-11-25,44.968525
2003-11-26,44.857613
2003-11-28,44.561729
2003-12-01,44.289410
2003-12-02,44.416538
2003-12-03,44.300011
2003-12-04,44.395397
2003-12-05,44.935745
2003-12-08,44.766178
2003-12-09,44.543724
2003-12-10,44.654961
2003-12-11,44.925182
2003-12-12,44.925182
2003-12-15,44.903961
2003-12-16,45.444366
2003-12-17,45.562122
2003-12-18,45.717289
2003-12-19,45.722610
2003-12-22,45.599548
2003-12-23,45.289234
2003-12-24,45.572773
2003-12-26,45.717289
2003-12-29,45.439026
2003-12-30,45.390877
2003-12-31,45.470879
2004-01-02,45.105812
2004-01-05,45.068222
2004-01-06,45.406445
2004-01-07,45.508469
2004-01-08,45.508469
2004-01-09,46.045307
2004-01-12,46.045307
2004-01-13,46.292271
2004-01-14,46.383545
2004-01-15,46.410347
2004-01-16,46.217060
2004-01-20,46.136555
2004-01-21,46.270744
2004-01-22,46.469387
2004-01-23,46.120476
2004-01-26,45.927216
2004-01-27,46.109695
2004-01-28,45.776859
2004-01-29,45.723183
2004-01-30,45.932541
2004-02-02,45.886768
2004-02-03,46.064510
2004-02-04,45.989109
2004-02-05,45.816814
2004-02-06,46.096767
2004-02-09,46.204475
2004-02-10,46.075249
2004-02-11,46.317566
2004-02-12,46.290619
2004-02-13,46.409069
2004-02-17,46.409069
2004-02-18,46.398304
2004-02-19,46.430660
2004-02-20,46.274452
2004-02-23,46.425278
2004-02-24,46.506004
2004-02-25,46.559860
2004-02-26,46.489845
2004-02-27,46.672947
2004-03-01,46.722099
2004-03-02,46.452084
2004-03-03,46.408844
2004-03-04,46.554684
2004-03-05,47.132469
2004-03-08,47.397045
2004-03-09,47.575279
2004-03-10,47.569904
2004-03-11,47.575279
2004-03-12,47.429493
2004-03-15,47.456478
2004-03-16,47.688702
2004-03-17,47.656250
2004-03-18,47.505051
2004-03-19,47.440292
2004-03-22,47.618484
2004-03-23,47.688702
2004-03-24,47.656250
2004-03-25,47.591484
2004-03-26,47.289059
2004-03-29,47.089279
2004-03-30,47.105465
2004-03-31,47.278267
2004-04-01,47.162365
2004-04-02,46.290363
2004-04-05,46.062958
2004-04-06,46.225441
2004-04-07,46.230850
2004-04-08,46.144135
2004-04-12,45.997948
2004-04-13,45.640491
2004-04-14,45.608002
2004-04-15,45.542992
2004-04-16,45.710888
2004-04-19,45.591736
2004-04-20,45.261349
2004-04-21,45.353455
2004-04-22,45.532177
2004-04-23,45.342587
2004-04-26,45.337189
2004-04-27,45.515923
2004-04-28,45.218025
2004-04-29,45.115166
2004-04-30,45.223454
2004-05-03,45.206066
2004-05-04,45.075676
2004-05-05,44.972431
2004-05-06,44.928955
2004-05-07,44.374741
2004-05-10,44.363888
2004-05-11,44.450836
2004-05-12,44.385601
2004-05-13,44.249802
2004-05-14,44.472584
2004-05-17,44.760551
2004-05-18,44.673603
2004-05-19,44.467106
2004-05-20,44.689945
2004-05-21,44.592113
2004-05-24,44.624718
2004-05-25,44.640987
2004-05-26,44.863758
2004-05-27,45.108295
2004-05-28,44.983315
2004-06-01,44.759228
2004-06-02,44.682922
2004-06-03,44.753761
2004-06-04,44.568409
2004-06-07,44.633854
2004-06-08,44.622971
2004-06-09,44.492073
2004-06-10,44.541161
2004-06-14,44.323097
2004-06-15,44.911896
2004-06-16,44.813747
2004-06-17,44.939156
2004-06-18,44.846432
2004-06-21,44.917343
2004-06-22,44.857346
2004-06-23,44.922756
2004-06-24,45.097271
2004-06-25,45.119057
2004-06-28,44.786491
2004-06-29,44.999130
2004-06-30,45.277138
2004-07-01,45.366325
2004-07-02,45.754658
2004-07-06,45.667133
2004-07-07,45.689026
2004-07-08,45.694481
2004-07-09,45.771084
2004-07-12,45.825771
2004-07-13,45.727318
2004-07-14,45.705441
2004-07-15,45.683537
2004-07-16,46.126610
2004-07-19,46.115669
2004-07-20,45.814838
2004-07-21,45.716377
2004-07-22,45.771084
2004-07-23,45.880409
2004-07-26,45.721840
2004-07-27,45.399097
2004-07-28,45.470249
2004-07-29,45.513962
2004-07-30,45.825771
2004-08-02,45.871311
2004-08-03,45.981075
2004-08-04,45.953648
2004-08-05,46.090836
2004-08-06,46.721912
2004-08-09,46.568268
2004-08-10,46.376156
2004-08-11,46.535370
2004-08-12,46.595654
2004-08-13,46.678001
2004-08-16,46.628628
2004-08-17,46.848137
2004-08-18,46.694458
2004-08-19,46.809708
2004-08-20,46.716415
2004-08-23,46.557266
2004-08-24,46.601162
2004-08-25,46.606659
2004-08-26,46.809708
2004-08-27,46.754807
2004-08-30,46.919476
2004-08-31,47.122513
2004-09-01,47.114811
2004-09-02,46.861557
2004-09-03,46.734989
2004-09-07,46.762486
2004-09-08,47.032215
2004-09-09,46.949646
2004-09-10,47.043262
2004-09-13,47.158829
2004-09-14,47.169880
2004-09-15,47.120296
2004-09-16,47.379021
2004-09-17,47.213848
2004-09-20,47.483589
2004-09-21,47.516670
2004-09-22,47.709282
2004-09-23,47.544147
2004-09-24,47.538654
2004-09-27,47.670795
2004-09-28,47.621246
2004-09-29,47.323971
2004-09-30,47.274410
2004-10-01,47.085068
2004-10-04,47.101627
2004-10-05,47.101627
2004-10-06,46.947010
2004-10-07,46.864231
2004-10-08,47.261730
2004-10-11,47.339050
2004-10-12,47.339050
2004-10-13,47.510185
2004-10-14,47.675854
2004-10-15,47.515709
2004-10-18,47.587502
2004-10-19,47.570919
2004-10-20,47.786270
2004-10-21,47.719982
2004-10-22,47.852482
2004-10-25,47.907719
2004-10-26,47.824909
2004-10-27,47.532284
2004-10-28,47.604069
2004-10-29,47.742088
2004-11-01,47.506702
2004-11-02,47.623013
2004-11-03,47.606422
2004-11-04,47.578701
2004-11-05,47.224270
2004-11-08,47.157810
2004-11-09,47.168865
2004-11-10,47.074741
2004-11-11,47.063641
2004-11-12,47.240864
2004-11-15,47.263039
2004-11-16,47.213181
2004-11-17,47.462395
2004-11-18,47.501186
2004-11-19,47.240864
2004-11-22,47.274105
2004-11-23,47.229794
2004-11-24,47.296246
2004-11-26,47.124603
2004-11-29,46.842144
2004-11-30,46.797821
2004-12-01,46.782242
2004-12-02,46.676720
2004-12-03,47.143368
2004-12-06,47.232273
2004-12-07,47.226688
2004-12-08,47.576683
2004-12-09,47.465572
2004-12-10,47.537830
2004-12-13,47.571136
2004-12-14,47.654465
2004-12-15,47.826675
2004-12-16,47.460022
2004-12-17,47.398895
2004-12-20,47.454449
2004-12-21,47.521130
2004-12-22,47.471123
2004-12-23,47.410023
2004-12-27,47.209995
2004-12-28,47.204502
2004-12-29,47.110046
2004-12-30,47.287804
2004-12-31,47.344105
2005-01-03,47.438839
2005-01-04,47.143486
2005-01-05,47.221497
2005-01-06,47.266094
2005-01-07,47.227097
2005-01-10,47.221497
2005-01-11,47.316216
2005-01-12,47.388691
2005-01-13,47.578136
2005-01-14,47.550289
2005-01-18,47.533592
2005-01-19,47.561451
2005-01-20,47.645039
2005-01-21,47.739780
2005-01-24,47.734226
2005-01-25,47.555874
2005-01-26,47.567036
2005-01-27,47.494579
2005-01-28,47.739780
2005-01-31,47.756519
2005-02-01,47.723488
2005-02-02,47.729092
2005-02-03,47.650883
2005-02-04,47.896797
2005-02-07,47.991852
2005-02-08,48.036610
2005-02-09,48.271381
2005-02-10,47.969467
2005-02-11,47.908012
2005-02-14,47.969467
2005-02-15,47.896797
2005-02-16,47.723488
2005-02-17,47.617340
2005-02-18,47.376949
2005-02-22,47.382561
2005-02-23,47.421642
2005-02-24,47.343380
2005-02-25,47.410496
2005-02-28,47.103020
2005-03-01,47.103565
2005-03-02,47.097973
2005-03-03,47.069950
2005-03-04,47.282928
2005-03-07,47.294147
2005-03-08,47.069950
2005-03-09,46.711174
2005-03-10,46.795261
2005-03-11,46.599094
2005-03-14,46.711174
2005-03-15,46.621483
2005-03-16,46.728001
2005-03-17,46.907387
2005-03-18,46.789684
2005-03-21,46.733612
2005-03-22,46.391697
2005-03-23,46.498196
2005-03-24,46.537411
2005-03-28,46.386059
2005-03-29,46.576679
2005-03-30,46.683170
2005-03-31,46.912971
2005-04-01,47.008034
2005-04-04,46.985527
2005-04-05,46.991177
2005-04-06,47.131805
2005-04-07,46.951797
2005-04-08,47.002392
2005-04-11,47.143040
2005-04-12,47.390499
2005-04-13,47.412991
2005-04-14,47.536716
2005-04-15,47.846054
2005-04-18,47.744827
2005-04-19,48.020386
2005-04-20,47.992294
2005-04-21,47.649193
2005-04-22,47.851681
2005-04-25,47.851681
2005-04-26,47.829163
2005-04-27,47.975418
2005-04-28,48.267887
2005-04-29,48.093540
2005-05-02,48.142616
2005-05-03,48.204674
2005-05-04,48.193390
2005-05-05,48.345741
2005-05-06,48.001579
2005-05-09,47.995918
2005-05-10,48.165157
2005-05-11,48.227283
2005-05-12,48.272396
2005-05-13,48.396511
2005-05-16,48.402161
2005-05-17,48.464195
2005-05-18,48.622189
2005-05-19,48.475460
2005-05-20,48.469837
2005-05-23,48.689873
2005-05-24,48.819679
2005-05-25,48.644753
2005-05-26,48.672970
2005-05-27,48.723736
2005-05-31,48.977608
2005-06-01,49.279812
2005-06-02,49.262863
2005-06-03,48.979881
2005-06-06,49.110054
2005-06-07,49.251507
2005-06-08,49.160995
2005-06-09,49.132675
2005-06-10,48.821442
2005-06-13,48.691288
2005-06-14,48.634663
2005-06-15,48.617714
2005-06-16,48.770515
2005-06-17,48.713902
2005-06-20,48.640350
2005-06-21,48.793167
2005-06-22,49.160995
2005-06-23,49.110054
2005-06-24,49.228889
2005-06-27,49.268539
2005-06-28,49.059124
2005-06-29,49.042149
2005-06-30,49.211922
2005-07-01,48.788490
2005-07-05,48.589783
2005-07-06,48.691959
2005-07-07,48.805450
2005-07-08,48.629494
2005-07-11,48.606804
2005-07-12,48.481937
2005-07-13,48.436535
2005-07-14,48.374107
2005-07-15,48.385437
2005-07-18,48.305981
2005-07-19,48.374107
2005-07-20,48.464935
2005-07-21,48.107285
2005-07-22,48.334351
2005-07-25,48.249214
2005-07-26,48.283245
2005-07-27,48.215149
2005-07-28,48.425175
2005-07-29,48.135674
2005-08-01,48.039444
2005-08-02,47.993881
2005-08-03,48.113480
2005-08-04,48.079304
2005-08-05,47.823025
2005-08-08,47.697762
2005-08-09,47.834461
2005-08-10,47.811657
2005-08-11,48.016689
2005-08-12,48.210274
2005-08-15,48.147636
2005-08-16,48.375416
2005-08-17,48.187496
2005-08-18,48.443760
2005-08-19,48.415276
2005-08-22,48.455139
2005-08-23,48.546238
2005-08-24,48.569012
2005-08-25,48.597500
2005-08-26,48.517799
2005-08-29,48.551968
2005-08-30,48.779736
2005-08-31,49.098633
2005-09-01,49.146629
2005-09-02,49.158077
2005-09-06,49.003792
2005-09-07,48.843842
2005-09-08,48.843842
2005-09-09,48.883812
2005-09-12,48.729591
2005-09-13,48.878136
2005-09-14,48.775307
2005-09-15,48.626774
2005-09-16,48.438251
2005-09-19,48.535309
2005-09-20,48.495358
2005-09-21,48.718212
2005-09-22,48.752407
2005-09-23,48.483936
2005-09-26,48.358261
2005-09-27,48.386810
2005-09-28,48.483936
2005-09-29,48.375366
2005-09-30,48.238270
2005-10-03,48.053173
2005-10-04,48.076050
2005-10-05,48.190716
2005-10-06,48.127670
2005-10-07,48.190716
2005-10-10,48.202179
2005-10-11,48.110447
2005-10-12,47.927059
2005-10-13,47.852566
2005-10-14,47.852566
2005-10-17,47.795246
2005-10-18,47.864002
2005-10-19,47.921360
2005-10-20,47.949997
2005-10-21,48.162052
2005-10-24,47.955738
2005-10-25,47.732197
2005-10-26,47.548767
2005-10-27,47.657707
2005-10-28,47.606102
2005-10-31,47.640465
2005-11-01,47.610569
2005-11-02,47.512810
2005-11-03,47.346058
2005-11-04,47.323006
2005-11-07,47.409275
2005-11-08,47.645100
2005-11-09,47.392071
2005-11-10,47.662373
2005-11-11,47.719856
2005-11-14,47.507080
2005-11-15,47.668102
2005-11-16,47.909687
2005-11-17,48.001713
2005-11-18,47.886635
2005-11-21,47.978664
2005-11-22,48.145466
2005-11-23,48.018932
2005-11-25,48.162720
2005-11-28,48.225983
2005-11-29,47.961418
2005-11-30,47.938389
2005-12-01,47.830490
2005-12-02,47.870903
2005-12-05,47.726616
2005-12-06,47.951702
2005-12-07,47.922855
2005-12-08,48.130573
2005-12-09,47.917053
2005-12-12,47.807411
2005-12-13,47.922855
2005-12-14,48.222916
2005-12-15,48.159443
2005-12-16,48.246029
2005-12-19,48.274872
2005-12-20,48.194069
2005-12-21,48.130573
2005-12-22,48.321030
2005-12-23,48.436481
2005-12-27,48.667305
2005-12-28,48.517899
2005-12-29,48.575817
2005-12-30,48.593189
2006-01-03,48.587391
2006-01-04,48.674240
2006-01-05,48.685852
2006-01-06,48.622120
2006-01-09,48.645279
2006-01-10,48.448353
2006-01-11,48.326775
2006-01-12,48.500507
2006-01-13,48.714783
2006-01-17,48.772747
2006-01-18,48.790089
2006-01-19,48.668468
2006-01-20,48.749516
2006-01-23,48.737965
2006-01-24,48.656883
2006-01-25,48.355762
2006-01-26,48.251503
2006-01-27,48.286282
2006-01-30,48.181999
2006-01-31,48.251503
2006-02-01,48.102764
2006-02-02,48.102764
2006-02-03,48.248016
2006-02-06,48.178329
2006-02-07,48.120201
2006-02-08,48.091152
2006-02-09,48.137650
2006-02-10,47.998211
2006-02-13,47.998211
2006-02-14,47.928467
2006-02-15,48.015656
2006-02-16,47.992386
2006-02-17,48.155033
2006-02-21,48.096989
2006-02-22,48.277077
2006-02-23,48.160877
2006-02-24,48.102764
2006-02-27,48.009830
2006-02-28,48.201569
2006-03-01,48.106548
2006-03-02,47.914185
2006-03-03,47.797630
2006-03-06,47.646099
2006-03-07,47.669403
2006-03-08,47.692730
2006-03-09,47.739357
2006-03-10,47.646099
2006-03-13,47.605320
2006-03-14,47.879227
2006-03-15,47.791824
2006-03-16,48.094879
2006-03-17,47.995815
2006-03-20,48.089066
2006-03-21,47.890881
2006-03-22,47.949127
2006-03-23,47.826763
2006-03-24,48.036606
2006-03-27,47.931713
2006-03-28,47.698547
2006-03-29,47.651932
2006-03-30,47.512047
2006-03-31,47.547024
2006-04-03,47.494400
2006-04-04,47.500217
2006-04-05,47.611340
2006-04-06,47.476864
2006-04-07,47.260548
2006-04-10,47.318989
2006-04-11,47.406738
2006-04-12,47.295589
2006-04-13,47.044167
2006-04-17,47.225433
2006-04-18,47.377464
2006-04-19,47.242958
2006-04-20,47.202030
2006-04-21,47.301464
2006-04-24,47.359985
2006-04-25,47.061737
2006-04-26,47.038353
2006-04-27,47.167007
2006-04-28,47.248840
2006-05-01,46.992992
2006-05-02,47.069286
2006-05-03,47.004688
2006-05-04,46.975372
2006-05-05,47.086868
2006-05-08,47.110321
2006-05-09,47.092712
2006-05-10,47.116226
2006-05-11,47.034050
2006-05-12,46.858009
2006-05-15,46.957787
2006-05-16,47.133839
2006-05-17,46.998863
2006-05-18,47.333363
2006-05-19,47.304008
2006-05-22,47.368557
2006-05-23,47.350945
2006-05-24,47.421349
2006-05-25,47.345089
2006-05-26,47.386169
2006-05-30,47.345089
2006-05-31,47.198372
2006-06-01,47.277294
2006-06-02,47.642429
2006-06-05,47.548218
2006-06-06,47.589428
2006-06-07,47.524677
2006-06-08,47.589428
2006-06-09,47.707287
2006-06-12,47.683712
2006-06-13,47.748482
2006-06-14,47.430458
2006-06-15,47.324440
2006-06-16,47.294979
2006-06-19,47.241982
2006-06-20,47.206608
2006-06-21,47.200729
2006-06-22,47.047592
2006-06-23,47.006336
2006-06-26,46.976936
2006-06-27,47.100609
2006-06-28,46.947495
2006-06-29,47.141830
2006-06-30,47.306759
2006-07-03,47.284275
2006-07-05,47.112823
2006-07-06,47.260605
2006-07-07,47.408455
2006-07-10,47.443943
2006-07-11,47.497131
2006-07-12,47.538513
2006-07-13,47.644924
2006-07-14,47.680431
2006-07-17,47.639030
2006-07-18,47.455753
2006-07-19,47.757290
2006-07-20,47.857845
2006-07-21,47.828243
2006-07-24,47.828243
2006-07-25,47.780945
2006-07-26,47.899204
2006-07-27,47.893272
2006-07-28,48.023346
2006-07-31,48.100224
2006-08-01,48.111507
2006-08-02,48.153046
2006-08-03,48.164913
2006-08-04,48.402370
2006-08-07,48.337067
2006-08-08,48.343014
2006-08-09,48.319302
2006-08-10,48.331181
2006-08-11,48.176819
2006-08-14,48.093723
2006-08-15,48.325191
2006-08-16,48.527042
2006-08-17,48.515152
2006-08-18,48.645760
2006-08-21,48.705086
2006-08-22,48.722954
2006-08-23,48.675442
2006-08-24,48.722954
2006-08-25,48.788208
2006-08-28,48.782280
2006-08-29,48.823841
2006-08-30,48.883209
2006-08-31,48.948528
2006-09-01,49.021183
2006-09-05,48.860317
2006-09-06,48.824558
2006-09-07,48.860317
2006-09-08,48.907997
2006-09-11,48.818623
2006-09-12,48.955612
2006-09-13,49.003334
2006-09-14,48.907997
2006-09-15,48.878170
2006-09-18,48.806656
2006-09-19,49.098637
2006-09-20,49.110542
2006-09-21,49.462101
2006-09-22,49.611046
2006-09-25,49.777939
2006-09-26,49.652775
2006-09-27,49.640842
2006-09-28,49.593212
2006-09-29,49.539604
2006-10-02,49.626888
2006-10-03,49.620934
2006-10-04,49.848198
2006-10-05,49.674797
2006-10-06,49.405609
2006-10-09,49.465431
2006-10-10,49.166344
2006-10-11,49.106506
2006-10-12,49.136459
2006-10-13,49.052731
2006-10-16,49.136459
2006-10-17,49.190296
2006-10-18,49.178326
2006-10-19,49.136459
2006-10-20,49.124504
2006-10-23,48.986900
2006-10-24,49.052731
2006-10-25,49.232121
2006-10-26,49.399635
2006-10-27,49.561119
2006-10-30,49.585022
2006-10-31,49.806377
2006-11-01,49.979256
2006-11-02,49.841202
2006-11-03,49.462948
2006-11-06,49.510998
2006-11-07,49.679115
2006-11-08,49.787132
2006-11-09,49.781120
2006-11-10,49.889187
2006-11-13,49.865211
2006-11-14,49.967255
2006-11-15,49.829144
2006-11-16,49.703091
2006-11-17,49.883167
2006-11-20,49.913231
2006-11-21,49.985275
2006-11-22,50.063293
2006-11-24,50.117348
2006-11-27,50.165352
2006-11-28,50.255390
2006-11-29,50.195396
2006-11-30,50.459484
2006-12-01,50.576431
2006-12-04,50.570358
2006-12-05,50.504108
2006-12-06,50.425781
2006-12-07,50.407707
2006-12-08,50.178753
2006-12-11,50.335388
2006-12-12,50.425781
2006-12-13,50.166725
2006-12-14,50.088383
2006-12-15,50.100479
2006-12-18,50.124500
2006-12-19,50.112434
2006-12-20,50.100479
2006-12-21,50.281178
2006-12-22,50.052219
2006-12-26,50.088383
2006-12-27,49.954838
2006-12-28,49.840046
2006-12-29,49.815838
2007-01-03,49.960896
2007-01-04,50.142174
2007-01-05,49.978985
2007-01-08,50.015236
2007-01-09,50.003178
2007-01-10,49.918556
2007-01-11,49.785629
2007-01-12,49.682919
2007-01-16,49.779579
2007-01-17,49.682919
2007-01-18,49.749363
2007-01-19,49.670803
2007-01-22,49.761482
2007-01-23,49.616444
2007-01-24,49.622498
2007-01-25,49.429104
2007-01-26,49.423073
2007-01-29,49.386818
2007-01-30,49.435173
2007-01-31,49.616444
2007-02-01,49.580666
2007-02-02,49.623100
2007-02-05,49.677696
2007-02-06,49.817188
2007-02-07,49.926407
2007-02-08,49.938534
2007-02-09,49.786892
2007-02-12,49.720150
2007-02-13,49.683746
2007-02-14,49.968838
2007-02-15,50.047707
2007-02-16,50.102337
2007-02-20,50.162964
2007-02-21,50.156902
2007-02-22,50.029530
2007-02-23,50.229691
2007-02-26,50.387398
2007-02-27,50.811970
2007-02-28,50.636108
2007-03-01,50.681744
2007-03-02,50.846020
2007-03-05,50.876457
2007-03-06,50.809498
2007-03-07,50.900814
2007-03-08,50.894730
2007-03-09,50.608704
2007-03-12,50.748646
2007-03-13,50.973835
2007-03-14,50.906929
2007-03-15,50.852112
2007-03-16,50.846020
2007-03-19,50.779121
2007-03-20,50.852112
2007-03-21,50.925163
2007-03-22,50.754749
2007-03-23,50.675648
2007-03-26,50.718239
2007-03-27,50.706017
2007-03-28,50.699986
2007-03-29,50.626938
2007-03-30,50.566044
2007-04-02,50.622318
2007-04-03,50.579502
2007-04-04,50.658970
2007-04-05,50.530643
2007-04-09,50.298512
2007-04-10,50.402302
2007-04-11,50.341282
2007-04-12,50.390141
2007-04-13,50.304596
2007-04-16,50.359604
2007-04-17,50.573444
2007-04-18,50.689468
2007-04-19,50.683323
2007-04-20,50.628395
2007-04-23,50.732277
2007-04-24,50.829979
2007-04-25,50.799503
2007-04-26,50.652813
2007-04-27,50.652813
2007-04-30,50.872787
2007-05-01,50.875191
2007-05-02,50.813923
2007-05-03,50.758686
2007-05-04,50.887493
2007-05-07,50.930454
2007-05-08,50.930454
2007-05-09,50.764896
2007-05-10,50.893620
2007-05-11,50.789375
2007-05-14,50.715782
2007-05-15,50.709690
2007-05-16,50.678970
2007-05-17,50.544098
2007-05-18,50.396915
2007-05-21,50.464352
2007-05-22,50.323288
2007-05-23,50.225178
2007-05-24,50.292652
2007-05-25,50.237446
2007-05-29,50.133205
2007-05-30,50.182259
2007-05-31,50.163837
2007-06-01,49.947708
2007-06-04,50.027794
2007-06-05,49.867680
2007-06-06,49.892345
2007-06-07,49.393620
2007-06-08,49.485958
2007-06-11,49.356667
2007-06-12,49.005699
2007-06-13,49.165764
2007-06-14,49.178085
2007-06-15,49.393620
2007-06-18,49.368996
2007-06-19,49.609077
2007-06-20,49.449013
2007-06-21,49.387444
2007-06-22,49.535152
2007-06-25,49.695320
2007-06-26,49.707615
2007-06-27,49.701454
2007-06-28,49.670658
2007-06-29,49.929291
2007-07-02,50.005276
2007-07-03,49.856960
2007-07-05,49.578804
2007-07-06,49.461353
2007-07-09,49.640621
2007-07-10,49.980595
2007-07-11,49.807549
2007-07-12,49.665356
2007-07-13,49.776569
2007-07-16,49.974335
2007-07-17,49.869335
2007-07-18,50.048546
2007-07-19,50.042374
2007-07-20,50.289635
2007-07-23,50.271091
2007-07-24,50.407055
2007-07-25,50.475101
2007-07-26,50.876884
2007-07-27,50.975761
2007-07-30,50.845921
2007-07-31,51.056122
2007-08-01,50.914612
2007-08-02,50.951839
2007-08-03,51.280746
2007-08-06,51.075974
2007-08-07,51.069744
2007-08-08,50.716042
2007-08-09,51.001495
2007-08-10,50.927021
2007-08-13,51.007706
2007-08-14,51.193871
2007-08-15,51.286964
2007-08-16,51.485531
2007-08-17,51.522747
2007-08-20,51.634453
2007-08-21,51.857834
2007-08-22,51.690247
2007-08-23,51.708893
2007-08-24,51.727512
2007-08-27,51.870224
2007-08-28,52.137074
2007-08-29,51.938480
2007-08-30,52.199081
2007-08-31,52.211498
2007-09-04,52.114342
2007-09-05,52.438293
2007-09-06,52.326157
2007-09-07,52.886852
2007-09-10,53.005230
2007-09-11,52.893085
2007-09-12,52.762241
2007-09-13,52.450710
2007-09-14,52.519276
2007-09-17,52.550465
2007-09-18,52.494381
2007-09-19,52.307480
2007-09-20,51.715637
2007-09-21,51.977264
2007-09-24,52.045784
2007-09-25,52.052059
2007-09-26,52.070744
2007-09-27,52.238926
2007-09-28,52.257645
2007-10-01,52.320152
2007-10-02,52.432709
2007-10-03,52.395199
2007-10-04,52.488956
2007-10-05,52.026245
2007-10-08,52.213867
2007-10-09,52.051273
2007-10-10,52.101280
2007-10-11,52.107548
2007-10-12,51.932484
2007-10-15,51.982502
2007-10-16,52.126312
2007-10-17,52.445190
2007-10-18,52.645313
2007-10-19,53.095577
2007-10-22,52.995487
2007-10-23,52.982994
2007-10-24,53.251862
2007-10-25,53.208080
2007-10-26,53.076771
2007-10-29,53.120544
2007-10-30,53.176823
2007-10-31,52.820438
2007-11-01,53.251507
2007-11-02,53.395832
2007-11-05,53.333065
2007-11-06,53.238945
2007-11-07,53.433510
2007-11-08,53.552757
2007-11-09,53.872761
2007-11-12,53.966900
2007-11-13,53.690781
2007-11-14,53.728424
2007-11-15,54.029640
2007-11-16,54.029640
2007-11-19,54.418701
2007-11-20,54.274403
2007-11-21,54.701080
2007-11-23,54.537945
2007-11-26,55.284664
2007-11-27,54.770134
2007-11-28,54.575588
2007-11-29,54.883099
2007-11-30,54.958359
2007-12-03,55.175617
2007-12-04,55.225945
2007-12-05,55.018192
2007-12-06,54.728573
2007-12-07,54.375950
2007-12-10,54.250027
2007-12-11,54.993000
2007-12-12,54.533379
2007-12-13,54.130409
2007-12-14,53.972942
2007-12-17,54.294109
2007-12-18,54.401142
2007-12-19,54.835598
2007-12-20,54.747414
2007-12-21,54.350784
2007-12-24,54.193329
2007-12-26,53.935177
2007-12-27,54.297310
2007-12-28,54.733368
2007-12-31,54.986164
2008-01-02,55.377956
2008-01-03,55.491669
2008-01-04,55.637096
2008-01-07,55.738171
2008-01-08,55.858219
2008-01-09,55.769775
2008-01-10,55.618114
2008-01-11,55.972008
2008-01-14,55.997250
2008-01-15,56.363766
2008-01-16,56.256374
2008-01-17,56.711395
2008-01-18,56.629208
2008-01-22,57.261154
2008-01-23,56.995712
2008-01-24,56.477573
2008-01-25,57.002071
2008-01-28,56.793533
2008-01-29,56.566010
2008-01-30,56.540745
2008-01-31,56.831406
2008-02-01,57.015888
2008-02-04,56.698978
2008-02-05,57.098396
2008-02-06,56.996880
2008-02-07,56.356606
2008-02-08,56.832054
2008-02-11,56.958858
2008-02-12,56.838394
2008-02-13,56.597538
2008-02-14,56.286896
2008-02-15,56.407349
2008-02-19,56.001579
2008-02-20,55.950874
2008-02-21,56.527767
2008-02-22,56.369267
2008-02-25,55.995300
2008-02-26,56.134743
2008-02-27,56.267883
2008-02-28,56.927143
2008-02-29,57.535774
2008-03-03,57.389450
2008-03-04,57.173294
2008-03-05,56.925285
2008-03-06,57.383141
2008-03-07,57.580246
2008-03-10,57.993580
2008-03-11,57.364033
2008-03-12,58.025387
2008-03-13,57.720150
2008-03-14,58.317886
2008-03-17,58.610386
2008-03-18,58.209736
2008-03-19,58.712158
2008-03-20,58.839348
2008-03-24,57.802830
2008-03-25,58.006313
2008-03-26,58.050785
2008-03-27,57.974541
2008-03-28,58.203423
2008-03-31,58.305149
2008-04-01,57.795361
2008-04-02,57.603931
2008-04-03,57.603931
2008-04-04,58.044212
2008-04-07,57.661343
2008-04-08,57.667778
2008-04-09,58.012325
2008-04-10,57.782597
2008-04-11,58.031460
2008-04-14,57.884697
2008-04-15,57.623100
2008-04-16,57.233875
2008-04-17,57.099842
2008-04-18,57.042461
2008-04-21,57.048828
2008-04-22,57.093468
2008-04-23,57.036060
2008-04-24,56.589462
2008-04-25,56.512871
2008-04-28,56.614964
2008-04-29,56.717037
2008-04-30,56.895702
2008-05-01,56.889278
2008-05-02,56.428459
2008-05-05,56.511669
2008-05-06,56.332417
2008-05-07,56.556480
2008-05-08,56.921291
2008-05-09,56.985329
2008-05-12,56.889278
2008-05-13,56.415653
2008-05-14,56.396446
2008-05-15,56.710098
2008-05-16,56.614063
2008-05-19,56.742104
2008-05-20,56.914886
2008-05-21,56.780449
2008-05-22,56.409271
2008-05-23,56.658905
2008-05-27,56.383675
2008-05-28,55.961208
2008-05-29,55.698780
2008-05-30,55.884392
2008-06-02,56.216476
2008-06-03,56.511982
2008-06-04,56.306431
2008-06-05,56.010948
2008-06-06,56.499119
2008-06-09,56.094433
2008-06-10,55.760395
2008-06-11,55.818222
2008-06-12,55.330090
2008-06-13,55.201653
2008-06-16,55.208042
2008-06-17,55.394325
2008-06-18,55.696217
2008-06-19,55.375042
2008-06-20,55.631947
2008-06-23,55.606293
2008-06-24,55.901779
2008-06-25,55.895344
2008-06-26,56.210068
2008-06-27,56.486271
2008-06-30,56.524822
2008-07-01,56.371407
2008-07-02,56.506752
2008-07-03,56.526073
2008-07-07,56.790314
2008-07-08,56.932098
2008-07-09,57.202759
2008-07-10,57.222095
2008-07-11,56.687229
2008-07-14,56.990162
2008-07-15,57.196346
2008-07-16,56.674278
2008-07-17,56.403629
2008-07-18,56.210266
2008-07-21,56.339237
2008-07-22,56.145863
2008-07-23,56.055592
2008-07-24,56.538952
2008-07-25,56.210266
2008-07-28,56.532547
2008-07-29,56.371407
2008-07-30,56.480965
2008-07-31,56.932098
2008-08-01,56.960522
2008-08-04,56.921761
2008-08-05,56.630775
2008-08-06,56.650169
2008-08-07,57.180412
2008-08-08,57.154583
2008-08-11,56.876461
2008-08-12,57.270954
2008-08-13,57.148140
2008-08-14,57.322723
2008-08-15,57.536125
2008-08-18,57.678402
2008-08-19,57.594322
2008-08-20,57.762459
2008-08-21,57.639549
2008-08-22,57.471436
2008-08-25,57.853001
2008-08-26,57.872383
2008-08-27,57.956459
2008-08-28,57.872383
2008-08-29,57.801250
2008-09-02,58.115929
2008-09-03,58.258686
2008-09-04,58.550625
2008-09-05,58.420921
2008-09-08,58.427368
2008-09-09,58.693424
2008-09-10,58.544144
2008-09-11,58.440346
2008-09-12,58.148376
2008-09-15,59.264320
2008-09-16,59.095692
2008-09-17,59.627712
2008-09-18,58.926983
2008-09-19,57.875874
2008-09-22,57.752556
2008-09-23,57.752556
2008-09-24,57.901802
2008-09-25,57.726597
2008-09-26,57.687710
2008-09-29,58.492218
2008-09-30,57.720177
2008-10-01,58.127033
2008-10-02,58.452568
2008-10-03,58.673923
2008-10-06,59.149246
2008-10-07,59.103668
2008-10-08,58.348431
2008-10-09,57.762486
2008-10-10,57.085346
2008-10-13,56.694721
2008-10-14,56.427799
2008-10-15,56.890060
2008-10-16,56.903038
2008-10-17,57.261120
2008-10-20,57.319721
2008-10-21,57.925194
2008-10-22,58.367943
2008-10-23,58.446110
2008-10-24,58.198666
2008-10-27,58.166126
2008-10-28,57.697365
2008-10-29,57.782001
2008-10-30,57.339294
2008-10-31,57.222065
2008-11-03,57.313595
2008-11-04,57.999706
2008-11-05,58.306793
2008-11-06,58.130383
2008-11-07,57.921303
2008-11-10,57.980076
2008-11-11,58.195713
2008-11-12,58.555092
2008-11-13,58.130383
2008-11-14,58.705402
2008-11-17,58.953735
2008-11-18,59.411121
2008-11-19,60.051540
2008-11-20,61.260380
2008-11-21,60.698383
2008-11-24,60.129887
2008-11-25,61.162350
2008-11-26,61.534809
2008-11-28,61.658985
2008-12-01,62.493549
2008-12-02,62.821411
2008-12-03,62.919731
2008-12-04,63.313118
2008-12-05,62.644333
2008-12-08,62.408352
2008-12-09,62.939346
2008-12-10,62.880417
2008-12-11,63.260651
2008-12-12,63.437653
2008-12-15,63.575348
2008-12-16,64.584976
2008-12-17,65.024269
2008-12-18,65.463524
2008-12-19,65.247154
2008-12-22,65.076683
2008-12-23,65.043900
2008-12-24,64.978363
2008-12-26,65.325859
2008-12-29,65.469978
2008-12-30,65.562096
2008-12-31,64.838226
2009-01-02,63.910412
2009-01-05,63.798477
2009-01-06,63.759007
2009-01-07,63.772194
2009-01-08,63.943333
2009-01-09,64.239380
2009-01-12,64.640747
2009-01-13,64.686897
2009-01-14,65.048851
2009-01-15,64.996170
2009-01-16,64.397354
2009-01-20,64.298599
2009-01-21,63.726154
2009-01-22,63.304947
2009-01-23,63.318092
2009-01-26,63.160164
2009-01-27,63.574764
2009-01-28,63.166752
2009-01-29,62.344196
2009-01-30,62.317856
2009-02-02,62.823414
2009-02-03,62.282227
2009-02-04,61.965462
2009-02-05,62.110680
2009-02-06,61.734524
2009-02-09,61.609108
2009-02-10,62.433964
2009-02-11,62.915768
2009-02-12,62.895897
2009-02-13,62.401016
2009-02-17,63.450272
2009-02-18,62.988331
2009-02-19,62.638565
2009-02-20,62.816734
2009-02-23,62.876205
2009-02-24,62.638565
2009-02-25,62.071083
2009-02-26,61.912659
2009-02-27,61.859924
2009-03-02,62.480549
2009-03-03,62.401138
2009-03-04,62.083530
2009-03-05,62.811367
2009-03-06,62.513645
2009-03-09,62.540070
2009-03-10,62.083530
2009-03-11,62.526859
2009-03-12,62.705448
2009-03-13,62.659199
2009-03-16,62.301907
2009-03-17,62.182781
2009-03-18,64.313309
2009-03-19,64.094994
2009-03-20,64.094994
2009-03-23,63.876648
2009-03-24,63.783970
2009-03-25,63.400246
2009-03-26,63.565601
2009-03-27,63.525940
2009-03-30,63.797203
2009-03-31,63.909714
2009-04-01,64.066345
2009-04-02,63.648262
2009-04-03,62.918312
2009-04-06,62.772392
2009-04-07,62.931602
2009-04-08,63.243477
2009-04-09,62.871910
2009-04-13,63.243477
2009-04-14,63.568668
2009-04-15,63.628414
2009-04-16,63.376183
2009-04-17,62.865295
2009-04-20,63.303238
2009-04-21,63.057739
2009-04-22,62.905067
2009-04-23,62.891815
2009-04-24,62.646297
2009-04-27,62.905067
2009-04-28,62.599819
2009-04-29,62.261436
2009-04-30,62.155296
2009-05-01,61.955639
2009-05-04,62.015522
2009-05-05,62.002163
2009-05-06,62.028797
2009-05-07,61.509689
2009-05-08,61.582893
2009-05-11,62.161942
2009-05-12,62.121952
2009-05-13,62.408180
2009-05-14,62.414822
2009-05-15,62.261742
2009-05-18,61.895691
2009-05-19,61.809189
2009-05-20,62.002163
2009-05-21,61.323318
2009-05-22,60.963924
2009-05-26,60.557953
2009-05-27,59.872467
2009-05-28,60.185253
2009-05-29,60.864101
2009-06-01,59.870819
2009-06-02,60.071110
2009-06-03,60.438198
2009-06-04,59.737289
2009-06-05,59.143211
2009-06-08,58.842842
2009-06-09,59.096500
2009-06-10,58.742737
2009-06-11,59.143211
2009-06-12,59.456978
2009-06-15,59.723972
2009-06-16,60.057732
2009-06-17,59.897503
2009-06-18,59.169945
2009-06-19,59.443604
2009-06-22,59.764046
2009-06-23,59.957645
2009-06-24,59.730656
2009-06-25,60.478268
2009-06-26,60.558422
2009-06-29,60.685226
2009-06-30,60.524979
2009-07-01,60.486145
2009-07-02,60.687031
2009-07-06,60.727139
2009-07-07,60.968143
2009-07-08,61.670979
2009-07-09,61.309505
2009-07-10,61.691128
2009-07-13,61.470215
2009-07-14,61.061825
2009-07-15,60.271988
2009-07-16,60.633511
2009-07-17,60.225140
2009-07-20,60.446045
2009-07-21,61.122089
2009-07-22,60.760635
2009-07-23,60.171535
2009-07-24,60.298733
2009-07-27,60.017639
2009-07-28,60.138092
2009-07-29,60.178261
2009-07-30,60.419247
2009-07-31,61.028381
2009-08-03,60.379917
2009-08-04,60.205322
2009-08-05,59.862984
2009-08-06,59.862984
2009-08-07,59.466877
2009-08-10,59.849560
2009-08-11,60.265793
2009-08-12,60.097912
2009-08-13,60.567860
2009-08-14,60.755852
2009-08-17,61.172066
2009-08-18,60.957253
2009-08-19,61.185524
2009-08-20,61.346577
2009-08-21,60.722271
2009-08-24,61.098267
2009-08-25,61.259323
2009-08-26,61.339890
2009-08-27,61.172066
2009-08-28,61.313065
2009-08-31,61.494305
2009-09-01,61.653851
2009-09-02,61.990444
2009-09-03,61.768345
2009-09-04,61.398026
2009-09-08,61.256649
2009-09-09,61.310543
2009-09-10,61.768345
2009-09-11,61.950085
2009-09-14,61.586514
2009-09-15,61.458599
2009-09-16,61.411465
2009-09-17,61.714478
2009-09-18,61.384571
2009-09-21,61.344185
2009-09-22,61.505703
2009-09-23,61.640373
2009-09-24,61.808681
2009-09-25,62.057812
2009-09-28,62.165508
2009-09-29,62.138603
2009-09-30,62.185703
2009-10-01,62.653530
2009-10-02,62.626575
2009-10-05,62.619740
2009-10-06,62.417255
2009-10-07,62.815552
2009-10-08,62.585991
2009-10-09,61.985207
2009-10-12,62.167431
2009-10-13,62.309227
2009-10-14,61.883972
2009-10-15,61.681435
2009-10-16,61.964962
2009-10-19,62.059479
2009-10-20,62.201233
2009-10-21,62.059479
2009-10-22,61.877190
2009-10-23,61.573421
2009-10-26,61.222412
2009-10-27,61.748928
2009-10-28,61.937973
2009-10-29,61.640915
2009-10-30,62.099960
2009-11-02,61.936592
2009-11-03,61.793602
2009-11-04,61.623413
2009-11-05,61.637043
2009-11-06,61.820873
2009-11-09,61.848076
2009-11-10,61.895721
2009-11-11,62.072781
2009-11-12,62.093170
2009-11-13,62.140850
2009-11-16,62.474426
2009-11-17,62.610550
2009-11-18,62.454002
2009-11-19,62.528839
2009-11-20,62.522076
2009-11-23,62.433578
2009-11-24,62.753506
2009-11-25,62.964531
2009-11-27,63.250469
2009-11-30,63.352604
2009-12-01,63.003242
2009-12-02,62.873608
2009-12-03,62.580242
2009-12-04,62.116253
2009-12-07,62.286877
2009-12-08,62.505161
2009-12-09,62.382347
2009-12-10,62.170879
2009-12-11,61.863827
2009-12-14,61.863827
2009-12-15,61.665947
2009-12-16,61.665947
2009-12-17,62.211845
2009-12-18,61.904758
2009-12-21,61.270214
2009-12-22,60.997257
2009-12-23,60.970020
2009-12-24,60.751652
2009-12-28,60.587910
2009-12-29,60.747887
2009-12-30,60.857239
2009-12-31,60.563293
2010-01-04,60.713680
2010-01-05,60.980320
2010-01-06,60.734230
2010-01-07,60.734230
2010-01-08,60.809372
2010-01-11,60.850399
2010-01-12,61.287895
2010-01-13,60.993935
2010-01-14,61.281017
2010-01-15,61.554523
2010-01-19,61.445091
2010-01-20,61.657040
2010-01-21,61.882607
2010-01-22,61.937294
2010-01-25,61.800571
2010-01-26,61.923542
2010-01-27,61.780045
2010-01-28,61.759579
2010-01-29,61.998806
2010-02-01,61.786175
2010-02-02,61.889004
2010-02-03,61.594120
2010-02-04,62.101696
2010-02-05,62.300533
2010-02-08,62.245659
2010-02-09,61.909645
2010-02-10,61.738144
2010-02-11,61.662762
2010-02-12,61.806740
2010-02-16,61.943909
2010-02-17,61.614704
2010-02-18,61.395279
2010-02-19,61.429558
2010-02-22,61.381542
2010-02-23,61.847904
2010-02-24,61.882206
2010-02-25,62.108528
2010-02-26,62.204556
2010-03-01,62.269188
2010-03-02,62.303585
2010-03-03,62.241657
2010-03-04,62.351677
2010-03-05,62.055969
2010-03-08,61.890945
2010-03-09,62.049095
2010-03-10,61.945961
2010-03-11,61.890945
2010-03-12,61.987217
2010-03-15,61.987217
2010-03-16,62.227898
2010-03-17,62.303585
2010-03-18,62.138496
2010-03-19,62.055969
2010-03-22,62.262329
2010-03-23,62.131680
2010-03-24,61.512699
2010-03-25,61.285824
2010-03-26,61.430191
2010-03-29,61.340824
2010-03-30,61.402683
2010-03-31,61.547119
2010-04-01,61.419506
2010-04-05,60.867771
2010-04-06,61.047150
2010-04-07,61.426418
2010-04-08,61.357456
2010-04-09,61.426418
2010-04-12,61.591946
2010-04-13,61.709187
2010-04-14,61.543663
2010-04-15,61.647121
2010-04-16,62.019531
2010-04-19,61.867817
2010-04-20,61.895374
2010-04-21,62.095406
2010-04-22,61.950577
2010-04-23,61.778137
2010-04-26,61.819508
2010-04-27,62.398788
2010-04-28,62.081593
2010-04-29,62.185001
2010-04-30,62.564381
2010-05-03,62.400364
2010-05-04,62.822361
2010-05-05,63.064423
2010-05-06,63.756176
2010-05-07,63.583241
2010-05-10,63.099033
2010-05-11,63.175152
2010-05-12,63.016037
2010-05-13,63.188915
2010-05-14,63.597126
2010-05-17,63.458778
2010-05-18,63.922180
2010-05-19,63.977482
2010-05-20,64.600121
2010-05-21,64.634659
2010-05-24,64.634659
2010-05-25,64.856010
2010-05-26,64.724548
2010-05-27,64.108963
2010-05-28,64.399452
2010-06-01,64.482750
2010-06-02,64.115105
2010-06-03,64.024902
2010-06-04,64.912750
2010-06-07,65.176376
2010-06-08,64.975212
2010-06-09,64.982155
2010-06-10,64.378662
2010-06-11,64.787910
2010-06-14,64.732452
2010-06-15,64.531273
2010-06-16,64.711662
2010-06-17,65.016853
2010-06-18,64.885056
2010-06-21,64.836502
2010-06-22,65.224884
2010-06-23,65.467712
2010-06-24,65.412231
2010-06-25,65.516243
2010-06-28,65.980988
2010-06-29,66.265411
2010-06-30,66.362556
2010-07-01,66.333359
2010-07-02,66.215103
2010-07-06,66.375000
2010-07-07,66.166428
2010-07-08,66.006485
2010-07-09,65.832626
2010-07-12,65.943871
2010-07-13,65.617020
2010-07-14,65.943871
2010-07-15,66.284622
2010-07-16,66.667145
2010-07-19,66.493271
2010-07-20,66.562851
2010-07-21,66.987061
2010-07-22,66.618515
2010-07-23,66.402924
2010-07-26,66.381989
2010-07-27,66.152489
2010-07-28,66.437675
2010-07-29,66.576744
2010-07-30,66.966225
2010-08-02,66.759102
2010-08-03,67.072876
2010-08-04,66.794014
2010-08-05,67.114731
2010-08-06,67.554054
2010-08-09,67.540085
2010-08-10,67.881760
2010-08-11,68.265289
2010-08-12,68.090942
2010-08-13,68.383820
2010-08-16,68.878929
2010-08-17,68.530212
2010-08-18,68.460510
2010-08-19,68.767303
2010-08-20,68.544205
2010-08-23,68.634850
2010-08-24,69.178741
2010-08-25,68.864914
2010-08-26,69.178741
2010-08-27,68.383820
2010-08-30,68.906769
2010-08-31,69.213623
2010-09-01,68.715195
2010-09-02,68.428581
2010-09-03,68.037117
2010-09-07,68.575386
2010-09-08,68.386627
2010-09-09,67.848335
2010-09-10,67.652626
2010-09-13,67.974190
2010-09-14,68.316681
2010-09-15,68.079025
2010-09-16,67.841385
2010-09-17,67.995186
2010-09-20,68.204880
2010-09-21,68.840958
2010-09-22,68.945877
2010-09-23,69.043732
2010-09-24,68.701164
2010-09-27,69.232430
2010-09-28,69.463142
2010-09-29,69.295341
2010-09-30,69.211494
2010-10-01,69.248627
2010-10-04,69.493835
2010-10-05,69.507881
2010-10-06,69.956345
2010-10-07,70.026390
2010-10-08,70.054398
2010-10-11,70.124481
2010-10-12,69.921288
2010-10-13,69.921288
2010-10-14,69.521843
2010-10-15,69.220596
2010-10-18,69.549950
2010-10-19,69.788124
2010-10-20,69.746094
2010-10-21,69.360741
2010-10-22,69.381760
2010-10-25,69.360741
2010-10-26,68.898308
2010-10-27,68.498901
2010-10-28,68.898308
2010-10-29,69.206581
2010-11-01,69.090721
2010-11-02,69.322456
2010-11-03,69.547211
2010-11-04,70.109108
2010-11-05,69.814133
2010-11-08,69.835182
2010-11-09,69.245201
2010-11-10,69.505081
2010-11-11,69.427826
2010-11-12,68.851883
2010-11-15,67.966904
2010-11-16,68.472626
2010-11-17,68.275986
2010-11-18,68.114456
2010-11-19,68.254936
2010-11-22,68.620094
2010-11-23,68.760635
2010-11-24,68.023140
2010-11-26,68.318100
2010-11-29,68.465599
2010-11-30,68.585052
2010-12-01,67.683037
2010-12-02,67.514107
2010-12-03,67.521156
2010-12-06,67.943558
2010-12-07,66.817039
2010-12-08,66.246765
2010-12-09,66.387596
2010-12-10,65.824303
2010-12-13,66.035515
2010-12-14,65.338501
2010-12-15,65.070961
2010-12-16,65.458168
2010-12-17,66.021492
2010-12-20,66.014435
2010-12-21,66.155243
2010-12-22,65.972137
2010-12-23,65.739822
2010-12-27,65.993294
2010-12-28,65.300064
2010-12-29,66.034233
2010-12-30,65.900108
2010-12-31,66.231888
2011-01-03,66.027168
2011-01-04,66.182503
2011-01-05,65.469490
2011-01-06,65.808357
2011-01-07,66.246063
2011-01-10,66.471931
2011-01-11,66.210754
2011-01-12,66.020081
2011-01-13,66.464882
2011-01-14,66.281303
2011-01-18,66.118958
2011-01-19,66.288383
2011-01-20,65.772995
2011-01-21,65.991852
2011-01-24,65.998932
2011-01-25,66.330788
2011-01-26,65.928307
2011-01-27,66.175430
2011-01-28,66.479012
2011-01-31,66.217789
2011-02-01,65.909973
2011-02-02,65.754196
2011-02-03,65.379158
2011-02-04,64.975716
2011-02-07,64.947388
2011-02-08,64.501572
2011-02-09,64.869568
2011-02-10,64.657257
2011-02-11,64.954468
2011-02-14,64.975716
2011-02-15,65.124390
2011-02-16,65.032341
2011-02-17,65.272957
2011-02-18,65.258804
2011-02-22,65.888718
2011-02-23,65.725906
2011-02-24,65.895737
2011-02-25,66.108101
2011-02-28,66.079773
2011-03-01,66.154938
2011-03-02,65.807457
2011-03-03,65.360489
2011-03-04,65.828667
2011-03-07,65.665482
2011-03-08,65.509438
2011-03-09,65.892494
2011-03-10,66.452896
2011-03-11,66.296822
2011-03-14,66.445831
2011-03-15,66.687004
2011-03-16,67.254463
2011-03-17,67.048752
2011-03-18,67.006218
2011-03-21,66.658676
2011-03-22,66.694107
2011-03-23,66.608971
2011-03-24,66.268478
2011-03-25,66.091133
2011-03-28,66.112434
2011-03-29,65.920921
2011-03-30,66.147873
2011-03-31,65.977661
2011-04-01,66.118462
2011-04-04,66.267815
2011-04-05,65.933487
2011-04-06,65.649017
2011-04-07,65.656097
2011-04-08,65.464119
2011-04-11,65.549416
2011-04-12,65.919258
2011-04-13,66.175346
2011-04-14,65.954880
2011-04-15,66.438515
2011-04-18,66.602127
2011-04-19,66.687477
2011-04-20,66.424294
2011-04-21,66.474083
2011-04-25,66.708740
2011-04-26,66.993340
2011-04-27,66.801270
2011-04-28,67.057304
2011-04-29,67.192467
2011-05-02,67.171753
2011-05-03,67.350037
2011-05-04,67.521187
2011-05-05,67.856339
2011-05-06,67.891983
2011-05-09,67.991791
2011-05-10,67.663773
2011-05-11,67.906212
2011-05-12,67.756470
2011-05-13,68.020355
2011-05-16,68.184357
2011-05-17,68.384018
2011-05-18,67.991791
2011-05-19,68.063103
2011-05-20,68.227127
2011-05-23,68.319817
2011-05-24,68.391151
2011-05-25,68.398239
2011-05-26,68.776199
2011-05-27,68.769081
2011-05-31,68.875954
2011-06-01,69.443665
2011-06-02,69.029015
2011-06-03,69.300659
2011-06-06,69.257774
2011-06-07,69.386444
2011-06-08,69.536560
2011-06-09,69.257774
2011-06-10,69.479408
2011-06-13,69.329300
2011-06-14,68.778816
2011-06-15,69.522270
2011-06-16,69.715340
2011-06-17,69.665291
2011-06-20,69.558029
2011-06-21,69.465096
2011-06-22,69.436493
2011-06-23,69.801064
2011-06-24,70.094200
2011-06-27,69.822601
2011-06-28,69.179138
2011-06-29,68.764519
2011-06-30,68.528595
2011-07-01,68.357353
2011-07-05,68.787239
2011-07-06,68.909142
2011-07-07,68.643929
2011-07-08,69.374939
2011-07-11,69.905174
2011-07-12,70.005554
2011-07-13,70.120132
2011-07-14,69.718880
2011-07-15,70.005554
2011-07-18,69.962555
2011-07-19,70.227684
2011-07-20,69.883698
2011-07-21,69.496735
2011-07-22,69.761871
2011-07-25,69.539742
2011-07-26,69.833588
2011-07-27,69.718880
2011-07-28,69.855034
2011-07-29,70.700592
2011-08-01,70.957825
2011-08-02,71.611526
2011-08-03,71.668968
2011-08-04,72.617165
2011-08-05,71.776733
2011-08-08,72.918877
2011-08-09,73.342690
2011-08-10,74.312462
2011-08-11,73.220596
2011-08-12,73.730614
2011-08-15,73.457642
2011-08-16,73.795235
2011-08-17,74.312462
2011-08-18,74.700310
2011-08-19,74.779350
2011-08-22,74.642891
2011-08-23,74.341148
2011-08-24,73.543823
2011-08-25,73.996330
2011-08-26,74.233414
2011-08-29,73.744957
2011-08-30,74.255005
2011-08-31,73.989243
2011-09-01,74.578857
2011-09-02,75.262825
2011-09-06,75.363579
2011-09-07,74.960419
2011-09-08,75.327576
2011-09-09,75.694756
2011-09-12,75.464394
2011-09-13,75.241211
2011-09-14,75.284370
2011-09-15,74.722801
2011-09-16,74.866806
2011-09-19,75.478775
2011-09-20,75.579567
2011-09-21,75.903572
2011-09-22,76.609093
2011-09-23,75.975540
2011-09-26,75.658707
2011-09-27,75.154770
2011-09-28,75.169182
2011-09-29,75.169182
2011-09-30,75.644394
2011-10-03,76.344803
2011-10-04,75.955269
2011-10-05,75.637825
2011-10-06,75.111206
2011-10-07,74.721703
2011-10-10,73.935379
2011-10-11,74.180641
2011-10-12,73.928139
2011-10-13,74.223984
2011-10-14,73.856018
2011-10-17,74.339355
2011-10-18,74.259972
2011-10-19,74.375443
2011-10-20,74.223984
2011-10-21,74.086922
2011-10-24,74.050819
2011-10-25,74.685638
2011-10-26,74.137352
2011-10-27,73.242851
2011-10-28,73.682892
2011-10-31,74.671234
2011-11-01,75.566818
2011-11-02,75.386116
2011-11-03,75.031929
2011-11-04,75.255951
2011-11-07,75.342735
2011-11-08,75.003014
2011-11-09,75.668022
2011-11-10,75.299362
2011-11-11,74.952339
2011-11-14,75.422211
2011-11-15,75.321030
2011-11-16,75.595711
2011-11-17,75.747505
2011-11-18,75.465622
2011-11-21,75.675278
2011-11-22,75.906509
2011-11-23,76.166718
2011-11-25,75.682465
2011-11-28,75.689713
2011-11-29,75.545120
2011-11-30,75.104156
2011-12-01,75.082428
2011-12-02,75.415634
2011-12-05,75.372154
2011-12-06,75.176605
2011-12-07,75.516960
2011-12-08,75.900871
2011-12-09,75.379387
2011-12-12,75.640144
2011-12-13,75.987778
2011-12-14,76.306396
2011-12-15,76.241257
2011-12-16,76.610573
2011-12-19,76.871338
2011-12-20,76.176071
2011-12-21,75.929817
2011-12-22,76.023972
2011-12-23,75.712563
2011-12-27,75.755356
2011-12-28,76.234245
2011-12-29,76.328529
2011-12-30,76.596985
2012-01-03,76.110855
2012-01-04,75.871475
2012-01-05,75.885941
2012-01-06,76.183411
2012-01-09,76.197899
2012-01-10,76.045563
2012-01-11,76.488174
2012-01-12,76.328529
2012-01-13,76.669525
2012-01-17,76.742096
2012-01-18,76.502632
2012-01-19,76.045563
2012-01-20,75.784386
2012-01-23,75.617538
2012-01-24,75.704567
2012-01-25,76.067352
2012-01-26,76.473663
2012-01-27,76.705849
2012-01-30,76.967033
2012-01-31,77.257271
2012-02-01,76.989090
2012-02-02,77.098099
2012-02-03,76.487495
2012-02-06,76.698318
2012-02-07,76.204048
2012-02-08,76.240349
2012-02-09,76.065964
2012-02-10,76.494812
2012-02-13,76.443932
2012-02-14,76.603813
2012-02-15,76.661949
2012-02-16,76.313072
2012-02-17,76.233101
2012-02-21,75.956924
2012-02-22,76.254936
2012-02-23,76.363937
2012-02-24,76.422073
2012-02-27,76.676468
2012-02-28,76.712845
2012-02-29,76.407539
2012-03-01,76.159988
2012-03-02,76.465820
2012-03-05,76.312927
2012-03-06,76.633247
2012-03-07,76.487633
2012-03-08,76.261963
2012-03-09,76.203743
2012-03-12,76.181862
2012-03-13,75.635841
2012-03-14,74.769493
2012-03-15,74.747635
2012-03-16,74.725800
2012-03-19,74.267105
2012-03-20,74.303558
2012-03-21,74.682114
2012-03-22,74.776794
2012-03-23,75.053345
2012-03-26,74.966072
2012-03-27,75.381050
2012-03-28,75.249939
2012-03-29,75.563026
2012-03-30,75.191696
2012-04-02,75.371895
2012-04-03,74.817619
2012-04-04,75.196838
2012-04-05,75.532341
2012-04-09,76.305382
2012-04-10,76.662712
2012-04-11,76.363670
2012-04-12,76.210556
2012-04-13,76.669998
2012-04-16,76.648109
2012-04-17,76.567917
2012-04-18,76.721054
2012-04-19,76.808548
2012-04-20,76.815849
2012-04-23,76.969025
2012-04-24,76.772110
2012-04-25,76.677277
2012-04-26,76.932571
2012-04-27,77.012756
2012-04-30,77.078415
2012-05-01,76.938164
2012-05-02,77.084305
2012-05-03,77.076950
2012-05-04,77.383766
2012-05-07,77.361839
2012-05-08,77.537071
2012-05-09,77.602867
2012-05-10,77.493294
2012-05-11,77.748955
2012-05-14,78.092293
2012-05-15,78.114204
2012-05-16,78.172607
2012-05-17,78.464775
2012-05-18,78.413635
2012-05-21,78.209137
2012-05-22,78.041122
2012-05-23,78.245605
2012-05-24,78.077675
2012-05-25,78.304077
2012-05-29,78.238388
2012-05-30,78.983437
2012-05-31,79.290184
2012-06-01,79.971336
2012-06-04,79.510452
2012-06-05,79.247017
2012-06-06,78.727615
2012-06-07,78.917831
2012-06-08,78.976334
2012-06-11,79.188507
2012-06-12,78.764175
2012-06-13,79.181190
2012-06-14,78.969040
2012-06-15,79.334839
2012-06-18,79.312881
2012-06-19,79.042152
2012-06-20,78.881233
2012-06-21,79.049530
2012-06-22,78.705650
2012-06-25,79.137276
2012-06-26,78.961716
2012-06-27,79.071449
2012-06-28,79.327484
2012-06-29,78.961716
2012-07-02,79.328056
2012-07-03,79.130226
2012-07-05,79.342766
2012-07-06,79.621155
2012-07-09,79.840897
2012-07-10,79.877602
2012-07-11,79.804276
2012-07-12,79.987503
2012-07-13,79.921494
2012-07-16,80.097313
2012-07-17,79.892235
2012-07-18,79.972801
2012-07-19,79.855598
2012-07-20,80.170639
2012-07-23,80.302505
2012-07-24,80.456352
2012-07-25,80.500351
2012-07-26,80.251251
2012-07-27,79.672386
2012-07-30,79.928848
2012-07-31,80.068092
2012-08-01,79.776009
2012-08-02,79.966789
2012-08-03,79.548538
2012-08-06,79.599968
2012-08-07,79.181679
2012-08-08,79.071579
2012-08-09,79.012947
2012-08-10,79.240387
2012-08-13,79.188988
2012-08-14,78.800110
2012-08-15,78.403870
2012-08-16,78.213089
2012-08-17,78.308517
2012-08-20,78.352501
2012-08-21,78.418549
2012-08-22,79.027557
2012-08-23,79.167015
2012-08-24,79.130302
2012-08-27,79.335754
2012-08-28,79.365074
2012-08-29,79.313736
2012-08-30,79.460541
2012-08-31,79.974174
2012-09-04,79.791130
2012-09-05,79.761787
2012-09-06,79.218063
2012-09-07,79.320900
2012-09-10,79.357651
2012-09-11,79.210655
2012-09-12,78.821259
2012-09-13,79.049095
2012-09-14,78.306900
2012-09-17,78.468521
2012-09-18,78.666924
2012-09-19,78.850624
2012-09-20,78.894707
2012-09-21,79.063721
2012-09-24,79.240105
2012-09-25,79.534012
2012-09-26,79.864677
2012-09-27,79.695641
2012-09-28,79.695641
2012-10-01,79.843544
2012-10-02,79.792061
2012-10-03,79.872978
2012-10-04,79.556595
2012-10-05,79.196060
2012-10-08,79.453606
2012-10-09,79.291748
2012-10-10,79.482964
2012-10-11,79.556595
2012-10-12,79.563957
2012-10-15,79.586075
2012-10-16,79.210793
2012-10-17,78.710495
2012-10-18,78.570709
2012-10-19,78.901794
2012-10-22,78.636894
2012-10-23,79.012138
2012-10-24,78.842926
2012-10-25,78.556023
2012-10-26,79.056335
2012-10-31,79.380028
2012-11-01,79.221642
2012-11-02,79.287865
2012-11-05,79.479454
2012-11-06,79.118423
2012-11-07,79.781578
2012-11-08,80.135155
2012-11-09,80.142548
2012-11-12,80.194099
2012-11-13,80.289909
2012-11-14,80.311958
2012-11-15,80.275177
2012-11-16,80.326714
2012-11-19,80.164642
2012-11-20,79.833145
2012-11-21,79.715240
2012-11-23,79.671089
2012-11-26,79.803619
2012-11-27,79.987823
2012-11-28,80.090973
2012-11-29,80.172012
2012-11-30,80.157265
2012-12-03,80.125557
2012-12-04,80.265755
2012-12-05,80.332123
2012-12-06,80.376366
2012-12-07,80.147705
2012-12-10,80.221443
2012-12-11,80.066551
2012-12-12,79.727249
2012-12-13,79.572327
2012-12-14,79.749336
2012-12-17,79.328857
2012-12-18,79.019081
2012-12-19,79.129700
2012-12-20,79.181366
2012-12-21,79.395294
2012-12-24,79.314110
2012-12-26,79.477386
2012-12-27,79.639862
2012-12-28,79.824623
2012-12-31,79.403526
2013-01-02,79.041534
2013-01-03,78.635284
2013-01-04,78.672203
2013-01-07,78.716522
2013-01-08,78.908546
2013-01-09,78.952927
2013-01-10,78.723907
2013-01-11,78.975082
2013-01-14,78.945503
2013-01-15,79.137596
2013-01-16,79.240974
2013-01-17,78.879044
2013-01-18,79.100616
2013-01-22,79.167137
2013-01-23,79.204056
2013-01-24,79.071121
2013-01-25,78.546623
2013-01-28,78.384125
2013-01-29,78.265862
2013-01-30,78.310242
2013-01-31,78.376709
2013-02-01,78.110443
2013-02-04,78.561630
2013-02-05,78.280556
2013-02-06,78.517250
2013-02-07,78.554253
2013-02-08,78.613480
2013-02-11,78.532028
2013-02-12,78.450661
2013-02-13,78.176979
2013-02-14,78.509842
2013-02-15,78.435867
2013-02-19,78.310181
2013-02-20,78.480263
2013-02-21,78.635628
2013-02-22,78.731728
2013-02-25,79.338310
2013-02-26,79.190353
2013-02-27,79.153351
2013-02-28,79.264343
2013-03-01,79.462059
2013-03-04,79.276939
2013-03-05,79.195442
2013-03-06,78.943695
2013-03-07,78.640053
2013-03-08,78.240166
2013-03-11,78.277168
2013-03-12,78.491890
2013-03-13,78.425301
2013-03-14,78.447495
2013-03-15,78.721458
2013-03-18,78.980682
2013-03-19,79.225075
2013-03-20,78.921394
2013-03-21,79.128769
2013-03-22,79.158424
2013-03-25,79.217720
2013-03-26,79.299118
2013-03-27,79.639763
2013-03-28,79.491692
2013-04-01,79.703033
2013-04-02,79.547340
2013-04-03,79.881027
2013-04-04,80.199898
2013-04-05,80.452011
2013-04-08,80.192474
2013-04-09,80.222122
2013-04-10,79.888420
2013-04-11,79.977402
2013-04-12,80.422348
2013-04-15,80.600365
2013-04-16,80.370422
2013-04-17,80.518776
2013-04-18,80.563194
2013-04-19,80.518776
2013-04-22,80.563194
2013-04-23,80.511337
2013-04-24,80.548401
2013-04-25,80.459427
2013-04-26,80.748665
2013-04-29,80.718941
2013-04-30,80.704102
2013-05-01,80.967751
2013-05-02,80.967751
2013-05-03,80.277237
2013-05-06,80.173264
2013-05-07,80.061874
2013-05-08,80.158409
2013-05-09,80.143539
2013-05-10,79.690689
2013-05-13,79.549545
2013-05-14,79.230347
2013-05-15,79.438164
2013-05-16,79.816887
2013-05-17,79.386261
2013-05-20,79.326836
2013-05-21,79.534721
2013-05-22,78.903633
2013-05-23,78.985329
2013-05-24,79.014961
2013-05-28,78.086899
2013-05-29,78.406174
2013-05-30,78.413589
2013-05-31,78.198227
2013-06-03,78.311256
2013-06-04,78.110512
2013-06-05,78.489746
2013-06-06,78.586311
2013-06-07,77.976707
2013-06-10,77.783394
2013-06-11,77.976707
2013-06-12,77.627304
2013-06-13,78.214607
2013-06-14,78.318680
2013-06-17,78.132835
2013-06-18,78.088203
2013-06-19,77.017586
2013-06-20,76.668129
2013-06-21,75.857758
2013-06-24,75.671875
2013-06-25,75.582664
2013-06-26,75.887474
2013-06-27,76.296402
2013-06-28,76.207176
2013-07-01,76.236275
2013-07-02,76.265991
2013-07-03,76.117126
2013-07-05,74.836540
2013-07-08,75.275864
2013-07-09,75.402359
2013-07-10,75.134415
2013-07-11,75.886322
2013-07-12,75.826767
2013-07-15,76.064972
2013-07-16,76.102226
2013-07-17,76.437225
2013-07-18,76.079926
2013-07-19,76.496796
2013-07-22,76.489395
2013-07-23,76.400040
2013-07-24,75.886322
2013-07-25,75.997986
2013-07-26,76.064972
2013-07-29,75.908638
2013-07-30,75.886322
2013-07-31,75.938431
2013-08-01,75.268211
2013-08-02,75.909325
2013-08-05,75.670776
2013-08-06,75.693153
2013-08-07,75.969017
2013-08-08,76.080826
2013-08-09,76.133064
2013-08-12,75.983894
2013-08-13,75.297981
2013-08-14,75.365128
2013-08-15,74.947685
2013-08-16,74.656868
2013-08-19,74.336334
2013-08-20,74.738892
2013-08-21,74.269203
2013-08-22,74.239410
2013-08-23,74.656868
2013-08-26,74.806030
2013-08-27,75.230942
2013-08-28,74.925255
2013-08-29,74.999832
2013-08-30,74.858147
2013-09-03,74.433342
2013-09-04,74.186928
2013-09-05,73.619469
2013-09-06,74.067482
2013-09-09,74.216820
2013-09-10,73.873367
2013-09-11,74.246658
2013-09-12,74.254143
2013-09-13,74.351189
2013-09-16,74.515427
2013-09-17,74.664833
2013-09-18,75.590622
2013-09-19,75.329308
2013-09-20,75.403992
2013-09-23,75.687721
2013-09-24,75.963936
2013-09-25,76.173012
2013-09-26,76.008820
2013-09-27,76.113281
2013-09-30,76.240189
2013-10-01,76.070496
2013-10-02,76.197594
2013-10-03,76.302307
2013-10-04,76.092888
2013-10-07,76.160225
2013-10-08,76.122864
2013-10-09,75.988235
2013-10-10,75.823685
2013-10-11,75.935852
2013-10-14,75.681633
2013-10-15,75.696625
2013-10-16,76.062996
2013-10-17,76.496666
2013-10-18,76.504189
2013-10-21,76.451836
2013-10-22,76.982765
2013-10-23,77.117325
2013-10-24,76.960327
2013-10-25,77.094902
2013-10-28,77.020172
2013-10-29,77.124817
2013-10-30,76.922935
2013-10-31,76.833214
2013-11-01,76.406990
2013-11-04,76.556831
2013-11-05,76.212326
2013-11-06,76.444534
2013-11-07,76.646645
2013-11-08,75.785408
2013-11-11,75.747932
2013-11-12,75.680588
2013-11-13,75.995110
2013-11-14,76.362122
2013-11-15,76.302200
2013-11-18,76.571831
2013-11-19,76.287216
2013-11-20,75.867828
2013-11-21,75.935249
2013-11-22,76.152420
2013-11-25,76.212326
2013-11-26,76.377075
2013-11-27,76.204865
2013-11-29,76.159912
2013-12-02,75.832855
2013-12-03,75.967842
2013-12-04,75.622780
2013-12-05,75.435257
2013-12-06,75.502785
2013-12-09,75.592766
2013-12-10,75.907829
2013-12-11,75.615288
2013-12-12,75.397720
2013-12-13,75.510284
2013-12-16,75.472763
2013-12-17,75.712776
2013-12-18,75.427757
2013-12-19,75.112724
2013-12-20,75.345245
2013-12-23,75.105179
2013-12-24,74.812660
2013-12-26,74.747978
2013-12-27,74.702904
2013-12-30,74.905853
2013-12-31,74.567696
2014-01-02,74.860710
2014-01-03,74.815651
2014-01-06,75.025955
2014-01-07,75.146248
2014-01-08,74.778061
2014-01-09,74.973450
2014-01-10,75.604599
2014-01-13,75.822472
2014-01-14,75.536980
2014-01-15,75.469307
2014-01-16,75.679726
2014-01-17,75.860069
2014-01-21,75.777435
2014-01-22,75.567009
2014-01-23,76.077950
2014-01-24,76.386024
2014-01-27,76.153099
2014-01-28,76.265785
2014-01-29,76.626472
2014-01-30,76.551353
2014-01-31,76.851891
2014-02-03,77.269615
2014-02-04,77.036316
2014-02-05,76.757828
2014-02-06,76.614799
2014-02-07,76.818039
2014-02-10,76.855675
2014-02-11,76.516960
2014-02-12,76.336311
2014-02-13,76.697586
2014-02-14,76.644897
2014-02-18,76.833145
2014-02-19,76.682564
2014-02-20,76.599770
2014-02-21,76.697586
2014-02-24,76.622337
2014-02-25,76.885780
2014-02-26,77.111572
2014-02-27,77.201942
2014-02-28,77.126610
2014-03-03,77.508118
2014-03-04,76.912537
2014-03-05,76.995445
2014-03-06,76.663757
2014-03-07,76.332016
2014-03-10,76.414970
2014-03-11,76.490326
2014-03-12,76.791901
2014-03-13,77.244278
2014-03-14,77.251740
2014-03-17,76.942688
2014-03-18,77.131172
2014-03-19,76.414970
2014-03-20,76.430038
2014-03-21,76.573280
2014-03-24,76.603394
2014-03-25,76.558182
2014-03-26,76.882355
2014-03-27,76.957787
2014-03-28,76.686363
2014-03-31,76.693893
2014-04-01,76.535255
2014-04-02,76.202927
2014-04-03,76.255806
2014-04-04,76.724144
2014-04-07,76.905380
2014-04-08,77.011131
2014-04-09,76.988480
2014-04-10,77.313263
2014-04-11,77.471878
2014-04-14,77.351036
2014-04-15,77.441689
2014-04-16,77.320824
2014-04-17,76.882698
2014-04-21,76.867592
2014-04-22,76.837402
2014-04-23,77.033813
2014-04-24,77.011131
2014-04-25,77.116882
2014-04-28,77.003540
2014-04-29,77.071548
2014-04-30,77.275497
2014-05-01,77.497986
2014-05-02,77.611473
2014-05-05,77.566086
2014-05-06,77.656860
2014-05-07,77.717445
2014-05-08,77.800674
2014-05-09,77.740105
2014-05-12,77.535851
2014-05-13,77.838539
2014-05-14,78.194160
2014-05-15,78.474152
2014-05-16,78.307625
2014-05-19,78.209282
2014-05-20,78.436333
2014-05-21,78.315292
2014-05-22,78.231987
2014-05-23,78.390953
2014-05-27,78.413628
2014-05-28,78.844955
2014-05-29,78.746582
2014-05-30,78.686050
2014-06-02,78.325981
2014-06-03,77.931831
2014-06-04,77.871185
2014-06-05,77.984856
2014-06-06,77.924278
2014-06-09,77.810547
2014-06-10,77.674065
2014-06-11,77.780212
2014-06-12,78.083435
2014-06-13,77.931831
2014-06-16,77.931831
2014-06-17,77.605888
2014-06-18,78.015167
2014-06-19,77.818146
2014-06-20,77.909027
2014-06-23,77.856010
2014-06-24,78.174393
2014-06-25,78.250175
2014-06-26,78.454842
2014-06-27,78.454842
2014-06-30,78.515488
2014-07-01,78.258789
2014-07-02,77.939850
2014-07-03,77.780357
2014-07-07,77.970261
2014-07-08,78.327171
2014-07-09,78.342346
2014-07-10,78.509415
2014-07-11,78.638535
2014-07-14,78.463837
2014-07-15,78.395500
2014-07-16,78.509415
2014-07-17,78.965065
2014-07-18,78.805595
2014-07-21,78.828384
2014-07-22,78.927139
2014-07-23,78.919472
2014-07-24,78.600517
2014-07-25,78.904327
2014-07-28,78.813171
2014-07-29,78.919472
2014-07-30,78.365112
2014-07-31,78.342346
2014-08-01,78.803398
2014-08-04,78.849091
2014-08-05,78.887108
2014-08-06,78.955597
2014-08-07,79.313187
2014-08-08,79.244705
2014-08-11,79.206673
2014-08-12,79.092529
2014-08-13,79.351227
2014-08-14,79.511002
2014-08-15,79.830627
2014-08-18,79.579483
2014-08-19,79.495850
2014-08-20,79.259933
2014-08-21,79.427315
2014-08-22,79.435005
2014-08-25,79.495850
2014-08-26,79.480598
2014-08-27,79.701225
2014-08-28,79.807785
2014-08-29,79.815376
2014-09-02,79.305511
2014-09-03,79.419785
2014-09-04,79.137794
2014-09-05,79.160667
2014-09-08,79.076797
2014-09-09,78.893875
2014-09-10,78.695732
2014-09-11,78.596642
2014-09-12,78.299370
2014-09-15,78.444229
2014-09-16,78.421265
2014-09-17,78.223167
2014-09-18,78.169785
2014-09-19,78.467102
2014-09-22,78.634781
2014-09-23,78.802444
2014-09-24,78.581444
2014-09-25,78.962509
2014-09-26,78.794815
2014-09-29,79.046349
2014-09-30,78.977730
2014-10-01,79.641296
2014-10-02,79.404572
2014-10-03,79.381668
2014-10-06,79.511482
2014-10-07,79.977272
2014-10-08,80.259773
2014-10-09,80.122368
2014-10-10,80.435448
2014-10-13,80.855415
2014-10-14,81.015747
2014-10-15,81.473877
2014-10-16,81.252434
2014-10-17,81.015747
2014-10-20,81.130302
2014-10-21,80.908859
2014-10-22,80.885933
2014-10-23,80.549965
2014-10-24,80.618660
2014-10-27,80.702675
2014-10-28,80.504135
2014-10-29,80.236877
2014-10-30,80.320923
2014-10-31,80.191048
2014-11-03,80.161263
2014-11-04,80.153580
2014-11-05,80.176529
2014-11-06,79.931747
2014-11-07,80.444244
2014-11-10,80.115326
2014-11-11,80.122978
2014-11-12,80.092384
2014-11-13,80.222412
2014-11-14,80.390694
2014-11-17,80.298958
2014-11-18,80.390694
2014-11-19,80.176529
2014-11-20,80.321815
2014-11-21,80.482498
2014-11-24,80.574295
2014-11-25,80.773155
2014-11-26,80.910820
2014-11-28,81.224434
2014-12-01,81.025253
2014-12-02,80.665138
2014-12-03,80.695770
2014-12-04,80.979240
2014-12-05,80.527199
2014-12-08,80.795418
2014-12-09,81.094170
2014-12-10,81.461952
2014-12-11,81.324081
2014-12-12,81.990623
2014-12-15,81.691811
2014-12-16,82.105560
2014-12-17,81.538544
2014-12-18,81.078850
2014-12-19,81.377670
2014-12-22,81.377670
2014-12-23,80.703423
2014-12-24,80.761734
2014-12-26,80.869171
2014-12-29,81.145416
2014-12-30,81.237534
2014-12-31,81.329575
2015-01-02,81.743942
2015-01-05,82.242691
2015-01-06,82.795181
2015-01-07,82.779823
2015-01-08,82.442230
2015-01-09,82.848915
2015-01-12,83.140450
2015-01-13,83.217178
2015-01-14,83.600838
2015-01-15,84.314507
2015-01-16,83.692947
2015-01-20,83.884758
2015-01-21,83.485764
2015-01-22,83.278580
2015-01-23,83.823425
2015-01-26,83.631599
2015-01-27,83.746643
2015-01-28,84.391220
2015-01-29,84.091957
2015-01-30,84.828606
2015-02-02,84.722519
2015-02-03,84.007751
2015-02-04,84.146088
2015-02-05,83.838654
2015-02-06,82.900986
2015-02-09,82.862541
2015-02-10,82.654991
2015-02-11,82.624245
2015-02-12,82.654991
2015-02-13,82.378319
2015-02-17,81.794182
2015-02-18,82.186203
2015-02-19,81.978653
2015-02-20,81.932510
2015-02-23,82.309181
2015-02-24,82.854874
2015-02-25,82.931709
2015-02-26,82.439835
2015-02-27,82.731873
2015-03-02,82.116028
2015-03-03,81.938942
2015-03-04,82.000519
2015-03-05,82.046768
2015-03-06,81.207664
2015-03-09,81.584862
2015-03-10,81.931259
2015-03-11,82.077538
2015-03-12,82.154541
2015-03-13,82.031364
2015-03-16,82.316208
2015-03-17,82.485550
2015-03-18,83.432388
2015-03-19,83.039795
2015-03-20,83.378525
2015-03-23,83.486282
2015-03-24,83.740326
2015-03-25,83.378525
2015-03-26,82.908928
2015-03-27,83.232262
2015-03-30,83.224533
2015-03-31,83.440086
2015-04-01,83.837196
2015-04-02,83.598152
2015-04-06,83.706131
2015-04-07,83.775497
2015-04-08,83.698402
2015-04-09,83.359100
2015-04-10,83.335991
2015-04-13,83.505669
2015-04-14,83.752342
2015-04-15,83.798653
2015-04-16,83.860352
2015-04-17,84.029968
2015-04-20,83.875740
2015-04-21,83.698402
2015-04-22,83.212631
2015-04-23,83.467064
2015-04-24,83.760094
2015-04-27,83.628983
2015-04-28,83.243515
2015-04-29,82.935059
2015-04-30,82.911942
2015-05-01,82.458603
2015-05-04,82.288773
2015-05-05,82.149750
2015-05-06,81.748177
2015-05-07,82.095703
2015-05-08,82.412331
2015-05-11,81.601448
2015-05-12,81.663239
2015-05-13,81.555130
2015-05-14,81.833168
2015-05-15,82.420013
2015-05-18,81.863976
2015-05-19,81.501060
2015-05-20,81.678665
2015-05-21,82.165199
2015-05-22,81.979851
2015-05-26,82.489510
2015-05-27,82.443153
2015-05-28,82.520401
2015-05-29,82.566750
2015-06-01,82.202408
2015-06-02,81.630058
2015-06-03,80.933960
2015-06-04,81.328468
2015-06-05,80.740623
2015-06-08,80.856659
2015-06-09,80.593658
2015-06-10,80.284271
2015-06-11,80.918510
2015-06-12,80.872093
2015-06-15,81.065468
2015-06-16,81.374847
2015-06-17,81.421280
2015-06-18,81.359406
2015-06-19,81.792519
2015-06-22,81.104164
2015-06-23,80.856659
2015-06-24,81.096413
2015-06-25,80.895340
2015-06-26,80.508621
2015-06-29,81.444466
2015-06-30,81.220161
2015-07-01,80.795677
2015-07-02,81.082275
2015-07-06,81.655533
2015-07-07,81.872414
2015-07-08,82.197777
2015-07-09,81.624557
2015-07-10,81.059029
2015-07-13,80.842140
2015-07-14,81.097740
2015-07-15,81.407593
2015-07-16,81.376656
2015-07-17,81.384384
2015-07-20,81.221710
2015-07-21,81.446358
2015-07-22,81.547058
2015-07-23,81.880173
2015-07-24,81.957649
2015-07-27,82.228737
2015-07-28,81.996353
2015-07-29,81.880173
2015-07-30,81.973076
2015-07-31,82.453461
2015-08-03,82.704727
2015-08-04,82.278061
2015-08-05,81.959946
2015-08-06,82.247055
2015-08-07,82.572853
2015-08-10,82.231522
2015-08-11,82.774597
2015-08-12,82.743591
2015-08-13,82.526344
2015-08-14,82.440956
2015-08-17,82.588417
2015-08-18,82.456512
2015-08-19,82.960785
2015-08-20,83.185822
2015-08-21,83.519386
2015-08-24,83.659050
2015-08-25,83.201279
2015-08-26,82.689247
2015-08-27,82.642639
2015-08-28,82.658173
2015-08-31,82.518555
2015-09-01,82.889198
2015-09-02,82.663864
2015-09-03,82.865952
2015-09-04,83.122360
2015-09-08,82.757111
2015-09-09,82.788193
2015-09-10,82.601669
2015-09-11,82.819283
2015-09-14,82.897011
2015-09-15,82.244270
2015-09-16,82.220955
2015-09-17,82.904755
2015-09-18,83.293266
2015-09-21,82.819283
2015-09-22,83.231148
2015-09-23,83.137871
2015-09-24,83.262215
2015-09-25,83.044647
2015-09-28,83.518623
2015-09-29,83.806160
2015-09-30,83.821709
2015-10-01,83.887054
2015-10-02,84.291763
2015-10-05,83.824821
2015-10-06,83.996017
2015-10-07,83.785881
2015-10-08,83.567970
2015-10-09,83.614685
2015-10-12,83.894844
2015-10-13,83.972679
2015-10-14,84.431831
2015-10-15,84.143929
2015-10-16,84.073860
2015-10-19,84.034950
2015-10-20,83.746971
2015-10-21,84.034950
2015-10-22,84.120560
2015-10-23,83.645798
2015-10-26,83.863708
2015-10-27,84.073860
2015-10-28,83.638039
2015-10-29,83.124359
2015-10-30,83.287827
2015-11-02,83.048538
2015-11-03,82.830284
2015-11-04,82.744545
2015-11-05,82.689964
2015-11-06,82.128822
2015-11-09,81.988518
2015-11-10,82.144371
2015-11-11,82.105431
2015-11-12,82.152214
2015-11-13,82.463974
2015-11-16,82.573044
2015-11-17,82.549706
2015-11-18,82.510742
2015-11-19,82.689964
2015-11-20,82.580811
2015-11-23,82.689964
2015-11-24,82.767906
2015-11-25,82.814705
2015-11-27,82.900452
2015-11-30,82.931656
2015-12-01,83.372719
2015-12-02,83.138504
2015-12-03,82.264114
2015-12-04,82.568642
2015-12-07,82.834007
2015-12-08,82.880882
2015-12-09,83.005798
2015-12-10,82.826210
2015-12-11,83.489807
2015-12-14,82.873070
2015-12-15,82.662285
2015-12-16,82.443733
2015-12-17,82.787186
2015-12-18,83.083801
2015-12-21,83.122856
2015-12-22,82.888641
2015-12-23,82.701309
2015-12-24,82.853012
2015-12-28,82.868645
2015-12-29,82.430809
2015-12-30,82.462112
2015-12-31,82.555908
2016-01-04,82.907745
2016-01-05,82.884293
2016-01-06,83.384659
2016-01-07,83.564507
2016-01-08,83.775604
2016-01-11,83.509758
2016-01-12,83.885048
2016-01-13,84.213425
2016-01-14,84.041443
2016-01-15,84.432335
2016-01-19,84.322853
2016-01-20,84.737259
2016-01-21,84.526131
2016-01-22,84.338531
2016-01-25,84.620003
2016-01-26,84.682549
2016-01-27,84.745094
2016-01-28,84.854576
2016-01-29,85.308044
2016-02-01,85.111511
2016-02-02,85.714432
2016-02-03,85.620461
2016-02-04,85.824028
2016-02-05,85.933678
2016-02-08,86.575691
2016-02-09,86.591370
2016-02-10,86.849754
2016-02-11,87.249046
2016-02-12,86.583565
2016-02-16,86.325172
2016-02-17,86.113739
2016-02-18,86.513031
2016-02-19,86.513031
2016-02-22,86.426941
2016-02-23,86.599190
2016-02-24,86.599190
2016-02-25,86.857582
2016-02-26,86.434746
2016-02-29,86.575691
2016-03-01,85.899040
2016-03-02,85.750038
2016-03-03,85.851974
2016-03-04,85.561882
2016-03-07,85.389351
2016-03-08,85.883331
2016-03-09,85.546165
2016-03-10,85.240356
2016-03-11,84.997261
2016-03-14,85.060036
2016-03-15,85.044289
2016-03-16,85.491325
2016-03-17,85.585365
2016-03-18,85.734322
2016-03-21,85.491325
2016-03-22,85.310951
2016-03-23,85.702965
2016-03-24,85.616753
2016-03-28,85.742210
2016-03-29,86.322403
2016-03-30,86.204811
2016-03-31,86.518463
2016-04-01,86.493324
2016-04-04,86.595451
2016-04-05,86.940987
2016-04-06,86.752487
2016-04-07,87.200127
2016-04-08,87.066589
2016-04-11,87.050919
2016-04-12,86.705353
2016-04-13,86.768173
2016-04-14,86.564041
2016-04-15,86.823143
2016-04-18,86.736794
2016-04-19,86.595451
2016-04-20,86.155647
2016-04-21,86.014297
2016-04-22,85.920082
2016-04-25,85.825836
2016-04-26,85.645180
2016-04-27,86.116409
2016-04-28,86.414795
2016-04-29,86.383385
2016-05-02,86.132523
2016-05-03,86.643715
2016-05-04,86.801010
2016-05-05,87.036957
2016-05-06,86.832474
2016-05-09,86.997643
2016-05-10,86.981880
2016-05-11,87.115601
2016-05-12,86.879669
2016-05-13,87.209961
2016-05-16,86.895355
2016-05-17,86.777420
2016-05-18,86.077454
2016-05-19,86.163971
2016-05-20,86.219032
2016-05-23,86.274071
2016-05-24,86.132523
2016-05-25,86.093216
2016-05-26,86.360550
2016-05-27,86.195412
2016-05-31,86.297668
2016-06-01,86.268532
2016-06-02,86.536308
2016-06-03,87.339729
2016-06-06,87.111267
2016-06-07,87.237282
2016-06-08,87.339729
2016-06-09,87.473618
2016-06-10,87.780792
2016-06-13,87.954063
2016-06-14,87.930405
2016-06-15,88.198219
2016-06-16,88.292709
2016-06-17,87.993408
2016-06-20,87.615326
2016-06-21,87.418449
2016-06-22,87.591751
2016-06-23,87.174286
2016-06-24,88.379349
2016-06-27,89.143333
2016-06-28,89.127602
2016-06-29,88.765274
2016-06-30,88.962204
2016-07-01,89.197227
2016-07-05,89.686272
2016-07-06,89.702011
2016-07-07,89.583733
2016-07-08,89.757240
2016-07-11,89.284012
2016-07-12,88.755547
2016-07-13,88.984268
2016-07-14,88.613594
2016-07-15,88.274406
2016-07-18,88.250763
2016-07-19,88.487396
2016-07-20,88.305984
2016-07-21,88.503159
2016-07-22,88.432182
2016-07-25,88.361221
2016-07-26,88.416397
2016-07-27,88.794991
2016-07-28,88.842308
2016-07-29,89.181450
2016-08-01,88.871841
2016-08-02,88.658646
2016-08-03,88.706001
2016-08-04,88.919250
2016-08-05,88.366333
2016-08-08,88.318962
2016-08-09,88.634880
2016-08-10,88.871841
2016-08-11,88.445358
2016-08-12,88.761292
2016-08-15,88.500626
2016-08-16,88.350586
2016-08-17,88.492737
2016-08-18,88.650681
2016-08-19,88.350586
2016-08-22,88.548027
2016-08-23,88.540108
2016-08-24,88.508507
2016-08-25,88.366333
2016-08-26,88.026711
2016-08-29,88.390068
2016-08-30,88.382179
2016-08-31,88.279465
2016-09-01,88.417885
2016-09-02,88.188545
2016-09-06,88.599792
2016-09-07,88.647301
2016-09-08,88.212204
2016-09-09,87.793060
2016-09-12,87.872147
2016-09-13,87.547844
2016-09-14,87.745651
2016-09-15,87.769341
2016-09-16,87.864227
2016-09-19,87.713936
2016-09-20,87.848396
2016-09-21,87.990807
2016-09-22,88.251823
2016-09-23,88.291351
2016-09-26,88.544418
2016-09-27,88.694717
2016-09-28,88.655167
2016-09-29,88.710587
2016-09-30,88.489059
2016-10-03,88.283112
2016-10-04,87.879257
2016-10-05,87.681267
2016-10-06,87.499092
2016-10-07,87.625839
2016-10-10,87.396149
2016-10-11,87.372360
2016-10-12,87.372360
2016-10-13,87.554512
2016-10-14,87.285225
2016-10-17,87.475327
2016-10-18,87.649544
2016-10-19,87.689178
2016-10-20,87.609985
2016-10-21,87.705025
2016-10-24,87.586220
2016-10-25,87.570366
2016-10-26,87.380280
2016-10-27,87.079338
2016-10-28,87.095161
2016-10-31,87.166443
2016-11-01,87.169601
2016-11-02,87.431335
2016-11-03,87.375809
2016-11-04,87.645493
2016-11-07,87.280663
2016-11-08,86.971321
2016-11-09,85.646881
2016-11-10,85.131393
2016-11-11,84.956886
2016-11-14,84.465134
2016-11-15,84.465134
2016-11-16,84.544479
2016-11-17,84.171684
2016-11-18,83.798904
2016-11-21,83.870346
2016-11-22,83.949631
2016-11-23,83.648277
2016-11-25,83.576881
2016-11-28,83.957565
2016-11-29,84.044800
2016-11-30,83.481735
2016-12-01,83.163193
2016-12-02,83.536484
2016-12-05,83.504761
2016-12-06,83.536484
2016-12-07,83.814529
2016-12-08,83.496788
2016-12-09,83.067932
2016-12-12,83.083778
2016-12-13,83.131439
2016-12-14,82.440437
2016-12-15,82.210129
2016-12-16,82.313362
2016-12-19,82.694618
2016-12-20,82.519897
2016-12-21,82.654938
2016-12-22,82.619133
2016-12-23,82.698692
2016-12-27,82.579292
2016-12-28,82.881615
2016-12-29,83.136215
2016-12-30,83.382820
2017-01-03,83.343010
2017-01-04,83.438484
2017-01-05,83.979431
2017-01-06,83.597534
2017-01-09,83.915741
2017-01-10,83.876015
2017-01-11,83.971443
2017-01-12,84.019203
2017-01-13,83.836235
2017-01-17,84.257797
2017-01-18,83.661209
2017-01-19,83.343010
2017-01-20,83.382820
2017-01-23,83.820312
2017-01-24,83.502136
2017-01-25,83.088486
2017-01-26,83.199837
2017-01-27,83.303253
2017-01-30,83.279358
2017-01-31,83.565773
2017-02-01,83.405594
2017-02-02,83.437515
2017-02-03,83.501198
2017-02-06,83.899559
2017-02-07,84.050987
2017-02-08,84.393501
2017-02-09,83.891594
2017-02-10,83.835869
2017-02-13,83.708366
2017-02-14,83.405594
2017-02-15,83.246300
2017-02-16,83.580940
2017-02-17,83.803986
2017-02-21,83.764114
2017-02-22,83.899559
2017-02-23,84.122635
2017-02-24,84.513008
2017-02-27,84.210228
2017-02-28,84.170456
2017-03-01,83.584076
2017-03-02,83.344788
2017-03-03,83.424530
2017-03-06,83.408524
2017-03-07,83.288872
2017-03-08,83.009682
2017-03-09,82.778290
2017-03-10,82.953804
2017-03-13,82.746391
2017-03-14,82.834137
2017-03-15,83.560127
2017-03-16,83.328773
2017-03-17,83.552170
2017-03-20,83.751579
2017-03-21,84.030823
2017-03-22,84.190392
2017-03-23,84.102638
2017-03-24,84.150497
2017-03-27,84.357880
2017-03-28,84.070755
2017-03-29,84.310074
2017-03-30,84.070755
2017-03-31,84.238243
2017-04-03,84.652946
2017-04-04,84.533066
2017-04-05,84.692894
2017-04-06,84.636955
2017-04-07,84.381302
2017-04-10,84.533066
2017-04-11,84.924606
2017-04-12,85.188263
2017-04-13,85.443916
2017-04-17,85.308090
2017-04-18,85.795471
2017-04-19,85.571732
2017-04-20,85.380013
2017-04-21,85.419952
2017-04-24,85.244171
2017-04-25,84.804764
2017-04-26,85.028473
2017-04-27,85.084389
2017-04-28,85.172203
2017-05-01,84.988197
2017-05-02,85.164307
2017-05-03,84.988197
2017-05-04,84.796204
2017-05-05,84.812149
2017-05-08,84.604156
2017-05-09,84.508110
2017-05-10,84.476143
2017-05-11,84.540131
2017-05-12,84.972252
2017-05-15,84.916245
2017-05-16,85.028267
2017-05-17,85.708382
2017-05-18,85.684410
2017-05-19,85.660385
2017-05-22,85.564346
2017-05-23,85.340355
2017-05-24,85.516335
2017-05-25,85.564346
2017-05-26,85.620354
2017-05-30,85.836433
2017-05-31,85.876450
2017-06-01,85.831551
2017-06-02,86.208221
2017-06-05,86.063965
2017-06-06,86.336472
2017-06-07,86.176186
2017-06-08,86.039917
2017-06-09,85.959793
2017-06-12,85.943771
2017-06-13,85.975815
2017-06-14,86.424629
2017-06-15,86.272392
2017-06-16,86.320404
2017-06-19,86.080040
2017-06-20,86.296394
2017-06-21,86.288361
2017-06-22,86.368454
2017-06-23,86.392570
2017-06-26,86.464706
2017-06-27,86.039917
2017-06-28,85.959793
2017-06-29,85.639244
2017-06-30,85.438873
2017-07-03,85.125061
2017-07-05,85.189308
2017-07-06,85.028740
2017-07-07,84.892296
2017-07-10,85.004677
2017-07-11,85.117027
2017-07-12,85.365837
2017-07-13,85.277512
2017-07-14,85.397942
2017-07-17,85.502251
2017-07-18,85.815277
2017-07-19,85.815277
2017-07-20,85.839401
2017-07-21,85.991867
2017-07-24,85.935699
2017-07-25,85.454102
2017-07-26,85.726959
2017-07-27,85.590561
2017-07-28,85.735054
2017-07-31,85.759094
2017-08-01,85.972137
2017-08-02,85.891731
2017-08-03,86.189171
2017-08-04,85.956047
2017-08-07,86.004303
2017-08-08,85.931969
2017-08-09,86.036430
2017-08-10,86.357986
2017-08-11,86.454422
2017-08-14,86.245438
2017-08-15,85.988220
2017-08-16,86.149017
2017-08-17,86.454422
2017-08-18,86.470551
2017-08-21,86.526787
2017-08-22,86.357986
2017-08-23,86.655396
2017-08-24,86.518776
2017-08-25,86.663467
2017-08-28,86.743828
2017-08-29,86.944801
2017-08-30,86.872406
2017-08-31,87.009117
2017-09-01,86.753120
2017-09-05,87.356918
2017-09-06,87.147568
2017-09-07,87.525948
2017-09-08,87.461571
2017-09-11,86.962440
2017-09-12,86.753120
2017-09-13,86.575951
2017-09-14,86.592117
2017-09-15,86.696793
2017-09-18,86.358643
2017-09-19,86.262039
2017-09-20,86.092957
2017-09-21,85.980270
2017-09-22,86.133202
2017-09-25,86.390823
2017-09-26,86.318390
2017-09-27,85.875565
2017-09-28,85.859497
2017-09-29,85.754822
2017-10-02,85.657242
2017-10-03,85.778244
2017-10-04,85.754044
2017-10-05,85.665321
2017-10-06,85.560516
2017-10-09,85.657242
2017-10-10,85.689545
2017-10-11,85.786301
2017-10-12,85.866829
2017-10-13,86.157135
2017-10-16,86.012009
2017-10-17,85.979813
2017-10-18,85.762039
2017-10-19,85.850769
2017-10-20,85.496017
2017-10-23,85.576653
2017-10-24,85.318649
2017-10-25,85.181580
2017-10-26,85.068665
2017-10-27,85.342819
2017-10-30,85.649231
2017-10-31,85.592781
2017-11-01,85.644463
2017-11-02,85.757492
2017-11-03,85.894775
2017-11-06,85.999725
2017-11-07,86.032066
2017-11-08,85.927071
2017-11-09,85.894775
2017-11-10,85.458717
2017-11-13,85.418365
2017-11-14,85.539505
2017-11-15,85.846313
2017-11-16,85.628319
2017-11-17,85.741302
2017-11-20,85.604103
2017-11-21,85.620186
2017-11-22,85.894775
2017-11-24,85.822090
2017-11-27,85.878593
2017-11-28,85.894775
2017-11-29,85.620186
2017-11-30,85.353699
2017-12-01,85.669159
2017-12-04,85.628708
2017-12-05,85.693420
2017-12-06,85.871315
2017-12-07,85.717667
2017-12-08,85.652977
2017-12-11,85.596344
2017-12-12,85.523560
2017-12-13,85.871315
2017-12-14,85.839027
2017-12-15,85.822807
2017-12-18,85.628708
2017-12-19,85.240555
2017-12-20,84.989815
2017-12-21,85.049713
2017-12-22,85.082153
2017-12-26,85.114532
2017-12-27,85.479019
2017-12-28,85.373772
2017-12-29,85.511429
2018-01-02,85.227997
2018-01-03,85.317047
2018-01-04,85.276550
2018-01-05,85.171242
2018-01-08,85.130753
2018-01-09,84.725700
2018-01-10,84.701477
2018-01-11,84.758156
2018-01-12,84.701477
2018-01-16,84.741959
2018-01-17,84.555702
2018-01-18,84.288322
2018-01-19,84.069687
2018-01-22,84.037277
2018-01-23,84.280251
2018-01-24,84.118248
2018-01-25,84.304573
2018-01-26,84.053482
2018-01-29,83.842896
2018-01-30,83.648445
2018-01-31,83.672714
2018-02-01,83.241142
2018-02-02,82.932838
2018-02-05,83.614288
2018-02-06,83.249275
2018-02-07,83.005882
2018-02-08,83.078911
2018-02-09,82.932838
2018-02-12,82.908447
2018-02-13,83.046402
2018-02-14,82.543388
2018-02-15,82.567741
2018-02-16,82.762459
2018-02-20,82.673203
2018-02-21,82.429802
2018-02-22,82.543388
2018-02-23,82.859802
2018-02-26,82.957153
2018-02-27,82.697556
2018-02-28,82.892235
2018-03-01,83.248985
2018-03-02,82.940201
2018-03-05,82.834564
2018-03-06,82.826439
2018-03-07,82.826439
2018-03-08,82.997078
2018-03-09,82.818314
2018-03-12,83.013359
2018-03-13,83.151512
2018-03-14,83.314034
2018-03-15,83.281517
2018-03-16,83.183960
2018-03-19,83.102753
2018-03-20,82.940201
2018-03-21,82.997078
2018-03-22,83.338379
2018-03-23,83.452156
2018-03-26,83.224625
2018-03-27,83.695923
2018-03-28,83.679688
2018-03-29,83.850296
2018-04-02,83.935738
2018-04-03,83.667145
2018-04-04,83.618340
2018-04-05,83.406738
2018-04-06,83.772957
2018-04-09,83.789261
2018-04-10,83.642784
2018-04-11,83.724152
2018-04-12,83.422974
2018-04-13,83.496231
2018-04-16,83.455544
2018-04-17,83.504372
2018-04-18,83.178802
2018-04-19,82.950905
2018-04-20,82.674126
2018-04-23,82.592720
2018-04-24,82.495056
2018-04-25,82.315987
2018-04-26,82.552032
2018-04-27,82.690407
2018-04-30,82.779938
2018-05-01,82.650291
2018-05-02,82.666603
2018-05-03,82.878609
2018-05-04,82.886757
2018-05-07,82.846001
2018-05-08,82.707344
2018-05-09,82.519806
2018-05-10,82.691063
2018-05-11,82.699211
2018-05-14,82.519806
2018-05-15,82.063156
2018-05-16,81.891884
2018-05-17,81.842964
2018-05-18,82.160995
2018-05-21,82.218079
2018-05-22,82.185425
2018-05-23,82.560585
2018-05-24,82.772606
2018-05-25,83.098808
2018-05-29,83.995857
2018-05-30,83.636986
2018-05-31,83.596237
2018-06-01,83.287392
2018-06-04,82.993217
2018-06-05,83.205681
2018-06-06,82.870636
2018-06-07,83.222023
2018-06-08,83.107620
2018-06-11,83.025894
2018-06-12,82.976898
2018-06-13,82.878815
2018-06-14,83.140305
2018-06-15,83.205681
2018-06-18,83.246529
2018-06-19,83.467140
2018-06-20,83.197502
2018-06-21,83.418167
2018-06-22,83.434471
2018-06-25,83.548843
2018-06-26,83.589729
2018-06-27,83.908371
2018-06-28,83.826637
2018-06-29,83.761307
2018-07-02,83.703987
2018-07-03,83.916840
2018-07-05,83.925041
2018-07-06,83.998718
2018-07-09,83.785843
2018-07-10,83.720352
2018-07-11,83.892281
2018-07-12,83.859528
2018-07-13,83.998718
2018-07-16,83.859528
2018-07-17,83.810417
2018-07-18,83.744949
2018-07-19,83.974159
2018-07-20,83.679451
2018-07-23,83.270134
2018-07-24,83.327415
2018-07-25,83.270134
2018-07-26,83.180084
2018-07-27,83.311066
2018-07-30,83.204674
2018-07-31,83.319244
2018-08-01,83.122421
2018-08-02,83.220848
2018-08-03,83.434105
2018-08-06,83.475098
2018-08-07,83.302849
2018-08-08,83.376663
2018-08-09,83.606346
2018-08-10,83.967247
2018-08-13,83.942635
2018-08-14,83.860596
2018-08-15,84.065697
2018-08-16,84.041069
2018-08-17,84.073845
2018-08-20,84.336349
2018-08-21,84.221504
2018-08-22,84.377342
2018-08-23,84.369156
2018-08-24,84.393776
2018-08-27,84.205086
2018-08-28,84.016434
2018-08-29,83.991844
2018-08-30,84.147705
2018-08-31,84.164108
2018-09-04,83.971748
2018-09-05,83.963577
2018-09-06,84.136162
2018-09-07,83.758041
2018-09-10,83.807365
2018-09-11,83.503311
2018-09-12,83.601944
2018-09-13,83.593704
2018-09-14,83.437561
2018-09-17,83.453964
2018-09-18,83.108833
2018-09-19,82.969086
2018-09-20,82.977287
2018-09-21,83.010155
2018-09-24,82.919754
2018-09-25,82.837570
2018-09-26,83.108833
2018-09-27,83.108833
2018-09-28,83.149902
2018-10-01,82.939072
2018-10-02,83.153206
2018-10-03,82.535545
2018-10-04,82.321404
2018-10-05,82.123772
2018-10-08,82.156685
2018-10-09,82.313133
2018-10-10,82.354362
2018-10-11,82.691971
2018-10-12,82.593170
2018-10-15,82.642593
2018-10-16,82.634346
2018-10-17,82.395515
2018-10-18,82.543747
2018-10-19,82.444977
2018-10-22,82.461380
2018-10-23,82.675529
2018-10-24,83.120239
2018-10-25,82.922569
2018-10-26,83.293182
2018-10-29,83.284920
2018-10-30,83.103760
2018-10-31,82.897888
2018-11-01,82.968872
2018-11-02,82.506683
2018-11-05,82.556206
2018-11-06,82.465439
2018-11-07,82.465439
2018-11-08,82.349930
2018-11-09,82.671753
2018-11-12,82.919327
2018-11-13,82.985390
2018-11-14,83.158699
2018-11-15,83.216454
2018-11-16,83.472305
2018-11-19,83.596107
2018-11-20,83.579613
2018-11-21,83.563072
2018-11-23,83.612617
2018-11-26,83.546593
2018-11-27,83.629135
2018-11-28,83.620811
2018-11-29,83.835426
2018-11-30,84.000519
2018-12-03,84.184113
2018-12-04,84.572807
2018-12-06,84.787849
2018-12-07,85.035927
2018-12-10,85.085587
2018-12-11,84.870529
2018-12-12,84.638969
2018-12-13,84.688622
2018-12-14,84.820930
2018-12-17,85.069054
2018-12-18,85.278694
2018-12-19,85.577072
2018-12-20,85.469284
2018-12-21,85.543930
2018-12-24,85.759399
2018-12-26,85.353287
2018-12-27,85.568779
2018-12-28,86.032837
2018-12-31,86.356087
2019-01-02,86.538414
2019-01-03,87.226288
2019-01-04,86.521805
2019-01-07,86.281525
2019-01-08,86.066048
2019-01-09,86.115753
2019-01-10,86.074280
2019-01-11,86.331245
2019-01-14,86.281525
2019-01-15,86.198631
2019-01-16,86.148903
2019-01-17,85.991455
2019-01-18,85.717926
2019-01-22,86.016319
2019-01-23,85.974869
2019-01-24,86.248314
2019-01-25,86.049446
2019-01-28,86.074280
2019-01-29,86.322952
2019-01-30,86.521805
2019-01-31,86.919609
2019-02-01,86.454567
2019-02-04,86.263535
2019-02-05,86.413025
2019-02-06,86.479462
2019-02-07,86.761848
2019-02-08,86.878128
2019-02-11,86.745247
2019-02-12,86.628937
2019-02-13,86.413025
2019-02-14,86.820007
2019-02-15,86.736931
2019-02-19,86.886444
2019-02-20,86.869804
2019-02-21,86.612366
2019-02-22,86.869804
2019-02-25,86.736931
2019-02-26,86.994339
2019-02-27,86.687103
2019-02-28,86.462891
2019-03-01,86.179123
2019-03-04,86.445412
2019-03-05,86.495316
2019-03-06,86.736618
2019-03-07,87.027863
2019-03-08,87.152657
2019-03-11,87.086090
2019-03-12,87.327393
2019-03-13,87.294151
2019-03-14,87.169342
2019-03-15,87.443909
2019-03-18,87.327393
2019-03-19,87.269203
2019-03-20,87.876610
2019-03-21,87.834976
2019-03-22,88.484009
2019-03-25,88.708656
2019-03-26,88.633759
2019-03-27,88.891747
2019-03-28,88.900047
2019-03-29,88.758606
2019-04-01,88.148270
2019-04-02,88.298355
2019-04-03,88.023209
2019-04-04,88.114891
2019-04-05,88.156593
2019-04-08,88.014854
2019-04-09,88.173286
2019-04-10,88.381729
2019-04-11,88.181595
2019-04-12,87.773041
2019-04-15,87.889755
2019-04-16,87.589638
2019-04-17,87.606270
2019-04-18,87.814751
2019-04-22,87.689697
2019-04-23,87.848068
2019-04-24,88.181595
2019-04-25,88.073196
2019-04-26,88.306648
2019-04-29,88.123245
2019-04-30,88.298355
2019-05-01,88.258209
2019-05-02,88.007553
2019-05-03,88.124596
2019-05-06,88.350166
2019-05-07,88.650894
2019-05-08,88.483818
2019-05-09,88.717735
2019-05-10,88.659256
2019-05-13,89.102058
2019-05-14,89.018486
2019-05-15,89.302574
2019-05-16,89.127121
2019-05-17,89.168922
2019-05-20,89.018486
2019-05-21,88.918289
2019-05-22,89.185585
2019-05-23,89.728661
2019-05-24,89.703613
2019-05-28,90.096245
2019-05-29,90.062820
2019-05-30,90.388695
2019-05-31,90.990196
2019-06-03,91.427994
2019-06-04,91.093140
2019-06-05,91.093140
2019-06-06,91.076393
2019-06-07,91.436333
2019-06-10,90.984299
2019-06-11,90.984299
2019-06-12,91.218735
2019-06-13,91.444771
2019-06-14,91.511711
2019-06-17,91.494965
2019-06-18,91.670776
2019-06-19,91.921898
2019-06-20,92.072563
2019-06-21,91.695892
2019-06-24,92.013985
2019-06-25,92.156273
2019-06-26,91.779572
2019-06-27,92.055855
2019-06-28,92.097672
2019-07-01,91.981949
2019-07-02,92.309006
2019-07-03,92.485085
2019-07-05,91.898140
2019-07-08,91.805885
2019-07-09,91.747131
2019-07-10,91.797478
2019-07-11,91.344673
2019-07-12,91.445305
2019-07-15,91.638191
2019-07-16,91.436890
2019-07-17,91.864601
2019-07-18,92.090965
2019-07-19,91.923286
2019-07-22,91.965195
2019-07-23,91.814240
2019-07-24,91.948433
2019-07-25,91.789116
2019-07-26,91.772308
2019-07-29,91.856178
2019-07-30,91.898140
2019-07-31,92.132919
2019-08-01,93.177971
2019-08-02,93.371140
2019-08-05,94.177605
2019-08-06,94.328827
2019-08-07,94.328827
2019-08-08,94.337212
2019-08-09,94.194412
2019-08-12,94.790810
2019-08-13,94.454811
2019-08-14,95.084785
2019-08-15,95.689682
2019-08-16,95.437630
2019-08-19,94.984009
2019-08-20,95.404045
2019-08-21,95.151985
2019-08-22,94.942009
2019-08-23,95.580452
2019-08-26,95.488052
2019-08-27,95.899643
2019-08-28,95.933258
2019-08-29,95.748451
2019-08-30,95.773689
2019-09-03,95.984016
2019-09-04,96.135521
2019-09-05,95.361366
2019-09-06,95.420250
2019-09-09,94.831268
2019-09-10,94.141258
2019-09-11,94.048698
2019-09-12,93.838364
2019-09-13,92.980072
2019-09-16,93.383980
2019-09-17,93.627953
2019-09-18,93.661606
2019-09-19,93.703758
2019-09-20,94.242249
2019-09-23,94.376869
2019-09-24,94.848061
2019-09-25,94.225403
2019-09-26,94.427338
2019-09-27,94.561966
2019-09-30,94.637703
2019-10-01,94.899773
2019-10-02,95.228477
2019-10-03,95.725662
2019-10-04,95.911079
2019-10-07,95.590858
2019-10-08,95.793083
2019-10-09,95.548714
2019-10-10,94.950371
2019-10-11,94.301476
2019-10-14,94.562714
2019-10-15,94.107635
2019-10-16,94.293022
2019-10-17,94.259308
2019-10-18,94.343643
2019-10-21,93.998093
2019-10-22,94.217163
2019-10-23,94.250870
2019-10-24,94.234024
2019-10-25,94.031769
2019-10-28,93.677864
2019-10-29,93.762108
2019-10-30,94.217163
2019-10-31,94.815498
2019-11-01,94.636597
2019-11-04,94.155540
2019-11-05,93.649132
2019-11-06,93.919205
2019-11-07,93.168060
2019-11-08,93.041435
2019-11-11,93.142754
2019-11-12,93.184929
2019-11-13,93.438133
2019-11-14,93.910767
2019-11-15,93.834808
2019-11-18,93.995193
2019-11-19,94.172409
2019-11-20,94.518494
2019-11-21,94.282104
2019-11-22,94.265259
2019-11-25,94.307426
2019-11-26,94.484673
2019-11-27,94.239922
2019-11-29,94.163986
2019-12-02,93.825897
2019-12-03,94.662643
2019-12-04,94.299210
2019-12-05,94.079445
2019-12-06,93.792076
2019-12-09,93.868172
2019-12-10,93.758240
2019-12-11,94.147057
2019-12-12,93.403297
2019-12-13,93.952682
2019-12-16,93.513168
2019-12-17,93.521614
2019-12-18,93.268066
2019-12-19,93.340858
2019-12-20,93.340858
2019-12-23,93.256233
2019-12-24,93.417030
2019-12-26,93.552460
2019-12-27,93.687920
2019-12-30,93.628632
2019-12-31,93.290085
2020-01-02,93.721710
2020-01-03,94.348053
2020-01-06,94.246490
2020-01-07,94.111069
2020-01-08,93.890976
2020-01-09,93.958725
2020-01-10,94.161911
2020-01-13,94.051796
2020-01-14,94.238037
2020-01-15,94.475037
2020-01-16,94.280357
2020-01-17,94.204170
2020-01-21,94.576584
2020-01-22,94.593475
2020-01-23,94.830498
2020-01-24,95.169075
2020-01-27,95.812340
2020-01-28,95.490700
2020-01-29,95.947746
2020-01-30,96.040840
2020-01-31,96.523293
2020-02-03,96.441093
2020-02-04,95.881729
2020-02-05,95.466408
2020-02-06,95.534241
2020-02-07,95.991890
2020-02-10,96.178368
2020-02-11,95.949539
2020-02-12,95.703743
2020-02-13,95.788483
2020-02-14,96.025803
2020-02-18,96.178368
2020-02-19,96.161400
2020-02-20,96.441093
2020-02-21,96.830978
2020-02-24,97.585281
2020-02-25,97.856468
2020-02-26,97.805634
2020-02-27,98.280258
2020-02-28,99.382027
2020-03-02,99.314163
2020-03-03,100.468216
2020-03-04,100.247581
2020-03-05,101.138535
2020-03-06,102.165283
2020-03-09,103.081718
2020-03-10,101.189491
2020-03-11,100.179657
2020-03-12,100.230606
2020-03-13,99.577194
2020-03-16,102.207733
2020-03-17,99.645111
2020-03-18,98.261955
2020-03-19,98.584435
2020-03-20,101.096115
2020-03-23,102.292572
2020-03-24,101.596748
2020-03-25,101.656158
2020-03-26,101.902229
2020-03-27,102.657455
2020-03-30,102.895058
2020-03-31,103.081718
2020-04-01,103.501404
2020-04-02,103.518364
2020-04-03,103.594841
2020-04-06,103.127571
2020-04-07,102.668831
2020-04-08,102.541382
2020-04-09,102.762291
2020-04-13,102.541382
2020-04-14,102.677345
2020-04-15,103.594841
2020-04-16,103.705276
2020-04-17,103.433441
2020-04-20,103.705276
2020-04-21,103.994133
2020-04-22,103.671310
2020-04-23,103.739273
2020-04-24,103.764778
2020-04-27,103.212524
2020-04-28,103.662796
2020-04-29,103.611816
2020-04-30,103.365456
2020-05-01,103.508324
2020-05-04,103.525352
2020-05-05,103.448792
2020-05-06,103.066109
2020-05-07,103.695404
2020-05-08,103.355263
2020-05-11,103.066109
2020-05-12,103.406258
2020-05-13,103.618912
2020-05-14,103.780495
2020-05-15,103.712494
2020-05-18,103.074615
2020-05-19,103.363785
2020-05-20,103.389252
2020-05-21,103.457359
2020-05-22,103.652939
2020-05-26,103.380791
2020-05-27,103.465820
2020-05-28,103.372253
2020-05-29,103.703934
2020-06-01,103.663071
2020-06-02,103.492798
2020-06-03,102.879868
2020-06-04,102.471252
2020-06-05,101.960480
2020-06-08,102.071159
2020-06-09,102.437195
2020-06-10,103.203362
2020-06-11,103.569450
2020-06-12,103.339592
2020-06-15,103.254463
2020-06-16,103.041649
2020-06-17,103.203362
2020-06-18,103.433235
2020-06-19,103.467293
2020-06-22,103.373665
2020-06-23,103.339592
2020-06-24,103.535385
2020-06-25,103.552429
2020-06-26,103.833366
2020-06-29,103.935493
2020-06-30,103.748215
2020-07-01,103.586304
2020-07-02,103.714119
2020-07-06,103.560745
2020-07-07,103.893097
2020-07-08,103.731155
2020-07-09,104.063454
2020-07-10,103.858978
2020-07-13,103.969727
2020-07-14,103.961258
2020-07-15,103.927132
2020-07-16,104.003830
2020-07-17,103.978271
2020-07-20,104.046440
2020-07-21,104.157204
2020-07-22,104.191277
2020-07-23,104.293556
2020-07-24,104.242424
2020-07-27,104.080536
2020-07-28,104.327621
2020-07-29,104.463951
2020-07-30,104.608803
2020-07-31,104.634392
2020-08-03,104.583206
2020-08-04,104.941345
2020-08-05,104.591728
2020-08-06,104.711082
2020-08-07,104.489403
2020-08-10,104.378532
2020-08-11,104.020363
2020-08-12,103.713341
2020-08-13,103.500183
2020-08-14,103.551361
2020-08-17,103.721924
2020-08-18,103.901009
2020-08-19,103.764565
2020-08-20,104.062996
2020-08-21,104.139778
2020-08-24,103.994804
2020-08-25,103.747459
2020-08-26,103.704865
2020-08-27,103.338173
2020-08-28,103.508720
2020-08-31,103.619568
2020-09-01,103.959236
2020-09-02,104.104301
2020-09-03,104.240852
2020-09-04,103.660522
2020-09-08,103.882408
2020-09-09,103.831223
2020-09-10,103.959236
2020-09-11,104.121353
2020-09-14,104.027504
2020-09-15,103.976288
2020-09-16,103.916534
2020-09-17,103.950676
2020-09-18,103.856834
2020-09-21,104.044533
2020-09-22,104.044533
2020-09-23,104.044533
2020-09-24,104.095772
2020-09-25,104.181107
2020-09-28,104.164024
2020-09-29,104.240852
2020-09-30,103.959236
2020-10-01,104.018158
2020-10-02,103.915642
2020-10-05,103.258141
2020-10-06,103.497208
2020-10-07,103.198341
2020-10-08,103.386230
2020-10-09,103.334976
2020-10-12,103.445999
2020-10-13,103.676582
2020-10-14,103.710739
2020-10-15,103.599747
2020-10-16,103.539940
2020-10-19,103.369141
2020-10-20,103.147148
2020-10-21,103.010498
2020-10-22,102.651863
2020-10-23,102.796967
2020-10-26,103.070267
2020-10-27,103.300842
2020-10-28,103.292297
2020-10-29,102.856781
2020-10-30,102.523743
2020-11-02,102.699776
2020-11-03,102.469070
2020-11-04,103.332092
2020-11-05,103.315002
2020-11-06,102.964661
2020-11-09,102.204185
2020-11-10,101.913628
2020-11-11,102.075989
2020-11-12,102.657074
2020-11-13,102.520317
2020-11-16,102.443420
2020-11-17,102.708328
2020-11-18,102.674133
2020-11-19,102.785225
2020-11-20,102.964661
2020-11-23,102.759575
2020-11-24,102.597229
2020-11-25,102.631432
2020-11-27,102.939026
2020-11-30,102.870628
2020-12-01,102.323441
2020-12-02,102.152420
2020-12-03,102.426056
2020-12-04,102.024162
2020-12-07,102.340546
2020-12-08,102.443184
2020-12-09,102.297806
2020-12-10,102.528671
2020-12-11,102.733894
2020-12-14,102.674004
2020-12-15,102.571396
2020-12-16,102.485870
2020-12-17,102.411453
2020-12-18,102.325905
2020-12-21,102.394371
2020-12-22,102.565468
2020-12-23,102.351532
2020-12-24,102.496994
2020-12-28,102.505585
2020-12-29,102.488472
2020-12-30,102.556900
2020-12-31,102.625374
2021-01-04,102.651031
2021-01-05,102.411453
2021-01-06,101.812569
2021-01-07,101.453209
2021-01-08,101.162300
2021-01-11,100.965546
2021-01-12,100.948448
2021-01-13,101.299240
2021-01-14,101.068237
2021-01-15,101.341965
2021-01-19,101.401886
2021-01-20,101.444679
2021-01-21,101.299240
2021-01-22,101.453209
2021-01-25,101.863899
2021-01-26,101.829689
2021-01-27,101.949471
2021-01-28,101.684227
2021-01-29,101.504562
2021-02-01,101.631264
2021-02-02,101.374435
2021-02-03,101.126129
2021-02-04,101.091888
2021-02-05,100.877892
2021-02-08,100.920685
2021-02-09,100.997757
2021-02-10,101.254562
2021-02-11,101.177528
2021-02-12,100.843605
2021-02-16,100.115913
2021-02-17,100.184410
2021-02-18,100.175850
2021-02-19,99.773483
2021-02-22,99.610809
2021-02-23,99.687881
2021-02-24,99.550873
2021-02-25,98.223862
2021-02-26,99.105659
2021-03-01,98.994308
2021-03-02,99.174202
2021-03-03,98.643074
2021-03-04,98.154816
2021-03-05,98.017723
2021-03-08,97.632263
2021-03-09,98.094864
2021-03-10,98.300407
2021-03-11,98.266167
2021-03-12,97.555153
2021-03-15,97.675072
2021-03-16,97.657921
2021-03-17,97.495193
2021-03-18,96.886963
2021-03-19,96.827003
2021-03-22,97.143936
2021-03-23,97.623688
2021-03-24,97.752197
2021-03-25,97.623688
2021-03-26,97.298180
2021-03-29,96.964088
2021-03-30,96.878410
2021-03-31,96.741348
2021-04-01,97.169914
2021-04-05,96.895607
2021-04-06,97.367065
2021-04-07,97.307068
2021-04-08,97.641365
2021-04-09,97.384186
2021-04-12,97.324226
2021-04-13,97.727097
2021-04-14,97.607079
2021-04-15,98.232826
2021-04-16,97.967094
2021-04-19,97.864250
2021-04-20,98.155685
2021-04-21,98.207085
2021-04-22,98.284271
2021-04-23,98.155685
2021-04-26,98.052803
2021-04-27,97.667076
2021-04-28,97.795662
2021-04-29,97.624207
2021-04-30,97.709969
2021-05-03,97.876328
2021-05-04,98.005005
2021-05-05,98.125076
2021-05-06,98.168015
2021-05-07,98.202286
2021-05-10,98.005005
2021-05-11,97.842003
2021-05-12,97.370277
2021-05-13,97.696220
2021-05-14,97.910660
2021-05-17,97.816322
2021-05-18,97.816322
2021-05-19,97.524658
2021-05-20,97.927803
2021-05-21,97.962105
2021-05-24,98.056465
2021-05-25,98.416710
2021-05-26,98.305206
2021-05-27,98.133667
2021-05-28,98.125076
2021-06-01,98.107056
2021-06-02,98.218636
2021-06-03,97.969711
2021-06-04,98.510475
2021-06-07,98.433205
2021-06-08,98.716484
2021-06-09,99.025459
2021-06-10,99.377388
2021-06-11,99.231461
2021-06-14,98.922470
2021-06-15,98.939636
2021-06-16,98.261589
2021-06-17,98.613472
2021-06-18,99.171425
2021-06-21,98.853821
2021-06-22,99.034050
2021-06-23,98.836639
2021-06-24,98.819481
2021-06-25,98.613472
2021-06-28,98.922470
2021-06-29,98.973976
2021-06-30,99.128456
2021-07-01,99.057175
2021-07-02,99.417923
2021-07-06,99.941856
2021-07-07,100.233902
2021-07-08,100.491554
2021-07-09,99.984795
2021-07-12,99.933289
2021-07-13,99.624039
2021-07-14,100.053505
2021-07-15,100.474365
2021-07-16,100.457184
2021-07-19,101.316139
2021-07-20,101.187256
2021-07-21,100.603203
2021-07-22,100.835129
2021-07-23,100.680550
2021-07-26,100.611801
2021-07-27,101.041214
2021-07-28,101.127129
2021-07-29,100.817924
2021-07-30,101.101349
2021-08-02,101.544861
2021-08-03,101.570633
2021-08-04,101.544861
2021-08-05,101.175270
2021-08-06,100.582268
2021-08-09,100.367416
2021-08-10,100.178322
2021-08-11,100.290047
2021-08-12,100.186905
2021-08-13,100.762733
2021-08-16,100.986229
2021-08-17,100.934647
2021-08-18,100.883072
2021-08-19,101.106506
2021-08-20,101.011993
2021-08-23,101.037773
2021-08-24,100.762733
2021-08-25,100.367416
2021-08-26,100.367416
2021-08-27,100.693985
2021-08-30,100.891693
2021-08-31,100.702583
2021-09-01,100.745605
2021-09-02,100.865967
2021-09-03,100.625168
2021-09-07,100.229584
2021-09-08,100.504784
2021-09-09,100.788612
2021-09-10,100.470398
2021-09-13,100.590775
2021-09-14,100.969185
2021-09-15,100.797211
2021-09-16,100.478989
2021-09-17,100.186554
2021-09-20,100.693970
2021-09-21,100.633781
2021-09-22,100.728378
2021-09-23,99.816765
2021-09-24,99.515709
2021-09-27,99.249092
2021-09-28,98.870720
2021-09-29,98.973885
2021-09-30,99.094284
2021-10-01,99.498810
2021-10-04,99.378296
2021-10-05,99.068489
2021-10-06,99.094299
2021-10-07,98.698410
2021-10-08,98.483253
2021-10-11,98.242264
2021-10-12,98.689812
2021-10-13,98.879150
2021-10-14,99.111496
2021-10-15,98.620964
2021-10-18,98.483253
2021-10-19,98.130386
2021-10-20,98.087349
2021-10-21,97.829155
2021-10-22,98.078758
2021-10-25,98.199196
2021-10-26,98.319748
2021-10-27,98.870537
2021-10-28,98.612335
2021-10-29,98.655380
2021-11-01,98.647621
2021-11-02,98.888771
2021-11-03,98.578743
2021-11-04,99.112679
2021-11-05,99.655289
2021-11-08,99.224648
2021-11-09,99.681099
2021-11-10,98.828476
2021-11-11,98.509789
2021-11-12,98.716560
2021-11-15,98.328957
2021-11-16,98.242836
2021-11-17,98.595970
2021-11-18,98.656258
2021-11-19,98.923233
2021-11-22,98.199783
2021-11-23,97.794983
2021-11-24,98.096420
2021-11-26,99.362465
2021-11-29,99.138557
2021-11-30,99.732826
2021-12-01,99.920708
2021-12-02,99.705223
2021-12-03,100.291313
2021-12-06,99.791420
2021-12-07,99.412178
2021-12-08,99.093292
2021-12-09,99.343246
2021-12-10,99.412178
2021-12-13,99.886223
2021-12-14,99.713821
2021-12-15,99.567314
2021-12-16,99.857185
2021-12-17,100.081482
2021-12-20,99.995232
2021-12-21,99.598366
2021-12-22,99.693283
2021-12-23,99.486229
2021-12-27,99.520737
2021-12-28,99.503471
2021-12-29,98.994499
2021-12-30,99.322319
2021-12-31,99.210167
2022-01-03,98.287033
2022-01-04,98.235298
2022-01-05,97.821213
2022-01-06,97.579681
2022-01-07,97.260483
2022-01-10,97.234566
2022-01-11,97.467522
2022-01-12,97.484756
2022-01-13,97.795326
2022-01-14,97.122429
2022-01-18,96.389137
2022-01-19,96.622086
2022-01-20,96.829109
2022-01-21,97.389847
2022-01-24,97.303604
2022-01-25,97.174202
2022-01-26,96.484032
2022-01-27,96.889519
2022-01-28,97.113785
2022-01-31,97.113785
2022-02-01,96.982521
2022-02-02,97.181168
2022-02-03,96.766655
2022-02-04,96.024033
2022-02-07,96.049934
2022-02-08,95.739067
2022-02-09,95.868599
2022-02-10,94.987808
2022-02-11,95.972221
2022-02-14,95.307312
2022-02-15,95.022339
2022-02-16,95.220924
2022-02-17,95.730423
2022-02-18,96.041306
2022-02-22,96.032692
2022-02-23,95.531815
2022-02-24,95.756317
2022-02-25,95.730423
2022-02-28,96.818489
2022-03-01,97.761421
2022-03-02,96.292137
2022-03-03,96.706955
2022-03-04,97.666351
2022-03-07,97.251480
2022-03-08,96.620529
2022-03-09,96.024185
2022-03-10,95.583397
2022-03-11,95.557457
2022-03-14,94.347427
2022-03-15,94.304207
2022-03-16,94.174591
2022-03-17,93.993057
2022-03-18,94.269661
2022-03-21,93.042328
2022-03-22,92.532387
2022-03-23,93.154694
2022-03-24,92.636101
2022-03-25,91.685387
2022-03-28,91.892792
2022-03-29,92.350906
2022-03-30,92.713882
2022-03-31,92.886772
2022-04-01,92.281937
2022-04-04,92.221336
2022-04-05,91.122467
2022-04-06,90.802299
2022-04-07,90.577354
2022-04-08,90.118744
2022-04-11,89.686073
2022-04-12,90.118744
2022-04-13,90.317749
2022-04-14,89.504410
2022-04-18,89.244812
2022-04-19,88.656395
2022-04-20,89.348625
2022-04-21,88.855423
2022-04-22,88.898682
2022-04-25,89.469765
2022-04-26,90.066818
2022-04-27,89.564957
2022-04-28,89.435143
2022-04-29,88.959236
2022-05-02,88.296524
2022-05-03,88.400467
2022-05-04,88.972260
2022-05-05,88.079941
2022-05-06,87.577469
2022-05-09,88.227211
2022-05-10,88.521751
2022-05-11,89.067535
2022-05-12,89.362091
2022-05-13,88.894264
2022-05-16,89.266792
2022-05-17,88.591072
2022-05-18,89.223480
2022-05-19,89.544029
2022-05-20,89.959877
2022-05-23,89.414062
2022-05-24,90.185120
2022-05-25,90.367012
2022-05-26,90.323723
2022-05-27,90.453659
2022-05-31,89.509377
2022-06-01,89.005386
2022-06-02,89.135551
2022-06-03,88.962059
2022-06-06,88.294106
2022-06-07,88.649773
2022-06-08,88.320137
2022-06-09,88.242096
2022-06-10,87.374695
2022-06-13,85.821991
2022-06-14,85.136742
2022-06-15,86.325089
2022-06-16,86.888916
2022-06-17,86.914917
2022-06-21,86.463890
2022-06-22,87.556839
2022-06-23,88.051247
2022-06-24,87.738968
2022-06-27,87.244560
2022-06-28,87.357323
2022-06-29,88.059921
2022-06-30,88.736496
2022-07-01,89.687782
2022-07-05,90.017868
2022-07-06,89.253403
2022-07-07,88.706093
2022-07-08,88.167480
2022-07-11,88.862480
2022-07-12,89.070969
2022-07-13,89.453201
2022-07-14,88.958046
2022-07-15,89.262077
2022-07-18,89.001465
2022-07-19,88.593147
2022-07-20,88.506317
2022-07-21,89.514046
2022-07-22,90.539124
2022-07-25,90.217720
2022-07-26,90.252449
2022-07-27,90.434853
2022-07-28,91.329666
2022-07-29,91.364418
2022-08-01,91.898743
2022-08-02,90.628197
2022-08-03,91.002411
2022-08-04,91.463615
2022-08-05,90.140854
2022-08-08,90.671700
2022-08-09,90.401917
2022-08-10,90.454140
2022-08-11,89.853653
2022-08-12,90.210487
2022-08-15,90.497643
2022-08-16,90.393204
2022-08-17,89.784042
2022-08-18,89.958107
2022-08-19,89.183578
2022-08-22,88.791954
2022-08-23,88.574402
2022-08-24,88.278503
2022-08-25,88.844177
2022-08-26,88.739738
2022-08-29,88.234985
2022-08-30,88.208878
2022-08-31,87.843376
2022-09-01,87.145065
2022-09-02,87.633263
2022-09-06,86.656876
2022-09-07,87.223511
2022-09-08,86.900948
2022-09-09,86.909683
2022-09-12,86.700447
2022-09-13,86.212227
2022-09-14,86.255852
2022-09-15,85.959435
2022-09-16,86.029167
2022-09-19,85.785065
2022-09-20,85.253273
2022-09-21,85.593262
2022-09-22,84.303024
2022-09-23,84.407608
2022-09-26,83.004013
2022-09-27,82.437347
2022-09-28,84.294281
2022-09-29,83.901985
2022-09-30,83.684029
2022-10-03,84.677193
2022-10-04,84.851913
2022-10-05,84.048286
2022-10-06,83.585335
2022-10-07,83.174767
2022-10-10,82.685608
2022-10-11,82.895264
2022-10-12,83.166039
2022-10-13,82.816650
2022-10-14,82.353668
2022-10-17,82.441040
2022-10-18,82.650681
2022-10-19,81.785904
2022-10-20,81.174469
2022-10-21,81.357903
2022-10-24,81.253075
2022-10-25,82.266335
2022-10-26,82.685608
2022-10-27,83.270859
2022-10-28,82.842857
2022-10-31,82.467255
2022-11-01,82.452354
2022-11-02,82.312309
2022-11-03,81.953407
2022-11-04,81.778328
2022-11-07,81.489426
2022-11-08,82.032173
2022-11-09,82.312309
2022-11-10,84.159363
2022-11-11,83.984283
2022-11-14,83.782944
2022-11-15,84.404465
2022-11-16,85.025978
2022-11-17,84.448235
2022-11-18,84.150604
2022-11-21,84.098083
2022-11-22,84.579521
2022-11-23,85.034752
2022-11-25,85.008469
2022-11-28,85.043503
2022-11-29,84.684563
2022-11-30,85.446159
2022-12-01,86.379425
2022-12-02,86.554855
2022-12-05,85.677711
2022-12-06,86.203987
2022-12-07,86.958344
2022-12-08,86.467148
2022-12-09,85.826859
2022-12-12,85.704056
2022-12-13,86.475906
2022-12-14,86.712761
2022-12-15,86.881477
2022-12-16,86.661758
2022-12-19,85.958702
2022-12-20,85.334740
2022-12-21,85.440201
2022-12-22,85.413826
2022-12-23,85.027130
2022-12-27,84.315300
2022-12-28,84.113159
2022-12-29,84.526192
2022-12-30,84.174667
2023-01-03,84.833771
2023-01-04,85.484116
2023-01-05,85.361084
2023-01-06,86.459641
2023-01-09,86.679359
2023-01-10,86.134483
2023-01-11,86.688118
2023-01-12,87.461487
2023-01-13,86.995705
2023-01-17,86.723274
2023-01-18,87.900909
2023-01-19,87.733955
2023-01-20,87.153915
2023-01-23,86.872688
2023-01-24,87.373619
2023-01-25,87.470299
2023-01-26,87.153915
2023-01-27,87.022102
2023-01-30,86.749664
2023-01-31,87.189056
2023-02-01,87.816139
2023-02-02,87.780899
2023-02-03,86.838516
2023-02-06,86.089943
2023-02-07,85.878555
2023-02-08,86.195633
2023-02-09,85.808121
2023-02-10,85.394180
2023-02-13,85.596756
2023-02-14,85.209213
2023-02-15,84.953796
2023-02-16,84.671974
2023-02-17,84.909775
2023-02-21,83.985031
2023-02-22,84.134743
2023-02-23,84.460632
2023-02-24,83.949799
2023-02-27,84.205208
2023-02-28,84.337318
2023-03-01,83.663086
2023-03-02,83.318886
2023-03-03,83.989586
2023-03-06,83.839577
2023-03-07,83.848412
2023-03-08,83.821907
2023-03-09,84.342628
2023-03-10,85.895836
2023-03-13,86.937233
2023-03-14,86.116493
2023-03-15,87.360832
2023-03-16,86.575371
2023-03-17,87.599106
2023-03-20,87.246109
2023-03-21,86.487167
2023-03-22,87.625572
2023-03-23,88.128616
2023-03-24,88.155098
2023-03-27,87.069595
2023-03-28,87.016632
2023-03-29,86.866608
2023-03-30,86.999008
2023-03-31,87.475548
2023-04-03,87.887619
2023-04-04,88.453560
2023-04-05,88.824944
2023-04-06,88.851509
2023-04-10,87.976044
2023-04-11,87.940659
2023-04-12,88.197105
2023-04-13,87.905312
2023-04-14,87.472008
2023-04-17,86.914940
2023-04-18,87.056396
2023-04-19,86.870728
2023-04-20,87.374741
2023-04-21,87.162506
2023-04-24,87.586983
2023-04-25,88.453560
2023-04-26,88.108696
2023-04-27,87.533928
2023-04-28,88.188286
2023-05-01,87.150307
2023-05-02,88.284889
2023-05-03,88.861046
2023-05-04,88.843315
2023-05-05,88.364662
2023-05-08,87.823982
2023-05-09,87.717598
2023-05-10,88.373520
2023-05-11,88.701508
2023-05-12,88.169678
2023-05-15,87.974678
2023-05-16,87.690994
2023-05-17,87.407356
2023-05-18,86.866661
2023-05-19,86.538696
2023-05-22,86.379158
2023-05-23,86.520981
2023-05-24,86.299370
2023-05-25,85.758667
2023-05-26,85.918221
2023-05-30,86.591881
2023-05-31,86.919830
2023-06-01,87.161530
2023-06-02,86.468475
2023-06-05,86.441833
2023-06-06,86.495140
2023-06-07,85.864304
2023-06-08,86.441833
2023-06-09,86.130852
2023-06-12,86.273026
2023-06-13,85.659935
2023-06-14,85.775467
2023-06-15,86.441833
2023-06-16,86.068657
2023-06-20,86.326347
2023-06-21,86.406296
2023-06-22,85.917625
2023-06-23,86.273026
2023-06-26,86.486252
2023-06-27,86.184174
2023-06-28,86.530663
2023-06-29,85.642181
2023-06-30,85.828781
2023-07-03,85.456490
2023-07-05,85.046799
2023-07-06,84.352074
2023-07-07,84.245224
2023-07-10,84.681625
2023-07-11,84.859756
2023-07-12,85.688042
2023-07-13,86.400558
2023-07-14,85.973030
2023-07-17,86.115570
2023-07-18,86.213524
2023-07-19,86.507423
2023-07-20,85.821625
2023-07-21,85.892876
2023-07-24,85.688042
2023-07-25,85.527748
2023-07-26,85.821625
2023-07-27,84.886490
2023-07-28,85.162582
2023-07-31,85.269463
2023-08-01,84.771210
2023-08-02,84.601578
2023-08-03,83.976547
2023-08-04,84.869438
2023-08-07,84.664078
2023-08-08,85.092667
2023-08-09,85.146233
2023-08-10,84.494415
2023-08-11,84.047966
2023-08-14,83.914055
2023-08-15,83.753334
2023-08-16,83.431862
2023-08-17,83.324730
2023-08-18,83.574738
2023-08-21,83.056885
2023-08-22,83.092575
2023-08-23,83.994370
2023-08-24,83.681885
2023-08-25,83.655106
2023-08-28,83.887253
2023-08-29,84.485512
2023-08-30,84.476555
2023-08-31,84.646225
2023-09-01,84.128799
2023-09-05,83.618553
2023-09-06,83.403702
2023-09-07,83.690186
2023-09-08,83.708092
2023-09-11,83.564850
2023-09-12,83.681213
2023-09-13,83.779678
2023-09-14,83.591690
2023-09-15,83.332085
2023-09-18,83.412674
2023-09-19,83.108284
2023-09-20,83.045624
2023-09-21,82.427948
2023-09-22,82.750229
2023-09-25,82.141502
2023-09-26,82.114639
2023-09-27,81.747650
2023-09-28,81.971420
2023-09-29,81.989311
2023-10-02,81.324265
2023-10-03,80.651138
2023-10-04,81.162697
2023-10-05,81.315262
2023-10-06,80.839615
2023-10-09,81.871758
2023-10-10,81.710175
2023-10-11,82.158951
2023-10-12,81.369133
2023-10-13,81.889687
2023-10-16,81.405045
2023-10-17,80.606247
2023-10-18,80.229279
2023-10-19,79.834358
2023-10-20,80.301079
2023-10-23,80.678062
2023-10-24,80.821663
2023-10-25,80.112610
2023-10-26,80.722923
2023-10-27,80.848587
2023-10-30,80.579300
2023-10-31,80.408768
2023-11-01,81.334930
2023-11-02,81.838921
2023-11-03,82.468910
2023-11-06,81.991920
2023-11-07,82.459930
2023-11-08,82.792961
2023-11-09,81.973907
2023-11-10,82.063934
2023-11-13,82.018944
2023-11-14,83.251953
2023-11-15,82.603935
2023-11-16,83.224937
2023-11-17,83.278946
2023-11-20,83.395981
2023-11-21,83.503960
2023-11-22,83.476974
2023-11-24,83.044945
2023-11-27,83.674973
2023-11-28,84.043991
2023-11-29,84.484985
2023-11-30,84.070961
2023-12-01,84.864204
2023-12-04,84.512245
2023-12-05,85.107857
2023-12-06,85.459801
2023-12-07,85.333458
2023-12-08,84.782997
2023-12-11,84.792015
2023-12-12,84.972504
2023-12-13,86.235893
2023-12-14,86.952728
2023-12-15,86.880318
2023-12-18,86.690254
2023-12-19,86.853180
2023-12-20,87.278580
2023-12-21,87.142815
2023-12-22,87.061340
2023-12-26,87.115646
2023-12-27,87.794487
2023-12-28,87.459587
2023-12-29,87.242378
2024-01-02,86.916534
2024-01-03,87.124680
2024-01-04,86.599747
2024-01-05,86.282959
2024-01-08,86.572594
2024-01-09,86.536385
2024-01-10,86.400612
2024-01-11,86.862236
2024-01-12,87.097549
2024-01-16,86.391571
2024-01-17,86.111008
2024-01-18,85.920906
2024-01-19,85.929977
2024-01-22,86.192474
2024-01-23,85.975212
2024-01-24,85.730865
2024-01-25,86.101952
2024-01-26,85.948059
2024-01-29,86.463982
2024-01-30,86.581650
2024-01-31,87.305717
2024-02-01,87.846474
2024-02-02,86.703255
2024-02-05,85.859451
2024-02-06,86.322197
2024-02-07,86.167946
2024-02-08,85.886681
2024-02-09,85.732414
2024-02-12,85.814117
2024-02-13,84.870491
2024-02-14,85.188034
2024-02-15,85.423935
2024-02-16,85.051933
2024-02-20,85.197113
2024-02-21,84.924919
2024-02-22,84.933975
2024-02-23,85.324142
2024-02-26,85.197113
2024-02-27,85.006592
2024-02-28,85.315071
2024-02-29,85.487465
2024-03-01,85.877724
2024-03-04,85.686691
2024-03-05,86.214340
2024-03-06,86.423576
2024-03-07,86.569130
2024-03-08,86.632812
2024-03-11,86.523613
2024-03-12,86.168831
2024-03-13,85.977776
2024-03-14,85.340996
2024-03-15,85.195427
2024-03-18,85.095367
2024-03-19,85.340996
2024-03-20,85.541138
2024-03-21,85.550224
2024-03-22,85.968681
2024-03-25,85.741257
2024-03-26,85.868622
2024-03-27,86.196129
2024-03-28,86.114250
2024-04-01,85.335052
2024-04-02,85.152618
2024-04-03,85.252945
2024-04-04,85.544930
2024-04-05,84.979263
2024-04-08,84.787651
2024-04-09,85.125244
2024-04-10,83.993874
2024-04-11,83.875252
2024-04-12,84.221954
2024-04-15,83.683662
2024-04-16,83.355225
2024-04-17,83.884377
2024-04-18,83.592438
2024-04-19,83.701904
2024-04-22,83.711037
2024-04-23,83.820518
2024-04-24,83.565048
2024-04-25,83.245705
2024-04-26,83.473816
2024-04-29,83.811409
2024-04-30,83.419090
2024-05-01,83.749420
2024-05-02,84.142906
2024-05-03,84.609612
2024-05-06,84.682831
2024-05-07,84.902443
2024-05-08,84.664528
2024-05-09,84.920746
2024-05-10,84.646210
2024-05-13,84.746872
2024-05-14,84.993958
2024-05-15,85.634506
2024-05-16,85.469810
2024-05-17,85.204437
2024-05-20,85.076324
2024-05-21,85.295937
2024-05-22,85.186119
2024-05-23,84.884163
2024-05-24,84.993958
2024-05-28,84.518105
2024-05-29,84.106308
2024-05-30,84.527260
2024-05-31,84.920746
2024-06-03,85.476959
2024-06-04,85.945023
2024-06-05,86.257111
2024-06-06,86.220383
2024-06-07,85.311745
2024-06-10,85.128166
2024-06-11,85.577904
2024-06-12,86.055191
2024-06-13,86.624222
2024-06-14,86.826157
2024-06-17,86.422318
2024-06-18,86.798599
2024-06-20,86.578339
2024-06-21,86.596687
2024-06-24,86.670113
2024-06-25,86.743553
2024-06-26,86.220383
2024-06-27,86.413147
2024-06-28,85.954224
2024-07-01,85.314362
2024-07-02,85.636581
2024-07-03,86.207390
2024-07-05,86.686111
2024-07-08,86.713730
2024-07-09,86.594040
2024-07-10,86.676910
2024-07-11,87.229271
2024-07-12,87.413406
2024-07-15,87.137230
2024-07-16,87.523872
2024-07-17,87.597511
2024-07-18,87.348946
2024-07-19,87.072777
2024-07-22,86.989883
2024-07-23,87.054359
2024-07-24,86.861038
2024-07-25,87.054359
2024-07-26,87.468651
2024-07-29,87.615952
2024-07-30,87.800064
2024-07-31,88.444481
2024-08-01,88.822166
2024-08-02,90.198051
2024-08-05,90.290382
2024-08-06,89.487022
2024-08-07,89.163857
2024-08-08,88.896049
2024-08-09,89.256172
2024-08-12,89.505493
2024-08-13,89.902557
2024-08-14,90.022606
2024-08-15,89.459335
2024-08-16,89.634750
2024-08-19,89.754822
2024-08-20,90.114929
2024-08-21,90.299629
2024-08-22,89.884102
2024-08-23,90.299629
2024-08-26,90.188820
2024-08-27,90.151886
2024-08-28,90.105713
2024-08-29,89.948738
2024-08-30,89.634750
2024-09-03,90.225655
2024-09-04,90.753578
2024-09-05,90.966576
2024-09-06,91.096245
2024-09-09,91.225891
2024-09-10,91.614891
2024-09-11,91.550064
2024-09-12,91.401863
2024-09-13,91.577850
2024-09-16,91.818642
2024-09-17,91.651932
2024-09-18,91.253685
2024-09-19,91.179581
2024-09-20,91.151810
2024-09-23,91.096245
2024-09-24,91.198105
2024-09-25,90.827652
2024-09-26,90.762817
2024-09-27,91.124023
2024-09-30,90.873978
2024-10-01,91.204636
2024-10-02,90.944565
2024-10-03,90.480125
2024-10-04,89.607010
2024-10-07,89.281898
2024-10-08,89.356216
2024-10-09,89.021835
2024-10-10,89.012535
2024-10-11,89.040405
2024-10-14,88.882492
2024-10-15,89.337631
2024-10-16,89.476952
2024-10-17,89.012535
2024-10-18,89.114700
2024-10-21,88.427353
2024-10-22,88.343758
2024-10-23,88.139404
2024-10-24,88.334473
2024-10-25,88.139404
2024-10-28,87.935059
2024-10-29,87.972214
2024-10-30,87.842163
2024-10-31,87.795723
2024-11-01,87.275818
2024-11-04,87.741699
2024-11-05,87.788277
2024-11-06,86.884499
2024-11-07,87.583290
2024-11-08,87.769630
2024-11-11,87.527390
2024-11-12,86.977661
2024-11-13,86.921753
2024-11-14,86.912445
2024-11-15,86.949707
2024-11-18,87.145370
2024-11-19,87.331734
2024-11-20,87.201286
2024-11-21,87.154686
2024-11-22,87.210594
2024-11-25,88.151642
2024-11-26,87.965317
2024-11-27,88.319359
2024-11-29,88.692039
2024-12-02,88.684578
2024-12-03,88.432243
2024-12-04,88.768684
2024-12-05,88.759354
2024-12-06,89.039719
2024-12-09,88.731323
2024-12-10,88.572441
2024-12-11,88.310722
2024-12-12,87.974266
2024-12-13,87.563072
2024-12-16,87.591095
2024-12-17,87.591095
2024-12-18,86.914078
2024-12-19,86.520271
2024-12-20,86.839081
2024-12-23,86.454628
2024-12-24,86.501495
2024-12-26,86.567131
2024-12-27,86.342087
2024-12-30,86.848450
2024-12-31,86.689041
2025-01-02,86.735916
2025-01-03,86.595261
2025-01-06,86.510880
2025-01-07,86.117065
2025-01-08,86.267075
2025-01-10,85.638832
2025-01-13,85.488800
2025-01-14,85.516922
2025-01-15,86.417114
2025-01-16,86.623383
2025-01-17,86.689041
2025-01-21,86.979729
2025-01-22,86.754677
2025-01-23,86.529625
2025-01-24,86.707802
2025-01-27,87.270409
2025-01-28,87.279762
2025-01-29,87.176636
2025-01-30,87.364189
2025-01-31,87.223518
2025-02-03,87.285622
2025-02-04,87.501953
2025-02-05,88.009941
2025-02-06,87.906464
2025-02-07,87.614861
2025-02-10,87.596039
2025-02-11,87.370270
2025-02-12,86.768242
2025-02-13,87.417305
2025-02-14,87.784172
2025-02-18,87.313835
2025-02-19,87.454926
2025-02-20,87.633652
2025-02-21,88.151031
2025-02-24,88.339157
2025-02-25,89.035286
2025-02-26,89.279854
2025-02-27,89.176384
2025-02-28,89.665535
2025-03-03,89.991020
2025-03-04,89.707985
2025-03-05,89.207985
2025-03-06,89.160797
2025-03-07,89.047607
2025-03-10,89.670258
2025-03-11,89.349495
2025-03-12,89.085335
2025-03-13,89.443817
2025-03-14,89.132500
2025-03-17,89.207985
2025-03-18,89.311752
2025-03-19,89.585335
2025-03-20,89.717407
2025-03-21,89.641945
2025-03-24,89.123077
2025-03-25,89.274017
2025-03-26,89.066467
2025-03-27,88.991005
2025-03-28,89.707985
2025-03-31,89.972137
2025-04-01,90.288231
2025-04-02,90.203064
2025-04-03,91.130531
2025-04-04,91.386086
2025-04-07,90.297691
2025-04-08,89.843422
2025-04-09,89.559494
2025-04-10,89.001106
2025-04-11,88.499512
2025-04-14,89.209305
2025-04-15,89.474319
2025-04-16,89.862335
2025-04-17,89.606819
2025-04-21,89.124153
2025-04-22,89.190392
2025-04-23,89.285027
2025-04-24,89.767715
2025-04-25,90.108414
2025-04-28,90.468040
2025-04-29,90.780373
2025-04-30,90.922333
2025-05-01,90.526398
2025-05-02,89.918701
2025-05-05,89.757286
2025-05-06,89.985161
2025-05-07,90.222565
2025-05-08,89.519928
2025-05-09,89.586380
2025-05-12,89.016670
2025-05-13,88.950195
2025-05-14,88.617874
2025-05-15,89.197098
2025-05-16,89.225563
2025-05-19,89.178093
2025-05-20,89.064140
2025-05-21,88.446960
2025-05-22,88.779282
2025-05-23,89.035645
2025-05-27,89.405968
2025-05-28,89.159088
2025-05-29,89.529404
2025-05-30,89.795265
2025-06-02,89.490440
2025-06-03,89.404694
2025-06-04,90.062012
2025-06-05,89.795273
2025-06-06,89.080811
2025-06-09,89.242760
2025-06-10,89.395157
2025-06-11,89.766678
2025-06-12,90.157272
2025-06-13,89.823853
2025-06-16,89.566620
2025-06-17,90.004852
2025-06-18,90.062012
2025-06-20,90.119164
2025-06-23,90.433533
2025-06-24,90.747910
2025-06-25,90.786011
2025-06-26,91.109901
2025-06-27,90.871750
2025-06-30,91.233749
2025-07-01,91.064583
2025-07-02,90.873459
2025-07-03,90.558105
2025-07-07,90.271400
2025-07-08,90.137604
2025-07-09,90.605888
2025-07-10,90.558105
2025-07-11,90.137604
2025-07-14,90.099388
2025-07-15,89.745789
2025-07-16,89.994247
2025-07-17,89.965584
2025-07-18,90.214043
2025-07-21,90.529419
2025-07-22,90.787445
2025-07-23,90.462540
2025-07-24,90.328743
2025-07-25,90.538979
2025-07-28,90.338295
2025-07-29,90.930801
2025-07-30,90.615440
2025-07-31,90.691895
2025-08-01,91.736015
2025-08-04,91.860649
2025-08-05,91.793526
2025-08-06,91.726410
2025-08-07,91.659294
2025-08-08,91.448364
2025-08-11,91.477127
2025-08-12,91.457962
2025-08-13,91.783943
2025-08-14,91.486710
2025-08-15,91.304550
2025-08-18,91.218262
2025-08-19,91.448364
2025-08-20,91.582596
2025-08-21,91.314125
2025-08-22,91.822289
2025-08-25,91.640114
2025-08-26,91.879814
2025-08-27,92.052406
2025-08-28,92.263329
2025-08-29,92.186623
2025-09-02,91.911514
2025-09-03,92.228935
2025-09-04,92.642586
2025-09-05,93.094681
2025-09-08,93.383270
2025-09-09,93.162010
2025-09-10,93.412125
2025-09-11,93.556404
2025-09-12,93.287071
2025-09-15,93.440971
2025-09-16,93.498688
2025-09-17,93.296692
2025-09-18,92.988869
2025-09-19,92.950386
2025-09-22,92.796494
2025-09-23,93.056206
2025-09-24,92.806099
2025-09-25,92.604095
2025-09-26,92.556015
2025-09-29,92.825348
2025-09-30,92.786865
2025-10-01,93.099480
2025-10-02,93.195961
2025-10-03,93.012650
2025-10-06,92.742477
2025-10-07,92.974045
2025-10-08,92.993332
2025-10-09,92.925819
2025-10-10,93.504730
2025-10-13,93.552971
2025-10-14,93.794182
2025-10-15,93.688049
2025-10-16,94.122246
2025-10-17,93.967857
2025-10-20,94.093285
2025-10-21,94.266960
2025-10-22,94.286263
2025-10-23,93.977493
2025-10-24,94.064339
2025-10-27,94.064339
2025-10-28,94.151176
2025-10-29,93.543312
2025-10-30,93.408234
2025-10-31,93.446823
2025-11-03,93.402313
2025-11-04,93.518463
2025-11-05,93.073235
2025-11-06,93.547493
2025-11-07,93.586212
2025-11-10,93.460388
2025-11-11,93.750748
2025-11-12,93.770103
2025-11-13,93.499092
2025-11-14,93.344231
2025-11-17,93.450706
2025-11-18,93.605568
2025-11-19,93.537819
2025-11-20,93.760445
2025-11-21,94.070152
2025-11-24,94.215332
2025-11-25,94.457306
2025-11-26,94.534752
2025-11-28,94.370209
2025-12-01,93.863480
2025-12-02,93.941124
2025-12-03,94.135284
2025-12-04,93.844048
2025-12-05,93.649902
2025-12-08,93.455750
2025-12-09,93.319824
2025-12-10,93.620773
2025-12-11,93.630486
2025-12-12,93.378090
2025-12-15,93.455750
2025-12-16,93.717850
2025-12-17,93.698441
2025-12-18,93.941124
2025-12-19,93.729782
2025-12-22,93.632401
2025-12-23,93.593437
2025-12-24,93.836906
2025-12-26,93.924561
2025-12-29,94.060921
2025-12-30,93.963524
2025-12-31,93.651871
2026-01-02,93.573959
2026-01-05,93.856400
2026-01-06,93.788223
2026-01-07,93.963524
2026-01-08,93.681099
2026-01-09,93.788223
2026-01-12,93.671349
2026-01-13,93.788223
2026-01-14,93.983002
2026-01-15,93.788223
2026-01-16,93.427872
2026-01-20,93.057777
2026-01-21,93.301262
2026-01-22,93.291527
2026-01-23,93.447342
2026-01-26,93.583694
2026-01-27,93.476570
2026-01-28,93.398666
2026-01-29,93.496040
2026-01-30,93.437614
2026-02-02,93.253914
2026-02-03,93.341850
2026-02-04,93.322319
2026-02-05,93.869484
2026-02-06,93.869484
2026-02-09,93.889023
2026-02-10,94.299408
2026-02-11,94.035583
2026-02-12,94.612076
2026-02-13,94.983368
2026-02-17,94.973602
2026-02-18,94.778191
2026-02-19,94.866119
2026-02-20,94.866119
2026-02-23,95.208099
2026-02-24,95.188560
2026-02-25,95.110390
2026-02-26,95.364441
2026-02-27,95.745514
2026-03-02,95.170288
2026-03-03,95.062500
2026-03-04,94.866516
2026-03-05,94.572540
2026-03-06,94.513741
2026-03-09,94.807716
2026-03-10,94.503937
2026-03-11,94.072769
2026-03-12,93.769012
2026-03-13,93.670990
2026-03-16,94.092377
2026-03-17,94.258965
2026-03-18,93.827789
2026-03-19,93.817993
2026-03-20,92.975243
2026-03-23,93.269226
2026-03-24,92.955666
2026-03-25,93.445618
2026-03-26,92.691071
2026-03-27,92.700882
2026-03-30,93.357414
2026-03-31,93.524010
2026-04-01,93.442421
2026-04-02,93.658714
2026-04-06,93.412910
2026-04-07,93.648880
2026-04-08,93.855354
2026-04-09,93.825859
2026-04-10,93.668541
2026-04-13,93.875023
2026-04-14,94.179810
2026-04-15,93.973335
2026-04-16,93.806190
2026-04-17,94.317451
2026-04-20,94.228966
2026-04-21,93.816017
2026-04-22,93.914345
2026-04-23,93.766869
2026-04-24,93.953674
2026-04-27,93.737366
2026-04-28,93.648880
2026-04-29,93.206451
2026-04-30,93.383415
2026-05-01,93.454445
2026-05-04,93.109192
2026-05-05,93.247299
2026-05-06,93.710922
2026-05-07,93.424850
2026-05-08,93.671455
2026-05-11,93.355804
2026-05-12,93.040146
2026-05-13,93.040146
2026-05-14,92.980957
2026-05-15,92.241142
2026-05-18,92.201675
2026-05-19,91.846565
2026-05-20,92.468018
2026-05-21,92.527206
2026-05-22,92.606110
2026-05-26,93.000687
2026-05-27,93.040146
2026-05-28,93.257156
2026-05-29,93.365662
2026-06-01,93.204338
2026-06-02,93.273621
2026-06-03,93.036087
2026-06-04,93.154854
2026-06-05,92.659981
2026-06-08,92.561005
2026-06-09,92.818344
2026-06-10,92.729263
2026-06-11,93.372589
2026-06-12,93.214233
2026-06-15,93.313210
2026-06-16,93.550751
2026-06-17,93.055870
2026-06-18,93.392387
2026-06-22,93.036087
2026-06-23,93.154854
2026-06-24,93.758598
2026-06-25,93.817978
2026-06-26,94.055519
2026-06-29,94.085213
2026-06-30,93.600243
2026-07-01,93.372841
2026-07-02,93.462212
2026-07-06,93.521790
2026-07-07,93.045135
2026-07-08,92.856476
2026-07-09,93.055077
2026-07-10,92.975632
2026-07-13,92.638008
2026-07-14,92.896194
2026-07-15,93.124588
2026-07-16,93.065002
2026-07-17,93.184166
2026-07-20,92.886269
2026-07-21,92.657867
2026-07-22,92.449333
2026-07-23,92.201080
2026-07-24,92.379829
2026-07-27,92.628082
2026-07-28,92.906120
2026-07-29,92.518845
2026-07-30,92.558563
2026-07-31,92.300377
2026-08-03,92.487709
2026-08-04,92.916176
2026-08-05,92.975952
2026-08-06,92.617241
2026-08-07,92.836456
2026-08-10,92.427933
2026-08-11,92.537537
2026-08-12,92.627213
2026-08-13,92.965996
2026-08-14,92.706924
2026-08-17,92.507637
2026-08-18,92.597321
2026-08-19,93.045708
2026-08-20,92.667068
2026-08-21,92.487709
2026-08-24,92.677032
2026-08-25,93.175247
2026-08-26,92.985924
2026-08-27,92.896248
2026-08-28,92.517601
2026-08-31,92.407997
2026-09-01,92.099998
2026-09-02,92.180000
2026-09-03,92.279999
2026-09-04,92.250000
2026-09-08,92.160004
2026-09-09,91.900002
2026-09-10,91.180000
2026-09-11,91.010002
2026-09-14,90.930000
2026-09-15,90.820000
2026-09-16,90.730003
2026-09-17,91.250000
2026-09-18,90.800003
2026-09-21,91.150002
2026-09-22,91.160004
2026-09-23,90.190002
2026-09-24,89.690002
2026-09-25,90.000000
