date,adj_close
2000-05-19,88.080421
2000-05-22,87.532616
2000-05-23,86.202225
2000-05-24,87.493462
2000-05-25,86.691299
2000-05-26,86.300018
2000-05-30,89.136948
2000-05-31,89.391258
2000-06-01,90.819504
2000-06-02,92.619431
2000-06-05,92.012978
2000-06-06,91.543358
2000-06-07,92.149902
2000-06-08,91.817329
2000-06-09,91.484665
2000-06-12,90.692337
2000-06-13,91.876030
2000-06-14,92.443344
2000-06-15,92.443344
2000-06-16,92.071640
2000-06-19,92.981400
2000-06-20,92.472710
2000-06-21,92.645172
2000-06-22,91.127708
2000-06-23,90.471733
2000-06-26,91.519272
2000-06-27,91.010208
2000-06-28,91.431198
2000-06-29,90.324936
2000-06-30,91.157051
2000-07-03,92.194817
2000-07-05,90.912315
2000-07-06,91.362617
2000-07-07,92.713715
2000-07-10,92.557037
2000-07-11,92.909492
2000-07-12,93.418610
2000-07-13,93.731880
2000-07-14,94.603241
2000-07-17,94.544472
2000-07-18,93.868965
2000-07-19,92.987839
2000-07-20,94.250763
2000-07-21,92.557037
2000-07-24,91.852203
2000-07-25,92.371056
2000-07-26,91.480133
2000-07-27,91.098312
2000-07-28,89.110886
2000-07-31,89.561234
2000-08-01,90.266144
2000-08-02,90.452171
2000-08-03,91.088509
2000-08-04,91.636772
2000-08-07,92.919327
2000-08-08,93.095520
2000-08-09,92.615784
2000-08-10,91.744507
2000-08-11,92.302505
2000-08-14,93.624168
2000-08-15,93.379471
2000-08-16,92.733307
2000-08-17,93.937477
2000-08-18,93.751488
2000-08-21,93.634018
2000-08-22,94.260567
2000-08-23,94.505341
2000-08-24,94.661987
2000-08-25,94.710899
2000-08-28,95.102554
2000-08-29,95.034012
2000-08-30,94.241005
2000-08-31,95.406052
2000-09-01,95.425621
2000-09-05,94.838188
2000-09-06,93.898323
2000-09-07,94.573853
2000-09-08,93.927689
2000-09-11,93.692741
2000-09-12,93.046600
2000-09-13,93.242363
2000-09-14,93.007362
2000-09-15,91.891342
2000-09-18,90.853569
2000-09-19,91.695496
2000-09-20,91.016022
2000-09-21,90.927734
2000-09-22,91.182793
2000-09-25,90.358856
2000-09-26,89.534943
2000-09-27,89.583923
2000-09-28,91.673233
2000-09-29,90.211716
2000-10-02,90.319618
2000-10-03,89.397598
2000-10-04,90.192055
2000-10-05,90.574699
2000-10-06,88.563843
2000-10-09,88.092995
2000-10-10,86.631477
2000-10-11,85.846786
2000-10-12,83.747704
2000-10-13,86.239113
2000-10-16,86.670715
2000-10-17,84.748230
2000-10-18,84.601067
2000-10-19,87.376991
2000-10-20,88.024345
2000-10-23,88.308815
2000-10-24,87.622200
2000-10-25,85.748741
2000-10-26,85.876198
2000-10-27,87.416214
2000-10-30,88.083191
2000-10-31,89.858574
2000-11-01,89.446648
2000-11-02,89.701607
2000-11-03,89.691856
2000-11-06,90.378502
2000-11-07,90.300003
2000-11-08,88.367676
2000-11-09,87.838005
2000-11-10,85.866425
2000-11-13,84.973839
2000-11-14,87.082703
2000-11-15,87.514297
2000-11-16,86.356873
2000-11-17,85.827225
2000-11-20,84.502960
2000-11-21,85.111122
2000-11-22,83.021851
2000-11-24,84.473579
2000-11-27,85.169998
2000-11-28,84.061577
2000-11-29,83.904648
2000-11-30,83.061073
2000-12-01,82.825676
2000-12-04,83.620171
2000-12-05,86.435333
2000-12-06,85.140564
2000-12-07,84.120422
2000-12-08,84.404900
2000-12-11,87.063057
2000-12-12,86.435333
2000-12-13,85.511345
2000-12-14,84.389488
2000-12-15,82.342751
2000-12-18,83.218536
2000-12-19,81.870438
2000-12-20,79.548126
2000-12-21,80.059807
2000-12-22,82.578888
2000-12-26,83.021713
2000-12-27,84.064796
2000-12-28,83.976204
2000-12-29,82.726517
2001-01-02,81.043816
2001-01-03,85.078293
2001-01-04,84.113953
2001-01-05,81.683502
2001-01-08,81.811333
2001-01-09,81.831062
2001-01-10,82.982361
2001-01-11,83.425163
2001-01-12,83.208672
2001-01-16,83.553070
2001-01-17,83.966377
2001-01-18,84.920876
2001-01-19,84.625664
2001-01-22,84.714233
2001-01-23,85.599884
2001-01-24,85.993454
2001-01-25,85.530983
2001-01-26,85.501457
2001-01-29,85.963943
2001-01-30,86.763756
2001-01-31,86.215843
2001-02-01,86.770073
2001-02-02,85.012993
2001-02-05,85.277519
2001-02-06,85.296356
2001-02-07,84.698082
2001-02-08,83.917191
2001-02-09,83.066956
2001-02-12,83.879387
2001-02-13,83.413345
2001-02-14,83.054405
2001-02-15,83.759743
2001-02-16,82.153809
2001-02-20,80.837601
2001-02-21,79.174965
2001-02-22,79.004951
2001-02-23,78.564125
2001-02-26,79.949615
2001-02-27,79.672523
2001-02-28,78.135857
2001-03-01,78.431854
2001-03-02,77.858772
2001-03-05,78.438171
2001-03-06,79.370239
2001-03-07,79.697708
2001-03-08,79.930725
2001-03-09,77.758018
2001-03-12,74.320869
2001-03-13,75.545021
2001-03-14,73.740334
2001-03-15,74.081085
2001-03-16,72.718117
2001-03-19,74.030594
2001-03-20,72.219597
2001-03-21,70.982811
2001-03-22,70.490608
2001-03-23,72.213310
2001-03-26,73.065178
2001-03-27,74.636353
2001-03-28,72.768570
2001-03-29,72.781189
2001-03-30,73.651970
2001-04-02,72.093361
2001-04-03,69.619858
2001-04-04,69.796516
2001-04-05,72.560333
2001-04-06,71.538094
2001-04-09,71.727409
2001-04-10,73.721367
2001-04-11,73.765594
2001-04-12,74.819366
2001-04-16,74.365059
2001-04-17,75.166428
2001-04-18,78.397224
2001-04-19,79.198608
2001-04-20,78.782127
2001-04-23,77.223564
2001-04-24,76.674553
2001-04-25,77.728340
2001-04-26,78.075394
2001-04-27,79.337425
2001-04-30,79.003021
2001-05-01,80.252388
2001-05-02,80.107300
2001-05-03,79.141792
2001-05-04,80.296593
2001-05-07,79.634010
2001-05-08,79.728661
2001-05-09,79.413147
2001-05-10,79.665573
2001-05-11,78.977768
2001-05-14,79.097641
2001-05-15,79.078735
2001-05-16,81.369331
2001-05-17,81.628036
2001-05-18,81.893021
2001-05-21,83.085678
2001-05-22,82.852219
2001-05-23,81.640640
2001-05-24,81.886719
2001-05-25,80.877083
2001-05-29,80.252388
2001-05-30,79.072380
2001-05-31,79.337425
2001-06-01,80.069366
2001-06-04,80.189278
2001-06-05,81.306236
2001-06-06,80.492180
2001-06-07,80.851868
2001-06-08,80.233490
2001-06-11,79.582977
2001-06-12,79.469101
2001-06-13,78.817352
2001-06-14,76.950684
2001-06-15,77.096230
2001-06-18,76.533073
2001-06-19,76.786186
2001-06-20,77.374649
2001-06-21,78.260506
2001-06-22,77.754326
2001-06-25,77.298706
2001-06-26,76.893715
2001-06-27,76.760841
2001-06-28,77.709991
2001-06-29,77.634071
2001-07-02,78.406067
2001-07-03,78.463013
2001-07-05,77.197479
2001-07-06,75.210594
2001-07-09,75.729431
2001-07-10,74.868851
2001-07-11,74.843582
2001-07-12,76.678619
2001-07-13,77.197479
2001-07-16,76.393837
2001-07-17,77.007614
2001-07-18,76.495125
2001-07-19,76.811485
2001-07-20,76.722923
2001-07-23,75.299149
2001-07-24,74.457588
2001-07-25,75.457344
2001-07-26,76.419151
2001-07-27,76.469742
2001-07-30,76.419151
2001-07-31,76.754539
2001-08-01,77.254433
2001-08-02,77.501190
2001-08-03,77.153160
2001-08-06,76.147110
2001-08-07,76.457123
2001-08-08,75.008110
2001-08-09,75.159943
2001-08-10,75.628220
2001-08-13,75.621918
2001-08-14,75.488991
2001-08-15,74.767654
2001-08-16,75.027077
2001-08-17,73.900772
2001-08-20,74.312019
2001-08-21,73.400848
2001-08-22,74.058899
2001-08-23,73.818512
2001-08-24,75.103020
2001-08-27,74.894196
2001-08-28,73.812172
2001-08-29,73.078133
2001-08-30,71.616455
2001-08-31,72.280884
2001-09-04,71.806305
2001-09-05,71.850616
2001-09-06,70.344635
2001-09-07,68.838585
2001-09-10,69.635910
2001-09-17,66.060760
2001-09-18,65.554558
2001-09-19,64.573761
2001-09-20,62.675472
2001-09-21,61.536510
2001-09-24,63.694252
2001-09-25,64.383942
2001-09-26,64.067574
2001-09-27,64.700363
2001-09-28,66.060760
2001-10-01,66.212669
2001-10-02,67.014854
2001-10-03,68.189857
2001-10-04,68.266083
2001-10-05,68.094620
2001-10-08,67.643608
2001-10-09,67.294334
2001-10-10,68.748795
2001-10-11,69.847618
2001-10-12,69.530022
2001-10-15,69.339531
2001-10-16,69.815842
2001-10-17,68.539215
2001-10-18,68.202576
2001-10-19,68.139015
2001-10-22,69.504631
2001-10-23,68.996536
2001-10-24,69.002861
2001-10-25,69.898445
2001-10-26,70.324013
2001-10-29,68.266083
2001-10-30,67.421326
2001-10-31,67.237144
2001-11-01,68.856781
2001-11-02,69.339531
2001-11-05,70.241425
2001-11-06,71.308495
2001-11-07,71.181442
2001-11-08,71.244965
2001-11-09,71.518074
2001-11-12,71.136971
2001-11-13,72.635925
2001-11-14,72.763000
2001-11-15,72.966202
2001-11-16,72.578789
2001-11-19,73.480690
2001-11-20,72.883636
2001-11-21,72.318344
2001-11-23,73.480690
2001-11-26,73.664894
2001-11-27,73.302864
2001-11-28,71.918221
2001-11-29,72.616875
2001-11-30,72.458115
2001-12-03,71.975410
2001-12-04,73.150429
2001-12-05,74.598572
2001-12-06,74.503281
2001-12-07,73.931595
2001-12-10,72.635925
2001-12-11,72.381866
2001-12-12,72.566032
2001-12-13,71.175064
2001-12-14,71.740387
2001-12-17,72.530319
2001-12-18,72.989021
2001-12-19,73.473183
2001-12-20,72.740532
2001-12-21,73.160988
2001-12-24,73.033638
2001-12-26,73.454086
2001-12-27,73.874550
2001-12-28,73.925484
2001-12-31,72.836136
2002-01-02,73.549629
2002-01-03,74.396957
2002-01-04,74.919365
2002-01-07,74.352356
2002-01-08,74.046570
2002-01-09,73.664284
2002-01-10,73.970123
2002-01-11,73.243851
2002-01-14,72.766045
2002-01-15,73.326668
2002-01-16,71.861420
2002-01-17,72.415665
2002-01-18,72.027061
2002-01-22,71.600220
2002-01-23,71.988792
2002-01-24,72.364662
2002-01-25,72.351944
2002-01-28,72.332855
2002-01-29,70.236877
2002-01-30,71.249802
2002-01-31,72.077980
2002-02-01,71.663902
2002-02-04,69.969360
2002-02-05,69.561592
2002-02-06,69.243050
2002-02-07,68.816231
2002-02-08,70.173187
2002-02-11,71.058708
2002-02-12,70.765648
2002-02-13,71.511009
2002-02-14,71.351761
2002-02-15,70.580864
2002-02-19,69.293991
2002-02-20,70.421616
2002-02-21,68.943642
2002-02-22,69.841904
2002-02-25,70.975876
2002-02-26,70.842117
2002-02-27,71.116051
2002-02-28,70.740173
2002-03-01,72.472977
2002-03-04,73.689812
2002-03-05,73.517792
2002-03-06,74.365105
2002-03-07,74.180351
2002-03-08,74.479790
2002-03-11,74.654137
2002-03-12,74.679688
2002-03-13,73.894112
2002-03-14,73.811096
2002-03-15,74.545547
2002-03-18,74.532753
2002-03-19,75.037315
2002-03-20,73.740829
2002-03-21,73.619476
2002-03-22,73.466171
2002-03-25,72.508186
2002-03-26,72.789200
2002-03-27,73.293762
2002-03-28,73.121315
2002-04-01,73.351234
2002-04-02,72.776443
2002-04-03,72.220764
2002-04-04,71.990837
2002-04-05,71.914238
2002-04-08,71.978081
2002-04-09,71.562965
2002-04-10,72.437943
2002-04-11,70.719933
2002-04-12,71.166977
2002-04-15,70.668800
2002-04-16,72.271866
2002-04-17,72.188889
2002-04-18,71.843925
2002-04-19,72.112236
2002-04-22,70.962616
2002-04-23,70.624084
2002-04-24,69.902405
2002-04-25,69.998230
2002-04-26,68.657013
2002-04-29,68.280205
2002-04-30,68.944382
2002-05-01,69.710808
2002-05-02,69.468117
2002-05-03,68.740021
2002-05-06,67.417976
2002-05-07,67.105049
2002-05-08,69.615005
2002-05-09,68.784737
2002-05-10,67.520187
2002-05-13,68.918869
2002-05-14,70.375023
2002-05-15,69.921562
2002-05-16,70.458099
2002-05-17,70.866798
2002-05-20,70.093994
2002-05-21,69.340378
2002-05-22,69.646950
2002-05-23,70.343102
2002-05-24,69.455338
2002-05-28,68.969940
2002-05-29,68.465408
2002-05-30,68.407913
2002-05-31,68.388748
2002-06-03,66.606865
2002-06-04,66.855942
2002-06-05,67.417976
2002-06-06,66.051254
2002-06-07,65.923508
2002-06-10,66.255592
2002-06-11,65.067673
2002-06-12,65.521141
2002-06-13,64.793037
2002-06-14,64.805809
2002-06-17,66.564163
2002-06-18,66.621872
2002-06-19,65.384636
2002-06-20,64.673134
2002-06-21,63.609009
2002-06-24,64.012886
2002-06-25,62.506432
2002-06-26,62.609058
2002-06-27,63.538536
2002-06-28,63.474400
2002-07-01,62.243614
2002-07-02,60.923111
2002-07-03,61.314148
2002-07-05,63.557758
2002-07-08,62.839794
2002-07-09,61.179558
2002-07-10,59.102631
2002-07-11,59.647476
2002-07-12,59.032082
2002-07-15,59.096199
2002-07-16,57.948780
2002-07-17,58.192371
2002-07-18,56.327000
2002-07-19,54.358997
2002-07-22,52.628246
2002-07-23,51.185966
2002-07-24,54.275700
2002-07-25,53.923138
2002-07-26,54.967999
2002-07-29,57.448765
2002-07-30,58.282112
2002-07-31,58.544918
2002-08-01,56.730827
2002-08-02,55.474377
2002-08-05,53.666695
2002-08-06,55.275707
2002-08-07,56.365425
2002-08-08,58.250076
2002-08-09,58.493660
2002-08-12,58.141037
2002-08-13,56.897507
2002-08-14,59.134674
2002-08-15,59.980824
2002-08-16,59.737228
2002-08-19,61.160347
2002-08-20,60.435944
2002-08-21,61.346203
2002-08-22,62.012871
2002-08-23,60.583382
2002-08-26,61.070576
2002-08-27,60.198772
2002-08-28,59.064156
2002-08-29,59.057747
2002-08-30,58.820557
2002-09-03,56.519295
2002-09-04,57.384655
2002-09-05,56.653904
2002-09-06,57.519268
2002-09-09,58.243641
2002-09-10,58.794949
2002-09-11,58.474426
2002-09-12,57.397499
2002-09-13,57.365452
2002-09-16,57.606251
2002-09-17,56.254128
2002-09-18,55.629597
2002-09-19,54.386967
2002-09-20,54.438438
2002-09-23,53.813877
2002-09-24,53.041256
2002-09-25,54.283932
2002-09-26,55.198193
2002-09-27,53.395409
2002-09-30,52.725773
2002-10-01,55.211075
2002-10-02,53.504871
2002-10-03,52.925377
2002-10-04,52.088367
2002-10-07,50.710503
2002-10-08,51.637638
2002-10-09,50.311295
2002-10-10,51.940254
2002-10-11,54.058575
2002-10-14,54.451286
2002-10-15,57.187752
2002-10-16,55.790535
2002-10-17,56.827168
2002-10-18,57.142643
2002-10-21,58.069805
2002-10-22,57.644852
2002-10-23,58.102032
2002-10-24,56.859367
2002-10-25,58.011887
2002-10-28,57.683475
2002-10-29,56.988136
2002-10-30,57.554718
2002-10-31,57.110462
2002-11-01,58.179264
2002-11-04,58.681511
2002-11-05,59.157948
2002-11-06,59.776054
2002-11-07,58.353119
2002-11-08,57.715687
2002-11-11,56.833626
2002-11-12,57.187752
2002-11-13,57.065407
2002-11-14,58.456150
2002-11-15,58.887527
2002-11-18,58.308056
2002-11-19,58.172859
2002-11-20,58.887527
2002-11-21,60.625946
2002-11-22,60.252514
2002-11-25,60.445675
2002-11-26,59.093563
2002-11-27,60.716091
2002-11-29,60.381290
2002-12-02,60.606621
2002-12-03,59.814690
2002-12-04,59.524975
2002-12-05,58.771614
2002-12-06,59.260963
2002-12-09,57.586922
2002-12-10,58.359566
2002-12-11,58.565613
2002-12-12,58.462601
2002-12-13,57.522541
2002-12-16,59.031803
2002-12-17,58.546619
2002-12-18,57.873833
2002-12-19,57.401573
2002-12-20,58.126148
2002-12-23,58.294312
2002-12-24,57.880287
2002-12-26,57.822060
2002-12-27,56.528183
2002-12-30,57.013447
2002-12-31,57.155727
2003-01-02,58.973579
2003-01-03,59.109421
2003-01-06,60.209209
2003-01-07,59.846935
2003-01-08,59.148277
2003-01-09,60.092743
2003-01-10,60.228638
2003-01-13,60.209209
2003-01-14,60.241547
2003-01-15,59.626980
2003-01-16,59.284111
2003-01-17,58.727776
2003-01-21,57.627983
2003-01-22,56.948727
2003-01-23,57.401573
2003-01-24,55.829517
2003-01-27,55.007965
2003-01-28,55.525478
2003-01-29,55.971863
2003-01-30,54.665051
2003-01-31,55.745441
2003-02-03,55.758373
2003-02-04,55.182625
2003-02-05,54.872093
2003-02-06,54.263981
2003-02-07,54.056969
2003-02-10,54.309254
2003-02-11,54.005207
2003-02-12,53.177162
2003-02-13,53.235378
2003-02-14,54.354511
2003-02-18,55.467255
2003-02-19,55.027363
2003-02-20,54.516270
2003-02-21,55.143814
2003-02-24,54.076378
2003-02-25,54.697449
2003-02-26,53.895229
2003-02-27,54.568062
2003-02-28,54.969151
2003-03-03,54.399822
2003-03-04,53.545898
2003-03-05,54.037571
2003-03-06,53.532948
2003-03-07,53.985821
2003-03-10,52.612053
2003-03-11,52.124897
2003-03-12,52.475643
2003-03-13,54.216385
2003-03-14,54.333294
2003-03-17,56.138985
2003-03-18,56.496258
2003-03-19,56.905472
2003-03-20,57.074348
2003-03-21,58.230488
2003-03-24,56.314384
2003-03-25,56.898952
2003-03-26,56.515713
2003-03-27,56.496258
2003-03-28,56.346844
2003-03-31,55.086761
2003-04-01,55.872684
2003-04-02,57.243221
2003-04-03,57.067829
2003-04-04,57.340649
2003-04-07,57.340649
2003-04-08,57.314671
2003-04-09,56.600182
2003-04-10,56.808018
2003-04-11,56.645645
2003-04-14,57.834251
2003-04-15,58.250019
2003-04-16,57.282169
2003-04-17,58.178539
2003-04-21,58.217472
2003-04-22,59.367165
2003-04-23,59.808872
2003-04-24,59.308739
2003-04-25,58.672142
2003-04-28,59.633465
2003-04-29,59.828342
2003-04-30,59.763397
2003-05-01,59.750385
2003-05-02,60.529854
2003-05-05,60.438877
2003-05-06,60.964996
2003-05-07,60.620766
2003-05-08,60.081661
2003-05-09,60.906590
2003-05-12,61.640553
2003-05-13,61.523605
2003-05-14,61.406704
2003-05-15,61.809414
2003-05-16,61.673035
2003-05-19,60.231056
2003-05-20,60.029682
2003-05-21,60.224579
2003-05-22,60.744183
2003-05-23,60.913074
2003-05-27,62.010746
2003-05-28,62.186153
2003-05-29,62.023754
2003-05-30,62.998066
2003-06-02,63.264351
2003-06-03,63.459225
2003-06-04,64.452980
2003-06-05,64.751770
2003-06-06,64.576393
2003-06-09,63.874901
2003-06-10,64.491982
2003-06-11,65.173958
2003-06-12,65.407822
2003-06-13,64.680344
2003-06-16,66.080032
2003-06-17,66.080032
2003-06-18,66.008316
2003-06-19,64.984795
2003-06-20,64.815262
2003-06-23,64.189453
2003-06-24,64.280701
2003-06-25,63.622250
2003-06-26,64.404541
2003-06-27,63.746113
2003-06-30,63.746113
2003-07-01,64.293777
2003-07-02,65.063011
2003-07-03,64.378494
2003-07-07,65.682373
2003-07-08,65.995247
2003-07-09,65.591095
2003-07-10,64.782684
2003-07-11,65.362938
2003-07-14,65.649765
2003-07-15,65.525871
2003-07-16,65.212936
2003-07-17,64.280701
2003-07-18,64.932663
2003-07-21,64.052521
2003-07-22,64.684921
2003-07-23,64.750122
2003-07-24,64.274178
2003-07-25,65.362938
2003-07-28,65.147797
2003-07-29,64.860916
2003-07-30,64.652298
2003-07-31,64.841377
2003-08-01,64.235069
2003-08-04,64.280701
2003-08-05,62.944237
2003-08-06,63.283264
2003-08-07,63.915600
2003-08-08,64.085121
2003-08-11,64.371986
2003-08-12,64.958717
2003-08-13,64.619720
2003-08-14,64.860916
2003-08-15,64.900032
2003-08-18,65.506332
2003-08-19,65.734505
2003-08-20,65.525871
2003-08-21,65.741020
2003-08-22,65.121689
2003-08-25,65.128235
2003-08-26,65.330330
2003-08-27,65.336823
2003-08-28,65.688850
2003-08-29,66.060501
2003-09-02,67.090523
2003-09-03,67.403481
2003-09-04,67.475159
2003-09-05,67.116600
2003-09-08,67.638161
2003-09-09,67.142677
2003-09-10,66.542900
2003-09-11,66.653748
2003-09-12,66.868843
2003-09-15,66.588058
2003-09-16,67.569984
2003-09-17,67.445595
2003-09-18,68.231125
2003-09-19,67.916946
2003-09-22,67.177200
2003-09-23,67.445595
2003-09-24,66.214905
2003-09-25,65.651924
2003-09-26,65.455551
2003-09-29,66.070908
2003-09-30,65.396629
2003-10-01,66.823692
2003-10-02,67.092110
2003-10-03,67.687828
2003-10-06,68.015144
2003-10-07,68.263870
2003-10-08,68.087128
2003-10-09,68.316261
2003-10-10,68.250786
2003-10-13,68.735184
2003-10-14,68.951241
2003-10-15,68.748299
2003-10-16,69.062538
2003-10-17,68.296616
2003-10-20,68.761414
2003-10-21,68.702484
2003-10-22,67.831795
2003-10-23,67.668175
2003-10-24,67.805641
2003-10-27,67.838387
2003-10-28,68.741768
2003-10-29,68.892326
2003-10-30,69.036339
2003-10-31,68.931572
2003-11-03,69.409439
2003-11-04,69.232727
2003-11-05,69.337456
2003-11-06,69.717148
2003-11-07,69.193451
2003-11-10,68.918518
2003-11-11,68.800659
2003-11-12,69.612389
2003-11-13,69.684395
2003-11-14,69.075592
2003-11-17,68.735184
2003-11-18,68.034744
2003-11-19,68.617363
2003-11-20,68.002052
2003-11-21,68.290054
2003-11-24,69.101791
2003-11-25,69.409439
2003-11-26,69.651665
2003-11-28,69.769516
2003-12-01,70.456825
2003-12-02,70.306274
2003-12-03,70.201538
2003-12-04,70.450287
2003-12-05,69.965904
2003-12-08,70.411018
2003-12-09,69.874237
2003-12-10,69.933205
2003-12-11,70.705597
2003-12-12,70.829979
2003-12-15,70.470863
2003-12-16,71.123077
2003-12-17,71.327728
2003-12-18,72.119873
2003-12-19,71.895409
2003-12-22,72.423531
2003-12-23,72.456573
2003-12-24,72.383980
2003-12-26,72.476334
2003-12-29,73.400566
2003-12-30,73.426949
2003-12-31,73.420372
2004-01-02,73.506149
2004-01-05,74.225723
2004-01-06,74.344551
2004-01-07,74.602020
2004-01-08,74.866058
2004-01-09,74.252129
2004-01-12,74.793434
2004-01-13,74.344551
2004-01-14,74.998093
2004-01-15,75.136696
2004-01-16,75.473373
2004-01-20,75.420563
2004-01-21,75.955254
2004-01-22,75.843063
2004-01-23,75.506355
2004-01-26,76.556023
2004-01-27,75.777054
2004-01-28,74.885857
2004-01-29,74.984871
2004-01-30,74.998093
2004-02-02,75.275368
2004-02-03,75.242317
2004-02-04,74.562386
2004-02-05,74.727417
2004-02-06,75.592178
2004-02-09,75.645035
2004-02-10,75.829842
2004-02-11,76.654999
2004-02-12,76.384338
2004-02-13,76.034500
2004-02-17,76.760658
2004-02-18,76.331551
2004-02-19,76.133530
2004-02-20,75.915688
2004-02-23,75.697823
2004-02-24,75.592178
2004-02-25,75.889259
2004-02-26,75.849648
2004-02-27,75.942101
2004-03-01,76.714417
2004-03-02,76.305130
2004-03-03,76.390984
2004-03-04,76.641853
2004-03-05,76.886063
2004-03-08,75.902473
2004-03-09,75.645035
2004-03-10,74.397354
2004-03-11,73.354340
2004-03-12,74.337959
2004-03-15,73.499580
2004-03-16,73.842850
2004-03-17,74.602020
2004-03-18,74.635017
2004-03-19,73.651421
2004-03-22,72.707405
2004-03-23,72.588577
2004-03-24,72.548981
2004-03-25,73.578789
2004-03-26,73.598595
2004-03-29,74.618095
2004-03-30,74.909599
2004-03-31,75.008957
2004-04-01,75.413025
2004-04-02,75.989388
2004-04-05,76.413322
2004-04-06,76.207993
2004-04-07,75.995987
2004-04-08,75.823769
2004-04-12,76.068871
2004-04-13,75.081825
2004-04-14,75.167953
2004-04-15,74.830086
2004-04-16,75.426300
2004-04-19,75.479271
2004-04-20,74.187515
2004-04-21,74.664474
2004-04-22,75.671364
2004-04-23,75.843628
2004-04-26,75.730995
2004-04-27,75.757515
2004-04-28,74.783707
2004-04-29,74.108002
2004-04-30,73.604561
2004-05-03,74.320030
2004-05-04,74.478958
2004-05-05,74.657845
2004-05-06,74.141106
2004-05-07,72.935486
2004-05-10,72.127289
2004-05-11,72.710213
2004-05-12,73.193863
2004-05-13,72.882477
2004-05-14,72.915619
2004-05-17,72.286285
2004-05-18,72.617508
2004-05-19,72.365791
2004-05-20,72.657219
2004-05-21,72.816216
2004-05-24,73.081223
2004-05-25,74.061638
2004-05-26,74.372986
2004-05-27,74.810242
2004-05-28,74.836716
2004-06-01,74.677719
2004-06-02,74.989105
2004-06-03,74.346504
2004-06-04,74.863213
2004-06-07,75.976120
2004-06-08,76.148361
2004-06-09,75.446144
2004-06-10,75.770752
2004-06-14,75.022194
2004-06-15,75.552116
2004-06-16,75.519020
2004-06-17,75.432922
2004-06-18,75.625008
2004-06-21,75.273903
2004-06-22,75.691223
2004-06-23,76.313972
2004-06-24,76.088745
2004-06-25,75.671364
2004-06-28,75.442047
2004-06-29,75.774437
2004-06-30,76.166656
2004-07-01,75.109627
2004-07-02,75.116272
2004-07-06,74.418251
2004-07-07,74.637611
2004-07-08,74.145645
2004-07-09,74.265327
2004-07-12,74.338432
2004-07-13,74.404907
2004-07-14,74.218796
2004-07-15,73.627129
2004-07-16,73.633766
2004-07-19,73.374481
2004-07-20,74.271980
2004-07-21,72.862617
2004-07-22,73.135178
2004-07-23,72.510239
2004-07-26,72.317436
2004-07-27,72.995560
2004-07-28,73.208290
2004-07-29,73.520729
2004-07-30,73.780014
2004-08-02,73.833199
2004-08-03,73.321266
2004-08-04,73.274796
2004-08-05,72.058182
2004-08-06,71.100845
2004-08-09,71.167328
2004-08-10,71.898628
2004-08-11,71.945137
2004-08-12,71.154053
2004-08-13,71.306931
2004-08-16,71.998344
2004-08-17,72.450409
2004-08-18,73.208290
2004-08-19,72.982254
2004-08-20,73.434326
2004-08-23,73.321266
2004-08-24,73.294731
2004-08-25,73.833199
2004-08-26,73.873085
2004-08-27,74.125717
2004-08-30,73.553986
2004-08-31,73.926270
2004-09-01,74.019348
2004-09-02,74.863693
2004-09-03,74.584442
2004-09-07,75.096329
2004-09-08,74.870277
2004-09-09,74.770546
2004-09-10,75.136230
2004-09-13,75.508522
2004-09-14,75.614891
2004-09-15,75.003273
2004-09-16,75.275818
2004-09-17,75.501816
2004-09-20,75.122963
2004-09-21,75.455338
2004-09-22,74.511322
2004-09-23,74.119095
2004-09-24,74.438194
2004-09-27,73.986916
2004-09-28,74.374084
2004-09-29,74.694511
2004-09-30,74.634468
2004-10-01,75.896156
2004-10-04,76.036346
2004-10-05,76.063034
2004-10-06,76.503639
2004-10-07,75.802704
2004-10-08,75.128433
2004-10-11,75.408821
2004-10-12,75.208595
2004-10-13,74.527672
2004-10-14,73.933495
2004-10-15,74.273926
2004-10-18,74.540993
2004-10-19,73.926811
2004-10-20,73.833351
2004-10-21,74.227203
2004-10-22,73.446152
2004-10-25,73.386101
2004-10-26,74.534294
2004-10-27,75.435555
2004-10-28,75.629097
2004-10-29,75.569023
2004-11-01,75.789337
2004-11-02,75.836060
2004-11-03,76.750610
2004-11-04,77.852135
2004-11-05,78.299400
2004-11-08,78.205933
2004-11-09,78.119141
2004-11-10,78.119141
2004-11-11,78.719955
2004-11-12,79.380852
2004-11-15,79.501060
2004-11-16,78.993698
2004-11-17,79.347504
2004-11-18,79.501060
2004-11-19,78.606461
2004-11-22,79.067101
2004-11-23,79.167282
2004-11-24,79.374184
2004-11-26,79.294098
2004-11-29,78.953613
2004-11-30,78.920242
2004-12-01,79.854828
2004-12-02,79.928307
2004-12-03,79.841515
2004-12-06,79.888222
2004-12-07,79.073814
2004-12-08,79.561089
2004-12-09,79.828140
2004-12-10,79.968346
2004-12-13,80.675941
2004-12-14,80.962982
2004-12-15,81.016418
2004-12-16,80.976387
2004-12-17,80.342201
2004-12-20,80.435623
2004-12-21,81.069817
2004-12-22,81.276764
2004-12-23,81.336868
2004-12-27,81.131828
2004-12-28,81.622536
2004-12-29,81.723381
2004-12-30,81.568771
2004-12-31,81.340202
2005-01-03,80.977173
2005-01-04,80.002487
2005-01-05,79.518463
2005-01-06,79.841133
2005-01-07,79.693214
2005-01-10,80.096573
2005-01-11,79.552071
2005-01-12,79.861290
2005-01-13,79.202507
2005-01-14,79.639442
2005-01-18,80.486504
2005-01-19,79.599144
2005-01-20,79.121857
2005-01-21,78.584084
2005-01-24,78.483200
2005-01-25,78.651291
2005-01-26,78.913460
2005-01-27,79.034447
2005-01-28,78.812630
2005-01-31,79.518463
2005-02-01,80.029343
2005-02-02,80.284813
2005-02-03,80.089851
2005-02-04,80.916649
2005-02-07,80.809135
2005-02-08,80.909973
2005-02-09,80.284813
2005-02-10,80.654541
2005-02-11,81.219223
2005-02-14,81.212486
2005-02-15,81.582214
2005-02-16,81.575493
2005-02-17,80.909973
2005-02-18,81.004097
2005-02-22,79.834404
2005-02-23,80.425964
2005-02-24,80.909973
2005-02-25,81.723381
2005-02-28,81.172150
2005-03-01,81.629280
2005-03-02,81.609123
2005-03-03,81.622536
2005-03-04,82.583839
2005-03-07,82.671242
2005-03-08,82.321663
2005-03-09,81.461189
2005-03-10,81.656151
2005-03-11,81.078049
2005-03-14,81.535202
2005-03-15,80.889809
2005-03-16,80.183968
2005-03-17,80.378922
2005-03-18,80.056274
2005-03-21,79.820984
2005-03-22,78.980637
2005-03-23,79.115128
2005-03-24,79.135292
2005-03-28,79.305061
2005-03-29,78.818001
2005-03-30,79.893616
2005-03-31,79.704224
2005-04-01,79.311890
2005-04-04,79.535118
2005-04-05,79.819221
2005-04-06,80.198036
2005-04-07,80.570099
2005-04-08,79.738052
2005-04-11,79.825996
2005-04-12,80.279243
2005-04-13,79.305061
2005-04-14,78.290321
2005-04-15,77.167351
2005-04-18,77.390594
2005-04-19,78.006233
2005-04-20,76.890030
2005-04-21,78.405327
2005-04-22,78.121231
2005-04-25,78.642120
2005-04-26,77.891212
2005-04-27,78.182137
2005-04-28,77.167351
2005-04-29,78.270050
2005-05-02,78.608299
2005-05-03,78.824768
2005-05-04,79.379478
2005-05-05,79.359177
2005-05-06,79.183334
2005-05-09,79.650078
2005-05-10,78.818001
2005-05-11,79.298325
2005-05-12,78.405327
2005-05-13,78.249748
2005-05-16,78.953278
2005-05-17,79.474220
2005-05-18,80.326591
2005-05-19,80.644508
2005-05-20,80.549805
2005-05-23,80.962463
2005-05-24,80.806915
2005-05-25,80.671585
2005-05-26,81.138374
2005-05-27,81.280464
2005-05-31,80.732452
2005-06-01,81.490112
2005-06-02,81.652496
2005-06-03,81.165443
2005-06-06,81.199272
2005-06-07,81.226326
2005-06-08,81.043671
2005-06-09,81.402199
2005-06-10,81.273689
2005-06-13,81.584862
2005-06-14,81.706619
2005-06-15,81.841904
2005-06-16,82.092255
2005-06-17,82.389862
2005-06-20,82.430489
2005-06-21,82.442009
2005-06-22,82.530228
2005-06-23,81.396904
2005-06-24,80.758957
2005-06-27,80.887939
2005-06-28,81.600510
2005-06-29,81.362968
2005-06-30,80.833618
2005-07-01,81.118645
2005-07-05,81.770149
2005-07-06,81.098297
2005-07-07,81.362968
2005-07-08,82.340210
2005-07-11,82.747398
2005-07-12,82.951004
2005-07-13,83.120651
2005-07-14,83.337814
2005-07-15,83.378555
2005-07-18,83.073135
2005-07-19,83.493919
2005-07-20,83.778946
2005-07-21,83.317459
2005-07-22,83.840050
2005-07-25,83.636414
2005-07-26,83.704315
2005-07-27,83.968948
2005-07-28,84.539009
2005-07-29,83.948570
2005-08-01,83.860374
2005-08-02,84.423676
2005-08-03,84.606895
2005-08-04,83.935036
2005-08-05,83.371750
2005-08-08,83.188538
2005-08-09,83.697533
2005-08-10,83.758575
2005-08-11,83.975761
2005-08-12,83.453224
2005-08-15,83.948570
2005-08-16,82.896706
2005-08-17,82.998528
2005-08-18,82.889908
2005-08-19,83.059563
2005-08-22,83.086754
2005-08-23,82.930634
2005-08-24,82.251968
2005-08-25,82.489510
2005-08-26,81.912659
2005-08-29,82.591309
2005-08-30,82.082375
2005-08-31,83.134232
2005-09-01,83.066353
2005-09-02,82.815239
2005-09-06,83.914688
2005-09-07,84.152191
2005-09-08,83.846825
2005-09-09,84.559395
2005-09-12,84.389748
2005-09-13,83.962173
2005-09-14,83.656784
2005-09-15,83.541420
2005-09-16,84.152191
2005-09-19,83.880745
2005-09-20,83.141006
2005-09-21,82.462379
2005-09-22,82.815239
2005-09-23,82.801704
2005-09-26,82.838493
2005-09-27,82.967941
2005-09-28,82.933899
2005-09-29,83.581268
2005-09-30,83.819794
2005-10-03,83.479073
2005-10-04,82.661324
2005-10-05,81.502861
2005-10-06,81.230232
2005-10-07,81.570984
2005-10-10,80.821373
2005-10-11,80.787300
2005-10-12,80.173973
2005-10-13,80.139908
2005-10-14,80.889519
2005-10-17,81.196159
2005-10-18,80.276207
2005-10-19,81.639130
2005-10-20,80.276207
2005-10-21,80.514717
2005-10-24,81.843544
2005-10-25,81.605042
2005-10-26,81.373337
2005-10-27,80.514717
2005-10-28,81.632324
2005-10-31,82.020714
2005-11-01,82.061623
2005-11-02,82.865746
2005-11-03,83.274628
2005-11-04,83.274628
2005-11-07,83.301895
2005-11-08,83.322342
2005-11-09,83.356400
2005-11-10,84.146912
2005-11-11,84.378624
2005-11-14,84.371780
2005-11-15,83.969704
2005-11-16,84.201393
2005-11-17,84.841972
2005-11-18,85.203163
2005-11-21,85.761932
2005-11-22,86.068642
2005-11-23,86.566071
2005-11-25,86.627434
2005-11-28,86.068642
2005-11-29,86.020927
2005-11-30,85.434860
2005-12-01,86.375282
2005-12-02,86.511589
2005-12-05,86.245811
2005-12-06,86.422974
2005-12-07,86.007278
2005-12-08,85.850548
2005-12-09,86.048141
2005-12-12,86.239006
2005-12-13,86.784157
2005-12-14,87.172592
2005-12-15,86.838669
2005-12-16,86.620575
2005-12-19,86.123146
2005-12-20,86.252602
2005-12-21,86.402550
2005-12-22,86.784157
2005-12-23,86.862144
2005-12-27,85.938446
2005-12-28,86.143715
2005-12-29,85.733192
2005-12-30,85.302139
2006-01-03,86.780052
2006-01-04,87.231651
2006-01-05,87.300056
2006-01-06,88.025307
2006-01-09,88.251114
2006-01-10,88.367416
2006-01-11,88.634293
2006-01-12,88.223793
2006-01-13,88.127991
2006-01-17,87.922729
2006-01-18,87.580605
2006-01-19,87.956917
2006-01-20,86.355843
2006-01-23,86.656906
2006-01-24,86.738998
2006-01-25,86.793747
2006-01-26,87.306908
2006-01-27,88.093742
2006-01-30,88.011658
2006-01-31,87.409554
2006-02-01,88.025307
2006-02-02,86.998985
2006-02-03,86.540550
2006-02-06,86.745834
2006-02-07,85.801598
2006-02-08,86.766365
2006-02-09,86.622681
2006-02-10,86.807419
2006-02-13,86.636368
2006-02-14,87.498489
2006-02-15,87.806358
2006-02-16,88.483765
2006-02-17,88.305870
2006-02-21,88.059555
2006-02-22,88.538498
2006-02-23,88.435875
2006-02-24,88.647964
2006-02-27,88.743767
2006-02-28,87.874802
2006-03-01,88.647964
2006-03-02,88.593246
2006-03-03,88.292183
2006-03-06,87.806358
2006-03-07,87.683212
2006-03-08,87.902130
2006-03-09,87.375336
2006-03-10,88.093742
2006-03-13,88.299042
2006-03-14,89.174812
2006-03-15,89.578560
2006-03-16,89.756439
2006-03-17,89.872719
2006-03-20,89.701698
2006-03-21,89.161156
2006-03-22,89.681160
2006-03-23,89.530624
2006-03-24,89.585342
2006-03-27,89.474098
2006-03-28,88.910744
2006-03-29,89.474098
2006-03-30,89.391640
2006-03-31,89.247375
2006-04-03,89.233635
2006-04-04,89.851898
2006-04-05,90.174759
2006-04-06,89.996155
2006-04-07,89.158096
2006-04-10,89.302338
2006-04-11,88.546700
2006-04-12,88.663506
2006-04-13,88.622299
2006-04-17,88.478027
2006-04-18,89.920586
2006-04-19,90.092354
2006-04-20,90.195389
2006-04-21,90.181641
2006-04-24,90.099174
2006-04-25,89.714508
2006-04-26,89.714508
2006-04-27,90.078613
2006-04-28,90.401474
2006-05-01,89.735146
2006-05-02,90.401474
2006-05-03,89.996155
2006-05-04,90.380859
2006-05-05,91.157082
2006-05-08,91.129623
2006-05-09,91.287605
2006-05-10,91.198280
2006-05-11,90.078613
2006-05-12,88.965759
2006-05-15,89.137497
2006-05-16,88.958847
2006-05-17,87.275864
2006-05-18,86.829376
2006-05-19,87.440742
2006-05-22,86.795013
2006-05-23,86.176750
2006-05-24,86.795013
2006-05-25,87.839172
2006-05-26,88.306282
2006-05-30,86.760658
2006-05-31,87.756737
2006-06-01,88.629128
2006-06-02,88.766533
2006-06-05,87.475075
2006-06-06,87.186569
2006-06-07,86.588928
2006-06-08,86.554581
2006-06-09,86.279823
2006-06-12,85.215034
2006-06-13,84.322021
2006-06-14,84.974640
2006-06-15,86.740051
2006-06-16,86.224831
2006-06-19,85.455429
2006-06-20,85.757713
2006-06-21,86.485893
2006-06-22,86.039360
2006-06-23,86.003510
2006-06-26,86.382927
2006-06-27,85.624069
2006-06-28,86.251884
2006-06-29,87.921303
2006-06-30,87.990288
2006-07-03,88.369728
2006-07-05,87.824699
2006-07-06,88.045486
2006-07-07,87.548790
2006-07-10,87.617767
2006-07-11,88.059273
2006-07-12,87.162430
2006-07-13,85.713737
2006-07-14,85.403351
2006-07-17,85.230873
2006-07-18,85.672371
2006-07-19,86.838203
2006-07-20,86.258759
2006-07-21,85.727554
2006-07-24,87.190041
2006-07-25,87.528076
2006-07-26,87.693619
2006-07-27,87.576363
2006-07-28,88.466248
2006-07-31,88.335190
2006-08-01,87.976479
2006-08-02,88.507645
2006-08-03,88.645592
2006-08-04,88.480057
2006-08-07,88.424866
2006-08-08,88.079979
2006-08-09,87.707420
2006-08-10,88.024803
2006-08-11,87.831581
2006-08-14,87.900589
2006-08-15,88.907776
2006-08-16,89.680412
2006-08-17,89.839050
2006-08-18,90.315056
2006-08-21,89.983955
2006-08-22,89.970154
2006-08-23,89.597610
2006-08-24,89.645874
2006-08-25,89.749374
2006-08-28,90.170227
2006-08-29,90.287476
2006-08-30,90.335754
2006-08-31,90.280548
2006-09-01,90.825554
2006-09-05,91.032486
2006-09-06,90.204674
2006-09-07,89.839050
2006-09-08,90.039116
2006-09-11,90.149513
2006-09-12,90.991096
2006-09-13,91.363617
2006-09-14,91.405014
2006-09-15,91.625763
2006-09-18,91.736130
2006-09-19,91.501564
2006-09-20,91.936203
2006-09-21,91.549889
2006-09-22,91.267090
2006-09-25,91.943115
2006-09-26,92.736435
2006-09-27,92.839706
2006-09-28,92.860504
2006-09-29,92.694168
2006-10-02,92.340759
2006-10-03,92.555527
2006-10-04,93.671333
2006-10-05,93.837646
2006-10-06,93.685204
2006-10-09,93.775299
2006-10-10,93.906975
2006-10-11,93.754524
2006-10-12,94.634659
2006-10-13,94.842598
2006-10-16,95.002022
2006-10-17,94.669327
2006-10-18,94.835663
2006-10-19,94.932693
2006-10-20,94.960449
2006-10-23,95.417793
2006-10-24,95.715874
2006-10-25,96.076187
2006-10-26,96.297981
2006-10-27,95.771225
2006-10-30,95.674232
2006-10-31,95.667313
2006-11-01,94.974236
2006-11-02,94.870331
2006-11-03,94.738617
2006-11-06,95.854424
2006-11-07,96.207863
2006-11-08,96.374214
2006-11-09,95.889091
2006-11-10,95.999939
2006-11-13,96.207863
2006-11-14,96.900925
2006-11-15,97.157326
2006-11-16,97.441475
2006-11-17,97.469193
2006-11-20,97.531616
2006-11-21,97.614777
2006-11-22,97.808807
2006-11-24,97.406860
2006-11-27,96.069244
2006-11-28,96.471184
2006-11-29,97.469193
2006-11-30,97.545464
2006-12-01,97.316704
2006-12-04,98.086014
2006-12-05,98.487946
2006-12-06,98.418678
2006-12-07,98.030556
2006-12-08,98.141434
2006-12-11,98.474106
2006-12-12,98.328552
2006-12-13,98.481079
2006-12-14,99.264168
2006-12-15,99.278046
2006-12-18,99.077080
2006-12-19,99.194855
2006-12-20,99.229523
2006-12-21,98.872917
2006-12-22,98.204323
2006-12-26,98.831139
2006-12-27,99.409225
2006-12-28,99.249016
2006-12-29,98.900810
2007-01-03,98.636124
2007-01-04,98.900810
2007-01-05,98.141602
2007-01-08,98.552559
2007-01-09,98.469009
2007-01-10,98.733604
2007-01-11,99.249016
2007-01-12,99.994270
2007-01-16,99.792274
2007-01-17,99.792274
2007-01-18,99.492813
2007-01-19,99.750488
2007-01-22,99.395317
2007-01-23,99.736572
2007-01-24,100.446945
2007-01-25,99.353485
2007-01-26,99.228142
2007-01-29,99.158485
2007-01-30,99.652992
2007-01-31,100.314667
2007-02-01,100.927574
2007-02-02,101.039009
2007-02-05,101.199203
2007-02-06,101.087753
2007-02-07,101.338478
2007-02-08,101.157440
2007-02-09,100.467865
2007-02-12,100.154457
2007-02-13,100.920555
2007-02-14,101.589233
2007-02-15,101.756378
2007-02-16,101.791199
2007-02-20,101.937469
2007-02-21,101.860870
2007-02-22,101.770294
2007-02-23,101.449936
2007-02-26,101.359406
2007-02-27,97.375496
2007-02-28,98.413254
2007-03-01,98.064980
2007-03-02,96.860085
2007-03-05,95.843193
2007-03-06,97.528725
2007-03-07,97.333740
2007-03-08,98.204323
2007-03-09,98.204323
2007-03-12,98.427208
2007-03-13,96.511871
2007-03-14,97.257095
2007-03-15,97.333740
2007-03-16,97.041183
2007-03-19,98.225182
2007-03-20,98.761459
2007-03-21,100.377342
2007-03-22,100.377342
2007-03-23,100.516647
2007-03-26,100.335449
2007-03-27,100.034607
2007-03-28,99.369995
2007-03-29,99.467949
2007-03-30,99.579880
2007-04-02,99.621841
2007-04-03,100.713196
2007-04-04,100.741196
2007-04-05,101.118958
2007-04-09,101.244934
2007-04-10,101.356865
2007-04-11,100.846123
2007-04-12,101.440811
2007-04-13,101.776588
2007-04-16,102.791000
2007-04-17,103.028885
2007-04-18,103.259712
2007-04-19,103.175797
2007-04-20,104.085243
2007-04-23,103.721481
2007-04-24,103.819405
2007-04-25,104.735924
2007-04-26,104.854851
2007-04-27,104.840820
2007-04-30,103.875336
2007-05-01,104.134224
2007-05-02,104.826820
2007-05-03,105.281563
2007-05-04,105.771263
2007-05-07,105.785294
2007-05-08,105.603409
2007-05-09,105.946159
2007-05-10,104.749901
2007-05-11,105.701340
2007-05-14,105.512360
2007-05-15,105.449425
2007-05-16,106.239990
2007-05-17,106.009102
2007-05-18,106.904640
2007-05-21,106.904640
2007-05-22,106.722740
2007-05-23,106.785683
2007-05-24,105.876198
2007-05-25,106.323914
2007-05-29,106.701714
2007-05-30,107.506264
2007-05-31,107.422302
2007-06-01,107.884048
2007-06-04,107.967979
2007-06-05,107.583206
2007-06-06,106.428871
2007-06-07,104.477013
2007-06-08,105.827255
2007-06-11,106.002151
2007-06-12,104.812843
2007-06-13,106.435875
2007-06-14,107.079460
2007-06-15,107.646156
2007-06-18,107.590240
2007-06-19,107.772110
2007-06-20,106.232964
2007-06-21,106.869621
2007-06-22,105.757263
2007-06-25,105.484383
2007-06-26,104.400063
2007-06-27,105.904205
2007-06-28,105.848274
2007-06-29,105.761780
2007-07-02,106.829895
2007-07-03,107.258530
2007-07-05,107.160126
2007-07-06,107.687187
2007-07-09,107.652039
2007-07-10,106.141251
2007-07-11,106.984497
2007-07-12,108.804359
2007-07-13,108.987167
2007-07-16,108.952011
2007-07-17,108.867699
2007-07-18,108.720161
2007-07-19,109.071457
2007-07-20,108.073692
2007-07-23,108.460121
2007-07-24,106.492615
2007-07-25,106.689346
2007-07-26,104.300163
2007-07-27,102.192101
2007-07-30,103.759094
2007-07-31,102.388901
2007-08-01,102.951042
2007-08-02,103.787270
2007-08-03,101.117043
2007-08-06,102.852676
2007-08-07,103.913696
2007-08-08,105.417465
2007-08-09,102.276474
2007-08-10,101.798653
2007-08-13,102.220261
2007-08-14,100.765671
2007-08-15,99.254868
2007-08-16,100.168365
2007-08-17,101.890022
2007-08-20,101.763489
2007-08-21,101.861877
2007-08-22,103.225075
2007-08-23,103.084549
2007-08-24,104.384544
2007-08-27,103.330460
2007-08-28,101.173203
2007-08-29,103.260216
2007-08-30,102.845673
2007-08-31,103.731026
2007-09-04,105.052071
2007-09-05,104.040192
2007-09-06,104.314240
2007-09-07,102.873726
2007-09-10,102.522385
2007-09-11,103.794266
2007-09-12,104.033134
2007-09-13,104.778046
2007-09-14,104.827171
2007-09-17,104.243996
2007-09-18,107.195320
2007-09-19,107.827705
2007-09-20,107.300690
2007-09-21,107.406128
2007-09-24,107.223396
2007-09-25,107.075806
2007-09-26,107.680801
2007-09-27,108.266632
2007-09-28,107.977234
2007-10-01,109.071312
2007-10-02,109.000702
2007-10-03,108.774826
2007-10-04,108.866585
2007-10-05,110.214836
2007-10-08,109.600746
2007-10-09,110.673653
2007-10-10,110.440758
2007-10-11,109.974861
2007-10-12,110.610168
2007-10-15,109.586639
2007-10-16,108.803101
2007-10-17,109.148949
2007-10-18,108.676102
2007-10-19,106.057259
2007-10-22,106.445503
2007-10-23,107.356026
2007-10-24,107.087845
2007-10-25,107.454872
2007-10-26,108.633705
2007-10-29,108.986572
2007-10-30,108.153732
2007-10-31,109.501930
2007-11-01,106.798454
2007-11-02,106.897232
2007-11-05,106.036133
2007-11-06,107.539551
2007-11-07,104.659607
2007-11-08,104.038490
2007-11-09,102.612610
2007-11-12,101.659683
2007-11-13,104.631432
2007-11-14,104.306648
2007-11-15,102.831436
2007-11-16,103.198471
2007-11-19,101.673767
2007-11-20,102.210220
2007-11-21,100.134987
2007-11-23,101.906708
2007-11-26,99.605583
2007-11-27,100.925568
2007-11-28,104.045486
2007-11-29,104.102020
2007-11-30,104.998436
2007-12-03,104.299622
2007-12-04,103.452591
2007-12-05,105.308990
2007-12-06,106.713684
2007-12-07,106.607788
2007-12-10,107.581947
2007-12-11,104.744301
2007-12-12,105.400818
2007-12-13,105.534897
2007-12-14,103.974960
2007-12-17,102.577293
2007-12-18,103.226738
2007-12-19,103.106728
2007-12-20,103.833733
2007-12-21,105.203156
2007-12-24,105.993729
2007-12-26,106.353729
2007-12-27,105.117546
2007-12-28,104.741409
2007-12-31,104.131134
2008-01-02,102.832535
2008-01-03,102.697731
2008-01-04,100.199821
2008-01-07,100.646866
2008-01-08,98.787613
2008-01-09,100.093346
2008-01-10,100.795876
2008-01-11,99.575310
2008-01-14,100.590103
2008-01-15,98.099274
2008-01-16,97.474800
2008-01-17,94.735649
2008-01-18,94.231796
2008-01-22,93.110580
2008-01-23,95.133003
2008-01-24,95.956177
2008-01-25,94.529831
2008-01-28,96.190414
2008-01-29,96.701324
2008-01-30,96.218803
2008-01-31,97.602570
2008-02-01,99.135345
2008-02-04,98.141846
2008-02-05,95.097549
2008-02-06,94.366623
2008-02-07,95.076271
2008-02-08,94.650497
2008-02-11,95.211044
2008-02-12,95.949165
2008-02-13,97.141327
2008-02-14,95.963341
2008-02-15,96.012985
2008-02-19,96.020081
2008-02-20,96.765182
2008-02-21,95.651062
2008-02-22,96.452934
2008-02-25,97.638039
2008-02-26,98.354767
2008-02-27,98.205734
2008-02-28,97.354179
2008-02-29,94.913048
2008-03-03,94.877594
2008-03-04,94.487305
2008-03-05,95.225296
2008-03-06,92.989937
2008-03-07,92.244850
2008-03-10,90.924934
2008-03-11,94.104065
2008-03-12,93.351860
2008-03-13,93.770554
2008-03-14,91.882935
2008-03-17,90.946213
2008-03-18,94.820786
2008-03-19,92.649323
2008-03-20,94.622093
2008-03-24,96.225891
2008-03-25,96.517601
2008-03-26,95.183784
2008-03-27,94.684532
2008-03-28,93.878571
2008-03-31,94.313660
2008-04-01,97.787163
2008-04-02,97.587509
2008-04-03,97.723000
2008-04-04,97.865662
2008-04-07,97.887062
2008-04-08,97.544655
2008-04-09,96.752960
2008-04-10,97.116745
2008-04-11,95.233749
2008-04-14,94.862862
2008-04-15,95.376373
2008-04-16,97.302162
2008-04-17,97.451950
2008-04-18,99.277885
2008-04-21,99.106712
2008-04-22,98.372086
2008-04-23,98.500458
2008-04-24,99.121002
2008-04-25,99.834229
2008-04-28,99.734360
2008-04-29,99.306396
2008-04-30,98.864204
2008-05-01,100.675873
2008-05-02,100.982536
2008-05-05,100.504669
2008-05-06,101.353462
2008-05-07,99.520386
2008-05-08,99.912697
2008-05-09,99.220818
2008-05-12,100.333496
2008-05-13,100.283539
2008-05-14,100.682983
2008-05-15,101.845596
2008-05-16,101.881310
2008-05-19,102.066719
2008-05-20,101.218002
2008-05-21,99.541786
2008-05-22,99.670197
2008-05-23,98.471909
2008-05-27,99.121002
2008-05-28,99.605957
2008-05-29,100.055374
2008-05-30,100.133797
2008-06-02,99.156624
2008-06-03,98.650192
2008-06-04,98.650192
2008-06-05,100.440491
2008-06-06,97.402016
2008-06-09,97.587509
2008-06-10,97.216583
2008-06-11,95.526161
2008-06-12,95.989784
2008-06-13,97.444801
2008-06-16,97.423386
2008-06-17,96.724442
2008-06-18,95.939865
2008-06-19,96.225128
2008-06-20,94.506210
2008-06-23,94.491905
2008-06-24,94.213921
2008-06-25,94.772888
2008-06-26,91.970688
2008-06-27,91.777153
2008-06-30,91.734207
2008-07-01,92.142700
2008-07-02,90.487152
2008-07-03,90.537346
2008-07-07,89.792000
2008-07-08,91.368683
2008-07-09,89.354866
2008-07-10,90.028503
2008-07-11,89.053818
2008-07-14,88.222481
2008-07-15,87.161819
2008-07-16,89.319016
2008-07-17,90.415504
2008-07-18,90.343880
2008-07-21,90.458527
2008-07-22,91.626717
2008-07-23,92.042328
2008-07-24,90.050011
2008-07-25,90.222008
2008-07-28,88.767151
2008-07-29,90.630508
2008-07-30,92.207222
2008-07-31,91.053360
2008-08-01,90.530167
2008-08-04,89.684525
2008-08-05,92.200012
2008-08-06,92.687340
2008-08-07,91.125015
2008-08-08,93.052872
2008-08-11,93.798203
2008-08-12,92.823532
2008-08-13,92.486687
2008-08-14,92.995552
2008-08-15,93.375381
2008-08-18,92.121216
2008-08-19,91.196709
2008-08-20,91.705513
2008-08-21,91.891861
2008-08-22,92.981178
2008-08-25,91.268326
2008-08-26,91.476196
2008-08-27,92.250214
2008-08-28,93.561707
2008-08-29,92.407867
2008-09-02,91.985016
2008-09-03,91.920532
2008-09-04,89.075302
2008-09-05,89.505341
2008-09-08,91.347183
2008-09-09,88.251167
2008-09-10,88.709831
2008-09-11,90.057190
2008-09-12,90.272163
2008-09-15,86.373489
2008-09-16,87.462807
2008-09-17,83.492470
2008-09-18,86.559776
2008-09-19,90.272163
2008-09-22,87.154633
2008-09-23,85.585129
2008-09-24,85.570831
2008-09-25,87.321556
2008-09-26,87.472916
2008-09-29,80.978752
2008-09-30,84.200600
2008-10-01,83.537506
2008-10-02,80.459785
2008-10-03,79.465141
2008-10-06,76.827095
2008-10-07,72.365540
2008-10-08,70.909546
2008-10-09,66.231743
2008-10-10,65.950653
2008-10-13,72.733154
2008-10-14,72.041183
2008-10-15,65.438942
2008-10-16,68.264313
2008-10-17,67.903946
2008-10-20,71.176270
2008-10-21,68.884232
2008-10-22,65.114571
2008-10-23,65.662361
2008-10-24,63.161259
2008-10-27,61.107056
2008-10-28,67.889519
2008-10-29,66.520058
2008-10-30,68.956276
2008-10-31,70.196007
2008-11-03,69.914925
2008-11-04,72.545738
2008-11-05,69.093239
2008-11-06,65.518196
2008-11-07,67.204788
2008-11-10,66.649841
2008-11-11,65.006462
2008-11-12,61.849449
2008-11-13,66.065987
2008-11-14,63.240555
2008-11-17,61.604401
2008-11-18,62.166615
2008-11-19,58.656441
2008-11-20,54.771484
2008-11-21,58.000549
2008-11-24,61.186367
2008-11-25,62.173809
2008-11-26,64.307289
2008-11-28,64.956009
2008-12-01,59.276318
2008-12-02,61.611603
2008-12-03,63.190060
2008-12-04,61.316105
2008-12-05,63.579323
2008-12-08,65.820938
2008-12-09,64.610023
2008-12-10,65.273132
2008-12-11,63.579323
2008-12-12,63.910854
2008-12-15,63.226131
2008-12-16,66.347115
2008-12-17,65.691208
2008-12-18,64.487503
2008-12-19,64.314476
2008-12-22,63.456806
2008-12-23,62.685585
2008-12-24,63.079224
2008-12-26,63.478672
2008-12-29,63.369759
2008-12-30,64.742462
2008-12-31,65.592216
2009-01-02,67.734810
2009-01-05,67.560478
2009-01-06,67.989006
2009-01-07,65.991661
2009-01-08,66.282188
2009-01-09,64.829590
2009-01-12,63.340687
2009-01-13,63.391510
2009-01-14,61.386944
2009-01-15,61.517658
2009-01-16,61.902599
2009-01-20,58.641502
2009-01-21,61.190830
2009-01-22,60.297489
2009-01-23,60.442741
2009-01-26,60.936611
2009-01-27,61.546753
2009-01-28,63.594891
2009-01-29,61.539459
2009-01-30,60.261139
2009-02-02,60.079605
2009-02-03,60.958424
2009-02-04,60.675148
2009-02-05,61.597584
2009-02-06,63.318909
2009-02-09,63.464161
2009-02-10,60.450008
2009-02-11,60.856747
2009-02-12,60.958424
2009-02-13,60.275696
2009-02-17,57.631950
2009-02-18,57.544788
2009-02-19,56.949234
2009-02-20,56.382725
2009-02-23,54.414459
2009-02-24,56.433548
2009-02-25,55.903370
2009-02-26,55.039059
2009-02-27,53.898777
2009-03-02,51.414814
2009-03-03,50.971798
2009-03-04,52.257343
2009-03-05,50.085709
2009-03-06,50.078438
2009-03-09,49.526443
2009-03-10,52.562389
2009-03-11,52.816601
2009-03-12,54.959167
2009-03-13,55.402214
2009-03-16,55.264217
2009-03-17,56.920208
2009-03-18,58.082279
2009-03-19,57.435841
2009-03-20,56.215664
2009-03-23,60.312023
2009-03-24,59.157204
2009-03-25,59.652287
2009-03-26,60.917427
2009-03-27,59.820465
2009-03-30,57.765533
2009-03-31,58.226234
2009-04-01,59.425575
2009-04-02,61.158775
2009-04-03,61.758450
2009-04-06,61.246532
2009-04-07,59.820465
2009-04-08,60.478634
2009-04-09,62.891953
2009-04-13,62.965084
2009-04-14,61.846199
2009-04-15,62.511669
2009-04-16,63.455044
2009-04-17,63.828003
2009-04-20,61.202656
2009-04-21,62.394650
2009-04-22,61.992447
2009-04-23,62.599419
2009-04-24,63.528191
2009-04-27,62.972412
2009-04-28,62.767632
2009-04-29,64.062019
2009-04-30,64.127861
2009-05-01,64.442299
2009-05-04,66.658173
2009-05-05,66.380264
2009-05-06,67.528397
2009-05-07,66.577728
2009-05-08,68.179253
2009-05-11,66.848282
2009-05-12,66.723984
2009-05-13,65.115112
2009-05-14,65.561234
2009-05-15,65.042015
2009-05-18,66.870262
2009-05-19,66.789833
2009-05-20,66.372978
2009-05-21,65.378349
2009-05-22,65.246735
2009-05-26,66.987236
2009-05-27,65.736717
2009-05-28,66.643524
2009-05-29,67.872131
2009-06-01,69.488274
2009-06-02,69.576065
2009-06-03,68.698502
2009-06-04,69.342003
2009-06-05,69.371277
2009-06-08,69.093384
2009-06-09,69.415146
2009-06-10,69.225029
2009-06-11,69.532143
2009-06-12,69.758873
2009-06-15,68.142685
2009-06-16,67.235886
2009-06-17,67.111526
2009-06-18,67.506462
2009-06-19,67.894051
2009-06-22,65.839104
2009-06-23,65.905258
2009-06-24,66.456711
2009-06-25,67.868309
2009-06-26,67.647736
2009-06-29,68.360931
2009-06-30,67.897713
2009-07-01,68.103584
2009-07-02,66.221413
2009-07-06,66.243469
2009-07-07,64.942123
2009-07-08,64.912735
2009-07-09,65.074486
2009-07-10,64.883324
2009-07-13,66.456711
2009-07-14,66.875725
2009-07-15,68.816750
2009-07-16,69.434341
2009-07-17,69.463760
2009-07-20,70.088669
2009-07-21,70.426865
2009-07-22,70.463623
2009-07-23,72.022324
2009-07-24,72.338463
2009-07-27,72.544296
2009-07-28,72.353188
2009-07-29,72.000282
2009-07-30,72.750198
2009-07-31,72.911942
2009-08-03,74.014793
2009-08-04,74.242691
2009-08-05,74.029472
2009-08-06,73.691246
2009-08-07,74.617668
2009-08-10,74.507339
2009-08-11,73.522148
2009-08-12,74.345619
2009-08-13,74.904396
2009-08-14,74.294128
2009-08-17,72.470810
2009-08-18,73.169250
2009-08-19,73.742737
2009-08-20,74.485298
2009-08-21,75.933693
2009-08-24,75.926353
2009-08-25,76.095444
2009-08-26,76.066017
2009-08-27,76.301308
2009-08-28,76.264542
2009-08-31,75.580788
2009-09-01,73.889771
2009-09-02,73.603043
2009-09-03,74.198578
2009-09-04,75.257294
2009-09-08,75.926353
2009-09-09,76.507133
2009-09-10,77.264458
2009-09-11,77.301178
2009-09-14,77.720291
2009-09-15,77.962914
2009-09-16,79.153954
2009-09-17,79.058388
2009-09-18,79.109886
2009-09-21,78.881912
2009-09-22,79.359840
2009-09-23,78.728104
2009-09-24,77.812027
2009-09-25,77.472168
2009-09-28,78.772484
2009-09-29,78.550827
2009-09-30,78.321808
2009-10-01,76.334358
2009-10-02,75.987137
2009-10-05,77.095329
2009-10-06,78.166641
2009-10-07,78.395676
2009-10-08,78.994087
2009-10-09,79.459541
2009-10-12,79.814178
2009-10-13,79.666435
2009-10-14,81.048050
2009-10-15,81.321396
2009-10-16,80.715569
2009-10-19,81.395241
2009-10-20,80.996284
2009-10-21,80.205795
2009-10-22,81.003685
2009-10-23,80.131889
2009-10-26,79.193581
2009-10-27,78.883286
2009-10-28,77.398262
2009-10-29,79.023659
2009-10-30,76.814598
2009-11-02,77.302246
2009-11-03,77.553421
2009-11-04,77.649452
2009-11-05,79.171455
2009-11-06,79.430008
2009-11-09,81.210556
2009-11-10,81.188370
2009-11-11,81.624298
2009-11-12,80.804207
2009-11-13,81.284447
2009-11-16,82.414818
2009-11-17,82.488701
2009-11-18,82.466530
2009-11-19,81.365700
2009-11-20,81.188370
2009-11-23,82.185776
2009-11-24,82.222740
2009-11-25,82.533012
2009-11-27,81.247475
2009-11-30,81.491310
2009-12-01,82.437004
2009-12-02,82.525658
2009-12-03,81.831146
2009-12-04,82.274445
2009-12-07,82.148857
2009-12-08,81.284447
2009-12-09,81.528244
2009-12-10,82.008469
2009-12-11,82.355728
2009-12-14,82.917236
2009-12-15,82.518280
2009-12-16,82.673370
2009-12-17,81.624298
2009-12-18,82.141472
2009-12-21,82.902428
2009-12-22,83.227509
2009-12-23,83.434402
2009-12-24,83.878540
2009-12-28,84.027100
2009-12-29,83.915688
2009-12-30,83.848839
2009-12-31,83.046669
2010-01-04,84.413330
2010-01-05,84.658424
2010-01-06,84.725288
2010-01-07,85.096672
2010-01-08,85.386292
2010-01-11,85.505157
2010-01-12,84.717850
2010-01-13,85.386292
2010-01-14,85.638832
2010-01-15,84.673271
2010-01-19,85.720566
2010-01-20,84.873817
2010-01-21,83.210083
2010-01-22,81.412628
2010-01-25,81.821144
2010-01-26,81.434898
2010-01-27,81.850838
2010-01-28,80.870438
2010-01-29,79.964279
2010-02-01,81.226929
2010-02-02,82.244492
2010-02-03,81.828575
2010-02-04,79.325523
2010-02-05,79.496346
2010-02-08,78.879875
2010-02-09,79.904854
2010-02-10,79.719185
2010-02-11,80.536194
2010-02-12,80.506485
2010-02-16,81.776543
2010-02-17,82.140503
2010-02-18,82.660461
2010-02-19,82.831253
2010-02-22,82.838699
2010-02-23,81.798874
2010-02-24,82.549065
2010-02-25,82.482201
2010-02-26,82.482201
2010-03-01,83.351181
2010-03-02,83.566605
2010-03-03,83.692879
2010-03-04,83.923119
2010-03-05,85.133759
2010-03-08,85.163506
2010-03-09,85.260048
2010-03-10,85.638832
2010-03-11,86.025078
2010-03-12,86.017654
2010-03-15,86.069687
2010-03-16,86.767860
2010-03-17,87.258064
2010-03-18,87.220894
2010-03-19,86.767860
2010-03-22,87.235741
2010-03-23,87.867111
2010-03-24,87.436302
2010-03-25,87.277435
2010-03-26,87.314751
2010-03-29,87.799561
2010-03-30,87.844360
2010-03-31,87.523567
2010-04-01,88.172523
2010-04-05,88.881134
2010-04-06,89.052696
2010-04-07,88.582756
2010-04-08,88.851288
2010-04-09,89.433098
2010-04-12,89.604622
2010-04-13,89.686684
2010-04-14,90.663826
2010-04-15,90.760788
2010-04-16,89.351021
2010-04-19,89.649399
2010-04-20,90.462402
2010-04-21,90.298302
2010-04-22,90.529556
2010-04-23,91.103889
2010-04-26,90.790634
2010-04-27,88.664833
2010-04-28,89.328651
2010-04-29,90.425125
2010-04-30,88.940773
2010-05-03,90.074539
2010-05-04,87.986038
2010-05-05,87.441544
2010-05-06,84.435570
2010-05-07,83.137680
2010-05-10,86.904488
2010-05-11,86.643448
2010-05-12,87.844360
2010-05-13,86.800056
2010-05-14,85.241127
2010-05-17,85.248581
2010-05-18,84.137222
2010-05-19,83.644928
2010-05-20,80.504700
2010-05-21,81.601128
2010-05-24,80.609100
2010-05-25,80.676247
2010-05-26,80.154114
2010-05-27,82.884109
2010-05-28,81.824944
2010-06-01,80.437553
2010-06-02,82.540977
2010-06-03,82.824448
2010-06-04,79.915451
2010-06-07,78.953217
2010-06-08,79.706589
2010-06-09,79.303802
2010-06-10,81.713051
2010-06-11,82.041252
2010-06-14,81.959198
2010-06-15,83.779198
2010-06-16,83.771759
2010-06-17,83.920876
2010-06-18,83.995514
2010-06-21,83.741890
2010-06-22,82.391815
2010-06-23,82.104095
2010-06-24,80.800392
2010-06-25,81.122581
2010-06-28,80.830353
2010-06-29,78.357796
2010-06-30,77.518578
2010-07-01,77.331314
2010-07-02,76.874245
2010-07-06,77.361259
2010-07-07,79.796394
2010-07-08,80.568108
2010-07-09,81.152565
2010-07-12,81.234932
2010-07-13,82.478737
2010-07-14,82.448746
2010-07-15,82.493683
2010-07-16,80.208458
2010-07-19,80.702980
2010-07-20,81.564613
2010-07-21,80.538139
2010-07-22,82.298897
2010-07-23,83.003212
2010-07-26,83.902336
2010-07-27,83.864868
2010-07-28,83.317902
2010-07-29,82.913284
2010-07-30,82.935753
2010-08-02,84.763954
2010-08-03,84.351898
2010-08-04,84.958786
2010-08-05,84.861397
2010-08-06,84.501732
2010-08-09,84.958786
2010-08-10,84.531677
2010-08-11,82.194016
2010-08-12,81.669540
2010-08-13,81.437248
2010-08-16,81.414742
2010-08-17,82.396294
2010-08-18,82.538673
2010-08-19,81.145050
2010-08-20,80.845360
2010-08-23,80.545616
2010-08-24,79.384293
2010-08-25,79.639015
2010-08-26,79.122070
2010-08-27,80.335831
2010-08-30,79.204445
2010-08-31,79.264397
2010-09-01,81.542122
2010-09-02,82.313904
2010-09-03,83.385307
2010-09-07,82.486214
2010-09-08,82.995705
2010-09-09,83.392822
2010-09-10,83.864868
2010-09-13,84.786461
2010-09-14,84.719017
2010-09-15,85.033691
2010-09-16,84.981270
2010-09-17,84.996277
2010-09-20,86.359909
2010-09-21,86.150078
2010-09-22,85.767982
2010-09-23,85.063675
2010-09-24,86.748314
2010-09-27,86.349007
2010-09-28,86.733238
2010-09-29,86.514763
2010-09-30,86.258629
2010-10-01,86.642830
2010-10-04,85.994904
2010-10-05,87.690102
2010-10-06,87.705147
2010-10-07,87.622253
2010-10-08,88.089386
2010-10-11,88.187363
2010-10-12,88.458557
2010-10-13,89.114044
2010-10-14,88.888000
2010-10-15,88.993500
2010-10-18,89.400352
2010-10-19,88.240074
2010-10-20,89.068825
2010-10-21,89.294838
2010-10-22,89.490753
2010-10-25,89.694168
2010-10-26,89.754471
2010-10-27,89.483215
2010-10-28,89.551025
2010-10-29,89.573624
2010-11-01,89.596214
2010-11-02,90.311974
2010-11-03,90.711281
2010-11-04,92.391388
2010-11-05,92.783165
2010-11-08,92.609901
2010-11-09,91.909164
2010-11-10,92.293480
2010-11-11,91.954445
2010-11-12,90.861984
2010-11-15,90.741447
2010-11-16,89.287308
2010-11-17,89.377754
2010-11-18,90.696243
2010-11-19,90.899643
2010-11-22,90.839348
2010-11-23,89.528419
2010-11-24,90.869476
2010-11-26,89.882553
2010-11-29,90.085930
2010-11-30,89.513351
2010-12-01,91.464706
2010-12-02,92.632500
2010-12-03,92.881119
2010-12-06,92.768089
2010-12-07,92.835915
2010-12-08,93.174965
2010-12-09,93.596870
2010-12-10,94.124237
2010-12-13,94.154411
2010-12-14,94.252342
2010-12-15,93.837952
2010-12-16,94.320145
2010-12-17,94.478378
2010-12-20,94.666718
2010-12-21,95.254379
2010-12-22,95.593422
2010-12-23,95.461678
2010-12-27,95.514709
2010-12-28,95.620682
2010-12-29,95.711517
2010-12-30,95.575211
2010-12-31,95.582817
2011-01-03,96.544342
2011-01-04,96.483788
2011-01-05,96.975868
2011-01-06,96.794189
2011-01-07,96.620041
2011-01-10,96.521599
2011-01-11,96.847160
2011-01-12,97.732964
2011-01-13,97.596687
2011-01-14,98.202377
2011-01-18,98.452194
2011-01-19,97.460403
2011-01-20,97.339302
2011-01-21,97.551277
2011-01-24,98.126656
2011-01-25,98.111488
2011-01-26,98.580902
2011-01-27,98.815613
2011-01-28,97.013725
2011-01-31,97.778397
2011-02-01,99.360710
2011-02-02,99.163857
2011-02-03,99.368240
2011-02-04,99.655998
2011-02-07,100.284401
2011-02-08,100.768921
2011-02-09,100.511490
2011-02-10,100.556938
2011-02-11,101.147446
2011-02-14,101.382149
2011-02-15,101.071747
2011-02-16,101.684959
2011-02-17,102.025650
2011-02-18,102.237656
2011-02-22,100.201126
2011-02-23,99.572723
2011-02-24,99.512154
2011-02-25,100.526642
2011-02-28,101.162613
2011-03-01,99.512154
2011-03-02,99.671150
2011-03-03,101.389702
2011-03-04,100.662895
2011-03-07,99.905823
2011-03-08,100.723450
2011-03-09,100.594788
2011-03-10,98.755058
2011-03-11,99.497002
2011-03-14,98.830742
2011-03-15,97.732964
2011-03-16,95.900803
2011-03-17,97.112137
2011-03-18,97.498283
2011-03-21,99.004898
2011-03-22,98.656601
2011-03-23,98.929153
2011-03-24,99.890694
2011-03-25,100.186516
2011-03-28,99.966003
2011-03-29,100.642845
2011-03-30,101.304535
2011-03-31,101.160019
2011-04-01,101.616348
2011-04-04,101.760880
2011-04-05,101.646790
2011-04-06,101.981384
2011-04-07,101.745598
2011-04-08,101.380569
2011-04-11,101.083961
2011-04-12,100.308197
2011-04-13,100.300613
2011-04-14,100.384254
2011-04-15,100.817764
2011-04-18,99.631340
2011-04-19,100.178909
2011-04-20,101.623970
2011-04-21,102.072662
2011-04-25,101.996635
2011-04-26,102.848412
2011-04-27,103.510124
2011-04-28,103.867569
2011-04-29,104.148941
2011-05-02,103.989227
2011-05-03,103.578575
2011-05-04,102.886459
2011-05-05,102.011826
2011-05-06,102.376884
2011-05-09,102.810402
2011-05-10,103.692657
2011-05-11,102.620262
2011-05-12,103.069000
2011-05-13,102.293205
2011-05-16,101.639153
2011-05-17,101.616348
2011-05-18,102.544228
2011-05-19,102.741928
2011-05-20,101.981384
2011-05-23,100.749329
2011-05-24,100.711296
2011-05-25,101.007919
2011-05-26,101.502258
2011-05-27,101.912956
2011-05-31,102.909279
2011-06-01,100.642845
2011-06-02,100.513550
2011-06-03,99.540047
2011-06-06,98.490524
2011-06-07,98.399261
2011-06-08,97.996185
2011-06-09,98.733925
2011-06-10,97.380096
2011-06-13,97.456146
2011-06-14,98.680656
2011-06-15,96.931381
2011-06-16,97.106308
2011-06-17,97.418137
2011-06-20,97.950516
2011-06-21,99.251060
2011-06-22,98.650215
2011-06-23,98.378944
2011-06-24,97.263359
2011-06-27,98.080978
2011-06-28,99.357040
2011-06-29,100.266327
2011-06-30,101.183250
2011-07-01,102.657974
2011-07-05,102.619751
2011-07-06,102.711456
2011-07-07,103.842323
2011-07-08,103.040009
2011-07-11,101.236740
2011-07-12,100.755341
2011-07-13,101.114456
2011-07-14,100.411514
2011-07-15,100.984619
2011-07-18,100.113487
2011-07-19,101.786911
2011-07-20,101.733406
2011-07-21,103.124092
2011-07-22,103.192863
2011-07-25,102.650307
2011-07-26,102.237747
2011-07-27,100.159317
2011-07-28,99.853706
2011-07-29,99.188934
2011-08-01,98.722801
2011-08-02,96.270027
2011-08-03,96.774361
2011-08-04,92.204956
2011-08-05,92.021599
2011-08-08,86.061523
2011-08-09,90.493385
2011-08-10,86.038635
2011-08-11,89.996727
2011-08-12,90.607979
2011-08-15,92.480049
2011-08-16,91.700645
2011-08-17,91.792336
2011-08-18,87.757881
2011-08-19,86.435966
2011-08-22,86.435966
2011-08-23,89.270782
2011-08-24,90.554451
2011-08-25,89.140915
2011-08-26,90.485695
2011-08-29,93.060783
2011-08-30,93.251823
2011-08-31,93.710281
2011-09-01,92.755127
2011-09-02,90.332901
2011-09-06,89.698677
2011-09-07,92.212631
2011-09-08,91.272797
2011-09-09,88.835251
2011-09-12,89.446518
2011-09-13,90.172432
2011-09-14,91.440880
2011-09-15,93.091354
2011-09-16,93.641487
2011-09-19,92.732208
2011-09-20,92.625206
2011-09-21,89.752167
2011-09-22,87.009033
2011-09-23,87.421661
2011-09-26,89.580681
2011-09-27,90.594917
2011-09-28,88.712433
2011-09-29,89.488480
2011-09-30,87.352478
2011-10-03,84.717072
2011-10-04,86.484283
2011-10-05,88.205360
2011-10-06,89.818871
2011-10-07,89.181175
2011-10-10,92.185394
2011-10-11,92.262215
2011-10-12,93.022842
2011-10-13,92.869179
2011-10-14,94.459671
2011-10-17,92.707809
2011-10-18,94.551834
2011-10-19,93.360878
2011-10-20,93.806549
2011-10-21,95.527634
2011-10-24,96.772339
2011-10-25,94.889908
2011-10-26,95.850327
2011-10-27,99.161858
2011-10-28,99.154190
2011-10-31,96.657127
2011-11-01,94.090820
2011-11-02,95.573753
2011-11-03,97.317841
2011-11-04,96.718567
2011-11-07,97.310188
2011-11-08,98.577934
2011-11-09,94.943687
2011-11-10,95.865677
2011-11-11,97.655937
2011-11-14,96.718567
2011-11-15,97.256424
2011-11-16,95.642868
2011-11-17,94.121574
2011-11-18,93.998665
2011-11-21,92.239159
2011-11-22,91.870346
2011-11-23,89.841934
2011-11-25,89.619118
2011-11-28,92.231453
2011-11-29,92.561829
2011-11-30,96.349754
2011-12-01,96.319000
2011-12-02,96.303665
2011-12-05,97.294769
2011-12-06,97.348564
2011-12-07,97.655937
2011-12-08,95.589096
2011-12-09,97.164200
2011-12-12,95.765839
2011-12-13,94.882217
2011-12-14,93.837280
2011-12-15,94.190720
2011-12-16,94.336700
2011-12-19,93.337845
2011-12-20,96.134613
2011-12-21,96.288284
2011-12-22,97.254662
2011-12-23,98.027748
2011-12-27,98.089584
2011-12-28,96.906754
2011-12-29,97.826736
2011-12-30,97.378319
2012-01-03,98.970932
2012-01-04,99.055946
2012-01-05,99.380653
2012-01-06,99.164185
2012-01-09,99.287880
2012-01-10,100.184639
2012-01-11,100.261963
2012-01-12,100.501617
2012-01-13,100.115059
2012-01-17,100.308365
2012-01-18,101.429314
2012-01-19,102.001411
2012-01-20,101.978241
2012-01-23,102.070969
2012-01-24,101.978241
2012-01-25,102.828606
2012-01-26,102.302910
2012-01-27,102.241081
2012-01-30,101.885437
2012-01-31,101.869995
2012-02-01,102.728127
2012-02-02,102.952301
2012-02-03,104.397995
2012-02-06,104.266556
2012-02-07,104.544907
2012-02-08,104.854103
2012-02-09,105.000999
2012-02-10,104.274292
2012-02-13,105.000999
2012-02-14,104.885040
2012-02-15,104.421181
2012-02-16,105.542160
2012-02-17,105.797287
2012-02-21,105.874588
2012-02-22,105.518974
2012-02-23,106.021469
2012-02-24,106.199295
2012-02-27,106.431221
2012-02-28,106.724998
2012-02-29,106.160660
2012-03-01,106.848724
2012-03-02,106.570366
2012-03-05,106.129715
2012-03-06,104.490784
2012-03-07,105.271599
2012-03-08,106.307526
2012-03-09,106.724998
2012-03-12,106.740479
2012-03-13,108.665421
2012-03-14,108.526321
2012-03-15,109.175659
2012-03-16,109.322601
2012-03-19,109.770973
2012-03-20,109.438560
2012-03-21,109.237564
2012-03-22,108.487663
2012-03-23,108.858734
2012-03-26,110.320206
2012-03-27,110.017365
2012-03-28,109.497124
2012-03-29,109.271851
2012-03-30,109.660126
2012-04-02,110.522141
2012-04-03,110.102798
2012-04-04,108.930183
2012-04-05,108.953468
2012-04-09,107.703201
2012-04-10,105.924797
2012-04-11,106.654808
2012-04-12,108.176857
2012-04-13,106.848946
2012-04-16,106.763527
2012-04-17,108.355530
2012-04-18,108.029327
2012-04-19,107.384804
2012-04-20,107.477989
2012-04-23,106.608200
2012-04-24,107.004272
2012-04-25,108.510834
2012-04-26,109.233055
2012-04-27,109.427124
2012-04-30,108.937950
2012-05-01,109.660126
2012-05-02,109.372787
2012-05-03,108.557411
2012-05-04,106.771301
2012-05-07,106.817886
2012-05-08,106.383003
2012-05-09,105.746216
2012-05-10,105.994728
2012-05-11,105.637497
2012-05-14,104.542511
2012-05-15,103.928993
2012-05-16,103.540733
2012-05-17,102.003128
2012-05-18,101.125587
2012-05-21,102.841820
2012-05-22,103.020401
2012-05-23,103.082558
2012-05-24,103.160225
2012-05-25,102.942780
2012-05-29,104.177490
2012-05-30,102.655457
2012-05-31,102.391449
2012-06-01,99.991791
2012-06-04,99.867538
2012-06-05,100.434471
2012-06-06,102.787460
2012-06-07,102.919479
2012-06-08,103.688293
2012-06-11,102.927238
2012-06-12,103.649429
2012-06-13,102.950554
2012-06-14,103.998917
2012-06-15,104.992928
2012-06-18,105.233643
2012-06-19,106.325249
2012-06-20,106.106789
2012-06-21,103.789406
2012-06-22,104.522858
2012-06-25,102.821930
2012-06-26,103.352478
2012-06-27,104.327789
2012-06-28,104.078072
2012-06-29,106.699776
2012-07-02,106.926018
2012-07-03,107.651642
2012-07-05,107.160118
2012-07-06,106.075523
2012-07-09,105.989731
2012-07-10,105.092438
2012-07-11,105.053467
2012-07-12,104.569656
2012-07-13,106.348640
2012-07-16,106.098953
2012-07-17,106.816795
2012-07-18,107.682861
2012-07-19,107.901367
2012-07-20,106.902603
2012-07-23,105.857079
2012-07-24,104.975395
2012-07-25,104.936424
2012-07-26,106.637321
2012-07-27,108.712807
2012-07-30,108.642578
2012-07-31,108.026169
2012-08-01,107.799927
2012-08-02,107.050865
2012-08-03,109.134140
2012-08-06,109.391617
2012-08-07,109.945564
2012-08-08,110.101746
2012-08-09,110.171867
2012-08-10,110.312363
2012-08-13,110.265518
2012-08-14,110.327896
2012-08-15,110.452797
2012-08-16,111.233055
2012-08-17,111.412468
2012-08-20,111.443726
2012-08-21,111.084801
2012-08-22,111.108177
2012-08-23,110.218719
2012-08-24,110.928749
2012-08-27,110.881912
2012-08-28,110.764908
2012-08-29,110.874115
2012-08-30,110.078270
2012-08-31,110.702446
2012-09-04,110.234314
2012-09-05,110.390388
2012-09-06,112.629707
2012-09-07,113.136864
2012-09-10,112.434608
2012-09-11,112.715523
2012-09-12,113.168060
2012-09-13,114.954803
2012-09-14,115.384018
2012-09-17,115.025070
2012-09-18,114.915840
2012-09-19,115.001663
2012-09-20,114.954803
2012-09-21,114.830032
2012-09-24,114.712997
2012-09-25,113.565987
2012-09-26,112.914886
2012-09-27,113.997467
2012-09-28,113.283554
2012-10-01,113.691559
2012-10-02,113.856285
2012-10-03,114.272041
2012-10-04,115.174286
2012-10-05,115.087959
2012-10-08,114.711441
2012-10-09,113.628807
2012-10-10,112.914886
2012-10-11,112.985497
2012-10-12,112.506905
2012-10-15,113.440506
2012-10-16,114.695724
2012-10-17,115.150764
2012-10-18,114.907547
2012-10-19,112.859985
2012-10-22,112.985497
2012-10-23,111.361504
2012-10-24,111.079147
2012-10-25,111.416466
2012-10-26,111.345848
2012-10-31,110.992821
2012-11-01,112.546150
2012-11-02,111.479233
2012-11-05,111.722404
2012-11-06,112.585396
2012-11-07,110.027878
2012-11-08,108.717743
2012-11-09,108.733444
2012-11-12,108.945229
2012-11-13,108.513756
2012-11-14,107.148743
2012-11-15,106.913376
2012-11-16,107.352661
2012-11-19,109.627785
2012-11-20,109.666992
2012-11-21,109.894493
2012-11-23,111.267426
2012-11-26,111.228165
2012-11-27,110.561363
2012-11-28,111.408607
2012-11-29,111.957802
2012-11-30,111.957802
2012-12-03,111.432144
2012-12-04,111.243896
2012-12-05,111.447800
2012-12-06,111.793030
2012-12-07,112.185287
2012-12-10,112.287277
2012-12-11,112.938416
2012-12-12,113.095322
2012-12-13,112.389206
2012-12-14,111.997009
2012-12-17,113.236473
2012-12-18,114.578041
2012-12-19,113.717415
2012-12-20,114.349068
2012-12-21,113.306900
2012-12-24,112.951591
2012-12-26,112.422569
2012-12-27,112.312035
2012-12-28,111.040894
2012-12-31,113.014702
2013-01-02,115.770287
2013-01-03,115.620232
2013-01-04,116.188667
2013-01-07,115.825500
2013-01-08,115.509697
2013-01-09,115.817642
2013-01-10,116.694023
2013-01-11,116.749275
2013-01-14,116.646637
2013-01-15,116.694023
2013-01-16,116.646637
2013-01-17,117.436134
2013-01-18,117.744133
2013-01-22,118.320457
2013-01-23,118.541504
2013-01-24,118.573105
2013-01-25,119.157341
2013-01-28,119.157341
2013-01-29,119.552147
2013-01-30,119.110031
2013-01-31,118.794189
2013-02-01,120.033737
2013-02-04,118.723122
2013-02-05,119.820549
2013-02-06,119.978470
2013-02-07,119.836365
2013-02-08,120.444298
2013-02-11,120.404846
2013-02-12,120.673256
2013-02-13,120.752266
2013-02-14,120.894348
2013-02-15,120.760101
2013-02-19,121.589165
2013-02-20,120.057449
2013-02-21,119.362656
2013-02-22,120.507492
2013-02-25,118.249321
2013-02-26,119.054726
2013-02-27,120.507492
2013-02-28,120.404846
2013-03-01,120.704865
2013-03-04,121.304932
2013-03-05,122.402367
2013-03-06,122.655067
2013-03-07,122.868195
2013-03-08,123.389290
2013-03-11,123.815620
2013-03-12,123.523514
2013-03-13,123.697220
2013-03-14,124.392059
2013-03-15,124.249878
2013-03-18,123.499802
2013-03-19,123.294556
2013-03-20,124.084084
2013-03-21,123.057732
2013-03-22,124.020958
2013-03-25,123.610832
2013-03-26,124.554871
2013-03-27,124.467560
2013-03-28,124.832481
2013-04-01,124.419983
2013-04-02,125.007019
2013-04-03,123.785316
2013-04-04,124.261269
2013-04-05,123.729767
2013-04-08,124.491318
2013-04-09,124.951447
2013-04-10,126.514305
2013-04-11,126.926796
2013-04-12,126.593575
2013-04-15,123.698082
2013-04-16,125.498810
2013-04-17,123.610832
2013-04-18,122.896835
2013-04-19,123.888474
2013-04-22,124.546906
2013-04-23,125.816124
2013-04-24,125.808258
2013-04-25,126.403183
2013-04-26,126.133469
2013-04-29,127.006081
2013-04-30,127.283745
2013-05-01,126.212791
2013-05-02,127.355110
2013-05-03,128.616455
2013-05-06,128.957596
2013-05-07,129.616013
2013-05-08,130.226837
2013-05-09,129.877838
2013-05-10,130.282379
2013-05-13,130.393478
2013-05-14,131.789642
2013-05-15,132.456024
2013-05-16,131.821350
2013-05-17,133.114441
2013-05-20,133.146133
2013-05-21,133.312775
2013-05-22,132.313202
2013-05-23,131.924484
2013-05-24,131.805542
2013-05-28,132.614700
2013-05-29,131.718201
2013-05-30,132.241745
2013-05-31,130.337875
2013-06-03,131.028076
2013-06-04,130.433121
2013-06-05,128.545105
2013-06-06,129.719162
2013-06-07,131.385101
2013-06-10,131.369186
2013-06-11,130.076172
2013-06-12,128.989349
2013-06-13,130.948746
2013-06-14,130.115753
2013-06-17,131.178802
2013-06-18,132.138672
2013-06-19,130.409317
2013-06-20,127.093361
2013-06-21,127.482063
2013-06-24,125.847900
2013-06-25,127.093361
2013-06-26,128.343552
2013-06-27,129.092972
2013-06-28,128.271790
2013-07-01,129.332260
2013-07-02,129.124939
2013-07-03,129.260452
2013-07-05,130.687698
2013-07-08,131.405212
2013-07-09,132.346008
2013-07-10,132.401901
2013-07-11,134.315414
2013-07-12,134.267548
2013-07-15,134.865585
2013-07-16,134.299484
2013-07-17,134.586533
2013-07-18,135.351959
2013-07-19,135.662872
2013-07-22,135.878128
2013-07-23,135.599075
2013-07-24,135.120682
2013-07-25,135.375885
2013-07-26,135.559235
2013-07-29,135.160599
2013-07-30,135.136642
2013-07-31,135.184509
2013-08-01,136.779114
2013-08-02,137.026260
2013-08-05,136.890762
2013-08-06,136.165161
2013-08-07,135.631012
2013-08-08,136.101410
2013-08-09,135.726654
2013-08-12,135.519318
2013-08-13,136.005692
2013-08-14,135.280151
2013-08-15,133.334732
2013-08-16,132.928162
2013-08-19,132.074951
2013-08-20,132.704803
2013-08-21,131.883606
2013-08-22,133.079575
2013-08-23,133.581924
2013-08-26,133.055618
2013-08-27,130.910919
2013-08-28,131.357407
2013-08-29,131.588638
2013-08-30,131.078384
2013-09-03,131.732132
2013-09-04,132.824448
2013-09-05,132.959961
2013-09-06,133.063629
2013-09-09,134.387207
2013-09-10,135.320038
2013-09-11,135.774445
2013-09-12,135.495468
2013-09-13,135.686798
2013-09-16,136.579773
2013-09-17,137.129974
2013-09-18,138.740509
2013-09-19,138.557175
2013-09-20,137.512604
2013-09-23,136.938629
2013-09-24,136.638092
2013-09-25,136.245575
2013-09-26,136.670135
2013-09-27,136.085297
2013-09-30,135.324127
2013-10-01,136.421768
2013-10-02,136.213531
2013-10-03,135.043747
2013-10-04,136.037262
2013-10-07,134.875519
2013-10-08,133.337158
2013-10-09,133.393265
2013-10-10,136.317627
2013-10-11,137.166946
2013-10-14,137.783920
2013-10-15,136.670135
2013-10-16,138.641205
2013-10-17,139.530502
2013-10-18,140.475891
2013-10-21,140.499939
2013-10-22,141.253113
2013-10-23,140.708237
2013-10-24,141.172958
2013-10-25,141.805954
2013-10-28,141.966141
2013-10-29,142.807434
2013-10-30,142.110352
2013-10-31,141.565552
2013-11-01,141.982254
2013-11-04,142.462936
2013-11-05,142.062302
2013-11-06,142.743362
2013-11-07,140.940598
2013-11-08,142.855576
2013-11-11,142.855576
2013-11-12,142.534973
2013-11-13,143.640686
2013-11-14,144.497986
2013-11-15,145.114944
2013-11-18,144.634171
2013-11-19,144.281662
2013-11-20,143.824997
2013-11-21,144.938553
2013-11-22,145.691742
2013-11-25,145.547607
2013-11-26,145.571609
2013-11-27,145.932098
2013-11-29,145.787872
2013-12-02,145.475479
2013-12-03,144.922607
2013-12-04,144.754364
2013-12-05,144.209579
2013-12-06,145.811951
2013-12-09,146.132416
2013-12-10,145.683731
2013-12-11,143.993271
2013-12-12,143.552612
2013-12-13,143.496506
2013-12-16,144.353760
2013-12-17,143.865051
2013-12-18,146.356796
2013-12-19,146.268692
2013-12-20,147.045807
2013-12-23,147.866577
2013-12-24,148.293442
2013-12-26,149.010269
2013-12-27,148.978088
2013-12-30,148.905457
2013-12-31,149.525696
2014-01-02,148.204803
2014-01-03,148.140427
2014-01-06,147.737671
2014-01-07,148.647781
2014-01-08,148.728348
2014-01-09,148.800797
2014-01-10,149.187424
2014-01-13,147.214096
2014-01-14,148.784775
2014-01-15,149.630417
2014-01-16,149.372665
2014-01-17,148.800797
2014-01-21,149.211594
2014-01-22,149.316299
2014-01-23,148.092056
2014-01-24,144.894547
2014-01-27,144.137451
2014-01-28,145.071747
2014-01-29,143.670303
2014-01-30,145.216736
2014-01-31,144.306625
2014-02-03,141.084946
2014-02-04,142.051437
2014-02-05,141.866196
2014-02-06,143.758911
2014-02-07,145.635605
2014-02-10,145.836899
2014-02-11,147.447678
2014-02-12,147.568512
2014-02-13,148.285339
2014-02-14,149.074677
2014-02-18,149.300232
2014-02-19,148.309525
2014-02-20,149.147141
2014-02-21,149.066605
2014-02-24,149.694839
2014-02-25,149.767380
2014-02-26,149.767380
2014-02-27,150.564682
2014-02-28,150.886871
2014-03-03,149.880112
2014-03-04,152.078888
2014-03-05,152.014450
2014-03-06,152.449310
2014-03-07,152.546036
2014-03-10,152.481537
2014-03-11,151.724487
2014-03-12,151.740585
2014-03-13,150.025040
2014-03-14,149.614319
2014-03-17,150.983490
2014-03-18,152.095016
2014-03-19,151.257370
2014-03-20,152.143326
2014-03-21,151.571396
2014-03-24,150.935165
2014-03-25,151.680313
2014-03-26,150.547668
2014-03-27,150.288818
2014-03-28,150.927917
2014-03-31,152.206161
2014-04-01,153.209305
2014-04-02,153.702744
2014-04-03,153.557114
2014-04-04,151.736847
2014-04-07,149.997559
2014-04-08,150.669052
2014-04-09,152.287003
2014-04-10,149.042938
2014-04-11,147.724213
2014-04-14,148.881104
2014-04-15,149.957092
2014-04-16,151.486115
2014-04-17,151.720810
2014-04-21,152.270859
2014-04-22,152.909943
2014-04-23,152.594482
2014-04-24,152.918015
2014-04-25,151.647980
2014-04-28,152.149506
2014-04-29,152.796722
2014-04-30,153.338745
2014-05-01,153.241684
2014-05-02,153.112198
2014-05-05,153.387253
2014-05-06,152.060516
2014-05-07,152.893829
2014-05-08,152.796722
2014-05-09,153.071716
2014-05-12,154.422821
2014-05-13,154.633133
2014-05-14,153.864594
2014-05-15,152.537842
2014-05-16,153.096054
2014-05-19,153.605743
2014-05-20,152.642990
2014-05-21,153.921204
2014-05-22,154.309555
2014-05-23,154.964828
2014-05-27,155.919449
2014-05-28,155.781921
2014-05-29,156.566666
2014-05-30,156.841751
2014-06-02,157.035873
2014-06-03,156.938873
2014-06-04,157.221924
2014-06-05,158.265549
2014-06-06,159.066498
2014-06-09,159.244492
2014-06-10,159.212097
2014-06-11,158.702469
2014-06-12,157.537476
2014-06-13,158.047134
2014-06-16,158.192780
2014-06-17,158.564941
2014-06-18,159.802734
2014-06-19,159.932175
2014-06-20,160.231506
2014-06-23,160.263824
2014-06-24,159.300735
2014-06-25,159.950882
2014-06-26,159.837097
2014-06-27,160.324783
2014-06-30,160.113449
2014-07-01,161.170090
2014-07-02,161.324493
2014-07-03,162.153519
2014-07-07,161.617065
2014-07-08,160.576752
2014-07-09,161.291946
2014-07-10,160.568588
2014-07-11,160.844955
2014-07-14,161.617065
2014-07-15,161.324493
2014-07-16,161.974716
2014-07-17,160.113449
2014-07-18,161.690231
2014-07-21,161.389481
2014-07-22,162.153519
2014-07-23,162.470490
2014-07-24,162.462326
2014-07-25,161.747101
2014-07-28,161.804077
2014-07-29,161.080658
2014-07-30,161.129379
2014-07-31,157.878342
2014-08-01,157.463882
2014-08-04,158.585464
2014-08-05,157.024979
2014-08-06,157.081833
2014-08-07,156.252838
2014-08-08,158.057159
2014-08-11,158.552979
2014-08-12,158.325363
2014-08-13,159.390121
2014-08-14,160.072861
2014-08-15,160.129715
2014-08-18,161.430130
2014-08-19,162.316071
2014-08-20,162.746811
2014-08-21,163.161331
2014-08-22,162.925552
2014-08-25,163.770859
2014-08-26,163.892761
2014-08-27,163.860291
2014-08-28,163.705856
2014-08-29,164.144714
2014-09-02,164.079758
2014-09-03,164.055359
2014-09-04,163.779007
2014-09-05,164.526642
2014-09-08,164.120361
2014-09-09,163.096237
2014-09-10,163.713928
2014-09-11,163.868408
2014-09-12,162.941864
2014-09-15,162.763016
2014-09-16,164.014679
2014-09-17,164.217926
2014-09-18,165.079391
2014-09-19,164.884369
2014-09-22,163.681488
2014-09-23,162.779297
2014-09-24,164.040115
2014-09-25,161.345444
2014-09-26,162.733597
2014-09-29,162.317108
2014-09-30,161.892487
2014-10-01,159.769485
2014-10-02,159.785721
2014-10-03,161.533234
2014-10-06,161.320862
2014-10-07,158.871246
2014-10-08,161.631195
2014-10-09,158.332275
2014-10-10,156.617447
2014-10-13,153.971817
2014-10-14,154.331116
2014-10-15,153.098099
2014-10-16,153.049133
2014-10-17,154.959869
2014-10-20,156.437820
2014-10-21,159.516312
2014-10-22,158.414001
2014-10-23,160.275742
2014-10-24,161.418884
2014-10-27,161.214752
2014-10-28,163.043915
2014-10-29,162.856094
2014-10-30,163.974792
2014-10-31,165.754883
2014-11-03,165.852859
2014-11-04,165.297577
2014-11-05,166.359177
2014-11-06,166.987900
2014-11-07,167.200241
2014-11-10,167.641159
2014-11-11,167.820847
2014-11-12,167.690155
2014-11-13,167.796326
2014-11-14,167.869766
2014-11-17,167.935135
2014-11-18,168.955780
2014-11-19,168.702652
2014-11-20,168.963928
2014-11-21,169.878571
2014-11-24,170.401077
2014-11-25,170.286789
2014-11-26,170.695099
2014-11-28,170.319473
2014-12-01,169.176285
2014-12-02,170.237823
2014-12-03,170.907410
2014-12-04,170.703217
2014-12-05,171.021759
2014-12-08,169.829575
2014-12-09,169.715256
2014-12-10,167.069565
2014-12-11,167.837128
2014-12-12,165.150604
2014-12-15,163.982941
2014-12-16,162.709076
2014-12-17,165.869232
2014-12-18,169.935699
2014-12-19,170.670639
2014-12-22,171.470840
2014-12-23,171.740295
2014-12-24,171.800217
2014-12-26,172.259918
2014-12-29,172.555435
2014-12-30,171.570389
2014-12-31,169.813690
2015-01-02,169.698807
2015-01-05,166.719055
2015-01-06,165.216888
2015-01-07,167.260757
2015-01-08,170.248825
2015-01-09,168.812302
2015-01-12,167.531708
2015-01-13,167.096603
2015-01-14,166.086960
2015-01-15,164.527267
2015-01-16,166.636917
2015-01-20,167.047379
2015-01-21,167.868256
2015-01-22,170.330902
2015-01-23,169.419678
2015-01-26,169.871170
2015-01-27,167.589157
2015-01-28,165.422073
2015-01-29,167.006332
2015-01-30,164.888474
2015-02-02,166.891373
2015-02-03,169.263733
2015-02-04,168.664490
2015-02-05,170.429382
2015-02-06,169.879379
2015-02-09,169.148819
2015-02-10,170.979370
2015-02-11,171.061417
2015-02-12,172.653900
2015-02-13,173.433762
2015-02-17,173.745682
2015-02-18,173.712906
2015-02-19,173.573303
2015-02-20,174.632294
2015-02-23,174.574783
2015-02-24,175.100128
2015-02-25,174.968765
2015-02-26,174.771744
2015-02-27,174.197159
2015-03-02,175.305298
2015-03-03,174.517303
2015-03-04,173.786804
2015-03-05,173.967346
2015-03-06,171.545807
2015-03-09,172.259918
2015-03-10,169.444305
2015-03-11,169.083115
2015-03-12,171.192825
2015-03-13,170.142090
2015-03-16,172.497971
2015-03-17,171.915146
2015-03-18,173.942719
2015-03-19,173.195679
2015-03-20,174.722534
2015-03-23,174.435196
2015-03-24,173.343460
2015-03-25,170.887268
2015-03-26,170.466599
2015-03-27,170.813004
2015-03-30,172.891510
2015-03-31,171.415085
2015-04-01,170.879044
2015-04-02,171.357391
2015-04-06,172.611099
2015-04-07,172.099716
2015-04-08,172.718246
2015-04-09,173.477097
2015-04-10,174.384323
2015-04-13,173.584351
2015-04-14,173.889465
2015-04-15,174.780228
2015-04-16,174.697815
2015-04-17,172.677048
2015-04-20,174.260651
2015-04-21,174.079193
2015-04-22,174.920441
2015-04-23,175.357590
2015-04-24,175.745255
2015-04-27,175.052460
2015-04-28,175.530807
2015-04-29,174.846268
2015-04-30,173.081223
2015-05-01,174.953476
2015-05-04,175.514297
2015-05-05,173.485352
2015-05-06,172.767792
2015-05-07,173.444107
2015-05-08,175.703964
2015-05-11,174.854462
2015-05-12,174.318390
2015-05-13,174.384323
2015-05-14,176.248352
2015-05-15,176.429794
2015-05-18,176.949402
2015-05-19,176.916473
2015-05-20,176.743195
2015-05-21,177.254608
2015-05-22,176.883484
2015-05-26,174.961746
2015-05-27,176.635986
2015-05-28,176.405075
2015-05-29,175.332855
2015-06-01,175.638016
2015-06-02,175.497833
2015-06-03,175.992661
2015-06-04,174.574066
2015-06-05,174.186432
2015-06-08,173.114182
2015-06-09,173.056488
2015-06-10,175.110168
2015-06-11,175.703964
2015-06-12,174.367828
2015-06-15,173.642059
2015-06-16,174.606964
2015-06-17,174.846268
2015-06-18,176.603027
2015-06-19,175.555527
2015-06-22,176.809235
2015-06-23,176.891739
2015-06-24,175.640228
2015-06-25,175.084564
2015-06-26,175.134262
2015-06-29,171.451950
2015-06-30,171.858353
2015-07-01,173.201859
2015-07-02,172.994568
2015-07-06,172.538422
2015-07-07,173.600006
2015-07-08,170.672379
2015-07-09,170.979263
2015-07-10,173.160431
2015-07-13,175.067947
2015-07-14,175.797791
2015-07-15,175.731461
2015-07-16,177.108124
2015-07-17,177.298935
2015-07-20,177.365204
2015-07-21,176.676910
2015-07-22,176.336868
2015-07-23,175.383133
2015-07-24,173.541946
2015-07-27,172.496902
2015-07-28,174.645035
2015-07-29,175.814377
2015-07-30,175.872421
2015-07-31,175.623596
2015-08-03,175.026535
2015-08-04,174.661575
2015-08-05,175.316788
2015-08-06,173.906845
2015-08-07,173.483871
2015-08-10,175.681686
2015-08-11,174.097656
2015-08-12,174.263474
2015-08-13,174.089264
2015-08-14,174.686462
2015-08-17,175.714890
2015-08-18,175.217239
2015-08-19,173.807312
2015-08-20,170.116745
2015-08-21,164.883484
2015-08-24,158.008163
2015-08-25,156.150375
2015-08-26,162.287598
2015-08-27,166.276794
2015-08-28,166.268555
2015-08-31,164.833725
2015-09-01,159.841049
2015-09-02,163.000885
2015-09-03,163.141891
2015-09-04,160.612381
2015-09-08,164.767456
2015-09-09,162.478394
2015-09-10,163.349213
2015-09-11,164.145370
2015-09-14,163.506775
2015-09-15,165.555283
2015-09-16,167.039810
2015-09-17,166.616806
2015-09-18,163.838486
2015-09-21,164.701035
2015-09-22,162.627716
2015-09-23,162.353973
2015-09-24,161.773422
2015-09-25,161.666656
2015-09-28,157.630234
2015-09-29,157.655243
2015-09-30,160.715927
2015-10-01,161.157898
2015-10-02,163.518143
2015-10-05,166.478714
2015-10-06,165.853256
2015-10-07,167.220947
2015-10-08,168.755508
2015-10-09,168.880600
2015-10-12,169.030701
2015-10-13,167.938141
2015-10-14,167.095871
2015-10-15,169.656189
2015-10-16,170.406769
2015-10-19,170.540192
2015-10-20,170.289993
2015-10-21,169.297562
2015-10-22,172.083054
2015-10-23,174.017899
2015-10-26,173.617538
2015-10-27,173.283951
2015-10-28,175.227188
2015-10-29,175.135452
2015-10-30,174.343155
2015-11-02,176.469757
2015-11-03,176.911789
2015-11-04,176.453049
2015-11-05,176.236328
2015-11-06,176.169556
2015-11-09,174.476608
2015-11-10,174.901932
2015-11-11,174.226395
2015-11-12,171.774521
2015-11-13,169.856323
2015-11-16,172.483353
2015-11-17,172.258209
2015-11-18,175.027008
2015-11-19,174.860229
2015-11-20,175.652496
2015-11-23,175.318939
2015-11-24,175.569077
2015-11-25,175.577438
2015-11-27,175.727539
2015-11-30,175.027008
2015-12-01,176.745056
2015-12-02,174.918655
2015-12-03,172.433304
2015-12-04,175.802628
2015-12-07,174.718445
2015-12-08,173.575897
2015-12-09,172.208206
2015-12-10,172.641815
2015-12-11,169.205811
2015-12-14,170.281693
2015-12-15,171.957962
2015-12-16,174.443222
2015-12-17,171.866302
2015-12-18,168.647079
2015-12-21,170.098160
2015-12-22,171.674438
2015-12-23,173.834396
2015-12-24,173.479614
2015-12-28,173.068634
2015-12-29,175.049911
2015-12-30,173.757034
2015-12-31,171.994034
2016-01-04,169.584595
2016-01-05,169.937256
2016-01-06,167.712479
2016-01-07,163.699478
2016-01-08,161.886169
2016-01-11,162.054047
2016-01-12,163.304977
2016-01-13,159.333939
2016-01-14,161.860947
2016-01-15,158.452438
2016-01-19,158.536423
2016-01-20,156.697830
2016-01-21,157.512207
2016-01-22,160.761154
2016-01-25,158.309738
2016-01-26,160.458969
2016-01-27,158.737869
2016-01-28,159.602615
2016-01-29,163.388885
2016-02-01,163.372116
2016-02-02,160.425369
2016-02-03,161.281708
2016-02-04,161.634308
2016-02-05,158.544769
2016-02-08,156.412415
2016-02-09,156.353653
2016-02-10,156.278076
2016-02-11,154.330383
2016-02-12,157.453476
2016-02-16,160.072754
2016-02-17,162.725662
2016-02-18,162.070816
2016-02-19,161.970078
2016-02-22,164.312363
2016-02-23,162.314285
2016-02-24,163.053085
2016-02-25,164.967178
2016-02-26,164.673355
2016-02-29,163.296539
2016-03-01,167.225601
2016-03-02,167.964310
2016-03-03,168.560379
2016-03-04,169.148071
2016-03-07,169.315933
2016-03-08,167.385040
2016-03-09,168.249741
2016-03-10,168.342117
2016-03-11,171.129318
2016-03-14,170.894257
2016-03-15,170.608765
2016-03-16,171.700195
2016-03-17,172.783218
2016-03-18,173.421204
2016-03-21,173.673065
2016-03-22,173.572281
2016-03-23,171.515533
2016-03-24,171.414764
2016-03-28,171.523926
2016-03-29,173.160995
2016-03-30,173.891327
2016-03-31,173.488403
2016-04-01,174.596619
2016-04-04,174.025757
2016-04-05,172.321472
2016-04-06,174.185226
2016-04-07,172.078018
2016-04-08,172.590118
2016-04-11,172.103149
2016-04-12,173.799072
2016-04-13,175.545242
2016-04-14,175.562073
2016-04-15,175.284973
2016-04-18,176.561050
2016-04-19,177.098358
2016-04-20,177.232697
2016-04-21,176.351181
2016-04-22,176.325974
2016-04-25,176.015442
2016-04-26,176.309189
2016-04-27,176.636642
2016-04-28,175.108643
2016-04-29,174.168411
2016-05-02,175.528473
2016-05-03,173.992081
2016-05-04,173.001480
2016-05-05,172.951065
2016-05-06,173.622726
2016-05-09,173.790649
2016-05-10,175.897858
2016-05-11,174.260773
2016-05-12,174.344727
2016-05-13,172.732880
2016-05-16,174.479034
2016-05-17,172.942719
2016-05-18,172.959549
2016-05-19,172.346634
2016-05-20,173.396027
2016-05-23,173.160995
2016-05-24,175.410934
2016-05-25,176.594666
2016-05-26,176.661819
2016-05-27,177.392212
2016-05-31,177.115204
2016-06-01,177.450943
2016-06-02,178.030243
2016-06-03,177.434189
2016-06-06,178.416443
2016-06-07,178.626343
2016-06-08,179.197220
2016-06-09,178.987274
2016-06-10,177.299850
2016-06-13,175.897858
2016-06-14,175.578827
2016-06-15,175.268250
2016-06-16,175.839066
2016-06-17,175.175858
2016-06-20,176.334381
2016-06-21,176.821991
2016-06-22,176.526733
2016-06-23,178.829605
2016-06-24,172.258499
2016-06-27,169.238617
2016-06-28,172.401855
2016-06-29,175.286743
2016-06-30,177.564224
2016-07-01,178.095718
2016-07-05,176.838837
2016-07-06,177.851135
2016-07-07,177.699265
2016-07-08,180.398575
2016-07-11,181.081848
2016-07-12,182.355545
2016-07-13,182.338699
2016-07-14,183.342529
2016-07-15,183.072601
2016-07-18,183.578674
2016-07-19,183.376251
2016-07-20,184.152298
2016-07-21,183.485916
2016-07-22,184.287338
2016-07-25,183.814911
2016-07-26,183.890778
2016-07-27,183.705246
2016-07-28,183.924545
2016-07-29,184.202927
2016-08-01,183.992035
2016-08-02,182.903885
2016-08-03,183.443710
2016-08-04,183.612427
2016-08-05,185.071777
2016-08-08,184.970459
2016-08-09,185.088608
2016-08-10,184.633102
2016-08-11,185.485092
2016-08-12,185.333252
2016-08-15,185.890015
2016-08-16,184.945145
2016-08-17,185.282623
2016-08-18,185.712830
2016-08-19,185.426025
2016-08-22,185.366974
2016-08-23,185.754959
2016-08-24,184.877762
2016-08-25,184.692139
2016-08-26,184.363190
2016-08-29,185.240463
2016-08-30,184.953629
2016-08-31,184.439133
2016-09-01,184.455978
2016-09-02,185.265747
2016-09-06,185.890015
2016-09-07,185.856262
2016-09-08,185.417587
2016-09-09,180.972168
2016-09-12,183.578674
2016-09-13,180.913132
2016-09-14,180.811905
2016-09-15,182.642349
2016-09-16,181.883209
2016-09-19,181.975983
2016-09-20,181.992874
2016-09-21,184.025742
2016-09-22,185.156097
2016-09-23,184.186081
2016-09-26,182.662491
2016-09-27,183.773148
2016-09-28,184.739639
2016-09-29,183.077896
2016-09-30,184.451416
2016-10-03,183.883362
2016-10-04,183.077896
2016-10-05,183.883362
2016-10-06,184.061401
2016-10-07,183.340759
2016-10-10,184.264862
2016-10-11,181.992783
2016-10-12,182.221649
2016-10-13,181.662079
2016-10-14,181.678986
2016-10-17,181.077118
2016-10-18,182.196182
2016-10-19,182.645554
2016-10-20,182.331848
2016-10-21,182.416656
2016-10-24,183.221985
2016-10-25,182.637054
2016-10-26,182.255539
2016-10-27,181.755325
2016-10-28,181.221237
2016-10-31,181.170319
2016-11-01,179.932495
2016-11-02,178.804962
2016-11-03,178.058853
2016-11-04,177.762161
2016-11-07,181.704437
2016-11-08,182.543839
2016-11-09,184.561646
2016-11-10,184.926163
2016-11-11,184.595535
2016-11-14,184.646393
2016-11-15,186.113144
2016-11-16,185.875702
2016-11-17,186.715057
2016-11-18,186.342041
2016-11-21,187.698517
2016-11-22,188.012222
2016-11-23,188.215714
2016-11-25,188.902451
2016-11-28,188.071579
2016-11-29,188.376831
2016-11-30,187.817230
2016-12-01,187.138977
2016-12-02,187.291595
2016-12-05,188.376831
2016-12-06,189.055008
2016-12-07,191.496780
2016-12-08,191.954605
2016-12-09,193.175446
2016-12-12,192.938080
2016-12-13,194.192841
2016-12-14,192.726105
2016-12-15,193.370438
2016-12-16,193.073715
2016-12-19,193.429794
2016-12-20,194.192841
2016-12-21,193.710236
2016-12-22,193.428864
2016-12-23,193.556747
2016-12-27,194.102432
2016-12-28,192.507919
2016-12-29,192.490921
2016-12-30,191.842865
2017-01-03,193.198639
2017-01-04,194.366821
2017-01-05,194.187759
2017-01-06,194.955154
2017-01-09,194.324173
2017-01-10,194.238861
2017-01-11,194.759003
2017-01-12,194.383835
2017-01-13,194.741974
2017-01-17,194.102432
2017-01-18,194.477631
2017-01-19,193.855164
2017-01-20,194.494675
2017-01-23,194.042755
2017-01-24,195.227982
2017-01-25,196.814011
2017-01-26,196.754318
2017-01-27,196.455841
2017-01-30,195.287659
2017-01-31,195.202362
2017-02-01,195.304733
2017-02-02,195.372955
2017-02-03,196.788345
2017-02-06,196.438828
2017-02-07,196.430283
2017-02-08,196.669006
2017-02-09,197.820129
2017-02-10,198.595993
2017-02-13,199.696014
2017-02-14,200.497513
2017-02-15,201.520752
2017-02-16,201.418396
2017-02-17,201.648636
2017-02-21,202.867935
2017-02-22,202.748581
2017-02-23,202.910583
2017-02-24,203.157867
2017-02-27,203.473328
2017-02-28,202.961700
2017-03-01,205.681778
2017-03-02,204.496597
2017-03-03,204.615936
2017-03-06,204.019058
2017-03-07,203.422180
2017-03-08,203.012878
2017-03-09,203.209015
2017-03-10,203.916748
2017-03-13,204.036072
2017-03-14,203.311310
2017-03-15,204.974045
2017-03-16,204.709702
2017-03-17,204.291885
2017-03-20,204.027542
2017-03-21,201.452499
2017-03-22,201.895905
2017-03-23,201.674210
2017-03-24,201.590256
2017-03-27,201.299072
2017-03-28,202.780670
2017-03-29,203.080383
2017-03-30,203.594284
2017-03-31,203.200317
2017-04-03,202.857788
2017-04-04,202.951935
2017-04-05,202.352478
2017-04-06,202.883377
2017-04-07,202.695007
2017-04-10,202.840637
2017-04-11,202.583649
2017-04-12,201.761520
2017-04-13,200.425522
2017-04-17,202.164062
2017-04-18,201.556015
2017-04-19,201.204880
2017-04-20,202.737823
2017-04-21,202.224014
2017-04-24,204.373535
2017-04-25,205.581146
2017-04-26,205.495483
2017-04-27,205.615402
2017-04-28,205.161499
2017-05-01,205.726715
2017-05-02,205.803772
2017-05-03,205.598221
2017-05-04,205.735306
2017-05-05,206.617432
2017-05-08,206.540283
2017-05-09,206.386169
2017-05-10,206.720200
2017-05-11,206.343384
2017-05-12,206.026474
2017-05-15,207.071274
2017-05-16,206.900024
2017-05-17,203.260223
2017-05-18,203.988205
2017-05-19,205.418411
2017-05-22,206.394745
2017-05-23,206.840088
2017-05-24,207.353897
2017-05-25,208.338791
2017-05-26,208.304489
2017-05-30,208.176056
2017-05-31,208.021866
2017-06-01,209.726120
2017-06-02,210.394119
2017-06-05,210.257126
2017-06-06,209.691895
2017-06-07,210.034439
2017-06-08,210.094391
2017-06-09,209.768951
2017-06-12,209.743301
2017-06-13,210.770966
2017-06-14,210.539764
2017-06-15,210.145828
2017-06-16,209.974487
2017-06-19,211.867172
2017-06-20,210.488388
2017-06-21,210.402725
2017-06-22,210.334244
2017-06-23,210.548340
2017-06-26,210.676773
2017-06-27,209.091171
2017-06-28,210.863419
2017-06-29,209.082642
2017-06-30,209.409561
2017-07-03,209.805206
2017-07-05,210.252563
2017-07-06,208.359940
2017-07-07,209.667603
2017-07-10,209.865463
2017-07-11,209.762299
2017-07-12,211.336655
2017-07-13,211.663574
2017-07-14,212.584091
2017-07-17,212.627075
2017-07-18,212.807846
2017-07-19,213.891708
2017-07-20,213.994995
2017-07-21,213.831558
2017-07-24,213.779953
2017-07-25,214.278870
2017-07-26,214.339111
2017-07-27,214.141266
2017-07-28,213.840149
2017-07-31,213.754150
2017-08-01,214.210098
2017-08-02,214.321884
2017-08-03,213.943390
2017-08-04,214.270279
2017-08-07,214.666061
2017-08-08,214.192871
2017-08-09,214.149857
2017-08-10,211.181778
2017-08-11,211.396866
2017-08-14,213.504623
2017-08-15,213.487411
2017-08-16,213.874542
2017-08-17,210.605347
2017-08-18,210.132187
2017-08-21,210.424683
2017-08-22,212.498032
2017-08-23,211.766800
2017-08-24,211.371063
2017-08-25,211.792572
2017-08-28,211.835617
2017-08-29,212.102295
2017-08-30,213.126053
2017-08-31,214.339111
2017-09-01,214.709091
2017-09-05,213.169083
2017-09-06,213.883179
2017-09-07,213.883179
2017-09-08,213.521820
2017-09-11,215.853302
2017-09-12,216.627579
2017-09-13,216.722153
2017-09-14,216.644745
2017-09-15,216.920105
2017-09-18,217.410461
2017-09-19,217.616928
2017-09-20,217.745987
2017-09-21,217.109375
2017-09-22,217.117935
2017-09-25,216.705032
2017-09-26,216.829498
2017-09-27,217.676926
2017-09-28,217.910400
2017-09-29,218.714584
2017-10-02,219.613876
2017-10-03,220.132706
2017-10-04,220.418182
2017-10-05,221.697937
2017-10-06,221.464417
2017-10-09,221.092575
2017-10-10,221.663345
2017-10-11,221.983246
2017-10-12,221.663345
2017-10-13,221.914093
2017-10-16,222.277267
2017-10-17,222.415604
2017-10-18,222.605865
2017-10-19,222.692352
2017-10-20,223.833801
2017-10-23,222.977676
2017-10-24,223.314957
2017-10-25,222.268616
2017-10-26,222.536667
2017-10-27,224.318039
2017-10-30,223.548401
2017-10-31,223.799164
2017-11-01,224.162338
2017-11-02,224.283432
2017-11-03,224.983841
2017-11-06,225.364349
2017-11-07,225.251907
2017-11-08,225.641052
2017-11-09,224.819580
2017-11-10,224.663895
2017-11-13,224.914703
2017-11-14,224.464996
2017-11-15,223.254395
2017-11-16,225.122208
2017-11-17,224.508301
2017-11-20,224.862762
2017-11-21,226.324173
2017-11-22,226.159866
2017-11-24,226.635452
2017-11-27,226.566299
2017-11-28,228.849167
2017-11-29,228.702194
2017-11-30,230.786163
2017-12-01,230.241425
2017-12-04,229.999298
2017-12-05,229.143188
2017-12-06,229.195007
2017-12-07,229.886795
2017-12-08,231.140686
2017-12-11,231.936218
2017-12-12,232.290756
2017-12-13,232.238876
2017-12-14,231.339508
2017-12-15,233.293884
2017-12-18,234.746582
2017-12-19,233.819595
2017-12-20,233.697998
2017-12-21,234.167130
2017-12-22,234.106262
2017-12-26,233.810883
2017-12-27,233.958527
2017-12-28,234.393036
2017-12-29,233.576324
2018-01-02,235.313919
2018-01-03,236.677963
2018-01-04,237.703125
2018-01-05,239.206146
2018-01-08,239.736038
2018-01-09,240.283493
2018-01-10,239.901077
2018-01-11,241.604034
2018-01-12,243.185165
2018-01-16,242.307693
2018-01-17,244.722931
2018-01-18,244.358032
2018-01-19,245.426743
2018-01-22,247.372818
2018-01-23,247.946259
2018-01-24,247.815918
2018-01-25,247.911484
2018-01-26,250.787262
2018-01-29,249.127823
2018-01-30,246.434509
2018-01-31,246.868942
2018-02-01,246.556244
2018-02-02,241.117371
2018-02-05,231.143631
2018-02-06,235.670135
2018-02-07,234.219223
2018-02-08,225.557327
2018-02-09,229.076004
2018-02-12,232.125397
2018-02-13,232.803101
2018-02-14,236.008896
2018-02-15,238.936829
2018-02-16,238.997620
2018-02-20,237.538010
2018-02-21,236.313019
2018-02-22,236.634491
2018-02-23,240.413742
2018-02-26,243.228638
2018-02-27,240.205246
2018-02-28,237.477249
2018-03-01,234.314789
2018-03-02,235.617996
2018-03-05,238.224426
2018-03-06,238.876114
2018-03-07,238.789093
2018-03-08,239.901077
2018-03-09,243.975891
2018-03-12,243.776031
2018-03-13,242.194717
2018-03-14,240.952377
2018-03-15,240.700439
2018-03-16,240.917664
2018-03-19,237.685715
2018-03-20,238.102814
2018-03-21,237.668335
2018-03-22,231.680664
2018-03-23,226.758499
2018-03-26,233.015869
2018-03-27,228.931534
2018-03-28,228.320679
2018-03-29,231.593384
2018-04-02,226.217438
2018-04-03,229.158463
2018-04-04,231.820297
2018-04-05,233.434753
2018-04-06,228.277084
2018-04-09,229.263260
2018-04-10,232.989700
2018-04-11,231.724243
2018-04-12,233.705353
2018-04-13,232.989700
2018-04-16,234.927185
2018-04-17,237.440567
2018-04-18,237.545303
2018-04-19,236.262405
2018-04-20,234.272644
2018-04-23,234.272644
2018-04-24,231.174469
2018-04-25,231.636993
2018-04-26,234.019470
2018-04-27,234.228928
2018-04-30,232.413681
2018-05-01,232.867538
2018-05-02,231.244293
2018-05-03,230.746811
2018-05-04,233.731522
2018-05-07,234.578094
2018-05-08,234.482056
2018-05-09,236.890808
2018-05-10,239.037613
2018-05-11,239.535187
2018-05-14,239.840576
2018-05-15,238.086395
2018-05-16,239.212219
2018-05-17,239.020187
2018-05-18,238.435516
2018-05-21,240.180969
2018-05-22,239.535187
2018-05-23,240.215820
2018-05-24,239.779465
2018-05-25,239.107452
2018-05-29,236.445709
2018-05-30,239.604935
2018-05-31,238.016617
2018-06-01,240.460129
2018-06-04,241.577240
2018-06-05,241.795456
2018-06-06,243.872498
2018-06-07,243.715363
2018-06-08,244.396149
2018-06-11,244.806305
2018-06-12,245.137970
2018-06-13,244.291397
2018-06-14,244.980911
2018-06-15,244.631805
2018-06-18,244.099487
2018-06-19,243.200500
2018-06-20,243.706696
2018-06-21,242.022385
2018-06-22,242.519821
2018-06-25,239.212219
2018-06-26,239.783081
2018-06-27,237.722473
2018-06-28,239.213165
2018-06-29,239.414749
2018-07-02,240.089890
2018-07-03,239.134186
2018-07-05,241.185898
2018-07-06,243.062286
2018-07-09,245.341949
2018-07-10,246.236404
2018-07-11,244.403793
2018-07-12,246.508163
2018-07-13,246.762466
2018-07-16,246.674820
2018-07-17,247.674332
2018-07-18,248.217987
2018-07-19,247.192078
2018-07-20,246.929062
2018-07-23,247.384995
2018-07-24,248.621262
2018-07-25,250.927322
2018-07-26,250.059265
2018-07-27,248.454727
2018-07-30,247.060562
2018-07-31,248.384598
2018-08-01,248.033890
2018-08-02,249.217529
2018-08-03,250.374924
2018-08-06,251.339478
2018-08-07,252.058411
2018-08-08,251.970688
2018-08-09,251.742752
2018-08-10,249.954010
2018-08-13,249.112350
2018-08-14,250.708191
2018-08-15,248.708984
2018-08-16,250.857239
2018-08-17,251.681351
2018-08-20,252.295166
2018-08-21,252.724899
2018-08-22,252.716080
2018-08-23,252.286453
2018-08-24,253.855850
2018-08-27,255.863785
2018-08-28,255.933960
2018-08-29,257.380707
2018-08-30,256.284668
2018-08-31,256.416199
2018-09-04,255.986511
2018-09-05,255.293945
2018-09-06,254.548630
2018-09-07,253.926086
2018-09-10,254.495926
2018-09-11,255.346436
2018-09-12,255.364059
2018-09-13,256.837097
2018-09-14,256.828278
2018-09-17,255.539429
2018-09-18,256.968628
2018-09-19,257.152740
2018-09-20,259.327271
2018-09-21,258.976501
2018-09-24,258.196167
2018-09-25,257.924255
2018-09-26,257.164368
2018-09-27,257.868866
2018-09-28,257.789673
2018-10-01,258.793549
2018-10-02,258.687866
2018-10-03,258.864014
2018-10-04,256.917725
2018-10-05,255.323715
2018-10-08,255.332489
2018-10-09,255.024338
2018-10-10,246.799240
2018-10-11,241.585800
2018-10-12,244.844238
2018-10-15,243.523270
2018-10-16,248.886322
2018-10-17,248.833511
2018-10-18,245.266983
2018-10-19,245.055511
2018-10-22,244.130814
2018-10-23,242.677811
2018-10-24,235.254074
2018-10-25,239.551605
2018-10-26,235.218811
2018-10-29,233.906601
2018-10-30,237.649414
2018-10-31,240.203308
2018-11-01,242.545731
2018-11-02,241.198364
2018-11-05,242.677811
2018-11-06,244.078094
2018-11-07,249.335464
2018-11-08,248.798309
2018-11-09,246.543793
2018-11-12,241.744370
2018-11-13,241.392075
2018-11-14,239.718857
2018-11-15,242.140656
2018-11-16,242.827560
2018-11-19,238.767776
2018-11-20,234.338104
2018-11-21,235.095490
2018-11-23,233.642487
2018-11-26,237.305908
2018-11-27,238.054504
2018-11-28,243.611343
2018-11-29,243.118134
2018-11-30,244.817795
2018-12-03,247.785583
2018-12-04,240.000671
2018-12-06,239.375427
2018-12-07,233.897888
2018-12-10,234.250122
2018-12-11,234.294144
2018-12-12,235.562225
2018-12-13,235.342117
2018-12-14,231.079865
2018-12-17,226.379547
2018-12-18,226.352982
2018-12-19,222.917252
2018-12-20,219.100677
2018-12-21,214.602310
2018-12-24,209.059052
2018-12-26,219.313217
2018-12-27,221.429550
2018-12-28,221.067825
2018-12-31,223.089371
2019-01-02,223.186920
2019-01-03,217.609879
2019-01-04,225.261658
2019-01-07,226.777863
2019-01-08,229.012192
2019-01-09,230.076096
2019-01-10,230.980560
2019-01-11,230.856339
2019-01-14,229.739197
2019-01-15,232.221848
2019-01-16,232.833633
2019-01-17,234.544815
2019-01-18,237.683594
2019-01-22,234.518234
2019-01-23,234.855194
2019-01-24,235.085754
2019-01-25,237.178238
2019-01-28,235.271912
2019-01-29,234.943893
2019-01-30,238.712143
2019-01-31,240.769119
2019-02-01,240.902115
2019-02-04,242.631042
2019-02-05,243.668503
2019-02-06,243.304871
2019-02-07,241.017426
2019-02-08,241.283371
2019-02-11,241.416458
2019-02-12,244.555130
2019-02-13,245.299973
2019-02-14,244.741226
2019-02-15,247.516510
2019-02-19,247.862305
2019-02-20,248.341080
2019-02-21,247.560867
2019-02-22,248.988373
2019-02-25,249.378464
2019-02-26,249.192337
2019-02-27,249.068176
2019-02-28,248.544983
2019-03-01,250.309448
2019-03-04,249.289749
2019-03-05,248.970627
2019-03-06,247.383499
2019-03-07,245.388550
2019-03-08,244.892059
2019-03-11,248.447495
2019-03-12,249.325226
2019-03-13,251.054260
2019-03-14,250.930084
2019-03-15,252.056183
2019-03-18,253.058105
2019-03-19,253.173355
2019-03-20,252.265350
2019-03-21,255.096085
2019-03-22,250.280243
2019-03-25,250.057770
2019-03-26,251.882523
2019-03-27,250.654129
2019-03-28,251.642288
2019-03-29,253.306839
2019-04-01,256.235504
2019-04-02,256.297852
2019-04-03,256.760529
2019-04-04,257.374847
2019-04-05,258.549835
2019-04-08,258.834747
2019-04-09,257.499542
2019-04-10,258.345215
2019-04-11,258.327454
2019-04-12,260.072083
2019-04-15,259.858521
2019-04-16,260.054291
2019-04-17,259.368896
2019-04-18,259.929779
2019-04-22,260.196716
2019-04-23,262.457733
2019-04-24,261.905853
2019-04-25,261.745667
2019-04-26,263.018555
2019-04-29,263.303528
2019-04-30,263.437012
2019-05-01,261.531921
2019-05-02,261.051300
2019-05-03,263.499420
2019-05-06,262.511169
2019-05-07,258.069305
2019-05-08,257.722015
2019-05-09,257.009949
2019-05-10,258.149353
2019-05-13,251.740128
2019-05-14,253.983322
2019-05-15,255.505554
2019-05-16,257.757660
2019-05-17,256.279938
2019-05-20,254.570953
2019-05-21,256.796387
2019-05-22,256.057495
2019-05-23,252.861710
2019-05-24,253.484833
2019-05-28,251.099197
2019-05-29,249.461227
2019-05-30,250.022156
2019-05-31,246.844238
2019-06-03,246.025253
2019-06-04,251.419647
2019-06-05,253.573898
2019-06-06,255.265152
2019-06-07,257.855682
2019-06-10,259.039520
2019-06-11,258.995026
2019-06-12,258.407501
2019-06-13,259.591461
2019-06-14,259.262115
2019-06-17,259.502075
2019-06-18,261.929230
2019-06-19,262.636841
2019-06-20,265.126740
2019-06-21,264.723694
2019-06-24,264.455017
2019-06-25,261.893463
2019-06-26,261.597809
2019-06-27,262.672638
2019-06-28,263.989258
2019-07-01,266.290985
2019-07-02,267.106140
2019-07-03,269.121216
2019-07-05,268.780975
2019-07-08,267.392700
2019-07-09,267.822601
2019-07-10,269.049622
2019-07-11,269.524353
2019-07-12,270.921448
2019-07-15,270.894684
2019-07-16,269.981140
2019-07-17,268.225616
2019-07-18,269.273529
2019-07-19,267.706085
2019-07-22,268.315186
2019-07-23,270.231964
2019-07-24,271.530548
2019-07-25,270.222900
2019-07-26,272.067932
2019-07-29,271.575226
2019-07-30,270.912506
2019-07-31,268.001678
2019-08-01,265.574554
2019-08-02,263.693756
2019-08-05,255.767273
2019-08-06,259.179688
2019-08-07,259.430450
2019-08-08,264.463989
2019-08-09,262.744385
2019-08-12,259.564850
2019-08-13,263.568207
2019-08-14,255.794128
2019-08-15,256.456940
2019-08-16,260.254395
2019-08-19,263.380219
2019-08-20,261.338135
2019-08-21,263.478699
2019-08-22,263.380219
2019-08-23,256.573456
2019-08-26,259.430450
2019-08-27,258.436340
2019-08-28,260.182800
2019-08-29,263.568207
2019-08-30,263.559296
2019-09-03,261.893463
2019-09-04,264.893890
2019-09-05,268.359985
2019-09-06,268.538971
2019-09-09,268.664490
2019-09-10,268.646545
2019-09-11,270.590149
2019-09-12,271.449921
2019-09-13,271.261871
2019-09-16,270.464752
2019-09-17,271.118530
2019-09-18,271.315521
2019-09-19,271.279785
2019-09-20,269.784058
2019-09-23,269.927307
2019-09-24,267.778900
2019-09-25,269.291077
2019-09-26,268.750916
2019-09-27,267.319885
2019-09-30,268.687897
2019-10-01,265.438629
2019-10-02,260.686401
2019-10-03,262.855560
2019-10-04,266.437805
2019-10-07,265.240662
2019-10-08,261.136383
2019-10-09,263.611572
2019-10-10,265.474731
2019-10-11,268.120880
2019-10-14,267.940948
2019-10-15,270.578033
2019-10-16,270.083099
2019-10-17,270.839142
2019-10-18,269.660004
2019-10-21,271.595154
2019-10-22,270.650085
2019-10-23,271.433228
2019-10-24,271.919128
2019-10-25,272.999329
2019-10-28,274.529358
2019-10-29,274.439362
2019-10-30,275.303436
2019-10-31,274.493317
2019-11-01,277.175598
2019-11-04,278.219666
2019-11-05,277.886566
2019-11-06,278.012573
2019-11-07,279.002686
2019-11-08,279.623779
2019-11-11,279.164734
2019-11-12,279.641785
2019-11-13,279.794708
2019-11-14,280.190765
2019-11-15,282.269958
2019-11-18,282.395966
2019-11-19,282.333008
2019-11-20,281.288879
2019-11-21,280.883881
2019-11-22,281.486938
2019-11-25,283.611023
2019-11-26,284.178162
2019-11-27,285.546234
2019-11-29,284.475006
2019-12-02,282.089935
2019-12-03,280.145721
2019-12-04,281.882904
2019-12-05,282.477020
2019-12-06,284.997192
2019-12-09,284.151062
2019-12-10,283.854065
2019-12-11,284.574097
2019-12-12,287.094208
2019-12-13,287.193329
2019-12-16,289.257812
2019-12-17,289.284973
2019-12-18,289.303070
2019-12-19,290.544128
2019-12-20,292.029724
2019-12-23,292.237976
2019-12-24,292.274231
2019-12-26,293.787079
2019-12-27,293.732727
2019-12-30,292.147491
2019-12-31,292.808746
2020-01-02,295.598755
2020-01-03,293.325104
2020-01-06,294.484558
2020-01-07,293.678345
2020-01-08,295.173065
2020-01-09,297.165863
2020-01-10,296.341583
2020-01-13,298.415924
2020-01-14,297.954071
2020-01-15,298.624329
2020-01-16,301.106384
2020-01-17,302.102783
2020-01-21,301.450562
2020-01-22,301.513947
2020-01-23,301.885468
2020-01-24,299.140656
2020-01-27,294.285278
2020-01-28,297.419586
2020-01-29,297.211151
2020-01-30,298.108063
2020-01-31,292.808746
2020-02-03,294.910339
2020-02-04,299.484894
2020-02-05,302.818512
2020-02-06,303.977905
2020-02-07,302.329254
2020-02-10,304.566772
2020-02-11,305.128357
2020-02-12,307.084961
2020-02-13,306.704559
2020-02-14,307.148438
2020-02-18,306.414642
2020-02-19,307.882233
2020-02-20,306.623047
2020-02-21,303.470642
2020-02-24,293.343201
2020-02-25,284.547272
2020-02-26,283.451233
2020-02-27,270.588043
2020-02-28,268.051727
2020-03-02,281.177490
2020-03-03,273.115448
2020-03-04,285.117950
2020-03-05,275.162659
2020-03-06,270.578979
2020-03-09,248.929108
2020-03-10,262.290497
2020-03-11,249.536041
2020-03-12,225.521820
2020-03-13,245.985107
2020-03-16,217.513992
2020-03-17,231.346420
2020-03-18,218.465164
2020-03-19,219.271378
2020-03-20,209.397552
2020-03-23,203.500427
2020-03-24,222.731750
2020-03-25,225.576645
2020-03-26,239.158463
2020-03-27,231.747726
2020-03-30,239.149307
2020-03-31,235.539688
2020-04-01,224.965912
2020-04-02,230.243652
2020-04-03,226.989502
2020-04-06,242.284943
2020-04-07,242.385330
2020-04-08,250.671097
2020-04-09,254.426620
2020-04-13,251.983734
2020-04-14,259.631287
2020-04-15,253.925308
2020-04-16,255.274323
2020-04-17,262.138031
2020-04-20,257.471100
2020-04-21,249.631912
2020-04-22,255.283493
2020-04-23,255.210526
2020-04-24,258.783722
2020-04-27,262.694122
2020-04-28,261.281342
2020-04-29,268.108734
2020-04-30,265.401489
2020-05-01,258.446472
2020-05-04,259.449158
2020-05-05,261.737061
2020-05-06,260.014313
2020-05-07,263.095245
2020-05-08,267.497925
2020-05-11,267.488739
2020-05-12,262.037903
2020-05-13,257.544006
2020-05-14,260.625061
2020-05-15,261.755371
2020-05-18,269.849640
2020-05-19,267.069519
2020-05-20,271.627136
2020-05-21,269.640076
2020-05-22,270.187012
2020-05-26,273.614380
2020-05-27,277.606781
2020-05-28,277.059906
2020-05-29,278.181061
2020-06-01,279.548401
2020-06-02,281.872864
2020-06-03,285.664795
2020-06-04,284.707642
2020-06-05,292.127563
2020-06-08,295.700867
2020-06-09,293.522186
2020-06-10,291.790253
2020-06-11,274.908722
2020-06-12,278.345154
2020-06-15,280.899750
2020-06-16,286.300171
2020-06-17,285.009521
2020-06-18,285.229248
2020-06-19,283.490143
2020-06-22,285.522064
2020-06-23,286.684570
2020-06-24,279.444397
2020-06-25,282.373444
2020-06-26,275.636810
2020-06-29,279.773987
2020-06-30,283.462616
2020-07-01,285.403137
2020-07-02,286.904236
2020-07-06,291.306915
2020-07-07,288.304626
2020-07-08,290.455627
2020-07-09,288.981934
2020-07-10,291.892731
2020-07-13,289.302338
2020-07-14,293.055206
2020-07-15,295.791931
2020-07-16,294.766754
2020-07-17,295.636322
2020-07-20,298.080170
2020-07-21,298.620209
2020-07-22,300.377625
2020-07-23,296.743835
2020-07-24,294.849091
2020-07-27,297.018463
2020-07-28,295.187805
2020-07-29,298.739258
2020-07-30,297.714081
2020-07-31,300.057129
2020-08-03,302.153351
2020-08-04,303.242554
2020-08-05,305.210449
2020-08-06,307.279144
2020-08-07,307.498718
2020-08-10,308.423187
2020-08-11,305.842041
2020-08-12,310.107330
2020-08-13,309.576416
2020-08-14,309.549011
2020-08-17,310.546692
2020-08-18,311.205719
2020-08-19,309.942566
2020-08-20,310.894562
2020-08-21,311.983734
2020-08-24,315.187317
2020-08-25,316.230865
2020-08-26,319.443604
2020-08-27,320.139191
2020-08-28,322.189453
2020-08-31,321.063599
2020-09-01,324.075012
2020-09-02,328.816345
2020-09-03,317.448151
2020-09-04,314.848724
2020-09-08,306.290527
2020-09-09,312.285858
2020-09-10,306.830536
2020-09-11,306.976990
2020-09-14,311.059326
2020-09-15,312.642792
2020-09-16,311.397980
2020-09-17,308.725250
2020-09-18,305.109680
2020-09-21,301.714020
2020-09-22,304.771118
2020-09-23,297.678223
2020-09-24,298.459869
2020-09-25,303.314606
2020-09-28,308.353333
2020-09-29,306.652374
2020-09-30,308.997101
2020-10-01,311.001434
2020-10-02,308.068329
2020-10-05,313.447266
2020-10-06,308.997101
2020-10-07,314.366669
2020-10-08,317.198639
2020-10-09,319.984680
2020-10-12,325.207275
2020-10-13,323.092377
2020-10-14,321.069641
2020-10-15,320.674316
2020-10-16,320.389252
2020-10-19,315.580292
2020-10-20,316.821716
2020-10-21,316.205627
2020-10-22,318.007782
2020-10-23,319.019196
2020-10-26,313.162262
2020-10-27,312.095490
2020-10-28,301.475739
2020-10-29,304.482391
2020-10-30,301.236694
2020-11-02,304.675507
2020-11-03,310.118713
2020-11-04,316.968842
2020-11-05,323.165985
2020-11-06,323.138428
2020-11-09,327.174866
2020-11-10,326.751923
2020-11-11,329.105743
2020-11-12,325.970398
2020-11-13,330.402222
2020-11-16,334.503052
2020-11-17,332.802094
2020-11-18,328.793182
2020-11-19,330.126373
2020-11-20,327.910522
2020-11-23,329.878174
2020-11-24,335.155975
2020-11-25,334.677795
2020-11-27,335.588135
2020-11-30,334.061737
2020-12-01,337.739655
2020-12-02,338.456787
2020-12-03,338.392426
2020-12-04,341.297974
2020-12-07,340.663574
2020-12-08,341.610626
2020-12-09,338.622284
2020-12-10,338.438416
2020-12-11,338.015411
2020-12-14,336.482422
2020-12-15,341.063019
2020-12-16,341.607849
2020-12-17,343.510254
2020-12-18,342.152832
2020-12-21,341.026062
2020-12-22,340.370483
2020-12-23,340.665924
2020-12-24,341.986572
2020-12-28,344.960297
2020-12-29,344.295380
2020-12-30,344.747833
2020-12-31,346.678101
2021-01-04,341.903381
2021-01-05,344.166077
2021-01-06,346.243958
2021-01-07,351.369446
2021-01-08,353.373596
2021-01-11,351.064728
2021-01-12,351.120178
2021-01-13,352.006744
2021-01-14,350.787567
2021-01-15,348.257263
2021-01-19,350.981506
2021-01-20,355.811523
2021-01-21,356.125610
2021-01-22,354.915771
2021-01-25,356.328705
2021-01-26,355.802216
2021-01-27,347.121399
2021-01-28,350.058075
2021-01-29,343.104034
2021-02-01,348.719025
2021-02-02,353.669006
2021-02-03,353.946136
2021-02-04,357.954102
2021-02-05,359.357788
2021-02-08,362.063751
2021-02-09,361.759033
2021-02-10,361.611267
2021-02-11,362.220764
2021-02-12,364.030853
2021-02-16,363.744537
2021-02-17,363.790741
2021-02-18,362.248474
2021-02-19,361.565063
2021-02-22,358.812958
2021-02-23,359.191650
2021-02-24,363.134979
2021-02-25,354.426331
2021-02-26,352.569977
2021-03-01,361.121765
2021-03-02,358.342010
2021-03-03,353.558167
2021-03-04,349.180695
2021-03-05,355.617615
2021-03-08,353.881439
2021-03-09,358.868378
2021-03-10,361.066437
2021-03-11,364.778900
2021-03-12,365.351410
2021-03-15,367.567932
2021-03-16,367.050751
2021-03-17,368.251282
2021-03-18,362.876465
2021-03-19,362.202301
2021-03-22,365.065186
2021-03-23,362.220764
2021-03-24,360.364441
2021-03-25,362.422577
2021-03-26,368.288116
2021-03-29,368.102692
2021-03-30,367.194702
2021-03-31,368.630981
2021-04-01,372.578400
2021-04-05,377.924988
2021-04-06,377.693359
2021-04-07,378.165924
2021-04-08,379.926544
2021-04-09,382.678619
2021-04-12,382.836151
2021-04-13,383.957336
2021-04-14,382.678619
2021-04-15,386.792847
2021-04-16,388.154999
2021-04-19,386.255432
2021-04-20,383.447693
2021-04-21,387.033783
2021-04-22,383.596008
2021-04-23,387.617523
2021-04-26,388.488586
2021-04-27,388.368103
2021-04-28,388.219788
2021-04-29,390.675385
2021-04-30,388.145660
2021-05-03,388.979675
2021-05-04,386.616821
2021-05-05,386.672363
2021-05-06,389.813599
2021-05-07,392.639862
2021-05-10,388.822144
2021-05-11,385.356567
2021-05-12,377.118835
2021-05-13,381.594513
2021-05-14,387.487793
2021-05-17,386.561249
2021-05-18,383.234589
2021-05-19,382.196808
2021-05-20,386.236908
2021-05-21,386.014465
2021-05-24,389.897034
2021-05-25,389.053802
2021-05-26,389.767334
2021-05-27,389.971161
2021-05-28,390.712463
2021-06-01,390.406647
2021-06-02,391.055298
2021-06-03,389.563477
2021-06-04,393.112457
2021-06-07,392.778809
2021-06-08,392.797424
2021-06-09,392.167267
2021-06-10,394.067719
2021-06-11,394.718231
2021-06-14,395.666199
2021-06-15,394.894836
2021-06-16,392.710907
2021-06-17,392.590179
2021-06-18,387.311554
2021-06-21,392.776031
2021-06-22,394.643951
2021-06-23,394.411560
2021-06-24,396.697693
2021-06-25,398.156769
2021-06-28,399.002380
2021-06-29,399.178955
2021-06-30,399.532104
2021-07-01,401.790344
2021-07-02,404.847778
2021-07-06,403.816284
2021-07-07,405.470428
2021-07-08,402.217865
2021-07-09,406.492706
2021-07-12,407.998230
2021-07-13,406.567047
2021-07-14,407.106110
2021-07-15,405.712128
2021-07-16,402.645294
2021-07-19,396.632660
2021-07-20,402.385132
2021-07-21,405.647064
2021-07-22,406.529816
2021-07-23,410.535248
2021-07-26,411.631805
2021-07-27,409.754639
2021-07-28,409.531586
2021-07-29,411.353149
2021-07-30,409.271393
2021-08-02,408.444244
2021-08-03,411.706238
2021-08-04,409.745331
2021-08-05,412.291687
2021-08-06,413.007294
2021-08-09,412.719147
2021-08-10,413.202393
2021-08-11,414.178131
2021-08-12,415.144714
2021-08-13,416.194763
2021-08-16,417.263489
2021-08-17,414.429077
2021-08-18,409.959076
2021-08-19,410.563080
2021-08-20,413.834351
2021-08-23,417.440094
2021-08-24,418.164948
2021-08-25,419.038544
2021-08-26,416.566559
2021-08-27,420.228027
2021-08-30,422.095978
2021-08-31,421.640564
2021-09-01,421.826447
2021-09-02,423.090332
2021-09-03,422.904388
2021-09-07,421.538422
2021-09-08,420.980774
2021-09-09,419.103607
2021-09-10,415.906677
2021-09-13,416.873169
2021-09-14,414.652161
2021-09-15,418.099945
2021-09-16,417.319183
2021-09-17,413.295319
2021-09-20,406.325378
2021-09-21,406.093140
2021-09-22,410.098511
2021-09-23,415.014557
2021-09-24,415.810211
2021-09-27,414.504272
2021-09-28,406.229858
2021-09-29,406.929474
2021-09-30,401.892151
2021-10-01,406.677643
2021-10-04,401.397705
2021-10-05,405.604889
2021-10-06,407.330627
2021-10-07,410.707581
2021-10-08,410.101135
2021-10-11,407.041443
2021-10-12,406.015259
2021-10-13,407.461151
2021-10-14,414.438995
2021-10-15,417.619995
2021-10-18,418.832733
2021-10-19,422.125702
2021-10-20,423.748993
2021-10-21,424.849548
2021-10-22,424.336609
2021-10-25,426.556732
2021-10-26,427.041809
2021-10-27,425.138824
2021-10-28,429.224731
2021-10-29,430.036255
2021-11-01,430.922516
2021-11-02,432.620331
2021-11-03,435.278870
2021-11-04,437.275269
2021-11-05,438.814423
2021-11-08,439.271515
2021-11-09,437.741669
2021-11-10,434.280762
2021-11-11,434.458008
2021-11-12,437.657684
2021-11-15,437.769592
2021-11-16,439.514069
2021-11-17,438.478638
2021-11-18,439.924500
2021-11-19,439.206207
2021-11-22,437.890961
2021-11-23,438.497253
2021-11-24,439.635345
2021-11-26,429.691162
2021-11-29,435.176361
2021-11-30,426.901855
2021-12-01,421.920563
2021-12-02,428.422394
2021-12-03,424.579132
2021-12-06,429.691162
2021-12-07,438.618530
2021-12-08,439.775330
2021-12-09,436.808868
2021-12-10,440.997284
2021-12-13,437.093109
2021-12-14,434.004883
2021-12-15,440.826965
2021-12-16,436.784241
2021-12-17,432.451447
2021-12-20,427.594543
2021-12-21,435.212097
2021-12-22,439.601074
2021-12-23,442.296265
2021-12-27,448.631805
2021-12-28,448.285461
2021-12-29,448.753387
2021-12-30,447.490021
2021-12-31,446.376404
2022-01-03,449.043549
2022-01-04,448.893677
2022-01-05,440.143799
2022-01-06,439.816376
2022-01-07,438.057007
2022-01-10,437.233459
2022-01-11,441.547577
2022-01-12,442.717346
2022-01-13,436.643921
2022-01-14,436.793640
2022-01-18,429.073120
2022-01-19,424.637299
2022-01-20,419.920898
2022-01-21,411.741730
2022-01-24,413.182892
2022-01-25,408.428986
2022-01-26,407.483704
2022-01-27,405.359375
2022-01-28,415.269806
2022-01-31,422.775024
2022-02-01,425.694855
2022-02-02,429.784302
2022-02-03,419.808472
2022-02-04,421.914062
2022-02-07,420.416779
2022-02-08,423.757660
2022-02-09,430.008942
2022-02-10,422.410095
2022-02-11,413.959625
2022-02-14,412.612061
2022-02-15,419.247009
2022-02-16,419.724304
2022-02-17,410.918213
2022-02-18,408.082703
2022-02-22,403.656281
2022-02-23,396.300720
2022-02-24,402.533264
2022-02-25,411.395416
2022-02-28,410.562622
2022-03-01,404.199066
2022-03-02,411.573303
2022-03-03,409.598694
2022-03-04,406.098755
2022-03-07,394.167084
2022-03-08,391.228607
2022-03-09,401.756500
2022-03-10,399.912964
2022-03-11,394.925049
2022-03-14,391.939911
2022-03-15,400.568115
2022-03-16,409.439697
2022-03-17,414.530457
2022-03-18,418.966248
2022-03-21,418.881958
2022-03-22,423.991638
2022-03-23,418.676147
2022-03-24,424.733246
2022-03-25,426.873932
2022-03-28,429.869019
2022-03-29,435.352448
2022-03-30,432.648407
2022-03-31,425.981842
2022-04-01,427.014862
2022-04-04,430.779846
2022-04-05,425.230835
2022-04-06,421.099548
2022-04-07,423.183960
2022-04-08,422.057190
2022-04-11,414.761719
2022-04-12,413.175018
2022-04-13,418.010468
2022-04-14,412.846375
2022-04-18,412.996643
2022-04-19,419.662964
2022-04-20,419.287415
2022-04-21,413.212646
2022-04-22,401.654419
2022-04-25,404.133087
2022-04-26,392.368408
2022-04-27,393.551392
2022-04-28,403.438263
2022-04-29,388.302765
2022-05-02,390.800323
2022-05-03,392.612457
2022-05-04,404.433563
2022-05-05,390.077393
2022-05-06,387.974152
2022-05-09,375.495850
2022-05-10,376.237549
2022-05-11,370.303619
2022-05-12,369.759003
2022-05-13,378.772675
2022-05-16,377.176575
2022-05-17,384.988434
2022-05-18,369.524231
2022-05-19,367.214539
2022-05-20,367.402283
2022-05-23,374.265808
2022-05-24,371.580505
2022-05-25,374.866791
2022-05-26,382.199707
2022-05-27,391.767456
2022-05-31,389.532776
2022-06-01,386.377991
2022-06-02,393.654633
2022-06-03,387.194824
2022-06-06,388.359100
2022-06-07,391.964569
2022-06-08,387.720703
2022-06-09,378.615753
2022-06-10,367.445374
2022-06-13,353.317566
2022-06-14,352.375793
2022-06-15,357.395813
2022-06-16,345.650879
2022-06-17,346.281921
2022-06-21,355.088287
2022-06-22,354.475983
2022-06-23,358.026886
2022-06-24,369.206696
2022-06-27,367.869202
2022-06-28,360.362610
2022-06-29,360.108337
2022-06-30,357.103790
2022-07-01,360.814758
2022-07-05,361.587006
2022-07-06,362.877319
2022-07-07,368.255402
2022-07-08,367.963348
2022-07-11,363.772217
2022-07-12,360.503967
2022-07-13,358.657837
2022-07-14,357.791321
2022-07-15,364.619843
2022-07-18,361.671844
2022-07-19,371.391754
2022-07-20,373.689850
2022-07-21,377.504333
2022-07-22,374.141998
2022-07-25,374.528198
2022-07-26,370.082581
2022-07-27,379.651825
2022-07-28,384.474091
2022-07-29,390.191193
2022-08-01,388.938507
2022-08-02,386.461395
2022-08-03,392.489258
2022-08-04,392.112549
2022-08-05,391.424988
2022-08-08,391.085815
2022-08-09,389.447052
2022-08-10,397.603607
2022-08-11,397.744812
2022-08-12,404.290710
2022-08-15,406.070831
2022-08-16,406.918518
2022-08-17,403.857513
2022-08-18,405.044189
2022-08-19,399.685059
2022-08-22,391.302521
2022-08-23,390.436005
2022-08-24,391.651001
2022-08-25,397.170258
2022-08-26,383.598175
2022-08-29,381.290619
2022-08-30,376.920471
2022-08-31,374.085449
2022-09-01,375.366302
2022-09-02,371.354034
2022-09-06,369.875397
2022-09-07,376.571930
2022-09-08,378.945374
2022-09-09,384.992126
2022-09-12,389.145660
2022-09-13,372.164093
2022-09-14,373.586334
2022-09-15,369.272552
2022-09-16,366.475342
2022-09-19,369.329071
2022-09-20,364.987152
2022-09-21,358.761505
2022-09-22,355.728699
2022-09-23,349.823212
2022-09-26,346.373474
2022-09-27,345.483612
2022-09-28,352.195740
2022-09-29,344.953430
2022-09-30,339.538208
2022-10-03,348.522491
2022-10-04,359.191956
2022-10-05,358.349274
2022-10-06,354.808685
2022-10-07,344.915497
2022-10-10,342.349976
2022-10-11,340.002075
2022-10-12,338.903992
2022-10-13,347.926117
2022-10-14,339.954803
2022-10-17,348.702393
2022-10-18,352.697540
2022-10-19,350.378082
2022-10-20,347.395966
2022-10-21,355.783783
2022-10-24,360.157593
2022-10-25,365.941986
2022-10-26,363.177582
2022-10-27,361.246307
2022-10-28,369.719391
2022-10-31,367.125397
2022-11-01,365.667511
2022-11-02,356.295013
2022-11-03,352.716461
2022-11-04,357.705688
2022-11-07,361.199036
2022-11-08,363.158691
2022-11-09,355.745911
2022-11-10,375.229340
2022-11-11,378.845703
2022-11-14,375.664825
2022-11-15,378.855194
2022-11-16,376.071838
2022-11-17,374.803253
2022-11-18,376.583069
2022-11-21,375.144012
2022-11-22,380.313171
2022-11-23,382.585266
2022-11-25,382.556824
2022-11-28,376.497864
2022-11-29,375.854126
2022-11-30,387.508087
2022-12-01,387.347168
2022-12-02,386.930573
2022-12-05,379.962830
2022-12-06,374.528717
2022-12-07,373.809174
2022-12-08,376.744080
2022-12-09,373.960724
2022-12-12,379.205475
2022-12-13,382.232880
2022-12-14,379.941437
2022-12-15,370.528381
2022-12-16,366.002655
2022-12-19,362.960052
2022-12-20,363.378387
2022-12-21,368.797943
2022-12-22,363.777710
2022-12-23,365.669830
2022-12-27,364.262634
2022-12-28,359.841370
2022-12-29,366.069153
2022-12-30,365.308502
2023-01-03,363.711121
2023-01-04,366.544556
2023-01-05,362.380066
2023-01-06,370.652039
2023-01-09,370.395294
2023-01-10,373.057556
2023-01-11,377.707001
2023-01-12,379.180725
2023-01-13,380.673492
2023-01-17,379.969971
2023-01-18,373.979828
2023-01-19,371.317566
2023-01-20,378.134888
2023-01-23,382.622681
2023-01-24,382.365967
2023-01-25,382.432526
2023-01-26,386.635071
2023-01-27,387.595398
2023-01-30,382.670227
2023-01-31,388.222931
2023-02-01,392.368500
2023-02-02,398.063721
2023-02-03,393.965820
2023-02-06,391.541229
2023-02-07,396.599396
2023-02-08,392.273285
2023-02-09,388.945496
2023-02-10,389.791626
2023-02-13,394.374634
2023-02-14,394.165375
2023-02-15,395.420441
2023-02-16,390.096008
2023-02-17,389.012054
2023-02-21,381.301025
2023-02-22,380.654541
2023-02-23,382.660675
2023-02-24,378.524628
2023-02-27,379.846375
2023-02-28,378.391602
2023-03-01,377.041443
2023-03-02,380.007996
2023-03-03,386.102600
2023-03-06,386.539948
2023-03-07,380.445312
2023-03-08,381.110870
2023-03-09,374.055969
2023-03-10,368.797943
2023-03-13,368.027863
2023-03-14,374.217560
2023-03-15,371.916565
2023-03-16,378.315521
2023-03-17,373.827789
2023-03-20,377.535889
2023-03-21,382.442078
2023-03-22,376.033630
2023-03-23,376.986420
2023-03-24,379.478455
2023-03-27,380.137238
2023-03-28,379.430664
2023-03-29,384.920715
2023-03-30,387.059418
2023-03-31,392.492096
2023-04-03,393.886139
2023-04-04,391.871460
2023-04-05,390.945374
2023-04-06,392.425262
2023-04-10,392.874023
2023-04-11,392.864471
2023-04-12,391.394073
2023-04-13,396.492615
2023-04-14,395.518768
2023-04-17,396.979584
2023-04-18,397.208771
2023-04-19,397.180084
2023-04-20,394.955475
2023-04-21,395.175140
2023-04-24,395.671600
2023-04-25,389.389069
2023-04-26,387.804138
2023-04-27,395.499664
2023-04-28,398.774567
2023-05-01,398.488129
2023-05-02,394.029327
2023-05-03,391.193604
2023-05-04,388.462952
2023-05-05,395.566498
2023-05-08,395.776581
2023-05-09,394.162994
2023-05-10,395.824341
2023-05-11,395.232330
2023-05-12,394.716827
2023-05-15,396.024872
2023-05-16,393.380066
2023-05-17,398.153931
2023-05-18,402.011292
2023-05-19,401.428925
2023-05-22,401.543488
2023-05-23,397.151459
2023-05-24,394.172485
2023-05-25,397.647949
2023-05-26,402.870605
2023-05-30,402.946991
2023-05-31,400.464630
2023-06-01,404.589203
2023-06-02,410.356171
2023-06-05,409.649536
2023-06-06,410.518433
2023-06-07,409.166992
2023-06-08,411.532745
2023-06-09,412.356384
2023-06-12,416.101227
2023-06-13,418.821228
2023-06-14,419.309723
2023-06-15,424.491211
2023-06-16,422.978027
2023-06-20,420.976227
2023-06-21,418.754242
2023-06-22,420.267578
2023-06-23,417.068573
2023-06-26,415.306335
2023-06-27,419.903625
2023-06-28,420.037689
2023-06-29,421.713745
2023-06-30,426.885651
2023-07-03,427.498627
2023-07-05,426.761169
2023-07-06,423.265320
2023-07-07,422.183014
2023-07-10,423.303650
2023-07-11,426.148224
2023-07-12,429.347137
2023-07-13,433.005890
2023-07-14,432.574799
2023-07-17,434.183838
2023-07-18,437.334930
2023-07-19,438.139404
2023-07-20,435.409790
2023-07-21,435.400238
2023-07-24,437.325348
2023-07-25,438.503296
2023-07-26,438.541687
2023-07-27,435.706696
2023-07-28,439.825073
2023-07-31,440.744537
2023-08-01,439.518585
2023-08-02,433.379303
2023-08-03,432.134277
2023-08-04,430.122894
2023-08-07,433.925201
2023-08-08,432.105560
2023-08-09,429.184265
2023-08-10,429.375824
2023-08-11,429.117249
2023-08-14,431.415924
2023-08-15,426.531311
2023-08-16,423.341980
2023-08-17,420.085510
2023-08-18,420.162170
2023-08-21,422.997101
2023-08-22,421.790375
2023-08-23,426.445099
2023-08-24,420.717712
2023-08-25,423.725067
2023-08-28,426.282288
2023-08-29,432.440704
2023-08-30,434.337128
2023-08-31,433.570862
2023-09-01,434.490387
2023-09-05,432.622711
2023-09-06,429.615326
2023-09-07,428.427734
2023-09-08,428.954468
2023-09-11,431.856476
2023-09-12,429.519531
2023-09-13,429.921783
2023-09-14,433.762482
2023-09-15,428.169098
2023-09-18,428.906555
2023-09-19,427.948792
2023-09-20,423.897430
2023-09-21,416.953644
2023-09-22,415.957550
2023-09-25,417.681580
2023-09-26,411.569061
2023-09-27,411.674805
2023-09-28,414.080261
2023-09-29,413.175812
2023-10-02,413.031464
2023-10-03,407.528015
2023-10-04,410.414429
2023-10-05,410.221985
2023-10-06,415.042419
2023-10-09,417.774841
2023-10-10,419.958984
2023-10-11,421.738953
2023-10-12,419.208466
2023-10-13,417.005127
2023-10-16,421.344421
2023-10-17,421.469513
2023-10-18,415.946777
2023-10-19,412.175171
2023-10-20,407.104584
2023-10-23,406.392670
2023-10-24,409.452301
2023-10-25,403.631287
2023-10-26,398.762817
2023-10-27,396.934692
2023-10-30,401.649261
2023-10-31,404.045013
2023-11-01,408.461243
2023-11-02,416.331604
2023-11-03,420.064789
2023-11-06,421.075043
2023-11-07,422.191193
2023-11-08,422.537506
2023-11-09,419.352814
2023-11-10,425.914673
2023-11-13,425.423981
2023-11-14,433.765717
2023-11-15,434.641357
2023-11-16,435.180115
2023-11-17,435.641937
2023-11-20,439.144226
2023-11-21,438.133972
2023-11-22,439.798492
2023-11-24,440.125549
2023-11-27,439.307770
2023-11-28,439.683014
2023-11-29,439.480988
2023-11-30,441.068512
2023-12-01,443.675964
2023-12-04,441.482239
2023-12-05,441.386047
2023-12-06,439.557953
2023-12-07,442.935059
2023-12-08,444.849792
2023-12-11,446.581635
2023-12-12,448.794586
2023-12-13,454.942657
2023-12-14,456.366638
2023-12-15,455.596893
2023-12-18,458.127411
2023-12-19,460.773315
2023-12-20,454.170532
2023-12-21,458.778473
2023-12-22,459.657562
2023-12-26,461.637939
2023-12-27,462.516998
2023-12-28,462.729553
2023-12-29,461.406097
2024-01-02,458.759186
2024-01-03,455.010925
2024-01-04,453.610199
2024-01-05,454.151184
2024-01-08,460.401367
2024-01-09,459.966675
2024-01-10,462.545959
2024-01-11,462.294830
2024-01-12,462.690918
2024-01-16,461.087250
2024-01-17,458.498291
2024-01-18,462.430084
2024-01-19,468.216614
2024-01-22,469.230927
2024-01-23,470.689636
2024-01-24,471.047058
2024-01-25,473.674652
2024-01-26,473.182037
2024-01-29,476.901245
2024-01-30,476.543823
2024-01-31,468.718994
2024-02-01,474.940186
2024-02-02,479.838013
2024-02-05,478.234344
2024-02-06,479.528839
2024-02-07,483.421997
2024-02-08,483.740784
2024-02-09,486.542236
2024-02-12,486.281433
2024-02-13,479.751007
2024-02-14,484.030579
2024-02-15,487.218384
2024-02-16,484.899963
2024-02-20,482.204742
2024-02-21,482.639465
2024-02-22,492.724792
2024-02-23,493.005035
2024-02-26,491.150208
2024-02-27,492.019714
2024-02-28,491.401337
2024-02-29,493.111237
2024-03-01,497.883514
2024-03-04,497.294189
2024-03-05,492.270813
2024-03-06,494.937134
2024-03-07,499.854126
2024-03-08,496.820740
2024-03-11,496.579224
2024-03-12,501.757263
2024-03-13,500.955444
2024-03-14,499.863892
2024-03-15,495.796814
2024-03-18,499.293823
2024-03-19,502.182343
2024-03-20,506.848267
2024-03-21,508.413422
2024-03-22,507.735016
2024-03-25,506.145630
2024-03-26,505.079559
2024-03-27,509.479309
2024-03-28,509.489014
2024-04-01,508.665253
2024-04-02,505.341370
2024-04-03,505.903320
2024-04-04,499.681702
2024-04-05,504.895447
2024-04-08,505.031219
2024-04-09,505.661072
2024-04-10,500.757355
2024-04-11,504.507904
2024-04-12,497.452728
2024-04-15,491.289185
2024-04-16,490.349182
2024-04-17,487.499969
2024-04-18,486.375763
2024-04-19,482.160156
2024-04-22,486.608459
2024-04-23,492.471588
2024-04-24,492.277710
2024-04-25,490.194153
2024-04-26,494.991180
2024-04-29,496.755005
2024-04-30,488.856812
2024-05-01,487.325500
2024-05-02,491.783478
2024-05-03,497.966431
2024-05-06,503.151154
2024-05-07,503.800354
2024-05-08,503.751984
2024-05-09,506.513916
2024-05-10,507.221405
2024-05-13,507.395844
2024-05-14,509.711945
2024-05-15,516.030579
2024-05-16,514.819153
2024-05-17,515.691345
2024-05-20,516.292175
2024-05-21,517.552002
2024-05-22,516.079041
2024-05-23,512.309143
2024-05-24,515.710754
2024-05-28,516.107971
2024-05-29,512.415710
2024-05-30,509.091675
2024-05-31,513.588379
2024-06-03,513.908264
2024-06-04,514.664062
2024-06-05,520.827576
2024-06-06,520.808228
2024-06-07,520.149231
2024-06-10,521.699829
2024-06-11,522.993530
2024-06-12,527.348267
2024-06-13,528.456299
2024-06-14,528.640991
2024-06-17,532.966553
2024-06-18,534.259277
2024-06-20,532.606812
2024-06-21,531.702820
2024-06-24,530.341919
2024-06-25,532.354065
2024-06-26,533.170715
2024-06-27,533.948242
2024-06-28,531.916687
2024-07-01,533.063660
2024-07-02,536.465698
2024-07-03,538.817993
2024-07-05,542.152100
2024-07-08,542.783752
2024-07-09,543.289307
2024-07-10,548.460327
2024-07-11,543.804504
2024-07-12,547.284180
2024-07-15,548.810303
2024-07-16,552.066589
2024-07-17,544.358582
2024-07-18,540.052429
2024-07-19,536.533813
2024-07-22,542.103333
2024-07-23,541.199463
2024-07-24,528.981201
2024-07-25,526.191528
2024-07-26,532.072205
2024-07-29,532.441650
2024-07-30,529.574158
2024-07-31,537.836243
2024-08-01,530.769775
2024-08-02,520.777344
2024-08-05,505.623627
2024-08-06,510.425354
2024-08-07,506.896942
2024-08-08,518.638855
2024-08-09,520.855103
2024-08-12,521.107788
2024-08-13,529.778320
2024-08-14,531.508362
2024-08-15,540.606506
2024-08-16,541.831299
2024-08-19,546.866272
2024-08-20,546.049805
2024-08-21,548.178589
2024-08-22,543.542053
2024-08-23,549.413025
2024-08-26,547.857727
2024-08-27,548.858826
2024-08-28,545.651245
2024-08-29,545.738708
2024-08-30,550.890503
2024-09-03,539.721924
2024-09-04,538.594421
2024-09-05,537.097473
2024-09-06,528.164673
2024-09-09,534.093994
2024-09-10,536.067200
2024-09-11,541.850708
2024-09-12,546.438660
2024-09-13,549.238037
2024-09-16,550.151611
2024-09-17,550.355896
2024-09-18,548.713135
2024-09-19,558.122314
2024-09-20,556.955750
2024-09-23,558.501343
2024-09-24,560.124634
2024-09-25,558.802368
2024-09-26,561.193054
2024-09-27,560.178345
2024-09-30,562.861755
2024-10-01,557.543579
2024-10-02,557.768066
2024-10-03,556.704468
2024-10-04,561.759094
2024-10-07,556.723999
2024-10-08,562.003052
2024-10-09,565.818420
2024-10-10,564.822998
2024-10-11,568.257874
2024-10-14,572.941711
2024-10-15,568.394531
2024-10-16,570.921753
2024-10-17,571.087769
2024-10-18,573.244263
2024-10-21,572.395325
2024-10-22,571.946472
2024-10-23,566.735596
2024-10-24,567.945740
2024-10-25,567.818787
2024-10-28,569.526489
2024-10-29,570.404602
2024-10-30,568.570190
2024-10-31,557.416748
2024-11-01,559.836792
2024-11-04,558.714539
2024-11-05,565.467041
2024-11-06,579.508911
2024-11-07,584.026917
2024-11-08,586.583435
2024-11-11,587.032349
2024-11-12,585.236816
2024-11-13,585.675964
2024-11-14,581.802002
2024-11-15,574.415161
2024-11-18,576.806030
2024-11-19,578.816040
2024-11-20,579.079590
2024-11-21,582.045959
2024-11-22,583.968384
2024-11-25,585.695374
2024-11-26,589.149841
2024-11-27,587.256836
2024-11-29,590.428162
2024-12-02,592.028442
2024-12-03,592.272400
2024-12-04,595.921936
2024-12-05,594.975281
2024-12-06,596.048706
2024-12-09,592.974976
2024-12-10,591.257446
2024-12-11,595.814575
2024-12-12,592.652954
2024-12-13,592.545593
2024-12-16,595.072876
2024-12-17,592.481934
2024-12-18,575.061462
2024-12-19,574.640320
2024-12-20,581.005371
2024-12-23,585.225830
2024-12-24,591.806213
2024-12-26,591.522339
2024-12-27,585.118103
2024-12-30,578.704041
2024-12-31,576.451904
2025-01-02,575.247498
2025-01-03,582.258667
2025-01-06,585.872070
2025-01-07,579.281982
2025-01-08,579.888977
2025-01-10,571.213135
2025-01-13,572.045349
2025-01-14,572.838562
2025-01-15,583.257507
2025-01-16,582.268555
2025-01-17,587.791382
2025-01-21,593.118408
2025-01-22,596.643616
2025-01-23,599.972961
2025-01-24,598.200562
2025-01-27,589.857483
2025-01-28,594.871216
2025-01-29,592.344788
2025-01-30,595.311829
2025-01-31,592.099976
2025-02-03,588.202637
2025-02-04,592.129456
2025-02-05,594.557861
2025-02-06,596.741577
2025-02-07,591.257874
2025-02-10,595.125793
2025-02-11,595.595825
2025-02-12,593.617920
2025-02-13,599.943542
2025-02-14,599.953430
2025-02-18,601.715942
2025-02-19,603.057556
2025-02-20,600.717163
2025-02-21,590.347168
2025-02-24,587.536743
2025-02-25,584.677429
2025-02-26,584.873291
2025-02-27,575.570740
2025-02-28,584.638245
2025-03-03,574.601135
2025-03-04,567.668274
2025-03-05,573.886414
2025-03-06,563.584900
2025-03-07,566.493225
2025-03-10,551.736206
2025-03-11,547.036011
2025-03-12,549.816895
2025-03-13,542.551086
2025-03-14,553.812134
2025-03-17,557.777954
2025-03-18,551.967834
2025-03-19,557.940063
2025-03-20,556.692566
2025-03-21,556.535522
2025-03-24,566.495667
2025-03-25,567.713806
2025-03-26,561.289734
2025-03-27,559.521606
2025-03-28,548.225403
2025-03-31,551.938599
2025-04-01,553.785217
2025-04-02,557.144531
2025-04-03,530.495483
2025-04-04,498.610901
2025-04-07,497.402740
2025-04-08,489.957123
2025-04-09,536.565857
2025-04-10,517.716125
2025-04-11,527.460205
2025-04-14,531.919739
2025-04-15,530.613281
2025-04-16,518.776978
2025-04-17,519.297546
2025-04-21,507.225403
2025-04-22,519.994995
2025-04-23,528.314758
2025-04-24,539.483154
2025-04-25,543.382874
2025-04-28,543.618591
2025-04-29,547.076233
2025-04-30,548.068298
2025-05-01,551.162476
2025-05-02,559.246582
2025-05-05,556.132690
2025-05-06,551.584717
2025-05-07,553.775269
2025-05-08,557.272095
2025-05-09,556.840027
2025-05-12,575.326416
2025-05-13,579.481384
2025-05-14,579.815369
2025-05-15,582.664001
2025-05-16,586.455444
2025-05-19,587.192139
2025-05-20,585.011536
2025-05-21,575.286987
2025-05-22,575.375427
2025-05-23,571.682068
2025-05-27,583.410400
2025-05-28,579.972473
2025-05-29,582.270996
2025-05-30,581.652222
2025-06-02,585.031189
2025-06-03,588.311951
2025-06-04,588.154785
2025-06-05,585.414246
2025-06-06,591.327637
2025-06-09,591.887512
2025-06-10,595.286133
2025-06-11,593.596558
2025-06-12,595.757629
2025-06-13,589.156738
2025-06-16,594.908081
2025-06-17,589.981506
2025-06-18,589.843567
2025-06-20,587.912170
2025-06-23,594.090332
2025-06-24,600.573853
2025-06-25,601.017273
2025-06-26,605.746887
2025-06-27,608.407349
2025-06-30,611.796814
2025-07-01,611.570129
2025-07-02,614.279907
2025-07-03,618.960205
2025-07-07,614.683960
2025-07-08,614.191223
2025-07-09,617.836975
2025-07-10,619.630249
2025-07-11,617.255615
2025-07-14,618.536499
2025-07-15,615.826843
2025-07-16,618.053711
2025-07-17,621.679810
2025-07-18,621.423523
2025-07-21,622.468018
2025-07-22,622.477844
2025-07-23,627.986023
2025-07-24,628.232239
2025-07-25,630.675903
2025-07-28,630.537903
2025-07-29,629.040283
2025-07-30,628.163269
2025-07-31,625.591614
2025-08-01,615.491943
2025-08-04,624.872253
2025-08-05,621.867004
2025-08-06,626.468506
2025-08-07,626.123657
2025-08-08,630.863098
2025-08-11,629.611816
2025-08-12,636.272644
2025-08-13,638.607849
2025-08-14,638.627625
2025-08-15,637.189026
2025-08-18,636.893372
2025-08-19,633.523560
2025-08-20,631.828735
2025-08-21,629.335876
2025-08-22,638.992249
2025-08-25,636.174133
2025-08-26,638.755676
2025-08-27,640.273132
2025-08-28,642.578857
2025-08-29,638.814819
2025-09-02,633.986755
2025-09-03,637.395935
2025-09-04,642.647766
2025-09-05,640.933289
2025-09-08,642.559204
2025-09-09,644.037109
2025-09-10,645.879639
2025-09-11,651.259644
2025-09-12,651.033020
2025-09-15,654.432373
2025-09-16,653.567627
2025-09-17,652.846252
2025-09-18,655.939636
2025-09-19,659.072571
2025-09-22,662.245056
2025-09-23,658.706848
2025-09-24,656.493103
2025-09-25,653.488647
2025-09-26,657.115723
2025-09-29,658.963806
2025-09-30,661.474121
2025-10-01,663.984436
2025-10-02,664.636780
2025-10-03,664.557617
2025-10-06,666.998840
2025-10-07,664.557617
2025-10-08,668.510864
2025-10-09,666.633179
2025-10-10,648.527344
2025-10-13,658.440063
2025-10-14,657.698792
2025-10-15,660.466125
2025-10-16,656.216309
2025-10-17,659.882996
2025-10-20,666.702332
2025-10-21,666.544128
2025-10-22,663.312378
2025-10-23,667.077820
2025-10-24,672.562988
2025-10-27,680.548462
2025-10-28,682.268188
2025-10-29,682.633850
2025-10-30,675.241272
2025-10-31,677.217957
2025-11-03,678.660767
2025-11-04,670.872986
2025-11-05,672.948364
2025-11-06,665.644897
2025-11-07,666.455200
2025-11-10,676.812683
2025-11-11,678.136963
2025-11-12,678.611450
2025-11-13,667.552185
2025-11-14,667.413879
2025-11-17,661.167786
2025-11-18,655.692566
2025-11-19,658.163330
2025-11-20,648.102356
2025-11-21,654.536255
2025-11-24,664.201904
2025-11-25,670.447998
2025-11-26,675.073242
2025-11-28,678.848511
2025-12-01,675.666199
2025-12-02,676.822571
2025-12-03,679.224243
2025-12-04,679.807251
2025-12-05,681.052551
2025-12-08,679.026489
2025-12-09,678.482971
2025-12-10,682.841370
2025-12-11,684.491821
2025-12-12,677.158508
2025-12-15,676.150513
2025-12-16,674.270081
2025-12-17,666.900879
2025-12-18,671.949219
2025-12-19,677.890137
2025-12-22,682.194641
2025-12-23,685.308838
2025-12-24,687.709106
2025-12-26,687.590027
2025-12-29,685.249329
2025-12-30,684.267456
2025-12-31,679.328308
2026-01-02,680.568054
2026-01-05,685.130310
2026-01-06,689.196777
2026-01-07,686.955261
2026-01-08,686.875916
2026-01-09,691.368835
2026-01-12,692.509338
2026-01-13,691.160522
2026-01-14,687.808167
2026-01-15,689.623230
2026-01-16,688.968628
2026-01-20,675.023804
2026-01-21,682.680603
2026-01-22,686.290771
2026-01-23,686.568481
2026-01-26,690.188538
2026-01-27,692.925964
2026-01-28,692.975525
2026-01-29,691.378723
2026-01-30,689.335693
2026-02-02,692.816833
2026-02-03,686.895752
2026-02-04,683.642639
2026-02-05,674.944519
2026-02-06,688.095886
2026-02-09,691.378723
2026-02-10,689.454590
2026-02-11,689.355469
2026-02-12,678.723267
2026-02-13,679.149719
2026-02-17,680.220886
2026-02-18,683.702087
2026-02-19,682.045776
2026-02-20,686.826355
2026-02-23,679.873718
2026-02-24,684.852661
2026-02-25,690.545593
2026-02-26,686.737061
2026-02-27,683.731934
2026-03-02,683.801392
2026-03-03,677.771057
2026-03-04,682.640930
2026-03-05,678.852234
2026-03-06,669.866455
2026-03-09,675.767639
2026-03-10,674.547729
2026-03-11,673.823730
2026-03-12,663.469299
2026-03-13,659.750061
2026-03-16,666.405029
2026-03-17,668.258667
2026-03-18,659.169373
2026-03-19,657.260071
2026-03-20,647.683533
2026-03-23,654.684448
2026-03-24,652.586182
2026-03-25,656.076721
2026-03-26,644.411804
2026-03-27,633.453003
2026-03-30,631.404419
2026-03-31,649.582947
2026-04-01,654.406006
2026-04-02,655.301025
2026-04-06,658.184875
2026-04-07,658.702026
2026-04-08,675.219788
2026-04-09,679.217468
2026-04-10,678.829590
2026-04-13,685.711182
2026-04-14,693.815979
2026-04-15,699.285461
2026-04-16,700.826843
2026-04-17,709.398926
2026-04-20,708.136047
2026-04-21,703.302917
2026-04-22,710.592285
2026-04-23,707.787903
2026-04-24,713.297180
2026-04-27,714.510437
2026-04-28,710.990051
2026-04-29,710.920471
2026-04-30,718.060608
2026-05-01,719.989807
2026-05-04,717.384399
2026-05-05,722.943298
2026-05-06,733.315369
2026-05-07,730.879028
2026-05-08,736.855652
2026-05-11,738.625732
2026-05-12,737.492065
2026-05-13,741.599121
2026-05-14,747.386841
2026-05-15,738.327454
2026-05-18,737.790344
2026-05-19,733.096619
2026-05-20,740.654419
2026-05-21,742.036682
2026-05-22,744.980286
2026-05-26,749.843140
2026-05-27,749.982300
2026-05-28,753.960144
2026-05-29,755.829651
2026-06-01,757.788757
2026-06-02,758.822937
2026-06-03,753.045227
2026-06-04,756.605347
2026-06-05,736.795898
2026-06-08,738.536194
2026-06-09,736.636841
2026-06-10,724.872498
2026-06-11,736.935181
2026-06-12,741.002502
2026-06-15,754.170410
2026-06-16,749.842957
2026-06-17,740.470032
2026-06-18,747.948364
2026-06-22,745.625122
2026-06-23,735.015808
2026-06-24,734.537109
2026-06-25,734.377625
2026-06-26,728.065857
2026-06-29,742.045471
2026-06-30,746.731934
2026-07-01,746.941284
2026-07-02,746.273254
2026-07-06,752.585022
2026-07-07,748.915649
2026-07-08,746.901428
2026-07-09,752.874146
2026-07-10,755.925354
2026-07-13,750.411316
2026-07-14,752.943970
2026-07-15,756.204529
2026-07-16,752.245972
2026-07-17,744.568115
2026-07-20,743.212097
2026-07-21,749.783142
2026-07-22,748.766052
2026-07-23,739.482849
2026-07-24,740.220703
2026-07-27,740.410156
2026-07-28,742.075317
2026-07-29,731.007385
2026-07-30,743.052551
2026-07-31,748.157776
2026-08-03,759.126099
2026-08-04,772.557251
2026-08-05,771.131409
2026-08-06,769.904968
2026-08-07,774.491699
2026-08-10,774.501648
2026-08-11,771.998901
2026-08-12,773.953247
2026-08-13,779.218018
2026-08-14,777.792114
2026-08-17,774.052917
2026-08-18,768.758240
2026-08-19,770.513184
2026-08-20,764.131653
2026-08-21,767.093079
2026-08-24,764.919373
2026-08-25,767.402161
2026-08-26,767.432129
2026-08-27,772.517395
2026-08-28,770.772461
2026-08-31,768.518921
2026-09-01,763.144470
2026-09-02,766.594543
2026-09-03,774.890564
2026-09-04,771.689758
2026-09-08,766.983398
2026-09-09,763.892273
2026-09-10,759.335510
2026-09-11,765.707092
2026-09-14,762.276978
2026-09-15,758.880005
2026-09-16,755.630005
2026-09-17,764.080017
2026-09-18,764.919983
2026-09-21,776.859985
2026-09-22,776.809998
2026-09-23,771.210022
2026-09-24,770.619995
2026-09-25,774.260010
