date,adj_close
2000-05-26,32.505745
2000-05-30,33.705536
2000-05-31,33.827744
2000-06-01,34.594284
2000-06-02,36.393986
2000-06-05,36.260674
2000-06-06,36.616161
2000-06-07,36.660595
2000-06-08,36.571739
2000-06-09,37.216068
2000-06-12,36.110703
2000-06-13,36.571739
2000-06-14,36.393986
2000-06-15,36.438427
2000-06-16,36.238453
2000-06-19,37.149429
2000-06-20,37.393826
2000-06-21,37.593014
2000-06-22,36.459232
2000-06-23,36.214668
2000-06-26,36.659298
2000-06-27,36.081295
2000-06-28,36.992767
2000-06-29,36.414753
2000-06-30,36.764893
2000-07-03,37.281776
2000-07-05,36.859375
2000-07-06,37.292896
2000-07-07,37.526321
2000-07-10,37.770863
2000-07-11,37.726398
2000-07-12,38.482258
2000-07-13,38.604523
2000-07-14,38.637886
2000-07-17,38.771275
2000-07-18,38.104332
2000-07-19,37.437397
2000-07-20,38.059868
2000-07-21,37.014992
2000-07-24,36.475903
2000-07-25,36.548141
2000-07-26,36.481464
2000-07-27,35.481049
2000-07-28,34.858582
2000-07-31,35.747814
2000-08-01,35.514378
2000-08-02,35.569988
2000-08-03,35.547733
2000-08-04,35.725594
2000-08-07,36.386974
2000-08-08,36.214668
2000-08-09,35.953461
2000-08-10,35.747814
2000-08-11,36.370277
2000-08-14,36.748241
2000-08-15,36.214668
2000-08-16,36.392540
2000-08-17,36.725990
2000-08-18,36.670418
2000-08-21,36.803806
2000-08-22,36.748241
2000-08-23,36.692650
2000-08-24,37.237301
2000-08-25,37.392941
2000-08-28,37.459614
2000-08-29,37.815319
2000-08-30,37.859787
2000-08-31,38.237705
2000-09-01,38.548958
2000-09-05,38.282181
2000-09-06,38.115448
2000-09-07,38.682346
2000-09-08,38.015400
2000-09-11,38.059868
2000-09-12,37.937595
2000-09-13,38.126560
2000-09-14,38.348854
2000-09-15,37.637478
2000-09-18,36.748241
2000-09-19,37.348469
2000-09-20,37.051693
2000-09-21,36.360172
2000-09-22,36.828655
2000-09-25,36.873264
2000-09-26,36.349030
2000-09-27,36.181736
2000-09-28,37.163231
2000-09-29,36.984764
2000-10-02,36.382492
2000-10-03,35.852707
2000-10-04,36.103664
2000-10-05,35.735584
2000-10-06,34.865627
2000-10-09,34.787544
2000-10-10,33.951042
2000-10-11,33.839504
2000-10-12,32.813396
2000-10-13,34.084873
2000-10-16,34.352543
2000-10-17,33.488178
2000-10-18,33.214916
2000-10-19,34.241035
2000-10-20,34.676029
2000-10-23,35.021782
2000-10-24,34.508709
2000-10-25,33.739136
2000-10-26,34.263363
2000-10-27,34.285652
2000-10-30,34.441780
2000-10-31,35.334061
2000-11-01,35.356361
2000-11-02,36.204060
2000-11-03,36.159416
2000-11-06,35.880577
2000-11-07,36.181736
2000-11-08,35.534847
2000-11-09,35.155617
2000-11-10,34.263363
2000-11-13,33.917587
2000-11-14,34.731800
2000-11-15,35.177929
2000-11-16,34.157364
2000-11-17,34.374870
2000-11-20,33.482613
2000-11-21,33.287418
2000-11-22,32.590317
2000-11-24,33.504913
2000-11-27,33.599731
2000-11-28,32.590317
2000-11-29,32.501122
2000-11-30,31.809580
2000-12-01,32.523399
2000-12-04,32.166496
2000-12-05,33.727978
2000-12-06,32.947243
2000-12-07,32.858017
2000-12-08,33.304150
2000-12-11,34.821014
2000-12-12,34.062576
2000-12-13,33.428288
2000-12-14,32.896065
2000-12-15,32.716812
2000-12-18,33.209785
2000-12-19,32.627163
2000-12-20,31.596367
2000-12-21,31.842863
2000-12-22,33.164978
2000-12-26,33.355442
2000-12-27,34.240597
2000-12-28,35.338612
2000-12-29,34.330238
2001-01-02,33.131348
2001-01-03,34.503872
2001-01-04,34.061333
2001-01-05,33.008118
2001-01-08,33.120140
2001-01-09,33.069748
2001-01-10,34.128555
2001-01-11,34.593544
2001-01-12,34.688766
2001-01-16,35.383419
2001-01-17,35.361038
2001-01-18,35.495483
2001-01-19,34.868050
2001-01-22,35.114536
2001-01-23,35.988491
2001-01-24,35.854023
2001-01-25,35.719555
2001-01-26,35.719555
2001-01-29,36.445629
2001-01-30,36.682266
2001-01-31,36.176701
2001-02-01,36.442047
2001-02-02,35.628155
2001-02-05,35.699833
2001-02-06,36.266357
2001-02-07,36.355991
2001-02-08,35.810997
2001-02-09,35.352070
2001-02-12,36.140854
2001-02-13,35.800247
2001-02-14,36.176701
2001-02-15,36.355991
2001-02-16,35.570789
2001-02-20,35.158440
2001-02-21,34.545349
2001-02-22,34.061333
2001-02-23,34.133022
2001-02-26,34.885979
2001-02-27,34.258518
2001-02-28,33.756569
2001-03-01,33.989613
2001-03-02,34.079254
2001-03-05,33.953777
2001-03-06,34.455715
2001-03-07,34.634991
2001-03-08,34.348152
2001-03-09,33.738823
2001-03-12,32.783192
2001-03-13,33.124493
2001-03-14,32.334106
2001-03-15,32.208359
2001-03-16,31.615568
2001-03-19,32.441891
2001-03-20,31.687426
2001-03-21,31.202408
2001-03-22,30.897039
2001-03-23,31.705383
2001-03-26,32.136490
2001-03-27,32.395180
2001-03-28,31.525759
2001-03-29,31.579639
2001-03-30,32.190384
2001-04-02,31.435936
2001-04-03,30.368902
2001-04-04,30.465914
2001-04-05,31.938911
2001-04-06,31.040716
2001-04-09,31.723337
2001-04-10,32.477795
2001-04-11,32.262245
2001-04-12,32.657448
2001-04-16,32.068241
2001-04-17,32.585575
2001-04-18,33.537643
2001-04-19,33.911304
2001-04-20,33.516090
2001-04-23,32.908951
2001-04-24,33.160427
2001-04-25,33.878952
2001-04-26,34.363968
2001-04-27,34.813049
2001-04-30,34.848976
2001-05-01,35.280079
2001-05-02,35.190296
2001-05-03,34.755569
2001-05-04,35.244160
2001-05-07,35.028606
2001-05-08,35.208256
2001-05-09,34.992691
2001-05-10,35.028606
2001-05-11,34.820232
2001-05-14,34.813049
2001-05-15,35.154358
2001-05-16,35.829781
2001-05-17,36.199814
2001-05-18,36.339951
2001-05-21,36.968674
2001-05-22,37.148296
2001-05-23,36.286037
2001-05-24,36.663273
2001-05-25,36.393829
2001-05-29,35.926781
2001-05-30,35.459721
2001-05-31,35.603458
2001-06-01,36.023788
2001-06-04,36.494431
2001-06-05,37.004574
2001-06-06,36.771053
2001-06-07,36.925533
2001-06-08,36.710823
2001-06-11,36.224483
2001-06-12,36.314518
2001-06-13,36.264111
2001-06-14,35.359829
2001-06-15,35.576008
2001-06-18,35.305809
2001-06-19,35.197712
2001-06-20,35.612030
2001-06-21,35.662460
2001-06-22,35.017597
2001-06-25,34.772621
2001-06-26,35.305809
2001-06-27,35.648052
2001-06-28,36.098381
2001-06-29,36.710823
2001-07-02,35.882221
2001-07-03,35.666069
2001-07-05,35.197712
2001-07-06,34.549259
2001-07-09,34.873497
2001-07-10,34.225010
2001-07-11,34.225010
2001-07-12,35.064419
2001-07-13,35.233742
2001-07-16,34.639309
2001-07-17,35.323818
2001-07-18,34.657333
2001-07-19,34.945538
2001-07-20,34.945538
2001-07-23,34.693352
2001-07-24,34.116943
2001-07-25,34.315086
2001-07-26,34.819450
2001-07-27,34.765408
2001-07-30,34.711365
2001-07-31,34.668140
2001-08-01,35.197712
2001-08-02,35.089638
2001-08-03,34.999584
2001-08-06,34.513233
2001-08-07,34.549259
2001-08-08,33.774681
2001-08-09,34.116943
2001-08-10,34.080902
2001-08-13,34.369114
2001-08-14,34.477200
2001-08-15,34.433968
2001-08-16,34.657333
2001-08-17,34.116943
2001-08-20,34.495224
2001-08-21,33.900776
2001-08-22,34.351112
2001-08-23,33.900776
2001-08-24,34.621304
2001-08-27,34.495224
2001-08-28,34.116943
2001-08-29,33.972824
2001-08-30,33.544102
2001-08-31,33.825127
2001-09-04,33.504486
2001-09-05,33.270298
2001-09-06,32.495724
2001-09-07,31.894117
2001-09-10,31.649132
2001-09-17,30.081972
2001-09-18,29.595621
2001-09-19,28.878706
2001-09-20,27.779909
2001-09-21,27.257517
2001-09-24,28.100531
2001-09-25,28.442785
2001-09-26,28.021278
2001-09-27,28.471598
2001-09-28,28.893108
2001-10-01,28.746319
2001-10-02,29.060890
2001-10-03,29.722610
2001-10-04,30.019108
2001-10-05,29.867228
2001-10-08,29.596048
2001-10-09,29.350174
2001-10-10,30.373466
2001-10-11,30.861605
2001-10-12,30.763979
2001-10-15,30.879686
2001-10-16,31.295525
2001-10-17,30.409628
2001-10-18,30.214361
2001-10-19,30.590424
2001-10-22,30.865236
2001-10-23,30.662743
2001-10-24,30.861605
2001-10-25,31.548628
2001-10-26,31.548628
2001-10-29,30.915838
2001-10-30,30.264992
2001-10-31,30.771214
2001-11-01,31.313587
2001-11-02,31.096640
2001-11-05,31.548628
2001-11-06,32.000614
2001-11-07,31.783667
2001-11-08,31.711336
2001-11-09,31.602875
2001-11-12,31.729429
2001-11-13,32.307957
2001-11-14,32.629780
2001-11-15,32.506844
2001-11-16,32.539379
2001-11-19,32.904572
2001-11-20,32.716545
2001-11-21,32.604458
2001-11-23,33.078156
2001-11-26,33.248085
2001-11-27,33.139618
2001-11-28,32.561089
2001-11-29,33.519276
2001-11-30,33.121525
2001-12-03,32.904572
2001-12-04,33.663929
2001-12-05,34.405186
2001-12-06,34.893311
2001-12-07,34.629349
2001-12-10,34.029118
2001-12-11,34.224384
2001-12-12,34.278637
2001-12-13,33.667538
2001-12-14,34.051922
2001-12-17,34.704685
2001-12-18,35.012936
2001-12-19,34.740959
2001-12-20,34.196987
2001-12-21,34.886005
2001-12-24,35.049179
2001-12-26,35.357433
2001-12-27,35.502495
2001-12-28,35.538761
2001-12-31,34.940418
2002-01-02,35.263168
2002-01-03,35.752712
2002-01-04,36.064594
2002-01-07,35.484364
2002-01-08,35.901402
2002-01-09,35.538761
2002-01-10,35.756355
2002-01-11,35.321178
2002-01-14,34.795357
2002-01-15,35.031078
2002-01-16,34.320293
2002-01-17,34.487125
2002-01-18,34.051922
2002-01-22,33.834351
2002-01-23,34.305782
2002-01-24,34.577766
2002-01-25,34.552376
2002-01-28,34.777210
2002-01-29,34.164368
2002-01-30,34.592266
2002-01-31,34.886005
2002-02-01,34.686562
2002-02-04,33.870625
2002-02-05,33.740070
2002-02-06,33.362942
2002-02-07,32.927746
2002-02-08,33.798073
2002-02-11,33.946770
2002-02-12,34.019299
2002-02-13,34.342052
2002-02-14,33.906879
2002-02-15,33.856110
2002-02-19,33.199741
2002-02-20,33.761837
2002-02-21,33.040173
2002-02-22,33.634907
2002-02-25,33.845226
2002-02-26,34.004795
2002-02-27,34.160740
2002-02-28,33.798073
2002-03-01,34.632172
2002-03-04,35.176109
2002-03-05,35.255909
2002-03-06,35.683830
2002-03-07,35.720085
2002-03-08,36.081314
2002-03-11,36.088589
2002-03-12,36.030491
2002-03-13,35.725529
2002-03-14,35.888908
2002-03-15,36.034130
2002-03-18,36.237457
2002-03-19,36.469822
2002-03-20,35.896183
2002-03-21,36.498852
2002-03-22,36.233829
2002-03-25,35.794510
2002-03-26,36.197529
2002-03-27,36.535179
2002-03-28,36.342724
2002-04-01,36.379044
2002-04-02,36.146683
2002-04-03,35.888908
2002-04-04,36.030491
2002-04-05,35.979687
2002-04-08,36.429882
2002-04-09,36.295547
2002-04-10,36.996246
2002-04-11,36.404461
2002-04-12,37.214088
2002-04-15,36.941799
2002-04-16,37.867622
2002-04-17,37.548103
2002-04-18,37.388371
2002-04-19,37.359318
2002-04-22,36.865551
2002-04-23,36.996246
2002-04-24,36.684010
2002-04-25,36.782040
2002-04-26,36.077713
2002-04-29,36.186619
2002-04-30,36.778419
2002-05-01,37.032574
2002-05-02,37.159634
2002-05-03,36.996246
2002-05-06,36.288284
2002-05-07,36.026875
2002-05-08,36.887333
2002-05-09,36.215656
2002-05-10,35.627502
2002-05-13,36.088589
2002-05-14,37.177773
2002-05-15,37.141487
2002-05-16,36.702156
2002-05-17,36.814720
2002-05-20,36.349998
2002-05-21,35.798138
2002-05-22,35.580315
2002-05-23,36.288284
2002-05-24,35.714642
2002-05-28,35.623871
2002-05-29,35.170044
2002-05-30,35.297112
2002-05-31,35.035694
2002-06-03,34.218803
2002-06-04,34.226070
2002-06-05,34.345882
2002-06-06,33.677841
2002-06-07,33.982819
2002-06-10,33.946503
2002-06-11,33.401932
2002-06-12,33.510853
2002-06-13,33.038841
2002-06-14,33.308605
2002-06-17,34.083969
2002-06-18,34.178646
2002-06-19,33.490631
2002-06-20,33.417816
2002-06-21,33.345016
2002-06-24,33.239418
2002-06-25,32.769836
2002-06-26,32.751637
2002-06-27,33.381420
2002-06-28,32.999176
2002-07-01,32.325726
2002-07-02,31.353758
2002-07-03,30.978823
2002-07-05,32.005371
2002-07-08,31.342854
2002-07-09,31.222721
2002-07-10,30.363596
2002-07-11,30.127001
2002-07-12,29.868528
2002-07-15,29.682873
2002-07-16,29.486296
2002-07-17,29.759319
2002-07-18,28.721832
2002-07-19,28.121204
2002-07-22,27.560579
2002-07-23,26.119030
2002-07-24,27.666157
2002-07-25,27.447741
2002-07-26,27.884565
2002-07-29,28.958452
2002-07-30,29.045835
2002-07-31,28.594414
2002-08-01,28.175795
2002-08-02,27.291208
2002-08-05,26.563150
2002-08-06,27.720774
2002-08-07,27.826330
2002-08-08,28.274096
2002-08-09,28.033846
2002-08-12,28.102995
2002-08-13,27.302128
2002-08-14,28.277712
2002-08-15,28.306850
2002-08-16,28.740038
2002-08-19,29.140476
2002-08-20,28.994858
2002-08-21,29.588219
2002-08-22,29.777529
2002-08-23,28.994858
2002-08-26,29.522701
2002-08-27,28.958452
2002-08-28,28.394228
2002-08-29,28.605356
2002-08-30,28.412416
2002-09-03,27.575153
2002-09-04,28.157591
2002-09-05,27.593338
2002-09-06,28.503420
2002-09-09,28.416056
2002-09-10,28.594414
2002-09-11,28.503420
2002-09-12,28.030195
2002-09-13,28.379356
2002-09-16,28.050640
2002-09-17,27.667141
2002-09-18,27.594090
2002-09-19,26.586010
2002-09-20,26.699245
2002-09-23,26.041805
2002-09-24,25.840910
2002-09-25,26.626198
2002-09-26,26.976809
2002-09-27,26.315735
2002-09-30,26.133114
2002-10-01,26.973167
2002-10-02,26.315735
2002-10-03,26.030851
2002-10-04,25.311325
2002-10-07,24.631964
2002-10-08,24.818237
2002-10-09,23.777302
2002-10-10,24.471266
2002-10-11,25.092178
2002-10-14,25.260189
2002-10-15,26.279209
2002-10-16,25.621782
2002-10-17,26.388796
2002-10-18,26.443577
2002-10-21,26.790552
2002-10-22,26.447229
2002-10-23,26.867256
2002-10-24,26.607924
2002-10-25,27.188673
2002-10-28,26.881861
2002-10-29,26.805170
2002-10-30,27.265373
2002-10-31,27.210569
2002-11-01,27.849749
2002-11-04,28.090801
2002-11-05,28.138287
2002-11-06,28.616751
2002-11-07,27.937420
2002-11-08,27.557568
2002-11-11,26.889175
2002-11-12,27.320158
2002-11-13,27.466249
2002-11-14,28.061594
2002-11-15,28.050640
2002-11-18,27.835146
2002-11-19,27.736519
2002-11-20,28.470676
2002-11-21,29.025843
2002-11-22,29.226734
2002-11-25,29.420284
2002-11-26,29.091581
2002-11-27,29.884153
2002-11-29,29.515257
2002-12-02,29.741713
2002-12-03,29.219408
2002-12-04,28.930880
2002-12-05,28.795729
2002-12-06,28.912624
2002-12-09,28.145611
2002-12-10,28.693462
2002-12-11,28.726349
2002-12-12,28.843233
2002-12-13,28.278013
2002-12-16,28.784504
2002-12-17,28.479877
2002-12-18,28.024796
2002-12-19,27.955057
2002-12-20,28.270679
2002-12-23,28.461523
2002-12-24,28.406475
2002-12-26,28.406475
2002-12-27,27.944046
2002-12-30,27.855965
2002-12-31,27.822929
2003-01-02,28.589977
2003-01-03,28.542263
2003-01-06,28.876244
2003-01-07,28.725775
2003-01-08,28.439505
2003-01-09,28.857889
2003-01-10,28.920298
2003-01-13,28.986345
2003-01-14,29.004688
2003-01-15,28.938631
2003-01-16,28.898277
2003-01-17,28.355078
2003-01-21,27.944046
2003-01-22,27.701817
2003-01-23,27.874308
2003-01-24,27.298113
2003-01-27,26.883387
2003-01-28,27.103590
2003-01-29,27.309120
2003-01-30,26.865042
2003-01-31,27.246717
2003-02-03,27.011839
2003-02-04,27.011839
2003-02-05,26.809988
2003-02-06,26.663187
2003-02-07,26.175058
2003-02-10,26.446644
2003-02-11,26.373260
2003-02-12,26.002575
2003-02-13,25.932842
2003-02-14,26.167732
2003-02-18,26.692539
2003-02-19,26.369577
2003-02-20,26.314529
2003-02-21,26.542065
2003-02-24,26.134693
2003-02-25,26.373260
2003-02-26,26.241117
2003-02-27,26.384256
2003-02-28,26.428307
2003-03-03,26.347565
2003-03-04,26.006226
2003-03-05,26.057627
2003-03-06,25.844755
2003-03-07,25.914652
2003-03-10,25.469551
2003-03-11,25.289307
2003-03-12,25.344484
2003-03-13,26.028679
2003-03-14,26.061781
2003-03-17,26.665056
2003-03-18,27.014500
2003-03-19,26.948284
2003-03-20,27.124859
2003-03-21,27.503731
2003-03-24,26.915180
2003-03-25,27.202105
2003-03-26,26.867369
2003-03-27,27.047600
2003-03-28,27.036560
2003-03-31,26.484798
2003-04-01,26.944601
2003-04-02,27.481657
2003-04-03,27.496372
2003-04-04,27.415447
2003-04-07,27.433846
2003-04-08,27.455910
2003-04-09,27.305103
2003-04-10,27.312468
2003-04-11,27.161634
2003-04-14,27.654551
2003-04-15,27.952505
2003-04-16,27.661896
2003-04-17,28.084940
2003-04-21,28.276201
2003-04-22,28.666121
2003-04-23,28.967760
2003-04-24,28.820621
2003-04-25,28.415993
2003-04-28,28.919928
2003-04-29,29.114889
2003-04-30,29.206854
2003-05-01,29.170078
2003-05-02,29.905760
2003-05-05,30.041862
2003-05-06,30.328783
2003-05-07,30.144852
2003-05-08,29.894712
2003-05-09,30.325085
2003-05-12,30.656162
2003-05-13,30.836412
2003-05-14,30.818031
2003-05-15,30.939409
2003-05-16,30.556837
2003-05-19,30.027155
2003-05-20,30.019796
2003-05-21,30.133825
2003-05-22,30.439127
2003-05-23,30.678234
2003-05-27,31.399200
2003-05-28,31.612549
2003-05-29,31.814850
2003-05-30,32.381336
2003-06-02,32.550556
2003-06-03,32.653564
2003-06-04,33.098648
2003-06-05,33.639385
2003-06-06,33.253139
2003-06-09,32.635162
2003-06-10,33.124382
2003-06-11,33.437057
2003-06-12,33.624668
2003-06-13,33.027790
2003-06-16,33.584152
2003-06-17,33.654140
2003-06-18,33.632042
2003-06-19,33.175163
2003-06-20,32.891445
2003-06-23,32.305618
2003-06-24,32.294567
2003-06-25,32.511951
2003-06-26,33.068314
2003-06-27,32.858276
2003-06-30,32.755123
2003-07-01,32.979897
2003-07-02,33.805206
2003-07-03,33.514111
2003-07-07,34.210506
2003-07-08,34.818428
2003-07-09,35.076355
2003-07-10,34.391029
2003-07-11,34.866333
2003-07-14,35.153732
2003-07-15,35.057930
2003-07-16,34.866333
2003-07-17,33.760998
2003-07-18,33.989437
2003-07-21,33.694664
2003-07-22,34.088905
2003-07-23,34.321030
2003-07-24,34.254707
2003-07-25,34.505264
2003-07-28,34.928978
2003-07-29,34.947399
2003-07-30,34.814774
2003-07-31,34.884750
2003-08-01,34.394726
2003-08-04,34.048386
2003-08-05,33.458858
2003-08-06,33.307789
2003-08-07,33.418335
2003-08-08,33.344646
2003-08-11,33.805206
2003-08-12,34.372612
2003-08-13,34.486839
2003-08-14,34.711578
2003-08-15,34.722633
2003-08-18,35.411625
2003-08-19,36.074856
2003-08-20,36.056442
2003-08-21,36.351181
2003-08-22,35.710064
2003-08-25,35.676945
2003-08-26,35.813244
2003-08-27,36.163265
2003-08-28,36.402790
2003-08-29,36.553822
2003-09-02,37.397598
2003-09-03,37.556015
2003-09-04,37.710770
2003-09-05,37.471283
2003-09-08,37.990799
2003-09-09,37.710770
2003-09-10,36.966496
2003-09-11,37.287045
2003-09-12,37.452141
2003-09-15,37.359806
2003-09-16,37.917469
2003-09-17,37.906387
2003-09-18,38.301548
2003-09-19,38.260944
2003-09-22,37.736507
2003-09-23,38.249863
2003-09-24,37.304417
2003-09-25,36.296181
2003-09-26,35.675728
2003-09-29,36.314644
2003-09-30,35.841908
2003-10-01,36.809513
2003-10-02,37.164085
2003-10-03,37.751289
2003-10-06,38.076279
2003-10-07,38.290485
2003-10-08,37.991333
2003-10-09,38.390186
2003-10-10,38.342171
2003-10-13,38.944160
2003-10-14,39.198990
2003-10-15,38.707813
2003-10-16,39.054955
2003-10-17,38.297878
2003-10-20,38.489895
2003-10-21,38.663479
2003-10-22,37.817745
2003-10-23,37.485371
2003-10-24,37.393044
2003-10-27,37.939621
2003-10-28,38.851822
2003-10-29,39.110359
2003-10-30,39.221157
2003-10-31,38.962646
2003-11-03,39.623707
2003-11-04,39.679100
2003-11-05,39.874840
2003-11-06,40.188755
2003-11-07,39.882217
2003-11-10,39.239605
2003-11-11,38.970001
2003-11-12,39.871132
2003-11-13,39.978237
2003-11-14,39.221157
2003-11-17,38.744713
2003-11-18,38.320026
2003-11-19,38.722591
2003-11-20,38.460365
2003-11-21,38.885078
2003-11-24,39.775139
2003-11-25,40.015179
2003-11-26,40.229374
2003-11-28,40.421429
2003-12-01,40.942146
2003-12-02,40.879368
2003-12-03,40.144432
2003-12-04,40.236752
2003-12-05,39.738178
2003-12-08,40.033642
2003-12-09,39.357800
2003-12-10,39.003265
2003-12-11,40.092735
2003-12-12,40.379940
2003-12-15,39.434929
2003-12-16,39.784042
2003-12-17,39.776615
2003-12-18,40.389408
2003-12-19,40.259430
2003-12-22,40.708817
2003-12-23,40.931660
2003-12-24,40.883381
2003-12-26,41.028214
2003-12-29,41.652164
2003-12-30,41.759857
2003-12-31,41.150780
2004-01-02,41.592739
2004-01-05,42.079262
2004-01-06,42.023571
2004-01-07,42.469246
2004-01-08,42.792358
2004-01-09,42.450653
2004-01-12,43.245453
2004-01-13,43.063484
2004-01-14,43.286308
2004-01-15,43.397739
2004-01-16,43.639145
2004-01-20,44.162804
2004-01-21,44.103386
2004-01-22,43.854549
2004-01-23,44.092251
2004-01-26,44.530495
2004-01-27,43.973423
2004-01-28,43.286308
2004-01-29,42.877777
2004-01-30,42.933483
2004-02-02,43.044891
2004-02-03,42.803493
2004-02-04,41.745014
2004-02-05,42.134979
2004-02-06,43.200882
2004-02-09,43.286308
2004-02-10,43.806282
2004-02-11,44.073677
2004-02-12,43.772842
2004-02-13,43.323463
2004-02-17,44.084808
2004-02-18,43.761723
2004-02-19,42.989185
2004-02-20,42.914921
2004-02-23,42.268696
2004-02-24,42.264984
2004-02-25,42.859203
2004-02-26,43.119186
2004-02-27,43.342018
2004-03-01,44.029099
2004-03-02,43.679993
2004-03-03,43.724548
2004-03-04,44.277943
2004-03-05,44.378216
2004-03-08,43.750572
2004-03-09,43.379173
2004-03-10,42.469246
2004-03-11,42.042126
2004-03-12,43.174915
2004-03-15,42.060699
2004-03-16,42.079262
2004-03-17,42.859203
2004-03-18,42.599228
2004-03-19,42.227833
2004-03-22,41.414471
2004-03-23,41.485023
2004-03-24,41.429337
2004-03-25,42.383812
2004-03-26,42.491352
2004-03-29,43.306202
2004-03-30,43.659676
2004-03-31,43.756428
2004-04-01,44.236389
2004-04-02,44.798233
2004-04-05,44.928459
2004-04-06,44.381504
2004-04-07,44.716377
2004-04-08,44.318253
2004-04-12,44.433594
2004-04-13,43.399227
2004-04-14,43.265270
2004-04-15,42.930408
2004-04-16,43.257824
2004-04-19,43.577835
2004-04-20,42.614140
2004-04-21,43.309902
2004-04-22,43.905254
2004-04-23,43.812241
2004-04-26,43.905254
2004-04-27,43.793629
2004-04-28,42.878304
2004-04-29,42.026245
2004-04-30,41.341606
2004-05-03,41.884865
2004-05-04,42.119267
2004-05-05,42.305313
2004-05-06,41.687649
2004-05-07,40.500717
2004-05-10,39.782616
2004-05-11,40.649551
2004-05-12,40.958389
2004-05-13,40.396553
2004-05-14,40.240280
2004-05-17,39.857018
2004-05-18,40.307240
2004-05-19,40.020752
2004-05-20,40.102612
2004-05-21,40.478405
2004-05-24,41.003036
2004-05-25,41.858822
2004-05-26,42.145302
2004-05-27,42.156471
2004-05-28,42.230900
2004-06-01,42.632744
2004-06-02,42.491352
2004-06-03,41.672771
2004-06-04,42.193699
2004-06-07,42.956455
2004-06-08,42.915520
2004-06-09,42.137863
2004-06-10,42.305313
2004-06-14,41.475574
2004-06-15,42.230900
2004-06-16,42.312752
2004-06-17,42.204849
2004-06-18,42.349976
2004-06-21,42.182522
2004-06-22,42.509956
2004-06-23,43.149933
2004-06-24,42.993652
2004-06-25,43.499161
2004-06-28,43.409615
2004-06-29,43.771496
2004-06-30,44.017693
2004-07-01,43.215633
2004-07-02,43.349907
2004-07-06,42.573959
2004-07-07,42.521709
2004-07-08,41.749493
2004-07-09,42.025562
2004-07-12,41.783054
2004-07-13,41.839031
2004-07-14,41.596523
2004-07-15,41.689800
2004-07-16,41.223473
2004-07-19,41.171242
2004-07-20,41.988262
2004-07-21,40.671349
2004-07-22,40.738487
2004-07-23,40.156521
2004-07-26,39.630497
2004-07-27,40.369164
2004-07-28,40.335575
2004-07-29,40.813084
2004-07-30,41.036930
2004-08-02,40.887703
2004-08-03,40.302002
2004-08-04,40.268425
2004-08-05,39.526035
2004-08-06,38.697838
2004-08-09,38.574726
2004-08-10,39.179085
2004-08-11,39.126842
2004-08-12,38.563526
2004-08-13,38.556061
2004-08-16,39.216381
2004-08-17,39.462620
2004-08-18,40.305740
2004-08-19,39.962505
2004-08-20,40.671349
2004-08-23,40.522110
2004-08-24,40.634048
2004-08-25,40.865334
2004-08-26,40.626568
2004-08-27,40.947399
2004-08-30,40.481083
2004-08-31,40.417645
2004-09-01,41.130180
2004-09-02,41.853962
2004-09-03,41.391346
2004-09-07,41.913624
2004-09-08,41.689800
2004-09-09,42.036739
2004-09-10,42.424732
2004-09-13,42.652298
2004-09-14,42.566517
2004-09-15,42.309090
2004-09-16,42.764210
2004-09-17,42.689610
2004-09-20,42.499352
2004-09-21,42.820194
2004-09-22,42.096428
2004-09-23,42.055408
2004-09-24,42.132050
2004-09-27,41.683315
2004-09-28,42.180672
2004-09-29,42.573330
2004-09-30,42.573330
2004-10-01,43.646530
2004-10-04,43.893303
2004-10-05,43.852188
2004-10-06,44.136391
2004-10-07,43.399719
2004-10-08,42.853767
2004-10-11,43.055687
2004-10-12,42.954723
2004-10-13,42.330238
2004-10-14,42.053539
2004-10-15,42.487301
2004-10-18,42.666801
2004-10-19,42.225544
2004-10-20,42.446167
2004-10-21,42.984657
2004-10-22,42.251717
2004-10-25,42.704193
2004-10-26,43.265095
2004-10-27,43.687649
2004-10-28,43.526855
2004-10-29,43.448334
2004-11-01,43.792358
2004-11-02,43.620350
2004-11-03,44.323357
2004-11-04,44.865574
2004-11-05,45.067509
2004-11-08,44.910454
2004-11-09,45.071255
2004-11-10,45.396572
2004-11-11,45.845303
2004-11-12,46.312733
2004-11-15,46.574512
2004-11-16,46.163166
2004-11-17,46.409958
2004-11-18,46.338898
2004-11-19,45.845303
2004-11-22,46.331421
2004-11-23,46.619373
2004-11-24,46.899822
2004-11-26,46.929733
2004-11-29,47.098026
2004-11-30,47.445782
2004-12-01,47.887024
2004-12-02,47.819714
2004-12-03,47.729973
2004-12-06,47.505596
2004-12-07,46.671722
2004-12-08,47.191483
2004-12-09,46.832520
2004-12-10,47.191483
2004-12-13,47.707531
2004-12-14,47.965549
2004-12-15,48.365658
2004-12-16,47.987999
2004-12-17,47.793545
2004-12-20,47.737461
2004-12-21,48.242271
2004-12-22,48.335754
2004-12-23,48.459915
2004-12-27,48.148552
2004-12-28,48.786297
2004-12-29,48.782528
2004-12-30,48.609982
2004-12-31,48.579956
2005-01-03,47.949749
2005-01-04,46.921875
2005-01-05,45.984032
2005-01-06,46.227882
2005-01-07,45.713936
2005-01-10,46.179108
2005-01-11,45.616398
2005-01-12,45.803959
2005-01-13,45.665173
2005-01-14,46.100323
2005-01-18,46.648006
2005-01-19,45.980293
2005-01-20,45.706448
2005-01-21,45.601391
2005-01-24,45.252525
2005-01-25,45.368805
2005-01-26,45.972782
2005-01-27,46.104080
2005-01-28,46.066582
2005-01-31,46.606754
2005-02-01,46.869354
2005-02-02,47.225750
2005-02-03,46.966892
2005-02-04,47.559601
2005-02-07,47.548347
2005-02-08,47.664635
2005-02-09,46.648006
2005-02-10,46.730568
2005-02-11,47.492069
2005-02-14,47.450813
2005-02-15,47.492069
2005-02-16,47.634632
2005-02-17,47.214481
2005-02-18,47.098186
2005-02-22,46.179108
2005-02-23,46.452946
2005-02-24,46.888103
2005-02-25,47.668392
2005-02-28,47.372017
2005-03-01,47.735912
2005-03-02,47.649616
2005-03-03,47.690891
2005-03-04,48.276112
2005-03-07,48.156059
2005-03-08,47.698410
2005-03-09,47.158222
2005-03-10,46.955643
2005-03-11,46.921875
2005-03-14,47.274509
2005-03-15,46.955643
2005-03-16,46.693031
2005-03-17,46.693031
2005-03-18,46.441704
2005-03-21,46.497971
2005-03-22,46.179108
2005-03-23,45.841469
2005-03-24,46.010292
2005-03-28,46.029152
2005-03-29,45.369705
2005-03-30,46.036667
2005-03-31,46.029152
2005-04-01,45.836967
2005-04-04,46.006531
2005-04-05,46.089432
2005-04-06,46.232624
2005-04-07,46.413506
2005-04-08,45.708828
2005-04-11,45.482754
2005-04-12,45.908558
2005-04-13,45.087070
2005-04-14,44.182693
2005-04-15,43.576027
2005-04-18,43.854866
2005-04-19,44.578365
2005-04-20,43.881237
2005-04-21,44.955204
2005-04-22,44.227913
2005-04-25,44.634892
2005-04-26,44.005592
2005-04-27,43.986755
2005-04-28,42.863811
2005-04-29,43.425282
2005-05-02,43.869942
2005-05-03,44.088490
2005-05-04,44.578365
2005-05-05,44.570835
2005-05-06,44.729095
2005-05-09,45.158676
2005-05-10,44.619827
2005-05-11,44.642437
2005-05-12,43.937786
2005-05-13,43.779495
2005-05-16,44.454014
2005-05-17,44.717808
2005-05-18,45.614635
2005-05-19,45.727688
2005-05-20,45.671169
2005-05-23,45.972618
2005-05-24,45.784218
2005-05-25,45.441284
2005-05-26,46.074341
2005-05-27,46.330612
2005-05-31,46.232624
2005-06-01,46.756401
2005-06-02,46.884525
2005-06-03,46.541634
2005-06-06,46.714962
2005-06-07,46.809177
2005-06-08,46.511486
2005-06-09,46.967445
2005-06-10,47.065411
2005-06-13,47.276443
2005-06-14,47.683411
2005-06-15,47.811523
2005-06-16,48.278770
2005-06-17,48.248623
2005-06-20,48.102100
2005-06-21,48.238075
2005-06-22,48.351391
2005-06-23,47.497799
2005-06-24,46.991695
2005-06-27,47.112549
2005-06-28,47.845268
2005-06-29,48.222950
2005-06-30,48.117203
2005-07-01,48.328705
2005-07-05,49.091637
2005-07-06,48.645950
2005-07-07,48.781940
2005-07-08,49.831913
2005-07-11,50.443752
2005-07-12,50.285137
2005-07-13,50.171829
2005-07-14,49.809250
2005-07-15,49.854565
2005-07-18,49.567528
2005-07-19,50.262466
2005-07-20,50.874298
2005-07-21,50.081173
2005-07-22,50.851665
2005-07-25,50.519295
2005-07-26,50.670345
2005-07-27,50.813885
2005-07-28,51.335083
2005-07-29,51.282249
2005-08-01,51.259552
2005-08-02,51.644806
2005-08-03,51.387974
2005-08-04,50.526848
2005-08-05,49.831913
2005-08-08,49.658161
2005-08-09,49.733700
2005-08-10,49.665718
2005-08-11,50.096287
2005-08-12,49.491974
2005-08-15,50.020744
2005-08-16,49.144508
2005-08-17,49.084080
2005-08-18,48.925457
2005-08-19,49.182270
2005-08-22,49.461761
2005-08-23,49.454208
2005-08-24,49.257797
2005-08-25,49.529774
2005-08-26,48.721497
2005-08-29,49.378689
2005-08-30,49.159626
2005-08-31,50.254898
2005-09-01,50.254898
2005-09-02,49.982983
2005-09-06,50.730789
2005-09-07,50.881866
2005-09-08,50.594841
2005-09-09,50.904518
2005-09-12,51.131134
2005-09-13,50.738338
2005-09-14,50.156696
2005-09-15,49.982983
2005-09-16,50.564629
2005-09-19,50.322910
2005-09-20,49.597736
2005-09-21,48.797043
2005-09-22,49.046322
2005-09-23,49.385746
2005-09-26,49.719162
2005-09-27,49.552448
2005-09-28,49.484245
2005-09-29,50.029766
2005-09-30,50.302551
2005-10-03,50.605637
2005-10-04,49.840370
2005-10-05,48.567467
2005-10-06,48.135578
2005-10-07,48.567467
2005-10-10,48.021919
2005-10-11,47.355167
2005-10-12,46.688400
2005-10-13,46.877819
2005-10-14,47.665817
2005-10-17,47.749161
2005-10-18,47.105129
2005-10-19,48.120411
2005-10-20,47.226357
2005-10-21,47.749161
2005-10-24,48.794746
2005-10-25,48.378025
2005-10-26,48.127991
2005-10-27,47.120285
2005-10-28,47.779461
2005-10-31,48.325005
2005-11-01,48.567467
2005-11-02,49.544876
2005-11-03,49.719162
2005-11-04,49.613056
2005-11-07,49.794914
2005-11-08,49.613056
2005-11-09,49.779743
2005-11-10,50.044937
2005-11-11,50.332867
2005-11-14,50.151016
2005-11-15,49.423630
2005-11-16,49.438801
2005-11-17,50.294968
2005-11-18,50.681404
2005-11-21,51.196632
2005-11-22,51.469398
2005-11-23,51.529984
2005-11-25,51.492111
2005-11-28,50.810204
2005-11-29,50.885963
2005-11-30,51.105694
2005-12-01,51.939167
2005-12-02,52.143711
2005-12-05,51.772442
2005-12-06,51.931576
2005-12-07,51.613338
2005-12-08,51.749714
2005-12-09,52.007324
2005-12-12,52.166458
2005-12-13,52.174023
2005-12-14,52.113426
2005-12-15,51.583035
2005-12-16,51.401196
2005-12-19,50.764732
2005-12-20,50.749603
2005-12-21,51.363297
2005-12-22,51.698769
2005-12-23,51.820419
2005-12-27,51.044613
2005-12-28,51.348846
2005-12-29,51.075020
2005-12-30,50.747982
2006-01-03,51.759586
2006-01-04,52.041016
2006-01-05,52.322449
2006-01-06,52.946163
2006-01-09,53.296036
2006-01-10,53.775200
2006-01-11,53.683952
2006-01-12,53.493782
2006-01-13,53.516602
2006-01-17,53.265587
2006-01-18,53.151501
2006-01-19,54.003387
2006-01-20,53.387310
2006-01-23,53.554611
2006-01-24,54.155537
2006-01-25,54.292408
2006-01-26,55.075840
2006-01-27,55.349659
2006-01-30,55.189930
2006-01-31,55.030239
2006-02-01,55.600674
2006-02-02,54.764000
2006-02-03,54.596653
2006-02-06,55.083454
2006-02-07,54.193546
2006-02-08,54.535847
2006-02-09,54.254379
2006-02-10,54.140285
2006-02-13,53.782814
2006-02-14,54.406517
2006-02-15,54.885727
2006-02-16,55.372501
2006-02-17,55.258369
2006-02-21,55.014999
2006-02-22,55.387699
2006-02-23,55.349659
2006-02-24,55.790810
2006-02-27,55.942932
2006-02-28,55.205151
2006-03-01,56.209167
2006-03-02,55.973354
2006-03-03,55.691944
2006-03-06,55.258369
2006-03-07,54.459747
2006-03-08,54.649895
2006-03-09,54.170719
2006-03-10,55.007378
2006-03-13,55.121468
2006-03-14,55.729965
2006-03-15,56.239601
2006-03-16,56.110256
2006-03-17,56.338440
2006-03-20,56.308029
2006-03-21,55.524609
2006-03-22,56.384109
2006-03-23,56.627491
2006-03-24,57.099396
2006-03-27,57.106998
2006-03-28,56.809700
2006-03-29,57.861759
2006-03-30,57.709274
2006-03-31,57.915081
2006-04-03,57.434830
2006-04-04,57.693996
2006-04-05,57.991333
2006-04-06,58.113300
2006-04-07,57.183228
2006-04-10,57.122265
2006-04-11,56.108337
2006-04-12,56.695351
2006-04-13,56.840195
2006-04-17,56.878292
2006-04-18,58.471622
2006-04-19,58.898525
2006-04-20,58.585953
2006-04-21,58.456379
2006-04-24,57.991333
2006-04-25,58.029423
2006-04-26,57.983711
2006-04-27,57.503426
2006-04-28,58.090439
2006-05-01,57.373840
2006-05-02,58.159042
2006-05-03,58.059937
2006-05-04,58.768909
2006-05-05,59.096718
2006-05-08,59.180553
2006-05-09,59.096718
2006-05-10,58.738396
2006-05-11,57.411953
2006-05-12,56.032104
2006-05-15,55.780544
2006-05-16,55.872025
2006-05-17,54.850468
2006-05-18,54.332073
2006-05-19,54.812386
2006-05-22,54.202465
2006-05-23,53.501122
2006-05-24,53.912811
2006-05-25,55.048683
2006-05-26,55.376480
2006-05-30,53.851799
2006-05-31,54.789497
2006-06-01,55.856766
2006-06-02,55.818642
2006-06-05,54.194874
2006-06-06,53.966171
2006-06-07,53.440147
2006-06-08,53.485893
2006-06-09,53.013248
2006-06-12,51.793495
2006-06-13,50.810074
2006-06-14,51.419918
2006-06-15,53.180927
2006-06-16,52.487225
2006-06-19,51.458046
2006-06-20,51.397072
2006-06-21,52.296646
2006-06-22,52.101929
2006-06-23,52.414989
2006-06-26,53.063969
2006-06-27,52.147755
2006-06-28,52.376820
2006-06-29,54.400089
2006-06-30,54.766594
2006-07-03,55.453724
2006-07-05,54.644428
2006-07-06,54.629162
2006-07-07,53.819824
2006-07-10,53.827484
2006-07-11,54.300838
2006-07-12,53.178467
2006-07-13,51.972130
2006-07-14,51.559856
2006-07-17,51.491127
2006-07-18,51.842331
2006-07-19,53.063969
2006-07-20,51.704899
2006-07-21,50.964321
2006-07-24,52.590588
2006-07-25,52.720375
2006-07-26,52.605873
2006-07-27,52.101929
2006-07-28,53.193756
2006-07-31,53.201389
2006-08-01,52.369152
2006-08-02,53.063969
2006-08-03,53.705307
2006-08-04,53.155609
2006-08-07,52.949432
2006-08-08,52.216469
2006-08-09,51.689629
2006-08-10,52.147755
2006-08-11,51.613277
2006-08-14,51.918682
2006-08-15,53.002872
2006-08-16,53.766373
2006-08-17,53.850357
2006-08-18,54.163414
2006-08-21,53.583153
2006-08-22,53.758766
2006-08-23,53.140301
2006-08-24,53.048695
2006-08-25,53.140301
2006-08-28,53.705307
2006-08-29,54.400089
2006-08-30,54.820053
2006-08-31,54.797108
2006-09-01,54.835304
2006-09-05,55.331585
2006-09-06,54.155792
2006-09-07,53.674805
2006-09-08,53.880928
2006-09-11,53.812199
2006-09-12,55.079624
2006-09-13,55.545380
2006-09-14,55.346855
2006-09-15,55.476669
2006-09-18,55.461376
2006-09-19,55.217045
2006-09-20,55.957645
2006-09-21,55.354496
2006-09-22,54.621521
2006-09-25,55.270489
2006-09-26,55.447418
2006-09-27,55.853374
2006-09-28,55.631248
2006-09-29,55.148731
2006-10-02,54.627869
2006-10-03,54.551273
2006-10-04,55.876385
2006-10-05,56.588703
2006-10-06,56.297646
2006-10-09,56.726555
2006-10-10,56.757225
2006-10-11,56.535103
2006-10-12,57.676365
2006-10-13,58.135929
2006-10-16,58.480621
2006-10-17,58.189552
2006-10-18,58.197205
2006-10-19,58.480621
2006-10-20,57.906181
2006-10-23,58.021053
2006-10-24,58.135929
2006-10-25,58.518909
2006-10-26,59.009129
2006-10-27,58.319782
2006-10-30,58.572521
2006-10-31,58.388702
2006-11-01,57.124886
2006-11-02,57.040623
2006-11-03,57.316364
2006-11-06,57.982738
2006-11-07,58.365711
2006-11-08,58.664448
2006-11-09,58.128269
2006-11-10,58.610863
2006-11-13,58.695103
2006-11-14,59.828674
2006-11-15,60.280609
2006-11-16,60.234657
2006-11-17,60.196335
2006-11-20,60.280609
2006-11-21,60.380199
2006-11-22,60.449146
2006-11-24,60.173397
2006-11-27,58.825310
2006-11-28,59.024426
2006-11-29,59.790398
2006-11-30,59.798080
2006-12-01,59.575920
2006-12-04,60.755505
2006-12-05,60.801445
2006-12-06,60.594666
2006-12-07,60.334217
2006-12-08,60.341892
2006-12-11,60.495056
2006-12-12,60.165710
2006-12-13,60.242310
2006-12-14,60.487419
2006-12-15,60.433807
2006-12-18,59.675514
2006-12-19,59.637218
2006-12-20,59.982594
2006-12-21,59.705677
2006-12-22,59.313370
2006-12-26,60.159512
2006-12-27,60.874866
2006-12-28,60.597954
2006-12-29,60.021042
2007-01-03,60.121040
2007-01-04,60.282585
2007-01-05,59.021103
2007-01-08,58.790325
2007-01-09,59.344151
2007-01-10,59.805672
2007-01-11,60.174881
2007-01-12,60.751762
2007-01-16,60.344109
2007-01-17,60.082554
2007-01-18,59.582603
2007-01-19,59.813393
2007-01-22,59.374897
2007-01-23,59.936424
2007-01-24,60.590244
2007-01-25,59.828735
2007-01-26,60.051838
2007-01-29,60.574883
2007-01-30,60.905613
2007-01-31,61.036396
2007-02-01,61.690205
2007-02-02,61.728653
2007-02-05,61.720985
2007-02-06,61.874840
2007-02-07,62.444054
2007-02-08,62.344055
2007-02-09,61.774857
2007-02-12,61.605610
2007-02-13,62.059452
2007-02-14,62.151756
2007-02-15,62.197903
2007-02-16,62.436314
2007-02-20,63.036346
2007-02-21,63.151688
2007-02-22,63.374790
2007-02-23,63.036346
2007-02-26,62.990143
2007-02-27,60.036407
2007-02-28,60.636421
2007-03-01,60.321049
2007-03-02,59.121098
2007-03-05,57.821114
2007-03-06,59.398018
2007-03-07,59.205673
2007-03-08,59.651833
2007-03-09,60.136425
2007-03-12,60.305668
2007-03-13,58.759548
2007-03-14,59.382584
2007-03-15,59.844143
2007-03-16,59.436432
2007-03-19,60.174881
2007-03-20,60.651783
2007-03-21,61.744049
2007-03-22,61.744049
2007-03-23,61.839622
2007-03-26,61.708618
2007-03-27,61.423466
2007-03-28,60.999592
2007-03-29,61.076672
2007-03-30,61.230793
2007-04-02,61.384922
2007-04-03,62.040028
2007-04-04,62.032318
2007-04-05,61.993778
2007-04-09,62.078506
2007-04-10,62.271233
2007-04-11,61.885872
2007-04-12,62.302052
2007-04-13,62.702785
2007-04-16,63.566013
2007-04-17,63.373280
2007-04-18,63.003357
2007-04-19,62.702785
2007-04-20,63.434937
2007-04-23,63.365574
2007-04-24,63.334770
2007-04-25,63.512032
2007-04-26,63.866554
2007-04-27,63.596802
2007-04-30,62.224976
2007-05-01,62.479317
2007-05-02,63.311661
2007-05-03,63.427242
2007-05-04,63.827988
2007-05-07,63.643024
2007-05-08,63.419559
2007-05-09,63.673870
2007-05-10,62.887737
2007-05-11,63.458057
2007-05-14,62.903191
2007-05-15,62.402225
2007-05-16,62.741337
2007-05-17,62.255802
2007-05-18,62.987942
2007-05-21,63.781746
2007-05-22,64.174774
2007-05-23,64.005234
2007-05-24,63.165199
2007-05-25,63.573681
2007-05-29,64.159424
2007-05-30,64.590981
2007-05-31,64.945465
2007-06-01,65.276878
2007-06-04,65.346252
2007-06-05,65.084198
2007-06-06,64.359779
2007-06-07,63.026501
2007-06-08,63.851120
2007-06-11,63.866554
2007-06-12,62.810711
2007-06-13,63.650726
2007-06-14,64.228722
2007-06-15,64.991753
2007-06-18,64.868439
2007-06-19,65.037971
2007-06-20,63.912762
2007-06-21,64.413727
2007-06-22,63.905083
2007-06-25,63.573681
2007-06-26,63.103565
2007-06-27,64.421432
2007-06-28,64.412918
2007-06-29,64.011429
2007-07-02,64.837624
2007-07-03,65.146454
2007-07-05,65.254601
2007-07-06,65.478493
2007-07-09,65.416740
2007-07-10,64.343437
2007-07-11,64.729492
2007-07-12,65.493935
2007-07-13,65.555702
2007-07-16,65.231422
2007-07-17,65.277718
2007-07-18,65.069244
2007-07-19,65.254601
2007-07-20,64.281693
2007-07-23,64.042290
2007-07-24,62.544334
2007-07-25,62.312675
2007-07-26,60.644833
2007-07-27,59.169998
2007-07-30,60.196949
2007-07-31,59.532917
2007-08-01,59.857250
2007-08-02,60.328262
2007-08-03,58.181679
2007-08-06,58.706696
2007-08-07,59.610107
2007-08-08,61.401524
2007-08-09,59.988522
2007-08-10,60.274193
2007-08-13,59.949879
2007-08-14,58.922924
2007-08-15,58.065830
2007-08-16,59.355324
2007-08-17,60.544460
2007-08-20,60.590767
2007-08-21,60.760624
2007-08-22,61.486488
2007-08-23,60.698868
2007-08-24,61.486488
2007-08-27,60.637112
2007-08-28,59.108269
2007-08-29,60.660275
2007-08-30,60.251034
2007-08-31,60.799271
2007-09-04,61.579159
2007-09-05,61.007748
2007-09-06,61.023178
2007-09-07,60.019382
2007-09-10,59.185467
2007-09-11,60.220135
2007-09-12,59.841774
2007-09-13,59.988522
2007-09-14,60.297333
2007-09-17,59.633335
2007-09-18,62.173664
2007-09-19,63.007614
2007-09-20,62.382168
2007-09-21,62.513454
2007-09-24,62.034698
2007-09-25,61.783146
2007-09-26,62.324955
2007-09-27,62.696503
2007-09-28,61.953411
2007-10-01,63.493763
2007-10-02,63.903973
2007-10-03,63.725956
2007-10-04,63.826565
2007-10-05,65.119209
2007-10-08,64.631554
2007-10-09,65.157928
2007-10-10,65.103722
2007-10-11,64.368408
2007-10-12,64.879250
2007-10-15,64.128441
2007-10-16,63.393112
2007-10-17,63.640804
2007-10-18,63.486015
2007-10-19,61.218128
2007-10-22,62.510735
2007-10-23,62.990650
2007-10-24,62.588139
2007-10-25,62.433323
2007-10-26,63.478287
2007-10-29,63.408588
2007-10-30,62.905468
2007-10-31,63.718197
2007-11-01,61.256817
2007-11-02,61.558662
2007-11-05,60.745960
2007-11-06,61.891502
2007-11-07,59.971928
2007-11-08,60.149944
2007-11-09,59.484257
2007-11-12,58.911434
2007-11-13,60.761417
2007-11-14,60.413071
2007-11-15,59.553982
2007-11-16,59.050804
2007-11-19,57.773678
2007-11-20,58.106522
2007-11-21,56.891262
2007-11-23,58.098770
2007-11-26,56.581669
2007-11-27,57.239590
2007-11-28,59.499752
2007-11-29,58.988853
2007-11-30,59.329483
2007-12-03,58.632824
2007-12-04,58.013607
2007-12-05,59.166916
2007-12-06,60.567909
2007-12-07,60.753700
2007-12-10,61.233604
2007-12-11,59.097244
2007-12-12,59.530720
2007-12-13,59.205608
2007-12-14,58.052349
2007-12-17,57.162167
2007-12-18,58.183903
2007-12-19,58.594128
2007-12-20,59.476528
2007-12-21,60.838818
2007-12-24,61.280010
2007-12-26,61.566399
2007-12-27,60.103981
2007-12-28,59.459400
2007-12-31,58.946804
2008-01-02,58.372128
2008-01-03,57.727489
2008-01-04,55.987835
2008-01-07,56.112083
2008-01-08,54.380177
2008-01-09,54.931606
2008-01-10,55.684925
2008-01-11,54.535492
2008-01-14,54.985939
2008-01-15,53.976318
2008-01-16,54.030708
2008-01-17,52.718174
2008-01-18,52.205601
2008-01-22,51.832809
2008-01-23,53.603546
2008-01-24,53.564705
2008-01-25,53.176380
2008-01-28,54.302521
2008-01-29,54.442329
2008-01-30,53.758869
2008-01-31,55.094688
2008-02-01,56.391670
2008-02-04,55.754852
2008-02-05,54.325806
2008-02-06,53.603546
2008-02-07,54.450073
2008-02-08,54.108353
2008-02-11,54.131657
2008-02-12,54.558792
2008-02-13,55.793674
2008-02-14,54.504448
2008-02-15,54.263691
2008-02-19,54.931606
2008-02-20,54.962654
2008-02-21,53.914200
2008-02-22,53.914200
2008-02-25,54.962654
2008-02-26,55.475243
2008-02-27,55.451939
2008-02-28,54.613171
2008-02-29,53.479286
2008-03-03,52.966686
2008-03-04,52.656044
2008-03-05,53.160854
2008-03-06,51.390121
2008-03-07,51.227032
2008-03-10,50.093128
2008-03-11,52.267731
2008-03-12,51.661938
2008-03-13,52.694870
2008-03-14,51.366814
2008-03-17,50.528057
2008-03-18,52.850212
2008-03-19,51.529911
2008-03-20,52.407520
2008-03-24,54.445625
2008-03-25,54.624542
2008-03-26,54.173359
2008-03-27,53.675507
2008-03-28,53.045406
2008-03-31,53.123192
2008-04-01,55.067963
2008-04-02,55.200214
2008-04-03,55.371349
2008-04-04,55.355797
2008-04-07,55.262421
2008-04-08,55.207970
2008-04-09,54.305611
2008-04-10,54.881268
2008-04-11,53.473248
2008-04-14,53.309883
2008-04-15,53.652168
2008-04-16,55.386887
2008-04-17,55.169086
2008-04-18,55.752514
2008-04-21,55.760292
2008-04-22,54.741249
2008-04-23,54.881268
2008-04-24,55.410233
2008-04-25,55.931454
2008-04-28,56.304813
2008-04-29,55.806950
2008-04-30,55.542480
2008-05-01,56.499279
2008-05-02,56.437077
2008-05-05,56.219276
2008-05-06,56.678234
2008-05-07,55.666935
2008-05-08,55.783611
2008-05-09,55.620274
2008-05-12,56.841583
2008-05-13,57.168312
2008-05-14,57.098309
2008-05-15,57.214989
2008-05-16,57.526154
2008-05-19,57.541691
2008-05-20,57.331654
2008-05-21,56.514866
2008-05-22,56.919369
2008-05-23,56.172569
2008-05-27,57.036041
2008-05-28,57.300564
2008-05-29,57.883987
2008-05-30,58.086231
2008-06-02,57.557262
2008-06-03,57.440598
2008-06-04,57.798409
2008-06-05,59.276417
2008-06-06,57.502804
2008-06-09,57.316109
2008-06-10,56.896038
2008-06-11,55.908108
2008-06-12,56.024803
2008-06-13,57.036041
2008-06-16,57.393894
2008-06-17,57.347229
2008-06-18,56.888248
2008-06-19,57.362808
2008-06-20,56.452644
2008-06-23,55.923645
2008-06-24,54.997932
2008-06-25,55.620274
2008-06-26,54.188938
2008-06-27,54.243382
2008-06-30,53.714405
2008-07-01,53.753288
2008-07-02,52.228390
2008-07-03,51.947292
2008-07-07,51.291412
2008-07-08,53.149750
2008-07-09,51.728672
2008-07-10,52.236206
2008-07-11,52.525066
2008-07-14,51.658382
2008-07-15,51.439770
2008-07-16,53.329334
2008-07-17,53.407379
2008-07-18,53.782185
2008-07-21,54.438080
2008-07-22,55.804466
2008-07-23,56.163670
2008-07-24,54.742573
2008-07-25,55.187645
2008-07-28,54.250694
2008-07-29,55.578075
2008-07-30,55.913799
2008-07-31,55.687359
2008-08-01,55.757633
2008-08-04,55.242321
2008-08-05,56.187080
2008-08-06,56.468189
2008-08-07,55.624905
2008-08-08,57.092815
2008-08-11,58.459255
2008-08-12,58.021992
2008-08-13,58.232822
2008-08-14,58.794975
2008-08-15,58.638828
2008-08-18,57.881435
2008-08-19,56.921043
2008-08-20,56.999142
2008-08-21,56.343239
2008-08-22,57.530071
2008-08-25,56.265179
2008-08-26,56.351078
2008-08-27,57.022549
2008-08-28,58.178139
2008-08-29,57.678455
2008-09-02,57.662804
2008-09-03,57.897064
2008-09-04,56.077774
2008-09-05,55.937218
2008-09-08,56.593094
2008-09-09,55.289150
2008-09-10,55.804466
2008-09-11,56.155842
2008-09-12,56.413506
2008-09-15,53.883705
2008-09-16,55.437508
2008-09-17,52.938915
2008-09-18,56.062153
2008-09-19,58.560768
2008-09-22,56.179268
2008-09-23,55.429699
2008-09-24,54.725502
2008-09-25,55.007187
2008-09-26,55.265366
2008-09-29,50.899239
2008-09-30,53.207523
2008-10-01,52.440697
2008-10-02,49.749016
2008-10-03,49.060459
2008-10-06,46.728718
2008-10-07,43.661446
2008-10-08,42.612949
2008-10-09,39.115330
2008-10-10,41.040203
2008-10-13,44.584770
2008-10-14,43.332821
2008-10-15,39.443977
2008-10-16,42.026093
2008-10-17,40.844578
2008-10-20,42.792915
2008-10-21,41.611393
2008-10-22,39.506577
2008-10-23,38.332878
2008-10-24,36.908779
2008-10-27,35.101295
2008-10-28,37.910343
2008-10-29,38.105957
2008-10-30,40.242096
2008-10-31,42.057411
2008-11-03,42.112171
2008-11-04,42.597301
2008-11-05,40.367275
2008-11-06,38.802368
2008-11-07,39.608295
2008-11-10,38.692814
2008-11-11,37.855587
2008-11-12,35.649033
2008-11-13,38.583271
2008-11-14,35.711624
2008-11-17,35.406460
2008-11-18,35.234314
2008-11-19,32.362686
2008-11-20,30.148302
2008-11-21,31.799307
2008-11-24,34.037155
2008-11-25,34.600540
2008-11-26,36.674049
2008-11-28,37.041824
2008-12-01,32.879116
2008-12-02,34.608349
2008-12-03,35.656860
2008-12-04,34.475327
2008-12-05,36.071560
2008-12-08,37.667789
2008-12-09,36.501907
2008-12-10,37.362614
2008-12-11,35.469063
2008-12-12,36.689693
2008-12-15,35.508190
2008-12-16,37.816463
2008-12-17,38.160725
2008-12-18,37.918152
2008-12-19,38.105957
2008-12-22,37.370449
2008-12-23,36.827229
2008-12-24,36.961254
2008-12-26,37.489525
2008-12-29,36.913948
2008-12-30,37.938892
2008-12-31,38.821934
2009-01-02,39.594597
2009-01-05,39.736496
2009-01-06,40.406670
2009-01-07,39.216148
2009-01-08,39.405376
2009-01-09,37.946781
2009-01-12,36.819359
2009-01-13,37.308159
2009-01-14,35.668251
2009-01-15,36.243797
2009-01-16,36.645893
2009-01-20,34.162350
2009-01-21,35.865364
2009-01-22,34.824627
2009-01-23,34.998085
2009-01-26,35.392303
2009-01-27,35.778625
2009-01-28,37.252975
2009-01-29,35.794399
2009-01-30,35.069042
2009-02-02,35.352863
2009-02-03,35.605175
2009-02-04,35.345005
2009-02-05,35.754963
2009-02-06,37.024334
2009-02-09,36.858761
2009-02-10,35.155773
2009-02-11,35.289806
2009-02-12,35.589390
2009-02-13,35.218845
2009-02-17,33.823307
2009-02-18,33.342403
2009-02-19,32.877220
2009-02-20,32.435699
2009-02-23,31.190002
2009-02-24,32.341095
2009-02-25,31.670929
2009-02-26,31.079609
2009-02-27,30.866745
2009-03-02,29.124336
2009-03-03,28.572433
2009-03-04,29.163744
2009-03-05,27.610559
2009-03-06,27.752485
2009-03-09,27.113846
2009-03-10,28.879921
2009-03-11,28.919350
2009-03-12,30.716940
2009-03-13,31.040195
2009-03-16,30.480421
2009-03-17,31.891708
2009-03-18,32.995491
2009-03-19,32.648590
2009-03-20,31.521139
2009-03-23,34.201763
2009-03-24,32.873688
2009-03-25,33.799168
2009-03-26,35.104309
2009-03-27,33.925720
2009-03-30,32.952801
2009-03-31,33.261288
2009-04-01,33.838711
2009-04-02,35.531437
2009-04-03,36.093048
2009-04-06,35.476063
2009-04-07,34.218380
2009-04-08,34.851189
2009-04-09,36.891945
2009-04-13,36.907776
2009-04-14,35.839939
2009-04-15,36.385708
2009-04-16,37.437729
2009-04-17,37.769947
2009-04-20,35.832008
2009-04-21,37.073883
2009-04-22,37.065956
2009-04-23,36.978962
2009-04-24,37.667110
2009-04-27,37.263721
2009-04-28,37.319084
2009-04-29,38.734966
2009-04-30,38.379002
2009-05-01,38.616310
2009-05-04,40.024281
2009-05-05,39.826534
2009-05-06,39.937279
2009-05-07,38.995995
2009-05-08,40.348595
2009-05-11,39.755344
2009-05-12,39.193718
2009-05-13,37.398167
2009-05-14,37.920258
2009-05-15,37.777866
2009-05-18,39.043449
2009-05-19,39.059269
2009-05-20,38.695408
2009-05-21,38.197090
2009-05-22,37.801594
2009-05-26,39.605076
2009-05-27,38.837784
2009-05-28,38.885250
2009-05-29,39.684155
2009-06-01,41.234505
2009-06-02,41.748657
2009-06-03,41.471802
2009-06-04,42.065044
2009-06-05,42.080845
2009-06-08,41.582542
2009-06-09,41.772377
2009-06-10,41.606258
2009-06-11,41.622097
2009-06-12,41.748657
2009-06-15,40.625439
2009-06-16,39.945183
2009-06-17,40.158760
2009-06-18,40.340683
2009-06-19,40.585876
2009-06-22,39.146275
2009-06-23,38.829891
2009-06-24,39.249119
2009-06-25,40.380222
2009-06-26,40.522610
2009-06-29,40.522610
2009-06-30,40.403976
2009-07-01,41.028851
2009-07-02,39.616745
2009-07-06,39.267483
2009-07-07,38.418156
2009-07-08,38.156204
2009-07-09,37.997456
2009-07-10,38.180027
2009-07-13,39.100780
2009-07-14,39.330990
2009-07-15,40.847073
2009-07-16,41.355072
2009-07-17,41.196327
2009-07-20,41.704353
2009-07-21,41.632900
2009-07-22,41.958336
2009-07-23,43.283924
2009-07-24,43.506195
2009-07-27,43.728420
2009-07-28,43.752243
2009-07-29,43.529999
2009-07-30,44.292011
2009-07-31,44.109440
2009-08-03,44.879387
2009-08-04,45.331841
2009-08-05,44.879387
2009-08-06,44.252319
2009-08-07,45.315968
2009-08-10,45.395348
2009-08-11,44.665066
2009-08-12,45.339771
2009-08-13,45.712837
2009-08-14,44.776207
2009-08-17,43.514107
2009-08-18,44.093555
2009-08-19,44.633324
2009-08-20,45.117535
2009-08-21,46.157364
2009-08-24,46.141476
2009-08-25,46.339916
2009-08-26,46.443119
2009-08-27,46.371674
2009-08-28,46.077980
2009-08-31,45.403263
2009-09-01,44.387241
2009-09-02,44.165005
2009-09-03,44.657127
2009-09-04,45.284210
2009-09-08,45.784271
2009-09-09,46.570114
2009-09-10,47.149570
2009-09-11,47.165440
2009-09-14,47.665497
2009-09-15,48.054455
2009-09-16,49.046661
2009-09-17,48.943459
2009-09-18,49.141914
2009-09-21,49.006966
2009-09-22,49.345093
2009-09-23,48.875675
2009-09-24,47.897049
2009-09-25,47.602673
2009-09-28,48.740425
2009-09-29,48.525604
2009-09-30,47.928894
2009-10-01,46.496746
2009-10-02,46.146656
2009-10-05,46.974121
2009-10-06,47.849316
2009-10-07,47.865227
2009-10-08,48.302826
2009-10-09,48.867737
2009-10-12,48.875675
2009-10-13,48.668816
2009-10-14,49.599701
2009-10-15,49.567879
2009-10-16,49.074608
2009-10-19,49.480354
2009-10-20,48.796124
2009-10-21,48.135742
2009-10-22,48.804066
2009-10-23,47.785664
2009-10-26,47.356030
2009-10-27,46.775215
2009-10-28,45.215782
2009-10-29,46.075050
2009-10-30,44.817966
2009-11-02,44.730453
2009-11-03,45.406731
2009-11-04,44.754303
2009-11-05,46.178501
2009-11-06,46.210308
2009-11-09,47.117336
2009-11-10,46.822956
2009-11-11,47.149155
2009-11-12,46.281929
2009-11-13,46.727467
2009-11-16,47.960705
2009-11-17,47.960705
2009-11-18,47.865227
2009-11-19,46.671787
2009-11-20,46.616104
2009-11-23,47.427639
2009-11-24,47.212799
2009-11-25,47.204857
2009-11-27,45.812496
2009-11-30,46.218254
2009-12-01,46.934345
2009-12-02,47.491280
2009-12-03,46.910473
2009-12-04,48.072086
2009-12-07,48.143703
2009-12-08,47.769756
2009-12-09,47.618587
2009-12-10,47.427639
2009-12-11,47.873192
2009-12-14,48.597198
2009-12-15,48.461952
2009-12-16,48.772232
2009-12-17,48.231213
2009-12-18,48.676773
2009-12-21,49.321236
2009-12-22,49.782711
2009-12-23,50.424202
2009-12-24,50.615917
2009-12-28,50.536022
2009-12-29,50.512066
2009-12-30,50.480118
2009-12-31,49.880955
2010-01-04,51.111217
2010-01-05,50.935463
2010-01-06,50.887512
2010-01-07,51.262997
2010-01-08,51.542587
2010-01-11,51.334888
2010-01-12,50.775684
2010-01-13,51.430767
2010-01-14,51.622490
2010-01-15,50.871563
2010-01-19,51.806221
2010-01-20,51.055305
2010-01-21,50.216480
2010-01-22,49.313759
2010-01-25,49.369698
2010-01-26,48.882397
2010-01-27,49.401649
2010-01-28,48.554840
2010-01-29,48.019627
2010-02-01,48.586807
2010-02-02,49.122040
2010-02-03,48.794495
2010-02-04,47.164833
2010-02-05,47.348576
2010-02-08,46.877258
2010-02-09,47.524334
2010-02-10,47.636162
2010-02-11,48.395081
2010-02-12,48.746571
2010-02-16,49.569401
2010-02-17,49.904930
2010-02-18,50.312344
2010-02-19,50.376251
2010-02-22,50.528057
2010-02-23,49.936874
2010-02-24,50.360264
2010-02-25,50.376251
2010-02-26,50.168545
2010-03-01,51.334888
2010-03-02,51.726330
2010-03-03,52.021915
2010-03-04,52.157711
2010-03-05,53.220215
2010-03-08,53.316063
2010-03-09,53.507790
2010-03-10,53.963154
2010-03-11,54.122932
2010-03-12,54.098961
2010-03-15,53.915245
2010-03-16,54.378563
2010-03-17,54.698093
2010-03-18,54.530334
2010-03-19,53.851315
2010-03-22,54.610222
2010-03-23,55.305244
2010-03-24,54.674175
2010-03-25,54.329800
2010-03-26,54.305775
2010-03-29,54.602077
2010-03-30,54.770271
2010-03-31,54.297783
2010-04-01,54.802303
2010-04-05,55.827404
2010-04-06,56.155727
2010-04-07,55.979568
2010-04-08,55.923504
2010-04-09,56.259857
2010-04-12,56.492111
2010-04-13,56.620228
2010-04-14,57.829533
2010-04-15,58.005695
2010-04-16,57.228889
2010-04-19,56.948597
2010-04-20,57.725426
2010-04-21,58.125843
2010-04-22,58.742496
2010-04-23,59.367149
2010-04-26,59.142921
2010-04-27,57.789478
2010-04-28,57.885590
2010-04-29,59.110882
2010-04-30,57.381042
2010-05-03,58.670395
2010-05-04,56.828468
2010-05-05,55.995567
2010-05-06,53.897343
2010-05-07,52.343681
2010-05-10,55.282818
2010-05-11,55.651215
2010-05-12,57.357018
2010-05-13,56.804409
2010-05-14,55.707279
2010-05-17,55.811375
2010-05-18,54.738209
2010-05-19,54.089558
2010-05-20,51.350632
2010-05-21,52.111450
2010-05-24,51.414707
2010-05-25,51.406700
2010-05-26,51.534840
2010-05-27,53.745167
2010-05-28,53.056454
2010-06-01,51.446739
2010-06-02,52.912292
2010-06-03,53.593021
2010-06-04,50.902149
2010-06-07,49.588753
2010-06-08,49.564732
2010-06-09,49.596748
2010-06-10,51.310577
2010-06-11,52.007301
2010-06-14,52.335674
2010-06-15,53.649067
2010-06-16,53.400795
2010-06-17,53.464893
2010-06-18,53.496910
2010-06-21,52.944336
2010-06-22,51.855171
2010-06-23,51.711018
2010-06-24,50.886139
2010-06-25,51.759056
2010-06-28,51.462753
2010-06-29,49.516674
2010-06-30,48.948078
2010-07-01,48.595692
2010-07-02,48.064610
2010-07-06,47.437870
2010-07-07,49.093056
2010-07-08,49.800117
2010-07-09,50.571480
2010-07-12,50.000996
2010-07-13,51.583858
2010-07-14,51.399063
2010-07-15,50.925003
2010-07-16,49.068951
2010-07-19,49.277855
2010-07-20,50.105457
2010-07-21,49.205551
2010-07-22,50.957142
2010-07-23,52.210590
2010-07-26,53.399742
2010-07-27,53.206905
2010-07-28,52.347179
2010-07-29,52.210590
2010-07-30,52.242729
2010-08-02,53.150673
2010-08-03,52.724815
2010-08-04,53.279247
2010-08-05,52.652508
2010-08-06,52.339142
2010-08-09,52.917633
2010-08-10,51.921352
2010-08-11,49.880493
2010-08-12,49.631386
2010-08-13,49.068951
2010-08-16,49.462658
2010-08-17,50.314354
2010-08-18,50.467026
2010-08-19,49.085022
2010-08-20,49.133244
2010-08-23,48.466331
2010-08-24,47.911930
2010-08-25,48.635078
2010-08-26,48.273495
2010-08-27,49.534969
2010-08-30,48.450256
2010-08-31,48.353859
2010-09-01,50.225964
2010-09-02,50.780392
2010-09-03,51.688301
2010-09-07,50.708076
2010-09-08,51.005356
2010-09-09,51.037506
2010-09-10,51.198196
2010-09-13,52.443581
2010-09-14,52.218620
2010-09-15,52.515923
2010-09-16,52.178432
2010-09-17,52.395393
2010-09-20,53.849724
2010-09-21,53.536346
2010-09-22,52.901581
2010-09-23,52.261208
2010-09-24,53.960819
2010-09-27,53.823891
2010-09-28,54.355534
2010-09-29,54.508583
2010-09-30,54.371628
2010-10-01,54.661621
2010-10-04,53.920551
2010-10-05,55.451008
2010-10-06,55.265751
2010-10-07,55.104660
2010-10-08,55.805439
2010-10-11,55.853767
2010-10-12,55.998741
2010-10-13,56.852573
2010-10-14,56.812321
2010-10-15,56.619007
2010-10-18,57.094231
2010-10-19,55.982655
2010-10-20,56.554546
2010-10-21,56.280704
2010-10-22,56.643162
2010-10-25,56.981483
2010-10-26,56.941200
2010-10-27,56.796219
2010-10-28,56.449841
2010-10-29,56.627052
2010-11-01,56.240421
2010-11-02,57.408382
2010-11-03,57.633942
2010-11-04,59.091900
2010-11-05,59.422157
2010-11-08,59.373837
2010-11-09,58.584446
2010-11-10,59.236889
2010-11-11,59.003284
2010-11-12,58.020584
2010-11-15,58.028633
2010-11-16,56.900928
2010-11-17,57.053974
2010-11-18,58.165600
2010-11-19,58.358864
2010-11-22,58.640804
2010-11-23,58.085026
2010-11-24,59.389957
2010-11-26,58.979115
2010-11-29,59.067722
2010-11-30,58.600559
2010-12-01,59.913525
2010-12-02,60.517639
2010-12-03,60.952625
2010-12-06,61.331238
2010-12-07,61.685661
2010-12-08,61.645363
2010-12-09,61.854748
2010-12-10,62.628059
2010-12-13,62.305859
2010-12-14,62.273651
2010-12-15,62.080315
2010-12-16,62.652229
2010-12-17,62.845562
2010-12-20,63.095234
2010-12-21,63.796017
2010-12-22,63.777428
2010-12-23,63.696537
2010-12-27,63.890739
2010-12-28,63.712708
2010-12-29,63.850277
2010-12-30,63.728897
2010-12-31,63.308147
2011-01-03,64.408546
2011-01-04,63.453751
2011-01-05,64.198227
2011-01-06,63.898781
2011-01-07,63.534706
2011-01-10,63.898781
2011-01-11,64.157738
2011-01-12,64.707970
2011-01-13,64.683701
2011-01-14,65.169189
2011-01-18,65.217743
2011-01-19,63.542797
2011-01-20,62.879311
2011-01-21,62.458508
2011-01-24,62.919754
2011-01-25,63.016853
2011-01-26,64.020210
2011-01-27,64.206329
2011-01-28,62.636555
2011-01-31,63.073490
2011-02-01,64.529961
2011-02-02,64.287224
2011-02-03,64.513794
2011-02-04,64.627068
2011-02-07,65.266266
2011-02-08,65.727509
2011-02-09,65.436234
2011-02-10,65.695114
2011-02-11,66.407166
2011-02-14,66.747063
2011-02-15,66.366722
2011-02-16,66.900780
2011-02-17,67.370094
2011-02-18,67.442902
2011-02-22,65.711327
2011-02-23,64.578537
2011-02-24,64.991180
2011-02-25,66.496208
2011-02-28,66.569023
2011-03-01,65.233932
2011-03-02,65.509026
2011-03-03,66.997871
2011-03-04,66.706581
2011-03-07,65.614197
2011-03-08,66.682281
2011-03-09,66.415298
2011-03-10,64.707970
2011-03-11,64.877914
2011-03-14,64.529961
2011-03-15,63.955456
2011-03-16,63.316219
2011-03-17,63.453751
2011-03-18,64.295280
2011-03-21,65.784134
2011-03-22,65.436234
2011-03-23,65.638489
2011-03-24,66.091782
2011-03-25,66.667450
2011-03-28,66.521492
2011-03-29,67.145859
2011-03-30,68.013458
2011-03-31,68.248611
2011-04-01,68.548615
2011-04-04,68.702667
2011-04-05,69.075653
2011-04-06,69.229729
2011-04-07,68.816170
2011-04-08,68.094528
2011-04-11,67.486404
2011-04-12,66.602600
2011-04-13,66.691795
2011-04-14,66.999908
2011-04-15,67.713448
2011-04-18,66.594475
2011-04-19,66.610718
2011-04-20,67.972908
2011-04-21,68.475655
2011-04-25,68.386444
2011-04-26,69.067543
2011-04-27,69.481071
2011-04-28,69.797287
2011-04-29,70.048653
2011-05-02,69.229729
2011-05-03,68.354004
2011-05-04,67.470184
2011-05-05,67.162064
2011-05-06,67.518837
2011-05-09,68.305367
2011-05-10,69.351334
2011-05-11,68.070213
2011-05-12,68.670273
2011-05-13,67.713448
2011-05-16,66.724190
2011-05-17,66.513390
2011-05-18,67.535080
2011-05-19,67.681007
2011-05-20,67.186409
2011-05-23,65.978241
2011-05-24,65.662033
2011-05-25,66.489105
2011-05-26,67.364777
2011-05-27,67.826965
2011-05-31,68.791870
2011-06-01,66.578278
2011-06-02,66.553940
2011-06-03,65.580910
2011-06-06,64.502502
2011-06-07,64.656563
2011-06-08,63.934921
2011-06-09,64.275467
2011-06-10,63.245701
2011-06-13,63.067310
2011-06-14,64.421440
2011-06-15,63.270046
2011-06-16,63.415977
2011-06-17,63.432198
2011-06-20,64.015961
2011-06-21,65.402527
2011-06-22,64.899826
2011-06-23,65.151169
2011-06-24,64.818756
2011-06-27,65.321457
2011-06-28,66.334999
2011-06-29,66.651253
2011-06-30,67.137756
2011-07-01,68.183716
2011-07-05,68.348022
2011-07-06,68.624527
2011-07-07,69.657402
2011-07-08,69.234474
2011-07-11,67.762444
2011-07-12,67.380188
2011-07-13,67.982040
2011-07-14,66.900391
2011-07-15,67.347672
2011-07-18,66.265991
2011-07-19,67.762444
2011-07-20,67.648590
2011-07-21,68.266663
2011-07-22,68.356133
2011-07-25,67.551003
2011-07-26,67.038620
2011-07-27,65.037949
2011-07-28,64.932220
2011-07-29,64.850899
2011-08-01,64.428024
2011-08-02,62.419216
2011-08-03,62.833973
2011-08-04,59.044098
2011-08-05,58.011234
2011-08-08,52.960762
2011-08-09,56.490395
2011-08-10,53.725262
2011-08-11,56.409065
2011-08-12,56.758774
2011-08-15,58.360966
2011-08-16,57.287407
2011-08-17,57.303680
2011-08-18,54.042408
2011-08-19,53.090881
2011-08-22,52.903824
2011-08-23,55.457542
2011-08-24,56.278946
2011-08-25,54.896358
2011-08-26,56.205742
2011-08-29,58.865177
2011-08-30,59.206734
2011-08-31,59.084759
2011-09-01,57.816032
2011-09-02,55.677109
2011-09-06,55.522587
2011-09-07,57.620853
2011-09-08,56.563610
2011-09-09,54.896358
2011-09-12,55.368065
2011-09-13,56.262676
2011-09-14,57.271152
2011-09-15,58.076313
2011-09-16,58.165741
2011-09-19,57.124763
2011-09-20,56.238285
2011-09-21,54.156277
2011-09-22,52.643600
2011-09-23,53.182438
2011-09-26,54.186642
2011-09-27,55.354130
2011-09-28,53.231411
2011-09-29,54.153973
2011-09-30,52.496620
2011-10-03,49.794239
2011-10-04,52.896675
2011-10-05,53.623295
2011-10-06,54.815285
2011-10-07,53.476349
2011-10-10,55.819500
2011-10-11,56.203251
2011-10-12,57.003323
2011-10-13,56.954365
2011-10-14,58.081036
2011-10-17,56.317539
2011-10-18,57.811615
2011-10-19,56.684944
2011-10-20,56.840054
2011-10-21,58.072845
2011-10-24,59.942490
2011-10-25,58.260658
2011-10-26,59.264854
2011-10-27,62.391792
2011-10-28,62.073387
2011-10-31,60.424198
2011-11-01,58.285137
2011-11-02,59.722065
2011-11-03,61.207954
2011-11-04,60.905888
2011-11-07,60.783413
2011-11-08,61.673336
2011-11-09,58.734173
2011-11-10,59.166908
2011-11-11,60.726261
2011-11-14,59.852688
2011-11-15,60.611946
2011-11-16,59.632263
2011-11-17,58.783188
2011-11-18,58.766834
2011-11-21,57.362568
2011-11-22,56.880871
2011-11-23,55.092888
2011-11-25,54.390751
2011-11-28,56.978840
2011-11-29,56.872715
2011-11-30,60.195595
2011-12-01,59.762859
2011-12-02,60.007809
2011-12-05,61.036499
2011-12-06,61.093670
2011-12-07,60.971176
2011-12-08,59.077065
2011-12-09,60.856907
2011-12-12,59.983311
2011-12-13,58.734173
2011-12-14,57.999378
2011-12-15,58.538216
2011-12-16,58.995419
2011-12-19,57.974892
2011-12-20,60.301735
2011-12-21,60.546638
2011-12-22,60.932255
2011-12-23,61.161980
2011-12-27,61.342464
2011-12-28,60.226696
2011-12-29,60.833786
2011-12-30,60.505642
2012-01-03,61.506557
2012-01-04,61.170181
2012-01-05,61.514767
2012-01-06,61.358856
2012-01-09,61.670616
2012-01-10,62.573082
2012-01-11,62.819202
2012-01-12,63.007912
2012-01-13,62.671528
2012-01-17,62.646927
2012-01-18,63.762722
2012-01-19,64.156487
2012-01-20,64.197502
2012-01-23,64.115463
2012-01-24,64.484642
2012-01-25,65.034302
2012-01-26,64.960457
2012-01-27,65.403503
2012-01-30,64.894882
2012-01-31,64.829224
2012-02-01,66.223923
2012-02-02,66.601334
2012-02-03,68.053452
2012-02-06,67.831955
2012-02-07,67.790916
2012-02-08,67.938568
2012-02-09,67.602234
2012-02-10,66.675179
2012-02-13,67.536598
2012-02-14,67.233040
2012-02-15,66.675179
2012-02-16,67.930397
2012-02-17,67.922195
2012-02-21,67.462761
2012-02-22,66.929504
2012-02-23,67.930397
2012-02-24,67.799133
2012-02-27,67.684296
2012-02-28,67.503784
2012-02-29,66.494698
2012-03-01,66.839279
2012-03-02,65.838333
2012-03-05,65.912178
2012-03-06,64.599495
2012-03-07,65.206635
2012-03-08,66.051628
2012-03-09,66.945877
2012-03-12,66.814613
2012-03-13,68.143707
2012-03-14,67.585808
2012-03-15,68.151924
2012-03-16,68.094482
2012-03-19,68.668739
2012-03-20,68.053452
2012-03-21,68.037056
2012-03-22,67.380714
2012-03-23,68.039894
2012-03-26,69.455315
2012-03-27,68.969795
2012-03-28,68.566551
2012-03-29,68.369057
2012-03-30,68.146843
2012-04-02,68.986252
2012-04-03,68.525406
2012-04-04,67.430939
2012-04-05,67.134659
2012-04-09,66.031937
2012-04-10,64.476601
2012-04-11,65.390045
2012-04-12,66.328163
2012-04-13,65.455879
2012-04-16,65.562859
2012-04-17,66.509232
2012-04-18,66.007248
2012-04-19,65.628693
2012-04-20,66.007248
2012-04-23,65.093773
2012-04-24,65.587532
2012-04-25,66.607986
2012-04-26,67.266296
2012-04-27,67.792953
2012-04-30,67.044144
2012-05-01,67.109985
2012-05-02,67.291023
2012-05-03,66.344643
2012-05-04,65.085556
2012-05-07,65.258392
2012-05-08,65.217209
2012-05-09,64.846909
2012-05-10,65.093773
2012-05-11,64.929184
2012-05-14,64.065163
2012-05-15,63.949905
2012-05-16,63.489094
2012-05-17,62.048962
2012-05-18,61.464676
2012-05-21,62.913006
2012-05-22,62.534470
2012-05-23,62.937721
2012-05-24,63.069397
2012-05-25,63.028225
2012-05-29,63.941704
2012-05-30,62.715511
2012-05-31,62.633251
2012-06-01,60.748730
2012-06-04,60.608826
2012-06-05,61.390610
2012-06-06,62.904819
2012-06-07,62.493351
2012-06-08,63.340965
2012-06-11,61.941975
2012-06-12,62.723759
2012-06-13,61.999577
2012-06-14,62.707287
2012-06-15,63.546677
2012-06-18,63.620735
2012-06-19,64.723495
2012-06-20,64.624725
2012-06-21,63.052917
2012-06-22,63.768867
2012-06-25,62.773144
2012-06-26,63.018745
2012-06-27,64.044235
2012-06-28,63.936756
2012-06-29,65.797523
2012-07-02,66.558388
2012-07-03,67.426750
2012-07-05,67.352333
2012-07-06,66.599754
2012-07-09,66.343338
2012-07-10,65.607315
2012-07-11,65.383980
2012-07-12,65.160713
2012-07-13,65.971214
2012-07-16,65.706573
2012-07-17,65.938133
2012-07-18,66.343338
2012-07-19,66.120071
2012-07-20,65.276527
2012-07-23,64.234474
2012-07-24,63.390903
2012-07-25,63.531521
2012-07-26,64.077354
2012-07-27,65.599052
2012-07-30,65.375740
2012-07-31,64.796829
2012-08-01,63.729961
2012-08-02,63.498409
2012-08-03,65.011864
2012-08-06,65.516365
2012-08-07,66.111778
2012-08-08,66.012558
2012-08-09,66.326828
2012-08-10,66.095268
2012-08-13,65.987755
2012-08-14,65.830612
2012-08-15,66.409531
2012-08-16,67.104210
2012-08-17,67.575623
2012-08-20,67.426750
2012-08-21,67.385406
2012-08-22,67.062851
2012-08-23,66.591469
2012-08-24,66.773407
2012-08-27,66.971886
2012-08-28,67.277893
2012-08-29,67.484604
2012-08-30,66.814743
2012-08-31,67.087669
2012-09-04,67.906433
2012-09-05,67.922974
2012-09-06,69.171761
2012-09-07,69.684509
2012-09-10,69.370224
2012-09-11,69.519119
2012-09-12,69.874741
2012-09-13,70.792717
2012-09-14,71.454346
2012-09-17,71.123535
2012-09-18,70.891975
2012-09-19,70.767906
2012-09-20,70.453674
2012-09-21,70.710014
2012-09-24,70.479210
2012-09-25,69.466293
2012-09-26,69.026299
2012-09-27,69.773529
2012-09-28,69.275360
2012-10-01,69.507820
2012-10-02,69.640648
2012-10-03,69.441422
2012-10-04,69.914642
2012-10-05,69.831657
2012-10-08,69.391602
2012-10-09,68.577950
2012-10-10,68.470032
2012-10-11,68.719101
2012-10-12,68.162834
2012-10-15,68.611130
2012-10-16,69.117599
2012-10-17,69.740288
2012-10-18,69.358391
2012-10-19,67.955284
2012-10-22,67.938698
2012-10-23,67.598267
2012-10-24,67.415611
2012-10-25,67.689598
2012-10-26,67.365799
2012-10-31,67.772636
2012-11-01,68.486626
2012-11-02,67.407333
2012-11-05,67.855667
2012-11-06,68.362083
2012-11-07,66.701591
2012-11-08,65.763435
2012-11-09,65.904572
2012-11-12,65.713638
2012-11-13,65.340042
2012-11-14,64.127869
2012-11-15,63.795773
2012-11-16,64.327141
2012-11-19,65.688736
2012-11-20,65.804962
2012-11-21,66.153648
2012-11-23,66.809547
2012-11-26,67.025414
2012-11-27,66.942360
2012-11-28,67.506943
2012-11-29,68.279076
2012-11-30,68.146255
2012-12-03,68.071495
2012-12-04,68.154518
2012-12-05,68.071495
2012-12-06,68.179466
2012-12-07,68.229263
2012-12-10,68.528130
2012-12-11,69.250458
2012-12-12,68.860252
2012-12-13,68.420227
2012-12-14,68.378693
2012-12-17,69.341789
2012-12-18,70.288277
2012-12-19,70.444847
2012-12-20,70.796562
2012-12-21,70.503464
2012-12-24,70.160126
2012-12-26,69.657654
2012-12-27,69.607452
2012-12-28,69.113358
2012-12-31,70.612328
2013-01-02,72.689163
2013-01-03,72.521683
2013-01-04,73.057648
2013-01-07,72.781311
2013-01-08,72.731071
2013-01-09,73.082733
2013-01-10,73.250244
2013-01-11,73.141388
2013-01-14,73.183235
2013-01-15,73.501472
2013-01-16,73.283760
2013-01-17,73.962067
2013-01-18,74.171417
2013-01-22,74.707390
2013-01-23,74.531540
2013-01-24,74.774414
2013-01-25,75.318687
2013-01-28,75.368988
2013-01-29,75.410835
2013-01-30,74.506393
2013-01-31,75.017258
2013-02-01,75.678795
2013-02-04,74.766014
2013-02-05,75.435944
2013-02-06,75.754204
2013-02-07,75.502968
2013-02-08,76.038902
2013-02-11,75.955170
2013-02-12,76.290123
2013-02-13,76.608345
2013-02-14,76.800957
2013-02-15,76.826088
2013-02-19,77.504402
2013-02-20,76.064041
2013-02-21,75.327072
2013-02-22,76.231537
2013-02-25,74.548271
2013-02-26,74.841370
2013-02-27,75.628571
2013-02-28,75.770927
2013-03-01,76.114273
2013-03-04,76.315292
2013-03-05,77.202965
2013-03-06,77.403931
2013-03-07,77.772392
2013-03-08,78.492577
2013-03-11,78.467453
2013-03-12,78.308350
2013-03-13,78.601471
2013-03-14,79.388634
2013-03-15,79.346756
2013-03-18,78.911308
2013-03-19,78.576324
2013-03-20,79.304893
2013-03-21,78.609840
2013-03-22,78.852692
2013-03-25,78.898033
2013-03-26,79.149971
2013-03-27,79.200333
2013-03-28,79.301125
2013-04-01,78.234619
2013-04-02,77.747513
2013-04-03,76.529846
2013-04-04,77.184845
2013-04-05,77.033691
2013-04-08,77.671944
2013-04-09,77.445221
2013-04-10,78.847641
2013-04-11,78.956818
2013-04-12,78.637703
2013-04-15,75.673248
2013-04-16,76.983307
2013-04-17,75.648048
2013-04-18,75.228157
2013-04-19,76.093155
2013-04-22,76.311493
2013-04-23,77.520775
2013-04-24,77.923882
2013-04-25,78.436157
2013-04-26,78.016266
2013-04-29,78.578918
2013-04-30,79.024010
2013-05-01,77.109299
2013-05-02,78.335381
2013-05-03,79.578285
2013-05-06,80.090508
2013-05-07,80.745552
2013-05-08,80.980705
2013-05-09,80.703560
2013-05-10,81.316643
2013-05-13,81.257851
2013-05-14,82.299171
2013-05-15,82.467117
2013-05-16,82.257172
2013-05-17,83.180977
2013-05-20,83.315331
2013-05-21,83.332115
2013-05-22,82.114403
2013-05-23,82.215164
2013-05-24,82.198395
2013-05-28,83.264946
2013-05-29,82.492310
2013-05-30,83.046562
2013-05-31,82.131165
2013-06-03,82.912178
2013-06-04,82.030426
2013-06-05,80.980705
2013-06-06,81.837296
2013-06-07,82.467117
2013-06-10,82.970993
2013-06-11,82.072441
2013-06-12,81.257851
2013-06-13,82.693886
2013-06-14,82.055611
2013-06-17,82.593102
2013-06-18,83.567245
2013-06-19,82.542709
2013-06-20,80.359268
2013-06-21,80.594383
2013-06-24,79.536255
2013-06-25,80.300491
2013-06-26,80.678391
2013-06-27,81.929672
2013-06-28,81.459396
2013-07-01,82.786240
2013-07-02,82.727203
2013-07-03,82.895897
2013-07-05,84.068291
2013-07-08,84.405708
2013-07-09,85.190132
2013-07-10,85.426323
2013-07-11,86.430008
2013-07-12,86.607117
2013-07-15,87.366249
2013-07-16,86.927696
2013-07-17,87.265060
2013-07-18,87.847069
2013-07-19,87.981987
2013-07-22,88.167534
2013-07-23,88.108498
2013-07-24,87.374710
2013-07-25,88.175995
2013-07-26,87.821716
2013-07-29,87.206001
2013-07-30,87.281921
2013-07-31,87.433754
2013-08-01,88.623024
2013-08-02,88.698952
2013-08-05,89.002594
2013-08-06,88.108498
2013-08-07,87.484360
2013-08-08,87.847069
2013-08-09,87.754257
2013-08-12,88.218163
2013-08-13,88.100075
2013-08-14,87.754257
2013-08-15,86.126335
2013-08-16,85.763680
2013-08-19,84.894920
2013-08-20,86.117935
2013-08-21,85.594994
2013-08-22,86.801147
2013-08-23,87.020477
2013-08-26,87.028870
2013-08-27,84.987694
2013-08-28,85.156387
2013-08-29,86.008278
2013-08-30,84.667145
2013-09-03,85.240723
2013-09-04,85.991440
2013-09-05,86.126335
2013-09-06,86.362549
2013-09-09,87.669914
2013-09-10,88.530266
2013-09-11,88.572426
2013-09-12,87.922966
2013-09-13,88.403717
2013-09-16,88.597710
2013-09-17,89.474937
2013-09-18,90.326805
2013-09-19,90.234024
2013-09-20,89.905113
2013-09-23,89.913528
2013-09-24,90.212082
2013-09-25,90.042923
2013-09-26,90.541916
2013-09-27,90.135948
2013-09-30,90.161339
2013-10-01,91.209999
2013-10-02,90.837898
2013-10-03,89.907631
2013-10-04,90.508072
2013-10-07,89.450935
2013-10-08,88.004753
2013-10-09,87.649582
2013-10-10,89.763855
2013-10-11,91.066246
2013-10-14,91.522919
2013-10-15,90.626480
2013-10-16,91.751274
2013-10-17,92.554680
2013-10-18,93.611839
2013-10-21,93.425781
2013-10-22,93.671028
2013-10-23,93.358124
2013-10-24,93.857094
2013-10-25,93.941681
2013-10-28,93.899384
2013-10-29,94.169968
2013-10-30,92.884537
2013-10-31,92.343262
2013-11-01,91.945778
2013-11-04,93.002953
2013-11-05,92.681541
2013-11-06,92.284058
2013-11-07,90.727943
2013-11-08,92.377106
2013-11-11,92.503960
2013-11-12,92.580063
2013-11-13,93.468056
2013-11-14,93.375031
2013-11-15,93.730240
2013-11-18,93.070595
2013-11-19,92.495506
2013-11-20,92.461670
2013-11-21,94.127731
2013-11-22,94.592873
2013-11-25,94.711250
2013-11-26,95.413177
2013-11-27,95.946007
2013-11-29,95.996727
2013-12-02,95.032646
2013-12-03,94.575920
2013-12-04,94.322197
2013-12-05,94.389893
2013-12-06,95.125671
2013-12-09,95.100304
2013-12-10,94.237663
2013-12-11,92.689995
2013-12-12,92.892967
2013-12-13,93.197411
2013-12-16,94.305321
2013-12-17,94.169968
2013-12-18,95.463951
2013-12-19,94.753578
2013-12-20,96.351936
2013-12-23,97.444572
2013-12-24,97.818092
2013-12-26,97.826584
2013-12-27,97.767166
2013-12-30,97.707741
2013-12-31,97.936989
2014-01-02,96.875755
2014-01-03,97.368134
2014-01-06,96.578613
2014-01-07,97.385155
2014-01-08,97.512489
2014-01-09,97.537956
2014-01-10,98.072800
2014-01-13,96.731430
2014-01-14,97.919991
2014-01-15,98.650108
2014-01-16,98.768982
2014-01-17,98.420883
2014-01-21,99.006653
2014-01-22,99.507561
2014-01-23,98.836853
2014-01-24,96.315445
2014-01-27,94.906158
2014-01-28,95.907921
2014-01-29,94.524124
2014-01-30,95.933380
2014-01-31,95.220299
2014-02-03,92.240395
2014-02-04,92.936577
2014-02-05,92.240395
2014-02-06,92.970497
2014-02-07,94.023216
2014-02-10,94.269424
2014-02-11,95.109894
2014-02-12,95.483467
2014-02-13,96.697472
2014-02-14,96.833290
2014-02-18,97.843575
2014-02-19,96.841789
2014-02-20,97.886047
2014-02-21,98.191681
2014-02-24,98.913277
2014-02-25,99.015152
2014-02-26,99.626411
2014-02-27,100.169731
2014-02-28,99.770721
2014-03-03,99.235878
2014-03-04,101.731842
2014-03-05,101.672424
2014-03-06,101.655457
2014-03-07,101.621475
2014-03-10,101.281906
2014-03-11,100.229172
2014-03-12,100.534790
2014-03-13,99.371735
2014-03-14,99.787720
2014-03-17,100.229172
2014-03-18,101.689415
2014-03-19,101.027206
2014-03-20,101.163040
2014-03-21,100.696106
2014-03-24,99.550034
2014-03-25,99.526184
2014-03-26,97.619560
2014-03-27,97.372742
2014-03-28,97.279114
2014-03-31,99.023979
2014-04-01,100.326241
2014-04-02,100.777374
2014-04-03,99.755966
2014-04-04,97.449333
2014-04-07,96.027908
2014-04-08,96.700310
2014-04-09,98.096237
2014-04-10,95.295883
2014-04-11,93.976578
2014-04-14,94.240479
2014-04-15,94.606461
2014-04-16,95.636368
2014-04-17,96.113029
2014-04-21,96.564156
2014-04-22,97.560005
2014-04-23,96.947136
2014-04-24,96.700310
2014-04-25,94.998001
2014-04-28,94.444740
2014-04-29,94.683067
2014-04-30,95.312935
2014-05-01,95.278854
2014-05-02,95.355461
2014-05-05,95.236336
2014-05-06,93.687218
2014-05-07,93.746803
2014-05-08,92.801994
2014-05-09,93.653160
2014-05-12,95.781044
2014-05-13,94.844810
2014-05-14,93.304176
2014-05-15,92.674324
2014-05-16,93.261627
2014-05-19,94.265976
2014-05-20,92.827545
2014-05-21,93.304176
2014-05-22,94.274521
2014-05-23,95.304398
2014-05-27,96.674774
2014-05-28,96.172585
2014-05-29,96.496025
2014-05-30,96.061974
2014-06-02,95.542709
2014-06-03,95.312935
2014-06-04,95.687416
2014-06-05,97.696190
2014-06-06,98.632454
2014-06-09,99.500641
2014-06-10,99.304863
2014-06-11,98.819702
2014-06-12,98.215393
2014-06-13,98.385590
2014-06-16,98.862259
2014-06-17,99.560219
2014-06-18,100.232635
2014-06-19,100.317749
2014-06-20,100.649689
2014-06-23,100.453941
2014-06-24,99.381470
2014-06-25,100.224091
2014-06-26,100.053909
2014-06-27,100.726295
2014-06-30,101.126343
2014-07-01,102.156242
2014-07-02,101.762360
2014-07-03,102.377563
2014-07-07,100.625969
2014-07-08,99.404114
2014-07-09,99.532295
2014-07-10,98.472816
2014-07-11,98.344643
2014-07-14,98.848770
2014-07-15,97.874702
2014-07-16,97.609856
2014-07-17,96.106087
2014-07-18,97.601303
2014-07-21,97.208252
2014-07-22,98.028503
2014-07-23,98.148140
2014-07-24,97.951614
2014-07-25,97.063011
2014-07-28,96.575981
2014-07-29,96.840866
2014-07-30,97.225327
2014-07-31,95.003838
2014-08-01,94.568085
2014-08-04,95.405434
2014-08-05,95.166183
2014-08-06,95.465218
2014-08-07,95.003838
2014-08-08,95.926643
2014-08-11,96.840866
2014-08-12,96.174400
2014-08-13,96.926315
2014-08-14,97.071533
2014-08-15,96.883598
2014-08-18,98.293388
2014-08-19,98.635155
2014-08-20,98.216484
2014-08-21,98.430115
2014-08-22,98.438637
2014-08-25,98.900032
2014-08-26,99.797195
2014-08-27,99.549393
2014-08-28,99.036743
2014-08-29,99.592140
2014-09-02,100.138939
2014-09-03,99.506653
2014-09-04,99.122192
2014-09-05,99.438332
2014-09-08,99.592140
2014-09-09,98.413010
2014-09-10,98.994041
2014-09-11,99.634850
2014-09-12,98.575363
2014-09-15,97.498787
2014-09-16,97.772179
2014-09-17,98.028503
2014-09-18,98.626579
2014-09-19,97.379128
2014-09-22,96.012062
2014-09-23,95.114914
2014-09-24,95.976006
2014-09-25,94.356636
2014-09-26,95.204872
2014-09-29,95.127800
2014-09-30,93.688385
2014-10-01,92.360374
2014-10-02,93.242874
2014-10-03,93.945427
2014-10-06,93.140053
2014-10-07,91.606430
2014-10-08,93.362823
2014-10-09,90.843895
2014-10-10,89.738640
2014-10-13,89.378769
2014-10-14,90.424072
2014-10-15,91.332268
2014-10-16,92.360374
2014-10-17,92.086220
2014-10-20,93.165741
2014-10-21,94.699356
2014-10-22,93.345703
2014-10-23,94.999275
2014-10-24,95.162018
2014-10-27,95.110626
2014-10-28,97.818039
2014-10-29,97.586716
2014-10-30,98.417801
2014-10-31,99.865761
2014-11-03,99.694382
2014-11-04,99.231689
2014-11-05,99.411644
2014-11-06,99.840004
2014-11-07,99.994247
2014-11-10,100.491173
2014-11-11,100.559715
2014-11-12,101.013802
2014-11-13,100.157036
2014-11-14,99.977104
2014-11-17,99.146049
2014-11-18,99.720085
2014-11-19,98.657700
2014-11-20,99.762894
2014-11-21,99.882858
2014-11-24,101.073784
2014-11-25,101.150879
2014-11-26,101.485054
2014-11-28,99.977104
2014-12-01,98.417801
2014-12-02,99.600143
2014-12-03,100.559715
2014-12-04,100.079903
2014-12-05,100.833893
2014-12-08,99.574463
2014-12-09,101.245132
2014-12-10,99.094620
2014-12-11,99.488739
2014-12-12,98.280685
2014-12-15,97.286827
2014-12-16,97.149780
2014-12-17,100.148483
2014-12-18,101.639252
2014-12-19,101.870567
2014-12-22,102.564583
2014-12-23,102.693092
2014-12-24,102.989784
2014-12-26,103.660545
2014-12-29,104.099129
2014-12-30,103.488541
2014-12-31,102.869370
2015-01-02,102.276031
2015-01-05,100.908646
2015-01-06,99.162903
2015-01-07,100.384079
2015-01-08,102.086800
2015-01-09,101.106445
2015-01-12,100.771027
2015-01-13,100.848457
2015-01-14,100.444298
2015-01-15,98.750145
2015-01-16,100.358276
2015-01-20,99.936913
2015-01-21,99.618698
2015-01-22,101.648239
2015-01-23,101.579445
2015-01-26,102.559807
2015-01-27,102.069626
2015-01-28,100.349663
2015-01-29,101.734222
2015-01-30,99.498322
2015-02-02,100.409882
2015-02-03,102.207207
2015-02-04,101.828827
2015-02-05,103.144577
2015-02-06,103.032776
2015-02-09,102.215813
2015-02-10,102.869370
2015-02-11,102.723190
2015-02-12,103.892754
2015-02-13,104.511917
2015-02-17,104.838737
2015-02-18,104.950508
2015-02-19,104.959099
2015-02-20,105.242874
2015-02-23,105.346085
2015-02-24,105.483688
2015-02-25,105.604095
2015-02-26,105.991074
2015-02-27,105.414909
2015-03-02,106.180260
2015-03-03,105.552483
2015-03-04,105.225685
2015-03-05,105.535286
2015-03-06,104.202324
2015-03-09,104.658134
2015-03-10,103.454163
2015-03-11,104.090569
2015-03-12,105.819084
2015-03-13,105.440681
2015-03-16,106.059868
2015-03-17,106.343674
2015-03-18,107.195030
2015-03-19,107.401405
2015-03-20,108.347389
2015-03-23,108.252769
2015-03-24,108.226967
2015-03-25,105.641808
2015-03-26,105.512405
2015-03-27,106.185226
2015-03-30,107.625732
2015-03-31,107.280716
2015-04-01,107.323853
2015-04-02,107.522232
2015-04-06,107.996651
2015-04-07,107.306602
2015-04-08,108.229584
2015-04-09,107.841393
2015-04-10,108.358925
2015-04-13,108.427940
2015-04-14,108.402084
2015-04-15,109.161186
2015-04-16,109.100807
2015-04-17,107.332458
2015-04-20,108.384857
2015-04-21,108.272690
2015-04-22,108.436600
2015-04-23,108.928284
2015-04-24,108.565971
2015-04-27,107.366974
2015-04-28,107.962158
2015-04-29,106.789047
2015-04-30,104.529045
2015-05-01,105.210503
2015-05-04,105.590034
2015-05-05,104.244392
2015-05-06,104.606659
2015-05-07,105.003479
2015-05-08,105.788437
2015-05-11,105.848824
2015-05-12,105.659065
2015-05-13,105.659065
2015-05-14,106.780426
2015-05-15,106.659660
2015-05-18,107.867287
2015-05-19,107.720634
2015-05-20,107.919029
2015-05-21,107.798256
2015-05-22,107.332458
2015-05-26,106.305984
2015-05-27,107.608505
2015-05-28,107.513634
2015-05-29,106.866692
2015-06-01,107.203079
2015-06-02,107.410126
2015-06-03,108.479729
2015-06-04,107.392891
2015-06-05,108.169174
2015-06-08,107.668884
2015-06-09,107.341087
2015-06-10,108.678108
2015-06-11,108.954140
2015-06-12,108.626350
2015-06-15,108.281342
2015-06-16,109.049049
2015-06-17,108.885162
2015-06-18,110.342926
2015-06-19,110.291191
2015-06-22,111.050262
2015-06-23,111.283165
2015-06-24,110.342926
2015-06-25,110.282539
2015-06-26,109.980614
2015-06-29,107.203079
2015-06-30,107.703400
2015-07-01,108.022575
2015-07-02,107.224754
2015-07-06,107.190094
2015-07-07,107.311340
2015-07-08,105.674110
2015-07-09,106.055305
2015-07-10,107.527924
2015-07-13,108.740662
2015-07-14,109.347046
2015-07-15,108.766655
2015-07-16,109.416344
2015-07-17,108.939934
2015-07-20,108.350868
2015-07-21,107.839752
2015-07-22,108.238235
2015-07-23,107.042831
2015-07-24,105.318985
2015-07-27,104.444061
2015-07-28,105.336288
2015-07-29,105.630836
2015-07-30,105.934021
2015-07-31,106.514381
2015-08-03,105.985970
2015-08-04,105.734764
2015-08-05,105.977333
2015-08-06,104.548004
2015-08-07,103.846344
2015-08-10,105.041771
2015-08-11,104.140869
2015-08-12,103.941628
2015-08-13,103.595131
2015-08-14,104.262169
2015-08-17,105.362289
2015-08-18,104.522018
2015-08-19,103.439201
2015-08-20,100.823143
2015-08-21,99.645004
2015-08-24,95.755539
2015-08-25,95.019234
2015-08-26,97.436089
2015-08-27,99.177238
2015-08-28,100.156120
2015-08-31,99.792282
2015-09-01,96.933632
2015-09-02,98.674805
2015-09-03,98.518898
2015-09-04,97.773918
2015-09-08,100.008850
2015-09-09,98.856773
2015-09-10,99.307198
2015-09-11,99.774971
2015-09-14,99.315834
2015-09-15,100.433311
2015-09-16,101.299561
2015-09-17,101.646080
2015-09-18,100.242729
2015-09-21,100.060837
2015-09-22,98.544868
2015-09-23,98.250366
2015-09-24,98.085762
2015-09-25,96.794823
2015-09-28,94.084366
2015-09-29,93.415451
2015-09-30,94.866219
2015-10-01,94.701157
2015-10-02,96.108528
2015-10-05,98.402000
2015-10-06,97.724365
2015-10-07,99.453163
2015-10-08,100.347954
2015-10-09,100.547752
2015-10-12,100.400101
2015-10-13,99.027489
2015-10-14,98.054504
2015-10-15,100.400101
2015-10-16,100.269775
2015-10-19,100.460899
2015-10-20,100.321899
2015-10-21,98.792953
2015-10-22,99.661674
2015-10-23,100.643349
2015-10-26,99.957016
2015-10-27,98.862434
2015-10-28,101.746643
2015-10-29,100.660721
2015-10-30,100.200272
2015-11-02,102.285233
2015-11-03,102.815170
2015-11-04,102.763054
2015-11-05,102.841240
2015-11-06,103.570976
2015-11-09,102.354759
2015-11-10,102.658813
2015-11-11,101.764008
2015-11-12,99.818039
2015-11-13,99.097000
2015-11-16,99.948372
2015-11-17,99.566071
2015-11-18,101.251457
2015-11-19,100.825737
2015-11-20,101.477318
2015-11-23,101.981186
2015-11-24,102.728294
2015-11-25,103.527550
2015-11-27,103.918480
2015-11-30,103.466736
2015-12-01,104.153061
2015-12-02,103.032341
2015-12-03,101.294914
2015-12-04,102.320000
2015-12-07,100.782326
2015-12-08,100.226349
2015-12-09,99.105667
2015-12-10,99.435791
2015-12-11,97.220497
2015-12-14,96.525513
2015-12-15,97.915512
2015-12-16,99.409721
2015-12-17,98.349876
2015-12-18,96.846954
2015-12-21,97.576683
2015-12-22,98.471497
2015-12-23,99.713776
2015-12-24,99.902237
2015-12-28,99.439804
2015-12-29,100.512985
2015-12-30,99.500916
2015-12-31,98.261932
2016-01-04,95.984680
2016-01-05,96.194092
2016-01-06,94.728294
2016-01-07,92.197990
2016-01-08,90.610031
2016-01-11,90.217415
2016-01-12,90.487869
2016-01-13,87.582436
2016-01-14,88.795219
2016-01-15,87.355583
2016-01-19,86.177681
2016-01-20,86.535393
2016-01-21,86.334717
2016-01-22,88.446213
2016-01-25,86.483070
2016-01-26,88.210655
2016-01-27,86.997849
2016-01-28,86.980385
2016-01-29,89.833496
2016-02-01,89.423439
2016-02-02,87.495163
2016-02-03,87.608612
2016-02-04,87.948875
2016-02-05,85.540756
2016-02-08,84.136002
2016-02-09,83.568886
2016-02-10,83.612518
2016-02-11,82.705109
2016-02-12,84.275612
2016-02-16,86.273651
2016-02-17,87.626045
2016-02-18,87.207230
2016-02-19,87.643486
2016-02-22,88.620712
2016-02-23,87.809258
2016-02-24,88.655624
2016-02-25,89.467026
2016-02-26,90.034172
2016-02-29,89.632805
2016-03-01,91.561073
2016-03-02,92.503380
2016-03-03,93.471870
2016-03-04,93.986626
2016-03-07,95.007469
2016-03-08,92.712776
2016-03-09,93.183937
2016-03-10,92.424843
2016-03-11,94.405426
2016-03-14,94.161148
2016-03-15,92.695328
2016-03-16,93.349701
2016-03-17,94.780594
2016-03-18,95.635681
2016-03-21,95.408829
2016-03-22,95.295403
2016-03-23,93.533760
2016-03-24,93.813820
2016-03-28,93.927559
2016-03-29,96.535446
2016-03-30,96.544228
2016-03-31,96.815491
2016-04-01,97.244308
2016-04-04,96.430443
2016-04-05,95.336540
2016-04-06,96.412949
2016-04-07,95.109016
2016-04-08,95.485306
2016-04-11,95.187759
2016-04-12,96.211670
2016-04-13,98.285736
2016-04-14,98.163177
2016-04-15,98.408218
2016-04-18,99.152092
2016-04-19,99.230843
2016-04-20,99.379623
2016-04-21,98.880806
2016-04-22,99.860947
2016-04-25,99.152092
2016-04-26,100.123512
2016-04-27,100.473534
2016-04-28,99.327110
2016-04-29,98.434494
2016-05-02,99.309608
2016-05-03,97.681923
2016-05-04,96.876762
2016-05-05,96.491707
2016-05-06,97.060532
2016-05-09,97.340584
2016-05-10,98.320724
2016-05-11,97.104294
2016-05-12,96.587990
2016-05-13,95.949120
2016-05-16,97.165550
2016-05-17,95.625305
2016-05-18,96.124146
2016-05-19,95.354019
2016-05-20,96.955528
2016-05-23,96.841736
2016-05-24,98.837044
2016-05-25,99.414650
2016-05-26,99.300873
2016-05-27,100.289749
2016-05-31,100.639816
2016-06-01,101.322418
2016-06-02,102.101280
2016-06-03,101.488701
2016-06-06,102.582596
2016-06-07,102.880127
2016-06-08,103.641502
2016-06-09,102.976410
2016-06-10,101.576195
2016-06-13,100.473534
2016-06-14,100.184761
2016-06-15,100.254745
2016-06-16,100.246010
2016-06-17,99.817192
2016-06-20,100.902359
2016-06-21,100.709839
2016-06-22,100.316032
2016-06-23,102.232536
2016-06-24,98.346977
2016-06-27,95.117767
2016-06-28,96.587990
2016-06-29,98.784554
2016-06-30,100.622330
2016-07-01,100.981117
2016-07-05,99.493401
2016-07-06,100.215797
2016-07-07,100.426994
2016-07-08,102.767639
2016-07-11,103.955551
2016-07-12,105.345833
2016-07-13,104.932251
2016-07-14,105.037857
2016-07-15,105.328224
2016-07-18,105.504250
2016-07-19,104.976273
2016-07-20,105.662613
2016-07-21,105.161057
2016-07-22,105.944206
2016-07-25,105.785812
2016-07-26,106.296181
2016-07-27,106.595345
2016-07-28,106.322571
2016-07-29,106.533730
2016-08-01,106.621773
2016-08-02,105.134659
2016-08-03,105.988213
2016-08-04,106.084984
2016-08-05,107.616096
2016-08-08,107.563293
2016-08-09,107.677681
2016-08-10,106.903336
2016-08-11,107.413689
2016-08-12,107.519302
2016-08-15,108.584000
2016-08-16,107.704086
2016-08-17,107.387291
2016-08-18,108.179237
2016-08-19,108.179237
2016-08-22,108.425621
2016-08-23,109.182373
2016-08-24,108.293625
2016-08-25,108.504822
2016-08-26,108.284828
2016-08-29,108.847969
2016-08-30,109.050392
2016-08-31,108.434410
2016-09-01,108.513611
2016-09-02,109.560730
2016-09-06,109.666321
2016-09-07,110.352669
2016-09-08,110.132698
2016-09-09,106.692154
2016-09-12,108.179237
2016-09-13,106.102585
2016-09-14,106.120193
2016-09-15,107.387291
2016-09-16,107.228920
2016-09-19,107.941658
2016-09-20,107.484085
2016-09-21,109.041573
2016-09-22,110.607872
2016-09-23,109.824707
2016-09-26,108.734100
2016-09-27,109.175278
2016-09-28,110.013550
2016-09-29,108.407646
2016-09-30,109.598816
2016-10-03,109.254684
2016-10-04,108.716454
2016-10-05,109.369400
2016-10-06,109.254684
2016-10-07,108.381142
2016-10-10,109.678223
2016-10-11,107.675278
2016-10-12,107.587029
2016-10-13,106.695847
2016-10-14,106.263496
2016-10-17,106.139954
2016-10-18,106.748795
2016-10-19,107.198799
2016-10-20,106.881111
2016-10-21,106.828171
2016-10-24,107.507622
2016-10-25,106.704666
2016-10-26,105.645828
2016-10-27,104.436981
2016-10-28,104.145805
2016-10-31,104.560516
2016-11-01,103.281090
2016-11-02,101.966339
2016-11-03,101.472221
2016-11-04,102.125183
2016-11-07,104.622269
2016-11-08,104.895790
2016-11-09,108.125305
2016-11-10,109.854721
2016-11-11,112.378296
2016-11-14,113.957687
2016-11-15,114.310699
2016-11-16,114.301834
2016-11-17,114.972427
2016-11-18,115.581261
2016-11-21,116.119499
2016-11-22,117.178406
2016-11-23,117.910706
2016-11-25,118.298996
2016-11-28,116.763680
2016-11-29,116.701889
2016-11-30,116.128349
2016-12-01,115.563606
2016-12-02,115.501862
2016-12-05,117.487167
2016-12-06,118.757774
2016-12-07,119.913681
2016-12-08,121.801964
2016-12-09,122.040176
2016-12-12,120.751923
2016-12-13,120.760796
2016-12-14,119.251923
2016-12-15,120.143127
2016-12-16,119.922523
2016-12-19,120.707825
2016-12-20,121.731392
2016-12-21,120.937233
2016-12-22,119.894417
2016-12-23,120.532333
2016-12-27,121.072815
2016-12-28,119.832367
2016-12-29,119.938736
2016-12-30,119.478035
2017-01-03,120.071617
2017-01-04,122.073997
2017-01-05,120.665283
2017-01-06,120.222237
2017-01-09,119.433693
2017-01-10,120.576622
2017-01-11,120.789299
2017-01-12,119.858955
2017-01-13,120.727257
2017-01-17,119.088127
2017-01-18,119.478035
2017-01-19,118.503395
2017-01-20,119.114723
2017-01-23,118.618576
2017-01-24,120.434860
2017-01-25,121.568962
2017-01-26,121.081680
2017-01-27,120.665283
2017-01-30,118.981812
2017-01-31,119.814636
2017-02-01,119.743782
2017-02-02,119.442566
2017-02-03,121.267715
2017-02-06,120.355156
2017-02-07,119.823532
2017-02-08,119.610901
2017-02-09,121.294327
2017-02-10,122.215775
2017-02-13,122.534698
2017-02-14,122.942261
2017-02-15,123.677666
2017-02-16,123.332123
2017-02-17,123.252373
2017-02-21,124.218132
2017-02-22,123.668762
2017-02-23,122.933434
2017-02-24,122.844810
2017-02-27,124.040932
2017-02-28,122.127159
2017-03-01,124.359848
2017-03-02,122.933434
2017-03-03,122.844810
2017-03-06,122.003113
2017-03-07,121.205727
2017-03-08,120.408287
2017-03-09,119.929855
2017-03-10,120.461464
2017-03-13,120.745010
2017-03-14,120.169052
2017-03-15,122.029678
2017-03-16,122.189201
2017-03-17,122.676529
2017-03-20,122.144859
2017-03-21,118.698311
2017-03-22,118.724838
2017-03-23,119.415962
2017-03-24,119.502159
2017-03-27,119.724312
2017-03-28,120.657280
2017-03-29,121.048233
2017-03-30,121.963463
2017-03-31,122.158951
2017-04-03,120.870529
2017-04-04,120.728348
2017-04-05,119.360031
2017-04-06,120.470718
2017-04-07,120.417381
2017-04-10,120.683960
2017-04-11,121.643616
2017-04-12,119.990852
2017-04-13,118.817947
2017-04-17,120.212967
2017-04-18,120.239655
2017-04-19,120.657280
2017-04-20,122.194458
2017-04-21,121.919052
2017-04-24,123.438446
2017-04-25,124.638039
2017-04-26,125.277809
2017-04-27,125.242249
2017-04-28,123.562874
2017-05-01,124.273712
2017-05-02,123.642868
2017-05-03,122.878685
2017-05-04,122.709824
2017-05-05,123.500641
2017-05-08,122.985298
2017-05-09,122.932007
2017-05-10,123.696136
2017-05-11,122.834274
2017-05-12,122.185608
2017-05-15,123.136436
2017-05-16,123.180786
2017-05-17,119.857582
2017-05-18,120.292992
2017-05-19,120.870529
2017-05-22,121.688019
2017-05-23,122.087852
2017-05-24,122.167831
2017-05-25,122.247787
2017-05-26,122.212265
2017-05-30,121.252617
2017-05-31,121.128212
2017-06-01,123.465172
2017-06-02,124.264854
2017-06-05,123.491829
2017-06-06,123.376350
2017-06-07,123.491829
2017-06-08,125.180061
2017-06-09,125.828728
2017-06-12,125.624290
2017-06-13,126.264107
2017-06-14,125.517700
2017-06-15,124.877945
2017-06-16,124.566940
2017-06-19,125.491013
2017-06-20,124.220413
2017-06-21,123.909401
2017-06-22,124.380341
2017-06-23,125.206718
2017-06-26,125.357788
2017-06-27,124.255913
2017-06-28,126.157478
2017-06-29,125.411095
2017-06-30,125.215614
2017-07-03,126.264107
2017-07-05,125.810936
2017-07-06,124.168022
2017-07-07,125.372742
2017-07-10,124.828392
2017-07-11,125.194252
2017-07-12,126.158051
2017-07-13,126.265160
2017-07-14,126.479301
2017-07-17,126.773811
2017-07-18,126.443619
2017-07-19,127.701920
2017-07-20,127.791145
2017-07-21,127.211098
2017-07-24,127.389580
2017-07-25,128.549683
2017-07-26,127.835739
2017-07-27,127.023705
2017-07-28,126.684586
2017-07-31,126.283020
2017-08-01,126.523941
2017-08-02,125.140762
2017-08-03,124.516060
2017-08-04,125.122887
2017-08-07,125.328148
2017-08-08,124.935486
2017-08-09,123.855652
2017-08-10,121.606834
2017-08-11,121.785355
2017-08-14,123.632576
2017-08-15,122.615234
2017-08-16,122.650932
2017-08-17,120.411057
2017-08-18,120.402077
2017-08-21,120.321808
2017-08-22,121.624718
2017-08-23,121.428360
2017-08-24,121.803169
2017-08-25,122.151192
2017-08-28,122.668793
2017-08-29,122.695564
2017-08-30,123.480873
2017-08-31,124.694519
2017-09-01,125.399544
2017-09-05,124.194801
2017-09-06,124.453606
2017-09-07,124.141220
2017-09-08,124.239418
2017-09-11,125.542328
2017-09-12,126.309784
2017-09-13,126.684586
2017-09-14,126.568588
2017-09-15,127.086166
2017-09-18,127.951759
2017-09-19,127.951759
2017-09-20,128.362305
2017-09-21,128.228363
2017-09-22,128.772781
2017-09-25,128.951279
2017-09-26,129.361832
2017-09-27,131.893478
2017-09-28,132.242310
2017-09-29,132.555420
2017-10-02,134.183548
2017-10-03,134.478683
2017-10-04,134.049347
2017-10-05,134.416153
2017-10-06,134.228256
2017-10-09,133.673615
2017-10-10,134.058273
2017-10-11,133.959900
2017-10-12,133.861526
2017-10-13,133.619995
2017-10-16,133.503647
2017-10-17,133.119003
2017-10-18,133.754135
2017-10-19,133.548431
2017-10-20,134.165588
2017-10-23,133.163757
2017-10-24,133.441010
2017-10-25,132.796982
2017-10-26,133.074265
2017-10-27,133.995712
2017-10-30,132.582275
2017-10-31,133.521545
2017-11-01,132.635941
2017-11-02,133.029556
2017-11-03,132.940079
2017-11-06,133.092163
2017-11-07,131.499893
2017-11-08,131.678802
2017-11-09,131.213608
2017-11-10,131.115189
2017-11-13,131.150955
2017-11-14,130.793121
2017-11-15,130.274353
2017-11-16,132.188660
2017-11-17,132.796982
2017-11-20,133.763062
2017-11-21,135.158615
2017-11-22,134.979721
2017-11-24,135.033371
2017-11-27,134.621887
2017-11-28,136.741959
2017-11-29,137.198135
2017-11-30,137.448608
2017-12-01,136.885101
2017-12-04,136.375168
2017-12-05,135.015442
2017-12-06,134.380295
2017-12-07,135.319611
2017-12-08,135.444885
2017-12-11,135.391174
2017-12-12,134.970749
2017-12-13,135.775864
2017-12-14,134.272995
2017-12-15,136.187332
2017-12-18,138.030121
2017-12-19,136.938782
2017-12-20,137.207108
2017-12-21,137.807846
2017-12-22,137.556442
2017-12-26,137.637268
2017-12-27,137.502533
2017-12-28,138.041290
2017-12-29,136.900986
2018-01-02,138.193954
2018-01-03,138.337616
2018-01-04,138.705811
2018-01-05,138.993088
2018-01-08,139.208588
2018-01-09,139.020081
2018-01-10,139.038055
2018-01-11,141.426575
2018-01-12,142.019257
2018-01-16,140.205368
2018-01-17,141.534317
2018-01-18,140.564529
2018-01-19,142.414413
2018-01-22,143.177582
2018-01-23,143.635529
2018-01-24,142.746597
2018-01-25,142.800430
2018-01-26,143.312256
2018-01-29,142.504120
2018-01-30,141.139282
2018-01-31,140.402924
2018-02-01,140.842941
2018-02-02,138.131104
2018-02-05,132.824219
2018-02-06,134.413620
2018-02-07,134.548325
2018-02-08,130.597382
2018-02-09,131.791641
2018-02-12,133.039749
2018-02-13,133.327087
2018-02-14,135.724594
2018-02-15,137.206207
2018-02-16,137.691101
2018-02-20,136.559708
2018-02-21,136.703415
2018-02-22,136.487885
2018-02-23,138.265823
2018-02-26,139.172729
2018-02-27,137.170303
2018-02-28,135.006287
2018-03-01,134.647049
2018-03-02,136.802170
2018-03-05,138.023361
2018-03-06,139.513977
2018-03-07,140.744141
2018-03-08,140.456802
2018-03-09,142.701645
2018-03-12,142.953110
2018-03-13,142.288635
2018-03-14,141.615158
2018-03-15,140.905807
2018-03-16,141.695953
2018-03-19,140.331085
2018-03-20,140.295166
2018-03-21,141.112335
2018-03-22,138.018005
2018-03-23,135.047989
2018-03-26,138.000031
2018-03-27,135.327011
2018-03-28,135.281967
2018-03-29,136.650024
2018-04-02,133.319931
2018-04-03,135.227982
2018-04-04,136.947021
2018-04-05,138.081024
2018-04-06,135.327011
2018-04-09,135.488983
2018-04-10,138.045013
2018-04-11,138.342041
2018-04-12,139.287048
2018-04-13,138.558014
2018-04-16,139.836090
2018-04-17,141.357101
2018-04-18,141.735092
2018-04-19,140.754074
2018-04-20,139.998123
2018-04-23,139.791092
2018-04-24,138.990021
2018-04-25,138.783081
2018-04-26,139.422058
2018-04-27,139.224121
2018-04-30,137.991074
2018-05-01,138.666031
2018-05-02,139.188049
2018-05-03,138.432083
2018-05-04,140.160095
2018-05-07,141.348083
2018-05-08,142.050110
2018-05-09,142.815140
2018-05-10,143.580170
2018-05-11,143.859146
2018-05-14,143.310165
2018-05-15,143.337204
2018-05-16,144.831192
2018-05-17,145.497208
2018-05-18,145.686203
2018-05-21,146.649200
2018-05-22,145.587189
2018-05-23,145.776199
2018-05-24,145.830215
2018-05-25,145.569138
2018-05-29,145.371201
2018-05-30,147.675262
2018-05-31,146.496231
2018-06-01,147.459229
2018-06-04,148.242264
2018-06-05,149.160294
2018-06-06,150.240295
2018-06-07,149.421280
2018-06-08,149.871292
2018-06-11,150.096329
2018-06-12,150.780289
2018-06-13,150.186325
2018-06-14,150.987289
2018-06-15,151.032333
2018-06-18,151.743347
2018-06-19,151.752365
2018-06-20,152.976303
2018-06-21,151.545303
2018-06-22,151.041321
2018-06-25,148.575287
2018-06-26,149.439270
2018-06-27,147.045227
2018-06-28,147.495270
2018-06-29,147.396271
2018-07-02,148.413269
2018-07-03,149.004898
2018-07-05,150.703064
2018-07-06,151.976669
2018-07-09,152.934158
2018-07-10,152.238571
2018-07-11,150.946976
2018-07-12,151.678604
2018-07-13,151.226944
2018-07-16,150.639862
2018-07-17,151.308319
2018-07-18,151.732819
2018-07-19,152.807693
2018-07-20,152.184433
2018-07-23,152.374130
2018-07-24,150.748230
2018-07-25,151.299286
2018-07-26,152.112198
2018-07-27,149.275879
2018-07-30,148.318390
2018-07-31,149.826874
2018-08-01,149.727554
2018-08-02,150.820526
2018-08-03,150.296600
2018-08-06,151.136658
2018-08-07,151.497940
2018-08-08,151.362503
2018-08-09,151.750854
2018-08-10,151.326309
2018-08-13,150.441101
2018-08-14,151.931534
2018-08-15,150.025604
2018-08-16,151.416687
2018-08-17,152.067093
2018-08-20,152.491577
2018-08-21,154.243896
2018-08-22,154.623306
2018-08-23,154.153625
2018-08-24,154.993683
2018-08-27,155.219421
2018-08-28,155.363998
2018-08-29,155.815643
2018-08-30,155.689163
2018-08-31,156.285339
2018-09-04,155.589798
2018-09-05,155.174255
2018-09-06,154.126495
2018-09-07,154.045197
2018-09-10,154.234924
2018-09-11,154.487793
2018-09-12,154.117462
2018-09-13,154.153625
2018-09-14,154.803925
2018-09-17,153.160004
2018-09-18,153.801361
2018-09-19,153.241241
2018-09-20,154.659363
2018-09-21,153.918701
2018-09-24,153.349670
2018-09-25,153.584579
2018-09-26,152.180695
2018-09-27,152.189758
2018-09-28,152.651718
2018-10-01,150.641113
2018-10-02,149.010849
2018-10-03,150.315033
2018-10-04,148.204788
2018-10-05,146.864365
2018-10-08,146.556503
2018-10-09,145.985901
2018-10-10,141.792679
2018-10-11,139.084656
2018-10-12,139.111862
2018-10-15,139.628036
2018-10-16,143.676468
2018-10-17,143.060593
2018-10-18,140.379761
2018-10-19,138.894455
2018-10-22,138.595596
2018-10-23,137.354813
2018-10-24,132.183380
2018-10-25,135.045288
2018-10-26,133.569046
2018-10-29,132.835495
2018-10-30,135.606857
2018-10-31,135.878586
2018-11-01,139.012207
2018-11-02,139.474075
2018-11-05,139.365417
2018-11-06,140.053726
2018-11-07,142.562424
2018-11-08,142.182053
2018-11-09,139.546570
2018-11-12,136.784271
2018-11-13,136.349487
2018-11-14,135.353241
2018-11-15,137.282364
2018-11-16,137.608429
2018-11-19,134.818954
2018-11-20,132.219635
2018-11-21,134.067200
2018-11-23,133.940399
2018-11-26,135.679321
2018-11-27,134.556320
2018-11-28,137.880127
2018-11-29,137.508789
2018-11-30,138.224289
2018-12-03,139.546570
2018-12-04,133.605347
2018-12-06,133.315506
2018-12-07,130.435425
2018-12-10,130.055069
2018-12-11,129.919220
2018-12-12,131.159973
2018-12-13,129.303360
2018-12-14,127.347107
2018-12-17,124.511047
2018-12-18,124.356575
2018-12-19,121.766716
2018-12-20,119.758476
2018-12-21,116.650696
2018-12-24,114.388046
2018-12-26,119.885719
2018-12-27,120.385498
2018-12-28,120.730850
2018-12-31,121.675835
2019-01-02,122.366463
2019-01-03,120.176491
2019-01-04,124.665558
2019-01-07,126.846405
2019-01-08,128.791046
2019-01-09,129.854218
2019-01-10,130.526672
2019-01-11,130.563034
2019-01-14,129.263535
2019-01-15,130.354019
2019-01-16,131.326340
2019-01-17,132.516754
2019-01-18,133.879807
2019-01-22,131.762497
2019-01-23,131.399017
2019-01-24,132.189575
2019-01-25,133.888931
2019-01-28,133.170975
2019-01-29,132.852951
2019-01-30,134.306870
2019-01-31,135.451859
2019-02-01,135.560883
2019-02-04,137.178391
2019-02-05,137.323807
2019-02-06,137.151169
2019-02-07,136.024368
2019-02-08,136.169754
2019-02-11,137.305618
2019-02-12,139.023117
2019-02-13,139.413834
2019-02-14,139.731873
2019-02-15,141.958176
2019-02-19,142.348938
2019-02-20,143.021408
2019-02-21,142.476135
2019-02-22,143.712021
2019-02-25,143.748398
2019-02-26,142.757828
2019-02-27,142.957764
2019-02-28,142.467056
2019-03-01,143.793839
2019-03-04,142.494308
2019-03-05,141.830994
2019-03-06,139.050323
2019-03-07,137.832687
2019-03-08,137.796310
2019-03-11,140.204437
2019-03-12,140.277069
2019-03-13,140.831345
2019-03-14,140.258972
2019-03-15,140.631439
2019-03-18,141.531113
2019-03-19,140.813248
2019-03-20,139.639755
2019-03-21,141.471024
2019-03-22,136.323196
2019-03-25,136.924500
2019-03-26,138.364090
2019-03-27,137.826553
2019-03-28,139.056580
2019-03-29,139.484787
2019-04-01,141.006348
2019-04-02,140.641983
2019-04-03,141.370880
2019-04-04,142.063293
2019-04-05,143.393555
2019-04-08,143.156693
2019-04-09,141.407272
2019-04-10,143.329788
2019-04-11,143.147537
2019-04-12,143.666885
2019-04-15,143.202209
2019-04-16,143.539322
2019-04-17,142.227295
2019-04-18,141.808167
2019-04-22,141.434616
2019-04-23,143.566635
2019-04-24,144.013077
2019-04-25,142.819550
2019-04-26,144.204483
2019-04-29,144.896927
2019-04-30,144.222641
2019-05-01,142.855957
2019-05-02,143.521133
2019-05-03,146.263596
2019-05-06,146.427597
2019-05-07,143.530212
2019-05-08,142.828674
2019-05-09,142.309326
2019-05-10,142.701080
2019-05-13,138.154587
2019-05-14,139.894806
2019-05-15,140.350388
2019-05-16,141.225067
2019-05-17,139.256989
2019-05-20,138.291245
2019-05-21,140.149918
2019-05-22,138.974564
2019-05-23,136.113647
2019-05-24,137.389221
2019-05-28,136.295822
2019-05-29,135.156982
2019-05-30,134.783356
2019-05-31,132.897324
2019-06-03,133.361969
2019-06-04,136.815201
2019-06-05,136.842560
2019-06-06,136.487183
2019-06-07,137.452957
2019-06-10,138.263916
2019-06-11,137.853882
2019-06-12,138.008789
2019-06-13,139.466522
2019-06-14,138.245621
2019-06-17,139.199341
2019-06-18,140.817703
2019-06-19,141.320618
2019-06-20,141.988068
2019-06-21,140.762848
2019-06-24,139.053009
2019-06-25,138.202713
2019-06-26,137.882690
2019-06-27,140.470245
2019-06-28,142.180069
2019-07-01,142.728683
2019-07-02,141.860046
2019-07-03,142.874939
2019-07-05,143.258957
2019-07-08,141.896606
2019-07-09,142.088608
2019-07-10,142.335480
2019-07-11,141.640640
2019-07-12,142.737778
2019-07-15,141.988068
2019-07-16,141.942337
2019-07-17,140.927399
2019-07-18,141.457718
2019-07-19,140.643967
2019-07-22,140.515945
2019-07-23,141.448578
2019-07-24,143.789291
2019-07-25,142.052032
2019-07-26,143.734451
2019-07-29,142.774399
2019-07-30,144.319656
2019-07-31,143.149292
2019-08-01,141.073700
2019-08-02,139.510208
2019-08-05,135.322510
2019-08-06,136.565994
2019-08-07,136.529465
2019-08-08,139.473648
2019-08-09,137.718079
2019-08-12,135.935104
2019-08-13,137.398071
2019-08-14,133.557831
2019-08-15,133.027466
2019-08-16,135.898590
2019-08-19,137.270081
2019-08-20,136.374008
2019-08-21,137.498688
2019-08-22,137.178604
2019-08-23,132.972672
2019-08-26,134.435608
2019-08-27,132.442322
2019-08-28,133.987534
2019-08-29,136.337448
2019-08-30,136.090530
2019-09-03,134.097336
2019-09-04,135.176208
2019-09-05,137.690643
2019-09-06,137.059708
2019-09-09,138.897614
2019-09-10,140.671417
2019-09-11,143.551636
2019-09-12,143.588120
2019-09-13,143.835007
2019-09-16,144.374512
2019-09-17,143.999603
2019-09-18,143.112717
2019-09-19,142.417786
2019-09-20,142.116058
2019-09-23,142.006332
2019-09-24,139.862946
2019-09-25,141.395248
2019-09-26,139.817047
2019-09-27,138.697647
2019-09-30,138.862793
2019-10-01,136.137665
2019-10-02,135.109985
2019-10-03,135.559586
2019-10-04,136.844193
2019-10-07,136.605621
2019-10-08,134.385162
2019-10-09,134.999878
2019-10-10,135.541260
2019-10-11,137.835114
2019-10-14,137.330505
2019-10-15,138.908661
2019-10-16,139.055527
2019-10-17,140.697876
2019-10-18,140.028076
2019-10-21,141.340225
2019-10-22,141.496201
2019-10-23,141.670502
2019-10-24,141.468643
2019-10-25,142.221085
2019-10-28,143.450577
2019-10-29,143.918549
2019-10-30,143.441452
2019-10-31,142.633926
2019-11-01,145.065460
2019-11-04,145.845383
2019-11-05,146.028900
2019-11-06,145.184784
2019-11-07,145.570114
2019-11-08,145.964661
2019-11-11,145.689392
2019-11-12,145.735321
2019-11-13,145.111359
2019-11-14,145.065460
2019-11-15,145.817871
2019-11-18,145.450867
2019-11-19,145.992157
2019-11-20,145.441650
2019-11-21,144.725998
2019-11-22,145.175568
2019-11-25,148.258560
2019-11-26,148.359497
2019-11-27,149.405502
2019-11-29,148.432922
2019-12-02,146.983200
2019-12-03,146.515182
2019-12-04,147.524521
2019-12-05,147.671341
2019-12-06,149.396332
2019-12-09,149.111893
2019-12-10,149.203629
2019-12-11,149.157776
2019-12-12,150.442383
2019-12-13,149.864273
2019-12-16,150.920593
2019-12-17,151.675766
2019-12-18,151.970413
2019-12-19,152.624283
2019-12-20,152.845322
2019-12-23,153.149185
2019-12-24,153.499146
2019-12-26,153.499146
2019-12-27,152.743988
2019-12-30,152.357224
2019-12-31,152.569031
2020-01-02,152.670334
2020-01-03,152.071732
2020-01-06,152.274323
2020-01-07,151.767838
2020-01-08,152.237488
2020-01-09,152.421677
2020-01-10,151.850739
2020-01-13,152.836121
2020-01-14,153.397858
2020-01-15,154.134583
2020-01-16,156.123764
2020-01-17,155.700165
2020-01-21,154.410919
2020-01-22,154.309570
2020-01-23,154.208267
2020-01-24,152.311188
2020-01-27,150.579865
2020-01-28,151.832291
2020-01-29,150.966599
2020-01-30,150.966599
2020-01-31,147.835480
2020-02-03,149.483948
2020-02-04,151.740204
2020-02-05,154.079346
2020-02-06,153.729416
2020-02-07,151.841492
2020-02-10,152.697952
2020-02-11,153.757034
2020-02-12,154.816055
2020-02-13,155.221283
2020-02-14,154.622681
2020-02-18,154.291138
2020-02-19,155.083176
2020-02-20,155.460709
2020-02-21,153.885925
2020-02-24,149.253723
2020-02-25,143.949188
2020-02-26,142.282318
2020-02-27,137.272583
2020-02-28,134.758392
2020-03-02,139.086746
2020-03-03,136.250351
2020-03-04,140.127380
2020-03-05,135.670135
2020-03-06,132.981049
2020-03-09,120.051300
2020-03-10,123.799431
2020-03-11,115.925568
2020-03-12,103.115540
2020-03-13,110.022484
2020-03-16,95.425850
2020-03-17,99.800255
2020-03-18,92.064507
2020-03-19,95.656097
2020-03-20,93.381424
2020-03-23,92.000031
2020-03-24,100.417244
2020-03-25,101.665321
2020-03-26,107.988770
2020-03-27,104.059700
2020-03-30,106.352448
2020-03-31,105.816216
2020-04-01,98.605263
2020-04-02,99.538994
2020-04-03,96.719315
2020-04-06,104.124435
2020-04-07,104.392517
2020-04-08,109.153610
2020-04-09,114.376938
2020-04-13,111.279922
2020-04-14,113.535652
2020-04-15,108.904022
2020-04-16,108.081207
2020-04-17,112.842293
2020-04-20,111.511024
2020-04-21,108.848541
2020-04-22,110.170532
2020-04-23,111.252197
2020-04-24,113.165855
2020-04-27,117.649605
2020-04-28,119.359917
2020-04-29,125.230377
2020-04-30,120.469292
2020-05-01,115.689705
2020-05-04,116.188942
2020-05-05,117.085686
2020-05-06,116.225891
2020-05-07,117.816017
2020-05-08,122.364494
2020-05-11,121.754311
2020-05-12,117.381508
2020-05-13,113.452469
2020-05-14,113.822235
2020-05-15,115.634239
2020-05-18,122.660309
2020-05-19,120.238136
2020-05-20,123.880562
2020-05-21,124.102470
2020-05-22,124.703400
2020-05-26,128.299637
2020-05-27,132.284134
2020-05-28,129.150162
2020-05-29,128.410583
2020-06-01,129.640121
2020-06-02,130.712494
2020-06-03,133.865051
2020-06-04,133.670853
2020-06-05,138.838715
2020-06-08,141.528992
2020-06-09,138.912674
2020-06-10,135.140808
2020-06-11,124.832809
2020-06-12,127.828125
2020-06-15,130.783539
2020-06-16,133.928131
2020-06-17,131.507080
2020-06-18,131.460678
2020-06-19,130.783539
2020-06-22,132.091415
2020-06-23,132.648026
2020-06-24,128.343918
2020-06-25,130.282593
2020-06-26,126.776230
2020-06-29,130.922684
2020-06-30,132.814957
2020-07-01,131.553436
2020-07-02,132.091415
2020-07-06,133.046921
2020-07-07,130.690765
2020-07-08,131.664749
2020-07-09,129.002548
2020-07-10,131.080399
2020-07-13,129.419952
2020-07-14,131.562729
2020-07-15,136.386292
2020-07-16,135.579254
2020-07-17,135.978104
2020-07-20,135.393738
2020-07-21,137.313873
2020-07-22,137.388077
2020-07-23,137.527252
2020-07-24,135.505035
2020-07-27,136.914978
2020-07-28,135.551468
2020-07-29,138.538300
2020-07-30,137.991028
2020-07-31,136.692383
2020-08-03,138.918640
2020-08-04,139.874069
2020-08-05,142.656891
2020-08-06,142.601257
2020-08-07,144.864609
2020-08-10,146.367325
2020-08-11,145.523209
2020-08-12,146.116913
2020-08-13,145.810776
2020-08-14,145.718002
2020-08-17,146.469376
2020-08-18,145.068695
2020-08-19,145.077957
2020-08-20,144.484268
2020-08-21,143.417542
2020-08-24,144.920258
2020-08-25,145.077957
2020-08-26,144.168884
2020-08-27,144.521393
2020-08-28,145.745804
2020-08-31,144.178207
2020-09-01,145.829361
2020-09-02,146.988831
2020-09-03,142.647614
2020-09-04,141.738586
2020-09-08,139.011398
2020-09-09,141.117065
2020-09-10,139.280411
2020-09-11,138.352753
2020-09-14,141.998291
2020-09-15,142.267288
2020-09-16,143.612366
2020-09-17,142.564178
2020-09-18,142.193085
2020-09-21,137.211853
2020-09-22,138.269302
2020-09-23,134.149902
2020-09-24,134.149902
2020-09-25,136.328796
2020-09-28,139.690231
2020-09-29,139.057068
2020-09-30,139.476059
2020-10-01,141.701508
2020-10-02,142.325409
2020-10-05,146.254822
2020-10-06,145.835800
2020-10-07,149.020309
2020-10-08,150.715012
2020-10-09,151.497147
2020-10-12,152.512085
2020-10-13,151.497147
2020-10-14,149.997986
2020-10-15,151.543732
2020-10-16,151.171280
2020-10-19,149.364807
2020-10-20,149.690720
2020-10-21,148.405731
2020-10-22,150.966400
2020-10-23,151.841690
2020-10-26,148.564056
2020-10-27,147.288376
2020-10-28,142.753738
2020-10-29,144.457718
2020-10-30,142.548828
2020-11-02,145.090851
2020-11-03,149.206558
2020-11-04,149.374115
2020-11-05,153.554993
2020-11-06,152.353821
2020-11-09,157.875504
2020-11-10,160.808548
2020-11-11,160.743423
2020-11-12,158.275864
2020-11-13,161.553543
2020-11-16,165.399124
2020-11-17,166.171982
2020-11-18,163.844101
2020-11-19,165.101166
2020-11-20,165.278061
2020-11-23,168.369507
2020-11-24,171.535400
2020-11-25,170.948730
2020-11-27,171.675064
2020-11-30,168.555725
2020-12-01,170.119995
2020-12-02,170.296967
2020-12-03,171.255981
2020-12-04,175.241318
2020-12-07,175.408936
2020-12-08,177.662292
2020-12-09,176.367981
2020-12-10,178.072006
2020-12-11,177.196747
2020-12-14,177.404053
2020-12-15,181.840805
2020-12-16,181.187027
2020-12-17,183.344635
2020-12-18,182.457306
2020-12-21,182.363876
2020-12-22,184.437485
2020-12-23,186.006638
2020-12-24,185.885254
2020-12-28,185.194061
2020-12-29,181.607315
2020-12-30,183.456711
2020-12-31,183.129822
2021-01-04,180.738632
2021-01-05,183.531464
2021-01-06,191.041214
2021-01-07,194.441177
2021-01-08,194.020828
2021-01-11,193.852676
2021-01-12,197.327377
2021-01-13,195.916962
2021-01-14,199.830612
2021-01-15,196.851028
2021-01-19,199.372925
2021-01-20,200.250992
2021-01-21,198.513626
2021-01-22,200.820724
2021-01-25,200.624557
2021-01-26,199.232819
2021-01-27,195.580658
2021-01-28,194.954880
2021-01-29,192.003281
2021-02-01,196.720200
2021-02-02,199.522369
2021-02-03,200.120178
2021-02-04,204.201950
2021-02-05,207.032150
2021-02-08,212.318848
2021-02-09,213.318314
2021-02-10,211.917267
2021-02-11,211.674377
2021-02-12,212.272156
2021-02-16,210.936478
2021-02-17,209.283188
2021-02-18,206.042053
2021-02-19,210.338730
2021-02-22,208.974960
2021-02-23,207.134903
2021-02-24,212.029312
2021-02-25,204.192673
2021-02-26,203.912430
2021-03-01,211.160629
2021-03-02,207.097519
2021-03-03,204.855789
2021-03-04,199.130112
2021-03-05,203.352020
2021-03-08,204.314072
2021-03-09,208.610703
2021-03-10,212.234863
2021-03-11,216.905045
2021-03-12,218.184723
2021-03-15,218.959961
2021-03-16,215.298477
2021-03-17,216.989105
2021-03-18,210.385391
2021-03-19,211.973297
2021-03-22,210.376068
2021-03-23,202.744843
2021-03-24,198.055939
2021-03-25,202.751801
2021-03-26,206.448273
2021-03-29,200.636871
2021-03-30,204.015152
2021-03-31,206.757095
2021-04-01,209.377304
2021-04-05,210.528320
2021-04-06,209.910736
2021-04-07,206.523117
2021-04-08,208.273056
2021-04-09,208.301117
2021-04-12,207.486969
2021-04-13,206.944260
2021-04-14,208.984283
2021-04-15,209.892014
2021-04-16,210.228897
2021-04-19,207.496368
2021-04-20,203.247818
2021-04-21,208.216919
2021-04-22,207.356018
2021-04-23,211.267670
2021-04-26,213.466797
2021-04-27,213.784973
2021-04-28,214.149902
2021-04-29,213.354507
2021-04-30,210.453476
2021-05-03,211.482880
2021-05-04,208.956207
2021-05-05,208.123291
2021-05-06,208.301117
2021-05-07,210.921402
2021-05-10,205.559235
2021-05-11,204.904160
2021-05-12,198.250595
2021-05-13,201.900208
2021-05-14,206.831955
2021-05-17,207.112640
2021-05-18,205.540527
2021-05-19,203.958984
2021-05-20,205.315918
2021-05-21,205.849319
2021-05-24,207.187515
2021-05-25,205.184891
2021-05-26,209.012329
2021-05-27,211.164703
2021-05-28,211.024368
2021-06-01,213.419983
2021-06-02,213.672668
2021-06-03,211.885239
2021-06-04,212.802338
2021-06-07,215.656616
2021-06-08,217.939987
2021-06-09,216.489426
2021-06-10,214.883942
2021-06-11,217.152039
2021-06-14,216.514740
2021-06-15,215.896194
2021-06-16,215.436920
2021-06-17,213.018936
2021-06-18,208.182938
2021-06-21,212.634705
2021-06-22,213.600021
2021-06-23,214.302948
2021-06-24,217.330139
2021-06-25,217.695648
2021-06-28,215.971161
2021-06-29,214.940216
2021-06-30,214.968338
2021-07-01,216.861557
2021-07-02,214.799637
2021-07-06,211.678741
2021-07-07,209.710556
2021-07-08,207.779922
2021-07-09,212.166046
2021-07-12,212.344147
2021-07-13,208.342285
2021-07-14,205.127609
2021-07-15,203.965500
2021-07-16,201.453735
2021-07-19,198.435959
2021-07-20,204.593414
2021-07-21,208.117325
2021-07-22,204.808990
2021-07-23,205.764954
2021-07-26,206.364731
2021-07-27,203.956100
2021-07-28,206.955170
2021-07-29,208.548447
2021-07-30,207.170746
2021-08-02,206.139816
2021-08-03,206.992661
2021-08-04,204.415329
2021-08-05,208.089233
2021-08-06,209.363815
2021-08-09,208.211044
2021-08-10,208.623444
2021-08-11,209.644989
2021-08-12,209.148285
2021-08-13,207.245728
2021-08-16,205.315094
2021-08-17,202.812714
2021-08-18,201.041351
2021-08-19,198.632751
2021-08-20,201.987946
2021-08-23,205.830505
2021-08-24,207.854935
2021-08-25,208.585938
2021-08-26,206.374084
2021-08-27,212.194229
2021-08-30,211.322571
2021-08-31,211.734955
2021-09-01,213.159515
2021-09-02,214.640350
2021-09-03,213.646835
2021-09-07,212.175446
2021-09-08,209.860519
2021-09-09,209.757446
2021-09-10,207.704956
2021-09-13,208.885864
2021-09-14,206.224152
2021-09-15,208.089233
2021-09-16,208.239182
2021-09-17,208.510941
2021-09-20,203.553116
2021-09-21,203.862381
2021-09-22,207.030182
2021-09-23,210.694611
2021-09-24,209.678452
2021-09-27,212.865250
2021-09-28,208.023941
2021-09-29,207.582153
2021-09-30,205.636261
2021-10-01,208.954605
2021-10-04,207.055725
2021-10-05,207.770203
2021-10-06,206.689102
2021-10-07,209.875885
2021-10-08,208.296570
2021-10-11,207.102707
2021-10-12,208.240204
2021-10-13,209.227234
2021-10-14,212.329422
2021-10-15,211.661987
2021-10-18,211.539764
2021-10-19,212.329422
2021-10-20,213.739487
2021-10-21,214.284714
2021-10-22,213.777100
2021-10-25,215.807648
2021-10-26,214.181335
2021-10-27,210.242508
2021-10-28,214.435135
2021-10-29,214.378738
2021-11-01,219.934402
2021-11-02,220.395035
2021-11-03,224.333878
2021-11-04,224.249283
2021-11-05,227.313812
2021-11-08,228.018875
2021-11-09,226.693390
2021-11-10,223.121231
2021-11-11,224.916687
2021-11-12,225.142303
2021-11-15,224.249283
2021-11-16,224.662872
2021-11-17,221.720551
2021-11-18,220.780487
2021-11-19,218.768738
2021-11-22,217.838150
2021-11-23,217.462097
2021-11-24,217.697098
2021-11-26,209.490494
2021-11-29,209.358871
2021-11-30,205.091003
2021-12-01,200.475388
2021-12-02,206.068680
2021-12-03,201.838470
2021-12-06,205.890076
2021-12-07,210.665512
2021-12-08,212.103806
2021-12-09,207.300125
2021-12-10,206.726746
2021-12-13,203.705582
2021-12-14,201.951828
2021-12-15,205.157730
2021-12-16,201.008911
2021-12-17,202.857010
2021-12-20,200.009430
2021-12-21,205.723465
2021-12-22,207.703537
2021-12-23,209.363022
2021-12-27,211.324310
2021-12-28,210.032547
2021-12-29,210.258865
2021-12-30,210.202240
2021-12-31,209.749664
2022-01-03,212.455795
2022-01-04,212.135208
2022-01-05,204.950256
2022-01-06,206.119476
2022-01-07,203.733917
2022-01-10,203.026764
2022-01-11,205.185989
2022-01-12,203.658478
2022-01-13,201.791489
2022-01-14,202.074417
2022-01-18,195.964371
2022-01-19,192.777359
2022-01-20,189.288589
2022-01-21,185.743256
2022-01-24,190.024048
2022-01-25,187.487625
2022-01-26,184.781494
2022-01-27,180.585571
2022-01-28,184.102600
2022-01-31,189.750641
2022-02-01,191.749573
2022-02-02,189.844894
2022-02-03,186.252411
2022-02-04,187.053879
2022-02-07,187.977936
2022-02-08,191.183838
2022-02-09,194.814011
2022-02-10,191.825012
2022-02-11,189.882614
2022-02-14,189.222565
2022-02-15,194.295410
2022-02-16,194.700851
2022-02-17,189.712891
2022-02-18,188.081665
2022-02-22,185.432098
2022-02-23,181.962158
2022-02-24,186.733307
2022-02-25,190.938705
2022-02-28,191.711823
2022-03-01,188.100510
2022-03-02,192.579330
2022-03-03,190.297485
2022-03-04,187.317917
2022-03-07,182.659958
2022-03-08,183.668854
2022-03-09,188.845398
2022-03-10,188.505966
2022-03-11,185.498077
2022-03-14,181.707611
2022-03-15,184.602325
2022-03-16,190.410675
2022-03-17,193.399658
2022-03-18,195.436356
2022-03-21,193.710815
2022-03-22,195.653183
2022-03-23,192.258728
2022-03-24,194.469482
2022-03-25,194.734009
2022-03-28,194.800156
2022-03-29,200.015274
2022-03-30,196.000015
2022-03-31,193.930984
2022-04-01,196.103912
2022-04-04,196.425125
2022-04-05,191.776901
2022-04-06,189.056030
2022-04-07,188.441940
2022-04-08,186.939743
2022-04-11,185.683212
2022-04-12,186.268951
2022-04-13,189.811798
2022-04-14,187.969559
2022-04-18,186.703583
2022-04-19,190.425903
2022-04-20,191.153366
2022-04-21,186.873642
2022-04-22,182.036438
2022-04-25,183.141800
2022-04-26,177.369354
2022-04-27,176.632416
2022-04-28,179.929626
2022-04-29,174.733459
2022-05-02,176.566269
2022-05-03,178.077911
2022-05-04,182.830002
2022-05-05,175.413651
2022-05-06,172.494370
2022-05-09,165.238586
2022-05-10,165.285797
2022-05-11,161.176147
2022-05-12,163.065659
2022-05-13,168.233521
2022-05-16,167.430450
2022-05-17,172.551056
2022-05-18,166.504562
2022-05-19,166.778564
2022-05-20,166.353424
2022-05-23,168.365753
2022-05-24,165.871597
2022-05-25,168.857025
2022-05-26,172.626633
2022-05-27,177.274857
2022-05-31,175.073547
2022-06-01,174.081543
2022-06-02,178.332977
2022-06-03,176.726883
2022-06-06,177.492111
2022-06-07,180.354752
2022-06-08,177.567734
2022-06-09,173.886765
2022-06-10,169.169388
2022-06-13,161.221985
2022-06-14,160.445221
2022-06-15,162.794418
2022-06-16,155.254288
2022-06-17,156.466751
2022-06-21,159.270630
2022-06-22,158.967529
2022-06-23,160.871490
2022-06-24,165.854019
2022-06-27,166.469757
2022-06-28,163.343796
2022-06-29,161.686127
2022-06-30,160.426285
2022-07-01,162.368134
2022-07-05,163.713287
2022-07-06,162.500748
2022-07-07,166.346588
2022-07-08,166.327621
2022-07-11,162.983856
2022-07-12,162.424988
2022-07-13,162.282867
2022-07-14,160.615753
2022-07-15,163.959549
2022-07-18,163.495392
2022-07-19,169.264145
2022-07-20,171.916412
2022-07-21,172.797363
2022-07-22,170.040848
2022-07-25,170.921814
2022-07-26,169.870392
2022-07-27,173.735168
2022-07-28,176.122223
2022-07-29,177.372559
2022-08-01,177.306259
2022-08-02,177.135757
2022-08-03,179.740692
2022-08-04,179.361786
2022-08-05,180.735367
2022-08-08,182.648788
2022-08-09,180.157501
2022-08-10,185.301071
2022-08-11,185.992569
2022-08-12,189.791061
2022-08-15,190.463608
2022-08-16,190.387817
2022-08-17,187.186066
2022-08-18,188.426987
2022-08-19,184.382248
2022-08-22,180.583771
2022-08-23,180.877411
2022-08-24,182.260422
2022-08-25,185.092697
2022-08-26,179.011322
2022-08-29,177.363144
2022-08-30,174.881302
2022-08-31,173.820419
2022-09-01,171.925903
2022-09-02,170.590286
2022-09-06,168.904175
2022-09-07,172.579498
2022-09-08,174.019333
2022-09-09,177.514664
2022-09-12,179.664932
2022-09-13,172.636368
2022-09-14,173.308884
2022-09-15,172.049072
2022-09-16,169.548340
2022-09-19,170.997604
2022-09-20,168.667358
2022-09-21,166.090836
2022-09-22,162.349213
2022-09-23,158.484436
2022-09-26,156.314499
2022-09-27,156.847672
2022-09-28,161.808395
2022-09-29,158.180679
2022-09-30,157.028564
2022-10-03,161.189484
2022-10-04,167.578415
2022-10-05,166.340591
2022-10-06,165.407532
2022-10-07,160.542023
2022-10-10,159.647003
2022-10-11,159.694595
2022-10-12,159.256622
2022-10-13,163.198502
2022-10-14,158.828125
2022-10-17,163.893600
2022-10-18,165.835983
2022-10-19,163.017624
2022-10-20,160.941925
2022-10-21,164.436295
2022-10-24,165.140915
2022-10-25,169.644577
2022-10-26,170.482468
2022-10-27,170.520569
2022-10-28,174.395798
2022-10-31,174.557663
2022-11-01,174.795715
2022-11-02,168.997116
2022-11-03,167.864075
2022-11-04,170.130173
2022-11-07,170.901398
2022-11-08,170.968063
2022-11-09,166.273987
2022-11-10,176.509567
2022-11-11,177.956833
2022-11-14,175.966827
2022-11-15,178.575745
2022-11-16,175.433670
2022-11-17,173.805466
2022-11-18,174.929016
2022-11-21,174.014923
2022-11-22,175.871674
2022-11-23,176.328690
2022-11-25,176.699982
2022-11-28,173.138962
2022-11-29,173.643631
2022-11-30,178.404373
2022-12-01,178.014008
2022-12-02,179.051819
2022-12-05,174.119705
2022-12-06,171.453674
2022-12-07,170.949020
2022-12-08,172.186813
2022-12-09,170.073059
2022-12-12,172.072540
2022-12-13,173.497787
2022-12-14,172.359528
2022-12-15,168.045517
2022-12-16,166.792450
2022-12-19,164.535004
2022-12-20,165.405457
2022-12-21,168.255920
2022-12-22,166.055908
2022-12-23,166.811554
2022-12-27,165.692413
2022-12-28,163.119324
2022-12-29,167.251572
2022-12-30,166.782852
2023-01-03,165.864594
2023-01-04,167.930725
2023-01-05,166.132446
2023-01-06,169.862930
2023-01-09,170.149902
2023-01-10,172.665588
2023-01-11,174.817841
2023-01-12,177.754395
2023-01-13,178.921417
2023-01-17,178.701416
2023-01-18,175.812637
2023-01-19,174.129135
2023-01-20,176.998764
2023-01-23,179.189224
2023-01-24,178.806595
2023-01-25,179.304031
2023-01-26,180.365768
2023-01-27,181.341461
2023-01-30,178.816177
2023-01-31,183.158875
2023-02-01,186.038040
2023-02-02,189.701645
2023-02-03,188.429443
2023-02-06,185.703308
2023-02-07,187.080704
2023-02-08,184.345016
2023-02-09,181.676224
2023-02-10,182.039719
2023-02-13,184.230240
2023-02-14,184.144150
2023-02-15,186.009415
2023-02-16,184.230240
2023-02-17,184.737167
2023-02-21,179.284866
2023-02-22,179.772751
2023-02-23,181.054489
2023-02-24,179.361435
2023-02-27,179.992722
2023-02-28,180.002304
2023-03-01,180.231888
2023-03-02,180.662308
2023-03-03,183.178024
2023-03-06,180.499680
2023-03-07,178.404877
2023-03-08,178.490967
2023-03-09,173.526505
2023-03-10,168.523758
2023-03-13,165.778503
2023-03-14,168.849030
2023-03-15,166.065491
2023-03-16,168.332443
2023-03-17,163.788895
2023-03-20,165.912415
2023-03-21,168.973312
2023-03-22,164.181107
2023-03-23,163.452362
2023-03-24,164.930893
2023-03-27,166.764633
2023-03-28,166.524612
2023-03-29,168.415924
2023-03-30,168.185516
2023-03-31,171.276978
2023-04-03,171.353760
2023-04-04,168.348740
2023-04-05,166.697433
2023-04-06,166.947052
2023-04-10,168.732788
2023-04-11,170.067276
2023-04-12,168.819199
2023-04-13,171.056152
2023-04-14,169.462433
2023-04-17,171.641785
2023-04-18,170.912186
2023-04-19,171.132980
2023-04-20,170.249695
2023-04-21,170.470505
2023-04-24,170.355316
2023-04-25,166.150162
2023-04-26,164.546860
2023-04-27,166.745407
2023-04-28,168.204727
2023-05-01,168.300751
2023-05-02,164.844452
2023-05-03,165.449341
2023-05-04,163.596375
2023-05-05,167.484665
2023-05-08,167.100677
2023-05-09,166.601425
2023-05-10,167.446289
2023-05-11,166.159790
2023-05-12,165.823792
2023-05-15,167.849533
2023-05-16,165.401321
2023-05-17,169.087982
2023-05-18,170.115280
2023-05-19,169.078415
2023-05-22,171.142532
2023-05-23,170.336075
2023-05-24,168.531158
2023-05-25,167.215866
2023-05-26,169.116806
2023-05-30,168.492752
2023-05-31,166.831848
2023-06-01,168.636780
2023-06-02,174.752411
2023-06-05,172.409866
2023-06-06,176.951004
2023-06-07,180.261826
2023-06-08,179.587906
2023-06-09,178.134186
2023-06-12,178.875488
2023-06-13,180.926117
2023-06-14,178.981415
2023-06-15,180.454391
2023-06-16,179.010284
2023-06-20,178.230469
2023-06-21,177.816513
2023-06-22,176.497528
2023-06-23,173.840439
2023-06-26,174.013702
2023-06-27,176.526428
2023-06-28,177.392883
2023-06-29,179.433884
2023-06-30,180.290710
2023-07-03,180.656540
2023-07-05,178.856262
2023-07-06,175.968048
2023-07-07,177.826141
2023-07-10,180.868362
2023-07-11,182.726456
2023-07-12,184.719269
2023-07-13,186.211517
2023-07-14,184.391937
2023-07-17,186.365585
2023-07-18,188.666489
2023-07-19,189.465561
2023-07-20,187.809662
2023-07-21,187.212738
2023-07-24,187.674866
2023-07-25,187.655594
2023-07-26,189.138229
2023-07-27,186.692886
2023-07-28,189.109344
2023-07-31,191.304367
2023-08-01,190.428299
2023-08-02,187.838516
2023-08-03,187.309052
2023-08-04,186.933548
2023-08-07,187.058731
2023-08-08,185.884171
2023-08-09,184.430466
2023-08-10,183.612137
2023-08-11,183.872070
2023-08-14,183.554367
2023-08-15,181.128296
2023-08-16,178.914032
2023-08-17,176.805634
2023-08-18,177.768372
2023-08-21,177.508453
2023-08-22,176.978928
2023-08-23,178.865906
2023-08-24,176.391647
2023-08-25,177.142593
2023-08-28,178.721497
2023-08-29,181.214981
2023-08-30,181.898468
2023-08-31,181.580750
2023-09-01,183.737335
2023-09-05,179.867111
2023-09-06,179.193207
2023-09-07,177.460312
2023-09-08,177.065567
2023-09-11,177.489182
2023-09-12,177.315872
2023-09-13,176.150986
2023-09-14,178.634796
2023-09-15,176.767090
2023-09-18,175.592575
2023-09-19,174.909027
2023-09-20,173.156876
2023-09-21,170.470856
2023-09-22,170.085754
2023-09-25,170.846313
2023-09-26,168.649673
2023-09-27,170.226318
2023-09-28,171.764236
2023-09-29,170.951752
2023-10-02,168.369217
2023-10-03,165.535156
2023-10-04,165.612534
2023-10-05,165.738281
2023-10-06,167.334229
2023-10-09,168.301483
2023-10-10,170.206985
2023-10-11,169.916763
2023-10-12,166.076782
2023-10-13,164.693619
2023-10-16,167.353577
2023-10-17,169.220352
2023-10-18,165.738281
2023-10-19,163.097656
2023-10-20,160.989075
2023-10-23,159.625259
2023-10-24,161.018082
2023-10-25,158.358124
2023-10-26,158.764404
2023-10-27,156.897598
2023-10-30,157.768143
2023-10-31,159.131989
2023-11-01,160.041199
2023-11-02,164.306717
2023-11-03,168.775421
2023-11-06,166.666824
2023-11-07,166.076782
2023-11-08,164.306717
2023-11-09,161.762878
2023-11-10,163.571640
2023-11-13,163.629669
2023-11-14,172.615433
2023-11-15,172.915268
2023-11-16,170.119934
2023-11-17,172.451004
2023-11-20,173.456924
2023-11-21,171.222595
2023-11-22,172.296219
2023-11-24,173.456924
2023-11-27,172.876587
2023-11-28,172.209183
2023-11-29,173.118362
2023-11-30,173.776123
2023-12-01,178.854172
2023-12-04,180.769333
2023-12-05,178.351196
2023-12-06,178.032013
2023-12-07,179.318481
2023-12-08,180.682266
2023-12-11,181.059509
2023-12-12,180.875748
2023-12-13,186.998444
2023-12-14,192.202240
2023-12-15,190.586914
2023-12-18,190.654633
2023-12-19,194.349503
2023-12-20,190.547867
2023-12-21,193.790359
2023-12-22,195.596024
2023-12-26,198.139511
2023-12-27,198.838470
2023-12-28,198.081238
2023-12-29,194.848495
2024-01-02,193.693253
2024-01-03,188.528625
2024-01-04,188.159729
2024-01-05,187.606369
2024-01-08,190.984695
2024-01-09,189.276154
2024-01-10,189.382950
2024-01-11,187.897614
2024-01-12,187.586929
2024-01-16,185.266754
2024-01-17,183.946487
2024-01-18,185.033783
2024-01-19,186.810287
2024-01-22,190.800308
2024-01-23,190.246933
2024-01-24,188.683975
2024-01-25,190.246933
2024-01-26,190.256622
2024-01-29,193.586472
2024-01-30,191.936111
2024-01-31,187.247192
2024-02-01,189.732422
2024-02-02,188.732498
2024-02-05,186.334641
2024-02-06,188.014099
2024-02-07,187.577225
2024-02-08,190.421677
2024-02-09,193.518509
2024-02-12,197.032791
2024-02-13,188.926636
2024-02-14,193.314667
2024-02-15,198.469574
2024-02-16,195.770767
2024-02-20,193.071960
2024-02-21,192.159409
2024-02-22,193.615601
2024-02-23,194.052460
2024-02-26,195.275635
2024-02-27,198.042435
2024-02-28,196.411499
2024-02-29,197.780304
2024-03-01,199.877213
2024-03-04,199.692780
2024-03-05,197.780304
2024-03-06,199.255936
2024-03-07,200.916016
2024-03-08,200.789795
2024-03-11,199.197662
2024-03-12,198.925827
2024-03-13,199.702515
2024-03-14,196.129974
2024-03-15,196.498886
2024-03-18,195.372726
2024-03-19,196.197968
2024-03-20,200.081116
2024-03-21,202.379959
2024-03-22,199.586700
2024-03-25,200.044128
2024-03-26,199.684021
2024-03-27,204.034485
2024-03-28,204.676865
2024-04-01,202.749771
2024-04-02,199.022171
2024-04-03,200.326370
2024-04-04,198.321442
2024-04-05,198.983276
2024-04-08,200.073334
2024-04-09,200.861664
2024-04-10,195.557373
2024-04-11,196.881027
2024-04-12,193.377304
2024-04-15,190.545090
2024-04-16,189.844330
2024-04-17,187.839432
2024-04-18,187.683716
2024-04-19,187.975677
2024-04-22,190.077942
2024-04-23,193.260498
2024-04-24,192.394302
2024-04-25,191.226379
2024-04-26,193.056107
2024-04-29,194.613327
2024-04-30,190.661880
2024-05-01,191.060913
2024-05-02,194.574371
2024-05-03,196.501465
2024-05-06,199.041672
2024-05-07,199.489349
2024-05-08,198.331192
2024-05-09,200.355545
2024-05-10,198.847000
2024-05-13,199.265533
2024-05-14,201.328827
2024-05-15,203.839844
2024-05-16,202.370224
2024-05-17,202.516220
2024-05-20,202.963898
2024-05-21,202.769226
2024-05-22,201.056335
2024-05-23,197.756943
2024-05-24,199.946777
2024-05-28,199.674316
2024-05-29,196.725311
2024-05-30,198.593964
2024-05-31,200.267975
2024-06-03,199.138977
2024-06-04,196.569595
2024-06-05,199.576950
2024-06-06,198.146255
2024-06-07,195.820175
2024-06-10,196.491714
2024-06-11,195.820251
2024-06-12,198.826248
2024-06-13,197.089020
2024-06-14,193.956131
2024-06-17,195.586014
2024-06-18,195.927612
2024-06-20,195.098007
2024-06-21,195.537216
2024-06-24,196.386322
2024-06-25,195.742172
2024-06-26,195.224884
2024-06-27,197.206131
2024-06-28,198.016205
2024-07-01,196.357040
2024-07-02,197.030487
2024-07-03,196.981659
2024-07-05,196.044708
2024-07-08,197.420853
2024-07-09,196.562012
2024-07-10,198.484665
2024-07-11,205.619064
2024-07-12,208.019989
2024-07-15,211.972702
2024-07-16,219.204697
2024-07-17,216.911118
2024-07-18,212.714417
2024-07-19,211.631088
2024-07-22,214.998215
2024-07-23,217.282028
2024-07-24,212.616837
2024-07-25,215.271500
2024-07-26,218.833817
2024-07-29,216.403625
2024-07-30,217.223434
2024-07-31,218.482468
2024-08-01,211.377350
2024-08-02,203.901337
2024-08-05,197.342789
2024-08-06,199.489899
2024-08-07,197.128082
2024-08-08,201.920090
2024-08-09,201.500443
2024-08-12,199.685120
2024-08-13,202.974167
2024-08-14,201.715164
2024-08-15,206.946381
2024-08-16,207.492950
2024-08-19,210.030502
2024-08-20,207.580765
2024-08-21,210.284256
2024-08-22,208.429901
2024-08-23,215.086060
2024-08-26,215.154373
2024-08-27,213.485458
2024-08-28,212.040985
2024-08-29,213.553757
2024-08-30,214.793259
2024-09-03,208.224930
2024-09-04,207.873581
2024-09-05,206.839020
2024-09-06,202.905869
2024-09-09,203.471893
2024-09-10,203.306015
2024-09-11,203.901337
2024-09-12,206.526733
2024-09-13,211.621338
2024-09-16,212.382599
2024-09-17,214.139374
2024-09-18,214.178406
2024-09-19,218.589813
2024-09-20,216.247467
2024-09-23,215.456924
2024-09-24,215.818069
2024-09-25,213.185684
2024-09-26,214.321686
2024-09-27,215.771042
2024-09-30,216.319443
2024-10-01,213.381546
2024-10-02,213.087723
2024-10-03,211.657944
2024-10-04,214.615433
2024-10-07,212.931046
2024-10-08,213.077942
2024-10-09,213.548004
2024-10-10,212.363052
2024-10-11,216.681778
2024-10-14,218.278076
2024-10-15,218.454346
2024-10-16,222.048401
2024-10-17,221.441223
2024-10-18,220.980957
2024-10-21,217.504410
2024-10-22,216.681778
2024-10-23,214.703583
2024-10-24,215.173660
2024-10-25,214.360825
2024-10-28,217.856964
2024-10-29,217.151855
2024-10-30,216.858078
2024-10-31,213.254227
2024-11-01,214.448975
2024-11-04,215.536026
2024-11-05,219.590347
2024-11-06,232.311539
2024-11-07,231.488922
2024-11-08,233.192947
2024-11-11,236.698868
2024-11-12,232.546585
2024-11-13,230.245224
2024-11-14,227.140823
2024-11-15,223.752426
2024-11-18,224.193085
2024-11-19,225.857910
2024-11-20,226.151703
2024-11-21,229.589081
2024-11-22,233.829514
2024-11-25,237.384369
2024-11-26,235.641220
2024-11-27,235.964371
2024-11-29,236.865356
2024-12-02,236.747833
2024-12-03,235.063431
2024-12-04,235.905609
2024-12-05,233.153778
2024-12-06,233.986176
2024-12-09,232.811005
2024-12-10,231.802322
2024-12-11,232.850189
2024-12-12,229.824127
2024-12-13,228.247421
2024-12-16,229.589081
2024-12-17,226.960678
2024-12-18,216.912567
2024-12-19,215.950027
2024-12-20,217.973404
2024-12-23,217.472458
2024-12-24,219.417252
2024-12-26,221.666519
2024-12-27,218.435059
2024-12-30,216.755447
2024-12-31,217.030472
2025-01-02,217.207291
2025-01-03,220.438751
2025-01-06,220.527161
2025-01-07,218.759171
2025-01-08,217.767166
2025-01-10,212.973907
2025-01-13,213.386459
2025-01-14,215.812531
2025-01-15,220.055679
2025-01-16,220.497711
2025-01-17,221.450455
2025-01-21,225.703445
2025-01-22,224.230103
2025-01-23,225.251633
2025-01-24,224.623001
2025-01-27,222.471939
2025-01-28,222.717514
2025-01-29,222.206757
2025-01-30,224.465836
2025-01-31,222.452301
2025-02-03,219.849426
2025-02-04,222.894287
2025-02-05,225.320374
2025-02-06,224.583725
2025-02-07,221.980850
2025-02-10,222.982712
2025-02-11,221.686172
2025-02-12,219.643158
2025-02-13,222.118332
2025-02-14,221.951401
2025-02-18,223.169327
2025-02-19,222.403168
2025-02-20,220.271774
2025-02-21,213.926666
2025-02-24,212.384598
2025-02-25,211.579178
2025-02-26,211.844360
2025-02-27,208.612885
2025-02-28,210.832687
2025-03-03,205.067093
2025-03-04,202.749054
2025-03-05,204.762604
2025-03-06,201.629318
2025-03-07,202.287430
2025-03-10,197.199539
2025-03-11,197.179901
2025-03-12,197.523651
2025-03-13,194.576996
2025-03-14,199.281830
2025-03-17,201.796310
2025-03-18,200.044037
2025-03-19,203.154816
2025-03-20,201.865219
2025-03-21,200.614990
2025-03-24,205.606018
2025-03-25,204.464081
2025-03-26,202.386978
2025-03-27,201.422211
2025-03-28,197.327042
2025-03-31,196.382004
2025-04-01,196.401672
2025-04-02,199.502609
2025-04-03,186.695282
2025-04-04,178.367111
2025-04-07,176.752655
2025-04-08,172.096344
2025-04-09,186.724808
2025-04-10,178.879013
2025-04-11,181.487717
2025-04-14,183.623886
2025-04-15,183.850327
2025-04-16,182.088226
2025-04-17,183.574677
2025-04-21,179.892960
2025-04-22,184.549240
2025-04-23,187.285950
2025-04-24,191.036575
2025-04-25,191.095642
2025-04-28,191.902878
2025-04-29,193.034958
2025-04-30,191.824112
2025-05-01,193.015289
2025-05-02,197.356552
2025-05-05,195.840561
2025-05-06,193.704361
2025-05-07,194.344238
2025-05-08,198.045654
2025-05-09,197.681427
2025-05-12,204.631424
2025-05-13,205.379608
2025-05-14,203.558411
2025-05-15,204.887390
2025-05-16,206.580582
2025-05-19,205.714294
2025-05-20,205.822571
2025-05-21,200.044037
2025-05-22,200.034180
2025-05-23,199.404144
2025-05-27,204.464081
2025-05-28,202.308197
2025-05-29,202.908676
2025-05-30,201.875061
2025-06-02,202.505081
2025-06-03,205.773361
2025-06-04,205.192551
2025-06-05,205.281158
2025-06-06,208.598633
2025-06-09,210.035919
2025-06-10,211.167984
2025-06-11,210.301727
2025-06-12,209.464935
2025-06-13,205.635529
2025-06-16,208.059952
2025-06-17,205.868515
2025-06-18,206.954346
2025-06-20,206.520035
2025-06-23,209.047119
2025-06-24,211.712387
2025-06-25,209.244537
2025-06-26,212.640320
2025-06-27,212.709396
2025-06-30,213.015411
2025-07-01,215.206863
2025-07-02,218.188034
2025-07-03,220.211685
2025-07-07,216.904755
2025-07-08,218.405212
2025-07-09,220.774338
2025-07-10,221.909576
2025-07-11,218.849426
2025-07-14,220.320267
2025-07-15,216.006454
2025-07-16,218.178177
2025-07-17,221.040894
2025-07-18,219.471329
2025-07-21,218.582886
2025-07-22,220.399231
2025-07-23,223.765381
2025-07-24,220.675659
2025-07-25,221.494980
2025-07-28,221.238312
2025-07-29,219.826691
2025-07-30,218.711227
2025-07-31,216.569122
2025-08-01,212.156601
2025-08-04,216.904755
2025-08-05,218.010361
2025-08-06,217.724091
2025-08-07,217.013321
2025-08-08,217.487167
2025-08-11,217.437805
2025-08-12,223.893707
2025-08-13,228.247025
2025-08-14,225.305344
2025-08-15,224.209610
2025-08-18,225.028931
2025-08-19,223.301437
2025-08-20,222.511719
2025-08-21,223.064545
2025-08-22,231.810608
2025-08-25,229.372360
2025-08-26,231.267670
2025-08-27,232.906342
2025-08-28,233.182739
2025-08-29,232.146240
2025-09-02,230.892563
2025-09-03,230.665512
2025-09-04,233.547974
2025-09-05,234.712799
2025-09-08,235.186630
2025-09-09,233.804657
2025-09-10,233.390030
2025-09-11,237.703842
2025-09-12,235.275467
2025-09-15,236.272507
2025-09-16,235.883423
2025-09-17,236.487305
2025-09-18,242.377441
2025-09-19,240.536179
2025-09-22,241.931976
2025-09-23,241.387497
2025-09-24,239.170044
2025-09-25,236.883255
2025-09-26,238.912659
2025-09-29,239.189835
2025-09-30,239.526443
2025-10-01,240.051102
2025-10-02,241.565689
2025-10-03,243.357513
2025-10-06,244.327637
2025-10-07,241.704300
2025-10-08,244.238556
2025-10-09,242.664536
2025-10-10,235.398361
2025-10-13,241.951782
2025-10-14,245.406662
2025-10-15,247.812241
2025-10-16,242.595230
2025-10-17,240.961853
2025-10-20,245.664062
2025-10-21,244.505844
2025-10-22,240.892548
2025-10-23,243.941559
2025-10-24,246.921280
2025-10-27,247.782532
2025-10-28,246.456024
2025-10-29,244.357330
2025-10-30,242.387360
2025-10-31,243.753464
2025-11-03,242.971420
2025-11-04,238.774048
2025-11-05,242.219055
2025-11-06,237.932617
2025-11-07,239.179947
2025-11-10,241.575607
2025-11-11,241.783493
2025-11-12,241.189514
2025-11-13,234.408432
2025-11-14,235.091492
2025-11-17,230.418930
2025-11-18,231.121811
2025-11-19,231.082214
2025-11-20,226.805664
2025-11-21,233.230377
2025-11-24,237.487137
2025-11-25,242.664536
2025-11-26,244.812729
2025-11-28,246.248123
2025-12-01,243.149612
2025-12-02,242.704132
2025-12-03,247.119278
2025-12-04,249.287277
2025-12-05,248.247818
2025-12-08,248.346817
2025-12-09,248.861572
2025-12-10,252.247177
2025-12-11,255.207108
2025-12-12,251.296844
2025-12-15,249.396133
2025-12-16,248.216141
2025-12-17,245.574081
2025-12-18,247.034164
2025-12-19,249.100159
2025-12-22,251.871368
2025-12-23,250.381470
2025-12-24,251.007233
2025-12-26,249.725906
2025-12-29,248.196304
2025-12-30,246.358749
2025-12-31,244.501358
2026-01-02,247.103714
2026-01-05,251.027069
2026-01-06,254.354507
2026-01-07,253.758560
2026-01-08,256.529755
2026-01-09,258.476562
2026-01-12,259.738007
2026-01-13,259.589020
2026-01-14,261.416595
2026-01-15,263.720978
2026-01-16,263.969299
2026-01-20,260.810699
2026-01-21,265.985596
2026-01-22,267.972107
2026-01-23,263.025696
2026-01-26,262.201294
2026-01-27,262.946228
2026-01-28,261.525848
2026-01-29,261.595398
2026-01-30,257.900452
2026-02-02,260.413391
2026-02-03,261.009338
2026-02-04,258.764557
2026-02-05,254.106186
2026-02-06,263.234253
2026-02-09,265.081757
2026-02-10,264.366608
2026-02-11,263.164764
2026-02-12,257.791199
2026-02-13,261.188141
2026-02-17,261.267609
2026-02-18,262.211182
2026-02-19,262.817139
2026-02-20,262.827026
2026-02-23,258.734772
2026-02-24,261.555634
2026-02-25,262.797211
2026-02-26,264.197723
2026-02-27,259.648621
2026-03-02,262.032410
2026-03-03,257.493225
2026-03-04,259.996246
2026-03-05,255.029922
2026-03-06,249.199493
2026-03-09,251.911087
2026-03-10,251.652832
2026-03-11,251.146286
2026-03-12,245.742950
2026-03-13,244.928452
2026-03-16,247.242767
2026-03-17,248.806946
2026-03-18,244.796982
2026-03-19,246.398972
2026-03-20,241.015884
2026-03-23,246.219864
2026-03-24,247.543259
2026-03-25,250.568161
2026-03-26,246.209930
2026-03-27,241.891510
2026-03-30,238.418839
2026-03-31,246.767136
2026-04-01,248.319382
2026-04-02,250.040771
2026-04-06,251.105469
2026-04-07,251.652725
2026-04-08,259.175140
2026-04-09,260.657715
2026-04-10,260.001007
2026-04-13,263.752258
2026-04-14,267.384155
2026-04-15,268.050842
2026-04-16,268.608032
2026-04-17,274.409027
2026-04-20,275.971252
2026-04-21,273.145386
2026-04-22,275.105560
2026-04-23,274.150330
2026-04-24,275.274689
2026-04-27,275.762299
2026-04-28,272.548340
2026-04-29,270.727417
2026-04-30,276.588165
2026-05-01,277.891632
2026-05-04,276.498627
2026-05-05,281.155334
2026-05-06,285.374237
2026-05-07,280.856842
2026-05-08,282.757355
2026-05-11,283.911530
2026-05-12,281.165283
2026-05-13,281.264801
2026-05-14,283.035950
2026-05-15,276.219971
2026-05-18,274.598083
2026-05-19,271.642853
2026-05-20,278.478699
2026-05-21,281.085663
2026-05-22,283.702606
2026-05-26,289.065826
2026-05-27,288.926514
2026-05-28,290.578278
2026-05-29,288.986206
2026-06-01,287.543427
2026-06-02,290.210083
2026-06-03,286.239929
2026-06-04,290.558350
2026-06-05,280.249847
2026-06-08,282.697601
2026-06-09,283.603088
2026-06-10,280.647858
2026-06-11,288.966309
2026-06-12,291.493683
2026-06-15,293.872498
2026-06-16,291.319122
2026-06-17,289.124878
2026-06-18,294.820007
2026-06-22,297.403259
2026-06-23,294.550720
2026-06-24,295.917145
2026-06-25,298.131348
2026-06-26,299.048950
2026-06-29,298.191193
2026-06-30,299.667358
2026-07-01,298.540283
2026-07-02,296.804810
2026-07-06,298.121368
2026-07-07,295.418427
2026-07-08,292.715515
2026-07-09,296.465698
2026-07-10,295.218933
2026-07-13,292.715515
2026-07-14,293.742828
2026-07-15,294.999512
2026-07-16,294.820007
2026-07-17,293.274048
2026-07-20,291.548553
2026-07-21,295.767548
2026-07-22,293.024689
2026-07-23,291.329102
2026-07-24,290.411530
2026-07-27,292.146973
2026-07-28,292.605774
2026-07-29,287.818298
2026-07-30,291.827820
2026-07-31,290.441437
2026-08-03,295.448364
2026-08-04,300.924042
2026-08-05,298.989105
2026-08-06,297.473083
2026-08-07,300.774445
2026-08-10,299.198578
2026-08-11,300.205933
2026-08-12,301.921448
2026-08-13,302.709381
2026-08-14,304.295258
2026-08-17,303.267944
2026-08-18,299.447937
2026-08-19,300.934021
2026-08-20,296.894592
2026-08-21,299.178619
2026-08-24,297.193787
2026-08-25,298.450531
2026-08-26,298.151306
2026-08-27,299.028992
2026-08-28,294.979584
2026-08-31,293.164307
2026-09-01,289.813080
2026-09-02,293.244110
2026-09-03,294.421051
2026-09-04,295.238922
2026-09-08,293.902405
2026-09-09,289.882904
2026-09-10,286.950562
2026-09-11,288.137482
2026-09-14,287.160004
2026-09-15,285.140015
2026-09-16,283.920013
2026-09-17,285.429993
2026-09-18,284.100006
2026-09-21,285.579987
2026-09-22,287.209991
2026-09-23,281.920013
2026-09-24,281.660004
2026-09-25,281.970001
