date,adj_close
2000-07-28,20.776588
2000-07-31,20.903358
2000-08-01,21.112524
2000-08-02,21.229782
2000-08-03,21.270969
2000-08-04,21.372370
2000-08-07,21.546680
2000-08-08,21.578377
2000-08-09,21.540350
2000-08-10,21.499146
2000-08-11,21.461119
2000-08-14,21.942814
2000-08-15,21.752666
2000-08-16,21.816055
2000-08-17,21.917473
2000-08-18,21.917473
2000-08-21,21.771692
2000-08-22,21.790703
2000-08-23,21.781200
2000-08-24,21.816055
2000-08-25,21.841408
2000-08-28,21.809727
2000-08-29,21.917473
2000-08-30,21.914309
2000-08-31,22.031557
2000-09-01,22.069578
2000-09-05,22.069578
2000-09-06,22.209021
2000-09-07,22.399176
2000-09-08,22.272398
2000-09-11,22.380165
2000-09-12,22.335789
2000-09-13,22.399176
2000-09-14,22.462559
2000-09-15,22.183662
2000-09-18,21.806547
2000-09-19,21.790703
2000-09-20,21.770342
2000-09-21,21.706734
2000-09-22,21.592220
2000-09-25,21.541315
2000-09-26,21.515886
2000-09-27,21.522221
2000-09-28,21.522221
2000-09-29,21.986647
2000-10-02,21.846687
2000-10-03,21.668550
2000-10-04,21.620842
2000-10-05,21.620842
2000-10-06,21.433168
2000-10-09,21.267757
2000-10-10,21.095999
2000-10-11,20.943310
2000-10-12,20.599766
2000-10-13,21.045090
2000-10-16,21.057812
2000-10-17,20.561590
2000-10-18,20.485243
2000-10-19,20.866962
2000-10-20,20.991014
2000-10-23,21.026009
2000-10-24,21.013288
2000-10-25,20.816061
2000-10-26,20.866962
2000-10-27,21.134150
2000-10-30,21.477705
2000-10-31,21.808516
2000-11-01,21.744905
2000-11-02,22.050272
2000-11-03,22.062992
2000-11-06,21.948481
2000-11-07,22.050272
2000-11-08,22.088440
2000-11-09,21.872137
2000-11-10,21.579487
2000-11-13,21.579487
2000-11-14,21.792606
2000-11-15,21.910313
2000-11-16,21.783070
2000-11-17,21.923027
2000-11-20,21.630392
2000-11-21,21.655834
2000-11-22,21.503139
2000-11-24,21.744905
2000-11-27,21.872137
2000-11-28,21.693996
2000-11-29,21.617662
2000-11-30,21.592220
2000-12-01,21.706734
2000-12-04,21.706734
2000-12-05,22.292027
2000-12-06,21.923027
2000-12-07,21.961199
2000-12-08,22.393820
2000-12-11,22.648291
2000-12-12,22.393820
2000-12-13,22.172874
2000-12-14,22.006741
2000-12-15,21.853380
2000-12-18,22.172874
2000-12-19,22.300676
2000-12-20,21.955610
2000-12-21,22.198429
2000-12-22,22.722393
2000-12-26,22.990776
2000-12-27,23.450853
2000-12-28,24.089838
2000-12-29,23.642540
2001-01-02,22.993965
2001-01-03,23.834246
2001-01-04,23.489189
2001-01-05,23.169691
2001-01-08,23.335846
2001-01-09,23.310282
2001-01-10,23.616991
2001-01-11,23.655321
2001-01-12,23.655321
2001-01-16,23.949253
2001-01-17,23.885365
2001-01-18,23.917295
2001-01-19,23.565866
2001-01-22,23.642540
2001-01-23,24.013159
2001-01-24,24.045101
2001-01-25,24.077061
2001-01-26,24.009960
2001-01-29,24.209959
2001-01-30,24.404222
2001-01-31,24.326521
2001-02-01,24.516682
2001-02-02,24.404222
2001-02-05,24.506456
2001-02-06,24.588238
2001-02-07,24.864296
2001-02-08,24.680265
2001-02-09,24.516682
2001-02-12,24.946083
2001-02-13,24.946083
2001-02-14,24.823402
2001-02-15,25.089220
2001-02-16,24.823402
2001-02-20,24.655733
2001-02-21,24.336735
2001-02-22,24.128183
2001-02-23,24.017752
2001-02-26,24.506456
2001-02-27,24.434885
2001-02-28,24.301987
2001-03-01,24.261087
2001-03-02,24.526909
2001-03-05,24.475784
2001-03-06,24.598473
2001-03-07,24.935852
2001-03-08,24.925623
2001-03-09,24.684940
2001-03-12,24.192478
2001-03-13,24.284803
2001-03-14,23.741047
2001-03-15,23.802603
2001-03-16,23.484552
2001-03-19,23.843641
2001-03-20,23.505060
2001-03-21,23.207537
2001-03-22,22.940784
2001-03-23,23.269093
2001-03-26,23.556370
2001-03-27,23.689745
2001-03-28,23.443520
2001-03-29,23.392220
2001-03-30,23.843641
2001-04-02,23.576889
2001-04-03,23.115198
2001-04-04,23.166492
2001-04-05,23.802603
2001-04-06,23.412725
2001-04-09,23.648705
2001-04-10,24.007795
2001-04-11,23.745140
2001-04-12,23.843641
2001-04-16,23.812862
2001-04-17,23.997541
2001-04-18,24.212999
2001-04-19,24.387413
2001-04-20,24.110394
2001-04-23,24.007795
2001-04-24,23.966747
2001-04-25,24.448971
2001-04-26,24.849100
2001-04-27,25.105585
2001-04-30,25.089182
2001-05-01,25.214342
2001-05-02,25.156878
2001-05-03,25.064556
2001-05-04,25.269751
2001-05-07,25.280001
2001-05-08,25.362085
2001-05-09,25.316942
2001-05-10,25.392866
2001-05-11,25.259476
2001-05-14,25.331318
2001-05-15,25.413395
2001-05-16,25.801195
2001-05-17,25.926371
2001-05-18,25.987936
2001-05-21,26.162333
2001-05-22,26.264944
2001-05-23,25.885323
2001-05-24,26.022810
2001-05-25,25.889431
2001-05-29,25.762213
2001-05-30,25.645250
2001-05-31,25.741684
2001-06-01,25.905851
2001-06-04,26.182871
2001-06-05,26.422935
2001-06-06,26.355234
2001-06-07,26.316231
2001-06-08,26.230722
2001-06-11,26.129751
2001-06-12,26.210127
2001-06-13,26.251337
2001-06-14,25.808304
2001-06-15,25.876320
2001-06-18,25.767099
2001-06-19,25.666145
2001-06-20,26.045273
2001-06-21,26.107103
2001-06-22,25.653772
2001-06-25,25.488920
2001-06-26,25.818613
2001-06-27,26.055578
2001-06-28,26.292551
2001-06-29,26.632538
2001-07-02,26.107103
2001-07-03,26.158602
2001-07-05,25.962872
2001-07-06,25.581661
2001-07-09,25.715576
2001-07-10,25.468328
2001-07-11,25.406509
2001-07-12,25.901045
2001-07-13,26.004066
2001-07-16,25.859825
2001-07-17,26.096796
2001-07-18,25.931940
2001-07-19,26.127710
2001-07-20,26.119461
2001-07-23,25.880447
2001-07-24,25.437429
2001-07-25,25.664083
2001-07-26,26.065882
2001-07-27,26.055578
2001-07-30,25.983459
2001-07-31,25.987572
2001-08-01,26.230722
2001-08-02,26.189508
2001-08-03,26.220432
2001-08-06,26.065882
2001-08-07,26.065882
2001-08-08,25.777405
2001-08-09,25.917517
2001-08-10,25.983459
2001-08-13,26.117399
2001-08-14,26.241032
2001-08-15,26.323462
2001-08-16,26.622221
2001-08-17,26.333744
2001-08-20,26.560415
2001-08-21,26.241032
2001-08-22,26.529503
2001-08-23,26.210127
2001-08-24,26.498602
2001-08-27,26.457378
2001-08-28,26.168913
2001-08-29,26.127710
2001-08-30,25.962872
2001-08-31,26.063814
2001-09-04,25.973169
2001-09-05,25.901045
2001-09-06,25.406509
2001-09-07,24.932570
2001-09-10,24.644112
2001-09-17,23.469597
2001-09-18,23.263540
2001-09-19,22.975067
2001-09-20,21.955097
2001-09-21,21.460560
2001-09-24,22.222973
2001-09-25,22.470242
2001-09-26,22.171457
2001-09-27,22.429026
2001-09-28,23.047182
2001-10-01,22.796415
2001-10-02,22.920860
2001-10-03,23.395874
2001-10-04,23.439445
2001-10-05,23.418684
2001-10-08,23.128292
2001-10-09,22.941605
2001-10-10,23.541073
2001-10-11,23.868805
2001-10-12,23.808645
2001-10-15,23.854292
2001-10-16,24.003633
2001-10-17,23.549368
2001-10-18,23.387571
2001-10-19,23.553524
2001-10-22,23.763025
2001-10-23,23.640644
2001-10-24,23.584633
2001-10-25,23.937271
2001-10-26,24.144665
2001-10-29,23.584633
2001-10-30,23.439445
2001-10-31,23.636490
2001-11-01,23.958010
2001-11-02,23.823168
2001-11-05,24.030603
2001-11-06,24.393614
2001-11-07,24.165440
2001-11-08,24.238041
2001-11-09,24.086613
2001-11-12,24.233879
2001-11-13,24.621780
2001-11-14,24.870686
2001-11-15,24.789797
2001-11-16,24.932922
2001-11-19,25.098845
2001-11-20,24.922544
2001-11-21,24.953665
2001-11-23,25.244066
2001-11-26,25.297997
2001-11-27,25.215027
2001-11-28,25.022123
2001-11-29,25.492973
2001-11-30,25.306288
2001-12-03,25.233696
2001-12-04,25.677584
2001-12-05,26.104883
2001-12-06,26.426407
2001-12-07,26.274986
2001-12-10,25.918205
2001-12-11,25.978354
2001-12-12,26.053047
2001-12-13,25.650623
2001-12-14,25.993439
2001-12-17,26.327082
2001-12-18,26.754585
2001-12-19,26.546059
2001-12-20,26.201969
2001-12-21,26.692028
2001-12-24,26.829647
2001-12-26,27.067379
2001-12-27,27.146616
2001-12-28,27.056957
2001-12-31,26.692028
2002-01-02,26.890146
2002-01-03,27.202929
2002-01-04,27.432318
2002-01-07,27.129948
2002-01-08,27.348907
2002-01-09,27.244642
2002-01-10,27.255068
2002-01-11,26.981884
2002-01-14,26.587757
2002-01-15,26.900562
2002-01-16,26.504353
2002-01-17,26.963121
2002-01-18,26.508526
2002-01-22,26.379244
2002-01-23,26.650311
2002-01-24,26.829647
2002-01-25,26.858839
2002-01-28,27.081963
2002-01-29,26.619051
2002-01-30,27.067379
2002-01-31,27.161226
2002-02-01,27.171648
2002-02-04,26.692028
2002-02-05,26.702446
2002-02-06,26.431368
2002-02-07,26.243690
2002-02-08,26.712873
2002-02-11,26.919325
2002-02-12,26.948523
2002-02-13,27.109079
2002-02-14,27.025694
2002-02-15,27.004831
2002-02-19,26.629463
2002-02-20,27.107014
2002-02-21,26.577333
2002-02-22,27.061134
2002-02-25,27.213352
2002-02-26,27.359327
2002-02-27,27.476118
2002-02-28,27.255068
2002-03-01,27.813929
2002-03-04,28.183016
2002-03-05,28.172607
2002-03-06,28.650137
2002-03-07,28.735634
2002-03-08,28.840479
2002-03-11,28.861355
2002-03-12,28.857180
2002-03-13,28.698469
2002-03-14,28.861355
2002-03-15,28.923996
2002-03-18,29.072283
2002-03-19,29.279036
2002-03-20,28.997095
2002-03-21,29.299917
2002-03-22,29.082722
2002-03-25,28.777813
2002-03-26,29.091082
2002-03-27,29.487864
2002-03-28,29.216379
2002-04-01,29.299917
2002-04-02,29.205940
2002-04-03,29.080635
2002-04-04,29.153717
2002-04-05,29.237257
2002-04-08,29.590193
2002-04-09,29.707136
2002-04-10,30.229252
2002-04-11,29.822008
2002-04-12,30.490286
2002-04-15,30.296061
2002-04-16,30.803551
2002-04-17,30.615595
2002-04-18,30.498638
2002-04-19,30.469416
2002-04-22,30.166601
2002-04-23,30.229252
2002-04-24,30.001616
2002-04-25,30.250132
2002-04-26,29.780245
2002-04-29,29.794855
2002-04-30,30.385885
2002-05-01,30.552940
2002-05-02,30.907957
2002-05-03,30.782650
2002-05-06,30.333668
2002-05-07,30.156147
2002-05-08,30.636473
2002-05-09,30.114378
2002-05-10,29.592289
2002-05-13,29.964022
2002-05-14,30.678251
2002-05-15,30.730438
2002-05-16,30.337833
2002-05-17,30.444340
2002-05-20,30.051746
2002-05-21,29.715502
2002-05-22,29.590193
2002-05-23,30.051746
2002-05-24,29.707136
2002-05-28,29.640329
2002-05-29,29.362566
2002-05-30,29.404335
2002-05-31,29.425215
2002-06-03,28.694286
2002-06-04,28.673405
2002-06-05,28.756945
2002-06-06,28.213966
2002-06-07,28.642078
2002-06-10,28.464569
2002-06-11,28.266172
2002-06-12,28.349697
2002-06-13,27.913221
2002-06-14,28.096910
2002-06-17,28.831614
2002-06-18,28.863087
2002-06-19,28.359295
2002-06-20,28.443275
2002-06-21,28.579706
2002-06-24,28.453756
2002-06-25,28.107399
2002-06-26,28.233347
2002-06-27,28.453756
2002-06-28,28.527235
2002-07-01,28.023438
2002-07-02,27.145994
2002-07-03,26.826921
2002-07-05,27.494457
2002-07-08,27.236267
2002-07-09,26.984364
2002-07-10,26.388208
2002-07-11,26.123724
2002-07-12,25.819355
2002-07-15,25.626230
2002-07-16,25.305069
2002-07-17,25.472988
2002-07-18,24.696318
2002-07-19,24.100153
2002-07-22,23.596367
2002-07-23,22.460732
2002-07-24,23.510298
2002-07-25,23.384344
2002-07-26,23.898638
2002-07-29,24.969198
2002-07-30,24.916721
2002-07-31,24.454908
2002-08-01,24.286983
2002-08-02,23.541779
2002-08-05,23.079979
2002-08-06,23.841957
2002-08-07,24.098055
2002-08-08,24.454908
2002-08-09,24.423433
2002-08-12,24.339458
2002-08-13,23.678232
2002-08-14,24.343643
2002-08-15,24.402443
2002-08-16,24.664824
2002-08-19,24.935616
2002-08-20,24.664824
2002-08-21,25.231598
2002-08-22,25.361744
2002-08-23,24.759279
2002-08-26,25.418413
2002-08-27,24.824362
2002-08-28,24.475906
2002-08-29,24.549374
2002-08-30,24.475906
2002-09-03,23.762199
2002-09-04,24.402443
2002-09-05,23.919641
2002-09-06,24.454908
2002-09-09,24.507389
2002-09-10,24.536776
2002-09-11,24.433907
2002-09-12,24.129538
2002-09-13,24.393303
2002-09-16,24.129747
2002-09-17,23.655378
2002-09-18,23.613220
2002-09-19,22.879519
2002-09-20,23.003906
2002-09-23,22.464180
2002-09-24,22.244905
2002-09-25,22.748802
2002-09-26,23.252695
2002-09-27,22.594893
2002-09-30,22.537973
2002-10-01,23.128304
2002-10-02,22.611755
2002-10-03,22.390388
2002-10-04,21.770546
2002-10-07,21.275087
2002-10-08,21.494352
2002-10-09,20.379053
2002-10-10,20.920889
2002-10-11,21.420555
2002-10-14,21.492249
2002-10-15,22.274427
2002-10-16,21.810591
2002-10-17,22.299744
2002-10-18,22.348228
2002-10-21,22.653933
2002-10-22,22.308168
2002-10-23,22.643394
2002-10-24,22.537973
2002-10-25,22.980721
2002-10-28,22.731939
2002-10-29,22.820486
2002-10-30,22.980721
2002-10-31,22.993372
2002-11-01,23.596348
2002-11-04,23.674353
2002-11-05,23.727066
2002-11-06,24.098120
2002-11-07,23.579473
2002-11-08,23.280092
2002-11-11,22.763556
2002-11-12,23.086136
2002-11-13,23.199986
2002-11-14,23.592136
2002-11-15,23.718636
2002-11-18,23.402378
2002-11-19,23.296959
2002-11-20,23.927351
2002-11-21,24.317390
2002-11-22,24.433357
2002-11-25,24.564074
2002-11-26,24.382751
2002-11-27,25.095373
2002-11-29,24.760138
2002-12-02,24.941462
2002-12-03,24.635756
2002-12-04,24.412275
2002-12-05,24.235163
2002-12-06,24.330044
2002-12-09,23.853567
2002-12-10,24.313173
2002-12-11,24.266802
2002-12-12,24.397507
2002-12-13,24.027082
2002-12-16,24.398359
2002-12-17,24.239246
2002-12-18,23.740669
2002-12-19,23.846750
2002-12-20,24.003740
2002-12-23,24.154381
2002-12-24,24.048300
2002-12-26,24.090727
2002-12-27,23.778854
2002-12-30,23.740669
2002-12-31,23.655809
2003-01-02,24.353809
2003-01-03,24.239246
2003-01-06,24.502321
2003-01-07,24.313482
2003-01-08,24.090727
2003-01-09,24.355925
2003-01-10,24.400480
2003-01-13,24.385626
2003-01-14,24.548996
2003-01-15,24.419580
2003-01-16,24.385626
2003-01-17,23.971931
2003-01-21,23.696114
2003-01-22,23.475460
2003-01-23,23.634584
2003-01-24,23.225117
2003-01-27,22.838984
2003-01-28,23.051138
2003-01-29,23.189053
2003-01-30,22.788057
2003-01-31,23.063879
2003-02-03,22.925961
2003-02-04,22.936588
2003-02-05,22.815641
2003-02-06,22.690468
2003-02-07,22.215235
2003-02-10,22.448622
2003-02-11,22.321316
2003-02-12,22.087942
2003-02-13,22.064606
2003-02-14,22.255545
2003-02-18,22.648045
2003-02-19,22.312826
2003-02-20,22.281006
2003-02-21,22.539846
2003-02-24,22.149469
2003-02-25,22.435883
2003-02-26,22.151596
2003-02-27,22.323433
2003-02-28,22.361620
2003-03-03,22.276758
2003-03-04,22.085821
2003-03-05,22.056120
2003-03-06,21.916086
2003-03-07,22.050621
2003-03-10,21.648314
2003-03-11,21.478016
2003-03-12,21.539751
2003-03-13,22.031466
2003-03-14,22.029337
2003-03-17,22.563623
2003-03-18,22.670067
2003-03-19,22.776493
2003-03-20,22.833967
2003-03-21,23.263947
2003-03-24,22.723280
2003-03-25,22.957434
2003-03-26,22.640261
2003-03-27,22.787128
2003-03-28,22.776493
2003-03-31,22.563623
2003-04-01,22.840343
2003-04-02,23.180933
2003-04-03,23.149002
2003-04-04,23.110685
2003-04-07,23.257568
2003-04-08,23.202225
2003-04-09,23.127703
2003-04-10,23.127703
2003-04-11,23.010639
2003-04-14,23.404440
2003-04-15,23.521513
2003-04-16,23.417219
2003-04-17,23.734379
2003-04-21,23.889772
2003-04-22,24.232483
2003-04-23,24.449596
2003-04-24,24.319765
2003-04-25,24.096258
2003-04-28,24.498569
2003-04-29,24.545389
2003-04-30,24.658205
2003-05-01,24.630543
2003-05-02,25.124390
2003-05-05,25.296803
2003-05-06,25.464951
2003-05-07,25.384083
2003-05-08,25.203138
2003-05-09,25.528831
2003-05-12,25.828966
2003-05-13,25.922630
2003-05-14,25.933270
2003-05-15,26.056726
2003-05-16,25.756582
2003-05-19,25.341505
2003-05-20,25.330862
2003-05-21,25.458591
2003-05-22,25.628872
2003-05-23,25.888563
2003-05-27,26.352617
2003-05-28,26.586765
2003-05-29,26.629333
2003-05-30,27.163622
2003-06-02,27.353065
2003-06-03,27.406294
2003-06-04,27.885229
2003-06-05,28.098097
2003-06-06,28.034237
2003-06-09,27.397774
2003-06-10,27.893745
2003-06-11,28.193888
2003-06-12,28.266260
2003-06-13,27.814146
2003-06-16,28.302973
2003-06-17,28.320055
2003-06-18,28.209053
2003-06-19,27.750116
2003-06-20,27.626289
2003-06-23,27.195107
2003-06-24,27.242073
2003-06-25,27.280479
2003-06-26,27.760790
2003-06-27,27.658323
2003-06-30,27.451269
2003-07-01,27.771479
2003-07-02,28.273098
2003-07-03,28.209053
2003-07-07,28.557014
2003-07-08,28.986065
2003-07-09,29.075705
2003-07-10,28.601812
2003-07-11,28.988188
2003-07-14,29.094923
2003-07-15,29.030884
2003-07-16,28.924143
2003-07-17,28.187700
2003-07-18,28.433195
2003-07-21,28.080982
2003-07-22,28.326454
2003-07-23,28.433195
2003-07-24,28.371283
2003-07-25,28.544184
2003-07-28,28.838772
2003-07-29,28.840910
2003-07-30,28.785402
2003-07-31,28.881456
2003-08-01,28.433195
2003-08-04,28.273098
2003-08-05,27.792791
2003-08-06,27.771479
2003-08-07,27.863243
2003-08-08,27.878189
2003-08-11,28.177038
2003-08-12,28.646650
2003-08-13,28.552731
2003-08-14,28.738436
2003-08-15,28.913500
2003-08-18,29.340395
2003-08-19,29.831373
2003-08-20,29.784414
2003-08-21,30.025610
2003-08-22,29.491961
2003-08-25,29.517580
2003-08-26,29.575220
2003-08-27,29.810030
2003-08-28,29.950912
2003-08-29,30.023489
2003-09-02,30.700148
2003-09-03,30.883730
2003-09-04,30.917894
2003-09-05,30.653210
2003-09-08,31.101461
2003-09-09,30.791946
2003-09-10,30.226290
2003-09-11,30.589155
2003-09-12,30.762428
2003-09-15,30.627495
2003-09-16,31.034439
2003-09-17,30.950907
2003-09-18,31.216475
2003-09-19,31.233614
2003-09-22,30.916641
2003-09-23,31.225056
2003-09-24,30.700325
2003-09-25,29.946396
2003-09-26,29.578024
2003-09-29,30.027796
2003-09-30,29.676567
2003-10-01,30.563257
2003-10-02,30.756023
2003-10-03,31.162949
2003-10-06,31.505627
2003-10-07,31.687698
2003-10-08,31.366413
2003-10-09,31.559160
2003-10-10,31.612724
2003-10-13,32.068920
2003-10-14,32.362362
2003-10-15,32.094616
2003-10-16,32.274529
2003-10-17,31.698399
2003-10-20,31.876165
2003-10-21,31.940416
2003-10-22,31.344992
2003-10-23,31.162949
2003-10-24,31.087992
2003-10-27,31.527056
2003-10-28,32.028229
2003-10-29,32.319508
2003-10-30,32.373062
2003-10-31,32.148174
2003-11-03,32.728596
2003-11-04,32.854942
2003-11-05,32.897793
2003-11-06,33.195492
2003-11-07,33.090546
2003-11-10,32.567966
2003-11-11,32.403049
2003-11-12,33.045570
2003-11-13,33.004879
2003-11-14,32.480125
2003-11-17,32.216698
2003-11-18,31.955410
2003-11-19,32.276691
2003-11-20,31.933992
2003-11-21,32.298100
2003-11-24,33.075558
2003-11-25,33.261890
2003-11-26,33.454647
2003-11-28,33.497475
2003-12-01,33.945118
2003-12-02,33.765209
2003-12-03,33.411812
2003-12-04,33.506054
2003-12-05,33.144096
2003-12-08,33.647427
2003-12-09,33.144096
2003-12-10,32.919205
2003-12-11,33.651695
2003-12-12,33.831867
2003-12-15,33.259262
2003-12-16,33.712357
2003-12-17,33.712357
2003-12-18,34.047104
2003-12-19,34.101101
2003-12-22,34.414246
2003-12-23,34.578350
2003-12-24,34.489838
2003-12-26,34.723091
2003-12-29,35.191715
2003-12-30,35.245724
2003-12-31,34.641003
2004-01-02,34.984398
2004-01-05,35.310493
2004-01-06,35.202518
2004-01-07,35.489750
2004-01-08,35.720844
2004-01-09,35.515682
2004-01-12,35.895782
2004-01-13,35.839622
2004-01-14,36.237003
2004-01-15,36.154922
2004-01-16,36.336353
2004-01-20,36.703495
2004-01-21,36.692696
2004-01-22,36.496162
2004-01-23,36.714287
2004-01-26,37.059849
2004-01-27,36.714287
2004-01-28,36.152775
2004-01-29,35.932487
2004-01-30,35.828823
2004-02-02,35.904411
2004-02-03,35.807220
2004-02-04,35.072960
2004-02-05,35.310493
2004-02-06,36.206764
2004-02-09,36.249954
2004-02-10,36.757473
2004-02-11,36.919460
2004-02-12,36.714287
2004-02-13,36.303951
2004-02-17,36.925934
2004-02-18,36.681889
2004-02-19,36.120380
2004-02-20,36.046928
2004-02-23,35.731628
2004-02-24,35.861221
2004-02-25,36.206764
2004-02-26,36.422726
2004-02-27,36.627918
2004-03-01,37.113838
2004-03-02,36.930248
2004-03-03,36.960491
2004-03-04,37.368668
2004-03-05,37.362202
2004-03-08,37.008007
2004-03-09,36.811466
2004-03-10,35.947609
2004-03-11,35.569675
2004-03-12,36.573914
2004-03-15,35.623657
2004-03-16,35.710045
2004-03-17,36.206764
2004-03-18,35.990799
2004-03-19,35.785637
2004-03-22,35.265152
2004-03-23,35.472473
2004-03-24,35.224129
2004-03-25,35.893608
2004-03-26,35.958595
2004-03-29,36.565136
2004-03-30,36.987541
2004-03-31,37.074181
2004-04-01,37.390434
2004-04-02,37.799866
2004-04-05,37.810684
2004-04-06,37.464100
2004-04-07,37.565907
2004-04-08,37.269142
2004-04-12,37.240978
2004-04-13,36.413502
2004-04-14,36.294376
2004-04-15,36.201218
2004-04-16,36.543472
2004-04-19,36.712440
2004-04-20,36.064728
2004-04-21,36.500160
2004-04-22,37.076366
2004-04-23,36.872726
2004-04-26,36.770920
2004-04-27,36.885735
2004-04-28,36.023579
2004-04-29,35.471207
2004-04-30,35.048809
2004-05-03,35.436554
2004-05-04,35.590351
2004-05-05,35.590351
2004-05-06,35.159283
2004-05-07,34.165012
2004-05-10,33.512993
2004-05-11,34.204002
2004-05-12,34.355644
2004-05-13,34.009033
2004-05-14,33.933220
2004-05-17,33.573643
2004-05-18,33.970051
2004-05-19,33.759937
2004-05-20,33.861752
2004-05-21,34.191010
2004-05-24,34.637226
2004-05-25,35.352093
2004-05-26,35.514545
2004-05-27,35.527527
2004-05-28,35.646675
2004-06-01,35.915268
2004-06-02,35.926102
2004-06-03,35.232929
2004-06-04,35.599026
2004-06-07,36.287849
2004-06-08,36.303020
2004-06-09,35.763641
2004-06-10,35.906616
2004-06-14,35.185284
2004-06-15,35.785305
2004-06-16,35.915268
2004-06-17,35.915268
2004-06-18,36.027920
2004-06-21,35.999756
2004-06-22,36.175228
2004-06-23,36.716759
2004-06-24,36.608437
2004-06-25,36.963764
2004-06-28,36.959404
2004-06-29,37.174541
2004-06-30,37.441822
2004-07-01,36.996349
2004-07-02,37.070232
2004-07-06,36.659527
2004-07-07,36.631287
2004-07-08,36.007607
2004-07-09,36.185806
2004-07-12,36.159706
2004-07-13,36.174931
2004-07-14,36.018471
2004-07-15,36.127132
2004-07-16,35.881573
2004-07-19,36.027153
2004-07-20,36.531311
2004-07-21,35.583836
2004-07-22,35.464336
2004-07-23,35.073200
2004-07-26,34.788528
2004-07-27,35.377426
2004-07-28,35.342651
2004-07-29,35.705555
2004-07-30,35.659908
2004-08-02,35.809860
2004-08-03,35.366543
2004-08-04,35.390461
2004-08-05,34.768951
2004-08-06,34.258297
2004-08-09,34.158321
2004-08-10,34.692913
2004-08-11,34.649441
2004-08-12,34.184402
2004-08-13,34.225704
2004-08-16,34.768951
2004-08-17,34.888485
2004-08-18,35.507790
2004-08-19,35.170982
2004-08-20,35.757690
2004-08-23,35.627316
2004-08-24,35.699036
2004-08-25,35.940231
2004-08-26,35.829411
2004-08-27,36.131474
2004-08-30,35.781620
2004-08-31,36.094521
2004-09-01,36.244465
2004-09-02,36.909435
2004-09-03,36.509590
2004-09-07,36.974602
2004-09-08,36.811623
2004-09-09,37.148464
2004-09-10,37.320137
2004-09-13,37.311432
2004-09-14,37.204960
2004-09-15,36.974602
2004-09-16,37.476593
2004-09-17,37.376625
2004-09-20,37.244080
2004-09-21,37.496159
2004-09-22,36.909435
2004-09-23,36.933342
2004-09-24,36.908009
2004-09-27,36.600487
2004-09-28,37.014900
2004-09-29,37.265732
2004-09-30,37.448971
2004-10-01,38.240730
2004-10-04,38.410877
2004-10-05,38.290905
2004-10-06,38.657349
2004-10-07,38.022617
2004-10-08,37.669266
2004-10-11,37.734707
2004-10-12,37.723808
2004-10-13,37.152325
2004-10-14,36.879673
2004-10-15,37.294098
2004-10-18,37.374805
2004-10-19,36.986538
2004-10-20,37.080330
2004-10-21,37.592907
2004-10-22,36.982193
2004-10-25,37.374805
2004-10-26,37.941902
2004-10-27,38.273457
2004-10-28,38.085865
2004-10-29,37.996441
2004-11-01,38.231998
2004-11-02,38.103317
2004-11-03,38.727146
2004-11-04,39.163380
2004-11-05,39.326973
2004-11-08,39.174301
2004-11-09,39.296432
2004-11-10,39.566906
2004-11-11,39.970421
2004-11-12,40.319416
2004-11-15,40.417564
2004-11-16,40.114368
2004-11-17,40.365234
2004-11-18,40.354313
2004-11-19,39.959515
2004-11-22,40.513550
2004-11-23,40.777466
2004-11-24,41.061020
2004-11-26,41.156986
2004-11-29,41.198444
2004-11-30,41.519093
2004-12-01,41.857174
2004-12-02,41.713192
2004-12-03,41.700115
2004-12-06,41.416561
2004-12-07,40.668396
2004-12-08,41.052299
2004-12-09,40.908337
2004-12-10,41.128651
2004-12-13,41.536507
2004-12-14,41.759003
2004-12-15,42.097103
2004-12-16,41.750271
2004-12-17,41.660851
2004-12-20,41.632515
2004-12-21,42.060024
2004-12-22,42.223610
2004-12-23,42.248806
2004-12-27,41.950661
2004-12-28,42.468037
2004-12-29,42.446125
2004-12-30,42.378174
2004-12-31,42.303616
2005-01-03,41.808132
2005-01-04,41.051788
2005-01-05,40.231846
2005-01-06,40.334896
2005-01-07,39.900803
2005-01-10,40.299828
2005-01-11,39.933685
2005-01-12,40.010414
2005-01-13,39.813114
2005-01-14,40.242825
2005-01-18,40.709782
2005-01-19,40.240620
2005-01-20,39.949059
2005-01-21,39.889851
2005-01-24,39.644299
2005-01-25,39.703506
2005-01-26,40.135391
2005-01-27,40.306389
2005-01-28,40.203350
2005-01-31,40.657173
2005-02-01,40.898342
2005-02-02,41.205257
2005-02-03,41.056168
2005-02-04,41.525341
2005-02-07,41.463951
2005-02-08,41.490246
2005-02-09,40.852299
2005-02-10,40.953144
2005-02-11,41.490246
2005-02-14,41.505615
2005-02-15,41.503422
2005-02-16,41.670029
2005-02-17,41.303917
2005-02-18,41.161415
2005-02-22,40.383129
2005-02-23,40.569462
2005-02-24,40.955338
2005-02-25,41.731438
2005-02-28,41.501213
2005-03-01,41.906811
2005-03-02,41.727028
2005-03-03,41.873920
2005-03-04,42.459278
2005-03-07,42.393494
2005-03-08,41.961620
2005-03-09,41.534103
2005-03-10,41.347748
2005-03-11,41.288555
2005-03-14,41.687572
2005-03-15,41.435452
2005-03-16,41.183338
2005-03-17,41.264458
2005-03-18,41.056168
2005-03-21,41.051788
2005-03-22,40.821590
2005-03-23,40.413807
2005-03-24,40.577137
2005-03-28,40.627831
2005-03-29,40.037121
2005-03-30,40.610191
2005-03-31,40.610191
2005-04-01,40.400803
2005-04-04,40.623417
2005-04-05,40.709377
2005-04-06,40.810772
2005-04-07,40.984882
2005-04-08,40.328087
2005-04-11,40.147354
2005-04-12,40.544052
2005-04-13,39.948982
2005-04-14,39.241463
2005-04-15,38.600071
2005-04-18,38.816071
2005-04-19,39.408970
2005-04-20,38.791832
2005-04-21,39.673458
2005-04-22,39.078362
2005-04-25,39.516956
2005-04-26,38.981400
2005-04-27,39.029861
2005-04-28,38.110775
2005-04-29,38.494289
2005-05-02,38.913055
2005-05-03,39.073963
2005-05-04,39.512562
2005-05-05,39.539024
2005-05-06,39.578697
2005-05-09,39.993053
2005-05-10,39.563263
2005-05-11,39.587509
2005-05-12,38.941711
2005-05-13,38.688244
2005-05-16,39.305386
2005-05-17,39.563263
2005-05-18,40.257538
2005-05-19,40.433861
2005-05-20,40.345722
2005-05-23,40.709377
2005-05-24,40.515423
2005-05-25,40.147354
2005-05-26,40.711578
2005-05-27,40.995899
2005-05-31,40.808563
2005-06-01,41.355175
2005-06-02,41.434536
2005-06-03,41.194286
2005-06-06,41.399246
2005-06-07,41.491833
2005-06-08,41.240570
2005-06-09,41.657143
2005-06-10,41.749706
2005-06-13,41.954693
2005-06-14,42.351429
2005-06-15,42.516739
2005-06-16,42.827499
2005-06-17,42.807655
2005-06-20,42.817608
2005-06-21,42.724739
2005-06-22,42.877323
2005-06-23,42.253700
2005-06-24,41.862278
2005-06-27,41.994980
2005-06-28,42.844158
2005-06-29,42.844158
2005-06-30,42.658405
2005-07-01,42.956936
2005-07-05,43.520844
2005-07-06,43.189129
2005-07-07,43.222305
2005-07-08,44.098030
2005-07-11,44.695110
2005-07-12,44.575703
2005-07-13,44.449650
2005-07-14,44.064873
2005-07-15,44.071503
2005-07-18,43.885738
2005-07-19,44.482811
2005-07-20,45.053368
2005-07-21,44.297054
2005-07-22,45.040112
2005-07-25,44.681831
2005-07-26,44.947212
2005-07-27,44.993652
2005-07-28,45.404976
2005-07-29,45.232506
2005-08-01,45.265682
2005-08-02,45.650436
2005-08-03,45.298851
2005-08-04,44.582329
2005-08-05,43.892368
2005-08-08,43.719868
2005-08-09,43.799480
2005-08-10,43.713249
2005-08-11,44.078144
2005-08-12,43.633633
2005-08-15,43.985260
2005-08-16,43.288658
2005-08-17,43.242218
2005-08-18,43.096249
2005-08-19,43.222305
2005-08-22,43.567280
2005-08-23,43.527500
2005-08-24,43.335083
2005-08-25,43.640255
2005-08-26,42.923767
2005-08-29,43.421345
2005-08-30,43.235565
2005-08-31,44.171005
2005-09-01,44.171005
2005-09-02,43.918907
2005-09-06,44.549156
2005-09-07,44.688488
2005-09-08,44.350124
2005-09-09,44.615513
2005-09-12,44.841076
2005-09-13,44.456264
2005-09-14,44.018425
2005-09-15,43.965351
2005-09-16,44.370033
2005-09-19,44.131203
2005-09-20,43.520844
2005-09-21,42.830891
2005-09-22,43.056458
2005-09-23,43.386917
2005-09-26,43.606777
2005-09-27,43.440224
2005-09-28,43.247025
2005-09-29,43.826641
2005-09-30,43.926590
2005-10-03,44.179764
2005-10-04,43.506832
2005-10-05,42.467476
2005-10-06,42.254269
2005-10-07,42.520790
2005-10-10,42.174328
2005-10-11,41.568008
2005-10-12,41.021694
2005-10-13,41.248211
2005-10-14,41.874496
2005-10-17,41.867844
2005-10-18,41.348156
2005-10-19,42.187637
2005-10-20,41.508068
2005-10-21,41.907806
2005-10-24,42.807281
2005-10-25,42.500782
2005-10-26,42.121014
2005-10-27,41.434772
2005-10-28,42.074383
2005-10-31,42.474133
2005-11-01,42.760628
2005-11-02,43.520153
2005-11-03,43.553497
2005-11-04,43.486870
2005-11-07,43.626774
2005-11-08,43.466885
2005-11-09,43.566799
2005-11-10,43.866631
2005-11-11,44.106472
2005-11-14,43.959904
2005-11-15,43.326954
2005-11-16,43.260319
2005-11-17,43.959904
2005-11-18,44.239738
2005-11-21,44.692780
2005-11-22,44.839359
2005-11-23,44.985947
2005-11-25,44.939308
2005-11-28,44.339668
2005-11-29,44.439617
2005-11-30,44.606174
2005-12-01,45.405693
2005-12-02,45.439007
2005-12-05,45.119194
2005-12-06,45.172493
2005-12-07,44.965927
2005-12-08,45.052574
2005-12-09,45.259113
2005-12-12,45.359055
2005-12-13,45.472313
2005-12-14,45.432346
2005-12-15,44.952633
2005-12-16,44.792736
2005-12-19,44.273052
2005-12-20,44.239738
2005-12-21,44.566200
2005-12-22,44.929157
2005-12-23,44.982765
2005-12-27,44.527367
2005-12-28,44.654598
2005-12-29,44.467091
2005-12-30,44.152328
2006-01-03,45.022930
2006-01-04,45.250610
2006-01-05,45.404629
2006-01-06,45.799767
2006-01-09,46.121189
2006-01-10,46.543098
2006-01-11,46.536404
2006-01-12,46.295334
2006-01-13,46.362297
2006-01-17,46.094418
2006-01-18,46.121189
2006-01-19,46.643555
2006-01-20,46.275223
2006-01-23,46.402477
2006-01-24,46.938213
2006-01-25,47.159214
2006-01-26,47.654793
2006-01-27,47.828899
2006-01-30,47.681553
2006-01-31,47.581120
2006-02-01,48.009724
2006-02-02,47.400318
2006-02-03,47.226185
2006-02-06,47.581120
2006-02-07,46.951622
2006-02-08,47.279739
2006-02-09,46.891346
2006-02-10,46.871243
2006-02-13,46.610081
2006-02-14,47.259686
2006-02-15,47.567722
2006-02-16,47.969540
2006-02-17,47.895870
2006-02-21,47.768646
2006-02-22,48.076694
2006-02-23,47.936054
2006-02-24,48.384743
2006-02-27,48.451698
2006-02-28,47.775311
2006-03-01,48.578953
2006-03-02,48.511986
2006-03-03,48.237411
2006-03-06,47.956161
2006-03-07,47.239605
2006-03-08,47.467285
2006-03-09,47.125755
2006-03-10,47.842308
2006-03-13,47.889179
2006-03-14,48.485184
2006-03-15,48.866924
2006-03-16,48.913792
2006-03-17,49.027645
2006-03-20,48.987469
2006-03-21,48.217323
2006-03-22,48.766457
2006-03-23,49.054440
2006-03-24,49.454964
2006-03-27,49.542328
2006-03-28,49.280231
2006-03-29,50.247971
2006-03-30,50.113571
2006-03-31,50.227795
2006-04-03,49.932098
2006-04-04,50.073227
2006-04-05,50.180763
2006-04-06,50.335316
2006-04-07,49.535603
2006-04-10,49.394459
2006-04-11,48.614914
2006-04-12,49.065159
2006-04-13,49.260075
2006-04-17,49.058453
2006-04-18,50.536922
2006-04-19,51.007366
2006-04-20,50.671345
2006-04-21,50.597424
2006-04-24,50.200924
2006-04-25,50.268120
2006-04-26,50.409271
2006-04-27,50.032928
2006-04-28,50.395798
2006-05-01,49.992603
2006-05-02,50.738548
2006-05-03,50.691502
2006-05-04,51.235870
2006-05-05,51.585289
2006-05-08,51.639061
2006-05-09,51.652531
2006-05-10,51.370262
2006-05-11,50.295002
2006-05-12,49.105511
2006-05-15,48.997990
2006-05-16,49.065159
2006-05-17,48.299053
2006-05-18,47.795048
2006-05-19,48.413315
2006-05-22,47.902565
2006-05-23,47.304451
2006-05-24,47.761456
2006-05-25,48.715721
2006-05-26,48.883728
2006-05-30,47.559814
2006-05-31,48.379696
2006-06-01,49.360882
2006-06-02,49.394459
2006-06-05,48.016796
2006-06-06,47.815193
2006-06-07,47.472443
2006-06-08,47.660625
2006-06-09,47.170059
2006-06-12,46.175426
2006-06-13,45.442921
2006-06-14,45.920044
2006-06-15,47.432152
2006-06-16,46.780254
2006-06-19,45.920044
2006-06-20,45.812538
2006-06-21,46.686188
2006-06-22,46.444859
2006-06-23,46.606625
2006-06-26,47.220078
2006-06-27,46.438103
2006-06-28,46.680794
2006-06-29,48.399723
2006-06-30,48.783955
2006-07-03,49.208611
2006-07-05,48.588467
2006-07-06,48.757000
2006-07-07,48.130074
2006-07-10,48.244698
2006-07-11,48.689575
2006-07-12,47.772827
2006-07-13,46.714489
2006-07-14,46.444859
2006-07-17,46.539227
2006-07-18,46.936966
2006-07-19,47.921104
2006-07-20,46.781887
2006-07-21,46.222401
2006-07-24,47.604294
2006-07-25,47.725624
2006-07-26,47.698673
2006-07-27,47.253754
2006-07-28,48.264904
2006-07-31,48.197506
2006-08-01,47.550362
2006-08-02,48.062672
2006-08-03,48.467133
2006-08-04,48.224461
2006-08-07,48.096367
2006-08-08,47.321171
2006-08-09,47.017830
2006-08-10,47.341404
2006-08-11,47.024593
2006-08-14,47.253754
2006-08-15,48.251427
2006-08-16,48.790695
2006-08-17,48.905296
2006-08-18,49.006401
2006-08-21,48.642387
2006-08-22,48.716560
2006-08-23,48.217712
2006-08-24,48.157047
2006-08-25,48.130074
2006-08-28,48.642387
2006-08-29,49.296249
2006-08-30,49.545650
2006-08-31,49.599606
2006-09-01,49.673748
2006-09-05,50.024296
2006-09-06,49.080555
2006-09-07,48.709789
2006-09-08,48.945717
2006-09-11,49.100758
2006-09-12,50.064728
2006-09-13,50.442219
2006-09-14,50.246731
2006-09-15,50.354603
2006-09-18,50.347858
2006-09-19,50.024296
2006-09-20,50.630947
2006-09-21,50.186073
2006-09-22,49.613094
2006-09-25,50.307392
2006-09-26,50.409019
2006-09-27,50.632568
2006-09-28,50.510635
2006-09-29,49.961891
2006-10-02,49.670601
2006-10-03,49.555443
2006-10-04,50.605484
2006-10-05,51.215149
2006-10-06,50.957737
2006-10-09,51.357456
2006-10-10,51.364235
2006-10-11,51.032272
2006-10-12,51.960377
2006-10-13,52.434566
2006-10-16,52.705570
2006-10-17,52.495552
2006-10-18,52.434566
2006-10-19,52.651352
2006-10-20,52.244907
2006-10-23,52.441357
2006-10-24,52.339760
2006-10-25,52.664925
2006-10-26,53.098488
2006-10-27,52.434566
2006-10-30,52.902023
2006-10-31,52.576851
2006-11-01,51.567451
2006-11-02,51.370991
2006-11-03,51.601334
2006-11-06,52.231354
2006-11-07,52.454918
2006-11-08,52.807198
2006-11-09,52.292332
2006-11-10,52.874935
2006-11-13,53.003647
2006-11-14,54.019836
2006-11-15,54.331455
2006-11-16,54.311138
2006-11-17,54.311138
2006-11-20,54.378845
2006-11-21,54.453400
2006-11-22,54.534698
2006-11-24,54.195961
2006-11-27,53.017193
2006-11-28,53.322029
2006-11-29,53.965622
2006-11-30,53.938541
2006-12-01,53.775940
2006-12-04,54.751465
2006-12-05,54.798904
2006-12-06,54.575306
2006-12-07,54.243362
2006-12-08,54.331455
2006-12-11,54.534698
2006-12-12,54.311138
2006-12-13,54.473698
2006-12-14,54.710812
2006-12-15,54.717598
2006-12-18,54.033379
2006-12-19,54.040146
2006-12-20,54.330326
2006-12-21,54.037403
2006-12-22,53.860317
2006-12-26,54.595978
2006-12-27,55.256687
2006-12-28,55.093246
2006-12-29,54.521049
2007-01-03,54.657291
2007-01-04,54.739048
2007-01-05,53.621918
2007-01-08,53.628738
2007-01-09,53.819443
2007-01-10,53.921646
2007-01-11,54.398430
2007-01-12,55.004684
2007-01-16,54.541481
2007-01-17,54.418846
2007-01-18,53.799019
2007-01-19,54.187283
2007-01-22,53.819443
2007-01-23,54.234966
2007-01-24,54.820770
2007-01-25,54.125992
2007-01-26,54.309887
2007-01-29,54.848011
2007-01-30,55.161346
2007-01-31,55.324829
2007-02-01,55.856148
2007-02-02,55.869766
2007-02-05,55.842510
2007-02-06,56.108166
2007-02-07,56.693981
2007-02-08,56.489632
2007-02-09,55.862938
2007-02-12,55.788044
2007-02-13,56.251236
2007-02-14,56.251236
2007-02-15,56.210388
2007-02-16,56.380650
2007-02-20,56.918758
2007-02-21,56.884716
2007-02-22,57.041416
2007-02-23,56.741657
2007-02-26,56.578194
2007-02-27,54.153229
2007-02-28,54.616409
2007-03-01,54.357574
2007-03-02,53.369854
2007-03-05,52.239113
2007-03-06,53.669609
2007-03-07,53.410759
2007-03-08,54.071472
2007-03-09,54.343945
2007-03-12,54.446106
2007-03-13,53.070156
2007-03-14,53.703632
2007-03-15,54.234966
2007-03-16,53.778572
2007-03-19,54.480190
2007-03-20,54.882061
2007-03-21,55.924278
2007-03-22,55.747131
2007-03-23,55.878334
2007-03-26,55.618710
2007-03-27,55.372719
2007-03-28,54.908108
2007-03-29,55.126736
2007-03-30,55.345360
2007-04-02,55.502552
2007-04-03,56.151676
2007-04-04,55.926212
2007-04-05,55.926212
2007-04-09,55.967194
2007-04-10,56.124325
2007-04-11,55.646034
2007-04-12,56.001324
2007-04-13,56.356651
2007-04-16,57.060402
2007-04-17,56.998936
2007-04-18,56.595776
2007-04-19,56.308819
2007-04-20,56.985275
2007-04-23,56.944248
2007-04-24,56.889591
2007-04-25,57.121922
2007-04-26,57.244907
2007-04-27,56.937435
2007-04-30,55.721191
2007-05-01,56.083340
2007-05-02,56.732441
2007-05-03,56.807610
2007-05-04,57.108261
2007-05-07,57.156067
2007-05-08,56.985275
2007-05-09,57.026287
2007-05-10,56.370319
2007-05-11,56.882759
2007-05-14,56.506969
2007-05-15,55.974007
2007-05-16,56.438618
2007-05-17,56.001324
2007-05-18,56.397633
2007-05-21,56.964745
2007-05-22,57.265408
2007-05-23,57.176579
2007-05-24,56.390789
2007-05-25,56.841766
2007-05-29,57.326889
2007-05-30,57.730042
2007-05-31,57.941841
2007-06-01,58.351788
2007-06-04,58.385975
2007-06-05,57.969166
2007-06-06,57.361042
2007-06-07,56.315662
2007-06-08,57.053596
2007-06-11,56.923756
2007-06-12,56.131145
2007-06-13,56.841766
2007-06-14,57.156067
2007-06-15,58.153660
2007-06-18,57.736877
2007-06-19,57.866695
2007-06-20,56.916912
2007-06-21,57.149250
2007-06-22,56.513828
2007-06-25,56.315662
2007-06-26,55.926212
2007-06-27,56.957924
2007-06-28,56.993652
2007-06-29,56.560974
2007-07-02,57.220284
2007-07-03,57.371334
2007-07-05,57.426300
2007-07-06,57.536179
2007-07-09,57.508717
2007-07-10,56.451122
2007-07-11,56.718948
2007-07-12,57.584232
2007-07-13,57.563656
2007-07-16,57.076057
2007-07-17,57.089787
2007-07-18,56.794506
2007-07-19,56.931835
2007-07-20,55.970383
2007-07-23,55.764347
2007-07-24,54.335907
2007-07-25,54.267227
2007-07-26,52.639626
2007-07-27,51.437786
2007-07-30,52.206970
2007-07-31,51.712509
2007-08-01,51.932266
2007-08-02,52.186359
2007-08-03,49.858273
2007-08-06,50.634323
2007-08-07,50.984550
2007-08-08,52.673973
2007-08-09,51.108139
2007-08-10,52.323723
2007-08-13,51.664433
2007-08-14,50.476353
2007-08-15,49.926941
2007-08-16,51.437786
2007-08-17,52.550346
2007-08-20,52.481686
2007-08-21,52.660236
2007-08-22,53.360710
2007-08-23,52.680805
2007-08-24,53.230251
2007-08-27,52.639626
2007-08-28,51.190571
2007-08-29,52.502251
2007-08-30,52.124573
2007-08-31,52.680805
2007-09-04,53.161560
2007-09-05,52.522858
2007-09-06,52.433582
2007-09-07,51.575142
2007-09-10,50.840355
2007-09-11,51.849869
2007-09-12,51.266121
2007-09-13,51.527107
2007-09-14,51.726242
2007-09-17,51.307354
2007-09-18,53.539257
2007-09-19,54.301559
2007-09-20,53.649166
2007-09-21,53.635406
2007-09-24,53.202778
2007-09-25,52.887634
2007-09-26,53.328949
2007-09-27,53.439278
2007-09-28,52.935905
2007-10-01,54.252945
2007-10-02,54.535622
2007-10-03,54.349468
2007-10-04,54.418419
2007-10-05,55.432053
2007-10-08,55.045921
2007-10-09,55.390694
2007-10-10,55.170002
2007-10-11,54.577007
2007-10-12,54.942471
2007-10-15,54.101238
2007-10-16,53.556484
2007-10-17,53.577206
2007-10-18,53.322067
2007-10-19,51.508572
2007-10-22,52.666981
2007-10-23,52.784195
2007-10-24,52.356701
2007-10-25,52.391190
2007-10-26,53.273785
2007-10-29,53.128975
2007-10-30,52.604942
2007-10-31,53.501312
2007-11-01,51.253452
2007-11-02,51.060352
2007-11-05,50.563908
2007-11-06,51.294800
2007-11-07,49.777855
2007-11-08,50.163960
2007-11-09,49.839874
2007-11-12,49.502029
2007-11-13,51.287895
2007-11-14,50.867317
2007-11-15,50.184658
2007-11-16,49.646801
2007-11-19,48.502178
2007-11-20,48.757313
2007-11-21,47.888496
2007-11-23,48.991745
2007-11-26,47.398918
2007-11-27,47.929855
2007-11-28,49.915741
2007-11-29,49.508907
2007-11-30,49.557159
2007-12-03,48.984844
2007-12-04,48.198780
2007-12-05,49.233097
2007-12-06,50.591492
2007-12-07,50.405300
2007-12-10,51.177601
2007-12-11,49.364086
2007-12-12,49.619225
2007-12-13,49.384792
2007-12-14,48.185001
2007-12-17,47.640263
2007-12-18,48.522861
2007-12-19,48.702141
2007-12-20,49.508907
2007-12-21,50.681110
2007-12-24,51.032791
2007-12-26,51.308613
2007-12-27,49.981529
2007-12-28,49.371071
2007-12-31,48.892429
2008-01-02,48.358261
2008-01-03,47.470341
2008-01-04,46.228588
2008-01-07,46.464443
2008-01-08,45.215778
2008-01-09,45.638947
2008-01-10,46.270214
2008-01-11,45.229660
2008-01-14,45.659752
2008-01-15,44.716293
2008-01-16,45.146408
2008-01-17,44.008728
2008-01-18,43.391331
2008-01-22,43.530079
2008-01-23,45.396149
2008-01-24,45.139465
2008-01-25,44.952160
2008-01-28,46.131458
2008-01-29,46.242462
2008-01-30,45.548756
2008-01-31,47.012489
2008-02-01,48.039158
2008-02-04,47.581322
2008-02-05,46.214733
2008-02-06,45.791553
2008-02-07,46.582382
2008-02-08,46.228588
2008-02-11,46.069050
2008-02-12,46.499130
2008-02-13,47.553577
2008-02-14,46.415894
2008-02-15,46.304893
2008-02-19,46.256332
2008-02-20,46.922287
2008-02-21,45.944168
2008-02-22,45.999676
2008-02-25,47.116520
2008-02-26,47.345463
2008-02-27,47.394020
2008-02-28,46.554623
2008-02-29,45.521019
2008-03-03,45.083984
2008-03-04,44.868935
2008-03-05,44.966042
2008-03-06,43.606377
2008-03-07,43.682671
2008-03-10,42.933491
2008-03-11,45.070099
2008-03-12,44.459625
2008-03-13,45.271271
2008-03-14,44.251526
2008-03-17,43.530079
2008-03-18,45.756874
2008-03-19,44.639996
2008-03-20,45.742989
2008-03-24,46.979855
2008-03-25,47.132729
2008-03-26,46.861706
2008-03-27,46.097382
2008-03-28,45.465042
2008-03-31,45.562328
2008-04-01,47.431519
2008-04-02,47.480152
2008-04-03,47.535744
2008-04-04,47.528824
2008-04-07,47.403713
2008-04-08,47.334240
2008-04-09,46.347527
2008-04-10,46.903427
2008-04-11,45.930595
2008-04-14,45.569279
2008-04-15,46.187714
2008-04-16,47.507946
2008-04-17,47.320339
2008-04-18,47.980442
2008-04-21,47.820648
2008-04-22,46.903427
2008-04-23,46.785294
2008-04-24,47.431519
2008-04-25,47.737251
2008-04-28,48.105530
2008-04-29,47.626083
2008-04-30,47.362022
2008-05-01,48.230621
2008-05-02,48.063858
2008-05-05,47.890129
2008-05-06,48.049946
2008-05-07,47.403713
2008-05-08,47.368992
2008-05-09,47.452366
2008-05-12,48.181973
2008-05-13,48.432117
2008-05-14,48.362633
2008-05-15,48.821251
2008-05-16,48.522465
2008-05-19,48.612793
2008-05-20,48.390438
2008-05-21,47.834538
2008-05-22,47.980442
2008-05-23,47.653893
2008-05-27,48.216717
2008-05-28,48.459923
2008-05-29,48.904617
2008-05-30,48.835159
2008-06-02,48.633614
2008-06-03,48.341774
2008-06-04,48.696182
2008-06-05,49.863552
2008-06-06,48.404327
2008-06-09,48.216717
2008-06-10,47.938770
2008-06-11,46.965973
2008-06-12,47.132729
2008-06-13,47.792843
2008-06-16,48.237560
2008-06-17,47.785896
2008-06-18,47.556583
2008-06-19,47.876236
2008-06-20,47.139664
2008-06-23,46.528202
2008-06-24,45.791630
2008-06-25,46.354462
2008-06-26,45.249649
2008-06-27,44.853577
2008-06-30,44.276825
2008-07-01,44.457497
2008-07-02,43.188000
2008-07-03,42.761555
2008-07-07,42.265236
2008-07-08,44.152695
2008-07-09,42.600811
2008-07-10,43.055176
2008-07-11,43.313828
2008-07-14,42.551849
2008-07-15,42.062515
2008-07-16,44.026867
2008-07-17,45.054497
2008-07-18,44.907688
2008-07-21,45.187305
2008-07-22,46.718269
2008-07-23,47.172653
2008-07-24,45.872398
2008-07-25,46.368710
2008-07-28,45.257214
2008-07-29,46.739227
2008-07-30,46.795143
2008-07-31,46.326790
2008-08-01,46.711285
2008-08-04,46.005222
2008-08-05,47.291481
2008-08-06,47.627037
2008-08-07,46.543491
2008-08-08,48.123348
2008-08-11,49.423626
2008-08-12,49.095085
2008-08-13,49.018185
2008-08-14,49.493530
2008-08-15,49.647324
2008-08-18,48.787479
2008-08-19,47.969570
2008-08-20,48.060471
2008-08-21,47.508198
2008-08-22,48.486881
2008-08-25,47.410324
2008-08-26,47.480236
2008-08-27,48.109367
2008-08-28,49.199921
2008-08-29,48.745537
2008-09-02,49.032127
2008-09-03,49.472538
2008-09-04,48.046471
2008-09-05,48.060471
2008-09-08,49.521488
2008-09-09,47.997532
2008-09-10,48.465904
2008-09-11,48.794468
2008-09-12,48.787479
2008-09-15,46.746220
2008-09-16,48.228237
2008-09-17,45.739559
2008-09-18,49.171955
2008-09-19,52.017143
2008-09-22,49.213909
2008-09-23,48.263203
2008-09-24,47.969856
2008-09-25,47.871620
2008-09-26,48.152298
2008-09-29,44.475269
2008-09-30,47.183918
2008-10-01,46.089245
2008-10-02,43.878803
2008-10-03,42.861305
2008-10-06,41.857849
2008-10-07,38.707096
2008-10-08,37.843975
2008-10-09,34.384495
2008-10-10,36.398422
2008-10-13,39.198303
2008-10-14,38.419403
2008-10-15,34.735344
2008-10-16,36.889633
2008-10-17,36.012489
2008-10-20,37.465042
2008-10-21,36.370369
2008-10-22,34.644123
2008-10-23,33.612583
2008-10-24,32.321423
2008-10-27,31.198654
2008-10-28,33.507336
2008-10-29,33.851162
2008-10-30,35.675655
2008-10-31,37.289627
2008-11-03,37.303658
2008-11-04,37.752762
2008-11-05,35.366901
2008-11-06,34.272198
2008-11-07,34.959896
2008-11-10,33.956429
2008-11-11,33.324879
2008-11-12,31.367062
2008-11-13,34.342388
2008-11-14,31.500391
2008-11-17,31.303919
2008-11-18,31.226719
2008-11-19,28.651402
2008-11-20,26.686577
2008-11-21,28.265440
2008-11-24,30.223255
2008-11-25,30.861826
2008-11-26,32.377548
2008-11-28,33.086292
2008-12-01,28.904018
2008-12-02,30.539026
2008-12-03,31.731968
2008-12-04,30.854826
2008-12-05,32.237198
2008-12-08,33.472244
2008-12-09,32.160004
2008-12-10,33.030155
2008-12-11,31.219702
2008-12-12,32.356510
2008-12-15,31.388115
2008-12-16,33.563465
2008-12-17,33.844170
2008-12-18,33.388039
2008-12-19,33.773983
2008-12-22,33.184555
2008-12-23,32.619148
2008-12-24,32.838791
2008-12-26,33.327652
2008-12-29,32.555397
2008-12-30,33.766914
2008-12-31,34.836727
2009-01-02,34.928844
2009-01-05,35.013859
2009-01-06,35.601921
2009-01-07,34.553352
2009-01-08,34.829666
2009-01-09,33.313469
2009-01-12,32.399521
2009-01-13,32.895470
2009-01-14,31.322594
2009-01-15,31.712286
2009-01-16,32.059429
2009-01-20,29.657646
2009-01-21,31.159651
2009-01-22,30.096912
2009-01-23,30.422823
2009-01-26,30.741632
2009-01-27,31.060467
2009-01-28,32.328667
2009-01-29,30.812485
2009-01-30,30.033140
2009-02-02,30.493673
2009-02-03,30.451160
2009-02-04,30.096912
2009-02-05,30.458248
2009-02-06,31.648508
2009-02-09,31.542231
2009-02-10,29.955208
2009-02-11,30.040222
2009-02-12,30.125244
2009-02-13,29.565531
2009-02-17,28.481531
2009-02-18,28.035181
2009-02-19,27.496729
2009-02-20,27.128302
2009-02-23,26.044319
2009-02-24,27.114138
2009-02-25,26.575672
2009-02-26,26.079737
2009-02-27,25.860096
2009-03-02,24.563557
2009-03-03,24.053436
2009-03-04,24.379335
2009-03-05,22.891506
2009-03-06,22.983604
2009-03-09,22.452230
2009-03-10,24.095942
2009-03-11,24.053436
2009-03-12,25.633390
2009-03-13,26.044319
2009-03-16,25.498772
2009-03-17,26.866173
2009-03-18,27.865147
2009-03-19,27.574659
2009-03-20,26.589853
2009-03-23,28.942053
2009-03-24,27.774519
2009-03-25,28.422768
2009-03-26,29.683607
2009-03-27,28.515375
2009-03-30,27.617802
2009-03-31,28.109320
2009-04-01,28.493990
2009-04-02,30.153770
2009-04-03,30.581173
2009-04-06,30.082523
2009-04-07,29.006886
2009-04-08,29.526897
2009-04-09,31.492979
2009-04-13,31.507225
2009-04-14,30.217876
2009-04-15,31.022837
2009-04-16,31.827791
2009-04-17,32.126972
2009-04-20,30.111017
2009-04-21,31.549965
2009-04-22,31.393259
2009-04-23,31.322031
2009-04-24,31.891901
2009-04-27,31.386145
2009-04-28,31.528605
2009-04-29,32.725342
2009-04-30,32.426159
2009-05-01,32.461777
2009-05-04,33.943470
2009-05-05,33.551662
2009-05-06,33.950581
2009-05-07,33.195492
2009-05-08,34.570343
2009-05-11,34.121540
2009-05-12,33.245365
2009-05-13,31.649694
2009-05-14,32.169720
2009-05-15,32.034378
2009-05-18,33.273869
2009-05-19,33.131378
2009-05-20,32.682610
2009-05-21,32.183949
2009-05-22,32.005875
2009-05-26,33.544563
2009-05-27,32.454655
2009-05-28,32.575760
2009-05-29,33.195492
2009-06-01,34.548958
2009-06-02,34.855282
2009-06-03,34.634449
2009-06-04,35.140224
2009-06-05,35.047600
2009-06-08,34.705685
2009-06-09,34.776924
2009-06-10,34.534721
2009-06-11,34.484859
2009-06-12,34.541840
2009-06-15,33.708385
2009-06-16,33.117134
2009-06-17,33.323727
2009-06-18,33.487556
2009-06-19,33.558781
2009-06-22,32.497395
2009-06-23,32.134098
2009-06-24,32.340683
2009-06-25,33.295235
2009-06-26,33.252495
2009-06-29,33.366459
2009-06-30,33.145634
2009-07-01,33.808128
2009-07-02,32.691437
2009-07-06,32.419239
2009-07-07,31.702951
2009-07-08,31.531038
2009-07-09,31.430758
2009-07-10,31.473736
2009-07-13,32.361935
2009-07-14,32.555340
2009-07-15,33.909115
2009-07-16,34.403366
2009-07-17,34.138336
2009-07-20,34.632557
2009-07-21,34.510788
2009-07-22,34.697033
2009-07-23,35.907578
2009-07-24,36.186928
2009-07-27,36.430458
2009-07-28,36.466255
2009-07-29,36.301514
2009-07-30,37.024979
2009-07-31,36.874546
2009-08-03,37.719776
2009-08-04,38.156719
2009-08-05,37.991966
2009-08-06,37.576511
2009-08-07,38.665272
2009-08-10,38.830002
2009-08-11,38.049271
2009-08-12,38.693924
2009-08-13,38.930298
2009-08-14,38.106575
2009-08-17,36.960518
2009-08-18,37.504883
2009-08-19,37.884510
2009-08-20,38.335793
2009-08-21,39.388737
2009-08-24,39.331432
2009-08-25,39.560631
2009-08-26,39.625088
2009-08-27,39.567791
2009-08-28,39.410213
2009-08-31,38.744064
2009-09-01,37.676796
2009-09-02,37.332958
2009-09-03,37.791393
2009-09-04,38.235504
2009-09-08,38.801365
2009-09-09,39.331432
2009-09-10,39.882965
2009-09-11,40.019058
2009-09-14,40.448826
2009-09-15,40.900101
2009-09-16,41.809795
2009-09-17,41.695175
2009-09-18,41.824100
2009-09-21,41.551914
2009-09-22,41.987461
2009-09-23,41.419682
2009-09-24,40.585960
2009-09-25,40.320034
2009-09-28,41.376560
2009-09-29,41.240002
2009-09-30,40.557205
2009-10-01,39.241959
2009-10-02,38.983219
2009-10-05,39.773808
2009-10-06,40.435028
2009-10-07,40.528473
2009-10-08,40.981243
2009-10-09,41.477173
2009-10-12,41.469990
2009-10-13,41.240002
2009-10-14,42.023415
2009-10-15,42.016209
2009-10-16,41.462788
2009-10-19,41.822163
2009-10-20,41.319057
2009-10-21,40.758457
2009-10-22,41.369377
2009-10-23,40.463795
2009-10-26,40.032555
2009-10-27,39.630070
2009-10-28,38.336384
2009-10-29,39.162903
2009-10-30,37.998577
2009-11-02,37.797337
2009-11-03,38.250137
2009-11-04,37.718288
2009-11-05,38.846661
2009-11-06,38.861053
2009-11-09,39.687572
2009-11-10,39.378513
2009-11-11,39.730686
2009-11-12,38.904163
2009-11-13,39.313839
2009-11-16,40.355976
2009-11-17,40.413475
2009-11-18,40.470974
2009-11-19,39.414459
2009-11-20,39.400085
2009-11-23,40.140366
2009-11-24,39.939114
2009-11-25,39.917557
2009-11-27,38.846661
2009-11-30,38.997593
2009-12-01,39.737885
2009-12-02,40.097240
2009-12-03,39.515076
2009-12-04,40.564388
2009-12-07,40.657848
2009-12-08,40.320034
2009-12-09,40.255356
2009-12-10,40.082848
2009-12-11,40.499714
2009-12-14,41.081882
2009-12-15,40.916569
2009-12-16,41.175308
2009-12-17,40.787209
2009-12-18,41.110638
2009-12-21,41.656853
2009-12-22,42.059326
2009-12-23,42.549042
2009-12-24,42.766071
2009-12-28,42.700966
2009-12-29,42.650333
2009-12-30,42.657578
2009-12-31,41.984829
2010-01-04,43.091591
2010-01-05,42.932457
2010-01-06,42.845646
2010-01-07,43.352028
2010-01-08,43.590729
2010-01-11,43.344780
2010-01-12,42.823956
2010-01-13,43.467758
2010-01-14,43.648605
2010-01-15,43.084351
2010-01-19,43.909016
2010-01-20,43.279667
2010-01-21,42.585224
2010-01-22,41.767815
2010-01-25,41.869080
2010-01-26,41.471230
2010-01-27,41.869080
2010-01-28,41.189114
2010-01-29,40.820179
2010-02-01,41.275921
2010-02-02,41.717175
2010-02-03,41.362732
2010-02-04,39.981068
2010-02-05,40.154678
2010-02-08,39.706200
2010-02-09,40.248714
2010-02-10,40.313816
2010-02-11,40.892521
2010-02-12,41.203571
2010-02-16,41.977604
2010-02-17,42.266937
2010-02-18,42.700966
2010-02-19,42.867352
2010-02-22,43.062675
2010-02-23,42.505650
2010-02-24,42.903526
2010-02-25,42.932457
2010-02-26,42.672047
2010-03-01,43.612438
2010-03-02,44.003048
2010-03-03,44.147732
2010-03-04,44.350258
2010-03-05,45.261726
2010-03-08,45.355766
2010-03-09,45.558319
2010-03-10,45.941689
2010-03-11,46.014030
2010-03-12,45.977863
2010-03-15,45.797028
2010-03-16,46.274452
2010-03-17,46.643387
2010-03-18,46.498703
2010-03-19,45.891079
2010-03-22,46.491463
2010-03-23,47.048466
2010-03-24,46.611145
2010-03-25,46.248539
2010-03-26,46.306538
2010-03-29,46.538635
2010-03-30,46.647396
2010-03-31,46.299301
2010-04-01,46.756199
2010-04-05,47.728031
2010-04-06,48.090633
2010-04-07,48.054379
2010-04-08,48.039860
2010-04-09,48.300961
2010-04-12,48.467777
2010-04-13,48.649078
2010-04-14,49.657173
2010-04-15,49.823963
2010-04-16,49.055202
2010-04-19,48.931927
2010-04-20,49.584618
2010-04-21,49.976261
2010-04-22,50.643486
2010-04-23,51.332474
2010-04-26,51.100384
2010-04-27,49.773193
2010-04-28,49.918243
2010-04-29,51.064121
2010-04-30,49.454102
2010-05-03,50.628975
2010-05-04,48.968185
2010-05-05,48.228432
2010-05-06,46.335564
2010-05-07,45.044632
2010-05-10,47.691761
2010-05-11,48.003597
2010-05-12,49.483109
2010-05-13,48.917400
2010-05-14,47.938343
2010-05-17,47.938343
2010-05-18,46.988266
2010-05-19,46.379089
2010-05-20,43.869740
2010-05-21,44.609470
2010-05-24,43.760960
2010-05-25,43.818985
2010-05-26,43.891499
2010-05-27,45.922173
2010-05-28,45.378242
2010-06-01,43.775467
2010-06-02,45.073647
2010-06-03,45.501537
2010-06-04,43.079231
2010-06-07,42.063885
2010-06-08,42.071152
2010-06-09,42.049393
2010-06-10,43.594147
2010-06-11,44.167091
2010-06-14,44.435432
2010-06-15,45.610321
2010-06-16,45.421745
2010-06-17,45.429008
2010-06-18,45.479767
2010-06-21,45.030132
2010-06-22,44.058308
2010-06-23,43.876999
2010-06-24,43.137253
2010-06-25,43.993042
2010-06-28,43.550640
2010-06-29,41.911610
2010-06-30,41.367664
2010-07-01,41.070316
2010-07-02,40.593513
2010-07-06,40.039433
2010-07-07,41.402763
2010-07-08,42.088074
2010-07-09,42.758801
2010-07-12,42.321369
2010-07-13,43.684696
2010-07-14,43.465981
2010-07-15,43.028549
2010-07-16,41.482956
2010-07-19,41.606899
2010-07-20,42.386993
2010-07-21,41.555862
2010-07-22,43.108746
2010-07-23,44.107544
2010-07-26,45.011551
2010-07-27,45.011551
2010-07-28,44.348137
2010-07-29,44.297100
2010-07-30,44.297100
2010-08-02,45.040733
2010-08-03,44.668911
2010-08-04,45.150089
2010-08-05,44.661606
2010-08-06,44.406464
2010-08-09,44.894924
2010-08-10,44.092953
2010-08-11,42.343235
2010-08-12,42.066208
2010-08-13,41.621487
2010-08-16,41.927681
2010-08-17,42.678604
2010-08-18,42.766090
2010-08-19,41.555862
2010-08-20,41.519424
2010-08-23,40.899715
2010-08-24,40.535198
2010-08-25,41.096573
2010-08-26,40.783062
2010-08-27,41.818325
2010-08-30,40.914303
2010-08-31,40.972622
2010-09-01,42.474461
2010-09-02,42.860867
2010-09-03,43.640972
2010-09-07,42.729641
2010-09-08,42.970226
2010-09-09,43.086868
2010-09-10,43.203510
2010-09-13,44.180439
2010-09-14,43.939854
2010-09-15,44.129425
2010-09-16,43.728424
2010-09-17,43.874237
2010-09-20,45.091774
2010-09-21,44.836586
2010-09-22,44.224194
2010-09-23,43.607391
2010-09-24,44.982937
2010-09-27,44.865864
2010-09-28,45.297539
2010-09-29,45.429249
2010-09-30,45.356091
2010-10-01,45.553623
2010-10-04,45.004868
2010-10-05,46.190163
2010-10-06,46.256031
2010-10-07,46.051163
2010-10-08,46.629192
2010-10-11,46.643806
2010-10-12,46.753559
2010-10-13,47.507187
2010-10-14,47.499866
2010-10-15,47.221840
2010-10-18,47.924244
2010-10-19,46.951115
2010-10-20,47.463303
2010-10-21,47.214523
2010-10-22,47.309620
2010-10-25,47.507187
2010-10-26,47.455971
2010-10-27,47.221840
2010-10-28,46.973057
2010-10-29,47.104759
2010-11-01,46.797466
2010-11-02,47.785217
2010-11-03,47.931557
2010-11-04,49.241241
2010-11-05,49.563168
2010-11-08,49.468056
2010-11-09,48.751019
2010-11-10,49.321720
2010-11-11,49.182705
2010-11-12,48.312019
2010-11-15,48.319324
2010-11-16,47.324268
2010-11-17,47.477921
2010-11-18,48.282738
2010-11-19,48.421757
2010-11-22,48.451031
2010-11-23,47.968128
2010-11-24,49.014423
2010-11-26,48.721729
2010-11-29,48.765648
2010-11-30,48.333969
2010-12-01,49.358299
2010-12-02,49.892418
2010-12-03,50.192387
2010-12-06,50.521656
2010-12-07,50.733829
2010-12-08,50.785046
2010-12-09,50.946007
2010-12-10,51.597195
2010-12-13,51.406952
2010-12-14,51.385029
2010-12-15,51.092350
2010-12-16,51.502090
2010-12-17,51.487457
2010-12-20,51.802078
2010-12-21,52.431309
2010-12-22,52.598503
2010-12-23,52.539600
2010-12-27,52.708992
2010-12-28,52.686897
2010-12-29,52.775265
2010-12-30,52.723705
2010-12-31,52.362804
2011-01-03,53.320339
2011-01-04,52.488022
2011-01-05,52.996254
2011-01-06,52.760540
2011-01-07,52.458549
2011-01-10,52.605862
2011-01-11,52.893112
2011-01-12,53.357178
2011-01-13,53.209858
2011-01-14,53.725479
2011-01-18,53.806480
2011-01-19,52.458549
2011-01-20,52.104988
2011-01-21,51.817741
2011-01-24,52.215500
2011-01-25,52.502766
2011-01-26,53.231941
2011-01-27,53.394001
2011-01-28,52.075558
2011-01-31,52.296501
2011-02-01,53.467663
2011-02-02,53.246685
2011-02-03,53.364540
2011-02-04,53.246685
2011-02-07,53.777027
2011-02-08,54.079033
2011-02-09,53.880146
2011-02-10,53.997978
2011-02-11,54.557781
2011-02-14,54.778744
2011-02-15,54.550426
2011-02-16,54.962910
2011-02-17,55.368011
2011-02-18,55.485870
2011-02-22,54.137947
2011-02-23,53.364540
2011-02-24,53.570782
2011-02-25,54.800858
2011-02-28,54.962910
2011-03-01,53.916965
2011-03-02,54.071659
2011-03-03,55.161747
2011-03-04,54.786110
2011-03-07,53.975899
2011-03-08,54.852394
2011-03-09,54.741917
2011-03-10,53.335056
2011-03-11,53.438198
2011-03-14,53.069939
2011-03-15,52.620613
2011-03-16,51.994518
2011-03-17,52.252331
2011-03-18,53.003609
2011-03-21,54.211601
2011-03-22,53.990627
2011-03-23,53.953796
2011-03-24,54.202087
2011-03-25,54.630768
2011-03-28,54.438622
2011-03-29,54.837685
2011-03-30,55.510242
2011-03-31,55.709793
2011-04-01,55.968452
2011-04-04,56.131069
2011-04-05,56.256683
2011-04-06,56.537510
2011-04-07,56.160625
2011-04-08,55.525009
2011-04-11,54.955952
2011-04-12,54.290821
2011-04-13,54.098644
2011-04-14,54.386868
2011-04-15,54.926373
2011-04-18,54.128216
2011-04-19,54.054302
2011-04-20,54.963337
2011-04-21,55.288525
2011-04-25,55.281147
2011-04-26,55.901936
2011-04-27,56.182747
2011-04-28,56.441437
2011-04-29,56.604031
2011-05-02,56.042358
2011-05-03,55.561977
2011-05-04,54.889427
2011-05-05,54.615978
2011-05-06,54.704662
2011-05-09,55.214622
2011-05-10,56.101501
2011-05-11,55.148117
2011-05-12,55.532440
2011-05-13,54.756386
2011-05-16,54.135616
2011-05-17,53.965630
2011-05-18,54.667725
2011-05-19,54.771198
2011-05-20,54.342552
2011-05-23,53.536976
2011-05-24,53.293072
2011-05-25,53.825195
2011-05-26,54.431244
2011-05-27,54.830322
2011-05-31,55.643276
2011-06-01,53.958237
2011-06-02,53.891701
2011-06-03,53.167435
2011-06-06,52.450562
2011-06-07,52.546627
2011-06-08,52.066261
2011-06-09,52.169720
2011-06-10,51.393707
2011-06-13,51.327198
2011-06-14,52.354485
2011-06-15,51.497173
2011-06-16,51.741070
2011-06-17,51.851936
2011-06-20,52.354485
2011-06-21,53.300468
2011-06-22,52.908772
2011-06-23,52.820091
2011-06-24,52.561424
2011-06-27,52.901367
2011-06-28,53.551746
2011-06-29,53.758678
2011-06-30,54.253853
2011-07-01,55.044636
2011-07-05,55.021629
2011-07-06,55.222157
2011-07-07,56.061443
2011-07-08,55.712357
2011-07-11,54.605671
2011-07-12,54.434841
2011-07-13,54.828487
2011-07-14,53.974350
2011-07-15,54.256611
2011-07-18,53.417320
2011-07-19,54.405128
2011-07-20,54.427425
2011-07-21,55.170135
2011-07-22,55.014194
2011-07-25,54.420002
2011-07-26,54.108059
2011-07-27,52.689434
2011-07-28,52.570595
2011-07-29,52.533451
2011-08-01,52.273506
2011-08-02,50.758335
2011-08-03,50.944016
2011-08-04,48.121620
2011-08-05,47.334332
2011-08-08,43.189884
2011-08-09,46.093967
2011-08-10,43.613258
2011-08-11,45.655762
2011-08-12,45.715168
2011-08-15,47.096661
2011-08-16,46.339077
2011-08-17,46.487614
2011-08-18,44.073742
2011-08-19,43.241875
2011-08-22,43.197315
2011-08-23,45.009583
2011-08-24,45.722618
2011-08-25,44.623367
2011-08-26,45.499790
2011-08-29,47.676006
2011-08-30,47.757694
2011-08-31,47.750252
2011-09-01,46.613888
2011-09-02,44.868458
2011-09-06,44.690197
2011-09-07,46.450481
2011-09-08,45.581490
2011-09-09,44.311409
2011-09-12,44.697636
2011-09-13,45.403225
2011-09-14,46.138535
2011-09-15,46.740143
2011-09-16,46.829285
2011-09-19,45.908298
2011-09-20,45.254704
2011-09-21,43.464699
2011-09-22,42.380302
2011-09-23,42.803558
2011-09-26,43.706814
2011-09-27,44.535416
2011-09-28,42.908070
2011-09-29,43.923298
2011-09-30,42.572151
2011-10-03,40.422272
2011-10-04,43.034977
2011-10-05,43.438076
2011-10-06,44.371170
2011-10-07,43.109623
2011-10-10,44.990772
2011-10-11,45.356564
2011-10-12,46.080654
2011-10-13,45.894001
2011-10-14,46.752483
2011-10-17,45.274441
2011-10-18,46.670372
2011-10-19,45.916416
2011-10-20,46.050781
2011-10-21,47.095860
2011-10-24,48.469398
2011-10-25,47.133186
2011-10-26,47.849819
2011-10-27,50.425201
2011-10-28,50.089287
2011-10-31,48.730675
2011-11-01,46.961494
2011-11-02,48.178265
2011-11-03,49.320404
2011-11-04,48.947155
2011-11-07,48.954620
2011-11-08,49.686176
2011-11-09,47.304890
2011-11-10,47.745304
2011-11-11,48.917282
2011-11-14,48.126019
2011-11-15,48.693352
2011-11-16,48.036442
2011-11-17,47.446709
2011-11-18,47.610935
2011-11-21,46.498680
2011-11-22,45.983601
2011-11-23,44.699654
2011-11-25,44.050182
2011-11-28,45.923882
2011-11-29,45.819386
2011-11-30,48.633633
2011-12-01,48.193203
2011-12-02,48.357422
2011-12-05,49.126312
2011-12-06,49.253220
2011-12-07,49.275616
2011-12-08,47.648254
2011-12-09,49.036743
2011-12-12,48.394753
2011-12-13,47.506435
2011-12-14,47.088425
2011-12-15,47.595997
2011-12-16,47.999119
2011-12-19,47.095860
2011-12-20,48.969536
2011-12-21,49.350250
2011-12-22,49.755241
2011-12-23,49.860432
2011-12-27,50.018223
2011-12-28,49.334476
2011-12-29,49.665073
2011-12-30,49.319454
2012-01-03,50.251141
2012-01-04,50.018223
2012-01-05,50.236107
2012-01-06,50.123413
2012-01-09,50.213589
2012-01-10,50.927364
2012-01-11,51.122711
2012-01-12,51.303047
2012-01-13,50.979958
2012-01-17,50.852249
2012-01-18,51.791435
2012-01-19,51.964252
2012-01-20,52.182144
2012-01-23,52.144581
2012-01-24,52.430088
2012-01-25,52.820805
2012-01-26,52.730633
2012-01-27,52.986095
2012-01-30,52.640465
2012-01-31,52.632965
2012-02-01,53.677341
2012-02-02,53.962864
2012-02-03,55.104931
2012-02-06,54.879517
2012-02-07,54.789352
2012-02-08,54.939636
2012-02-09,54.654129
2012-02-10,53.895264
2012-02-13,54.518890
2012-02-14,54.248398
2012-02-15,53.759991
2012-02-16,54.826942
2012-02-17,54.924599
2012-02-21,54.563976
2012-02-22,53.970390
2012-02-23,54.691692
2012-02-24,54.488811
2012-02-27,54.421215
2012-02-28,54.255898
2012-02-29,53.399345
2012-03-01,53.609753
2012-03-02,52.850857
2012-03-05,53.023670
2012-03-06,52.054420
2012-03-07,52.535271
2012-03-08,53.106316
2012-03-09,53.842644
2012-03-12,53.782547
2012-03-13,54.954651
2012-03-14,54.503841
2012-03-15,54.999744
2012-03-16,54.977222
2012-03-19,55.480621
2012-03-20,55.007271
2012-03-21,54.932125
2012-03-22,54.406170
2012-03-23,54.919243
2012-03-26,55.952888
2012-03-27,55.522816
2012-03-28,55.424736
2012-03-29,55.273869
2012-03-30,55.055042
2012-04-02,55.794430
2012-04-03,55.371929
2012-04-04,54.549522
2012-04-05,54.247730
2012-04-09,53.432888
2012-04-10,52.210602
2012-04-11,52.912273
2012-04-12,53.689423
2012-04-13,52.859478
2012-04-16,53.146191
2012-04-17,53.923313
2012-04-18,53.349907
2012-04-19,53.115990
2012-04-20,53.485706
2012-04-23,52.753853
2012-04-24,53.274437
2012-04-25,53.968567
2012-04-26,54.391090
2012-04-27,54.851307
2012-04-30,54.217537
2012-05-01,54.232643
2012-05-02,54.262806
2012-05-03,53.629063
2012-05-04,52.625587
2012-05-07,52.814205
2012-05-08,52.927364
2012-05-09,52.640675
2012-05-10,52.919838
2012-05-11,52.723679
2012-05-14,52.097446
2012-05-15,52.006889
2012-05-16,51.599472
2012-05-17,50.550739
2012-05-18,50.090492
2012-05-21,51.010971
2012-05-22,50.761993
2012-05-23,50.995884
2012-05-24,51.207142
2012-05-25,51.146790
2012-05-29,51.803181
2012-05-30,50.860081
2012-05-31,50.920429
2012-06-01,49.562347
2012-06-04,49.351086
2012-06-05,49.909431
2012-06-06,51.071335
2012-06-07,50.814816
2012-06-08,51.433487
2012-06-11,50.316841
2012-06-12,50.912903
2012-06-13,50.399841
2012-06-14,51.063786
2012-06-15,51.637196
2012-06-18,51.554203
2012-06-19,52.512424
2012-06-20,52.414322
2012-06-21,51.259953
2012-06-22,51.810734
2012-06-25,50.958179
2012-06-26,51.107792
2012-06-27,51.912884
2012-06-28,52.041988
2012-06-29,53.462299
2012-07-02,53.963566
2012-07-03,54.654713
2012-07-05,54.578785
2012-07-06,54.100288
2012-07-09,53.819248
2012-07-10,53.355938
2012-07-11,53.234413
2012-07-12,53.014164
2012-07-13,53.652161
2012-07-16,53.477493
2012-07-17,53.644566
2012-07-18,53.887623
2012-07-19,53.636982
2012-07-20,53.097710
2012-07-23,52.239471
2012-07-24,51.555897
2012-07-25,51.578705
2012-07-26,52.041988
2012-07-27,53.280006
2012-07-30,53.181240
2012-07-31,52.793915
2012-08-01,51.920475
2012-08-02,51.631847
2012-08-03,52.938221
2012-08-06,53.317963
2012-08-07,53.636982
2012-08-08,53.766094
2012-08-09,53.948395
2012-08-10,53.849640
2012-08-13,53.773689
2012-08-14,53.576225
2012-08-15,54.001522
2012-08-16,54.578785
2012-08-17,55.019283
2012-08-20,55.026878
2012-08-21,55.049683
2012-08-22,54.700298
2012-08-23,54.221806
2012-08-24,54.312946
2012-08-27,54.457237
2012-08-28,54.677498
2012-08-29,54.859795
2012-08-30,54.312946
2012-08-31,54.616745
2012-09-04,55.080048
2012-09-05,55.110443
2012-09-06,56.097805
2012-09-07,56.606693
2012-09-10,56.356045
2012-09-11,56.599075
2012-09-12,56.910480
2012-09-13,57.761139
2012-09-14,58.383926
2012-09-17,57.981415
2012-09-18,57.799137
2012-09-19,57.647224
2012-09-20,57.419361
2012-09-21,57.670017
2012-09-24,57.622673
2012-09-25,56.790775
2012-09-26,56.454971
2012-09-27,56.958660
2012-09-28,56.432076
2012-10-01,56.676289
2012-10-02,56.790775
2012-10-03,56.615238
2012-10-04,57.088432
2012-10-05,57.050282
2012-10-08,56.744987
2012-10-09,56.164944
2012-10-10,56.042820
2012-10-11,56.302334
2012-10-12,55.714645
2012-10-15,56.004669
2012-10-16,56.355740
2012-10-17,57.004478
2012-10-18,56.722080
2012-10-19,55.745163
2012-10-22,55.813866
2012-10-23,55.462776
2012-10-24,55.394112
2012-10-25,55.600174
2012-10-26,55.386486
2012-10-31,55.577255
2012-11-01,56.317570
2012-11-02,55.546741
2012-11-05,55.790974
2012-11-06,56.302334
2012-11-07,54.714848
2012-11-08,53.966904
2012-11-09,54.043194
2012-11-12,53.882954
2012-11-13,53.516594
2012-11-14,52.509136
2012-11-15,52.211494
2012-11-16,52.677059
2012-11-19,53.806606
2012-11-20,53.844772
2012-11-21,54.119522
2012-11-23,54.722454
2012-11-26,54.875111
2012-11-27,54.798790
2012-11-28,55.218555
2012-11-29,55.859627
2012-11-30,55.867283
2012-12-03,55.905464
2012-12-04,56.027561
2012-12-05,56.004669
2012-12-06,56.126766
2012-12-07,56.172573
2012-12-10,56.447323
2012-12-11,56.943424
2012-12-12,56.676289
2012-12-13,56.332851
2012-12-14,56.378647
2012-12-17,57.164757
2012-12-18,57.912693
2012-12-19,58.047642
2012-12-20,58.386921
2012-12-21,58.163338
2012-12-24,57.847164
2012-12-26,57.538731
2012-12-27,57.484764
2012-12-28,57.045235
2012-12-31,58.225002
2013-01-02,60.044765
2013-01-03,59.898262
2013-01-04,60.260666
2013-01-07,59.959946
2013-01-08,59.913681
2013-01-09,60.083332
2013-01-10,60.252956
2013-01-11,60.152721
2013-01-14,60.160408
2013-01-15,60.322353
2013-01-16,60.206703
2013-01-17,60.761890
2013-01-18,60.939220
2013-01-22,61.440460
2013-01-23,61.286228
2013-01-24,61.386463
2013-01-25,61.617790
2013-01-28,61.841419
2013-01-29,61.972507
2013-01-30,61.270805
2013-01-31,61.694897
2013-02-01,62.280903
2013-02-04,61.479000
2013-02-05,61.987907
2013-02-06,62.273216
2013-02-07,62.072746
2013-02-08,62.465969
2013-02-11,62.458279
2013-02-12,62.851536
2013-02-13,63.098289
2013-02-14,63.244797
2013-02-15,63.283344
2013-02-19,63.838535
2013-02-20,62.581642
2013-02-21,61.987907
2013-02-22,62.666462
2013-02-25,61.332485
2013-02-26,61.656345
2013-02-27,62.257801
2013-02-28,62.311749
2013-03-01,62.581642
2013-03-04,62.643314
2013-03-05,63.275639
2013-03-06,63.429836
2013-03-07,63.730572
2013-03-08,64.208656
2013-03-11,64.162384
2013-03-12,64.023590
2013-03-13,64.301170
2013-03-14,65.025993
2013-03-15,65.126266
2013-03-18,64.756111
2013-03-19,64.509377
2013-03-20,65.010590
2013-03-21,64.524780
2013-03-22,64.609627
2013-03-25,64.723381
2013-03-26,64.924583
2013-03-27,65.009743
2013-03-28,64.862663
2013-04-01,64.173897
2013-04-02,63.794659
2013-04-03,62.850471
2013-04-04,63.369011
2013-04-05,63.330357
2013-04-08,63.941727
2013-04-09,63.740498
2013-04-10,64.831718
2013-04-11,64.924583
2013-04-12,64.615021
2013-04-15,62.122997
2013-04-16,63.129120
2013-04-17,61.914021
2013-04-18,61.774738
2013-04-19,62.478992
2013-04-22,62.595093
2013-04-23,63.639900
2013-04-24,64.096512
2013-04-25,64.351921
2013-04-26,63.926243
2013-04-29,64.444763
2013-04-30,64.885902
2013-05-01,63.283890
2013-05-02,64.274536
2013-05-03,65.334778
2013-05-06,65.775917
2013-05-07,66.379562
2013-05-08,66.549850
2013-05-09,66.271210
2013-05-10,66.665947
2013-05-13,66.426010
2013-05-14,67.176735
2013-05-15,67.401169
2013-05-16,67.184486
2013-05-17,67.857780
2013-05-20,68.198311
2013-05-21,68.175087
2013-05-22,67.021927
2013-05-23,67.021927
2013-05-24,67.068390
2013-05-28,67.865494
2013-05-29,67.168983
2013-05-30,67.594650
2013-05-31,66.805222
2013-06-03,67.463089
2013-06-04,66.836212
2013-06-05,65.946175
2013-06-06,66.650444
2013-06-07,67.052895
2013-06-10,67.478554
2013-06-11,66.557587
2013-06-12,65.876549
2013-06-13,67.207649
2013-06-14,66.665947
2013-06-17,67.029686
2013-06-18,67.842346
2013-06-19,66.905815
2013-06-20,65.195511
2013-06-21,65.427681
2013-06-24,64.522156
2013-06-25,65.296112
2013-06-26,65.559235
2013-06-27,66.611748
2013-06-28,66.480164
2013-07-01,67.223160
2013-07-02,67.323578
2013-07-03,67.401436
2013-07-05,68.242241
2013-07-08,68.522453
2013-07-09,69.223091
2013-07-10,69.363197
2013-07-11,70.110565
2013-07-12,70.196190
2013-07-15,70.717781
2013-07-16,70.585434
2013-07-17,70.834549
2013-07-18,71.527420
2013-07-19,71.605278
2013-07-22,71.955589
2013-07-23,71.940010
2013-07-24,71.348389
2013-07-25,71.901100
2013-07-26,71.496284
2013-07-29,70.904640
2013-07-30,70.904640
2013-07-31,70.826782
2013-08-01,71.589706
2013-08-02,71.504082
2013-08-05,71.628632
2013-08-06,70.951347
2013-08-07,70.569893
2013-08-08,70.850143
2013-08-09,70.709991
2013-08-12,71.013603
2013-08-13,70.826782
2013-08-14,70.554321
2013-08-15,69.402145
2013-08-16,69.020699
2013-08-19,68.179939
2013-08-20,69.191940
2013-08-21,68.662590
2013-08-22,69.620125
2013-08-23,69.768028
2013-08-26,69.666847
2013-08-27,68.195480
2013-08-28,68.234451
2013-08-29,68.756035
2013-08-30,67.673950
2013-09-03,67.915245
2013-09-04,68.444611
2013-09-05,68.631447
2013-09-06,68.802704
2013-09-09,69.806961
2013-09-10,70.406395
2013-09-11,70.429756
2013-09-12,69.978226
2013-09-13,70.250710
2013-09-16,70.515396
2013-09-17,71.138153
2013-09-18,71.940010
2013-09-19,71.722054
2013-09-20,71.589706
2013-09-23,71.613068
2013-09-24,71.752060
2013-09-25,71.673996
2013-09-26,71.884888
2013-09-27,71.556847
2013-09-30,71.580254
2013-10-01,72.298836
2013-10-02,71.908295
2013-10-03,71.166267
2013-10-04,71.556847
2013-10-07,70.916298
2013-10-08,70.135223
2013-10-09,70.096169
2013-10-10,71.627090
2013-10-11,72.806602
2013-10-14,73.025276
2013-10-15,72.400391
2013-10-16,73.111221
2013-10-17,73.884491
2013-10-18,74.657776
2013-10-21,74.556236
2013-10-22,74.821831
2013-10-23,74.579666
2013-10-24,74.923386
2013-10-25,75.102974
2013-10-28,75.118645
2013-10-29,75.149879
2013-10-30,74.353157
2013-10-31,73.876663
2013-11-01,73.681442
2013-11-04,74.462540
2013-11-05,74.118828
2013-11-06,74.009491
2013-11-07,72.861252
2013-11-08,74.087585
2013-11-11,73.939163
2013-11-12,73.884491
2013-11-13,74.462540
2013-11-14,74.626564
2013-11-15,74.829674
2013-11-18,74.431267
2013-11-19,74.087585
2013-11-20,74.032921
2013-11-21,75.204552
2013-11-22,75.618561
2013-11-25,75.720093
2013-11-26,76.149704
2013-11-27,76.704277
2013-11-29,76.665230
2013-12-02,75.946609
2013-12-03,75.563850
2013-12-04,75.399864
2013-12-05,75.438911
2013-12-06,76.071587
2013-12-09,76.016914
2013-12-10,75.337349
2013-12-11,74.314110
2013-12-12,74.509392
2013-12-13,74.696846
2013-12-16,75.509193
2013-12-17,75.384216
2013-12-18,76.485573
2013-12-19,75.806007
2013-12-20,76.985474
2013-12-23,77.761459
2013-12-24,78.154533
2013-12-26,78.154533
2013-12-27,78.146667
2013-12-30,78.020866
2013-12-31,78.225311
2014-01-02,77.360512
2014-01-03,77.564911
2014-01-06,77.030304
2014-01-07,77.557022
2014-01-08,77.376190
2014-01-09,77.211121
2014-01-10,77.494110
2014-01-13,76.558601
2014-01-14,77.360512
2014-01-15,77.863647
2014-01-16,77.816483
2014-01-17,77.580597
2014-01-21,78.217422
2014-01-22,78.641945
2014-01-23,78.013031
2014-01-24,76.236252
2014-01-27,75.379318
2014-01-28,75.858879
2014-01-29,74.852554
2014-01-30,75.835274
2014-01-31,75.190620
2014-02-03,73.005043
2014-02-04,73.523903
2014-02-05,73.012909
2014-02-06,73.618240
2014-02-07,74.097839
2014-02-10,74.207893
2014-02-11,75.049118
2014-02-12,75.308540
2014-02-13,76.149765
2014-02-14,76.464241
2014-02-18,77.140373
2014-02-19,76.251961
2014-02-20,76.880913
2014-02-21,77.061737
2014-02-24,77.769310
2014-02-25,77.643486
2014-02-26,78.060196
2014-02-27,78.508339
2014-02-28,78.618408
2014-03-03,78.241005
2014-03-04,80.104263
2014-03-05,79.907730
2014-03-06,80.096413
2014-03-07,80.002075
2014-03-10,79.844841
2014-03-11,79.137283
2014-03-12,79.396690
2014-03-13,78.759895
2014-03-14,79.066513
2014-03-17,79.459579
2014-03-18,80.332283
2014-03-19,79.836983
2014-03-20,80.119965
2014-03-21,80.167145
2014-03-24,79.695450
2014-03-25,79.769600
2014-03-26,78.278381
2014-03-27,78.104797
2014-03-28,78.341515
2014-03-31,79.564476
2014-04-01,80.440308
2014-04-02,80.858490
2014-04-03,80.353500
2014-04-04,78.838570
2014-04-07,77.923302
2014-04-08,78.388832
2014-04-09,79.027931
2014-04-10,77.260521
2014-04-11,76.392632
2014-04-14,76.676651
2014-04-15,77.110626
2014-04-16,77.670815
2014-04-17,78.175797
2014-04-21,78.357254
2014-04-22,78.972702
2014-04-23,78.688644
2014-04-24,78.522980
2014-04-25,77.513023
2014-04-28,77.142189
2014-04-29,77.071190
2014-04-30,77.552467
2014-05-01,77.339447
2014-05-02,77.513023
2014-05-05,77.331573
2014-05-06,76.274269
2014-05-07,76.716110
2014-05-08,76.140144
2014-05-09,76.731918
2014-05-12,78.215263
2014-05-13,77.560364
2014-05-14,76.242699
2014-05-15,75.674622
2014-05-16,76.061256
2014-05-19,76.700333
2014-05-20,75.737770
2014-05-21,75.974434
2014-05-22,76.589874
2014-05-23,77.363098
2014-05-27,78.420418
2014-05-28,77.978531
2014-05-29,78.238945
2014-05-30,78.010117
2014-06-02,77.781303
2014-06-03,77.615608
2014-06-04,77.797066
2014-06-05,79.406670
2014-06-06,80.211479
2014-06-09,80.763771
2014-06-10,80.534950
2014-06-11,80.069473
2014-06-12,79.611794
2014-06-13,79.572365
2014-06-16,79.651260
2014-06-17,80.258820
2014-06-18,80.803215
2014-06-19,80.850578
2014-06-20,81.103058
2014-06-23,80.850578
2014-06-24,80.100998
2014-06-25,80.771683
2014-06-26,80.700676
2014-06-27,81.174065
2014-06-30,81.473907
2014-07-01,82.270821
2014-07-02,81.814636
2014-07-03,82.266869
2014-07-07,81.148155
2014-07-08,80.537270
2014-07-09,80.608665
2014-07-10,79.799393
2014-07-11,79.529625
2014-07-14,79.862854
2014-07-15,79.339249
2014-07-16,79.244026
2014-07-17,78.125336
2014-07-18,79.164680
2014-07-21,78.767967
2014-07-22,79.236084
2014-07-23,79.140862
2014-07-24,78.950462
2014-07-25,78.236397
2014-07-28,77.966637
2014-07-29,77.839699
2014-07-30,77.974571
2014-07-31,76.459190
2014-08-01,76.189438
2014-08-04,76.713074
2014-08-05,76.427460
2014-08-06,76.816238
2014-08-07,76.387794
2014-08-08,77.101814
2014-08-11,77.704811
2014-08-12,77.252602
2014-08-13,77.688965
2014-08-14,77.903191
2014-08-15,77.784172
2014-08-18,78.799721
2014-08-19,79.069458
2014-08-20,78.879028
2014-08-21,79.244026
2014-08-22,79.188469
2014-08-25,79.378891
2014-08-26,79.894615
2014-08-27,79.767662
2014-08-28,79.410614
2014-08-29,79.775612
2014-09-02,80.188141
2014-09-03,79.759705
2014-09-04,79.458244
2014-09-05,79.743835
2014-09-08,79.696281
2014-09-09,78.886986
2014-09-10,79.117073
2014-09-11,79.648643
2014-09-12,78.783844
2014-09-15,78.085655
2014-09-16,78.260208
2014-09-17,78.387138
2014-09-18,78.736221
2014-09-19,77.855576
2014-09-22,76.832108
2014-09-23,76.038734
2014-09-24,76.331627
2014-09-25,75.249039
2014-09-26,75.766457
2014-09-29,75.511749
2014-09-30,74.476875
2014-10-01,73.664940
2014-10-02,74.150520
2014-10-03,74.580383
2014-10-06,74.238083
2014-10-07,73.163437
2014-10-08,74.556503
2014-10-09,72.741547
2014-10-10,72.088799
2014-10-13,72.080833
2014-10-14,72.956467
2014-10-15,73.386330
2014-10-16,74.206268
2014-10-17,73.935585
2014-10-20,74.659973
2014-10-21,75.782387
2014-10-22,74.906746
2014-10-23,75.981384
2014-10-24,76.108780
2014-10-27,76.076904
2014-10-28,78.138649
2014-10-29,78.019234
2014-10-30,78.616272
2014-10-31,79.667030
2014-11-03,79.579468
2014-11-04,79.197388
2014-11-05,79.571518
2014-11-06,79.738670
2014-11-07,79.977501
2014-11-10,80.272011
2014-11-11,80.279968
2014-11-12,80.646133
2014-11-13,79.961563
2014-11-14,79.802345
2014-11-17,79.221252
2014-11-18,79.539665
2014-11-19,78.703835
2014-11-20,79.515762
2014-11-21,79.547615
2014-11-24,80.343651
2014-11-25,80.391388
2014-11-26,80.574486
2014-11-28,79.364532
2014-12-01,78.242111
2014-12-02,79.006317
2014-12-03,79.738670
2014-12-04,79.396385
2014-12-05,79.889908
2014-12-08,78.974495
2014-12-09,80.208305
2014-12-10,78.552574
2014-12-11,78.711769
2014-12-12,77.668999
2014-12-15,76.960526
2014-12-16,77.000313
2014-12-17,79.205330
2014-12-18,80.240166
2014-12-19,80.463074
2014-12-22,80.980515
2014-12-23,81.362572
2014-12-24,81.528419
2014-12-26,81.985100
2014-12-29,82.497833
2014-12-30,82.105225
2014-12-31,81.464355
2015-01-02,81.063713
2015-01-05,79.958099
2015-01-06,78.620110
2015-01-07,79.285095
2015-01-08,80.494904
2015-01-09,79.573524
2015-01-12,79.261070
2015-01-13,79.381248
2015-01-14,79.060768
2015-01-15,78.011230
2015-01-16,79.261070
2015-01-20,78.620110
2015-01-21,78.548027
2015-01-22,80.262543
2015-01-23,79.902016
2015-01-26,80.518921
2015-01-27,80.142380
2015-01-28,78.668190
2015-01-29,79.749786
2015-01-30,77.995209
2015-02-02,78.956642
2015-02-03,80.566986
2015-02-04,80.166412
2015-02-05,81.231964
2015-02-06,80.991615
2015-02-09,80.350677
2015-02-10,80.574982
2015-02-11,80.342674
2015-02-12,81.231964
2015-02-13,81.640594
2015-02-17,81.728706
2015-02-18,81.680656
2015-02-19,81.528419
2015-02-20,81.640594
2015-02-23,81.792809
2015-02-24,81.856918
2015-02-25,81.776794
2015-02-26,81.904961
2015-02-27,81.616562
2015-03-02,82.161339
2015-03-03,81.792809
2015-03-04,81.312088
2015-03-05,81.288078
2015-03-06,80.182449
2015-03-09,80.639091
2015-03-10,79.677704
2015-03-11,80.222466
2015-03-12,81.688644
2015-03-13,81.408234
2015-03-16,81.744751
2015-03-17,81.921005
2015-03-18,82.658112
2015-03-19,82.505836
2015-03-20,83.515366
2015-03-23,83.611458
2015-03-24,83.555389
2015-03-25,82.100212
2015-03-26,81.931290
2015-03-27,82.204788
2015-03-30,83.226387
2015-03-31,83.025299
2015-04-01,83.170128
2015-04-02,83.475784
2015-04-06,83.877983
2015-04-07,83.218353
2015-04-08,83.628593
2015-04-09,83.154015
2015-04-10,83.491890
2015-04-13,83.556213
2015-04-14,83.540131
2015-04-15,84.095192
2015-04-16,83.934303
2015-04-17,82.623093
2015-04-20,83.427528
2015-04-21,83.162048
2015-04-22,83.355118
2015-04-23,83.620560
2015-04-24,83.483810
2015-04-27,82.864388
2015-04-28,83.636642
2015-04-29,82.783966
2015-04-30,81.239464
2015-05-01,81.496864
2015-05-04,81.706024
2015-05-05,80.901581
2015-05-06,80.933762
2015-05-07,81.175110
2015-05-08,81.706024
2015-05-11,81.706024
2015-05-12,81.601440
2015-05-13,81.488876
2015-05-14,82.341537
2015-05-15,82.188683
2015-05-18,82.960915
2015-05-19,82.896591
2015-05-20,82.848297
2015-05-21,82.767883
2015-05-22,82.317406
2015-05-26,81.488876
2015-05-27,82.365677
2015-05-28,82.381760
2015-05-29,81.850815
2015-06-01,82.116287
2015-06-02,82.365677
2015-06-03,83.049446
2015-06-04,82.228897
2015-06-05,82.558723
2015-06-08,82.212822
2015-06-09,82.051926
2015-06-10,83.186172
2015-06-11,83.379227
2015-06-12,83.145966
2015-06-15,82.792007
2015-06-16,83.387291
2015-06-17,83.049446
2015-06-18,83.950386
2015-06-19,83.934303
2015-06-22,84.457191
2015-06-23,84.698509
2015-06-24,84.167587
2015-06-25,84.014748
2015-06-26,84.006706
2015-06-29,82.059959
2015-06-30,82.019745
2015-07-01,82.285217
2015-07-02,81.786148
2015-07-06,81.664795
2015-07-07,81.656723
2015-07-08,80.653709
2015-07-09,80.775040
2015-07-10,81.656723
2015-07-13,82.336189
2015-07-14,82.748726
2015-07-15,82.271477
2015-07-16,82.562675
2015-07-17,81.972183
2015-07-20,81.381683
2015-07-21,81.098587
2015-07-22,81.203720
2015-07-23,80.127930
2015-07-24,78.963104
2015-07-27,78.485909
2015-07-28,79.003586
2015-07-29,79.464645
2015-07-30,79.577904
2015-07-31,79.691109
2015-08-03,79.327126
2015-08-04,79.035942
2015-08-05,79.027855
2015-08-06,78.591049
2015-08-07,78.065285
2015-08-10,79.052109
2015-08-11,78.647667
2015-08-12,78.396935
2015-08-13,78.121880
2015-08-14,78.849930
2015-08-17,79.319054
2015-08-18,78.890320
2015-08-19,78.065285
2015-08-20,76.576912
2015-08-21,75.840843
2015-08-24,72.928886
2015-08-25,71.950127
2015-08-26,73.664963
2015-08-27,74.991531
2015-08-28,75.630531
2015-08-31,75.792297
2015-09-01,73.697296
2015-09-02,74.651779
2015-09-03,74.765053
2015-09-04,73.996620
2015-09-08,75.412148
2015-09-09,74.732681
2015-09-10,74.942986
2015-09-11,75.145226
2015-09-14,74.821663
2015-09-15,75.662895
2015-09-16,76.504158
2015-09-17,76.382820
2015-09-18,75.209938
2015-09-21,75.614365
2015-09-22,74.578995
2015-09-23,74.368668
2015-09-24,74.473839
2015-09-25,74.107681
2015-09-28,72.678780
2015-09-29,72.418999
2015-09-30,73.149681
2015-10-01,72.987320
2015-10-02,73.734215
2015-10-05,75.739548
2015-10-06,75.763908
2015-10-07,77.006065
2015-10-08,78.126457
2015-10-09,77.988426
2015-10-12,77.923500
2015-10-13,77.144081
2015-10-14,76.397179
2015-10-15,77.858505
2015-10-16,77.647469
2015-10-19,77.688042
2015-10-20,78.126457
2015-10-21,76.973579
2015-10-22,77.704269
2015-10-23,78.118347
2015-10-26,77.606857
2015-10-27,76.429642
2015-10-28,78.459335
2015-10-29,77.809822
2015-10-30,77.184669
2015-11-02,78.581108
2015-11-03,79.003258
2015-11-04,78.881500
2015-11-05,79.133171
2015-11-06,79.547234
2015-11-09,78.524277
2015-11-10,78.849030
2015-11-11,78.272575
2015-11-12,76.770638
2015-11-13,76.202324
2015-11-16,77.046677
2015-11-17,76.575768
2015-11-18,77.736755
2015-11-19,77.574379
2015-11-20,78.004654
2015-11-23,78.361908
2015-11-24,78.962692
2015-11-25,79.336128
2015-11-27,79.579704
2015-11-30,79.474174
2015-12-01,79.936913
2015-12-02,78.792183
2015-12-03,77.712387
2015-12-04,78.321297
2015-12-07,77.054787
2015-12-08,76.315964
2015-12-09,75.674599
2015-12-10,75.796371
2015-12-11,74.261925
2015-12-14,73.799179
2015-12-15,74.919540
2015-12-16,75.966866
2015-12-17,75.179344
2015-12-18,74.058983
2015-12-21,74.473015
2015-12-22,75.390442
2015-12-23,76.462105
2015-12-24,76.570015
2015-12-28,76.218483
2015-12-29,76.962440
2015-12-30,76.185799
2015-12-31,75.163872
2016-01-04,73.684143
2016-01-05,74.019333
2016-01-06,73.152756
2016-01-07,71.207016
2016-01-08,70.054314
2016-01-11,70.029770
2016-01-12,69.841736
2016-01-13,67.871498
2016-01-14,68.623611
2016-01-15,67.462715
2016-01-19,66.767830
2016-01-20,66.686066
2016-01-21,66.669731
2016-01-22,68.165802
2016-01-25,66.498009
2016-01-26,68.214859
2016-01-27,67.675285
2016-01-28,68.133080
2016-01-29,70.242310
2016-02-01,69.800835
2016-02-02,68.411057
2016-02-03,68.713531
2016-02-04,68.950600
2016-02-05,67.675285
2016-02-08,67.143867
2016-02-09,66.620651
2016-02-10,66.571617
2016-02-11,65.606926
2016-02-12,66.906815
2016-02-16,68.255730
2016-02-17,68.999672
2016-02-18,68.909760
2016-02-19,69.105972
2016-02-22,69.841736
2016-02-23,69.228592
2016-02-24,69.710930
2016-02-25,70.536636
2016-02-26,70.790077
2016-02-29,70.667419
2016-03-01,72.065422
2016-03-02,72.923843
2016-03-03,73.823120
2016-03-04,74.215546
2016-03-07,75.131187
2016-03-08,73.381653
2016-03-09,73.790413
2016-03-10,73.430702
2016-03-11,74.902260
2016-03-14,74.534378
2016-03-15,73.659622
2016-03-16,74.231873
2016-03-17,75.580795
2016-03-18,76.128563
2016-03-21,75.826057
2016-03-22,75.605331
2016-03-23,74.256332
2016-03-24,74.494461
2016-03-28,74.634041
2016-03-29,76.440361
2016-03-30,76.497833
2016-03-31,76.506035
2016-04-01,76.612785
2016-04-04,75.799950
2016-04-05,74.904999
2016-04-06,75.381187
2016-04-07,74.371323
2016-04-08,74.904999
2016-04-11,75.019928
2016-04-12,75.955940
2016-04-13,77.343513
2016-04-14,77.335312
2016-04-15,77.474869
2016-04-18,77.918266
2016-04-19,78.378059
2016-04-20,78.378059
2016-04-21,77.655533
2016-04-22,78.460152
2016-04-25,78.000351
2016-04-26,78.993828
2016-04-27,79.387962
2016-04-28,78.640778
2016-04-29,78.139908
2016-05-02,78.829628
2016-05-03,77.622681
2016-05-04,77.327080
2016-05-05,77.031517
2016-05-06,77.671928
2016-05-09,77.548775
2016-05-10,78.386223
2016-05-11,77.663712
2016-05-12,77.425636
2016-05-13,76.768768
2016-05-16,77.630890
2016-05-17,76.350014
2016-05-18,76.653824
2016-05-19,75.997002
2016-05-20,77.154686
2016-05-23,76.965836
2016-05-24,78.402664
2016-05-25,78.878868
2016-05-26,78.755775
2016-05-27,79.453621
2016-05-31,79.535736
2016-06-01,80.044769
2016-06-02,80.381409
2016-06-03,80.036583
2016-06-06,80.833008
2016-06-07,81.103943
2016-06-08,81.826485
2016-06-09,81.391335
2016-06-10,80.447128
2016-06-13,79.642487
2016-06-14,79.264793
2016-06-15,79.256584
2016-06-16,79.264793
2016-06-17,79.363319
2016-06-20,80.077652
2016-06-21,80.102249
2016-06-22,79.699944
2016-06-23,81.251755
2016-06-24,78.279503
2016-06-27,75.594658
2016-06-28,76.662041
2016-06-29,78.345200
2016-06-30,79.880562
2016-07-01,80.167946
2016-07-05,78.805000
2016-07-06,79.307274
2016-07-07,79.282486
2016-07-08,81.174301
2016-07-11,82.182175
2016-07-12,83.561775
2016-07-13,83.338722
2016-07-14,83.479172
2016-07-15,83.743523
2016-07-18,83.908752
2016-07-19,83.479172
2016-07-20,83.760048
2016-07-21,83.429596
2016-07-22,83.941795
2016-07-25,83.784805
2016-07-26,84.263985
2016-07-27,84.297043
2016-07-28,83.950050
2016-07-29,84.164841
2016-08-01,83.917007
2016-08-02,82.851311
2016-08-03,83.677444
2016-08-04,83.685699
2016-08-05,85.139664
2016-08-08,85.189255
2016-08-09,85.230530
2016-08-10,84.668777
2016-08-11,85.032272
2016-08-12,84.966156
2016-08-15,85.874886
2016-08-16,85.296646
2016-08-17,85.172691
2016-08-18,85.833603
2016-08-19,85.800598
2016-08-22,85.924484
2016-08-23,86.494484
2016-08-24,85.916222
2016-08-25,86.221893
2016-08-26,85.924484
2016-08-29,86.420135
2016-08-30,86.585381
2016-08-31,86.205376
2016-09-01,85.982292
2016-09-02,86.924065
2016-09-06,86.849724
2016-09-07,87.494095
2016-09-08,87.361908
2016-09-09,84.693558
2016-09-12,85.668396
2016-09-13,83.983078
2016-09-14,83.669197
2016-09-15,84.602692
2016-09-16,84.470520
2016-09-19,85.057068
2016-09-20,84.643997
2016-09-21,85.858391
2016-09-22,87.287575
2016-09-23,86.709305
2016-09-26,85.799995
2016-09-27,85.957481
2016-09-28,86.877571
2016-09-29,85.858009
2016-09-30,86.827812
2016-10-03,86.429962
2016-10-04,85.982315
2016-10-05,86.662033
2016-10-06,86.529396
2016-10-07,85.791695
2016-10-10,86.869270
2016-10-11,85.518150
2016-10-12,85.675644
2016-10-13,84.855034
2016-10-14,84.705811
2016-10-17,84.664383
2016-10-18,85.194908
2016-10-19,85.783401
2016-10-20,85.526436
2016-10-21,85.368973
2016-10-24,85.982315
2016-10-25,85.426971
2016-10-26,84.888184
2016-10-27,84.067558
2016-10-28,83.702873
2016-10-31,84.117302
2016-11-01,83.089462
2016-11-02,82.119659
2016-11-03,81.953873
2016-11-04,82.376617
2016-11-07,84.324539
2016-11-08,84.473740
2016-11-09,87.142784
2016-11-10,88.792343
2016-11-11,90.947472
2016-11-14,92.422928
2016-11-15,92.762794
2016-11-16,92.862236
2016-11-17,93.284973
2016-11-18,93.798935
2016-11-21,94.312836
2016-11-22,95.465004
2016-11-23,96.003769
2016-11-25,96.302208
2016-11-28,95.232925
2016-11-29,95.199753
2016-11-30,95.191460
2016-12-01,95.266075
2016-12-02,95.174896
2016-12-05,96.948761
2016-12-06,97.993172
2016-12-07,99.120491
2016-12-08,100.753433
2016-12-09,101.101562
2016-12-12,100.015709
2016-12-13,100.015709
2016-12-14,98.548538
2016-12-15,99.377426
2016-12-16,99.145370
2016-12-19,99.907936
2016-12-20,100.935791
2016-12-21,100.347267
2016-12-22,99.675911
2016-12-23,99.976151
2016-12-27,100.418167
2016-12-28,99.492447
2016-12-29,99.584183
2016-12-30,99.192253
2017-01-03,99.809357
2017-01-04,101.385559
2017-01-05,99.859398
2017-01-06,99.525787
2017-01-09,98.274864
2017-01-10,99.400726
2017-01-11,99.742653
2017-01-12,98.608444
2017-01-13,99.242279
2017-01-17,97.941284
2017-01-18,98.283195
2017-01-19,97.499252
2017-01-20,97.999664
2017-01-23,97.657722
2017-01-24,99.208900
2017-01-25,100.268044
2017-01-26,99.934448
2017-01-27,99.434067
2017-01-30,97.916245
2017-01-31,98.349922
2017-02-01,98.349922
2017-02-02,98.049706
2017-02-03,99.592514
2017-02-06,98.850296
2017-02-07,98.299889
2017-02-08,97.941284
2017-02-09,99.217262
2017-02-10,100.067902
2017-02-13,100.468193
2017-02-14,100.951889
2017-02-15,101.293816
2017-02-16,101.043655
2017-02-17,100.818466
2017-02-21,101.660767
2017-02-22,101.310516
2017-02-23,100.835167
2017-02-24,100.534904
2017-02-27,101.268806
2017-02-28,99.734299
2017-03-01,101.760849
2017-03-02,100.251366
2017-03-03,100.042885
2017-03-06,99.409058
2017-03-07,98.708519
2017-03-08,97.766121
2017-03-09,97.182358
2017-03-10,97.415855
2017-03-13,97.749458
2017-03-14,97.265747
2017-03-15,98.633438
2017-03-16,98.992073
2017-03-17,99.434067
2017-03-20,98.741875
2017-03-21,95.898048
2017-03-22,95.647850
2017-03-23,96.431778
2017-03-24,96.362312
2017-03-27,96.412537
2017-03-28,97.349945
2017-03-29,97.709877
2017-03-30,98.722641
2017-03-31,98.898392
2017-04-03,97.835434
2017-04-04,97.835434
2017-04-05,96.680382
2017-04-06,97.668015
2017-04-07,97.559196
2017-04-10,97.734978
2017-04-11,98.655670
2017-04-12,97.232819
2017-04-13,95.943825
2017-04-17,97.082130
2017-04-18,97.157463
2017-04-19,97.316460
2017-04-20,98.546837
2017-04-21,98.421295
2017-04-24,99.701897
2017-04-25,100.622581
2017-04-26,101.367470
2017-04-27,100.865295
2017-04-28,99.266663
2017-05-01,99.743744
2017-05-02,99.132736
2017-05-03,98.714264
2017-05-04,98.387833
2017-05-05,98.948624
2017-05-08,98.730988
2017-05-09,98.446434
2017-05-10,98.940216
2017-05-11,98.170204
2017-05-12,97.475510
2017-05-15,98.195328
2017-05-16,98.195328
2017-05-17,95.592308
2017-05-18,95.860123
2017-05-19,96.337212
2017-05-22,97.006821
2017-05-23,97.584312
2017-05-24,97.391800
2017-05-25,97.333214
2017-05-26,97.274628
2017-05-30,96.462776
2017-05-31,96.228424
2017-06-01,98.036285
2017-06-02,98.362709
2017-06-05,97.835434
2017-06-06,97.609398
2017-06-07,97.785194
2017-06-08,99.358727
2017-06-09,100.731377
2017-06-12,100.672806
2017-06-13,101.057816
2017-06-14,100.354752
2017-06-15,99.902779
2017-06-16,99.559593
2017-06-19,99.860909
2017-06-20,98.689156
2017-06-21,97.843788
2017-06-22,98.086525
2017-06-23,98.571960
2017-06-26,98.982101
2017-06-27,98.630539
2017-06-28,99.986473
2017-06-29,99.860909
2017-06-30,99.492661
2017-07-03,100.856956
2017-07-05,100.128746
2017-07-06,98.845451
2017-07-07,99.518677
2017-07-10,99.005318
2017-07-11,99.064247
2017-07-12,99.729004
2017-07-13,99.973083
2017-07-14,100.006729
2017-07-17,100.385391
2017-07-18,100.031975
2017-07-19,101.092308
2017-07-20,101.067039
2017-07-21,100.536880
2017-07-24,100.477982
2017-07-25,101.740295
2017-07-26,100.814613
2017-07-27,100.679977
2017-07-28,100.360176
2017-07-31,100.225533
2017-08-01,100.469574
2017-08-02,99.552307
2017-08-03,98.879089
2017-08-04,99.518677
2017-08-07,99.350349
2017-08-08,99.106308
2017-08-09,98.113297
2017-08-10,96.623810
2017-08-11,96.194641
2017-08-14,97.642052
2017-08-15,96.783707
2017-08-16,96.808952
2017-08-17,94.965996
2017-08-18,94.949203
2017-08-21,94.932381
2017-08-22,95.773888
2017-08-23,95.790718
2017-08-24,96.127304
2017-08-25,96.649055
2017-08-28,96.699562
2017-08-29,96.548065
2017-08-30,96.977264
2017-08-31,97.768272
2017-09-01,98.399429
2017-09-05,97.153984
2017-09-06,97.423241
2017-09-07,96.994064
2017-09-08,97.179237
2017-09-11,98.357353
2017-09-12,99.207298
2017-09-13,99.686958
2017-09-14,99.594368
2017-09-15,99.964630
2017-09-18,100.595833
2017-09-19,100.722023
2017-09-20,101.218536
2017-09-21,101.109131
2017-09-22,101.580406
2017-09-25,102.161034
2017-09-26,102.667458
2017-09-27,104.439926
2017-09-28,104.735306
2017-09-29,104.760635
2017-10-02,106.018227
2017-10-03,106.203926
2017-10-04,105.629997
2017-10-05,106.068871
2017-10-06,105.731277
2017-10-09,105.427444
2017-10-10,105.976051
2017-10-11,105.824112
2017-10-12,105.629997
2017-10-13,105.562469
2017-10-16,105.486519
2017-10-17,105.081375
2017-10-18,105.613113
2017-10-19,105.511818
2017-10-20,105.866318
2017-10-23,105.005402
2017-10-24,105.216408
2017-10-25,104.777534
2017-10-26,105.005402
2017-10-27,105.579346
2017-10-30,104.271118
2017-10-31,104.811287
2017-11-01,104.347038
2017-11-02,104.870369
2017-11-03,104.313301
2017-11-06,104.549629
2017-11-07,103.140106
2017-11-08,102.988159
2017-11-09,102.718079
2017-11-10,102.675903
2017-11-13,102.692802
2017-11-14,102.473335
2017-11-15,102.169479
2017-11-16,103.367981
2017-11-17,103.899734
2017-11-20,104.701561
2017-11-21,105.587784
2017-11-22,105.537132
2017-11-24,105.317696
2017-11-27,105.148872
2017-11-28,107.073288
2017-11-29,108.069221
2017-11-30,107.849770
2017-12-01,107.529060
2017-12-04,107.773811
2017-12-05,106.474007
2017-12-06,105.815674
2017-12-07,106.229263
2017-12-08,106.229263
2017-12-11,106.077339
2017-12-12,106.068871
2017-12-13,106.271446
2017-12-14,105.072937
2017-12-15,106.558395
2017-12-18,108.069221
2017-12-19,106.997299
2017-12-20,107.166122
2017-12-21,107.730171
2017-12-22,107.407372
2017-12-26,107.509293
2017-12-27,107.271439
2017-12-28,107.662193
2017-12-29,106.821243
2018-01-02,107.738663
2018-01-03,107.619720
2018-01-04,107.857597
2018-01-05,108.027489
2018-01-08,108.426743
2018-01-09,108.103935
2018-01-10,108.146393
2018-01-11,110.210617
2018-01-12,110.541939
2018-01-16,109.259209
2018-01-17,110.304085
2018-01-18,109.344185
2018-01-19,110.652336
2018-01-22,111.034622
2018-01-23,111.162025
2018-01-24,110.575912
2018-01-25,110.329529
2018-01-26,110.389015
2018-01-29,109.480080
2018-01-30,108.571152
2018-01-31,108.129417
2018-02-01,108.358795
2018-02-02,106.337029
2018-02-05,102.259544
2018-02-06,103.363861
2018-02-07,103.397850
2018-02-08,100.645546
2018-02-09,101.792343
2018-02-12,102.531372
2018-02-13,102.701286
2018-02-14,104.281288
2018-02-15,105.190231
2018-02-16,105.725403
2018-02-20,104.561607
2018-02-21,104.714523
2018-02-22,104.417221
2018-02-23,105.699936
2018-02-26,106.320045
2018-02-27,104.570122
2018-02-28,102.735275
2018-03-01,102.709778
2018-03-02,103.933006
2018-03-05,105.028854
2018-03-06,106.107697
2018-03-07,106.744774
2018-03-08,106.158638
2018-03-09,107.849091
2018-03-12,108.146393
2018-03-13,107.721680
2018-03-14,106.931656
2018-03-15,106.557899
2018-03-16,107.347923
2018-03-19,106.540924
2018-03-20,106.167137
2018-03-21,106.753265
2018-03-22,104.481918
2018-03-23,102.121078
2018-03-26,104.268852
2018-03-27,102.632446
2018-03-28,103.126762
2018-03-29,103.876801
2018-04-02,101.729034
2018-04-03,103.177925
2018-04-04,104.405228
2018-04-05,105.342728
2018-04-06,103.476219
2018-04-09,103.135300
2018-04-10,105.044426
2018-04-11,105.197830
2018-04-12,105.768867
2018-04-13,105.427963
2018-04-16,106.425125
2018-04-17,107.106979
2018-04-18,107.388222
2018-04-19,107.055824
2018-04-20,106.655251
2018-04-23,106.723419
2018-04-24,106.731956
2018-04-25,106.621162
2018-04-26,106.876846
2018-04-27,106.783112
2018-04-30,105.794449
2018-05-01,106.135353
2018-05-02,106.484818
2018-05-03,105.913750
2018-05-04,107.268890
2018-05-07,108.053001
2018-05-08,108.598480
2018-05-09,109.169510
2018-05-10,109.570091
2018-05-11,109.697960
2018-05-14,109.322929
2018-05-15,109.476334
2018-05-16,110.473503
2018-05-17,111.189430
2018-05-18,111.172363
2018-05-21,112.280365
2018-05-22,111.820107
2018-05-23,111.964989
2018-05-24,111.879768
2018-05-25,111.581490
2018-05-29,111.257614
2018-05-30,113.030357
2018-05-31,111.964989
2018-06-01,112.629768
2018-06-04,113.379814
2018-06-05,113.780380
2018-06-06,114.496315
2018-06-07,114.453674
2018-06-08,114.538910
2018-06-11,114.496315
2018-06-12,114.368439
2018-06-13,113.712189
2018-06-14,113.967888
2018-06-15,113.891167
2018-06-18,114.487801
2018-06-19,114.794579
2018-06-20,115.604263
2018-06-21,114.734947
2018-06-22,114.922432
2018-06-25,113.652519
2018-06-26,114.172440
2018-06-27,112.689438
2018-06-28,112.706505
2018-06-29,112.433800
2018-07-02,113.107079
2018-07-03,113.535271
2018-07-05,114.819778
2018-07-06,115.624733
2018-07-09,116.506790
2018-07-10,116.044327
2018-07-11,115.051033
2018-07-12,115.008202
2018-07-13,114.725594
2018-07-16,114.314529
2018-07-17,114.271729
2018-07-18,114.665627
2018-07-19,115.496292
2018-07-20,115.085251
2018-07-23,115.247955
2018-07-24,114.597153
2018-07-25,114.400162
2018-07-26,115.265114
2018-07-27,113.663658
2018-07-30,113.689384
2018-07-31,114.468681
2018-08-01,114.314529
2018-08-02,114.794106
2018-08-03,114.588562
2018-08-06,114.948212
2018-08-07,115.042450
2018-08-08,115.273666
2018-08-09,115.376411
2018-08-10,114.853996
2018-08-13,114.331650
2018-08-14,115.410645
2018-08-15,114.126144
2018-08-16,115.136612
2018-08-17,115.727501
2018-08-20,116.061501
2018-08-21,117.354614
2018-08-22,117.405968
2018-08-23,116.823662
2018-08-24,117.183350
2018-08-27,117.140518
2018-08-28,117.063408
2018-08-29,117.226128
2018-08-30,117.012039
2018-08-31,117.208984
2018-09-04,116.532463
2018-09-05,116.583855
2018-09-06,115.950165
2018-09-07,115.581932
2018-09-10,115.581932
2018-09-11,115.599098
2018-09-12,115.410645
2018-09-13,115.325012
2018-09-14,115.873077
2018-09-17,115.256523
2018-09-18,115.325012
2018-09-19,115.213699
2018-09-20,116.361229
2018-09-21,115.975861
2018-09-24,115.119492
2018-09-25,115.076698
2018-09-26,113.899216
2018-09-27,113.847633
2018-09-28,114.311737
2018-10-01,112.902191
2018-10-02,112.369316
2018-10-03,113.383530
2018-10-04,112.326332
2018-10-05,111.578568
2018-10-08,112.051277
2018-10-09,111.939560
2018-10-10,109.395462
2018-10-11,106.894371
2018-10-12,106.223984
2018-10-15,106.928757
2018-10-16,109.197784
2018-10-17,108.879791
2018-10-18,106.928757
2018-10-19,106.266945
2018-10-22,105.699684
2018-10-23,104.805817
2018-10-24,101.350685
2018-10-25,103.318901
2018-10-26,102.287529
2018-10-29,102.493797
2018-10-30,104.324501
2018-10-31,104.126816
2018-11-01,105.673904
2018-11-02,106.112244
2018-11-05,106.653725
2018-11-06,107.152206
2018-11-07,108.441452
2018-11-08,108.209389
2018-11-09,106.817017
2018-11-12,105.373077
2018-11-13,105.141022
2018-11-14,104.341698
2018-11-15,105.493393
2018-11-16,105.725456
2018-11-19,104.616714
2018-11-20,102.596947
2018-11-21,103.645508
2018-11-23,103.413460
2018-11-26,104.350288
2018-11-27,103.722878
2018-11-28,105.682495
2018-11-29,105.338684
2018-11-30,105.768440
2018-12-03,106.447426
2018-12-04,102.235931
2018-12-06,101.866364
2018-12-07,100.413826
2018-12-10,99.554337
2018-12-11,99.442619
2018-12-12,100.173210
2018-12-13,98.926933
2018-12-14,97.560364
2018-12-17,95.663666
2018-12-18,95.369858
2018-12-19,93.399734
2018-12-20,92.224556
2018-12-21,90.254425
2018-12-24,88.171989
2018-12-26,91.835762
2018-12-27,91.973991
2018-12-28,92.431961
2018-12-31,92.924477
2019-01-02,93.667587
2019-01-03,92.613403
2019-01-04,95.750076
2019-01-07,96.795601
2019-01-08,98.299126
2019-01-09,99.050903
2019-01-10,99.405174
2019-01-11,99.482948
2019-01-14,98.765747
2019-01-15,99.301498
2019-01-16,100.191505
2019-01-17,100.943253
2019-01-18,101.893753
2019-01-22,100.459373
2019-01-23,100.329773
2019-01-24,100.900070
2019-01-25,102.014748
2019-01-28,101.738235
2019-01-29,101.695030
2019-01-30,102.533195
2019-01-31,103.060280
2019-02-01,103.181252
2019-02-04,104.200874
2019-02-05,104.339149
2019-02-06,104.131752
2019-02-07,103.734268
2019-02-08,103.518265
2019-02-11,104.278656
2019-02-12,105.160042
2019-02-13,105.609383
2019-02-14,105.609383
2019-02-15,107.190651
2019-02-19,107.700455
2019-02-20,108.443596
2019-02-21,108.037453
2019-02-22,108.702820
2019-02-25,108.417633
2019-02-26,107.544930
2019-02-27,107.536270
2019-02-28,107.078331
2019-03-01,107.657257
2019-03-04,107.173370
2019-03-05,106.594429
2019-03-06,104.624290
2019-03-07,103.475052
2019-03-08,103.397278
2019-03-11,105.013145
2019-03-12,105.013145
2019-03-13,105.393341
2019-03-14,104.987213
2019-03-15,105.194580
2019-03-18,105.929062
2019-03-19,104.952629
2019-03-20,104.012817
2019-03-21,104.967415
2019-03-22,101.513626
2019-03-25,101.938843
2019-03-26,103.240501
2019-03-27,103.318619
2019-03-28,104.056229
2019-03-29,104.047562
2019-04-01,105.427330
2019-04-02,104.984749
2019-04-03,105.236397
2019-04-04,106.225700
2019-04-05,107.284393
2019-04-08,107.154228
2019-04-09,105.809166
2019-04-10,107.188942
2019-04-11,107.180275
2019-04-12,107.752998
2019-04-15,107.197609
2019-04-16,107.718277
2019-04-17,107.319122
2019-04-18,106.876534
2019-04-22,106.026100
2019-04-23,107.605476
2019-04-24,107.883163
2019-04-25,106.729012
2019-04-26,107.657539
2019-04-29,108.195557
2019-04-30,107.891830
2019-05-01,107.076111
2019-05-02,107.345139
2019-05-03,109.358391
2019-05-06,109.393135
2019-05-07,107.527367
2019-05-08,106.841812
2019-05-09,106.538078
2019-05-10,107.058777
2019-05-13,104.038872
2019-05-14,105.245102
2019-05-15,105.340553
2019-05-16,105.835197
2019-05-17,104.455399
2019-05-20,103.769867
2019-05-21,104.828552
2019-05-22,103.717781
2019-05-23,101.782623
2019-05-24,102.554955
2019-05-28,101.539665
2019-05-29,100.923538
2019-05-30,100.307381
2019-05-31,99.049095
2019-06-03,99.838799
2019-06-04,102.129761
2019-06-05,101.800003
2019-06-06,101.834686
2019-06-07,102.121056
2019-06-10,102.641762
2019-06-11,102.633057
2019-06-12,102.459496
2019-06-13,103.440102
2019-06-14,102.797951
2019-06-17,102.871193
2019-06-18,104.048508
2019-06-19,104.345024
2019-06-20,104.798515
2019-06-21,104.170624
2019-06-24,102.766548
2019-06-25,102.496208
2019-06-26,102.243309
2019-06-27,103.882812
2019-06-28,105.086311
2019-07-01,105.496185
2019-07-02,104.737457
2019-07-03,105.426422
2019-07-05,106.036865
2019-07-08,105.016525
2019-07-09,104.911873
2019-07-10,104.972908
2019-07-11,104.379898
2019-07-12,105.286873
2019-07-15,104.345024
2019-07-16,104.624077
2019-07-17,103.568863
2019-07-18,103.734543
2019-07-19,103.464226
2019-07-22,103.106651
2019-07-23,104.144432
2019-07-24,105.879890
2019-07-25,104.632820
2019-07-26,105.792679
2019-07-29,105.121170
2019-07-30,106.368263
2019-07-31,105.487465
2019-08-01,103.298523
2019-08-02,102.304352
2019-08-05,99.347977
2019-08-06,100.010750
2019-08-07,99.897385
2019-08-08,102.060150
2019-08-09,100.717171
2019-08-12,99.522369
2019-08-13,100.350876
2019-08-14,97.464287
2019-08-15,97.071815
2019-08-16,99.260765
2019-08-19,100.490417
2019-08-20,99.670662
2019-08-21,100.438080
2019-08-22,100.368301
2019-08-23,97.193916
2019-08-26,98.266579
2019-08-27,96.661926
2019-08-28,97.900314
2019-08-29,99.784012
2019-08-30,99.592163
2019-09-03,98.362518
2019-09-04,99.295662
2019-09-05,101.388664
2019-09-06,101.135757
2019-09-09,103.420609
2019-09-10,105.129898
2019-09-11,107.170570
2019-09-12,107.292664
2019-09-13,107.624062
2019-09-16,108.103699
2019-09-17,107.310135
2019-09-18,106.595001
2019-09-19,106.028152
2019-09-20,105.801407
2019-09-23,106.167679
2019-09-24,104.872635
2019-09-25,106.274590
2019-09-26,105.223114
2019-09-27,104.820076
2019-09-30,104.627304
2019-10-01,102.796059
2019-10-02,101.779671
2019-10-03,101.858528
2019-10-04,102.874908
2019-10-07,102.804810
2019-10-08,101.183868
2019-10-09,101.525581
2019-10-10,102.060028
2019-10-11,103.716057
2019-10-14,103.312996
2019-10-15,104.276825
2019-10-16,104.548462
2019-10-17,105.564850
2019-10-18,105.459702
2019-10-21,106.467346
2019-10-22,106.958000
2019-10-23,107.369820
2019-10-24,106.773994
2019-10-25,107.378609
2019-10-28,108.105843
2019-10-29,108.482597
2019-10-30,107.878021
2019-10-31,107.238403
2019-11-01,108.990807
2019-11-04,110.059769
2019-11-05,110.156158
2019-11-06,109.516518
2019-11-07,109.823174
2019-11-08,109.902054
2019-11-11,109.525269
2019-11-12,109.446434
2019-11-13,108.754227
2019-11-14,108.815559
2019-11-15,109.052132
2019-11-18,108.622810
2019-11-19,108.736702
2019-11-20,108.272316
2019-11-21,107.702789
2019-11-22,107.930595
2019-11-25,109.945869
2019-11-26,109.700516
2019-11-27,110.419014
2019-11-29,109.630440
2019-12-02,108.745476
2019-12-03,108.184692
2019-12-04,108.990807
2019-12-05,109.174797
2019-12-06,110.594269
2019-12-09,110.489090
2019-12-10,110.655586
2019-12-11,110.646797
2019-12-12,111.882271
2019-12-13,111.190063
2019-12-16,111.999527
2019-12-17,112.810715
2019-12-18,113.295677
2019-12-19,113.560219
2019-12-20,113.454384
2019-12-23,113.489685
2019-12-24,113.630745
2019-12-26,113.745377
2019-12-27,113.225121
2019-12-30,113.233955
2019-12-31,113.375031
2020-01-02,113.251587
2020-01-03,112.934166
2020-01-06,112.951805
2020-01-07,112.378662
2020-01-08,112.440392
2020-01-09,112.175865
2020-01-10,111.567436
2020-01-13,112.396309
2020-01-14,112.572670
2020-01-15,112.784279
2020-01-16,114.186249
2020-01-17,113.807106
2020-01-21,112.757828
2020-01-22,112.537361
2020-01-23,112.616745
2020-01-24,111.100136
2020-01-27,109.689339
2020-01-28,110.209557
2020-01-29,109.460083
2020-01-30,109.680527
2020-01-31,107.432068
2020-02-03,108.428452
2020-02-04,109.636421
2020-02-05,111.734985
2020-02-06,111.100136
2020-02-07,109.724609
2020-02-10,109.918587
2020-02-11,110.826790
2020-02-12,111.567436
2020-02-13,111.787880
2020-02-14,111.232384
2020-02-18,110.729805
2020-02-19,111.179474
2020-02-20,111.893692
2020-02-21,110.844421
2020-02-24,107.564308
2020-02-25,103.940338
2020-02-26,102.379684
2020-02-27,98.579323
2020-02-28,97.089172
2020-03-02,99.813774
2020-03-03,97.715210
2020-03-04,100.166466
2020-03-05,96.463127
2020-03-06,94.488037
2020-03-09,84.674164
2020-03-10,87.310577
2020-03-11,81.605713
2020-03-12,72.364983
2020-03-13,78.563667
2020-03-16,68.256020
2020-03-17,72.347351
2020-03-18,64.702606
2020-03-19,67.982704
2020-03-20,64.781960
2020-03-23,63.300621
2020-03-24,68.820358
2020-03-25,70.097443
2020-03-26,74.691376
2020-03-27,72.048508
2020-03-30,73.174835
2020-03-31,72.749146
2020-04-01,67.889175
2020-04-02,68.394669
2020-04-03,66.017891
2020-04-06,71.339043
2020-04-07,71.880028
2020-04-08,75.232376
2020-04-09,79.489281
2020-04-13,76.819839
2020-04-14,77.697823
2020-04-15,73.777908
2020-04-16,72.775757
2020-04-17,76.154701
2020-04-20,74.629295
2020-04-21,73.236923
2020-04-22,73.706963
2020-04-23,74.522881
2020-04-24,75.498421
2020-04-27,79.045853
2020-04-28,81.085648
2020-04-29,85.129730
2020-04-30,81.866066
2020-05-01,78.540344
2020-05-04,78.354118
2020-05-05,77.990486
2020-05-06,76.385277
2020-05-07,77.662354
2020-05-08,81.147705
2020-05-11,79.382874
2020-05-12,76.101471
2020-05-13,73.032959
2020-05-14,73.361069
2020-05-15,74.079430
2020-05-18,79.870636
2020-05-19,77.848610
2020-05-20,80.624466
2020-05-21,80.730911
2020-05-22,80.810699
2020-05-26,84.198540
2020-05-27,87.887848
2020-05-28,85.449005
2020-05-29,84.420235
2020-06-01,85.041039
2020-06-02,85.936775
2020-06-03,88.996452
2020-06-04,89.705910
2020-06-05,94.104759
2020-06-08,96.774200
2020-06-09,94.326447
2020-06-10,90.495232
2020-06-11,82.912575
2020-06-12,85.351433
2020-06-15,86.770576
2020-06-16,89.095787
2020-06-17,86.734955
2020-06-18,86.628075
2020-06-19,85.719383
2020-06-22,86.093544
2020-06-23,86.191528
2020-06-24,82.966591
2020-06-25,84.400902
2020-06-26,82.253891
2020-06-29,85.790649
2020-06-30,86.824059
2020-07-01,85.184853
2020-07-02,85.336296
2020-07-06,86.164810
2020-07-07,83.768364
2020-07-08,84.071251
2020-07-09,81.585732
2020-07-10,84.017799
2020-07-13,83.599106
2020-07-14,84.855225
2020-07-15,88.400887
2020-07-16,87.991096
2020-07-17,87.795105
2020-07-20,86.387512
2020-07-21,88.926491
2020-07-22,88.971031
2020-07-23,89.657021
2020-07-24,88.285065
2020-07-27,88.632500
2020-07-28,88.374153
2020-07-29,90.734955
2020-07-30,89.639206
2020-07-31,88.641441
2020-08-03,89.630272
2020-08-04,90.467705
2020-08-05,92.472160
2020-08-06,92.374168
2020-08-07,94.574600
2020-08-10,96.463249
2020-08-11,96.463249
2020-08-12,96.436523
2020-08-13,95.536766
2020-08-14,96.089073
2020-08-17,95.901993
2020-08-18,94.280617
2020-08-19,94.075722
2020-08-20,93.389732
2020-08-21,92.641403
2020-08-24,94.797318
2020-08-25,94.530075
2020-08-26,93.452110
2020-08-27,94.227158
2020-08-28,94.948776
2020-08-31,93.398651
2020-09-01,94.351883
2020-09-02,95.162567
2020-09-03,93.461037
2020-09-04,93.594635
2020-09-08,91.474373
2020-09-09,92.231606
2020-09-10,90.859673
2020-09-11,90.476601
2020-09-14,92.409798
2020-09-15,92.356346
2020-09-16,93.407562
2020-09-17,92.819611
2020-09-18,92.213814
2020-09-21,88.267258
2020-09-22,88.400887
2020-09-23,85.566605
2020-09-24,85.817467
2020-09-25,86.874878
2020-09-28,89.598961
2020-09-29,88.792473
2020-09-30,89.007538
2020-10-01,90.414375
2020-10-02,91.866028
2020-10-05,94.115189
2020-10-06,93.747795
2020-10-07,95.674355
2020-10-08,97.206642
2020-10-09,97.197678
2020-10-12,97.968323
2020-10-13,96.471863
2020-10-14,95.808769
2020-10-15,97.197678
2020-10-16,96.910942
2020-10-19,95.781876
2020-10-20,96.543556
2020-10-21,96.077599
2020-10-22,98.102745
2020-10-23,98.864403
2020-10-26,96.427063
2020-10-27,94.706604
2020-10-28,91.525513
2020-10-29,93.013008
2020-10-30,92.287178
2020-11-02,94.527374
2020-11-03,97.117058
2020-11-04,95.082962
2020-11-05,98.093758
2020-11-06,96.767578
2020-11-09,103.532967
2020-11-10,106.310837
2020-11-11,104.984619
2020-11-12,102.798195
2020-11-13,105.701492
2020-11-16,109.294754
2020-11-17,109.572533
2020-11-18,108.165695
2020-11-19,108.730225
2020-11-20,108.416618
2020-11-23,111.077957
2020-11-24,114.617470
2020-11-25,113.631775
2020-11-27,113.076210
2020-11-30,109.877205
2020-12-01,111.499115
2020-12-02,112.323486
2020-12-03,112.950775
2020-12-04,116.104965
2020-12-07,115.486664
2020-12-08,116.624702
2020-12-09,116.436508
2020-12-10,116.974152
2020-12-11,115.997429
2020-12-14,115.413826
2020-12-15,118.629044
2020-12-16,117.881508
2020-12-17,118.935242
2020-12-18,117.449226
2020-12-21,116.611633
2020-12-22,116.989914
2020-12-23,118.890190
2020-12-24,118.890190
2020-12-28,119.151398
2020-12-29,117.152031
2020-12-30,118.602013
2020-12-31,118.656052
2021-01-04,117.079979
2021-01-05,119.547638
2021-01-06,125.860916
2021-01-07,127.040817
2021-01-08,125.698853
2021-01-11,126.050125
2021-01-12,128.607849
2021-01-13,127.238914
2021-01-14,129.841675
2021-01-15,127.869316
2021-01-19,128.751938
2021-01-20,129.418396
2021-01-21,127.914352
2021-01-22,129.499466
2021-01-25,129.274307
2021-01-26,128.625854
2021-01-27,127.094818
2021-01-28,126.320274
2021-01-29,124.645103
2021-02-01,127.482071
2021-02-02,128.175552
2021-02-03,128.977112
2021-02-04,131.633942
2021-02-05,133.119934
2021-02-08,136.659348
2021-02-09,136.956543
2021-02-10,136.353088
2021-02-11,136.272064
2021-02-12,136.857468
2021-02-16,137.172684
2021-02-17,136.380157
2021-02-18,134.272675
2021-02-19,137.064606
2021-02-22,138.685745
2021-02-23,138.235397
2021-02-24,142.009003
2021-02-25,137.442871
2021-02-26,136.533249
2021-03-01,141.279510
2021-03-02,139.397217
2021-03-03,140.144745
2021-03-04,137.767090
2021-03-05,141.360580
2021-03-08,144.539780
2021-03-09,145.224167
2021-03-10,148.790619
2021-03-11,150.573837
2021-03-12,152.681290
2021-03-15,152.564240
2021-03-16,149.745300
2021-03-17,150.988098
2021-03-18,147.673843
2021-03-19,148.133163
2021-03-22,145.431335
2021-03-23,139.739487
2021-03-24,137.794128
2021-03-25,141.524078
2021-03-26,144.630142
2021-03-29,140.928162
2021-03-30,143.357010
2021-03-31,143.989075
2021-04-01,145.659500
2021-04-05,146.354736
2021-04-06,145.867142
2021-04-07,144.169647
2021-04-08,144.828781
2021-04-09,145.054520
2021-04-12,145.045471
2021-04-13,143.880722
2021-04-14,145.668503
2021-04-15,146.038727
2021-04-16,146.499222
2021-04-19,145.325409
2021-04-20,141.677551
2021-04-21,144.783646
2021-04-22,143.709183
2021-04-23,146.472122
2021-04-26,147.528534
2021-04-27,148.025146
2021-04-28,148.359207
2021-04-29,148.467590
2021-04-30,146.616592
2021-05-03,148.512741
2021-05-04,147.916779
2021-05-05,148.016113
2021-05-06,149.126709
2021-05-07,150.760956
2021-05-10,148.268906
2021-05-11,147.176392
2021-05-12,142.535355
2021-05-13,145.903244
2021-05-14,149.117676
2021-05-17,150.038651
2021-05-18,148.250854
2021-05-19,146.706848
2021-05-20,146.761032
2021-05-21,147.555618
2021-05-24,148.476608
2021-05-25,146.426956
2021-05-26,149.289246
2021-05-27,151.420105
2021-05-28,151.266678
2021-06-01,153.939285
2021-06-02,155.076950
2021-06-03,153.785751
2021-06-04,153.848984
2021-06-07,155.537445
2021-06-08,157.081436
2021-06-09,156.043106
2021-06-10,153.717331
2021-06-11,155.264801
2021-06-14,154.124573
2021-06-15,154.504639
2021-06-16,154.396057
2021-06-17,151.056717
2021-06-18,146.649551
2021-06-21,150.287552
2021-06-22,150.939072
2021-06-23,151.228699
2021-06-24,153.355331
2021-06-25,152.948105
2021-06-28,150.939072
2021-06-29,149.835022
2021-06-30,150.016022
2021-07-01,151.518250
2021-07-02,149.789780
2021-07-06,147.210632
2021-07-07,145.862213
2021-07-08,144.341888
2021-07-09,147.681198
2021-07-12,148.332809
2021-07-13,145.364517
2021-07-14,143.744629
2021-07-15,143.699341
2021-07-16,141.590805
2021-07-19,138.450546
2021-07-20,142.540985
2021-07-21,144.921097
2021-07-22,142.151886
2021-07-23,142.631516
2021-07-26,143.988937
2021-07-27,142.866776
2021-07-28,144.396194
2021-07-29,145.798874
2021-07-30,144.758163
2021-08-02,143.681274
2021-08-03,144.875824
2021-08-04,142.097580
2021-08-05,144.595276
2021-08-06,146.278488
2021-08-09,145.237808
2021-08-10,146.350906
2021-08-11,147.527359
2021-08-12,147.147308
2021-08-13,146.088501
2021-08-16,145.029678
2021-08-17,143.500290
2021-08-18,142.016144
2021-08-19,140.387192
2021-08-20,142.712936
2021-08-23,144.749115
2021-08-24,146.016068
2021-08-25,146.794357
2021-08-26,145.120148
2021-08-27,149.029617
2021-08-30,148.097504
2021-08-31,148.414246
2021-09-01,149.047714
2021-09-02,149.699295
2021-09-03,149.020569
2021-09-07,148.233246
2021-09-08,146.749130
2021-09-09,146.540970
2021-09-10,145.029678
2021-09-13,146.359940
2021-09-14,144.233307
2021-09-15,145.952713
2021-09-16,145.192581
2021-09-17,145.065857
2021-09-20,142.224289
2021-09-21,141.880402
2021-09-22,143.862244
2021-09-23,146.513809
2021-09-24,146.271942
2021-09-27,149.163544
2021-09-28,146.953903
2021-09-29,147.253952
2021-09-30,145.699081
2021-10-01,148.354248
2021-10-04,148.163315
2021-10-05,148.545181
2021-10-06,147.626831
2021-10-07,149.600021
2021-10-08,149.227158
2021-10-11,148.436111
2021-10-12,148.945328
2021-10-13,149.190811
2021-10-14,151.054901
2021-10-15,150.718506
2021-10-18,150.600296
2021-10-19,150.809418
2021-10-20,152.227951
2021-10-21,152.237015
2021-10-22,152.018784
2021-10-25,153.464584
2021-10-26,152.146088
2021-10-27,149.099899
2021-10-28,151.545944
2021-10-29,151.291367
2021-11-01,155.046799
2021-11-02,155.792450
2021-11-03,158.293030
2021-11-04,157.474640
2021-11-05,160.457199
2021-11-08,160.839111
2021-11-09,159.584259
2021-11-10,158.129333
2021-11-11,159.275116
2021-11-12,159.065933
2021-11-15,158.947739
2021-11-16,158.820435
2021-11-17,157.029099
2021-11-18,156.465317
2021-11-19,154.937698
2021-11-22,155.783371
2021-11-23,156.201630
2021-11-24,155.865173
2021-11-26,149.845520
2021-11-29,149.327225
2021-11-30,145.917297
2021-12-01,143.043869
2021-12-02,147.381317
2021-12-03,145.553574
2021-12-06,148.717972
2021-12-07,150.763916
2021-12-08,151.555023
2021-12-09,149.081696
2021-12-10,149.099899
2021-12-13,146.925568
2021-12-14,146.157547
2021-12-15,147.611343
2021-12-16,146.002075
2021-12-17,146.276428
2021-12-20,144.145981
2021-12-21,148.260498
2021-12-22,149.732635
2021-12-23,150.683548
2021-12-27,152.228790
2021-12-28,151.753311
2021-12-29,152.064194
2021-12-30,151.698425
2021-12-31,151.826447
2022-01-03,153.673431
2022-01-04,154.715759
2022-01-05,151.296158
2022-01-06,152.567093
2022-01-07,151.881317
2022-01-10,151.250412
2022-01-11,152.347626
2022-01-12,151.716736
2022-01-13,151.415009
2022-01-14,152.338501
2022-01-18,148.626282
2022-01-19,146.230698
2022-01-20,143.313934
2022-01-21,141.238342
2022-01-24,143.771103
2022-01-25,142.948196
2022-01-26,141.146942
2022-01-27,138.294205
2022-01-28,140.214340
2022-01-31,142.948196
2022-02-01,144.255692
2022-02-02,143.368790
2022-02-03,141.320663
2022-02-04,141.695572
2022-02-07,142.061264
2022-02-08,144.036285
2022-02-09,145.791779
2022-02-10,144.027176
2022-02-11,143.441956
2022-02-14,142.792725
2022-02-15,146.038712
2022-02-16,146.587296
2022-02-17,143.999725
2022-02-18,143.185928
2022-02-22,141.274933
2022-02-23,139.263397
2022-02-24,141.320663
2022-02-25,144.813492
2022-02-28,145.142685
2022-03-01,142.472794
2022-03-02,146.267273
2022-03-03,145.755219
2022-03-04,144.273972
2022-03-07,141.320663
2022-03-08,141.951584
2022-03-09,144.731155
2022-03-10,145.032898
2022-03-11,143.615662
2022-03-14,142.180145
2022-03-15,143.295654
2022-03-16,146.541550
2022-03-17,147.849106
2022-03-18,148.370224
2022-03-21,148.031937
2022-03-22,148.991989
2022-03-23,146.879852
2022-03-24,148.181549
2022-03-25,149.566635
2022-03-28,149.227219
2022-03-29,152.309402
2022-03-30,149.667557
2022-03-31,148.053116
2022-04-01,149.254791
2022-04-04,149.052963
2022-04-05,145.723190
2022-04-06,144.374710
2022-04-07,143.659210
2022-04-08,143.218903
2022-04-11,142.283249
2022-04-12,142.897858
2022-04-13,145.475449
2022-04-14,144.879242
2022-04-18,144.503113
2022-04-19,147.089951
2022-04-20,148.080627
2022-04-21,145.347046
2022-04-22,141.778732
2022-04-25,141.797089
2022-04-26,138.137009
2022-04-27,137.825119
2022-04-28,140.393600
2022-04-29,136.513428
2022-05-02,136.953705
2022-05-03,138.962601
2022-05-04,142.640991
2022-05-05,137.843491
2022-05-06,136.394135
2022-05-09,131.642487
2022-05-10,131.046249
2022-05-11,128.945602
2022-05-12,129.862946
2022-05-13,132.495605
2022-05-16,132.743286
2022-05-17,136.660126
2022-05-18,132.403870
2022-05-19,132.027786
2022-05-20,131.614990
2022-05-23,133.568848
2022-05-24,132.394669
2022-05-25,134.917297
2022-05-26,137.449066
2022-05-27,140.604584
2022-05-31,139.146042
2022-06-01,138.880020
2022-06-02,141.274216
2022-06-03,140.356918
2022-06-06,141.182495
2022-06-07,143.255569
2022-06-08,140.806396
2022-06-09,138.125137
2022-06-10,134.874771
2022-06-13,128.705612
2022-06-14,128.171555
2022-06-15,129.644775
2022-06-16,123.816307
2022-06-17,124.156975
2022-06-21,126.173492
2022-06-22,125.409203
2022-06-23,125.446060
2022-06-24,128.889725
2022-06-27,129.460632
2022-06-28,127.471725
2022-06-29,126.026146
2022-06-30,125.363167
2022-07-01,127.177094
2022-07-05,127.517799
2022-07-06,126.385246
2022-07-07,128.595093
2022-07-08,128.456985
2022-07-11,126.274780
2022-07-12,126.514175
2022-07-13,126.136665
2022-07-14,124.654175
2022-07-15,127.324455
2022-07-18,127.296844
2022-07-19,131.605988
2022-07-20,133.272629
2022-07-21,133.447571
2022-07-22,131.762573
2022-07-25,132.775436
2022-07-26,132.176910
2022-07-27,135.003677
2022-07-28,136.578201
2022-07-29,137.425293
2022-08-01,137.489777
2022-08-02,136.725555
2022-08-03,138.355270
2022-08-04,137.931732
2022-08-05,138.732803
2022-08-08,140.132385
2022-08-09,138.870941
2022-08-10,142.176514
2022-08-11,143.005173
2022-08-12,145.914825
2022-08-15,146.467316
2022-08-16,146.752762
2022-08-17,144.349533
2022-08-18,144.911194
2022-08-19,142.047623
2022-08-22,138.834106
2022-08-23,138.880157
2022-08-24,139.524643
2022-08-25,141.660843
2022-08-26,137.397690
2022-08-29,136.108597
2022-08-30,134.165802
2022-08-31,133.217331
2022-09-01,132.084839
2022-09-02,131.154816
2022-09-06,129.598724
2022-09-07,132.066422
2022-09-08,132.858276
2022-09-09,135.519302
2022-09-12,137.241119
2022-09-13,132.094040
2022-09-14,132.222946
2022-09-15,131.541550
2022-09-16,130.197266
2022-09-19,131.642853
2022-09-20,129.893402
2022-09-21,127.959785
2022-09-22,125.418434
2022-09-23,122.444328
2022-09-26,120.421402
2022-09-27,120.180367
2022-09-28,123.397392
2022-09-29,120.319412
2022-09-30,119.531364
2022-10-03,122.535194
2022-10-04,127.337593
2022-10-05,126.132339
2022-10-06,125.260887
2022-10-07,122.155090
2022-10-10,121.747162
2022-10-11,122.219978
2022-10-12,121.978943
2022-10-13,125.362846
2022-10-14,122.572296
2022-10-17,126.160164
2022-10-18,127.606445
2022-10-19,125.631699
2022-10-20,123.823868
2022-10-21,126.595909
2022-10-24,127.319038
2022-10-25,130.369202
2022-10-26,130.953278
2022-10-27,131.555893
2022-10-28,134.531906
2022-10-31,134.726624
2022-11-01,134.967651
2022-11-02,130.925507
2022-11-03,130.118927
2022-11-04,132.492264
2022-11-07,133.067078
2022-11-08,132.955826
2022-11-09,130.007645
2022-11-10,137.378098
2022-11-11,138.277420
2022-11-14,136.766220
2022-11-15,138.258881
2022-11-16,135.876205
2022-11-17,134.884232
2022-11-18,135.709335
2022-11-21,135.468262
2022-11-22,136.960922
2022-11-23,136.933075
2022-11-25,137.313202
2022-11-28,134.587509
2022-11-29,135.366272
2022-11-30,138.546265
2022-12-01,137.980713
2022-12-02,138.731659
2022-12-05,134.995438
2022-12-06,133.604813
2022-12-07,132.955826
2022-12-08,133.780960
2022-12-09,132.334671
2022-12-12,133.521362
2022-12-13,133.979584
2022-12-14,133.149017
2022-12-15,130.134781
2022-12-16,129.061569
2022-12-19,127.773750
2022-12-20,128.203064
2022-12-21,130.097458
2022-12-22,128.716309
2022-12-23,129.518875
2022-12-27,129.014969
2022-12-28,126.961899
2022-12-29,129.929474
2022-12-30,129.406876
2023-01-03,129.014969
2023-01-04,130.815979
2023-01-05,129.565521
2023-01-06,132.439758
2023-01-09,132.225159
2023-01-10,133.876923
2023-01-11,135.528671
2023-01-12,137.805695
2023-01-13,138.458923
2023-01-17,138.113632
2023-01-18,135.724670
2023-01-19,134.726135
2023-01-20,136.900482
2023-01-23,138.132294
2023-01-24,138.001663
2023-01-25,138.468277
2023-01-26,139.149506
2023-01-27,139.998718
2023-01-30,138.468277
2023-01-31,141.911804
2023-02-01,143.600891
2023-02-02,146.475128
2023-02-03,145.915207
2023-02-06,143.880814
2023-02-07,144.636734
2023-02-08,142.602310
2023-02-09,140.455963
2023-02-10,140.829254
2023-02-13,142.443665
2023-02-14,142.061081
2023-02-15,143.376892
2023-02-16,142.275726
2023-02-17,142.639633
2023-02-21,138.682877
2023-02-22,139.037537
2023-02-23,139.737411
2023-02-24,138.337616
2023-02-27,138.738876
2023-02-28,138.673553
2023-03-01,138.384277
2023-03-02,138.645584
2023-03-03,140.381302
2023-03-06,138.169632
2023-03-07,136.396561
2023-03-08,136.527222
2023-03-09,132.318451
2023-03-10,128.818939
2023-03-13,125.888725
2023-03-14,127.979080
2023-03-15,125.982033
2023-03-16,127.615105
2023-03-17,123.779686
2023-03-20,125.020844
2023-03-21,127.596481
2023-03-22,123.695679
2023-03-23,122.688148
2023-03-24,124.085976
2023-03-27,125.418106
2023-03-28,125.418106
2023-03-29,126.656441
2023-03-30,126.281181
2023-03-31,128.542038
2023-04-03,128.382584
2023-04-04,125.905914
2023-04-05,125.127274
2023-04-06,125.408714
2023-04-10,126.506317
2023-04-11,127.388161
2023-04-12,126.478149
2023-04-13,127.932289
2023-04-14,126.590782
2023-04-17,128.138657
2023-04-18,127.284958
2023-04-19,127.875984
2023-04-20,126.965988
2023-04-21,126.806526
2023-04-24,126.609528
2023-04-25,123.551231
2023-04-26,122.359802
2023-04-27,124.226662
2023-04-28,125.296120
2023-05-01,125.052238
2023-05-02,122.162781
2023-05-03,122.350433
2023-05-04,120.952591
2023-05-05,123.935875
2023-05-08,123.494934
2023-05-09,123.054024
2023-05-10,123.363609
2023-05-11,122.575569
2023-05-12,122.359802
2023-05-15,123.785751
2023-05-16,121.825081
2023-05-17,125.258629
2023-05-18,125.830864
2023-05-19,124.808319
2023-05-22,126.403152
2023-05-23,126.440666
2023-05-24,124.752007
2023-05-25,123.691940
2023-05-26,124.892738
2023-05-30,124.611336
2023-05-31,123.016479
2023-06-01,124.198540
2023-06-02,129.273819
2023-06-05,127.191170
2023-06-06,131.028091
2023-06-07,134.126587
2023-06-08,133.250183
2023-06-09,132.091095
2023-06-12,132.392639
2023-06-13,133.872162
2023-06-14,132.345490
2023-06-15,133.457489
2023-06-16,132.458633
2023-06-20,131.601044
2023-06-21,131.120453
2023-06-22,129.716309
2023-06-23,127.963531
2023-06-26,128.481796
2023-06-27,130.423080
2023-06-28,130.818924
2023-06-29,132.637665
2023-06-30,132.684769
2023-07-03,133.796738
2023-07-05,132.223007
2023-07-06,129.876526
2023-07-07,131.751831
2023-07-10,133.570602
2023-07-11,135.012421
2023-07-12,136.727509
2023-07-13,137.688705
2023-07-14,135.983047
2023-07-17,137.151611
2023-07-18,139.319000
2023-07-19,140.694885
2023-07-20,139.714798
2023-07-21,139.121124
2023-07-24,139.978668
2023-07-25,139.535751
2023-07-26,141.297974
2023-07-27,139.413239
2023-07-28,141.194290
2023-07-31,142.523056
2023-08-01,142.061295
2023-08-02,140.496948
2023-08-03,140.280243
2023-08-04,140.346176
2023-08-07,140.892746
2023-08-08,140.261398
2023-08-09,139.507477
2023-08-10,138.546265
2023-08-11,138.857254
2023-08-14,138.112778
2023-08-15,135.954788
2023-08-16,134.409286
2023-08-17,133.485809
2023-08-18,133.938110
2023-08-21,133.316132
2023-08-22,132.402069
2023-08-23,133.768494
2023-08-24,132.468033
2023-08-25,132.656509
2023-08-28,134.013504
2023-08-29,135.700363
2023-08-30,135.907654
2023-08-31,135.719193
2023-09-01,137.566223
2023-09-05,134.362167
2023-09-06,133.551743
2023-09-07,132.439728
2023-09-08,132.392639
2023-09-11,132.637665
2023-09-12,132.826126
2023-09-13,131.912033
2023-09-14,134.173706
2023-09-15,132.873260
2023-09-18,131.836639
2023-09-19,131.478546
2023-09-20,130.300598
2023-09-21,128.510117
2023-09-22,127.972946
2023-09-25,128.868195
2023-09-26,126.961876
2023-09-27,128.091034
2023-09-28,129.182266
2023-09-29,128.622482
2023-10-02,126.297646
2023-10-03,124.333427
2023-10-04,124.295494
2023-10-05,124.608635
2023-10-06,125.348763
2023-10-09,126.316628
2023-10-10,127.664055
2023-10-11,127.910759
2023-10-12,125.472115
2023-10-13,124.456818
2023-10-16,126.297646
2023-10-17,127.844322
2023-10-18,125.187454
2023-10-19,123.403526
2023-10-20,121.856834
2023-10-23,120.765594
2023-10-24,121.306473
2023-10-25,119.883125
2023-10-26,120.708672
2023-10-27,119.095551
2023-10-30,119.978027
2023-10-31,120.888962
2023-11-01,121.742966
2023-11-02,125.690346
2023-11-03,129.087387
2023-11-06,127.369904
2023-11-07,126.345078
2023-11-08,125.007141
2023-11-09,123.128326
2023-11-10,124.124687
2023-11-13,124.124687
2023-11-14,131.137024
2023-11-15,131.573502
2023-11-16,129.324585
2023-11-17,131.288834
2023-11-20,131.649399
2023-11-21,129.931900
2023-11-22,130.747971
2023-11-24,131.440659
2023-11-27,131.004150
2023-11-28,130.681519
2023-11-29,131.402695
2023-11-30,131.867661
2023-12-01,136.175613
2023-12-04,137.693848
2023-12-05,135.644241
2023-12-06,135.388031
2023-12-07,136.811371
2023-12-08,137.665390
2023-12-11,137.684402
2023-12-12,137.086563
2023-12-13,142.457321
2023-12-14,146.509048
2023-12-15,145.209061
2023-12-18,145.047760
2023-12-19,148.065277
2023-12-20,145.476959
2023-12-21,147.843842
2023-12-22,148.912750
2023-12-26,150.897873
2023-12-27,150.983780
2023-12-28,150.525650
2023-12-29,148.244705
2024-01-02,147.748383
2024-01-03,144.016754
2024-01-04,143.673157
2024-01-05,143.348679
2024-01-08,145.381516
2024-01-09,143.539536
2024-01-10,143.759048
2024-01-11,142.632904
2024-01-12,142.480194
2024-01-16,140.170593
2024-01-17,138.968033
2024-01-18,140.084671
2024-01-19,141.592606
2024-01-22,144.493942
2024-01-23,143.701828
2024-01-24,142.652008
2024-01-25,144.083557
2024-01-26,144.350800
2024-01-29,146.221359
2024-01-30,145.314713
2024-01-31,141.382660
2024-02-01,142.690155
2024-02-02,141.497162
2024-02-05,139.368881
2024-02-06,140.409149
2024-02-07,139.941528
2024-02-08,141.783478
2024-02-09,143.472763
2024-02-12,146.383621
2024-02-13,140.304199
2024-02-14,143.081451
2024-02-15,146.994446
2024-02-16,145.381516
2024-02-20,143.654114
2024-02-21,143.568176
2024-02-22,143.615891
2024-02-23,143.930847
2024-02-26,144.264908
2024-02-27,145.725113
2024-02-28,144.713455
2024-02-29,146.020966
2024-03-01,147.070770
2024-03-04,146.116394
2024-03-05,145.772827
2024-03-06,146.412262
2024-03-07,147.481186
2024-03-08,147.700684
2024-03-11,147.013504
2024-03-12,146.345459
2024-03-13,146.679474
2024-03-14,143.940414
2024-03-15,144.713455
2024-03-18,143.959503
2024-03-19,145.171570
2024-03-20,148.359207
2024-03-21,150.176285
2024-03-22,147.915726
2024-03-25,148.097717
2024-03-26,147.542130
2024-03-27,151.201233
2024-03-28,152.120789
2024-04-01,150.454086
2024-04-02,147.906143
2024-04-03,148.863998
2024-04-04,147.676224
2024-04-05,148.279678
2024-04-08,149.103470
2024-04-09,149.869781
2024-04-10,145.195328
2024-04-11,146.162781
2024-04-12,144.045883
2024-04-15,142.340866
2024-04-16,141.095596
2024-04-17,139.879089
2024-04-18,140.166489
2024-04-19,141.555374
2024-04-22,143.212509
2024-04-23,145.348587
2024-04-24,144.907959
2024-04-25,143.854294
2024-04-26,144.773865
2024-04-29,145.645523
2024-04-30,142.762314
2024-05-01,143.509445
2024-05-02,146.440598
2024-05-03,147.714554
2024-05-06,149.093887
2024-05-07,149.074753
2024-05-08,148.825668
2024-05-09,150.530701
2024-05-10,149.611160
2024-05-13,149.716537
2024-05-14,151.162888
2024-05-15,152.235703
2024-05-16,151.699310
2024-05-17,152.024994
2024-05-20,151.526901
2024-05-21,151.459854
2024-05-22,150.176285
2024-05-23,147.398453
2024-05-24,148.634109
2024-05-28,148.107285
2024-05-29,145.760498
2024-05-30,147.590012
2024-05-31,149.314194
2024-06-03,148.461700
2024-06-04,146.248993
2024-06-05,147.839081
2024-06-06,147.024887
2024-06-07,145.425232
2024-06-10,145.415649
2024-06-11,144.771957
2024-06-12,146.927155
2024-06-13,145.378098
2024-06-14,143.145996
2024-06-17,144.271652
2024-06-18,144.262024
2024-06-20,143.944534
2024-06-21,144.165817
2024-06-24,145.387741
2024-06-25,144.406357
2024-06-26,144.233170
2024-06-27,145.147202
2024-06-28,146.532684
2024-07-01,145.214569
2024-07-02,145.782211
2024-07-03,145.724472
2024-07-05,144.367889
2024-07-08,145.426208
2024-07-09,144.887436
2024-07-10,146.676987
2024-07-11,152.497910
2024-07-12,153.902588
2024-07-15,156.692780
2024-07-16,162.523315
2024-07-17,162.455963
2024-07-18,159.454102
2024-07-19,158.520798
2024-07-22,160.878067
2024-07-23,162.783066
2024-07-24,159.848602
2024-07-25,162.176941
2024-07-26,164.851654
2024-07-29,163.042847
2024-07-30,163.966492
2024-07-31,164.726593
2024-08-01,159.636902
2024-08-02,154.171997
2024-08-05,148.610886
2024-08-06,150.054077
2024-08-07,148.832169
2024-08-08,151.728195
2024-08-09,150.987335
2024-08-12,149.332489
2024-08-13,151.757050
2024-08-14,150.881516
2024-08-15,154.672302
2024-08-16,155.432404
2024-08-19,157.202713
2024-08-20,155.211105
2024-08-21,156.827484
2024-08-22,155.855728
2024-08-23,161.224426
2024-08-26,161.436096
2024-08-27,159.992859
2024-08-28,159.531082
2024-08-29,160.512466
2024-08-30,161.378357
2024-09-03,157.000656
2024-09-04,156.519608
2024-09-05,155.749908
2024-09-06,153.257980
2024-09-09,153.027069
2024-09-10,153.036697
2024-09-11,152.834656
2024-09-12,154.643433
2024-09-13,158.597809
2024-09-16,159.588791
2024-09-17,160.772247
2024-09-18,160.983902
2024-09-19,163.937622
2024-09-20,161.570770
2024-09-23,161.166687
2024-09-24,161.185928
2024-09-25,158.876495
2024-09-26,159.833923
2024-09-27,160.897751
2024-09-30,161.332947
2024-10-01,158.973221
2024-10-02,158.470291
2024-10-03,157.638596
2024-10-04,159.621170
2024-10-07,158.431656
2024-10-08,158.035110
2024-10-09,158.615356
2024-10-10,157.783661
2024-10-11,160.849396
2024-10-14,161.864853
2024-10-15,162.154984
2024-10-16,165.046661
2024-10-17,164.804886
2024-10-18,164.698471
2024-10-21,161.245926
2024-10-22,160.772034
2024-10-23,159.872604
2024-10-24,160.336807
2024-10-25,159.253647
2024-10-28,161.980927
2024-10-29,161.265244
2024-10-30,161.400650
2024-10-31,158.953842
2024-11-01,158.973221
2024-11-04,159.659851
2024-11-05,162.648209
2024-11-06,172.793182
2024-11-07,170.984695
2024-11-08,171.951767
2024-11-11,174.814423
2024-11-12,171.739029
2024-11-13,170.210983
2024-11-14,168.586258
2024-11-15,166.845459
2024-11-18,167.067886
2024-11-19,167.251648
2024-11-20,167.193634
2024-11-21,169.495331
2024-11-22,172.677109
2024-11-25,175.385025
2024-11-26,173.837646
2024-11-27,174.214813
2024-11-29,174.398590
2024-12-02,174.495285
2024-12-03,172.889877
2024-12-04,173.112320
2024-12-05,171.361847
2024-12-06,171.448883
2024-12-09,171.352173
2024-12-10,170.945999
2024-12-11,171.661636
2024-12-12,169.601730
2024-12-13,168.479874
2024-12-16,168.818359
2024-12-17,166.542206
2024-12-18,159.204468
2024-12-19,158.115967
2024-12-20,159.496017
2024-12-23,159.253067
2024-12-24,160.681763
2024-12-26,162.022949
2024-12-27,159.777908
2024-12-30,159.097549
2024-12-31,159.554337
2025-01-02,159.311386
2025-01-03,161.051071
2025-01-06,160.652618
2025-01-07,159.593231
2025-01-08,158.990646
2025-01-10,155.453003
2025-01-13,156.230499
2025-01-14,158.621368
2025-01-15,161.702225
2025-01-16,161.614746
2025-01-17,162.256195
2025-01-21,164.637299
2025-01-22,163.043427
2025-01-23,163.471039
2025-01-24,163.548798
2025-01-27,163.888977
2025-01-28,163.237808
2025-01-29,162.576904
2025-01-30,164.277725
2025-01-31,162.761566
2025-02-03,160.545685
2025-02-04,162.742126
2025-02-05,164.374924
2025-02-06,164.306854
2025-02-07,162.392258
2025-02-10,162.907333
2025-02-11,163.198929
2025-02-12,161.177399
2025-02-13,162.790741
2025-02-14,162.771286
2025-02-18,163.441895
2025-02-19,162.615799
2025-02-20,161.255157
2025-02-21,157.668915
2025-02-24,156.842804
2025-02-25,157.008011
2025-02-26,156.745605
2025-02-27,155.278061
2025-02-28,156.570679
2025-03-03,153.285690
2025-03-04,151.030930
2025-03-05,152.255508
2025-03-06,150.603302
2025-03-07,151.137833
2025-03-10,147.279434
2025-03-11,147.007309
2025-03-12,147.065643
2025-03-13,145.073273
2025-03-14,148.455414
2025-03-17,150.020172
2025-03-18,149.277191
2025-03-19,151.158997
2025-03-20,150.408218
2025-03-21,149.286942
2025-03-24,152.455795
2025-03-25,151.383255
2025-03-26,150.720245
2025-03-27,150.495972
2025-03-28,147.444138
2025-03-31,147.210129
2025-04-01,147.190628
2025-04-02,149.121185
2025-04-03,139.361130
2025-04-04,133.676727
2025-04-07,131.775375
2025-04-08,128.548050
2025-04-09,138.259338
2025-04-10,132.584641
2025-04-11,133.920441
2025-04-14,135.421997
2025-04-15,135.851013
2025-04-16,135.285492
2025-04-17,136.572556
2025-04-21,134.339706
2025-04-22,137.732819
2025-04-23,139.127121
2025-04-24,141.311172
2025-04-25,141.038177
2025-04-28,141.671967
2025-04-29,142.247208
2025-04-30,141.184448
2025-05-01,141.954727
2025-05-02,144.938293
2025-05-05,143.748764
2025-05-06,142.646973
2025-05-07,142.988235
2025-05-08,145.386810
2025-05-09,145.513580
2025-05-12,150.125458
2025-05-13,150.476486
2025-05-14,149.043167
2025-05-15,150.193695
2025-05-16,151.090744
2025-05-19,150.417984
2025-05-20,150.291229
2025-05-21,145.893829
2025-05-22,145.640305
2025-05-23,145.191818
2025-05-27,148.896927
2025-05-28,147.141861
2025-05-29,147.960922
2025-05-30,147.063858
2025-06-02,146.946854
2025-06-03,149.189423
2025-06-04,148.526413
2025-06-05,148.419159
2025-06-06,150.720245
2025-06-09,151.997528
2025-06-10,153.391830
2025-06-11,152.719055
2025-06-12,152.299789
2025-06-13,149.637955
2025-06-16,151.029739
2025-06-17,149.540985
2025-06-18,150.353912
2025-06-20,150.040512
2025-06-23,152.244232
2025-06-24,153.556686
2025-06-25,151.940628
2025-06-26,154.399017
2025-06-27,154.447998
2025-06-30,154.516541
2025-07-01,157.738907
2025-07-02,160.393204
2025-07-03,161.558731
2025-07-07,159.070938
2025-07-08,160.530289
2025-07-09,161.764435
2025-07-10,163.253174
2025-07-11,161.568527
2025-07-14,162.028824
2025-07-15,158.160065
2025-07-16,159.178665
2025-07-17,160.951477
2025-07-18,159.981812
2025-07-21,159.952454
2025-07-22,162.332489
2025-07-23,164.330536
2025-07-24,161.970078
2025-07-25,162.214935
2025-07-28,161.989670
2025-07-29,160.912292
2025-07-30,158.855484
2025-07-31,157.092484
2025-08-01,153.870117
2025-08-04,156.553787
2025-08-05,157.680130
2025-08-06,157.787903
2025-08-07,157.454865
2025-08-08,157.758514
2025-08-11,157.533218
2025-08-12,162.518570
2025-08-13,166.132721
2025-08-14,164.310944
2025-08-15,163.184586
2025-08-18,163.703705
2025-08-19,163.635147
2025-08-20,162.920151
2025-08-21,162.910370
2025-08-22,169.932938
2025-08-25,168.561722
2025-08-26,169.511795
2025-08-27,170.941772
2025-08-28,170.501022
2025-08-29,170.491211
2025-09-02,169.590134
2025-09-03,169.453018
2025-09-04,171.607803
2025-09-05,172.381561
2025-09-08,172.332565
2025-09-09,171.118073
2025-09-10,171.059296
2025-09-11,173.831100
2025-09-12,171.940796
2025-09-15,172.606827
2025-09-16,172.190598
2025-09-17,172.269318
2025-09-18,176.077423
2025-09-19,174.070023
2025-09-22,174.621094
2025-09-23,174.512833
2025-09-24,174.030670
2025-09-25,172.298828
2025-09-26,173.833878
2025-09-29,173.735474
2025-09-30,173.981461
2025-10-01,174.709625
2025-10-02,175.191788
2025-10-03,176.569397
2025-10-06,176.923630
2025-10-07,174.926117
2025-10-08,176.264359
2025-10-09,174.847397
2025-10-10,169.582962
2025-10-13,173.272995
2025-10-14,176.628418
2025-10-15,177.947006
2025-10-16,174.001144
2025-10-17,173.705948
2025-10-20,177.228668
2025-10-21,176.470978
2025-10-22,174.867065
2025-10-23,176.441483
2025-10-24,178.606277
2025-10-27,178.360275
2025-10-28,177.405807
2025-10-29,175.152435
2025-10-30,173.912567
2025-10-31,174.296356
2025-11-03,174.355392
2025-11-04,172.052841
2025-11-05,174.119232
2025-11-06,171.767471
2025-11-07,172.977783
2025-11-10,174.316010
2025-11-11,174.985153
2025-11-12,174.847397
2025-11-13,171.619873
2025-11-14,171.875702
2025-11-17,168.166000
2025-11-18,168.953217
2025-11-19,168.461212
2025-11-20,166.148819
2025-11-21,171.068832
2025-11-24,173.125397
2025-11-25,177.268021
2025-11-26,178.625946
2025-11-28,179.314758
2025-12-01,178.133942
2025-12-02,177.405807
2025-12-03,180.692368
2025-12-04,181.026932
2025-12-05,180.830139
2025-12-08,180.584122
2025-12-09,181.164703
2025-12-10,184.677551
2025-12-11,186.419266
2025-12-12,184.431580
2025-12-15,183.683731
2025-12-16,182.502090
2025-12-17,181.749939
2025-12-18,182.511978
2025-12-19,182.541656
2025-12-22,183.808411
2025-12-23,182.700012
2025-12-24,183.224533
2025-12-26,182.610962
2025-12-29,181.779617
2025-12-30,180.760284
2025-12-31,179.335190
2026-01-02,180.978012
2026-01-05,183.274017
2026-01-06,186.005463
2026-01-07,185.381973
2026-01-08,188.004562
2026-01-09,189.142654
2026-01-12,189.627579
2026-01-13,189.875000
2026-01-14,191.705872
2026-01-15,193.447662
2026-01-16,193.348679
2026-01-20,190.815170
2026-01-21,195.565521
2026-01-22,196.941147
2026-01-23,193.596100
2026-01-26,192.893448
2026-01-27,193.635696
2026-01-28,192.547073
2026-01-29,193.833633
2026-01-30,191.874115
2026-02-02,193.863312
2026-02-03,195.506149
2026-02-04,195.773361
2026-02-05,192.804382
2026-02-06,198.237579
2026-02-09,198.870956
2026-02-10,198.742325
2026-02-11,198.475098
2026-02-12,195.130066
2026-02-13,197.901108
2026-02-17,197.594315
2026-02-18,197.683380
2026-02-19,198.188095
2026-02-20,198.841248
2026-02-23,195.238922
2026-02-24,196.802582
2026-02-25,197.693268
2026-02-26,198.742325
2026-02-27,195.506149
2026-03-02,196.891647
2026-03-03,194.031540
2026-03-04,196.060349
2026-03-05,192.319458
2026-03-06,188.440018
2026-03-09,189.360367
2026-03-10,189.083282
2026-03-11,188.519165
2026-03-12,185.273117
2026-03-13,184.728821
2026-03-16,186.193481
2026-03-17,187.094574
2026-03-18,184.256348
2026-03-19,185.288437
2026-03-20,182.063187
2026-03-23,185.913635
2026-03-24,187.541153
2026-03-25,189.744247
2026-03-26,187.868637
2026-03-27,185.070114
2026-03-30,183.412827
2026-03-31,188.146515
2026-04-01,189.307587
2026-04-02,190.726715
2026-04-06,191.421387
2026-04-07,191.987045
2026-04-08,196.919189
2026-04-09,198.189468
2026-04-10,197.822266
2026-04-13,199.320786
2026-04-14,200.551331
2026-04-15,200.392548
2026-04-16,200.720032
2026-04-17,204.878143
2026-04-20,206.009445
2026-04-21,203.806351
2026-04-22,204.659805
2026-04-23,204.977371
2026-04-24,205.384262
2026-04-27,206.217865
2026-04-28,205.285019
2026-04-29,202.585724
2026-04-30,206.168243
2026-05-01,206.644577
2026-05-04,204.987305
2026-05-05,208.014084
2026-05-06,211.140091
2026-05-07,208.500351
2026-05-08,210.018707
2026-05-11,209.591965
2026-05-12,208.043854
2026-05-13,207.646896
2026-05-14,208.381256
2026-05-15,204.401794
2026-05-18,204.510971
2026-05-19,202.675034
2026-05-20,207.051468
2026-05-21,208.192703
2026-05-22,209.701126
2026-05-26,213.055405
2026-05-27,213.184418
2026-05-28,213.720306
2026-05-29,212.241638
2026-06-01,211.120255
2026-06-02,213.363037
2026-06-03,210.574448
2026-06-04,213.402725
2026-06-05,207.845367
2026-06-08,209.641586
2026-06-09,210.554581
2026-06-10,209.314102
2026-06-11,214.166870
2026-06-12,216.667694
2026-06-15,216.423676
2026-06-16,215.328110
2026-06-17,212.828232
2026-06-18,215.995407
2026-06-22,217.110901
2026-06-23,216.672668
2026-06-24,217.708466
2026-06-25,219.222336
2026-06-26,220.537018
2026-06-29,220.387619
2026-06-30,220.307938
2026-07-01,220.815903
2026-07-02,220.437424
2026-07-06,220.845779
2026-07-07,219.292053
2026-07-08,216.802139
2026-07-09,218.614807
2026-07-10,219.082901
2026-07-13,218.893677
2026-07-14,218.714401
2026-07-15,220.397583
2026-07-16,223.275925
2026-07-17,221.443344
2026-07-20,219.959366
2026-07-21,222.011047
2026-07-22,221.154526
2026-07-23,219.690445
2026-07-24,220.527054
2026-07-27,221.264084
2026-07-28,223.206207
2026-07-29,220.706345
2026-07-30,220.895554
2026-07-31,220.347794
2026-08-03,223.544830
2026-08-04,226.054672
2026-08-05,224.172302
2026-08-06,222.927338
2026-08-07,224.610535
2026-08-10,223.385483
2026-08-11,224.062744
2026-08-12,225.018860
2026-08-13,225.855484
2026-08-14,226.512817
2026-08-17,225.546738
2026-08-18,223.544830
2026-08-19,224.700165
2026-08-20,222.907425
2026-08-21,223.903381
2026-08-24,223.156418
2026-08-25,223.734070
2026-08-26,223.435287
2026-08-27,223.833679
2026-08-28,222.240128
2026-08-31,220.905533
2026-09-01,219.053024
2026-09-02,222.140518
2026-09-03,222.817780
2026-09-04,223.714157
2026-09-08,221.861649
2026-09-09,219.590851
2026-09-10,218.086945
2026-09-11,218.804031
2026-09-14,218.565002
2026-09-15,217.679993
2026-09-16,215.860001
2026-09-17,216.729996
2026-09-18,215.580002
2026-09-21,215.949997
2026-09-22,216.690002
2026-09-23,213.320007
2026-09-24,213.119995
2026-09-25,213.490005
