date,adj_close
2002-07-30,36.223103
2002-07-31,36.444660
2002-08-01,36.801979
2002-08-02,36.877048
2002-08-05,36.787727
2002-08-06,36.662647
2002-08-07,36.766273
2002-08-08,36.659065
2002-08-09,36.805592
2002-08-12,36.855610
2002-08-13,37.159348
2002-08-14,37.173641
2002-08-15,37.062843
2002-08-16,36.884178
2002-08-19,37.091461
2002-08-20,37.488106
2002-08-21,37.538105
2002-08-22,37.484528
2002-08-23,37.591721
2002-08-26,37.631012
2002-08-27,37.538105
2002-08-28,37.609558
2002-08-29,37.748943
2002-08-30,37.770386
2002-09-03,37.949615
2002-09-04,38.089706
2002-09-05,38.197472
2002-09-06,37.938843
2002-09-09,37.963993
2002-09-10,38.125637
2002-09-11,38.075378
2002-09-12,38.272915
2002-09-13,38.337570
2002-09-16,38.488438
2002-09-17,38.517162
2002-09-18,38.470459
2002-09-19,38.470459
2002-09-20,38.488438
2002-09-23,38.369900
2002-09-24,38.362705
2002-09-25,38.283695
2002-09-26,38.326797
2002-09-27,38.632114
2002-09-30,38.560280
2002-10-01,38.533936
2002-10-02,38.523113
2002-10-03,38.505093
2002-10-04,38.414928
2002-10-07,38.234577
2002-10-08,37.877434
2002-10-09,37.736755
2002-10-10,37.729549
2002-10-11,37.837807
2002-10-14,37.906319
2002-10-15,37.459030
2002-10-16,37.368874
2002-10-17,37.087505
2002-10-18,37.184906
2002-10-21,36.964874
2002-10-22,37.116364
2002-10-23,37.188522
2002-10-24,37.329182
2002-10-25,37.585293
2002-10-28,37.689892
2002-10-29,37.909897
2002-10-30,37.917145
2002-10-31,38.324699
2002-11-01,38.051826
2002-11-04,38.131504
2002-11-05,38.091648
2002-11-06,38.207645
2002-11-07,38.747719
2002-11-08,38.798450
2002-11-11,38.903568
2002-11-12,38.580986
2002-11-13,38.729599
2002-11-14,38.472256
2002-11-15,38.693356
2002-11-18,38.961586
2002-11-19,38.889088
2002-11-20,38.762245
2002-11-21,38.762245
2002-11-22,38.602734
2002-11-25,38.599121
2002-11-26,38.816616
2002-11-27,38.599121
2002-11-29,38.599121
2002-12-02,38.662819
2002-12-03,38.731964
2002-12-04,38.731964
2002-12-05,38.819309
2002-12-06,38.841194
2002-12-09,38.841194
2002-12-10,38.913998
2002-12-11,39.077808
2002-12-12,39.077808
2002-12-13,38.877583
2002-12-16,38.859394
2002-12-17,39.004990
2002-12-18,39.201576
2002-12-19,39.452705
2002-12-20,39.463699
2002-12-23,39.470959
2002-12-24,39.554638
2002-12-26,39.685726
2002-12-27,39.915070
2002-12-30,40.035179
2002-12-31,40.115292
2003-01-02,39.252174
2003-01-03,39.475269
2003-01-06,39.456982
2003-01-07,39.606903
2003-01-08,39.647156
2003-01-09,39.329033
2003-01-10,39.431377
2003-01-13,39.387505
2003-01-14,39.497219
2003-01-15,39.497219
2003-01-16,39.405811
2003-01-17,39.588680
2003-01-21,39.614235
2003-01-22,39.694695
2003-01-23,39.712990
2003-01-24,39.892193
2003-01-27,39.658123
2003-01-28,39.778805
2003-01-29,39.544758
2003-01-30,39.680080
2003-01-31,39.789795
2003-02-03,39.828339
2003-02-04,39.905460
2003-02-05,39.846714
2003-02-06,39.916508
2003-02-07,40.004635
2003-02-10,39.758579
2003-02-11,39.905460
2003-02-12,39.850422
2003-02-13,39.850422
2003-02-14,39.832016
2003-02-18,39.956886
2003-02-19,40.085442
2003-02-20,40.188240
2003-02-21,40.078087
2003-02-24,40.210289
2003-02-25,40.283764
2003-02-26,40.393925
2003-02-27,40.562824
2003-02-28,40.577518
2003-03-03,40.810902
2003-03-04,40.833015
2003-03-05,40.810902
2003-03-06,40.740871
2003-03-07,40.751923
2003-03-10,40.866199
2003-03-11,40.774033
2003-03-12,40.700298
2003-03-13,40.442230
2003-03-14,40.394302
2003-03-17,40.184162
2003-03-18,40.025639
2003-03-19,39.815498
2003-03-20,39.885567
2003-03-21,39.682800
2003-03-24,39.999832
2003-03-25,40.044086
2003-03-26,40.221027
2003-03-27,40.276318
2003-03-28,40.438572
2003-03-31,40.626568
2003-04-01,40.845909
2003-04-02,40.727119
2003-04-03,40.730854
2003-04-04,40.630688
2003-04-07,40.556416
2003-04-08,40.704853
2003-04-09,40.838493
2003-04-10,40.690018
2003-04-11,40.545265
2003-04-14,40.567539
2003-04-15,40.641750
2003-04-16,40.916405
2003-04-17,40.831055
2003-04-21,40.916405
2003-04-22,40.934956
2003-04-23,41.172485
2003-04-24,41.413757
2003-04-25,41.417439
2003-04-28,41.439674
2003-04-29,41.291294
2003-04-30,41.584431
2003-05-01,41.817425
2003-05-02,41.675293
2003-05-05,41.862289
2003-05-06,42.082912
2003-05-07,42.363323
2003-05-08,42.367077
2003-05-09,42.292305
2003-05-12,42.438122
2003-05-13,42.441891
2003-05-14,42.628838
2003-05-15,42.613892
2003-05-16,42.898090
2003-05-19,42.722374
2003-05-20,42.853203
2003-05-21,42.853203
2003-05-22,43.141159
2003-05-23,43.200974
2003-05-27,43.051407
2003-05-28,42.879391
2003-05-29,43.189754
2003-05-30,43.208466
2003-06-02,43.025192
2003-06-03,43.420284
2003-06-04,43.476761
2003-06-05,43.405254
2003-06-06,43.476761
2003-06-09,43.570793
2003-06-10,43.909420
2003-06-11,43.860504
2003-06-12,44.018539
2003-06-13,44.202908
2003-06-16,44.041142
2003-06-17,43.901917
2003-06-18,43.495552
2003-06-19,43.570793
2003-06-20,43.363834
2003-06-23,43.582062
2003-06-24,43.646072
2003-06-25,43.424042
2003-06-26,43.044003
2003-06-27,42.931179
2003-06-30,43.130592
2003-07-01,42.897068
2003-07-02,43.048450
2003-07-03,42.783531
2003-07-07,42.575352
2003-07-08,42.613213
2003-07-09,42.764595
2003-07-10,42.851601
2003-07-11,42.904644
2003-07-14,42.791088
2003-07-15,42.302910
2003-07-16,42.287785
2003-07-17,42.090992
2003-07-18,42.268879
2003-07-21,41.757938
2003-07-22,41.723850
2003-07-23,42.000130
2003-07-24,41.818478
2003-07-25,41.723850
2003-07-28,41.307583
2003-07-29,40.929115
2003-07-30,41.137287
2003-07-31,40.626377
2003-08-01,40.747139
2003-08-04,40.987171
2003-08-05,40.800465
2003-08-06,40.956665
2003-08-07,41.181465
2003-08-08,41.204342
2003-08-11,41.044296
2003-08-12,40.998619
2003-08-13,40.537575
2003-08-14,40.590935
2003-08-15,40.670975
2003-08-18,40.804283
2003-08-19,41.166241
2003-08-20,41.040504
2003-08-21,40.842373
2003-08-22,41.040504
2003-08-25,40.857624
2003-08-26,40.937618
2003-08-27,40.930046
2003-08-28,41.231018
2003-08-29,41.215752
2003-09-02,41.117584
2003-09-03,41.236530
2003-09-04,41.378441
2003-09-05,41.693092
2003-09-08,41.539604
2003-09-09,41.670097
2003-09-10,42.003887
2003-09-11,41.785210
2003-09-12,42.092155
2003-09-15,42.107479
2003-09-16,42.199581
2003-09-17,42.456676
2003-09-18,42.399109
2003-09-19,42.441307
2003-09-22,42.284027
2003-09-23,42.345394
2003-09-24,42.506565
2003-09-25,42.652355
2003-09-26,42.917091
2003-09-29,42.801971
2003-09-30,43.085915
2003-10-01,43.209904
2003-10-02,43.043846
2003-10-03,42.445210
2003-10-06,42.487679
2003-10-07,42.344807
2003-10-08,42.499271
2003-10-09,42.352535
2003-10-10,42.561092
2003-10-13,42.534042
2003-10-14,42.360264
2003-10-15,42.364086
2003-10-16,42.228939
2003-10-17,42.460629
2003-10-20,42.499271
2003-10-21,42.514709
2003-10-22,42.638340
2003-10-23,42.406590
2003-10-24,42.715565
2003-10-27,42.618996
2003-10-28,42.900932
2003-10-29,42.599697
2003-10-30,42.541740
2003-10-31,42.541740
2003-11-03,42.563877
2003-11-04,42.629768
2003-11-05,42.331196
2003-11-06,42.098610
2003-11-07,42.180000
2003-11-10,42.055939
2003-11-11,42.238167
2003-11-12,42.261421
2003-11-13,42.660770
2003-11-14,42.893444
2003-11-17,42.974823
2003-11-18,43.164795
2003-11-19,42.784878
2003-11-20,42.990334
2003-11-21,43.133804
2003-11-24,42.843006
2003-11-25,42.978687
2003-11-26,42.885677
2003-11-28,42.672417
2003-12-01,42.583683
2003-12-02,42.700443
2003-12-03,42.626457
2003-12-04,42.661533
2003-12-05,43.105282
2003-12-08,42.782188
2003-12-09,42.645954
2003-12-10,42.743298
2003-12-11,42.937897
2003-12-12,43.054688
2003-12-15,42.957413
2003-12-16,43.601944
2003-12-17,43.700485
2003-12-18,43.952778
2003-12-19,43.980423
2003-12-22,43.897629
2003-12-23,43.645306
2003-12-24,43.905479
2003-12-26,43.917324
2003-12-29,43.830608
2003-12-30,43.661079
2003-12-31,43.769947
2004-01-02,43.457218
2004-01-05,43.504704
2004-01-06,43.896622
2004-01-07,43.932247
2004-01-08,44.003510
2004-01-09,44.359749
2004-01-12,44.434967
2004-01-13,44.553719
2004-01-14,44.648727
2004-01-15,44.850620
2004-01-16,44.652702
2004-01-20,44.561630
2004-01-21,44.664558
2004-01-22,44.890213
2004-01-23,44.533958
2004-01-26,44.288525
2004-01-27,44.557678
2004-01-28,44.205372
2004-01-29,44.197479
2004-01-30,44.304314
2004-02-02,44.292427
2004-02-03,44.383842
2004-02-04,44.348083
2004-02-05,44.272575
2004-02-06,44.403706
2004-02-09,44.590488
2004-02-10,44.459354
2004-02-11,44.729584
2004-02-12,44.650089
2004-02-13,44.904469
2004-02-17,44.773335
2004-02-18,44.669979
2004-02-19,44.828922
2004-02-20,44.610363
2004-02-23,44.733540
2004-02-24,44.777275
2004-02-25,44.809086
2004-02-26,44.840828
2004-02-27,44.972012
2004-03-01,44.958015
2004-03-02,44.870274
2004-03-03,44.850323
2004-03-04,44.922115
2004-03-05,45.400871
2004-03-08,45.528553
2004-03-09,45.620323
2004-03-10,45.767941
2004-03-11,45.572441
2004-03-12,45.520580
2004-03-15,45.572441
2004-03-16,45.779903
2004-03-17,45.803799
2004-03-18,45.612335
2004-03-19,45.540516
2004-03-22,45.716068
2004-03-23,45.799831
2004-03-24,45.755939
2004-03-25,45.632267
2004-03-26,45.293159
2004-03-29,45.364964
2004-03-30,45.253273
2004-03-31,45.416832
2004-04-01,45.397213
2004-04-02,44.688412
2004-04-05,44.464119
2004-04-06,44.672379
2004-04-07,44.684372
2004-04-08,44.728466
2004-04-12,44.456127
2004-04-13,44.175793
2004-04-14,44.115746
2004-04-15,43.931496
2004-04-16,44.183796
2004-04-19,44.103695
2004-04-20,43.815357
2004-04-21,43.851410
2004-04-22,44.091671
2004-04-23,43.903458
2004-04-26,43.907475
2004-04-27,44.115746
2004-04-28,43.847382
2004-04-29,43.651188
2004-04-30,43.651188
2004-05-03,43.708260
2004-05-04,43.563511
2004-05-05,43.499214
2004-05-06,43.302162
2004-05-07,42.739269
2004-05-10,42.421665
2004-05-11,42.506092
2004-05-12,42.522179
2004-05-13,42.297039
2004-05-14,42.554348
2004-05-17,42.759399
2004-05-18,42.819736
2004-05-19,42.678963
2004-05-20,42.916191
2004-05-21,42.880020
2004-05-24,43.052891
2004-05-25,43.097141
2004-05-26,43.290100
2004-05-27,43.487133
2004-05-28,43.422844
2004-06-01,43.191074
2004-06-02,43.078053
2004-06-03,43.191074
2004-06-04,43.037666
2004-06-07,43.094189
2004-06-08,43.098259
2004-06-09,42.908501
2004-06-10,42.932701
2004-06-14,42.714722
2004-06-15,43.199173
2004-06-16,43.203209
2004-06-17,43.287960
2004-06-18,43.235474
2004-06-21,43.312191
2004-06-22,43.251633
2004-06-23,43.223400
2004-06-24,43.364643
2004-06-25,43.396950
2004-06-28,43.094189
2004-06-29,43.396950
2004-06-30,43.477676
2004-07-01,43.694981
2004-07-02,43.998951
2004-07-06,43.897617
2004-07-07,43.934120
2004-07-08,43.958420
2004-07-09,43.974625
2004-07-12,44.063816
2004-07-13,43.978676
2004-07-14,43.998951
2004-07-15,43.909813
2004-07-16,44.335430
2004-07-19,44.363743
2004-07-20,44.059772
2004-07-21,44.051678
2004-07-22,43.950302
2004-07-23,44.140835
2004-07-26,44.116493
2004-07-27,43.808468
2004-07-28,43.678749
2004-07-29,43.844929
2004-07-30,44.157005
2004-08-02,44.247795
2004-08-03,44.198917
2004-08-04,44.316982
2004-08-05,44.398346
2004-08-06,44.797153
2004-08-09,44.805340
2004-08-10,44.658802
2004-08-11,44.626247
2004-08-12,44.687298
2004-08-13,44.866344
2004-08-16,44.821571
2004-08-17,45.065784
2004-08-18,44.935562
2004-08-19,45.094288
2004-08-20,44.931499
2004-08-23,44.845993
2004-08-24,44.805340
2004-08-25,45.016945
2004-08-26,45.045395
2004-08-27,45.151203
2004-08-30,45.326199
2004-08-31,45.517448
2004-09-01,45.430450
2004-09-02,45.238449
2004-09-03,44.883011
2004-09-07,45.136284
2004-09-08,45.328327
2004-09-09,45.422295
2004-09-10,45.397781
2004-09-13,45.553024
2004-09-14,45.565296
2004-09-15,45.565296
2004-09-16,45.826744
2004-09-17,45.655170
2004-09-20,45.904377
2004-09-21,45.920750
2004-09-22,46.084122
2004-09-23,45.900307
2004-09-24,45.883900
2004-09-27,46.043278
2004-09-28,46.010616
2004-09-29,45.794098
2004-09-30,45.659233
2004-10-01,45.457085
2004-10-04,45.428341
2004-10-05,45.617031
2004-10-06,45.485722
2004-10-07,45.387333
2004-10-08,45.830250
2004-10-11,45.871258
2004-10-12,45.895870
2004-10-13,46.072220
2004-10-14,46.260860
2004-10-15,46.055798
2004-10-18,46.133762
2004-10-19,46.125534
2004-10-20,46.277267
2004-10-21,46.236282
2004-10-22,46.199368
2004-10-25,46.301891
2004-10-26,46.252655
2004-10-27,45.973808
2004-10-28,46.051720
2004-10-29,46.199368
2004-11-01,46.006275
2004-11-02,46.076241
2004-11-03,45.985710
2004-11-04,46.183342
2004-11-05,45.985710
2004-11-08,45.792221
2004-11-09,45.800438
2004-11-10,45.759277
2004-11-11,45.763371
2004-11-12,45.993942
2004-11-15,46.010391
2004-11-16,45.985710
2004-11-17,46.240932
2004-11-18,46.315029
2004-11-19,46.072151
2004-11-22,46.051579
2004-11-23,46.109222
2004-11-24,46.105068
2004-11-26,45.940422
2004-11-29,45.578136
2004-11-30,45.635757
2004-12-01,45.608490
2004-12-02,45.463840
2004-12-03,45.720032
2004-12-06,45.848209
2004-12-07,45.955601
2004-12-08,46.112682
2004-12-09,46.220116
2004-12-10,46.240799
2004-12-13,46.331715
2004-12-14,46.352383
2004-12-15,46.600376
2004-12-16,46.199478
2004-12-17,46.249039
2004-12-20,46.216000
2004-12-21,46.236614
2004-12-22,46.286228
2004-12-23,46.368900
2004-12-27,46.120922
2004-12-28,46.170490
2004-12-29,46.100273
2004-12-30,46.265560
2004-12-31,46.270561
2005-01-03,46.569275
2005-01-04,46.307911
2005-01-05,46.345264
2005-01-06,46.378445
2005-01-07,46.357689
2005-01-10,46.278854
2005-01-11,46.386711
2005-01-12,46.432339
2005-01-13,46.556824
2005-01-14,46.610771
2005-01-18,46.635654
2005-01-19,46.706181
2005-01-20,46.623222
2005-01-21,46.726917
2005-01-24,46.809895
2005-01-25,46.652279
2005-01-26,46.668839
2005-01-27,46.569275
2005-01-28,46.838955
2005-01-31,46.838955
2005-02-01,46.829380
2005-02-02,46.787716
2005-02-03,46.846027
2005-02-04,46.995953
2005-02-07,47.012585
2005-02-08,47.183311
2005-02-09,47.349934
2005-02-10,47.183311
2005-02-11,47.045918
2005-02-14,47.125053
2005-02-15,47.054237
2005-02-16,46.829380
2005-02-17,46.725235
2005-02-18,46.646145
2005-02-22,46.604492
2005-02-23,46.671108
2005-02-24,46.579468
2005-02-25,46.662777
2005-02-28,46.400410
2005-03-01,46.391628
2005-03-02,46.408398
2005-03-03,46.404194
2005-03-04,46.554695
2005-03-07,46.688480
2005-03-08,46.479427
2005-03-09,46.036289
2005-03-10,46.098991
2005-03-11,46.019585
2005-03-14,46.015373
2005-03-15,45.827271
2005-03-16,45.986141
2005-03-17,45.881557
2005-03-18,45.743660
2005-03-21,45.689316
2005-03-22,45.296322
2005-03-23,45.430126
2005-03-24,45.526264
2005-03-28,45.459385
2005-03-29,45.538811
2005-03-30,45.655846
2005-03-31,45.814735
2005-04-01,45.856686
2005-04-04,45.575451
2005-04-05,45.713993
2005-04-06,45.688797
2005-04-07,45.457939
2005-04-08,45.604847
2005-04-11,45.730804
2005-04-12,45.915436
2005-04-13,46.024620
2005-04-14,45.856686
2005-04-15,46.066582
2005-04-18,46.074970
2005-04-19,46.268028
2005-04-20,46.293247
2005-04-21,46.049801
2005-04-22,46.268028
2005-04-25,46.381355
2005-04-26,46.305824
2005-04-27,46.532497
2005-04-28,46.725548
2005-04-29,46.557663
2005-05-02,46.573647
2005-05-03,46.598938
2005-05-04,46.493614
2005-05-05,46.561050
2005-05-06,46.308197
2005-05-09,46.148102
2005-05-10,46.139671
2005-05-11,46.181797
2005-05-12,46.034317
2005-05-13,46.291344
2005-05-16,46.219727
2005-05-17,46.245018
2005-05-18,46.409328
2005-05-19,46.341965
2005-05-20,46.329277
2005-05-23,46.523148
2005-05-24,46.624249
2005-05-25,46.620033
2005-05-26,46.649509
2005-05-27,46.645275
2005-05-31,46.847530
2005-06-01,47.169437
2005-06-02,47.351376
2005-06-03,47.101780
2005-06-06,47.232941
2005-06-07,47.330223
2005-06-08,47.232941
2005-06-09,47.144089
2005-06-10,46.932610
2005-06-13,46.822617
2005-06-14,46.771847
2005-06-15,46.683025
2005-06-16,46.729546
2005-06-17,46.721077
2005-06-20,46.666077
2005-06-21,46.822617
2005-06-22,47.156765
2005-06-23,47.186417
2005-06-24,47.304836
2005-06-27,47.372505
2005-06-28,47.224461
2005-06-29,47.249828
2005-06-30,47.419033
2005-07-01,47.201202
2005-07-05,47.048344
2005-07-06,47.150272
2005-07-07,47.273392
2005-07-08,47.179958
2005-07-11,46.920952
2005-07-12,46.814793
2005-07-13,46.920952
2005-07-14,46.963417
2005-07-15,46.984653
2005-07-18,46.946468
2005-07-19,46.984653
2005-07-20,47.035614
2005-07-21,46.793571
2005-07-22,47.010124
2005-07-25,47.005898
2005-07-26,47.014362
2005-07-27,46.954941
2005-07-28,47.133274
2005-07-29,47.027138
2005-08-01,46.915432
2005-08-02,46.830151
2005-08-03,46.940987
2005-08-04,46.940987
2005-08-05,46.859982
2005-08-08,46.646816
2005-08-09,46.723553
2005-08-10,46.761948
2005-08-11,46.906895
2005-08-12,47.132866
2005-08-15,47.064651
2005-08-16,47.188286
2005-08-17,47.064651
2005-08-18,47.196770
2005-08-19,47.154148
2005-08-22,47.132866
2005-08-23,47.171230
2005-08-24,47.154148
2005-08-25,47.243702
2005-08-26,47.320469
2005-08-29,47.324707
2005-08-30,47.401405
2005-08-31,47.734024
2005-09-01,47.599152
2005-09-02,47.611988
2005-09-06,47.513569
2005-09-07,47.342304
2005-09-08,47.355137
2005-09-09,47.376518
2005-09-12,47.256683
2005-09-13,47.338051
2005-09-14,47.222462
2005-09-15,47.055492
2005-09-16,46.927063
2005-09-19,47.055492
2005-09-20,46.982700
2005-09-21,47.192505
2005-09-22,47.166794
2005-09-23,47.029804
2005-09-26,46.879929
2005-09-27,46.922749
2005-09-28,47.021244
2005-09-29,47.004093
2005-09-30,46.845718
2005-10-03,46.702145
2005-10-04,46.762360
2005-10-05,46.826794
2005-10-06,46.723675
2005-10-07,46.800995
2005-10-10,46.770939
2005-10-11,46.693577
2005-10-12,46.495865
2005-10-13,46.418480
2005-10-14,46.323948
2005-10-17,46.388432
2005-10-18,46.448563
2005-10-19,46.495865
2005-10-20,46.379814
2005-10-21,46.624783
2005-10-24,46.448563
2005-10-25,46.220821
2005-10-26,46.083260
2005-10-27,46.117634
2005-10-28,46.117634
2005-10-31,46.104763
2005-11-01,46.088314
2005-11-02,45.997761
2005-11-03,45.838089
2005-11-04,45.872658
2005-11-07,45.920094
2005-11-08,46.196236
2005-11-09,45.950272
2005-11-10,46.191879
2005-11-11,46.230759
2005-11-14,45.997761
2005-11-15,46.118530
2005-11-16,46.312710
2005-11-17,46.390388
2005-11-18,46.299744
2005-11-21,46.450787
2005-11-22,46.537071
2005-11-23,46.493946
2005-11-25,46.554321
2005-11-28,46.709641
2005-11-29,46.493946
2005-11-30,46.407604
2005-12-01,46.313637
2005-12-02,46.326645
2005-12-05,46.205425
2005-12-06,46.300686
2005-12-07,46.244392
2005-12-08,46.339619
2005-12-09,46.257328
2005-12-12,46.157761
2005-12-13,46.196724
2005-12-14,46.434895
2005-12-15,46.395931
2005-12-16,46.590790
2005-12-19,46.512867
2005-12-20,46.551804
2005-12-21,46.569157
2005-12-22,46.573494
2005-12-23,46.755348
2005-12-27,46.967556
2005-12-28,46.989712
2005-12-29,46.863674
2005-12-30,46.807175
2006-01-03,47.063614
2006-01-04,47.063614
2006-01-05,47.102749
2006-01-06,47.028877
2006-01-09,47.037556
2006-01-10,46.911476
2006-01-11,46.833221
2006-01-12,46.981033
2006-01-13,47.120102
2006-01-17,47.120102
2006-01-18,47.107090
2006-01-19,47.098385
2006-01-20,47.137493
2006-01-23,47.246159
2006-01-24,47.141838
2006-01-25,46.881058
2006-01-26,46.811470
2006-01-27,46.881058
2006-01-30,46.707153
2006-01-31,46.602852
2006-02-01,46.615524
2006-02-02,46.576283
2006-02-03,46.650414
2006-02-06,46.728966
2006-02-07,46.611206
2006-02-08,46.611206
2006-02-09,46.685356
2006-02-10,46.598095
2006-02-13,46.667873
2006-02-14,46.619907
2006-02-15,46.650414
2006-02-16,46.715897
2006-02-17,46.868580
2006-02-21,46.846798
2006-02-22,47.021278
2006-02-23,46.916595
2006-02-24,46.894764
2006-02-27,46.872959
2006-02-28,46.920933
2006-03-01,46.740028
2006-03-02,46.525345
2006-03-03,46.437733
2006-03-06,46.196789
2006-03-07,46.174866
2006-03-08,46.196789
2006-03-09,46.188000
2006-03-10,46.306271
2006-03-13,46.245010
2006-03-14,46.542881
2006-03-15,46.472805
2006-03-16,46.726894
2006-03-17,46.683064
2006-03-20,46.735638
2006-03-21,46.560413
2006-03-22,46.551651
2006-03-23,46.525345
2006-03-24,46.639229
2006-03-27,46.639229
2006-03-28,46.420212
2006-03-29,46.376385
2006-03-30,46.236252
2006-03-31,46.131073
2006-04-03,46.169785
2006-04-04,46.213764
2006-04-05,46.367733
2006-04-06,46.200588
2006-04-07,46.020214
2006-04-10,45.918987
2006-04-11,46.051006
2006-04-12,45.905807
2006-04-13,45.817814
2006-04-17,45.809036
2006-04-18,45.993805
2006-04-19,45.962986
2006-04-20,45.941006
2006-04-21,46.029026
2006-04-24,46.121407
2006-04-25,45.901428
2006-04-26,45.848637
2006-04-27,45.932243
2006-04-28,46.037811
2006-05-01,45.804482
2006-05-02,45.875183
2006-05-03,45.875183
2006-05-04,45.857525
2006-05-05,45.910568
2006-05-08,45.968014
2006-05-09,45.985638
2006-05-10,46.016582
2006-05-11,45.937111
2006-05-12,45.822189
2006-05-15,45.861946
2006-05-16,46.029850
2006-05-17,45.884029
2006-05-18,46.175674
2006-05-19,46.153591
2006-05-22,46.180111
2006-05-23,46.149147
2006-05-24,46.197754
2006-05-25,46.135910
2006-05-26,46.140301
2006-05-30,46.038708
2006-05-31,45.950298
2006-06-01,46.030624
2006-06-02,46.319023
2006-06-05,46.177025
2006-06-06,46.279114
2006-06-07,46.154881
2006-06-08,46.305748
2006-06-09,46.354538
2006-06-12,46.230316
2006-06-13,46.279114
2006-06-14,46.079479
2006-06-15,45.986263
2006-06-16,45.924133
2006-06-19,45.866440
2006-06-20,45.830986
2006-06-21,45.773277
2006-06-22,45.666759
2006-06-23,45.591316
2006-06-26,45.591316
2006-06-27,45.520374
2006-06-28,45.418316
2006-06-29,45.657902
2006-06-30,45.910828
2006-07-03,45.854183
2006-07-05,45.564552
2006-07-06,45.791809
2006-07-07,45.965637
2006-07-10,46.023605
2006-07-11,46.094910
2006-07-12,46.170628
2006-07-13,46.166191
2006-07-14,46.206299
2006-07-17,46.255341
2006-07-18,46.014656
2006-07-19,46.224129
2006-07-20,46.424667
2006-07-21,46.389000
2006-07-24,46.402393
2006-07-25,46.366734
2006-07-26,46.464779
2006-07-27,46.393501
2006-07-28,46.571720
2006-07-31,46.580631
2006-08-01,46.646008
2006-08-02,46.726585
2006-08-03,46.731022
2006-08-04,46.914555
2006-08-07,46.874298
2006-08-08,46.901184
2006-08-09,46.878765
2006-08-10,46.874298
2006-08-11,46.780312
2006-08-14,46.722099
2006-08-15,46.963795
2006-08-16,47.160770
2006-08-17,47.138374
2006-08-18,47.232388
2006-08-21,47.299522
2006-08-22,47.330853
2006-08-23,47.312962
2006-08-24,47.312962
2006-08-25,47.380116
2006-08-28,47.393528
2006-08-29,47.424866
2006-08-30,47.456177
2006-08-31,47.617317
2006-09-01,47.560722
2006-09-05,47.416809
2006-09-06,47.416809
2006-09-07,47.466244
2006-09-08,47.515724
2006-09-11,47.497719
2006-09-12,47.569691
2006-09-13,47.695591
2006-09-14,47.574169
2006-09-15,47.542713
2006-09-18,47.551682
2006-09-19,47.736019
2006-09-20,47.812485
2006-09-21,48.100201
2006-09-22,48.127190
2006-09-25,48.199162
2006-09-26,48.064266
2006-09-27,48.041779
2006-09-28,48.055244
2006-09-29,48.032795
2006-10-02,48.111801
2006-10-03,48.143467
2006-10-04,48.373779
2006-10-05,48.215706
2006-10-06,47.944695
2006-10-09,47.980869
2006-10-10,47.768585
2006-10-11,47.660206
2006-10-12,47.773129
2006-10-13,47.596958
2006-10-16,47.714371
2006-10-17,47.804722
2006-10-18,47.904057
2006-10-19,47.750515
2006-10-20,47.768585
2006-10-23,47.660206
2006-10-24,47.741493
2006-10-25,47.944695
2006-10-26,48.098274
2006-10-27,48.251823
2006-10-30,48.296974
2006-10-31,48.513733
2006-11-01,48.673897
2006-11-02,48.614906
2006-11-03,48.274723
2006-11-06,48.329147
2006-11-07,48.501507
2006-11-08,48.560505
2006-11-09,48.610344
2006-11-10,48.741917
2006-11-13,48.710163
2006-11-14,48.787251
2006-11-15,48.660290
2006-11-16,48.592232
2006-11-17,48.750961
2006-11-20,48.787251
2006-11-21,48.855320
2006-11-22,48.909779
2006-11-24,48.986835
2006-11-27,48.991417
2006-11-28,49.082138
2006-11-29,49.036739
2006-11-30,49.222702
2006-12-01,49.280563
2006-12-04,49.394447
2006-12-05,49.371643
2006-12-06,49.248699
2006-12-07,49.271446
2006-12-08,49.089325
2006-12-11,49.198570
2006-12-12,49.303352
2006-12-13,49.057388
2006-12-14,49.011845
2006-12-15,49.002731
2006-12-18,49.007294
2006-12-19,48.998180
2006-12-20,49.034626
2006-12-21,49.162167
2006-12-22,49.007294
2006-12-26,49.061909
2006-12-27,48.905094
2006-12-28,48.804535
2006-12-29,48.781620
2007-01-03,48.676479
2007-01-04,49.042271
2007-01-05,49.010273
2007-01-08,48.996563
2007-01-09,49.005684
2007-01-10,48.941669
2007-01-11,48.790741
2007-01-12,48.740509
2007-01-16,48.795383
2007-01-17,48.726757
2007-01-18,48.868530
2007-01-19,48.841045
2007-01-22,48.873066
2007-01-23,48.740509
2007-01-24,48.763309
2007-01-25,48.607868
2007-01-26,48.575863
2007-01-29,48.552998
2007-01-30,48.621563
2007-01-31,48.827343
2007-02-01,48.807602
2007-02-02,48.853519
2007-02-05,48.917843
2007-02-06,49.046425
2007-02-07,49.115322
2007-02-08,49.170422
2007-02-09,48.963741
2007-02-12,48.972893
2007-02-13,48.940815
2007-02-14,49.220932
2007-02-15,49.312790
2007-02-16,49.363293
2007-02-20,49.441368
2007-02-21,49.409214
2007-02-22,49.340336
2007-02-23,49.501049
2007-02-26,49.703102
2007-02-27,49.895985
2007-02-28,49.804161
2007-03-01,49.813835
2007-03-02,49.952194
2007-03-05,49.878422
2007-03-06,49.689342
2007-03-07,49.735401
2007-03-08,49.800026
2007-03-09,49.670895
2007-03-12,49.776951
2007-03-13,49.804626
2007-03-14,49.758522
2007-03-15,49.767719
2007-03-16,49.574062
2007-03-19,49.481808
2007-03-20,49.615555
2007-03-21,49.763126
2007-03-22,49.624775
2007-03-23,49.495625
2007-03-26,49.587833
2007-03-27,49.578671
2007-03-28,49.546410
2007-03-29,49.486423
2007-03-30,49.467934
2007-04-02,49.496704
2007-04-03,49.468914
2007-04-04,49.510624
2007-04-05,49.408714
2007-04-09,49.246552
2007-04-10,49.348454
2007-04-11,49.255795
2007-04-12,49.329922
2007-04-13,49.246552
2007-04-16,49.288239
2007-04-17,49.556927
2007-04-18,49.570824
2007-04-19,49.603249
2007-04-20,49.589390
2007-04-23,49.732948
2007-04-24,49.858028
2007-04-25,49.788563
2007-04-26,49.682018
2007-04-27,49.668125
2007-04-30,49.908981
2007-05-01,49.881100
2007-05-02,49.867119
2007-05-03,49.797298
2007-05-04,49.918304
2007-05-07,49.978825
2007-05-08,49.950897
2007-05-09,49.871792
2007-05-10,49.895069
2007-05-11,49.843899
2007-05-14,49.792664
2007-05-15,49.681000
2007-05-16,49.797298
2007-05-17,49.648403
2007-05-18,49.508808
2007-05-21,49.573971
2007-05-22,49.415741
2007-05-23,49.369232
2007-05-24,49.429726
2007-05-25,49.397133
2007-05-29,49.299385
2007-05-30,49.336655
2007-05-31,49.294765
2007-06-01,49.105854
2007-06-04,49.185341
2007-06-05,49.026367
2007-06-06,49.068451
2007-06-07,48.544804
2007-06-08,48.568230
2007-06-11,48.418564
2007-06-12,48.156765
2007-06-13,48.367153
2007-06-14,48.353134
2007-06-15,48.544804
2007-06-18,48.540134
2007-06-19,48.853394
2007-06-20,48.619663
2007-06-21,48.493385
2007-06-22,48.624321
2007-06-25,48.680397
2007-06-26,48.671028
2007-06-27,48.671028
2007-06-28,48.619663
2007-06-29,48.895512
2007-07-02,48.774315
2007-07-03,48.783684
2007-07-05,48.469013
2007-07-06,48.375080
2007-07-09,48.473701
2007-07-10,48.807167
2007-07-11,48.586441
2007-07-12,48.393879
2007-07-13,48.605190
2007-07-16,48.732044
2007-07-17,48.628723
2007-07-18,48.769577
2007-07-19,48.666264
2007-07-20,48.802467
2007-07-23,48.746140
2007-07-24,48.685074
2007-07-25,48.722656
2007-07-26,48.619328
2007-07-27,48.440857
2007-07-30,48.516006
2007-07-31,48.492481
2007-08-01,48.649204
2007-08-02,48.583107
2007-08-03,48.823807
2007-08-06,48.653908
2007-08-07,48.786026
2007-08-08,48.837929
2007-08-09,48.795506
2007-08-10,48.578438
2007-08-13,48.748280
2007-08-14,49.055023
2007-08-15,48.922913
2007-08-16,48.446251
2007-08-17,48.531197
2007-08-20,48.880421
2007-08-21,48.979519
2007-08-22,49.078617
2007-08-23,49.102249
2007-08-24,49.210773
2007-08-27,49.078617
2007-08-28,49.498646
2007-08-29,49.272110
2007-08-30,49.418365
2007-08-31,49.649624
2007-09-04,49.539627
2007-09-05,49.733997
2007-09-06,49.620262
2007-09-07,49.890461
2007-09-10,50.037441
2007-09-11,49.748238
2007-09-12,49.544350
2007-09-13,49.473263
2007-09-14,49.610737
2007-09-17,49.591778
2007-09-18,49.710320
2007-09-19,49.435299
2007-09-20,49.345261
2007-09-21,49.577579
2007-09-24,49.824081
2007-09-25,49.795677
2007-09-26,49.918930
2007-09-27,50.046940
2007-09-28,50.013775
2007-10-01,49.691292
2007-10-02,49.643650
2007-10-03,49.867527
2007-10-04,50.262836
2007-10-05,50.058010
2007-10-08,50.234253
2007-10-09,50.015152
2007-10-10,50.191395
2007-10-11,50.296192
2007-10-12,50.019962
2007-10-15,50.177101
2007-10-16,50.262836
2007-10-17,50.500988
2007-10-18,50.505753
2007-10-19,50.834393
2007-10-22,50.834393
2007-10-23,50.534355
2007-10-24,50.843929
2007-10-25,50.724850
2007-10-26,50.643837
2007-10-29,50.762932
2007-10-30,50.758186
2007-10-31,50.496246
2007-11-01,50.881863
2007-11-02,50.566071
2007-11-05,50.690472
2007-11-06,50.379494
2007-11-07,50.345982
2007-11-08,50.427334
2007-11-09,50.652214
2007-11-12,50.633038
2007-11-13,50.379494
2007-11-14,50.164196
2007-11-15,50.355530
2007-11-16,50.360359
2007-11-19,50.747864
2007-11-20,50.427334
2007-11-21,50.781395
2007-11-23,50.527782
2007-11-26,51.365040
2007-11-27,50.924934
2007-11-28,50.570847
2007-11-29,50.762238
2007-11-30,51.011021
2007-12-03,51.028778
2007-12-04,51.052799
2007-12-05,50.860626
2007-12-06,50.485832
2007-12-07,50.053383
2007-12-10,50.087032
2007-12-11,50.572323
2007-12-12,50.413765
2007-12-13,50.125496
2007-12-14,49.558487
2007-12-17,50.038963
2007-12-18,50.192719
2007-12-19,50.586750
2007-12-20,50.341698
2007-12-21,50.288815
2007-12-24,50.034184
2007-12-26,50.048603
2007-12-27,50.345409
2007-12-28,50.504704
2007-12-31,50.601242
2008-01-02,51.199722
2008-01-03,51.030785
2008-01-04,51.450718
2008-01-07,51.387959
2008-01-08,51.291431
2008-01-09,51.185223
2008-01-10,51.035599
2008-01-11,51.407238
2008-01-14,51.194862
2008-01-15,51.469952
2008-01-16,51.392757
2008-01-17,51.634109
2008-01-18,51.547222
2008-01-22,51.658245
2008-01-23,51.725807
2008-01-24,51.286568
2008-01-25,51.841679
2008-01-28,51.827164
2008-01-29,51.740269
2008-01-30,51.730629
2008-01-31,51.899548
2008-02-01,52.119701
2008-02-04,51.979069
2008-02-05,52.158489
2008-02-06,51.877239
2008-02-07,51.280872
2008-02-08,51.474762
2008-02-11,51.629959
2008-02-12,51.557232
2008-02-13,51.038399
2008-02-14,50.926880
2008-02-15,51.091747
2008-02-19,50.587482
2008-02-20,50.698975
2008-02-21,51.048130
2008-02-22,50.849323
2008-02-25,50.524448
2008-02-26,50.888111
2008-02-27,50.839642
2008-02-28,51.208122
2008-02-29,51.533020
2008-03-03,51.532017
2008-03-04,51.230145
2008-03-05,50.869781
2008-03-06,50.801624
2008-03-07,50.694481
2008-03-10,50.684753
2008-03-11,50.105282
2008-03-12,50.709091
2008-03-13,50.158878
2008-03-14,50.129658
2008-03-17,50.538647
2008-03-18,50.446110
2008-03-19,50.665272
2008-03-20,50.933094
2008-03-24,50.835720
2008-03-25,51.064556
2008-03-26,51.127861
2008-03-27,50.816216
2008-03-28,51.088856
2008-03-31,51.225239
2008-04-01,51.143524
2008-04-02,51.231632
2008-04-03,51.256062
2008-04-04,51.877529
2008-04-07,51.936260
2008-04-08,51.750282
2008-04-09,51.598637
2008-04-10,51.647587
2008-04-11,51.696503
2008-04-14,51.378410
2008-04-15,51.270710
2008-04-16,50.977184
2008-04-17,51.109276
2008-04-18,51.334393
2008-04-21,51.167965
2008-04-22,51.055470
2008-04-23,51.212025
2008-04-24,51.143524
2008-04-25,51.167965
2008-04-28,51.412663
2008-04-29,51.574123
2008-04-30,51.862827
2008-05-01,52.169018
2008-05-02,51.864296
2008-05-05,51.938004
2008-05-06,51.603870
2008-05-07,51.741451
2008-05-08,51.972397
2008-05-09,51.972397
2008-05-12,51.923275
2008-05-13,51.628410
2008-05-14,51.657860
2008-05-15,52.001919
2008-05-16,51.933109
2008-05-19,51.942951
2008-05-20,51.962597
2008-05-21,51.736580
2008-05-22,51.166397
2008-05-23,51.402321
2008-05-27,51.092720
2008-05-28,50.763474
2008-05-29,50.517712
2008-05-30,50.719215
2008-06-02,50.893536
2008-06-03,51.090965
2008-06-04,50.932987
2008-06-05,50.661407
2008-06-06,50.913223
2008-06-09,50.868801
2008-06-10,50.577438
2008-06-11,50.557739
2008-06-12,50.128246
2008-06-13,49.866539
2008-06-16,50.044273
2008-06-17,50.207184
2008-06-18,50.459011
2008-06-19,50.197334
2008-06-20,50.226963
2008-06-23,50.207184
2008-06-24,50.177555
2008-06-25,50.217045
2008-06-26,50.256565
2008-06-27,50.207184
2008-06-30,50.064022
2008-07-01,50.041195
2008-07-02,50.006477
2008-07-03,49.942028
2008-07-07,50.175110
2008-07-08,50.447792
2008-07-09,50.482525
2008-07-10,50.194920
2008-07-11,49.808155
2008-07-14,49.832954
2008-07-15,49.823078
2008-07-16,49.431293
2008-07-17,49.262730
2008-07-18,49.173443
2008-07-21,49.228001
2008-07-22,49.545330
2008-07-23,49.371807
2008-07-24,49.808155
2008-07-25,49.545330
2008-07-28,49.832954
2008-07-29,49.708984
2008-07-30,49.947021
2008-07-31,50.259380
2008-08-01,50.078045
2008-08-04,50.083000
2008-08-05,49.863873
2008-08-06,49.938553
2008-08-07,50.352039
2008-08-08,50.401844
2008-08-11,50.172733
2008-08-12,50.476547
2008-08-13,50.212540
2008-08-14,50.357025
2008-08-15,50.471607
2008-08-18,50.491524
2008-08-19,50.411819
2008-08-20,50.416801
2008-08-21,50.117916
2008-08-22,50.137852
2008-08-25,50.461597
2008-08-26,50.521416
2008-08-27,50.441708
2008-08-28,50.431732
2008-08-29,50.332119
2008-09-02,50.530746
2008-09-03,50.630848
2008-09-04,50.645870
2008-09-05,50.595802
2008-09-08,50.680874
2008-09-09,50.856056
2008-09-10,50.835995
2008-09-11,50.440678
2008-09-12,50.055386
2008-09-15,49.685081
2008-09-16,46.532524
2008-09-17,44.400829
2008-09-18,45.006363
2008-09-19,46.412437
2008-09-22,46.687664
2008-09-23,46.207275
2008-09-24,46.087166
2008-09-25,46.287369
2008-09-26,45.036316
2008-09-29,40.933037
2008-09-30,44.931240
2008-10-01,45.345963
2008-10-02,44.687458
2008-10-03,44.667305
2008-10-06,44.149597
2008-10-07,44.973969
2008-10-08,44.652271
2008-10-09,43.460926
2008-10-10,41.068256
2008-10-13,43.330242
2008-10-14,42.651630
2008-10-15,42.651630
2008-10-16,43.099037
2008-10-17,42.732071
2008-10-20,44.033978
2008-10-21,44.471313
2008-10-22,43.958576
2008-10-23,44.235046
2008-10-24,44.410984
2008-10-27,44.124458
2008-10-28,43.832916
2008-10-29,44.571823
2008-10-30,44.240074
2008-10-31,44.059120
2008-11-03,44.420319
2008-11-04,44.723404
2008-11-05,45.592323
2008-11-06,45.905548
2008-11-07,45.582218
2008-11-10,45.602402
2008-11-11,45.748940
2008-11-12,45.738831
2008-11-13,45.425636
2008-11-14,45.415531
2008-11-17,45.743877
2008-11-18,45.799477
2008-11-19,45.870186
2008-11-20,45.370052
2008-11-21,45.895447
2008-11-24,45.693359
2008-11-25,45.910595
2008-11-26,45.668110
2008-11-28,45.536755
2008-12-01,46.248608
2008-12-02,46.598904
2008-12-03,46.923851
2008-12-04,46.969612
2008-12-05,46.649712
2008-12-08,47.132004
2008-12-09,47.451927
2008-12-10,47.563591
2008-12-11,47.726097
2008-12-12,47.985031
2008-12-15,47.969784
2008-12-16,48.954784
2008-12-17,49.680805
2008-12-18,50.884129
2008-12-19,50.127583
2008-12-22,50.731808
2008-12-23,50.899353
2008-12-24,51.026283
2008-12-26,51.122726
2008-12-29,51.281818
2008-12-30,51.730515
2008-12-31,51.827366
2009-01-02,51.297112
2009-01-05,51.648937
2009-01-06,51.735596
2009-01-07,51.302200
2009-01-08,51.669319
2009-01-09,52.311749
2009-01-12,52.041527
2009-01-13,51.929348
2009-01-14,51.699936
2009-01-15,51.801880
2009-01-16,51.801880
2009-01-20,51.037086
2009-01-21,50.782143
2009-01-22,50.593513
2009-01-23,50.257038
2009-01-26,49.808334
2009-01-27,50.746445
2009-01-28,51.149250
2009-01-29,50.537422
2009-01-30,50.894318
2009-02-02,50.648895
2009-02-03,50.479820
2009-02-04,50.500305
2009-02-05,50.059704
2009-02-06,50.356834
2009-02-09,50.449078
2009-02-10,50.695007
2009-02-11,50.869217
2009-02-12,50.910191
2009-02-13,50.520794
2009-02-17,50.797470
2009-02-18,50.546410
2009-02-19,50.131420
2009-02-20,49.921314
2009-02-23,49.752220
2009-02-24,49.572914
2009-02-25,48.896549
2009-02-26,48.584007
2009-02-27,48.245842
2009-03-02,48.252010
2009-03-03,47.989353
2009-03-04,47.973915
2009-03-05,47.845177
2009-03-06,47.948162
2009-03-09,46.629696
2009-03-10,47.304382
2009-03-11,47.319801
2009-03-12,47.278660
2009-03-13,47.716354
2009-03-16,47.783352
2009-03-17,47.654644
2009-03-18,48.669174
2009-03-19,48.772202
2009-03-20,48.277760
2009-03-23,48.427139
2009-03-24,47.948162
2009-03-25,47.716354
2009-03-26,47.963585
2009-03-27,48.112980
2009-03-30,48.076889
2009-03-31,48.473480
2009-04-01,48.400455
2009-04-02,48.415977
2009-04-03,48.115635
2009-04-06,48.089745
2009-04-07,48.069016
2009-04-08,48.550655
2009-04-09,48.876896
2009-04-13,49.348160
2009-04-14,49.477631
2009-04-15,49.860859
2009-04-16,50.073147
2009-04-17,50.011070
2009-04-20,49.736591
2009-04-21,49.891888
2009-04-22,49.767658
2009-04-23,49.726208
2009-04-24,49.834961
2009-04-27,49.772808
2009-04-28,49.612305
2009-04-29,49.850533
2009-04-30,49.819450
2009-05-01,49.943298
2009-05-04,50.062992
2009-05-05,50.224300
2009-05-06,50.448051
2009-05-07,49.964111
2009-05-08,50.281536
2009-05-11,50.432472
2009-05-12,50.573017
2009-05-13,50.479298
2009-05-14,50.593777
2009-05-15,50.583363
2009-05-18,50.510509
2009-05-19,50.713486
2009-05-20,51.004929
2009-05-21,50.484493
2009-05-22,50.416851
2009-05-26,50.396027
2009-05-27,50.047375
2009-05-28,50.234688
2009-05-29,50.973660
2009-06-01,50.956917
2009-06-02,51.333546
2009-06-03,51.594997
2009-06-04,51.370152
2009-06-05,51.098190
2009-06-08,50.993523
2009-06-09,51.380577
2009-06-10,51.228882
2009-06-11,51.406708
2009-06-12,51.788528
2009-06-15,51.804195
2009-06-16,51.772854
2009-06-17,51.835567
2009-06-18,51.176636
2009-06-19,51.563641
2009-06-22,51.751915
2009-06-23,52.170341
2009-06-24,52.086632
2009-06-25,52.494602
2009-06-26,52.520744
2009-06-29,52.463188
2009-06-30,52.447498
2009-07-01,52.376606
2009-07-02,52.381863
2009-07-06,52.507961
2009-07-07,52.297817
2009-07-08,52.775860
2009-07-09,52.796890
2009-07-10,53.007008
2009-07-13,52.975491
2009-07-14,52.859951
2009-07-15,52.371342
2009-07-16,52.733833
2009-07-17,52.570961
2009-07-20,52.786404
2009-07-21,53.532349
2009-07-22,53.390541
2009-07-23,53.301216
2009-07-24,53.448315
2009-07-27,53.327457
2009-07-28,53.532349
2009-07-29,53.868565
2009-07-30,54.162777
2009-07-31,54.877228
2009-08-03,54.366280
2009-08-04,54.091862
2009-08-05,54.102379
2009-08-06,53.954575
2009-08-07,53.944016
2009-08-10,54.112919
2009-08-11,54.392673
2009-08-12,53.917664
2009-08-13,54.440163
2009-08-14,54.429672
2009-08-17,54.519356
2009-08-18,54.382145
2009-08-19,54.556282
2009-08-20,54.814964
2009-08-21,54.566853
2009-08-24,54.846615
2009-08-25,54.941605
2009-08-26,55.305824
2009-08-27,55.052486
2009-08-28,55.326942
2009-08-31,55.596138
2009-09-01,55.317200
2009-09-02,55.481598
2009-09-03,55.577080
2009-09-04,55.614162
2009-09-08,55.470959
2009-09-09,55.455082
2009-09-10,55.820995
2009-09-11,56.324760
2009-09-14,56.038414
2009-09-15,56.006592
2009-09-16,56.181610
2009-09-17,56.457317
2009-09-18,56.102039
2009-09-21,56.234615
2009-09-22,56.367229
2009-09-23,56.393742
2009-09-24,56.483894
2009-09-25,56.701309
2009-09-28,56.844528
2009-09-29,56.621758
2009-09-30,56.574059
2009-10-01,55.994480
2009-10-02,55.632244
2009-10-05,55.930542
2009-10-06,55.813385
2009-10-07,56.170277
2009-10-08,55.856010
2009-10-09,55.365925
2009-10-12,55.557697
2009-10-13,55.664234
2009-10-14,55.397896
2009-10-15,55.387245
2009-10-16,55.429871
2009-10-19,55.712124
2009-10-20,56.069092
2009-10-21,55.834702
2009-10-22,56.164944
2009-10-23,55.856010
2009-10-26,55.621647
2009-10-27,56.101040
2009-10-28,55.722836
2009-10-29,55.792019
2009-10-30,56.292824
2009-11-02,56.209328
2009-11-03,55.952454
2009-11-04,56.171879
2009-11-05,56.209328
2009-11-06,56.359169
2009-11-09,56.391251
2009-11-10,56.353771
2009-11-11,56.562500
2009-11-12,56.562500
2009-11-13,56.728401
2009-11-16,56.995956
2009-11-17,57.081585
2009-11-18,56.894287
2009-11-19,56.963821
2009-11-20,56.696255
2009-11-23,56.696255
2009-11-24,56.915665
2009-11-25,57.124348
2009-11-27,57.108311
2009-11-30,57.391960
2009-12-01,57.104973
2009-12-02,57.115704
2009-12-03,57.099586
2009-12-04,56.863132
2009-12-07,56.836227
2009-12-08,57.078053
2009-12-09,56.750301
2009-12-10,56.798656
2009-12-11,56.529919
2009-12-14,56.841599
2009-12-15,56.433159
2009-12-16,56.648174
2009-12-17,56.889996
2009-12-18,56.798656
2009-12-21,56.524563
2009-12-22,56.288086
2009-12-23,56.465424
2009-12-24,56.202091
2009-12-28,56.051662
2009-12-29,56.221622
2009-12-30,56.286423
2009-12-31,56.205433
2010-01-04,56.502235
2010-01-05,56.772072
2010-01-06,56.604790
2010-01-07,56.674892
2010-01-08,56.799080
2010-01-11,56.858448
2010-01-12,56.966331
2010-01-13,56.728924
2010-01-14,56.933956
2010-01-15,56.912373
2010-01-19,56.960960
2010-01-20,56.923168
2010-01-21,57.074284
2010-01-22,56.987946
2010-01-25,56.982521
2010-01-26,56.831436
2010-01-27,56.626377
2010-01-28,56.545387
2010-01-29,56.907009
2010-02-01,56.653351
2010-02-02,56.832184
2010-02-03,56.772572
2010-02-04,56.767120
2010-02-05,56.593716
2010-02-08,56.647953
2010-02-09,56.517834
2010-02-10,56.078854
2010-02-11,56.208920
2010-02-12,56.273960
2010-02-16,56.496178
2010-02-17,56.306473
2010-02-18,56.268539
2010-02-19,56.469086
2010-02-22,56.501583
2010-02-23,56.637131
2010-02-24,56.880966
2010-02-25,56.821369
2010-02-26,57.195282
2010-03-01,57.268841
2010-03-02,57.388557
2010-03-03,57.508221
2010-03-04,57.535500
2010-03-05,57.464722
2010-03-08,57.557255
2010-03-09,57.502850
2010-03-10,57.557255
2010-03-11,57.535500
2010-03-12,57.655224
2010-03-15,57.644348
2010-03-16,57.911064
2010-03-17,58.123363
2010-03-18,58.009010
2010-03-19,57.965473
2010-03-22,58.057972
2010-03-23,58.019913
2010-03-24,57.589962
2010-03-25,57.383110
2010-03-26,57.557255
2010-03-29,57.508221
2010-03-30,57.540932
2010-03-31,57.568150
2010-04-01,57.693333
2010-04-05,57.163029
2010-04-06,57.299709
2010-04-07,57.589474
2010-04-08,57.480133
2010-04-09,57.518417
2010-04-12,57.682415
2010-04-13,57.890156
2010-04-14,57.840946
2010-04-15,57.939362
2010-04-16,58.076065
2010-04-19,57.928448
2010-04-20,58.054195
2010-04-21,58.256474
2010-04-22,58.125233
2010-04-23,58.114300
2010-04-26,58.141651
2010-04-27,58.179920
2010-04-28,58.278297
2010-04-29,58.425938
2010-04-30,58.666500
2010-05-03,58.684048
2010-05-04,58.755424
2010-05-05,58.502903
2010-05-06,57.536617
2010-05-07,57.723282
2010-05-10,58.085609
2010-05-11,58.146019
2010-05-12,58.124054
2010-05-13,58.294231
2010-05-14,58.277802
2010-05-17,58.376579
2010-05-18,58.563297
2010-05-19,58.596249
2010-05-20,58.464397
2010-05-21,58.365658
2010-05-24,58.519367
2010-05-25,58.239342
2010-05-26,58.277802
2010-05-27,57.975857
2010-05-28,57.898968
2010-06-01,57.851048
2010-06-02,58.055000
2010-06-03,57.867519
2010-06-04,58.220371
2010-06-07,58.462994
2010-06-08,58.462994
2010-06-09,58.485001
2010-06-10,58.242447
2010-06-11,58.457451
2010-06-14,58.347191
2010-06-15,58.275524
2010-06-16,58.336227
2010-06-17,58.722065
2010-06-18,58.716579
2010-06-21,58.865437
2010-06-22,59.152145
2010-06-23,59.400215
2010-06-24,59.163151
2010-06-25,59.262386
2010-06-28,59.587685
2010-06-29,59.560104
2010-06-30,59.797169
2010-07-01,59.863647
2010-07-02,59.691998
2010-07-06,59.941124
2010-07-07,59.979866
2010-07-08,59.830399
2010-07-09,59.758415
2010-07-12,59.830399
2010-07-13,59.863647
2010-07-14,60.129356
2010-07-15,60.234509
2010-07-16,60.339664
2010-07-19,60.328648
2010-07-20,60.395054
2010-07-21,60.688412
2010-07-22,60.610947
2010-07-23,60.688412
2010-07-26,60.743797
2010-07-27,60.538982
2010-07-28,60.754879
2010-07-29,60.777027
2010-07-30,61.059364
2010-08-02,60.929775
2010-08-03,61.079910
2010-08-04,60.890926
2010-08-05,61.002140
2010-08-06,61.352219
2010-08-09,61.552311
2010-08-10,61.474529
2010-08-11,61.468952
2010-08-12,61.252216
2010-08-13,61.491161
2010-08-16,62.169254
2010-08-17,62.069183
2010-08-18,62.124760
2010-08-19,62.191437
2010-08-20,62.302620
2010-08-23,62.436008
2010-08-24,62.580486
2010-08-25,62.697205
2010-08-26,62.752735
2010-08-27,62.185883
2010-08-30,62.591629
2010-08-31,62.802830
2010-09-01,62.330841
2010-09-02,62.252773
2010-09-03,61.784122
2010-09-07,62.241535
2010-09-08,62.118843
2010-09-09,61.795284
2010-09-10,61.839928
2010-09-13,61.923626
2010-09-14,62.213711
2010-09-15,62.113251
2010-09-16,61.918007
2010-09-17,62.118843
2010-09-20,62.197021
2010-09-21,62.671169
2010-09-22,62.632061
2010-09-23,62.676689
2010-09-24,62.537262
2010-09-27,62.860825
2010-09-28,62.972420
2010-09-29,62.911037
2010-09-30,63.089573
2010-10-01,62.783783
2010-10-04,62.884590
2010-10-05,63.013409
2010-10-06,63.422165
2010-10-07,63.405437
2010-10-08,63.343769
2010-10-11,63.399818
2010-10-12,63.304585
2010-10-13,63.271015
2010-10-14,62.761372
2010-10-15,62.363762
2010-10-18,62.795013
2010-10-19,62.800541
2010-10-20,62.912598
2010-10-21,62.744625
2010-10-22,62.823013
2010-10-25,63.046993
2010-10-26,62.710995
2010-10-27,62.548592
2010-10-28,62.800541
2010-10-29,62.923813
2010-11-01,62.902428
2010-11-02,63.194775
2010-11-03,62.986809
2010-11-04,63.582691
2010-11-05,63.380276
2010-11-08,63.414005
2010-11-09,62.941833
2010-11-10,62.806835
2010-11-11,62.531342
2010-11-12,62.092861
2010-11-15,61.412659
2010-11-16,61.738670
2010-11-17,61.738670
2010-11-18,61.783695
2010-11-19,61.997330
2010-11-22,62.340233
2010-11-23,62.373997
2010-11-24,61.862396
2010-11-26,61.941105
2010-11-29,62.002945
2010-11-30,61.907372
2010-12-01,61.769638
2010-12-02,61.634186
2010-12-03,61.459236
2010-12-06,61.888222
2010-12-07,61.312523
2010-12-08,60.917500
2010-12-09,61.064209
2010-12-10,60.781998
2010-12-13,61.007748
2010-12-14,60.635311
2010-12-15,60.257168
2010-12-16,60.550652
2010-12-17,61.103661
2010-12-20,61.064209
2010-12-21,61.194012
2010-12-22,61.143211
2010-12-23,61.171440
2010-12-27,61.289963
2010-12-28,60.801552
2010-12-29,61.260513
2010-12-30,61.288811
2010-12-31,61.441833
2011-01-03,61.679806
2011-01-04,61.759109
2011-01-05,61.305805
2011-01-06,61.396469
2011-01-07,61.708103
2011-01-10,61.815784
2011-01-11,61.787453
2011-01-12,61.747791
2011-01-13,62.014046
2011-01-14,61.719425
2011-01-18,61.685463
2011-01-19,61.640156
2011-01-20,61.373798
2011-01-21,61.464474
2011-01-24,61.492748
2011-01-25,61.798775
2011-01-26,61.453140
2011-01-27,61.555119
2011-01-28,61.634426
2011-01-31,61.464474
2011-02-01,61.383110
2011-02-02,61.263653
2011-02-03,61.115826
2011-02-04,60.928055
2011-02-07,60.996292
2011-02-08,60.774456
2011-02-09,61.166939
2011-02-10,60.865486
2011-02-11,61.201069
2011-02-14,61.240906
2011-02-15,61.377445
2011-02-16,61.303463
2011-02-17,61.417263
2011-02-18,61.508247
2011-02-22,61.678894
2011-02-23,61.604992
2011-02-24,61.673233
2011-02-25,61.963333
2011-02-28,62.128342
2011-03-01,62.129433
2011-03-02,61.798218
2011-03-03,61.535507
2011-03-04,61.769638
2011-03-07,61.615444
2011-03-08,61.535507
2011-03-09,61.855331
2011-03-10,62.106586
2011-03-11,62.049500
2011-03-14,62.118019
2011-03-15,62.112320
2011-03-16,62.483532
2011-03-17,62.443573
2011-03-18,62.483532
2011-03-21,62.283665
2011-03-22,62.397846
2011-03-23,62.357876
2011-03-24,62.152313
2011-03-25,62.060925
2011-03-28,62.083748
2011-03-29,61.781086
2011-03-30,61.992332
2011-03-31,61.792480
2011-04-01,62.084358
2011-04-04,62.227669
2011-04-05,62.262070
2011-04-06,62.061378
2011-04-07,61.969692
2011-04-08,61.935284
2011-04-11,61.941044
2011-04-12,62.158878
2011-04-13,62.267776
2011-04-14,62.113003
2011-04-15,62.439796
2011-04-18,62.525845
2011-04-19,62.657722
2011-04-20,62.686390
2011-04-21,62.743706
2011-04-25,62.806759
2011-04-26,63.099163
2011-04-27,63.018959
2011-04-28,63.219631
2011-04-29,63.339931
2011-05-02,63.487911
2011-05-03,63.459152
2011-05-04,63.551258
2011-05-05,63.769978
2011-05-06,63.769978
2011-05-09,63.833256
2011-05-10,63.574249
2011-05-11,63.677914
2011-05-12,63.528217
2011-05-13,63.718159
2011-05-16,63.902351
2011-05-17,63.988678
2011-05-18,63.827557
2011-05-19,63.936901
2011-05-20,63.890854
2011-05-23,63.850563
2011-05-24,63.931126
2011-05-25,63.804520
2011-05-26,64.080818
2011-05-27,64.149864
2011-05-31,64.144135
2011-06-01,64.464767
2011-06-02,63.881214
2011-06-03,64.019890
2011-06-06,63.910141
2011-06-07,64.129692
2011-06-08,64.170143
2011-06-09,63.996784
2011-06-10,63.921661
2011-06-13,63.991032
2011-06-14,63.800354
2011-06-15,64.152763
2011-06-16,64.031456
2011-06-17,64.054504
2011-06-20,64.066093
2011-06-21,64.048790
2011-06-22,64.135422
2011-06-23,64.303024
2011-06-24,64.337685
2011-06-27,64.129692
2011-06-28,63.684750
2011-06-29,63.540348
2011-06-30,63.632736
2011-07-01,63.636246
2011-07-05,63.862503
2011-07-06,63.995861
2011-07-07,64.013283
2011-07-08,64.425095
2011-07-11,64.639717
2011-07-12,64.691902
2011-07-13,64.854324
2011-07-14,64.454170
2011-07-15,64.599083
2011-07-18,64.349686
2011-07-19,64.662918
2011-07-20,64.512146
2011-07-21,64.413498
2011-07-22,64.674538
2011-07-25,64.367126
2011-07-26,64.651344
2011-07-27,64.459908
2011-07-28,64.599083
2011-07-29,65.179176
2011-08-01,65.371841
2011-08-02,65.919151
2011-08-03,65.895874
2011-08-04,66.373299
2011-08-05,65.552376
2011-08-08,64.929359
2011-08-09,65.511604
2011-08-10,66.099594
2011-08-11,64.743073
2011-08-12,65.482506
2011-08-15,65.604736
2011-08-16,65.843483
2011-08-17,66.023956
2011-08-18,66.111290
2011-08-19,66.029755
2011-08-22,65.785202
2011-08-23,65.034164
2011-08-24,64.265648
2011-08-25,64.620819
2011-08-26,64.649895
2011-08-29,64.859520
2011-08-30,65.203056
2011-08-31,65.400986
2011-09-01,65.449501
2011-09-02,65.852676
2011-09-06,66.238373
2011-09-07,66.366928
2011-09-08,66.308479
2011-09-09,66.378624
2011-09-12,65.975410
2011-09-13,65.963783
2011-09-14,65.934494
2011-09-15,65.706604
2011-09-16,65.706604
2011-09-19,66.068901
2011-09-20,66.098167
2011-09-21,66.250053
2011-09-22,66.378624
2011-09-23,65.969620
2011-09-26,65.846870
2011-09-27,65.636513
2011-09-28,65.373520
2011-09-29,65.303398
2011-09-30,65.630653
2011-10-03,65.752602
2011-10-04,65.177826
2011-10-05,65.447594
2011-10-06,65.183678
2011-10-07,65.125061
2011-10-10,65.248161
2011-10-11,65.424118
2011-10-12,65.523903
2011-10-13,65.582512
2011-10-14,65.541496
2011-10-17,65.494545
2011-10-18,65.723328
2011-10-19,65.893433
2011-10-20,66.040054
2011-10-21,66.257095
2011-10-24,66.597336
2011-10-25,66.925735
2011-10-26,66.878845
2011-10-27,66.867104
2011-10-28,67.125168
2011-10-31,67.277679
2011-11-01,67.614388
2011-11-02,67.861603
2011-11-03,67.896935
2011-11-04,68.032310
2011-11-07,67.761513
2011-11-08,67.343605
2011-11-09,67.167068
2011-11-10,66.831490
2011-11-11,66.713799
2011-11-14,66.707878
2011-11-15,66.643166
2011-11-16,66.431244
2011-11-17,65.907356
2011-11-18,66.013313
2011-11-21,65.742554
2011-11-22,65.571838
2011-11-23,65.236397
2011-11-25,64.977356
2011-11-28,65.006783
2011-11-29,64.859642
2011-11-30,65.153946
2011-12-01,65.305168
2011-12-02,65.860374
2011-12-05,66.350723
2011-12-06,65.996223
2011-12-07,66.409714
2011-12-08,66.185242
2011-12-09,65.931290
2011-12-12,65.937218
2011-12-13,66.161659
2011-12-14,66.273880
2011-12-15,66.380211
2011-12-16,66.752335
2011-12-19,66.988594
2011-12-20,66.941345
2011-12-21,66.657852
2011-12-22,67.006317
2011-12-23,66.799591
2011-12-27,67.053253
2011-12-28,67.177765
2011-12-29,67.142204
2011-12-30,67.426666
2012-01-03,67.373337
2012-01-04,67.426666
2012-01-05,67.136284
2012-01-06,67.396996
2012-01-09,67.296272
2012-01-10,67.485916
2012-01-11,67.474098
2012-01-12,67.628189
2012-01-13,67.871208
2012-01-17,68.078674
2012-01-18,67.942314
2012-01-19,67.924530
2012-01-20,67.752693
2012-01-23,67.651909
2012-01-24,67.894897
2012-01-25,68.126053
2012-01-26,68.659485
2012-01-27,68.760254
2012-01-30,68.671371
2012-01-31,68.872887
2012-02-01,69.147057
2012-02-02,69.289795
2012-02-03,69.188652
2012-02-06,69.367088
2012-02-07,69.236267
2012-02-08,69.307587
2012-02-09,69.087578
2012-02-10,69.022163
2012-02-13,69.260078
2012-02-14,69.313560
2012-02-15,69.218399
2012-02-16,69.099449
2012-02-17,68.992393
2012-02-21,68.879425
2012-02-22,69.307587
2012-02-23,69.402794
2012-02-24,69.456253
2012-02-27,69.711998
2012-02-28,69.932076
2012-02-29,69.997482
2012-03-01,69.832176
2012-03-02,69.856056
2012-03-05,69.730713
2012-03-06,69.623329
2012-03-07,69.593452
2012-03-08,69.605408
2012-03-09,69.569595
2012-03-12,69.432350
2012-03-13,69.241379
2012-03-14,68.417847
2012-03-15,68.268669
2012-03-16,68.370125
2012-03-19,68.274658
2012-03-20,68.232872
2012-03-21,68.543213
2012-03-22,68.429810
2012-03-23,68.483521
2012-03-26,68.632668
2012-03-27,69.163811
2012-03-28,69.032532
2012-03-29,69.169800
2012-03-30,69.002670
2012-04-02,69.180527
2012-04-03,68.521851
2012-04-04,68.653534
2012-04-05,68.767326
2012-04-09,69.216484
2012-04-10,69.174500
2012-04-11,69.102699
2012-04-12,69.132675
2012-04-13,69.461998
2012-04-16,69.461998
2012-04-17,69.551819
2012-04-18,69.539825
2012-04-19,69.587746
2012-04-20,69.569778
2012-04-23,69.581741
2012-04-24,69.456009
2012-04-25,69.575745
2012-04-26,69.689552
2012-04-27,69.791313
2012-04-30,69.749474
2012-05-01,69.616638
2012-05-02,69.844978
2012-05-03,69.887009
2012-05-04,69.965103
2012-05-07,70.085258
2012-05-08,70.259499
2012-05-09,70.139328
2012-05-10,69.995132
2012-05-11,70.205437
2012-05-14,70.223442
2012-05-15,70.133339
2012-05-16,70.169388
2012-05-17,69.646660
2012-05-18,69.376297
2012-05-21,69.454369
2012-05-22,69.268166
2012-05-23,69.436394
2012-05-24,69.448418
2012-05-25,69.622620
2012-05-29,69.724762
2012-05-30,69.784859
2012-05-31,70.277504
2012-06-01,70.709175
2012-06-04,70.172646
2012-06-05,70.021896
2012-06-06,69.816917
2012-06-07,69.961617
2012-06-08,70.220856
2012-06-11,70.208794
2012-06-12,70.003822
2012-06-13,70.257050
2012-06-14,70.172646
2012-06-15,70.462013
2012-06-18,70.431847
2012-06-19,70.365540
2012-06-20,70.395660
2012-06-21,70.504227
2012-06-22,70.449905
2012-06-25,70.630775
2012-06-26,70.703163
2012-06-27,70.799599
2012-06-28,70.908073
2012-06-29,70.890038
2012-07-02,71.266235
2012-07-03,71.326744
2012-07-05,71.508194
2012-07-06,71.689667
2012-07-09,71.738060
2012-07-10,71.719940
2012-07-11,71.840866
2012-07-12,72.203789
2012-07-13,72.228027
2012-07-16,72.427620
2012-07-17,72.427620
2012-07-18,72.826797
2012-07-19,72.953880
2012-07-20,73.008301
2012-07-23,72.772423
2012-07-24,72.887306
2012-07-25,73.026443
2012-07-26,73.141342
2012-07-27,72.796570
2012-07-30,72.984108
2012-07-31,73.359154
2012-08-01,73.277222
2012-08-02,73.325768
2012-08-03,73.149788
2012-08-06,73.246857
2012-08-07,72.864555
2012-08-08,72.658226
2012-08-09,72.609718
2012-08-10,72.816025
2012-08-13,72.664375
2012-08-14,72.336655
2012-08-15,71.996880
2012-08-16,71.784492
2012-08-17,71.881577
2012-08-20,72.081802
2012-08-21,72.203171
2012-08-22,72.615784
2012-08-23,72.670395
2012-08-24,72.749268
2012-08-27,72.840294
2012-08-28,72.943474
2012-08-29,72.791756
2012-08-30,72.816025
2012-08-31,73.319687
2012-09-04,73.146217
2012-09-05,73.176605
2012-09-06,72.854004
2012-09-07,73.006180
2012-09-10,73.000084
2012-09-11,73.060974
2012-09-12,72.914833
2012-09-13,73.304482
2012-09-14,72.866180
2012-09-17,73.115753
2012-09-18,73.340996
2012-09-19,73.462738
2012-09-20,73.401894
2012-09-21,73.535767
2012-09-24,73.645363
2012-09-25,73.791489
2012-09-26,73.998390
2012-09-27,73.961884
2012-09-28,74.126305
2012-10-01,74.324158
2012-10-02,74.348518
2012-10-03,74.397453
2012-10-04,74.336349
2012-10-05,74.220291
2012-10-08,74.415703
2012-10-09,74.495064
2012-10-10,74.629456
2012-10-11,74.873703
2012-10-12,74.959236
2012-10-15,75.191269
2012-10-16,75.142410
2012-10-17,74.995834
2012-10-18,74.855400
2012-10-19,74.989761
2012-10-22,74.812637
2012-10-23,74.940895
2012-10-24,74.739388
2012-10-25,74.525597
2012-10-26,74.892021
2012-10-31,75.124100
2012-11-01,74.794350
2012-11-02,74.647743
2012-11-05,74.684418
2012-11-06,74.324158
2012-11-07,74.476776
2012-11-08,74.403511
2012-11-09,74.220291
2012-11-12,74.232491
2012-11-13,74.263077
2012-11-14,74.415703
2012-11-15,74.269157
2012-11-16,74.293579
2012-11-19,74.525597
2012-11-20,74.293579
2012-11-21,74.348518
2012-11-23,74.379089
2012-11-26,74.501205
2012-11-27,74.543961
2012-11-28,74.531715
2012-11-29,74.586693
2012-11-30,74.580635
2012-12-03,74.663254
2012-12-04,74.730675
2012-12-05,74.883804
2012-12-06,74.871559
2012-12-07,74.693932
2012-12-10,74.761269
2012-12-11,74.485657
2012-12-12,74.259048
2012-12-13,74.142609
2012-12-14,74.197754
2012-12-17,73.958839
2012-12-18,73.775101
2012-12-19,74.063019
2012-12-20,74.136497
2012-12-21,74.265160
2012-12-24,74.216095
2012-12-26,74.321823
2012-12-27,74.561386
2012-12-28,74.727264
2012-12-31,74.334122
2013-01-02,74.506180
2013-01-03,74.100616
2013-01-04,74.063744
2013-01-07,74.186646
2013-01-08,74.254250
2013-01-09,74.229675
2013-01-10,74.266533
2013-01-11,74.401657
2013-01-14,74.254250
2013-01-15,74.192802
2013-01-16,74.192802
2013-01-17,74.063744
2013-01-18,74.137482
2013-01-22,74.137482
2013-01-23,74.229675
2013-01-24,74.125206
2013-01-25,73.787292
2013-01-28,73.725845
2013-01-29,73.559952
2013-01-30,73.314140
2013-01-31,73.369492
2013-02-01,73.179062
2013-02-04,73.425629
2013-02-05,73.277672
2013-02-06,73.468712
2013-02-07,73.493393
2013-02-08,73.653671
2013-02-11,73.616631
2013-02-12,73.542610
2013-02-13,73.370155
2013-02-14,73.573509
2013-02-15,73.542610
2013-02-19,73.524162
2013-02-20,73.647484
2013-02-21,73.764526
2013-02-22,73.813835
2013-02-25,74.251457
2013-02-26,74.159050
2013-02-27,74.134338
2013-02-28,74.159050
2013-03-01,74.328377
2013-03-04,74.272766
2013-03-05,74.149117
2013-03-06,73.932732
2013-03-07,73.691597
2013-03-08,73.431946
2013-03-11,73.481377
2013-03-12,73.629814
2013-03-13,73.561790
2013-03-14,73.592728
2013-03-15,73.691597
2013-03-18,73.870941
2013-03-19,73.994507
2013-03-20,73.778160
2013-03-21,73.852341
2013-03-22,73.858513
2013-03-25,73.858513
2013-03-26,73.907982
2013-03-27,74.167664
2013-03-28,74.124405
2013-04-01,74.017670
2013-04-02,74.011505
2013-04-03,74.309158
2013-04-04,74.706078
2013-04-05,74.935463
2013-04-08,75.003677
2013-04-09,75.078117
2013-04-10,74.879692
2013-04-11,74.929291
2013-04-12,75.301323
2013-04-15,75.326172
2013-04-16,75.189789
2013-04-17,75.295181
2013-04-18,75.363373
2013-04-19,75.475006
2013-04-22,75.499771
2013-04-23,75.599030
2013-04-24,75.630035
2013-04-25,75.586639
2013-04-26,75.859512
2013-04-29,75.865662
2013-04-30,75.735481
2013-05-01,76.072556
2013-05-02,76.072556
2013-05-03,75.357292
2013-05-06,75.344826
2013-05-07,75.288872
2013-05-08,75.357292
2013-05-09,75.195595
2013-05-10,74.803734
2013-05-13,74.610939
2013-05-14,74.411888
2013-05-15,74.673119
2013-05-16,75.015221
2013-05-17,74.691788
2013-05-20,74.604713
2013-05-21,74.884605
2013-05-22,74.293739
2013-05-23,74.368355
2013-05-24,74.318626
2013-05-28,73.603371
2013-05-29,73.572281
2013-05-30,73.665596
2013-05-31,73.298599
2013-06-03,73.105850
2013-06-04,72.818817
2013-06-05,72.712761
2013-06-06,73.024704
2013-06-07,72.737755
2013-06-10,72.513161
2013-06-11,72.375877
2013-06-12,72.126312
2013-06-13,72.899940
2013-06-14,72.850044
2013-06-17,72.743935
2013-06-18,72.600479
2013-06-19,71.571045
2013-06-20,70.585365
2013-06-21,70.005112
2013-06-24,69.549721
2013-06-25,69.780533
2013-06-26,70.310829
2013-06-27,70.947227
2013-06-28,70.903519
2013-07-01,71.086899
2013-07-02,71.312210
2013-07-03,71.105675
2013-07-05,70.204430
2013-07-08,70.780228
2013-07-09,70.842804
2013-07-10,70.636269
2013-07-11,71.468681
2013-07-12,71.268402
2013-07-15,71.725273
2013-07-16,71.618904
2013-07-17,71.888046
2013-07-18,71.700279
2013-07-19,72.094612
2013-07-22,72.257301
2013-07-23,72.144669
2013-07-24,71.794151
2013-07-25,71.706505
2013-07-26,71.781631
2013-07-29,71.662743
2013-07-30,71.681534
2013-07-31,71.687759
2013-08-01,71.116447
2013-08-02,71.468048
2013-08-05,71.198105
2013-08-06,71.242035
2013-08-07,71.398933
2013-08-08,71.549660
2013-08-09,71.549660
2013-08-12,71.511978
2013-08-13,71.003479
2013-08-14,70.884186
2013-08-15,70.381966
2013-08-16,70.030357
2013-08-19,69.647423
2013-08-20,70.074318
2013-08-21,69.653648
2013-08-22,69.973869
2013-08-23,70.444756
2013-08-26,70.589088
2013-08-27,70.890472
2013-08-28,70.903000
2013-08-29,70.972076
2013-08-30,70.972076
2013-09-03,70.692459
2013-09-04,70.434174
2013-09-05,69.854713
2013-09-06,69.955551
2013-09-09,70.138168
2013-09-10,69.829559
2013-09-11,70.157051
2013-09-12,70.106659
2013-09-13,70.150780
2013-09-16,70.232666
2013-09-17,70.421585
2013-09-18,71.454514
2013-09-19,71.001030
2013-09-20,71.064011
2013-09-23,71.486031
2013-09-24,71.668655
2013-09-25,71.889091
2013-09-26,71.712738
2013-09-27,71.656090
2013-09-30,71.498581
2013-10-01,71.426590
2013-10-02,71.641426
2013-10-03,71.679359
2013-10-04,71.609795
2013-10-07,71.736237
2013-10-08,71.723564
2013-10-09,71.571915
2013-10-10,71.673058
2013-10-11,71.767784
2013-10-14,71.546631
2013-10-15,71.559273
2013-10-16,72.090012
2013-10-17,72.620789
2013-10-18,72.715569
2013-10-21,72.526024
2013-10-22,72.968338
2013-10-23,72.949394
2013-10-24,72.873550
2013-10-25,72.867210
2013-10-28,72.936714
2013-10-29,73.037796
2013-10-30,72.892532
2013-10-31,72.791351
2013-11-01,72.594910
2013-11-04,72.613907
2013-11-05,72.303276
2013-11-06,72.385689
2013-11-07,72.531487
2013-11-08,71.821465
2013-11-11,71.701012
2013-11-12,71.751717
2013-11-13,71.916550
2013-11-14,72.309608
2013-11-15,72.309608
2013-11-18,72.632919
2013-11-19,72.379364
2013-11-20,72.068718
2013-11-21,72.208153
2013-11-22,72.461761
2013-11-25,72.588547
2013-11-26,72.734344
2013-11-27,72.746994
2013-11-29,72.689987
2013-12-02,72.345268
2013-12-03,72.529724
2013-12-04,72.294304
2013-12-05,72.135384
2013-12-06,72.288071
2013-12-09,72.396133
2013-12-10,72.688690
2013-12-11,72.485191
2013-12-12,72.364342
2013-12-13,72.561501
2013-12-16,72.618721
2013-12-17,72.834991
2013-12-18,72.834991
2013-12-19,72.726868
2013-12-20,73.063950
2013-12-23,72.949463
2013-12-24,72.930405
2013-12-26,72.878059
2013-12-27,72.814285
2013-12-30,73.031181
2013-12-31,72.846184
2014-01-02,72.986534
2014-01-03,73.094986
2014-01-06,73.254463
2014-01-07,73.197067
2014-01-08,72.884422
2014-01-09,73.050323
2014-01-10,73.445839
2014-01-13,73.586212
2014-01-14,73.369240
2014-01-15,73.388412
2014-01-16,73.560677
2014-01-17,73.643570
2014-01-21,73.541542
2014-01-22,73.362915
2014-01-23,73.643570
2014-01-24,73.592567
2014-01-27,73.452255
2014-01-28,73.809471
2014-01-29,73.956215
2014-01-30,73.994446
2014-01-31,74.217743
2014-02-03,74.696381
2014-02-04,74.338028
2014-02-05,74.101303
2014-02-06,74.030907
2014-02-07,74.261261
2014-02-10,74.293251
2014-02-11,74.139687
2014-02-12,73.915703
2014-02-13,74.222847
2014-02-14,74.363609
2014-02-18,74.517235
2014-02-19,74.434021
2014-02-20,74.338028
2014-02-21,74.414787
2014-02-24,74.453209
2014-02-25,74.741165
2014-02-26,74.984276
2014-02-27,75.112221
2014-02-28,75.067459
2014-03-03,75.263794
2014-03-04,74.859543
2014-03-05,74.821030
2014-03-06,74.596405
2014-03-07,74.326881
2014-03-10,74.211426
2014-03-11,74.237061
2014-03-12,74.500191
2014-03-13,74.763260
2014-03-14,74.679871
2014-03-17,74.583565
2014-03-18,74.814629
2014-03-19,74.275505
2014-03-20,74.378204
2014-03-21,74.634941
2014-03-24,74.776123
2014-03-25,74.801781
2014-03-26,75.090561
2014-03-27,75.109825
2014-03-28,75.052063
2014-03-31,75.045639
2014-04-01,74.859009
2014-04-02,74.756027
2014-04-03,74.897629
2014-04-04,75.193710
2014-04-07,75.373932
2014-04-08,75.573456
2014-04-09,75.637749
2014-04-10,75.740738
2014-04-11,75.792206
2014-04-14,75.843712
2014-04-15,76.004616
2014-04-16,76.036827
2014-04-17,75.599174
2014-04-21,75.702126
2014-04-22,75.740738
2014-04-23,75.908089
2014-04-24,75.920914
2014-04-25,75.908089
2014-04-28,75.818031
2014-04-29,75.830887
2014-04-30,76.043236
2014-05-01,76.362129
2014-05-02,76.523499
2014-05-05,76.329849
2014-05-06,76.458946
2014-05-07,76.471848
2014-05-08,76.491211
2014-05-09,76.407326
2014-05-12,76.213661
2014-05-13,76.497673
2014-05-14,76.878548
2014-05-15,77.014084
2014-05-16,76.923737
2014-05-19,76.852692
2014-05-20,76.852692
2014-05-21,76.710678
2014-05-22,76.684929
2014-05-23,76.768768
2014-05-27,77.039871
2014-05-28,77.407799
2014-05-29,77.181892
2014-05-30,77.194824
2014-06-02,76.766273
2014-06-03,76.416725
2014-06-04,76.377892
2014-06-05,76.539719
2014-06-06,76.701530
2014-06-09,76.546181
2014-06-10,76.403770
2014-06-11,76.462044
2014-06-12,76.708008
2014-06-13,76.695122
2014-06-16,76.688606
2014-06-17,76.429626
2014-06-18,76.869865
2014-06-19,76.597977
2014-06-20,76.746864
2014-06-23,76.740402
2014-06-24,77.064056
2014-06-25,77.141701
2014-06-26,77.284142
2014-06-27,77.271210
2014-06-30,77.199997
2014-07-01,76.901375
2014-07-02,76.628769
2014-07-03,76.550858
2014-07-07,76.687195
2014-07-08,76.972809
2014-07-09,77.096130
2014-07-10,77.037712
2014-07-11,77.277901
2014-07-14,77.115593
2014-07-15,77.031235
2014-07-16,77.212967
2014-07-17,77.505066
2014-07-18,77.401222
2014-07-21,77.401222
2014-07-22,77.459663
2014-07-23,77.550552
2014-07-24,77.245422
2014-07-25,77.544037
2014-07-28,77.453163
2014-07-29,77.524529
2014-07-30,77.167549
2014-07-31,76.953339
2014-08-01,77.349777
2014-08-04,77.369301
2014-08-05,77.447449
2014-08-06,77.310715
2014-08-07,77.512505
2014-08-08,77.492966
2014-08-11,77.525520
2014-08-12,77.486488
2014-08-13,77.642700
2014-08-14,77.727341
2014-08-15,78.000748
2014-08-18,77.824997
2014-08-19,77.772942
2014-08-20,77.597145
2014-08-21,77.864090
2014-08-22,77.961708
2014-08-25,78.085381
2014-08-26,78.137474
2014-08-27,78.267708
2014-08-28,78.436874
2014-08-29,78.495514
2014-09-02,78.122086
2014-09-03,78.226547
2014-09-04,77.671654
2014-09-05,77.684669
2014-09-08,77.554153
2014-09-09,77.345253
2014-09-10,77.221184
2014-09-11,77.162468
2014-09-12,76.790337
2014-09-15,76.809929
2014-09-16,76.796906
2014-09-17,76.587959
2014-09-18,76.725082
2014-09-19,77.025345
2014-09-22,77.097206
2014-09-23,77.221184
2014-09-24,77.038429
2014-09-25,77.266922
2014-09-26,77.097206
2014-09-29,77.064522
2014-09-30,77.175499
2014-10-01,77.643639
2014-10-02,77.637070
2014-10-03,77.859612
2014-10-06,77.898949
2014-10-07,78.180412
2014-10-08,78.579781
2014-10-09,78.252449
2014-10-10,78.317924
2014-10-13,78.520851
2014-10-14,78.697624
2014-10-15,78.756538
2014-10-16,78.579781
2014-10-17,78.547028
2014-10-20,78.691086
2014-10-21,78.645233
2014-10-22,78.514320
2014-10-23,78.363747
2014-10-24,78.396484
2014-10-27,78.494705
2014-10-28,78.232788
2014-10-29,78.088821
2014-10-30,78.141144
2014-10-31,78.128090
2014-11-03,77.973778
2014-11-04,78.085373
2014-11-05,77.940948
2014-11-06,77.704620
2014-11-07,78.197014
2014-11-10,77.803070
2014-11-11,77.796555
2014-11-12,77.789917
2014-11-13,77.704620
2014-11-14,77.803070
2014-11-17,77.619270
2014-11-18,77.684891
2014-11-19,77.271301
2014-11-20,77.566719
2014-11-21,77.901573
2014-11-24,78.026314
2014-11-25,78.361107
2014-11-26,78.630302
2014-11-28,78.840378
2014-12-01,78.567154
2014-12-02,78.040482
2014-12-03,78.119492
2014-12-04,78.244568
2014-12-05,77.921989
2014-12-08,78.290688
2014-12-09,78.356491
2014-12-10,78.330139
2014-12-11,78.251175
2014-12-12,78.376282
2014-12-15,78.560600
2014-12-16,78.534203
2014-12-17,78.553970
2014-12-18,78.633018
2014-12-19,78.593468
2014-12-22,78.843719
2014-12-23,78.244568
2014-12-24,78.496758
2014-12-26,78.556175
2014-12-29,78.707977
2014-12-30,78.774048
2014-12-31,78.826813
2015-01-02,79.104073
2015-01-05,79.427498
2015-01-06,79.751007
2015-01-07,79.856659
2015-01-08,79.599159
2015-01-09,79.810387
2015-01-12,79.962227
2015-01-13,80.034828
2015-01-14,80.173477
2015-01-15,80.589394
2015-01-16,80.140472
2015-01-20,80.325310
2015-01-21,80.292374
2015-01-22,80.252701
2015-01-23,80.721375
2015-01-26,80.701584
2015-01-27,80.760956
2015-01-28,81.308914
2015-01-29,81.117470
2015-01-30,81.784195
2015-02-02,81.860359
2015-02-03,81.198410
2015-02-04,81.310898
2015-02-05,81.052750
2015-02-06,80.205482
2015-02-09,80.258461
2015-02-10,80.040047
2015-02-11,80.092995
2015-02-12,80.298248
2015-02-13,79.980492
2015-02-17,79.609795
2015-02-18,79.894455
2015-02-19,79.881218
2015-02-20,80.000313
2015-02-23,80.271698
2015-02-24,80.794617
2015-02-25,80.867447
2015-02-26,80.430580
2015-02-27,80.622528
2015-03-02,79.923645
2015-03-03,79.877190
2015-03-04,79.824120
2015-03-05,79.930298
2015-03-06,79.080727
2015-03-09,79.399338
2015-03-10,79.525414
2015-03-11,79.930298
2015-03-12,79.850624
2015-03-13,79.624992
2015-03-16,79.704636
2015-03-17,79.837349
2015-03-18,80.819641
2015-03-19,80.408150
2015-03-20,80.633774
2015-03-23,80.819641
2015-03-24,80.939117
2015-03-25,80.673645
2015-03-26,80.175865
2015-03-27,80.494453
2015-03-30,80.633774
2015-03-31,80.779831
2015-04-01,81.012085
2015-04-02,80.878960
2015-04-06,80.985489
2015-04-07,81.278336
2015-04-08,81.251671
2015-04-09,80.839119
2015-04-10,80.952156
2015-04-13,80.925575
2015-04-14,81.111938
2015-04-15,81.165154
2015-04-16,81.118523
2015-04-17,81.338226
2015-04-20,81.145210
2015-04-21,81.125252
2015-04-22,80.599457
2015-04-23,80.805763
2015-04-24,80.958878
2015-04-27,80.898949
2015-04-28,80.419777
2015-04-29,79.754303
2015-04-30,79.820862
2015-05-01,79.380402
2015-05-04,79.126801
2015-05-05,78.993370
2015-05-06,78.652985
2015-05-07,78.966667
2015-05-08,79.420433
2015-05-11,78.619614
2015-05-12,78.506187
2015-05-13,78.432739
2015-05-14,78.699715
2015-05-15,79.246895
2015-05-18,78.639610
2015-05-19,78.219208
2015-05-20,78.312660
2015-05-21,78.686356
2015-05-22,78.632935
2015-05-26,78.979980
2015-05-27,79.060059
2015-05-28,78.893204
2015-05-29,78.926590
2015-06-01,78.484261
2015-06-02,78.082726
2015-06-03,77.580826
2015-06-04,77.982368
2015-06-05,77.587555
2015-06-08,77.534035
2015-06-09,77.185974
2015-06-10,76.978516
2015-06-11,77.661118
2015-06-12,77.527313
2015-06-15,77.513893
2015-06-16,77.707993
2015-06-17,77.701256
2015-06-18,77.560738
2015-06-19,77.975670
2015-06-22,77.359985
2015-06-23,77.185974
2015-06-24,77.400162
2015-06-25,77.273010
2015-06-26,76.918304
2015-06-29,77.587555
2015-06-30,77.440315
2015-07-01,77.191956
2015-07-02,77.487343
2015-07-06,77.795959
2015-07-07,78.118164
2015-07-08,78.225502
2015-07-09,77.708733
2015-07-10,77.212112
2015-07-13,77.044334
2015-07-14,77.111458
2015-07-15,77.312729
2015-07-16,77.433571
2015-07-17,77.487343
2015-07-20,77.306091
2015-07-21,77.467140
2015-07-22,77.567818
2015-07-23,77.795959
2015-07-24,77.762444
2015-07-27,77.769142
2015-07-28,77.708733
2015-07-29,77.641632
2015-07-30,77.681900
2015-07-31,78.084572
2015-08-03,78.266281
2015-08-04,77.869179
2015-08-05,77.566322
2015-08-06,77.714378
2015-08-07,77.983620
2015-08-10,77.674026
2015-08-11,77.997093
2015-08-12,77.875931
2015-08-13,77.606712
2015-08-14,77.680717
2015-08-17,77.929756
2015-08-18,77.633644
2015-08-19,78.010536
2015-08-20,78.057686
2015-08-21,78.077835
2015-08-24,77.862465
2015-08-25,77.465355
2015-08-26,77.418266
2015-08-27,77.492332
2015-08-28,77.633644
2015-08-31,77.438446
2015-09-01,77.907585
2015-09-02,77.792809
2015-09-03,78.164093
2015-09-04,78.339561
2015-09-08,77.975060
2015-09-09,78.143814
2015-09-10,77.988609
2015-09-11,78.042572
2015-09-14,78.035858
2015-09-15,77.448563
2015-09-16,77.590332
2015-09-17,78.231567
2015-09-18,78.467834
2015-09-21,78.069572
2015-09-22,78.407074
2015-09-23,78.359848
2015-09-24,78.373322
2015-09-25,78.137093
2015-09-28,78.272057
2015-09-29,78.373322
2015-09-30,78.359848
2015-10-01,78.342239
2015-10-02,78.687431
2015-10-05,78.477638
2015-10-06,78.633324
2015-10-07,78.910843
2015-10-08,78.599449
2015-10-09,78.633324
2015-10-12,78.951477
2015-10-13,78.890511
2015-10-14,79.201958
2015-10-15,79.168098
2015-10-16,79.195168
2015-10-19,79.188416
2015-10-20,79.039459
2015-10-21,79.432098
2015-10-22,79.601303
2015-10-23,79.310249
2015-10-26,79.452423
2015-10-27,79.472694
2015-10-28,79.161301
2015-10-29,78.606285
2015-10-30,78.809303
2015-11-02,78.470573
2015-11-03,78.477341
2015-11-04,78.389091
2015-11-05,78.409477
2015-11-06,77.900291
2015-11-09,77.771309
2015-11-10,77.968201
2015-11-11,77.961388
2015-11-12,77.934265
2015-11-13,78.165077
2015-11-16,78.178650
2015-11-17,78.260086
2015-11-18,78.280464
2015-11-19,78.511284
2015-11-20,78.497673
2015-11-23,78.524887
2015-11-24,78.552040
2015-11-25,78.626686
2015-11-27,78.653831
2015-11-30,78.687782
2015-12-01,79.279442
2015-12-02,79.088791
2015-12-03,78.040359
2015-12-04,78.462440
2015-12-07,78.598625
2015-12-08,78.496483
2015-12-09,78.476044
2015-12-10,78.292252
2015-12-11,78.428383
2015-12-14,77.849762
2015-12-15,77.856544
2015-12-16,77.842850
2015-12-17,77.931412
2015-12-18,77.931412
2015-12-21,77.985924
2015-12-22,77.883781
2015-12-23,77.951851
2015-12-24,78.205826
2015-12-28,78.110268
2015-12-29,77.707420
2015-12-30,77.707420
2015-12-31,77.837158
2016-01-04,77.796196
2016-01-05,77.837158
2016-01-06,78.144402
2016-01-07,78.205826
2016-01-08,78.267265
2016-01-11,78.014679
2016-01-12,78.192177
2016-01-13,78.431129
2016-01-14,78.041962
2016-01-15,77.925880
2016-01-19,77.577728
2016-01-20,77.693802
2016-01-21,77.468483
2016-01-22,77.516235
2016-01-25,77.434326
2016-01-26,77.652779
2016-01-27,77.441154
2016-01-28,77.529961
2016-01-29,77.932724
2016-02-01,77.684166
2016-02-02,77.827995
2016-02-03,77.636238
2016-02-04,77.670464
2016-02-05,77.656769
2016-02-08,78.060822
2016-02-09,77.793732
2016-02-10,77.889603
2016-02-11,78.149788
2016-02-12,77.711571
2016-02-16,77.341858
2016-02-17,77.321236
2016-02-18,77.951210
2016-02-19,77.896477
2016-02-22,78.053940
2016-02-23,78.211418
2016-02-24,78.286736
2016-02-25,78.724960
2016-02-26,78.697563
2016-02-29,78.752373
2016-03-01,78.323174
2016-03-02,78.481102
2016-03-03,78.851959
2016-03-04,78.838234
2016-03-07,78.927490
2016-03-08,79.346390
2016-03-09,79.257141
2016-03-10,79.586784
2016-03-11,79.813416
2016-03-14,80.046852
2016-03-15,80.019417
2016-03-16,80.404030
2016-03-17,80.651215
2016-03-18,80.836647
2016-03-21,80.740517
2016-03-22,80.589417
2016-03-23,80.994583
2016-03-24,80.960243
2016-03-28,81.008331
2016-03-29,81.372307
2016-03-30,81.276199
2016-03-31,81.598915
2016-04-01,81.862000
2016-04-04,81.868927
2016-04-05,82.130592
2016-04-06,82.061699
2016-04-07,82.282104
2016-04-08,82.096146
2016-04-11,82.089264
2016-04-12,81.765602
2016-04-13,82.047951
2016-04-14,81.992867
2016-04-15,82.337189
2016-04-18,82.426735
2016-04-19,82.578201
2016-04-20,82.350929
2016-04-21,82.316528
2016-04-22,82.406067
2016-04-25,82.213226
2016-04-26,82.178795
2016-04-27,82.702209
2016-04-28,82.777931
2016-04-29,82.867470
2016-05-02,82.760422
2016-05-03,82.905441
2016-05-04,82.767311
2016-05-05,82.933052
2016-05-06,82.753525
2016-05-09,82.670654
2016-05-10,82.808723
2016-05-11,82.898521
2016-05-12,82.725914
2016-05-13,82.877815
2016-05-16,82.601585
2016-05-17,82.573952
2016-05-18,81.869614
2016-05-19,82.062981
2016-05-20,82.118240
2016-05-23,82.118240
2016-05-24,81.980125
2016-05-25,82.125145
2016-05-26,82.359894
2016-05-27,82.297768
2016-05-31,82.442825
2016-06-01,82.500954
2016-06-02,82.667145
2016-06-03,83.331894
2016-06-06,83.131088
2016-06-07,83.255745
2016-06-08,83.532738
2016-06-09,83.650444
2016-06-10,83.747429
2016-06-13,83.622734
2016-06-14,83.435806
2016-06-15,83.747429
2016-06-16,83.872055
2016-06-17,83.622734
2016-06-20,83.518867
2016-06-21,83.442726
2016-06-22,83.595078
2016-06-23,83.511971
2016-06-24,83.906662
2016-06-27,84.259804
2016-06-28,84.723785
2016-06-29,84.696060
2016-06-30,84.993813
2016-07-01,85.438911
2016-07-05,85.730530
2016-07-06,85.883278
2016-07-07,85.897186
2016-07-08,86.376297
2016-07-11,86.154068
2016-07-12,85.668076
2016-07-13,86.001320
2016-07-14,85.793045
2016-07-15,85.466637
2016-07-18,85.466637
2016-07-19,85.619446
2016-07-20,85.591644
2016-07-21,85.688866
2016-07-22,85.640259
2016-07-25,85.591644
2016-07-26,85.508354
2016-07-27,85.862465
2016-07-28,85.779129
2016-07-29,86.091537
2016-08-01,85.606354
2016-08-02,85.126038
2016-08-03,85.237404
2016-08-04,85.599403
2016-08-05,85.251305
2016-08-08,85.307053
2016-08-09,85.808258
2016-08-10,86.051918
2016-08-11,85.766472
2016-08-12,86.156357
2016-08-15,85.891785
2016-08-16,85.738655
2016-08-17,85.975327
2016-08-18,86.184212
2016-08-19,85.926598
2016-08-22,86.218994
2016-08-23,86.316414
2016-08-24,86.260750
2016-08-25,86.177238
2016-08-26,85.905716
2016-08-29,86.393082
2016-08-30,86.281677
2016-08-31,86.246834
2016-09-01,86.246841
2016-09-02,86.093277
2016-09-06,86.393402
2016-09-07,86.274734
2016-09-08,85.667503
2016-09-09,85.025398
2016-09-12,85.032387
2016-09-13,84.753220
2016-09-14,84.809036
2016-09-15,84.864883
2016-09-16,84.962593
2016-09-19,84.934654
2016-09-20,85.046349
2016-09-21,85.479080
2016-09-22,85.828049
2016-09-23,85.765251
2016-09-26,85.897820
2016-09-27,86.107246
2016-09-28,86.163048
2016-09-29,86.128189
2016-09-30,85.974594
2016-10-03,85.731110
2016-10-04,85.332245
2016-10-05,85.241264
2016-10-06,85.248268
2016-10-07,85.451218
2016-10-10,85.451218
2016-10-11,85.185272
2016-10-12,85.297249
2016-10-13,85.507179
2016-10-14,85.108299
2016-10-17,85.388184
2016-10-18,85.598183
2016-10-19,85.710129
2016-10-20,85.682144
2016-10-21,85.731110
2016-10-24,85.486191
2016-10-25,85.423180
2016-10-26,85.066330
2016-10-27,84.681396
2016-10-28,84.583473
2016-10-31,84.660400
2016-11-01,84.553787
2016-11-02,84.680092
2016-11-03,84.511688
2016-11-04,84.764259
2016-11-07,84.708153
2016-11-08,84.518692
2016-11-09,83.276817
2016-11-10,83.206635
2016-11-11,82.848778
2016-11-14,82.420807
2016-11-15,82.673393
2016-11-16,82.792725
2016-11-17,82.266457
2016-11-18,81.803352
2016-11-21,81.887573
2016-11-22,82.098061
2016-11-23,81.796349
2016-11-25,81.803352
2016-11-28,82.175217
2016-11-29,82.287506
2016-11-30,81.978767
2016-12-01,81.519386
2016-12-02,81.892250
2016-12-05,82.068146
2016-12-06,82.061089
2016-12-07,82.405823
2016-12-08,82.068146
2016-12-09,81.751564
2016-12-12,81.674171
2016-12-13,81.857048
2016-12-14,81.336472
2016-12-15,81.392723
2016-12-16,81.329399
2016-12-19,81.723412
2016-12-20,81.674171
2016-12-21,81.934433
2016-12-22,81.940094
2016-12-23,82.067116
2016-12-27,81.918938
2016-12-28,82.222282
2016-12-29,82.539764
2016-12-30,82.666748
2017-01-03,82.737289
2017-01-04,83.019440
2017-01-05,83.463951
2017-01-06,83.026527
2017-01-09,83.188759
2017-01-10,83.139397
2017-01-11,83.266380
2017-01-12,83.259315
2017-01-13,83.090065
2017-01-17,83.449806
2017-01-18,82.899521
2017-01-19,82.617340
2017-01-20,82.765511
2017-01-23,83.146439
2017-01-24,82.899521
2017-01-25,82.582108
2017-01-26,82.680862
2017-01-27,82.779633
2017-01-30,82.638527
2017-01-31,82.786652
2017-02-01,82.684822
2017-02-02,82.706024
2017-02-03,82.797974
2017-02-06,83.059784
2017-02-07,83.201187
2017-02-08,83.491203
2017-02-09,83.158730
2017-02-10,83.137505
2017-02-13,83.102119
2017-02-14,82.904091
2017-02-15,82.840424
2017-02-16,83.073860
2017-02-17,83.286049
2017-02-21,83.321457
2017-02-22,83.385124
2017-02-23,83.597343
2017-02-24,84.021744
2017-02-27,83.823692
2017-02-28,83.880287
2017-03-01,83.384476
2017-03-02,83.256805
2017-03-03,83.341911
2017-03-06,83.192963
2017-03-07,82.781570
2017-03-08,82.526207
2017-03-09,82.079376
2017-03-10,82.285072
2017-03-13,82.008408
2017-03-14,82.079376
2017-03-15,82.788651
2017-03-16,82.668083
2017-03-17,82.859589
2017-03-20,83.051102
2017-03-21,83.256805
2017-03-22,83.469597
2017-03-23,83.412796
2017-03-24,83.497910
2017-03-27,83.675293
2017-03-28,83.497910
2017-03-29,83.767494
2017-03-30,83.547577
2017-03-31,83.632713
2017-04-03,84.008224
2017-04-04,83.787773
2017-04-05,83.894447
2017-04-06,83.972687
2017-04-07,83.766411
2017-04-10,83.922890
2017-04-11,84.314095
2017-04-12,84.591431
2017-04-13,84.733688
2017-04-17,84.570107
2017-04-18,85.067924
2017-04-19,84.811890
2017-04-20,84.691010
2017-04-21,84.691010
2017-04-24,84.577171
2017-04-25,84.242935
2017-04-26,84.449181
2017-04-27,84.527435
2017-04-28,84.626968
2017-05-01,84.364555
2017-05-02,84.614151
2017-05-03,84.571396
2017-05-04,84.407349
2017-05-05,84.435890
2017-05-08,84.286095
2017-05-09,84.300400
2017-05-10,84.414505
2017-05-11,84.457291
2017-05-12,84.885147
2017-05-15,84.878014
2017-05-16,84.999222
2017-05-17,85.519852
2017-05-18,85.505577
2017-05-19,85.555481
2017-05-22,85.484169
2017-05-23,85.220360
2017-05-24,85.355843
2017-05-25,85.391472
2017-05-26,85.455673
2017-05-30,85.655327
2017-05-31,85.755188
2017-06-01,85.773796
2017-06-02,86.174194
2017-06-05,85.931099
2017-06-06,86.181343
2017-06-07,86.074112
2017-06-08,85.923950
2017-06-09,85.838104
2017-06-12,85.859581
2017-06-13,85.952538
2017-06-14,86.538834
2017-06-15,86.331482
2017-06-16,86.402977
2017-06-19,86.295746
2017-06-20,86.488777
2017-06-21,86.531700
2017-06-22,86.603203
2017-06-23,86.646118
2017-06-26,86.803406
2017-06-27,86.410126
2017-06-28,86.503052
2017-06-29,86.238503
2017-06-30,86.167030
2017-07-03,85.980644
2017-07-05,86.124001
2017-07-06,85.901787
2017-07-07,85.830063
2017-07-10,85.973473
2017-07-11,86.009277
2017-07-12,86.389305
2017-07-13,86.238693
2017-07-14,86.439445
2017-07-17,86.518341
2017-07-18,86.891121
2017-07-19,86.862450
2017-07-20,86.941277
2017-07-21,87.142044
2017-07-24,87.041695
2017-07-25,86.525513
2017-07-26,86.812286
2017-07-27,86.597183
2017-07-28,86.826591
2017-07-31,86.826591
2017-08-01,87.141441
2017-08-02,87.004852
2017-08-03,87.127060
2017-08-04,86.789223
2017-08-07,86.810776
2017-08-08,86.393898
2017-08-09,86.480156
2017-08-10,86.451385
2017-08-11,86.609535
2017-08-14,86.551987
2017-08-15,86.451385
2017-08-16,86.695740
2017-08-17,86.782013
2017-08-18,86.724510
2017-08-21,86.846725
2017-08-22,86.760468
2017-08-23,87.091103
2017-08-24,86.925804
2017-08-25,87.127060
2017-08-28,87.127060
2017-08-29,87.191750
2017-08-30,87.263641
2017-08-31,87.414619
2017-09-01,87.068634
2017-09-05,87.609184
2017-09-06,87.299210
2017-09-07,87.638008
2017-09-08,87.378540
2017-09-11,87.111900
2017-09-12,87.018219
2017-09-13,86.931709
2017-09-14,87.147949
2017-09-15,87.219986
2017-09-18,87.133537
2017-09-19,87.183968
2017-09-20,87.075836
2017-09-21,87.075836
2017-09-22,87.191132
2017-09-25,87.515480
2017-09-26,87.501091
2017-09-27,87.162315
2017-09-28,87.292091
2017-09-29,87.371353
2017-10-02,87.453003
2017-10-03,87.648132
2017-10-04,87.597549
2017-10-05,87.474693
2017-10-06,87.402405
2017-10-09,87.474693
2017-10-10,87.532455
2017-10-11,87.489143
2017-10-12,87.510811
2017-10-13,87.857674
2017-10-16,87.734840
2017-10-17,87.720345
2017-10-18,87.590294
2017-10-19,87.720345
2017-10-20,87.481888
2017-10-23,87.568611
2017-10-24,87.351814
2017-10-25,87.120621
2017-10-26,87.113365
2017-10-27,87.373474
2017-10-30,87.662575
2017-10-31,87.539749
2017-11-01,87.678146
2017-11-02,87.663597
2017-11-03,87.764992
2017-11-06,87.786781
2017-11-07,87.714348
2017-11-08,87.598419
2017-11-09,87.366562
2017-11-10,86.866577
2017-11-13,86.881142
2017-11-14,86.902847
2017-11-15,87.272362
2017-11-16,87.170906
2017-11-17,87.279633
2017-11-20,87.279633
2017-11-21,87.569435
2017-11-22,87.909988
2017-11-24,87.808540
2017-11-27,87.757812
2017-11-28,87.880997
2017-11-29,87.533173
2017-11-30,87.431770
2017-12-01,87.702034
2017-12-04,87.840042
2017-12-05,88.007164
2017-12-06,88.174232
2017-12-07,87.999840
2017-12-08,87.890892
2017-12-11,87.956337
2017-12-12,87.890892
2017-12-13,88.196060
2017-12-14,88.355850
2017-12-15,88.479378
2017-12-18,88.217812
2017-12-19,87.767410
2017-12-20,87.534912
2017-12-21,87.770798
2017-12-22,87.836319
2017-12-26,87.952820
2017-12-27,88.440582
2017-12-28,88.382339
2017-12-29,88.498817
2018-01-02,87.909111
2018-01-03,88.069298
2018-01-04,88.040207
2018-01-05,88.011078
2018-01-08,88.003784
2018-01-09,87.683411
2018-01-10,87.741692
2018-01-11,87.952820
2018-01-12,87.967377
2018-01-16,88.047455
2018-01-17,87.807175
2018-01-18,87.465019
2018-01-19,87.195679
2018-01-22,87.115585
2018-01-23,87.494156
2018-01-24,87.435944
2018-01-25,87.879974
2018-01-26,87.763527
2018-01-29,87.530556
2018-01-30,87.232056
2018-01-31,87.414070
2018-02-01,87.027885
2018-02-02,86.582619
2018-02-05,86.633736
2018-02-06,86.458504
2018-02-07,86.217667
2018-02-08,85.845367
2018-02-09,85.567963
2018-02-12,85.567963
2018-02-13,85.538734
2018-02-14,85.224831
2018-02-15,85.626343
2018-02-16,85.881836
2018-02-20,85.516876
2018-02-21,85.049652
2018-02-22,85.166504
2018-02-23,85.560677
2018-02-26,85.670158
2018-02-27,85.297852
2018-02-28,85.458443
2018-03-01,85.370628
2018-03-02,85.099762
2018-03-05,85.070503
2018-03-06,85.143677
2018-03-07,85.114388
2018-03-08,85.282761
2018-03-09,84.982643
2018-03-12,85.092407
2018-03-13,85.099762
2018-03-14,85.290077
2018-03-15,85.377937
2018-03-16,85.473099
2018-03-19,85.187614
2018-03-20,84.887459
2018-03-21,84.836220
2018-03-22,84.982643
2018-03-23,84.711815
2018-03-26,85.011887
2018-03-27,85.319405
2018-03-28,85.546310
2018-03-29,85.934296
2018-04-02,85.888054
2018-04-03,85.660431
2018-04-04,85.660431
2018-04-05,85.689804
2018-04-06,85.946777
2018-04-09,85.990822
2018-04-10,86.012810
2018-04-11,86.071571
2018-04-12,85.836700
2018-04-13,85.865990
2018-04-16,85.873367
2018-04-17,85.880684
2018-04-18,85.440193
2018-04-19,85.117172
2018-04-20,84.772102
2018-04-23,84.735428
2018-04-24,84.485786
2018-04-25,84.221535
2018-04-26,84.471130
2018-04-27,84.661964
2018-04-30,84.588600
2018-05-01,84.359657
2018-05-02,84.293335
2018-05-03,84.308090
2018-05-04,84.425880
2018-05-07,84.330170
2018-05-08,84.300728
2018-05-09,84.285980
2018-05-10,84.713005
2018-05-11,84.860283
2018-05-14,84.705681
2018-05-15,84.065163
2018-05-16,83.954651
2018-05-17,83.792717
2018-05-18,84.138763
2018-05-21,84.190292
2018-05-22,84.101906
2018-05-23,84.462700
2018-05-24,84.698280
2018-05-25,84.948608
2018-05-29,85.397736
2018-05-30,85.066429
2018-05-31,85.029633
2018-06-01,84.866364
2018-06-04,84.674393
2018-06-05,84.733467
2018-06-06,84.423279
2018-06-07,84.703911
2018-06-08,84.563599
2018-06-11,84.482346
2018-06-12,84.489761
2018-06-13,84.408485
2018-06-14,84.792526
2018-06-15,84.674393
2018-06-18,84.585762
2018-06-19,84.630051
2018-06-20,84.157364
2018-06-21,84.090927
2018-06-22,84.194305
2018-06-25,84.113037
2018-06-26,84.393684
2018-06-27,84.681763
2018-06-28,84.570976
2018-06-29,84.615303
2018-07-02,84.626396
2018-07-03,84.937553
2018-07-05,85.204208
2018-07-06,85.322723
2018-07-09,85.382004
2018-07-10,85.285706
2018-07-11,85.456078
2018-07-12,85.641251
2018-07-13,85.707970
2018-07-16,85.567223
2018-07-17,85.507912
2018-07-18,85.493111
2018-07-19,85.626450
2018-07-20,85.374603
2018-07-23,85.033852
2018-07-24,85.300514
2018-07-25,85.411644
2018-07-26,85.493111
2018-07-27,85.604210
2018-07-30,85.485718
2018-07-31,85.752365
2018-08-01,85.449989
2018-08-02,85.554016
2018-08-03,85.821495
2018-08-06,85.903183
2018-08-07,85.635735
2018-08-08,85.501999
2018-08-09,85.568893
2018-08-10,85.710030
2018-08-13,85.687729
2018-08-14,85.799156
2018-08-15,85.977486
2018-08-16,86.088959
2018-08-17,86.163261
2018-08-20,86.386131
2018-08-21,86.170692
2018-08-22,86.163261
2018-08-23,86.192955
2018-08-24,86.363884
2018-08-27,86.230103
2018-08-28,85.903183
2018-08-29,85.814034
2018-08-30,85.895782
2018-08-31,85.769470
2018-09-04,85.611519
2018-09-05,85.559349
2018-09-06,85.797844
2018-09-07,85.440094
2018-09-10,85.723244
2018-09-11,85.529533
2018-09-12,85.700851
2018-09-13,85.879784
2018-09-14,85.775436
2018-09-17,85.723244
2018-09-18,85.373024
2018-09-19,85.246338
2018-09-20,85.469917
2018-09-21,85.484787
2018-09-24,85.291061
2018-09-25,85.291061
2018-09-26,85.596573
2018-09-27,85.708351
2018-09-28,85.648705
2018-10-01,85.530647
2018-10-02,85.605362
2018-10-03,85.104538
2018-10-04,84.753212
2018-10-05,84.424355
2018-10-08,84.334602
2018-10-09,84.573792
2018-10-10,84.342087
2018-10-11,84.693413
2018-10-12,84.708389
2018-10-15,84.551392
2018-10-16,84.768150
2018-10-17,84.349579
2018-10-18,84.349579
2018-10-19,84.244911
2018-10-22,84.140228
2018-10-23,84.259842
2018-10-24,84.379425
2018-10-25,84.274803
2018-10-26,84.416847
2018-10-29,84.319672
2018-10-30,84.132729
2018-10-31,83.893608
2018-11-01,84.147835
2018-11-02,83.810326
2018-11-05,83.960304
2018-11-06,84.102837
2018-11-07,84.320320
2018-11-08,84.072838
2018-11-09,84.132797
2018-11-12,84.125305
2018-11-13,84.012840
2018-11-14,83.787849
2018-11-15,83.630310
2018-11-16,83.795349
2018-11-19,83.712814
2018-11-20,83.510338
2018-11-21,83.690338
2018-11-23,83.727844
2018-11-26,83.765343
2018-11-27,83.660355
2018-11-28,83.885345
2018-11-29,83.645309
2018-11-30,83.592842
2018-12-03,83.903542
2018-12-04,83.918610
2018-12-06,84.174408
2018-12-07,84.181931
2018-12-10,84.437737
2018-12-11,84.588196
2018-12-12,84.678459
2018-12-13,84.904221
2018-12-14,84.813942
2018-12-17,84.904221
2018-12-18,85.207611
2018-12-19,85.139694
2018-12-20,84.860420
2018-12-21,84.777397
2018-12-24,84.581184
2018-12-26,84.513283
2018-12-27,84.513283
2018-12-28,84.913277
2018-12-31,85.147224
2019-01-02,85.411377
2019-01-03,85.449104
2019-01-04,85.396278
2019-01-07,85.403793
2019-01-08,85.592476
2019-01-09,85.917023
2019-01-10,85.690620
2019-01-11,85.849129
2019-01-14,85.622711
2019-01-15,85.675522
2019-01-16,85.841568
2019-01-17,86.015144
2019-01-18,86.166061
2019-01-22,86.309509
2019-01-23,86.528366
2019-01-24,86.754745
2019-01-25,86.830246
2019-01-28,86.815147
2019-01-29,87.003822
2019-01-30,87.403801
2019-01-31,88.015114
2019-02-01,87.805450
2019-02-04,87.684334
2019-02-05,88.040131
2019-02-06,87.873581
2019-02-07,87.858482
2019-02-08,88.077980
2019-02-11,87.881187
2019-02-12,88.002274
2019-02-13,87.775177
2019-02-14,87.873581
2019-02-15,87.979530
2019-02-19,88.032509
2019-02-20,87.956886
2019-02-21,87.707062
2019-02-22,88.100670
2019-02-25,88.070404
2019-02-26,88.206673
2019-02-27,87.956886
2019-02-28,87.835762
2019-03-01,87.682365
2019-03-04,87.879768
2019-03-05,87.910156
2019-03-06,87.993683
2019-03-07,88.282265
2019-03-08,88.396103
2019-03-11,88.494827
2019-03-12,88.737862
2019-03-13,88.593567
2019-03-14,88.418907
2019-03-15,88.737862
2019-03-18,88.692291
2019-03-19,88.707458
2019-03-20,89.307396
2019-03-21,89.474411
2019-03-22,90.021172
2019-03-25,90.203346
2019-03-26,90.241341
2019-03-27,90.362831
2019-03-28,90.476784
2019-03-29,90.408394
2019-04-01,90.071754
2019-04-02,90.193649
2019-04-03,90.003235
2019-04-04,90.147934
2019-04-05,90.292664
2019-04-08,90.163170
2019-04-09,90.353554
2019-04-10,90.795326
2019-04-11,90.703949
2019-04-12,90.650597
2019-04-15,90.505905
2019-04-16,90.254539
2019-04-17,90.239372
2019-04-18,90.315506
2019-04-22,90.170799
2019-04-23,90.544014
2019-04-24,90.848679
2019-04-25,90.802940
2019-04-26,91.122818
2019-04-29,90.764870
2019-04-30,90.802940
2019-05-01,90.773918
2019-05-02,90.445465
2019-05-03,90.850304
2019-05-06,90.972572
2019-05-07,90.964920
2019-05-08,90.659363
2019-05-09,90.743347
2019-05-10,90.796829
2019-05-13,90.850304
2019-05-14,90.980164
2019-05-15,91.232262
2019-05-16,91.087151
2019-05-17,91.094742
2019-05-20,90.880875
2019-05-21,90.957275
2019-05-22,91.071854
2019-05-23,91.270432
2019-05-24,91.461464
2019-05-28,91.522537
2019-05-29,91.560738
2019-05-30,92.087845
2019-05-31,92.301697
2019-06-03,92.585983
2019-06-04,92.616676
2019-06-05,92.555359
2019-06-06,92.731575
2019-06-07,93.145332
2019-06-10,92.808212
2019-06-11,92.892494
2019-06-12,93.030418
2019-06-13,93.267952
2019-06-14,93.306267
2019-06-17,93.352272
2019-06-18,93.972893
2019-06-19,94.570595
2019-06-20,95.083954
2019-06-21,94.739166
2019-06-24,94.976677
2019-06-25,94.693184
2019-06-26,94.501625
2019-06-27,95.053329
2019-06-28,95.298523
2019-07-01,95.479103
2019-07-02,95.740379
2019-07-03,96.001640
2019-07-05,95.156387
2019-07-08,95.025772
2019-07-09,94.825912
2019-07-10,95.041092
2019-07-11,94.480110
2019-07-12,94.572357
2019-07-15,94.733681
2019-07-16,94.533920
2019-07-17,95.033401
2019-07-18,95.256210
2019-07-19,95.110252
2019-07-22,95.402245
2019-07-23,95.456062
2019-07-24,95.725014
2019-07-25,95.417648
2019-07-26,95.548264
2019-07-29,95.486824
2019-07-30,95.456062
2019-07-31,95.540581
2019-08-01,96.317360
2019-08-02,96.417526
2019-08-05,96.486847
2019-08-06,97.087914
2019-08-07,97.072533
2019-08-08,97.334541
2019-08-09,97.049438
2019-08-12,97.658165
2019-08-13,97.581139
2019-08-14,97.866226
2019-08-15,98.344017
2019-08-16,98.521248
2019-08-19,98.197609
2019-08-20,98.767860
2019-08-21,98.945107
2019-08-22,98.582886
2019-08-23,98.945107
2019-08-26,98.952820
2019-08-27,99.484520
2019-08-28,99.484520
2019-08-29,99.268776
2019-08-30,99.253349
2019-09-03,99.159821
2019-09-04,99.345291
2019-09-05,98.618942
2019-09-06,98.974365
2019-09-09,98.248085
2019-09-10,97.421295
2019-09-11,97.344017
2019-09-12,97.212646
2019-09-13,96.339493
2019-09-16,96.826286
2019-09-17,97.073540
2019-09-18,97.313118
2019-09-19,97.591316
2019-09-20,98.263504
2019-09-23,98.193977
2019-09-24,98.503006
2019-09-25,97.946716
2019-09-26,98.155319
2019-09-27,98.178535
2019-09-30,98.503006
2019-10-01,98.616188
2019-10-02,98.577408
2019-10-03,98.964806
2019-10-04,99.375427
2019-10-07,98.871841
2019-10-08,98.786598
2019-10-09,98.825317
2019-10-10,98.244255
2019-10-11,98.066086
2019-10-14,98.391457
2019-10-15,98.128075
2019-10-16,98.236534
2019-10-17,98.375984
2019-10-18,98.499893
2019-10-21,98.275299
2019-10-22,98.445694
2019-10-23,98.499893
2019-10-24,98.716866
2019-10-25,98.546410
2019-10-28,98.252029
2019-10-29,97.996353
2019-10-30,98.345001
2019-10-31,98.941566
2019-11-01,99.038673
2019-11-04,98.572548
2019-11-05,98.005447
2019-11-06,98.557014
2019-11-07,97.787949
2019-11-08,97.655876
2019-11-11,97.686981
2019-11-12,97.780167
2019-11-13,98.013252
2019-11-14,98.525978
2019-11-15,98.541504
2019-11-18,98.650246
2019-11-19,98.844429
2019-11-20,98.984268
2019-11-21,98.751236
2019-11-22,99.023132
2019-11-25,99.364944
2019-11-26,99.621277
2019-11-27,99.613533
2019-11-29,99.411583
2019-12-02,98.979980
2019-12-03,99.743347
2019-12-04,99.610954
2019-12-05,99.501900
2019-12-06,99.447342
2019-12-09,99.431801
2019-12-10,99.431801
2019-12-11,99.821251
2019-12-12,99.361656
2019-12-13,100.008209
2019-12-16,99.782303
2019-12-17,99.704414
2019-12-18,99.634315
2019-12-19,99.732697
2019-12-20,99.701469
2019-12-23,99.748367
2019-12-24,99.849846
2019-12-26,100.029480
2019-12-27,100.170036
2019-12-30,100.349686
2019-12-31,99.935776
2020-01-02,100.146622
2020-01-03,100.490265
2020-01-06,100.154457
2020-01-07,99.896751
2020-01-08,99.756119
2020-01-09,100.232567
2020-01-10,100.513710
2020-01-13,100.271614
2020-01-14,100.396591
2020-01-15,100.615234
2020-01-16,100.755791
2020-01-17,100.740211
2020-01-21,101.224403
2020-01-22,101.279030
2020-01-23,101.411850
2020-01-24,101.583687
2020-01-27,101.778923
2020-01-28,101.724236
2020-01-29,102.052261
2020-01-30,102.114746
2020-01-31,102.380280
2020-02-03,102.299637
2020-02-04,102.049095
2020-02-05,101.986420
2020-02-06,101.939453
2020-02-07,102.330956
2020-02-10,102.573708
2020-02-11,102.424896
2020-02-12,102.377930
2020-02-13,102.307480
2020-02-14,102.557991
2020-02-18,102.753777
2020-02-19,102.612839
2020-02-20,102.957352
2020-02-21,103.160965
2020-02-24,103.176605
2020-02-25,103.278374
2020-02-26,102.894722
2020-02-27,102.346642
2020-02-28,103.497612
2020-03-02,103.394791
2020-03-03,104.572395
2020-03-04,104.721558
2020-03-05,104.682343
2020-03-06,105.412430
2020-03-09,102.853088
2020-03-10,100.537086
2020-03-11,97.231926
2020-03-12,92.592110
2020-03-13,96.603874
2020-03-16,95.229973
2020-03-17,91.328140
2020-03-18,86.759010
2020-03-19,82.472450
2020-03-20,83.799248
2020-03-23,89.993477
2020-03-24,91.838440
2020-03-25,96.234901
2020-03-26,96.313377
2020-03-27,96.117134
2020-03-30,97.286888
2020-03-31,96.964973
2020-04-01,95.556152
2020-04-02,95.808052
2020-04-03,95.312202
2020-04-06,97.193245
2020-04-07,97.342781
2020-04-08,99.097916
2020-04-09,103.757286
2020-04-13,102.749832
2020-04-14,102.246101
2020-04-15,102.930870
2020-04-16,102.419296
2020-04-17,102.757713
2020-04-20,102.175255
2020-04-21,101.813232
2020-04-22,101.876190
2020-04-23,102.309120
2020-04-24,102.238235
2020-04-27,101.411865
2020-04-28,101.687325
2020-04-29,102.356354
2020-04-30,101.663727
2020-05-01,101.261307
2020-05-04,101.419136
2020-05-05,101.284973
2020-05-06,100.148811
2020-05-07,100.417091
2020-05-08,99.935791
2020-05-11,99.059990
2020-05-12,100.014641
2020-05-13,100.243492
2020-05-14,101.071930
2020-05-15,101.427017
2020-05-18,102.002975
2020-05-19,102.081841
2020-05-20,103.202271
2020-05-21,103.123375
2020-05-22,103.123375
2020-05-26,102.981369
2020-05-27,103.407402
2020-05-28,103.494209
2020-05-29,104.164864
2020-06-01,104.118973
2020-06-02,104.451180
2020-06-03,104.387894
2020-06-04,104.071556
2020-06-05,104.609337
2020-06-08,104.957397
2020-06-09,104.735901
2020-06-10,105.423996
2020-06-11,104.166435
2020-06-12,104.672600
2020-06-15,106.159584
2020-06-16,105.866982
2020-06-17,105.661293
2020-06-18,105.898590
2020-06-19,105.977715
2020-06-22,105.874863
2020-06-23,105.677132
2020-06-24,105.384476
2020-06-25,105.495255
2020-06-26,105.590141
2020-06-29,106.080521
2020-06-30,106.381073
2020-07-01,106.801216
2020-07-02,107.062836
2020-07-06,107.340302
2020-07-07,107.483017
2020-07-08,107.308617
2020-07-09,107.911133
2020-07-10,107.712875
2020-07-13,107.427521
2020-07-14,108.053757
2020-07-15,108.267853
2020-07-16,108.569115
2020-07-17,108.862427
2020-07-20,109.163696
2020-07-21,109.306374
2020-07-22,109.663147
2020-07-23,109.742348
2020-07-24,109.496651
2020-07-27,109.163696
2020-07-28,109.052711
2020-07-29,109.647240
2020-07-30,109.528358
2020-07-31,109.678970
2020-08-03,109.825966
2020-08-04,110.231163
2020-08-05,110.080193
2020-08-06,110.548882
2020-08-07,110.239052
2020-08-10,110.000694
2020-08-11,109.309486
2020-08-12,109.039429
2020-08-13,108.054291
2020-08-14,107.577652
2020-08-17,107.800087
2020-08-18,108.109894
2020-08-19,107.823921
2020-08-20,108.205231
2020-08-21,108.403847
2020-08-24,108.213211
2020-08-25,107.744453
2020-08-26,107.784187
2020-08-27,106.926193
2020-08-28,107.251884
2020-08-31,107.728569
2020-09-01,108.409264
2020-09-02,108.839226
2020-09-03,108.600365
2020-09-04,107.445885
2020-09-08,107.549385
2020-09-09,107.621094
2020-09-10,107.700714
2020-09-11,107.780350
2020-09-14,108.051079
2020-09-15,108.170464
2020-09-16,108.242119
2020-09-17,108.266014
2020-09-18,108.066925
2020-09-21,107.963463
2020-09-22,108.027138
2020-09-23,107.246880
2020-09-24,106.976173
2020-09-25,106.864693
2020-09-28,107.406105
2020-09-29,107.270760
2020-09-30,107.254860
2020-10-01,107.553253
2020-10-02,107.569229
2020-10-05,107.210152
2020-10-06,107.122360
2020-10-07,107.154320
2020-10-08,107.417610
2020-10-09,107.664963
2020-10-12,108.287361
2020-10-13,108.183647
2020-10-14,108.287361
2020-10-15,108.175659
2020-10-16,107.992111
2020-10-19,107.784653
2020-10-20,107.561272
2020-10-21,107.385712
2020-10-22,107.146339
2020-10-23,107.417610
2020-10-26,107.641060
2020-10-27,108.079941
2020-10-28,107.545280
2020-10-29,107.266006
2020-10-30,106.707466
2020-11-02,107.125671
2020-11-03,107.229645
2020-11-04,108.836876
2020-11-05,109.244659
2020-11-06,108.900864
2020-11-09,108.077232
2020-11-10,107.797348
2020-11-11,107.997276
2020-11-12,108.429070
2020-11-13,108.556984
2020-11-16,108.908836
2020-11-17,109.260689
2020-11-18,109.492538
2020-11-19,110.100266
2020-11-20,110.004303
2020-11-23,110.140266
2020-11-24,109.892334
2020-11-25,109.956329
2020-11-27,110.348183
2020-11-30,110.732010
2020-12-01,110.312149
2020-12-02,109.943573
2020-12-03,110.376213
2020-12-04,109.767319
2020-12-07,109.863419
2020-12-08,109.735275
2020-12-09,109.334656
2020-12-10,109.879486
2020-12-11,109.991615
2020-12-14,109.911514
2020-12-15,110.127838
2020-12-16,110.039688
2020-12-17,110.200302
2020-12-18,110.119972
2020-12-21,109.903214
2020-12-22,110.208313
2020-12-23,110.232430
2020-12-24,110.609756
2020-12-28,110.682045
2020-12-29,110.730148
2020-12-30,110.874680
2020-12-31,110.898758
2021-01-04,110.336769
2021-01-05,109.983513
2021-01-06,109.092331
2021-01-07,109.076302
2021-01-08,108.995987
2021-01-11,108.530357
2021-01-12,108.763153
2021-01-13,109.606186
2021-01-14,109.132492
2021-01-15,109.301086
2021-01-19,109.493752
2021-01-20,109.461655
2021-01-21,109.028145
2021-01-22,108.947807
2021-01-25,109.413483
2021-01-26,109.405426
2021-01-27,109.212799
2021-01-28,109.036133
2021-01-29,108.867523
2021-02-01,109.082329
2021-02-02,108.792755
2021-02-03,108.535294
2021-02-04,108.720360
2021-02-05,108.430695
2021-02-08,108.897308
2021-02-09,108.728394
2021-02-10,108.985809
2021-02-11,108.696213
2021-02-12,108.342201
2021-02-16,107.578026
2021-02-17,108.116997
2021-02-18,107.907829
2021-02-19,107.127541
2021-02-22,106.459831
2021-02-23,106.540321
2021-02-24,106.701195
2021-02-25,105.011841
2021-02-26,106.403526
2021-03-01,106.507515
2021-03-02,106.386612
2021-03-03,105.596664
2021-03-04,104.734138
2021-03-05,104.597084
2021-03-08,103.621735
2021-03-09,104.403656
2021-03-10,104.895363
2021-03-11,104.959824
2021-03-12,103.750725
2021-03-15,104.105385
2021-03-16,104.032852
2021-03-17,104.129570
2021-03-18,103.533073
2021-03-19,103.686218
2021-03-22,104.057007
2021-03-23,104.363335
2021-03-24,104.677727
2021-03-25,104.556786
2021-03-26,104.484238
2021-03-29,104.234344
2021-03-30,104.556786
2021-03-31,104.830864
2021-04-01,105.488289
2021-04-05,104.971405
2021-04-06,105.674065
2021-04-07,105.464073
2021-04-08,105.851768
2021-04-09,105.633698
2021-04-12,105.609467
2021-04-13,106.077888
2021-04-14,105.932541
2021-04-15,106.586716
2021-04-16,105.859848
2021-04-19,105.585228
2021-04-20,105.787148
2021-04-21,106.150566
2021-04-22,106.255569
2021-04-23,106.344444
2021-04-26,106.295998
2021-04-27,105.819427
2021-04-28,105.835594
2021-04-29,105.706383
2021-04-30,105.924446
2021-05-03,106.179367
2021-05-04,106.244118
2021-05-05,106.373596
2021-05-06,106.575867
2021-05-07,106.616348
2021-05-10,106.041779
2021-05-11,105.653343
2021-05-12,105.078796
2021-05-13,105.475311
2021-05-14,106.049866
2021-05-17,105.928467
2021-05-18,105.580521
2021-05-19,105.394394
2021-05-20,106.114639
2021-05-21,106.187439
2021-05-24,106.478806
2021-05-25,106.875290
2021-05-26,106.818642
2021-05-27,106.494919
2021-05-28,106.583954
2021-06-01,106.597725
2021-06-02,106.768021
2021-06-03,106.346420
2021-06-04,107.100456
2021-06-07,107.011284
2021-06-08,107.416626
2021-06-09,107.805870
2021-06-10,108.292366
2021-06-11,108.381531
2021-06-14,107.984253
2021-06-15,108.065323
2021-06-16,107.757202
2021-06-17,108.357193
2021-06-18,108.924774
2021-06-21,108.292366
2021-06-22,108.470734
2021-06-23,108.300476
2021-06-24,108.511284
2021-06-25,108.227478
2021-06-28,108.689659
2021-06-29,108.819397
2021-06-30,108.941010
2021-07-01,108.845963
2021-07-02,109.154655
2021-07-06,109.552673
2021-07-07,109.926384
2021-07-08,109.983238
2021-07-09,109.520203
2021-07-12,109.463326
2021-07-13,109.057182
2021-07-14,109.560829
2021-07-15,109.796387
2021-07-16,109.642075
2021-07-19,110.430046
2021-07-20,110.275681
2021-07-21,109.885742
2021-07-22,110.340698
2021-07-23,110.291939
2021-07-26,110.048241
2021-07-27,110.519379
2021-07-28,110.714348
2021-07-29,110.397530
2021-07-30,110.486885
2021-08-02,110.806686
2021-08-03,110.920662
2021-08-04,110.945084
2021-08-05,110.489334
2021-08-06,109.585991
2021-08-09,109.114029
2021-08-10,108.869881
2021-08-11,109.040764
2021-08-12,109.195404
2021-08-13,109.927795
2021-08-16,109.992905
2021-08-17,109.797615
2021-08-18,109.724350
2021-08-19,109.976639
2021-08-20,110.049911
2021-08-23,110.131256
2021-08-24,109.879005
2021-08-25,109.594177
2021-08-26,109.561653
2021-08-27,110.171982
2021-08-30,110.359131
2021-08-31,110.106819
2021-09-01,110.248688
2021-09-02,110.444351
2021-09-03,110.044899
2021-09-07,109.523170
2021-09-08,109.873703
2021-09-09,110.591072
2021-09-10,110.273140
2021-09-13,110.542160
2021-09-14,110.876396
2021-09-15,110.745949
2021-09-16,110.591072
2021-09-17,110.346550
2021-09-20,110.688911
2021-09-21,110.680763
2021-09-22,110.990532
2021-09-23,110.224243
2021-09-24,109.987846
2021-09-27,109.930794
2021-09-28,108.756897
2021-09-29,108.732422
2021-09-30,108.447067
2021-10-01,109.235298
2021-10-04,109.055603
2021-10-05,108.606361
2021-10-06,108.639008
2021-10-07,108.157150
2021-10-08,107.658913
2021-10-11,107.454697
2021-10-12,108.140785
2021-10-13,108.688057
2021-10-14,109.202614
2021-10-15,108.810555
2021-10-18,108.720726
2021-10-19,108.124489
2021-10-20,107.863113
2021-10-21,107.634415
2021-10-22,108.067284
2021-10-25,108.116272
2021-10-26,108.581863
2021-10-27,109.243439
2021-10-28,109.080101
2021-10-29,109.022949
2021-11-01,108.828140
2021-11-02,109.245529
2021-11-03,108.967270
2021-11-04,109.540138
2021-11-05,110.342133
2021-11-08,110.088455
2021-11-09,110.383095
2021-11-10,109.253700
2021-11-11,108.942711
2021-11-12,108.828140
2021-11-15,108.001602
2021-11-16,107.821510
2021-11-17,108.255280
2021-11-18,108.500786
2021-11-19,108.909973
2021-11-22,107.960663
2021-11-23,107.191376
2021-11-24,107.706970
2021-11-26,108.582619
2021-11-29,108.656303
2021-11-30,108.893654
2021-12-01,108.909149
2021-12-02,109.163338
2021-12-03,110.073387
2021-12-06,109.515884
2021-12-07,109.565071
2021-12-08,108.835442
2021-12-09,108.745239
2021-12-10,108.868172
2021-12-13,109.360100
2021-12-14,108.868172
2021-12-15,109.007561
2021-12-16,109.004295
2021-12-17,109.258904
2021-12-20,108.782516
2021-12-21,108.996071
2021-12-22,109.168587
2021-12-23,109.004295
2021-12-27,109.324669
2021-12-28,109.184990
2021-12-29,108.585358
2021-12-30,109.020744
2021-12-31,108.856445
2022-01-03,107.698212
2022-01-04,107.788567
2022-01-05,107.156059
2022-01-06,107.016426
2022-01-07,106.556404
2022-01-10,106.457863
2022-01-11,106.778221
2022-01-12,106.704269
2022-01-13,107.041061
2022-01-14,106.096413
2022-01-18,105.086067
2022-01-19,105.250389
2022-01-20,105.192825
2022-01-21,105.882820
2022-01-24,105.554237
2022-01-25,105.258537
2022-01-26,104.543907
2022-01-27,104.782104
2022-01-28,104.897141
2022-01-31,104.946411
2022-02-01,105.120872
2022-02-02,105.129143
2022-02-03,104.281433
2022-02-04,103.244431
2022-02-07,103.433739
2022-02-08,103.046928
2022-02-09,103.392601
2022-02-10,101.985268
2022-02-11,102.742424
2022-02-14,101.828934
2022-02-15,101.318657
2022-02-16,101.466805
2022-02-17,101.540833
2022-02-18,101.787766
2022-02-22,101.656113
2022-02-23,100.734322
2022-02-24,101.211655
2022-02-25,101.623177
2022-02-28,102.709557
2022-03-01,103.060844
2022-03-02,101.493919
2022-03-03,101.865074
2022-03-04,101.964005
2022-03-07,100.727005
2022-03-08,100.124969
2022-03-09,100.298119
2022-03-10,99.151825
2022-03-11,99.110603
2022-03-14,97.675621
2022-03-15,98.442581
2022-03-16,99.283798
2022-03-17,100.256905
2022-03-18,100.454811
2022-03-21,99.061134
2022-03-22,98.821945
2022-03-23,99.102348
2022-03-24,99.143585
2022-03-25,98.360107
2022-03-28,98.904434
2022-03-29,99.737366
2022-03-30,99.968285
2022-03-31,99.737366
2022-04-01,100.072044
2022-04-04,100.419151
2022-04-05,98.658852
2022-04-06,98.080368
2022-04-07,97.625839
2022-04-08,96.857239
2022-04-11,95.915123
2022-04-12,95.981247
2022-04-13,96.477097
2022-04-14,95.353149
2022-04-18,94.625893
2022-04-19,93.873848
2022-04-20,94.849030
2022-04-21,93.840790
2022-04-22,93.733383
2022-04-25,94.774635
2022-04-26,94.725044
2022-04-27,93.815979
2022-04-28,94.096985
2022-04-29,93.055672
2022-05-02,92.504044
2022-05-03,93.100418
2022-05-04,94.011528
2022-05-05,92.570312
2022-05-06,91.783455
2022-05-09,92.106491
2022-05-10,92.495750
2022-05-11,92.926460
2022-05-12,92.967911
2022-05-13,92.479187
2022-05-16,92.603439
2022-05-17,92.073311
2022-05-18,92.412918
2022-05-19,92.661430
2022-05-20,93.116997
2022-05-23,92.785645
2022-05-24,94.003242
2022-05-25,94.972351
2022-05-26,94.997200
2022-05-27,95.494217
2022-05-31,94.790115
2022-06-01,94.237175
2022-06-02,94.278687
2022-06-03,93.979782
2022-06-06,93.315552
2022-06-07,93.813721
2022-06-08,93.274055
2022-06-09,92.659630
2022-06-10,91.762901
2022-06-13,89.645714
2022-06-14,89.180763
2022-06-15,90.575630
2022-06-16,90.675247
2022-06-17,90.857903
2022-06-21,89.944595
2022-06-22,90.600548
2022-06-23,91.297981
2022-06-24,91.405907
2022-06-27,90.567307
2022-06-28,90.542374
2022-06-29,91.082085
2022-06-30,91.356071
2022-07-01,92.510811
2022-07-05,92.485840
2022-07-06,92.027962
2022-07-07,92.019638
2022-07-08,91.869759
2022-07-11,92.127831
2022-07-12,92.261063
2022-07-13,92.952049
2022-07-14,92.360939
2022-07-15,93.101875
2022-07-18,92.452530
2022-07-19,92.710602
2022-07-20,92.610680
2022-07-21,93.876129
2022-07-22,94.600456
2022-07-25,93.801239
2022-07-26,93.784592
2022-07-27,94.408966
2022-07-28,95.191566
2022-07-29,95.416351
2022-08-01,95.604942
2022-08-02,94.436600
2022-08-03,95.463043
2022-08-04,95.613281
2022-08-05,94.319756
2022-08-08,94.695297
2022-08-09,94.269676
2022-08-10,95.162621
2022-08-11,94.244637
2022-08-12,95.337898
2022-08-15,95.271133
2022-08-16,94.903931
2022-08-17,94.010956
2022-08-18,94.252968
2022-08-19,93.134682
2022-08-22,92.508797
2022-08-23,92.608940
2022-08-24,92.333534
2022-08-25,93.284935
2022-08-26,92.725754
2022-08-29,92.041473
2022-08-30,92.158287
2022-08-31,91.190231
2022-09-01,90.641220
2022-09-02,90.708191
2022-09-06,89.477989
2022-09-07,90.699799
2022-09-08,90.490578
2022-09-09,90.699799
2022-09-12,90.498947
2022-09-13,89.846214
2022-09-14,90.273026
2022-09-15,89.837830
2022-09-16,89.628616
2022-09-19,89.779243
2022-09-20,88.883812
2022-09-21,89.218536
2022-09-22,87.963257
2022-09-23,87.712204
2022-09-26,86.189095
2022-09-27,84.891983
2022-09-28,86.599159
2022-09-29,85.954765
2022-09-30,85.737190
2022-10-03,87.323303
2022-10-04,87.726303
2022-10-05,87.063004
2022-10-06,86.861488
2022-10-07,85.996635
2022-10-10,85.224159
2022-10-11,85.047829
2022-10-12,84.947060
2022-10-13,85.098198
2022-10-14,84.283752
2022-10-17,84.686798
2022-10-18,85.190552
2022-10-19,84.023460
2022-10-20,83.292984
2022-10-21,83.528069
2022-10-24,83.486099
2022-10-25,84.602829
2022-10-26,84.989059
2022-10-27,85.383690
2022-10-28,85.560013
2022-10-31,85.098198
2022-11-01,85.710495
2022-11-02,85.297806
2022-11-03,84.994614
2022-11-04,85.163063
2022-11-07,84.851471
2022-11-08,85.205154
2022-11-09,84.986221
2022-11-10,87.832840
2022-11-11,88.068649
2022-11-14,87.622269
2022-11-15,88.843475
2022-11-16,89.601456
2022-11-17,89.121407
2022-11-18,89.112953
2022-11-21,88.978226
2022-11-22,89.769859
2022-11-23,90.671021
2022-11-25,90.763695
2022-11-28,90.106766
2022-11-29,89.660416
2022-11-30,90.755264
2022-12-01,91.890823
2022-12-02,92.448448
2022-12-05,91.662682
2022-12-06,91.941505
2022-12-07,92.963799
2022-12-08,92.668098
2022-12-09,91.975281
2022-12-12,91.857002
2022-12-13,92.659683
2022-12-14,92.744148
2022-12-15,92.822067
2022-12-16,92.423813
2022-12-19,91.491608
2022-12-20,90.415329
2022-12-21,91.033981
2022-12-22,91.008537
2022-12-23,90.728897
2022-12-27,89.559418
2022-12-28,89.279755
2022-12-29,89.915329
2022-12-30,89.347511
2023-01-03,89.966156
2023-01-04,90.618752
2023-01-05,90.550888
2023-01-06,92.033974
2023-01-09,92.398384
2023-01-10,92.084824
2023-01-11,92.872978
2023-01-12,93.923820
2023-01-13,93.618744
2023-01-17,93.279739
2023-01-18,94.372986
2023-01-19,94.178040
2023-01-20,93.686531
2023-01-23,93.415359
2023-01-24,93.906876
2023-01-25,93.949234
2023-01-26,93.915337
2023-01-27,93.644157
2023-01-30,93.288216
2023-01-31,93.957710
2023-02-01,94.911507
2023-02-02,95.047493
2023-02-03,93.967918
2023-02-06,93.245346
2023-02-07,92.939339
2023-02-08,93.032822
2023-02-09,92.250725
2023-02-10,91.604683
2023-02-13,91.944702
2023-02-14,91.715225
2023-02-15,91.366676
2023-02-16,90.635597
2023-02-17,90.992645
2023-02-21,89.700516
2023-02-22,89.955521
2023-02-23,90.661110
2023-02-24,89.981026
2023-02-27,90.006546
2023-02-28,90.040543
2023-03-01,89.479210
2023-03-02,89.556000
2023-03-03,90.571167
2023-03-06,90.323769
2023-03-07,90.067833
2023-03-08,89.922821
2023-03-09,89.837517
2023-03-10,91.125664
2023-03-13,91.202415
2023-03-14,90.929443
2023-03-15,91.799561
2023-03-16,91.663094
2023-03-17,92.123756
2023-03-20,91.850754
2023-03-21,92.294334
2023-03-22,92.831833
2023-03-23,93.096252
2023-03-24,93.386299
2023-03-27,92.268761
2023-03-28,92.115219
2023-03-29,92.541763
2023-03-30,92.669724
2023-03-31,93.505722
2023-04-03,94.070518
2023-04-04,94.190331
2023-04-05,94.498390
2023-04-06,94.412804
2023-04-10,93.976387
2023-04-11,93.950691
2023-04-12,93.753899
2023-04-13,93.916458
2023-04-14,93.608406
2023-04-17,93.017952
2023-04-18,93.326035
2023-04-19,92.863922
2023-04-20,93.214821
2023-04-21,93.274681
2023-04-24,93.685432
2023-04-25,94.096184
2023-04-26,93.685432
2023-04-27,93.343178
2023-04-28,94.070518
2023-05-01,92.552467
2023-05-02,93.668686
2023-05-03,93.823219
2023-05-04,93.565643
2023-05-05,93.196449
2023-05-08,92.526680
2023-05-09,92.492348
2023-05-10,93.222191
2023-05-11,93.582794
2023-05-12,93.007523
2023-05-15,92.509521
2023-05-16,92.045837
2023-05-17,92.037315
2023-05-18,91.650879
2023-05-19,91.539230
2023-05-22,91.504906
2023-05-23,91.693817
2023-05-24,91.333199
2023-05-25,91.032639
2023-05-26,91.419044
2023-05-30,92.105972
2023-05-31,92.406487
2023-06-01,92.689888
2023-06-02,92.440056
2023-06-05,92.241951
2023-06-06,92.422844
2023-06-07,91.595856
2023-06-08,92.207512
2023-06-09,91.966293
2023-06-12,92.259171
2023-06-13,91.845711
2023-06-14,92.129974
2023-06-15,92.931107
2023-06-16,92.767410
2023-06-20,93.103394
2023-06-21,93.000008
2023-06-22,92.517609
2023-06-23,92.776054
2023-06-26,92.879402
2023-06-27,92.776054
2023-06-28,93.180923
2023-06-29,92.474548
2023-06-30,93.155060
2023-07-03,92.894081
2023-07-05,92.228638
2023-07-06,91.295296
2023-07-07,91.208855
2023-07-10,91.684166
2023-07-11,92.116272
2023-07-12,92.928642
2023-07-13,93.585472
2023-07-14,92.859489
2023-07-17,93.015060
2023-07-18,93.248398
2023-07-19,93.775581
2023-07-20,93.144699
2023-07-21,93.308907
2023-07-24,93.196533
2023-07-25,93.049629
2023-07-26,93.481728
2023-07-27,92.341003
2023-07-28,92.945915
2023-07-31,93.205185
2023-08-01,92.276428
2023-08-02,91.712776
2023-08-03,90.888954
2023-08-04,91.834175
2023-08-07,91.608734
2023-08-08,91.972931
2023-08-09,92.059647
2023-08-10,91.409271
2023-08-11,91.097092
2023-08-14,91.062416
2023-08-15,90.585457
2023-08-16,90.177856
2023-08-17,89.935051
2023-08-18,90.273270
2023-08-21,89.735580
2023-08-22,90.013107
2023-08-23,91.279205
2023-08-24,90.967003
2023-08-25,91.019058
2023-08-28,91.305214
2023-08-29,92.033630
2023-08-30,91.903572
2023-08-31,92.059647
2023-09-01,91.404335
2023-09-05,90.751648
2023-09-06,90.664597
2023-09-07,91.064941
2023-09-08,91.134560
2023-09-11,90.960487
2023-09-12,90.934402
2023-09-13,91.134560
2023-09-14,90.969193
2023-09-15,90.829979
2023-09-18,91.004028
2023-09-19,90.699417
2023-09-20,90.734230
2023-09-21,89.820457
2023-09-22,90.368721
2023-09-25,89.489754
2023-09-26,89.237350
2023-09-27,88.819626
2023-09-28,88.976265
2023-09-29,88.784836
2023-10-02,87.971451
2023-10-03,86.957932
2023-10-04,87.718071
2023-10-05,87.613228
2023-10-06,87.351120
2023-10-09,88.434479
2023-10-10,88.469452
2023-10-11,89.011147
2023-10-12,88.084999
2023-10-13,88.574272
2023-10-16,87.962692
2023-10-17,87.263725
2023-10-18,86.564796
2023-10-19,85.865837
2023-10-20,86.206596
2023-10-23,86.879333
2023-10-24,87.368584
2023-10-25,86.573509
2023-10-26,87.202583
2023-10-27,87.027840
2023-10-30,86.765762
2023-10-31,86.643448
2023-11-01,87.883377
2023-11-02,88.926872
2023-11-03,89.365349
2023-11-06,88.891815
2023-11-07,89.602119
2023-11-08,90.058083
2023-11-09,89.146126
2023-11-10,89.593330
2023-11-13,89.602119
2023-11-14,91.005142
2023-11-15,90.531631
2023-11-16,91.276993
2023-11-17,91.540062
2023-11-20,91.908348
2023-11-21,91.934662
2023-11-22,92.302971
2023-11-24,91.829453
2023-11-27,92.574837
2023-11-28,92.943123
2023-11-29,93.697243
2023-11-30,93.206184
2023-12-01,94.328415
2023-12-04,93.897125
2023-12-05,94.645264
2023-12-06,94.997322
2023-12-07,95.006149
2023-12-08,94.495628
2023-12-11,94.469231
2023-12-12,95.006149
2023-12-13,96.599243
2023-12-14,97.626587
2023-12-15,97.485229
2023-12-18,97.078896
2023-12-19,97.202591
2023-12-20,97.458733
2023-12-21,97.423424
2023-12-22,97.255554
2023-12-26,97.458733
2023-12-27,98.368599
2023-12-28,98.112411
2023-12-29,97.750237
2024-01-02,97.087746
2024-01-03,96.866898
2024-01-04,96.328064
2024-01-05,95.983559
2024-01-08,96.716728
2024-01-09,96.884567
2024-01-10,96.760933
2024-01-11,97.343903
2024-01-12,97.555939
2024-01-16,96.566574
2024-01-17,96.363396
2024-01-18,96.177902
2024-01-19,96.275078
2024-01-22,96.540070
2024-01-23,96.186722
2024-01-24,96.001213
2024-01-25,96.637230
2024-01-26,96.363396
2024-01-29,96.760933
2024-01-30,97.070076
2024-01-31,97.317406
2024-02-01,98.069984
2024-02-02,97.174713
2024-02-05,96.243881
2024-02-06,96.784668
2024-02-07,96.500984
2024-02-08,96.004555
2024-02-09,95.880432
2024-02-12,95.889305
2024-02-13,94.834404
2024-02-14,95.277664
2024-02-15,95.623375
2024-02-16,95.277664
2024-02-20,95.596764
2024-02-21,95.357445
2024-02-22,95.508125
2024-02-23,95.791801
2024-02-26,95.490402
2024-02-27,95.357445
2024-02-28,95.348549
2024-02-29,95.437233
2024-03-01,96.018196
2024-03-04,95.840240
2024-03-05,96.365189
2024-03-06,96.623184
2024-03-07,96.863411
2024-03-08,96.996880
2024-03-11,97.014648
2024-03-12,96.703285
2024-03-13,96.605400
2024-03-14,95.893623
2024-03-15,95.920334
2024-03-18,95.760170
2024-03-19,96.035980
2024-03-20,96.213936
2024-03-21,96.356277
2024-03-22,96.685493
2024-03-25,96.356277
2024-03-26,96.329590
2024-03-27,96.996880
2024-03-28,96.907913
2024-04-01,95.979965
2024-04-02,95.837112
2024-04-03,95.899590
2024-04-04,96.006805
2024-04-05,95.587021
2024-04-08,95.578110
2024-04-09,96.069298
2024-04-10,94.702888
2024-04-11,94.506393
2024-04-12,94.720734
2024-04-15,93.675812
2024-04-16,93.363266
2024-04-17,93.872314
2024-04-18,93.684776
2024-04-19,93.782997
2024-04-22,94.015182
2024-04-23,94.175941
2024-04-24,93.809807
2024-04-25,93.532944
2024-04-26,93.890175
2024-04-29,94.283127
2024-04-30,93.765114
2024-05-01,94.155167
2024-05-02,94.738007
2024-05-03,95.401505
2024-05-06,95.670471
2024-05-07,95.715317
2024-05-08,95.473213
2024-05-09,95.625656
2024-05-10,95.320808
2024-05-13,95.356659
2024-05-14,95.634613
2024-05-15,96.486404
2024-05-16,96.333977
2024-05-17,96.109810
2024-05-20,96.065018
2024-05-21,96.226379
2024-05-22,96.082932
2024-05-23,95.661507
2024-05-24,95.921539
2024-05-28,95.347679
2024-05-29,94.836609
2024-05-30,95.419418
2024-05-31,95.840836
2024-06-03,96.502373
2024-06-04,96.880394
2024-06-05,97.204407
2024-06-06,97.141380
2024-06-07,96.268364
2024-06-10,96.070343
2024-06-11,96.484360
2024-06-12,97.078400
2024-06-13,97.537415
2024-06-14,97.618416
2024-06-17,97.159401
2024-06-18,97.609406
2024-06-20,97.285393
2024-06-21,97.312408
2024-06-24,97.411392
2024-06-25,97.375404
2024-06-26,96.844376
2024-06-27,97.033394
2024-06-28,96.412376
2024-07-01,95.839706
2024-07-02,96.453926
2024-07-03,97.167450
2024-07-05,97.673271
2024-07-08,97.664192
2024-07-09,97.483543
2024-07-10,97.718399
2024-07-11,98.242264
2024-07-12,98.603523
2024-07-15,98.061623
2024-07-16,98.630653
2024-07-17,98.675797
2024-07-18,98.251289
2024-07-19,97.890022
2024-07-22,97.835815
2024-07-23,97.763573
2024-07-24,97.167450
2024-07-25,97.555809
2024-07-26,98.097755
2024-07-29,98.305481
2024-07-30,98.386772
2024-07-31,98.955795
2024-08-01,99.283936
2024-08-02,100.253845
2024-08-05,100.000046
2024-08-06,99.347389
2024-08-07,98.894165
2024-08-08,98.939499
2024-08-09,99.447090
2024-08-12,99.655602
2024-08-13,100.353554
2024-08-14,100.797691
2024-08-15,100.489532
2024-08-16,100.788651
2024-08-19,101.024315
2024-08-20,101.287193
2024-08-21,101.513817
2024-08-22,101.096840
2024-08-23,101.676971
2024-08-26,101.550072
2024-08-27,101.468491
2024-08-28,101.260025
2024-08-29,101.087791
2024-08-30,100.806786
2024-09-03,101.111542
2024-09-04,101.739311
2024-09-05,102.239655
2024-09-06,102.194183
2024-09-09,102.421638
2024-09-10,102.703644
2024-09-11,102.749153
2024-09-12,102.676346
2024-09-13,102.994774
2024-09-16,103.449638
2024-09-17,103.458748
2024-09-18,103.031174
2024-09-19,103.122139
2024-09-20,103.213112
2024-09-23,103.067551
2024-09-24,103.240402
2024-09-25,102.630867
2024-09-26,102.630867
2024-09-27,103.040283
2024-09-30,102.785545
2024-10-01,103.279495
2024-10-02,103.051224
2024-10-03,102.384666
2024-10-04,101.827705
2024-10-07,101.307228
2024-10-08,101.508118
2024-10-09,101.307228
2024-10-10,101.197655
2024-10-11,101.179398
2024-10-14,101.188545
2024-10-15,101.681602
2024-10-16,102.001190
2024-10-17,101.243317
2024-10-18,101.124619
2024-10-21,100.092834
2024-10-22,100.083687
2024-10-23,99.745850
2024-10-24,100.047173
2024-10-25,99.809769
2024-10-28,99.727592
2024-10-29,99.846291
2024-10-30,99.718445
2024-10-31,99.517593
2024-11-01,98.972382
2024-11-04,99.705406
2024-11-05,100.181923
2024-11-06,99.137299
2024-11-07,100.310211
2024-11-08,100.658409
2024-11-11,100.465958
2024-11-12,99.558807
2024-11-13,99.183121
2024-11-14,99.155617
2024-11-15,99.201454
2024-11-18,99.384705
2024-11-19,99.595467
2024-11-20,99.357224
2024-11-21,99.238098
2024-11-22,99.329727
2024-11-25,100.566780
2024-11-26,100.310211
2024-11-27,100.676720
2024-11-29,101.299843
2024-12-02,101.458916
2024-12-03,101.100296
2024-12-04,101.587646
2024-12-05,101.560051
2024-12-06,101.789932
2024-12-09,101.532471
2024-12-10,101.376167
2024-12-11,101.100296
2024-12-12,100.530197
2024-12-13,99.969307
2024-12-16,100.098030
2024-12-17,100.107239
2024-12-18,98.866112
2024-12-19,98.330894
2024-12-20,98.718452
2024-12-23,98.432388
2024-12-24,98.736893
2024-12-26,98.829178
2024-12-27,98.413948
2024-12-30,98.838409
2024-12-31,98.589272
2025-01-02,98.598503
2025-01-03,98.367790
2025-01-06,98.118652
2025-01-07,97.666481
2025-01-08,97.823372
2025-01-10,97.260460
2025-01-13,96.983620
2025-01-14,97.094368
2025-01-15,98.257065
2025-01-16,98.450844
2025-01-17,98.533890
2025-01-21,99.106033
2025-01-22,98.792282
2025-01-23,98.653854
2025-01-24,98.847649
2025-01-27,99.530495
2025-01-28,99.392082
2025-01-29,99.262886
2025-01-30,99.484352
2025-01-31,99.161385
2025-02-03,99.317886
2025-02-04,99.512398
2025-02-05,100.206978
2025-02-06,100.021759
2025-02-07,99.586479
2025-02-10,99.614250
2025-02-11,99.392006
2025-02-12,98.854828
2025-02-13,99.623528
2025-02-14,100.012505
2025-02-18,99.605011
2025-02-19,99.660568
2025-02-20,99.901367
2025-02-21,100.253281
2025-02-24,100.512589
2025-02-25,101.281303
2025-02-26,101.494293
2025-02-27,101.068275
2025-02-28,101.512825
2025-03-03,101.833557
2025-03-04,101.498886
2025-03-05,101.173508
2025-03-06,100.857430
2025-03-07,100.699379
2025-03-10,101.043365
2025-03-11,100.383324
2025-03-12,100.085800
2025-03-13,100.401909
2025-03-14,100.355408
2025-03-17,100.559929
2025-03-18,100.801636
2025-03-19,101.396637
2025-03-20,101.247871
2025-03-21,101.108429
2025-03-24,100.671486
2025-03-25,100.773743
2025-03-26,100.364708
2025-03-27,100.243843
2025-03-28,100.848145
2025-03-31,101.043365
2025-04-01,101.404503
2025-04-02,101.637802
2025-04-03,101.628487
2025-04-04,101.516487
2025-04-07,99.538071
2025-04-08,98.278198
2025-04-09,99.920670
2025-04-10,98.222191
2025-04-11,98.203514
2025-04-14,98.810135
2025-04-15,99.342072
2025-04-16,99.762039
2025-04-17,99.622047
2025-04-21,98.548828
2025-04-22,98.791466
2025-04-23,99.230080
2025-04-24,100.247322
2025-04-25,100.779251
2025-04-28,101.012543
2025-04-29,101.245865
2025-04-30,100.769928
2025-05-01,100.415733
2025-05-02,100.172127
2025-05-05,100.031578
2025-05-06,100.228340
2025-05-07,100.434479
2025-05-08,99.928513
2025-05-09,99.891037
2025-05-12,99.872292
2025-05-13,99.956604
2025-05-14,99.450645
2025-05-15,100.162766
2025-05-16,100.350136
2025-05-19,100.359520
2025-05-20,100.115898
2025-05-21,99.000900
2025-05-22,99.506851
2025-05-23,99.581825
2025-05-27,100.481308
2025-05-28,100.237701
2025-05-29,100.687477
2025-05-30,100.977898
2025-06-02,100.692024
2025-06-03,100.739059
2025-06-04,101.472588
2025-06-05,101.162247
2025-06-06,100.550972
2025-06-09,100.851891
2025-06-10,101.096413
2025-06-11,101.416153
2025-06-12,101.980431
2025-06-13,101.369133
2025-06-16,101.190460
2025-06-17,101.538437
2025-06-18,101.613647
2025-06-20,101.698288
2025-06-23,101.952202
2025-06-24,102.431831
2025-06-25,102.309578
2025-06-26,102.685753
2025-06-27,102.516472
2025-06-30,103.080719
2025-07-01,103.205315
2025-07-02,103.186440
2025-07-03,102.941017
2025-07-07,102.327499
2025-07-08,102.034882
2025-07-09,102.620110
2025-07-10,102.638992
2025-07-11,102.016022
2025-07-14,101.987701
2025-07-15,101.619591
2025-07-16,101.780052
2025-07-17,102.025444
2025-07-18,102.214249
2025-07-21,102.610687
2025-07-22,102.856079
2025-07-23,102.695625
2025-07-24,102.544601
2025-07-25,102.874954
2025-07-28,102.667297
2025-07-29,103.346901
2025-07-30,102.959915
2025-07-31,102.988228
2025-08-01,103.901848
2025-08-04,104.081909
2025-08-05,104.157753
2025-08-06,104.129295
2025-08-07,104.025055
2025-08-08,103.693352
2025-08-11,103.854462
2025-08-12,103.949234
2025-08-13,104.498917
2025-08-14,104.138779
2025-08-15,104.006088
2025-08-18,103.816551
2025-08-19,103.977676
2025-08-20,104.025055
2025-08-21,103.626999
2025-08-22,104.442047
2025-08-25,104.167221
2025-08-26,104.243034
2025-08-27,104.280945
2025-08-28,104.442047
2025-08-29,104.062965
2025-09-02,103.714882
2025-09-03,104.333069
2025-09-04,105.046379
2025-09-05,105.731163
2025-09-08,106.102081
2025-09-09,105.911858
2025-09-10,106.225716
2025-09-11,106.720268
2025-09-12,106.530067
2025-09-15,106.862930
2025-09-16,106.767822
2025-09-17,106.577614
2025-09-18,106.358849
2025-09-19,106.273254
2025-09-22,106.035492
2025-09-23,106.244736
2025-09-24,105.816765
2025-09-25,105.626534
2025-09-26,105.769203
2025-09-29,106.121101
2025-09-30,106.016479
2025-10-01,106.442215
2025-10-02,106.614037
2025-10-03,106.480392
2025-10-06,106.136749
2025-10-07,106.337227
2025-10-08,106.203560
2025-10-09,105.993568
2025-10-10,106.289474
2025-10-13,106.652214
2025-10-14,107.005394
2025-10-15,107.005394
2025-10-16,107.310852
2025-10-17,107.100853
2025-10-20,107.425400
2025-10-21,107.444473
2025-10-22,107.549507
2025-10-23,107.415848
2025-10-24,107.597229
2025-10-27,107.778580
2025-10-28,107.788139
2025-10-29,107.177216
2025-10-30,106.604492
2025-10-31,106.174942
2025-11-03,105.889450
2025-11-04,106.033142
2025-11-05,105.717003
2025-11-06,106.272659
2025-11-07,106.061882
2025-11-10,106.119370
2025-11-11,106.540901
2025-11-12,106.435509
2025-11-13,105.908592
2025-11-14,105.621208
2025-11-17,105.688255
2025-11-18,105.736168
2025-11-19,105.745743
2025-11-20,105.889450
2025-11-21,106.263077
2025-11-24,106.684616
2025-11-25,106.981598
2025-11-26,107.345627
2025-11-28,107.163597
2025-12-01,106.589554
2025-12-02,106.656860
2025-12-03,106.897255
2025-12-04,106.704941
2025-12-05,106.599152
2025-12-08,106.377998
2025-12-09,106.243385
2025-12-10,106.733788
2025-12-11,106.579933
2025-12-12,105.935692
2025-12-15,106.060692
2025-12-16,106.301071
2025-12-17,106.185692
2025-12-18,106.589554
2025-12-19,106.315399
2025-12-22,106.296089
2025-12-23,106.402267
2025-12-24,106.817390
2025-12-26,106.807739
2025-12-29,106.952530
2025-12-30,106.827034
2025-12-31,106.373306
2026-01-02,106.344353
2026-01-05,106.643608
2026-01-06,106.643608
2026-01-07,106.720833
2026-01-08,106.421577
2026-01-09,106.807739
2026-01-12,106.682228
2026-01-13,106.913910
2026-01-14,107.184212
2026-01-15,107.049065
2026-01-16,106.740150
2026-01-20,106.093361
2026-01-21,106.730492
2026-01-22,106.933220
2026-01-23,107.000786
2026-01-26,107.087677
2026-01-27,106.971840
2026-01-28,106.817390
2026-01-29,106.846329
2026-01-30,106.740150
2026-02-02,106.641319
2026-02-03,106.689766
2026-02-04,106.554100
2026-02-05,107.067642
2026-02-06,107.125786
2026-02-09,107.125786
2026-02-10,107.377708
2026-02-11,107.261429
2026-02-12,107.765274
2026-02-13,108.123779
2026-02-17,108.230370
2026-02-18,108.123779
2026-02-19,108.210999
2026-02-20,108.123779
2026-02-23,108.240067
2026-02-24,108.210999
2026-02-25,108.181931
2026-02-26,108.249748
2026-02-27,108.210999
2026-03-02,107.844437
2026-03-03,107.795837
2026-03-04,107.893059
2026-03-05,107.465256
2026-03-06,107.105515
2026-03-09,107.747215
2026-03-10,107.008293
2026-03-11,106.133247
2026-03-12,105.559593
2026-03-13,105.170692
2026-03-16,105.676285
2026-03-17,106.269356
2026-03-18,105.695732
2026-03-19,106.162422
2026-03-20,104.859558
2026-03-23,105.549873
2026-03-24,105.335976
2026-03-25,105.715164
2026-03-26,104.888733
2026-03-27,104.635956
2026-03-30,105.306816
2026-03-31,105.967949
2026-04-01,106.081207
2026-04-02,106.530281
2026-04-06,106.364319
2026-04-07,106.481468
2026-04-08,106.891502
2026-04-09,106.891502
2026-04-10,106.608383
2026-04-13,107.018417
2026-04-14,107.369881
2026-04-15,107.330841
2026-04-16,106.832924
2026-04-17,107.428452
2026-04-20,107.418686
2026-04-21,107.008644
2026-04-22,107.213669
2026-04-23,106.920792
2026-04-24,106.998894
2026-04-27,106.696251
2026-04-28,106.745056
2026-04-29,106.149544
2026-04-30,106.266701
2026-05-01,106.438217
2026-05-04,106.095177
2026-05-05,106.487213
2026-05-06,107.016472
2026-05-07,106.575424
2026-05-08,107.026268
2026-05-11,106.761650
2026-05-12,106.399010
2026-05-13,106.457809
2026-05-14,106.389206
2026-05-15,105.712944
2026-05-18,105.516930
2026-05-19,104.987679
2026-05-20,105.801147
2026-05-21,106.016762
2026-05-22,106.212791
2026-05-26,106.614624
2026-05-27,106.761650
2026-05-28,107.085075
2026-05-29,107.183075
2026-06-01,107.166359
2026-06-02,107.156502
2026-06-03,106.861374
2026-06-04,107.087646
2026-06-05,106.418655
2026-06-08,106.310440
2026-06-09,106.654778
2026-06-10,106.408821
2026-06-11,107.313927
2026-06-12,107.245056
2026-06-15,107.225380
2026-06-16,107.353279
2026-06-17,107.008949
2026-06-18,107.304085
2026-06-22,107.018776
2026-06-23,107.146683
2026-06-24,107.638588
2026-06-25,107.727127
2026-06-26,107.727127
2026-06-29,107.923882
2026-06-30,107.304085
2026-07-01,107.078987
2026-07-02,107.256699
2026-07-06,107.286308
2026-07-07,106.506371
2026-07-08,106.299042
2026-07-09,106.338531
2026-07-10,106.091713
2026-07-13,105.598083
2026-07-14,105.844902
2026-07-15,106.210190
2026-07-16,106.131210
2026-07-17,106.190453
2026-07-20,105.785667
2026-07-21,105.489487
2026-07-22,105.311775
2026-07-23,104.907005
2026-07-24,104.877380
2026-07-27,105.153816
2026-07-28,105.469742
2026-07-29,104.867516
2026-07-30,105.055099
2026-07-31,104.897125
2026-08-03,105.212440
2026-08-04,105.856941
2026-08-05,105.837105
2026-08-06,105.460327
2026-08-07,105.648720
2026-08-10,105.063705
2026-08-11,105.093452
2026-08-12,105.222359
2026-08-13,105.648720
2026-08-14,105.222359
2026-08-17,104.805908
2026-08-18,104.944717
2026-08-19,105.668549
2026-08-20,105.162865
2026-08-21,105.024040
2026-08-24,105.281853
2026-08-25,105.956093
2026-08-26,105.876770
2026-08-27,105.827194
2026-08-28,105.450409
2026-08-31,105.311592
2026-09-01,104.767937
2026-09-02,104.897377
2026-09-03,105.046730
2026-09-04,105.026825
2026-09-08,105.026825
2026-09-09,104.857544
2026-09-10,103.911629
2026-09-11,103.871803
2026-09-14,103.851891
2026-09-15,103.831978
2026-09-16,104.001244
2026-09-17,104.708199
2026-09-18,104.250168
2026-09-21,104.638489
2026-09-22,104.638489
2026-09-23,103.443649
2026-09-24,102.706833
2026-09-25,102.766571
2026-09-28,102.029755
2026-09-29,101.970016
2026-09-30,101.740997
2026-10-01,102.029999
2026-10-02,101.830002
