date,adj_close
1999-03-10,42.982265
1999-03-11,43.192699
1999-03-12,42.140507
1999-03-15,43.350540
1999-03-16,43.718815
1999-03-17,43.403152
1999-03-18,44.244907
1999-03-19,43.113792
1999-03-22,42.587704
1999-03-23,41.088303
1999-03-24,42.482464
1999-03-25,44.034458
1999-03-26,43.560978
1999-03-29,45.139263
1999-03-30,44.823616
1999-03-31,44.165970
1999-04-01,45.086666
1999-04-05,46.717560
1999-04-06,46.809635
1999-04-07,46.322983
1999-04-08,46.691257
1999-04-09,46.980614
1999-04-12,46.664955
1999-04-13,46.033649
1999-04-14,44.455334
1999-04-15,45.060345
1999-04-16,43.745098
1999-04-19,41.693306
1999-04-20,42.640305
1999-04-21,44.744705
1999-04-22,45.954723
1999-04-23,46.559738
1999-04-26,47.631664
1999-04-27,46.901718
1999-04-28,45.297096
1999-04-29,44.928814
1999-04-30,45.218201
1999-05-03,44.981434
1999-05-04,44.271210
1999-05-05,45.612770
1999-05-06,43.955563
1999-05-07,44.586861
1999-05-10,45.034058
1999-05-11,45.744274
1999-05-12,46.691257
1999-05-13,45.823212
1999-05-14,44.955143
1999-05-17,45.764011
1999-05-18,45.560146
1999-05-19,46.191460
1999-05-20,44.922249
1999-05-21,44.507935
1999-05-24,43.376839
1999-05-25,41.956387
1999-05-26,43.126938
1999-05-27,43.087471
1999-05-28,43.797707
1999-06-01,42.824440
1999-06-02,43.547821
1999-06-03,42.929657
1999-06-04,44.244907
1999-06-07,45.165577
1999-06-08,44.034458
1999-06-09,44.771004
1999-06-10,44.258064
1999-06-11,43.587303
1999-06-14,42.765251
1999-06-15,43.403152
1999-06-16,45.632500
1999-06-17,46.138866
1999-06-18,46.349308
1999-06-21,47.736885
1999-06-22,46.296677
1999-06-23,47.026646
1999-06-24,46.092823
1999-06-25,46.033649
1999-06-28,47.125309
1999-06-29,47.769764
1999-06-30,48.506287
1999-07-01,48.835110
1999-07-02,49.453289
1999-07-06,49.137619
1999-07-07,49.216530
1999-07-08,49.874165
1999-07-09,50.373962
1999-07-12,50.110905
1999-07-13,49.874165
1999-07-14,50.722519
1999-07-15,51.189419
1999-07-16,51.662895
1999-07-19,51.136791
1999-07-20,49.163948
1999-07-21,49.400669
1999-07-22,48.144604
1999-07-23,48.216957
1999-07-26,47.033222
1999-07-27,47.980209
1999-07-28,48.920605
1999-07-29,47.874981
1999-07-30,47.638268
1999-08-02,47.506725
1999-08-03,47.197639
1999-08-04,46.342720
1999-08-05,47.079258
1999-08-06,46.572895
1999-08-09,45.974449
1999-08-10,45.560146
1999-08-11,47.059547
1999-08-12,46.507133
1999-08-13,48.532612
1999-08-16,48.920605
1999-08-17,49.163948
1999-08-18,48.611523
1999-08-19,48.032822
1999-08-20,48.795677
1999-08-23,50.347660
1999-08-24,50.689617
1999-08-25,51.768105
1999-08-26,50.906616
1999-08-27,50.400265
1999-08-30,49.690022
1999-08-31,50.242420
1999-09-01,50.604118
1999-09-02,50.426552
1999-09-03,52.741390
1999-09-07,52.504642
1999-09-08,51.794434
1999-09-09,52.530956
1999-09-10,53.135975
1999-09-13,52.498077
1999-09-14,52.787418
1999-09-15,51.768105
1999-09-16,51.741814
1999-09-17,53.293808
1999-09-20,53.418766
1999-09-21,52.136383
1999-09-22,52.688786
1999-09-23,50.505474
1999-09-24,50.571228
1999-09-27,50.926369
1999-09-28,51.163120
1999-09-29,50.137222
1999-09-30,50.663303
1999-10-01,50.683037
1999-10-04,51.820732
1999-10-05,52.189003
1999-10-06,53.234619
1999-10-07,53.109642
1999-10-08,53.668644
1999-10-11,54.424919
1999-10-12,53.188587
1999-10-13,51.610275
1999-10-14,51.932510
1999-10-15,50.400265
1999-10-18,49.762367
1999-10-19,50.031979
1999-10-20,51.557671
1999-10-21,52.399445
1999-10-22,52.162685
1999-10-25,52.189003
1999-10-26,51.768105
1999-10-27,51.689190
1999-10-28,53.477928
1999-10-29,55.345592
1999-11-01,55.056229
1999-11-02,55.089092
1999-11-03,56.187351
1999-11-04,56.818634
1999-11-05,57.397388
1999-11-08,58.554794
1999-11-09,58.160206
1999-11-10,58.923077
1999-11-11,59.975266
1999-11-12,60.764420
1999-11-15,60.646038
1999-11-16,62.184879
1999-11-17,61.343128
1999-11-18,63.223930
1999-11-19,63.789471
1999-11-22,62.816185
1999-11-23,63.105537
1999-11-24,65.183632
1999-11-26,65.394096
1999-11-29,64.315559
1999-11-30,61.869194
1999-12-01,63.210758
1999-12-02,65.216545
1999-12-03,66.604080
1999-12-06,67.209122
1999-12-07,67.209122
1999-12-08,66.393646
1999-12-09,66.709335
1999-12-10,67.261734
1999-12-13,68.175827
1999-12-14,66.946053
1999-12-15,68.234993
1999-12-16,69.918480
1999-12-17,70.523506
1999-12-20,71.444206
1999-12-21,75.284729
1999-12-22,75.047997
1999-12-23,75.942352
1999-12-27,75.495178
1999-12-28,75.021706
1999-12-29,77.862633
1999-12-30,77.020844
1999-12-31,76.915581
2000-01-03,79.756554
2000-01-04,74.285141
2000-01-05,72.391182
2000-01-06,67.419540
2000-01-07,75.758209
2000-01-10,77.862633
2000-01-11,74.074707
2000-01-12,72.443794
2000-01-13,76.810402
2000-01-14,78.599159
2000-01-18,79.020027
2000-01-19,80.808754
2000-01-20,80.019608
2000-01-21,81.019165
2000-01-24,77.126053
2000-01-25,78.283493
2000-01-26,75.126930
2000-01-27,76.231682
2000-01-28,72.391182
2000-01-31,75.495178
2000-02-01,77.520660
2000-02-02,78.178284
2000-02-03,81.229637
2000-02-04,81.782043
2000-02-07,82.913162
2000-02-08,86.385399
2000-02-09,83.334053
2000-02-10,86.069748
2000-02-11,84.070587
2000-02-14,83.965355
2000-02-15,84.570381
2000-02-16,84.175804
2000-02-17,85.964531
2000-02-18,82.860542
2000-02-22,83.123604
2000-02-23,87.753281
2000-02-24,89.647232
2000-02-25,87.595413
2000-02-28,87.542824
2000-02-29,89.857628
2000-03-01,90.594193
2000-03-02,88.496368
2000-03-03,93.487755
2000-03-06,94.224243
2000-03-07,92.803810
2000-03-08,93.645584
2000-03-09,96.802170
2000-03-10,96.381302
2000-03-13,93.856003
2000-03-14,90.383736
2000-03-15,86.595848
2000-03-16,91.541191
2000-03-17,93.277313
2000-03-20,90.646805
2000-03-21,94.066444
2000-03-22,95.960419
2000-03-23,97.643921
2000-03-24,98.959167
2000-03-27,99.117012
2000-03-28,96.591721
2000-03-29,92.593353
2000-03-30,90.278526
2000-03-31,92.172523
2000-04-03,86.648468
2000-04-04,85.806732
2000-04-05,84.281013
2000-04-06,86.280197
2000-04-07,89.752426
2000-04-10,84.281013
2000-04-11,82.281837
2000-04-12,77.441711
2000-04-13,74.074707
2000-04-14,67.656319
2000-04-17,75.442528
2000-04-18,77.441711
2000-04-19,75.074280
2000-04-20,73.443390
2000-04-24,71.338989
2000-04-25,76.152786
2000-04-26,73.548576
2000-04-27,76.810402
2000-04-28,79.756554
2000-05-01,80.493073
2000-05-02,75.863441
2000-05-03,75.021706
2000-05-04,75.179482
2000-05-05,76.968277
2000-05-08,73.969498
2000-05-09,72.391182
2000-05-10,67.130196
2000-05-11,71.233757
2000-05-12,71.233757
2000-05-15,74.337738
2000-05-16,76.442146
2000-05-17,74.863869
2000-05-18,72.180771
2000-05-19,68.761086
2000-05-22,68.708481
2000-05-23,62.974030
2000-05-24,66.919762
2000-05-25,65.446693
2000-05-26,65.446693
2000-05-30,72.022926
2000-05-31,69.971161
2000-06-01,73.548576
2000-06-02,78.809624
2000-06-05,79.006874
2000-06-06,76.810402
2000-06-07,78.862190
2000-06-08,78.493927
2000-06-09,78.914841
2000-06-12,76.389488
2000-06-13,79.335709
2000-06-14,77.546989
2000-06-15,78.914841
2000-06-16,79.335709
2000-06-19,82.492325
2000-06-20,82.176605
2000-06-21,83.228813
2000-06-22,80.177437
2000-06-23,77.020844
2000-06-26,79.125237
2000-06-27,78.178284
2000-06-28,79.125237
2000-06-29,77.139236
2000-06-30,78.651749
2000-07-03,80.177437
2000-07-05,77.073471
2000-07-06,79.125237
2000-07-07,80.756187
2000-07-10,79.533005
2000-07-11,79.967041
2000-07-12,81.860977
2000-07-13,82.913162
2000-07-14,84.701897
2000-07-17,85.648880
2000-07-18,83.754898
2000-07-19,81.860977
2000-07-20,84.491440
2000-07-21,81.650513
2000-07-24,79.967041
2000-07-25,80.598297
2000-07-26,80.493073
2000-07-27,77.336487
2000-07-28,73.127716
2000-07-31,75.284729
2000-08-01,74.285141
2000-08-02,72.969917
2000-08-03,76.126495
2000-08-04,75.863441
2000-08-07,77.652168
2000-08-08,79.230431
2000-08-09,77.126053
2000-08-10,75.600380
2000-08-11,76.652588
2000-08-14,78.283493
2000-08-15,78.283493
2000-08-16,79.072601
2000-08-17,80.598297
2000-08-18,80.177437
2000-08-21,80.387886
2000-08-22,80.387886
2000-08-23,81.703148
2000-08-24,82.965759
2000-08-25,82.518547
2000-08-28,82.913162
2000-08-29,83.334053
2000-08-30,83.228813
2000-08-31,85.543633
2000-09-01,86.385399
2000-09-05,83.754898
2000-09-06,80.808754
2000-09-07,82.597527
2000-09-08,80.072227
2000-09-11,78.125671
2000-09-12,76.915581
2000-09-13,78.704384
2000-09-14,78.283493
2000-09-15,76.863037
2000-09-18,75.652985
2000-09-19,78.441353
2000-09-20,79.651337
2000-09-21,73.864235
2000-09-22,78.230888
2000-09-25,76.152786
2000-09-26,75.284729
2000-09-27,75.389969
2000-09-28,77.073471
2000-09-29,74.706017
2000-10-02,73.022484
2000-10-03,70.707664
2000-10-04,72.075539
2000-10-05,72.286003
2000-10-06,69.865913
2000-10-09,69.550293
2000-10-10,65.920204
2000-10-11,64.867966
2000-10-12,63.237045
2000-10-13,68.392860
2000-10-16,69.024139
2000-10-17,65.867554
2000-10-18,65.657120
2000-10-19,71.602051
2000-10-20,72.654236
2000-10-23,72.549004
2000-10-24,69.445053
2000-10-25,65.551880
2000-10-26,67.235428
2000-10-27,67.103912
2000-10-30,64.618073
2000-10-31,68.774246
2000-11-01,68.182388
2000-11-02,69.024139
2000-11-03,69.918480
2000-11-06,69.392395
2000-11-07,69.129379
2000-11-08,63.723709
2000-11-09,63.710575
2000-11-10,60.396168
2000-11-13,60.488213
2000-11-14,63.842091
2000-11-15,65.131020
2000-11-16,61.343128
2000-11-17,61.303642
2000-11-20,58.804665
2000-11-21,58.712620
2000-11-22,56.082111
2000-11-24,59.291328
2000-11-27,58.554794
2000-11-28,55.095699
2000-11-29,52.978157
2000-11-30,53.017609
2000-12-01,53.872501
2000-12-04,54.714268
2000-12-05,59.501728
2000-12-06,57.239521
2000-12-07,55.976910
2000-12-08,57.239521
2000-12-11,62.605743
2000-12-12,60.317226
2000-12-13,57.857716
2000-12-14,55.029945
2000-12-15,53.767281
2000-12-18,53.872501
2000-12-19,49.768929
2000-12-20,46.914856
2000-12-21,47.191055
2000-12-22,50.926369
2000-12-26,51.242039
2000-12-27,51.820732
2000-12-28,51.715511
2000-12-29,49.137619
2001-01-02,44.981434
2001-01-03,52.557270
2001-01-04,51.610275
2001-01-05,47.664551
2001-01-08,48.190651
2001-01-09,48.190651
2001-01-10,50.663303
2001-01-11,52.136383
2001-01-12,52.807159
2001-01-16,52.175835
2001-01-17,53.767281
2001-01-18,56.029530
2001-01-19,55.819069
2001-01-22,55.871681
2001-01-23,57.042236
2001-01-24,56.503002
2001-01-25,54.293396
2001-01-26,55.174618
2001-01-29,56.397770
2001-01-30,56.187351
2001-01-31,54.125034
2001-02-01,54.840553
2001-02-02,51.810184
2001-02-05,51.768105
2001-02-06,51.852310
2001-02-07,51.010525
2001-02-08,49.486954
2001-02-09,47.475151
2001-02-12,48.047562
2001-02-13,46.507133
2001-02-14,48.358997
2001-02-15,49.158672
2001-02-16,46.406109
2001-02-20,44.604736
2001-02-21,43.350540
2001-02-22,42.929657
2001-02-23,43.081165
2001-02-26,43.897675
2001-02-27,41.246162
2001-02-28,39.941418
2001-03-01,41.077797
2001-03-02,39.310093
2001-03-05,40.025593
2001-03-06,41.582848
2001-03-07,41.599705
2001-03-08,40.825256
2001-03-09,37.963280
2001-03-12,35.606354
2001-03-13,37.416153
2001-03-14,36.826927
2001-03-15,35.480125
2001-03-16,34.680435
2001-03-19,36.414459
2001-03-20,33.964947
2001-03-21,33.964947
2001-03-22,36.027222
2001-03-23,36.027222
2001-03-26,35.193916
2001-03-27,36.406025
2001-03-28,33.417782
2001-03-29,32.786476
2001-03-30,32.954826
2001-04-02,31.481741
2001-04-03,29.175329
2001-04-04,28.661865
2001-04-05,31.405989
2001-04-06,30.261198
2001-04-09,31.187122
2001-04-10,33.501976
2001-04-11,34.512070
2001-04-12,36.027222
2001-04-16,33.880745
2001-04-17,34.722527
2001-04-18,38.342075
2001-04-19,40.656925
2001-04-20,40.741074
2001-04-23,38.005356
2001-04-24,37.289886
2001-04-25,37.963280
2001-04-26,36.995258
2001-04-27,38.005356
2001-04-30,38.847134
2001-05-01,40.446465
2001-05-02,41.229294
2001-05-03,39.394276
2001-05-04,40.572750
2001-05-07,39.730988
2001-05-08,40.572750
2001-05-09,39.183826
2001-05-10,38.527256
2001-05-11,38.342075
2001-05-14,37.727600
2001-05-15,38.005356
2001-05-16,39.688881
2001-05-17,40.320213
2001-05-18,40.438038
2001-05-21,42.971745
2001-05-22,42.845490
2001-05-23,40.951519
2001-05-24,42.003727
2001-05-25,41.237736
2001-05-29,38.821877
2001-05-30,37.399311
2001-05-31,37.651829
2001-06-01,38.762951
2001-06-04,38.577782
2001-06-05,40.278122
2001-06-06,39.966690
2001-06-07,40.993618
2001-06-08,39.857239
2001-06-11,38.762951
2001-06-12,38.552513
2001-06-13,37.500320
2001-06-14,35.564274
2001-06-15,35.858910
2001-06-18,35.379112
2001-06-19,35.202332
2001-06-20,36.001980
2001-06-21,36.490208
2001-06-22,36.406025
2001-06-25,36.498634
2001-06-26,36.624889
2001-06-27,36.860600
2001-06-28,37.331959
2001-06-29,38.468330
2001-07-02,38.257900
2001-07-03,38.417831
2001-07-05,36.574394
2001-07-06,35.059223
2001-07-09,35.362247
2001-07-10,34.091194
2001-07-11,34.512070
2001-07-12,36.700642
2001-07-13,36.321842
2001-07-16,35.648449
2001-07-17,36.448120
2001-07-18,35.059223
2001-07-19,35.892548
2001-07-20,35.059223
2001-07-23,34.183792
2001-07-24,33.796585
2001-07-25,34.091194
2001-07-26,34.596256
2001-07-27,35.311733
2001-07-30,35.101315
2001-07-31,35.151814
2001-08-01,36.279766
2001-08-02,36.961590
2001-08-03,36.347122
2001-08-06,35.774700
2001-08-07,35.589535
2001-08-08,34.091194
2001-08-09,34.234287
2001-08-10,33.905998
2001-08-13,34.596256
2001-08-14,34.175388
2001-08-15,32.912727
2001-08-16,33.299938
2001-08-17,31.784781
2001-08-20,32.222500
2001-08-21,30.884108
2001-08-22,31.725863
2001-08-23,31.414402
2001-08-24,33.081093
2001-08-27,33.123184
2001-08-28,32.087803
2001-08-29,31.616426
2001-08-30,30.446384
2001-08-31,30.833590
2001-09-04,29.857153
2001-09-05,29.739311
2001-09-06,28.535608
2001-09-07,28.367243
2001-09-10,28.703941
2001-09-17,26.262850
2001-09-18,25.673620
2001-09-19,25.227493
2001-09-20,24.385731
2001-09-21,23.729155
2001-09-24,24.924456
2001-09-25,25.000214
2001-09-26,24.133194
2001-09-27,23.973261
2001-09-28,24.394154
2001-10-01,24.183710
2001-10-02,24.259470
2001-10-03,26.094501
2001-10-04,26.347025
2001-10-05,26.734238
2001-10-08,26.818403
2001-10-09,26.170254
2001-10-10,27.357134
2001-10-11,29.209000
2001-10-12,29.082741
2001-10-15,28.956486
2001-10-16,29.427849
2001-10-17,27.315048
2001-10-18,28.055799
2001-10-19,28.240973
2001-10-22,28.998568
2001-10-23,29.150091
2001-10-24,29.781416
2001-10-25,30.976681
2001-10-26,30.311693
2001-10-29,28.653435
2001-10-30,28.097868
2001-10-31,28.535608
2001-11-01,29.747709
2001-11-02,29.966587
2001-11-05,30.943029
2001-11-06,32.146729
2001-11-07,32.104652
2001-11-08,31.776363
2001-11-09,31.759544
2001-11-12,31.986803
2001-11-13,33.131599
2001-11-14,33.367294
2001-11-15,33.232616
2001-11-16,33.140003
2001-11-19,34.082771
2001-11-20,32.508690
2001-11-21,32.340355
2001-11-23,33.064240
2001-11-26,33.880745
2001-11-27,33.838699
2001-11-28,32.618122
2001-11-29,33.628216
2001-11-30,33.375710
2001-12-03,32.803295
2001-12-04,34.368999
2001-12-05,36.069351
2001-12-06,36.119835
2001-12-07,35.126556
2001-12-10,34.512070
2001-12-11,34.705662
2001-12-12,34.983463
2001-12-13,33.468296
2001-12-14,33.762920
2001-12-17,34.343742
2001-12-18,34.730949
2001-12-19,34.099609
2001-12-20,32.651794
2001-12-21,33.232616
2001-12-24,33.097927
2001-12-26,33.409382
2001-12-27,33.678738
2001-12-28,33.948101
2001-12-31,32.752808
2002-01-02,33.762920
2002-01-03,34.932957
2002-01-04,35.076050
2002-01-07,34.688847
2002-01-08,34.924553
2002-01-09,34.604664
2002-01-10,34.831928
2002-01-11,34.385818
2002-01-14,33.636646
2002-01-15,33.956532
2002-01-16,32.643372
2002-01-17,33.375710
2002-01-18,32.483440
2002-01-22,31.481741
2002-01-23,32.348770
2002-01-24,32.778053
2002-01-25,32.685467
2002-01-28,32.870644
2002-01-29,31.969961
2002-01-30,32.214066
2002-01-31,32.416077
2002-02-01,32.104652
2002-02-04,31.077702
2002-02-05,30.564232
2002-02-06,30.353796
2002-02-07,29.621454
2002-02-08,30.446384
2002-02-11,30.833590
2002-02-12,30.581076
2002-02-13,31.102957
2002-02-14,31.044031
2002-02-15,30.118101
2002-02-19,29.192165
2002-02-20,29.587791
2002-02-21,28.182058
2002-02-22,28.325157
2002-02-25,29.469950
2002-02-26,29.360521
2002-02-27,28.956486
2002-02-28,28.434580
2002-03-01,30.084425
2002-03-04,31.271303
2002-03-05,31.498585
2002-03-06,31.650106
2002-03-07,31.717440
2002-03-08,32.550770
2002-03-11,32.432934
2002-03-12,31.986803
2002-03-13,31.212400
2002-03-14,31.027201
2002-03-15,31.338661
2002-03-18,31.515413
2002-03-19,31.464914
2002-03-20,30.353796
2002-03-21,31.161898
2002-03-22,30.875671
2002-03-25,29.932926
2002-03-26,30.210686
2002-03-27,29.975004
2002-03-28,30.353796
2002-04-01,30.934597
2002-04-02,29.537287
2002-04-03,29.486765
2002-04-04,29.259508
2002-04-05,28.931215
2002-04-08,29.293179
2002-04-09,28.274641
2002-04-10,28.485094
2002-04-11,27.778009
2002-04-12,28.215733
2002-04-15,28.443010
2002-04-16,29.629898
2002-04-17,29.478367
2002-04-18,28.914385
2002-04-19,29.006971
2002-04-22,28.274641
2002-04-23,27.786428
2002-04-24,27.357134
2002-04-25,27.289787
2002-04-26,26.128174
2002-04-29,26.195509
2002-04-30,26.708979
2002-05-01,26.565884
2002-05-02,25.682041
2002-05-03,25.033875
2002-05-06,24.385731
2002-05-07,24.158457
2002-05-08,26.742653
2002-05-09,26.052404
2002-05-10,24.882372
2002-05-13,25.892477
2002-05-14,27.416058
2002-05-15,27.618074
2002-05-16,27.660164
2002-05-17,27.719091
2002-05-20,27.113026
2002-05-21,26.372288
2002-05-22,26.431194
2002-05-23,26.961508
2002-05-24,26.296522
2002-05-28,26.178679
2002-05-29,25.488434
2002-05-30,25.707293
2002-05-31,25.286411
2002-06-03,24.394154
2002-06-04,24.714022
2002-06-05,24.966541
2002-06-06,24.309969
2002-06-07,23.821753
2002-06-10,23.779661
2002-06-11,23.114662
2002-06-12,23.451378
2002-06-13,23.299868
2002-06-14,23.249357
2002-06-17,24.040606
2002-06-18,24.427813
2002-06-19,23.013660
2002-06-20,22.272919
2002-06-21,21.734192
2002-06-24,22.163494
2002-06-25,21.431158
2002-06-26,21.591085
2002-06-27,22.062477
2002-06-28,21.969889
2002-07-01,20.917686
2002-07-02,20.160107
2002-07-03,20.833513
2002-07-05,22.171904
2002-07-08,21.363819
2002-07-09,20.757755
2002-07-10,20.118019
2002-07-11,20.875595
2002-07-12,20.875595
2002-07-15,21.523752
2002-07-16,21.203890
2002-07-17,21.591085
2002-07-18,20.816671
2002-07-19,20.193777
2002-07-22,19.697138
2002-07-23,18.855379
2002-07-24,19.882330
2002-07-25,18.729120
2002-07-26,19.082649
2002-07-29,20.059093
2002-07-30,20.463144
2002-07-31,20.075928
2002-08-01,19.133162
2002-08-02,18.729120
2002-08-05,18.047293
2002-08-06,18.939552
2002-08-07,19.192076
2002-08-08,19.840233
2002-08-09,19.638214
2002-08-12,19.697138
2002-08-13,19.023729
2002-08-14,20.235867
2002-08-15,20.648325
2002-08-16,20.791424
2002-08-19,21.296480
2002-08-20,21.203890
2002-08-21,21.675270
2002-08-22,22.020384
2002-08-23,21.170216
2002-08-26,21.254383
2002-08-27,20.513636
2002-08-28,19.764473
2002-08-29,20.025425
2002-08-30,19.772894
2002-09-03,19.057400
2002-09-04,19.133162
2002-09-05,18.661776
2002-09-06,19.234165
2002-09-09,19.427774
2002-09-10,19.907572
2002-09-11,19.739223
2002-09-12,19.200500
2002-09-13,19.352009
2002-09-16,19.074228
2002-09-17,18.670193
2002-09-18,18.459757
2002-09-19,18.165138
2002-09-20,18.240902
2002-09-23,17.693750
2002-09-24,17.702160
2002-09-25,18.409250
2002-09-26,18.181973
2002-09-27,17.937859
2002-09-30,17.441225
2002-10-01,18.501833
2002-10-02,17.887350
2002-10-03,17.458059
2002-10-04,17.129768
2002-10-07,16.969843
2002-10-08,17.003506
2002-10-09,16.885668
2002-10-10,17.744247
2002-10-11,18.703859
2002-10-14,18.922722
2002-10-15,19.831821
2002-10-16,19.175247
2002-10-17,19.823402
2002-10-18,20.042255
2002-10-21,20.446299
2002-10-22,20.320032
2002-10-23,20.707251
2002-10-24,20.185364
2002-10-25,20.791424
2002-10-28,20.614647
2002-10-29,20.134857
2002-10-30,20.673574
2002-10-31,20.665163
2002-11-01,21.254383
2002-11-04,21.801535
2002-11-05,21.969889
2002-11-06,22.281328
2002-11-07,21.498503
2002-11-08,21.102865
2002-11-11,20.463144
2002-11-12,20.985027
2002-11-13,21.237545
2002-11-14,21.969889
2002-11-15,22.256081
2002-11-18,21.927803
2002-11-19,21.591085
2002-11-20,22.508606
2002-11-21,23.341948
2002-11-22,23.333540
2002-11-25,23.560802
2002-11-26,22.769548
2002-11-27,23.493467
2002-11-29,23.333540
2002-12-02,23.569223
2002-12-03,22.870564
2002-12-04,22.365520
2002-12-05,22.054066
2002-12-06,22.281328
2002-12-09,21.229141
2002-12-10,21.549007
2002-12-11,21.650024
2002-12-12,21.767859
2002-12-13,21.077631
2002-12-16,21.759447
2002-12-17,21.826784
2002-12-18,21.363819
2002-12-19,21.094454
2002-12-20,21.313316
2002-12-23,21.607927
2002-12-24,21.338564
2002-12-26,21.279642
2002-12-27,20.892433
2002-12-30,20.732492
2002-12-31,20.513636
2003-01-02,21.380644
2003-01-03,21.616343
2003-01-06,22.155069
2003-01-07,22.432850
2003-01-08,21.801535
2003-01-09,22.474939
2003-01-10,22.811649
2003-01-13,22.676962
2003-01-14,22.794802
2003-01-15,22.508606
2003-01-16,22.256081
2003-01-17,21.304899
2003-01-21,21.069195
2003-01-22,20.985027
2003-01-23,21.473246
2003-01-24,20.892433
2003-01-27,20.648325
2003-01-28,20.858765
2003-01-29,21.170216
2003-01-30,20.623081
2003-01-31,20.572563
2003-02-03,20.614647
2003-02-04,20.362123
2003-02-05,20.269533
2003-02-06,20.378958
2003-02-07,20.042255
2003-02-10,20.219019
2003-02-11,20.328463
2003-02-12,20.050676
2003-02-13,20.151680
2003-02-14,20.614647
2003-02-18,21.254383
2003-02-19,21.111288
2003-02-20,21.027113
2003-02-21,21.187046
2003-02-24,20.825096
2003-02-25,20.850351
2003-02-26,20.387379
2003-02-27,20.850351
2003-02-28,21.178625
2003-03-03,20.749342
2003-03-04,20.623081
2003-03-05,20.665163
2003-03-06,20.614647
2003-03-07,20.656738
2003-03-10,20.210608
2003-03-11,20.033848
2003-03-12,20.395800
2003-03-13,21.565845
2003-03-14,21.650024
2003-03-17,22.390749
2003-03-18,22.668545
2003-03-19,22.474939
2003-03-20,22.559118
2003-03-21,22.870564
2003-03-24,21.919373
2003-03-25,22.230820
2003-03-26,22.357088
2003-03-27,22.197161
2003-03-28,21.953045
2003-03-31,21.254383
2003-04-01,21.422745
2003-04-02,22.011980
2003-04-03,22.289749
2003-04-04,21.927803
2003-04-07,21.961473
2003-04-08,21.936214
2003-04-09,21.431158
2003-04-10,21.692102
2003-04-11,21.473246
2003-04-14,21.910957
2003-04-15,22.121407
2003-04-16,22.070890
2003-04-17,22.575947
2003-04-21,22.660126
2003-04-22,23.089420
2003-04-23,23.257782
2003-04-24,23.131516
2003-04-25,22.685375
2003-04-28,23.131516
2003-04-29,23.341948
2003-04-30,23.106256
2003-05-01,23.308277
2003-05-02,23.804913
2003-05-05,23.779661
2003-05-06,24.082689
2003-05-07,23.813332
2003-05-08,23.375618
2003-05-09,23.914345
2003-05-12,24.276300
2003-05-13,24.124771
2003-05-14,24.074268
2003-05-15,24.343639
2003-05-16,24.158457
2003-05-19,23.308277
2003-05-20,23.375618
2003-05-21,23.308277
2003-05-22,23.644983
2003-05-23,23.653402
2003-05-27,24.495159
2003-05-28,24.570919
2003-05-29,24.671928
2003-05-30,25.075974
2003-06-02,24.899199
2003-06-03,25.134892
2003-06-04,25.606279
2003-06-05,25.791475
2003-06-06,25.362165
2003-06-09,25.025476
2003-06-10,25.404263
2003-06-11,25.690453
2003-06-12,25.799877
2003-06-13,25.219074
2003-06-16,25.993484
2003-06-17,25.892477
2003-06-18,26.027163
2003-06-19,25.606279
2003-06-20,25.572609
2003-06-23,25.176983
2003-06-24,24.983374
2003-06-25,24.848690
2003-06-26,25.437918
2003-06-27,25.109631
2003-06-30,25.210655
2003-07-01,25.547358
2003-07-02,26.069244
2003-07-03,25.740953
2003-07-07,26.843658
2003-07-08,27.171951
2003-07-09,27.104609
2003-07-10,26.599556
2003-07-11,26.801579
2003-07-14,27.121443
2003-07-15,27.155113
2003-07-16,27.070936
2003-07-17,26.246014
2003-07-18,26.330185
2003-07-21,25.993484
2003-07-22,26.380690
2003-07-23,26.599556
2003-07-24,26.246014
2003-07-25,26.767899
2003-07-28,26.843658
2003-07-29,26.641638
2003-07-30,26.448034
2003-07-31,26.767899
2003-08-01,26.481705
2003-08-04,26.473288
2003-08-05,25.429506
2003-08-06,25.412672
2003-08-07,25.513680
2003-08-08,25.311668
2003-08-11,25.589447
2003-08-12,25.976654
2003-08-13,25.985073
2003-08-14,26.010332
2003-08-15,26.237598
2003-08-18,26.911001
2003-08-19,27.247700
2003-08-20,27.180359
2003-08-21,27.474972
2003-08-22,27.306627
2003-08-25,27.365561
2003-08-26,27.390802
2003-08-27,27.609665
2003-08-28,27.853771
2003-08-29,28.106302
2003-09-02,28.510340
2003-09-03,28.493515
2003-09-04,28.754450
2003-09-05,28.569265
2003-09-08,29.040651
2003-09-09,28.695538
2003-09-10,28.005299
2003-09-11,28.316738
2003-09-12,28.468258
2003-09-15,28.190472
2003-09-16,28.956486
2003-09-17,28.838634
2003-09-18,29.276344
2003-09-19,29.107998
2003-09-22,28.552429
2003-09-23,29.057495
2003-09-24,27.963194
2003-09-25,27.601246
2003-09-26,27.424473
2003-09-29,27.895857
2003-09-30,27.289787
2003-10-01,27.904266
2003-10-02,27.996866
2003-10-03,28.779697
2003-10-06,28.990152
2003-10-07,29.166916
2003-10-08,28.981728
2003-10-09,29.200584
2003-10-10,29.469950
2003-10-13,29.663561
2003-10-14,29.739311
2003-10-15,29.613050
2003-10-16,29.848722
2003-10-17,29.133240
2003-10-20,29.495190
2003-10-21,29.671967
2003-10-22,29.099562
2003-10-23,28.762875
2003-10-24,28.788134
2003-10-27,28.796543
2003-10-28,29.764580
2003-10-29,29.730898
2003-10-30,29.789816
2003-10-31,29.613050
2003-11-03,30.101271
2003-11-04,29.899248
2003-11-05,30.168596
2003-11-06,30.252769
2003-11-07,29.991842
2003-11-10,29.621454
2003-11-11,29.512035
2003-11-12,30.143362
2003-11-13,30.109669
2003-11-14,29.495190
2003-11-17,29.192165
2003-11-18,28.518751
2003-11-19,28.796543
2003-11-20,28.518751
2003-11-21,28.813387
2003-11-24,29.613050
2003-11-25,29.613050
2003-11-26,29.747709
2003-11-28,29.781416
2003-12-01,30.219112
2003-12-02,30.050755
2003-12-03,29.671967
2003-12-04,29.991842
2003-12-05,29.495190
2003-12-08,29.663561
2003-12-09,28.981728
2003-12-10,29.091167
2003-12-11,29.714048
2003-12-12,29.663561
2003-12-15,29.276344
2003-12-16,29.335264
2003-12-17,29.385771
2003-12-18,29.932926
2003-12-19,29.848722
2003-12-22,29.941324
2003-12-23,30.168596
2003-12-24,30.230919
2003-12-26,30.188816
2003-12-29,30.685650
2003-12-30,30.786688
2003-12-31,30.702490
2004-01-02,30.618299
2004-01-05,31.233013
2004-01-06,31.443533
2004-01-07,31.729845
2004-01-08,31.982443
2004-01-09,31.771950
2004-01-12,32.277195
2004-01-13,31.957195
2004-01-14,32.066662
2004-01-15,32.150875
2004-01-16,32.479290
2004-01-20,32.454029
2004-01-21,32.319298
2004-01-22,32.125614
2004-01-23,32.007729
2004-01-26,32.496128
2004-01-27,31.780359
2004-01-28,31.241425
2004-01-29,31.359335
2004-01-30,31.216175
2004-02-02,31.131958
2004-02-03,31.098269
2004-02-04,30.593039
2004-02-05,30.710920
2004-02-06,31.266693
2004-02-09,31.258274
2004-02-10,31.308786
2004-02-11,31.645620
2004-02-12,31.367741
2004-02-13,31.106688
2004-02-17,31.527740
2004-02-18,31.620359
2004-02-19,31.140381
2004-02-20,31.039335
2004-02-23,30.694073
2004-02-24,30.618299
2004-02-25,30.803551
2004-02-26,30.879322
2004-02-27,30.795126
2004-03-01,31.199312
2004-03-02,30.837221
2004-03-03,30.668793
2004-03-04,30.955120
2004-03-05,30.845650
2004-03-08,30.121437
2004-03-09,30.028833
2004-03-10,29.633032
2004-03-11,29.363565
2004-03-12,29.902504
2004-03-15,29.380409
2004-03-16,29.430935
2004-03-17,29.894100
2004-03-18,29.759346
2004-03-19,29.262512
2004-03-22,28.891993
2004-03-23,28.656210
2004-03-24,28.984640
2004-03-25,29.759346
2004-03-26,29.658310
2004-03-29,30.138304
2004-03-30,30.239347
2004-03-31,30.180393
2004-04-01,30.449869
2004-04-02,31.241425
2004-04-05,31.536156
2004-04-06,31.140381
2004-04-07,31.106688
2004-04-08,31.106688
2004-04-12,31.300356
2004-04-13,30.845650
2004-04-14,30.997217
2004-04-15,30.441446
2004-04-16,30.390903
2004-04-19,30.761446
2004-04-20,30.045658
2004-04-21,30.306715
2004-04-22,31.089834
2004-04-23,31.334038
2004-04-26,31.106688
2004-04-27,31.047739
2004-04-28,30.483561
2004-04-29,30.011986
2004-04-30,29.279373
2004-05-03,29.557241
2004-05-04,29.683554
2004-05-05,29.919350
2004-05-06,29.691975
2004-05-07,29.447781
2004-05-10,29.195150
2004-05-11,29.633032
2004-05-12,29.691975
2004-05-13,29.481462
2004-05-14,29.262512
2004-05-17,28.984640
2004-05-18,29.245676
2004-05-19,29.212000
2004-05-20,29.346729
2004-05-21,29.489889
2004-05-24,29.691975
2004-05-25,30.281443
2004-05-26,30.475117
2004-05-27,30.668793
2004-05-28,30.778275
2004-06-01,30.736162
2004-06-02,30.668793
2004-06-03,30.298279
2004-06-04,30.475117
2004-06-07,31.199312
2004-06-08,31.241425
2004-06-09,30.803551
2004-06-10,31.022482
2004-06-14,30.584593
2004-06-15,30.980391
2004-06-16,30.929852
2004-06-17,30.643545
2004-06-18,30.685650
2004-06-21,30.441446
2004-06-22,30.887743
2004-06-23,31.258274
2004-06-24,31.199312
2004-06-25,31.435102
2004-06-28,31.174068
2004-06-29,31.468779
2004-06-30,31.780359
2004-07-01,31.190905
2004-07-02,31.005625
2004-07-06,30.340403
2004-07-07,30.399336
2004-07-08,30.062489
2004-07-09,30.104614
2004-07-12,29.978302
2004-07-13,29.936192
2004-07-14,29.633032
2004-07-15,29.531984
2004-07-16,29.195150
2004-07-19,29.136208
2004-07-20,29.835152
2004-07-21,28.967802
2004-07-22,29.363565
2004-07-23,28.807791
2004-07-26,28.681486
2004-07-27,29.077269
2004-07-28,28.950951
2004-07-29,29.287781
2004-07-30,29.380409
2004-08-02,29.439348
2004-08-03,28.824648
2004-08-04,28.833063
2004-08-05,28.294127
2004-08-06,27.553089
2004-08-09,27.620457
2004-08-10,27.965706
2004-08-11,27.721491
2004-08-12,27.342564
2004-08-13,27.384668
2004-08-16,27.696234
2004-08-17,28.007807
2004-08-18,28.504656
2004-08-19,28.353062
2004-08-20,28.639378
2004-08-23,28.706753
2004-08-24,28.698334
2004-08-25,29.094112
2004-08-26,28.967802
2004-08-27,29.102531
2004-08-30,28.614124
2004-08-31,28.647804
2004-09-01,28.858320
2004-09-02,29.287781
2004-09-03,28.748846
2004-09-07,28.993053
2004-09-08,28.883591
2004-09-09,29.127802
2004-09-10,29.574091
2004-09-13,29.961449
2004-09-14,30.003567
2004-09-15,29.683554
2004-09-16,29.742519
2004-09-17,29.835152
2004-09-20,29.835152
2004-09-21,29.953026
2004-09-22,29.430935
2004-09-23,29.405664
2004-09-24,29.304623
2004-09-27,29.052000
2004-09-28,29.110935
2004-09-29,29.540421
2004-09-30,29.590933
2004-10-01,30.399336
2004-10-04,30.576166
2004-10-05,30.618299
2004-10-06,30.862492
2004-10-07,30.517231
2004-10-08,29.961449
2004-10-11,30.104614
2004-10-12,30.054068
2004-10-13,29.986725
2004-10-14,29.851973
2004-10-15,30.003567
2004-10-18,30.433025
2004-10-19,30.214094
2004-10-20,30.357243
2004-10-21,30.820379
2004-10-22,30.146709
2004-10-25,30.003567
2004-10-26,30.163551
2004-10-27,30.929852
2004-10-28,31.123554
2004-10-29,31.073006
2004-11-01,31.190905
2004-11-02,31.291941
2004-11-03,31.502457
2004-11-04,31.679302
2004-11-05,31.965616
2004-11-08,31.999317
2004-11-09,31.931934
2004-11-10,31.822468
2004-11-11,32.243511
2004-11-12,32.555088
2004-11-15,32.698235
2004-11-16,32.496128
2004-11-17,32.934021
2004-11-18,33.085613
2004-11-19,32.571926
2004-11-22,32.883499
2004-11-23,32.832970
2004-11-24,33.119270
2004-11-26,33.018246
2004-11-29,33.009827
2004-11-30,32.942444
2004-12-01,33.616100
2004-12-02,33.742413
2004-12-03,33.792961
2004-12-06,33.910843
2004-12-07,33.329807
2004-12-08,33.523487
2004-12-09,33.725578
2004-12-10,33.624527
2004-12-13,33.919254
2004-12-14,34.087677
2004-12-15,33.961369
2004-12-16,33.641369
2004-12-17,33.555511
2004-12-20,33.325985
2004-12-21,33.734028
2004-12-22,33.776558
2004-12-23,33.802052
2004-12-27,33.657536
2004-12-28,33.980587
2004-12-29,34.023079
2004-12-30,33.997593
2004-12-31,33.938065
2005-01-03,33.581009
2005-01-04,32.968906
2005-01-05,32.764866
2005-01-06,32.603336
2005-01-07,32.773361
2005-01-10,32.756359
2005-01-11,32.526817
2005-01-12,32.798866
2005-01-13,32.365292
2005-01-14,32.671352
2005-01-18,32.917908
2005-01-19,32.373787
2005-01-20,31.753178
2005-01-21,31.498131
2005-01-24,31.056070
2005-01-25,31.209089
2005-01-26,31.583147
2005-01-27,31.540646
2005-01-28,31.387604
2005-01-31,31.795692
2005-02-01,31.897722
2005-02-02,31.948713
2005-02-03,31.583147
2005-02-04,32.093239
2005-02-07,32.025238
2005-02-08,32.084743
2005-02-09,31.549131
2005-02-10,31.583147
2005-02-11,32.050732
2005-02-14,32.195259
2005-02-15,32.407806
2005-02-16,32.288761
2005-02-17,31.855190
2005-02-18,31.753178
2005-02-22,31.362097
2005-02-23,31.404619
2005-02-24,31.804178
2005-02-25,31.982718
2005-02-28,31.642649
2005-03-01,31.991232
2005-03-02,31.974228
2005-03-03,31.710672
2005-03-04,31.897722
2005-03-07,32.356785
2005-03-08,32.033745
2005-03-09,31.940208
2005-03-10,31.897722
2005-03-11,31.600142
2005-03-14,31.744690
2005-03-15,31.489643
2005-03-16,31.132572
2005-03-17,31.209089
2005-03-18,31.039059
2005-03-21,31.098577
2005-03-22,30.715992
2005-03-23,30.826508
2005-03-24,30.835030
2005-03-28,30.894531
2005-03-29,30.647995
2005-03-30,31.226089
2005-03-31,31.090073
2005-04-01,30.775524
2005-04-04,30.996550
2005-04-05,31.081554
2005-04-06,31.030544
2005-04-07,31.404619
2005-04-08,31.149572
2005-04-11,31.013542
2005-04-12,31.166578
2005-04-13,30.656483
2005-04-14,30.222912
2005-04-15,29.534283
2005-04-18,29.542780
2005-04-19,29.746832
2005-04-20,29.500280
2005-04-21,30.282419
2005-04-22,29.831841
2005-04-25,30.078407
2005-04-26,29.797834
2005-04-27,29.840332
2005-04-28,29.542780
2005-04-29,29.738323
2005-05-02,29.857344
2005-05-03,30.010380
2005-05-04,30.375929
2005-05-05,30.401449
2005-05-06,30.486464
2005-05-09,30.630995
2005-05-10,30.409931
2005-05-11,30.562962
2005-05-12,30.477957
2005-05-13,30.809517
2005-05-16,31.013542
2005-05-17,31.200586
2005-05-18,31.625668
2005-05-19,31.889219
2005-05-20,32.016735
2005-05-23,32.178272
2005-05-24,32.280273
2005-05-25,32.144260
2005-05-26,32.467308
2005-05-27,32.484341
2005-05-31,32.373787
2005-06-01,32.637356
2005-06-02,32.866890
2005-06-03,32.390808
2005-06-06,32.399323
2005-06-07,32.127254
2005-06-08,32.059246
2005-06-09,32.263271
2005-06-10,31.923210
2005-06-13,32.076252
2005-06-14,31.948713
2005-06-15,32.050732
2005-06-16,32.220783
2005-06-17,32.225029
2005-06-20,32.225029
2005-06-21,32.208008
2005-06-22,32.173977
2005-06-23,31.816565
2005-06-24,31.459185
2005-06-27,31.314512
2005-06-28,31.612349
2005-06-29,31.544287
2005-06-30,31.297501
2005-07-01,31.254955
2005-07-05,31.578299
2005-07-06,31.425137
2005-07-07,31.535757
2005-07-08,32.139919
2005-07-11,32.437767
2005-07-12,32.590916
2005-07-13,32.667507
2005-07-14,32.990871
2005-07-15,33.092968
2005-07-18,32.956837
2005-07-19,33.339748
2005-07-20,33.578003
2005-07-21,33.586533
2005-07-22,33.543968
2005-07-25,33.416325
2005-07-26,33.543968
2005-07-27,33.799267
2005-07-28,33.960934
2005-07-29,33.680138
2005-08-01,33.739712
2005-08-02,34.105598
2005-08-03,34.088581
2005-08-04,33.756695
2005-08-05,33.595043
2005-08-08,33.348255
2005-08-09,33.569500
2005-08-10,33.280178
2005-08-11,33.552471
2005-08-12,33.365292
2005-08-15,33.569500
2005-08-16,33.024906
2005-08-17,33.220631
2005-08-18,33.050446
2005-08-19,33.033413
2005-08-22,33.050446
2005-08-23,32.956837
2005-08-24,32.761112
2005-08-25,32.837688
2005-08-26,32.727058
2005-08-29,32.982368
2005-08-30,32.863224
2005-08-31,33.169563
2005-09-01,33.118504
2005-09-02,32.990871
2005-09-06,33.475918
2005-09-07,33.535461
2005-09-08,33.526962
2005-09-09,33.714165
2005-09-12,33.807770
2005-09-13,33.722660
2005-09-14,33.339748
2005-09-15,33.322742
2005-09-16,33.526962
2005-09-19,33.263165
2005-09-20,33.127029
2005-09-21,32.761112
2005-09-22,32.880241
2005-09-23,32.973858
2005-09-26,32.982368
2005-09-27,32.905735
2005-09-28,32.914291
2005-09-29,33.356781
2005-09-30,33.578003
2005-10-03,33.663101
2005-10-04,33.441853
2005-10-05,32.982368
2005-10-06,32.548382
2005-10-07,32.624954
2005-10-10,32.446274
2005-10-11,32.284584
2005-10-12,31.901672
2005-10-13,32.148426
2005-10-14,32.386700
2005-10-17,32.488811
2005-10-18,32.259075
2005-10-19,32.905735
2005-10-20,32.599434
2005-10-21,32.803665
2005-10-24,33.322742
2005-10-25,33.195091
2005-10-26,33.024906
2005-10-27,32.361179
2005-10-28,32.607956
2005-10-31,33.075962
2005-11-01,33.050446
2005-11-02,33.484421
2005-11-03,33.986477
2005-11-04,34.105598
2005-11-07,34.148148
2005-11-08,34.156654
2005-11-09,34.173691
2005-11-10,34.548096
2005-11-11,34.641682
2005-11-14,34.641682
2005-11-15,34.480007
2005-11-16,34.692738
2005-11-17,35.152264
2005-11-18,35.271385
2005-11-21,35.356449
2005-11-22,35.484127
2005-11-23,35.569206
2005-11-25,35.645802
2005-11-28,35.347969
2005-11-29,35.177761
2005-11-30,35.092690
2005-12-01,35.747910
2005-12-02,35.832989
2005-12-05,35.569206
2005-12-06,35.688339
2005-12-07,35.620262
2005-12-08,35.364983
2005-12-09,35.501122
2005-12-12,35.628765
2005-12-13,35.773438
2005-12-14,35.654308
2005-12-15,35.713867
2005-12-16,35.467358
2005-12-19,34.904388
2005-12-20,34.929966
2005-12-21,35.083511
2005-12-22,35.313812
2005-12-23,35.313812
2005-12-27,35.006737
2005-12-28,34.964092
2005-12-29,34.733795
2005-12-30,34.469341
2006-01-03,35.237053
2006-01-04,35.603825
2006-01-05,35.757359
2006-01-06,36.405647
2006-01-09,36.550659
2006-01-10,36.576237
2006-01-11,36.857727
2006-01-12,36.678604
2006-01-13,36.661533
2006-01-17,36.422707
2006-01-18,36.004742
2006-01-19,36.269161
2006-01-20,35.185863
2006-01-23,35.194412
2006-01-24,35.347946
2006-01-25,35.194412
2006-01-26,35.441757
2006-01-27,35.919437
2006-01-30,35.987690
2006-01-31,35.825600
2006-02-01,35.953568
2006-02-02,35.339401
2006-02-03,34.904388
2006-02-06,34.810539
2006-02-07,34.657005
2006-02-08,35.057915
2006-02-09,34.725239
2006-02-10,34.938499
2006-02-13,34.537598
2006-02-14,34.887314
2006-02-15,35.109077
2006-02-16,35.433239
2006-02-17,35.151745
2006-02-21,34.759384
2006-02-22,35.194412
2006-02-23,35.100582
2006-02-24,35.194412
2006-02-27,35.586781
2006-02-28,35.057915
2006-03-01,35.535580
2006-03-02,35.561184
2006-03-03,35.356457
2006-03-06,35.049393
2006-03-07,34.844662
2006-03-08,34.861740
2006-03-09,34.563187
2006-03-10,34.597309
2006-03-13,34.699661
2006-03-14,35.288231
2006-03-15,35.586781
2006-03-16,35.288231
2006-03-17,35.381275
2006-03-20,35.466618
2006-03-21,35.091042
2006-03-22,35.176403
2006-03-23,35.073971
2006-03-24,35.253223
2006-03-27,35.261784
2006-03-28,35.116653
2006-03-29,35.782448
2006-03-30,35.893421
2006-03-31,35.790985
2006-04-03,35.833664
2006-04-04,36.029991
2006-04-05,36.371429
2006-04-06,36.473877
2006-04-07,36.123894
2006-04-10,36.072681
2006-04-11,35.782448
2006-04-12,35.790985
2006-04-13,35.936104
2006-04-17,35.560513
2006-04-18,36.243382
2006-04-19,36.405590
2006-04-20,36.277527
2006-04-21,35.850746
2006-04-24,35.816586
2006-04-25,35.739773
2006-04-26,35.731236
2006-04-27,36.072681
2006-04-28,35.722691
2006-05-01,35.372749
2006-05-02,35.466618
2006-05-03,35.415432
2006-05-04,35.705635
2006-05-05,35.987289
2006-05-08,36.021469
2006-05-09,35.884888
2006-05-10,35.569042
2006-05-11,34.775211
2006-05-12,34.305733
2006-05-15,34.280155
2006-05-16,34.024055
2006-05-17,33.563133
2006-05-18,33.332657
2006-05-19,33.588749
2006-05-22,33.264370
2006-05-23,32.940002
2006-05-24,33.161938
2006-05-25,33.597282
2006-05-26,33.708225
2006-05-30,32.982681
2006-05-31,33.136322
2006-06-01,33.921638
2006-06-02,33.836273
2006-06-05,33.102192
2006-06-06,33.076591
2006-06-07,32.829041
2006-06-08,32.777843
2006-06-09,32.564423
2006-06-12,31.924229
2006-06-13,31.796194
2006-06-14,32.120560
2006-06-15,32.991215
2006-06-16,32.748638
2006-06-19,32.483837
2006-06-20,32.526573
2006-06-21,33.039032
2006-06-22,32.620518
2006-06-23,32.586361
2006-06-26,32.671753
2006-06-27,32.056763
2006-06-28,32.295925
2006-06-29,33.278194
2006-06-30,33.115925
2006-07-03,33.312370
2006-07-05,32.586361
2006-07-06,32.552174
2006-07-07,32.193420
2006-07-10,31.911556
2006-07-11,32.150719
2006-07-12,31.544268
2006-07-13,31.014696
2006-07-14,30.698648
2006-07-17,30.775524
2006-07-18,30.878023
2006-07-19,31.279463
2006-07-20,30.818233
2006-07-21,30.493631
2006-07-24,31.100100
2006-07-25,31.279463
2006-07-26,31.253841
2006-07-27,31.048855
2006-07-28,31.698021
2006-07-31,31.689480
2006-08-01,31.159891
2006-08-02,31.510094
2006-08-03,31.706549
2006-08-04,31.561348
2006-08-07,31.356344
2006-08-08,31.159891
2006-08-09,31.202608
2006-08-10,31.424707
2006-08-11,31.202608
2006-08-14,31.407595
2006-08-15,32.201984
2006-08-16,32.962173
2006-08-17,33.081753
2006-08-18,33.133007
2006-08-21,32.816978
2006-08-22,32.825512
2006-08-23,32.577808
2006-08-24,32.671753
2006-08-25,32.731544
2006-08-28,32.979256
2006-08-29,33.081753
2006-08-30,33.235489
2006-08-31,33.201370
2006-09-01,33.380711
2006-09-05,33.705288
2006-09-06,33.030506
2006-09-07,32.876755
2006-09-08,33.073212
2006-09-11,33.278194
2006-09-12,33.893215
2006-09-13,34.123840
2006-09-14,34.158020
2006-09-15,34.280224
2006-09-18,34.288757
2006-09-19,34.058002
2006-09-20,34.553719
2006-09-21,34.340042
2006-09-22,34.075100
2006-09-25,34.673359
2006-09-26,34.844292
2006-09-27,34.801563
2006-09-28,34.895573
2006-09-29,34.741722
2006-10-02,34.305851
2006-10-03,34.451168
2006-10-04,35.297249
2006-10-05,35.468182
2006-10-06,35.391277
2006-10-09,35.510929
2006-10-10,35.570747
2006-10-11,35.502392
2006-10-12,36.066441
2006-10-13,36.263016
2006-10-16,36.297195
2006-10-17,35.895515
2006-10-18,35.724583
2006-10-19,35.810051
2006-10-20,35.895515
2006-10-23,36.263016
2006-10-24,36.015171
2006-10-25,36.263016
2006-10-26,36.596325
2006-10-27,36.075012
2006-10-30,36.305752
2006-10-31,36.391216
2006-11-01,35.895515
2006-11-02,35.929703
2006-11-03,35.835690
2006-11-06,36.357033
2006-11-07,36.604885
2006-11-08,36.775806
2006-11-09,36.604885
2006-11-10,36.775806
2006-11-13,37.151878
2006-11-14,37.544991
2006-11-15,37.698837
2006-11-16,37.861233
2006-11-17,37.861233
2006-11-20,37.938164
2006-11-21,37.989418
2006-11-22,38.228722
2006-11-24,38.160355
2006-11-27,37.297146
2006-11-28,37.408279
2006-11-29,37.664642
2006-11-30,37.639027
2006-12-01,37.314243
2006-12-04,37.827045
2006-12-05,37.963783
2006-12-06,37.827045
2006-12-07,37.348434
2006-12-08,37.519363
2006-12-11,37.656105
2006-12-12,37.433907
2006-12-13,37.502254
2006-12-14,37.921051
2006-12-15,38.018593
2006-12-18,37.642097
2006-12-19,37.522289
2006-12-20,37.385372
2006-12-21,37.120125
2006-12-22,36.735058
2006-12-26,36.889091
2006-12-27,37.077335
2006-12-28,36.897633
2006-12-29,36.931873
2007-01-03,37.000324
2007-01-04,37.702003
2007-01-05,37.522289
2007-01-08,37.547974
2007-01-09,37.736214
2007-01-10,38.181190
2007-01-11,38.574802
2007-01-12,38.771622
2007-01-16,38.745941
2007-01-17,38.429333
2007-01-18,37.719120
2007-01-19,37.796112
2007-01-22,37.385372
2007-01-23,37.291260
2007-01-24,37.907368
2007-01-25,37.419601
2007-01-26,37.282715
2007-01-29,37.316929
2007-01-30,37.334068
2007-01-31,37.710552
2007-02-01,37.650658
2007-02-02,37.787548
2007-02-05,37.753323
2007-02-06,37.702003
2007-02-07,38.044273
2007-02-08,38.035725
2007-02-09,37.547974
2007-02-12,37.402500
2007-02-13,37.530853
2007-02-14,38.164074
2007-02-15,38.386566
2007-02-16,38.258171
2007-02-20,38.549126
2007-02-21,38.668941
2007-02-22,38.865734
2007-02-23,38.728836
2007-02-26,38.540585
2007-02-27,36.957535
2007-02-28,37.077335
2007-03-01,36.906181
2007-03-02,36.349964
2007-03-05,36.067623
2007-03-06,36.666607
2007-03-07,36.521141
2007-03-08,36.769287
2007-03-09,36.735058
2007-03-12,36.974651
2007-03-13,36.255867
2007-03-14,36.786392
2007-03-15,36.700817
2007-03-16,36.672573
2007-03-19,37.049316
2007-03-20,37.314754
2007-03-21,38.033985
2007-03-22,37.896999
2007-03-23,37.777107
2007-03-26,37.931244
2007-03-27,37.665817
2007-03-28,37.263367
2007-03-29,37.306194
2007-03-30,37.271946
2007-04-02,37.323311
2007-04-03,37.811352
2007-04-04,37.965481
2007-04-05,38.153858
2007-04-09,38.059673
2007-04-10,38.256622
2007-04-11,37.854179
2007-04-12,38.153858
2007-04-13,38.230911
2007-04-16,38.581966
2007-04-17,38.667603
2007-04-18,38.539196
2007-04-19,38.659046
2007-04-20,38.873104
2007-04-23,38.933029
2007-04-24,39.129963
2007-04-25,39.652267
2007-04-26,39.857754
2007-04-27,39.874897
2007-04-30,39.352600
2007-05-01,39.318348
2007-05-02,39.746452
2007-05-03,39.892006
2007-05-04,39.926247
2007-05-07,39.926247
2007-05-08,40.011890
2007-05-09,40.097515
2007-05-10,39.549515
2007-05-11,40.054699
2007-05-14,39.780693
2007-05-15,39.472469
2007-05-16,39.857754
2007-05-17,39.669411
2007-05-18,39.994762
2007-05-21,40.251644
2007-05-22,40.285873
2007-05-23,40.097515
2007-05-24,39.523838
2007-05-25,39.772144
2007-05-29,40.080395
2007-05-30,40.405750
2007-05-31,40.594131
2007-06-01,40.619823
2007-06-04,40.739697
2007-06-05,40.739697
2007-06-06,40.303024
2007-06-07,39.677967
2007-06-08,40.166016
2007-06-11,40.088951
2007-06-12,39.849220
2007-06-13,40.285873
2007-06-14,40.551331
2007-06-15,40.925774
2007-06-18,40.934357
2007-06-19,40.925774
2007-06-20,40.540184
2007-06-21,40.908646
2007-06-22,40.523033
2007-06-25,40.351665
2007-06-26,40.120308
2007-06-27,40.737267
2007-06-28,40.720127
2007-06-29,40.788677
2007-07-02,41.157146
2007-07-03,41.397091
2007-07-05,41.696987
2007-07-06,41.868397
2007-07-09,41.894100
2007-07-10,41.542759
2007-07-11,41.825539
2007-07-12,42.468224
2007-07-13,42.759567
2007-07-16,42.716724
2007-07-17,43.042343
2007-07-18,42.990936
2007-07-19,43.119469
2007-07-20,42.888103
2007-07-23,42.905235
2007-07-24,42.271145
2007-07-25,42.331116
2007-07-26,41.971218
2007-07-27,41.122883
2007-07-30,41.602741
2007-07-31,40.728706
2007-08-01,41.045780
2007-08-02,41.422787
2007-08-03,40.634441
2007-08-06,41.105743
2007-08-07,41.397091
2007-08-08,41.851231
2007-08-09,40.882942
2007-08-10,40.514469
2007-08-13,40.788677
2007-08-14,40.094593
2007-08-15,39.331944
2007-08-16,38.946342
2007-08-17,39.683273
2007-08-20,39.871819
2007-08-21,40.291676
2007-08-22,40.840099
2007-08-23,40.728706
2007-08-24,41.302830
2007-08-27,41.028629
2007-08-28,40.051754
2007-08-29,41.200005
2007-08-30,41.414219
2007-08-31,41.876945
2007-09-04,42.571060
2007-09-05,42.142597
2007-09-06,42.108315
2007-09-07,41.328541
2007-09-10,41.302830
2007-09-11,41.928360
2007-09-12,41.936947
2007-09-13,42.142597
2007-09-14,42.176868
2007-09-17,41.825539
2007-09-18,42.879517
2007-09-19,42.990936
2007-09-20,42.870964
2007-09-21,43.176163
2007-09-24,43.373375
2007-09-25,43.784904
2007-09-26,43.999241
2007-09-27,44.222149
2007-09-28,44.076397
2007-10-01,44.582226
2007-10-02,44.590794
2007-10-03,44.282169
2007-10-04,44.385048
2007-10-05,45.285263
2007-10-08,45.568199
2007-10-09,45.765362
2007-10-10,45.876831
2007-10-11,45.148083
2007-10-12,45.893990
2007-10-15,45.542473
2007-10-16,45.328129
2007-10-17,45.911121
2007-10-18,46.108307
2007-10-19,44.959465
2007-10-22,45.499603
2007-10-23,46.451263
2007-10-24,46.099747
2007-10-25,45.482449
2007-10-26,46.236912
2007-10-29,46.425537
2007-10-30,46.519859
2007-10-31,47.180004
2007-11-01,46.296944
2007-11-02,46.657024
2007-11-05,46.356949
2007-11-06,46.879929
2007-11-07,45.739666
2007-11-08,44.350765
2007-11-09,42.867542
2007-11-12,41.778698
2007-11-13,43.501965
2007-11-14,42.944698
2007-11-15,42.713215
2007-11-16,43.107597
2007-11-19,42.610340
2007-11-20,42.781803
2007-11-21,42.275967
2007-11-23,42.730347
2007-11-26,41.993034
2007-11-27,42.833237
2007-11-28,44.136406
2007-11-29,44.325039
2007-11-30,43.990665
2007-12-03,43.621990
2007-12-04,43.441956
2007-12-05,44.222149
2007-12-06,44.856571
2007-12-07,44.865150
2007-12-10,45.045227
2007-12-11,43.999241
2007-12-12,44.393627
2007-12-13,44.153542
2007-12-14,43.699169
2007-12-17,42.636074
2007-12-18,42.773228
2007-12-19,42.764656
2007-12-20,43.639149
2007-12-21,44.499973
2007-12-24,44.834671
2007-12-26,45.057823
2007-12-27,44.517139
2007-12-28,44.474220
2007-12-31,43.959274
2008-01-02,43.264088
2008-01-03,43.444313
2008-01-04,41.539028
2008-01-07,41.341625
2008-01-08,40.268803
2008-01-09,41.127056
2008-01-10,41.187153
2008-01-11,40.380405
2008-01-14,41.084167
2008-01-15,39.951271
2008-01-16,39.522144
2008-01-17,38.972866
2008-01-18,38.921394
2008-01-22,37.917229
2008-01-23,37.771324
2008-01-24,38.543743
2008-01-25,37.754162
2008-01-28,38.045959
2008-01-29,38.114624
2008-01-30,38.080303
2008-01-31,38.732567
2008-02-01,39.127380
2008-02-04,38.578094
2008-02-05,37.479511
2008-02-06,36.741428
2008-02-07,36.998905
2008-02-08,37.419449
2008-02-11,37.822834
2008-02-12,37.608261
2008-02-13,38.432178
2008-02-14,37.737019
2008-02-15,37.608261
2008-02-19,37.539593
2008-02-20,37.711246
2008-02-21,37.350803
2008-02-22,37.488094
2008-02-25,37.676910
2008-02-26,37.822834
2008-02-27,38.011650
2008-02-28,37.865746
2008-02-29,36.861610
2008-03-03,36.621284
2008-03-04,36.827263
2008-03-05,37.007492
2008-03-06,36.192154
2008-03-07,36.106350
2008-03-10,35.411167
2008-03-11,36.758621
2008-03-12,36.655624
2008-03-13,36.938839
2008-03-14,36.260826
2008-03-17,35.599979
2008-03-18,37.187729
2008-03-19,36.269394
2008-03-20,37.010639
2008-03-24,38.290428
2008-03-25,38.505157
2008-03-26,38.393505
2008-03-27,37.543190
2008-03-28,37.354210
2008-03-31,37.551785
2008-04-01,39.157928
2008-04-02,39.072052
2008-04-03,39.157928
2008-04-04,39.389854
2008-04-07,39.303951
2008-04-08,39.003345
2008-04-09,38.565277
2008-04-10,39.114998
2008-04-11,38.032764
2008-04-14,37.860966
2008-04-15,37.912514
2008-04-16,38.968979
2008-04-17,38.883102
2008-04-18,40.119915
2008-04-21,40.403358
2008-04-22,39.802113
2008-04-23,40.240166
2008-04-24,40.600937
2008-04-25,40.497860
2008-04-28,40.575161
2008-04-29,40.884350
2008-04-30,40.549370
2008-05-01,41.829170
2008-05-02,41.889286
2008-05-05,41.769051
2008-05-06,42.026695
2008-05-07,41.262276
2008-05-08,41.571503
2008-05-09,41.408295
2008-05-12,42.164150
2008-05-13,42.275814
2008-05-14,42.181324
2008-05-15,42.919983
2008-05-16,42.954323
2008-05-19,42.645130
2008-05-20,42.318733
2008-05-21,41.382534
2008-05-22,41.528538
2008-05-23,41.399712
2008-05-27,42.129791
2008-05-28,42.301556
2008-05-29,42.679489
2008-05-30,42.954323
2008-06-02,42.430405
2008-06-03,42.198521
2008-06-04,42.739605
2008-06-05,43.418156
2008-06-06,42.112617
2008-06-09,41.889286
2008-06-10,41.691750
2008-06-11,40.686810
2008-06-12,40.729748
2008-06-13,41.545715
2008-06-16,41.915054
2008-06-17,41.691750
2008-06-18,41.245098
2008-06-19,41.889286
2008-06-20,40.758160
2008-06-23,40.440140
2008-06-24,40.233883
2008-06-25,40.887081
2008-06-26,39.236832
2008-06-27,39.236832
2008-06-30,38.824257
2008-07-01,39.374355
2008-07-02,38.428883
2008-07-03,38.360111
2008-07-07,38.592190
2008-07-08,39.511875
2008-07-09,38.463268
2008-07-10,38.918816
2008-07-11,38.299946
2008-07-14,38.016319
2008-07-15,38.024918
2008-07-16,38.970371
2008-07-17,39.228245
2008-07-18,38.325741
2008-07-21,38.489052
2008-07-22,38.489052
2008-07-23,38.996159
2008-07-24,38.411686
2008-07-25,38.910225
2008-07-28,38.179623
2008-07-29,38.970371
2008-07-30,39.168064
2008-07-31,39.073517
2008-08-01,38.574997
2008-08-04,38.188221
2008-08-05,39.477482
2008-08-06,40.079147
2008-08-07,39.769714
2008-08-08,40.672222
2008-08-11,41.041813
2008-08-12,41.084785
2008-08-13,40.998829
2008-08-14,41.471561
2008-08-15,41.394199
2008-08-18,40.912865
2008-08-19,40.405754
2008-08-20,40.474514
2008-08-21,40.285442
2008-08-22,40.818352
2008-08-25,39.958832
2008-08-26,39.907246
2008-08-27,40.165096
2008-08-28,40.491722
2008-08-29,39.640781
2008-09-02,39.150871
2008-09-03,38.781273
2008-09-04,37.526405
2008-09-05,37.345901
2008-09-08,37.277122
2008-09-09,36.486374
2008-09-10,36.787209
2008-09-11,37.474827
2008-09-12,37.328697
2008-09-15,36.168369
2008-09-16,36.452003
2008-09-17,34.561069
2008-09-18,35.730003
2008-09-19,36.898010
2008-09-22,35.160633
2008-09-23,34.894001
2008-09-24,35.134827
2008-09-25,35.693893
2008-09-26,35.332649
2008-09-29,32.528748
2008-09-30,33.466244
2008-10-01,33.113586
2008-10-02,31.608437
2008-10-03,31.118170
2008-10-06,29.982872
2008-10-07,28.082050
2008-10-08,27.858431
2008-10-09,27.110149
2008-10-10,26.938128
2008-10-13,30.215094
2008-10-14,28.907745
2008-10-15,26.318859
2008-10-16,27.746624
2008-10-17,27.781027
2008-10-20,28.555109
2008-10-21,27.075752
2008-10-22,26.327471
2008-10-23,26.224249
2008-10-24,25.381361
2008-10-27,24.676083
2008-10-28,27.402590
2008-10-29,27.333780
2008-10-30,28.245478
2008-10-31,28.288483
2008-11-03,28.228271
2008-11-04,29.028160
2008-11-05,27.514399
2008-11-06,26.284470
2008-11-07,26.826326
2008-11-10,26.465075
2008-11-11,25.888815
2008-11-12,24.693289
2008-11-13,26.198454
2008-11-14,24.925516
2008-11-17,24.400858
2008-11-18,24.375042
2008-11-19,23.102125
2008-11-20,21.983995
2008-11-21,22.938696
2008-11-24,24.340658
2008-11-25,24.228840
2008-11-26,25.243746
2008-11-28,25.045923
2008-12-01,23.162321
2008-12-02,23.936399
2008-12-03,24.615877
2008-12-04,23.919199
2008-12-05,24.891111
2008-12-08,25.871618
2008-12-09,25.811409
2008-12-10,25.725399
2008-12-11,25.020124
2008-12-12,25.527578
2008-12-15,25.080326
2008-12-16,26.284470
2008-12-17,25.966228
2008-12-18,25.510376
2008-12-19,25.719683
2008-12-22,25.159805
2008-12-23,25.030605
2008-12-24,25.099516
2008-12-26,25.090897
2008-12-29,24.884184
2008-12-30,25.400988
2008-12-31,25.616320
2009-01-02,26.727457
2009-01-05,26.718840
2009-01-06,26.985853
2009-01-07,26.219257
2009-01-08,26.494888
2009-01-09,25.900562
2009-01-12,25.426830
2009-01-13,25.435444
2009-01-14,24.660233
2009-01-15,25.065052
2009-01-16,25.340693
2009-01-20,24.083130
2009-01-21,25.108124
2009-01-22,24.772200
2009-01-23,24.892796
2009-01-26,25.073679
2009-01-27,25.254560
2009-01-28,26.141737
2009-01-29,25.478514
2009-01-30,25.030605
2009-02-02,25.332077
2009-02-03,25.728294
2009-02-04,25.762745
2009-02-05,26.331232
2009-02-06,27.020309
2009-02-09,27.132280
2009-02-10,26.133129
2009-02-11,26.012552
2009-02-12,26.331232
2009-02-13,26.210648
2009-02-17,25.168423
2009-02-18,25.185650
2009-02-19,24.798046
2009-02-20,24.866955
2009-02-23,23.997000
2009-02-24,24.789442
2009-02-25,24.625774
2009-02-26,23.936697
2009-02-27,23.712757
2009-03-02,22.946157
2009-03-03,22.928928
2009-03-04,23.540485
2009-03-05,22.834181
2009-03-06,22.653299
2009-03-09,22.170958
2009-03-10,23.540485
2009-03-11,23.902252
2009-03-12,24.694687
2009-03-13,24.754982
2009-03-16,24.341545
2009-03-17,25.263168
2009-03-18,25.581867
2009-03-19,25.564638
2009-03-20,25.175531
2009-03-23,26.659498
2009-03-24,26.167725
2009-03-25,26.288498
2009-03-26,27.099503
2009-03-27,26.590471
2009-03-30,25.934763
2009-03-31,26.159086
2009-04-01,26.547325
2009-04-02,27.401476
2009-04-03,27.910501
2009-04-06,27.841482
2009-04-07,27.108133
2009-04-08,27.565393
2009-04-09,28.419531
2009-04-13,28.376394
2009-04-14,28.031296
2009-04-15,27.953638
2009-04-16,28.678366
2009-04-17,28.738760
2009-04-20,27.815603
2009-04-21,28.203852
2009-04-22,28.290121
2009-04-23,28.566202
2009-04-24,29.066614
2009-04-27,29.101131
2009-04-28,28.885433
2009-04-29,29.282297
2009-04-30,29.575632
2009-05-01,29.653288
2009-05-04,30.239969
2009-05-05,30.214096
2009-05-06,30.222715
2009-05-07,29.515261
2009-05-08,29.532501
2009-05-11,29.636045
2009-05-12,29.273672
2009-05-13,28.488567
2009-05-14,28.807783
2009-05-15,28.790520
2009-05-18,29.541134
2009-05-19,29.679180
2009-05-20,29.575632
2009-05-21,29.032099
2009-05-22,28.937189
2009-05-26,30.015657
2009-05-27,29.808586
2009-05-28,30.153690
2009-05-29,30.524694
2009-06-01,31.396080
2009-06-02,31.439215
2009-06-03,31.344316
2009-06-04,31.698044
2009-06-05,31.732548
2009-06-08,31.637650
2009-06-09,31.879219
2009-06-10,31.767059
2009-06-11,31.767059
2009-06-12,31.620399
2009-06-15,30.973331
2009-06-16,30.671370
2009-06-17,30.964684
2009-06-18,30.904297
2009-06-19,31.236012
2009-06-22,30.303089
2009-06-23,30.233965
2009-06-24,30.743645
2009-06-25,31.348307
2009-06-26,31.417418
2009-06-29,31.486534
2009-06-30,31.426046
2009-07-01,31.443329
2009-07-02,30.752277
2009-07-06,30.588139
2009-07-07,29.827967
2009-07-08,29.983459
2009-07-09,30.035294
2009-07-10,30.164867
2009-07-13,30.743645
2009-07-14,30.855947
2009-07-15,31.892530
2009-07-16,32.272610
2009-07-17,32.445385
2009-07-20,32.756340
2009-07-21,32.980930
2009-07-22,33.257378
2009-07-23,33.991611
2009-07-24,33.732468
2009-07-27,33.991611
2009-07-28,33.758396
2009-07-29,33.982975
2009-07-30,34.181656
2009-07-31,34.078026
2009-08-03,34.587658
2009-08-04,34.587658
2009-08-05,34.319878
2009-08-06,34.017536
2009-08-07,34.449448
2009-08-10,34.207588
2009-08-11,33.913883
2009-08-12,34.440807
2009-08-13,34.630859
2009-08-14,34.233494
2009-08-17,33.240101
2009-08-18,33.715191
2009-08-19,33.948418
2009-08-20,34.345791
2009-08-21,34.803623
2009-08-24,34.769070
2009-08-25,34.872719
2009-08-26,34.812271
2009-08-27,34.898643
2009-08-28,34.933189
2009-08-31,34.579033
2009-09-01,33.931156
2009-09-02,33.905243
2009-09-03,34.129841
2009-09-04,34.864094
2009-09-08,35.192341
2009-09-09,35.494678
2009-09-10,35.831573
2009-09-11,35.866127
2009-09-14,36.004353
2009-09-15,36.116638
2009-09-16,36.643581
2009-09-17,36.634933
2009-09-18,36.696327
2009-09-21,36.808727
2009-09-22,36.877907
2009-09-23,36.704960
2009-09-24,36.376411
2009-09-25,36.056477
2009-09-28,36.670387
2009-09-29,36.506096
2009-09-30,36.532047
2009-10-01,35.451202
2009-10-02,35.347454
2009-10-05,35.632782
2009-10-06,36.264000
2009-10-07,36.367767
2009-10-08,36.523403
2009-10-09,36.730923
2009-10-12,36.808727
2009-10-13,36.817390
2009-10-14,37.318893
2009-10-15,37.232426
2009-10-16,36.990314
2009-10-19,37.362106
2009-10-20,37.370754
2009-10-21,37.301605
2009-10-22,37.448586
2009-10-23,37.292961
2009-10-26,37.171890
2009-10-27,36.609871
2009-10-28,35.788433
2009-10-29,36.393696
2009-10-30,35.416637
2009-11-02,35.563625
2009-11-03,35.676022
2009-11-04,35.736557
2009-11-05,36.618515
2009-11-06,36.834675
2009-11-09,37.621529
2009-11-10,37.716633
2009-11-11,37.958736
2009-11-12,37.742573
2009-11-13,38.053848
2009-11-16,38.442955
2009-11-17,38.563999
2009-11-18,38.347836
2009-11-19,37.751221
2009-11-20,37.560997
2009-11-23,38.166248
2009-11-24,38.036560
2009-11-25,38.200844
2009-11-27,37.621529
2009-11-30,37.664745
2009-12-01,38.053848
2009-12-02,38.105717
2009-12-03,37.950096
2009-12-04,38.148964
2009-12-07,37.967373
2009-12-08,37.733921
2009-12-09,38.114380
2009-12-10,38.304588
2009-12-11,38.157639
2009-12-14,38.520756
2009-12-15,38.304588
2009-12-16,38.356472
2009-12-17,37.889553
2009-12-18,38.507095
2009-12-21,38.940151
2009-12-22,39.173992
2009-12-23,39.459797
2009-12-24,39.823582
2009-12-28,40.031448
2009-12-29,39.866879
2009-12-30,39.988144
2009-12-31,39.624386
2010-01-04,40.204659
2010-01-05,40.204659
2010-01-06,39.962151
2010-01-07,39.988144
2010-01-08,40.317242
2010-01-11,40.152706
2010-01-12,39.650352
2010-01-13,40.144039
2010-01-14,40.178680
2010-01-15,39.710972
2010-01-19,40.351910
2010-01-20,39.771591
2010-01-21,39.399189
2010-01-22,38.247261
2010-01-25,38.377182
2010-01-26,38.411819
2010-01-27,38.714958
2010-01-28,37.718933
2010-01-29,37.060699
2010-02-01,37.467762
2010-02-02,37.805553
2010-02-03,38.013416
2010-02-04,36.913460
2010-02-05,37.225281
2010-02-08,36.956772
2010-02-09,37.337845
2010-02-10,37.259899
2010-02-11,37.822876
2010-02-12,37.900810
2010-02-16,38.385857
2010-02-17,38.602367
2010-02-18,38.844864
2010-02-19,38.827564
2010-02-22,38.749611
2010-02-23,38.247261
2010-02-24,38.637028
2010-02-25,38.628349
2010-02-26,38.766922
2010-03-01,39.329891
2010-03-02,39.451153
2010-03-03,39.494461
2010-03-04,39.624386
2010-03-05,40.221981
2010-03-08,40.299923
2010-03-09,40.525139
2010-03-10,40.854252
2010-03-11,41.010136
2010-03-12,41.018803
2010-03-15,40.914871
2010-03-16,41.174706
2010-03-17,41.287292
2010-03-18,41.425873
2010-03-19,41.175308
2010-03-22,41.548130
2010-03-23,41.834236
2010-03-24,41.634827
2010-03-25,41.574135
2010-03-26,41.617500
2010-03-29,41.816902
2010-03-30,41.955635
2010-03-31,41.756207
2010-04-01,41.756207
2010-04-05,42.146397
2010-04-06,42.267757
2010-04-07,42.163731
2010-04-08,42.259098
2010-04-09,42.510529
2010-04-12,42.545223
2010-04-13,42.761971
2010-04-14,43.273521
2010-04-15,43.464264
2010-04-16,42.944057
2010-04-19,42.918034
2010-04-20,43.134789
2010-04-21,43.377567
2010-04-22,43.620331
2010-04-23,43.802418
2010-04-26,43.707039
2010-04-27,42.779308
2010-04-28,42.805325
2010-04-29,43.550972
2010-04-30,42.692608
2010-05-03,43.290848
2010-05-04,41.990314
2010-05-05,41.773552
2010-05-06,40.377644
2010-05-07,39.371887
2010-05-10,41.418076
2010-05-11,41.374722
2010-05-12,42.155052
2010-05-13,41.487446
2010-05-14,40.689770
2010-05-17,40.819828
2010-05-18,40.256252
2010-05-19,39.935452
2010-05-20,38.452831
2010-05-21,38.877666
2010-05-24,38.721611
2010-05-25,38.756287
2010-05-26,38.322784
2010-05-27,39.770725
2010-05-28,39.536629
2010-06-01,39.172459
2010-06-02,40.100189
2010-06-03,40.481674
2010-06-04,39.094425
2010-06-07,38.383461
2010-06-08,38.314098
2010-06-09,37.993301
2010-06-10,39.077103
2010-06-11,39.449905
2010-06-14,39.441242
2010-06-15,40.499020
2010-06-16,40.663780
2010-06-17,40.793816
2010-06-18,40.827675
2010-06-21,40.480225
2010-06-22,40.167496
2010-06-23,40.002441
2010-06-24,39.394394
2010-06-25,39.402218
2010-06-28,39.262943
2010-06-29,37.748501
2010-06-30,37.174030
2010-07-01,37.069576
2010-07-02,36.965145
2010-07-06,37.078285
2010-07-07,38.262001
2010-07-08,38.470905
2010-07-09,38.836456
2010-07-12,38.949615
2010-07-13,39.454426
2010-07-14,39.654629
2010-07-15,39.689445
2010-07-16,38.592758
2010-07-19,38.923504
2010-07-20,39.393494
2010-07-21,38.853874
2010-07-22,39.837399
2010-07-23,40.089821
2010-07-26,40.420563
2010-07-27,40.403152
2010-07-28,40.081104
2010-07-29,39.785168
2010-07-30,39.872215
2010-08-02,40.620747
2010-08-03,40.446663
2010-08-04,40.855743
2010-08-05,40.760014
2010-08-06,40.699074
2010-08-09,40.977608
2010-08-10,40.620747
2010-08-11,39.515366
2010-08-12,39.202011
2010-08-13,38.923504
2010-08-16,38.993137
2010-08-17,39.489246
2010-08-18,39.645920
2010-08-19,39.045364
2010-08-20,39.097565
2010-08-23,38.714622
2010-08-24,37.992176
2010-08-25,38.357750
2010-08-26,37.896442
2010-08-27,38.357750
2010-08-30,37.957371
2010-08-31,37.826817
2010-09-01,38.958321
2010-09-02,39.393494
2010-09-03,40.046307
2010-09-07,39.776478
2010-09-08,40.255196
2010-09-09,40.411858
2010-09-10,40.559818
2010-09-13,41.125572
2010-09-14,41.299644
2010-09-15,41.560764
2010-09-16,41.726131
2010-09-17,41.867470
2010-09-20,42.600296
2010-09-21,42.591576
2010-09-22,42.478153
2010-09-23,42.460720
2010-09-24,43.324409
2010-09-27,43.088852
2010-09-28,43.071407
2010-09-29,43.001617
2010-09-30,42.809681
2010-10-01,42.757343
2010-10-04,42.294945
2010-10-05,43.324409
2010-10-06,42.949261
2010-10-07,43.106289
2010-10-08,43.402924
2010-10-11,43.420383
2010-10-12,43.716995
2010-10-13,44.074692
2010-10-14,43.987438
2010-10-15,44.920925
2010-10-18,44.755177
2010-10-19,44.336418
2010-10-20,44.659203
2010-10-21,44.746464
2010-10-22,45.051796
2010-10-25,45.269905
2010-10-26,45.392044
2010-10-27,45.531628
2010-10-28,45.627586
2010-10-29,45.522911
2010-11-01,45.557800
2010-11-02,46.046364
2010-11-03,46.255741
2010-11-04,46.822807
2010-11-05,46.822807
2010-11-08,46.883892
2010-11-09,46.630875
2010-11-10,46.866436
2010-11-11,46.569817
2010-11-12,45.810795
2010-11-15,45.636311
2010-11-16,44.886044
2010-11-17,45.016903
2010-11-18,45.741028
2010-11-19,45.775909
2010-11-22,46.159767
2010-11-23,45.426933
2010-11-24,46.342976
2010-11-26,46.037640
2010-11-29,46.002739
2010-11-30,45.444382
2010-12-01,46.404049
2010-12-02,46.875153
2010-12-03,46.997292
2010-12-06,46.979843
2010-12-07,47.006031
2010-12-08,47.180508
2010-12-09,47.224125
2010-12-10,47.538204
2010-12-13,47.372425
2010-12-14,47.459702
2010-12-15,47.250301
2010-12-16,47.616726
2010-12-17,47.658676
2010-12-20,47.693649
2010-12-21,47.982124
2010-12-22,47.973358
2010-12-23,47.850979
2010-12-27,47.877220
2010-12-28,47.789787
2010-12-29,47.894691
2010-12-30,47.781067
2010-12-31,47.606228
2011-01-03,48.349258
2011-01-04,48.314289
2011-01-05,48.725132
2011-01-06,48.882469
2011-01-07,48.838776
2011-01-10,49.022350
2011-01-11,49.092297
2011-01-12,49.441933
2011-01-13,49.459427
2011-01-14,49.826565
2011-01-18,49.966431
2011-01-19,49.398228
2011-01-20,49.048595
2011-01-21,48.672707
2011-01-24,49.345798
2011-01-25,49.415703
2011-01-26,49.677979
2011-01-27,49.983917
2011-01-28,48.716404
2011-01-31,48.952419
2011-02-01,49.870266
2011-02-02,49.791607
2011-02-03,49.879013
2011-02-04,50.158749
2011-02-07,50.394779
2011-02-08,50.726944
2011-02-09,50.639519
2011-02-10,50.718201
2011-02-11,51.085342
2011-02-14,51.207733
2011-02-15,51.137806
2011-02-16,51.469986
2011-02-17,51.452488
2011-02-18,51.338844
2011-02-22,49.852795
2011-02-23,49.441933
2011-02-24,49.704201
2011-02-25,50.394779
2011-02-28,50.499641
2011-03-01,49.686695
2011-03-02,49.948963
2011-03-03,50.936745
2011-03-04,50.674488
2011-03-07,49.992653
2011-03-08,50.193718
2011-03-09,49.852795
2011-03-10,49.074787
2011-03-11,49.380749
2011-03-14,49.205929
2011-03-15,48.506603
2011-03-16,47.335247
2011-03-17,47.772320
2011-03-18,47.664650
2011-03-21,48.583805
2011-03-22,48.496265
2011-03-23,48.767620
2011-03-24,49.634266
2011-03-25,49.756802
2011-03-28,49.485439
2011-03-29,49.966911
2011-03-30,50.203255
2011-03-31,50.273296
2011-04-01,50.299549
2011-04-04,50.133228
2011-04-05,50.001926
2011-04-06,50.124466
2011-04-07,50.089447
2011-04-08,49.853100
2011-04-11,49.686771
2011-04-12,49.345383
2011-04-13,49.765564
2011-04-14,49.678036
2011-04-15,49.590492
2011-04-18,49.240341
2011-04-19,49.546741
2011-04-20,50.667213
2011-04-21,51.069881
2011-04-25,51.201191
2011-04-26,51.490082
2011-04-27,51.840233
2011-04-28,51.761452
2011-04-29,51.717690
2011-05-02,51.621387
2011-05-03,51.376274
2011-05-04,51.297493
2011-05-05,51.017368
2011-05-06,51.183697
2011-05-09,51.376274
2011-05-10,51.813957
2011-05-11,51.437550
2011-05-12,51.743927
2011-05-13,51.131149
2011-05-16,50.247025
2011-05-17,50.387093
2011-05-18,50.807278
2011-05-19,50.956089
2011-05-20,50.570904
2011-05-23,49.826847
2011-05-24,49.520458
2011-05-25,49.713055
2011-05-26,50.019440
2011-05-27,50.273296
2011-05-31,51.087406
2011-06-01,49.975666
2011-06-02,50.080730
2011-06-03,49.327858
2011-06-06,48.925201
2011-06-07,48.837662
2011-06-08,48.487503
2011-06-09,48.575054
2011-06-10,47.830967
2011-06-13,47.830967
2011-06-14,48.443729
2011-06-15,47.524582
2011-06-16,47.340755
2011-06-17,47.192486
2011-06-20,47.438152
2011-06-21,48.455860
2011-06-22,48.104923
2011-06-23,48.552368
2011-06-24,47.710117
2011-06-27,48.473404
2011-06-28,49.192833
2011-06-29,49.394615
2011-06-30,50.052635
2011-07-01,50.807152
2011-07-05,51.061565
2011-07-06,51.228279
2011-07-07,51.930153
2011-07-08,51.789776
2011-07-11,50.851025
2011-07-12,50.464966
2011-07-13,50.675564
2011-07-14,50.087734
2011-07-15,50.754494
2011-07-18,50.482533
2011-07-19,51.631855
2011-07-20,51.412521
2011-07-21,51.754684
2011-07-22,52.289860
2011-07-25,52.184578
2011-07-26,52.316185
2011-07-27,50.965065
2011-07-28,51.052811
2011-07-29,50.886116
2011-08-01,50.649220
2011-08-02,49.368298
2011-08-03,49.842068
2011-08-04,47.525864
2011-08-05,47.227573
2011-08-08,44.384975
2011-08-09,46.525696
2011-08-10,44.621853
2011-08-11,46.587101
2011-08-12,46.999462
2011-08-15,47.692562
2011-08-16,47.288998
2011-08-17,47.008244
2011-08-18,44.700809
2011-08-19,43.893677
2011-08-22,44.051579
2011-08-23,45.867672
2011-08-24,46.227398
2011-08-25,45.472885
2011-08-26,46.613430
2011-08-29,47.911900
2011-08-30,48.227749
2011-08-31,48.306717
2011-09-01,47.868038
2011-09-02,46.745029
2011-09-06,46.753803
2011-09-07,47.938221
2011-09-08,47.718891
2011-09-09,46.657299
2011-09-12,47.253902
2011-09-13,47.885590
2011-09-14,48.569920
2011-09-15,49.289341
2011-09-16,49.741135
2011-09-19,49.758713
2011-09-20,49.538963
2011-09-21,48.677582
2011-09-22,47.095417
2011-09-23,47.596443
2011-09-26,48.150181
2011-09-27,48.651203
2011-09-28,47.930428
2011-09-29,47.359127
2011-09-30,46.137344
2011-10-03,44.950729
2011-10-04,45.873650
2011-10-05,47.051472
2011-10-06,47.842545
2011-10-07,47.526134
2011-10-10,49.169788
2011-10-11,49.503803
2011-10-12,49.749943
2011-10-13,50.206985
2011-10-14,51.138710
2011-10-17,50.347622
2011-10-18,50.971699
2011-10-19,49.987240
2011-10-20,49.741135
2011-10-21,50.365211
2011-10-24,51.411186
2011-10-25,50.400375
2011-10-26,50.338829
2011-10-27,51.727615
2011-10-28,51.806725
2011-10-31,50.936539
2011-11-01,49.609287
2011-11-02,50.031204
2011-11-03,51.068382
2011-11-04,50.804688
2011-11-07,51.165077
2011-11-08,51.753983
2011-11-09,49.934502
2011-11-10,49.908131
2011-11-11,50.848625
2011-11-14,50.532211
2011-11-15,51.094742
2011-11-16,50.250938
2011-11-17,49.073116
2011-11-18,48.695152
2011-11-21,47.763447
2011-11-22,47.921658
2011-11-23,46.840511
2011-11-25,46.480137
2011-11-28,48.097450
2011-11-29,47.798611
2011-11-30,49.565346
2011-12-01,49.908131
2011-12-02,49.767490
2011-12-05,50.312462
2011-12-06,50.171837
2011-12-07,50.171837
2011-12-08,49.328022
2011-12-09,50.119095
2011-12-12,49.556561
2011-12-13,49.011574
2011-12-14,48.246883
2011-12-15,48.115036
2011-12-16,48.362759
2011-12-19,47.886692
2011-12-20,49.306030
2011-12-21,48.600784
2011-12-22,49.015106
2011-12-23,49.438271
2011-12-27,49.622677
2011-12-28,49.049168
2011-12-29,49.402092
2011-12-30,49.260918
2012-01-03,50.205021
2012-01-04,50.416779
2012-01-05,50.831482
2012-01-06,51.007946
2012-01-09,50.840313
2012-01-10,51.210884
2012-01-11,51.316780
2012-01-12,51.519691
2012-01-13,51.334400
2012-01-17,51.802036
2012-01-18,52.490284
2012-01-19,52.816738
2012-01-20,52.737328
2012-01-23,52.754982
2012-01-24,52.657921
2012-01-25,53.319672
2012-01-26,53.134380
2012-01-27,53.293205
2012-01-30,53.337330
2012-01-31,53.407890
2012-02-01,53.840240
2012-02-02,54.007889
2012-02-03,54.749054
2012-02-06,54.704941
2012-02-07,54.819660
2012-02-08,55.110813
2012-02-09,55.507866
2012-02-10,55.119637
2012-02-13,55.631397
2012-02-14,55.772572
2012-02-15,55.384338
2012-02-16,56.143143
2012-02-17,55.966682
2012-02-21,56.125500
2012-02-22,55.869633
2012-02-23,56.240215
2012-02-24,56.434326
2012-02-27,56.513741
2012-02-28,57.087250
2012-02-29,56.831360
2012-03-01,57.281368
2012-03-02,57.237251
2012-03-05,56.646072
2012-03-06,56.090229
2012-03-07,56.522549
2012-03-08,57.131355
2012-03-09,57.369579
2012-03-12,57.396057
2012-03-13,58.463684
2012-03-14,58.666637
2012-03-15,58.834259
2012-03-16,58.792747
2012-03-19,59.208134
2012-03-20,59.314205
2012-03-21,59.323036
2012-03-22,59.199314
2012-03-23,59.163967
2012-03-26,60.198059
2012-03-27,60.286419
2012-03-28,60.047821
2012-03-29,59.817986
2012-03-30,59.703091
2012-04-02,60.321758
2012-04-03,60.304089
2012-04-04,59.482121
2012-04-05,59.853344
2012-04-09,59.402599
2012-04-10,58.448040
2012-04-11,58.730858
2012-04-12,59.402599
2012-04-13,58.501080
2012-04-16,57.847034
2012-04-17,59.022552
2012-04-18,58.872284
2012-04-19,58.209415
2012-04-20,58.050327
2012-04-23,57.520016
2012-04-24,57.210674
2012-04-25,58.730858
2012-04-26,59.075565
2012-04-27,59.429085
2012-04-30,59.004856
2012-05-01,59.102089
2012-05-02,59.269989
2012-05-03,58.642464
2012-05-04,57.184155
2012-05-07,57.237198
2012-05-08,57.025074
2012-05-09,56.848301
2012-05-10,56.733410
2012-05-11,56.724548
2012-05-14,56.194260
2012-05-15,56.008659
2012-05-16,55.628601
2012-05-17,54.453110
2012-05-18,53.746044
2012-05-21,55.248550
2012-05-22,55.186687
2012-05-23,55.292751
2012-05-24,54.930382
2012-05-25,54.859673
2012-05-29,55.557907
2012-05-30,55.089485
2012-05-31,54.850838
2012-06-01,53.392509
2012-06-04,53.799061
2012-06-05,54.020027
2012-06-06,55.257404
2012-06-07,55.036430
2012-06-08,55.566730
2012-06-11,54.629883
2012-06-12,55.292751
2012-06-13,54.912708
2012-06-14,55.115986
2012-06-15,55.800758
2012-06-18,56.323410
2012-06-19,56.908104
2012-06-20,56.952362
2012-06-21,55.534985
2012-06-22,56.119671
2012-06-25,55.038914
2012-06-26,55.384396
2012-06-27,55.721027
2012-06-28,55.100918
2012-06-29,56.837219
2012-07-02,57.005527
2012-07-03,57.483910
2012-07-05,57.519337
2012-07-06,56.801800
2012-07-09,56.695496
2012-07-10,56.137386
2012-07-11,55.827324
2012-07-12,55.304688
2012-07-13,56.146244
2012-07-16,55.986790
2012-07-17,56.279125
2012-07-18,57.040981
2012-07-19,57.669933
2012-07-20,56.908104
2012-07-23,56.217125
2012-07-24,55.774174
2012-07-25,55.402126
2012-07-26,56.137386
2012-07-27,57.466183
2012-07-30,57.421890
2012-07-31,57.404175
2012-08-01,57.235859
2012-08-02,57.032104
2012-08-03,58.112869
2012-08-06,58.555801
2012-08-07,59.043045
2012-08-08,59.016445
2012-08-09,59.193623
2012-08-10,59.229073
2012-08-13,59.370789
2012-08-14,59.397388
2012-08-15,59.547970
2012-08-16,60.256672
2012-08-17,60.522442
2012-08-20,60.611034
2012-08-21,60.371815
2012-08-22,60.619892
2012-08-23,60.123775
2012-08-24,60.495880
2012-08-27,60.593300
2012-08-28,60.593300
2012-08-29,60.593300
2012-08-30,59.982067
2012-08-31,60.380692
2012-09-04,60.318684
2012-09-05,60.256672
2012-09-06,61.594353
2012-09-07,61.505745
2012-09-10,60.717308
2012-09-11,60.619892
2012-09-12,60.797035
2012-09-13,61.620911
2012-09-14,62.170143
2012-09-17,62.196712
2012-09-18,62.249851
2012-09-19,62.365013
2012-09-20,62.303028
2012-09-21,62.320778
2012-09-24,61.956551
2012-09-25,61.085926
2012-09-26,60.588425
2012-09-27,61.423508
2012-09-28,60.917133
2012-10-01,60.828293
2012-10-02,61.005993
2012-10-03,61.396866
2012-10-04,61.610073
2012-10-05,61.281364
2012-10-08,60.721684
2012-10-09,59.753368
2012-10-10,59.451298
2012-10-11,59.264713
2012-10-12,59.238052
2012-10-15,59.673386
2012-10-16,60.517334
2012-10-17,60.481823
2012-10-18,59.779999
2012-10-19,58.349686
2012-10-22,58.651699
2012-10-23,58.092033
2012-10-24,57.887726
2012-10-25,57.887726
2012-10-26,58.056484
2012-10-31,57.701126
2012-11-01,58.518463
2012-11-02,57.896591
2012-11-05,58.278591
2012-11-06,58.385208
2012-11-07,57.008202
2012-11-08,56.110928
2012-11-09,56.350777
2012-11-12,56.341900
2012-11-13,55.951012
2012-11-14,55.293579
2012-11-15,55.107033
2012-11-16,55.346897
2012-11-19,56.661716
2012-11-20,56.679485
2012-11-21,56.794971
2012-11-23,57.656754
2012-11-26,57.905460
2012-11-27,57.710022
2012-11-28,58.207520
2012-11-29,58.554001
2012-11-30,58.456280
2012-12-03,58.340790
2012-12-04,58.305252
2012-12-05,57.656754
2012-12-06,58.029854
2012-12-07,57.683384
2012-12-10,57.852158
2012-12-11,58.607304
2012-12-12,58.482937
2012-12-13,58.020954
2012-12-14,57.470181
2012-12-17,58.234188
2012-12-18,59.122585
2012-12-19,58.864944
2012-12-20,58.864944
2012-12-21,58.245831
2012-12-24,58.129711
2012-12-26,57.620518
2012-12-27,57.531185
2012-12-28,56.977306
2012-12-31,58.183319
2013-01-02,60.032543
2013-01-03,59.719856
2013-01-04,59.523327
2013-01-07,59.541210
2013-01-08,59.425091
2013-01-09,59.648411
2013-01-10,60.005745
2013-01-11,60.086170
2013-01-14,59.818127
2013-01-15,59.523327
2013-01-16,59.764523
2013-01-17,60.050400
2013-01-18,59.916428
2013-01-22,60.014648
2013-01-23,60.380951
2013-01-24,59.550110
2013-01-25,59.853874
2013-01-28,59.987846
2013-01-29,59.996803
2013-01-30,59.871723
2013-01-31,59.737717
2013-02-01,60.443470
2013-02-04,59.389317
2013-02-05,60.264793
2013-02-06,60.068260
2013-02-07,60.121853
2013-02-08,60.738270
2013-02-11,60.756149
2013-02-12,60.506012
2013-02-13,60.720398
2013-02-14,60.702538
2013-02-15,60.523876
2013-02-19,60.961613
2013-02-20,60.023617
2013-02-21,59.380398
2013-02-22,59.978924
2013-02-25,59.237457
2013-02-26,59.460808
2013-02-27,60.068260
2013-02-28,59.943211
2013-03-01,60.193317
2013-03-04,60.461349
2013-03-05,61.354671
2013-03-06,61.202820
2013-03-07,61.363625
2013-03-08,61.435097
2013-03-11,61.613754
2013-03-12,61.390450
2013-03-13,61.310001
2013-03-14,61.515480
2013-03-15,61.344463
2013-03-18,61.210140
2013-03-19,61.093731
2013-03-20,61.523556
2013-03-21,60.825111
2013-03-22,61.416096
2013-03-25,61.192219
2013-03-26,61.523556
2013-03-27,61.604126
2013-03-28,61.756321
2013-04-01,61.335468
2013-04-02,61.819031
2013-04-03,61.254898
2013-04-04,61.272835
2013-04-05,60.762444
2013-04-08,61.084774
2013-04-09,61.496681
2013-04-10,62.696522
2013-04-11,62.669651
2013-04-12,62.624901
2013-04-15,61.389214
2013-04-16,62.204063
2013-04-17,60.986305
2013-04-18,60.144600
2013-04-19,60.968353
2013-04-22,61.595158
2013-04-23,62.186153
2013-04-24,62.159302
2013-04-25,62.490570
2013-04-26,62.293602
2013-04-29,62.866642
2013-04-30,63.323311
2013-05-01,63.027843
2013-05-02,63.824741
2013-05-03,64.576866
2013-05-06,64.827591
2013-05-07,64.791786
2013-05-08,65.105156
2013-05-09,65.015625
2013-05-10,65.409615
2013-05-13,65.490227
2013-05-14,65.830467
2013-05-15,65.964775
2013-05-16,65.893112
2013-05-17,66.528900
2013-05-20,66.430367
2013-05-21,66.502014
2013-05-22,65.919983
2013-05-23,65.767761
2013-05-24,65.731987
2013-05-28,66.161781
2013-05-29,65.848366
2013-05-30,66.197556
2013-05-31,65.588692
2013-06-03,65.705109
2013-06-04,65.364838
2013-06-05,64.514236
2013-06-06,64.827591
2013-06-07,65.714020
2013-06-10,65.740913
2013-06-11,65.087250
2013-06-12,64.335098
2013-06-13,65.149933
2013-06-14,64.720131
2013-06-17,65.346924
2013-06-18,65.884193
2013-06-19,65.149933
2013-06-20,63.600891
2013-06-21,63.263153
2013-06-24,62.634384
2013-06-25,63.092457
2013-06-26,63.658413
2013-06-27,63.927853
2013-06-28,64.017632
2013-07-01,64.412865
2013-07-02,64.439857
2013-07-03,64.700333
2013-07-05,65.194359
2013-07-08,65.257240
2013-07-09,65.652466
2013-07-10,66.029732
2013-07-11,67.341164
2013-07-12,67.637581
2013-07-15,67.790306
2013-07-16,67.700478
2013-07-17,67.871140
2013-07-18,67.700478
2013-07-19,66.999825
2013-07-22,67.197479
2013-07-23,66.703392
2013-07-24,66.918991
2013-07-25,67.341164
2013-07-26,67.700478
2013-07-29,67.574707
2013-07-30,67.934006
2013-07-31,68.059738
2013-08-01,68.751373
2013-08-02,69.137650
2013-08-05,69.182571
2013-08-06,68.769363
2013-08-07,68.643631
2013-08-08,68.984955
2013-08-09,68.706482
2013-08-12,68.868179
2013-08-13,69.254425
2013-08-14,68.993935
2013-08-15,67.826195
2013-08-16,67.799294
2013-08-19,67.682503
2013-08-20,67.978943
2013-08-21,67.745384
2013-08-22,68.410088
2013-08-23,68.868179
2013-08-26,68.904099
2013-08-27,67.493858
2013-08-28,67.754356
2013-08-29,68.230431
2013-08-30,67.790306
2013-09-03,68.176498
2013-09-04,68.904099
2013-09-05,69.020866
2013-09-06,69.101715
2013-09-09,69.910164
2013-09-10,70.251472
2013-09-11,70.116722
2013-09-12,70.071846
2013-09-13,70.116722
2013-09-16,69.928085
2013-09-17,70.395195
2013-09-18,71.239525
2013-09-19,71.410217
2013-09-20,71.165154
2013-09-23,71.021011
2013-09-24,71.021011
2013-09-25,70.777733
2013-09-26,71.327316
2013-09-27,71.237244
2013-09-30,71.066040
2013-10-01,71.786819
2013-10-02,71.759781
2013-10-03,70.921883
2013-10-04,71.534523
2013-10-07,70.939919
2013-10-08,69.570480
2013-10-09,69.354256
2013-10-10,70.822784
2013-10-11,71.381378
2013-10-14,71.885910
2013-10-15,71.606636
2013-10-16,72.417442
2013-10-17,72.831886
2013-10-18,74.012100
2013-10-21,74.174278
2013-10-22,74.282394
2013-10-23,73.831932
2013-10-24,74.156250
2013-10-25,74.687828
2013-10-28,74.705826
2013-10-29,74.831978
2013-10-30,74.759888
2013-10-31,74.588715
2013-11-01,74.606735
2013-11-04,74.714844
2013-11-05,74.795937
2013-11-06,74.777908
2013-11-07,73.372482
2013-11-08,74.363518
2013-11-11,74.246338
2013-11-12,74.363518
2013-11-13,75.264442
2013-11-14,75.498619
2013-11-15,75.642807
2013-11-18,74.904045
2013-11-19,74.687828
2013-11-20,74.507607
2013-11-21,75.264442
2013-11-22,75.669838
2013-11-25,75.850052
2013-11-26,76.246429
2013-11-27,76.778000
2013-11-29,77.237488
2013-12-02,77.012215
2013-12-03,76.949165
2013-12-04,77.021271
2013-12-05,76.922127
2013-12-06,77.480736
2013-12-09,77.796043
2013-12-10,77.742027
2013-12-11,76.741966
2013-12-12,76.543732
2013-12-13,76.444641
2013-12-16,76.868057
2013-12-17,76.714928
2013-12-18,77.606842
2013-12-19,77.390640
2013-12-20,78.178772
2013-12-23,79.001198
2013-12-24,79.037354
2013-12-26,79.299469
2013-12-27,79.100624
2013-12-30,78.983139
2013-12-31,79.498283
2014-01-02,78.874672
2014-01-03,78.305290
2014-01-06,78.016090
2014-01-07,78.739113
2014-01-08,78.910828
2014-01-09,78.648712
2014-01-10,78.901764
2014-01-13,77.735909
2014-01-14,79.218094
2014-01-15,79.868851
2014-01-16,79.877876
2014-01-17,79.425980
2014-01-21,80.031532
2014-01-22,80.239410
2014-01-23,79.968300
2014-01-24,78.395653
2014-01-27,77.636459
2014-01-28,77.591248
2014-01-29,76.759796
2014-01-30,78.178772
2014-01-31,77.970886
2014-02-03,76.181328
2014-02-04,76.741722
2014-02-05,76.542862
2014-02-06,77.518936
2014-02-07,78.901764
2014-02-10,79.353661
2014-02-11,80.257492
2014-02-12,80.411148
2014-02-13,81.007652
2014-02-14,81.170341
2014-02-18,81.567986
2014-02-19,81.007652
2014-02-20,81.387268
2014-02-21,81.278770
2014-02-24,81.712624
2014-02-25,81.622208
2014-02-26,81.549919
2014-02-27,82.079041
2014-02-28,81.988274
2014-03-03,81.380180
2014-03-04,82.414810
2014-03-05,82.641708
2014-03-06,82.569084
2014-03-07,82.160736
2014-03-10,82.233299
2014-03-11,81.879364
2014-03-12,82.187927
2014-03-13,81.026245
2014-03-14,80.472641
2014-03-17,81.180511
2014-03-18,82.160736
2014-03-19,81.716019
2014-03-20,81.942894
2014-03-21,80.956841
2014-03-24,80.247353
2014-03-25,80.511116
2014-03-26,79.474190
2014-03-27,79.028458
2014-03-28,79.183083
2014-03-31,79.747070
2014-04-01,81.147903
2014-04-02,81.357086
2014-04-03,80.711288
2014-04-04,78.564537
2014-04-07,77.818649
2014-04-08,78.537270
2014-04-09,79.883514
2014-04-10,77.409325
2014-04-11,76.508759
2014-04-14,77.109123
2014-04-15,77.363831
2014-04-16,78.391708
2014-04-17,78.409897
2014-04-21,78.992058
2014-04-22,79.619728
2014-04-23,78.919296
2014-04-24,79.674286
2014-04-25,78.400818
2014-04-28,78.655502
2014-04-29,79.283134
2014-04-30,79.492355
2014-05-01,79.728851
2014-05-02,79.583313
2014-05-05,80.001740
2014-05-06,78.964783
2014-05-07,78.737389
2014-05-08,78.664604
2014-05-09,78.955681
2014-05-12,80.256470
2014-05-13,80.311012
2014-05-14,79.892601
2014-05-15,79.264946
2014-05-16,79.783424
2014-05-19,80.338326
2014-05-20,80.047256
2014-05-21,80.811302
2014-05-22,81.166077
2014-05-23,81.757324
2014-05-27,82.776123
2014-05-28,82.521461
2014-05-29,83.049004
2014-05-30,83.058090
2014-06-02,82.976219
2014-06-03,82.939835
2014-06-04,83.249123
2014-06-05,83.949524
2014-06-06,84.431656
2014-06-09,84.367958
2014-06-10,84.513504
2014-06-11,84.495308
2014-06-12,83.731232
2014-06-13,83.976814
2014-06-16,84.049606
2014-06-17,84.095047
2014-06-18,84.568077
2014-06-19,84.513504
2014-06-20,84.612923
2014-06-23,84.631157
2014-06-24,84.549072
2014-06-25,85.087196
2014-06-26,85.132805
2014-06-27,85.506760
2014-06-30,85.652687
2014-07-01,86.592110
2014-07-02,86.738060
2014-07-03,87.285286
2014-07-07,87.020782
2014-07-08,85.971878
2014-07-09,86.610374
2014-07-10,86.336731
2014-07-11,86.893097
2014-07-14,87.412971
2014-07-15,87.111984
2014-07-16,87.458580
2014-07-17,86.300270
2014-07-18,87.668365
2014-07-21,87.558929
2014-07-22,88.115280
2014-07-23,88.680763
2014-07-24,88.580444
2014-07-25,88.233826
2014-07-28,88.261185
2014-07-29,88.106140
2014-07-30,88.452751
2014-07-31,86.665070
2014-08-01,86.345833
2014-08-04,86.938698
2014-08-05,86.272896
2014-08-06,86.209045
2014-08-07,85.935425
2014-08-08,86.555649
2014-08-11,87.066406
2014-08-12,87.029892
2014-08-13,87.951096
2014-08-14,88.407143
2014-08-15,88.835808
2014-08-18,89.519852
2014-08-19,90.021507
2014-08-20,90.021507
2014-08-21,90.203918
2014-08-22,90.340714
2014-08-25,90.659973
2014-08-26,90.751152
2014-08-27,90.769402
2014-08-28,90.669083
2014-08-29,91.006538
2014-09-02,91.271034
2014-09-03,90.732941
2014-09-04,90.650818
2014-09-05,91.106873
2014-09-08,91.280174
2014-09-09,90.523148
2014-09-10,91.271034
2014-09-11,91.198051
2014-09-12,90.732941
2014-09-15,89.857323
2014-09-16,90.641716
2014-09-17,90.778488
2014-09-18,91.462555
2014-09-19,91.405891
2014-09-22,90.555649
2014-09-23,90.308807
2014-09-24,91.277885
2014-09-25,89.357994
2014-09-26,90.308807
2014-09-29,90.189934
2014-09-30,90.317924
2014-10-01,88.873444
2014-10-02,88.873444
2014-10-03,89.751122
2014-10-06,89.559128
2014-10-07,88.288322
2014-10-08,90.007103
2014-10-09,88.553467
2014-10-10,86.340988
2014-10-13,84.987923
2014-10-14,84.997032
2014-10-15,84.448517
2014-10-16,83.918243
2014-10-17,85.024475
2014-10-20,86.295288
2014-10-21,88.562599
2014-10-22,88.105492
2014-10-23,89.431145
2014-10-24,90.162537
2014-10-27,90.226509
2014-10-28,91.588707
2014-10-29,91.250473
2014-10-30,91.442451
2014-10-31,92.704109
2014-11-03,92.978355
2014-11-04,92.667557
2014-11-05,92.676674
2014-11-06,92.969261
2014-11-07,92.886971
2014-11-10,93.216095
2014-11-11,93.508636
2014-11-12,93.673218
2014-11-13,94.075462
2014-11-14,94.368027
2014-11-17,94.084641
2014-11-18,94.788589
2014-11-19,94.358910
2014-11-20,94.779434
2014-11-21,94.962318
2014-11-24,95.702820
2014-11-25,95.849136
2014-11-26,96.470802
2014-11-28,96.918762
2014-12-01,95.821693
2014-12-02,96.205688
2014-12-03,96.379364
2014-12-04,96.333672
2014-12-05,96.342796
2014-12-08,95.657112
2014-12-09,95.958817
2014-12-10,94.450317
2014-12-11,94.898285
2014-12-12,93.865204
2014-12-15,92.896095
2014-12-16,91.405891
2014-12-17,93.069847
2014-12-18,95.309692
2014-12-19,95.729073
2014-12-22,95.967644
2014-12-23,95.628136
2014-12-24,95.710716
2014-12-26,96.389801
2014-12-29,96.371414
2014-12-30,95.729073
2014-12-31,94.747185
2015-01-02,94.462723
2015-01-05,93.077065
2015-01-06,91.829056
2015-01-07,93.012817
2015-01-08,94.793068
2015-01-09,94.169060
2015-01-12,93.187187
2015-01-13,93.159630
2015-01-14,92.645775
2015-01-15,91.443657
2015-01-16,92.517273
2015-01-20,93.251442
2015-01-21,93.728600
2015-01-22,95.462936
2015-01-23,95.674026
2015-01-26,95.563881
2015-01-27,93.086243
2015-01-28,92.609032
2015-01-29,93.499161
2015-01-30,92.774246
2015-02-02,93.581779
2015-02-03,94.481079
2015-02-04,94.398468
2015-02-05,95.215187
2015-02-06,94.637054
2015-02-09,94.334229
2015-02-10,95.802483
2015-02-11,96.151192
2015-02-12,97.270721
2015-02-13,98.105766
2015-02-17,98.197540
2015-02-18,98.335190
2015-02-19,98.821526
2015-02-20,99.482285
2015-02-23,99.583214
2015-02-24,99.656601
2015-02-25,99.408844
2015-02-26,99.913551
2015-02-27,99.473091
2015-03-02,100.372360
2015-03-03,99.904343
2015-03-04,99.518944
2015-03-05,99.693291
2015-03-06,98.564590
2015-03-09,98.849083
2015-03-10,97.013763
2015-03-11,96.454010
2015-03-12,97.087196
2015-03-13,96.665039
2015-03-16,97.913101
2015-03-17,98.069069
2015-03-18,99.032623
2015-03-19,99.179428
2015-03-20,99.821388
2015-03-23,99.628250
2015-03-24,99.269562
2015-03-25,96.997780
2015-03-26,96.666649
2015-03-27,97.052933
2015-03-30,98.165855
2015-03-31,97.126495
2015-04-01,96.620651
2015-04-02,96.685020
2015-04-06,97.476028
2015-04-07,97.310493
2015-04-08,98.083092
2015-04-09,98.699310
2015-04-10,99.104012
2015-04-13,98.855652
2015-04-14,98.570557
2015-04-15,99.186813
2015-04-16,99.048805
2015-04-17,97.503632
2015-04-20,98.966026
2015-04-21,99.389145
2015-04-22,99.931801
2015-04-23,100.308891
2015-04-24,101.670151
2015-04-27,101.412590
2015-04-28,101.210266
2015-04-29,100.575600
2015-04-30,98.993607
2015-05-01,100.299721
2015-05-04,100.465263
2015-05-05,98.828087
2015-05-06,98.147461
2015-05-07,98.736084
2015-05-08,99.968582
2015-05-11,99.582275
2015-05-12,99.131561
2015-05-13,99.333931
2015-05-14,100.787178
2015-05-15,100.787178
2015-05-18,101.228630
2015-05-19,101.118294
2015-05-20,101.182663
2015-05-21,101.706924
2015-05-22,101.605759
2015-05-26,100.437660
2015-05-27,102.056442
2015-05-28,101.826515
2015-05-29,101.219467
2015-06-01,101.559753
2015-06-02,101.237862
2015-06-03,101.541367
2015-06-04,100.768761
2015-06-05,100.529602
2015-06-08,99.508698
2015-06-09,99.343163
2015-06-10,100.704407
2015-06-11,100.851555
2015-06-12,100.023766
2015-06-15,99.527084
2015-06-16,100.069786
2015-06-17,100.345673
2015-06-18,101.808098
2015-06-19,101.304771
2015-06-22,102.051476
2015-06-23,102.134460
2015-06-24,101.608986
2015-06-25,101.406158
2015-06-26,100.733208
2015-06-29,98.354752
2015-06-30,98.705078
2015-07-01,99.488678
2015-07-02,99.516327
2015-07-06,99.285851
2015-07-07,99.534737
2015-07-08,97.801628
2015-07-09,97.746300
2015-07-10,99.239754
2015-07-13,100.982124
2015-07-14,101.645882
2015-07-15,101.756493
2015-07-16,103.194611
2015-07-17,104.715683
2015-07-20,105.075226
2015-07-21,105.010689
2015-07-22,103.821495
2015-07-23,103.434280
2015-07-24,102.420204
2015-07-27,101.572105
2015-07-28,102.447861
2015-07-29,102.835052
2015-07-30,103.323654
2015-07-31,103.203812
2015-08-03,102.881165
2015-08-04,102.687553
2015-08-05,103.480392
2015-08-06,101.821030
2015-08-07,101.691948
2015-08-10,102.853500
2015-08-11,101.535233
2015-08-12,101.885544
2015-08-13,101.719597
2015-08-14,101.876305
2015-08-17,102.724434
2015-08-18,102.198982
2015-08-19,101.526016
2015-08-20,98.714272
2015-08-21,94.399940
2015-08-24,90.767731
2015-08-25,90.426628
2015-08-26,94.980690
2015-08-27,97.386787
2015-08-28,97.368355
2015-08-31,96.160698
2015-09-01,93.155373
2015-09-02,95.782730
2015-09-03,95.312599
2015-09-04,94.178673
2015-09-08,96.833694
2015-09-09,95.745865
2015-09-10,96.787544
2015-09-11,97.322281
2015-09-14,97.027267
2015-09-15,98.170395
2015-09-16,98.723503
2015-09-17,98.760384
2015-09-18,97.355759
2015-09-21,97.660675
2015-09-22,96.200600
2015-09-23,96.274544
2015-09-24,95.923347
2015-09-25,95.110092
2015-09-28,92.402473
2015-09-29,91.921921
2015-09-30,94.038155
2015-10-01,94.463234
2015-10-02,96.117416
2015-10-05,97.494347
2015-10-06,97.032272
2015-10-07,97.614464
2015-10-08,98.002602
2015-10-09,98.446175
2015-10-12,98.686462
2015-10-13,98.048813
2015-10-14,97.891731
2015-10-15,99.499687
2015-10-16,99.915527
2015-10-19,100.488487
2015-10-20,99.970985
2015-10-21,99.361076
2015-10-22,101.384872
2015-10-23,104.221901
2015-10-26,104.286583
2015-10-27,104.499138
2015-10-28,105.367851
2015-10-29,105.201500
2015-10-30,104.730209
2015-11-02,105.913048
2015-11-03,106.282715
2015-11-04,106.291931
2015-11-05,106.005470
2015-11-06,106.079407
2015-11-09,104.951965
2015-11-10,104.683960
2015-11-11,104.554596
2015-11-12,103.538071
2015-11-13,101.505013
2015-11-16,102.965111
2015-11-17,103.029793
2015-11-18,105.007408
2015-11-19,105.081337
2015-11-20,105.792908
2015-11-23,105.487961
2015-11-24,105.395569
2015-11-25,105.487961
2015-11-27,105.635818
2015-11-30,105.367851
2015-12-01,106.421333
2015-12-02,105.765190
2015-12-03,103.972420
2015-12-04,106.402840
2015-12-07,105.922302
2015-12-08,105.931526
2015-12-09,104.323570
2015-12-10,104.794861
2015-12-11,102.382942
2015-12-14,103.159187
2015-12-15,103.787598
2015-12-16,105.330872
2015-12-17,103.796814
2015-12-18,101.805763
2015-12-21,102.936623
2015-12-22,103.613274
2015-12-23,104.382645
2015-12-24,104.364090
2015-12-28,104.308510
2015-12-29,105.949188
2015-12-30,104.994423
2015-12-31,103.687447
2016-01-04,101.499870
2016-01-05,101.323730
2016-01-06,100.350456
2016-01-07,97.208122
2016-01-08,96.410957
2016-01-11,96.707581
2016-01-12,97.829178
2016-01-13,94.455147
2016-01-14,96.466591
2016-01-15,93.472580
2016-01-19,93.676498
2016-01-20,93.389153
2016-01-21,93.481857
2016-01-22,96.188484
2016-01-25,94.761024
2016-01-26,95.613808
2016-01-27,93.231583
2016-01-28,94.547821
2016-01-29,96.522209
2016-02-01,96.781746
2016-02-02,94.686859
2016-02-03,94.232651
2016-02-04,94.223404
2016-02-05,90.951317
2016-02-08,89.560890
2016-02-09,89.282799
2016-02-10,89.625763
2016-02-11,89.496017
2016-02-12,90.858582
2016-02-16,92.907158
2016-02-17,95.011307
2016-02-18,93.926765
2016-02-19,94.204865
2016-02-22,95.734329
2016-02-23,94.158501
2016-02-24,95.057648
2016-02-25,95.993858
2016-02-26,95.873344
2016-02-29,95.011307
2016-03-01,98.060898
2016-03-02,98.098030
2016-03-03,97.912582
2016-03-04,97.949684
2016-03-07,97.347160
2016-03-08,96.540741
2016-03-09,97.161789
2016-03-10,97.013489
2016-03-11,98.709785
2016-03-14,98.876625
2016-03-15,98.839561
2016-03-16,99.720154
2016-03-17,99.664505
2016-03-18,99.820732
2016-03-21,100.211212
2016-03-22,100.517960
2016-03-23,99.690544
2016-03-24,99.718460
2016-03-28,99.578972
2016-03-29,101.178070
2016-03-30,101.670792
2016-03-31,101.522018
2016-04-01,102.600487
2016-04-04,102.210052
2016-04-05,101.224564
2016-04-06,102.888687
2016-04-07,101.410492
2016-04-08,101.336090
2016-04-11,100.964256
2016-04-12,101.810242
2016-04-13,103.111816
2016-04-14,103.121124
2016-04-15,102.860779
2016-04-18,103.409317
2016-04-19,102.777153
2016-04-20,102.860779
2016-04-21,102.870110
2016-04-22,101.317520
2016-04-25,101.317520
2016-04-26,100.824776
2016-04-27,100.015961
2016-04-28,98.807343
2016-04-29,98.286713
2016-05-02,99.216408
2016-05-03,98.296036
2016-05-04,97.663841
2016-05-05,97.635925
2016-05-06,98.156586
2016-05-09,98.435486
2016-05-10,99.783524
2016-05-11,98.881752
2016-05-12,98.444748
2016-05-13,98.082184
2016-05-16,99.309372
2016-05-17,98.063606
2016-05-18,98.416931
2016-05-19,97.905571
2016-05-20,98.984001
2016-05-23,98.853821
2016-05-24,100.834061
2016-05-25,101.559250
2016-05-26,101.856735
2016-05-27,102.386658
2016-05-31,102.581902
2016-06-01,102.591194
2016-06-02,102.805016
2016-06-03,102.321579
2016-06-06,102.693443
2016-06-07,102.433151
2016-06-08,102.609779
2016-06-09,102.442444
2016-06-10,101.280304
2016-06-13,100.434296
2016-06-14,100.434296
2016-06-15,100.146088
2016-06-16,100.443634
2016-06-17,99.266296
2016-06-20,99.890839
2016-06-21,100.207771
2016-06-22,99.965416
2016-06-23,101.391617
2016-06-24,97.215523
2016-06-27,95.285912
2016-06-28,97.373993
2016-06-29,99.098480
2016-06-30,100.245049
2016-07-01,100.748405
2016-07-05,100.133179
2016-07-06,100.953514
2016-07-07,101.251793
2016-07-08,102.817818
2016-07-11,103.405083
2016-07-12,103.927116
2016-07-13,103.675415
2016-07-14,104.383873
2016-07-15,104.216087
2016-07-18,104.905884
2016-07-19,104.523689
2016-07-20,105.744827
2016-07-21,105.502457
2016-07-22,105.940567
2016-07-25,105.949883
2016-07-26,106.071083
2016-07-27,106.807503
2016-07-28,107.180382
2016-07-29,107.413399
2016-08-01,107.982033
2016-08-02,107.161705
2016-08-03,107.515938
2016-08-04,107.823563
2016-08-05,108.858246
2016-08-08,108.737091
2016-08-09,108.988739
2016-08-10,108.709122
2016-08-11,109.175217
2016-08-12,109.249771
2016-08-15,109.715836
2016-08-16,109.109962
2016-08-17,109.305710
2016-08-18,109.333679
2016-08-19,109.305710
2016-08-22,109.389603
2016-08-23,109.585350
2016-08-24,108.876938
2016-08-25,108.699799
2016-08-26,108.858246
2016-08-29,109.007416
2016-08-30,108.653175
2016-08-31,108.541321
2016-09-01,108.820976
2016-09-02,109.175217
2016-09-06,109.855667
2016-09-07,109.920921
2016-09-08,109.277748
2016-09-09,106.527855
2016-09-12,108.438782
2016-09-13,107.469322
2016-09-14,107.982033
2016-09-15,109.659920
2016-09-16,109.607605
2016-09-19,109.130981
2016-09-20,109.336571
2016-09-21,110.411263
2016-09-22,111.289696
2016-09-23,110.579483
2016-09-26,109.654327
2016-09-27,110.738319
2016-09-28,110.925224
2016-09-29,110.121582
2016-09-30,110.943932
2016-10-03,110.785072
2016-10-04,110.616852
2016-10-05,111.009323
2016-10-06,110.953285
2016-10-07,110.710281
2016-10-10,111.411194
2016-10-11,109.822517
2016-10-12,109.729073
2016-10-13,109.336571
2016-10-14,109.467438
2016-10-17,109.168381
2016-10-18,110.140236
2016-10-19,110.130905
2016-10-20,110.000076
2016-10-21,110.411263
2016-10-24,111.738243
2016-10-25,111.383148
2016-10-26,110.626190
2016-10-27,110.121582
2016-10-28,109.430038
2016-10-31,109.327240
2016-11-01,108.504875
2016-11-02,107.635780
2016-11-03,106.579811
2016-11-04,106.205994
2016-11-07,108.729134
2016-11-08,109.439384
2016-11-09,109.944000
2016-11-10,108.168465
2016-11-11,108.215195
2016-11-14,107.121803
2016-11-15,108.607666
2016-11-16,109.252487
2016-11-17,110.046799
2016-11-18,109.635620
2016-11-21,110.775719
2016-11-22,111.112122
2016-11-23,110.663567
2016-11-25,111.018692
2016-11-28,110.766380
2016-11-29,111.149521
2016-11-30,109.803856
2016-12-01,107.906799
2016-12-02,108.121773
2016-12-05,108.962784
2016-12-06,109.224426
2016-12-07,110.607513
2016-12-08,110.803741
2016-12-09,111.672836
2016-12-12,111.168198
2016-12-13,112.569954
2016-12-14,112.336311
2016-12-15,112.513878
2016-12-16,112.096825
2016-12-19,112.556046
2016-12-20,112.987213
2016-12-21,112.902832
2016-12-22,112.584190
2016-12-23,112.659180
2016-12-27,113.240257
2016-12-28,112.359215
2016-12-29,112.199913
2016-12-30,111.047104
2017-01-03,112.040581
2017-01-04,112.649788
2017-01-05,113.287125
2017-01-06,114.280632
2017-01-09,114.655563
2017-01-10,114.908607
2017-01-11,115.217926
2017-01-12,115.039810
2017-01-13,115.433495
2017-01-17,115.086678
2017-01-18,115.320999
2017-01-19,115.264778
2017-01-20,115.517807
2017-01-23,115.611565
2017-01-24,116.389465
2017-01-25,117.561081
2017-01-26,117.682884
2017-01-27,117.907837
2017-01-30,116.989326
2017-01-31,116.754997
2017-02-01,117.561081
2017-02-02,117.457924
2017-02-03,117.795380
2017-02-06,117.935974
2017-02-07,118.367096
2017-02-08,118.563919
2017-02-09,118.995079
2017-02-10,119.388725
2017-02-13,120.063545
2017-02-14,120.466591
2017-02-15,121.178864
2017-02-16,121.141403
2017-02-17,121.666275
2017-02-21,122.266129
2017-02-22,122.312996
2017-02-23,121.853737
2017-02-24,122.088028
2017-02-27,122.238014
2017-02-28,121.863121
2017-03-01,123.194046
2017-03-02,122.575417
2017-03-03,122.800392
2017-03-06,122.528542
2017-03-07,122.322350
2017-03-08,122.537933
2017-03-09,122.631676
2017-03-10,123.147179
2017-03-13,123.353348
2017-03-14,123.053436
2017-03-15,123.812614
2017-03-16,123.728226
2017-03-17,123.685066
2017-03-20,123.797760
2017-03-21,121.919327
2017-03-22,122.745827
2017-03-23,122.435898
2017-03-24,122.689499
2017-03-27,122.886726
2017-03-28,123.638077
2017-03-29,124.211021
2017-03-30,124.417618
2017-03-31,124.333138
2017-04-03,124.257935
2017-04-04,124.455208
2017-04-05,123.948059
2017-04-06,124.013779
2017-04-07,123.948059
2017-04-10,123.995018
2017-04-11,123.459625
2017-04-12,122.961861
2017-04-13,122.473457
2017-04-17,123.487801
2017-04-18,123.299980
2017-04-19,123.497253
2017-04-20,124.530334
2017-04-21,124.502174
2017-04-24,126.004929
2017-04-25,126.915947
2017-04-26,126.737488
2017-04-27,127.498276
2017-04-28,127.723663
2017-05-01,128.860107
2017-05-02,129.076141
2017-05-03,128.662888
2017-05-04,128.709793
2017-05-05,129.179428
2017-05-08,129.461197
2017-05-09,129.912064
2017-05-10,129.987198
2017-05-11,129.883881
2017-05-12,130.175079
2017-05-15,130.588272
2017-05-16,131.133026
2017-05-17,127.798767
2017-05-18,128.916504
2017-05-19,129.461197
2017-05-22,130.550690
2017-05-23,130.682220
2017-05-24,131.283279
2017-05-25,132.400970
2017-05-26,132.635727
2017-05-30,132.748444
2017-05-31,132.701523
2017-06-01,133.218048
2017-06-02,134.739609
2017-06-05,134.711411
2017-06-06,134.176056
2017-06-07,134.701965
2017-06-08,134.842911
2017-06-09,131.471115
2017-06-12,130.766754
2017-06-13,131.828064
2017-06-14,131.255142
2017-06-15,130.672791
2017-06-16,130.105865
2017-06-19,132.281311
2017-06-20,131.245377
2017-06-21,132.545074
2017-06-22,132.507385
2017-06-23,133.015945
2017-06-26,132.394348
2017-06-27,129.992798
2017-06-28,131.866989
2017-06-29,129.578430
2017-06-30,129.625595
2017-07-03,128.260025
2017-07-05,129.521973
2017-07-06,128.354126
2017-07-07,129.738571
2017-07-10,130.586182
2017-07-11,130.953491
2017-07-12,132.507385
2017-07-13,132.799286
2017-07-14,133.844666
2017-07-17,133.910629
2017-07-18,134.805298
2017-07-19,135.596375
2017-07-20,135.775345
2017-07-21,135.718842
2017-07-24,136.340469
2017-07-25,135.991913
2017-07-26,136.434586
2017-07-27,135.577576
2017-07-28,135.464554
2017-07-31,134.890045
2017-08-01,135.200836
2017-08-02,135.568085
2017-08-03,135.040710
2017-08-04,135.285645
2017-08-07,136.142639
2017-08-08,135.907181
2017-08-09,135.728256
2017-08-10,132.818146
2017-08-11,133.825851
2017-08-14,135.549286
2017-08-15,135.643524
2017-08-16,135.878952
2017-08-17,133.100754
2017-08-18,133.006485
2017-08-21,132.837021
2017-08-22,134.861755
2017-08-23,134.381500
2017-08-24,133.985992
2017-08-25,133.703430
2017-08-28,134.117859
2017-08-29,134.645233
2017-08-30,136.227386
2017-08-31,137.687088
2017-09-01,137.498795
2017-09-05,136.265076
2017-09-06,136.679489
2017-09-07,136.999649
2017-09-08,135.812927
2017-09-11,137.376358
2017-09-12,137.705978
2017-09-13,137.894287
2017-09-14,137.084351
2017-09-15,137.555252
2017-09-18,137.375000
2017-09-19,137.611008
2017-09-20,137.186249
2017-09-21,136.346237
2017-09-22,136.214096
2017-09-25,134.779419
2017-09-26,135.128708
2017-09-27,136.346237
2017-09-28,136.299042
2017-09-29,137.280609
2017-10-02,137.403351
2017-10-03,137.695908
2017-10-04,137.828049
2017-10-05,139.177704
2017-10-06,139.366470
2017-10-09,139.206055
2017-10-10,139.309875
2017-10-11,139.725128
2017-10-12,139.470322
2017-10-13,140.008347
2017-10-16,140.489655
2017-10-17,140.669006
2017-10-18,140.499146
2017-10-19,139.979996
2017-10-20,140.357529
2017-10-23,139.442017
2017-10-24,139.677994
2017-10-25,139.149445
2017-10-26,138.705811
2017-10-27,142.745377
2017-10-30,143.066330
2017-10-31,143.604309
2017-11-01,143.557129
2017-11-02,143.283447
2017-11-03,144.661407
2017-11-06,145.152191
2017-11-07,145.237167
2017-11-08,145.822311
2017-11-09,145.057816
2017-11-10,145.048340
2017-11-13,145.227676
2017-11-14,144.699142
2017-11-15,144.019608
2017-11-16,145.860062
2017-11-17,145.303192
2017-11-20,145.189957
2017-11-21,146.766174
2017-11-22,146.945496
2017-11-24,147.483444
2017-11-27,147.417404
2017-11-28,147.794876
2017-11-29,145.218277
2017-11-30,146.435822
2017-12-01,145.812912
2017-12-04,144.132874
2017-12-05,144.227234
2017-12-06,144.878464
2017-12-07,145.369247
2017-12-08,146.011063
2017-12-11,147.143692
2017-12-12,146.945496
2017-12-13,147.228653
2017-12-14,147.124817
2017-12-15,148.795380
2017-12-18,150.042923
2017-12-19,149.153824
2017-12-20,148.993073
2017-12-21,149.011948
2017-12-22,148.841736
2017-12-26,148.037796
2017-12-27,148.056717
2017-12-28,148.236404
2017-12-29,147.318939
2018-01-02,149.901077
2018-01-03,151.357574
2018-01-04,151.622437
2018-01-05,153.145126
2018-01-08,153.741058
2018-01-09,153.750458
2018-01-10,153.391037
2018-01-11,154.440903
2018-01-12,155.575867
2018-01-16,155.131363
2018-01-17,156.805420
2018-01-18,156.833771
2018-01-19,157.325592
2018-01-22,159.009171
2018-01-23,160.323853
2018-01-24,159.283508
2018-01-25,159.226746
2018-01-26,161.666901
2018-01-29,160.881866
2018-01-30,159.557709
2018-01-31,160.219788
2018-02-01,158.857864
2018-02-02,155.689423
2018-02-05,149.551132
2018-02-06,153.514008
2018-02-07,151.527847
2018-02-08,145.134186
2018-02-09,147.640594
2018-02-12,150.260391
2018-02-13,151.035950
2018-02-14,153.863983
2018-02-15,156.720276
2018-02-16,156.020386
2018-02-20,156.332489
2018-02-21,155.888016
2018-02-22,155.869095
2018-02-23,159.056458
2018-02-26,161.165619
2018-02-27,159.169983
2018-02-28,158.148529
2018-03-01,155.566483
2018-03-02,156.994629
2018-03-05,158.734879
2018-03-06,159.406372
2018-03-07,159.775269
2018-03-08,160.654892
2018-03-09,163.776047
2018-03-12,164.646179
2018-03-13,162.404617
2018-03-14,162.376205
2018-03-15,162.234375
2018-03-16,161.751999
2018-03-19,158.300842
2018-03-20,158.821899
2018-03-21,158.130310
2018-03-22,154.227249
2018-03-23,150.163147
2018-03-26,155.742996
2018-03-27,150.703156
2018-03-28,148.969543
2018-03-29,151.697845
2018-04-02,147.321167
2018-04-03,148.979004
2018-04-04,151.328415
2018-04-05,152.190521
2018-04-06,148.382202
2018-04-09,149.424255
2018-04-10,152.721008
2018-04-11,151.839951
2018-04-12,153.668365
2018-04-13,152.872604
2018-04-16,154.037842
2018-04-17,157.353485
2018-04-18,157.675629
2018-04-19,156.226135
2018-04-20,153.753616
2018-04-23,153.365158
2018-04-24,150.115860
2018-04-25,150.295731
2018-04-26,153.459900
2018-04-27,153.554672
2018-04-30,152.465225
2018-05-01,154.208313
2018-05-02,153.298889
2018-05-03,153.279922
2018-05-04,156.188248
2018-05-07,157.486099
2018-05-08,157.325104
2018-05-09,159.039795
2018-05-10,160.688110
2018-05-11,160.536545
2018-05-14,160.811310
2018-05-15,159.030304
2018-05-16,160.081863
2018-05-17,159.466064
2018-05-18,158.641861
2018-05-21,159.532379
2018-05-22,159.323975
2018-05-23,160.669189
2018-05-24,160.621872
2018-05-25,160.782883
2018-05-29,160.072372
2018-05-30,161.218643
2018-05-31,161.114487
2018-06-01,163.643829
2018-06-04,165.121735
2018-06-05,165.633194
2018-06-06,166.599548
2018-06-07,165.244873
2018-06-08,165.254333
2018-06-11,165.699600
2018-06-12,166.571121
2018-06-13,166.561691
2018-06-14,168.247925
2018-06-15,167.660553
2018-06-18,167.563721
2018-06-19,167.089081
2018-06-20,168.275772
2018-06-21,166.813751
2018-06-22,166.443481
2018-06-25,162.693497
2018-06-26,163.358032
2018-06-27,161.136520
2018-06-28,162.522598
2018-06-29,162.959259
2018-07-02,164.051086
2018-07-03,162.152313
2018-07-05,164.164963
2018-07-06,166.718765
2018-07-09,168.218796
2018-07-10,168.342224
2018-07-11,167.487778
2018-07-12,170.373856
2018-07-13,170.516312
2018-07-16,170.108093
2018-07-17,171.142899
2018-07-18,170.820053
2018-07-19,169.965652
2018-07-20,169.927658
2018-07-23,170.468826
2018-07-24,171.171356
2018-07-25,173.563797
2018-07-26,170.933990
2018-07-27,168.627045
2018-07-30,166.244110
2018-07-31,167.516312
2018-08-01,168.152374
2018-08-02,170.440308
2018-08-03,170.962463
2018-08-06,171.968842
2018-08-07,172.595398
2018-08-08,172.804230
2018-08-09,172.699829
2018-08-10,171.380234
2018-08-13,171.190323
2018-08-14,172.263123
2018-08-15,170.155502
2018-08-16,170.715652
2018-08-17,170.753632
2018-08-20,170.601700
2018-08-21,171.228317
2018-08-22,171.892899
2018-08-23,171.646072
2018-08-24,173.240936
2018-08-27,175.006775
2018-08-28,175.263107
2018-08-29,177.285309
2018-08-30,176.971985
2018-08-31,177.199814
2018-09-04,176.440353
2018-09-05,174.161911
2018-09-06,172.604889
2018-09-07,171.940323
2018-09-10,172.519455
2018-09-11,173.848602
2018-09-12,173.335907
2018-09-13,175.187164
2018-09-14,174.674530
2018-09-17,172.158676
2018-09-18,173.582764
2018-09-19,173.449844
2018-09-20,175.367538
2018-09-21,174.408691
2018-09-24,174.893707
2018-09-25,175.131500
2018-09-26,175.255157
2018-09-27,176.738815
2018-09-28,176.700806
2018-10-01,177.062164
2018-10-02,176.662750
2018-10-03,176.852966
2018-10-04,173.457611
2018-10-05,171.336731
2018-10-08,170.290497
2018-10-09,170.842163
2018-10-10,163.328629
2018-10-11,161.302856
2018-10-12,165.791885
2018-10-15,163.785156
2018-10-16,168.550064
2018-10-17,168.616638
2018-10-18,164.707657
2018-10-19,164.555573
2018-10-22,165.401978
2018-10-23,164.793274
2018-10-24,157.251266
2018-10-25,162.691406
2018-10-26,158.506699
2018-10-29,155.244461
2018-10-30,157.802856
2018-10-31,161.512085
2018-11-01,163.642487
2018-11-02,161.093597
2018-11-05,160.694199
2018-11-06,161.911591
2018-11-07,166.990295
2018-11-08,165.925049
2018-11-09,163.128906
2018-11-12,158.192856
2018-11-13,158.325928
2018-11-14,157.118057
2018-11-15,159.866699
2018-11-16,159.305573
2018-11-19,154.131683
2018-11-20,151.373581
2018-11-21,152.524368
2018-11-23,151.421127
2018-11-26,154.921112
2018-11-27,155.444214
2018-11-28,160.446823
2018-11-29,159.923782
2018-11-30,161.084091
2018-12-03,163.899261
2018-12-04,157.612717
2018-12-06,158.725433
2018-12-07,153.484970
2018-12-10,155.092300
2018-12-11,155.605865
2018-12-12,156.975418
2018-12-13,157.023010
2018-12-14,153.199661
2018-12-17,149.728195
2018-12-18,150.669769
2018-12-19,146.970093
2018-12-20,144.839645
2018-12-21,140.350601
2018-12-24,136.870209
2018-12-26,145.416199
2018-12-27,145.978943
2018-12-28,145.902695
2018-12-31,147.133087
2019-01-02,147.724442
2019-01-03,142.898270
2019-01-04,149.012054
2019-01-07,150.786118
2019-01-08,152.150040
2019-01-09,153.389969
2019-01-10,153.828735
2019-01-11,153.265976
2019-01-14,151.911575
2019-01-15,154.877899
2019-01-16,154.849258
2019-01-17,156.070160
2019-01-18,157.615311
2019-01-22,154.458237
2019-01-23,154.658524
2019-01-24,155.659973
2019-01-25,157.519913
2019-01-28,155.574158
2019-01-29,154.105362
2019-01-30,158.025452
2019-01-31,160.390854
2019-02-01,159.713684
2019-02-04,161.697556
2019-02-05,163.128281
2019-02-06,162.641830
2019-02-07,160.457626
2019-02-08,160.772400
2019-02-11,160.619751
2019-02-12,162.994766
2019-02-13,163.109207
2019-02-14,163.309464
2019-02-15,163.996216
2019-02-19,164.320541
2019-02-20,164.291901
2019-02-21,163.691010
2019-02-22,164.902344
2019-02-25,165.503250
2019-02-26,165.674896
2019-02-27,165.569977
2019-02-28,165.188461
2019-03-01,166.333008
2019-03-04,166.361618
2019-03-05,166.485626
2019-03-06,165.541397
2019-03-07,163.509766
2019-03-08,163.261795
2019-03-11,166.657303
2019-03-12,167.572983
2019-03-13,168.832016
2019-03-14,168.545837
2019-03-15,170.110138
2019-03-18,170.515259
2019-03-19,171.088531
2019-03-20,171.766968
2019-03-21,174.451965
2019-03-22,170.620316
2019-03-25,170.295486
2019-03-26,171.088531
2019-03-27,169.989685
2019-03-28,170.381424
2019-03-29,171.671448
2019-04-01,173.945602
2019-04-02,174.604874
2019-04-03,175.608200
2019-04-04,175.541306
2019-04-05,176.449081
2019-04-08,176.898178
2019-04-09,176.277115
2019-04-10,177.223129
2019-04-11,176.802628
2019-04-12,177.567062
2019-04-15,177.595749
2019-04-16,178.207291
2019-04-17,178.828384
2019-04-18,179.057693
2019-04-22,179.564163
2019-04-23,181.847900
2019-04-24,181.274521
2019-04-25,182.010345
2019-04-26,182.172729
2019-04-29,182.526291
2019-04-30,181.112091
2019-05-01,180.529190
2019-05-02,179.745728
2019-05-03,182.612274
2019-05-06,181.494293
2019-05-07,177.958847
2019-05-08,177.509735
2019-05-09,176.554184
2019-05-10,176.773972
2019-05-13,170.639481
2019-05-14,172.512299
2019-05-15,174.948914
2019-05-16,176.707092
2019-05-17,174.901123
2019-05-20,171.948517
2019-05-21,173.744919
2019-05-22,172.970947
2019-05-23,170.324097
2019-05-24,170.238129
2019-05-28,169.597900
2019-05-29,168.202850
2019-05-30,168.909927
2019-05-31,166.215317
2019-06-03,162.555603
2019-06-04,167.132614
2019-06-05,168.374786
2019-06-06,169.712540
2019-06-07,172.990067
2019-06-10,175.006226
2019-06-11,175.245132
2019-06-12,174.232224
2019-06-13,175.264221
2019-06-14,174.518906
2019-06-17,175.569962
2019-06-18,178.121246
2019-06-19,178.790176
2019-06-20,180.452774
2019-06-21,180.185211
2019-06-24,180.190979
2019-06-25,177.097748
2019-06-26,177.921341
2019-06-27,178.601288
2019-06-28,178.831116
2019-07-01,181.244370
2019-07-02,181.962616
2019-07-03,183.332062
2019-07-05,182.958557
2019-07-08,181.675354
2019-07-09,182.585114
2019-07-10,184.404633
2019-07-11,184.270584
2019-07-12,185.333572
2019-07-15,185.927307
2019-07-16,184.969650
2019-07-17,184.059830
2019-07-18,184.270584
2019-07-19,182.920273
2019-07-22,184.375916
2019-07-23,185.582550
2019-07-24,186.884933
2019-07-25,185.113266
2019-07-26,187.019028
2019-07-29,186.377380
2019-07-30,185.572922
2019-07-31,183.006470
2019-08-01,182.096725
2019-08-02,179.415298
2019-08-05,173.075653
2019-08-06,175.498520
2019-08-07,176.446579
2019-08-08,180.286713
2019-08-09,178.591705
2019-08-12,176.542313
2019-08-13,180.411240
2019-08-14,175.019653
2019-08-15,174.818604
2019-08-16,177.624496
2019-08-19,180.449539
2019-08-20,179.051376
2019-08-21,180.641144
2019-08-22,180.056915
2019-08-23,174.358948
2019-08-26,176.992477
2019-08-27,176.618942
2019-08-28,177.251007
2019-08-29,179.961136
2019-08-30,179.530212
2019-09-03,177.787262
2019-09-04,180.353760
2019-09-05,183.657639
2019-09-06,183.475677
2019-09-09,183.092651
2019-09-10,182.565948
2019-09-11,184.280121
2019-09-12,185.046234
2019-09-13,184.385452
2019-09-16,183.561890
2019-09-17,184.442932
2019-09-18,184.366348
2019-09-19,184.672791
2019-09-20,182.719177
2019-09-23,182.799789
2019-09-24,180.372055
2019-09-25,182.396744
2019-09-26,181.725052
2019-09-27,179.470032
2019-09-30,181.178085
2019-10-01,179.700256
2019-10-02,176.610504
2019-10-03,178.548843
2019-10-04,181.178085
2019-10-07,180.631119
2019-10-08,177.925079
2019-10-09,179.661942
2019-10-10,181.053406
2019-10-11,183.385086
2019-10-14,183.365936
2019-10-15,185.697678
2019-10-16,185.237091
2019-10-17,185.726440
2019-10-18,183.941650
2019-10-21,185.572906
2019-10-22,184.095230
2019-10-23,184.450256
2019-10-24,186.244644
2019-10-25,187.731995
2019-10-28,189.583984
2019-10-29,188.115814
2019-10-30,189.027435
2019-10-31,189.113815
2019-11-01,190.831421
2019-11-04,192.011688
2019-11-05,192.117279
2019-11-06,191.685486
2019-11-07,192.328400
2019-11-08,193.096085
2019-11-11,192.836960
2019-11-12,193.393478
2019-11-13,193.441498
2019-11-14,193.287964
2019-11-15,194.708130
2019-11-18,194.861664
2019-11-19,195.149567
2019-11-20,193.978836
2019-11-21,193.547043
2019-11-22,193.671783
2019-11-25,195.965210
2019-11-26,196.339447
2019-11-27,197.711685
2019-11-29,196.809662
2019-12-02,194.794464
2019-12-03,193.268753
2019-12-04,194.247528
2019-12-05,194.631378
2019-12-06,196.713669
2019-12-09,195.821259
2019-12-10,195.658096
2019-12-11,196.694443
2019-12-12,198.162628
2019-12-13,198.815125
2019-12-16,200.811035
2019-12-17,200.926193
2019-12-18,201.079788
2019-12-19,202.336792
2019-12-20,203.152405
2019-12-23,203.689041
2019-12-24,203.794830
2019-12-26,205.593140
2019-12-27,205.420029
2019-12-30,204.073715
2019-12-31,204.458374
2020-01-02,207.872223
2020-01-03,205.968140
2020-01-06,207.295258
2020-01-07,207.266418
2020-01-08,208.824295
2020-01-09,210.593781
2020-01-10,210.055206
2020-01-13,212.478638
2020-01-14,211.641998
2020-01-15,211.728516
2020-01-16,213.757599
2020-01-17,214.815445
2020-01-21,214.719269
2020-01-22,215.286697
2020-01-23,215.979065
2020-01-24,214.161484
2020-01-27,209.737869
2020-01-28,212.959442
2020-01-29,213.305573
2020-01-30,214.065353
2020-01-31,210.670670
2020-02-03,213.853775
2020-02-04,218.748627
2020-02-05,219.469894
2020-02-06,221.364349
2020-02-07,220.412308
2020-02-10,223.076111
2020-02-11,223.114563
2020-02-12,225.287918
2020-02-13,224.999390
2020-02-14,225.643723
2020-02-18,225.730316
2020-02-19,227.893997
2020-02-20,225.778366
2020-02-21,221.441315
2020-02-24,212.901733
2020-02-25,207.112534
2020-02-26,208.180008
2020-02-27,197.755600
2020-02-28,197.909470
2020-03-02,208.122299
2020-03-03,201.448380
2020-03-04,209.853256
2020-03-05,203.477478
2020-03-06,200.044342
2020-03-09,186.148422
2020-03-10,196.284286
2020-03-11,187.735138
2020-03-12,170.521454
2020-03-13,184.965530
2020-03-16,162.808929
2020-03-17,175.156631
2020-03-18,169.828995
2020-03-19,170.848389
2020-03-20,164.155243
2020-03-23,164.273743
2020-03-24,176.994720
2020-03-25,175.684082
2020-03-26,184.935669
2020-03-27,178.575180
2020-03-30,185.070602
2020-03-31,183.490128
2020-04-01,175.693695
2020-04-02,179.259430
2020-04-03,176.715271
2020-04-06,189.349457
2020-04-07,189.272324
2020-04-08,193.291016
2020-04-09,193.570480
2020-04-13,195.661758
2020-04-14,204.171295
2020-04-15,201.829483
2020-04-16,205.510834
2020-04-17,207.476807
2020-04-20,205.019348
2020-04-21,197.454285
2020-04-22,203.313583
2020-04-23,202.879929
2020-04-24,206.079468
2020-04-27,207.737045
2020-04-28,203.824387
2020-04-29,211.052185
2020-04-30,210.965469
2020-05-01,205.019348
2020-05-04,207.409363
2020-05-05,209.760803
2020-05-06,211.052185
2020-05-07,213.769852
2020-05-08,216.699509
2020-05-11,218.636536
2020-05-12,214.058945
2020-05-13,211.379852
2020-05-14,213.779449
2020-05-15,215.167236
2020-05-18,219.176208
2020-05-19,218.626923
2020-05-20,222.992554
2020-05-21,220.564011
2020-05-22,221.325302
2020-05-26,220.727814
2020-05-27,221.932465
2020-05-28,221.643341
2020-05-29,224.891052
2020-06-01,225.565643
2020-06-02,227.078629
2020-06-03,228.100204
2020-06-04,226.500427
2020-06-05,230.991287
2020-06-08,232.783829
2020-06-09,234.470291
2020-06-10,237.284332
2020-06-11,225.527100
2020-06-12,227.319580
2020-06-15,230.085449
2020-06-16,234.036636
2020-06-17,234.778702
2020-06-18,235.414764
2020-06-19,235.376190
2020-06-22,238.198975
2020-06-23,240.226257
2020-06-24,235.273865
2020-06-25,237.513535
2020-06-26,231.904663
2020-06-29,234.433945
2020-06-30,239.029221
2020-07-01,241.819168
2020-07-02,243.460327
2020-07-06,249.445709
2020-07-07,247.727280
2020-07-08,250.990326
2020-07-09,253.104492
2020-07-10,254.832520
2020-07-13,249.590515
2020-07-14,251.357117
2020-07-15,251.868774
2020-07-16,250.150482
2020-07-17,250.440048
2020-07-20,257.545227
2020-07-21,254.861496
2020-07-22,255.759201
2020-07-23,249.078873
2020-07-24,246.713638
2020-07-27,251.115814
2020-07-28,247.920425
2020-07-29,250.777878
2020-07-30,252.090836
2020-07-31,256.589539
2020-08-03,260.055298
2020-08-04,261.020721
2020-08-05,261.667450
2020-08-06,265.133209
2020-08-07,262.072968
2020-08-10,260.953064
2020-08-11,256.010315
2020-08-12,262.449371
2020-08-13,263.047974
2020-08-14,262.739075
2020-08-17,265.789642
2020-08-18,268.347900
2020-08-19,266.542694
2020-08-20,270.240143
2020-08-21,272.112946
2020-08-24,273.812042
2020-08-25,275.964783
2020-08-26,281.853638
2020-08-27,280.975159
2020-08-28,282.403961
2020-08-31,284.672607
2020-09-01,289.538086
2020-09-02,292.279907
2020-09-03,277.461182
2020-09-04,273.763733
2020-09-08,260.605499
2020-09-09,268.261017
2020-09-10,262.912842
2020-09-11,261.088226
2020-09-14,265.635193
2020-09-15,269.400238
2020-09-16,265.104218
2020-09-17,260.962769
2020-09-18,257.632141
2020-09-21,258.250092
2020-09-22,263.047974
2020-09-23,255.015945
2020-09-24,256.203430
2020-09-25,262.159821
2020-09-28,267.604614
2020-09-29,266.397858
2020-09-30,268.222412
2020-10-01,272.479797
2020-10-02,264.814575
2020-10-05,270.462128
2020-10-06,265.635193
2020-10-07,270.230438
2020-10-08,271.668854
2020-10-09,275.819946
2020-10-12,284.334656
2020-10-13,284.325043
2020-10-14,281.950165
2020-10-15,280.057983
2020-10-16,278.523102
2020-10-19,273.976074
2020-10-20,274.565002
2020-10-21,274.352631
2020-10-22,274.342834
2020-10-23,274.883514
2020-10-26,270.761292
2020-10-27,272.875580
2020-10-28,262.237030
2020-10-29,266.822632
2020-10-30,260.055298
2020-11-02,260.634460
2020-11-03,265.142883
2020-11-04,276.978516
2020-11-05,284.199585
2020-11-06,284.411926
2020-11-09,278.600342
2020-11-10,273.609314
2020-11-11,279.729828
2020-11-12,278.416870
2020-11-13,280.859344
2020-11-16,283.050720
2020-11-17,282.152954
2020-11-18,280.067749
2020-11-19,282.259125
2020-11-20,280.328339
2020-11-23,280.337982
2020-11-24,284.276733
2020-11-25,286.024109
2020-11-27,288.659546
2020-11-30,289.248413
2020-12-01,292.955627
2020-12-02,293.332123
2020-12-03,293.747131
2020-12-04,294.944214
2020-12-07,296.614410
2020-12-08,297.618378
2020-12-09,290.880005
2020-12-10,292.048126
2020-12-11,291.401337
2020-12-14,293.515503
2020-12-15,296.652985
2020-12-16,298.284515
2020-12-17,300.234558
2020-12-18,299.327118
2020-12-21,298.767120
2020-12-22,299.579559
2020-12-23,298.070862
2020-12-24,299.386017
2020-12-28,302.403564
2020-12-29,302.674347
2020-12-30,302.684052
2020-12-31,303.428711
2021-01-04,299.144287
2021-01-05,301.610504
2021-01-06,297.432526
2021-01-07,304.627991
2021-01-08,308.544800
2021-01-11,304.086456
2021-01-12,303.602783
2021-01-13,305.653107
2021-01-14,304.018677
2021-01-15,301.610504
2021-01-19,306.010956
2021-01-20,313.129120
2021-01-21,315.633942
2021-01-22,314.724823
2021-01-25,317.326447
2021-01-26,317.790619
2021-01-27,308.931732
2021-01-28,310.759613
2021-01-29,304.221802
2021-02-01,311.823395
2021-02-02,316.910522
2021-02-03,315.653259
2021-02-04,319.386414
2021-02-05,320.469635
2021-02-08,322.616608
2021-02-09,322.549011
2021-02-10,321.813995
2021-02-11,323.583832
2021-02-12,325.392365
2021-02-16,324.512238
2021-02-17,322.955170
2021-02-18,321.543243
2021-02-19,320.140900
2021-02-22,311.842834
2021-02-23,310.914307
2021-02-24,313.477203
2021-02-25,302.548706
2021-02-26,303.815613
2021-03-01,312.954956
2021-03-02,307.935608
2021-03-03,298.999268
2021-03-04,294.105560
2021-03-05,298.535034
2021-03-08,290.082214
2021-03-09,301.523560
2021-03-10,300.662689
2021-03-11,307.587433
2021-03-12,305.092163
2021-03-15,308.351471
2021-03-16,310.043976
2021-03-17,311.320587
2021-03-18,301.784607
2021-03-19,302.848480
2021-03-22,308.527740
2021-03-23,307.181854
2021-03-24,302.001129
2021-03-25,301.478119
2021-03-26,306.000427
2021-03-29,305.913361
2021-03-30,304.373596
2021-03-31,309.031403
2021-04-01,314.299255
2021-04-05,320.574249
2021-04-06,320.351410
2021-04-07,321.126099
2021-04-08,324.476685
2021-04-09,326.442352
2021-04-12,326.016449
2021-04-13,329.822052
2021-04-14,325.861328
2021-04-15,330.799988
2021-04-16,331.187378
2021-04-19,328.156342
2021-04-20,325.764557
2021-04-21,328.553436
2021-04-22,324.592896
2021-04-23,328.679352
2021-04-26,330.819427
2021-04-27,329.386292
2021-04-28,328.272644
2021-04-29,329.453979
2021-04-30,327.294586
2021-05-03,325.551544
2021-05-04,319.693024
2021-05-05,318.618073
2021-05-06,321.019623
2021-05-07,323.624542
2021-05-10,315.451599
2021-05-11,315.015869
2021-05-12,306.862244
2021-05-13,309.234711
2021-05-14,316.061707
2021-05-17,314.144287
2021-05-18,312.023621
2021-05-19,312.381897
2021-05-20,318.424438
2021-05-21,316.662048
2021-05-24,321.988007
2021-05-25,322.433380
2021-05-26,323.556671
2021-05-27,322.346283
2021-05-28,323.363098
2021-06-01,322.288177
2021-06-02,322.917633
2021-06-03,319.557434
2021-06-04,324.980255
2021-06-07,325.948608
2021-06-08,326.103546
2021-06-09,326.180908
2021-06-10,329.579956
2021-06-11,330.441681
2021-06-14,333.608246
2021-06-15,331.429535
2021-06-16,330.219025
2021-06-17,334.412079
2021-06-18,331.787689
2021-06-21,333.849762
2021-06-22,336.961853
2021-06-23,337.126648
2021-06-24,339.211060
2021-06-25,338.794159
2021-06-28,342.914459
2021-06-29,344.155304
2021-06-30,343.612488
2021-07-01,343.748199
2021-07-02,347.694000
2021-07-06,349.196655
2021-07-07,349.933533
2021-07-08,347.819977
2021-07-09,349.991669
2021-07-12,351.358612
2021-07-13,351.358612
2021-07-14,351.988800
2021-07-15,349.516663
2021-07-16,346.685730
2021-07-19,343.845154
2021-07-20,347.839447
2021-07-21,350.524841
2021-07-22,352.841858
2021-07-23,356.962128
2021-07-26,357.243286
2021-07-27,353.307190
2021-07-28,354.664520
2021-07-29,355.294769
2021-07-30,353.442993
2021-08-02,353.472046
2021-08-03,355.614655
2021-08-04,356.128448
2021-08-05,358.387299
2021-08-06,356.816833
2021-08-09,357.476013
2021-08-10,355.643768
2021-08-11,355.032990
2021-08-12,356.312622
2021-08-13,357.563324
2021-08-16,357.718353
2021-08-17,354.567566
2021-08-18,351.154999
2021-08-19,352.851654
2021-08-20,356.506561
2021-08-23,361.838715
2021-08-24,362.943878
2021-08-25,363.360779
2021-08-26,361.053406
2021-08-27,364.562958
2021-08-30,368.654114
2021-08-31,368.353607
2021-09-01,368.964355
2021-09-02,368.789917
2021-09-03,369.924133
2021-09-07,370.447693
2021-09-08,369.158234
2021-09-09,367.888306
2021-09-10,365.096130
2021-09-13,364.844055
2021-09-14,363.806702
2021-09-15,366.511627
2021-09-16,366.763580
2021-09-17,362.420380
2021-09-20,354.931610
2021-09-21,355.368317
2021-09-22,358.687592
2021-09-23,361.997284
2021-09-24,362.336884
2021-09-27,359.444641
2021-09-28,349.273193
2021-09-29,348.700592
2021-09-30,347.419495
2021-10-01,349.574066
2021-10-04,342.236755
2021-10-05,346.856567
2021-10-06,349.079163
2021-10-07,352.282013
2021-10-08,350.525177
2021-10-11,347.836945
2021-10-12,346.623627
2021-10-13,349.399445
2021-10-14,355.834198
2021-10-15,358.076141
2021-10-18,361.676941
2021-10-19,364.413879
2021-10-20,363.938324
2021-10-21,366.160889
2021-10-22,363.084259
2021-10-25,366.801422
2021-10-26,367.956421
2021-10-27,368.810547
2021-10-28,372.906219
2021-10-29,374.740601
2021-11-01,376.021729
2021-11-02,377.594025
2021-11-03,381.602386
2021-11-04,386.493988
2021-11-05,386.862823
2021-11-08,386.338654
2021-11-09,383.679443
2021-11-10,378.040436
2021-11-11,379.088623
2021-11-12,383.077667
2021-11-15,382.990326
2021-11-16,385.717590
2021-11-17,385.921356
2021-11-18,389.920074
2021-11-19,392.094055
2021-11-22,387.542236
2021-11-23,385.775818
2021-11-24,387.018066
2021-11-26,379.680664
2021-11-29,387.920685
2021-11-30,382.223572
2021-12-01,375.720795
2021-12-02,378.428741
2021-12-03,371.848328
2021-12-06,374.827972
2021-12-07,386.115479
2021-12-08,387.843048
2021-12-09,382.136169
2021-12-10,386.290161
2021-12-13,380.709534
2021-12-14,376.769043
2021-12-15,385.358429
2021-12-16,375.449036
2021-12-17,373.575928
2021-12-20,369.952148
2021-12-21,378.231781
2021-12-22,382.838074
2021-12-23,385.724335
2021-12-27,392.099335
2021-12-28,390.281921
2021-12-29,390.223724
2021-12-30,389.057587
2021-12-31,386.628113
2022-01-03,390.350067
2022-01-04,385.287018
2022-01-05,373.450623
2022-01-06,373.188232
2022-01-07,369.145477
2022-01-10,369.388458
2022-01-11,374.937378
2022-01-12,376.424286
2022-01-13,367.007538
2022-01-14,369.291290
2022-01-18,360.098083
2022-01-19,356.142914
2022-01-20,351.517151
2022-01-21,341.770142
2022-01-24,343.334686
2022-01-25,335.375610
2022-01-26,334.851013
2022-01-27,331.478821
2022-01-28,341.877014
2022-01-31,352.809662
2022-02-01,355.210022
2022-02-02,358.096191
2022-02-03,343.577576
2022-02-04,347.911804
2022-02-07,345.113098
2022-02-08,348.990540
2022-02-09,356.385864
2022-02-10,348.319916
2022-02-11,337.270691
2022-02-14,337.688568
2022-02-15,346.084869
2022-02-16,345.997375
2022-02-17,335.705994
2022-02-18,331.877228
2022-02-22,328.543884
2022-02-23,320.128204
2022-02-24,330.886078
2022-02-25,336.017059
2022-02-28,337.018036
2022-03-01,331.857727
2022-03-02,337.426147
2022-03-03,332.606079
2022-03-04,327.785980
2022-03-07,315.696869
2022-03-08,314.229523
2022-03-09,325.541107
2022-03-10,321.926025
2022-03-11,315.249847
2022-03-14,309.195618
2022-03-15,318.894043
2022-03-16,330.720764
2022-03-17,334.724579
2022-03-18,341.575745
2022-03-21,340.626038
2022-03-22,347.320251
2022-03-23,342.328888
2022-03-24,349.937622
2022-03-25,349.645691
2022-03-28,355.055603
2022-03-29,361.165955
2022-03-30,357.176727
2022-03-31,352.749664
2022-04-01,352.078308
2022-04-04,359.327087
2022-04-05,351.348511
2022-04-06,343.720245
2022-04-07,344.537567
2022-04-08,339.721222
2022-04-11,331.684326
2022-04-12,330.283112
2022-04-13,336.996735
2022-04-14,329.290649
2022-04-18,329.543671
2022-04-19,336.909241
2022-04-20,331.995605
2022-04-21,325.126282
2022-04-22,316.612579
2022-04-25,320.679718
2022-04-26,308.575623
2022-04-27,308.205933
2022-04-28,319.152130
2022-04-29,304.790680
2022-05-02,309.879456
2022-05-03,310.210358
2022-05-04,320.699158
2022-05-05,304.547455
2022-05-06,300.898773
2022-05-09,289.125488
2022-05-10,292.637970
2022-05-11,283.958801
2022-05-12,283.287506
2022-05-13,293.786133
2022-05-16,290.380646
2022-05-17,297.901947
2022-05-18,283.277771
2022-05-19,281.759888
2022-05-20,280.884186
2022-05-23,285.554657
2022-05-24,279.483093
2022-05-25,283.394531
2022-05-26,291.246582
2022-05-27,300.752716
2022-05-31,299.954926
2022-06-01,297.736450
2022-06-02,305.890167
2022-06-03,297.931000
2022-06-06,298.923553
2022-06-07,301.501984
2022-06-08,299.332275
2022-06-09,291.314758
2022-06-10,281.039856
2022-06-13,267.972565
2022-06-14,268.459106
2022-06-15,275.163025
2022-06-16,264.061157
2022-06-17,267.272003
2022-06-21,274.015137
2022-06-22,273.615448
2022-06-23,277.690369
2022-06-24,287.205078
2022-06-27,285.099335
2022-06-28,276.413330
2022-06-29,276.666779
2022-06-30,273.235260
2022-07-01,275.038696
2022-07-05,279.747375
2022-07-06,281.541107
2022-07-07,287.565735
2022-07-08,287.926453
2022-07-11,281.775024
2022-07-12,279.045410
2022-07-13,278.470215
2022-07-14,279.464600
2022-07-15,284.533997
2022-07-18,282.126007
2022-07-19,290.802338
2022-07-20,295.413452
2022-07-21,299.654144
2022-07-22,294.399567
2022-07-25,292.722839
2022-07-26,286.971130
2022-07-27,299.098419
2022-07-28,302.022980
2022-07-29,307.530975
2022-08-01,307.345703
2022-08-02,306.429443
2022-08-03,314.774323
2022-08-04,316.246277
2022-08-05,313.662933
2022-08-08,312.648987
2022-08-09,309.110291
2022-08-10,317.737854
2022-08-11,315.934296
2022-08-12,322.085754
2022-08-15,324.688599
2022-08-16,323.928284
2022-08-17,320.233521
2022-08-18,321.003693
2022-08-19,314.744995
2022-08-22,306.458649
2022-08-23,306.205231
2022-08-24,307.092346
2022-08-25,312.522308
2022-08-26,299.712585
2022-08-29,296.758820
2022-08-30,293.454010
2022-08-31,291.747955
2022-09-01,291.874664
2022-09-02,287.750977
2022-09-06,285.684235
2022-09-07,291.455444
2022-09-08,292.966461
2022-09-09,299.371368
2022-09-12,302.929596
2022-09-13,286.317902
2022-09-14,288.589386
2022-09-15,283.783295
2022-09-16,282.048004
2022-09-19,284.244385
2022-09-20,281.978668
2022-09-21,276.929626
2022-09-22,273.521149
2022-09-23,269.067841
2022-09-26,267.954437
2022-09-27,268.061890
2022-09-28,273.394257
2022-09-29,265.512878
2022-09-30,261.010742
2022-10-03,267.134186
2022-10-04,275.533051
2022-10-05,275.386566
2022-10-06,273.218445
2022-10-07,262.807678
2022-10-10,260.180573
2022-10-11,256.606171
2022-10-12,256.518250
2022-10-13,262.534271
2022-10-14,254.643097
2022-10-17,263.051880
2022-10-18,265.132050
2022-10-19,264.165131
2022-10-20,262.817474
2022-10-21,268.979919
2022-10-24,271.939087
2022-10-25,277.564392
2022-10-26,271.431183
2022-10-27,266.489532
2022-10-28,274.644318
2022-10-31,271.450684
2022-11-01,268.677155
2022-11-02,259.467590
2022-11-03,254.399048
2022-11-04,258.491058
2022-11-07,261.332977
2022-11-08,263.237457
2022-11-09,257.162903
2022-11-10,276.138580
2022-11-11,281.226685
2022-11-14,278.765717
2022-11-15,282.623291
2022-11-16,278.765717
2022-11-17,278.150330
2022-11-18,278.160065
2022-11-21,275.298645
2022-11-22,279.263702
2022-11-23,282.066620
2022-11-25,280.210938
2022-11-28,276.099457
2022-11-29,274.009521
2022-11-30,286.500397
2022-12-01,286.852020
2022-12-02,285.709412
2022-12-05,280.914215
2022-12-06,275.093597
2022-12-07,273.970428
2022-12-08,277.212830
2022-12-09,275.445099
2022-12-12,278.902344
2022-12-13,281.900543
2022-12-14,279.810638
2022-12-15,270.415588
2022-12-16,267.837280
2022-12-19,264.073273
2022-12-20,263.867615
2022-12-21,267.695312
2022-12-22,261.146149
2022-12-23,261.733490
2022-12-27,258.033051
2022-12-28,254.626266
2022-12-29,260.832794
2022-12-30,260.676239
2023-01-03,258.914062
2023-01-04,260.147552
2023-01-05,256.075104
2023-01-06,263.143127
2023-01-09,264.846588
2023-01-10,267.088409
2023-01-11,271.709076
2023-01-12,273.177460
2023-01-13,275.057007
2023-01-17,275.615051
2023-01-18,272.032135
2023-01-19,269.359528
2023-01-20,276.731049
2023-01-23,282.878906
2023-01-24,282.301270
2023-01-25,281.674866
2023-01-26,287.166718
2023-01-27,290.025330
2023-01-30,284.161316
2023-01-31,288.419830
2023-02-01,294.587250
2023-02-02,305.160034
2023-02-03,299.736542
2023-02-06,297.200989
2023-02-07,303.358734
2023-02-08,297.964661
2023-02-09,295.331207
2023-02-10,293.392944
2023-02-13,298.091949
2023-02-14,300.294586
2023-02-15,302.595062
2023-02-16,296.917114
2023-02-17,294.822174
2023-02-21,287.842285
2023-02-22,288.057648
2023-02-23,290.573547
2023-02-24,285.708130
2023-02-27,287.754120
2023-02-28,287.382050
2023-03-01,285.071838
2023-03-02,287.431091
2023-03-03,293.373352
2023-03-06,293.706177
2023-03-07,290.103668
2023-03-08,291.552429
2023-03-09,286.501038
2023-03-10,282.477570
2023-03-13,284.572540
2023-03-14,291.112000
2023-03-15,292.639130
2023-03-16,300.353302
2023-03-17,298.933807
2023-03-20,299.994690
2023-03-21,304.279297
2023-03-22,300.141724
2023-03-23,303.700958
2023-03-24,304.818604
2023-03-27,302.730225
2023-03-28,301.122223
2023-03-29,306.612854
2023-03-30,309.515045
2023-03-31,314.662506
2023-04-03,313.897736
2023-04-04,312.838867
2023-04-05,309.750397
2023-04-06,311.838806
2023-04-10,311.662292
2023-04-11,309.662079
2023-04-12,306.926636
2023-04-13,312.936859
2023-04-14,312.348602
2023-04-17,312.613342
2023-04-18,312.632996
2023-04-19,312.485870
2023-04-20,310.103302
2023-04-21,310.426849
2023-04-24,309.779816
2023-04-25,303.936188
2023-04-26,305.779419
2023-04-27,314.093842
2023-04-28,316.260681
2023-05-01,315.897919
2023-05-02,313.142792
2023-05-03,311.093567
2023-05-04,309.995483
2023-05-05,316.584259
2023-05-08,317.368652
2023-05-09,315.358612
2023-05-10,318.790283
2023-05-11,319.829559
2023-05-12,318.682404
2023-05-15,320.408081
2023-05-16,320.770844
2023-05-17,324.653564
2023-05-18,330.683411
2023-05-19,329.938293
2023-05-22,331.046204
2023-05-23,326.849731
2023-05-24,325.173157
2023-05-25,333.085571
2023-05-26,341.596008
2023-05-30,343.145203
2023-05-31,341.194061
2023-06-01,345.135590
2023-06-02,347.723999
2023-06-05,347.969147
2023-06-06,347.910278
2023-06-07,342.007843
2023-06-08,346.253326
2023-06-09,347.576935
2023-06-12,353.449921
2023-06-13,356.165833
2023-06-14,358.754303
2023-06-15,363.029114
2023-06-16,360.744690
2023-06-20,360.228180
2023-06-21,355.319122
2023-06-22,359.511475
2023-06-23,355.947510
2023-06-26,351.175842
2023-06-27,357.213959
2023-06-28,357.911163
2023-06-29,357.194397
2023-06-30,362.702423
2023-07-03,363.556580
2023-07-05,363.546753
2023-07-06,360.778015
2023-07-07,359.580231
2023-07-10,359.697998
2023-07-11,361.475128
2023-07-12,366.040558
2023-07-13,372.255432
2023-07-14,372.176910
2023-07-17,375.652527
2023-07-18,378.725616
2023-07-19,378.637299
2023-07-20,369.908936
2023-07-21,368.799500
2023-07-24,369.388611
2023-07-25,371.892151
2023-07-26,370.655060
2023-07-27,369.771423
2023-07-28,376.506775
2023-07-31,376.703094
2023-08-01,375.829315
2023-08-02,367.582031
2023-08-03,366.992920
2023-08-04,365.274750
2023-08-07,368.367462
2023-08-08,365.235474
2023-08-09,361.219879
2023-08-10,361.887512
2023-08-11,359.580231
2023-08-14,363.615540
2023-08-15,359.756958
2023-08-16,355.947510
2023-08-17,352.059509
2023-08-18,351.617737
2023-08-21,357.282776
2023-08-22,356.772217
2023-08-23,362.398010
2023-08-24,354.651489
2023-08-25,357.400513
2023-08-28,360.090729
2023-08-29,367.955139
2023-08-30,370.007080
2023-08-31,371.116455
2023-09-01,370.723816
2023-09-05,371.195068
2023-09-06,367.925568
2023-09-07,365.294342
2023-09-08,365.804871
2023-09-11,370.115082
2023-09-12,366.011139
2023-09-13,367.405304
2023-09-14,370.409668
2023-09-15,364.067169
2023-09-18,364.446625
2023-09-19,363.669922
2023-09-20,358.429260
2023-09-21,351.861206
2023-09-22,351.910370
2023-09-25,353.581818
2023-09-26,348.272400
2023-09-27,349.088440
2023-09-28,352.008698
2023-09-29,352.264343
2023-10-02,355.204285
2023-10-03,348.970520
2023-10-04,353.719482
2023-10-05,352.677246
2023-10-06,358.586578
2023-10-09,360.415375
2023-10-10,362.411377
2023-10-11,364.997314
2023-10-12,363.728912
2023-10-13,359.156799
2023-10-16,363.217590
2023-10-17,362.027893
2023-10-18,357.278839
2023-10-19,353.935852
2023-10-20,348.655823
2023-10-23,349.707916
2023-10-24,353.109863
2023-10-25,344.467224
2023-10-26,337.899261
2023-10-27,339.521576
2023-10-30,343.346375
2023-10-31,344.988373
2023-11-01,350.976257
2023-11-02,357.347626
2023-11-03,361.546112
2023-11-06,363.020996
2023-11-07,366.452454
2023-11-08,366.688385
2023-11-09,363.866516
2023-11-10,372.047119
2023-11-13,370.886810
2023-11-14,378.870697
2023-11-15,379.155823
2023-11-16,379.480377
2023-11-17,379.568848
2023-11-20,384.189972
2023-11-21,381.958099
2023-11-22,383.521362
2023-11-24,382.980743
2023-11-27,382.646362
2023-11-28,383.649292
2023-11-29,383.275604
2023-11-30,382.312012
2023-12-01,383.403503
2023-12-04,379.844116
2023-12-05,380.797882
2023-12-06,378.595398
2023-12-07,383.885254
2023-12-08,385.596100
2023-12-11,388.889893
2023-12-12,391.987122
2023-12-13,396.972137
2023-12-14,396.627991
2023-12-15,398.545319
2023-12-18,401.055573
2023-12-19,403.104828
2023-12-20,397.114777
2023-12-21,401.735382
2023-12-22,402.336365
2023-12-26,404.799347
2023-12-27,405.623444
2023-12-28,405.426270
2023-12-29,403.671722
2024-01-02,396.840668
2024-01-03,392.641571
2024-01-04,390.620789
2024-01-05,391.084045
2024-01-08,399.166962
2024-01-09,399.955597
2024-01-10,402.666321
2024-01-11,403.504181
2024-01-12,403.711121
2024-01-16,403.671722
2024-01-17,401.394714
2024-01-18,407.092133
2024-01-19,415.165222
2024-01-22,415.707367
2024-01-23,417.432404
2024-01-24,419.748779
2024-01-25,420.261383
2024-01-26,417.757660
2024-01-29,422.035645
2024-01-30,419.226349
2024-01-31,411.015320
2024-02-01,415.855194
2024-02-02,422.883331
2024-02-05,422.331390
2024-02-06,421.483612
2024-02-07,425.820862
2024-02-08,426.609406
2024-02-09,430.808563
2024-02-12,429.122986
2024-02-13,422.429932
2024-02-14,427.033234
2024-02-15,428.304810
2024-02-16,424.421051
2024-02-20,421.217529
2024-02-21,419.531891
2024-02-22,431.813965
2024-02-23,430.542419
2024-02-26,430.315674
2024-02-27,431.350739
2024-02-28,429.053925
2024-02-29,432.730713
2024-03-01,439.246307
2024-03-04,437.678986
2024-03-05,429.822815
2024-03-06,432.523743
2024-03-07,439.088654
2024-03-08,432.750458
2024-03-11,431.143738
2024-03-12,437.324127
2024-03-13,433.962830
2024-03-14,432.868713
2024-03-15,427.723236
2024-03-18,431.802643
2024-03-19,432.878448
2024-03-20,438.010986
2024-03-21,440.083740
2024-03-22,440.587128
2024-03-25,438.988129
2024-03-26,437.566864
2024-03-27,439.057251
2024-03-28,438.247925
2024-04-01,439.175690
2024-04-02,435.385498
2024-04-03,436.362732
2024-04-04,429.690399
2024-04-05,434.753815
2024-04-08,434.882172
2024-04-09,436.491058
2024-04-10,432.681091
2024-04-11,439.590179
2024-04-12,432.582397
2024-04-15,425.465942
2024-04-16,425.505402
2024-04-17,420.313690
2024-04-18,417.915222
2024-04-19,409.268982
2024-04-22,413.384796
2024-04-23,419.553650
2024-04-24,420.975037
2024-04-25,418.941681
2024-04-26,425.406708
2024-04-29,427.134003
2024-04-30,419.079926
2024-05-01,416.049774
2024-05-02,421.359894
2024-05-03,429.828552
2024-05-06,434.536682
2024-05-07,434.605804
2024-05-08,434.349152
2024-05-09,435.296722
2024-05-10,436.323212
2024-05-13,437.329987
2024-05-14,440.142944
2024-05-15,447.022461
2024-05-16,446.114502
2024-05-17,445.897308
2024-05-20,449.006470
2024-05-21,449.884888
2024-05-22,449.796021
2024-05-23,447.772675
2024-05-24,452.006958
2024-05-28,453.714539
2024-05-29,450.516602
2024-05-30,445.690033
2024-05-31,444.860901
2024-06-03,447.249512
2024-06-04,448.473419
2024-06-05,457.514526
2024-06-06,457.356598
2024-06-07,456.951965
2024-06-10,458.797699
2024-06-11,461.946259
2024-06-12,467.996765
2024-06-13,470.533447
2024-06-14,472.971313
2024-06-17,478.765167
2024-06-18,478.913177
2024-06-20,475.221771
2024-06-21,473.948517
2024-06-24,468.552765
2024-06-25,473.910919
2024-06-26,474.889618
2024-06-27,476.115509
2024-06-28,473.644012
2024-07-01,476.421967
2024-07-02,481.424225
2024-07-03,485.437927
2024-07-05,490.499481
2024-07-08,491.665985
2024-07-09,492.091125
2024-07-10,497.221924
2024-07-11,486.317719
2024-07-12,489.174774
2024-07-15,490.489624
2024-07-16,490.677399
2024-07-17,476.273651
2024-07-18,474.019684
2024-07-19,469.818115
2024-07-22,476.817383
2024-07-23,475.136780
2024-07-24,458.093475
2024-07-25,453.041748
2024-07-26,457.688141
2024-07-29,458.607574
2024-07-30,452.310242
2024-07-31,465.695801
2024-08-01,454.415924
2024-08-02,443.630371
2024-08-05,430.403046
2024-08-06,434.515564
2024-08-07,429.809875
2024-08-08,442.958160
2024-08-09,445.271454
2024-08-12,446.230438
2024-08-13,457.302551
2024-08-14,457.450897
2024-08-15,469.007538
2024-08-16,469.610565
2024-08-19,475.779358
2024-08-20,474.780884
2024-08-21,476.995361
2024-08-22,469.432587
2024-08-23,474.523834
2024-08-26,469.917023
2024-08-27,471.320862
2024-08-28,465.972534
2024-08-29,465.290436
2024-08-30,470.836365
2024-09-03,456.541382
2024-09-04,455.355042
2024-09-05,455.780212
2024-09-06,443.571045
2024-09-09,449.275177
2024-09-10,453.427338
2024-09-11,463.273651
2024-09-12,467.821228
2024-09-13,469.917023
2024-09-16,467.841003
2024-09-17,468.088165
2024-09-18,466.061523
2024-09-19,477.845520
2024-09-20,476.935974
2024-09-23,478.200226
2024-09-24,480.506897
2024-09-25,480.952393
2024-09-26,484.565826
2024-09-27,481.873077
2024-09-30,483.179840
2024-10-01,476.447968
2024-10-02,477.121124
2024-10-03,476.764740
2024-10-04,482.437378
2024-10-07,477.269623
2024-10-08,484.397522
2024-10-09,488.208893
2024-10-10,487.654510
2024-10-11,488.416840
2024-10-14,492.515350
2024-10-15,485.931976
2024-10-16,485.991364
2024-10-17,486.327942
2024-10-18,489.515656
2024-10-21,490.456177
2024-10-22,490.990753
2024-10-23,483.466888
2024-10-24,487.387268
2024-10-25,490.357178
2024-10-28,490.436371
2024-10-29,495.148712
2024-10-30,491.406586
2024-10-31,479.002136
2024-11-01,482.546234
2024-11-04,481.140472
2024-11-05,487.278351
2024-11-06,500.514374
2024-11-07,508.394653
2024-11-08,508.988678
2024-11-11,508.691650
2024-11-12,507.770935
2024-11-13,507.117554
2024-11-14,503.593262
2024-11-15,491.594696
2024-11-18,495.010040
2024-11-19,498.415649
2024-11-20,498.128510
2024-11-21,499.920380
2024-11-22,500.722290
2024-11-25,501.514282
2024-11-26,504.206970
2024-11-27,500.237213
2024-11-29,504.632721
2024-12-02,510.127075
2024-12-03,511.691162
2024-12-04,518.017212
2024-12-05,516.581787
2024-12-06,521.205017
2024-12-09,517.146057
2024-12-10,515.383911
2024-12-11,524.610474
2024-12-12,521.224670
2024-12-13,525.214355
2024-12-16,532.777832
2024-12-17,530.431519
2024-12-18,511.295288
2024-12-19,509.018341
2024-12-20,513.463379
2024-12-23,518.465759
2024-12-24,525.496094
2024-12-26,525.139160
2024-12-27,518.158447
2024-12-30,511.266998
2024-12-31,506.923859
2025-01-02,505.932312
2025-01-03,514.211914
2025-01-06,520.121765
2025-01-07,510.840607
2025-01-08,510.929932
2025-01-10,502.917938
2025-01-13,501.301636
2025-01-14,500.825653
2025-01-15,512.347778
2025-01-16,508.758301
2025-01-17,517.345337
2025-01-21,520.379639
2025-01-22,527.033142
2025-01-23,528.153503
2025-01-24,525.168884
2025-01-27,509.878784
2025-01-28,517.414734
2025-01-29,516.443115
2025-01-30,518.644287
2025-01-31,517.890686
2025-02-03,513.745850
2025-02-04,520.052368
2025-02-05,522.412354
2025-02-06,525.139160
2025-02-07,518.515381
2025-02-10,524.792053
2025-02-11,523.542664
2025-02-12,523.850098
2025-02-13,531.386047
2025-02-14,533.617249
2025-02-18,534.826843
2025-02-19,534.975647
2025-02-20,532.704834
2025-02-21,521.648804
2025-02-24,515.491089
2025-02-25,508.996246
2025-02-26,510.225861
2025-02-27,496.056213
2025-02-28,503.889618
2025-03-03,492.863312
2025-03-04,491.375916
2025-03-05,497.781555
2025-03-06,484.087921
2025-03-07,487.647644
2025-03-10,468.748169
2025-03-11,467.627655
2025-03-12,472.902893
2025-03-13,464.395111
2025-03-14,475.619843
2025-03-17,478.703583
2025-03-18,470.542938
2025-03-19,476.839508
2025-03-20,475.223206
2025-03-21,476.789856
2025-03-24,487.252747
2025-03-25,490.033264
2025-03-26,481.016357
2025-03-27,478.275452
2025-03-28,465.683533
2025-03-31,465.663635
2025-04-01,469.417419
2025-04-02,472.843475
2025-04-03,447.530426
2025-04-04,419.734863
2025-04-07,420.747772
2025-04-08,413.170746
2025-04-09,462.763977
2025-04-10,443.081543
2025-04-11,451.244507
2025-04-14,454.303101
2025-04-15,454.809570
2025-04-16,441.095459
2025-04-17,441.016022
2025-04-21,430.102295
2025-04-22,441.393402
2025-04-23,451.403351
2025-04-24,464.104553
2025-04-25,469.278412
2025-04-28,469.129425
2025-04-29,472.227783
2025-04-30,472.168182
2025-05-01,478.335022
2025-05-02,485.435394
2025-05-05,482.555511
2025-05-06,478.066925
2025-05-07,479.943787
2025-05-08,484.899139
2025-05-09,484.581360
2025-05-12,504.323303
2025-05-13,512.009583
2025-05-14,515.078064
2025-05-15,515.644165
2025-05-16,517.888489
2025-05-19,518.385010
2025-05-20,516.657104
2025-05-21,509.477264
2025-05-22,510.430603
2025-05-23,505.703674
2025-05-27,517.600403
2025-05-28,515.306458
2025-05-29,516.319397
2025-05-30,515.505066
2025-06-02,519.576721
2025-06-03,523.638184
2025-06-04,525.098022
2025-06-05,521.145691
2025-06-06,526.239990
2025-06-09,527.014648
2025-06-10,530.500244
2025-06-11,528.712646
2025-06-12,529.954041
2025-06-13,523.300659
2025-06-16,530.579712
2025-06-17,525.405884
2025-06-18,525.316528
2025-06-20,523.171509
2025-06-23,528.551025
2025-06-24,536.633667
2025-06-25,538.005432
2025-06-26,543.036072
2025-06-27,544.895142
2025-06-30,548.424438
2025-07-01,543.801514
2025-07-02,547.589294
2025-07-03,552.977722
2025-07-07,548.812195
2025-07-08,549.120483
2025-07-09,553.007629
2025-07-10,552.212280
2025-07-11,550.969482
2025-07-14,552.967773
2025-07-15,553.474854
2025-07-16,554.041504
2025-07-17,558.525208
2025-07-18,557.988403
2025-07-21,560.881470
2025-07-22,557.978455
2025-07-23,560.523499
2025-07-24,561.716492
2025-07-25,563.068604
2025-07-28,564.828186
2025-07-29,563.953369
2025-07-30,564.709045
2025-07-31,561.716492
2025-08-01,550.651367
2025-08-04,560.811829
2025-08-05,557.004089
2025-08-06,564.013062
2025-08-07,565.921875
2025-08-08,571.200867
2025-08-11,569.510803
2025-08-12,576.668884
2025-08-13,576.957214
2025-08-14,576.509827
2025-08-15,573.974609
2025-08-18,573.745972
2025-08-19,565.961670
2025-08-20,562.601379
2025-08-21,559.996582
2025-08-22,568.635986
2025-08-25,566.995544
2025-08-26,569.272217
2025-08-27,570.147034
2025-08-28,573.716187
2025-08-29,567.075134
2025-09-02,562.322998
2025-09-03,566.747070
2025-09-04,571.876953
2025-09-05,572.702026
2025-09-08,575.495728
2025-09-09,577.126221
2025-09-10,577.315063
2025-09-11,580.675354
2025-09-12,583.240234
2025-09-15,588.231018
2025-09-16,587.733948
2025-09-17,586.560852
2025-09-18,591.849792
2025-09-19,595.856262
2025-09-22,599.383728
2025-09-23,595.402527
2025-09-24,593.312317
2025-09-25,590.754395
2025-09-26,593.182922
2025-09-29,595.930054
2025-09-30,597.562317
2025-10-01,600.428894
2025-10-02,602.897278
2025-10-03,600.359192
2025-10-06,604.868042
2025-10-07,601.683044
2025-10-08,608.580566
2025-10-09,607.844055
2025-10-10,586.743164
2025-10-13,599.194641
2025-10-14,595.203430
2025-10-15,599.403687
2025-10-16,597.184143
2025-10-17,601.105652
2025-10-20,608.680054
2025-10-21,608.520935
2025-10-22,602.658386
2025-10-23,607.724609
2025-10-24,614.214050
2025-10-27,625.152771
2025-10-28,629.960144
2025-10-29,632.796814
2025-10-30,623.122253
2025-10-31,626.128113
2025-11-03,629.124023
2025-11-04,616.354004
2025-11-05,620.365234
2025-11-06,608.809509
2025-11-07,606.888428
2025-11-10,620.315430
2025-11-11,618.663208
2025-11-12,618.175476
2025-11-13,605.554810
2025-11-14,606.012573
2025-11-17,600.836914
2025-11-18,593.521362
2025-11-19,597.064697
2025-11-20,582.931030
2025-11-21,587.310486
2025-11-24,602.329895
2025-11-25,606.042480
2025-11-26,611.397339
2025-11-28,616.354004
2025-12-01,614.283813
2025-12-02,619.091187
2025-12-03,620.604126
2025-12-04,620.026794
2025-12-05,622.554932
2025-12-08,621.360535
2025-12-09,622.126953
2025-12-10,624.674927
2025-12-11,622.654541
2025-12-12,610.750427
2025-12-15,607.684814
2025-12-16,608.889099
2025-12-17,597.602112
2025-12-18,606.261414
2025-12-19,614.164307
2025-12-22,617.108337
2025-12-23,619.998474
2025-12-24,621.812256
2025-12-26,621.772461
2025-12-29,618.762634
2025-12-30,617.327576
2025-12-31,612.224915
2026-01-02,611.038940
2026-01-05,615.892395
2026-01-06,621.304016
2026-01-07,621.901978
2026-01-08,618.363953
2026-01-09,624.523071
2026-01-12,625.041260
2026-01-13,624.114502
2026-01-14,617.447144
2026-01-15,619.669617
2026-01-16,619.151367
2026-01-20,605.996155
2026-01-21,614.188354
2026-01-22,618.653015
2026-01-23,620.606384
2026-01-26,623.337158
2026-01-27,628.987854
2026-01-28,631.070740
2026-01-29,627.293579
2026-01-30,619.759216
2026-02-02,624.014771
2026-02-03,614.427429
2026-02-04,603.693970
2026-02-05,595.003601
2026-02-06,607.580811
2026-02-09,612.234924
2026-02-10,609.394592
2026-02-11,611.028992
2026-02-12,598.601379
2026-02-13,599.876953
2026-02-17,599.259094
2026-02-18,603.733826
2026-02-19,601.421692
2026-02-20,606.743591
2026-02-23,599.368713
2026-02-24,605.806824
2026-02-25,614.586853
2026-02-26,607.172180
2026-02-27,605.228760
2026-03-02,606.026062
2026-03-03,599.538147
2026-03-04,608.677002
2026-03-05,606.843201
2026-03-06,597.714355
2026-03-09,605.697205
2026-03-10,605.707153
2026-03-11,605.627380
2026-03-12,595.232788
2026-03-13,591.704773
2026-03-16,598.342224
2026-03-17,601.262329
2026-03-18,592.880859
2026-03-19,591.007141
2026-03-20,580.084351
2026-03-23,586.743164
2026-03-24,582.731689
2026-03-25,586.563538
2026-03-26,572.563477
2026-03-27,561.377441
2026-03-30,557.086731
2026-03-31,575.946228
2026-04-01,583.061035
2026-04-02,583.729553
2026-04-06,587.242065
2026-04-07,587.331909
2026-04-08,604.794495
2026-04-09,608.885681
2026-04-10,609.763794
2026-04-13,616.070374
2026-04-14,627.256287
2026-04-15,636.037537
2026-04-16,639.100952
2026-04-17,647.463013
2026-04-20,645.407410
2026-04-21,642.952759
2026-04-22,653.709656
2026-04-23,650.027527
2026-04-24,662.460938
2026-04-27,662.810181
2026-04-28,656.144470
2026-04-29,660.155884
2026-04-30,666.312683
2026-05-01,672.709045
2026-05-04,671.441711
2026-05-05,680.153015
2026-05-06,694.282776
2026-05-07,693.454529
2026-05-08,709.709717
2026-05-11,711.765320
2026-05-12,705.728210
2026-05-13,713.182312
2026-05-14,718.251404
2026-05-15,707.414612
2026-05-18,704.371155
2026-05-19,700.030518
2026-05-20,711.625610
2026-05-21,712.982727
2026-05-22,716.006226
2026-05-26,728.718994
2026-05-27,727.890747
2026-05-28,734.027649
2026-05-29,736.731812
2026-06-01,741.152344
2026-06-02,744.565002
2026-06-03,742.619263
2026-06-04,739.026917
2026-06-05,703.552856
2026-06-08,714.539429
2026-06-09,706.317017
2026-06-10,692.207214
2026-06-11,715.587158
2026-06-12,719.798157
2026-06-15,742.409668
2026-06-16,728.299866
2026-06-17,720.965637
2026-06-18,739.036926
2026-06-22,737.181824
2026-06-23,712.907166
2026-06-24,709.880310
2026-06-25,715.634277
2026-06-26,705.784607
2026-06-29,723.326294
2026-06-30,735.633484
2026-07-01,724.415100
2026-07-02,711.858215
2026-07-06,722.067627
2026-07-07,708.691528
2026-07-08,710.699463
2026-07-09,722.527161
2026-07-10,724.754822
2026-07-13,710.999084
2026-07-14,718.940857
2026-07-15,716.992859
2026-07-16,705.205139
2026-07-17,694.606201
2026-07-20,695.335449
2026-07-21,708.231995
2026-07-22,704.615723
2026-07-23,691.239746
2026-07-24,683.517761
2026-07-27,681.409973
2026-07-28,674.786865
2026-07-29,661.041138
2026-07-30,682.838440
2026-07-31,687.273865
2026-08-03,699.341309
2026-08-04,723.096497
2026-08-05,716.553345
2026-08-06,713.906128
2026-08-07,722.277405
2026-08-10,720.119629
2026-08-11,717.702148
2026-08-12,722.946716
2026-08-13,731.307983
2026-08-14,730.309021
2026-08-17,729.110229
2026-08-18,716.763123
2026-08-19,715.334595
2026-08-20,710.189941
2026-08-21,712.697388
2026-08-24,705.584778
2026-08-25,709.980164
2026-08-26,710.629517
2026-08-27,720.359375
2026-08-28,715.684265
2026-08-31,716.013916
2026-09-01,706.903381
2026-09-02,708.501709
2026-09-03,716.922913
2026-09-04,718.211609
2026-09-08,717.612244
2026-09-09,715.564392
2026-09-10,707.952332
2026-09-11,714.135864
2026-09-14,708.441772
2026-09-15,703.806580
2026-09-16,703.986389
2026-09-17,716.173706
2026-09-18,720.699036
2026-09-21,741.469971
2026-09-22,747.460022
2026-09-23,741.210022
2026-09-24,741.099976
2026-09-25,744.500000
