date,adj_close
2007-05-04,26.572254
2007-05-07,26.566971
2007-05-08,26.471682
2007-05-09,26.630507
2007-05-10,26.323437
2007-05-11,26.514032
2007-05-14,26.281088
2007-05-15,25.825766
2007-05-16,25.820457
2007-05-17,25.613987
2007-05-18,25.608692
2007-05-21,25.947533
2007-05-22,26.381664
2007-05-23,26.466381
2007-05-24,26.016361
2007-05-25,26.154016
2007-05-29,26.429317
2007-05-30,26.429317
2007-05-31,26.736383
2007-06-01,26.799917
2007-06-04,26.974638
2007-06-05,26.974638
2007-06-06,26.318140
2007-06-07,25.910471
2007-06-08,25.910471
2007-06-11,25.910471
2007-06-12,25.396923
2007-06-13,25.550451
2007-06-14,25.677532
2007-06-15,26.154016
2007-06-18,26.074596
2007-06-19,26.074596
2007-06-20,26.111664
2007-06-21,25.629879
2007-06-22,25.402201
2007-06-25,25.021025
2007-06-26,24.708654
2007-06-27,24.544535
2007-06-28,24.936314
2007-06-29,24.459734
2007-07-02,24.475908
2007-07-03,24.756245
2007-07-05,24.756245
2007-07-06,24.707731
2007-07-09,24.707731
2007-07-10,24.017670
2007-07-11,23.462368
2007-07-12,23.467768
2007-07-13,23.554022
2007-07-16,23.327591
2007-07-17,23.381510
2007-07-18,22.637516
2007-07-19,22.912466
2007-07-20,22.669867
2007-07-23,22.222399
2007-07-24,21.510771
2007-07-25,21.586241
2007-07-26,21.208857
2007-07-27,21.214251
2007-07-30,20.712872
2007-07-31,18.788231
2007-08-01,17.645298
2007-08-02,18.448586
2007-08-03,17.311037
2007-08-06,17.451214
2007-08-07,16.890532
2007-08-08,17.828596
2007-08-09,17.602169
2007-08-10,16.793488
2007-08-13,16.098036
2007-08-14,14.146434
2007-08-15,14.227304
2007-08-16,15.257009
2007-08-17,16.798891
2007-08-20,16.642544
2007-08-21,16.798891
2007-08-22,17.025314
2007-08-23,16.917490
2007-08-24,16.992971
2007-08-27,16.308289
2007-08-28,15.693689
2007-08-29,15.920121
2007-08-30,16.173512
2007-08-31,16.577841
2007-09-04,16.777319
2007-09-05,16.259768
2007-09-06,16.119600
2007-09-07,16.248985
2007-09-10,16.248985
2007-09-11,16.550896
2007-09-12,16.496977
2007-09-13,16.917490
2007-09-14,17.235573
2007-09-17,17.073837
2007-09-18,17.974163
2007-09-19,18.319191
2007-09-20,17.855551
2007-09-21,18.017286
2007-09-24,17.704597
2007-09-25,17.435047
2007-09-26,17.447315
2007-09-27,17.380360
2007-09-28,17.240866
2007-10-01,17.670504
2007-10-02,17.943895
2007-10-03,17.837894
2007-10-04,17.821152
2007-10-05,18.072214
2007-10-08,17.804413
2007-10-09,17.609127
2007-10-10,17.531013
2007-10-11,17.385946
2007-10-12,17.346886
2007-10-15,16.978638
2007-10-16,16.883776
2007-10-17,16.588066
2007-10-18,16.682915
2007-10-19,16.342560
2007-10-22,16.733131
2007-10-23,16.710815
2007-10-24,16.599228
2007-10-25,16.392776
2007-10-26,16.671759
2007-10-29,16.677332
2007-10-30,16.643858
2007-10-31,16.627119
2007-11-01,16.119381
2007-11-02,15.673011
2007-11-05,15.695331
2007-11-06,16.024530
2007-11-07,15.438671
2007-11-08,15.974310
2007-11-09,16.119381
2007-11-12,16.013369
2007-11-13,16.392776
2007-11-14,16.336990
2007-11-15,16.242126
2007-11-16,16.063583
2007-11-19,15.868296
2007-11-20,15.304764
2007-11-21,15.260123
2007-11-23,15.617222
2007-11-26,14.847237
2007-11-27,14.997883
2007-11-28,15.879459
2007-11-29,15.924096
2007-11-30,16.186333
2007-12-03,16.286764
2007-12-04,15.979888
2007-12-05,16.030102
2007-12-06,16.850302
2007-12-07,17.073486
2007-12-10,17.452904
2007-12-11,16.855881
2007-12-12,16.721973
2007-12-13,16.783342
2007-12-14,16.649443
2007-12-17,16.303505
2007-12-18,16.855881
2007-12-19,16.783342
2007-12-20,16.922836
2007-12-21,17.380360
2007-12-24,17.692820
2007-12-26,17.542171
2007-12-27,17.143131
2007-12-28,16.857700
2007-12-31,16.897665
2008-01-02,16.772070
2008-01-03,16.635065
2008-01-04,16.418139
2008-01-07,16.595110
2008-01-08,16.349625
2008-01-09,16.235455
2008-01-10,16.372461
2008-01-11,16.332499
2008-01-14,16.520885
2008-01-15,16.475220
2008-01-16,16.749235
2008-01-17,16.172670
2008-01-18,15.864395
2008-01-22,16.577971
2008-01-23,17.462820
2008-01-24,17.485659
2008-01-25,17.205927
2008-01-28,17.913807
2008-01-29,17.936640
2008-01-30,17.799629
2008-01-31,18.182112
2008-02-01,18.878563
2008-02-04,18.690187
2008-02-05,18.581720
2008-02-06,18.439001
2008-02-07,18.821491
2008-02-08,18.610264
2008-02-11,18.307703
2008-02-12,18.381920
2008-02-13,18.296280
2008-02-14,17.925224
2008-02-15,17.862425
2008-02-19,17.925224
2008-02-20,17.885260
2008-02-21,17.668331
2008-02-22,17.531321
2008-02-25,17.930923
2008-02-26,17.925224
2008-02-27,17.885260
2008-02-28,17.445692
2008-02-29,17.028955
2008-03-03,15.630335
2008-03-04,15.242144
2008-03-05,14.853951
2008-03-06,12.462023
2008-03-07,12.519114
2008-03-10,12.005332
2008-03-11,13.289788
2008-03-12,13.204148
2008-03-13,12.804545
2008-03-14,12.279347
2008-03-17,11.862614
2008-03-18,13.044310
2008-03-19,12.827378
2008-03-20,13.775019
2008-03-24,14.043331
2008-03-25,14.358527
2008-03-26,13.997796
2008-03-27,13.678450
2008-03-28,13.506951
2008-03-31,13.311795
2008-04-01,14.192943
2008-04-02,14.222509
2008-04-03,14.021450
2008-04-04,14.015532
2008-04-07,14.222509
2008-04-08,14.216600
2008-04-09,13.885424
2008-04-10,13.920914
2008-04-11,13.483296
2008-04-14,13.506951
2008-04-15,13.613400
2008-04-16,13.891343
2008-04-17,14.210691
2008-04-18,14.464972
2008-04-21,14.423580
2008-04-22,14.175194
2008-04-23,14.127896
2008-04-24,14.394011
2008-04-25,14.512290
2008-04-28,14.725184
2008-04-29,14.553683
2008-04-30,14.530029
2008-05-01,15.050430
2008-05-02,15.009041
2008-05-05,14.843454
2008-05-06,15.115485
2008-05-07,14.985382
2008-05-08,14.683782
2008-05-09,14.654216
2008-05-12,14.713348
2008-05-13,14.530029
2008-05-14,14.488633
2008-05-15,14.867113
2008-05-16,14.902592
2008-05-19,14.926246
2008-05-20,14.807977
2008-05-21,14.583251
2008-05-22,14.636477
2008-05-23,14.666039
2008-05-27,14.719269
2008-05-28,14.713348
2008-05-29,14.949901
2008-05-30,14.884851
2008-06-02,14.861191
2008-06-03,14.707437
2008-06-04,14.600990
2008-06-05,14.873026
2008-06-06,14.429493
2008-06-09,14.299394
2008-06-10,13.885424
2008-06-11,13.465556
2008-06-12,13.483296
2008-06-13,13.731672
2008-06-16,13.920914
2008-06-17,13.731672
2008-06-18,13.648881
2008-06-19,13.767157
2008-06-20,13.625236
2008-06-23,13.252662
2008-06-24,13.084443
2008-06-25,13.182316
2008-06-26,12.894811
2008-06-27,12.748004
2008-06-30,12.313690
2008-07-01,12.215816
2008-07-02,12.062884
2008-07-03,11.861027
2008-07-07,11.445059
2008-07-08,12.276990
2008-07-09,11.622462
2008-07-10,11.175913
2008-07-11,11.634691
2008-07-14,11.585758
2008-07-15,11.212614
2008-07-16,11.738681
2008-07-17,11.916075
2008-07-18,11.879372
2008-07-21,12.020065
2008-07-22,12.564490
2008-07-23,12.815284
2008-07-24,12.081241
2008-07-25,12.185235
2008-07-28,11.653045
2008-07-29,11.946664
2008-07-30,11.842669
2008-07-31,11.867147
2008-08-01,12.111819
2008-08-04,11.708097
2008-08-05,11.989480
2008-08-06,12.050653
2008-08-07,11.500117
2008-08-08,11.965011
2008-08-11,11.965011
2008-08-12,11.622462
2008-08-13,11.469530
2008-08-14,11.561289
2008-08-15,11.408362
2008-08-18,11.194262
2008-08-19,11.010749
2008-08-20,11.145322
2008-08-21,11.041333
2008-08-22,11.304369
2008-08-25,11.114742
2008-08-26,11.041333
2008-08-27,11.169795
2008-08-28,11.481764
2008-08-29,11.536814
2008-09-02,11.469530
2008-09-03,11.689745
2008-09-04,11.475650
2008-09-05,11.695864
2008-09-08,12.411569
2008-09-09,12.007833
2008-09-10,11.946664
2008-09-11,11.867147
2008-09-12,11.861027
2008-09-15,11.163675
2008-09-16,11.322724
2008-09-17,10.356225
2008-09-18,11.805970
2008-09-19,12.209695
2008-09-22,11.891607
2008-09-23,11.848791
2008-09-24,11.591874
2008-09-25,12.033533
2008-09-26,11.911912
2008-09-29,10.881381
2008-09-30,11.303839
2008-10-01,11.252631
2008-10-02,10.682959
2008-10-03,10.401322
2008-10-06,10.138887
2008-10-07,9.780443
2008-10-08,9.210771
2008-10-09,8.154636
2008-10-10,8.890729
2008-10-13,9.614025
2008-10-14,9.646029
2008-10-15,8.634696
2008-10-16,9.133965
2008-10-17,9.121158
2008-10-20,9.217168
2008-10-21,9.063552
2008-10-22,8.730714
2008-10-23,8.557886
2008-10-24,8.282655
2008-10-27,7.776989
2008-10-28,8.289052
2008-10-29,8.807520
2008-10-30,9.313187
2008-10-31,9.761240
2008-11-03,9.678030
2008-11-04,9.895657
2008-11-05,9.447602
2008-11-06,9.185169
2008-11-07,9.498809
2008-11-10,9.140358
2008-11-11,9.095556
2008-11-12,8.327460
2008-11-13,9.018745
2008-11-14,8.570688
2008-11-17,8.186640
2008-11-18,7.975413
2008-11-19,7.623367
2008-11-20,6.816867
2008-11-21,7.463349
2008-11-24,8.167442
2008-11-25,8.711508
2008-11-26,9.025146
2008-11-28,9.076357
2008-12-01,8.001016
2008-12-02,8.564287
2008-12-03,8.705108
2008-12-04,8.404269
2008-12-05,9.012346
2008-12-08,9.300385
2008-12-09,8.916332
2008-12-10,9.012346
2008-12-11,8.417069
2008-12-12,8.922734
2008-12-15,8.698708
2008-12-16,9.428394
2008-12-17,9.530809
2008-12-18,9.300385
2008-12-19,9.447602
2008-12-22,9.594817
2008-12-23,9.556413
2008-12-24,9.553046
2008-12-26,9.620374
2008-12-29,9.182775
2008-12-30,9.371281
2008-12-31,9.674231
2009-01-02,9.519386
2009-01-05,9.734819
2009-01-06,9.997372
2009-01-07,9.983911
2009-01-08,10.145481
2009-01-09,9.862731
2009-01-12,9.586711
2009-01-13,9.802139
2009-01-14,9.445333
2009-01-15,9.418400
2009-01-16,9.499191
2009-01-20,8.785576
2009-01-21,9.250098
2009-01-22,8.900024
2009-01-23,9.088521
2009-01-26,9.182775
2009-01-27,9.404939
2009-01-28,9.640573
2009-01-29,9.149110
2009-01-30,9.061595
2009-02-02,9.263566
2009-02-03,9.290493
2009-02-04,9.027933
2009-02-05,8.933684
2009-02-06,9.135650
2009-02-09,9.189509
2009-02-10,8.792305
2009-02-11,8.866361
2009-02-12,9.041393
2009-02-13,8.947150
2009-02-17,8.630731
2009-02-18,8.475889
2009-02-19,8.112349
2009-02-20,8.300848
2009-02-23,7.984436
2009-02-24,8.408569
2009-02-25,8.226799
2009-02-26,8.024830
2009-02-27,7.964240
2009-03-02,7.607430
2009-03-03,7.513180
2009-03-04,7.445857
2009-03-05,7.082316
2009-03-06,7.169837
2009-03-09,7.149639
2009-03-10,7.607430
2009-03-11,7.526647
2009-03-12,7.964240
2009-03-13,8.112349
2009-03-16,7.964240
2009-03-17,8.233532
2009-03-18,8.536482
2009-03-19,8.186405
2009-03-20,7.903649
2009-03-23,8.442229
2009-03-24,8.233532
2009-03-25,8.423294
2009-03-26,8.641724
2009-03-27,8.382334
2009-03-30,8.184383
2009-03-31,8.450598
2009-04-01,8.532509
2009-04-02,8.655375
2009-04-03,8.873806
2009-04-06,8.716809
2009-04-07,8.498379
2009-04-08,8.573470
2009-04-09,9.099068
2009-04-13,9.126371
2009-04-14,8.573470
2009-04-15,8.798722
2009-04-16,8.901114
2009-04-17,8.805551
2009-04-20,8.245815
2009-04-21,8.634899
2009-04-22,8.402817
2009-04-23,8.532509
2009-04-24,8.559813
2009-04-27,8.450598
2009-04-28,8.518855
2009-04-29,8.791899
2009-04-30,8.682682
2009-05-01,8.607594
2009-05-04,9.044460
2009-05-05,8.914764
2009-05-06,9.064939
2009-05-07,8.723638
2009-05-08,9.180980
2009-05-11,9.003504
2009-05-12,8.948895
2009-05-13,8.709985
2009-05-14,8.921591
2009-05-15,8.696330
2009-05-18,9.187802
2009-05-19,8.942068
2009-05-20,8.826029
2009-05-21,8.744110
2009-05-22,8.634899
2009-05-26,8.730466
2009-05-27,8.464252
2009-05-28,8.546163
2009-05-29,8.730466
2009-06-01,8.860159
2009-06-02,8.955721
2009-06-03,8.907940
2009-06-04,9.044460
2009-06-05,8.907940
2009-06-08,8.846506
2009-06-09,8.921591
2009-06-10,8.737290
2009-06-11,8.744110
2009-06-12,8.826029
2009-06-15,8.696330
2009-06-16,8.682682
2009-06-17,8.682682
2009-06-18,8.730466
2009-06-19,8.860159
2009-06-22,8.662204
2009-06-23,8.749700
2009-06-24,8.819141
2009-06-25,8.909416
2009-06-26,9.062191
2009-06-29,9.069132
2009-06-30,9.089969
2009-07-01,9.235794
2009-07-02,8.999696
2009-07-06,9.055244
2009-07-07,8.937193
2009-07-08,8.895528
2009-07-09,8.895528
2009-07-10,8.888584
2009-07-13,9.173298
2009-07-14,9.221909
2009-07-15,9.451063
2009-07-16,9.548281
2009-07-17,9.520509
2009-07-20,9.596891
2009-07-21,9.520509
2009-07-22,9.527452
2009-07-23,9.659389
2009-07-24,9.631618
2009-07-27,9.964941
2009-07-28,9.895497
2009-07-29,9.687172
2009-07-30,9.874662
2009-07-31,9.895497
2009-08-03,10.069098
2009-08-04,10.180209
2009-08-05,10.381588
2009-08-06,10.291317
2009-08-07,10.457974
2009-08-10,10.367701
2009-08-11,10.145481
2009-08-12,10.117711
2009-08-13,10.145481
2009-08-14,10.076049
2009-08-17,9.930216
2009-08-18,10.069098
2009-08-19,10.096876
2009-08-20,10.256596
2009-08-21,10.367701
2009-08-24,10.298257
2009-08-25,10.374645
2009-08-26,10.402420
2009-08-27,10.312148
2009-08-28,10.326038
2009-08-31,10.312148
2009-09-01,10.069098
2009-09-02,9.971877
2009-09-03,10.006602
2009-09-04,10.138543
2009-09-08,10.256596
2009-09-09,10.374645
2009-09-10,10.388529
2009-09-11,10.395478
2009-09-14,10.492699
2009-09-15,10.714912
2009-09-16,10.909354
2009-09-17,10.916295
2009-09-18,10.895457
2009-09-21,10.832961
2009-09-22,11.201005
2009-09-23,11.018890
2009-09-24,10.742534
2009-09-25,10.742534
2009-09-28,10.926771
2009-09-29,10.763793
2009-09-30,10.707105
2009-10-01,10.444919
2009-10-02,10.551213
2009-10-05,10.692932
2009-10-06,10.636248
2009-10-07,10.607900
2009-10-08,10.643330
2009-10-09,10.707105
2009-10-12,10.629151
2009-10-13,10.466178
2009-10-14,10.671671
2009-10-15,10.622066
2009-10-16,10.480348
2009-10-19,10.572471
2009-10-20,10.466178
2009-10-21,10.374059
2009-10-22,10.544121
2009-10-23,10.416570
2009-10-26,10.289023
2009-10-27,10.196905
2009-10-28,9.963063
2009-10-29,10.281941
2009-10-30,10.012666
2009-11-02,10.019751
2009-11-03,10.083523
2009-11-04,9.913461
2009-11-05,10.083523
2009-11-06,10.005578
2009-11-09,10.253594
2009-11-10,10.225249
2009-11-11,10.338628
2009-11-12,10.225249
2009-11-13,10.274849
2009-11-16,10.423658
2009-11-17,10.452005
2009-11-18,10.529948
2009-11-19,10.473266
2009-11-20,10.466178
2009-11-23,10.459085
2009-11-24,10.501606
2009-11-25,10.452005
2009-11-27,10.338628
2009-11-30,10.551213
2009-12-01,10.501606
2009-12-02,10.565383
2009-12-03,10.515782
2009-12-04,10.515782
2009-12-07,10.622066
2009-12-08,10.593722
2009-12-09,10.600808
2009-12-10,10.593722
2009-12-11,10.685844
2009-12-14,10.820482
2009-12-15,10.586639
2009-12-16,10.607900
2009-12-17,10.614982
2009-12-18,10.643330
2009-12-21,10.700020
2009-12-22,10.813396
2009-12-23,10.848826
2009-12-24,10.899335
2009-12-28,10.899335
2009-12-29,10.870053
2009-12-30,10.789536
2009-12-31,10.767577
2010-01-04,10.811496
2010-01-05,10.818814
2010-01-06,10.826132
2010-01-07,10.935934
2010-01-08,10.994491
2010-01-11,11.001810
2010-01-12,10.855409
2010-01-13,10.965209
2010-01-14,10.950570
2010-01-15,10.826132
2010-01-19,10.899335
2010-01-20,10.884692
2010-01-21,10.789536
2010-01-22,10.687056
2010-01-25,10.657776
2010-01-26,10.628495
2010-01-27,10.694375
2010-01-28,10.701694
2010-01-29,10.701694
2010-02-01,10.709015
2010-02-02,10.818814
2010-02-03,10.804173
2010-02-04,10.577254
2010-02-05,10.760254
2010-02-08,10.657776
2010-02-09,10.584574
2010-02-10,10.445501
2010-02-11,10.504063
2010-02-12,10.518699
2010-02-16,10.679738
2010-02-17,10.687056
2010-02-18,10.716336
2010-02-19,10.701694
2010-02-22,10.730977
2010-02-23,10.752932
2010-02-24,10.862737
2010-02-25,10.906657
2010-02-26,10.979850
2010-03-01,11.001810
2010-03-02,11.009131
2010-03-03,10.972528
2010-03-04,10.965209
2010-03-05,11.075007
2010-03-08,11.096971
2010-03-09,11.118932
2010-03-10,11.148208
2010-03-11,11.162850
2010-03-12,11.133570
2010-03-15,11.177491
2010-03-16,11.272643
2010-03-17,11.360487
2010-03-18,11.331205
2010-03-19,11.323884
2010-03-22,11.375123
2010-03-23,11.301929
2010-03-24,11.294609
2010-03-25,11.210268
2010-03-26,11.195343
2010-03-29,11.247586
2010-03-30,11.240123
2010-03-31,11.277444
2010-04-01,11.329685
2010-04-05,11.359542
2010-04-06,11.419250
2010-04-07,11.419250
2010-04-08,11.471498
2010-04-09,11.501349
2010-04-12,11.516277
2010-04-13,11.531201
2010-04-14,11.643156
2010-04-15,11.605831
2010-04-16,11.449105
2010-04-19,11.441641
2010-04-20,11.605831
2010-04-21,11.598370
2010-04-22,11.628230
2010-04-23,11.673013
2010-04-26,11.620766
2010-04-27,11.396854
2010-04-28,11.478958
2010-04-29,11.613301
2010-04-30,11.471498
2010-05-03,11.605831
2010-05-04,11.217731
2010-05-05,11.083388
2010-05-06,10.680356
2010-05-07,10.680356
2010-05-10,11.046073
2010-05-11,11.075927
2010-05-12,11.217731
2010-05-13,11.158025
2010-05-14,10.971439
2010-05-17,11.068461
2010-05-18,10.874410
2010-05-19,10.769918
2010-05-20,10.389280
2010-05-21,10.568402
2010-05-24,10.560937
2010-05-25,10.650500
2010-05-26,10.635576
2010-05-27,11.038604
2010-05-28,11.090851
2010-06-01,10.941578
2010-06-02,11.053536
2010-06-03,11.135633
2010-06-04,10.852018
2010-06-07,10.859482
2010-06-08,10.896799
2010-06-09,10.859482
2010-06-10,11.090851
2010-06-11,11.150564
2010-06-14,11.210268
2010-06-15,11.269977
2010-06-16,11.217731
2010-06-17,11.165488
2010-06-18,11.277444
2010-06-21,11.225197
2010-06-22,11.113243
2010-06-23,11.047308
2010-06-24,10.985986
2010-06-25,11.116308
2010-06-28,11.131640
2010-06-29,10.901651
2010-06-30,10.817320
2010-07-01,10.801989
2010-07-02,10.755989
2010-07-06,10.694654
2010-07-07,11.039647
2010-07-08,11.077979
2010-07-09,11.200644
2010-07-12,11.215973
2010-07-13,11.384634
2010-07-14,11.215973
2010-07-15,11.231310
2010-07-16,11.001315
2010-07-19,11.016647
2010-07-20,11.177641
2010-07-21,11.039647
2010-07-22,11.238973
2010-07-23,11.399969
2010-07-26,11.553298
2010-07-27,11.507296
2010-07-28,11.407629
2010-07-29,11.284968
2010-07-30,11.300305
2010-08-02,11.361637
2010-08-03,11.315641
2010-08-04,11.338635
2010-08-05,11.185307
2010-08-06,11.231310
2010-08-09,11.277305
2010-08-10,11.223640
2010-08-11,11.054978
2010-08-12,11.062642
2010-08-13,10.947648
2010-08-16,10.985986
2010-08-17,11.054978
2010-08-18,11.085642
2010-08-19,10.985986
2010-08-20,11.008977
2010-08-23,11.008977
2010-08-24,10.886314
2010-08-25,10.840322
2010-08-26,10.794316
2010-08-27,10.955314
2010-08-30,10.847986
2010-08-31,10.886314
2010-09-01,11.085642
2010-09-02,11.108643
2010-09-03,11.223640
2010-09-07,11.123974
2010-09-08,11.185307
2010-09-09,11.231310
2010-09-10,11.208309
2010-09-13,11.384634
2010-09-14,11.338635
2010-09-15,11.361637
2010-09-16,11.307969
2010-09-17,11.323299
2010-09-20,11.476629
2010-09-21,11.338635
2010-09-22,11.277305
2010-09-23,11.315641
2010-09-24,11.484763
2010-09-27,11.437565
2010-09-28,11.461163
2010-09-29,11.492629
2010-09-30,11.461163
2010-10-01,11.461163
2010-10-04,11.500491
2010-10-05,11.563426
2010-10-06,11.602756
2010-10-07,11.539824
2010-10-08,11.587026
2010-10-11,11.579157
2010-10-12,11.657816
2010-10-13,11.649952
2010-10-14,11.665686
2010-10-15,11.634217
2010-10-18,11.720748
2010-10-19,11.744351
2010-10-20,11.775813
2010-10-21,11.736481
2010-10-22,11.665686
2010-10-25,11.673554
2010-10-26,11.571293
2010-10-27,11.531960
2010-10-28,11.492629
2010-10-29,11.563426
2010-11-01,11.516225
2010-11-02,11.594894
2010-11-03,11.571293
2010-11-04,11.846611
2010-11-05,11.901674
2010-11-08,11.815143
2010-11-09,11.728620
2010-11-10,11.823008
2010-11-11,11.807279
2010-11-12,11.720748
2010-11-15,11.705020
2010-11-16,11.594894
2010-11-17,11.649952
2010-11-18,11.657816
2010-11-19,11.673554
2010-11-22,11.697152
2010-11-23,11.673554
2010-11-24,11.783680
2010-11-26,11.752215
2010-11-29,11.783680
2010-11-30,11.728620
2010-12-01,11.807279
2010-12-02,11.956732
2010-12-03,12.019670
2010-12-06,12.019670
2010-12-07,12.027534
2010-12-08,12.043269
2010-12-09,12.051134
2010-12-10,12.176990
2010-12-13,12.232059
2010-12-14,12.224191
2010-12-15,12.090462
2010-12-16,12.169132
2010-12-17,12.216325
2010-12-20,12.302855
2010-12-21,12.405119
2010-12-22,12.475908
2010-12-23,12.541881
2010-12-27,12.566013
2010-12-28,12.493610
2010-12-29,12.582106
2010-12-30,12.606241
2010-12-31,12.541881
2011-01-03,12.630375
2011-01-04,12.413162
2011-01-05,12.557969
2011-01-06,12.598194
2011-01-07,12.630375
2011-01-10,12.574058
2011-01-11,12.622330
2011-01-12,12.686690
2011-01-13,12.638421
2011-01-14,12.742999
2011-01-18,12.751045
2011-01-19,12.453382
2011-01-20,12.397075
2011-01-21,12.405119
2011-01-24,12.461433
2011-01-25,12.485568
2011-01-26,12.501655
2011-01-27,12.598194
2011-01-28,12.453382
2011-01-31,12.445346
2011-02-01,12.598194
2011-02-02,12.630375
2011-02-03,12.606241
2011-02-04,12.557969
2011-02-07,12.654510
2011-02-08,12.742999
2011-02-09,12.718863
2011-02-10,12.702773
2011-02-11,12.823451
2011-02-14,12.831493
2011-02-15,12.694733
2011-02-16,12.734956
2011-02-17,12.807362
2011-02-18,12.807362
2011-02-22,12.638421
2011-02-23,12.622330
2011-02-24,12.686690
2011-02-25,12.847587
2011-02-28,12.895849
2011-03-01,12.742999
2011-03-02,12.718863
2011-03-03,12.799318
2011-03-04,12.726912
2011-03-07,12.686690
2011-03-08,12.710821
2011-03-09,12.759086
2011-03-10,12.630375
2011-03-11,12.598194
2011-03-14,12.590149
2011-03-15,12.485568
2011-03-16,12.405119
2011-03-17,12.445346
2011-03-18,12.509702
2011-03-21,12.606241
2011-03-22,12.469479
2011-03-23,12.485568
2011-03-24,12.533835
2011-03-25,12.564280
2011-03-28,12.506682
2011-03-29,12.498453
2011-03-30,12.514909
2011-03-31,12.490223
2011-04-01,12.490223
2011-04-04,12.481997
2011-04-05,12.523138
2011-04-06,12.580738
2011-04-07,12.498453
2011-04-08,12.383261
2011-04-11,12.366803
2011-04-12,12.251616
2011-04-13,12.300979
2011-04-14,12.358578
2011-04-15,12.375037
2011-04-18,12.300979
2011-04-19,12.251616
2011-04-20,12.300979
2011-04-21,12.383261
2011-04-25,12.424401
2011-04-26,12.514909
2011-04-27,12.564280
2011-04-28,12.621878
2011-04-29,12.679472
2011-05-02,12.630108
2011-05-03,12.679472
2011-05-04,12.638331
2011-05-05,12.580738
2011-05-06,12.564280
2011-05-09,12.588964
2011-05-10,12.638331
2011-05-11,12.588964
2011-05-12,12.580738
2011-05-13,12.440859
2011-05-16,12.432630
2011-05-17,12.449085
2011-05-18,12.498453
2011-05-19,12.556052
2011-05-20,12.547825
2011-05-23,12.465542
2011-05-24,12.465542
2011-05-25,12.440859
2011-05-26,12.473767
2011-05-27,12.547825
2011-05-31,12.638331
2011-06-01,12.432630
2011-06-02,12.440859
2011-06-03,12.399719
2011-06-06,12.333890
2011-06-07,12.333890
2011-06-08,12.226926
2011-06-09,12.243384
2011-06-10,12.111735
2011-06-13,12.161101
2011-06-14,12.243384
2011-06-15,12.169333
2011-06-16,12.194013
2011-06-17,12.210471
2011-06-20,12.268071
2011-06-21,12.309208
2011-06-22,12.358578
2011-06-23,12.267519
2011-06-24,12.225361
2011-06-27,12.233797
2011-06-28,12.250652
2011-06-29,12.368694
2011-06-30,12.419283
2011-07-01,12.613198
2011-07-05,12.596343
2011-07-06,12.697518
2011-07-07,12.764967
2011-07-08,12.756533
2011-07-11,12.579477
2011-07-12,12.495159
2011-07-13,12.545755
2011-07-14,12.368694
2011-07-15,12.351830
2011-07-18,12.191633
2011-07-19,12.334970
2011-07-20,12.402421
2011-07-21,12.377125
2011-07-22,12.377125
2011-07-25,12.149480
2011-07-26,12.141050
2011-07-27,11.896544
2011-07-28,11.854384
2011-07-29,11.685760
2011-08-01,11.896544
2011-08-02,11.761639
2011-08-03,11.947131
2011-08-04,11.500272
2011-08-05,11.441257
2011-08-08,10.572834
2011-08-09,11.567722
2011-08-10,11.087138
2011-08-11,11.491844
2011-08-12,11.449683
2011-08-15,11.778506
2011-08-16,11.711050
2011-08-17,11.736349
2011-08-18,11.331643
2011-08-19,11.137727
2011-08-22,11.163019
2011-08-23,11.382236
2011-08-24,11.356940
2011-08-25,11.044984
2011-08-26,11.196751
2011-08-29,11.491844
2011-08-30,11.584584
2011-08-31,11.576151
2011-09-01,11.205178
2011-09-02,11.019689
2011-09-06,11.053413
2011-09-07,11.272631
2011-09-08,11.129294
2011-09-09,11.120871
2011-09-12,11.213608
2011-09-13,11.314786
2011-09-14,11.458117
2011-09-15,11.542427
2011-09-16,11.542427
2011-09-19,11.483409
2011-09-20,11.356940
2011-09-21,10.985961
2011-09-22,10.884788
2011-09-23,10.943809
2011-09-26,11.059439
2011-09-27,11.050751
2011-09-28,10.868162
2011-09-29,11.015975
2011-09-30,10.815999
2011-10-03,10.320409
2011-10-04,10.511689
2011-10-05,10.537774
2011-10-06,10.850773
2011-10-07,10.537774
2011-10-10,10.868162
2011-10-11,10.911638
2011-10-12,10.955109
2011-10-13,10.885557
2011-10-14,11.024667
2011-10-17,10.833383
2011-10-18,11.050751
2011-10-19,10.981194
2011-10-20,11.007277
2011-10-21,11.007277
2011-10-24,11.233337
2011-10-25,11.189858
2011-10-26,11.311586
2011-10-27,11.555035
2011-10-28,11.615895
2011-10-31,11.476780
2011-11-01,11.146393
2011-11-02,11.215950
2011-11-03,11.320279
2011-11-04,11.276809
2011-11-07,11.311586
2011-11-08,11.494174
2011-11-09,11.146393
2011-11-10,11.102917
2011-11-11,11.224642
2011-11-14,11.094223
2011-11-15,11.215950
2011-11-16,11.172477
2011-11-17,11.059439
2011-11-18,11.076834
2011-11-21,10.902946
2011-11-22,10.885557
2011-11-23,10.633412
2011-11-25,10.694272
2011-11-28,10.850773
2011-11-29,10.833383
2011-11-30,11.181166
2011-12-01,11.163780
2011-12-02,11.207256
2011-12-05,11.311586
2011-12-06,11.363754
2011-12-07,11.398530
2011-12-08,11.172477
2011-12-09,11.285504
2011-12-12,11.259419
2011-12-13,11.224642
2011-12-14,11.215950
2011-12-15,11.259419
2011-12-16,11.346365
2011-12-19,11.215950
2011-12-20,11.433309
2011-12-21,11.546340
2011-12-22,11.554366
2011-12-23,11.554366
2011-12-27,11.598981
2011-12-28,11.423574
2011-12-29,11.432571
2011-12-30,11.387599
2012-01-03,11.522516
2012-01-04,11.513525
2012-01-05,11.432571
2012-01-06,11.531518
2012-01-09,11.585488
2012-01-10,11.639456
2012-01-11,11.675440
2012-01-12,11.711417
2012-01-13,11.747400
2012-01-17,11.756392
2012-01-18,11.783372
2012-01-19,11.873322
2012-01-20,11.990262
2012-01-23,12.035236
2012-01-24,12.044233
2012-01-25,12.143170
2012-01-26,12.224128
2012-01-27,12.206141
2012-01-30,12.152168
2012-01-31,12.233123
2012-02-01,12.278095
2012-02-02,12.350057
2012-02-03,12.413026
2012-02-06,12.368044
2012-02-07,12.386038
2012-02-08,12.296088
2012-02-09,12.260106
2012-02-10,12.224128
2012-02-13,12.359056
2012-02-14,12.296088
2012-02-15,12.296088
2012-02-16,12.341063
2012-02-17,12.449003
2012-02-21,12.431009
2012-02-22,12.314075
2012-02-23,12.466991
2012-02-24,12.484982
2012-02-27,12.511966
2012-02-28,12.511966
2012-02-29,12.431009
2012-03-01,12.413026
2012-03-02,12.457993
2012-03-05,12.592924
2012-03-06,12.431009
2012-03-07,12.547950
2012-03-08,12.413026
2012-03-09,12.440011
2012-03-12,12.475988
2012-03-13,12.592924
2012-03-14,12.431009
2012-03-15,12.529957
2012-03-16,12.475988
2012-03-19,12.520965
2012-03-20,12.520965
2012-03-21,12.556937
2012-03-22,12.475988
2012-03-23,12.520965
2012-03-26,12.599771
2012-03-27,12.516326
2012-03-28,12.488511
2012-03-29,12.516326
2012-03-30,12.534868
2012-04-02,12.646124
2012-04-03,12.609041
2012-04-04,12.553409
2012-04-05,12.497787
2012-04-09,12.488511
2012-04-10,12.367986
2012-04-11,12.479239
2012-04-12,12.581229
2012-04-13,12.553409
2012-04-16,12.571956
2012-04-17,12.636854
2012-04-18,12.655395
2012-04-19,12.655395
2012-04-20,12.720296
2012-04-23,12.729566
2012-04-24,12.803737
2012-04-25,12.859365
2012-04-26,12.933542
2012-04-27,12.979894
2012-04-30,12.979894
2012-05-01,12.998434
2012-05-02,12.970621
2012-05-03,13.054063
2012-05-04,12.979894
2012-05-07,12.942807
2012-05-08,12.998434
2012-05-09,13.026251
2012-05-10,13.118959
2012-05-11,13.137505
2012-05-14,13.063333
2012-05-15,13.026251
2012-05-16,13.007712
2012-05-17,12.720296
2012-05-18,12.618313
2012-05-21,12.868643
2012-05-22,12.905724
2012-05-23,12.961350
2012-05-24,12.989167
2012-05-25,13.035524
2012-05-29,13.118959
2012-05-30,12.989167
2012-05-31,12.998434
2012-06-01,12.822285
2012-06-04,12.785192
2012-06-05,12.970621
2012-06-06,13.137505
2012-06-07,13.026251
2012-06-08,13.137505
2012-06-11,13.091149
2012-06-12,13.174596
2012-06-13,13.174596
2012-06-14,13.267306
2012-06-15,13.322934
2012-06-18,13.322934
2012-06-19,13.390847
2012-06-20,13.333454
2012-06-21,13.276068
2012-06-22,13.352586
2012-06-25,13.304761
2012-06-26,13.304761
2012-06-27,13.429106
2012-06-28,13.467365
2012-06-29,13.572579
2012-07-02,13.716049
2012-07-03,13.773443
2012-07-05,13.802137
2012-07-06,13.849960
2012-07-09,13.869082
2012-07-10,13.821265
2012-07-11,13.744749
2012-07-12,13.735180
2012-07-13,13.811704
2012-07-16,13.945610
2012-07-17,14.031694
2012-07-18,13.849960
2012-07-19,13.821265
2012-07-20,13.916920
2012-07-23,13.955174
2012-07-24,14.002998
2012-07-25,14.031694
2012-07-26,13.955174
2012-07-27,14.089081
2012-07-30,14.117773
2012-07-31,14.098650
2012-08-01,14.041256
2012-08-02,14.022124
2012-08-03,14.012558
2012-08-06,13.840395
2012-08-07,13.716049
2012-08-08,13.763878
2012-08-09,13.897785
2012-08-10,13.907347
2012-08-13,14.031694
2012-08-14,14.079514
2012-08-15,14.050821
2012-08-16,13.974305
2012-08-17,14.012558
2012-08-20,14.079514
2012-08-21,14.041256
2012-08-22,14.041256
2012-08-23,14.041256
2012-08-24,14.136905
2012-08-27,14.194295
2012-08-28,14.242125
2012-08-29,14.299507
2012-08-30,14.280379
2012-08-31,14.356903
2012-09-04,14.442984
2012-09-05,14.462108
2012-09-06,14.519503
2012-09-07,14.538629
2012-09-10,14.605582
2012-09-11,14.672540
2012-09-12,14.739500
2012-09-13,14.768188
2012-09-14,14.854268
2012-09-17,14.787321
2012-09-18,14.729930
2012-09-19,14.749060
2012-09-20,14.844713
2012-09-21,14.940357
2012-09-24,14.930797
2012-09-25,14.829638
2012-09-26,14.731426
2012-09-27,14.741252
2012-09-28,14.760891
2012-10-01,14.780532
2012-10-02,14.918025
2012-10-03,14.878738
2012-10-04,14.839460
2012-10-05,14.809994
2012-10-08,14.780532
2012-10-09,14.584113
2012-10-10,14.377872
2012-10-11,14.407337
2012-10-12,14.220738
2012-10-15,13.945746
2012-10-16,14.112709
2012-10-17,14.358230
2012-10-18,14.446617
2012-10-19,14.358230
2012-10-22,14.289490
2012-10-23,14.171636
2012-10-24,14.309130
2012-10-25,14.309130
2012-10-26,14.210917
2012-10-31,14.505546
2012-11-01,14.485896
2012-11-02,14.368054
2012-11-05,14.328769
2012-11-06,14.073427
2012-11-07,13.710049
2012-11-08,13.749334
2012-11-09,13.739511
2012-11-12,13.749334
2012-11-13,13.327027
2012-11-14,12.875264
2012-11-15,13.169897
2012-11-16,13.670766
2012-11-19,13.729691
2012-11-20,13.680587
2012-11-21,13.729691
2012-11-23,13.867181
2012-11-26,13.906467
2012-11-27,13.867181
2012-11-28,13.896644
2012-11-29,14.004673
2012-11-30,14.063601
2012-12-03,14.024318
2012-12-04,13.994853
2012-12-05,13.906467
2012-12-06,13.935931
2012-12-07,13.985031
2012-12-10,14.093066
2012-12-11,14.034138
2012-12-12,13.906467
2012-12-13,13.837723
2012-12-14,13.739511
2012-12-17,13.808262
2012-12-18,13.906467
2012-12-19,14.069906
2012-12-20,14.120666
2012-12-21,14.049601
2012-12-24,14.008997
2012-12-26,14.008997
2012-12-27,13.907476
2012-12-28,13.836423
2012-12-31,13.877025
2013-01-02,14.313539
2013-01-03,14.425206
2013-01-04,14.638388
2013-01-07,14.628238
2013-01-08,14.668839
2013-01-09,14.699292
2013-01-10,14.760199
2013-01-11,14.831265
2013-01-14,14.790658
2013-01-15,14.841415
2013-01-16,14.902322
2013-01-17,14.983538
2013-01-18,15.054595
2013-01-22,15.166263
2013-01-23,15.145954
2013-01-24,15.054595
2013-01-25,15.085048
2013-01-28,15.125655
2013-01-29,15.196717
2013-01-30,15.206864
2013-01-31,15.237323
2013-02-01,15.277930
2013-02-04,15.196717
2013-02-05,15.237323
2013-02-06,15.288080
2013-02-07,15.085048
2013-02-08,15.166263
2013-02-11,15.227168
2013-02-12,15.328685
2013-02-13,15.440352
2013-02-14,15.430201
2013-02-15,15.389589
2013-02-19,15.450500
2013-02-20,15.267776
2013-02-21,15.105350
2013-02-22,15.206864
2013-02-25,15.105350
2013-02-26,15.227168
2013-02-27,15.379447
2013-02-28,15.460654
2013-03-01,15.430201
2013-03-04,15.501259
2013-03-05,15.612925
2013-03-06,15.511413
2013-03-07,15.562168
2013-03-08,15.592621
2013-03-11,15.704288
2013-03-12,15.805801
2013-03-13,15.846408
2013-03-14,15.927619
2013-03-15,16.029137
2013-03-18,16.039288
2013-03-19,15.836262
2013-03-20,15.856564
2013-03-21,15.927619
2013-03-22,16.079893
2013-03-25,16.020399
2013-03-26,16.145641
2013-03-27,16.229137
2013-03-28,16.323069
2013-04-01,16.250017
2013-04-02,16.208265
2013-04-03,16.009966
2013-04-04,16.187387
2013-04-05,16.260450
2013-04-08,16.333506
2013-04-09,16.291758
2013-04-10,16.302197
2013-04-11,16.302197
2013-04-12,16.270882
2013-04-15,15.842983
2013-04-16,16.103895
2013-04-17,15.832537
2013-04-18,15.842983
2013-04-19,15.916034
2013-04-22,16.020399
2013-04-23,16.145641
2013-04-24,16.156080
2013-04-25,16.145641
2013-04-26,16.187387
2013-04-29,16.375252
2013-04-30,16.427433
2013-05-01,16.250017
2013-05-02,16.291758
2013-05-03,15.863853
2013-05-06,15.905601
2013-05-07,16.041277
2013-05-08,16.197823
2013-05-09,16.093462
2013-05-10,15.905601
2013-05-13,15.634241
2013-05-14,15.571622
2013-05-15,15.582064
2013-05-16,15.749046
2013-05-17,15.832537
2013-05-20,15.613368
2013-05-21,15.425509
2013-05-22,15.195902
2013-05-23,15.185461
2013-05-24,15.112404
2013-05-28,14.621879
2013-05-29,14.663625
2013-05-30,14.653187
2013-05-31,14.329650
2013-06-03,14.204411
2013-06-04,14.392270
2013-06-05,14.214843
2013-06-06,14.517509
2013-06-07,14.329650
2013-06-10,14.183537
2013-06-11,13.985240
2013-06-12,13.776502
2013-06-13,14.434021
2013-06-14,14.402712
2013-06-17,14.193975
2013-06-18,14.319213
2013-06-19,13.922620
2013-06-20,13.442533
2013-06-21,13.494710
2013-06-24,13.129423
2013-06-25,13.379909
2013-06-26,13.561667
2013-06-27,13.790240
2013-06-28,13.779356
2013-07-01,13.746706
2013-07-02,13.637863
2013-07-03,13.496366
2013-07-05,13.006579
2013-07-08,13.158956
2013-07-09,13.202496
2013-07-10,13.071885
2013-07-11,13.648746
2013-07-12,13.518137
2013-07-15,13.648746
2013-07-16,13.550789
2013-07-17,13.692284
2013-07-18,13.616092
2013-07-19,13.648746
2013-07-22,13.648746
2013-07-23,13.714050
2013-07-24,13.333106
2013-07-25,13.322221
2013-07-26,13.398406
2013-07-29,13.420177
2013-07-30,13.648746
2013-07-31,13.507248
2013-08-01,13.278681
2013-08-02,13.409290
2013-08-05,13.322221
2013-08-06,13.278681
2013-08-07,13.289570
2013-08-08,13.496366
2013-08-09,13.463713
2013-08-12,13.539906
2013-08-13,13.300451
2013-08-14,13.300451
2013-08-15,13.039228
2013-08-16,12.788897
2013-08-19,12.244690
2013-08-20,12.625635
2013-08-21,12.538558
2013-08-22,12.658281
2013-08-23,13.028347
2013-08-26,13.006579
2013-08-27,13.039228
2013-08-28,12.908626
2013-08-29,13.093652
2013-08-30,13.017467
2013-09-03,12.963041
2013-09-04,13.061002
2013-09-05,12.941274
2013-09-06,13.126306
2013-09-09,13.224264
2013-09-10,13.061002
2013-09-11,13.191613
2013-09-12,13.213378
2013-09-13,13.343993
2013-09-16,13.365755
2013-09-17,13.376644
2013-09-18,13.899083
2013-09-19,13.714050
2013-09-20,13.485489
2013-09-23,13.594325
2013-09-24,13.595452
2013-09-25,13.651772
2013-09-26,13.617975
2013-09-27,13.595452
2013-09-30,13.505341
2013-10-01,13.651772
2013-10-02,13.606715
2013-10-03,13.516603
2013-10-04,13.471548
2013-10-07,13.471548
2013-10-08,13.313856
2013-10-09,13.336383
2013-10-10,13.460281
2013-10-11,13.482812
2013-10-14,13.415227
2013-10-15,13.370175
2013-10-16,13.471548
2013-10-17,13.786937
2013-10-18,13.854516
2013-10-21,13.764409
2013-10-22,13.978420
2013-10-23,14.102319
2013-10-24,14.113591
2013-10-25,14.147380
2013-10-28,14.102319
2013-10-29,13.617975
2013-10-30,13.516603
2013-10-31,13.561660
2013-11-01,13.651772
2013-11-04,13.561660
2013-11-05,13.482812
2013-11-06,13.516603
2013-11-07,13.358910
2013-11-08,13.099839
2013-11-11,12.930883
2013-11-12,13.032257
2013-11-13,13.212481
2013-11-14,13.381435
2013-11-15,13.336383
2013-11-18,13.223748
2013-11-19,13.111104
2013-11-20,13.043523
2013-11-21,13.077312
2013-11-22,13.054785
2013-11-25,13.099839
2013-11-26,12.964679
2013-11-27,13.122366
2013-11-29,13.122366
2013-12-02,12.930883
2013-12-03,12.897092
2013-12-04,12.919621
2013-12-05,12.806982
2013-12-06,12.795718
2013-12-09,12.998467
2013-12-10,13.144898
2013-12-11,13.099839
2013-12-12,13.043523
2013-12-13,13.054785
2013-12-16,12.987204
2013-12-17,13.189952
2013-12-18,13.336383
2013-12-19,13.201217
2013-12-20,13.426493
2013-12-23,13.505109
2013-12-24,13.493374
2013-12-26,13.493374
2013-12-27,13.446439
2013-12-30,13.399504
2013-12-31,13.516843
2014-01-02,13.610710
2014-01-03,13.692844
2014-01-06,13.774978
2014-01-07,13.845374
2014-01-08,13.833640
2014-01-09,13.763243
2014-01-10,13.915772
2014-01-13,13.962708
2014-01-14,13.927509
2014-01-15,13.950979
2014-01-16,13.962708
2014-01-17,13.974439
2014-01-21,14.126974
2014-01-22,14.232575
2014-01-23,14.326444
2014-01-24,14.232575
2014-01-27,14.080040
2014-01-28,14.150442
2014-01-29,14.138710
2014-01-30,14.197373
2014-01-31,14.302977
2014-02-03,14.197373
2014-02-04,14.267773
2014-02-05,14.373373
2014-02-06,14.302977
2014-02-07,14.443775
2014-02-10,14.549379
2014-02-11,14.561110
2014-02-12,14.572846
2014-02-13,14.701913
2014-02-14,14.643241
2014-02-18,14.819247
2014-02-19,14.701913
2014-02-20,14.654978
2014-02-21,14.596310
2014-02-24,14.678446
2014-02-25,14.713645
2014-02-26,14.795779
2014-02-27,14.842706
2014-02-28,14.913112
2014-03-03,14.971781
2014-03-04,15.053915
2014-03-05,15.100843
2014-03-06,14.995243
2014-03-07,14.784042
2014-03-10,14.807507
2014-03-11,14.784042
2014-03-12,14.960040
2014-03-13,15.053915
2014-03-14,15.030446
2014-03-17,15.042177
2014-03-18,15.136043
2014-03-19,14.901380
2014-03-20,14.889646
2014-03-21,15.077381
2014-03-24,14.960040
2014-03-25,14.883064
2014-03-26,14.773087
2014-03-27,14.773087
2014-03-28,14.846400
2014-03-31,14.980811
2014-04-01,15.066351
2014-04-02,15.029693
2014-04-03,14.956379
2014-04-04,14.968596
2014-04-07,14.956379
2014-04-08,14.956379
2014-04-09,15.017479
2014-04-10,14.956379
2014-04-11,14.931940
2014-04-14,14.919722
2014-04-15,14.944157
2014-04-16,14.980811
2014-04-17,14.968596
2014-04-21,15.041912
2014-04-22,15.115227
2014-04-23,15.115227
2014-04-24,15.139667
2014-04-25,15.151890
2014-04-28,15.212983
2014-04-29,15.041912
2014-04-30,15.237421
2014-05-01,15.286302
2014-05-02,15.200764
2014-05-05,15.249640
2014-05-06,15.151890
2014-05-07,15.286302
2014-05-08,15.127451
2014-05-09,15.115227
2014-05-12,15.139667
2014-05-13,15.127451
2014-05-14,15.200764
2014-05-15,15.176328
2014-05-16,15.212983
2014-05-19,15.310740
2014-05-20,15.237421
2014-05-21,15.274076
2014-05-22,15.322958
2014-05-23,15.408494
2014-05-27,15.530684
2014-05-28,15.494028
2014-05-29,15.494028
2014-05-30,15.591784
2014-06-02,15.542901
2014-06-03,15.432933
2014-06-04,15.457363
2014-06-05,15.628441
2014-06-06,15.726191
2014-06-09,15.726191
2014-06-10,15.652879
2014-06-11,15.579556
2014-06-12,15.579556
2014-06-13,15.665095
2014-06-16,15.640659
2014-06-17,15.542901
2014-06-18,15.616217
2014-06-19,15.689534
2014-06-20,15.689534
2014-06-23,15.665095
2014-06-24,15.605076
2014-06-25,15.630082
2014-06-26,15.780131
2014-06-27,15.792638
2014-06-30,15.805144
2014-07-01,15.705105
2014-07-02,15.680101
2014-07-03,15.555059
2014-07-07,15.505042
2014-07-08,15.617580
2014-07-09,15.630082
2014-07-10,15.667601
2014-07-11,15.680101
2014-07-14,15.730119
2014-07-15,15.717613
2014-07-16,15.680101
2014-07-17,15.642595
2014-07-18,15.717613
2014-07-21,15.755122
2014-07-22,15.817643
2014-07-23,15.830149
2014-07-24,15.792638
2014-07-25,15.792638
2014-07-28,15.817643
2014-07-29,15.780131
2014-07-30,15.592573
2014-07-31,15.455028
2014-08-01,15.492541
2014-08-04,15.480039
2014-08-05,15.517544
2014-08-06,15.605076
2014-08-07,15.680101
2014-08-08,15.755122
2014-08-11,15.805144
2014-08-12,15.755122
2014-08-13,15.767629
2014-08-14,15.805144
2014-08-15,15.955192
2014-08-18,15.942689
2014-08-19,15.942689
2014-08-20,15.967694
2014-08-21,16.055220
2014-08-22,15.980195
2014-08-25,16.005209
2014-08-26,16.067728
2014-08-27,16.080229
2014-08-28,16.067728
2014-08-29,16.117744
2014-09-02,16.092735
2014-09-03,16.067728
2014-09-04,15.980195
2014-09-05,16.130245
2014-09-08,16.105240
2014-09-09,16.005209
2014-09-10,15.880169
2014-09-11,15.967694
2014-09-12,15.617580
2014-09-15,15.567564
2014-09-16,15.630082
2014-09-17,15.605076
2014-09-18,15.480039
2014-09-19,15.530054
2014-09-22,15.417513
2014-09-23,15.367499
2014-09-24,15.353389
2014-09-25,15.353389
2014-09-26,15.366220
2014-09-29,15.314909
2014-09-30,15.122508
2014-10-01,15.225123
2014-10-02,15.148165
2014-10-03,15.199469
2014-10-06,15.289258
2014-10-07,15.340563
2014-10-08,15.558610
2014-10-09,15.481659
2014-10-10,15.430343
2014-10-13,15.468830
2014-10-14,15.520132
2014-10-15,15.455999
2014-10-16,15.532957
2014-10-17,15.532957
2014-10-20,15.674052
2014-10-21,15.751013
2014-10-22,15.674052
2014-10-23,15.674052
2014-10-24,15.699713
2014-10-27,15.751013
2014-10-28,15.853626
2014-10-29,15.648404
2014-10-30,15.802320
2014-10-31,15.866450
2014-11-03,15.853626
2014-11-04,15.751013
2014-11-05,15.815143
2014-11-06,15.789489
2014-11-07,15.904932
2014-11-10,15.917757
2014-11-11,15.943410
2014-11-12,15.956236
2014-11-13,15.981893
2014-11-14,16.007544
2014-11-17,16.046024
2014-11-18,16.071680
2014-11-19,15.994714
2014-11-20,16.046024
2014-11-21,16.007544
2014-11-24,16.110155
2014-11-25,16.135809
2014-11-26,16.238419
2014-11-28,16.238419
2014-12-01,16.135809
2014-12-02,16.238419
2014-12-03,16.251251
2014-12-04,16.225595
2014-12-05,16.058849
2014-12-08,15.866450
2014-12-09,16.071680
2014-12-10,15.904932
2014-12-11,16.020369
2014-12-12,15.866450
2014-12-15,15.622749
2014-12-16,15.507302
2014-12-17,15.763838
2014-12-18,15.827972
2014-12-19,15.981893
2014-12-22,16.007544
2014-12-23,15.904932
2014-12-24,15.830826
2014-12-26,15.952086
2014-12-29,16.005976
2014-12-30,15.979033
2014-12-31,15.776938
2015-01-02,16.059872
2015-01-05,15.952086
2015-01-06,15.938609
2015-01-07,15.952086
2015-01-08,15.952086
2015-01-09,15.871245
2015-01-12,15.857771
2015-01-13,15.669152
2015-01-14,15.655677
2015-01-15,15.642207
2015-01-16,15.763466
2015-01-20,15.561372
2015-01-21,15.615260
2015-01-22,15.884720
2015-01-23,15.790409
2015-01-26,15.925139
2015-01-27,15.857771
2015-01-28,15.776938
2015-01-29,15.776938
2015-01-30,15.723046
2015-02-02,15.615260
2015-02-03,15.776938
2015-02-04,15.601786
2015-02-05,15.736521
2015-02-06,15.601786
2015-02-09,15.655677
2015-02-10,15.588307
2015-02-11,15.601786
2015-02-12,15.763466
2015-02-13,15.817361
2015-02-17,15.803881
2015-02-18,15.790409
2015-02-19,15.830826
2015-02-20,15.884720
2015-02-23,15.938609
2015-02-24,15.884720
2015-02-25,15.925139
2015-02-26,15.884720
2015-02-27,16.005976
2015-03-02,16.005976
2015-03-03,15.965559
2015-03-04,15.992509
2015-03-05,15.925139
2015-03-06,15.642207
2015-03-09,15.682630
2015-03-10,15.628734
2015-03-11,15.588307
2015-03-12,15.709571
2015-03-13,15.723046
2015-03-16,15.803881
2015-03-17,15.898199
2015-03-18,16.127235
2015-03-19,16.100286
2015-03-20,16.235020
2015-03-23,16.302385
2015-03-24,16.221550
2015-03-25,16.181475
2015-03-26,16.181475
2015-03-27,16.140017
2015-03-30,16.153835
2015-03-31,16.153835
2015-04-01,16.209110
2015-04-02,16.236742
2015-04-06,16.333475
2015-04-07,16.292021
2015-04-08,16.333475
2015-04-09,16.250572
2015-04-10,16.374937
2015-04-13,16.374937
2015-04-14,16.402571
2015-04-15,16.361111
2015-04-16,16.402571
2015-04-17,16.361111
2015-04-20,16.388754
2015-04-21,16.361111
2015-04-22,16.374937
2015-04-23,16.374937
2015-04-24,16.388754
2015-04-27,16.374937
2015-04-28,16.319658
2015-04-29,16.167660
2015-04-30,16.057106
2015-05-01,16.126204
2015-05-04,16.153835
2015-05-05,15.960383
2015-05-06,15.836014
2015-05-07,15.918926
2015-05-08,16.015652
2015-05-11,15.891286
2015-05-12,15.946558
2015-05-13,15.877469
2015-05-14,16.001833
2015-05-15,16.098562
2015-05-18,16.126204
2015-05-19,16.153835
2015-05-20,16.153835
2015-05-21,16.140017
2015-05-22,16.084743
2015-05-26,16.015652
2015-05-27,16.098562
2015-05-28,16.112385
2015-05-29,16.098562
2015-06-01,16.126204
2015-06-02,16.029472
2015-06-03,15.918926
2015-06-04,15.849835
2015-06-05,15.642553
2015-06-08,15.559640
2015-06-09,15.490553
2015-06-10,15.490553
2015-06-11,15.684010
2015-06-12,15.670189
2015-06-15,15.587276
2015-06-16,15.601096
2015-06-17,15.684010
2015-06-18,15.780736
2015-06-19,15.808373
2015-06-22,15.739279
2015-06-23,15.697828
2015-06-24,15.606941
2015-06-25,15.464928
2015-06-26,15.266118
2015-06-29,15.053100
2015-06-30,15.024695
2015-07-01,15.166706
2015-07-02,15.195108
2015-07-06,15.294518
2015-07-07,15.592738
2015-07-08,15.493324
2015-07-09,15.322922
2015-07-10,15.450727
2015-07-13,15.436526
2015-07-14,15.464928
2015-07-15,15.507532
2015-07-16,15.493324
2015-07-17,15.507532
2015-07-20,15.464928
2015-07-21,15.436526
2015-07-22,15.408128
2015-07-23,15.251908
2015-07-24,15.081502
2015-07-27,15.081502
2015-07-28,15.180908
2015-07-29,15.308717
2015-07-30,15.393924
2015-07-31,15.408128
2015-08-03,15.422322
2015-08-04,15.379721
2015-08-05,15.251908
2015-08-06,15.195108
2015-08-07,15.038894
2015-08-10,15.010495
2015-08-11,15.152509
2015-08-12,15.237709
2015-08-13,15.237709
2015-08-14,15.393924
2015-08-17,15.493324
2015-08-18,15.450727
2015-08-19,15.450727
2015-08-20,15.393924
2015-08-21,15.109904
2015-08-24,14.641267
2015-08-25,14.584466
2015-08-26,14.754879
2015-08-27,15.024695
2015-08-28,14.939496
2015-08-31,14.882687
2015-09-01,14.740679
2015-09-02,14.797482
2015-09-03,14.825885
2015-09-04,14.683873
2015-09-08,14.797482
2015-09-09,14.655470
2015-09-10,14.627069
2015-09-11,14.825885
2015-09-14,14.840080
2015-09-15,14.854287
2015-09-16,14.925291
2015-09-17,15.195108
2015-09-18,15.152509
2015-09-21,15.337124
2015-09-22,15.195108
2015-09-23,15.294518
2015-09-24,15.266118
2015-09-25,15.063617
2015-09-28,14.626573
2015-09-29,14.335196
2015-09-30,14.480881
2015-10-01,14.510018
2015-10-02,14.611994
2015-10-05,14.947065
2015-10-06,14.947065
2015-10-07,15.121892
2015-10-08,15.151021
2015-10-09,15.121892
2015-10-12,15.165596
2015-10-13,15.034477
2015-10-14,14.932503
2015-10-15,14.990777
2015-10-16,14.976200
2015-10-19,14.961640
2015-10-20,15.005343
2015-10-21,14.932503
2015-10-22,14.976200
2015-10-23,14.961640
2015-10-26,14.903360
2015-10-27,14.539155
2015-10-28,14.655703
2015-10-29,14.495446
2015-10-30,14.466321
2015-11-02,14.713978
2015-11-03,14.699409
2015-11-04,14.582862
2015-11-05,14.480881
2015-11-06,14.437179
2015-11-09,14.306064
2015-11-10,14.437179
2015-11-11,14.451744
2015-11-12,14.233224
2015-11-13,14.276929
2015-11-16,14.349770
2015-11-17,14.233224
2015-11-18,14.393477
2015-11-19,14.393477
2015-11-20,14.378907
2015-11-23,14.393477
2015-11-24,14.422610
2015-11-25,14.437179
2015-11-27,14.597429
2015-11-30,14.582862
2015-12-01,14.582862
2015-12-02,14.364338
2015-12-03,14.306064
2015-12-04,14.276929
2015-12-07,14.145816
2015-12-08,14.043836
2015-12-09,14.000134
2015-12-10,14.058403
2015-12-11,13.781610
2015-12-14,13.446534
2015-12-15,13.708765
2015-12-16,14.145816
2015-12-17,14.247791
2015-12-18,14.276929
2015-12-21,14.393477
2015-12-22,14.582862
2015-12-23,14.641134
2015-12-24,14.639640
2015-12-28,14.549826
2015-12-29,14.460012
2015-12-30,14.340261
2015-12-31,14.310321
2016-01-04,14.415104
2016-01-05,14.579762
2016-01-06,14.639640
2016-01-07,14.340261
2016-01-08,14.175603
2016-01-11,14.160635
2016-01-12,13.936096
2016-01-13,13.561877
2016-01-14,13.457091
2016-01-15,13.142737
2016-01-19,12.813428
2016-01-20,12.573918
2016-01-21,12.529016
2016-01-22,13.008021
2016-01-25,12.618832
2016-01-26,13.052933
2016-01-27,12.978084
2016-01-28,13.142737
2016-01-29,13.561877
2016-02-01,13.472061
2016-02-02,13.442125
2016-02-03,13.591809
2016-02-04,13.561877
2016-02-05,13.457091
2016-02-08,13.247527
2016-02-09,13.037960
2016-02-10,13.022992
2016-02-11,12.708646
2016-02-12,12.933182
2016-02-16,13.247527
2016-02-17,13.472061
2016-02-18,13.531939
2016-02-19,13.487032
2016-02-22,13.666654
2016-02-23,13.681627
2016-02-24,13.696596
2016-02-25,13.936096
2016-02-26,13.921130
2016-02-29,13.906161
2016-03-01,13.891191
2016-03-02,13.995972
2016-03-03,14.265411
2016-03-04,14.310321
2016-03-07,14.400139
2016-03-08,14.175603
2016-03-09,14.220510
2016-03-10,14.115724
2016-03-11,14.474978
2016-03-14,14.325286
2016-03-15,14.205542
2016-03-16,14.400139
2016-03-17,14.609699
2016-03-18,14.639640
2016-03-21,14.699510
2016-03-22,14.729448
2016-03-23,14.458451
2016-03-24,14.489244
2016-03-28,14.520041
2016-03-29,14.674019
2016-03-30,14.704814
2016-03-31,14.889584
2016-04-01,14.843398
2016-04-04,14.735607
2016-04-05,14.720216
2016-04-06,14.781807
2016-04-07,14.766402
2016-04-08,14.781807
2016-04-11,14.966577
2016-04-12,14.951176
2016-04-13,15.043565
2016-04-14,15.012767
2016-04-15,15.043565
2016-04-18,15.043565
2016-04-19,15.151346
2016-04-20,15.105161
2016-04-21,14.935780
2016-04-22,14.935780
2016-04-25,15.058968
2016-04-26,15.058968
2016-04-27,15.166749
2016-04-28,15.105161
2016-04-29,15.135949
2016-05-02,15.120551
2016-05-03,14.935780
2016-05-04,15.089762
2016-05-05,15.274528
2016-05-06,15.490101
2016-05-09,15.736463
2016-05-10,15.751862
2016-05-11,15.798047
2016-05-12,15.844244
2016-05-13,15.782654
2016-05-16,15.875045
2016-05-17,15.721066
2016-05-18,15.505498
2016-05-19,15.459311
2016-05-20,15.597883
2016-05-23,15.597883
2016-05-24,15.659470
2016-05-25,15.674872
2016-05-26,15.782654
2016-05-27,15.721066
2016-05-31,15.767264
2016-06-01,15.890440
2016-06-02,15.952024
2016-06-03,15.967425
2016-06-06,15.952024
2016-06-07,15.967425
2016-06-08,16.044416
2016-06-09,16.106007
2016-06-10,15.998221
2016-06-13,15.798047
2016-06-14,15.721066
2016-06-15,15.782654
2016-06-16,15.859644
2016-06-17,15.813454
2016-06-20,15.921238
2016-06-21,15.832664
2016-06-22,15.785212
2016-06-23,15.848477
2016-06-24,15.801027
2016-06-27,15.547955
2016-06-28,15.943376
2016-06-29,16.069914
2016-06-30,16.228081
2016-07-01,16.196451
2016-07-05,16.069914
2016-07-06,16.196451
2016-07-07,15.990828
2016-07-08,16.085722
2016-07-11,16.243898
2016-07-12,16.307167
2016-07-13,16.307167
2016-07-14,16.228081
2016-07-15,16.259714
2016-07-18,16.386251
2016-07-19,16.496965
2016-07-20,16.576052
2016-07-21,16.544418
2016-07-22,16.639324
2016-07-25,16.591867
2016-07-26,16.655138
2016-07-27,16.655138
2016-07-28,16.734217
2016-07-29,16.797487
2016-08-01,16.876574
2016-08-02,16.686766
2016-08-03,16.860754
2016-08-04,16.908203
2016-08-05,17.098013
2016-08-08,17.066374
2016-08-09,17.256174
2016-08-10,17.208725
2016-08-11,17.113825
2016-08-12,17.098013
2016-08-15,17.003109
2016-08-16,16.892393
2016-08-17,16.892393
2016-08-18,16.908203
2016-08-19,16.924021
2016-08-22,16.939838
2016-08-23,17.098013
2016-08-24,17.018927
2016-08-25,17.034742
2016-08-26,16.860754
2016-08-29,16.924021
2016-08-30,16.971470
2016-08-31,16.987286
2016-09-01,16.924021
2016-09-02,17.208725
2016-09-06,17.271988
2016-09-07,17.366894
2016-09-08,17.271988
2016-09-09,16.623497
2016-09-12,16.813307
2016-09-13,16.607691
2016-09-14,16.670952
2016-09-15,16.781666
2016-09-16,16.655138
2016-09-19,16.860754
2016-09-20,16.908203
2016-09-21,17.082193
2016-09-22,17.256174
2016-09-23,17.129641
2016-09-26,17.150776
2016-09-27,17.150776
2016-09-28,17.150776
2016-09-29,17.053236
2016-09-30,17.085751
2016-10-03,16.874414
2016-10-04,16.500500
2016-10-05,16.419226
2016-10-06,16.289169
2016-10-07,16.354200
2016-10-10,16.467993
2016-10-11,16.435486
2016-10-12,16.581793
2016-10-13,16.744356
2016-10-14,16.630564
2016-10-17,16.598049
2016-10-18,16.695589
2016-10-19,16.760620
2016-10-20,16.809387
2016-10-21,16.858156
2016-10-24,17.020725
2016-10-25,17.215797
2016-10-26,17.183283
2016-10-27,16.939438
2016-10-28,16.955698
2016-10-31,17.085751
2016-11-01,16.776875
2016-11-02,16.744356
2016-11-03,16.825644
2016-11-04,16.955698
2016-11-07,17.077621
2016-11-08,17.158907
2016-11-09,17.049168
2016-11-10,16.821579
2016-11-11,16.951630
2016-11-14,16.837833
2016-11-15,16.963827
2016-11-16,16.967894
2016-11-17,17.008518
2016-11-18,17.077621
2016-11-21,17.240187
2016-11-22,17.390560
2016-11-23,17.191416
2016-11-25,17.313341
2016-11-28,17.402748
2016-11-29,17.565323
2016-11-30,17.325533
2016-12-01,17.065428
2016-12-02,17.032907
2016-12-05,17.370243
2016-12-06,17.447460
2016-12-07,17.610027
2016-12-08,17.691313
2016-12-09,17.776655
2016-12-12,17.601894
2016-12-13,17.341789
2016-12-14,17.187353
2016-12-15,16.854092
2016-12-16,17.191416
2016-12-19,17.479975
2016-12-20,17.451523
2016-12-21,17.461891
2016-12-22,17.478483
2016-12-23,17.470181
2016-12-27,17.383106
2016-12-28,17.337484
2016-12-29,17.553114
2016-12-30,17.441158
2017-01-03,17.739721
2017-01-04,17.893150
2017-01-05,17.930477
2017-01-06,17.905592
2017-01-09,17.810217
2017-01-10,17.872417
2017-01-11,17.942909
2017-01-12,17.864120
2017-01-13,17.884859
2017-01-17,17.893150
2017-01-18,17.926327
2017-01-19,17.810217
2017-01-20,17.851683
2017-01-23,17.959499
2017-01-24,17.992676
2017-01-25,17.947056
2017-01-26,17.971943
2017-01-27,17.918028
2017-01-30,17.806070
2017-01-31,17.677517
2017-02-01,17.718988
2017-02-02,17.859980
2017-02-03,17.947056
2017-02-06,18.067314
2017-02-07,18.038288
2017-02-08,18.067314
2017-02-09,18.092197
2017-02-10,18.191715
2017-02-13,18.287094
2017-02-14,18.229040
2017-02-15,18.212448
2017-02-16,18.448811
2017-02-17,18.382465
2017-02-21,18.477842
2017-02-22,18.523451
2017-02-23,18.598099
2017-02-24,18.598099
2017-02-27,18.593946
2017-02-28,18.681030
2017-03-01,18.622974
2017-03-02,18.593946
2017-03-03,18.647852
2017-03-06,18.614674
2017-03-07,18.581505
2017-03-08,18.270504
2017-03-09,18.137814
2017-03-10,18.353437
2017-03-13,18.266356
2017-03-14,18.212448
2017-03-15,18.531752
2017-03-16,18.585655
2017-03-17,18.743231
2017-03-20,18.768112
2017-03-21,18.743231
2017-03-22,18.797136
2017-03-23,18.826168
2017-03-24,18.770121
2017-03-27,18.889006
2017-03-28,19.024862
2017-03-29,19.237150
2017-03-30,19.266867
2017-03-31,19.228657
2017-04-03,19.271118
2017-04-04,19.351782
2017-04-05,19.258377
2017-04-06,19.368761
2017-04-07,19.343288
2017-04-10,19.445185
2017-04-11,19.585297
2017-04-12,19.576801
2017-04-13,19.648975
2017-04-17,19.878244
2017-04-18,19.882494
2017-04-19,19.810312
2017-04-20,19.653223
2017-04-21,19.725399
2017-04-24,19.742388
2017-04-25,19.823053
2017-04-26,19.988632
2017-04-27,20.200920
2017-04-28,19.920698
2017-05-01,20.090532
2017-05-02,19.721153
2017-05-03,19.491886
2017-05-04,19.419716
2017-05-05,19.530100
2017-05-08,19.402725
2017-05-09,19.071568
2017-05-10,19.160727
2017-05-11,19.169220
2017-05-12,19.105534
2017-05-15,19.198938
2017-05-16,19.181955
2017-05-17,19.160727
2017-05-18,19.139496
2017-05-19,19.228657
2017-05-22,19.440937
2017-05-23,19.564066
2017-05-24,19.670210
2017-05-25,19.695675
2017-05-26,19.678698
2017-05-30,19.615005
2017-05-31,19.627748
2017-06-01,19.814560
2017-06-02,19.852772
2017-06-05,19.708414
2017-06-06,19.678698
2017-06-07,19.678698
2017-06-08,19.899469
2017-06-09,19.963160
2017-06-12,20.022600
2017-06-13,20.116001
2017-06-14,20.222139
2017-06-15,20.302814
2017-06-16,20.417450
2017-06-19,20.536322
2017-06-20,20.370741
2017-06-21,20.277338
2017-06-22,20.425934
2017-06-23,20.510851
2017-06-26,20.557554
2017-06-27,20.265205
2017-06-28,20.304182
2017-06-29,20.148260
2017-06-30,20.087627
2017-07-03,20.347494
2017-07-05,20.373480
2017-07-06,20.204571
2017-07-07,19.992340
2017-07-10,20.035650
2017-07-11,20.113609
2017-07-12,20.247881
2017-07-13,20.018328
2017-07-14,20.187246
2017-07-17,20.152590
2017-07-18,19.814772
2017-07-19,19.914379
2017-07-20,19.983679
2017-07-21,20.096294
2017-07-24,20.018328
2017-07-25,19.927382
2017-07-26,19.962030
2017-07-27,20.001001
2017-07-28,19.992340
2017-07-31,20.139605
2017-08-01,20.230549
2017-08-02,20.247881
2017-08-03,20.208897
2017-08-04,20.200237
2017-08-07,20.230549
2017-08-08,20.299854
2017-08-09,20.438444
2017-08-10,20.291187
2017-08-11,20.252203
2017-08-14,20.399466
2017-08-15,20.386477
2017-08-16,20.412457
2017-08-17,20.273867
2017-08-18,20.364819
2017-08-21,20.364819
2017-08-22,20.473097
2017-08-23,20.386477
2017-08-24,20.447109
2017-08-25,20.399466
2017-08-28,20.429783
2017-08-29,20.230549
2017-08-30,20.252203
2017-08-31,20.395134
2017-09-01,20.468760
2017-09-05,20.174252
2017-09-06,20.200237
2017-09-07,20.169920
2017-09-08,20.152590
2017-09-11,20.304182
2017-09-12,20.334496
2017-09-13,20.143932
2017-09-14,20.165586
2017-09-15,20.269531
2017-09-18,20.351830
2017-09-19,20.425457
2017-09-20,20.390806
2017-09-21,20.377806
2017-09-22,20.542395
2017-09-25,20.581377
2017-09-26,20.695665
2017-09-27,20.704523
2017-09-28,20.770964
2017-09-29,20.748814
2017-10-02,20.877283
2017-10-03,20.877283
2017-10-04,20.908287
2017-10-05,21.001314
2017-10-06,20.744385
2017-10-09,20.801975
2017-10-10,20.775396
2017-10-11,20.815260
2017-10-12,20.850702
2017-10-13,20.934866
2017-10-16,20.943720
2017-10-17,20.974737
2017-10-18,21.023458
2017-10-19,21.058899
2017-10-20,21.027889
2017-10-23,20.819695
2017-10-24,20.784254
2017-10-25,20.571623
2017-10-26,20.128653
2017-10-27,20.385578
2017-10-30,20.186239
2017-10-31,20.133083
2017-11-01,20.221680
2017-11-02,19.920454
2017-11-03,19.867302
2017-11-06,19.566086
2017-11-07,19.676823
2017-11-08,19.831863
2017-11-09,19.787565
2017-11-10,19.685682
2017-11-13,19.827438
2017-11-14,19.951462
2017-11-15,19.791996
2017-11-16,19.916027
2017-11-17,19.969189
2017-11-20,20.221680
2017-11-21,20.372295
2017-11-22,20.496315
2017-11-24,20.376724
2017-11-27,20.301418
2017-11-28,20.323566
2017-11-29,20.332426
2017-11-30,20.212814
2017-12-01,20.274839
2017-12-04,20.465311
2017-12-05,20.425453
2017-12-06,20.390005
2017-12-07,20.491896
2017-12-08,20.483036
2017-12-11,20.474178
2017-12-12,20.469744
2017-12-13,20.567200
2017-12-14,20.598204
2017-12-15,20.793112
2017-12-18,20.722237
2017-12-19,20.308657
2017-12-20,20.441191
2017-12-21,20.582855
2017-12-22,20.564579
2017-12-26,20.614845
2017-12-27,20.655975
2017-12-28,20.857048
2017-12-29,20.655975
2018-01-02,20.450333
2018-01-03,20.171558
2018-01-04,20.212690
2018-01-05,20.290380
2018-01-08,20.372641
2018-01-09,20.198984
2018-01-10,20.135004
2018-01-11,20.290380
2018-01-12,20.148714
2018-01-16,20.034472
2018-01-17,20.061890
2018-01-18,19.879095
2018-01-19,20.016190
2018-01-22,20.016190
2018-01-23,20.157860
2018-01-24,20.107582
2018-01-25,20.025328
2018-01-26,19.911085
2018-01-29,19.454090
2018-01-30,19.476936
2018-01-31,19.239305
2018-02-01,19.253016
2018-02-02,18.992527
2018-02-05,18.576666
2018-02-06,18.832577
2018-02-07,18.745754
2018-02-08,18.544676
2018-02-09,18.658932
2018-02-12,18.864573
2018-02-13,19.042799
2018-02-14,19.088491
2018-02-15,19.403822
2018-02-16,19.550056
2018-02-20,19.152475
2018-02-21,18.987957
2018-02-22,18.946833
2018-02-23,19.202744
2018-02-26,19.285002
2018-02-27,18.864573
2018-02-28,18.617794
2018-03-01,18.677204
2018-03-02,18.828012
2018-03-05,19.024517
2018-03-06,19.161617
2018-03-07,19.166187
2018-03-08,19.243870
2018-03-09,19.339844
2018-03-12,19.586618
2018-03-13,19.582045
2018-03-14,19.641459
2018-03-15,19.508928
2018-03-16,19.687157
2018-03-19,19.559193
2018-03-20,19.540916
2018-03-21,19.536348
2018-03-22,19.458405
2018-03-23,19.327713
2018-03-26,19.500410
2018-03-27,19.575087
2018-03-28,19.659101
2018-03-29,19.827127
2018-04-02,19.654428
2018-04-03,19.794453
2018-04-04,19.864464
2018-04-05,19.864464
2018-04-06,19.869133
2018-04-09,19.789787
2018-04-10,19.817791
2018-04-11,19.785120
2018-04-12,19.677767
2018-04-13,19.547079
2018-04-16,19.687103
2018-04-17,19.743111
2018-04-18,19.724445
2018-04-19,19.659101
2018-04-20,19.612421
2018-04-23,19.645100
2018-04-24,19.677767
2018-04-25,19.719776
2018-04-26,19.878468
2018-04-27,19.957811
2018-04-30,19.883133
2018-05-01,19.901804
2018-05-02,19.845789
2018-05-03,19.943810
2018-05-04,20.195850
2018-05-07,20.303205
2018-05-08,20.046495
2018-05-09,20.065168
2018-05-10,20.279871
2018-05-11,20.307865
2018-05-14,20.293869
2018-05-15,20.256529
2018-05-16,20.237860
2018-05-17,20.214523
2018-05-18,20.335876
2018-05-21,20.503902
2018-05-22,20.489901
2018-05-23,20.555241
2018-05-24,20.415220
2018-05-25,20.447889
2018-05-29,20.578579
2018-05-30,20.695267
2018-05-31,20.457230
2018-06-01,20.466560
2018-06-04,20.536568
2018-06-05,20.527237
2018-06-06,20.531904
2018-06-07,20.564575
2018-06-08,20.671925
2018-06-11,20.695267
2018-06-12,20.625250
2018-06-13,20.522568
2018-06-14,20.667250
2018-06-15,20.625250
2018-06-18,20.793282
2018-06-19,20.872627
2018-06-20,20.909962
2018-06-21,20.923969
2018-06-22,20.881962
2018-06-25,20.881962
2018-06-26,20.822212
2018-06-27,20.587984
2018-06-28,20.874788
2018-06-29,20.769632
2018-07-02,20.893904
2018-07-03,21.132919
2018-07-05,21.233301
2018-07-06,21.300220
2018-07-09,21.257202
2018-07-10,21.218958
2018-07-11,21.309778
2018-07-12,21.238071
2018-07-13,21.175934
2018-07-16,21.142471
2018-07-17,21.175934
2018-07-18,21.123350
2018-07-19,21.257202
2018-07-20,21.309778
2018-07-23,21.257202
2018-07-24,21.209394
2018-07-25,21.257202
2018-07-26,21.242853
2018-07-27,21.266760
2018-07-30,21.462742
2018-07-31,21.496212
2018-08-01,21.338455
2018-08-02,21.453180
2018-08-03,21.328894
2018-08-06,21.281097
2018-08-07,21.061214
2018-08-08,21.042093
2018-08-09,21.123350
2018-08-10,21.061214
2018-08-13,21.132919
2018-08-14,21.147259
2018-08-15,21.233301
2018-08-16,21.333679
2018-08-17,21.462742
2018-08-20,21.515322
2018-08-21,21.577465
2018-08-22,21.505764
2018-08-23,21.510550
2018-08-24,21.481863
2018-08-27,21.520103
2018-08-28,21.553572
2018-08-29,21.606152
2018-08-30,21.639605
2018-08-31,21.577465
2018-09-04,21.567913
2018-09-05,21.754339
2018-09-06,21.821257
2018-09-07,21.696966
2018-09-10,21.739992
2018-09-11,21.716093
2018-09-12,21.448404
2018-09-13,21.500990
2018-09-14,21.457964
2018-09-17,21.429283
2018-09-18,21.343241
2018-09-19,21.228519
2018-09-20,21.281097
2018-09-21,21.386265
2018-09-24,21.257202
2018-09-25,21.242853
2018-09-26,21.096085
2018-09-27,21.189043
2018-09-28,21.311356
2018-10-01,21.237967
2018-10-02,21.242861
2018-10-03,21.179260
2018-10-04,20.973776
2018-10-05,20.851461
2018-10-08,21.042273
2018-10-09,21.115660
2018-10-10,20.866144
2018-10-11,20.533453
2018-10-12,20.425829
2018-10-15,20.645985
2018-10-16,20.915066
2018-10-17,20.919956
2018-10-18,20.782972
2018-10-19,20.753614
2018-10-22,20.709587
2018-10-23,20.553030
2018-10-24,20.709587
2018-10-25,20.880817
2018-10-26,20.616632
2018-10-29,20.670450
2018-10-30,20.827005
2018-10-31,20.885712
2018-11-01,20.827005
2018-11-02,20.871037
2018-11-05,20.944418
2018-11-06,21.086296
2018-11-07,21.154793
2018-11-08,21.140123
2018-11-09,21.296679
2018-11-12,21.169472
2018-11-13,21.267321
2018-11-14,21.164577
2018-11-15,20.968882
2018-11-16,21.105871
2018-11-19,21.052055
2018-11-20,20.871037
2018-11-21,20.939524
2018-11-23,20.934637
2018-11-26,21.081409
2018-11-27,21.086296
2018-11-28,21.262432
2018-11-29,21.365166
2018-11-30,21.316250
2018-12-03,21.418983
2018-12-04,21.164577
2018-12-06,21.335815
2018-12-07,21.277113
2018-12-10,21.169472
2018-12-11,21.120552
2018-12-12,21.022703
2018-12-13,20.973776
2018-12-14,21.037380
2018-12-17,20.353256
2018-12-18,20.483564
2018-12-19,20.313156
2018-12-20,19.651594
2018-12-21,19.621519
2018-12-24,19.265678
2018-12-26,20.052544
2018-12-27,20.147774
2018-12-28,20.248013
2018-12-31,20.017462
2019-01-02,20.167816
2019-01-03,20.293116
2019-01-04,20.573778
2019-01-07,20.759214
2019-01-08,20.724131
2019-01-09,20.849428
2019-01-10,20.859455
2019-01-11,21.024849
2019-01-14,21.079979
2019-01-15,21.090002
2019-01-16,21.205278
2019-01-17,21.270424
2019-01-18,21.280453
2019-01-22,21.245371
2019-01-23,21.375683
2019-01-24,21.455868
2019-01-25,21.556107
2019-01-28,21.576157
2019-01-29,21.656345
2019-01-30,21.731524
2019-01-31,21.866844
2019-02-01,21.806702
2019-02-04,21.942019
2019-02-05,21.942019
2019-02-06,21.911949
2019-02-07,21.871851
2019-02-08,21.866844
2019-02-11,21.901930
2019-02-12,21.916964
2019-02-13,21.821733
2019-02-14,21.631279
2019-02-15,21.636297
2019-02-19,21.666370
2019-02-20,21.541073
2019-02-21,21.571142
2019-02-22,21.706461
2019-02-25,21.661362
2019-02-26,21.656345
2019-02-27,21.616243
2019-02-28,21.666370
2019-03-01,21.611237
2019-03-04,21.666370
2019-03-05,21.651335
2019-03-06,21.571142
2019-03-07,21.511002
2019-03-08,21.556107
2019-03-11,21.826746
2019-03-12,21.811714
2019-03-13,21.901930
2019-03-14,21.916964
2019-03-15,21.921982
2019-03-18,22.022211
2019-03-19,21.871851
2019-03-20,21.819891
2019-03-21,21.957441
2019-03-22,21.768944
2019-03-25,21.824987
2019-03-26,21.947258
2019-03-27,21.967634
2019-03-28,22.130661
2019-03-29,22.079712
2019-04-01,22.212168
2019-04-02,22.151033
2019-04-03,22.115374
2019-04-04,22.232546
2019-04-05,22.273306
2019-04-08,22.334442
2019-04-09,22.222363
2019-04-10,22.288591
2019-04-11,22.298782
2019-04-12,22.314064
2019-04-15,22.278404
2019-04-16,22.278404
2019-04-17,22.258020
2019-04-18,22.247833
2019-04-22,22.314064
2019-04-23,22.451620
2019-04-24,22.604454
2019-04-25,22.359909
2019-04-26,22.538223
2019-04-29,22.436337
2019-04-30,22.487278
2019-05-01,22.390478
2019-05-02,22.268211
2019-05-03,22.339529
2019-05-06,22.298782
2019-05-07,22.217266
2019-05-08,22.079712
2019-05-09,21.921787
2019-05-10,22.084806
2019-05-13,21.860645
2019-05-14,21.972725
2019-05-15,21.972725
2019-05-16,22.033865
2019-05-17,21.830076
2019-05-20,21.677242
2019-05-21,21.743475
2019-05-22,21.733286
2019-05-23,21.687433
2019-05-24,21.799507
2019-05-28,21.605921
2019-05-29,21.417425
2019-05-30,21.208544
2019-05-31,21.004766
2019-06-03,21.381763
2019-06-04,21.554977
2019-06-05,21.427612
2019-06-06,21.544788
2019-06-07,21.422520
2019-06-10,21.458183
2019-06-11,21.437801
2019-06-12,21.534601
2019-06-13,21.651775
2019-06-14,21.712906
2019-06-17,21.656481
2019-06-18,21.708731
2019-06-19,21.902039
2019-06-20,21.860247
2019-06-21,21.766199
2019-06-24,21.839348
2019-06-25,21.781866
2019-06-26,21.713957
2019-06-27,21.860247
2019-06-28,22.037886
2019-07-01,22.006542
2019-07-02,21.969963
2019-07-03,22.116262
2019-07-05,22.241648
2019-07-08,22.236423
2019-07-09,22.267769
2019-07-10,22.330473
2019-07-11,22.340923
2019-07-12,22.429743
2019-07-15,22.450638
2019-07-16,22.461088
2019-07-17,22.440195
2019-07-18,22.419291
2019-07-19,22.361818
2019-07-22,22.476763
2019-07-23,22.581261
2019-07-24,22.544682
2019-07-25,22.440195
2019-07-26,22.549904
2019-07-29,22.591707
2019-07-30,22.670076
2019-07-31,22.544682
2019-08-01,22.419291
2019-08-02,22.445406
2019-08-05,21.928167
2019-08-06,22.189405
2019-08-07,22.351366
2019-08-08,22.680523
2019-08-09,22.502886
2019-08-12,22.257322
2019-08-13,22.194624
2019-08-14,21.604227
2019-08-15,21.630358
2019-08-16,21.828897
2019-08-19,22.011759
2019-08-20,21.928167
2019-08-21,21.855024
2019-08-22,21.860247
2019-08-23,21.557207
2019-08-26,21.646030
2019-08-27,21.181030
2019-08-28,21.086988
2019-08-29,21.134007
2019-08-30,21.107893
2019-09-03,21.081764
2019-09-04,21.191481
2019-09-05,21.379570
2019-09-06,21.395239
2019-09-09,21.593786
2019-09-10,21.834124
2019-09-11,22.011759
2019-09-12,21.928167
2019-09-13,22.022213
2019-09-16,22.022213
2019-09-17,22.079681
2019-09-18,22.126703
2019-09-19,22.252094
2019-09-20,22.382715
2019-09-23,22.461088
2019-09-24,22.294479
2019-09-25,22.476044
2019-09-26,22.529440
2019-09-27,22.449337
2019-09-30,22.497400
2019-10-01,22.251760
2019-10-02,22.118259
2019-10-03,22.193026
2019-10-04,22.326523
2019-10-07,22.347878
2019-10-08,22.225060
2019-10-09,22.331860
2019-10-10,22.460022
2019-10-11,22.582838
2019-10-14,22.497400
2019-10-15,22.550800
2019-10-16,22.582838
2019-10-17,22.694983
2019-10-18,22.791098
2019-10-21,23.031399
2019-10-22,23.020720
2019-10-23,23.106155
2019-10-24,22.903242
2019-10-25,22.764399
2019-10-28,22.860523
2019-10-29,22.983332
2019-10-30,22.903242
2019-10-31,23.111498
2019-11-01,23.170244
2019-11-04,23.100817
2019-11-05,22.988680
2019-11-06,23.106155
2019-11-07,23.180920
2019-11-08,23.282372
2019-11-11,23.239656
2019-11-12,23.202282
2019-11-13,23.164898
2019-11-14,23.068781
2019-11-15,23.090141
2019-11-18,23.180920
2019-11-19,23.159554
2019-11-20,23.207623
2019-11-21,23.084801
2019-11-22,23.122175
2019-11-25,23.266359
2019-11-26,23.303740
2019-11-27,23.383833
2019-11-29,23.447912
2019-12-02,23.485296
2019-12-03,23.469280
2019-12-04,23.511997
2019-12-05,23.490641
2019-12-06,23.624147
2019-12-09,23.677536
2019-12-10,23.613457
2019-12-11,23.560057
2019-12-12,23.581417
2019-12-13,23.720263
2019-12-16,23.673346
2019-12-17,23.973362
2019-12-18,23.995178
2019-12-19,24.082451
2019-12-20,24.164268
2019-12-23,24.153360
2019-12-24,24.278812
2019-12-26,24.442463
2019-12-27,24.464279
2019-12-30,24.284271
2019-12-31,24.289722
2020-01-02,24.311546
2020-01-03,24.311546
2020-01-06,24.349730
2020-01-07,24.409729
2020-01-08,24.338821
2020-01-09,24.426096
2020-01-10,24.535185
2020-01-13,24.698828
2020-01-14,24.742460
2020-01-15,24.807920
2020-01-16,24.922468
2020-01-17,24.960655
2020-01-21,25.064291
2020-01-22,25.075197
2020-01-23,25.113388
2020-01-24,24.998842
2020-01-27,24.873377
2020-01-28,25.086111
2020-01-29,25.271570
2020-01-30,25.260664
2020-01-31,25.151567
2020-02-03,25.282478
2020-02-04,25.364302
2020-02-05,25.587942
2020-02-06,25.707947
2020-02-07,25.653397
2020-02-10,25.582495
2020-02-11,25.566126
2020-02-12,25.746130
2020-02-13,25.969770
2020-02-14,26.073412
2020-02-18,26.182508
2020-02-19,26.187958
2020-02-20,26.373413
2020-02-21,26.117048
2020-02-24,25.729761
2020-02-25,24.998842
2020-02-26,24.895205
2020-02-27,23.727892
2020-02-28,23.040606
2020-03-02,24.431553
2020-03-03,24.082451
2020-03-04,24.557014
2020-03-05,24.000626
2020-03-06,23.455162
2020-03-09,21.409649
2020-03-10,21.796936
2020-03-11,20.564175
2020-03-12,16.964079
2020-03-13,17.640463
2020-03-16,15.213127
2020-03-17,13.991277
2020-03-18,10.729372
2020-03-19,10.838466
2020-03-20,10.914830
2020-03-23,9.742072
2020-03-24,8.891140
2020-03-25,10.791420
2020-03-26,13.038196
2020-03-27,12.716410
2020-03-30,11.515447
2020-03-31,10.745449
2020-04-01,9.429564
2020-04-02,9.176728
2020-04-03,8.303304
2020-04-06,9.222700
2020-04-07,9.768593
2020-04-08,11.613132
2020-04-09,12.681929
2020-04-13,12.469321
2020-04-14,12.279694
2020-04-15,11.572909
2020-04-16,11.274104
2020-04-17,12.164768
2020-04-20,11.584401
2020-04-21,11.980890
2020-04-22,11.779774
2020-04-23,11.705071
2020-04-24,11.584401
2020-04-27,11.848725
2020-04-28,12.532533
2020-04-29,13.193342
2020-04-30,12.681929
2020-05-01,12.354394
2020-05-04,12.360141
2020-05-05,12.658947
2020-05-06,12.268199
2020-05-07,12.521038
2020-05-08,12.825584
2020-05-11,12.314171
2020-05-12,11.917683
2020-05-13,11.302834
2020-05-14,11.877458
2020-05-15,11.716567
2020-05-18,12.492304
2020-05-19,12.492304
2020-05-20,12.980735
2020-05-21,12.871559
2020-05-22,12.986482
2020-05-26,13.440433
2020-05-27,13.750731
2020-05-28,13.428942
2020-05-29,13.032449
2020-06-01,13.463417
2020-06-02,13.451926
2020-06-03,14.216175
2020-06-04,14.859747
2020-06-05,15.336688
2020-06-08,16.733027
2020-06-09,15.871089
2020-06-10,15.124075
2020-06-11,13.992071
2020-06-12,14.934449
2020-06-15,15.047307
2020-06-16,15.241279
2020-06-17,15.017915
2020-06-18,14.917994
2020-06-19,14.588834
2020-06-22,14.535933
2020-06-23,14.853341
2020-06-24,14.236164
2020-06-25,14.700518
2020-06-26,14.183264
2020-06-29,14.594712
2020-06-30,14.612345
2020-07-01,14.394865
2020-07-02,14.130363
2020-07-06,14.347843
2020-07-07,13.912881
2020-07-08,14.095097
2020-07-09,13.666011
2020-07-10,14.012802
2020-07-13,13.948147
2020-07-14,14.236164
2020-07-15,14.941506
2020-07-16,14.882726
2020-07-17,14.841582
2020-07-20,14.759293
2020-07-21,15.017915
2020-07-22,15.276545
2020-07-23,15.088451
2020-07-24,14.847463
2020-07-27,14.988525
2020-07-28,15.158985
2020-07-29,15.388222
2020-07-30,15.370586
2020-07-31,15.294172
2020-08-03,15.335326
2020-08-04,15.247154
2020-08-05,15.535168
2020-08-06,15.452880
2020-08-07,15.617455
2020-08-10,16.064177
2020-08-11,16.005400
2020-08-12,15.893721
2020-08-13,15.676242
2020-08-14,15.899596
2020-08-17,15.758528
2020-08-18,15.605702
2020-08-19,15.582194
2020-08-20,15.582194
2020-08-21,15.494022
2020-08-24,15.952494
2020-08-25,15.846696
2020-08-26,15.599826
2020-08-27,15.793797
2020-08-28,15.946618
2020-08-31,15.629211
2020-09-01,15.723259
2020-09-02,15.735016
2020-09-03,15.517535
2020-09-04,15.523412
2020-09-08,15.499903
2020-09-09,15.682118
2020-09-10,15.476393
2020-09-11,15.364712
2020-09-14,15.893721
2020-09-15,15.817303
2020-09-16,16.064177
2020-09-17,16.046539
2020-09-18,15.940746
2020-09-21,15.411733
2020-09-22,15.464633
2020-09-23,14.905818
2020-09-24,14.887830
2020-09-25,15.265574
2020-09-28,15.733253
2020-09-29,15.463432
2020-09-30,15.445446
2020-10-01,15.613333
2020-10-02,15.847175
2020-10-05,15.943107
2020-10-06,15.793210
2020-10-07,15.877152
2020-10-08,16.308859
2020-10-09,16.051035
2020-10-12,16.140972
2020-10-13,16.027052
2020-10-14,16.003065
2020-10-15,16.051035
2020-10-16,15.895142
2020-10-19,15.619328
2020-10-20,15.721257
2020-10-21,15.571359
2020-10-22,15.763229
2020-10-23,16.021057
2020-10-26,15.619328
2020-10-27,15.589351
2020-10-28,15.181628
2020-10-29,15.535384
2020-10-30,15.391484
2020-11-02,15.763229
2020-11-03,15.925120
2020-11-04,15.805200
2020-11-05,16.063028
2020-11-06,15.823188
2020-11-09,16.638638
2020-11-10,17.406109
2020-11-11,17.034363
2020-11-12,16.758553
2020-11-13,17.220236
2020-11-16,17.795841
2020-11-17,17.969723
2020-11-18,17.873789
2020-11-19,17.843807
2020-11-20,17.939743
2020-11-23,18.401426
2020-11-24,18.953051
2020-11-25,18.737200
2020-11-27,18.713217
2020-11-30,18.197565
2020-12-01,18.389439
2020-12-02,18.605288
2020-12-03,18.683239
2020-12-04,19.060976
2020-12-07,18.797155
2020-12-08,19.007011
2020-12-09,18.893095
2020-12-10,18.827139
2020-12-11,18.755186
2020-12-14,18.806427
2020-12-15,19.129728
2020-12-16,19.117533
2020-12-17,19.288330
2020-12-18,19.062630
2020-12-21,18.971128
2020-12-22,18.971128
2020-12-23,19.392029
2020-12-24,19.306627
2020-12-28,19.440832
2020-12-29,19.196821
2020-12-30,19.318830
2020-12-31,19.434729
2021-01-04,18.843027
2021-01-05,18.806427
2021-01-06,19.288330
2021-01-07,19.251728
2021-01-08,19.337128
2021-01-11,19.141924
2021-01-12,19.294428
2021-01-13,19.221233
2021-01-14,19.410330
2021-01-15,19.245630
2021-01-19,19.294428
2021-01-20,19.544537
2021-01-21,19.739738
2021-01-22,19.812931
2021-01-25,19.855631
2021-01-26,19.782434
2021-01-27,19.227329
2021-01-28,19.477430
2021-01-29,18.971128
2021-02-01,19.306627
2021-02-02,19.715332
2021-02-03,19.629934
2021-02-04,19.941034
2021-02-05,20.172834
2021-02-08,20.331438
2021-02-09,20.191133
2021-02-10,20.313141
2021-02-11,20.264336
2021-02-12,20.368040
2021-02-16,20.727938
2021-02-17,20.319241
2021-02-18,19.922731
2021-02-19,20.514441
2021-02-22,20.666943
2021-02-23,20.514441
2021-02-24,21.209846
2021-02-25,20.477837
2021-02-26,20.618139
2021-03-01,20.929243
2021-03-02,21.032940
2021-03-03,20.984144
2021-03-04,20.575443
2021-03-05,20.660837
2021-03-08,21.106144
2021-03-09,21.136646
2021-03-10,21.478243
2021-03-11,21.636848
2021-03-12,21.880846
2021-03-15,22.069946
2021-03-16,21.838150
2021-03-17,22.130945
2021-03-18,21.624649
2021-03-19,21.832050
2021-03-22,21.850349
2021-03-23,21.392843
2021-03-24,21.337942
2021-03-25,21.695293
2021-03-26,21.906231
2021-03-29,21.558802
2021-03-30,22.011694
2021-03-31,21.875202
2021-04-01,22.110960
2021-04-05,22.036512
2021-04-06,22.024101
2021-04-07,21.986876
2021-04-08,22.141977
2021-04-09,22.073734
2021-04-12,22.204023
2021-04-13,22.315691
2021-04-14,22.266058
2021-04-15,22.290884
2021-04-16,22.402552
2021-04-19,22.098549
2021-04-20,21.918636
2021-04-21,22.197815
2021-04-22,22.148182
2021-04-23,22.545237
2021-04-26,22.433571
2021-04-27,22.694134
2021-04-28,22.855434
2021-04-29,22.861639
2021-04-30,22.874046
2021-05-03,22.911266
2021-05-04,22.601072
2021-05-05,22.749968
2021-05-06,22.582462
2021-05-07,22.762375
2021-05-10,22.508013
2021-05-11,22.210226
2021-05-12,21.459543
2021-05-13,22.048918
2021-05-14,22.495607
2021-05-17,22.582462
2021-05-18,22.563850
2021-05-19,22.650705
2021-05-20,22.737562
2021-05-21,22.687925
2021-05-24,22.787193
2021-05-25,22.588663
2021-05-26,22.812000
2021-05-27,22.849230
2021-05-28,22.948500
2021-06-01,23.233881
2021-06-02,23.227674
2021-06-03,23.171835
2021-06-04,23.295918
2021-06-07,23.637138
2021-06-08,23.959743
2021-06-09,24.127247
2021-06-10,24.019535
2021-06-11,23.843151
2021-06-14,23.761259
2021-06-15,23.496677
2021-06-16,23.685665
2021-06-17,23.301405
2021-06-18,22.942335
2021-06-21,23.458883
2021-06-22,23.439989
2021-06-23,23.458883
2021-06-24,23.729761
2021-06-25,23.754953
2021-06-28,23.559673
2021-06-29,23.320307
2021-06-30,23.383293
2021-07-01,23.496677
2021-07-02,23.345497
2021-07-06,23.206909
2021-07-07,22.967533
2021-07-08,22.671467
2021-07-09,23.383293
2021-07-12,23.521877
2021-07-13,22.784855
2021-07-14,22.463585
2021-07-15,22.583273
2021-07-16,22.545479
2021-07-19,22.016327
2021-07-20,22.621071
2021-07-21,22.961235
2021-07-22,22.558081
2021-07-23,22.532875
2021-07-26,22.759653
2021-07-27,22.671467
2021-07-28,22.747061
2021-07-29,23.087225
2021-07-30,22.791149
2021-08-02,22.652563
2021-08-03,22.709263
2021-08-04,22.469885
2021-08-05,22.772257
2021-08-06,22.854145
2021-08-09,22.702965
2021-08-10,22.866739
2021-08-11,22.980135
2021-08-12,22.973831
2021-08-13,23.049421
2021-08-16,22.929741
2021-08-17,22.822645
2021-08-18,22.652563
2021-08-19,22.337597
2021-08-20,22.684059
2021-08-23,22.904539
2021-08-24,23.188015
2021-08-25,23.276199
2021-08-26,23.030527
2021-08-27,23.421089
2021-08-30,23.313995
2021-08-31,23.395891
2021-09-01,23.528175
2021-09-02,23.465193
2021-09-03,23.358101
2021-09-07,23.093521
2021-09-08,22.923439
2021-09-09,22.992733
2021-09-10,22.709263
2021-09-13,22.967533
2021-09-14,22.866739
2021-09-15,22.980135
2021-09-16,22.973831
2021-09-17,22.967533
2021-09-20,22.772257
2021-09-21,22.885643
2021-09-22,23.213209
2021-09-23,23.295103
2021-09-24,23.263433
2021-09-27,23.466108
2021-09-28,23.130428
2021-09-29,23.124094
2021-09-30,22.915083
2021-10-01,23.244431
2021-10-04,23.225431
2021-10-05,23.352102
2021-10-06,23.276102
2021-10-07,23.352102
2021-10-08,23.402773
2021-10-11,23.415445
2021-10-12,23.649786
2021-10-13,23.732122
2021-10-14,23.820793
2021-10-15,23.732122
2021-10-18,23.789125
2021-10-19,23.890469
2021-10-20,24.055141
2021-10-21,24.093142
2021-10-22,24.036135
2021-10-25,24.181814
2021-10-26,23.998135
2021-10-27,23.789125
2021-10-28,23.820793
2021-10-29,23.770124
2021-11-01,24.175482
2021-11-02,23.820793
2021-11-03,24.017132
2021-11-04,23.941132
2021-11-05,24.308481
2021-11-08,24.124811
2021-11-09,24.124811
2021-11-10,23.960136
2021-11-11,24.080475
2021-11-12,23.960136
2021-11-15,23.852461
2021-11-16,23.700451
2021-11-17,23.497782
2021-11-18,23.409109
2021-11-19,23.358437
2021-11-22,23.333107
2021-11-23,23.415445
2021-11-24,23.497782
2021-11-26,22.978418
2021-11-29,22.959421
2021-11-30,22.376728
2021-12-01,22.022047
2021-12-02,22.756750
2021-12-03,22.503399
2021-12-06,23.041758
2021-12-07,23.269766
2021-12-08,23.301437
2021-12-09,23.143093
2021-12-10,22.820080
2021-12-13,22.500237
2021-12-14,22.088169
2021-12-15,22.251690
2021-12-16,22.035841
2021-12-17,21.865786
2021-12-20,21.368685
2021-12-21,22.271307
2021-12-22,22.513319
2021-12-23,22.683382
2021-12-27,22.781488
2021-12-28,22.774952
2021-12-29,22.774952
2021-12-30,22.722624
2021-12-31,22.572184
2022-01-03,23.016953
2022-01-04,23.095446
2022-01-05,22.683382
2022-01-06,22.755327
2022-01-07,22.873064
2022-01-10,22.846901
2022-01-11,23.082363
2022-01-12,23.095446
2022-01-13,22.984253
2022-01-14,22.905766
2022-01-18,22.559103
2022-01-19,22.277855
2022-01-20,21.885403
2022-01-21,21.532204
2022-01-24,21.499500
2022-01-25,21.780752
2022-01-26,21.636860
2022-01-27,21.434095
2022-01-28,21.636860
2022-01-31,22.160116
2022-02-01,22.088169
2022-02-02,21.937727
2022-02-03,21.532204
2022-02-04,21.492964
2022-02-07,21.551826
2022-02-08,21.761133
2022-02-09,21.898491
2022-02-10,21.479877
2022-02-11,21.250952
2022-02-14,21.048189
2022-02-15,21.421013
2022-02-16,21.532204
2022-02-17,21.022024
2022-02-18,21.192085
2022-02-22,20.642660
2022-02-23,20.224052
2022-02-24,20.590336
2022-02-25,20.819260
2022-02-28,20.786558
2022-03-01,20.596876
2022-03-02,20.982779
2022-03-03,20.878128
2022-03-04,20.760391
2022-03-07,20.407192
2022-03-08,20.786558
2022-03-09,20.897751
2022-03-10,20.943535
2022-03-11,20.838879
2022-03-14,20.616495
2022-03-15,20.799641
2022-03-16,21.015480
2022-03-17,21.041643
2022-03-18,21.192085
2022-03-21,20.976238
2022-03-22,21.257496
2022-03-23,21.074350
2022-03-24,21.153204
2022-03-25,21.389772
2022-03-28,21.416061
2022-03-29,21.843199
2022-03-30,21.547489
2022-03-31,21.468630
2022-04-01,21.626343
2022-04-04,21.573776
2022-04-05,21.166348
2022-04-06,20.844355
2022-04-07,20.469788
2022-04-08,20.574923
2022-04-11,20.535501
2022-04-12,20.588070
2022-04-13,20.837780
2022-04-14,20.804926
2022-04-18,20.653778
2022-04-19,20.154362
2022-04-20,20.515783
2022-04-21,20.331787
2022-04-22,19.904648
2022-04-25,19.930933
2022-04-26,19.359226
2022-04-27,19.444654
2022-04-28,20.009787
2022-04-29,19.444654
2022-05-02,19.516939
2022-05-03,20.312071
2022-05-04,20.647213
2022-05-05,20.233213
2022-05-06,20.220072
2022-05-09,19.576082
2022-05-10,19.615505
2022-05-11,19.418369
2022-05-12,19.221226
2022-05-13,19.792938
2022-05-16,19.806076
2022-05-17,19.944075
2022-05-18,19.418369
2022-05-19,19.227797
2022-05-20,19.188372
2022-05-23,19.530079
2022-05-24,19.562939
2022-05-25,19.602365
2022-05-26,19.944075
2022-05-27,20.239784
2022-05-31,20.134647
2022-06-01,20.180647
2022-06-02,20.298929
2022-06-03,20.101789
2022-06-06,20.003218
2022-06-07,20.200357
2022-06-08,19.832361
2022-06-09,19.739006
2022-06-10,19.309170
2022-06-13,17.509218
2022-06-14,17.133112
2022-06-15,17.112961
2022-06-16,16.118956
2022-06-17,16.716702
2022-06-21,17.280865
2022-06-22,17.442053
2022-06-23,17.811447
2022-06-24,18.402477
2022-06-27,18.335308
2022-06-28,18.207706
2022-06-29,17.925623
2022-06-30,17.959206
2022-07-01,18.422625
2022-07-05,18.570381
2022-07-06,18.234571
2022-07-07,18.489786
2022-07-08,18.503223
2022-07-11,18.301733
2022-07-12,18.214422
2022-07-13,18.395758
2022-07-14,18.039801
2022-07-15,18.429340
2022-07-18,18.389046
2022-07-19,19.027086
2022-07-20,19.181559
2022-07-21,19.362898
2022-07-22,19.262152
2022-07-25,19.383045
2022-07-26,19.349461
2022-07-27,19.873331
2022-07-28,20.531523
2022-07-29,20.558390
2022-08-01,20.612120
2022-08-02,19.940493
2022-08-03,20.041237
2022-08-04,19.886768
2022-08-05,19.873331
2022-08-08,20.182278
2022-08-09,20.088251
2022-08-10,20.269587
2022-08-11,20.262875
2022-08-12,20.491224
2022-08-15,20.471073
2022-08-16,20.491224
2022-08-17,20.236006
2022-08-18,20.182278
2022-08-19,19.953924
2022-08-22,19.430063
2022-08-23,19.618111
2022-08-24,19.678558
2022-08-25,19.940493
2022-08-26,19.651693
2022-08-29,19.550951
2022-08-30,19.094250
2022-08-31,19.087536
2022-09-01,18.704712
2022-09-02,18.624111
2022-09-06,18.637545
2022-09-07,18.886042
2022-09-08,18.926346
2022-09-09,19.188272
2022-09-12,19.383045
2022-09-13,18.792017
2022-09-14,18.886042
2022-09-15,18.429340
2022-09-16,18.415911
2022-09-19,18.570381
2022-09-20,18.288301
2022-09-21,18.120394
2022-09-22,17.482353
2022-09-23,16.837593
2022-09-26,15.665285
2022-09-27,15.271755
2022-09-28,15.561728
2022-09-29,14.588254
2022-09-30,14.457077
2022-10-03,14.657294
2022-10-04,15.796467
2022-10-05,15.057732
2022-10-06,14.602062
2022-10-07,14.270670
2022-10-10,13.780480
2022-10-11,14.691815
2022-10-12,14.574445
2022-10-13,14.816086
2022-10-14,14.436367
2022-10-17,14.774664
2022-10-18,15.016306
2022-10-19,14.781567
2022-10-20,14.588254
2022-10-21,14.740144
2022-10-24,14.726337
2022-10-25,15.554822
2022-10-26,15.768846
2022-10-27,15.844791
2022-10-28,16.397114
2022-10-31,16.279747
2022-11-01,16.272844
2022-11-02,15.830984
2022-11-03,15.451262
2022-11-04,16.038107
2022-11-07,16.231417
2022-11-08,16.265936
2022-11-09,16.217611
2022-11-10,17.342972
2022-11-11,17.612230
2022-11-14,17.225601
2022-11-15,17.377493
2022-11-16,16.949438
2022-11-17,16.645664
2022-11-18,16.742317
2022-11-21,16.977057
2022-11-22,17.177273
2022-11-23,17.280836
2022-11-25,17.474146
2022-11-28,17.170370
2022-11-29,17.239408
2022-11-30,17.612230
2022-12-01,17.612230
2022-12-02,17.481050
2022-12-05,17.059908
2022-12-06,16.790646
2022-12-07,16.949438
2022-12-08,17.087523
2022-12-09,17.066807
2022-12-12,17.156557
2022-12-13,17.309332
2022-12-14,17.237272
2022-12-15,16.920197
2022-12-16,16.502235
2022-12-19,16.531061
2022-12-20,16.480618
2022-12-21,16.855339
2022-12-22,16.776075
2022-12-23,16.804899
2022-12-27,16.761660
2022-12-28,16.206779
2022-12-29,16.523855
2022-12-30,16.350903
2023-01-03,16.646360
2023-01-04,16.985052
2023-01-05,16.898577
2023-01-06,17.186827
2023-01-09,17.201241
2023-01-10,17.446247
2023-01-11,17.799355
2023-01-12,18.051573
2023-01-13,18.181282
2023-01-17,18.138048
2023-01-18,18.130840
2023-01-19,17.993921
2023-01-20,18.296579
2023-01-23,18.368645
2023-01-24,18.246140
2023-01-25,18.217316
2023-01-26,18.426296
2023-01-27,18.757784
2023-01-30,18.476738
2023-01-31,18.937937
2023-02-01,19.327072
2023-02-02,19.492815
2023-02-03,19.319866
2023-02-06,18.685722
2023-02-07,18.880291
2023-02-08,18.613657
2023-02-09,18.008333
2023-02-10,18.109224
2023-02-13,18.368645
2023-02-14,18.224522
2023-02-15,18.296579
2023-02-16,18.217316
2023-02-17,18.181282
2023-02-21,17.554344
2023-02-22,17.676847
2023-02-23,17.799355
2023-02-24,17.532724
2023-02-27,17.424633
2023-02-28,17.374187
2023-03-01,17.013880
2023-03-02,16.934610
2023-03-03,17.201241
2023-03-06,17.287714
2023-03-07,16.985052
2023-03-08,16.905785
2023-03-09,16.271637
2023-03-10,15.558223
2023-03-13,15.442926
2023-03-14,15.673521
2023-03-15,15.176290
2023-03-16,15.205119
2023-03-17,14.693476
2023-03-20,14.837598
2023-03-21,15.183498
2023-03-22,14.808773
2023-03-23,14.524243
2023-03-24,14.923459
2023-03-27,15.170248
2023-03-28,15.148473
2023-03-29,15.366227
2023-03-30,15.489623
2023-03-31,15.852546
2023-04-03,15.721893
2023-04-04,15.721893
2023-04-05,15.816254
2023-04-06,15.787218
2023-04-10,15.562208
2023-04-11,15.700114
2023-04-12,15.671084
2023-04-13,15.721893
2023-04-14,15.569467
2023-04-17,15.896098
2023-04-18,15.700114
2023-04-19,15.910617
2023-04-20,15.823514
2023-04-21,15.859807
2023-04-24,15.816254
2023-04-25,15.424296
2023-04-26,15.453332
2023-04-27,15.932395
2023-04-28,16.084818
2023-05-01,15.700114
2023-05-02,15.177506
2023-05-03,15.206543
2023-05-04,14.858136
2023-05-05,15.279127
2023-05-08,15.308161
2023-05-09,15.112183
2023-05-10,15.162990
2023-05-11,15.206543
2023-05-12,15.119442
2023-05-15,15.264610
2023-05-16,15.017818
2023-05-17,15.460588
2023-05-18,15.649307
2023-05-19,15.533174
2023-05-22,15.671084
2023-05-23,15.656569
2023-05-24,15.271866
2023-05-25,14.930716
2023-05-26,15.446073
2023-05-30,15.671084
2023-05-31,15.562208
2023-06-01,15.881579
2023-06-02,16.309832
2023-06-05,16.193701
2023-06-06,16.534847
2023-06-07,16.696985
2023-06-08,16.763922
2023-06-09,16.674669
2023-06-12,16.979603
2023-06-13,17.165537
2023-06-14,17.143223
2023-06-15,17.388655
2023-06-16,17.232473
2023-06-20,17.091160
2023-06-21,17.232473
2023-06-22,16.920103
2023-06-23,16.600294
2023-06-26,16.927542
2023-06-27,17.247347
2023-06-28,17.373785
2023-06-29,17.492785
2023-06-30,17.552284
2023-07-03,17.477911
2023-07-05,17.225035
2023-07-06,16.853168
2023-07-07,17.210159
2023-07-10,17.559723
2023-07-11,17.715904
2023-07-12,17.797716
2023-07-13,18.065462
2023-07-14,17.946465
2023-07-17,18.080338
2023-07-18,18.348085
2023-07-19,18.586082
2023-07-20,18.348085
2023-07-21,18.199337
2023-07-24,18.377834
2023-07-25,18.355524
2023-07-26,18.593519
2023-07-27,18.162153
2023-07-28,18.504269
2023-07-31,18.266273
2023-08-01,18.005964
2023-08-02,17.857218
2023-08-03,17.574593
2023-08-04,17.931589
2023-08-07,17.909277
2023-08-08,17.916716
2023-08-09,17.805157
2023-08-10,17.797716
2023-08-11,17.738220
2023-08-14,17.492785
2023-08-15,17.277098
2023-08-16,17.113476
2023-08-17,16.845728
2023-08-18,16.890352
2023-08-21,16.815979
2023-08-22,16.793667
2023-08-23,17.210159
2023-08-24,17.195288
2023-08-25,17.262224
2023-08-28,17.723341
2023-08-29,17.968775
2023-08-30,17.894403
2023-08-31,17.931589
2023-09-01,18.072901
2023-09-05,17.872089
2023-09-06,17.715904
2023-09-07,17.708467
2023-09-08,17.790279
2023-09-11,17.953901
2023-09-12,17.857218
2023-09-13,17.864656
2023-09-14,18.124960
2023-09-15,18.191895
2023-09-18,18.139837
2023-09-19,18.102650
2023-09-20,17.916716
2023-09-21,17.277098
2023-09-22,17.410973
2023-09-25,17.284534
2023-09-26,16.896605
2023-09-27,16.805151
2023-09-28,16.957579
2023-09-29,17.026171
2023-10-02,16.530781
2023-10-03,16.012524
2023-10-04,15.806750
2023-10-05,16.096365
2023-10-06,16.050631
2023-10-09,16.401217
2023-10-10,16.492674
2023-10-11,16.751801
2023-10-12,16.431704
2023-10-13,16.164955
2023-10-16,16.431704
2023-10-17,16.446943
2023-10-18,15.959180
2023-10-19,15.486650
2023-10-20,15.326608
2023-10-23,15.128448
2023-10-24,15.036991
2023-10-25,14.518733
2023-10-26,14.724513
2023-10-27,14.564466
2023-10-30,14.724513
2023-10-31,15.113203
2023-11-01,15.494272
2023-11-02,16.119226
2023-11-03,16.515535
2023-11-06,16.271654
2023-11-07,16.363110
2023-11-08,16.469810
2023-11-09,16.103983
2023-11-10,16.225927
2023-11-13,16.233545
2023-11-14,17.041414
2023-11-15,17.216703
2023-11-16,16.843260
2023-11-17,16.980444
2023-11-20,17.087139
2023-11-21,16.980444
2023-11-22,17.041414
2023-11-24,16.942335
2023-11-27,16.881365
2023-11-28,17.026171
2023-11-29,17.292919
2023-11-30,17.315783
2023-12-01,17.834038
2023-12-04,17.910254
2023-12-05,17.734959
2023-12-06,17.292919
2023-12-07,17.521557
2023-12-08,17.620640
2023-12-11,17.628258
2023-12-12,17.757824
2023-12-13,18.458992
2023-12-14,19.076323
2023-12-15,18.748606
2023-12-18,18.657145
2023-12-19,18.992485
2023-12-20,18.718061
2023-12-21,19.051182
2023-12-22,18.995661
2023-12-26,19.257399
2023-12-27,19.225672
2023-12-28,19.154287
2023-12-29,18.710133
2024-01-02,18.630819
2024-01-03,18.202522
2024-01-04,18.131144
2024-01-05,18.273903
2024-01-08,18.718061
2024-01-09,18.567364
2024-01-10,18.757715
2024-01-11,18.654612
2024-01-12,18.662540
2024-01-16,18.400810
2024-01-17,18.131144
2024-01-18,18.273903
2024-01-19,18.448395
2024-01-22,18.440464
2024-01-23,18.488050
2024-01-24,18.400810
2024-01-25,18.575296
2024-01-26,18.638750
2024-01-29,18.876686
2024-01-30,18.503916
2024-01-31,17.948719
2024-02-01,18.154936
2024-02-02,17.790092
2024-02-05,17.568014
2024-02-06,17.599737
2024-02-07,17.092129
2024-02-08,17.123856
2024-02-09,17.266621
2024-02-12,17.520426
2024-02-13,16.838327
2024-02-14,17.036608
2024-02-15,17.639393
2024-02-16,17.528357
2024-02-20,17.377661
2024-02-21,17.401453
2024-02-22,17.449039
2024-02-23,17.512493
2024-02-26,17.401453
2024-02-27,17.449039
2024-02-28,17.306278
2024-02-29,17.718708
2024-03-01,17.877335
2024-03-04,17.512493
2024-03-05,17.607668
2024-03-06,17.694916
2024-03-07,17.845612
2024-03-08,17.885265
2024-03-11,17.996305
2024-03-12,18.043894
2024-03-13,18.123207
2024-03-14,17.671122
2024-03-15,17.845612
2024-03-18,17.805952
2024-03-19,17.805952
2024-03-20,18.123207
2024-03-21,18.312952
2024-03-22,18.113640
2024-03-25,18.233231
2024-03-26,17.962162
2024-03-27,18.360790
2024-03-28,18.528214
2024-04-01,18.265121
2024-04-02,18.017973
2024-04-03,18.065807
2024-04-04,17.978107
2024-04-05,17.978107
2024-04-08,18.073780
2024-04-09,18.241201
2024-04-10,17.372196
2024-04-11,17.563534
2024-04-12,17.348274
2024-04-15,17.101128
2024-04-16,16.917759
2024-04-17,17.005457
2024-04-18,17.148958
2024-04-19,17.372196
2024-04-22,17.515699
2024-04-23,17.826630
2024-04-24,17.667179
2024-04-25,17.523672
2024-04-26,17.738930
2024-04-29,17.770821
2024-04-30,17.404085
2024-05-01,17.722986
2024-05-02,17.858521
2024-05-03,17.938244
2024-05-06,18.129585
2024-05-07,18.025942
2024-05-08,18.002024
2024-05-09,18.137558
2024-05-10,18.153503
2024-05-13,18.161476
2024-05-14,18.496326
2024-05-15,18.576046
2024-05-16,18.560102
2024-05-17,18.584021
2024-05-20,18.424574
2024-05-21,18.336872
2024-05-22,18.121611
2024-05-23,17.611372
2024-05-24,17.691097
2024-05-28,17.579481
2024-05-29,17.372196
2024-05-30,17.651232
2024-05-31,17.922300
2024-06-03,18.121611
2024-06-04,17.938244
2024-06-05,18.153503
2024-06-06,17.954189
2024-06-07,17.810686
2024-06-10,17.738930
2024-06-11,17.561762
2024-06-12,17.912832
2024-06-13,18.051632
2024-06-14,18.027136
2024-06-17,18.214920
2024-06-18,18.100618
2024-06-20,18.141439
2024-06-21,18.157766
2024-06-24,18.272072
2024-06-25,18.108780
2024-06-26,18.084288
2024-06-27,17.929161
2024-06-28,18.092453
2024-07-01,17.880175
2024-07-02,18.157766
2024-07-03,18.125111
2024-07-05,18.125111
2024-07-08,18.223083
2024-07-09,18.329224
2024-07-10,18.647638
2024-07-11,19.178328
2024-07-12,19.243641
2024-07-15,19.366108
2024-07-16,19.774332
2024-07-17,19.798826
2024-07-18,19.537561
2024-07-19,19.504902
2024-07-22,19.586552
2024-07-23,19.725346
2024-07-24,18.990541
2024-07-25,18.990541
2024-07-26,19.276304
2024-07-29,19.259970
2024-07-30,19.406929
2024-07-31,19.251810
2024-08-01,18.990541
2024-08-02,18.835419
2024-08-05,18.231249
2024-08-06,18.541498
2024-08-07,18.623142
2024-08-08,18.843584
2024-08-09,18.819088
2024-08-12,18.517006
2024-08-13,18.704788
2024-08-14,18.786432
2024-08-15,18.941557
2024-08-16,19.039530
2024-08-19,19.194654
2024-08-20,19.047695
2024-08-21,19.121174
2024-08-22,18.998707
2024-08-23,19.300795
2024-08-26,19.464083
2024-08-27,19.406929
2024-08-28,19.431421
2024-08-29,19.545727
2024-08-30,19.611046
2024-09-03,19.423262
2024-09-04,19.170162
2024-09-05,19.325289
2024-09-06,19.251810
2024-09-09,19.276304
2024-09-10,19.341616
2024-09-11,19.210983
2024-09-12,19.390602
2024-09-13,19.676359
2024-09-16,19.904961
2024-09-17,19.929455
2024-09-18,20.027431
2024-09-19,20.190722
2024-09-20,20.011101
2024-09-23,19.774332
2024-09-24,19.929455
2024-09-25,19.528696
2024-09-26,19.628887
2024-09-27,19.745775
2024-09-30,19.812569
2024-10-01,19.420156
2024-10-02,19.294922
2024-10-03,19.294922
2024-10-04,19.253172
2024-10-07,18.977652
2024-10-08,19.111240
2024-10-09,19.086193
2024-10-10,19.111240
2024-10-11,19.036097
2024-10-14,19.261522
2024-10-15,19.378412
2024-10-16,19.637238
2024-10-17,19.545395
2024-10-18,19.628887
2024-10-21,19.219778
2024-10-22,19.052795
2024-10-23,19.061142
2024-10-24,19.186382
2024-10-25,19.002699
2024-10-28,18.902512
2024-10-29,18.860765
2024-10-30,19.077845
2024-10-31,18.718828
2024-11-01,18.618641
2024-11-04,18.677084
2024-11-05,18.777269
2024-11-06,18.793970
2024-11-07,19.027748
2024-11-08,19.278223
2024-11-11,19.336666
2024-11-12,18.935905
2024-11-13,18.935905
2024-11-14,18.919209
2024-11-15,18.894159
2024-11-18,18.952606
2024-11-19,19.052795
2024-11-20,18.885813
2024-11-21,19.102890
2024-11-22,19.169682
2024-11-25,19.353367
2024-11-26,19.261522
2024-11-27,19.403460
2024-11-29,19.395109
2024-12-02,19.386763
2024-12-03,19.144638
2024-12-04,19.111240
2024-12-05,19.086193
2024-12-06,19.244823
2024-12-09,19.361713
2024-12-10,19.345013
2024-12-11,19.303270
2024-12-12,19.303270
2024-12-13,19.286572
2024-12-16,19.319965
2024-12-17,18.982479
2024-12-18,18.331800
2024-12-19,18.253721
2024-12-20,18.600752
2024-12-23,18.461941
2024-12-24,18.661480
2024-12-26,18.583397
2024-12-27,18.392536
2024-12-30,18.219019
2024-12-31,18.522671
2025-01-02,18.618101
2025-01-03,18.982479
2025-01-06,18.782940
2025-01-07,18.618101
2025-01-08,18.496643
2025-01-10,18.071533
2025-01-13,18.088882
2025-01-14,18.401209
2025-01-15,18.687508
2025-01-16,18.887051
2025-01-17,19.051886
2025-01-21,19.086590
2025-01-22,18.878374
2025-01-23,18.843670
2025-01-24,18.930429
2025-01-27,19.234079
2025-01-28,19.129969
2025-01-29,18.930429
2025-01-30,19.355537
2025-01-31,19.416269
2025-02-03,19.268780
2025-02-04,19.589783
2025-02-05,19.633163
2025-02-06,19.893433
2025-02-07,19.737268
2025-02-10,19.763298
2025-02-11,19.928135
2025-02-12,19.763298
2025-02-13,19.980190
2025-02-14,20.188408
2025-02-18,20.188408
2025-02-19,20.223108
2025-02-20,20.318542
2025-02-21,20.119003
2025-02-24,20.101652
2025-02-25,20.275166
2025-02-26,20.344572
2025-02-27,20.301193
2025-02-28,20.552790
2025-03-03,20.092974
2025-03-04,19.858730
2025-03-05,20.058273
2025-03-06,19.893433
2025-03-07,20.335897
2025-03-10,20.101652
2025-03-11,19.676540
2025-03-12,19.771973
2025-03-13,19.667864
2025-03-14,20.084301
2025-03-17,20.205761
2025-03-18,20.251091
2025-03-19,20.268524
2025-03-20,20.224937
2025-03-21,20.024433
2025-03-24,20.033148
2025-03-25,19.841360
2025-03-26,19.649574
2025-03-27,19.640856
2025-03-28,19.292149
2025-03-31,19.562397
2025-04-01,19.492657
2025-04-02,19.466503
2025-04-03,18.995750
2025-04-04,18.062962
2025-04-07,17.252220
2025-04-08,16.912231
2025-04-09,17.871172
2025-04-10,16.668140
2025-04-11,16.781467
2025-04-14,17.191196
2025-04-15,17.278374
2025-04-16,17.069151
2025-04-17,17.382984
2025-04-21,17.112738
2025-04-22,17.740406
2025-04-23,17.836302
2025-04-24,17.958351
2025-04-25,18.176291
2025-04-28,18.490126
2025-04-29,18.673197
2025-04-30,18.559868
2025-05-01,18.463972
2025-05-02,18.524996
2025-05-05,18.402950
2025-05-06,18.176291
2025-05-07,18.272182
2025-05-08,18.463972
2025-05-09,18.437820
2025-05-12,18.821396
2025-05-13,18.978315
2025-05-14,18.838833
2025-05-15,19.074209
2025-05-16,19.170103
2025-05-19,19.004467
2025-05-20,18.926006
2025-05-21,18.089115
2025-05-22,18.106552
2025-05-23,18.141420
2025-05-27,18.411669
2025-05-28,18.411669
2025-05-29,18.559868
2025-05-30,18.350643
2025-06-02,18.115269
2025-06-03,18.420383
2025-06-04,18.437820
2025-06-05,18.498842
2025-06-06,18.690632
2025-06-09,18.847549
2025-06-10,19.013184
2025-06-11,18.995750
2025-06-12,19.117798
2025-06-13,18.812679
2025-06-16,18.812679
2025-06-17,18.553379
2025-06-18,18.759031
2025-06-20,18.714321
2025-06-23,18.794798
2025-06-24,18.946800
2025-06-25,18.821621
2025-06-26,19.063040
2025-06-27,18.982563
2025-06-30,19.116684
2025-07-01,19.349161
2025-07-02,19.626347
2025-07-03,19.653170
2025-07-07,19.438576
2025-07-08,19.581636
2025-07-09,19.724699
2025-07-10,19.796230
2025-07-11,19.662111
2025-07-14,19.608461
2025-07-15,19.375988
2025-07-16,19.608461
2025-07-17,19.438576
2025-07-18,19.349161
2025-07-21,19.384926
2025-07-22,19.724699
2025-07-23,19.921412
2025-07-24,19.885643
2025-07-25,19.983999
2025-07-28,19.831997
2025-07-29,19.894587
2025-07-30,19.590578
2025-07-31,19.358101
2025-08-01,19.429636
2025-08-04,19.760466
2025-08-05,19.769407
2025-08-06,19.527992
2025-08-07,19.662111
2025-08-08,19.715759
2025-08-11,19.474342
2025-08-12,19.787289
2025-08-13,20.082355
2025-08-14,19.948236
2025-08-15,19.903528
2025-08-18,19.787289
2025-08-19,19.903528
2025-08-20,20.037647
2025-08-21,19.733641
2025-08-22,20.323772
2025-08-25,20.180714
2025-08-26,20.225418
2025-08-27,20.216476
2025-08-28,20.216476
2025-08-29,20.413187
2025-09-02,20.243299
2025-09-03,20.538366
2025-09-04,20.878139
2025-09-05,21.083794
2025-09-08,21.030144
2025-09-09,20.967554
2025-09-10,20.878139
2025-09-11,20.851315
2025-09-12,20.699312
2025-09-15,20.708254
2025-09-16,20.446400
2025-09-17,20.565010
2025-09-18,20.501143
2025-09-19,20.327791
2025-09-22,19.935467
2025-09-23,20.063202
2025-09-24,19.971962
2025-09-25,19.944593
2025-09-26,20.054075
2025-09-29,19.935467
2025-09-30,20.044952
2025-10-01,20.291294
2025-10-02,20.327791
2025-10-03,20.400782
2025-10-06,20.008459
2025-10-07,20.072325
2025-10-08,20.282169
2025-10-09,19.990210
2025-10-10,19.789488
2025-10-13,20.026707
2025-10-14,20.190933
2025-10-15,20.200056
2025-10-16,19.871601
2025-10-17,20.035828
2025-10-20,20.263922
2025-10-21,20.172688
2025-10-22,20.391657
2025-10-23,20.236555
2025-10-24,20.373409
2025-10-27,20.446400
2025-10-28,20.282169
2025-10-29,20.072325
2025-10-30,19.908098
2025-10-31,19.944593
2025-11-03,19.981087
2025-11-04,20.154438
2025-11-05,20.282169
2025-11-06,20.063202
2025-11-07,20.245676
2025-11-10,20.072325
2025-11-11,20.355164
2025-11-12,20.200056
2025-11-13,20.127066
2025-11-14,20.090574
2025-11-17,19.844233
2025-11-18,19.908098
2025-11-19,19.844233
2025-11-20,19.771240
2025-11-21,20.181810
2025-11-24,20.181810
2025-11-25,20.692743
2025-11-26,20.884342
2025-11-28,20.902590
2025-12-01,20.866095
2025-12-02,20.820477
2025-12-03,20.984705
2025-12-04,20.884342
2025-12-05,20.975578
2025-12-08,20.811350
2025-12-09,20.637999
2025-12-10,20.811350
2025-12-11,20.756609
2025-12-12,20.710991
2025-12-15,20.783979
2025-12-16,20.559744
2025-12-17,20.843586
2025-12-18,20.994972
2025-12-19,21.023354
2025-12-22,21.203121
2025-12-23,20.947662
2025-12-24,21.127432
2025-12-26,21.089584
2025-12-29,20.947662
2025-12-30,20.966585
2025-12-31,20.985508
2026-01-02,21.354506
2026-01-05,21.363966
2026-01-06,21.458582
2026-01-07,21.231506
2026-01-08,21.524809
2026-01-09,21.780272
2026-01-12,21.742422
2026-01-13,21.647810
2026-01-14,21.941116
2026-01-15,22.300652
2026-01-16,22.735876
2026-01-20,22.206038
2026-01-21,22.310112
2026-01-22,22.300652
2026-01-23,22.253345
2026-01-26,22.234421
2026-01-27,22.575033
2026-01-28,22.470959
2026-01-29,22.461494
2026-01-30,21.534273
2026-02-02,21.354506
2026-02-03,21.591042
2026-02-04,21.761349
2026-02-05,21.524809
2026-02-06,21.524809
2026-02-09,21.288275
2026-02-10,21.363966
2026-02-11,21.496426
2026-02-12,21.468042
2026-02-13,21.562658
2026-02-17,21.449120
2026-02-18,21.439657
2026-02-19,21.392349
2026-02-20,21.420734
2026-02-23,21.146353
2026-02-24,21.222044
2026-02-25,21.222044
2026-02-26,21.496426
2026-02-27,21.401814
2026-03-02,21.534273
2026-03-03,21.335581
2026-03-04,21.382891
2026-03-05,21.307198
2026-03-06,20.947662
2026-03-09,20.805740
2026-03-10,20.994972
2026-03-11,20.909819
2026-03-12,20.521898
2026-03-13,20.294823
2026-03-16,20.398897
2026-03-17,20.621029
2026-03-18,20.335022
2026-03-19,20.420824
2026-03-20,19.496075
2026-03-23,19.953682
2026-03-24,19.848814
2026-03-25,20.182487
2026-03-26,19.944149
2026-03-27,19.572342
2026-03-30,19.934616
2026-03-31,20.468493
2026-04-01,20.392223
2026-04-02,20.601963
2026-04-06,20.678232
2026-04-07,20.506626
2026-04-08,20.992838
2026-04-09,21.240711
2026-04-10,21.240711
2026-04-13,21.383711
2026-04-14,21.593451
2026-04-15,21.793655
2026-04-16,21.383711
2026-04-17,21.879456
2026-04-20,21.822254
2026-04-21,21.765055
2026-04-22,21.850857
2026-04-23,21.688784
2026-04-24,21.908054
2026-04-27,21.993856
2026-04-28,22.003391
2026-04-29,21.631584
2026-04-30,21.946192
2026-05-01,22.031994
2026-05-04,21.593451
2026-05-05,21.717386
2026-05-06,21.812721
2026-05-07,21.745985
2026-05-08,21.717386
2026-05-11,21.412312
2026-05-12,21.231176
2026-05-13,21.088173
2026-05-14,21.050039
2026-05-15,20.735432
2026-05-18,20.744967
2026-05-19,20.468493
2026-05-20,20.716366
2026-05-21,20.802168
2026-05-22,20.706831
2026-05-26,20.926104
2026-05-27,21.002371
2026-05-28,21.011906
2026-05-29,21.078640
2026-06-01,20.764034
2026-06-02,20.802168
2026-06-03,20.544762
2026-06-04,20.811701
2026-06-05,20.668697
2026-06-08,20.439894
2026-06-09,20.878435
2026-06-10,20.678232
2026-06-11,20.868900
2026-06-12,20.935637
2026-06-15,20.993193
2026-06-16,21.217562
2026-06-17,20.807842
2026-06-18,20.924906
2026-06-22,20.759068
2026-06-23,20.954170
2026-06-24,21.002949
2026-06-25,21.100498
2026-06-26,21.412666
2026-06-29,21.480953
2026-06-30,21.510218
2026-07-01,21.402910
2026-07-02,21.500463
2026-07-06,21.646791
2026-07-07,21.500463
2026-07-08,21.295603
2026-07-09,21.500463
2026-07-10,21.617525
2026-07-13,21.363890
2026-07-14,21.695566
2026-07-15,21.822386
2026-07-16,22.105286
2026-07-17,21.744343
2026-07-20,21.373644
2026-07-21,21.354134
2026-07-22,21.207806
2026-07-23,20.934660
2026-07-24,21.041967
2026-07-27,21.139521
2026-07-28,21.539484
2026-07-29,21.363890
2026-07-30,21.227318
2026-07-31,20.973682
2026-08-03,21.100498
2026-08-04,21.168787
2026-08-05,21.041967
2026-08-06,20.973682
2026-08-07,21.451687
2026-08-10,21.266336
2026-08-11,21.519972
2026-08-12,21.441931
2026-08-13,21.588259
2026-08-14,21.578505
2026-08-17,21.510218
2026-08-18,21.461441
2026-08-19,21.802874
2026-08-20,21.529728
2026-08-21,21.480953
2026-08-24,21.510218
2026-08-25,21.393156
2026-08-26,21.178539
2026-08-27,21.315113
2026-08-28,21.246828
2026-08-31,21.168787
2026-09-01,20.924906
2026-09-02,21.090744
2026-09-03,21.159031
2026-09-04,21.256584
2026-09-08,21.071234
2026-09-09,20.905396
2026-09-10,20.368858
2026-09-11,20.281063
2026-09-14,20.164000
2026-09-15,19.889999
2026-09-16,19.740000
2026-09-17,19.799999
2026-09-18,19.580000
2026-09-21,19.760000
2026-09-22,19.910000
2026-09-23,19.320000
2026-09-24,18.920000
2026-09-25,18.900000
