date,adj_close
2007-01-11,80.597603
2007-01-12,80.642021
2007-01-16,80.627274
2007-01-17,80.671715
2007-01-18,80.664284
2007-01-19,80.649467
2007-01-22,80.679031
2007-01-23,80.686546
2007-01-24,80.731056
2007-01-25,80.731056
2007-01-26,80.723610
2007-01-29,80.782928
2007-01-30,80.782928
2007-01-31,80.820023
2007-02-01,80.823021
2007-02-02,80.845345
2007-02-05,80.867561
2007-02-06,80.860207
2007-02-07,80.904785
2007-02-08,80.897308
2007-02-09,80.919640
2007-02-12,80.919640
2007-02-13,80.919640
2007-02-14,80.971664
2007-02-15,80.979118
2007-02-16,80.994049
2007-02-20,81.001457
2007-02-21,81.031212
2007-02-22,81.031212
2007-02-23,81.068382
2007-02-26,81.075851
2007-02-27,81.090752
2007-02-28,81.142754
2007-03-01,81.140526
2007-03-02,81.185257
2007-03-05,81.170319
2007-03-06,81.177765
2007-03-07,81.207611
2007-03-08,81.215096
2007-03-09,81.207611
2007-03-12,81.229996
2007-03-13,81.282173
2007-03-14,81.289589
2007-03-15,81.282173
2007-03-16,81.297005
2007-03-19,81.297005
2007-03-20,81.319412
2007-03-21,81.371521
2007-03-22,81.349205
2007-03-23,81.378990
2007-03-26,81.386467
2007-03-27,81.408836
2007-03-28,81.431168
2007-03-29,81.453575
2007-03-30,81.453575
2007-04-02,81.457314
2007-04-03,81.472237
2007-04-04,81.517067
2007-04-05,81.509651
2007-04-09,81.517067
2007-04-10,81.539558
2007-04-11,81.561951
2007-04-12,81.584320
2007-04-13,81.599281
2007-04-16,81.614250
2007-04-17,81.621696
2007-04-18,81.674065
2007-04-19,81.681564
2007-04-20,81.674065
2007-04-23,81.703926
2007-04-24,81.711380
2007-04-25,81.733818
2007-04-26,81.711380
2007-04-27,81.741272
2007-04-30,81.756271
2007-05-01,81.779449
2007-05-02,81.816963
2007-05-03,81.824493
2007-05-04,81.839401
2007-05-07,81.824493
2007-05-08,81.854408
2007-05-09,81.899399
2007-05-10,81.906883
2007-05-11,81.914368
2007-05-14,81.921967
2007-05-15,81.951874
2007-05-16,81.996887
2007-05-17,82.004387
2007-05-18,82.011826
2007-05-21,82.011826
2007-05-22,82.011826
2007-05-23,82.056808
2007-05-24,82.071808
2007-05-25,82.086777
2007-05-29,82.094246
2007-05-30,82.131760
2007-05-31,82.139229
2007-06-01,82.152061
2007-06-04,82.189690
2007-06-05,82.182137
2007-06-06,82.197205
2007-06-07,82.234856
2007-06-08,82.249863
2007-06-11,82.257385
2007-06-12,82.264938
2007-06-13,82.249863
2007-06-14,82.310081
2007-06-15,82.332626
2007-06-18,82.340164
2007-06-19,82.362701
2007-06-20,82.385284
2007-06-21,82.392845
2007-06-22,82.415359
2007-06-25,82.422989
2007-06-26,82.430473
2007-06-27,82.453041
2007-06-28,82.475632
2007-06-29,82.498177
2007-07-02,82.501167
2007-07-03,82.486076
2007-07-05,82.523865
2007-07-06,82.523865
2007-07-09,82.546532
2007-07-10,82.576813
2007-07-11,82.576813
2007-07-12,82.591942
2007-07-13,82.607033
2007-07-16,82.614609
2007-07-17,82.629692
2007-07-18,82.652351
2007-07-19,82.667450
2007-07-20,82.697723
2007-07-23,82.697723
2007-07-24,82.705223
2007-07-25,82.727943
2007-07-26,82.773254
2007-07-27,82.773254
2007-07-30,82.773254
2007-07-31,82.803520
2007-08-01,82.832329
2007-08-02,82.862709
2007-08-03,82.885429
2007-08-06,82.877899
2007-08-07,82.885429
2007-08-08,82.900635
2007-08-09,82.953735
2007-08-10,82.968880
2007-08-13,82.984047
2007-08-14,83.029533
2007-08-15,83.113083
2007-08-16,83.196480
2007-08-17,83.226852
2007-08-20,83.333031
2007-08-21,83.370972
2007-08-22,83.378609
2007-08-23,83.370972
2007-08-24,83.257210
2007-08-27,83.219193
2007-08-28,83.295105
2007-08-29,83.310287
2007-08-30,83.363419
2007-08-31,83.348198
2007-09-04,83.346687
2007-09-05,83.384735
2007-09-06,83.346687
2007-09-07,83.445694
2007-09-10,83.453293
2007-09-11,83.445694
2007-09-12,83.491440
2007-09-13,83.460968
2007-09-14,83.460968
2007-09-17,83.483803
2007-09-18,83.514244
2007-09-19,83.567566
2007-09-20,83.567566
2007-09-21,83.590408
2007-09-24,83.598000
2007-09-25,83.620857
2007-09-26,83.643745
2007-09-27,83.651344
2007-09-28,83.620857
2007-10-01,83.639977
2007-10-02,83.647629
2007-10-03,83.685791
2007-10-04,83.685791
2007-10-05,83.662888
2007-10-08,83.647629
2007-10-09,83.678200
2007-10-10,83.708733
2007-10-11,83.716377
2007-10-12,83.670547
2007-10-15,83.670547
2007-10-16,83.716377
2007-10-17,83.762268
2007-10-18,83.830963
2007-10-19,83.861588
2007-10-22,83.830963
2007-10-23,83.861588
2007-10-24,83.915070
2007-10-25,83.938019
2007-10-26,83.938019
2007-10-29,83.938019
2007-10-30,83.953262
2007-10-31,83.945625
2007-11-01,84.008492
2007-11-02,84.023827
2007-11-05,84.054489
2007-11-06,84.062225
2007-11-07,84.123566
2007-11-08,84.177254
2007-11-09,84.230873
2007-11-12,84.223221
2007-11-13,84.184929
2007-11-14,84.238556
2007-11-15,84.292236
2007-11-16,84.299881
2007-11-19,84.353615
2007-11-20,84.376579
2007-11-21,84.391953
2007-11-23,84.407257
2007-11-26,84.437950
2007-11-27,84.414909
2007-11-28,84.422646
2007-11-29,84.445671
2007-11-30,84.453239
2007-12-03,84.470207
2007-12-04,84.493248
2007-12-05,84.493248
2007-12-06,84.485573
2007-12-07,84.477875
2007-12-10,84.508652
2007-12-11,84.593269
2007-12-12,84.570221
2007-12-13,84.570221
2007-12-14,84.554855
2007-12-17,84.531723
2007-12-18,84.524071
2007-12-19,84.608688
2007-12-20,84.624062
2007-12-21,84.577911
2007-12-24,84.577911
2007-12-26,84.601028
2007-12-27,84.632652
2007-12-28,84.640411
2007-12-31,84.624908
2008-01-02,84.709862
2008-01-03,84.671272
2008-01-04,84.732994
2008-01-07,84.686699
2008-01-08,84.740776
2008-01-09,84.771614
2008-01-10,84.794815
2008-01-11,84.841148
2008-01-14,84.848816
2008-01-15,84.825684
2008-01-16,84.848816
2008-01-17,84.871986
2008-01-18,84.972397
2008-01-22,85.065025
2008-01-23,85.072777
2008-01-24,85.088257
2008-01-25,85.134544
2008-01-28,85.095940
2008-01-29,85.149986
2008-01-30,85.204010
2008-01-31,85.219482
2008-02-01,85.242653
2008-02-04,85.211723
2008-02-05,85.234985
2008-02-06,85.250412
2008-02-07,85.250412
2008-02-08,85.250412
2008-02-11,85.234985
2008-02-12,85.234985
2008-02-13,85.289169
2008-02-14,85.304672
2008-02-15,85.312370
2008-02-19,85.296936
2008-02-20,85.320145
2008-02-21,85.343361
2008-02-22,85.335640
2008-02-25,85.335640
2008-02-26,85.358833
2008-02-27,85.382103
2008-02-28,85.366592
2008-02-29,85.382103
2008-03-03,85.403000
2008-03-04,85.418472
2008-03-05,85.472847
2008-03-06,85.519379
2008-03-07,85.488335
2008-03-10,85.542679
2008-03-11,85.488335
2008-03-12,85.550438
2008-03-13,85.558228
2008-03-14,85.589203
2008-03-17,85.666817
2008-03-18,85.682297
2008-03-19,85.721069
2008-03-20,85.736603
2008-03-24,85.596992
2008-03-25,85.589203
2008-03-26,85.604713
2008-03-27,85.643547
2008-03-28,85.659019
2008-03-31,85.651306
2008-04-01,85.647430
2008-04-02,85.631859
2008-04-03,85.647430
2008-04-04,85.655144
2008-04-07,85.631859
2008-04-08,85.662941
2008-04-09,85.678490
2008-04-10,85.725121
2008-04-11,85.725121
2008-04-14,85.725121
2008-04-15,85.686272
2008-04-16,85.717339
2008-04-17,85.717339
2008-04-18,85.686272
2008-04-21,85.694031
2008-04-22,85.717339
2008-04-23,85.717339
2008-04-24,85.717339
2008-04-25,85.670723
2008-04-28,85.678490
2008-04-29,85.701836
2008-04-30,85.725121
2008-05-01,85.745384
2008-05-02,85.714203
2008-05-05,85.722038
2008-05-06,85.698654
2008-05-07,85.745384
2008-05-08,85.753151
2008-05-09,85.745384
2008-05-12,85.722038
2008-05-13,85.690865
2008-05-14,85.690865
2008-05-15,85.698654
2008-05-16,85.737556
2008-05-19,85.745384
2008-05-20,85.745384
2008-05-21,85.729767
2008-05-22,85.737556
2008-05-23,85.737556
2008-05-27,85.745384
2008-05-28,85.745384
2008-05-29,85.745384
2008-05-30,85.737556
2008-06-02,85.765656
2008-06-03,85.781281
2008-06-04,85.781281
2008-06-05,85.781281
2008-06-06,85.789047
2008-06-09,85.750069
2008-06-10,85.726669
2008-06-11,85.742256
2008-06-12,85.742256
2008-06-13,85.734451
2008-06-16,85.734451
2008-06-17,85.773506
2008-06-18,85.804642
2008-06-19,85.812424
2008-06-20,85.796822
2008-06-23,85.804642
2008-06-24,85.835869
2008-06-25,85.859268
2008-06-26,85.874863
2008-06-27,85.867058
2008-06-30,85.898247
2008-07-01,85.917770
2008-07-02,85.925613
2008-07-03,85.933403
2008-07-07,85.941208
2008-07-08,85.941208
2008-07-09,85.980324
2008-07-10,85.980324
2008-07-11,85.972450
2008-07-14,86.003700
2008-07-15,86.034988
2008-07-16,86.042809
2008-07-17,86.042809
2008-07-18,86.034988
2008-07-21,86.050560
2008-07-22,86.034988
2008-07-23,86.058449
2008-07-24,86.058449
2008-07-25,86.066238
2008-07-28,86.074051
2008-07-29,86.066238
2008-07-30,86.066238
2008-07-31,86.105232
2008-08-01,86.093544
2008-08-04,86.093544
2008-08-05,86.093544
2008-08-06,86.101364
2008-08-07,86.124847
2008-08-08,86.117043
2008-08-11,86.101364
2008-08-12,86.117043
2008-08-13,86.117043
2008-08-14,86.124847
2008-08-15,86.140556
2008-08-18,86.109200
2008-08-19,86.148361
2008-08-20,86.195328
2008-08-21,86.179672
2008-08-22,86.179672
2008-08-25,86.195328
2008-08-26,86.195328
2008-08-27,86.218834
2008-08-28,86.210938
2008-08-29,86.210938
2008-09-02,86.226646
2008-09-03,86.242332
2008-09-04,86.258026
2008-09-05,86.242332
2008-09-08,86.226646
2008-09-09,86.258026
2008-09-10,86.273735
2008-09-11,86.281578
2008-09-12,86.297211
2008-09-15,86.422684
2008-09-16,86.454048
2008-09-17,86.650055
2008-09-18,86.626564
2008-09-19,86.430519
2008-09-22,86.430519
2008-09-23,86.477577
2008-09-24,86.485413
2008-09-25,86.563789
2008-09-26,86.540253
2008-09-29,86.501038
2008-09-30,86.477577
2008-10-01,86.599243
2008-10-02,86.701302
2008-10-03,86.607079
2008-10-06,86.575714
2008-10-07,86.638458
2008-10-08,86.701302
2008-10-09,86.669853
2008-10-10,86.748405
2008-10-13,86.434380
2008-10-14,86.709122
2008-10-15,86.779793
2008-10-16,86.591408
2008-10-17,86.591408
2008-10-20,86.536438
2008-10-21,86.528595
2008-10-22,86.599243
2008-10-23,86.552147
2008-10-24,86.591408
2008-10-27,86.677750
2008-10-28,86.677750
2008-10-29,86.701302
2008-10-30,86.685577
2008-10-31,86.646347
2008-11-03,86.756393
2008-11-04,86.669922
2008-11-05,86.685646
2008-11-06,86.803619
2008-11-07,86.811432
2008-11-10,86.827232
2008-11-11,86.842934
2008-11-12,86.866508
2008-11-13,86.842934
2008-11-14,86.835045
2008-11-17,86.850784
2008-11-18,86.842934
2008-11-19,86.890129
2008-11-20,86.905800
2008-11-21,86.952972
2008-11-24,86.913689
2008-11-25,86.937302
2008-11-26,86.937302
2008-11-28,86.952972
2008-12-01,86.956955
2008-12-02,86.941177
2008-12-03,86.980591
2008-12-04,87.004234
2008-12-05,86.996368
2008-12-08,86.964813
2008-12-09,87.019920
2008-12-10,87.035667
2008-12-11,87.019920
2008-12-12,87.043541
2008-12-15,87.035667
2008-12-16,87.004234
2008-12-17,86.964813
2008-12-18,86.964813
2008-12-19,87.004234
2008-12-22,87.004234
2008-12-23,87.027794
2008-12-24,87.019920
2008-12-26,87.004234
2008-12-29,87.051483
2008-12-30,87.043594
2008-12-31,87.027824
2009-01-02,86.893829
2009-01-05,86.956886
2009-01-06,86.996353
2009-01-07,87.012085
2009-01-08,86.917435
2009-01-09,86.980560
2009-01-12,87.027824
2009-01-13,87.027824
2009-01-14,87.043594
2009-01-15,86.988434
2009-01-16,86.996353
2009-01-20,86.996353
2009-01-21,86.964760
2009-01-22,86.988434
2009-01-23,87.019943
2009-01-26,86.988434
2009-01-27,87.004234
2009-01-28,87.004234
2009-01-29,86.980560
2009-01-30,86.980560
2009-02-02,86.990768
2009-02-03,86.967140
2009-02-04,86.911926
2009-02-05,86.967140
2009-02-06,86.911926
2009-02-09,86.943436
2009-02-10,86.959229
2009-02-11,86.943436
2009-02-12,86.927689
2009-02-13,86.935555
2009-02-17,86.903999
2009-02-18,86.943436
2009-02-19,86.848862
2009-02-20,86.880386
2009-02-23,86.943436
2009-02-24,86.935555
2009-02-25,86.903999
2009-02-26,86.911926
2009-02-27,86.927689
2009-03-02,86.955269
2009-03-03,86.955269
2009-03-04,86.971062
2009-03-05,86.963211
2009-03-06,86.963211
2009-03-09,86.963211
2009-03-10,86.978981
2009-03-11,86.978981
2009-03-12,86.994743
2009-03-13,87.010551
2009-03-16,86.978981
2009-03-17,86.986855
2009-03-18,87.018448
2009-03-19,87.002640
2009-03-20,86.994743
2009-03-23,87.010551
2009-03-24,87.002640
2009-03-25,87.010551
2009-03-26,87.018448
2009-03-27,87.002640
2009-03-30,87.026283
2009-03-31,87.026283
2009-04-01,87.011307
2009-04-02,86.995514
2009-04-03,87.011307
2009-04-06,86.995514
2009-04-07,87.027092
2009-04-08,87.027092
2009-04-09,87.019241
2009-04-13,87.027092
2009-04-14,87.042900
2009-04-15,87.058716
2009-04-16,87.058716
2009-04-17,87.042900
2009-04-20,87.066566
2009-04-21,87.050812
2009-04-22,87.066566
2009-04-23,87.074493
2009-04-24,87.019241
2009-04-27,87.027092
2009-04-28,87.034988
2009-04-29,87.082390
2009-04-30,87.074493
2009-05-01,87.025520
2009-05-04,87.017601
2009-05-05,87.001823
2009-05-06,87.009773
2009-05-07,87.001823
2009-05-08,86.993919
2009-05-11,87.009773
2009-05-12,87.017601
2009-05-13,87.025520
2009-05-14,87.025520
2009-05-15,87.033409
2009-05-18,87.017601
2009-05-19,87.025520
2009-05-20,87.057114
2009-05-21,87.057114
2009-05-22,87.025520
2009-05-26,87.009773
2009-05-27,87.025520
2009-05-28,87.088722
2009-05-29,87.033409
2009-06-01,87.093437
2009-06-02,87.022354
2009-06-03,87.061836
2009-06-04,87.046043
2009-06-05,87.014465
2009-06-08,86.982849
2009-06-09,87.006607
2009-06-10,87.053932
2009-06-11,87.053932
2009-06-12,87.022354
2009-06-15,87.022354
2009-06-16,87.077644
2009-06-17,87.085587
2009-06-18,87.077644
2009-06-19,87.069733
2009-06-22,87.038155
2009-06-23,87.030281
2009-06-24,87.046043
2009-06-25,87.077644
2009-06-26,87.085587
2009-06-29,87.061836
2009-06-30,87.085587
2009-07-01,87.067368
2009-07-02,87.059525
2009-07-06,87.059525
2009-07-07,87.067368
2009-07-08,87.098976
2009-07-09,87.098976
2009-07-10,87.067368
2009-07-13,87.083168
2009-07-14,87.083168
2009-07-15,87.075272
2009-07-16,87.075272
2009-07-17,87.067368
2009-07-20,87.059525
2009-07-21,87.067368
2009-07-22,87.075272
2009-07-23,87.075272
2009-07-24,87.067368
2009-07-27,87.083168
2009-07-28,87.075272
2009-07-29,87.091026
2009-07-30,87.075272
2009-07-31,87.083168
2009-08-03,87.050049
2009-08-04,87.057915
2009-08-05,87.073723
2009-08-06,87.089493
2009-08-07,87.057915
2009-08-10,87.065796
2009-08-11,87.081657
2009-08-12,87.081657
2009-08-13,87.089493
2009-08-14,87.089493
2009-08-17,87.097412
2009-08-18,87.097412
2009-08-19,87.089493
2009-08-20,87.089493
2009-08-21,87.097412
2009-08-24,87.089493
2009-08-25,87.097412
2009-08-26,87.121086
2009-08-27,87.081657
2009-08-28,87.089493
2009-08-31,87.121086
2009-09-01,87.057121
2009-09-02,87.128250
2009-09-03,87.128250
2009-09-04,87.120308
2009-09-08,87.096611
2009-09-09,87.120308
2009-09-10,87.104469
2009-09-11,87.136185
2009-09-14,87.112419
2009-09-15,87.120308
2009-09-16,87.112419
2009-09-17,87.120308
2009-09-18,87.120308
2009-09-21,87.104469
2009-09-22,87.120308
2009-09-23,87.120308
2009-09-24,87.112419
2009-09-25,87.104469
2009-09-28,87.096611
2009-09-29,87.104469
2009-09-30,87.120308
2009-10-01,87.129822
2009-10-02,87.114006
2009-10-05,87.114006
2009-10-06,87.137711
2009-10-07,87.153587
2009-10-08,87.145653
2009-10-09,87.121864
2009-10-12,87.121864
2009-10-13,87.129822
2009-10-14,87.129822
2009-10-15,87.129822
2009-10-16,87.129822
2009-10-19,87.137711
2009-10-20,87.137711
2009-10-21,87.161491
2009-10-22,87.169388
2009-10-23,87.153587
2009-10-26,87.137711
2009-10-27,87.161491
2009-10-28,87.177299
2009-10-29,87.169388
2009-10-30,87.161491
2009-11-02,87.140862
2009-11-03,87.148804
2009-11-04,87.125069
2009-11-05,87.156708
2009-11-06,87.140862
2009-11-09,87.148804
2009-11-10,87.164650
2009-11-11,87.148804
2009-11-12,87.156708
2009-11-13,87.172562
2009-11-16,87.156708
2009-11-17,87.188370
2009-11-18,87.188370
2009-11-19,87.180458
2009-11-20,87.196243
2009-11-23,87.148804
2009-11-24,87.188370
2009-11-25,87.188370
2009-11-27,87.180458
2009-11-30,87.172562
2009-12-01,87.172562
2009-12-02,87.156708
2009-12-03,87.156708
2009-12-04,87.164635
2009-12-07,87.140846
2009-12-08,87.156708
2009-12-09,87.164635
2009-12-10,87.140846
2009-12-11,87.140846
2009-12-14,87.140846
2009-12-15,87.156708
2009-12-16,87.156708
2009-12-17,87.140846
2009-12-18,87.148811
2009-12-21,87.164635
2009-12-22,87.164635
2009-12-23,87.164635
2009-12-24,87.148811
2009-12-28,87.180466
2009-12-29,87.175713
2009-12-30,87.175713
2009-12-31,87.167778
2010-01-04,87.175713
2010-01-05,87.144005
2010-01-06,87.151917
2010-01-07,87.151917
2010-01-08,87.183640
2010-01-11,87.183640
2010-01-12,87.175713
2010-01-13,87.167778
2010-01-14,87.167778
2010-01-15,87.159882
2010-01-19,87.175713
2010-01-20,87.175713
2010-01-21,87.175713
2010-01-22,87.159882
2010-01-25,87.191544
2010-01-26,87.191544
2010-01-27,87.159882
2010-01-28,87.159882
2010-01-29,87.191544
2010-02-01,87.169342
2010-02-02,87.185188
2010-02-03,87.177315
2010-02-04,87.177315
2010-02-05,87.161446
2010-02-08,87.193123
2010-02-09,87.193123
2010-02-10,87.185188
2010-02-11,87.193123
2010-02-12,87.193123
2010-02-16,87.169342
2010-02-17,87.185188
2010-02-18,87.193123
2010-02-19,87.177315
2010-02-22,87.185188
2010-02-23,87.185188
2010-02-24,87.177315
2010-02-25,87.201012
2010-02-26,87.193123
2010-03-01,87.191513
2010-03-02,87.151917
2010-03-03,87.175667
2010-03-04,87.183640
2010-03-05,87.175667
2010-03-08,87.191513
2010-03-09,87.183640
2010-03-10,87.175667
2010-03-11,87.167793
2010-03-12,87.183640
2010-03-15,87.183640
2010-03-16,87.159821
2010-03-17,87.183640
2010-03-18,87.183640
2010-03-19,87.183640
2010-03-22,87.183640
2010-03-23,87.191513
2010-03-24,87.175667
2010-03-25,87.175667
2010-03-26,87.167793
2010-03-29,87.167793
2010-03-30,87.191513
2010-03-31,87.183640
2010-04-01,87.154297
2010-04-05,87.146378
2010-04-06,87.162209
2010-04-07,87.154297
2010-04-08,87.154297
2010-04-09,87.162209
2010-04-12,87.170174
2010-04-13,87.162209
2010-04-14,87.162209
2010-04-15,87.162209
2010-04-16,87.193916
2010-04-19,87.154297
2010-04-20,87.178047
2010-04-21,87.170174
2010-04-22,87.178047
2010-04-23,87.178047
2010-04-26,87.178047
2010-04-27,87.178047
2010-04-28,87.162209
2010-04-29,87.170174
2010-04-30,87.178047
2010-05-03,87.159073
2010-05-04,87.151161
2010-05-05,87.174911
2010-05-06,87.174911
2010-05-07,87.166939
2010-05-10,87.159073
2010-05-11,87.166939
2010-05-12,87.174911
2010-05-13,87.182831
2010-05-14,87.190742
2010-05-17,87.166939
2010-05-18,87.166939
2010-05-19,87.182831
2010-05-20,87.190742
2010-05-21,87.190742
2010-05-24,87.190742
2010-05-25,87.182831
2010-05-26,87.166939
2010-05-27,87.190742
2010-05-28,87.190742
2010-06-01,87.187569
2010-06-02,87.195496
2010-06-03,87.179657
2010-06-04,87.211319
2010-06-07,87.179657
2010-06-08,87.211319
2010-06-09,87.187569
2010-06-10,87.211319
2010-06-11,87.219223
2010-06-14,87.211319
2010-06-15,87.179657
2010-06-16,87.195496
2010-06-17,87.211319
2010-06-18,87.195496
2010-06-21,87.211319
2010-06-22,87.187569
2010-06-23,87.195496
2010-06-24,87.195496
2010-06-25,87.211319
2010-06-28,87.203407
2010-06-29,87.203407
2010-06-30,87.219223
2010-07-01,87.185188
2010-07-02,87.201035
2010-07-06,87.185188
2010-07-07,87.208939
2010-07-08,87.224731
2010-07-09,87.224731
2010-07-12,87.224731
2010-07-13,87.201035
2010-07-14,87.232666
2010-07-15,87.208939
2010-07-16,87.216881
2010-07-19,87.201035
2010-07-20,87.208939
2010-07-21,87.201035
2010-07-22,87.216881
2010-07-23,87.201035
2010-07-26,87.193123
2010-07-27,87.208939
2010-07-28,87.224731
2010-07-29,87.201035
2010-07-30,87.201035
2010-08-02,87.199471
2010-08-03,87.199471
2010-08-04,87.231064
2010-08-05,87.207367
2010-08-06,87.207367
2010-08-09,87.207367
2010-08-10,87.207367
2010-08-11,87.215263
2010-08-12,87.231064
2010-08-13,87.207367
2010-08-16,87.215263
2010-08-17,87.223213
2010-08-18,87.239006
2010-08-19,87.215263
2010-08-20,87.239006
2010-08-23,87.215263
2010-08-24,87.207367
2010-08-25,87.215263
2010-08-26,87.207367
2010-08-27,87.231064
2010-08-30,87.215263
2010-08-31,87.223213
2010-09-01,87.222397
2010-09-02,87.222397
2010-09-03,87.230331
2010-09-07,87.214478
2010-09-08,87.214478
2010-09-09,87.214478
2010-09-10,87.214478
2010-09-13,87.246109
2010-09-14,87.222397
2010-09-15,87.238182
2010-09-16,87.246109
2010-09-17,87.230331
2010-09-20,87.230331
2010-09-21,87.230331
2010-09-22,87.230331
2010-09-23,87.254013
2010-09-24,87.230331
2010-09-27,87.246109
2010-09-28,87.246109
2010-09-29,87.238182
2010-09-30,87.246109
2010-10-01,87.237442
2010-10-04,87.221596
2010-10-05,87.237442
2010-10-06,87.237442
2010-10-07,87.229507
2010-10-08,87.261116
2010-10-11,87.229507
2010-10-12,87.237442
2010-10-13,87.253265
2010-10-14,87.229507
2010-10-15,87.253265
2010-10-18,87.237442
2010-10-19,87.261116
2010-10-20,87.253265
2010-10-21,87.245308
2010-10-22,87.261116
2010-10-25,87.245308
2010-10-26,87.261116
2010-10-27,87.237442
2010-10-28,87.245308
2010-10-29,87.245308
2010-11-01,87.220818
2010-11-02,87.236626
2010-11-03,87.268250
2010-11-04,87.268250
2010-11-05,87.244598
2010-11-08,87.244598
2010-11-09,87.236626
2010-11-10,87.236626
2010-11-11,87.228722
2010-11-12,87.236626
2010-11-15,87.236626
2010-11-16,87.236626
2010-11-17,87.244598
2010-11-18,87.236626
2010-11-19,87.252426
2010-11-22,87.260353
2010-11-23,87.228722
2010-11-24,87.236626
2010-11-26,87.236626
2010-11-29,87.220818
2010-11-30,87.244598
2010-12-01,87.227943
2010-12-02,87.243744
2010-12-03,87.251701
2010-12-06,87.259560
2010-12-07,87.259560
2010-12-08,87.259560
2010-12-09,87.259560
2010-12-10,87.243744
2010-12-13,87.243744
2010-12-14,87.259560
2010-12-15,87.259560
2010-12-16,87.259560
2010-12-17,87.243744
2010-12-20,87.267479
2010-12-21,87.267479
2010-12-22,87.243744
2010-12-23,87.235825
2010-12-27,87.235825
2010-12-28,87.275414
2010-12-29,87.275414
2010-12-30,87.267471
2010-12-31,87.275414
2011-01-03,87.267471
2011-01-04,87.275414
2011-01-05,87.275414
2011-01-06,87.275414
2011-01-07,87.275414
2011-01-10,87.243729
2011-01-11,87.243729
2011-01-12,87.251686
2011-01-13,87.243729
2011-01-14,87.243729
2011-01-18,87.243729
2011-01-19,87.251686
2011-01-20,87.251686
2011-01-21,87.243729
2011-01-24,87.259590
2011-01-25,87.243729
2011-01-26,87.251686
2011-01-27,87.251686
2011-01-28,87.259590
2011-01-31,87.259590
2011-02-01,87.275398
2011-02-02,87.259605
2011-02-03,87.275398
2011-02-04,87.251648
2011-02-07,87.267494
2011-02-08,87.267494
2011-02-09,87.275398
2011-02-10,87.275398
2011-02-11,87.267494
2011-02-14,87.275398
2011-02-15,87.259605
2011-02-16,87.275398
2011-02-17,87.283325
2011-02-18,87.259605
2011-02-22,87.267494
2011-02-23,87.251648
2011-02-24,87.259605
2011-02-25,87.275398
2011-02-28,87.267494
2011-03-01,87.258751
2011-03-02,87.258751
2011-03-03,87.258751
2011-03-04,87.258751
2011-03-07,87.258751
2011-03-08,87.258751
2011-03-09,87.290436
2011-03-10,87.298393
2011-03-11,87.290436
2011-03-14,87.298393
2011-03-15,87.290436
2011-03-16,87.274620
2011-03-17,87.274620
2011-03-18,87.298393
2011-03-21,87.290436
2011-03-22,87.274620
2011-03-23,87.298393
2011-03-24,87.282555
2011-03-25,87.290436
2011-03-28,87.290436
2011-03-29,87.274620
2011-03-30,87.274620
2011-03-31,87.282555
2011-04-01,87.306267
2011-04-04,87.298378
2011-04-05,87.274620
2011-04-06,87.282532
2011-04-07,87.306267
2011-04-08,87.298378
2011-04-11,87.290482
2011-04-12,87.314217
2011-04-13,87.314217
2011-04-14,87.322151
2011-04-15,87.306267
2011-04-18,87.314217
2011-04-19,87.330086
2011-04-20,87.322151
2011-04-21,87.337929
2011-04-25,87.298378
2011-04-26,87.306267
2011-04-27,87.330086
2011-04-28,87.306267
2011-04-29,87.330086
2011-05-02,87.313408
2011-05-03,87.329269
2011-05-04,87.337212
2011-05-05,87.329269
2011-05-06,87.337212
2011-05-09,87.297600
2011-05-10,87.321327
2011-05-11,87.297600
2011-05-12,87.305443
2011-05-13,87.337212
2011-05-16,87.297600
2011-05-17,87.329269
2011-05-18,87.313408
2011-05-19,87.313408
2011-05-20,87.297600
2011-05-23,87.321327
2011-05-24,87.305443
2011-05-25,87.321327
2011-05-26,87.313408
2011-05-27,87.329269
2011-05-31,87.321327
2011-06-01,87.320518
2011-06-02,87.320518
2011-06-03,87.320518
2011-06-06,87.304703
2011-06-07,87.304703
2011-06-08,87.296783
2011-06-09,87.296783
2011-06-10,87.304703
2011-06-13,87.288864
2011-06-14,87.296783
2011-06-15,87.304703
2011-06-16,87.312584
2011-06-17,87.312584
2011-06-20,87.320518
2011-06-21,87.328461
2011-06-22,87.328461
2011-06-23,87.328461
2011-06-24,87.312584
2011-06-27,87.304703
2011-06-28,87.312584
2011-06-29,87.328461
2011-06-30,87.336380
2011-07-01,87.334801
2011-07-05,87.334801
2011-07-06,87.342697
2011-07-07,87.326889
2011-07-08,87.318962
2011-07-11,87.318962
2011-07-12,87.311058
2011-07-13,87.318962
2011-07-14,87.326889
2011-07-15,87.318962
2011-07-18,87.318962
2011-07-19,87.318962
2011-07-20,87.303131
2011-07-21,87.303131
2011-07-22,87.295204
2011-07-25,87.318962
2011-07-26,87.287254
2011-07-27,87.303131
2011-07-28,87.279335
2011-07-29,87.287254
2011-08-01,87.275398
2011-08-02,87.322884
2011-08-03,87.330879
2011-08-04,87.330879
2011-08-05,87.330879
2011-08-08,87.314995
2011-08-09,87.346649
2011-08-10,87.322884
2011-08-11,87.330879
2011-08-12,87.322884
2011-08-15,87.322884
2011-08-16,87.330879
2011-08-17,87.330879
2011-08-18,87.330879
2011-08-19,87.346649
2011-08-22,87.346649
2011-08-23,87.346649
2011-08-24,87.346649
2011-08-25,87.330879
2011-08-26,87.330879
2011-08-29,87.354568
2011-08-30,87.330879
2011-08-31,87.322884
2011-09-01,87.326859
2011-09-02,87.318962
2011-09-06,87.342697
2011-09-07,87.318962
2011-09-08,87.318962
2011-09-09,87.318962
2011-09-12,87.318962
2011-09-13,87.334801
2011-09-14,87.318962
2011-09-15,87.342697
2011-09-16,87.326859
2011-09-19,87.326859
2011-09-20,87.326859
2011-09-21,87.318962
2011-09-22,87.334801
2011-09-23,87.326859
2011-09-26,87.342697
2011-09-27,87.326859
2011-09-28,87.326859
2011-09-29,87.318962
2011-09-30,87.334801
2011-10-03,87.315796
2011-10-04,87.331619
2011-10-05,87.331619
2011-10-06,87.331619
2011-10-07,87.323685
2011-10-10,87.339554
2011-10-11,87.315796
2011-10-12,87.315796
2011-10-13,87.315796
2011-10-14,87.323685
2011-10-17,87.331619
2011-10-18,87.331619
2011-10-19,87.331619
2011-10-20,87.315796
2011-10-21,87.331619
2011-10-24,87.315796
2011-10-25,87.315796
2011-10-26,87.315796
2011-10-27,87.307899
2011-10-28,87.307899
2011-10-31,87.323685
2011-11-01,87.311066
2011-11-02,87.311066
2011-11-03,87.318977
2011-11-04,87.334763
2011-11-07,87.334763
2011-11-08,87.326851
2011-11-09,87.318977
2011-11-10,87.318977
2011-11-11,87.334763
2011-11-14,87.318977
2011-11-15,87.318977
2011-11-16,87.342720
2011-11-17,87.326851
2011-11-18,87.334763
2011-11-21,87.342720
2011-11-22,87.318977
2011-11-23,87.326851
2011-11-25,87.311066
2011-11-28,87.326851
2011-11-29,87.326851
2011-11-30,87.311066
2011-12-01,87.331635
2011-12-02,87.331635
2011-12-05,87.315804
2011-12-06,87.315804
2011-12-07,87.323700
2011-12-08,87.331635
2011-12-09,87.331635
2011-12-12,87.331635
2011-12-13,87.339523
2011-12-14,87.331635
2011-12-15,87.331635
2011-12-16,87.331635
2011-12-19,87.339523
2011-12-20,87.323700
2011-12-21,87.323700
2011-12-22,87.323700
2011-12-23,87.307854
2011-12-27,87.318207
2011-12-28,87.318207
2011-12-29,87.318207
2011-12-30,87.334023
2012-01-03,87.318207
2012-01-04,87.318207
2012-01-05,87.318207
2012-01-06,87.326096
2012-01-09,87.334023
2012-01-10,87.334023
2012-01-11,87.334023
2012-01-12,87.318207
2012-01-13,87.326096
2012-01-17,87.326096
2012-01-18,87.326096
2012-01-19,87.326096
2012-01-20,87.310272
2012-01-23,87.318207
2012-01-24,87.326096
2012-01-25,87.334023
2012-01-26,87.334023
2012-01-27,87.326096
2012-01-30,87.318207
2012-01-31,87.318207
2012-02-01,87.310272
2012-02-02,87.302322
2012-02-03,87.294395
2012-02-06,87.302322
2012-02-07,87.302322
2012-02-08,87.302322
2012-02-09,87.294395
2012-02-10,87.294395
2012-02-13,87.294395
2012-02-14,87.294395
2012-02-15,87.302322
2012-02-16,87.294395
2012-02-17,87.294395
2012-02-21,87.294395
2012-02-22,87.310272
2012-02-23,87.310272
2012-02-24,87.310272
2012-02-27,87.294395
2012-02-28,87.310272
2012-02-29,87.310272
2012-03-01,87.294395
2012-03-02,87.294395
2012-03-05,87.310272
2012-03-06,87.310272
2012-03-07,87.302322
2012-03-08,87.302322
2012-03-09,87.310272
2012-03-12,87.310272
2012-03-13,87.310272
2012-03-14,87.310272
2012-03-15,87.302322
2012-03-16,87.294395
2012-03-19,87.294395
2012-03-20,87.294395
2012-03-21,87.294395
2012-03-22,87.302322
2012-03-23,87.302322
2012-03-26,87.294395
2012-03-27,87.294395
2012-03-28,87.310272
2012-03-29,87.302322
2012-03-30,87.302322
2012-04-02,87.310272
2012-04-03,87.294395
2012-04-04,87.294395
2012-04-05,87.294395
2012-04-09,87.294395
2012-04-10,87.302322
2012-04-11,87.302322
2012-04-12,87.310272
2012-04-13,87.326096
2012-04-16,87.318207
2012-04-17,87.318207
2012-04-18,87.310272
2012-04-19,87.310272
2012-04-20,87.302322
2012-04-23,87.302322
2012-04-24,87.302322
2012-04-25,87.302322
2012-04-26,87.302322
2012-04-27,87.310272
2012-04-30,87.302322
2012-05-01,87.310272
2012-05-02,87.302322
2012-05-03,87.294395
2012-05-04,87.318207
2012-05-07,87.310272
2012-05-08,87.318207
2012-05-09,87.302322
2012-05-10,87.318207
2012-05-11,87.310272
2012-05-14,87.302322
2012-05-15,87.310272
2012-05-16,87.302322
2012-05-17,87.302322
2012-05-18,87.294395
2012-05-21,87.302322
2012-05-22,87.302322
2012-05-23,87.302322
2012-05-24,87.310272
2012-05-25,87.318207
2012-05-29,87.318207
2012-05-30,87.318207
2012-05-31,87.326096
2012-06-01,87.302322
2012-06-04,87.326096
2012-06-05,87.326096
2012-06-06,87.326096
2012-06-07,87.310272
2012-06-08,87.318207
2012-06-11,87.326096
2012-06-12,87.326096
2012-06-13,87.326096
2012-06-14,87.326096
2012-06-15,87.318207
2012-06-18,87.310272
2012-06-19,87.318207
2012-06-20,87.318207
2012-06-21,87.326096
2012-06-22,87.318207
2012-06-25,87.318207
2012-06-26,87.310272
2012-06-27,87.302322
2012-06-28,87.318207
2012-06-29,87.318207
2012-07-02,87.310272
2012-07-03,87.318207
2012-07-05,87.310272
2012-07-06,87.318207
2012-07-09,87.318207
2012-07-10,87.310272
2012-07-11,87.310272
2012-07-12,87.310272
2012-07-13,87.318207
2012-07-16,87.310272
2012-07-17,87.310272
2012-07-18,87.318207
2012-07-19,87.310272
2012-07-20,87.310272
2012-07-23,87.318207
2012-07-24,87.318207
2012-07-25,87.310272
2012-07-26,87.310272
2012-07-27,87.318207
2012-07-30,87.310272
2012-07-31,87.318207
2012-08-01,87.318207
2012-08-02,87.326096
2012-08-03,87.326096
2012-08-06,87.310272
2012-08-07,87.318207
2012-08-08,87.310272
2012-08-09,87.310272
2012-08-10,87.318207
2012-08-13,87.318207
2012-08-14,87.318207
2012-08-15,87.310272
2012-08-16,87.318207
2012-08-17,87.318207
2012-08-20,87.310272
2012-08-21,87.310272
2012-08-22,87.310272
2012-08-23,87.326096
2012-08-24,87.326096
2012-08-27,87.326096
2012-08-28,87.326096
2012-08-29,87.318207
2012-08-30,87.326096
2012-08-31,87.334023
2012-09-04,87.326859
2012-09-05,87.326859
2012-09-06,87.326859
2012-09-07,87.326859
2012-09-10,87.326859
2012-09-11,87.326859
2012-09-12,87.326859
2012-09-13,87.334770
2012-09-14,87.334770
2012-09-17,87.334770
2012-09-18,87.334770
2012-09-19,87.326859
2012-09-20,87.326859
2012-09-21,87.326859
2012-09-24,87.326859
2012-09-25,87.318985
2012-09-26,87.318985
2012-09-27,87.318985
2012-09-28,87.326859
2012-10-01,87.320534
2012-10-02,87.328499
2012-10-03,87.320534
2012-10-04,87.328499
2012-10-05,87.320534
2012-10-08,87.328499
2012-10-09,87.328499
2012-10-10,87.328499
2012-10-11,87.320534
2012-10-12,87.320534
2012-10-15,87.320534
2012-10-16,87.320534
2012-10-17,87.320534
2012-10-18,87.328499
2012-10-19,87.320534
2012-10-22,87.328499
2012-10-23,87.328499
2012-10-24,87.320534
2012-10-25,87.320534
2012-10-26,87.320534
2012-10-31,87.320534
2012-11-01,87.328499
2012-11-02,87.328499
2012-11-05,87.312622
2012-11-06,87.312622
2012-11-07,87.312622
2012-11-08,87.312622
2012-11-09,87.312622
2012-11-12,87.312622
2012-11-13,87.312622
2012-11-14,87.312622
2012-11-15,87.328499
2012-11-16,87.320534
2012-11-19,87.320534
2012-11-20,87.320534
2012-11-21,87.320534
2012-11-23,87.320534
2012-11-26,87.328499
2012-11-27,87.336372
2012-11-28,87.336372
2012-11-29,87.336372
2012-11-30,87.328499
2012-12-03,87.322159
2012-12-04,87.322159
2012-12-05,87.322159
2012-12-06,87.322159
2012-12-07,87.330063
2012-12-10,87.322159
2012-12-11,87.330063
2012-12-12,87.330063
2012-12-13,87.337997
2012-12-14,87.337997
2012-12-17,87.337997
2012-12-18,87.337997
2012-12-19,87.345871
2012-12-20,87.337997
2012-12-21,87.345871
2012-12-24,87.337997
2012-12-26,87.337997
2012-12-27,87.345871
2012-12-28,87.345871
2012-12-31,87.361710
2013-01-02,87.345871
2013-01-03,87.345871
2013-01-04,87.345871
2013-01-07,87.337997
2013-01-08,87.337997
2013-01-09,87.345871
2013-01-10,87.345871
2013-01-11,87.345871
2013-01-14,87.337997
2013-01-15,87.337997
2013-01-16,87.337997
2013-01-17,87.330063
2013-01-18,87.337997
2013-01-22,87.337997
2013-01-23,87.337997
2013-01-24,87.330063
2013-01-25,87.330063
2013-01-28,87.330063
2013-01-29,87.337997
2013-01-30,87.337997
2013-01-31,87.337997
2013-02-01,87.340370
2013-02-04,87.332443
2013-02-05,87.340370
2013-02-06,87.340370
2013-02-07,87.332443
2013-02-08,87.332443
2013-02-11,87.340370
2013-02-12,87.340370
2013-02-13,87.340370
2013-02-14,87.332443
2013-02-15,87.332443
2013-02-19,87.332443
2013-02-20,87.332443
2013-02-21,87.324532
2013-02-22,87.332443
2013-02-25,87.332443
2013-02-26,87.332443
2013-02-27,87.332443
2013-02-28,87.332443
2013-03-01,87.333221
2013-03-04,87.325325
2013-03-05,87.325325
2013-03-06,87.333221
2013-03-07,87.333221
2013-03-08,87.325325
2013-03-11,87.325325
2013-03-12,87.341148
2013-03-13,87.341148
2013-03-14,87.341148
2013-03-15,87.341148
2013-03-18,87.333221
2013-03-19,87.333221
2013-03-20,87.333221
2013-03-21,87.341148
2013-03-22,87.349075
2013-03-25,87.341148
2013-03-26,87.341148
2013-03-27,87.349075
2013-03-28,87.341148
2013-04-01,87.333221
2013-04-02,87.333221
2013-04-03,87.341148
2013-04-04,87.341148
2013-04-05,87.341148
2013-04-08,87.349075
2013-04-09,87.341148
2013-04-10,87.349075
2013-04-11,87.349075
2013-04-12,87.349075
2013-04-15,87.349075
2013-04-16,87.349075
2013-04-17,87.349075
2013-04-18,87.341148
2013-04-19,87.349075
2013-04-22,87.349075
2013-04-23,87.341148
2013-04-24,87.341148
2013-04-25,87.349075
2013-04-26,87.349075
2013-04-29,87.349075
2013-04-30,87.356972
2013-05-01,87.341148
2013-05-02,87.341148
2013-05-03,87.349075
2013-05-06,87.349075
2013-05-07,87.349075
2013-05-08,87.349075
2013-05-09,87.356972
2013-05-10,87.356972
2013-05-13,87.356972
2013-05-14,87.356972
2013-05-15,87.356972
2013-05-16,87.349075
2013-05-17,87.349075
2013-05-20,87.349075
2013-05-21,87.349075
2013-05-22,87.349075
2013-05-23,87.341148
2013-05-24,87.349075
2013-05-28,87.341148
2013-05-29,87.341148
2013-05-30,87.341148
2013-05-31,87.349075
2013-06-03,87.356972
2013-06-04,87.356972
2013-06-05,87.356972
2013-06-06,87.356972
2013-06-07,87.349075
2013-06-10,87.356972
2013-06-11,87.349075
2013-06-12,87.341148
2013-06-13,87.349075
2013-06-14,87.356972
2013-06-17,87.356972
2013-06-18,87.349075
2013-06-19,87.349075
2013-06-20,87.341148
2013-06-21,87.341148
2013-06-24,87.349075
2013-06-25,87.349075
2013-06-26,87.341148
2013-06-27,87.341148
2013-06-28,87.333221
2013-07-01,87.349075
2013-07-02,87.349075
2013-07-03,87.349075
2013-07-05,87.356972
2013-07-08,87.356972
2013-07-09,87.356972
2013-07-10,87.356972
2013-07-11,87.341148
2013-07-12,87.349075
2013-07-15,87.341148
2013-07-16,87.349075
2013-07-17,87.356972
2013-07-18,87.349075
2013-07-19,87.349075
2013-07-22,87.341148
2013-07-23,87.341148
2013-07-24,87.349075
2013-07-25,87.349075
2013-07-26,87.349075
2013-07-29,87.349075
2013-07-30,87.341148
2013-07-31,87.356972
2013-08-01,87.349075
2013-08-02,87.349075
2013-08-05,87.356972
2013-08-06,87.356972
2013-08-07,87.356972
2013-08-08,87.356972
2013-08-09,87.349075
2013-08-12,87.356972
2013-08-13,87.356972
2013-08-14,87.349075
2013-08-15,87.356972
2013-08-16,87.356972
2013-08-19,87.341148
2013-08-20,87.356972
2013-08-21,87.341148
2013-08-22,87.341148
2013-08-23,87.341148
2013-08-26,87.349075
2013-08-27,87.356972
2013-08-28,87.356972
2013-08-29,87.356972
2013-08-30,87.356972
2013-09-03,87.364876
2013-09-04,87.364876
2013-09-05,87.356972
2013-09-06,87.364876
2013-09-09,87.356972
2013-09-10,87.364876
2013-09-11,87.356972
2013-09-12,87.364876
2013-09-13,87.364876
2013-09-16,87.356972
2013-09-17,87.356972
2013-09-18,87.364876
2013-09-19,87.364876
2013-09-20,87.364876
2013-09-23,87.364876
2013-09-24,87.364876
2013-09-25,87.372849
2013-09-26,87.372849
2013-09-27,87.372849
2013-09-30,87.364876
2013-10-01,87.356972
2013-10-02,87.349075
2013-10-03,87.349075
2013-10-04,87.356972
2013-10-07,87.349075
2013-10-08,87.349075
2013-10-09,87.333221
2013-10-10,87.333221
2013-10-11,87.341148
2013-10-14,87.333221
2013-10-15,87.317345
2013-10-16,87.325325
2013-10-17,87.349075
2013-10-18,87.356972
2013-10-21,87.356972
2013-10-22,87.349075
2013-10-23,87.356972
2013-10-24,87.356972
2013-10-25,87.356972
2013-10-28,87.341148
2013-10-29,87.341148
2013-10-30,87.349075
2013-10-31,87.349075
2013-11-01,87.341148
2013-11-04,87.341148
2013-11-05,87.341148
2013-11-06,87.341148
2013-11-07,87.341148
2013-11-08,87.341148
2013-11-11,87.349075
2013-11-12,87.356972
2013-11-13,87.356972
2013-11-14,87.356972
2013-11-15,87.349075
2013-11-18,87.349075
2013-11-19,87.349075
2013-11-20,87.356972
2013-11-21,87.356972
2013-11-22,87.356972
2013-11-25,87.356972
2013-11-26,87.356972
2013-11-27,87.356972
2013-11-29,87.349075
2013-12-02,87.341148
2013-12-03,87.341148
2013-12-04,87.349075
2013-12-05,87.356972
2013-12-06,87.356972
2013-12-09,87.349075
2013-12-10,87.356972
2013-12-11,87.356972
2013-12-12,87.356972
2013-12-13,87.356972
2013-12-16,87.356972
2013-12-17,87.349075
2013-12-18,87.364876
2013-12-19,87.349075
2013-12-20,87.349075
2013-12-23,87.349075
2013-12-24,87.349075
2013-12-26,87.350670
2013-12-27,87.350670
2013-12-30,87.350670
2013-12-31,87.358551
2014-01-02,87.342712
2014-01-03,87.358551
2014-01-06,87.350670
2014-01-07,87.350670
2014-01-08,87.358551
2014-01-09,87.358551
2014-01-10,87.358551
2014-01-13,87.350670
2014-01-14,87.358551
2014-01-15,87.358551
2014-01-16,87.350670
2014-01-17,87.358551
2014-01-21,87.350670
2014-01-22,87.350670
2014-01-23,87.350670
2014-01-24,87.350670
2014-01-27,87.350670
2014-01-28,87.358551
2014-01-29,87.358551
2014-01-30,87.358551
2014-01-31,87.350670
2014-02-03,87.374443
2014-02-04,87.358551
2014-02-05,87.350670
2014-02-06,87.366493
2014-02-07,87.358551
2014-02-10,87.358551
2014-02-11,87.358551
2014-02-12,87.350670
2014-02-13,87.358551
2014-02-14,87.350670
2014-02-18,87.350670
2014-02-19,87.350670
2014-02-20,87.350670
2014-02-21,87.350670
2014-02-24,87.350670
2014-02-25,87.358551
2014-02-26,87.358551
2014-02-27,87.358551
2014-02-28,87.366493
2014-03-03,87.350670
2014-03-04,87.350670
2014-03-05,87.358551
2014-03-06,87.358551
2014-03-07,87.350670
2014-03-10,87.358551
2014-03-11,87.350670
2014-03-12,87.350670
2014-03-13,87.350670
2014-03-14,87.358551
2014-03-17,87.366493
2014-03-18,87.358551
2014-03-19,87.366493
2014-03-20,87.366493
2014-03-21,87.366493
2014-03-24,87.366493
2014-03-25,87.366493
2014-03-26,87.358551
2014-03-27,87.374443
2014-03-28,87.374443
2014-03-31,87.374443
2014-04-01,87.366493
2014-04-02,87.374443
2014-04-03,87.382332
2014-04-04,87.382332
2014-04-07,87.366493
2014-04-08,87.382332
2014-04-09,87.374443
2014-04-10,87.374443
2014-04-11,87.374443
2014-04-14,87.366493
2014-04-15,87.374443
2014-04-16,87.374443
2014-04-17,87.366493
2014-04-21,87.366493
2014-04-22,87.366493
2014-04-23,87.366493
2014-04-24,87.366493
2014-04-25,87.366493
2014-04-28,87.366493
2014-04-29,87.374443
2014-04-30,87.374443
2014-05-01,87.374443
2014-05-02,87.374443
2014-05-05,87.374443
2014-05-06,87.366493
2014-05-07,87.374443
2014-05-08,87.366493
2014-05-09,87.374443
2014-05-12,87.366493
2014-05-13,87.374443
2014-05-14,87.374443
2014-05-15,87.366493
2014-05-16,87.374443
2014-05-19,87.374443
2014-05-20,87.366493
2014-05-21,87.374443
2014-05-22,87.366493
2014-05-23,87.382332
2014-05-27,87.374443
2014-05-28,87.374443
2014-05-29,87.366493
2014-05-30,87.374443
2014-06-02,87.374443
2014-06-03,87.366493
2014-06-04,87.366493
2014-06-05,87.366493
2014-06-06,87.374443
2014-06-09,87.374443
2014-06-10,87.366493
2014-06-11,87.366493
2014-06-12,87.366493
2014-06-13,87.374443
2014-06-16,87.374443
2014-06-17,87.358551
2014-06-18,87.358551
2014-06-19,87.366493
2014-06-20,87.358551
2014-06-23,87.366493
2014-06-24,87.366493
2014-06-25,87.366493
2014-06-26,87.374443
2014-06-27,87.374443
2014-06-30,87.374443
2014-07-01,87.374443
2014-07-02,87.366493
2014-07-03,87.374443
2014-07-07,87.374443
2014-07-08,87.374443
2014-07-09,87.374443
2014-07-10,87.366493
2014-07-11,87.366493
2014-07-14,87.374443
2014-07-15,87.374443
2014-07-16,87.374443
2014-07-17,87.374443
2014-07-18,87.374443
2014-07-21,87.374443
2014-07-22,87.366493
2014-07-23,87.374443
2014-07-24,87.374443
2014-07-25,87.366493
2014-07-28,87.366493
2014-07-29,87.374443
2014-07-30,87.366493
2014-07-31,87.366493
2014-08-01,87.374443
2014-08-04,87.374443
2014-08-05,87.366493
2014-08-06,87.374443
2014-08-07,87.374443
2014-08-08,87.382332
2014-08-11,87.374443
2014-08-12,87.366493
2014-08-13,87.366493
2014-08-14,87.366493
2014-08-15,87.374443
2014-08-18,87.374443
2014-08-19,87.374443
2014-08-20,87.374443
2014-08-21,87.382332
2014-08-22,87.382332
2014-08-25,87.374443
2014-08-26,87.366493
2014-08-27,87.366493
2014-08-28,87.366493
2014-08-29,87.374443
2014-09-02,87.374443
2014-09-03,87.374443
2014-09-04,87.366493
2014-09-05,87.366493
2014-09-08,87.366493
2014-09-09,87.366493
2014-09-10,87.366493
2014-09-11,87.366493
2014-09-12,87.366493
2014-09-15,87.374443
2014-09-16,87.374443
2014-09-17,87.374443
2014-09-18,87.374443
2014-09-19,87.382332
2014-09-22,87.382332
2014-09-23,87.382332
2014-09-24,87.382332
2014-09-25,87.390274
2014-09-26,87.390274
2014-09-29,87.390274
2014-09-30,87.358551
2014-10-01,87.374443
2014-10-02,87.374443
2014-10-03,87.358551
2014-10-06,87.366493
2014-10-07,87.374443
2014-10-08,87.374443
2014-10-09,87.382332
2014-10-10,87.374443
2014-10-13,87.382332
2014-10-14,87.382332
2014-10-15,87.366493
2014-10-16,87.366493
2014-10-17,87.366493
2014-10-20,87.382332
2014-10-21,87.382332
2014-10-22,87.382332
2014-10-23,87.382332
2014-10-24,87.382332
2014-10-27,87.382332
2014-10-28,87.382332
2014-10-29,87.374443
2014-10-30,87.366493
2014-10-31,87.374443
2014-11-03,87.366493
2014-11-04,87.374443
2014-11-05,87.374443
2014-11-06,87.366493
2014-11-07,87.366493
2014-11-10,87.374443
2014-11-11,87.374443
2014-11-12,87.374443
2014-11-13,87.374443
2014-11-14,87.374443
2014-11-17,87.374443
2014-11-18,87.374443
2014-11-19,87.374443
2014-11-20,87.374443
2014-11-21,87.374443
2014-11-24,87.358551
2014-11-25,87.358551
2014-11-26,87.374443
2014-11-28,87.366493
2014-12-01,87.374443
2014-12-02,87.366493
2014-12-03,87.366493
2014-12-04,87.366493
2014-12-05,87.366493
2014-12-08,87.350670
2014-12-09,87.350670
2014-12-10,87.350670
2014-12-11,87.358551
2014-12-12,87.358551
2014-12-15,87.366493
2014-12-16,87.366493
2014-12-17,87.366493
2014-12-18,87.350670
2014-12-19,87.358551
2014-12-22,87.334770
2014-12-23,87.342712
2014-12-24,87.350670
2014-12-26,87.350670
2014-12-29,87.334770
2014-12-30,87.342712
2014-12-31,87.358551
2015-01-02,87.342712
2015-01-05,87.342712
2015-01-06,87.350670
2015-01-07,87.350670
2015-01-08,87.350670
2015-01-09,87.358551
2015-01-12,87.374443
2015-01-13,87.366493
2015-01-14,87.366493
2015-01-15,87.374443
2015-01-16,87.374443
2015-01-20,87.374443
2015-01-21,87.366493
2015-01-22,87.374443
2015-01-23,87.374443
2015-01-26,87.366493
2015-01-27,87.366493
2015-01-28,87.358551
2015-01-29,87.382332
2015-01-30,87.366493
2015-02-02,87.382332
2015-02-03,87.390274
2015-02-04,87.374443
2015-02-05,87.374443
2015-02-06,87.374443
2015-02-09,87.374443
2015-02-10,87.366493
2015-02-11,87.374443
2015-02-12,87.366493
2015-02-13,87.374443
2015-02-17,87.382332
2015-02-18,87.390274
2015-02-19,87.390274
2015-02-20,87.382332
2015-02-23,87.374443
2015-02-24,87.374443
2015-02-25,87.374443
2015-02-26,87.374443
2015-02-27,87.382332
2015-03-02,87.374443
2015-03-03,87.366493
2015-03-04,87.382332
2015-03-05,87.366493
2015-03-06,87.374443
2015-03-09,87.366493
2015-03-10,87.374443
2015-03-11,87.366493
2015-03-12,87.366493
2015-03-13,87.374443
2015-03-16,87.374443
2015-03-17,87.366493
2015-03-18,87.358551
2015-03-19,87.366493
2015-03-20,87.366493
2015-03-23,87.374443
2015-03-24,87.366493
2015-03-25,87.366493
2015-03-26,87.366493
2015-03-27,87.366493
2015-03-30,87.366493
2015-03-31,87.374443
2015-04-01,87.374443
2015-04-02,87.366493
2015-04-06,87.374443
2015-04-07,87.374443
2015-04-08,87.382332
2015-04-09,87.382332
2015-04-10,87.382332
2015-04-13,87.374443
2015-04-14,87.382332
2015-04-15,87.382332
2015-04-16,87.382332
2015-04-17,87.382332
2015-04-20,87.374443
2015-04-21,87.374443
2015-04-22,87.374443
2015-04-23,87.382332
2015-04-24,87.374443
2015-04-27,87.374443
2015-04-28,87.382332
2015-04-29,87.374443
2015-04-30,87.382332
2015-05-01,87.374443
2015-05-04,87.382332
2015-05-05,87.390274
2015-05-06,87.382332
2015-05-07,87.390274
2015-05-08,87.390274
2015-05-11,87.382332
2015-05-12,87.390274
2015-05-13,87.382332
2015-05-14,87.382332
2015-05-15,87.382332
2015-05-18,87.382332
2015-05-19,87.382332
2015-05-20,87.382332
2015-05-21,87.382332
2015-05-22,87.382332
2015-05-26,87.382332
2015-05-27,87.382332
2015-05-28,87.390274
2015-05-29,87.382332
2015-06-01,87.382332
2015-06-02,87.382332
2015-06-03,87.390274
2015-06-04,87.382332
2015-06-05,87.374443
2015-06-08,87.374443
2015-06-09,87.374443
2015-06-10,87.382332
2015-06-11,87.390274
2015-06-12,87.382332
2015-06-15,87.374443
2015-06-16,87.374443
2015-06-17,87.390274
2015-06-18,87.374443
2015-06-19,87.382332
2015-06-22,87.382332
2015-06-23,87.382332
2015-06-24,87.382332
2015-06-25,87.390274
2015-06-26,87.374443
2015-06-29,87.382332
2015-06-30,87.390274
2015-07-01,87.382332
2015-07-02,87.390274
2015-07-06,87.390274
2015-07-07,87.390274
2015-07-08,87.406120
2015-07-09,87.390274
2015-07-10,87.390274
2015-07-13,87.398193
2015-07-14,87.398193
2015-07-15,87.398193
2015-07-16,87.398193
2015-07-17,87.398193
2015-07-20,87.382332
2015-07-21,87.382332
2015-07-22,87.382332
2015-07-23,87.382332
2015-07-24,87.390274
2015-07-27,87.382332
2015-07-28,87.382332
2015-07-29,87.382332
2015-07-30,87.382332
2015-07-31,87.374443
2015-08-03,87.382332
2015-08-04,87.374443
2015-08-05,87.382332
2015-08-06,87.382332
2015-08-07,87.382332
2015-08-10,87.366493
2015-08-11,87.374443
2015-08-12,87.366493
2015-08-13,87.366493
2015-08-14,87.366493
2015-08-17,87.366493
2015-08-18,87.366493
2015-08-19,87.366493
2015-08-20,87.382332
2015-08-21,87.374443
2015-08-24,87.390274
2015-08-25,87.382332
2015-08-26,87.382332
2015-08-27,87.382332
2015-08-28,87.374443
2015-08-31,87.382332
2015-09-01,87.383133
2015-09-02,87.383133
2015-09-03,87.391075
2015-09-04,87.391075
2015-09-08,87.383133
2015-09-09,87.383133
2015-09-10,87.367294
2015-09-11,87.367294
2015-09-14,87.375206
2015-09-15,87.351456
2015-09-16,87.367294
2015-09-17,87.359367
2015-09-18,87.398987
2015-09-21,87.391075
2015-09-22,87.398987
2015-09-23,87.398987
2015-09-24,87.398987
2015-09-25,87.414856
2015-09-28,87.406967
2015-09-29,87.406967
2015-09-30,87.406967
2015-10-01,87.414078
2015-10-02,87.421989
2015-10-05,87.414078
2015-10-06,87.421989
2015-10-07,87.421989
2015-10-08,87.414078
2015-10-09,87.421989
2015-10-12,87.414078
2015-10-13,87.414078
2015-10-14,87.421989
2015-10-15,87.414078
2015-10-16,87.414078
2015-10-19,87.406136
2015-10-20,87.414078
2015-10-21,87.406136
2015-10-22,87.414078
2015-10-23,87.398201
2015-10-26,87.390236
2015-10-27,87.398201
2015-10-28,87.390236
2015-10-29,87.382339
2015-10-30,87.382339
2015-11-02,87.364128
2015-11-03,87.372047
2015-11-04,87.364128
2015-11-05,87.372047
2015-11-06,87.348259
2015-11-09,87.364128
2015-11-10,87.348259
2015-11-11,87.348259
2015-11-12,87.356194
2015-11-13,87.348259
2015-11-16,87.364128
2015-11-17,87.356194
2015-11-18,87.356194
2015-11-19,87.364128
2015-11-20,87.356194
2015-11-23,87.356194
2015-11-24,87.364128
2015-11-25,87.372047
2015-11-27,87.372047
2015-11-30,87.372047
2015-12-01,87.360970
2015-12-02,87.360970
2015-12-03,87.360970
2015-12-04,87.360970
2015-12-07,87.337151
2015-12-08,87.313423
2015-12-09,87.313423
2015-12-10,87.321281
2015-12-11,87.329254
2015-12-14,87.321281
2015-12-15,87.313423
2015-12-16,87.313423
2015-12-17,87.329254
2015-12-18,87.337151
2015-12-21,87.337151
2015-12-22,87.345100
2015-12-23,87.345100
2015-12-24,87.361748
2015-12-28,87.353798
2015-12-29,87.369637
2015-12-30,87.369637
2015-12-31,87.361748
2016-01-04,87.361748
2016-01-05,87.369637
2016-01-06,87.353798
2016-01-07,87.361748
2016-01-08,87.369637
2016-01-11,87.361748
2016-01-12,87.369637
2016-01-13,87.369637
2016-01-14,87.385551
2016-01-15,87.393425
2016-01-19,87.425171
2016-01-20,87.433083
2016-01-21,87.433083
2016-01-22,87.417259
2016-01-25,87.417259
2016-01-26,87.417259
2016-01-27,87.417259
2016-01-28,87.417259
2016-01-29,87.425171
2016-02-01,87.408508
2016-02-02,87.432304
2016-02-03,87.440224
2016-02-04,87.440224
2016-02-05,87.424377
2016-02-08,87.424377
2016-02-09,87.440224
2016-02-10,87.432304
2016-02-11,87.440224
2016-02-12,87.448158
2016-02-16,87.448158
2016-02-17,87.448158
2016-02-18,87.456062
2016-02-19,87.448158
2016-02-22,87.432304
2016-02-23,87.448158
2016-02-24,87.440224
2016-02-25,87.440224
2016-02-26,87.440224
2016-02-29,87.456062
2016-03-01,87.416412
2016-03-02,87.432289
2016-03-03,87.440224
2016-03-04,87.432289
2016-03-07,87.432289
2016-03-08,87.440224
2016-03-09,87.448158
2016-03-10,87.448158
2016-03-11,87.440224
2016-03-14,87.440224
2016-03-15,87.448158
2016-03-16,87.456070
2016-03-17,87.464005
2016-03-18,87.456070
2016-03-21,87.464005
2016-03-22,87.456070
2016-03-23,87.456070
2016-03-24,87.479805
2016-03-28,87.464005
2016-03-29,87.495689
2016-03-30,87.503632
2016-03-31,87.487762
2016-04-01,87.479820
2016-04-04,87.495667
2016-04-05,87.511551
2016-04-06,87.511551
2016-04-07,87.511551
2016-04-08,87.519485
2016-04-11,87.503624
2016-04-12,87.519485
2016-04-13,87.519485
2016-04-14,87.511551
2016-04-15,87.511551
2016-04-18,87.527420
2016-04-19,87.527420
2016-04-20,87.527420
2016-04-21,87.527420
2016-04-22,87.535339
2016-04-25,87.519485
2016-04-26,87.519485
2016-04-27,87.551208
2016-04-28,87.543213
2016-04-29,87.535339
2016-05-02,87.528992
2016-05-03,87.536949
2016-05-04,87.536949
2016-05-05,87.552803
2016-05-06,87.560707
2016-05-09,87.560707
2016-05-10,87.552803
2016-05-11,87.552803
2016-05-12,87.536949
2016-05-13,87.536949
2016-05-16,87.544884
2016-05-17,87.544884
2016-05-18,87.536949
2016-05-19,87.544884
2016-05-20,87.528992
2016-05-23,87.536949
2016-05-24,87.528992
2016-05-25,87.536949
2016-05-26,87.536949
2016-05-27,87.521049
2016-05-31,87.528992
2016-06-01,87.529785
2016-06-02,87.537720
2016-06-03,87.537720
2016-06-06,87.553581
2016-06-07,87.561508
2016-06-08,87.561508
2016-06-09,87.561508
2016-06-10,87.569450
2016-06-13,87.569450
2016-06-14,87.561508
2016-06-15,87.561508
2016-06-16,87.585358
2016-06-17,87.585358
2016-06-20,87.569450
2016-06-21,87.569450
2016-06-22,87.585358
2016-06-23,87.561508
2016-06-24,87.609108
2016-06-27,87.609108
2016-06-28,87.593239
2016-06-29,87.593239
2016-06-30,87.617035
2016-07-01,87.634514
2016-07-05,87.618622
2016-07-06,87.594841
2016-07-07,87.618622
2016-07-08,87.610718
2016-07-11,87.594841
2016-07-12,87.602737
2016-07-13,87.594841
2016-07-14,87.594841
2016-07-15,87.602737
2016-07-18,87.602737
2016-07-19,87.594841
2016-07-20,87.594841
2016-07-21,87.602737
2016-07-22,87.594841
2016-07-25,87.602737
2016-07-26,87.594841
2016-07-27,87.610718
2016-07-28,87.602737
2016-07-29,87.618622
2016-08-01,87.618629
2016-08-02,87.618629
2016-08-03,87.602753
2016-08-04,87.626556
2016-08-05,87.610695
2016-08-08,87.594826
2016-08-09,87.610695
2016-08-10,87.618629
2016-08-11,87.626556
2016-08-12,87.618629
2016-08-15,87.626556
2016-08-16,87.626556
2016-08-17,87.610695
2016-08-18,87.634506
2016-08-19,87.634506
2016-08-22,87.634506
2016-08-23,87.618629
2016-08-24,87.618629
2016-08-25,87.618629
2016-08-26,87.618629
2016-08-29,87.626556
2016-08-30,87.618629
2016-08-31,87.618629
2016-09-01,87.613045
2016-09-02,87.605133
2016-09-06,87.644829
2016-09-07,87.628944
2016-09-08,87.621017
2016-09-09,87.628944
2016-09-12,87.613045
2016-09-13,87.621017
2016-09-14,87.605133
2016-09-15,87.613045
2016-09-16,87.636894
2016-09-19,87.628944
2016-09-20,87.660706
2016-09-21,87.660706
2016-09-22,87.660706
2016-09-23,87.684540
2016-09-26,87.700409
2016-09-27,87.660706
2016-09-28,87.692436
2016-09-29,87.684540
2016-09-30,87.676605
2016-10-03,87.639305
2016-10-04,87.639305
2016-10-05,87.663116
2016-10-06,87.639305
2016-10-07,87.671059
2016-10-10,87.647202
2016-10-11,87.671059
2016-10-12,87.655197
2016-10-13,87.678970
2016-10-14,87.678970
2016-10-17,87.678970
2016-10-18,87.671059
2016-10-19,87.686882
2016-10-20,87.663116
2016-10-21,87.678970
2016-10-24,87.686882
2016-10-25,87.686882
2016-10-26,87.686882
2016-10-27,87.671059
2016-10-28,87.686882
2016-10-31,87.710777
2016-11-01,87.707588
2016-11-02,87.691666
2016-11-03,87.707588
2016-11-04,87.715500
2016-11-07,87.683739
2016-11-08,87.699669
2016-11-09,87.699669
2016-11-10,87.644012
2016-11-11,87.651985
2016-11-14,87.651985
2016-11-15,87.651985
2016-11-16,87.659920
2016-11-17,87.675789
2016-11-18,87.659920
2016-11-21,87.667854
2016-11-22,87.651985
2016-11-23,87.651985
2016-11-25,87.683739
2016-11-28,87.683739
2016-11-29,87.675789
2016-11-30,87.651985
2016-12-01,87.665474
2016-12-02,87.697250
2016-12-05,87.665474
2016-12-06,87.697250
2016-12-07,87.657509
2016-12-08,87.657509
2016-12-09,87.665474
2016-12-12,87.665474
2016-12-13,87.665474
2016-12-14,87.657509
2016-12-15,87.681374
2016-12-16,87.705200
2016-12-19,87.721069
2016-12-20,87.721069
2016-12-21,87.729042
2016-12-22,87.721092
2016-12-23,87.721092
2016-12-27,87.721092
2016-12-28,87.713135
2016-12-29,87.729050
2016-12-30,87.721092
2017-01-03,87.744926
2017-01-04,87.737022
2017-01-05,87.729050
2017-01-06,87.752922
2017-01-09,87.768829
2017-01-10,87.760857
2017-01-11,87.760857
2017-01-12,87.768829
2017-01-13,87.768829
2017-01-17,87.760857
2017-01-18,87.768829
2017-01-19,87.776772
2017-01-20,87.776772
2017-01-23,87.784714
2017-01-24,87.768829
2017-01-25,87.760857
2017-01-26,87.784714
2017-01-27,87.768829
2017-01-30,87.776772
2017-01-31,87.768829
2017-02-01,87.776741
2017-02-02,87.768845
2017-02-03,87.784737
2017-02-06,87.800636
2017-02-07,87.792671
2017-02-08,87.808609
2017-02-09,87.784737
2017-02-10,87.800636
2017-02-13,87.800636
2017-02-14,87.776741
2017-02-15,87.792671
2017-02-16,87.784737
2017-02-17,87.800636
2017-02-21,87.808609
2017-02-22,87.800636
2017-02-23,87.800636
2017-02-24,87.824478
2017-02-27,87.816544
2017-02-28,87.808609
2017-03-01,87.772003
2017-03-02,87.764046
2017-03-03,87.779961
2017-03-06,87.764046
2017-03-07,87.764046
2017-03-08,87.732155
2017-03-09,87.740143
2017-03-10,87.772003
2017-03-13,87.748123
2017-03-14,87.748123
2017-03-15,87.779961
2017-03-16,87.772003
2017-03-17,87.772003
2017-03-20,87.779961
2017-03-21,87.779961
2017-03-22,87.779961
2017-03-23,87.779961
2017-03-24,87.772003
2017-03-27,87.764046
2017-03-28,87.772003
2017-03-29,87.795860
2017-03-30,87.803818
2017-03-31,87.819710
2017-04-03,87.801414
2017-04-04,87.793472
2017-04-05,87.769547
2017-04-06,87.793472
2017-04-07,87.785500
2017-04-10,87.801414
2017-04-11,87.801414
2017-04-12,87.809372
2017-04-13,87.825302
2017-04-17,87.809372
2017-04-18,87.809372
2017-04-19,87.825302
2017-04-20,87.809372
2017-04-21,87.817368
2017-04-24,87.833237
2017-04-25,87.825302
2017-04-26,87.817368
2017-04-27,87.825302
2017-04-28,87.817368
2017-05-01,87.826096
2017-05-02,87.818138
2017-05-03,87.802193
2017-05-04,87.810165
2017-05-05,87.818138
2017-05-08,87.818138
2017-05-09,87.818138
2017-05-10,87.810165
2017-05-11,87.834084
2017-05-12,87.834084
2017-05-15,87.842064
2017-05-16,87.842064
2017-05-17,87.865944
2017-05-18,87.858002
2017-05-19,87.865944
2017-05-22,87.865944
2017-05-23,87.858002
2017-05-24,87.865944
2017-05-25,87.865944
2017-05-26,87.865944
2017-05-30,87.858002
2017-05-31,87.865944
2017-06-01,87.870735
2017-06-02,87.886696
2017-06-05,87.878708
2017-06-06,87.870735
2017-06-07,87.878708
2017-06-08,87.878708
2017-06-09,87.870735
2017-06-12,87.862770
2017-06-13,87.894623
2017-06-14,87.894623
2017-06-15,87.894623
2017-06-16,87.902565
2017-06-19,87.902565
2017-06-20,87.902565
2017-06-21,87.902565
2017-06-22,87.918526
2017-06-23,87.926521
2017-06-26,87.910553
2017-06-27,87.910553
2017-06-28,87.918526
2017-06-29,87.926521
2017-06-30,87.934517
2017-07-03,87.927338
2017-07-05,87.927338
2017-07-06,87.951225
2017-07-07,87.943237
2017-07-10,87.951225
2017-07-11,87.967148
2017-07-12,87.975151
2017-07-13,87.967148
2017-07-14,87.991089
2017-07-17,87.991089
2017-07-18,87.983124
2017-07-19,87.983124
2017-07-20,87.991089
2017-07-21,87.983124
2017-07-24,87.991089
2017-07-25,87.951225
2017-07-26,87.991089
2017-07-27,87.991089
2017-07-28,88.007057
2017-07-31,88.023033
2017-08-01,88.012596
2017-08-02,88.020599
2017-08-03,88.036552
2017-08-04,88.028580
2017-08-07,88.028580
2017-08-08,88.044540
2017-08-09,88.012596
2017-08-10,88.020599
2017-08-11,88.036552
2017-08-14,88.052498
2017-08-15,88.052498
2017-08-16,88.068497
2017-08-17,88.060463
2017-08-18,88.076492
2017-08-21,88.076492
2017-08-22,88.060463
2017-08-23,88.076492
2017-08-24,88.076492
2017-08-25,88.084427
2017-08-28,88.084427
2017-08-29,88.092415
2017-08-30,88.100395
2017-08-31,88.084427
2017-09-01,88.071648
2017-09-05,88.103600
2017-09-06,88.071648
2017-09-07,88.111557
2017-09-08,88.103600
2017-09-11,88.119530
2017-09-12,88.095619
2017-09-13,88.095619
2017-09-14,88.103600
2017-09-15,88.111557
2017-09-18,88.087631
2017-09-19,88.087631
2017-09-20,88.111557
2017-09-21,88.111557
2017-09-22,88.119530
2017-09-25,88.111557
2017-09-26,88.135567
2017-09-27,88.127571
2017-09-28,88.135567
2017-09-29,88.151512
2017-10-02,88.154701
2017-10-03,88.154701
2017-10-04,88.146713
2017-10-05,88.138710
2017-10-06,88.138710
2017-10-09,88.154701
2017-10-10,88.138710
2017-10-11,88.162697
2017-10-12,88.170685
2017-10-13,88.170685
2017-10-16,88.170685
2017-10-17,88.170685
2017-10-18,88.186630
2017-10-19,88.194672
2017-10-20,88.186630
2017-10-23,88.178650
2017-10-24,88.178650
2017-10-25,88.170685
2017-10-26,88.178650
2017-10-27,88.170685
2017-10-30,88.186630
2017-10-31,88.186630
2017-11-01,88.186653
2017-11-02,88.194687
2017-11-03,88.194687
2017-11-06,88.194687
2017-11-07,88.186653
2017-11-08,88.186653
2017-11-09,88.194687
2017-11-10,88.194687
2017-11-13,88.202667
2017-11-14,88.202667
2017-11-15,88.210686
2017-11-16,88.194687
2017-11-17,88.202667
2017-11-20,88.202667
2017-11-21,88.210686
2017-11-22,88.218643
2017-11-24,88.226639
2017-11-27,88.234642
2017-11-28,88.234642
2017-11-29,88.234642
2017-11-30,88.234642
2017-12-01,88.243477
2017-12-04,88.235481
2017-12-05,88.243477
2017-12-06,88.243477
2017-12-07,88.251511
2017-12-08,88.267487
2017-12-11,88.267487
2017-12-12,88.243477
2017-12-13,88.251511
2017-12-14,88.259468
2017-12-15,88.267487
2017-12-18,88.251511
2017-12-19,88.259468
2017-12-20,88.267487
2017-12-21,88.277107
2017-12-22,88.277107
2017-12-26,88.285103
2017-12-27,88.277107
2017-12-28,88.309151
2017-12-29,88.309151
2018-01-02,88.301117
2018-01-03,88.301117
2018-01-04,88.317154
2018-01-05,88.317154
2018-01-08,88.317154
2018-01-09,88.317154
2018-01-10,88.309151
2018-01-11,88.317154
2018-01-12,88.325172
2018-01-16,88.333153
2018-01-17,88.341171
2018-01-18,88.349190
2018-01-19,88.349190
2018-01-22,88.357162
2018-01-23,88.349190
2018-01-24,88.365173
2018-01-25,88.373222
2018-01-26,88.381226
2018-01-29,88.381226
2018-01-30,88.381226
2018-01-31,88.421288
2018-02-01,88.381203
2018-02-02,88.397240
2018-02-05,88.421295
2018-02-06,88.397240
2018-02-07,88.397240
2018-02-08,88.405220
2018-02-09,88.397240
2018-02-12,88.397240
2018-02-13,88.381203
2018-02-14,88.381203
2018-02-15,88.397240
2018-02-16,88.413261
2018-02-20,88.405220
2018-02-21,88.421295
2018-02-22,88.421295
2018-02-23,88.429283
2018-02-26,88.421295
2018-02-27,88.429283
2018-02-28,88.429283
2018-03-01,88.448563
2018-03-02,88.440567
2018-03-05,88.440567
2018-03-06,88.448563
2018-03-07,88.456581
2018-03-08,88.480682
2018-03-09,88.480682
2018-03-12,88.480682
2018-03-13,88.488701
2018-03-14,88.480682
2018-03-15,88.472618
2018-03-16,88.496735
2018-03-19,88.488701
2018-03-20,88.488701
2018-03-21,88.520798
2018-03-22,88.496735
2018-03-23,88.528847
2018-03-26,88.520798
2018-03-27,88.552895
2018-03-28,88.536850
2018-03-29,88.576965
2018-04-02,88.571365
2018-04-03,88.571365
2018-04-04,88.579422
2018-04-05,88.587387
2018-04-06,88.587387
2018-04-09,88.603462
2018-04-10,88.595398
2018-04-11,88.603462
2018-04-12,88.603462
2018-04-13,88.611511
2018-04-16,88.611511
2018-04-17,88.611511
2018-04-18,88.611511
2018-04-19,88.619530
2018-04-20,88.627571
2018-04-23,88.627571
2018-04-24,88.635620
2018-04-25,88.635620
2018-04-26,88.643639
2018-04-27,88.659706
2018-04-30,88.659706
2018-05-01,88.670197
2018-05-02,88.670197
2018-05-03,88.670197
2018-05-04,88.686234
2018-05-07,88.694252
2018-05-08,88.686234
2018-05-09,88.694252
2018-05-10,88.702332
2018-05-11,88.710381
2018-05-14,88.702332
2018-05-15,88.718407
2018-05-16,88.710381
2018-05-17,88.734520
2018-05-18,88.734520
2018-05-21,88.726463
2018-05-22,88.726463
2018-05-23,88.758629
2018-05-24,88.758629
2018-05-25,88.782768
2018-05-29,88.806870
2018-05-30,88.790833
2018-05-31,88.798843
2018-06-01,88.797203
2018-06-04,88.805290
2018-06-05,88.805290
2018-06-06,88.805290
2018-06-07,88.813316
2018-06-08,88.821434
2018-06-11,88.829430
2018-06-12,88.829430
2018-06-13,88.829430
2018-06-14,88.845551
2018-06-15,88.853600
2018-06-18,88.853600
2018-06-19,88.869705
2018-06-20,88.861664
2018-06-21,88.893860
2018-06-22,88.893860
2018-06-25,88.901909
2018-06-26,88.909950
2018-06-27,88.918007
2018-06-28,88.909950
2018-06-29,88.934120
2018-07-02,88.934959
2018-07-03,88.943039
2018-07-05,88.959167
2018-07-06,88.959167
2018-07-09,88.959167
2018-07-10,88.959167
2018-07-11,88.975258
2018-07-12,88.983307
2018-07-13,88.983307
2018-07-16,88.991386
2018-07-17,88.991386
2018-07-18,88.999435
2018-07-19,88.999435
2018-07-20,89.007477
2018-07-23,89.015579
2018-07-24,89.015579
2018-07-25,89.023636
2018-07-26,89.039772
2018-07-27,89.031685
2018-07-30,89.039772
2018-07-31,89.047859
2018-08-01,89.051865
2018-08-02,89.068016
2018-08-03,89.084198
2018-08-06,89.076111
2018-08-07,89.084198
2018-08-08,89.084198
2018-08-09,89.100349
2018-08-10,89.116463
2018-08-13,89.108383
2018-08-14,89.124542
2018-08-15,89.124542
2018-08-16,89.132622
2018-08-17,89.148758
2018-08-20,89.156876
2018-08-21,89.164932
2018-08-22,89.173019
2018-08-23,89.164932
2018-08-24,89.173019
2018-08-27,89.173019
2018-08-28,89.181099
2018-08-29,89.189171
2018-08-30,89.197212
2018-08-31,89.205330
2018-09-04,89.215866
2018-09-05,89.223938
2018-09-06,89.232033
2018-09-07,89.240105
2018-09-10,89.248184
2018-09-11,89.248184
2018-09-12,89.256279
2018-09-13,89.248184
2018-09-14,89.256279
2018-09-17,89.272461
2018-09-18,89.264366
2018-09-19,89.256279
2018-09-20,89.272461
2018-09-21,89.288620
2018-09-24,89.288620
2018-09-25,89.288620
2018-09-26,89.304802
2018-09-27,89.320992
2018-09-28,89.329079
2018-10-01,89.338768
2018-10-02,89.330734
2018-10-03,89.346886
2018-10-04,89.363121
2018-10-05,89.363121
2018-10-08,89.371193
2018-10-09,89.371193
2018-10-10,89.371193
2018-10-11,89.379272
2018-10-12,89.395462
2018-10-15,89.395462
2018-10-16,89.403595
2018-10-17,89.387398
2018-10-18,89.427917
2018-10-19,89.427917
2018-10-22,89.427917
2018-10-23,89.436012
2018-10-24,89.444153
2018-10-25,89.460312
2018-10-26,89.468399
2018-10-29,89.468399
2018-10-30,89.476524
2018-10-31,89.484589
2018-11-01,89.497581
2018-11-02,89.489487
2018-11-05,89.497581
2018-11-06,89.489487
2018-11-07,89.505730
2018-11-08,89.513855
2018-11-09,89.521957
2018-11-12,89.554398
2018-11-13,89.546272
2018-11-14,89.554398
2018-11-15,89.562538
2018-11-16,89.570663
2018-11-19,89.586868
2018-11-20,89.595016
2018-11-21,89.595016
2018-11-23,89.619339
2018-11-26,89.619339
2018-11-27,89.627434
2018-11-28,89.635544
2018-11-29,89.643700
2018-11-30,89.651810
2018-12-03,89.659943
2018-12-04,89.659943
2018-12-06,89.684303
2018-12-07,89.692444
2018-12-10,89.700554
2018-12-11,89.692444
2018-12-12,89.708702
2018-12-13,89.724991
2018-12-14,89.733086
2018-12-17,89.749390
2018-12-18,89.758324
2018-12-19,89.766449
2018-12-20,89.782784
2018-12-21,89.799026
2018-12-24,89.790871
2018-12-26,89.790871
2018-12-27,89.831612
2018-12-28,89.847923
2018-12-31,89.831612
2019-01-02,89.839752
2019-01-03,89.872345
2019-01-04,89.896767
2019-01-07,89.896767
2019-01-08,89.888626
2019-01-09,89.880501
2019-01-10,89.904892
2019-01-11,89.929329
2019-01-14,89.937492
2019-01-15,89.945602
2019-01-16,89.929329
2019-01-17,89.953766
2019-01-18,89.978210
2019-01-22,89.970062
2019-01-23,89.970062
2019-01-24,90.002617
2019-01-25,90.002617
2019-01-28,90.002617
2019-01-29,89.994499
2019-01-30,90.018921
2019-01-31,90.051506
2019-02-01,90.058060
2019-02-04,90.058060
2019-02-05,90.049904
2019-02-06,90.074333
2019-02-07,90.082527
2019-02-08,90.098839
2019-02-11,90.098839
2019-02-12,90.090698
2019-02-13,90.098839
2019-02-14,90.123299
2019-02-15,90.139648
2019-02-19,90.147797
2019-02-20,90.147797
2019-02-21,90.172264
2019-02-22,90.172264
2019-02-25,90.172264
2019-02-26,90.172264
2019-02-27,90.196754
2019-02-28,90.196754
2019-03-01,90.209030
2019-03-04,90.225388
2019-03-05,90.217171
2019-03-06,90.233559
2019-03-07,90.249886
2019-03-08,90.266266
2019-03-11,90.249886
2019-03-12,90.266266
2019-03-13,90.282608
2019-03-14,90.282608
2019-03-15,90.307121
2019-03-18,90.290764
2019-03-19,90.315315
2019-03-20,90.323456
2019-03-21,90.331665
2019-03-22,90.356194
2019-03-25,90.356194
2019-03-26,90.372528
2019-03-27,90.364372
2019-03-28,90.388863
2019-03-29,90.397064
2019-04-01,90.397041
2019-04-02,90.421616
2019-04-03,90.405273
2019-04-04,90.446220
2019-04-05,90.438011
2019-04-08,90.454391
2019-04-09,90.438011
2019-04-10,90.462601
2019-04-11,90.487160
2019-04-12,90.487160
2019-04-15,90.478951
2019-04-16,90.495369
2019-04-17,90.519920
2019-04-18,90.511757
2019-04-22,90.511757
2019-04-23,90.511757
2019-04-24,90.544518
2019-04-25,90.560852
2019-04-26,90.569054
2019-04-29,90.569054
2019-04-30,90.569054
2019-05-01,90.583862
2019-05-02,90.600273
2019-05-03,90.600273
2019-05-06,90.608467
2019-05-07,90.616692
2019-05-08,90.616692
2019-05-09,90.641327
2019-05-10,90.641327
2019-05-13,90.657730
2019-05-14,90.665955
2019-05-15,90.665955
2019-05-16,90.690567
2019-05-17,90.690567
2019-05-20,90.682327
2019-05-21,90.698776
2019-05-22,90.707001
2019-05-23,90.731575
2019-05-24,90.739769
2019-05-28,90.739769
2019-05-29,90.739769
2019-05-30,90.764435
2019-05-31,90.789062
2019-06-03,90.822769
2019-06-04,90.814552
2019-06-05,90.847466
2019-06-06,90.863861
2019-06-07,90.872139
2019-06-10,90.888580
2019-06-11,90.880356
2019-06-12,90.888580
2019-06-13,90.929672
2019-06-14,90.937904
2019-06-17,90.937904
2019-06-18,90.937904
2019-06-19,90.937904
2019-06-20,90.987259
2019-06-21,90.979042
2019-06-24,90.979042
2019-06-25,90.979042
2019-06-26,90.995499
2019-06-27,91.020180
2019-06-28,91.003708
2019-07-01,91.011093
2019-07-02,91.027618
2019-07-03,91.052322
2019-07-05,91.027618
2019-07-08,91.044128
2019-07-09,91.044128
2019-07-10,91.060547
2019-07-11,91.077057
2019-07-12,91.060547
2019-07-15,91.085289
2019-07-16,91.068810
2019-07-17,91.093491
2019-07-18,91.118271
2019-07-19,91.109970
2019-07-22,91.134743
2019-07-23,91.126503
2019-07-24,91.126503
2019-07-25,91.134743
2019-07-26,91.142960
2019-07-29,91.142960
2019-07-30,91.151207
2019-07-31,91.151207
2019-08-01,91.192467
2019-08-02,91.209007
2019-08-05,91.225502
2019-08-06,91.233772
2019-08-07,91.242050
2019-08-08,91.258545
2019-08-09,91.266762
2019-08-12,91.275040
2019-08-13,91.266762
2019-08-14,91.283287
2019-08-15,91.324562
2019-08-16,91.316338
2019-08-19,91.316338
2019-08-20,91.332825
2019-08-21,91.332825
2019-08-22,91.332825
2019-08-23,91.357628
2019-08-26,91.341057
2019-08-27,91.349350
2019-08-28,91.349350
2019-08-29,91.365845
2019-08-30,91.357628
2019-09-03,91.380768
2019-09-04,91.397316
2019-09-05,91.380768
2019-09-06,91.405586
2019-09-09,91.397316
2019-09-10,91.380768
2019-09-11,91.397316
2019-09-12,91.405586
2019-09-13,91.405586
2019-09-16,91.405586
2019-09-17,91.405586
2019-09-18,91.413834
2019-09-19,91.413834
2019-09-20,91.422112
2019-09-23,91.430336
2019-09-24,91.438637
2019-09-25,91.446938
2019-09-26,91.463448
2019-09-27,91.471756
2019-09-30,91.488258
2019-10-01,91.499878
2019-10-02,91.533012
2019-10-03,91.566139
2019-10-04,91.599297
2019-10-07,91.591011
2019-10-08,91.591011
2019-10-09,91.591011
2019-10-10,91.624153
2019-10-11,91.599297
2019-10-14,91.615875
2019-10-15,91.615875
2019-10-16,91.632431
2019-10-17,91.665588
2019-10-18,91.665588
2019-10-21,91.657303
2019-10-22,91.657303
2019-10-23,91.657303
2019-10-24,91.665588
2019-10-25,91.682159
2019-10-28,91.682159
2019-10-29,91.682159
2019-10-30,91.690407
2019-10-31,91.731850
2019-11-01,91.728554
2019-11-04,91.736855
2019-11-05,91.720253
2019-11-06,91.728554
2019-11-07,91.736855
2019-11-08,91.745132
2019-11-11,91.736855
2019-11-12,91.753456
2019-11-13,91.753456
2019-11-14,91.778343
2019-11-15,91.778343
2019-11-18,91.778343
2019-11-19,91.770035
2019-11-20,91.770035
2019-11-21,91.778343
2019-11-22,91.786636
2019-11-25,91.794899
2019-11-26,91.794899
2019-11-27,91.803200
2019-11-29,91.794899
2019-12-02,91.802406
2019-12-03,91.835640
2019-12-04,91.827347
2019-12-05,91.835640
2019-12-06,91.852264
2019-12-09,91.843987
2019-12-10,91.843987
2019-12-11,91.852264
2019-12-12,91.860611
2019-12-13,91.885536
2019-12-16,91.877174
2019-12-17,91.893845
2019-12-18,91.893845
2019-12-19,91.893875
2019-12-20,91.910477
2019-12-23,91.893875
2019-12-24,91.918816
2019-12-26,91.910477
2019-12-27,91.927124
2019-12-30,91.935432
2019-12-31,91.952110
2020-01-02,91.968765
2020-01-03,91.968765
2020-01-06,91.960457
2020-01-07,91.977074
2020-01-08,91.985428
2020-01-09,91.985428
2020-01-10,91.977074
2020-01-13,91.985428
2020-01-14,91.985428
2020-01-15,92.002075
2020-01-16,92.018677
2020-01-17,92.018677
2020-01-21,92.027031
2020-01-22,92.027031
2020-01-23,92.043686
2020-01-24,92.052010
2020-01-27,92.060310
2020-01-28,92.060310
2020-01-29,92.068657
2020-01-30,92.076981
2020-01-31,92.093628
2020-02-03,92.094475
2020-02-04,92.077782
2020-02-05,92.086121
2020-02-06,92.077782
2020-02-07,92.102798
2020-02-10,92.102798
2020-02-11,92.111122
2020-02-12,92.102798
2020-02-13,92.119499
2020-02-14,92.127792
2020-02-18,92.127792
2020-02-19,92.136162
2020-02-20,92.136162
2020-02-21,92.169487
2020-02-24,92.169487
2020-02-25,92.194489
2020-02-26,92.194489
2020-02-27,92.236183
2020-02-28,92.294556
2020-03-02,92.327957
2020-03-03,92.411400
2020-03-04,92.444809
2020-03-05,92.528282
2020-03-06,92.553307
2020-03-09,92.611786
2020-03-10,92.561630
2020-03-11,92.578362
2020-03-12,92.595032
2020-03-13,92.553307
2020-03-16,92.578362
2020-03-17,92.586739
2020-03-18,92.686905
2020-03-19,92.661819
2020-03-20,92.686905
2020-03-23,92.661819
2020-03-24,92.695244
2020-03-25,92.720299
2020-03-26,92.703545
2020-03-27,92.703545
2020-03-30,92.678581
2020-03-31,92.678581
2020-04-01,92.706924
2020-04-02,92.706924
2020-04-03,92.673492
2020-04-06,92.681885
2020-04-07,92.723709
2020-04-08,92.673492
2020-04-09,92.690239
2020-04-13,92.681885
2020-04-14,92.698639
2020-04-15,92.690239
2020-04-16,92.698639
2020-04-17,92.698639
2020-04-20,92.706924
2020-04-21,92.706924
2020-04-22,92.706924
2020-04-23,92.690239
2020-04-24,92.706924
2020-04-27,92.681885
2020-04-28,92.706924
2020-04-29,92.681885
2020-04-30,92.698639
2020-05-01,92.699440
2020-05-04,92.691063
2020-05-05,92.699440
2020-05-06,92.682732
2020-05-07,92.682732
2020-05-08,92.691063
2020-05-11,92.674370
2020-05-12,92.682732
2020-05-13,92.682732
2020-05-14,92.691063
2020-05-15,92.699440
2020-05-18,92.699440
2020-05-19,92.699440
2020-05-20,92.699440
2020-05-21,92.691063
2020-05-22,92.699440
2020-05-26,92.691063
2020-05-27,92.682732
2020-05-28,92.691063
2020-05-29,92.674370
2020-06-01,92.683548
2020-06-02,92.683548
2020-06-03,92.675148
2020-06-04,92.666832
2020-06-05,92.666832
2020-06-08,92.666832
2020-06-09,92.666832
2020-06-10,92.666832
2020-06-11,92.683548
2020-06-12,92.683548
2020-06-15,92.666832
2020-06-16,92.666832
2020-06-17,92.666832
2020-06-18,92.675148
2020-06-19,92.675148
2020-06-22,92.675148
2020-06-23,92.683548
2020-06-24,92.675148
2020-06-25,92.675148
2020-06-26,92.683548
2020-06-29,92.675148
2020-06-30,92.691925
2020-07-01,92.675148
2020-07-02,92.675148
2020-07-06,92.683548
2020-07-07,92.683548
2020-07-08,92.675148
2020-07-09,92.683548
2020-07-10,92.683548
2020-07-13,92.691925
2020-07-14,92.691925
2020-07-15,92.691925
2020-07-16,92.683548
2020-07-17,92.683548
2020-07-20,92.691925
2020-07-21,92.691925
2020-07-22,92.683548
2020-07-23,92.683548
2020-07-24,92.683548
2020-07-27,92.691925
2020-07-28,92.691925
2020-07-29,92.683548
2020-07-30,92.683548
2020-07-31,92.691925
2020-08-03,92.696922
2020-08-04,92.696922
2020-08-05,92.688538
2020-08-06,92.688538
2020-08-07,92.688538
2020-08-10,92.688538
2020-08-11,92.688538
2020-08-12,92.680222
2020-08-13,92.680222
2020-08-14,92.688538
2020-08-17,92.696922
2020-08-18,92.688538
2020-08-19,92.688538
2020-08-20,92.688538
2020-08-21,92.688538
2020-08-24,92.688538
2020-08-25,92.680222
2020-08-26,92.680222
2020-08-27,92.688538
2020-08-28,92.696922
2020-08-31,92.688538
2020-09-01,92.683548
2020-09-02,92.691933
2020-09-03,92.683548
2020-09-04,92.683548
2020-09-08,92.683548
2020-09-09,92.683548
2020-09-10,92.683548
2020-09-11,92.683548
2020-09-14,92.683548
2020-09-15,92.683548
2020-09-16,92.683548
2020-09-17,92.683548
2020-09-18,92.683548
2020-09-21,92.683548
2020-09-22,92.683548
2020-09-23,92.683548
2020-09-24,92.683548
2020-09-25,92.683548
2020-09-28,92.683548
2020-09-29,92.691933
2020-09-30,92.683548
2020-10-01,92.694443
2020-10-02,92.686058
2020-10-05,92.686058
2020-10-06,92.694443
2020-10-07,92.686058
2020-10-08,92.686058
2020-10-09,92.686058
2020-10-12,92.694443
2020-10-13,92.694443
2020-10-14,92.677711
2020-10-15,92.686058
2020-10-16,92.686058
2020-10-19,92.677711
2020-10-20,92.677711
2020-10-21,92.677711
2020-10-22,92.677711
2020-10-23,92.677711
2020-10-26,92.677711
2020-10-27,92.677711
2020-10-28,92.677711
2020-10-29,92.686058
2020-10-30,92.694443
2020-11-02,92.675186
2020-11-03,92.691917
2020-11-04,92.675186
2020-11-05,92.683571
2020-11-06,92.683571
2020-11-09,92.675186
2020-11-10,92.675186
2020-11-11,92.683571
2020-11-12,92.683571
2020-11-13,92.683571
2020-11-16,92.683571
2020-11-17,92.683571
2020-11-18,92.683571
2020-11-19,92.683571
2020-11-20,92.683571
2020-11-23,92.683571
2020-11-24,92.683571
2020-11-25,92.683571
2020-11-27,92.691917
2020-11-30,92.675186
2020-12-01,92.676857
2020-12-02,92.676857
2020-12-03,92.676857
2020-12-04,92.685234
2020-12-07,92.685234
2020-12-08,92.676857
2020-12-09,92.685234
2020-12-10,92.693596
2020-12-11,92.685234
2020-12-14,92.685234
2020-12-15,92.676857
2020-12-16,92.685234
2020-12-17,92.685234
2020-12-18,92.685234
2020-12-21,92.685234
2020-12-22,92.676857
2020-12-23,92.685234
2020-12-24,92.685234
2020-12-28,92.676857
2020-12-29,92.685234
2020-12-30,92.685234
2020-12-31,92.693596
2021-01-04,92.685234
2021-01-05,92.685234
2021-01-06,92.693596
2021-01-07,92.693596
2021-01-08,92.685234
2021-01-11,92.676857
2021-01-12,92.676857
2021-01-13,92.676857
2021-01-14,92.676857
2021-01-15,92.676857
2021-01-19,92.676857
2021-01-20,92.676857
2021-01-21,92.676857
2021-01-22,92.676857
2021-01-25,92.676857
2021-01-26,92.676857
2021-01-27,92.685234
2021-01-28,92.676857
2021-01-29,92.685234
2021-02-01,92.676857
2021-02-02,92.676857
2021-02-03,92.693596
2021-02-04,92.685234
2021-02-05,92.693596
2021-02-08,92.685234
2021-02-09,92.693596
2021-02-10,92.693596
2021-02-11,92.685234
2021-02-12,92.685234
2021-02-16,92.685234
2021-02-17,92.685234
2021-02-18,92.685234
2021-02-19,92.685234
2021-02-22,92.685234
2021-02-23,92.685234
2021-02-24,92.685234
2021-02-25,92.676857
2021-02-26,92.685234
2021-03-01,92.685234
2021-03-02,92.676857
2021-03-03,92.685234
2021-03-04,92.676857
2021-03-05,92.676857
2021-03-08,92.676857
2021-03-09,92.685234
2021-03-10,92.676857
2021-03-11,92.676857
2021-03-12,92.676857
2021-03-15,92.676857
2021-03-16,92.676857
2021-03-17,92.685234
2021-03-18,92.685234
2021-03-19,92.685234
2021-03-22,92.693596
2021-03-23,92.685234
2021-03-24,92.685234
2021-03-25,92.685234
2021-03-26,92.685234
2021-03-29,92.685234
2021-03-30,92.676857
2021-03-31,92.676857
2021-04-01,92.676857
2021-04-05,92.676857
2021-04-06,92.693596
2021-04-07,92.685234
2021-04-08,92.685234
2021-04-09,92.693596
2021-04-12,92.685234
2021-04-13,92.685234
2021-04-14,92.685234
2021-04-15,92.676857
2021-04-16,92.676857
2021-04-19,92.676857
2021-04-20,92.676857
2021-04-21,92.676857
2021-04-22,92.676857
2021-04-23,92.685234
2021-04-26,92.676857
2021-04-27,92.676857
2021-04-28,92.676857
2021-04-29,92.676857
2021-04-30,92.676857
2021-05-03,92.676857
2021-05-04,92.685234
2021-05-05,92.685234
2021-05-06,92.685234
2021-05-07,92.685234
2021-05-10,92.676857
2021-05-11,92.676857
2021-05-12,92.676857
2021-05-13,92.685234
2021-05-14,92.676857
2021-05-17,92.676857
2021-05-18,92.676857
2021-05-19,92.676857
2021-05-20,92.676857
2021-05-21,92.685234
2021-05-24,92.685234
2021-05-25,92.685234
2021-05-26,92.685234
2021-05-27,92.685234
2021-05-28,92.676857
2021-06-01,92.668465
2021-06-02,92.676857
2021-06-03,92.668465
2021-06-04,92.676857
2021-06-07,92.668465
2021-06-08,92.676857
2021-06-09,92.660072
2021-06-10,92.668465
2021-06-11,92.660072
2021-06-14,92.660072
2021-06-15,92.668465
2021-06-16,92.668465
2021-06-17,92.668465
2021-06-18,92.651688
2021-06-21,92.660072
2021-06-22,92.651688
2021-06-23,92.660072
2021-06-24,92.668465
2021-06-25,92.651688
2021-06-28,92.660072
2021-06-29,92.660072
2021-06-30,92.660072
2021-07-01,92.660072
2021-07-02,92.660072
2021-07-06,92.651688
2021-07-07,92.660072
2021-07-08,92.660072
2021-07-09,92.660072
2021-07-12,92.651688
2021-07-13,92.660072
2021-07-14,92.660072
2021-07-15,92.651688
2021-07-16,92.651688
2021-07-19,92.651688
2021-07-20,92.660072
2021-07-21,92.651688
2021-07-22,92.651688
2021-07-23,92.660072
2021-07-26,92.651688
2021-07-27,92.651688
2021-07-28,92.660072
2021-07-29,92.660072
2021-07-30,92.660072
2021-08-02,92.660072
2021-08-03,92.660072
2021-08-04,92.651688
2021-08-05,92.651688
2021-08-06,92.660072
2021-08-09,92.651688
2021-08-10,92.651688
2021-08-11,92.643303
2021-08-12,92.643303
2021-08-13,92.643303
2021-08-16,92.643303
2021-08-17,92.651688
2021-08-18,92.643303
2021-08-19,92.643303
2021-08-20,92.651688
2021-08-23,92.643303
2021-08-24,92.643303
2021-08-25,92.651688
2021-08-26,92.643303
2021-08-27,92.643303
2021-08-30,92.643303
2021-08-31,92.643303
2021-09-01,92.643303
2021-09-02,92.651688
2021-09-03,92.643303
2021-09-07,92.643303
2021-09-08,92.651688
2021-09-09,92.651688
2021-09-10,92.643303
2021-09-13,92.643303
2021-09-14,92.643303
2021-09-15,92.643303
2021-09-16,92.651688
2021-09-17,92.643303
2021-09-20,92.643303
2021-09-21,92.643303
2021-09-22,92.643303
2021-09-23,92.643303
2021-09-24,92.634933
2021-09-27,92.634933
2021-09-28,92.634933
2021-09-29,92.634933
2021-09-30,92.643303
2021-10-01,92.634933
2021-10-04,92.626518
2021-10-05,92.634933
2021-10-06,92.634933
2021-10-07,92.643303
2021-10-08,92.643303
2021-10-11,92.634933
2021-10-12,92.643303
2021-10-13,92.643303
2021-10-14,92.643303
2021-10-15,92.626518
2021-10-18,92.626518
2021-10-19,92.626518
2021-10-20,92.634933
2021-10-21,92.626518
2021-10-22,92.634933
2021-10-25,92.626518
2021-10-26,92.634933
2021-10-27,92.634933
2021-10-28,92.634933
2021-10-29,92.618149
2021-11-01,92.618149
2021-11-02,92.626518
2021-11-03,92.618149
2021-11-04,92.634933
2021-11-05,92.626518
2021-11-08,92.618149
2021-11-09,92.618149
2021-11-10,92.618149
2021-11-11,92.618149
2021-11-12,92.626518
2021-11-15,92.618149
2021-11-16,92.618149
2021-11-17,92.626518
2021-11-18,92.634933
2021-11-19,92.626518
2021-11-22,92.618149
2021-11-23,92.626518
2021-11-24,92.609749
2021-11-26,92.609749
2021-11-29,92.618149
2021-11-30,92.576187
2021-12-01,92.601387
2021-12-02,92.609749
2021-12-03,92.601387
2021-12-06,92.601387
2021-12-07,92.593010
2021-12-08,92.584595
2021-12-09,92.601387
2021-12-10,92.593010
2021-12-13,92.601387
2021-12-14,92.601387
2021-12-15,92.593010
2021-12-16,92.609749
2021-12-17,92.601387
2021-12-20,92.593010
2021-12-21,92.601387
2021-12-22,92.601387
2021-12-23,92.601387
2021-12-27,92.601387
2021-12-28,92.593010
2021-12-29,92.601387
2021-12-30,92.601387
2021-12-31,92.601387
2022-01-03,92.584595
2022-01-04,92.584595
2022-01-05,92.567818
2022-01-06,92.576187
2022-01-07,92.584595
2022-01-10,92.584595
2022-01-11,92.567818
2022-01-12,92.576187
2022-01-13,92.576187
2022-01-14,92.559471
2022-01-18,92.517509
2022-01-19,92.551064
2022-01-20,92.559471
2022-01-21,92.559471
2022-01-24,92.542664
2022-01-25,92.542664
2022-01-26,92.542664
2022-01-27,92.525902
2022-01-28,92.525902
2022-01-31,92.525902
2022-02-01,92.534309
2022-02-02,92.534309
2022-02-03,92.542664
2022-02-04,92.509094
2022-02-07,92.509094
2022-02-08,92.509094
2022-02-09,92.509094
2022-02-10,92.450432
2022-02-11,92.475601
2022-02-14,92.450432
2022-02-15,92.458794
2022-02-16,92.467186
2022-02-17,92.492371
2022-02-18,92.500763
2022-02-22,92.483971
2022-02-23,92.492371
2022-02-24,92.492371
2022-02-25,92.500763
2022-02-28,92.492371
2022-03-01,92.517509
2022-03-02,92.500763
2022-03-03,92.517509
2022-03-04,92.500763
2022-03-07,92.509094
2022-03-08,92.500763
2022-03-09,92.500763
2022-03-10,92.492371
2022-03-11,92.483971
2022-03-14,92.467186
2022-03-15,92.467186
2022-03-16,92.475601
2022-03-17,92.500763
2022-03-18,92.483971
2022-03-21,92.458794
2022-03-22,92.458794
2022-03-23,92.458794
2022-03-24,92.450432
2022-03-25,92.442039
2022-03-28,92.433655
2022-03-29,92.442039
2022-03-30,92.450432
2022-03-31,92.458794
2022-04-01,92.440353
2022-04-04,92.431976
2022-04-05,92.423576
2022-04-06,92.415176
2022-04-07,92.440353
2022-04-08,92.431976
2022-04-11,92.423576
2022-04-12,92.448730
2022-04-13,92.457146
2022-04-14,92.440353
2022-04-18,92.440353
2022-04-19,92.431976
2022-04-20,92.440353
2022-04-21,92.415176
2022-04-22,92.406784
2022-04-25,92.415176
2022-04-26,92.423576
2022-04-27,92.431976
2022-04-28,92.423576
2022-04-29,92.431976
2022-05-02,92.417725
2022-05-03,92.400909
2022-05-04,92.442863
2022-05-05,92.426109
2022-05-06,92.451248
2022-05-09,92.468033
2022-05-10,92.468033
2022-05-11,92.451248
2022-05-12,92.468033
2022-05-13,92.476418
2022-05-16,92.476418
2022-05-17,92.468033
2022-05-18,92.468033
2022-05-19,92.484818
2022-05-20,92.484818
2022-05-23,92.484818
2022-05-24,92.518394
2022-05-25,92.518394
2022-05-26,92.526764
2022-05-27,92.518394
2022-05-31,92.493210
2022-06-01,92.482285
2022-06-02,92.482285
2022-06-03,92.499077
2022-06-06,92.482285
2022-06-07,92.482285
2022-06-08,92.473923
2022-06-09,92.465523
2022-06-10,92.423515
2022-06-13,92.347984
2022-06-14,92.306023
2022-06-15,92.347984
2022-06-16,92.347984
2022-06-17,92.347984
2022-06-21,92.356354
2022-06-22,92.389969
2022-06-23,92.398369
2022-06-24,92.389969
2022-06-27,92.339584
2022-06-28,92.381592
2022-06-29,92.398369
2022-06-30,92.423515
2022-07-01,92.420990
2022-07-05,92.429413
2022-07-06,92.437798
2022-07-07,92.437798
2022-07-08,92.420990
2022-07-11,92.404205
2022-07-12,92.395805
2022-07-13,92.378990
2022-07-14,92.404205
2022-07-15,92.412613
2022-07-18,92.404205
2022-07-19,92.404205
2022-07-20,92.412613
2022-07-21,92.437798
2022-07-22,92.454628
2022-07-25,92.437798
2022-07-26,92.454628
2022-07-27,92.471405
2022-07-28,92.496620
2022-07-29,92.505013
2022-08-01,92.489021
2022-08-02,92.480637
2022-08-03,92.505867
2022-08-04,92.514259
2022-08-05,92.497444
2022-08-08,92.497444
2022-08-09,92.497444
2022-08-10,92.522675
2022-08-11,92.539513
2022-08-12,92.547897
2022-08-15,92.547897
2022-08-16,92.556335
2022-08-17,92.556335
2022-08-18,92.581528
2022-08-19,92.589966
2022-08-22,92.589966
2022-08-23,92.598381
2022-08-24,92.589966
2022-08-25,92.606812
2022-08-26,92.615173
2022-08-29,92.606812
2022-08-30,92.623573
2022-08-31,92.623573
2022-09-01,92.624458
2022-09-02,92.624458
2022-09-06,92.632866
2022-09-07,92.632866
2022-09-08,92.632866
2022-09-09,92.632866
2022-09-12,92.632866
2022-09-13,92.582336
2022-09-14,92.582336
2022-09-15,92.590759
2022-09-16,92.607582
2022-09-19,92.590759
2022-09-20,92.607582
2022-09-21,92.607582
2022-09-22,92.624458
2022-09-23,92.632866
2022-09-26,92.632866
2022-09-27,92.624458
2022-09-28,92.658150
2022-09-29,92.683434
2022-09-30,92.649696
2022-10-03,92.675873
2022-10-04,92.701218
2022-10-05,92.709618
2022-10-06,92.718056
2022-10-07,92.726494
2022-10-10,92.734940
2022-10-11,92.734940
2022-10-12,92.743393
2022-10-13,92.743393
2022-10-14,92.743393
2022-10-17,92.734940
2022-10-18,92.751839
2022-10-19,92.743393
2022-10-20,92.760246
2022-10-21,92.777122
2022-10-24,92.777122
2022-10-25,92.794006
2022-10-26,92.802452
2022-10-27,92.819290
2022-10-28,92.810890
2022-10-31,92.794006
2022-11-01,92.821060
2022-11-02,92.821060
2022-11-03,92.863358
2022-11-04,92.871811
2022-11-07,92.880272
2022-11-08,92.888733
2022-11-09,92.922539
2022-11-10,92.964828
2022-11-11,92.956375
2022-11-14,92.947922
2022-11-15,92.973305
2022-11-16,92.981758
2022-11-17,92.990196
2022-11-18,92.998657
2022-11-21,92.998657
2022-11-22,93.024048
2022-11-23,93.057854
2022-11-25,93.066315
2022-11-28,93.074760
2022-11-29,93.100151
2022-11-30,93.108597
2022-12-01,93.159462
2022-12-02,93.150993
2022-12-05,93.159462
2022-12-06,93.176430
2022-12-07,93.210358
2022-12-08,93.244278
2022-12-09,93.244278
2022-12-12,93.244278
2022-12-13,93.278191
2022-12-14,93.269699
2022-12-15,93.314781
2022-12-16,93.331779
2022-12-19,93.340271
2022-12-20,93.357292
2022-12-21,93.374321
2022-12-22,93.416801
2022-12-23,93.408318
2022-12-27,93.408318
2022-12-28,93.425308
2022-12-29,93.476349
2022-12-30,93.467850
2023-01-03,93.484818
2023-01-04,93.493347
2023-01-05,93.510368
2023-01-06,93.527351
2023-01-09,93.535873
2023-01-10,93.527351
2023-01-11,93.552872
2023-01-12,93.603889
2023-01-13,93.603889
2023-01-17,93.629410
2023-01-18,93.637909
2023-01-19,93.663414
2023-01-20,93.680412
2023-01-23,93.680412
2023-01-24,93.688896
2023-01-25,93.722923
2023-01-26,93.748436
2023-01-27,93.756920
2023-01-30,93.765434
2023-01-31,93.773949
2023-02-01,93.799515
2023-02-02,93.833687
2023-02-03,93.816597
2023-02-06,93.816597
2023-02-07,93.825165
2023-02-08,93.842201
2023-02-09,93.876335
2023-02-10,93.876335
2023-02-13,93.901924
2023-02-14,93.901924
2023-02-15,93.910484
2023-02-16,93.953140
2023-02-17,93.961639
2023-02-21,93.961639
2023-02-22,93.987267
2023-02-23,94.021378
2023-02-24,94.029915
2023-02-27,94.046982
2023-02-28,94.046982
2023-03-01,94.064072
2023-03-02,94.106850
2023-03-03,94.115395
2023-03-06,94.123978
2023-03-07,94.106850
2023-03-08,94.115395
2023-03-09,94.166733
2023-03-10,94.209496
2023-03-13,94.320702
2023-03-14,94.269402
2023-03-15,94.363480
2023-03-16,94.354912
2023-03-17,94.423332
2023-03-20,94.406258
2023-03-21,94.380592
2023-03-22,94.414818
2023-03-23,94.474693
2023-03-24,94.483269
2023-03-27,94.483269
2023-03-28,94.491837
2023-03-29,94.500351
2023-03-30,94.517448
2023-03-31,94.526024
2023-04-03,94.518280
2023-04-04,94.552612
2023-04-05,94.604156
2023-04-06,94.604156
2023-04-10,94.595566
2023-04-11,94.612740
2023-04-12,94.621307
2023-04-13,94.672813
2023-04-14,94.655647
2023-04-17,94.664253
2023-04-18,94.681396
2023-04-19,94.689972
2023-04-20,94.741501
2023-04-21,94.750084
2023-04-24,94.758644
2023-04-25,94.784401
2023-04-26,94.792999
2023-04-27,94.810173
2023-04-28,94.818779
2023-05-01,94.808418
2023-05-02,94.834297
2023-05-03,94.851509
2023-05-04,94.903206
2023-05-05,94.894585
2023-05-08,94.903206
2023-05-09,94.903206
2023-05-10,94.937660
2023-05-11,94.972122
2023-05-12,94.972122
2023-05-15,94.980736
2023-05-16,94.980736
2023-05-17,94.997963
2023-05-18,95.023827
2023-05-19,95.023827
2023-05-22,95.023827
2023-05-23,95.041031
2023-05-24,95.041031
2023-05-25,95.084122
2023-05-26,95.101334
2023-05-30,95.109978
2023-05-31,95.127190
2023-06-01,95.189522
2023-06-02,95.198189
2023-06-05,95.198189
2023-06-06,95.215477
2023-06-07,95.232803
2023-06-08,95.293358
2023-06-09,95.293358
2023-06-12,95.310677
2023-06-13,95.327972
2023-06-14,95.336601
2023-06-15,95.405846
2023-06-16,95.414497
2023-06-20,95.414497
2023-06-21,95.423172
2023-06-22,95.457779
2023-06-23,95.466415
2023-06-26,95.483719
2023-06-27,95.501038
2023-06-28,95.509705
2023-06-29,95.527008
2023-06-30,95.578949
2023-07-03,95.571983
2023-07-05,95.589371
2023-07-06,95.641487
2023-07-07,95.641487
2023-07-10,95.658867
2023-07-11,95.658867
2023-07-12,95.684914
2023-07-13,95.737053
2023-07-14,95.745728
2023-07-17,95.754402
2023-07-18,95.763107
2023-07-19,95.780472
2023-07-20,95.823914
2023-07-21,95.832596
2023-07-24,95.841270
2023-07-25,95.849983
2023-07-26,95.867355
2023-07-27,95.902107
2023-07-28,95.928154
2023-07-31,95.945557
2023-08-01,95.960358
2023-08-02,95.977821
2023-08-03,96.012726
2023-08-04,96.038872
2023-08-07,96.038872
2023-08-08,96.056351
2023-08-09,96.065079
2023-08-10,96.108681
2023-08-11,96.126137
2023-08-14,96.143600
2023-08-15,96.161034
2023-08-16,96.169769
2023-08-17,96.213379
2023-08-18,96.222099
2023-08-21,96.230827
2023-08-22,96.248260
2023-08-23,96.265739
2023-08-24,96.309349
2023-08-25,96.309349
2023-08-28,96.318077
2023-08-29,96.344254
2023-08-30,96.352982
2023-08-31,96.405319
2023-09-01,96.432495
2023-09-05,96.432495
2023-09-06,96.449989
2023-09-07,96.502556
2023-09-08,96.511330
2023-09-11,96.528847
2023-09-12,96.537628
2023-09-13,96.555130
2023-09-14,96.598946
2023-09-15,96.607712
2023-09-18,96.625229
2023-09-19,96.625229
2023-09-20,96.642738
2023-09-21,96.686554
2023-09-22,96.704056
2023-09-25,96.712830
2023-09-26,96.721596
2023-09-27,96.739113
2023-09-28,96.782906
2023-09-29,96.782906
2023-10-02,96.804924
2023-10-03,96.813705
2023-10-04,96.848900
2023-10-05,96.901718
2023-10-06,96.910522
2023-10-09,96.919289
2023-10-10,96.928101
2023-10-11,96.936882
2023-10-12,96.989647
2023-10-13,97.007271
2023-10-16,97.016052
2023-10-17,97.024864
2023-10-18,97.033676
2023-10-19,97.077644
2023-10-20,97.104050
2023-10-23,97.121628
2023-10-24,97.130424
2023-10-25,97.130424
2023-10-26,97.192017
2023-10-27,97.209618
2023-10-30,97.218430
2023-10-31,97.218430
2023-11-01,97.251999
2023-11-02,97.296181
2023-11-03,97.322708
2023-11-06,97.313843
2023-11-07,97.340347
2023-11-08,97.349190
2023-11-09,97.384537
2023-11-10,97.411011
2023-11-13,97.419868
2023-11-14,97.455215
2023-11-15,97.464050
2023-11-16,97.517075
2023-11-17,97.525879
2023-11-20,97.534721
2023-11-21,97.570061
2023-11-22,97.605415
2023-11-24,97.614250
2023-11-27,97.631920
2023-11-28,97.658432
2023-11-29,97.676117
2023-11-30,97.711418
2023-12-01,97.742516
2023-12-04,97.751404
2023-12-05,97.769104
2023-12-06,97.786903
2023-12-07,97.831261
2023-12-08,97.831261
2023-12-11,97.831261
2023-12-12,97.857864
2023-12-13,97.893356
2023-12-14,97.941528
2023-12-15,97.950432
2023-12-18,97.968239
2023-12-19,97.968239
2023-12-20,97.994995
2023-12-21,98.057419
2023-12-22,98.075249
2023-12-26,98.093071
2023-12-27,98.093071
2023-12-28,98.155479
2023-12-29,98.182220
2024-01-02,98.173309
2024-01-03,98.182220
2024-01-04,98.226791
2024-01-05,98.235733
2024-01-08,98.253555
2024-01-09,98.262451
2024-01-10,98.280304
2024-01-11,98.342682
2024-01-12,98.369400
2024-01-16,98.369400
2024-01-17,98.387260
2024-01-18,98.414009
2024-01-19,98.440750
2024-01-22,98.458572
2024-01-23,98.458572
2024-01-24,98.467506
2024-01-25,98.520996
2024-01-26,98.529922
2024-01-29,98.538826
2024-01-30,98.547737
2024-01-31,98.574501
2024-02-01,98.639832
2024-02-02,98.612991
2024-02-05,98.621956
2024-02-06,98.648796
2024-02-07,98.666725
2024-02-08,98.711464
2024-02-09,98.720428
2024-02-12,98.729378
2024-02-13,98.711464
2024-02-14,98.747261
2024-02-15,98.801018
2024-02-16,98.801018
2024-02-20,98.818932
2024-02-21,98.827858
2024-02-22,98.863663
2024-02-23,98.881577
2024-02-26,98.881577
2024-02-27,98.899490
2024-02-28,98.908440
2024-02-29,98.962181
2024-03-01,98.987335
2024-03-04,98.996338
2024-03-05,99.014320
2024-03-06,99.032280
2024-03-07,99.068260
2024-03-08,99.077255
2024-03-11,99.086220
2024-03-12,99.104225
2024-03-13,99.113174
2024-03-14,99.158150
2024-03-15,99.176132
2024-03-18,99.185120
2024-03-19,99.194084
2024-03-20,99.221092
2024-03-21,99.257034
2024-03-22,99.283997
2024-03-25,99.283997
2024-03-26,99.301971
2024-03-27,99.364914
2024-03-28,99.373894
2024-04-01,99.384766
2024-04-02,99.393784
2024-04-03,99.402809
2024-04-04,99.466011
2024-04-05,99.475014
2024-04-08,99.484055
2024-04-09,99.493118
2024-04-10,99.484055
2024-04-11,99.529190
2024-04-12,99.538246
2024-04-15,99.547241
2024-04-16,99.556297
2024-04-17,99.574333
2024-04-18,99.619499
2024-04-19,99.637558
2024-04-22,99.646568
2024-04-23,99.664627
2024-04-24,99.682686
2024-04-25,99.709793
2024-04-26,99.727852
2024-04-29,99.736877
2024-04-30,99.745895
2024-05-01,99.776741
2024-05-02,99.822083
2024-05-03,99.840195
2024-05-06,99.849281
2024-05-07,99.858330
2024-05-08,99.876472
2024-05-09,99.912781
2024-05-10,99.930893
2024-05-13,99.949013
2024-05-14,99.958076
2024-05-15,99.985275
2024-05-16,100.012482
2024-05-17,100.030624
2024-05-20,100.048737
2024-05-21,100.057823
2024-05-22,100.075951
2024-05-23,100.130356
2024-05-24,100.139427
2024-05-28,100.130356
2024-05-29,100.139427
2024-05-30,100.166626
2024-05-31,100.202896
2024-06-03,100.222939
2024-06-04,100.241150
2024-06-05,100.250259
2024-06-06,100.277580
2024-06-07,100.304893
2024-06-10,100.323090
2024-06-11,100.332199
2024-06-12,100.368622
2024-06-13,100.377747
2024-06-14,100.423248
2024-06-17,100.432381
2024-06-18,100.459694
2024-06-20,100.477890
2024-06-21,100.523445
2024-06-24,100.532547
2024-06-25,100.550743
2024-06-26,100.550743
2024-06-27,100.578094
2024-06-28,100.623604
2024-07-01,100.638229
2024-07-02,100.656548
2024-07-03,100.683945
2024-07-05,100.720535
2024-07-08,100.747971
2024-07-09,100.747971
2024-07-10,100.757126
2024-07-11,100.784561
2024-07-12,100.839417
2024-07-15,100.857712
2024-07-16,100.866859
2024-07-17,100.875977
2024-07-18,100.894310
2024-07-19,100.949173
2024-07-22,100.958298
2024-07-23,100.976585
2024-07-24,100.985741
2024-07-25,100.994873
2024-07-26,101.049751
2024-07-29,101.068047
2024-07-30,101.077164
2024-07-31,101.086342
2024-08-01,101.112053
2024-08-02,101.203911
2024-08-05,101.203911
2024-08-06,101.203911
2024-08-07,101.222290
2024-08-08,101.231461
2024-08-09,101.268196
2024-08-12,101.295731
2024-08-13,101.323280
2024-08-14,101.323280
2024-08-15,101.332481
2024-08-16,101.378441
2024-08-19,101.387573
2024-08-20,101.415176
2024-08-21,101.433533
2024-08-22,101.451935
2024-08-23,101.497833
2024-08-26,101.507027
2024-08-27,101.525383
2024-08-28,101.543762
2024-08-29,101.552956
2024-08-30,101.589676
2024-09-03,101.621964
2024-09-04,101.649681
2024-09-05,101.668106
2024-09-06,101.714218
2024-09-09,101.714218
2024-09-10,101.751129
2024-09-11,101.741898
2024-09-12,101.760330
2024-09-13,101.815704
2024-09-16,101.852600
2024-09-17,101.861801
2024-09-18,101.898712
2024-09-19,101.917160
2024-09-20,101.963287
2024-09-23,101.981750
2024-09-24,101.990974
2024-09-25,102.009422
2024-09-26,102.018646
2024-09-27,102.055542
2024-09-30,102.055542
2024-10-01,102.077789
2024-10-02,102.077789
2024-10-03,102.077789
2024-10-04,102.114830
2024-10-07,102.105568
2024-10-08,102.133354
2024-10-09,102.142609
2024-10-10,102.151863
2024-10-11,102.198212
2024-10-14,102.207443
2024-10-15,102.216713
2024-10-16,102.235268
2024-10-17,102.235268
2024-10-18,102.281548
2024-10-21,102.290810
2024-10-22,102.290810
2024-10-23,102.290810
2024-10-24,102.309364
2024-10-25,102.346390
2024-10-28,102.374207
2024-10-29,102.374207
2024-10-30,102.401985
2024-10-31,102.420502
2024-11-01,102.464226
2024-11-04,102.482826
2024-11-05,102.482826
2024-11-06,102.482826
2024-11-07,102.510742
2024-11-08,102.566544
2024-11-11,102.557243
2024-11-12,102.566544
2024-11-13,102.585136
2024-11-14,102.594452
2024-11-15,102.613060
2024-11-18,102.631676
2024-11-19,102.650284
2024-11-20,102.668892
2024-11-21,102.668892
2024-11-22,102.706093
2024-11-25,102.724686
2024-11-26,102.733986
2024-11-27,102.752602
2024-11-29,102.799118
2024-12-02,102.814056
2024-12-03,102.842079
2024-12-04,102.842079
2024-12-05,102.870064
2024-12-06,102.916771
2024-12-09,102.935432
2024-12-10,102.935432
2024-12-11,102.954124
2024-12-12,102.963463
2024-12-13,102.991455
2024-12-16,103.019485
2024-12-17,103.019485
2024-12-18,103.035400
2024-12-19,103.063538
2024-12-20,103.091629
2024-12-23,103.101028
2024-12-24,103.129150
2024-12-26,103.147881
2024-12-27,103.176018
2024-12-30,103.204117
2024-12-31,103.213516
2025-01-02,103.232254
2025-01-03,103.260384
2025-01-06,103.279121
2025-01-07,103.297882
2025-01-08,103.297882
2025-01-10,103.326012
2025-01-13,103.344719
2025-01-14,103.354103
2025-01-15,103.372849
2025-01-16,103.382233
2025-01-17,103.429092
2025-01-21,103.447830
2025-01-22,103.447830
2025-01-23,103.466576
2025-01-24,103.504082
2025-01-27,103.522835
2025-01-28,103.532211
2025-01-29,103.541588
2025-01-30,103.550949
2025-01-31,103.588455
2025-02-03,103.600685
2025-02-04,103.610085
2025-02-05,103.619507
2025-02-06,103.638329
2025-02-07,103.666565
2025-02-10,103.675964
2025-02-11,103.675964
2025-02-12,103.675964
2025-02-13,103.704185
2025-02-14,103.751205
2025-02-18,103.751205
2025-02-19,103.779434
2025-02-20,103.788841
2025-02-21,103.826454
2025-02-24,103.845276
2025-02-25,103.864098
2025-02-26,103.864098
2025-02-27,103.873535
2025-02-28,103.911148
2025-03-03,103.928131
2025-03-04,103.937576
2025-03-05,103.956459
2025-03-06,103.965889
2025-03-07,104.013092
2025-03-10,104.022514
2025-03-11,104.041405
2025-03-12,104.041405
2025-03-13,104.050835
2025-03-14,104.098022
2025-03-17,104.098022
2025-03-18,104.107475
2025-03-19,104.116898
2025-03-20,104.135788
2025-03-21,104.173538
2025-03-24,104.182991
2025-03-25,104.192413
2025-03-26,104.201859
2025-03-27,104.220726
2025-03-28,104.249046
2025-03-31,104.258492
2025-04-01,104.281219
2025-04-02,104.290695
2025-04-03,104.300179
2025-04-04,104.347519
2025-04-07,104.357002
2025-04-08,104.375931
2025-04-09,104.375931
2025-04-10,104.375931
2025-04-11,104.423294
2025-04-14,104.432770
2025-04-15,104.442230
2025-04-16,104.461189
2025-04-17,104.508537
2025-04-21,104.517998
2025-04-22,104.527473
2025-04-23,104.536957
2025-04-24,104.546425
2025-04-25,104.584305
2025-04-28,104.593788
2025-04-29,104.593788
2025-04-30,104.622200
2025-05-01,104.633598
2025-05-02,104.652618
2025-05-05,104.662109
2025-05-06,104.671616
2025-05-07,104.690620
2025-05-08,104.700127
2025-05-09,104.728622
2025-05-12,104.738136
2025-05-13,104.747650
2025-05-14,104.747650
2025-05-15,104.766632
2025-05-16,104.804657
2025-05-19,104.804657
2025-05-20,104.823677
2025-05-21,104.833168
2025-05-22,104.852165
2025-05-23,104.899696
2025-05-27,104.899696
2025-05-28,104.909203
2025-05-29,104.937706
2025-05-30,104.956696
2025-06-02,104.972931
2025-06-03,104.992004
2025-06-04,105.001541
2025-06-05,105.030159
2025-06-06,105.039703
2025-06-09,105.068314
2025-06-10,105.077843
2025-06-11,105.087387
2025-06-12,105.106461
2025-06-13,105.144600
2025-06-16,105.144600
2025-06-17,105.154144
2025-06-18,105.182762
2025-06-20,105.220894
2025-06-23,105.239983
2025-06-24,105.249519
2025-06-25,105.259056
2025-06-26,105.278137
2025-06-27,105.316277
2025-06-30,105.316277
2025-07-01,105.326813
2025-07-02,105.336395
2025-07-03,105.374680
2025-07-07,105.393814
2025-07-08,105.412941
2025-07-09,105.422523
2025-07-10,105.432098
2025-07-11,105.460793
2025-07-14,105.479935
2025-07-15,105.479935
2025-07-16,105.508636
2025-07-17,105.518211
2025-07-18,105.556496
2025-07-21,105.566071
2025-07-22,105.575630
2025-07-23,105.585213
2025-07-24,105.594780
2025-07-25,105.633057
2025-07-28,105.642647
2025-07-29,105.661758
2025-07-30,105.652191
2025-07-31,105.661758
2025-08-01,105.752998
2025-08-04,105.772209
2025-08-05,105.762611
2025-08-06,105.791412
2025-08-07,105.801018
2025-08-08,105.839432
2025-08-11,105.849030
2025-08-12,105.868233
2025-08-13,105.887436
2025-08-14,105.887436
2025-08-15,105.916275
2025-08-18,105.925865
2025-08-19,105.954674
2025-08-20,105.964272
2025-08-21,105.954674
2025-08-22,106.021889
2025-08-25,106.021889
2025-08-26,106.031487
2025-08-27,106.050713
2025-08-28,106.060318
2025-08-29,106.108322
2025-09-02,106.135315
2025-09-03,106.154587
2025-09-04,106.173851
2025-09-05,106.231689
2025-09-08,106.250946
2025-09-09,106.241310
2025-09-10,106.260597
2025-09-11,106.279854
2025-09-12,106.299149
2025-09-15,106.318420
2025-09-16,106.337677
2025-09-17,106.347321
2025-09-18,106.356956
2025-09-19,106.395515
2025-09-22,106.405151
2025-09-23,106.405151
2025-09-24,106.414780
2025-09-25,106.424423
2025-09-26,106.462982
2025-09-29,106.472626
2025-09-30,106.482246
2025-10-01,106.508362
2025-10-02,106.518028
2025-10-03,106.556702
2025-10-06,106.547050
2025-10-07,106.556702
2025-10-08,106.576042
2025-10-09,106.585716
2025-10-10,106.634056
2025-10-13,106.624390
2025-10-14,106.653404
2025-10-15,106.643738
2025-10-16,106.663071
2025-10-17,106.711411
2025-10-20,106.721092
2025-10-21,106.730751
2025-10-22,106.750092
2025-10-23,106.759758
2025-10-24,106.779099
2025-10-27,106.808105
2025-10-28,106.817787
2025-10-29,106.808105
2025-10-30,106.817787
2025-10-31,106.837112
2025-11-03,106.867210
2025-11-04,106.876900
2025-11-05,106.886589
2025-11-06,106.906013
2025-11-07,106.944809
2025-11-10,106.954514
2025-11-11,106.954514
2025-11-12,106.964203
2025-11-13,106.973915
2025-11-14,107.003029
2025-11-17,107.012733
2025-11-18,107.032120
2025-11-19,107.041824
2025-11-20,107.051529
2025-11-21,107.090332
2025-11-24,107.100037
2025-11-25,107.109749
2025-11-26,107.129143
2025-11-28,107.158257
2025-12-01,107.179665
2025-12-02,107.199127
2025-12-03,107.218597
2025-12-04,107.218597
2025-12-05,107.257530
2025-12-08,107.267250
2025-12-09,107.276993
2025-12-10,107.306190
2025-12-11,107.325645
2025-12-12,107.354866
2025-12-15,107.374321
2025-12-16,107.384056
2025-12-17,107.393784
2025-12-18,107.413246
2025-12-19,107.429840
2025-12-22,107.449379
2025-12-23,107.449379
2025-12-24,107.478683
2025-12-26,107.517738
2025-12-29,107.517738
2025-12-30,107.527504
2025-12-31,107.556793
2026-01-02,107.576324
2026-01-05,107.595871
2026-01-06,107.595871
2026-01-07,107.615379
2026-01-08,107.625137
2026-01-09,107.654442
2026-01-12,107.664207
2026-01-13,107.664207
2026-01-14,107.673973
2026-01-15,107.683731
2026-01-16,107.713028
2026-01-20,107.722786
2026-01-21,107.742317
2026-01-22,107.742317
2026-01-23,107.771614
2026-01-26,107.781372
2026-01-27,107.800911
2026-01-28,107.800911
2026-01-29,107.810677
2026-01-30,107.839966
2026-02-02,107.861511
2026-02-03,107.871315
2026-02-04,107.871315
2026-02-05,107.900696
2026-02-06,107.920280
2026-02-09,107.939865
2026-02-10,107.939865
2026-02-11,107.949669
2026-02-12,107.959473
2026-02-13,108.008430
2026-02-17,108.018227
2026-02-18,108.018227
2026-02-19,108.037842
2026-02-20,108.057411
2026-02-23,108.067207
2026-02-24,108.076996
2026-02-25,108.086792
2026-02-26,108.096588
2026-02-27,108.125984
2026-03-02,108.139725
2026-03-03,108.149544
2026-03-04,108.149544
2026-03-05,108.169197
2026-03-06,108.198662
2026-03-09,108.208481
2026-03-10,108.218300
2026-03-11,108.228127
2026-03-12,108.228127
2026-03-13,108.267418
2026-03-16,108.277229
2026-03-17,108.287048
2026-03-18,108.287048
2026-03-19,108.287048
2026-03-20,108.316513
2026-03-23,108.336174
2026-03-24,108.345985
2026-03-25,108.355812
2026-03-26,108.355812
2026-03-27,108.395096
2026-03-30,108.414734
2026-03-31,108.424568
2026-04-01,108.438354
2026-04-02,108.477760
2026-04-06,108.487602
2026-04-07,108.497459
2026-04-08,108.507309
2026-04-09,108.527008
2026-04-10,108.556557
2026-04-13,108.556557
2026-04-14,108.576271
2026-04-15,108.576271
2026-04-16,108.586128
2026-04-17,108.635368
2026-04-20,108.635368
2026-04-21,108.645218
2026-04-22,108.664932
2026-04-23,108.674782
2026-04-24,108.704323
2026-04-27,108.714180
2026-04-28,108.724030
2026-04-29,108.724030
2026-04-30,108.743729
2026-05-01,108.771393
2026-05-04,108.791161
2026-05-05,108.791161
2026-05-06,108.810913
2026-05-07,108.820793
2026-05-08,108.860313
2026-05-11,108.860313
2026-05-12,108.870193
2026-05-13,108.870193
2026-05-14,108.880066
2026-05-15,108.919601
2026-05-18,108.929482
2026-05-19,108.939362
2026-05-20,108.959122
2026-05-21,108.969002
2026-05-22,108.988762
2026-05-26,108.998650
2026-05-27,109.018402
2026-05-28,109.028282
2026-05-29,109.057922
2026-06-01,109.068817
2026-06-02,109.088638
2026-06-03,109.088638
2026-06-04,109.098549
2026-06-05,109.128288
2026-06-08,109.138191
2026-06-09,109.148102
2026-06-10,109.158012
2026-06-11,109.177826
2026-06-12,109.207558
2026-06-15,109.217468
2026-06-16,109.237297
2026-06-17,109.207558
2026-06-18,109.267021
2026-06-22,109.257111
2026-06-23,109.276932
2026-06-24,109.286842
2026-06-25,109.306664
2026-06-26,109.336395
2026-06-29,109.346298
2026-06-30,109.356209
2026-07-01,109.365158
2026-07-02,109.414848
2026-07-06,109.434731
2026-07-07,109.424789
2026-07-08,109.444672
2026-07-09,109.464539
2026-07-10,109.494354
2026-07-13,109.484421
2026-07-14,109.514236
2026-07-15,109.534111
2026-07-16,109.534111
2026-07-17,109.573868
2026-07-20,109.583809
2026-07-21,109.573868
2026-07-22,109.593742
2026-07-23,109.583809
2026-07-24,109.613625
2026-07-27,109.623566
2026-07-28,109.653381
2026-07-29,109.683197
2026-07-30,109.693138
2026-07-31,109.722946
2026-08-03,109.742889
2026-08-04,109.752853
2026-08-05,109.762825
2026-08-06,109.772797
2026-08-07,109.812675
2026-08-10,109.822647
2026-08-11,109.832611
2026-08-12,109.852554
2026-08-13,109.872490
2026-08-14,109.902397
2026-08-17,109.902397
2026-08-18,109.922340
2026-08-19,109.932304
2026-08-20,109.942276
2026-08-21,109.972183
2026-08-24,109.982155
2026-08-25,110.002090
2026-08-26,110.012062
2026-08-27,110.012062
2026-08-28,110.022034
2026-08-31,110.032005
2026-09-01,110.050003
2026-09-02,110.059998
2026-09-03,110.080002
2026-09-04,110.129997
2026-09-08,110.129997
2026-09-09,110.139999
2026-09-10,110.120003
2026-09-11,110.150002
2026-09-14,110.160004
2026-09-15,110.169998
2026-09-16,110.160004
2026-09-17,110.180000
2026-09-18,110.209999
2026-09-21,110.220001
2026-09-22,110.230003
2026-09-23,110.220001
2026-09-24,110.230003
2026-09-25,110.269997
