date,adj_close
2002-07-30,50.720371
2002-07-31,50.876911
2002-08-01,50.977070
2002-08-02,51.077240
2002-08-05,51.158672
2002-08-06,51.033463
2002-08-07,51.108562
2002-08-08,51.033463
2002-08-09,51.045933
2002-08-12,51.039711
2002-08-13,51.127373
2002-08-14,51.014671
2002-08-15,50.970802
2002-08-16,50.939522
2002-08-19,50.945751
2002-08-20,51.064735
2002-08-21,51.020866
2002-08-22,50.964565
2002-08-23,51.027176
2002-08-26,51.020866
2002-08-27,50.983398
2002-08-28,51.020866
2002-08-29,51.077240
2002-08-30,51.096046
2002-09-03,51.217098
2002-09-04,51.198265
2002-09-05,51.254711
2002-09-06,51.154369
2002-09-09,51.085392
2002-09-10,51.116749
2002-09-11,51.085392
2002-09-12,51.123016
2002-09-13,51.160633
2002-09-16,51.141830
2002-09-17,51.179443
2002-09-18,51.173195
2002-09-19,51.279797
2002-09-20,51.286057
2002-09-23,51.298588
2002-09-24,51.323723
2002-09-25,51.273506
2002-09-26,51.292381
2002-09-27,51.398945
2002-09-30,51.474220
2002-10-01,51.411396
2002-10-02,51.455353
2002-10-03,51.461681
2002-10-04,51.417667
2002-10-07,51.480492
2002-10-08,51.430241
2002-10-09,51.537006
2002-10-10,51.486752
2002-10-11,51.405125
2002-10-14,51.417667
2002-10-15,51.222961
2002-10-16,51.241798
2002-10-17,51.197865
2002-10-18,51.241798
2002-10-21,51.128761
2002-10-22,51.122501
2002-10-23,51.160175
2002-10-24,51.248123
2002-10-25,51.336044
2002-10-28,51.405125
2002-10-29,51.518181
2002-10-30,51.511890
2002-10-31,51.599808
2002-11-01,51.545116
2002-11-04,51.494766
2002-11-05,51.488476
2002-11-06,51.507328
2002-11-07,51.532524
2002-11-08,51.513641
2002-11-11,51.563931
2002-11-12,51.576576
2002-11-13,51.582798
2002-11-14,51.457001
2002-11-15,51.482204
2002-11-18,51.482204
2002-11-19,51.469612
2002-11-20,51.425579
2002-11-21,51.356377
2002-11-22,51.337490
2002-11-25,51.368973
2002-11-26,51.463333
2002-11-27,51.375233
2002-11-29,51.400414
2002-12-02,51.419285
2002-12-03,51.438202
2002-12-04,51.469692
2002-12-05,51.513805
2002-12-06,51.564194
2002-12-09,51.576801
2002-12-10,51.570503
2002-12-11,51.614571
2002-12-12,51.633488
2002-12-13,51.595680
2002-12-16,51.570503
2002-12-17,51.620914
2002-12-18,51.702789
2002-12-19,51.759495
2002-12-20,51.734272
2002-12-23,51.740601
2002-12-24,51.797283
2002-12-26,51.835121
2002-12-27,51.898087
2002-12-30,51.904350
2002-12-31,51.941608
2003-01-02,51.745991
2003-01-03,51.752296
2003-01-06,51.720776
2003-01-07,51.758617
2003-01-08,51.802776
2003-01-09,51.708157
2003-01-10,51.777557
2003-01-13,51.764927
2003-01-14,51.783848
2003-01-15,51.802776
2003-01-16,51.834312
2003-01-17,51.821709
2003-01-21,51.884796
2003-01-22,51.922714
2003-01-23,51.891151
2003-01-24,51.884796
2003-01-27,51.884796
2003-01-28,51.897419
2003-01-29,51.853271
2003-01-30,51.916386
2003-01-31,51.903770
2003-02-03,51.873413
2003-02-04,51.930283
2003-02-05,51.911293
2003-02-06,51.936653
2003-02-07,51.980881
2003-02-10,51.942951
2003-02-11,51.961864
2003-02-12,52.006130
2003-02-13,52.050385
2003-02-14,52.006130
2003-02-18,51.987186
2003-02-19,52.012455
2003-02-20,52.044086
2003-02-21,51.999832
2003-02-24,52.025089
2003-02-25,52.056686
2003-02-26,52.081966
2003-02-27,52.081966
2003-02-28,52.107273
2003-03-03,52.124336
2003-03-04,52.118023
2003-03-05,52.162342
2003-03-06,52.181313
2003-03-07,52.231922
2003-03-10,52.282509
2003-03-11,52.238258
2003-03-12,52.200287
2003-03-13,52.042030
2003-03-14,52.092690
2003-03-17,52.029388
2003-03-18,51.985088
2003-03-19,51.972469
2003-03-20,52.035759
2003-03-21,51.902863
2003-03-24,52.016750
2003-03-25,52.016750
2003-03-26,52.080044
2003-03-27,52.092690
2003-03-28,52.162342
2003-03-31,52.200287
2003-04-01,52.188873
2003-04-02,52.131855
2003-04-03,52.163502
2003-04-04,52.150856
2003-04-07,52.119202
2003-04-08,52.169865
2003-04-09,52.201550
2003-04-10,52.131855
2003-04-11,52.106503
2003-04-14,52.062153
2003-04-15,52.100147
2003-04-16,52.106503
2003-04-17,52.062153
2003-04-21,52.093819
2003-04-22,52.087479
2003-04-23,52.125515
2003-04-24,52.176216
2003-04-25,52.226913
2003-04-28,52.214207
2003-04-29,52.176216
2003-04-30,52.283897
2003-05-01,52.283901
2003-05-02,52.226788
2003-05-05,52.264927
2003-05-06,52.341099
2003-05-07,52.353706
2003-05-08,52.328346
2003-05-09,52.315674
2003-05-12,52.353706
2003-05-13,52.341099
2003-05-14,52.372810
2003-05-15,52.353706
2003-05-16,52.410851
2003-05-19,52.423603
2003-05-20,52.493378
2003-05-21,52.423603
2003-05-22,52.442616
2003-05-23,52.461647
2003-05-27,52.442616
2003-05-28,52.474361
2003-05-29,52.493378
2003-05-30,52.474361
2003-06-02,52.446987
2003-06-03,52.548695
2003-06-04,52.593178
2003-06-05,52.561424
2003-06-06,52.548695
2003-06-09,52.618576
2003-06-10,52.675797
2003-06-11,52.637680
2003-06-12,52.669437
2003-06-13,52.713921
2003-06-16,52.650352
2003-06-17,52.574131
2003-06-18,52.580441
2003-06-19,52.631302
2003-06-20,52.618576
2003-06-23,52.669437
2003-06-24,52.707535
2003-06-25,52.599506
2003-06-26,52.504208
2003-06-27,52.516930
2003-06-30,52.561424
2003-07-01,52.562660
2003-07-02,52.588120
2003-07-03,52.530830
2003-07-07,52.518127
2003-07-08,52.499046
2003-07-09,52.511768
2003-07-10,52.556316
2003-07-11,52.575367
2003-07-14,52.530830
2003-07-15,52.467236
2003-07-16,52.473591
2003-07-17,52.441753
2003-07-18,52.435413
2003-07-21,52.346340
2003-07-22,52.397255
2003-07-23,52.422661
2003-07-24,52.416332
2003-07-25,52.441753
2003-07-28,52.371822
2003-07-29,52.327190
2003-07-30,52.352722
2003-07-31,52.295452
2003-08-01,52.239368
2003-08-04,52.322197
2003-08-05,52.226601
2003-08-06,52.277588
2003-08-07,52.334915
2003-08-08,52.347668
2003-08-11,52.277588
2003-08-12,52.366745
2003-08-13,52.264908
2003-08-14,52.252117
2003-08-15,52.290337
2003-08-18,52.283909
2003-08-19,52.347668
2003-08-20,52.309460
2003-08-21,52.233002
2003-08-22,52.220245
2003-08-25,52.194756
2003-08-26,52.252117
2003-08-27,52.201115
2003-08-28,52.277588
2003-08-29,52.271248
2003-09-02,52.202969
2003-09-03,52.241219
2003-09-04,52.311401
2003-09-05,52.489983
2003-09-08,52.426170
2003-09-09,52.515514
2003-09-10,52.547394
2003-09-11,52.509087
2003-09-12,52.553749
2003-09-15,52.604824
2003-09-16,52.611229
2003-09-17,52.604824
2003-09-18,52.553749
2003-09-19,52.553749
2003-09-22,52.572933
2003-09-23,52.585720
2003-09-24,52.617565
2003-09-25,52.623913
2003-09-26,52.687756
2003-09-29,52.662205
2003-09-30,52.770695
2003-10-01,52.778946
2003-10-02,52.778946
2003-10-03,52.644890
2003-10-06,52.683140
2003-10-07,52.632095
2003-10-08,52.632095
2003-10-09,52.625698
2003-10-10,52.657661
2003-10-13,52.664032
2003-10-14,52.612885
2003-10-15,52.549042
2003-10-16,52.427700
2003-10-17,52.491581
2003-10-20,52.497971
2003-10-21,52.510769
2003-10-22,52.568211
2003-10-23,52.555424
2003-10-24,52.619274
2003-10-27,52.561848
2003-10-28,52.651234
2003-10-29,52.593819
2003-10-30,52.549042
2003-10-31,52.555424
2003-11-03,52.524082
2003-11-04,52.562489
2003-11-05,52.511322
2003-11-06,52.453808
2003-11-07,52.409019
2003-11-10,52.421852
2003-11-11,52.421852
2003-11-12,52.453808
2003-11-13,52.568863
2003-11-14,52.632835
2003-11-17,52.664776
2003-11-18,52.671154
2003-11-19,52.575298
2003-11-20,52.677608
2003-11-21,52.658470
2003-11-24,52.588055
2003-11-25,52.645622
2003-11-26,52.588055
2003-11-28,52.524082
2003-12-01,52.452396
2003-12-02,52.509991
2003-12-03,52.465229
2003-12-04,52.516457
2003-12-05,52.682949
2003-12-08,52.625290
2003-12-09,52.593258
2003-12-10,52.657280
2003-12-11,52.766182
2003-12-12,52.753349
2003-12-15,52.740513
2003-12-16,52.988075
2003-12-17,52.994503
2003-12-18,53.007328
2003-12-19,53.020237
2003-12-22,52.988075
2003-12-23,52.904503
2003-12-24,53.026669
2003-12-26,53.071644
2003-12-29,53.000927
2003-12-30,53.026669
2003-12-31,53.094925
2004-01-02,52.966087
2004-01-05,52.972588
2004-01-06,53.036892
2004-01-07,53.075562
2004-01-08,53.082005
2004-01-09,53.210781
2004-01-12,53.242947
2004-01-13,53.307365
2004-01-14,53.255836
2004-01-15,53.249390
2004-01-16,53.210781
2004-01-20,53.236538
2004-01-21,53.268696
2004-01-22,53.307365
2004-01-23,53.230061
2004-01-26,53.191456
2004-01-27,53.255836
2004-01-28,53.120659
2004-01-29,53.133556
2004-01-30,53.159275
2004-02-02,53.177979
2004-02-03,53.229549
2004-02-04,53.197330
2004-02-05,53.158604
2004-02-06,53.242443
2004-02-09,53.261765
2004-02-10,53.190880
2004-02-11,53.274658
2004-02-12,53.294018
2004-02-13,53.371380
2004-02-17,53.326237
2004-02-18,53.332684
2004-02-19,53.358536
2004-02-20,53.300453
2004-02-23,53.352043
2004-02-24,53.358536
2004-02-25,53.397156
2004-02-26,53.377834
2004-02-27,53.416519
2004-03-01,53.399120
2004-03-02,53.347427
2004-03-03,53.308723
2004-03-04,53.353901
2004-03-05,53.470097
2004-03-08,53.554058
2004-03-09,53.586346
2004-03-10,53.554058
2004-03-11,53.599251
2004-03-12,53.560501
2004-03-15,53.534649
2004-03-16,53.573429
2004-03-17,53.573429
2004-03-18,53.554058
2004-03-19,53.573429
2004-03-22,53.605709
2004-03-23,53.618649
2004-03-24,53.631508
2004-03-25,53.625011
2004-03-26,53.573429
2004-03-29,53.534649
2004-03-30,53.528210
2004-03-31,53.566982
2004-04-01,53.502243
2004-04-02,53.314800
2004-04-05,53.263058
2004-04-06,53.327732
2004-04-07,53.340633
2004-04-08,53.340633
2004-04-12,53.288929
2004-04-13,53.217812
2004-04-14,53.127281
2004-04-15,53.159649
2004-04-16,53.230732
2004-04-19,53.166058
2004-04-20,53.043232
2004-04-21,53.049713
2004-04-22,53.127281
2004-04-23,53.017349
2004-04-26,53.023800
2004-04-27,53.088509
2004-04-28,52.978535
2004-04-29,52.972122
2004-04-30,52.997955
2004-05-03,53.021275
2004-05-04,53.008362
2004-05-05,52.988918
2004-05-06,52.975994
2004-05-07,52.755802
2004-05-10,52.781738
2004-05-11,52.788181
2004-05-12,52.801174
2004-05-13,52.775288
2004-05-14,52.859432
2004-05-17,52.930676
2004-05-18,52.878834
2004-05-19,52.852985
2004-05-20,52.878834
2004-05-21,52.878834
2004-05-24,52.891792
2004-05-25,52.891792
2004-05-26,52.988918
2004-05-27,53.014812
2004-05-28,52.995350
2004-06-01,52.920155
2004-06-02,52.887760
2004-06-03,52.900723
2004-06-04,52.816391
2004-06-07,52.835850
2004-06-08,52.842384
2004-06-09,52.758049
2004-06-10,52.751545
2004-06-14,52.615372
2004-06-15,52.790459
2004-06-16,52.751545
2004-06-17,52.816391
2004-06-18,52.783970
2004-06-21,52.822838
2004-06-22,52.842384
2004-06-23,52.855350
2004-06-24,52.907131
2004-06-25,52.913673
2004-06-28,52.790459
2004-06-29,52.842384
2004-06-30,52.985016
2004-07-01,52.996056
2004-07-02,53.138977
2004-07-06,53.125957
2004-07-07,53.132515
2004-07-08,53.151958
2004-07-09,53.151958
2004-07-12,53.171425
2004-07-13,53.132515
2004-07-14,53.112988
2004-07-15,53.112988
2004-07-16,53.216923
2004-07-19,53.190937
2004-07-20,53.093464
2004-07-21,53.080498
2004-07-22,53.093464
2004-07-23,53.093464
2004-07-26,53.054535
2004-07-27,53.009033
2004-07-28,53.041546
2004-07-29,53.054535
2004-07-30,53.132515
2004-08-02,53.173466
2004-08-03,53.186455
2004-08-04,53.180019
2004-08-05,53.212482
2004-08-06,53.401218
2004-08-09,53.394737
2004-08-10,53.264542
2004-08-11,53.349174
2004-08-12,53.362206
2004-08-13,53.414230
2004-08-16,53.401218
2004-08-17,53.453297
2004-08-18,53.440308
2004-08-19,53.472824
2004-08-20,53.440308
2004-08-23,53.394737
2004-08-24,53.420780
2004-08-25,53.401218
2004-08-26,53.453297
2004-08-27,53.433762
2004-08-30,53.446842
2004-08-31,53.524921
2004-09-01,53.539230
2004-09-02,53.454479
2004-09-03,53.382782
2004-09-07,53.382782
2004-09-08,53.460995
2004-09-09,53.467506
2004-09-10,53.480556
2004-09-13,53.487068
2004-09-14,53.500095
2004-09-15,53.467506
2004-09-16,53.558765
2004-09-17,53.493557
2004-09-20,53.578346
2004-09-21,53.500095
2004-09-22,53.552273
2004-09-23,53.487068
2004-09-24,53.454479
2004-09-27,53.487068
2004-09-28,53.519657
2004-09-29,53.454479
2004-09-30,53.474052
2004-10-01,53.436172
2004-10-04,53.442680
2004-10-05,53.449223
2004-10-06,53.403553
2004-10-07,53.383949
2004-10-08,53.521057
2004-10-11,53.560238
2004-10-12,53.573288
2004-10-13,53.612465
2004-10-14,53.625477
2004-10-15,53.605930
2004-10-18,53.612465
2004-10-19,53.592888
2004-10-20,53.638592
2004-10-21,53.573288
2004-10-22,53.625477
2004-10-25,53.645100
2004-10-26,53.638592
2004-10-27,53.566757
2004-10-28,53.586327
2004-10-29,53.632027
2004-11-01,53.598022
2004-11-02,53.624172
2004-11-03,53.617645
2004-11-04,53.571884
2004-11-05,53.434563
2004-11-08,53.408379
2004-11-09,53.447624
2004-11-10,53.382267
2004-11-11,53.421436
2004-11-12,53.408379
2004-11-15,53.408379
2004-11-16,53.369167
2004-11-17,53.447624
2004-11-18,53.441055
2004-11-19,53.356041
2004-11-22,53.369167
2004-11-23,53.362591
2004-11-24,53.356041
2004-11-26,53.303764
2004-11-29,53.310291
2004-11-30,53.323360
2004-12-01,53.359367
2004-12-02,53.339729
2004-12-03,53.457638
2004-12-06,53.464241
2004-12-07,53.464241
2004-12-08,53.483856
2004-12-09,53.477367
2004-12-10,53.483856
2004-12-13,53.444576
2004-12-14,53.457638
2004-12-15,53.510086
2004-12-16,53.451084
2004-12-17,53.431458
2004-12-20,53.431458
2004-12-21,53.438011
2004-12-22,53.438011
2004-12-23,53.424885
2004-12-27,53.392155
2004-12-28,53.411789
2004-12-29,53.405254
2004-12-30,53.424885
2004-12-31,53.447224
2005-01-03,53.453781
2005-01-04,53.335670
2005-01-05,53.348793
2005-01-06,53.375015
2005-01-07,53.381565
2005-01-10,53.348793
2005-01-11,53.361927
2005-01-12,53.368481
2005-01-13,53.434086
2005-01-14,53.407852
2005-01-18,53.388149
2005-01-19,53.394699
2005-01-20,53.440647
2005-01-21,53.493160
2005-01-24,53.460323
2005-01-25,53.440647
2005-01-26,53.420959
2005-01-27,53.407852
2005-01-28,53.434086
2005-01-31,53.427521
2005-02-01,53.441353
2005-02-02,53.421581
2005-02-03,53.388760
2005-02-04,53.441353
2005-02-07,53.428211
2005-02-08,53.408463
2005-02-09,53.507126
2005-02-10,53.467632
2005-02-11,53.441353
2005-02-14,53.415020
2005-02-15,53.421581
2005-02-16,53.395294
2005-02-17,53.421581
2005-02-18,53.349255
2005-02-22,53.369011
2005-02-23,53.362385
2005-02-24,53.349255
2005-02-25,53.322960
2005-02-28,53.290066
2005-03-01,53.278812
2005-03-02,53.311810
2005-03-03,53.331577
2005-03-04,53.331577
2005-03-07,53.311810
2005-03-08,53.311810
2005-03-09,53.292004
2005-03-10,53.252487
2005-03-11,53.239334
2005-03-14,53.219547
2005-03-15,53.199787
2005-03-16,53.265690
2005-03-17,53.285431
2005-03-18,53.259079
2005-03-21,53.292004
2005-03-22,53.199787
2005-03-23,53.193150
2005-03-24,53.206341
2005-03-28,53.179993
2005-03-29,53.219547
2005-03-30,53.226139
2005-03-31,53.298664
2005-04-01,53.331657
2005-04-04,53.331657
2005-04-05,53.344868
2005-04-06,53.384510
2005-04-07,53.364704
2005-04-08,53.358059
2005-04-11,53.358059
2005-04-12,53.391121
2005-04-13,53.470406
2005-04-14,53.516636
2005-04-15,53.602543
2005-04-18,53.576077
2005-04-19,53.642151
2005-04-20,53.622341
2005-04-21,53.529842
2005-04-22,53.543045
2005-04-25,53.556290
2005-04-26,53.543045
2005-04-27,53.582691
2005-04-28,53.628929
2005-04-29,53.576077
2005-05-02,53.582691
2005-05-03,53.615856
2005-05-04,53.635685
2005-05-05,53.688675
2005-05-06,53.569481
2005-05-09,53.542969
2005-05-10,53.582691
2005-05-11,53.615856
2005-05-12,53.642311
2005-05-13,53.701889
2005-05-16,53.688675
2005-05-17,53.688675
2005-05-18,53.741631
2005-05-19,53.662167
2005-05-20,53.662167
2005-05-23,53.695297
2005-05-24,53.728413
2005-05-25,53.748264
2005-05-26,53.728413
2005-05-27,53.748264
2005-05-31,53.788002
2005-06-01,53.894173
2005-06-02,53.874290
2005-06-03,53.807907
2005-06-06,53.834427
2005-06-07,53.847683
2005-06-08,53.834427
2005-06-09,53.801273
2005-06-10,53.754818
2005-06-13,53.754818
2005-06-14,53.768070
2005-06-15,53.754818
2005-06-16,53.801273
2005-06-17,53.794609
2005-06-20,53.781334
2005-06-21,53.787964
2005-06-22,53.907440
2005-06-23,53.887535
2005-06-24,53.914124
2005-06-27,53.934002
2005-06-28,53.874290
2005-06-29,53.887535
2005-06-30,53.920704
2005-07-01,53.771744
2005-07-05,53.785027
2005-07-06,53.818272
2005-07-07,53.864819
2005-07-08,53.804996
2005-07-11,53.765030
2005-07-12,53.765030
2005-07-13,53.771744
2005-07-14,53.771744
2005-07-15,53.778370
2005-07-18,53.765030
2005-07-19,53.785027
2005-07-20,53.778370
2005-07-21,53.725101
2005-07-22,53.778370
2005-07-25,53.758415
2005-07-26,53.745094
2005-07-27,53.745094
2005-07-28,53.751789
2005-07-29,53.718491
2005-08-01,53.685837
2005-08-02,53.692490
2005-08-03,53.712517
2005-08-04,53.712517
2005-08-05,53.665821
2005-08-08,53.612499
2005-08-09,53.672466
2005-08-10,53.672466
2005-08-11,53.712517
2005-08-12,53.779148
2005-08-15,53.752514
2005-08-16,53.779148
2005-08-17,53.792496
2005-08-18,53.839153
2005-08-19,53.819195
2005-08-22,53.825867
2005-08-23,53.879192
2005-08-24,53.885807
2005-08-25,53.879192
2005-08-26,53.839153
2005-08-29,53.852478
2005-08-30,53.932476
2005-08-31,54.072552
2005-09-01,54.138023
2005-09-02,54.204914
2005-09-06,54.118027
2005-09-07,54.077888
2005-09-08,54.051147
2005-09-09,54.064522
2005-09-12,54.044514
2005-09-13,54.077888
2005-09-14,54.071213
2005-09-15,54.057838
2005-09-16,54.017704
2005-09-19,54.031097
2005-09-20,53.990944
2005-09-21,54.044514
2005-09-22,54.064522
2005-09-23,54.017704
2005-09-26,53.977600
2005-09-27,53.957535
2005-09-28,53.977600
2005-09-29,53.957535
2005-09-30,53.910717
2005-10-03,53.886604
2005-10-04,53.879852
2005-10-05,53.906712
2005-10-06,53.906712
2005-10-07,53.946899
2005-10-10,53.940269
2005-10-11,53.926792
2005-10-12,53.886604
2005-10-13,53.886604
2005-10-14,53.900005
2005-10-17,53.873142
2005-10-18,53.920135
2005-10-19,53.946899
2005-10-20,53.946899
2005-10-21,53.980438
2005-10-24,53.960373
2005-10-25,53.866467
2005-10-26,53.846344
2005-10-27,53.886604
2005-10-28,53.886604
2005-10-31,53.866467
2005-11-01,53.881287
2005-11-02,53.874496
2005-11-03,53.847607
2005-11-04,53.847607
2005-11-07,53.840939
2005-11-08,53.908184
2005-11-09,53.840939
2005-11-10,53.914898
2005-11-11,53.935104
2005-11-14,53.854393
2005-11-15,53.894745
2005-11-16,53.961983
2005-11-17,54.009071
2005-11-18,54.009071
2005-11-21,54.042656
2005-11-22,54.116661
2005-11-23,54.049389
2005-11-25,54.096500
2005-11-28,54.109947
2005-11-29,54.069580
2005-11-30,54.076321
2005-12-01,54.023022
2005-12-02,54.070229
2005-12-05,54.009548
2005-12-06,54.083706
2005-12-07,54.090481
2005-12-08,54.157890
2005-12-09,54.103970
2005-12-12,54.097164
2005-12-13,54.124195
2005-12-14,54.184860
2005-12-15,54.184860
2005-12-16,54.218594
2005-12-19,54.184860
2005-12-20,54.178154
2005-12-21,54.178154
2005-12-22,54.225349
2005-12-23,54.252316
2005-12-27,54.259014
2005-12-28,54.326050
2005-12-29,54.285477
2005-12-30,54.265167
2006-01-03,54.339649
2006-01-04,54.393726
2006-01-05,54.346348
2006-01-06,54.359875
2006-01-09,54.366642
2006-01-10,54.312515
2006-01-11,54.312515
2006-01-12,54.339649
2006-01-13,54.447800
2006-01-17,54.427483
2006-01-18,54.420773
2006-01-19,54.427483
2006-01-20,54.447800
2006-01-23,54.454613
2006-01-24,54.441090
2006-01-25,54.366642
2006-01-26,54.373390
2006-01-27,54.332848
2006-01-30,54.359875
2006-01-31,54.359875
2006-02-01,54.310333
2006-02-02,54.310333
2006-02-03,54.337486
2006-02-06,54.310333
2006-02-07,54.317135
2006-02-08,54.296738
2006-02-09,54.283207
2006-02-10,54.242451
2006-02-13,54.283207
2006-02-14,54.283207
2006-02-15,54.276394
2006-02-16,54.317135
2006-02-17,54.357815
2006-02-21,54.317135
2006-02-22,54.357815
2006-02-23,54.310333
2006-02-24,54.330708
2006-02-27,54.303562
2006-02-28,54.378178
2006-03-01,54.350250
2006-03-02,54.370701
2006-03-03,54.316219
2006-03-06,54.336662
2006-03-07,54.336662
2006-03-08,54.370701
2006-03-09,54.391201
2006-03-10,54.336662
2006-03-13,54.336662
2006-03-14,54.445599
2006-03-15,54.459221
2006-03-16,54.554604
2006-03-17,54.534176
2006-03-20,54.561390
2006-03-21,54.466038
2006-03-22,54.479626
2006-03-23,54.466038
2006-03-24,54.540936
2006-03-27,54.527332
2006-03-28,54.479626
2006-03-29,54.479626
2006-03-30,54.452427
2006-03-31,54.472881
2006-04-03,54.442772
2006-04-04,54.483761
2006-04-05,54.490597
2006-04-06,54.483761
2006-04-07,54.449627
2006-04-10,54.463276
2006-04-11,54.511112
2006-04-12,54.476982
2006-04-13,54.470119
2006-04-17,54.504284
2006-04-18,54.579460
2006-04-19,54.565758
2006-04-20,54.545269
2006-04-21,54.545269
2006-04-24,54.572647
2006-04-25,54.531597
2006-04-26,54.490597
2006-04-27,54.579460
2006-04-28,54.593052
2006-05-01,54.560917
2006-05-02,54.567673
2006-05-03,54.567673
2006-05-04,54.574543
2006-05-05,54.588314
2006-05-08,54.581463
2006-05-09,54.588314
2006-05-10,54.588314
2006-05-11,54.608887
2006-05-12,54.588314
2006-05-15,54.615738
2006-05-16,54.663685
2006-05-17,54.636303
2006-05-18,54.691128
2006-05-19,54.677418
2006-05-22,54.677418
2006-05-23,54.711685
2006-05-24,54.745968
2006-05-25,54.745968
2006-05-26,54.766525
2006-05-30,54.725403
2006-05-31,54.684269
2006-06-01,54.751633
2006-06-02,54.834232
2006-06-05,54.786087
2006-06-06,54.786087
2006-06-07,54.751633
2006-06-08,54.813622
2006-06-09,54.813622
2006-06-12,54.820477
2006-06-13,54.806709
2006-06-14,54.751633
2006-06-15,54.737942
2006-06-16,54.710445
2006-06-19,54.689770
2006-06-20,54.682915
2006-06-21,54.696621
2006-06-22,54.669140
2006-06-23,54.655388
2006-06-26,54.662312
2006-06-27,54.696621
2006-06-28,54.669140
2006-06-29,54.765457
2006-06-30,54.813622
2006-07-03,54.805305
2006-07-05,54.757042
2006-07-06,54.798405
2006-07-07,54.839802
2006-07-10,54.839802
2006-07-11,54.839802
2006-07-12,54.860500
2006-07-13,54.929569
2006-07-14,54.936474
2006-07-17,54.929569
2006-07-18,54.888123
2006-07-19,54.964066
2006-07-20,55.033127
2006-07-21,55.019264
2006-07-24,55.019264
2006-07-25,55.005486
2006-07-26,55.074512
2006-07-27,55.102123
2006-07-28,55.171146
2006-07-31,55.178055
2006-08-01,55.212006
2006-08-02,55.212006
2006-08-03,55.205074
2006-08-04,55.253536
2006-08-07,55.274345
2006-08-08,55.302086
2006-08-09,55.322811
2006-08-10,55.308979
2006-08-11,55.260483
2006-08-14,55.232769
2006-08-15,55.308979
2006-08-16,55.398998
2006-08-17,55.392117
2006-08-18,55.412903
2006-08-21,55.447540
2006-08-22,55.440598
2006-08-23,55.426720
2006-08-24,55.461395
2006-08-25,55.475262
2006-08-28,55.489082
2006-08-29,55.509853
2006-08-30,55.544498
2006-08-31,55.592995
2006-09-01,55.656292
2006-09-05,55.593716
2006-09-06,55.593716
2006-09-07,55.593716
2006-09-08,55.628429
2006-09-11,55.621483
2006-09-12,55.649319
2006-09-13,55.656292
2006-09-14,55.607616
2006-09-15,55.628429
2006-09-18,55.621483
2006-09-19,55.698006
2006-09-20,55.718853
2006-09-21,55.816189
2006-09-22,55.844055
2006-09-25,55.892677
2006-09-26,55.830097
2006-09-27,55.871803
2006-09-28,55.892677
2006-09-29,55.837059
2006-10-02,55.902664
2006-10-03,55.909634
2006-10-04,56.007324
2006-10-05,55.951496
2006-10-06,55.881721
2006-10-09,55.888660
2006-10-10,55.811935
2006-10-11,55.804920
2006-10-12,55.832829
2006-10-13,55.811935
2006-10-16,55.839840
2006-10-17,55.846821
2006-10-18,55.853802
2006-10-19,55.846821
2006-10-20,55.867752
2006-10-23,55.839840
2006-10-24,55.839840
2006-10-25,55.902664
2006-10-26,55.972450
2006-10-27,56.028214
2006-10-30,55.993359
2006-10-31,56.070133
2006-11-01,56.110058
2006-11-02,56.096004
2006-11-03,55.990967
2006-11-06,55.983952
2006-11-07,56.054008
2006-11-08,56.082008
2006-11-09,56.075039
2006-11-10,56.117054
2006-11-13,56.117054
2006-11-14,56.124031
2006-11-15,56.089046
2006-11-16,56.068012
2006-11-17,56.138084
2006-11-20,56.152058
2006-11-21,56.166035
2006-11-22,56.208088
2006-11-24,56.215122
2006-11-27,56.250122
2006-11-28,56.278160
2006-11-29,56.278160
2006-11-30,56.341183
2006-12-01,56.451557
2006-12-04,56.444519
2006-12-05,56.444519
2006-12-06,56.437458
2006-12-07,56.423397
2006-12-08,56.353134
2006-12-11,56.360168
2006-12-12,56.437458
2006-12-13,56.360168
2006-12-14,56.332031
2006-12-15,56.353134
2006-12-18,56.353134
2006-12-19,56.360168
2006-12-20,56.395325
2006-12-21,56.437458
2006-12-22,56.430443
2006-12-26,56.430443
2006-12-27,56.399422
2006-12-28,56.364212
2006-12-29,56.378254
2007-01-03,56.434704
2007-01-04,56.491085
2007-01-05,56.455818
2007-01-08,56.420582
2007-01-09,56.441715
2007-01-10,56.427654
2007-01-11,56.385334
2007-01-12,56.350067
2007-01-16,56.406445
2007-01-17,56.385334
2007-01-18,56.406445
2007-01-19,56.399422
2007-01-22,56.420582
2007-01-23,56.392345
2007-01-24,56.420582
2007-01-25,56.378254
2007-01-26,56.385334
2007-01-29,56.392345
2007-01-30,56.406445
2007-01-31,56.469925
2007-02-01,56.462841
2007-02-02,56.484043
2007-02-05,56.469910
2007-02-06,56.533627
2007-02-07,56.561947
2007-02-08,56.583149
2007-02-09,56.526562
2007-02-12,56.526562
2007-02-13,56.519432
2007-02-14,56.646877
2007-02-15,56.675159
2007-02-16,56.689297
2007-02-20,56.682251
2007-02-21,56.717655
2007-02-22,56.682251
2007-02-23,56.745911
2007-02-26,56.788437
2007-02-27,56.922886
2007-02-28,56.880402
2007-03-01,56.959217
2007-03-02,57.023167
2007-03-05,57.044411
2007-03-06,56.994774
2007-03-07,57.051537
2007-03-08,57.051537
2007-03-09,56.952152
2007-03-12,57.001842
2007-03-13,57.079956
2007-03-14,57.094181
2007-03-15,57.079956
2007-03-16,57.072849
2007-03-19,57.023167
2007-03-20,57.072849
2007-03-21,57.165180
2007-03-22,57.108330
2007-03-23,57.072849
2007-03-26,57.129669
2007-03-27,57.136768
2007-03-28,57.165180
2007-03-29,57.136768
2007-03-30,57.136768
2007-04-02,57.147472
2007-04-03,57.147472
2007-04-04,57.183136
2007-04-05,57.161732
2007-04-09,57.033409
2007-04-10,57.104706
2007-04-11,57.104706
2007-04-12,57.097542
2007-04-13,57.069012
2007-04-16,57.061935
2007-04-17,57.154583
2007-04-18,57.232998
2007-04-19,57.232998
2007-04-20,57.218716
2007-04-23,57.261463
2007-04-24,57.311443
2007-04-25,57.290054
2007-04-26,57.247276
2007-04-27,57.268631
2007-04-30,57.311443
2007-05-01,57.287075
2007-05-02,57.315674
2007-05-03,57.272789
2007-05-04,57.301369
2007-05-07,57.301369
2007-05-08,57.329975
2007-05-09,57.287075
2007-05-10,57.337116
2007-05-11,57.315674
2007-05-14,57.272789
2007-05-15,57.287075
2007-05-16,57.344265
2007-05-17,57.308525
2007-05-18,57.251308
2007-05-21,57.265606
2007-05-22,57.279945
2007-05-23,57.265606
2007-05-24,57.287075
2007-05-25,57.322819
2007-05-29,57.265606
2007-05-30,57.308525
2007-05-31,57.272789
2007-06-01,57.243351
2007-06-04,57.264824
2007-06-05,57.214638
2007-06-06,57.286392
2007-06-07,57.221836
2007-06-08,57.243351
2007-06-11,57.250492
2007-06-12,57.200226
2007-06-13,57.214638
2007-06-14,57.214638
2007-06-15,57.293552
2007-06-18,57.293552
2007-06-19,57.394085
2007-06-20,57.336647
2007-06-21,57.358215
2007-06-22,57.437172
2007-06-25,57.487427
2007-06-26,57.451546
2007-06-27,57.444324
2007-06-28,57.429996
2007-06-29,57.544834
2007-07-02,57.582298
2007-07-03,57.560680
2007-07-05,57.481403
2007-07-06,57.474255
2007-07-09,57.517467
2007-07-10,57.625530
2007-07-11,57.596699
2007-07-12,57.560680
2007-07-13,57.589500
2007-07-16,57.647179
2007-07-17,57.611126
2007-07-18,57.697620
2007-07-19,57.690376
2007-07-20,57.784069
2007-07-23,57.740856
2007-07-24,57.798481
2007-07-25,57.841724
2007-07-26,57.978622
2007-07-27,58.043472
2007-07-30,57.971462
2007-07-31,58.065140
2007-08-01,58.008690
2007-08-02,58.037682
2007-08-03,58.182281
2007-08-06,58.109936
2007-08-07,58.059311
2007-08-08,58.015915
2007-08-09,58.182281
2007-08-10,58.160603
2007-08-13,58.211235
2007-08-14,58.290749
2007-08-15,58.370327
2007-08-16,58.486076
2007-08-17,58.536686
2007-08-20,58.609005
2007-08-21,58.688595
2007-08-22,58.609005
2007-08-23,58.572884
2007-08-24,58.464378
2007-08-27,58.543949
2007-08-28,58.695831
2007-08-29,58.623512
2007-08-30,58.674122
2007-08-31,58.674122
2007-09-04,58.671211
2007-09-05,58.823689
2007-09-06,58.751091
2007-09-07,58.954403
2007-09-10,58.976185
2007-09-11,58.889050
2007-09-12,58.939857
2007-09-13,58.852745
2007-09-14,58.845459
2007-09-17,58.838226
2007-09-18,58.918049
2007-09-19,58.918049
2007-09-20,58.794624
2007-09-21,58.874516
2007-09-24,58.939857
2007-09-25,58.990688
2007-09-26,58.954403
2007-09-27,59.063305
2007-09-28,58.997948
2007-10-01,59.010292
2007-10-02,59.046806
2007-10-03,59.039482
2007-10-04,59.068630
2007-10-05,59.003086
2007-10-08,59.061337
2007-10-09,58.930164
2007-10-10,58.944756
2007-10-11,58.959312
2007-10-12,58.893745
2007-10-15,58.893745
2007-10-16,58.966606
2007-10-17,59.105068
2007-10-18,59.185223
2007-10-19,59.338223
2007-10-22,59.287239
2007-10-23,59.294506
2007-10-24,59.411129
2007-10-25,59.374733
2007-10-26,59.381935
2007-10-29,59.381935
2007-10-30,59.374733
2007-10-31,59.279961
2007-11-01,59.472305
2007-11-02,59.545467
2007-11-05,59.538124
2007-11-06,59.501595
2007-11-07,59.669743
2007-11-08,59.764904
2007-11-09,59.786827
2007-11-12,59.925797
2007-11-13,59.742939
2007-11-14,59.772175
2007-11-15,59.969700
2007-11-16,59.969700
2007-11-19,60.167145
2007-11-20,60.145248
2007-11-21,60.335384
2007-11-23,60.269581
2007-11-26,60.437813
2007-11-27,60.254910
2007-11-28,60.203751
2007-11-29,60.313457
2007-11-30,60.342693
2007-12-03,60.479229
2007-12-04,60.471828
2007-12-05,60.493881
2007-12-06,60.369133
2007-12-07,60.303093
2007-12-10,60.259029
2007-12-11,60.479229
2007-12-12,60.325069
2007-12-13,60.237041
2007-12-14,60.090233
2007-12-17,60.266392
2007-12-18,60.229702
2007-12-19,60.383816
2007-12-20,60.427860
2007-12-21,60.332420
2007-12-24,60.281082
2007-12-26,60.222347
2007-12-27,60.354210
2007-12-28,60.427803
2007-12-31,60.523533
2008-01-02,60.634014
2008-01-03,60.729710
2008-01-04,60.818100
2008-01-07,60.781258
2008-01-08,60.869621
2008-01-09,60.840202
2008-01-10,60.840202
2008-01-11,61.009560
2008-01-14,61.031574
2008-01-15,61.083225
2008-01-16,61.134693
2008-01-17,61.237789
2008-01-18,61.289406
2008-01-22,61.547119
2008-01-23,61.517651
2008-01-24,61.326206
2008-01-25,61.488178
2008-01-28,61.458729
2008-01-29,61.421928
2008-01-30,61.466095
2008-01-31,61.525021
2008-02-01,61.592182
2008-02-04,61.599552
2008-02-05,61.739876
2008-02-06,61.762016
2008-02-07,61.680809
2008-02-08,61.791580
2008-02-11,61.813728
2008-02-12,61.835884
2008-02-13,61.858006
2008-02-14,61.813728
2008-02-15,61.747284
2008-02-19,61.702976
2008-02-20,61.629120
2008-02-21,61.798920
2008-02-22,61.732498
2008-02-25,61.636520
2008-02-26,61.725132
2008-02-27,61.798920
2008-02-28,61.946594
2008-02-29,62.160736
2008-03-03,62.162941
2008-03-04,62.148174
2008-03-05,62.111153
2008-03-06,62.296177
2008-03-07,62.266472
2008-03-10,62.333046
2008-03-11,62.022423
2008-03-12,62.222153
2008-03-13,62.192554
2008-03-14,62.377514
2008-03-17,62.518036
2008-03-18,62.296177
2008-03-19,62.362713
2008-03-20,62.288704
2008-03-24,62.029835
2008-03-25,62.074245
2008-03-26,62.207302
2008-03-27,62.273903
2008-03-28,62.303501
2008-03-31,62.318287
2008-04-01,62.092976
2008-04-02,62.041061
2008-04-03,61.996567
2008-04-04,62.107784
2008-04-07,61.989170
2008-04-08,62.026196
2008-04-09,62.144810
2008-04-10,62.122578
2008-04-11,62.226315
2008-04-14,62.189304
2008-04-15,62.107784
2008-04-16,61.974354
2008-04-17,61.863144
2008-04-18,61.826023
2008-04-21,61.766777
2008-04-22,61.788986
2008-04-23,61.788986
2008-04-24,61.618465
2008-04-25,61.625893
2008-04-28,61.692692
2008-04-29,61.677769
2008-04-30,61.796375
2008-05-01,61.686474
2008-05-02,61.604782
2008-05-05,61.671612
2008-05-06,61.708790
2008-05-07,61.783035
2008-05-08,61.835007
2008-05-09,61.857300
2008-05-12,61.738491
2008-05-13,61.634510
2008-05-14,61.589924
2008-05-15,61.641937
2008-05-16,61.656792
2008-05-19,61.723610
2008-05-20,61.812786
2008-05-21,61.745895
2008-05-22,61.575035
2008-05-23,61.693897
2008-05-27,61.627045
2008-05-28,61.515610
2008-05-29,61.493389
2008-05-30,61.582508
2008-06-02,61.703934
2008-06-03,61.793255
2008-06-04,61.770927
2008-06-05,61.688972
2008-06-06,61.770927
2008-06-09,61.458141
2008-06-10,61.316589
2008-06-11,61.420872
2008-06-12,61.122952
2008-06-13,61.190002
2008-06-16,61.227280
2008-06-17,61.346413
2008-06-18,61.405979
2008-06-19,61.286766
2008-06-20,61.398544
2008-06-23,61.331509
2008-06-24,61.443203
2008-06-25,61.487892
2008-06-26,61.666660
2008-06-27,61.696430
2008-06-30,61.733692
2008-07-01,61.718037
2008-07-02,61.725487
2008-07-03,61.830021
2008-07-07,61.867390
2008-07-08,61.874863
2008-07-09,61.979351
2008-07-10,61.904663
2008-07-11,61.777691
2008-07-14,61.919605
2008-07-15,62.009216
2008-07-16,61.949509
2008-07-17,61.859863
2008-07-18,61.747837
2008-07-21,61.777691
2008-07-22,61.725487
2008-07-23,61.695583
2008-07-24,61.867390
2008-07-25,61.785202
2008-07-28,61.912167
2008-07-29,61.859863
2008-07-30,61.874863
2008-07-31,62.001747
2008-08-01,62.013721
2008-08-04,62.006256
2008-08-05,61.976292
2008-08-06,61.983788
2008-08-07,62.118610
2008-08-08,62.066196
2008-08-11,61.983788
2008-08-12,62.096161
2008-08-13,62.088707
2008-08-14,62.111145
2008-08-15,62.156075
2008-08-18,62.208534
2008-08-19,62.253407
2008-08-20,62.335873
2008-08-21,62.283390
2008-08-22,62.171070
2008-08-25,62.275928
2008-08-26,62.253407
2008-08-27,62.290962
2008-08-28,62.260956
2008-08-29,62.290962
2008-09-02,62.369774
2008-09-03,62.392349
2008-09-04,62.429935
2008-09-05,62.407402
2008-09-08,62.377346
2008-09-09,62.474964
2008-09-10,62.489979
2008-09-11,62.467518
2008-09-12,62.474964
2008-09-15,62.918282
2008-09-16,62.805565
2008-09-17,63.106079
2008-09-18,62.903252
2008-09-19,62.550148
2008-09-22,62.595184
2008-09-23,62.640327
2008-09-24,62.775494
2008-09-25,62.662777
2008-09-26,62.662777
2008-09-29,63.023392
2008-09-30,62.775494
2008-10-01,62.971500
2008-10-02,63.107124
2008-10-03,63.280502
2008-10-06,63.408730
2008-10-07,63.423737
2008-10-08,63.152390
2008-10-09,63.190125
2008-10-10,63.288090
2008-10-13,63.009144
2008-10-14,63.024284
2008-10-15,63.235294
2008-10-16,63.197563
2008-10-17,63.242847
2008-10-20,63.197563
2008-10-21,63.325771
2008-10-22,63.416214
2008-10-23,63.378506
2008-10-24,63.431297
2008-10-27,63.272957
2008-10-28,63.348366
2008-10-29,63.386024
2008-10-30,63.438847
2008-10-31,63.468971
2008-11-03,63.587795
2008-11-04,63.565117
2008-11-05,63.678600
2008-11-06,63.701279
2008-11-07,63.587795
2008-11-10,63.784557
2008-11-11,63.829941
2008-11-12,63.928284
2008-11-13,63.769375
2008-11-14,63.754230
2008-11-17,63.867783
2008-11-18,63.935925
2008-11-19,64.026665
2008-11-20,64.147743
2008-11-21,64.041779
2008-11-24,63.882927
2008-11-25,63.935925
2008-11-26,64.132637
2008-11-28,64.170456
2008-12-01,64.276039
2008-12-02,64.268417
2008-12-03,64.321587
2008-12-04,64.336731
2008-12-05,64.260826
2008-12-08,64.169670
2008-12-09,64.367104
2008-12-10,64.283569
2008-12-11,64.435402
2008-12-12,64.465813
2008-12-15,64.511337
2008-12-16,64.541779
2008-12-17,64.405029
2008-12-18,64.435402
2008-12-19,64.374695
2008-12-22,64.253204
2008-12-23,64.268417
2008-12-24,64.283569
2008-12-26,64.359474
2008-12-29,64.501297
2008-12-30,64.562248
2008-12-31,64.531776
2009-01-02,64.188766
2009-01-05,64.318329
2009-01-06,64.348869
2009-01-07,64.303108
2009-01-08,64.318329
2009-01-09,64.364090
2009-01-12,64.379379
2009-01-13,64.386909
2009-01-14,64.463135
2009-01-15,64.394516
2009-01-16,64.425026
2009-01-20,64.455521
2009-01-21,64.356422
2009-01-22,64.386909
2009-01-23,64.371712
2009-01-26,64.287888
2009-01-27,64.356422
2009-01-28,64.333603
2009-01-29,64.211670
2009-01-30,64.249756
2009-02-02,64.309326
2009-02-03,64.240547
2009-02-04,64.133720
2009-02-05,64.148949
2009-02-06,64.110809
2009-02-09,64.087860
2009-02-10,64.232956
2009-02-11,64.217690
2009-02-12,64.294037
2009-02-13,64.171837
2009-02-17,64.339844
2009-02-18,64.232956
2009-02-19,64.210037
2009-02-20,64.263451
2009-02-23,64.255859
2009-02-24,64.210037
2009-02-25,64.087860
2009-02-26,64.118431
2009-02-27,64.156578
2009-03-02,64.301140
2009-03-03,64.247581
2009-03-04,64.178825
2009-03-05,64.255219
2009-03-06,64.209404
2009-03-09,64.148170
2009-03-10,64.109940
2009-03-11,64.140518
2009-03-12,64.163513
2009-03-13,64.217041
2009-03-16,64.132881
2009-03-17,64.117668
2009-03-18,64.362289
2009-03-19,64.285828
2009-03-20,64.362289
2009-03-23,64.308762
2009-03-24,64.224640
2009-03-25,64.209404
2009-03-26,64.293488
2009-03-27,64.324051
2009-03-30,64.385239
2009-03-31,64.476990
2009-04-01,64.462471
2009-04-02,64.355171
2009-04-03,64.209694
2009-04-06,64.255585
2009-04-07,64.278587
2009-04-08,64.278587
2009-04-09,64.202049
2009-04-13,64.324600
2009-04-14,64.378189
2009-04-15,64.408821
2009-04-16,64.316940
2009-04-17,64.247993
2009-04-20,64.309250
2009-04-21,64.316940
2009-04-22,64.316940
2009-04-23,64.270988
2009-04-24,64.270988
2009-04-27,64.347542
2009-04-28,64.286285
2009-04-29,64.316940
2009-04-30,64.370537
2009-05-01,64.322220
2009-05-04,64.306847
2009-05-05,64.291504
2009-05-06,64.329872
2009-05-07,64.237747
2009-05-08,64.283829
2009-05-11,64.391281
2009-05-12,64.383530
2009-05-13,64.414314
2009-05-14,64.437309
2009-05-15,64.429665
2009-05-18,64.368240
2009-05-19,64.406555
2009-05-20,64.491013
2009-05-21,64.406555
2009-05-22,64.421982
2009-05-26,64.337540
2009-05-27,64.322220
2009-05-28,64.314514
2009-05-29,64.406555
2009-06-01,64.353592
2009-06-02,64.330544
2009-06-03,64.445793
2009-06-04,64.384323
2009-06-05,63.961540
2009-06-08,63.792381
2009-06-09,63.938484
2009-06-10,63.930767
2009-06-11,63.938484
2009-06-12,64.007660
2009-06-15,64.053795
2009-06-16,64.123016
2009-06-17,64.192139
2009-06-18,64.084480
2009-06-19,64.123016
2009-06-22,64.207542
2009-06-23,64.207542
2009-06-24,64.199860
2009-06-25,64.322838
2009-06-26,64.353592
2009-06-29,64.353592
2009-06-30,64.345886
2009-07-01,64.408981
2009-07-02,64.478249
2009-07-06,64.501381
2009-07-07,64.493690
2009-07-08,64.593658
2009-07-09,64.562981
2009-07-10,64.624535
2009-07-13,64.586082
2009-07-14,64.539864
2009-07-15,64.385902
2009-07-16,64.485977
2009-07-17,64.462891
2009-07-20,64.455193
2009-07-21,64.532158
2009-07-22,64.501381
2009-07-23,64.385902
2009-07-24,64.424385
2009-07-27,64.378242
2009-07-28,64.339668
2009-07-29,64.301231
2009-07-30,64.308968
2009-07-31,64.416687
2009-08-03,64.325729
2009-08-04,64.271805
2009-08-05,64.248680
2009-08-06,64.248680
2009-08-07,64.140762
2009-08-10,64.240913
2009-08-11,64.310318
2009-08-12,64.333458
2009-08-13,64.441391
2009-08-14,64.487602
2009-08-17,64.556969
2009-08-18,64.541595
2009-08-19,64.572380
2009-08-20,64.556969
2009-08-21,64.456726
2009-08-24,64.533806
2009-08-25,64.533806
2009-08-26,64.572380
2009-08-27,64.564682
2009-08-28,64.634056
2009-08-31,64.680305
2009-09-01,64.732758
2009-09-02,64.802177
2009-09-03,64.740448
2009-09-04,64.709610
2009-09-08,64.717346
2009-09-09,64.725060
2009-09-10,64.763611
2009-09-11,64.740448
2009-09-14,64.701874
2009-09-15,64.732758
2009-09-16,64.647827
2009-09-17,64.740448
2009-09-18,64.678741
2009-09-21,64.701874
2009-09-22,64.686470
2009-09-23,64.786743
2009-09-24,64.802177
2009-09-25,64.779045
2009-09-28,64.771324
2009-09-29,64.763611
2009-09-30,64.833115
2009-10-01,64.897972
2009-10-02,64.921204
2009-10-05,64.921204
2009-10-06,64.882545
2009-10-07,64.967506
2009-10-08,64.905716
2009-10-09,64.812981
2009-10-12,64.890251
2009-10-13,64.928864
2009-10-14,64.843903
2009-10-15,64.805313
2009-10-16,64.843903
2009-10-19,64.843903
2009-10-20,64.874855
2009-10-21,64.843903
2009-10-22,64.851654
2009-10-23,64.743462
2009-10-26,64.673866
2009-10-27,64.805313
2009-10-28,64.897972
2009-10-29,64.843903
2009-10-30,64.921204
2009-11-02,64.928864
2009-11-03,64.921219
2009-11-04,64.913406
2009-11-05,64.975433
2009-11-06,65.021873
2009-11-09,65.021873
2009-11-10,65.006317
2009-11-11,65.076042
2009-11-12,65.068314
2009-11-13,65.083824
2009-11-16,65.122536
2009-11-17,65.137970
2009-11-18,65.137970
2009-11-19,65.161247
2009-11-20,65.176727
2009-11-23,65.169014
2009-11-24,65.223213
2009-11-25,65.254227
2009-11-27,65.300659
2009-11-30,65.308350
2009-12-01,65.324783
2009-12-02,65.270172
2009-12-03,65.231232
2009-12-04,65.067413
2009-12-07,65.207779
2009-12-08,65.270172
2009-12-09,65.223396
2009-12-10,65.200027
2009-12-11,65.129791
2009-12-14,65.059616
2009-12-15,65.044067
2009-12-16,65.090813
2009-12-17,65.215584
2009-12-18,65.168823
2009-12-21,65.067413
2009-12-22,64.989456
2009-12-23,64.989456
2009-12-24,64.911438
2009-12-28,64.817902
2009-12-29,64.860802
2009-12-30,64.837372
2009-12-31,64.759293
2010-01-04,64.845207
2010-01-05,64.923271
2010-01-06,64.931023
2010-01-07,64.915451
2010-01-08,64.977882
2010-01-11,65.009140
2010-01-12,65.063812
2010-01-13,65.009140
2010-01-14,65.071556
2010-01-15,65.126205
2010-01-19,65.141853
2010-01-20,65.141853
2010-01-21,65.196487
2010-01-22,65.251144
2010-01-25,65.196487
2010-01-26,65.204269
2010-01-27,65.180832
2010-01-28,65.212097
2010-01-29,65.274513
2010-02-01,65.246445
2010-02-02,65.254280
2010-02-03,65.207359
2010-02-04,65.301079
2010-02-05,65.402657
2010-02-08,65.355782
2010-02-09,65.293274
2010-02-10,65.222961
2010-02-11,65.246445
2010-02-12,65.301079
2010-02-16,65.308937
2010-02-17,65.254280
2010-02-18,65.215164
2010-02-19,65.191719
2010-02-22,65.215164
2010-02-23,65.269844
2010-02-24,65.301079
2010-02-25,65.355782
2010-02-26,65.379227
2010-03-01,65.367531
2010-03-02,65.367531
2010-03-03,65.359680
2010-03-04,65.336266
2010-03-05,65.281479
2010-03-08,65.250175
2010-03-09,65.297134
2010-03-10,65.281479
2010-03-11,65.203262
2010-03-12,65.211082
2010-03-15,65.234634
2010-03-16,65.250175
2010-03-17,65.265877
2010-03-18,65.226685
2010-03-19,65.179787
2010-03-22,65.203262
2010-03-23,65.179787
2010-03-24,65.078133
2010-03-25,65.101562
2010-03-26,65.140724
2010-03-29,65.171997
2010-03-30,65.156319
2010-03-31,65.203262
2010-04-01,65.179764
2010-04-05,64.999718
2010-04-06,65.046692
2010-04-07,65.148491
2010-04-08,65.132812
2010-04-09,65.148491
2010-04-12,65.179764
2010-04-13,65.164124
2010-04-14,65.164124
2010-04-15,65.211121
2010-04-16,65.312859
2010-04-19,65.250259
2010-04-20,65.258041
2010-04-21,65.265938
2010-04-22,65.218925
2010-04-23,65.195503
2010-04-26,65.195503
2010-04-27,65.320663
2010-04-28,65.305054
2010-04-29,65.320663
2010-04-30,65.399002
2010-05-03,65.334732
2010-05-04,65.373917
2010-05-05,65.460136
2010-05-06,65.601173
2010-05-07,65.577667
2010-05-10,65.491463
2010-05-11,65.530632
2010-05-12,65.514999
2010-05-13,65.554161
2010-05-14,65.640350
2010-05-17,65.616768
2010-05-18,65.687332
2010-05-19,65.656029
2010-05-20,65.734329
2010-05-21,65.687332
2010-05-24,65.679520
2010-05-25,65.671700
2010-05-26,65.616768
2010-05-27,65.569786
2010-05-28,65.695183
2010-06-01,65.695961
2010-06-02,65.648880
2010-06-03,65.633232
2010-06-04,65.782249
2010-06-07,65.758736
2010-06-08,65.750916
2010-06-09,65.758736
2010-06-10,65.672493
2010-06-11,65.743034
2010-06-14,65.758736
2010-06-15,65.727325
2010-06-16,65.743034
2010-06-17,65.782249
2010-06-18,65.790085
2010-06-21,65.797920
2010-06-22,65.829277
2010-06-23,65.876373
2010-06-24,65.892029
2010-06-25,65.915565
2010-06-28,65.954781
2010-06-29,65.986107
2010-06-30,65.970520
2010-07-01,65.949249
2010-07-02,65.949249
2010-07-06,65.949249
2010-07-07,65.941376
2010-07-08,65.949249
2010-07-09,65.925735
2010-07-12,65.933563
2010-07-13,65.886475
2010-07-14,65.957115
2010-07-15,65.972824
2010-07-16,66.035599
2010-07-19,66.012039
2010-07-20,66.035599
2010-07-21,66.066948
2010-07-22,66.043442
2010-07-23,66.012039
2010-07-26,65.988548
2010-07-27,65.949249
2010-07-28,66.012039
2010-07-29,66.066948
2010-07-30,66.098373
2010-08-02,66.083496
2010-08-03,66.130577
2010-08-04,66.075623
2010-08-05,66.154129
2010-08-06,66.169930
2010-08-09,66.130577
2010-08-10,66.162025
2010-08-11,66.177727
2010-08-12,66.162025
2010-08-13,66.154129
2010-08-16,66.216980
2010-08-17,66.201286
2010-08-18,66.216980
2010-08-19,66.232780
2010-08-20,66.209145
2010-08-23,66.216980
2010-08-24,66.264175
2010-08-25,66.201286
2010-08-26,66.201286
2010-08-27,66.154129
2010-08-30,66.232780
2010-08-31,66.256279
2010-09-01,66.216995
2010-09-02,66.201271
2010-09-03,66.169853
2010-09-07,66.240532
2010-09-08,66.193428
2010-09-09,66.122658
2010-09-10,66.114754
2010-09-13,66.169853
2010-09-14,66.216995
2010-09-15,66.232735
2010-09-16,66.248444
2010-09-17,66.264191
2010-09-20,66.271965
2010-09-21,66.319168
2010-09-22,66.311279
2010-09-23,66.319168
2010-09-24,66.311279
2010-09-27,66.327042
2010-09-28,66.342743
2010-09-29,66.327042
2010-09-30,66.334930
2010-10-01,66.346718
2010-10-04,66.354561
2010-10-05,66.386040
2010-10-06,66.393883
2010-10-07,66.448975
2010-10-08,66.448975
2010-10-11,66.456886
2010-10-12,66.409676
2010-10-13,66.417557
2010-10-14,66.386040
2010-10-15,66.409676
2010-10-18,66.425423
2010-10-19,66.456886
2010-10-20,66.464729
2010-10-21,66.472610
2010-10-22,66.456886
2010-10-25,66.472610
2010-10-26,66.409676
2010-10-27,66.378181
2010-10-28,66.464729
2010-10-29,66.480507
2010-11-01,66.509590
2010-11-02,66.470253
2010-11-03,66.493896
2010-11-04,66.509590
2010-11-05,66.454529
2010-11-08,66.422974
2010-11-09,66.336357
2010-11-10,66.375740
2010-11-11,66.273384
2010-11-12,66.273384
2010-11-15,66.234009
2010-11-16,66.265518
2010-11-17,66.304939
2010-11-18,66.312729
2010-11-19,66.273384
2010-11-22,66.336357
2010-11-23,66.375740
2010-11-24,66.257576
2010-11-26,66.304939
2010-11-29,66.297012
2010-11-30,66.344200
2010-12-01,66.244995
2010-12-02,66.244995
2010-12-03,66.331604
2010-12-06,66.371071
2010-12-07,66.252853
2010-12-08,66.150429
2010-12-09,66.142555
2010-12-10,66.118889
2010-12-13,66.158257
2010-12-14,66.126724
2010-12-15,66.103088
2010-12-16,66.118889
2010-12-17,66.174034
2010-12-20,66.189781
2010-12-21,66.174034
2010-12-22,66.158257
2010-12-23,66.071602
2010-12-27,66.110992
2010-12-28,66.022606
2010-12-29,66.180405
2010-12-30,66.156715
2010-12-31,66.235558
2011-01-03,66.219841
2011-01-04,66.204041
2011-01-05,66.085770
2011-01-06,66.156715
2011-01-07,66.251389
2011-01-10,66.282967
2011-01-11,66.243500
2011-01-12,66.243500
2011-01-13,66.267151
2011-01-14,66.267151
2011-01-18,66.251389
2011-01-19,66.282967
2011-01-20,66.211937
2011-01-21,66.227722
2011-01-24,66.219841
2011-01-25,66.267151
2011-01-26,66.251389
2011-01-27,66.298683
2011-01-28,66.330269
2011-01-31,66.322319
2011-02-01,66.249733
2011-02-02,66.210243
2011-02-03,66.147087
2011-02-04,66.091866
2011-02-07,66.060272
2011-02-08,65.973495
2011-02-09,66.020844
2011-02-10,65.989243
2011-02-11,65.989243
2011-02-14,65.989243
2011-02-15,66.020844
2011-02-16,66.012901
2011-02-17,66.091866
2011-02-18,66.115578
2011-02-22,66.186607
2011-02-23,66.170837
2011-02-24,66.202393
2011-02-25,66.218163
2011-02-28,66.241859
2011-03-01,66.282135
2011-03-02,66.250565
2011-03-03,66.116180
2011-03-04,66.266342
2011-03-07,66.218971
2011-03-08,66.195229
2011-03-09,66.242661
2011-03-10,66.313759
2011-03-11,66.321617
2011-03-14,66.361115
2011-03-15,66.329552
2011-03-16,66.448051
2011-03-17,66.416389
2011-03-18,66.384834
2011-03-21,66.313759
2011-03-22,66.297890
2011-03-23,66.305855
2011-03-24,66.258423
2011-03-25,66.211014
2011-03-28,66.179443
2011-03-29,66.155746
2011-03-30,66.195229
2011-03-31,66.155746
2011-04-01,66.208694
2011-04-04,66.224495
2011-04-05,66.153366
2011-04-06,66.153366
2011-04-07,66.200752
2011-04-08,66.177055
2011-04-11,66.169167
2011-04-12,66.279861
2011-04-13,66.311493
2011-04-14,66.248192
2011-04-15,66.374725
2011-04-18,66.390518
2011-04-19,66.406357
2011-04-20,66.398476
2011-04-21,66.382622
2011-04-25,66.390518
2011-04-26,66.453789
2011-04-27,66.477509
2011-04-28,66.477509
2011-04-29,66.509087
2011-05-02,66.498047
2011-05-03,66.521797
2011-05-04,66.553452
2011-05-05,66.569267
2011-05-06,66.577187
2011-05-09,66.608833
2011-05-10,66.545525
2011-05-11,66.608833
2011-05-12,66.577187
2011-05-13,66.608833
2011-05-16,66.640457
2011-05-17,66.648399
2011-05-18,66.616745
2011-05-19,66.624634
2011-05-20,66.648399
2011-05-23,66.656265
2011-05-24,66.656265
2011-05-25,66.687920
2011-05-26,66.727448
2011-05-27,66.751190
2011-05-31,66.751190
2011-06-01,66.795547
2011-06-02,66.755966
2011-06-03,66.779694
2011-06-06,66.787659
2011-06-07,66.835175
2011-06-08,66.843056
2011-06-09,66.771805
2011-06-10,66.827202
2011-06-13,66.803452
2011-06-14,66.748047
2011-06-15,66.843056
2011-06-16,66.850967
2011-06-17,66.866829
2011-06-20,66.866829
2011-06-21,66.874718
2011-06-22,66.858910
2011-06-23,66.898483
2011-06-24,66.938110
2011-06-27,66.874718
2011-06-28,66.755966
2011-06-29,66.755966
2011-06-30,66.748047
2011-07-01,66.725075
2011-07-05,66.804329
2011-07-06,66.828033
2011-07-07,66.764687
2011-07-08,66.859795
2011-07-11,66.907310
2011-07-12,66.899399
2011-07-13,66.915237
2011-07-14,66.891457
2011-07-15,66.907310
2011-07-18,66.907310
2011-07-19,66.907310
2011-07-20,66.883591
2011-07-21,66.851814
2011-07-22,66.859795
2011-07-25,66.828033
2011-07-26,66.867706
2011-07-27,66.828033
2011-07-28,66.867706
2011-07-29,66.938995
2011-08-01,66.916008
2011-08-02,67.003258
2011-08-03,66.995300
2011-08-04,67.058769
2011-08-05,67.042870
2011-08-08,67.066696
2011-08-09,67.138031
2011-08-10,67.185623
2011-08-11,67.169785
2011-08-12,67.177673
2011-08-15,67.153931
2011-08-16,67.153931
2011-08-17,67.169785
2011-08-18,67.161789
2011-08-19,67.161789
2011-08-22,67.153931
2011-08-23,67.122162
2011-08-24,67.122162
2011-08-25,67.161789
2011-08-26,67.169785
2011-08-29,67.153931
2011-08-30,67.169785
2011-08-31,67.169785
2011-09-01,67.188835
2011-09-02,67.157082
2011-09-06,67.164978
2011-09-07,67.149109
2011-09-08,67.172951
2011-09-09,67.196793
2011-09-12,67.149109
2011-09-13,67.157082
2011-09-14,67.157082
2011-09-15,67.164978
2011-09-16,67.180847
2011-09-19,67.212570
2011-09-20,67.180847
2011-09-21,67.109451
2011-09-22,67.117393
2011-09-23,67.125298
2011-09-26,67.101509
2011-09-27,67.077713
2011-09-28,67.053902
2011-09-29,67.069763
2011-09-30,67.101509
2011-10-03,67.116615
2011-10-04,67.076927
2011-10-05,67.076927
2011-10-06,67.060989
2011-10-07,67.037239
2011-10-10,66.981644
2011-10-11,67.013397
2011-10-12,67.013397
2011-10-13,67.029259
2011-10-14,67.060989
2011-10-17,67.068954
2011-10-18,67.068954
2011-10-19,67.092773
2011-10-20,67.100708
2011-10-21,67.076927
2011-10-24,67.076927
2011-10-25,67.116615
2011-10-26,67.076927
2011-10-27,67.029259
2011-10-28,67.060989
2011-10-31,67.124504
2011-11-01,67.130913
2011-11-02,67.146828
2011-11-03,67.154747
2011-11-04,67.154747
2011-11-07,67.138870
2011-11-08,67.130913
2011-11-09,67.146828
2011-11-10,67.154747
2011-11-11,67.122986
2011-11-14,67.154747
2011-11-15,67.146828
2011-11-16,67.130913
2011-11-17,67.138870
2011-11-18,67.115067
2011-11-21,67.122986
2011-11-22,67.130913
2011-11-23,67.138870
2011-11-25,67.138870
2011-11-28,67.146828
2011-11-29,67.154747
2011-11-30,67.154747
2011-12-01,67.158775
2011-12-02,67.142845
2011-12-05,67.150757
2011-12-06,67.150757
2011-12-07,67.174606
2011-12-08,67.182556
2011-12-09,67.182556
2011-12-12,67.182556
2011-12-13,67.182556
2011-12-14,67.166618
2011-12-15,67.158775
2011-12-16,67.190498
2011-12-19,67.182556
2011-12-20,67.166618
2011-12-21,67.142845
2011-12-22,67.134819
2011-12-23,67.150757
2011-12-27,67.126099
2011-12-28,67.141991
2011-12-29,67.149956
2011-12-30,67.189766
2012-01-03,67.149956
2012-01-04,67.157936
2012-01-05,67.165840
2012-01-06,67.157936
2012-01-09,67.173843
2012-01-10,67.181808
2012-01-11,67.205635
2012-01-12,67.197632
2012-01-13,67.213554
2012-01-17,67.221504
2012-01-18,67.213554
2012-01-19,67.213554
2012-01-20,67.197632
2012-01-23,67.205635
2012-01-24,67.205635
2012-01-25,67.245384
2012-01-26,67.253281
2012-01-27,67.269203
2012-01-30,67.245384
2012-01-31,67.245384
2012-02-01,67.222313
2012-02-02,67.230278
2012-02-03,67.230278
2012-02-06,67.214348
2012-02-07,67.198471
2012-02-08,67.198471
2012-02-09,67.166573
2012-02-10,67.182579
2012-02-13,67.142761
2012-02-14,67.158691
2012-02-15,67.166573
2012-02-16,67.142761
2012-02-17,67.126839
2012-02-21,67.110939
2012-02-22,67.142761
2012-02-23,67.134827
2012-02-24,67.118942
2012-02-27,67.134827
2012-02-28,67.150696
2012-02-29,67.150696
2012-03-01,67.138786
2012-03-02,67.154686
2012-03-05,67.154686
2012-03-06,67.154686
2012-03-07,67.138786
2012-03-08,67.114914
2012-03-09,67.114914
2012-03-12,67.122887
2012-03-13,67.083099
2012-03-14,66.987572
2012-03-15,67.027405
2012-03-16,67.067192
2012-03-19,67.019386
2012-03-20,67.003510
2012-03-21,67.043304
2012-03-22,67.051277
2012-03-23,67.059227
2012-03-26,67.075142
2012-03-27,67.099014
2012-03-28,67.083099
2012-03-29,67.106934
2012-03-30,67.099014
2012-04-02,67.114906
2012-04-03,67.067169
2012-04-04,67.083092
2012-04-05,67.106972
2012-04-09,67.154716
2012-04-10,67.186569
2012-04-11,67.178574
2012-04-12,67.186569
2012-04-13,67.194511
2012-04-16,67.194511
2012-04-17,67.194511
2012-04-18,67.210434
2012-04-19,67.218391
2012-04-20,67.218391
2012-04-23,67.234337
2012-04-24,67.210434
2012-04-25,67.226357
2012-04-26,67.234337
2012-04-27,67.218391
2012-04-30,67.234337
2012-05-01,67.232704
2012-05-02,67.240715
2012-05-03,67.232704
2012-05-04,67.256645
2012-05-07,67.256645
2012-05-08,67.264534
2012-05-09,67.256645
2012-05-10,67.248634
2012-05-11,67.256645
2012-05-14,67.248634
2012-05-15,67.240715
2012-05-16,67.232704
2012-05-17,67.200874
2012-05-18,67.208839
2012-05-21,67.216805
2012-05-22,67.192886
2012-05-23,67.224739
2012-05-24,67.200874
2012-05-25,67.232704
2012-05-29,67.216805
2012-05-30,67.248634
2012-05-31,67.272545
2012-06-01,67.278969
2012-06-04,67.270935
2012-06-05,67.286873
2012-06-06,67.262962
2012-06-07,67.255005
2012-06-08,67.255005
2012-06-11,67.255005
2012-06-12,67.223137
2012-06-13,67.215187
2012-06-14,67.223137
2012-06-15,67.247032
2012-06-18,67.231133
2012-06-19,67.223137
2012-06-20,67.199272
2012-06-21,67.207199
2012-06-22,67.215187
2012-06-25,67.215187
2012-06-26,67.199272
2012-06-27,67.199272
2012-06-28,67.207199
2012-06-29,67.207199
2012-07-02,67.227974
2012-07-03,67.211960
2012-07-05,67.235916
2012-07-06,67.259872
2012-07-09,67.259872
2012-07-10,67.259872
2012-07-11,67.267784
2012-07-12,67.283783
2012-07-13,67.299644
2012-07-16,67.323555
2012-07-17,67.315620
2012-07-18,67.331543
2012-07-19,67.347496
2012-07-20,67.355461
2012-07-23,67.363396
2012-07-24,67.347496
2012-07-25,67.355461
2012-07-26,67.355461
2012-07-27,67.307602
2012-07-30,67.339531
2012-07-31,67.355461
2012-08-01,67.344276
2012-08-02,67.352264
2012-08-03,67.328308
2012-08-06,67.336319
2012-08-07,67.304443
2012-08-08,67.280556
2012-08-09,67.280556
2012-08-10,67.296455
2012-08-13,67.304443
2012-08-14,67.288498
2012-08-15,67.264587
2012-08-16,67.256615
2012-08-17,67.264587
2012-08-20,67.264587
2012-08-21,67.264587
2012-08-22,67.304443
2012-08-23,67.312370
2012-08-24,67.312370
2012-08-27,67.304443
2012-08-28,67.312370
2012-08-29,67.312370
2012-08-30,67.320358
2012-08-31,67.360237
2012-09-04,67.355438
2012-09-05,67.355438
2012-09-06,67.323547
2012-09-07,67.339539
2012-09-10,67.323547
2012-09-11,67.339539
2012-09-12,67.331497
2012-09-13,67.355438
2012-09-14,67.323547
2012-09-17,67.323547
2012-09-18,67.331497
2012-09-19,67.331497
2012-09-20,67.315559
2012-09-21,67.323547
2012-09-24,67.331497
2012-09-25,67.315559
2012-09-26,67.331497
2012-09-27,67.339539
2012-09-28,67.371384
2012-10-01,67.372986
2012-10-02,67.357056
2012-10-03,67.357056
2012-10-04,67.357056
2012-10-05,67.325089
2012-10-08,67.333069
2012-10-09,67.333069
2012-10-10,67.325089
2012-10-11,67.317169
2012-10-12,67.341095
2012-10-15,67.325089
2012-10-16,67.325089
2012-10-17,67.285225
2012-10-18,67.293236
2012-10-19,67.293236
2012-10-22,67.269279
2012-10-23,67.301231
2012-10-24,67.293236
2012-10-25,67.269279
2012-10-26,67.285225
2012-10-31,67.325089
2012-11-01,67.309189
2012-11-02,67.301231
2012-11-05,67.301231
2012-11-06,67.277290
2012-11-07,67.333069
2012-11-08,67.333069
2012-11-09,67.333069
2012-11-12,67.333069
2012-11-13,67.341095
2012-11-14,67.357056
2012-11-15,67.357056
2012-11-16,67.357056
2012-11-19,67.349022
2012-11-20,67.333069
2012-11-21,67.325089
2012-11-23,67.325089
2012-11-26,67.317169
2012-11-27,67.325089
2012-11-28,67.333069
2012-11-29,67.333069
2012-11-30,67.341095
2012-12-03,67.349030
2012-12-04,67.349030
2012-12-05,67.364983
2012-12-06,67.364983
2012-12-07,67.364983
2012-12-10,67.364983
2012-12-11,67.364983
2012-12-12,67.357063
2012-12-13,67.357063
2012-12-14,67.372986
2012-12-17,67.357063
2012-12-18,67.317146
2012-12-19,67.333084
2012-12-20,67.325104
2012-12-21,67.333084
2012-12-24,67.333084
2012-12-26,67.333878
2012-12-27,67.357803
2012-12-28,67.357803
2012-12-31,67.357803
2013-01-02,67.341873
2013-01-03,67.341873
2013-01-04,67.349884
2013-01-07,67.349884
2013-01-08,67.357803
2013-01-09,67.381691
2013-01-10,67.373802
2013-01-11,67.365814
2013-01-14,67.365814
2013-01-15,67.373802
2013-01-16,67.373802
2013-01-17,67.365814
2013-01-18,67.365814
2013-01-22,67.381691
2013-01-23,67.381691
2013-01-24,67.381691
2013-01-25,67.349884
2013-01-28,67.325928
2013-01-29,67.333878
2013-01-30,67.357803
2013-01-31,67.365814
2013-02-01,67.358612
2013-02-04,67.374573
2013-02-05,67.374573
2013-02-06,67.390602
2013-02-07,67.390602
2013-02-08,67.398544
2013-02-11,67.374573
2013-02-12,67.358612
2013-02-13,67.350647
2013-02-14,67.358612
2013-02-15,67.366638
2013-02-19,67.358612
2013-02-20,67.358612
2013-02-21,67.382545
2013-02-22,67.382545
2013-02-25,67.398544
2013-02-26,67.414474
2013-02-27,67.414474
2013-02-28,67.406494
2013-03-01,67.420883
2013-03-04,67.412918
2013-03-05,67.404938
2013-03-06,67.396927
2013-03-07,67.380959
2013-03-08,67.388939
2013-03-11,67.380959
2013-03-12,67.396927
2013-03-13,67.380959
2013-03-14,67.380959
2013-03-15,67.404938
2013-03-18,67.420883
2013-03-19,67.412918
2013-03-20,67.404938
2013-03-21,67.412918
2013-03-22,67.396927
2013-03-25,67.396927
2013-03-26,67.404938
2013-03-27,67.420883
2013-03-28,67.428841
2013-04-01,67.435265
2013-04-02,67.435265
2013-04-03,67.427254
2013-04-04,67.451248
2013-04-05,67.451248
2013-04-08,67.435265
2013-04-09,67.435265
2013-04-10,67.435265
2013-04-11,67.435265
2013-04-12,67.443253
2013-04-15,67.451248
2013-04-16,67.451248
2013-04-17,67.451248
2013-04-18,67.451248
2013-04-19,67.451248
2013-04-22,67.459251
2013-04-23,67.451248
2013-04-24,67.459251
2013-04-25,67.451248
2013-04-26,67.467171
2013-04-29,67.483192
2013-04-30,67.475197
2013-05-01,67.488747
2013-05-02,67.480751
2013-05-03,67.456833
2013-05-06,67.456833
2013-05-07,67.456833
2013-05-08,67.464806
2013-05-09,67.456833
2013-05-10,67.448845
2013-05-13,67.432854
2013-05-14,67.432854
2013-05-15,67.440834
2013-05-16,67.456833
2013-05-17,67.440834
2013-05-20,67.448845
2013-05-21,67.448845
2013-05-22,67.424934
2013-05-23,67.440834
2013-05-24,67.424934
2013-05-28,67.376930
2013-05-29,67.376930
2013-05-30,67.392937
2013-05-31,67.384949
2013-06-03,67.406502
2013-06-04,67.406502
2013-06-05,67.414467
2013-06-06,67.406502
2013-06-07,67.398514
2013-06-10,67.374535
2013-06-11,67.366623
2013-06-12,67.358589
2013-06-13,67.390572
2013-06-14,67.438416
2013-06-17,67.438416
2013-06-18,67.438416
2013-06-19,67.358589
2013-06-20,67.350616
2013-06-21,67.294701
2013-06-24,67.262703
2013-06-25,67.254807
2013-06-26,67.286766
2013-06-27,67.326637
2013-06-28,67.318657
2013-07-01,67.348213
2013-07-02,67.356140
2013-07-03,67.348213
2013-07-05,67.276306
2013-07-08,67.324196
2013-07-09,67.316254
2013-07-10,67.316254
2013-07-11,67.372177
2013-07-12,67.332222
2013-07-15,67.364212
2013-07-16,67.372177
2013-07-17,67.396164
2013-07-18,67.388138
2013-07-19,67.420090
2013-07-22,67.420090
2013-07-23,67.412102
2013-07-24,67.380157
2013-07-25,67.420090
2013-07-26,67.428085
2013-07-29,67.420090
2013-07-30,67.428085
2013-07-31,67.428085
2013-08-01,67.402534
2013-08-02,67.450447
2013-08-05,67.442474
2013-08-06,67.434517
2013-08-07,67.450447
2013-08-08,67.450447
2013-08-09,67.434517
2013-08-12,67.434517
2013-08-13,67.402534
2013-08-14,67.402534
2013-08-15,67.378548
2013-08-16,67.386536
2013-08-19,67.370506
2013-08-20,67.386536
2013-08-21,67.346603
2013-08-22,67.322586
2013-08-23,67.322586
2013-08-26,67.346603
2013-08-27,67.378548
2013-08-28,67.338593
2013-08-29,67.354568
2013-08-30,67.362556
2013-09-03,67.336983
2013-09-04,67.272987
2013-09-05,67.209068
2013-09-06,67.272987
2013-09-09,67.289024
2013-09-10,67.265015
2013-09-11,67.297043
2013-09-12,67.297043
2013-09-13,67.297043
2013-09-16,67.345001
2013-09-17,67.368942
2013-09-18,67.456924
2013-09-19,67.432869
2013-09-20,67.440849
2013-09-23,67.456924
2013-09-24,67.464867
2013-09-25,67.488869
2013-09-26,67.456924
2013-09-27,67.496849
2013-09-30,67.512787
2013-10-01,67.495201
2013-10-02,67.503258
2013-10-03,67.503258
2013-10-04,67.479240
2013-10-07,67.479240
2013-10-08,67.423248
2013-10-09,67.447266
2013-10-10,67.447266
2013-10-11,67.447266
2013-10-14,67.423248
2013-10-15,67.447266
2013-10-16,67.471275
2013-10-17,67.495201
2013-10-18,67.495201
2013-10-21,67.495201
2013-10-22,67.551186
2013-10-23,67.527184
2013-10-24,67.519234
2013-10-25,67.535240
2013-10-28,67.551186
2013-10-29,67.551186
2013-10-30,67.551186
2013-10-31,67.559196
2013-11-01,67.534431
2013-11-04,67.550377
2013-11-05,67.550377
2013-11-06,67.566422
2013-11-07,67.582375
2013-11-08,67.534431
2013-11-11,67.550377
2013-11-12,67.534431
2013-11-13,67.534431
2013-11-14,67.574394
2013-11-15,67.574394
2013-11-18,67.606316
2013-11-19,67.582375
2013-11-20,67.590385
2013-11-21,67.622375
2013-11-22,67.606316
2013-11-25,67.606316
2013-11-26,67.614365
2013-11-27,67.614365
2013-11-29,67.622375
2013-12-02,67.581551
2013-12-03,67.597549
2013-12-04,67.581551
2013-12-05,67.589561
2013-12-06,67.565598
2013-12-09,67.565598
2013-12-10,67.589561
2013-12-11,67.565598
2013-12-12,67.541611
2013-12-13,67.557571
2013-12-16,67.557571
2013-12-17,67.573601
2013-12-18,67.573601
2013-12-19,67.533638
2013-12-20,67.509651
2013-12-23,67.501602
2013-12-24,67.477577
2013-12-26,67.470421
2013-12-27,67.502411
2013-12-30,67.518387
2013-12-31,67.502411
2014-01-02,67.534439
2014-01-03,67.510384
2014-01-06,67.518387
2014-01-07,67.518387
2014-01-08,67.454475
2014-01-09,67.470421
2014-01-10,67.534439
2014-01-13,67.550407
2014-01-14,67.534439
2014-01-15,67.510384
2014-01-16,67.526398
2014-01-17,67.526398
2014-01-21,67.518387
2014-01-22,67.486382
2014-01-23,67.550407
2014-01-24,67.574371
2014-01-27,67.566406
2014-01-28,67.566406
2014-01-29,67.614418
2014-01-30,67.606361
2014-01-31,67.638412
2014-02-03,67.656822
2014-02-04,67.664810
2014-02-05,67.632805
2014-02-06,67.640800
2014-02-07,67.656822
2014-02-10,67.640800
2014-02-11,67.624771
2014-02-12,67.592743
2014-02-13,67.632805
2014-02-14,67.632805
2014-02-18,67.656822
2014-02-19,67.632805
2014-02-20,67.640800
2014-02-21,67.648781
2014-02-24,67.648781
2014-02-25,67.640800
2014-02-26,67.672821
2014-02-27,67.664810
2014-02-28,67.664810
2014-03-03,67.703217
2014-03-04,67.647194
2014-03-05,67.671227
2014-03-06,67.631149
2014-03-07,67.583221
2014-03-10,67.591209
2014-03-11,67.591209
2014-03-12,67.615181
2014-03-13,67.655197
2014-03-14,67.639191
2014-03-17,67.615181
2014-03-18,67.631149
2014-03-19,67.519119
2014-03-20,67.527145
2014-03-21,67.535133
2014-03-24,67.503136
2014-03-25,67.511131
2014-03-26,67.559219
2014-03-27,67.551132
2014-03-28,67.551132
2014-03-31,67.591209
2014-04-01,67.551941
2014-04-02,67.527885
2014-04-03,67.543922
2014-04-04,67.600021
2014-04-07,67.608032
2014-04-08,67.615959
2014-04-09,67.648003
2014-04-10,67.688026
2014-04-11,67.680046
2014-04-14,67.672043
2014-04-15,67.672043
2014-04-16,67.648003
2014-04-17,67.631989
2014-04-21,67.631989
2014-04-22,67.600021
2014-04-23,67.631989
2014-04-24,67.615959
2014-04-25,67.623978
2014-04-28,67.623978
2014-04-29,67.615959
2014-04-30,67.664017
2014-05-01,67.664856
2014-05-02,67.656837
2014-05-05,67.664856
2014-05-06,67.640823
2014-05-07,67.664856
2014-05-08,67.680771
2014-05-09,67.704842
2014-05-12,67.688850
2014-05-13,67.712868
2014-05-14,67.736908
2014-05-15,67.744919
2014-05-16,67.752861
2014-05-19,67.768906
2014-05-20,67.776939
2014-05-21,67.776939
2014-05-22,67.760910
2014-05-23,67.744919
2014-05-27,67.760910
2014-05-28,67.776939
2014-05-29,67.768906
2014-05-30,67.784935
2014-06-02,67.739281
2014-06-03,67.723259
2014-06-04,67.747231
2014-06-05,67.755310
2014-06-06,67.739281
2014-06-09,67.691200
2014-06-10,67.675224
2014-06-11,67.699150
2014-06-12,67.723259
2014-06-13,67.683235
2014-06-16,67.667191
2014-06-17,67.611122
2014-06-18,67.667191
2014-06-19,67.659218
2014-06-20,67.659218
2014-06-23,67.659218
2014-06-24,67.683235
2014-06-25,67.691200
2014-06-26,67.707214
2014-06-27,67.723259
2014-06-30,67.731277
2014-07-01,67.703224
2014-07-02,67.679199
2014-07-03,67.671165
2014-07-07,67.655159
2014-07-08,67.671165
2014-07-09,67.679199
2014-07-10,67.711227
2014-07-11,67.727272
2014-07-14,67.719215
2014-07-15,67.687225
2014-07-16,67.679199
2014-07-17,67.735260
2014-07-18,67.679199
2014-07-21,67.687225
2014-07-22,67.687225
2014-07-23,67.711227
2014-07-24,67.687225
2014-07-25,67.695198
2014-07-28,67.663185
2014-07-29,67.679199
2014-07-30,67.647110
2014-07-31,67.679199
2014-08-01,67.764946
2014-08-04,67.764946
2014-08-05,67.764946
2014-08-06,67.780983
2014-08-07,67.813011
2014-08-08,67.772942
2014-08-11,67.772942
2014-08-12,67.772942
2014-08-13,67.805008
2014-08-14,67.821037
2014-08-15,67.821037
2014-08-18,67.821037
2014-08-19,67.821037
2014-08-20,67.756927
2014-08-21,67.756927
2014-08-22,67.740868
2014-08-25,67.716858
2014-08-26,67.740868
2014-08-27,67.756927
2014-08-28,67.772942
2014-08-29,67.805008
2014-09-02,67.747284
2014-09-03,67.763275
2014-09-04,67.755318
2014-09-05,67.779343
2014-09-08,67.739273
2014-09-09,67.699196
2014-09-10,67.707222
2014-09-11,67.715210
2014-09-12,67.699196
2014-09-15,67.731285
2014-09-16,67.771317
2014-09-17,67.699196
2014-09-18,67.707222
2014-09-19,67.699196
2014-09-22,67.747284
2014-09-23,67.763275
2014-09-24,67.739273
2014-09-25,67.787422
2014-09-26,67.755318
2014-09-29,67.771317
2014-09-30,67.755318
2014-10-01,67.827492
2014-10-02,67.819489
2014-10-03,67.755333
2014-10-06,67.819489
2014-10-07,67.859581
2014-10-08,67.931740
2014-10-09,67.931740
2014-10-10,67.963844
2014-10-13,67.987885
2014-10-14,68.028015
2014-10-15,68.116226
2014-10-16,68.076141
2014-10-17,68.036003
2014-10-20,68.076141
2014-10-21,68.060074
2014-10-22,68.044052
2014-10-23,68.011963
2014-10-24,68.028015
2014-10-27,68.028015
2014-10-28,68.011963
2014-10-29,67.923759
2014-10-30,67.947792
2014-10-31,67.931740
2014-11-03,67.922935
2014-11-04,67.914902
2014-11-05,67.898903
2014-11-06,67.882828
2014-11-07,67.930984
2014-11-10,67.882828
2014-11-11,67.874809
2014-11-12,67.898903
2014-11-13,67.914902
2014-11-14,67.947006
2014-11-17,67.938988
2014-11-18,67.930984
2014-11-19,67.922935
2014-11-20,67.938988
2014-11-21,67.955009
2014-11-24,67.963043
2014-11-25,67.971092
2014-11-26,67.979073
2014-11-28,68.003197
2014-12-01,68.002335
2014-12-02,67.962250
2014-12-03,67.930084
2014-12-04,67.970245
2014-12-05,67.841835
2014-12-08,67.833862
2014-12-09,67.857910
2014-12-10,67.914032
2014-12-11,67.881943
2014-12-12,67.946182
2014-12-15,67.898041
2014-12-16,67.938148
2014-12-17,67.873962
2014-12-18,67.833862
2014-12-19,67.785667
2014-12-22,67.801712
2014-12-23,67.729446
2014-12-24,67.764038
2014-12-26,67.739883
2014-12-29,67.804146
2014-12-30,67.828270
2014-12-31,67.804146
2015-01-02,67.876434
2015-01-05,67.876434
2015-01-06,67.908524
2015-01-07,67.940605
2015-01-08,67.932610
2015-01-09,67.988800
2015-01-12,68.028946
2015-01-13,68.069092
2015-01-14,68.109238
2015-01-15,68.213669
2015-01-16,68.149384
2015-01-20,68.117294
2015-01-21,68.117294
2015-01-22,68.093185
2015-01-23,68.125305
2015-01-26,68.085144
2015-01-27,68.125305
2015-01-28,68.173454
2015-01-29,68.149384
2015-01-30,68.229675
2015-02-02,68.208000
2015-02-03,68.151810
2015-02-04,68.159821
2015-02-05,68.135712
2015-02-06,67.975060
2015-02-09,67.967033
2015-02-10,67.950981
2015-02-11,67.958977
2015-02-12,67.983078
2015-02-13,67.983078
2015-02-17,67.950981
2015-02-18,68.031326
2015-02-19,67.991112
2015-02-20,67.983078
2015-02-23,68.015259
2015-02-24,68.071449
2015-02-25,68.071449
2015-02-26,68.007187
2015-02-27,68.031326
2015-03-02,67.975868
2015-03-03,67.959724
2015-03-04,67.975868
2015-03-05,67.999977
2015-03-06,67.927628
2015-03-09,67.959724
2015-03-10,67.975868
2015-03-11,67.975868
2015-03-12,67.991928
2015-03-13,67.999977
2015-03-16,68.007996
2015-03-17,67.991928
2015-03-18,68.152626
2015-03-19,68.064209
2015-03-20,68.112465
2015-03-23,68.136520
2015-03-24,68.160645
2015-03-25,68.144585
2015-03-26,68.112465
2015-03-27,68.152626
2015-03-30,68.144585
2015-03-31,68.200851
2015-04-01,68.230576
2015-04-02,68.222519
2015-04-06,68.278809
2015-04-07,68.230576
2015-04-08,68.230576
2015-04-09,68.206474
2015-04-10,68.190384
2015-04-13,68.230576
2015-04-14,68.262764
2015-04-15,68.262764
2015-04-16,68.294891
2015-04-17,68.262764
2015-04-20,68.254692
2015-04-21,68.262764
2015-04-22,68.206474
2015-04-23,68.238602
2015-04-24,68.262764
2015-04-27,68.254692
2015-04-28,68.222519
2015-04-29,68.230576
2015-04-30,68.222519
2015-05-01,68.194351
2015-05-04,68.194351
2015-05-05,68.178291
2015-05-06,68.154182
2015-05-07,68.130074
2015-05-08,68.226578
2015-05-11,68.162231
2015-05-12,68.170258
2015-05-13,68.202431
2015-05-14,68.266777
2015-05-15,68.266777
2015-05-18,68.226578
2015-05-19,68.186317
2015-05-20,68.210472
2015-05-21,68.234619
2015-05-22,68.186317
2015-05-26,68.194351
2015-05-27,68.202431
2015-05-28,68.234619
2015-05-29,68.250664
2015-06-01,68.208038
2015-06-02,68.200012
2015-06-03,68.175842
2015-06-04,68.183914
2015-06-05,68.119560
2015-06-08,68.159790
2015-06-09,68.127609
2015-06-10,68.111519
2015-06-11,68.127609
2015-06-12,68.111519
2015-06-15,68.143677
2015-06-16,68.167793
2015-06-17,68.216087
2015-06-18,68.232178
2015-06-19,68.248230
2015-06-22,68.200012
2015-06-23,68.183914
2015-06-24,68.216087
2015-06-25,68.200012
2015-06-26,68.159790
2015-06-29,68.272362
2015-06-30,68.272362
2015-07-01,68.214455
2015-07-02,68.319069
2015-07-06,68.335167
2015-07-07,68.327141
2015-07-08,68.399559
2015-07-09,68.351280
2015-07-10,68.286911
2015-07-13,68.254692
2015-07-14,68.286911
2015-07-15,68.311020
2015-07-16,68.278824
2015-07-17,68.262756
2015-07-20,68.222504
2015-07-21,68.230522
2015-07-22,68.222504
2015-07-23,68.230522
2015-07-24,68.246651
2015-07-27,68.294960
2015-07-28,68.278824
2015-07-29,68.262756
2015-07-30,68.230522
2015-07-31,68.302971
2015-08-03,68.325539
2015-08-04,68.220879
2015-08-05,68.228928
2015-08-06,68.245018
2015-08-07,68.212807
2015-08-10,68.212807
2015-08-11,68.301392
2015-08-12,68.301392
2015-08-13,68.245018
2015-08-14,68.212807
2015-08-17,68.253052
2015-08-18,68.245018
2015-08-19,68.309372
2015-08-20,68.285255
2015-08-21,68.357735
2015-08-24,68.389931
2015-08-25,68.357735
2015-08-26,68.317520
2015-08-27,68.325539
2015-08-28,68.293343
2015-08-31,68.269157
2015-09-01,68.293365
2015-09-02,68.309441
2015-09-03,68.309441
2015-09-04,68.317543
2015-09-08,68.293365
2015-09-09,68.277245
2015-09-10,68.301399
2015-09-11,68.325546
2015-09-14,68.309441
2015-09-15,68.212761
2015-09-16,68.204689
2015-09-17,68.357796
2015-09-18,68.389999
2015-09-21,68.349747
2015-09-22,68.389999
2015-09-23,68.365822
2015-09-24,68.406128
2015-09-25,68.373894
2015-09-28,68.422195
2015-09-29,68.454506
2015-09-30,68.470573
2015-10-01,68.470589
2015-10-02,68.567261
2015-10-05,68.518913
2015-10-06,68.510864
2015-10-07,68.494781
2015-10-08,68.478676
2015-10-09,68.478676
2015-10-12,68.462486
2015-10-13,68.486725
2015-10-14,68.583412
2015-10-15,68.543106
2015-10-16,68.510864
2015-10-19,68.535088
2015-10-20,68.494781
2015-10-21,68.518913
2015-10-22,68.543106
2015-10-23,68.486725
2015-10-26,68.486725
2015-10-27,68.510864
2015-10-28,68.422180
2015-10-29,68.373825
2015-10-30,68.373825
2015-11-02,68.334351
2015-11-03,68.326309
2015-11-04,68.253693
2015-11-05,68.253693
2015-11-06,68.189171
2015-11-09,68.173073
2015-11-10,68.205345
2015-11-11,68.189171
2015-11-12,68.213379
2015-11-13,68.269821
2015-11-16,68.269821
2015-11-17,68.245621
2015-11-18,68.221436
2015-11-19,68.205345
2015-11-20,68.205345
2015-11-23,68.197235
2015-11-24,68.197235
2015-11-25,68.205345
2015-11-27,68.221436
2015-11-30,68.197235
2015-12-01,68.238388
2015-12-02,68.181938
2015-12-03,68.181938
2015-12-04,68.198059
2015-12-07,68.190033
2015-12-08,68.181938
2015-12-09,68.206100
2015-12-10,68.165802
2015-12-11,68.246483
2015-12-14,68.165802
2015-12-15,68.157730
2015-12-16,68.101280
2015-12-17,68.101280
2015-12-18,68.190033
2015-12-21,68.181938
2015-12-22,68.165802
2015-12-23,68.141563
2015-12-24,68.168198
2015-12-28,68.127823
2015-12-29,68.111694
2015-12-30,68.127823
2015-12-31,68.095589
2016-01-04,68.184410
2016-01-05,68.143990
2016-01-06,68.184410
2016-01-07,68.208557
2016-01-08,68.257004
2016-01-11,68.281219
2016-01-12,68.289299
2016-01-13,68.329651
2016-01-14,68.345840
2016-01-15,68.402306
2016-01-19,68.394241
2016-01-20,68.442673
2016-01-21,68.434616
2016-01-22,68.410370
2016-01-25,68.410370
2016-01-26,68.442673
2016-01-27,68.458809
2016-01-28,68.458809
2016-01-29,68.539543
2016-02-01,68.503174
2016-02-02,68.592018
2016-02-03,68.608223
2016-02-04,68.624313
2016-02-05,68.608223
2016-02-08,68.688950
2016-02-09,68.664742
2016-02-10,68.664742
2016-02-11,68.729301
2016-02-12,68.648567
2016-02-16,68.608223
2016-02-17,68.624313
2016-02-18,68.680870
2016-02-19,68.616318
2016-02-22,68.624313
2016-02-23,68.632431
2016-02-24,68.648567
2016-02-25,68.664742
2016-02-26,68.575935
2016-02-29,68.616318
2016-03-01,68.524963
2016-03-02,68.516884
2016-03-03,68.541107
2016-03-04,68.492645
2016-03-07,68.444199
2016-03-08,68.492645
2016-03-09,68.468391
2016-03-10,68.460304
2016-03-11,68.395653
2016-03-14,68.395653
2016-03-15,68.419907
2016-03-16,68.557259
2016-03-17,68.549194
2016-03-18,68.565338
2016-03-21,68.557259
2016-03-22,68.516884
2016-03-23,68.557259
2016-03-24,68.524963
2016-03-28,68.541107
2016-03-29,68.670418
2016-03-30,68.678467
2016-03-31,68.710800
2016-04-01,68.671173
2016-04-04,68.719681
2016-04-05,68.743965
2016-04-06,68.719681
2016-04-07,68.760155
2016-04-08,68.760155
2016-04-11,68.752045
2016-04-12,68.735901
2016-04-13,68.703468
2016-04-14,68.703468
2016-04-15,68.752045
2016-04-18,68.743965
2016-04-19,68.719681
2016-04-20,68.671173
2016-04-21,68.655067
2016-04-22,68.655067
2016-04-25,68.638855
2016-04-26,68.622673
2016-04-27,68.671173
2016-04-28,68.711624
2016-04-29,68.735901
2016-05-02,68.710785
2016-05-03,68.783592
2016-05-04,68.775528
2016-05-05,68.799828
2016-05-06,68.783592
2016-05-09,68.815926
2016-05-10,68.832146
2016-05-11,68.807892
2016-05-12,68.767410
2016-05-13,68.775528
2016-05-16,68.743111
2016-05-17,68.718864
2016-05-18,68.597511
2016-05-19,68.613708
2016-05-20,68.637985
2016-05-23,68.629890
2016-05-24,68.581375
2016-05-25,68.621796
2016-05-26,68.662247
2016-05-27,68.621796
2016-05-31,68.654167
2016-06-01,68.606415
2016-06-02,68.663071
2016-06-03,68.776405
2016-06-06,68.760201
2016-06-07,68.776405
2016-06-08,68.792572
2016-06-09,68.808784
2016-06-10,68.849251
2016-06-13,68.865471
2016-06-14,68.873512
2016-06-15,68.954498
2016-06-16,68.914024
2016-06-17,68.922119
2016-06-20,68.881622
2016-06-21,68.833076
2016-06-22,68.857300
2016-06-23,68.833076
2016-06-24,68.994942
2016-06-27,69.035461
2016-06-28,69.059753
2016-06-29,69.035461
2016-06-30,69.067825
2016-07-01,69.092148
2016-07-05,69.124496
2016-07-06,69.092148
2016-07-07,69.059738
2016-07-08,69.059738
2016-07-11,68.986862
2016-07-12,68.962532
2016-07-13,68.978790
2016-07-14,68.938248
2016-07-15,68.905853
2016-07-18,68.946327
2016-07-19,68.954422
2016-07-20,68.922028
2016-07-21,68.970612
2016-07-22,68.946327
2016-07-25,68.897736
2016-07-26,68.905853
2016-07-27,68.954422
2016-07-28,68.946327
2016-07-29,69.035431
2016-08-01,69.011879
2016-08-02,68.987656
2016-08-03,68.995689
2016-08-04,69.044365
2016-08-05,68.947098
2016-08-08,68.922760
2016-08-09,68.963257
2016-08-10,68.995689
2016-08-11,68.930847
2016-08-12,68.979530
2016-08-15,68.963257
2016-08-16,68.938972
2016-08-17,68.938972
2016-08-18,68.987656
2016-08-19,68.922760
2016-08-22,68.930847
2016-08-23,68.938972
2016-08-24,68.922760
2016-08-25,68.898415
2016-08-26,68.833618
2016-08-29,68.874138
2016-08-30,68.882294
2016-08-31,68.874138
2016-09-01,68.906586
2016-09-02,68.906586
2016-09-06,68.955208
2016-09-07,68.955208
2016-09-08,68.906586
2016-09-09,68.882263
2016-09-12,68.906586
2016-09-13,68.882263
2016-09-14,68.922836
2016-09-15,68.979568
2016-09-16,68.947121
2016-09-19,68.930870
2016-09-20,68.914696
2016-09-21,68.930870
2016-09-22,68.914696
2016-09-23,68.955208
2016-09-26,68.995773
2016-09-27,69.003860
2016-09-28,68.995773
2016-09-29,69.020119
2016-09-30,68.963318
2016-10-03,68.954407
2016-10-04,68.897583
2016-10-05,68.857018
2016-10-06,68.857018
2016-10-07,68.881340
2016-10-10,68.848907
2016-10-11,68.840836
2016-10-12,68.840836
2016-10-13,68.865196
2016-10-14,68.848907
2016-10-17,68.905739
2016-10-18,68.930092
2016-10-19,68.930092
2016-10-20,68.897583
2016-10-21,68.913803
2016-10-24,68.889549
2016-10-25,68.889549
2016-10-26,68.865196
2016-10-27,68.881340
2016-10-28,68.881340
2016-10-31,68.930092
2016-11-01,68.930862
2016-11-02,68.971451
2016-11-03,68.979630
2016-11-04,69.003929
2016-11-07,68.979630
2016-11-08,68.906509
2016-11-09,68.817223
2016-11-10,68.792801
2016-11-11,68.792801
2016-11-14,68.687363
2016-11-15,68.711678
2016-11-16,68.703529
2016-11-17,68.695419
2016-11-18,68.654831
2016-11-21,68.646713
2016-11-22,68.630478
2016-11-23,68.589851
2016-11-25,68.581741
2016-11-28,68.622368
2016-11-29,68.630478
2016-11-30,68.606110
2016-12-01,68.573654
2016-12-02,68.646721
2016-12-05,68.646721
2016-12-06,68.630455
2016-12-07,68.654884
2016-12-08,68.646721
2016-12-09,68.638588
2016-12-12,68.614250
2016-12-13,68.606117
2016-12-14,68.476196
2016-12-15,68.443619
2016-12-16,68.476196
2016-12-19,68.508659
2016-12-20,68.516762
2016-12-21,68.549271
2016-12-22,68.566330
2016-12-23,68.566330
2016-12-27,68.533806
2016-12-28,68.558220
2016-12-29,68.631378
2016-12-30,68.655754
2017-01-03,68.598892
2017-01-04,68.615097
2017-01-05,68.663879
2017-01-06,68.606979
2017-01-09,68.663879
2017-01-10,68.639496
2017-01-11,68.671982
2017-01-12,68.696396
2017-01-13,68.663879
2017-01-17,68.712646
2017-01-18,68.647636
2017-01-19,68.623230
2017-01-20,68.663879
2017-01-23,68.728958
2017-01-24,68.688271
2017-01-25,68.671982
2017-01-26,68.680107
2017-01-27,68.712646
2017-01-30,68.712646
2017-01-31,68.728958
2017-02-01,68.705330
2017-02-02,68.729752
2017-02-03,68.705330
2017-02-06,68.778549
2017-02-07,68.762253
2017-02-08,68.827370
2017-02-09,68.770432
2017-02-10,68.762253
2017-02-13,68.746025
2017-02-14,68.697189
2017-02-15,68.672813
2017-02-16,68.705330
2017-02-17,68.754150
2017-02-21,68.762253
2017-02-22,68.778549
2017-02-23,68.811043
2017-02-24,68.843651
2017-02-27,68.786659
2017-02-28,68.754150
2017-03-01,68.700394
2017-03-02,68.627167
2017-03-03,68.643463
2017-03-06,68.659721
2017-03-07,68.635284
2017-03-08,68.578300
2017-03-09,68.570160
2017-03-10,68.610924
2017-03-13,68.578300
2017-03-14,68.570160
2017-03-15,68.700394
2017-03-16,68.651611
2017-03-17,68.684143
2017-03-20,68.724861
2017-03-21,68.757370
2017-03-22,68.773689
2017-03-23,68.773689
2017-03-24,68.773689
2017-03-27,68.798096
2017-03-28,68.765472
2017-03-29,68.806221
2017-03-30,68.789970
2017-03-31,68.798096
2017-04-03,68.861664
2017-04-04,68.837166
2017-04-05,68.837166
2017-04-06,68.853485
2017-04-07,68.763870
2017-04-10,68.796463
2017-04-11,68.861664
2017-04-12,68.910484
2017-04-13,68.943062
2017-04-17,68.934898
2017-04-18,68.991966
2017-04-19,68.959389
2017-04-20,68.951195
2017-04-21,68.983818
2017-04-24,68.910484
2017-04-25,68.845322
2017-04-26,68.869781
2017-04-27,68.894211
2017-04-28,68.926811
2017-05-01,68.879517
2017-05-02,68.903938
2017-05-03,68.854980
2017-05-04,68.846924
2017-05-05,68.871384
2017-05-08,68.838745
2017-05-09,68.806183
2017-05-10,68.822472
2017-05-11,68.830589
2017-05-12,68.912155
2017-05-15,68.903938
2017-05-16,68.903938
2017-05-17,68.977348
2017-05-18,68.944748
2017-05-19,68.961014
2017-05-22,68.936577
2017-05-23,68.912155
2017-05-24,68.952850
2017-05-25,68.952850
2017-05-26,68.944748
2017-05-30,68.969185
2017-05-31,68.977348
2017-06-01,68.964287
2017-06-02,69.013214
2017-06-05,68.956093
2017-06-06,68.980598
2017-06-07,68.956093
2017-06-08,68.939781
2017-06-09,68.915321
2017-06-12,68.907166
2017-06-13,68.907166
2017-06-14,68.939781
2017-06-15,68.915321
2017-06-16,68.947968
2017-06-19,68.907166
2017-06-20,68.915321
2017-06-21,68.923485
2017-06-22,68.931656
2017-06-23,68.972420
2017-06-26,68.972420
2017-06-27,68.931656
2017-06-28,68.964287
2017-06-29,68.923485
2017-06-30,68.923485
2017-07-03,68.872070
2017-07-05,68.896523
2017-07-06,68.912903
2017-07-07,68.904701
2017-07-10,68.937378
2017-07-11,68.961853
2017-07-12,68.994484
2017-07-13,68.961853
2017-07-14,68.994484
2017-07-17,69.002655
2017-07-18,69.019020
2017-07-19,69.019020
2017-07-20,69.019020
2017-07-21,69.051674
2017-07-24,69.027191
2017-07-25,68.986336
2017-07-26,69.035347
2017-07-27,69.019020
2017-07-28,69.059853
2017-07-31,69.051674
2017-08-01,69.077011
2017-08-02,69.044296
2017-08-03,69.068771
2017-08-04,69.044296
2017-08-07,69.068771
2017-08-08,69.068771
2017-08-09,69.060623
2017-08-10,69.085190
2017-08-11,69.175026
2017-08-14,69.117874
2017-08-15,69.085190
2017-08-16,69.126022
2017-08-17,69.142372
2017-08-18,69.134201
2017-08-21,69.150528
2017-08-22,69.142372
2017-08-23,69.207741
2017-08-24,69.142372
2017-08-25,69.166878
2017-08-28,69.142372
2017-08-29,69.175026
2017-08-30,69.191391
2017-08-31,69.191391
2017-09-01,69.176674
2017-09-05,69.242096
2017-09-06,69.233894
2017-09-07,69.274788
2017-09-08,69.258453
2017-09-11,69.193047
2017-09-12,69.160332
2017-09-13,69.144005
2017-09-14,69.152122
2017-09-15,69.144005
2017-09-18,69.103088
2017-09-19,69.111229
2017-09-20,69.054008
2017-09-21,69.037628
2017-09-22,69.054008
2017-09-25,69.094925
2017-09-26,69.078514
2017-09-27,69.070381
2017-09-28,69.078514
2017-09-29,69.062180
2017-10-02,69.113739
2017-10-03,69.072823
2017-10-04,69.203796
2017-10-05,69.056473
2017-10-06,69.031891
2017-10-09,69.031891
2017-10-10,69.048233
2017-10-11,69.040085
2017-10-12,69.031891
2017-10-13,69.072823
2017-10-16,69.007362
2017-10-17,69.015511
2017-10-18,68.990967
2017-10-19,69.031891
2017-10-20,68.990967
2017-10-23,68.990967
2017-10-24,68.974579
2017-10-25,68.958221
2017-10-26,68.958221
2017-10-27,69.007362
2017-10-30,69.040085
2017-10-31,68.999138
2017-11-01,68.989365
2017-11-02,69.005722
2017-11-03,68.964760
2017-11-06,69.005722
2017-11-07,68.972908
2017-11-08,68.964760
2017-11-09,68.956566
2017-11-10,68.931976
2017-11-13,68.923759
2017-11-14,68.940147
2017-11-15,68.915596
2017-11-16,68.923759
2017-11-17,68.882812
2017-11-20,68.858269
2017-11-21,68.841866
2017-11-22,68.899193
2017-11-24,68.899193
2017-11-27,68.899193
2017-11-28,68.907410
2017-11-29,68.890976
2017-11-30,68.849998
2017-12-01,68.865646
2017-12-04,68.824654
2017-12-05,68.816414
2017-12-06,68.849236
2017-12-07,68.857437
2017-12-08,68.857437
2017-12-11,68.824654
2017-12-12,68.824654
2017-12-13,68.898438
2017-12-14,68.873779
2017-12-15,68.841026
2017-12-18,68.841026
2017-12-19,68.808250
2017-12-20,68.816414
2017-12-21,68.811501
2017-12-22,68.786903
2017-12-26,68.778618
2017-12-27,68.811501
2017-12-28,68.819687
2017-12-29,68.836136
2018-01-02,68.811501
2018-01-03,68.811501
2018-01-04,68.778618
2018-01-05,68.778618
2018-01-08,68.778618
2018-01-09,68.753998
2018-01-10,68.778618
2018-01-11,68.753998
2018-01-12,68.745819
2018-01-16,68.737610
2018-01-17,68.712990
2018-01-18,68.696579
2018-01-19,68.721214
2018-01-22,68.688370
2018-01-23,68.729385
2018-01-24,68.712990
2018-01-25,68.696579
2018-01-26,68.655510
2018-01-29,68.630882
2018-01-30,68.639084
2018-01-31,68.639084
2018-02-01,68.611160
2018-02-02,68.619362
2018-02-05,68.742622
2018-02-06,68.693359
2018-02-07,68.644043
2018-02-08,68.652237
2018-02-09,68.709778
2018-02-12,68.676895
2018-02-13,68.676895
2018-02-14,68.578308
2018-02-15,68.553680
2018-02-16,68.570068
2018-02-20,68.561859
2018-02-21,68.570068
2018-02-22,68.578308
2018-02-23,68.594757
2018-02-26,68.602966
2018-02-27,68.553680
2018-02-28,68.570068
2018-03-01,68.665535
2018-03-02,68.632576
2018-03-05,68.632576
2018-03-06,68.616165
2018-03-07,68.616165
2018-03-08,68.632576
2018-03-09,68.599701
2018-03-12,68.632576
2018-03-13,68.649071
2018-03-14,68.640816
2018-03-15,68.649071
2018-03-16,68.616165
2018-03-19,68.616165
2018-03-20,68.591446
2018-03-21,68.640816
2018-03-22,68.673721
2018-03-23,68.690201
2018-03-26,68.657242
2018-03-27,68.706635
2018-03-28,68.714859
2018-03-29,68.739517
2018-04-02,68.759285
2018-04-03,68.726349
2018-04-04,68.685204
2018-04-05,68.701668
2018-04-06,68.759285
2018-04-09,68.751091
2018-04-10,68.718117
2018-04-11,68.718117
2018-04-12,68.676926
2018-04-13,68.660492
2018-04-16,68.652199
2018-04-17,68.652199
2018-04-18,68.594604
2018-04-19,68.594604
2018-04-20,68.569893
2018-04-23,68.561623
2018-04-24,68.578094
2018-04-25,68.569893
2018-04-26,68.586304
2018-04-27,68.602814
2018-04-30,68.578094
2018-05-01,68.547600
2018-05-02,68.572334
2018-05-03,68.621819
2018-05-04,68.597107
2018-05-07,68.597107
2018-05-08,68.605339
2018-05-09,68.572334
2018-05-10,68.572334
2018-05-11,68.572334
2018-05-14,68.572334
2018-05-15,68.531128
2018-05-16,68.531128
2018-05-17,68.547600
2018-05-18,68.580597
2018-05-21,68.580597
2018-05-22,68.580597
2018-05-23,68.638321
2018-05-24,68.679581
2018-05-25,68.737221
2018-05-29,68.935173
2018-05-30,68.852707
2018-05-31,68.819695
2018-06-01,68.766830
2018-06-04,68.709045
2018-06-05,68.750359
2018-06-06,68.725555
2018-06-07,68.791634
2018-06-08,68.775146
2018-06-11,68.750359
2018-06-12,68.717293
2018-06-13,68.684311
2018-06-14,68.709045
2018-06-15,68.742050
2018-06-18,68.758583
2018-06-19,68.783379
2018-06-20,68.750359
2018-06-21,68.791634
2018-06-22,68.799873
2018-06-25,68.824661
2018-06-26,68.824661
2018-06-27,68.865952
2018-06-28,68.865952
2018-06-29,68.849449
2018-07-02,68.841179
2018-07-03,68.865997
2018-07-05,68.857735
2018-07-06,68.874245
2018-07-09,68.832893
2018-07-10,68.824631
2018-07-11,68.849449
2018-07-12,68.841179
2018-07-13,68.857735
2018-07-16,68.841179
2018-07-17,68.832893
2018-07-18,68.824631
2018-07-19,68.857735
2018-07-20,68.857735
2018-07-23,68.816322
2018-07-24,68.824631
2018-07-25,68.799789
2018-07-26,68.799789
2018-07-27,68.808075
2018-07-30,68.808075
2018-07-31,68.808075
2018-08-01,68.814720
2018-08-02,68.856155
2018-08-03,68.864388
2018-08-06,68.881020
2018-08-07,68.856155
2018-08-08,68.864388
2018-08-09,68.905853
2018-08-10,68.972137
2018-08-13,68.955551
2018-08-14,68.955551
2018-08-15,68.988701
2018-08-16,68.972137
2018-08-17,68.996956
2018-08-20,69.038414
2018-08-21,69.021851
2018-08-22,69.038414
2018-08-23,69.030106
2018-08-24,69.038414
2018-08-27,69.013535
2018-08-28,68.988701
2018-08-29,68.980446
2018-08-30,69.030106
2018-08-31,69.046707
2018-09-04,69.030899
2018-09-05,69.030899
2018-09-06,69.055824
2018-09-07,68.981125
2018-09-10,68.989464
2018-09-11,68.947960
2018-09-12,68.947960
2018-09-13,68.956238
2018-09-14,68.931374
2018-09-17,68.914749
2018-09-18,68.906479
2018-09-19,68.889854
2018-09-20,68.914749
2018-09-21,68.898186
2018-09-24,68.898186
2018-09-25,68.906479
2018-09-26,68.914749
2018-09-27,68.914749
2018-09-28,68.947960
2018-10-01,68.928818
2018-10-02,68.953781
2018-10-03,68.920525
2018-10-04,68.903900
2018-10-05,68.895569
2018-10-08,68.878998
2018-10-09,68.903900
2018-10-10,68.920525
2018-10-11,68.945480
2018-10-12,68.945480
2018-10-15,68.970390
2018-10-16,68.945480
2018-10-17,68.945480
2018-10-18,68.987007
2018-10-19,68.945480
2018-10-22,68.928818
2018-10-23,68.970390
2018-10-24,69.078468
2018-10-25,69.053528
2018-10-26,69.095055
2018-10-29,69.120003
2018-10-30,69.086708
2018-10-31,69.053528
2018-11-01,69.091827
2018-11-02,69.008560
2018-11-05,69.033546
2018-11-06,69.016838
2018-11-07,68.991913
2018-11-08,68.983589
2018-11-09,69.016838
2018-11-12,69.066795
2018-11-13,69.075172
2018-11-14,69.125107
2018-11-15,69.158417
2018-11-16,69.208359
2018-11-19,69.266685
2018-11-20,69.250038
2018-11-21,69.250038
2018-11-23,69.233307
2018-11-26,69.241699
2018-11-27,69.250038
2018-11-28,69.275017
2018-11-29,69.291664
2018-11-30,69.316650
2018-12-03,69.259903
2018-12-04,69.309952
2018-12-06,69.376701
2018-12-07,69.451752
2018-12-10,69.451752
2018-12-11,69.385017
2018-12-12,69.376701
2018-12-13,69.443428
2018-12-14,69.485130
2018-12-17,69.551811
2018-12-18,69.592743
2018-12-19,69.609459
2018-12-20,69.601151
2018-12-21,69.651260
2018-12-24,69.709702
2018-12-26,69.642883
2018-12-27,69.718025
2018-12-28,69.818283
2018-12-31,69.843338
2019-01-02,69.851677
2019-01-03,69.993675
2019-01-04,69.843338
2019-01-07,69.793213
2019-01-08,69.751442
2019-01-09,69.784882
2019-01-10,69.793213
2019-01-11,69.834991
2019-01-14,69.834991
2019-01-15,69.860023
2019-01-16,69.843338
2019-01-17,69.834991
2019-01-18,69.776512
2019-01-22,69.834991
2019-01-23,69.818283
2019-01-24,69.876732
2019-01-25,69.826614
2019-01-28,69.834991
2019-01-29,69.868362
2019-01-30,69.960243
2019-01-31,70.018738
2019-02-01,69.936737
2019-02-04,69.936737
2019-02-05,69.936737
2019-02-06,69.970184
2019-02-07,70.020424
2019-02-08,70.045502
2019-02-11,70.020424
2019-02-12,70.012024
2019-02-13,69.961815
2019-02-14,70.053917
2019-02-15,70.020424
2019-02-19,70.070595
2019-02-20,70.062225
2019-02-21,70.037117
2019-02-22,70.087334
2019-02-25,70.078995
2019-02-26,70.112442
2019-02-27,70.095734
2019-02-28,70.078995
2019-03-01,70.032051
2019-03-04,70.048782
2019-03-05,70.057167
2019-03-06,70.107468
2019-03-07,70.166176
2019-03-08,70.191345
2019-03-11,70.174561
2019-03-12,70.199684
2019-03-13,70.208084
2019-03-14,70.224876
2019-03-15,70.250015
2019-03-18,70.233223
2019-03-19,70.224876
2019-03-20,70.325455
2019-03-21,70.325455
2019-03-22,70.442780
2019-03-25,70.518234
2019-03-26,70.509865
2019-03-27,70.568565
2019-03-28,70.560150
2019-03-29,70.518234
2019-04-01,70.446014
2019-04-02,70.479622
2019-04-03,70.446014
2019-04-04,70.462852
2019-04-05,70.454422
2019-04-08,70.437599
2019-04-09,70.446014
2019-04-10,70.504807
2019-04-11,70.462852
2019-04-12,70.420830
2019-04-15,70.429214
2019-04-16,70.420830
2019-04-17,70.446014
2019-04-18,70.462852
2019-04-22,70.471237
2019-04-23,70.504807
2019-04-24,70.546806
2019-04-25,70.546806
2019-04-26,70.622383
2019-04-29,70.597221
2019-04-30,70.647614
2019-05-01,70.585342
2019-05-02,70.551689
2019-05-03,70.576920
2019-05-06,70.618958
2019-05-07,70.652603
2019-05-08,70.644241
2019-05-09,70.686310
2019-05-10,70.703133
2019-05-13,70.787300
2019-05-14,70.787300
2019-05-15,70.837791
2019-05-16,70.795700
2019-05-17,70.812546
2019-05-20,70.778893
2019-05-21,70.745201
2019-05-22,70.778893
2019-05-23,70.905136
2019-05-24,70.879860
2019-05-28,70.938774
2019-05-29,70.947151
2019-05-30,71.006088
2019-05-31,71.157585
2019-06-03,71.291611
2019-06-04,71.241043
2019-06-05,71.274719
2019-06-06,71.232620
2019-06-07,71.308510
2019-06-10,71.241043
2019-06-11,71.215729
2019-06-12,71.274719
2019-06-13,71.350632
2019-06-14,71.325317
2019-06-17,71.291611
2019-06-18,71.300087
2019-06-19,71.451836
2019-06-20,71.485573
2019-06-21,71.451836
2019-06-24,71.494003
2019-06-25,71.510826
2019-06-26,71.426483
2019-06-27,71.485573
2019-06-28,71.485573
2019-07-01,71.439949
2019-07-02,71.482178
2019-07-03,71.499046
2019-07-05,71.355461
2019-07-08,71.321640
2019-07-09,71.296341
2019-07-10,71.423050
2019-07-11,71.389305
2019-07-12,71.397713
2019-07-15,71.414574
2019-07-16,71.389305
2019-07-17,71.456863
2019-07-18,71.541290
2019-07-19,71.465256
2019-07-22,71.473694
2019-07-23,71.456863
2019-07-24,71.473694
2019-07-25,71.431541
2019-07-26,71.439949
2019-07-29,71.439949
2019-07-30,71.448402
2019-07-31,71.439949
2019-08-01,71.642982
2019-08-02,71.659935
2019-08-05,71.803802
2019-08-06,71.837692
2019-08-07,71.846146
2019-08-08,71.820778
2019-08-09,71.778427
2019-08-12,71.854622
2019-08-13,71.769989
2019-08-14,71.863029
2019-08-15,72.015396
2019-08-16,72.006935
2019-08-19,71.930756
2019-08-20,71.981537
2019-08-21,71.913841
2019-08-22,71.879982
2019-08-23,71.998466
2019-08-26,71.964600
2019-08-27,71.990021
2019-08-28,72.006935
2019-08-29,71.973053
2019-08-30,71.998466
2019-09-03,72.054428
2019-09-04,72.113739
2019-09-05,71.952698
2019-09-06,71.961151
2019-09-09,71.884880
2019-09-10,71.766174
2019-09-11,71.766174
2019-09-12,71.749222
2019-09-13,71.630516
2019-09-16,71.689873
2019-09-17,71.723839
2019-09-18,71.681396
2019-09-19,71.689873
2019-09-20,71.766174
2019-09-23,71.808586
2019-09-24,71.884880
2019-09-25,71.791626
2019-09-26,71.825523
2019-09-27,71.867889
2019-09-30,71.901802
2019-10-01,71.982468
2019-10-02,72.058876
2019-10-03,72.211746
2019-10-04,72.203247
2019-10-07,72.126785
2019-10-08,72.169289
2019-10-09,72.126785
2019-10-10,72.041901
2019-10-11,71.973976
2019-10-14,71.982468
2019-10-15,71.965508
2019-10-16,71.999428
2019-10-17,71.999428
2019-10-18,72.024963
2019-10-21,71.991020
2019-10-22,72.016411
2019-10-23,72.007942
2019-10-24,72.007942
2019-10-25,71.965508
2019-10-28,71.940025
2019-10-29,71.957024
2019-10-30,71.999428
2019-10-31,72.126785
2019-11-01,72.084328
2019-11-04,72.033257
2019-11-05,71.982231
2019-11-06,72.024803
2019-11-07,71.939682
2019-11-08,71.948212
2019-11-11,71.965240
2019-11-12,71.973732
2019-11-13,72.007759
2019-11-14,72.075798
2019-11-15,72.050301
2019-11-18,72.084328
2019-11-19,72.075798
2019-11-20,72.109802
2019-11-21,72.075798
2019-11-22,72.067284
2019-11-25,72.075798
2019-11-26,72.109802
2019-11-27,72.067284
2019-11-29,72.092773
2019-12-02,72.070648
2019-12-03,72.172867
2019-12-04,72.138832
2019-12-05,72.104774
2019-12-06,72.079185
2019-12-09,72.079185
2019-12-10,72.045097
2019-12-11,72.104774
2019-12-12,72.036591
2019-12-13,72.121765
2019-12-16,72.079185
2019-12-17,72.096207
2019-12-18,72.104774
2019-12-19,72.119232
2019-12-20,72.119232
2019-12-23,72.102158
2019-12-24,72.110710
2019-12-26,72.136322
2019-12-27,72.187508
2019-12-30,72.213066
2019-12-31,72.204536
2020-01-02,72.238693
2020-01-03,72.298401
2020-01-06,72.272789
2020-01-07,72.272789
2020-01-08,72.238693
2020-01-09,72.247223
2020-01-10,72.264282
2020-01-13,72.255753
2020-01-14,72.264282
2020-01-15,72.298401
2020-01-16,72.298401
2020-01-17,72.324005
2020-01-21,72.341057
2020-01-22,72.358086
2020-01-23,72.383743
2020-01-24,72.409309
2020-01-27,72.486092
2020-01-28,72.451996
2020-01-29,72.520210
2020-01-30,72.528755
2020-01-31,72.622604
2020-02-03,72.601227
2020-02-04,72.524323
2020-02-05,72.473038
2020-02-06,72.490143
2020-02-07,72.532898
2020-02-10,72.567070
2020-02-11,72.532898
2020-02-12,72.498711
2020-02-13,72.515800
2020-02-14,72.549942
2020-02-18,72.575600
2020-02-19,72.584152
2020-02-20,72.601227
2020-02-21,72.661087
2020-02-24,72.780708
2020-02-25,72.857605
2020-02-26,72.908852
2020-02-27,72.994316
2020-02-28,73.259270
2020-03-02,73.229301
2020-03-03,73.520248
2020-03-04,73.528809
2020-03-05,73.682846
2020-03-06,73.768448
2020-03-09,74.170662
2020-03-10,73.845444
2020-03-11,73.759865
2020-03-12,73.742752
2020-03-13,73.836884
2020-03-16,73.956680
2020-03-17,73.785507
2020-03-18,73.691414
2020-03-19,73.819778
2020-03-20,74.016586
2020-03-23,74.102150
2020-03-24,73.999504
2020-03-25,74.085060
2020-03-26,74.170662
2020-03-27,74.153519
2020-03-30,74.187744
2020-03-31,74.170662
2020-04-01,74.218613
2020-04-02,74.235771
2020-04-03,74.218613
2020-04-06,74.167236
2020-04-07,74.150085
2020-04-08,74.192917
2020-04-09,74.218613
2020-04-13,74.227188
2020-04-14,74.227188
2020-04-15,74.252907
2020-04-16,74.270035
2020-04-17,74.244339
2020-04-20,74.244339
2020-04-21,74.261505
2020-04-22,74.235771
2020-04-23,74.227188
2020-04-24,74.227188
2020-04-27,74.227188
2020-04-28,74.252907
2020-04-29,74.244339
2020-04-30,74.372833
2020-05-01,74.263115
2020-05-04,74.263115
2020-05-05,74.254532
2020-05-06,74.280235
2020-05-07,74.331696
2020-05-08,74.314507
2020-05-11,74.288818
2020-05-12,74.305992
2020-05-13,74.305992
2020-05-14,74.288818
2020-05-15,74.331696
2020-05-18,74.271652
2020-05-19,74.314507
2020-05-20,74.314507
2020-05-21,74.297379
2020-05-22,74.297379
2020-05-26,74.297379
2020-05-27,74.280235
2020-05-28,74.314507
2020-05-29,74.314507
2020-06-01,74.305984
2020-06-02,74.305984
2020-06-03,74.245872
2020-06-04,74.263084
2020-06-05,74.237274
2020-06-08,74.220131
2020-06-09,74.245872
2020-06-10,74.288803
2020-06-11,74.254494
2020-06-12,74.280212
2020-06-15,74.263084
2020-06-16,74.254494
2020-06-17,74.280212
2020-06-18,74.271614
2020-06-19,74.288803
2020-06-22,74.271614
2020-06-23,74.288803
2020-06-24,74.297356
2020-06-25,74.297356
2020-06-26,74.323112
2020-06-29,74.340286
2020-06-30,74.331703
2020-07-01,74.306824
2020-07-02,74.341125
2020-07-06,74.315453
2020-07-07,74.332581
2020-07-08,74.332581
2020-07-09,74.349754
2020-07-10,74.323959
2020-07-13,74.323959
2020-07-14,74.332581
2020-07-15,74.341125
2020-07-16,74.341125
2020-07-17,74.358345
2020-07-20,74.341125
2020-07-21,74.358345
2020-07-22,74.349754
2020-07-23,74.349754
2020-07-24,74.358345
2020-07-27,74.332581
2020-07-28,74.349754
2020-07-29,74.366890
2020-07-30,74.392685
2020-07-31,74.401268
2020-08-03,74.401268
2020-08-04,74.409859
2020-08-05,74.392662
2020-08-06,74.392662
2020-08-07,74.384079
2020-08-10,74.366890
2020-08-11,74.349754
2020-08-12,74.332520
2020-08-13,74.323921
2020-08-14,74.332520
2020-08-17,74.341080
2020-08-18,74.349754
2020-08-19,74.349754
2020-08-20,74.349754
2020-08-21,74.341080
2020-08-24,74.332520
2020-08-25,74.341080
2020-08-26,74.341080
2020-08-27,74.332520
2020-08-28,74.358345
2020-08-31,74.384079
2020-09-01,74.366028
2020-09-02,74.374603
2020-09-03,74.366028
2020-09-04,74.340218
2020-09-08,74.348839
2020-09-09,74.357452
2020-09-10,74.348839
2020-09-11,74.366028
2020-09-14,74.357452
2020-09-15,74.366028
2020-09-16,74.374603
2020-09-17,74.357452
2020-09-18,74.366028
2020-09-21,74.357452
2020-09-22,74.374603
2020-09-23,74.374603
2020-09-24,74.366028
2020-09-25,74.374603
2020-09-28,74.383202
2020-09-29,74.374603
2020-09-30,74.383202
2020-10-01,74.366020
2020-10-02,74.374596
2020-10-05,74.348816
2020-10-06,74.348816
2020-10-07,74.340187
2020-10-08,74.340187
2020-10-09,74.340187
2020-10-12,74.357445
2020-10-13,74.348816
2020-10-14,74.348816
2020-10-15,74.366020
2020-10-16,74.357445
2020-10-19,74.357445
2020-10-20,74.348816
2020-10-21,74.348816
2020-10-22,74.323006
2020-10-23,74.331642
2020-10-26,74.340187
2020-10-27,74.340187
2020-10-28,74.340187
2020-10-29,74.357445
2020-10-30,74.348816
2020-11-02,74.347954
2020-11-03,74.330742
2020-11-04,74.347954
2020-11-05,74.330742
2020-11-06,74.339333
2020-11-09,74.313515
2020-11-10,74.304955
2020-11-11,74.287720
2020-11-12,74.296295
2020-11-13,74.296295
2020-11-16,74.313515
2020-11-17,74.304955
2020-11-18,74.304955
2020-11-19,74.322121
2020-11-20,74.330742
2020-11-23,74.330742
2020-11-24,74.339333
2020-11-25,74.347954
2020-11-27,74.347954
2020-11-30,74.365181
2020-12-01,74.324692
2020-12-02,74.341904
2020-12-03,74.359146
2020-12-04,74.350525
2020-12-07,74.367729
2020-12-08,74.350525
2020-12-09,74.341904
2020-12-10,74.359146
2020-12-11,74.402138
2020-12-14,74.393578
2020-12-15,74.393578
2020-12-16,74.393578
2020-12-17,74.395287
2020-12-18,74.386696
2020-12-21,74.386696
2020-12-22,74.386696
2020-12-23,74.403908
2020-12-24,74.386696
2020-12-28,74.395287
2020-12-29,74.395287
2020-12-30,74.403908
2020-12-31,74.395287
2021-01-04,74.403908
2021-01-05,74.403908
2021-01-06,74.360840
2021-01-07,74.378075
2021-01-08,74.369461
2021-01-11,74.360840
2021-01-12,74.360840
2021-01-13,74.352203
2021-01-14,74.360840
2021-01-15,74.369461
2021-01-19,74.395287
2021-01-20,74.386696
2021-01-21,74.395287
2021-01-22,74.395287
2021-01-25,74.403908
2021-01-26,74.395287
2021-01-27,74.395287
2021-01-28,74.386696
2021-01-29,74.412498
2021-02-01,74.421135
2021-02-02,74.395287
2021-02-03,74.403908
2021-02-04,74.403908
2021-02-05,74.421135
2021-02-08,74.412521
2021-02-09,74.395287
2021-02-10,74.403908
2021-02-11,74.403908
2021-02-12,74.412521
2021-02-16,74.386681
2021-02-17,74.403908
2021-02-18,74.403908
2021-02-19,74.412521
2021-02-22,74.395287
2021-02-23,74.403908
2021-02-24,74.386681
2021-02-25,74.274651
2021-02-26,74.369461
2021-03-01,74.362549
2021-03-02,74.379768
2021-03-03,74.336670
2021-03-04,74.336670
2021-03-05,74.336670
2021-03-08,74.310852
2021-03-09,74.310852
2021-03-10,74.336670
2021-03-11,74.336670
2021-03-12,74.328072
2021-03-15,74.336670
2021-03-16,74.336670
2021-03-17,74.353943
2021-03-18,74.345314
2021-03-19,74.345314
2021-03-22,74.336670
2021-03-23,74.345314
2021-03-24,74.362549
2021-03-25,74.371170
2021-03-26,74.371170
2021-03-29,74.353943
2021-03-30,74.353943
2021-03-31,74.328072
2021-04-01,74.327240
2021-04-05,74.309998
2021-04-06,74.327240
2021-04-07,74.335854
2021-04-08,74.361717
2021-04-09,74.335854
2021-04-12,74.318611
2021-04-13,74.344452
2021-04-14,74.344452
2021-04-15,74.361717
2021-04-16,74.353081
2021-04-19,74.344452
2021-04-20,74.361717
2021-04-21,74.378944
2021-04-22,74.370308
2021-04-23,74.353081
2021-04-26,74.335854
2021-04-27,74.327240
2021-04-28,74.344452
2021-04-29,74.361717
2021-04-30,74.370308
2021-05-03,74.363426
2021-05-04,74.363426
2021-05-05,74.380653
2021-05-06,74.380653
2021-05-07,74.406555
2021-05-10,74.380653
2021-05-11,74.372055
2021-05-12,74.363426
2021-05-13,74.380653
2021-05-14,74.380653
2021-05-17,74.380653
2021-05-18,74.389290
2021-05-19,74.363426
2021-05-20,74.397888
2021-05-21,74.380653
2021-05-24,74.397888
2021-05-25,74.397888
2021-05-26,74.415146
2021-05-27,74.415146
2021-05-28,74.415146
2021-06-01,74.399612
2021-06-02,74.408249
2021-06-03,74.382408
2021-06-04,74.408249
2021-06-07,74.399612
2021-06-08,74.416893
2021-06-09,74.399612
2021-06-10,74.425491
2021-06-11,74.408249
2021-06-14,74.382408
2021-06-15,74.373756
2021-06-16,74.304771
2021-06-17,74.304771
2021-06-18,74.244423
2021-06-21,74.261696
2021-06-22,74.304771
2021-06-23,74.253044
2021-06-24,74.261696
2021-06-25,74.253044
2021-06-28,74.278908
2021-06-29,74.270279
2021-06-30,74.287560
2021-07-01,74.272873
2021-07-02,74.307365
2021-07-06,74.333244
2021-07-07,74.341858
2021-07-08,74.376358
2021-07-09,74.350471
2021-07-12,74.333244
2021-07-13,74.272873
2021-07-14,74.324577
2021-07-15,74.333244
2021-07-16,74.324577
2021-07-19,74.359123
2021-07-20,74.393623
2021-07-21,74.367744
2021-07-22,74.376358
2021-07-23,74.384979
2021-07-26,74.367744
2021-07-27,74.384979
2021-07-28,74.393623
2021-07-29,74.393623
2021-07-30,74.410835
2021-08-02,74.438484
2021-08-03,74.438484
2021-08-04,74.412560
2021-08-05,74.378090
2021-08-06,74.352226
2021-08-09,74.326317
2021-08-10,74.300430
2021-08-11,74.334946
2021-08-12,74.334946
2021-08-13,74.343567
2021-08-16,74.360809
2021-08-17,74.343567
2021-08-18,74.343567
2021-08-19,74.343567
2021-08-20,74.343567
2021-08-23,74.343567
2021-08-24,74.334946
2021-08-25,74.326317
2021-08-26,74.326317
2021-08-27,74.378090
2021-08-30,74.395325
2021-08-31,74.386703
2021-09-01,74.380684
2021-09-02,74.380684
2021-09-03,74.380684
2021-09-07,74.354790
2021-09-08,74.372047
2021-09-09,74.389305
2021-09-10,74.363411
2021-09-13,74.380684
2021-09-14,74.389305
2021-09-15,74.389305
2021-09-16,74.363411
2021-09-17,74.346138
2021-09-20,74.363411
2021-09-21,74.380684
2021-09-22,74.337547
2021-09-23,74.294411
2021-09-24,74.268509
2021-09-27,74.259895
2021-09-28,74.268509
2021-09-29,74.294411
2021-09-30,74.311615
2021-10-01,74.347015
2021-10-04,74.312508
2021-10-05,74.303902
2021-10-06,74.295265
2021-10-07,74.269371
2021-10-08,74.243484
2021-10-11,74.183113
2021-10-12,74.217628
2021-10-13,74.191750
2021-10-14,74.191750
2021-10-15,74.148605
2021-10-18,74.096848
2021-10-19,74.122742
2021-10-20,74.148605
2021-10-21,74.062355
2021-10-22,74.045074
2021-10-25,74.079597
2021-10-26,74.062355
2021-10-27,74.045074
2021-10-28,74.053696
2021-10-29,74.062355
2021-11-01,74.028702
2021-11-02,74.106346
2021-11-03,74.089081
2021-11-04,74.158119
2021-11-05,74.192627
2021-11-08,74.106346
2021-11-09,74.149467
2021-11-10,74.002800
2021-11-11,73.951057
2021-11-12,74.011398
2021-11-15,74.002800
2021-11-16,74.002800
2021-11-17,74.028702
2021-11-18,74.020058
2021-11-19,74.002800
2021-11-22,73.916489
2021-11-23,73.916489
2021-11-24,73.899284
2021-11-26,74.045952
2021-11-29,74.080444
2021-11-30,74.020058
2021-12-01,74.028709
2021-12-02,73.933739
2021-12-03,73.976883
2021-12-06,73.916466
2021-12-07,73.821487
2021-12-08,73.847397
2021-12-09,73.821487
2021-12-10,73.856041
2021-12-13,73.899193
2021-12-14,73.856041
2021-12-15,73.881943
2021-12-16,73.940636
2021-12-17,73.906113
2021-12-20,73.923386
2021-12-21,73.880196
2021-12-22,73.871567
2021-12-23,73.862946
2021-12-27,73.837013
2021-12-28,73.837013
2021-12-29,73.828384
2021-12-30,73.871567
2021-12-31,73.862946
2022-01-03,73.776627
2022-01-04,73.819748
2022-01-05,73.724770
2022-01-06,73.664314
2022-01-07,73.647049
2022-01-10,73.603897
2022-01-11,73.629768
2022-01-12,73.603897
2022-01-13,73.638405
2022-01-14,73.543457
2022-01-18,73.431190
2022-01-19,73.465721
2022-01-20,73.448456
2022-01-21,73.508896
2022-01-24,73.552071
2022-01-25,73.517563
2022-01-26,73.388016
2022-01-27,73.327583
2022-01-28,73.353493
2022-01-31,73.353493
2022-02-01,73.347412
2022-02-02,73.364716
2022-02-03,73.304237
2022-02-04,73.157425
2022-02-07,73.174683
2022-02-08,73.096939
2022-02-09,73.088318
2022-02-10,72.716927
2022-02-11,72.941475
2022-02-14,72.786034
2022-02-15,72.811920
2022-02-16,72.906898
2022-02-17,72.950104
2022-02-18,72.958771
2022-02-22,72.889641
2022-02-23,72.846451
2022-02-24,72.906898
2022-02-25,72.906898
2022-02-28,73.036469
2022-03-01,73.204987
2022-03-02,72.963058
2022-03-03,72.963058
2022-03-04,73.040817
2022-03-07,72.945770
2022-03-08,72.850700
2022-03-09,72.807549
2022-03-10,72.747032
2022-03-11,72.721107
2022-03-14,72.531067
2022-03-15,72.556961
2022-03-16,72.487846
2022-03-17,72.461929
2022-03-18,72.444633
2022-03-21,72.202736
2022-03-22,72.150925
2022-03-23,72.211411
2022-03-24,72.194107
2022-03-25,71.995392
2022-03-28,71.926277
2022-03-29,71.960846
2022-03-30,72.012688
2022-03-31,72.012688
2022-04-01,71.862259
2022-04-04,71.905510
2022-04-05,71.775818
2022-04-06,71.827698
2022-04-07,71.879578
2022-04-08,71.793114
2022-04-11,71.810402
2022-04-12,71.991928
2022-04-13,72.026512
2022-04-14,71.896828
2022-04-18,71.896828
2022-04-19,71.732635
2022-04-20,71.775818
2022-04-21,71.654831
2022-04-22,71.637558
2022-04-25,71.749924
2022-04-26,71.879578
2022-04-27,71.845001
2022-04-28,71.793114
2022-04-29,71.654831
2022-05-02,71.649628
2022-05-03,71.615021
2022-05-04,71.805305
2022-05-05,71.684219
2022-05-06,71.675598
2022-05-09,71.857201
2022-05-10,71.813934
2022-05-11,71.822594
2022-05-12,71.926369
2022-05-13,71.900421
2022-05-16,71.943695
2022-05-17,71.788025
2022-05-18,71.822594
2022-05-19,71.926369
2022-05-20,71.978264
2022-05-23,71.943695
2022-05-24,72.107971
2022-05-25,72.159889
2022-05-26,72.177162
2022-05-27,72.194466
2022-05-31,72.082054
2022-06-01,71.947876
2022-06-02,71.965195
2022-06-03,71.939255
2022-06-06,71.844055
2022-06-07,71.852699
2022-06-08,71.800766
2022-06-09,71.748840
2022-06-10,71.445938
2022-06-13,71.082397
2022-06-14,70.943932
2022-06-15,71.220886
2022-06-16,71.316078
2022-06-17,71.298782
2022-06-21,71.272804
2022-06-22,71.480522
2022-06-23,71.541100
2022-06-24,71.523804
2022-06-27,71.445938
2022-06-28,71.428612
2022-06-29,71.515167
2022-06-30,71.653656
2022-07-01,71.869331
2022-07-05,71.860680
2022-07-06,71.661430
2022-07-07,71.609459
2022-07-08,71.522812
2022-07-11,71.548790
2022-07-12,71.583466
2022-07-13,71.505486
2022-07-14,71.479469
2022-07-15,71.531494
2022-07-18,71.488159
2022-07-19,71.410172
2022-07-20,71.401543
2022-07-21,71.600769
2022-07-22,71.782700
2022-07-25,71.722076
2022-07-26,71.687424
2022-07-27,71.800034
2022-07-28,71.955971
2022-07-29,71.947311
2022-08-01,71.945595
2022-08-02,71.694099
2022-08-03,71.720070
2022-08-04,71.815506
2022-08-05,71.520622
2022-08-08,71.590012
2022-08-09,71.520622
2022-08-10,71.590012
2022-08-11,71.563980
2022-08-12,71.581345
2022-08-15,71.642029
2022-08-16,71.581345
2022-08-17,71.520622
2022-08-18,71.624702
2022-08-19,71.572662
2022-08-22,71.477249
2022-08-23,71.511978
2022-08-24,71.433907
2022-08-25,71.477249
2022-08-26,71.459915
2022-08-29,71.407898
2022-08-30,71.373184
2022-08-31,71.364532
2022-09-01,71.312424
2022-09-02,71.468735
2022-09-06,71.312424
2022-09-07,71.416634
2022-09-08,71.329811
2022-09-09,71.269051
2022-09-12,71.260315
2022-09-13,71.017204
2022-09-14,70.956451
2022-09-15,70.878265
2022-09-16,70.913010
2022-09-19,70.834862
2022-09-20,70.800140
2022-09-21,70.739349
2022-09-22,70.609116
2022-09-23,70.522285
2022-09-26,70.366020
2022-09-27,70.366020
2022-09-28,70.669914
2022-09-29,70.574394
2022-09-30,70.513603
2022-10-03,70.668373
2022-10-04,70.694458
2022-10-05,70.624901
2022-10-06,70.537971
2022-10-07,70.451019
2022-10-10,70.424934
2022-10-11,70.459717
2022-10-12,70.529259
2022-10-13,70.320602
2022-10-14,70.285797
2022-10-17,70.364067
2022-10-18,70.398849
2022-10-19,70.268410
2022-10-20,70.190170
2022-10-21,70.372772
2022-10-24,70.355377
2022-10-25,70.424934
2022-10-26,70.485794
2022-10-27,70.633583
2022-10-28,70.529259
2022-10-31,70.424934
2022-11-01,70.356087
2022-11-02,70.321274
2022-11-03,70.190620
2022-11-04,70.269020
2022-11-07,70.208054
2022-11-08,70.277725
2022-11-09,70.390953
2022-11-10,70.774178
2022-11-11,70.756760
2022-11-14,70.695793
2022-11-15,70.765480
2022-11-16,70.774178
2022-11-17,70.687096
2022-11-18,70.608681
2022-11-21,70.591286
2022-11-22,70.643524
2022-11-23,70.704491
2022-11-25,70.713234
2022-11-28,70.730598
2022-11-29,70.704491
2022-11-30,70.913528
2022-12-01,71.066238
2022-12-02,71.048805
2022-12-05,70.848068
2022-12-06,70.926620
2022-12-07,71.074997
2022-12-08,71.005180
2022-12-09,70.970261
2022-12-12,70.926620
2022-12-13,71.136086
2022-12-14,71.144791
2022-12-15,71.154442
2022-12-16,71.224411
2022-12-19,71.136917
2022-12-20,71.136917
2022-12-21,71.206924
2022-12-22,71.163185
2022-12-23,71.128197
2022-12-27,71.031975
2022-12-28,71.031975
2022-12-29,71.084480
2022-12-30,70.996979
2023-01-03,71.058212
2023-01-04,71.128197
2023-01-05,71.031975
2023-01-06,71.303123
2023-01-09,71.373100
2023-01-10,71.311874
2023-01-11,71.373100
2023-01-12,71.530540
2023-01-13,71.408112
2023-01-17,71.451843
2023-01-18,71.609261
2023-01-19,71.591759
2023-01-20,71.530540
2023-01-23,71.460556
2023-01-24,71.486816
2023-01-25,71.530540
2023-01-26,71.486816
2023-01-27,71.486816
2023-01-30,71.416862
2023-01-31,71.548035
2023-02-01,71.672447
2023-02-02,71.681244
2023-02-03,71.418343
2023-02-06,71.216789
2023-02-07,71.251831
2023-02-08,71.278137
2023-02-09,71.225540
2023-02-10,71.190521
2023-02-13,71.208023
2023-02-14,71.059067
2023-02-15,71.067841
2023-02-16,71.076599
2023-02-17,71.137917
2023-02-21,70.997719
2023-02-22,71.032753
2023-02-23,71.076599
2023-02-24,70.927605
2023-02-27,70.988983
2023-02-28,70.971413
2023-03-01,70.841476
2023-03-02,70.867813
2023-03-03,70.911728
2023-03-06,70.876587
2023-03-07,70.727341
2023-03-08,70.692207
2023-03-09,70.920471
2023-03-10,71.306839
2023-03-13,72.018089
2023-03-14,71.745872
2023-03-15,72.167351
2023-03-16,71.877594
2023-03-17,72.237602
2023-03-20,72.149773
2023-03-21,71.877594
2023-03-22,72.211227
2023-03-23,72.421989
2023-03-24,72.457100
2023-03-27,72.149773
2023-03-28,72.070732
2023-03-29,72.044411
2023-03-30,72.053192
2023-03-31,72.140999
2023-04-03,72.228981
2023-04-04,72.396202
2023-04-05,72.492989
2023-04-06,72.466591
2023-04-10,72.211388
2023-04-11,72.202591
2023-04-12,72.281792
2023-04-13,72.325813
2023-04-14,72.158592
2023-04-17,72.053009
2023-04-18,72.035408
2023-04-19,71.973831
2023-04-20,72.149773
2023-04-21,72.105812
2023-04-24,72.184998
2023-04-25,72.466591
2023-04-26,72.378601
2023-04-27,72.237808
2023-04-28,72.316971
2023-05-01,72.159088
2023-05-02,72.397247
2023-05-03,72.573647
2023-05-04,72.688324
2023-05-05,72.511925
2023-05-08,72.397247
2023-05-09,72.379623
2023-05-10,72.556030
2023-05-11,72.600113
2023-05-12,72.476624
2023-05-15,72.485451
2023-05-16,72.397247
2023-05-17,72.317863
2023-05-18,72.185555
2023-05-19,72.132637
2023-05-22,72.106171
2023-05-23,72.097351
2023-05-24,72.009163
2023-05-25,71.850410
2023-05-26,71.832756
2023-05-30,71.973892
2023-05-31,72.044472
2023-06-01,72.156746
2023-06-02,71.953362
2023-06-05,71.971046
2023-06-06,71.935692
2023-06-07,71.882645
2023-06-08,71.997597
2023-06-09,71.864967
2023-06-12,71.926857
2023-06-13,71.794228
2023-06-14,71.750015
2023-06-15,71.900330
2023-06-16,71.803070
2023-06-20,71.829567
2023-06-21,71.829567
2023-06-22,71.750015
2023-06-23,71.811935
2023-06-26,71.864967
2023-06-27,71.758888
2023-06-28,71.838432
2023-06-29,71.661606
2023-06-30,71.688141
2023-07-03,71.604767
2023-07-05,71.587082
2023-07-06,71.542747
2023-07-07,71.622528
2023-07-10,71.728928
2023-07-11,71.720047
2023-07-12,71.932770
2023-07-13,72.136642
2023-07-14,71.950531
2023-07-17,71.977097
2023-07-18,71.977097
2023-07-19,72.003700
2023-07-20,71.915062
2023-07-21,71.923912
2023-07-24,71.835289
2023-07-25,71.826416
2023-07-26,71.897331
2023-07-27,71.790939
2023-07-28,71.888443
2023-07-31,71.906158
2023-08-01,71.845741
2023-08-02,71.881279
2023-08-03,71.907982
2023-08-04,72.050163
2023-08-07,72.076828
2023-08-08,72.112366
2023-08-09,72.067940
2023-08-10,72.032379
2023-08-11,71.961311
2023-08-14,71.899078
2023-08-15,71.925728
2023-08-16,71.890198
2023-08-17,71.970177
2023-08-18,71.996826
2023-08-21,71.916862
2023-08-22,71.881279
2023-08-23,72.014610
2023-08-24,71.970177
2023-08-25,71.925728
2023-08-28,71.970177
2023-08-29,72.130142
2023-08-30,72.130142
2023-08-31,72.201279
2023-09-01,72.162041
2023-09-05,72.072952
2023-09-06,71.992767
2023-09-07,72.126389
2023-09-08,72.090782
2023-09-11,72.108574
2023-09-12,72.072952
2023-09-13,72.135323
2023-09-14,72.117508
2023-09-15,72.081856
2023-09-18,72.072952
2023-09-19,72.019463
2023-09-20,71.974922
2023-09-21,72.010582
2023-09-22,72.081856
2023-09-25,72.055115
2023-09-26,72.064011
2023-09-27,72.010582
2023-09-28,72.135323
2023-09-29,72.144249
2023-10-02,72.071861
2023-10-03,72.018272
2023-10-04,72.179047
2023-10-05,72.250526
2023-10-06,72.187996
2023-10-09,72.402390
2023-10-10,72.357719
2023-10-11,72.339859
2023-10-12,72.250526
2023-10-13,72.295189
2023-10-16,72.250526
2023-10-17,72.089737
2023-10-18,72.089737
2023-10-19,72.187996
2023-10-20,72.304138
2023-10-23,72.348801
2023-10-24,72.330910
2023-10-25,72.250526
2023-10-26,72.393456
2023-10-27,72.438126
2023-10-30,72.411301
2023-10-31,72.384552
2023-11-01,72.545799
2023-11-02,72.554733
2023-11-03,72.751831
2023-11-06,72.617439
2023-11-07,72.671188
2023-11-08,72.653290
2023-11-09,72.545799
2023-11-10,72.563705
2023-11-13,72.590569
2023-11-14,72.877243
2023-11-15,72.742851
2023-11-16,72.868263
2023-11-17,72.814529
2023-11-20,72.823486
2023-11-21,72.868263
2023-11-22,72.877243
2023-11-24,72.823486
2023-11-27,72.913055
2023-11-28,73.047447
2023-11-29,73.190781
2023-11-30,73.146004
2023-12-01,73.358940
2023-12-04,73.251122
2023-12-05,73.341019
2023-12-06,73.322998
2023-12-07,73.376907
2023-12-08,73.215195
2023-12-11,73.233139
2023-12-12,73.242149
2023-12-13,73.610550
2023-12-14,73.736763
2023-12-15,73.655617
2023-12-18,73.646622
2023-12-19,73.673645
2023-12-20,73.772820
2023-12-21,73.844917
2023-12-22,73.871956
2023-12-26,73.835922
2023-12-27,73.926064
2023-12-28,73.917046
2023-12-29,73.953094
2024-01-02,73.862953
2024-01-03,73.880981
2024-01-04,73.835922
2024-01-05,73.817879
2024-01-08,73.880981
2024-01-09,73.899002
2024-01-10,73.899002
2024-01-11,74.070274
2024-01-12,74.223511
2024-01-16,74.106339
2024-01-17,73.962120
2024-01-18,73.998146
2024-01-19,73.944069
2024-01-22,73.980125
2024-01-23,73.971130
2024-01-24,73.935066
2024-01-25,74.070274
2024-01-26,74.025215
2024-01-29,74.097328
2024-01-30,74.052254
2024-01-31,74.187477
2024-02-01,74.297760
2024-02-02,74.062698
2024-02-05,73.918053
2024-02-06,74.035576
2024-02-07,74.008461
2024-02-08,73.990387
2024-02-09,73.963226
2024-02-12,73.972298
2024-02-13,73.737236
2024-02-14,73.845726
2024-02-15,73.918053
2024-02-16,73.827644
2024-02-20,73.872849
2024-02-21,73.809547
2024-02-22,73.800522
2024-02-23,73.836693
2024-02-26,73.782440
2024-02-27,73.782440
2024-02-28,73.854759
2024-02-29,73.899979
2024-03-01,74.045036
2024-03-04,73.972511
2024-03-05,74.026901
2024-03-06,74.045036
2024-03-07,74.135735
2024-03-08,74.172012
2024-03-11,74.108521
2024-03-12,74.035988
2024-03-13,73.999718
2024-03-14,73.936241
2024-03-15,73.890877
2024-03-18,73.899971
2024-03-19,73.963432
2024-03-20,74.081329
2024-03-21,74.081329
2024-03-22,74.135735
2024-03-25,74.099434
2024-03-26,74.117584
2024-03-27,74.199181
2024-03-28,74.153862
2024-04-01,73.999207
2024-04-02,74.035568
2024-04-03,74.090172
2024-04-04,74.162979
2024-04-05,74.044678
2024-04-08,73.971901
2024-04-09,74.044678
2024-04-10,73.744469
2024-04-11,73.835426
2024-04-12,73.880928
2024-04-15,73.853638
2024-04-16,73.808136
2024-04-17,73.862740
2024-04-18,73.826347
2024-04-19,73.844513
2024-04-22,73.880928
2024-04-23,73.944618
2024-04-24,73.917313
2024-04-25,73.862740
2024-04-26,73.880928
2024-04-29,73.917313
2024-04-30,73.826347
2024-05-01,73.974220
2024-05-02,74.083725
2024-05-03,74.202393
2024-05-06,74.193253
2024-05-07,74.202393
2024-05-08,74.184120
2024-05-09,74.248001
2024-05-10,74.184120
2024-05-13,74.202393
2024-05-14,74.275368
2024-05-15,74.412292
2024-05-16,74.357544
2024-05-17,74.311905
2024-05-20,74.293678
2024-05-21,74.330170
2024-05-22,74.275368
2024-05-23,74.238899
2024-05-24,74.266266
2024-05-28,74.202393
2024-05-29,74.174980
2024-05-30,74.257149
2024-05-31,74.357544
2024-06-03,74.441772
2024-06-04,74.515015
2024-06-05,74.588280
2024-06-06,74.597427
2024-06-07,74.405151
2024-06-10,74.414322
2024-06-11,74.496712
2024-06-12,74.597427
2024-06-13,74.716461
2024-06-14,74.725624
2024-06-17,74.652367
2024-06-18,74.753098
2024-06-20,74.725624
2024-06-21,74.753098
2024-06-24,74.762253
2024-06-25,74.771400
2024-06-26,74.698151
2024-06-27,74.753098
2024-06-28,74.762253
2024-07-01,74.697952
2024-07-02,74.762260
2024-07-03,74.872482
2024-07-05,75.010277
2024-07-08,75.001083
2024-07-09,74.982742
2024-07-10,75.010277
2024-07-11,75.184845
2024-07-12,75.295097
2024-07-15,75.295097
2024-07-16,75.322632
2024-07-17,75.331841
2024-07-18,75.295097
2024-07-19,75.258339
2024-07-22,75.267509
2024-07-23,75.304268
2024-07-24,75.341026
2024-07-25,75.350204
2024-07-26,75.451271
2024-07-29,75.460457
2024-07-30,75.487999
2024-07-31,75.644188
2024-08-01,75.775063
2024-08-02,76.199059
2024-08-05,76.180634
2024-08-06,76.088470
2024-08-07,76.042374
2024-08-08,76.005493
2024-08-09,76.023949
2024-08-12,76.070038
2024-08-13,76.189835
2024-08-14,76.180634
2024-08-15,75.996284
2024-08-16,76.079239
2024-08-19,76.060806
2024-08-20,76.171402
2024-08-21,76.254364
2024-08-22,76.152977
2024-08-23,76.328117
2024-08-26,76.291214
2024-08-27,76.337326
2024-08-28,76.328117
2024-08-29,76.318901
2024-08-30,76.318901
2024-09-03,76.400269
2024-09-04,76.566765
2024-09-05,76.594528
2024-09-06,76.733269
2024-09-09,76.742516
2024-09-10,76.853508
2024-09-11,76.788757
2024-09-12,76.797997
2024-09-13,76.909012
2024-09-16,76.955254
2024-09-17,76.899765
2024-09-18,76.872002
2024-09-19,76.936729
2024-09-20,76.964500
2024-09-23,76.964500
2024-09-24,77.038513
2024-09-25,76.973732
2024-09-26,76.899765
2024-09-27,77.019997
2024-09-30,76.909012
2024-10-01,76.958199
2024-10-02,76.939613
2024-10-03,76.837540
2024-10-04,76.577705
2024-10-07,76.475639
2024-10-08,76.540604
2024-10-09,76.466339
2024-10-10,76.531311
2024-10-11,76.596260
2024-10-14,76.559151
2024-10-15,76.596260
2024-10-16,76.642670
2024-10-17,76.577705
2024-10-18,76.642670
2024-10-21,76.531311
2024-10-22,76.522034
2024-10-23,76.475639
2024-10-24,76.512756
2024-10-25,76.484917
2024-10-28,76.447792
2024-10-29,76.475639
2024-10-30,76.410675
2024-10-31,76.429214
2024-11-01,76.404083
2024-11-04,76.459976
2024-11-05,76.441322
2024-11-06,76.348213
2024-11-07,76.478584
2024-11-08,76.422722
2024-11-11,76.366829
2024-11-12,76.292351
2024-11-13,76.404083
2024-11-14,76.292351
2024-11-15,76.376152
2024-11-18,76.432030
2024-11-19,76.432030
2024-11-20,76.394768
2024-11-21,76.376152
2024-11-22,76.366829
2024-11-25,76.515816
2024-11-26,76.515816
2024-11-27,76.562401
2024-11-29,76.655510
2024-12-02,76.650856
2024-12-03,76.660179
2024-12-04,76.744255
2024-12-05,76.744255
2024-12-06,76.818993
2024-12-09,76.790955
2024-12-10,76.781631
2024-12-11,76.762939
2024-12-12,76.725571
2024-12-13,76.688210
2024-12-16,76.697533
2024-12-17,76.706886
2024-12-18,76.566277
2024-12-19,76.650635
2024-12-20,76.660019
2024-12-23,76.613159
2024-12-24,76.650635
2024-12-26,76.669403
2024-12-27,76.688148
2024-12-30,76.800606
2024-12-31,76.847488
2025-01-02,76.828743
2025-01-03,76.828743
2025-01-06,76.847488
2025-01-07,76.800606
2025-01-08,76.847488
2025-01-10,76.706894
2025-01-13,76.725632
2025-01-14,76.744392
2025-01-15,76.913132
2025-01-16,76.959976
2025-01-17,76.941261
2025-01-21,76.969360
2025-01-22,76.950615
2025-01-23,76.950615
2025-01-24,76.997498
2025-01-27,77.109970
2025-01-28,77.128708
2025-01-29,77.081841
2025-01-30,77.128708
2025-01-31,77.138092
2025-02-03,77.084480
2025-02-04,77.159729
2025-02-05,77.206741
2025-02-06,77.178528
2025-02-07,77.093887
2025-02-10,77.131516
2025-02-11,77.112701
2025-02-12,77.009247
2025-02-13,77.112701
2025-02-14,77.216148
2025-02-18,77.150314
2025-02-19,77.206741
2025-02-20,77.216148
2025-02-21,77.347801
2025-02-24,77.404251
2025-02-25,77.507713
2025-02-26,77.535934
2025-02-27,77.564140
2025-02-28,77.705223
2025-03-03,77.755226
2025-03-04,77.764641
2025-03-05,77.679749
2025-03-06,77.726921
2025-03-07,77.717484
2025-03-10,77.859001
2025-03-11,77.811821
2025-03-12,77.755226
2025-03-13,77.811821
2025-03-14,77.755226
2025-03-17,77.726921
2025-03-18,77.726921
2025-03-19,77.840126
2025-03-20,77.859001
2025-03-21,77.906166
2025-03-24,77.802383
2025-03-25,77.830688
2025-03-26,77.811821
2025-03-27,77.849541
2025-03-28,77.991051
2025-03-31,78.047676
2025-04-01,78.076073
2025-04-02,78.019287
2025-04-03,78.312721
2025-04-04,78.265388
2025-04-07,78.274879
2025-04-08,78.227539
2025-04-09,78.180206
2025-04-10,78.170746
2025-04-11,78.028748
2025-04-14,78.199127
2025-04-15,78.199127
2025-04-16,78.303268
2025-04-17,78.331657
2025-04-21,78.284325
2025-04-22,78.312721
2025-04-23,78.255913
2025-04-24,78.350586
2025-04-25,78.416847
2025-04-28,78.530449
2025-04-29,78.577766
2025-04-30,78.681908
2025-05-01,78.519539
2025-05-02,78.367607
2025-05-05,78.358086
2025-05-06,78.424576
2025-05-07,78.453064
2025-05-08,78.291626
2025-05-09,78.329605
2025-05-12,78.187180
2025-05-13,78.168182
2025-05-14,78.111214
2025-05-15,78.263145
2025-05-16,78.244148
2025-05-19,78.272636
2025-05-20,78.282143
2025-05-21,78.234665
2025-05-22,78.282143
2025-05-23,78.329605
2025-05-27,78.358086
2025-05-28,78.301125
2025-05-29,78.386581
2025-05-30,78.481544
2025-06-02,78.416756
2025-06-03,78.397713
2025-06-04,78.540619
2025-06-05,78.454865
2025-06-06,78.321487
2025-06-09,78.378647
2025-06-10,78.378647
2025-06-11,78.502510
2025-06-12,78.569168
2025-06-13,78.512039
2025-06-16,78.502510
2025-06-17,78.540619
2025-06-18,78.578728
2025-06-20,78.635880
2025-06-23,78.740677
2025-06-24,78.807365
2025-06-25,78.816902
2025-06-26,78.912155
2025-06-27,78.883583
2025-06-30,78.940750
2025-07-01,78.858543
2025-07-02,78.848991
2025-07-03,78.762970
2025-07-07,78.743858
2025-07-08,78.753418
2025-07-09,78.820320
2025-07-10,78.820320
2025-07-11,78.801208
2025-07-14,78.810776
2025-07-15,78.734314
2025-07-16,78.839432
2025-07-17,78.810776
2025-07-18,78.877670
2025-07-21,78.925461
2025-07-22,78.982788
2025-07-23,78.915916
2025-07-24,78.848991
2025-07-25,78.896782
2025-07-28,78.887238
2025-07-29,78.954132
2025-07-30,78.868111
2025-07-31,78.868111
2025-08-01,79.261246
2025-08-04,79.280426
2025-08-05,79.251671
2025-08-06,79.280426
2025-08-07,79.242065
2025-08-08,79.222908
2025-08-11,79.222908
2025-08-12,79.280426
2025-08-13,79.385902
2025-08-14,79.299599
2025-08-15,79.270836
2025-08-18,79.270836
2025-08-19,79.309189
2025-08-20,79.337967
2025-08-21,79.270836
2025-08-22,79.443428
2025-08-25,79.405075
2025-08-26,79.472198
2025-08-27,79.529739
2025-08-28,79.500969
2025-08-29,79.568100
2025-09-02,79.527695
2025-09-03,79.585411
2025-09-04,79.643112
2025-09-05,79.758537
2025-09-08,79.806648
2025-09-09,79.739304
2025-09-10,79.748917
2025-09-11,79.777779
2025-09-12,79.768173
2025-09-15,79.797005
2025-09-16,79.835487
2025-09-17,79.797005
2025-09-18,79.768173
2025-09-19,79.797005
2025-09-22,79.758537
2025-09-23,79.787399
2025-09-24,79.748917
2025-09-25,79.681595
2025-09-26,79.729683
2025-09-29,79.758537
2025-09-30,79.797005
2025-10-01,79.889641
2025-10-02,79.908943
2025-10-03,79.879997
2025-10-06,79.860703
2025-10-07,79.899284
2025-10-08,79.889641
2025-10-09,79.879997
2025-10-10,80.015091
2025-10-13,80.169441
2025-10-14,80.111565
2025-10-15,80.072968
2025-10-16,80.179085
2025-10-17,80.169441
2025-10-20,80.179085
2025-10-21,80.198402
2025-10-22,80.198402
2025-10-23,80.140495
2025-10-24,80.188744
2025-10-27,80.169441
2025-10-28,80.179085
2025-10-29,80.024727
2025-10-30,80.034370
2025-10-31,80.063324
2025-11-03,80.066223
2025-11-04,80.095268
2025-11-05,80.037178
2025-11-06,80.133972
2025-11-07,80.172691
2025-11-10,80.153328
2025-11-11,80.221085
2025-11-12,80.192039
2025-11-13,80.143654
2025-11-14,80.172691
2025-11-17,80.163010
2025-11-18,80.211403
2025-11-19,80.201729
2025-11-20,80.269501
2025-11-21,80.366264
2025-11-24,80.375954
2025-11-25,80.424339
2025-11-26,80.414665
2025-11-28,80.414665
2025-12-01,80.345764
2025-12-02,80.394279
2025-12-03,80.442825
2025-12-04,80.384575
2025-12-05,80.355453
2025-12-08,80.336044
2025-12-09,80.297195
2025-12-10,80.433105
2025-12-11,80.442825
2025-12-12,80.452530
2025-12-15,80.501076
2025-12-16,80.539894
2025-12-17,80.549622
2025-12-18,80.607857
2025-12-19,80.593262
2025-12-22,80.554306
2025-12-23,80.515358
2025-12-24,80.564049
2025-12-26,80.622482
2025-12-29,80.661430
2025-12-30,80.680901
2025-12-31,80.651680
2026-01-02,80.690636
2026-01-05,80.719849
2026-01-06,80.729584
2026-01-07,80.719849
2026-01-08,80.690636
2026-01-09,80.661430
2026-01-12,80.661430
2026-01-13,80.680901
2026-01-14,80.700378
2026-01-15,80.641945
2026-01-16,80.622482
2026-01-20,80.632217
2026-01-21,80.671165
2026-01-22,80.641945
2026-01-23,80.671165
2026-01-26,80.700378
2026-01-27,80.719849
2026-01-28,80.719849
2026-01-29,80.749062
2026-01-30,80.817238
2026-02-02,80.778168
2026-02-03,80.768402
2026-02-04,80.807472
2026-02-05,80.934441
2026-02-06,80.934441
2026-02-09,80.953972
2026-02-10,81.002831
2026-02-11,80.924667
2026-02-12,81.002831
2026-02-13,81.129799
2026-02-17,81.100494
2026-02-18,81.051659
2026-02-19,81.051659
2026-02-20,81.061432
2026-02-23,81.129799
2026-02-24,81.129799
2026-02-25,81.110260
2026-02-26,81.139572
2026-02-27,81.247017
2026-03-02,81.103043
2026-03-03,81.093254
2026-03-04,81.044273
2026-03-05,80.985519
2026-03-06,81.024704
2026-03-09,81.063866
2026-03-10,81.014915
2026-03-11,80.936554
2026-03-12,80.799438
2026-03-13,80.848396
2026-03-16,80.946342
2026-03-17,80.956131
2026-03-18,80.809235
2026-03-19,80.789642
2026-03-20,80.613350
2026-03-23,80.730881
2026-03-24,80.613350
2026-03-25,80.701500
2026-03-26,80.525200
2026-03-27,80.691711
2026-03-30,80.799438
2026-03-31,80.867996
2026-04-01,80.865044
2026-04-02,80.904327
2026-04-06,80.825745
2026-04-07,80.884682
2026-04-08,80.963280
2026-04-09,80.982925
2026-04-10,80.953453
2026-04-13,81.012390
2026-04-14,81.071327
2026-04-15,81.051689
2026-04-16,81.022224
2026-04-17,81.179390
2026-04-20,81.140091
2026-04-21,81.022224
2026-04-22,81.061501
2026-04-23,81.022224
2026-04-24,81.110626
2026-04-27,81.090973
2026-04-28,81.041862
2026-04-29,80.933815
2026-04-30,81.022224
2026-05-01,81.035034
2026-05-04,80.936508
2026-05-05,80.975914
2026-05-06,81.084282
2026-05-07,81.015320
2026-05-08,81.084282
2026-05-11,81.005463
2026-05-12,80.946365
2026-05-13,80.975914
2026-05-14,80.946365
2026-05-15,80.847824
2026-05-18,80.887238
2026-05-19,80.828125
2026-05-20,80.936508
2026-05-21,80.926643
2026-05-22,80.906952
2026-05-26,80.995613
2026-05-27,81.005463
2026-05-28,81.044884
2026-05-29,81.084282
2026-06-01,81.037849
2026-06-02,81.037849
2026-06-03,80.998322
2026-06-04,81.057602
2026-06-05,80.889626
2026-06-08,80.929153
2026-06-09,80.968681
2026-06-10,80.968681
2026-06-11,81.116890
2026-06-12,81.097137
2026-06-15,81.136658
2026-06-16,81.156410
2026-06-17,80.909386
2026-06-18,81.018082
2026-06-22,80.939034
2026-06-23,80.998322
2026-06-24,81.097137
2026-06-25,81.116890
2026-06-26,81.215714
2026-06-29,81.195946
2026-06-30,81.136658
2026-07-01,81.104950
2026-07-02,81.204056
2026-07-06,81.243698
2026-07-07,81.124771
2026-07-08,81.104950
2026-07-09,81.174324
2026-07-10,81.144585
2026-07-13,81.055397
2026-07-14,81.194138
2026-07-15,81.263512
2026-07-16,81.263512
2026-07-17,81.253601
2026-07-20,81.223869
2026-07-21,81.154495
2026-07-22,81.095047
2026-07-23,81.035576
2026-07-24,81.114861
2026-07-27,81.134682
2026-07-28,81.204056
2026-07-29,81.253601
2026-07-30,81.273422
2026-07-31,81.263512
2026-08-03,81.284386
2026-08-04,81.383797
2026-08-05,81.413620
2026-08-06,81.314209
2026-08-07,81.433495
2026-08-10,81.373856
2026-08-11,81.383797
2026-08-12,81.433495
2026-08-13,81.542839
2026-08-14,81.513023
2026-08-17,81.513023
2026-08-18,81.532898
2026-08-19,81.572662
2026-08-20,81.532898
2026-08-21,81.513023
2026-08-24,81.513023
2026-08-25,81.592552
2026-08-26,81.562729
2026-08-27,81.552788
2026-08-28,81.403671
2026-08-31,81.403671
2026-09-01,81.347839
2026-09-02,81.397697
2026-09-03,81.467491
2026-09-04,81.447548
2026-09-08,81.417641
2026-09-09,81.387726
2026-09-10,81.178345
2026-09-11,81.128502
2026-09-14,81.098579
2026-09-15,81.068672
2026-09-16,80.998878
2026-09-17,81.118530
2026-09-18,80.998878
2026-09-21,81.048737
2026-09-22,81.078644
2026-09-23,80.879242
2026-09-24,80.849327
2026-09-25,80.968971
2026-09-28,80.869270
2026-09-29,80.919121
2026-09-30,80.959000
2026-10-01,81.099998
