date,adj_close
1993-01-29,24.053543
1993-02-01,24.224607
1993-02-02,24.275928
1993-02-03,24.532547
1993-02-04,24.635212
1993-02-05,24.618095
1993-02-08,24.618095
1993-02-09,24.447023
1993-02-10,24.481239
1993-02-11,24.600979
1993-02-12,24.412783
1993-02-16,23.796915
1993-02-17,23.779802
1993-02-18,23.762690
1993-02-19,23.848223
1993-02-22,23.933767
1993-02-23,23.916656
1993-02-24,24.224607
1993-02-25,24.275928
1993-02-26,24.310144
1993-03-01,24.241726
1993-03-02,24.600979
1993-03-03,24.703632
1993-03-04,24.566767
1993-03-05,24.498343
1993-03-08,25.045780
1993-03-09,24.960245
1993-03-10,25.011566
1993-03-11,24.943142
1993-03-12,24.686512
1993-03-15,24.806276
1993-03-16,24.806276
1993-03-17,24.652311
1993-03-18,24.806276
1993-03-19,24.768736
1993-03-22,24.631231
1993-03-23,24.682789
1993-03-24,24.682789
1993-03-25,24.837494
1993-03-26,24.699982
1993-03-29,24.803101
1993-03-30,24.871876
1993-03-31,24.854675
1993-04-01,24.768736
1993-04-02,24.253071
1993-04-05,24.373383
1993-04-06,24.304651
1993-04-07,24.390566
1993-04-08,24.356216
1993-04-12,24.699982
1993-04-13,24.751535
1993-04-14,24.717167
1993-04-15,24.717167
1993-04-16,24.717167
1993-04-19,24.614040
1993-04-20,24.493713
1993-04-21,24.476530
1993-04-22,24.167128
1993-04-23,24.063990
1993-04-26,23.874926
1993-04-27,24.132757
1993-04-28,24.081181
1993-04-29,24.184311
1993-04-30,24.218700
1993-05-03,24.373383
1993-05-04,24.459337
1993-05-05,24.528090
1993-05-06,24.442156
1993-05-07,24.390566
1993-05-10,24.442156
1993-05-11,24.545275
1993-05-12,24.510902
1993-05-13,24.218700
1993-05-14,24.201521
1993-05-17,24.287447
1993-05-18,24.270260
1993-05-19,24.768736
1993-05-20,24.837494
1993-05-21,24.614040
1993-05-24,24.717167
1993-05-25,24.768736
1993-05-26,25.078119
1993-05-27,24.992189
1993-05-28,24.871876
1993-06-01,25.112501
1993-06-02,25.078119
1993-06-03,24.992189
1993-06-04,24.906242
1993-06-07,24.820290
1993-06-08,24.596851
1993-06-09,24.682789
1993-06-10,24.699982
1993-06-11,24.803101
1993-06-14,24.768736
1993-06-15,24.717167
1993-06-16,24.768736
1993-06-17,24.854675
1993-06-18,24.650002
1993-06-21,24.701925
1993-06-22,24.719234
1993-06-23,24.494198
1993-06-24,24.823093
1993-06-25,24.805798
1993-06-28,25.082758
1993-06-29,24.961580
1993-06-30,24.961580
1993-07-01,24.892342
1993-07-02,24.753859
1993-07-06,24.494198
1993-07-07,24.563429
1993-07-08,24.840405
1993-07-09,24.909662
1993-07-12,24.892342
1993-07-13,24.875036
1993-07-14,24.961580
1993-07-15,24.857719
1993-07-16,24.788488
1993-07-19,24.771172
1993-07-20,24.840405
1993-07-21,24.823093
1993-07-22,24.650002
1993-07-23,24.771172
1993-07-26,24.909662
1993-07-27,24.892342
1993-07-28,24.840405
1993-07-29,24.978884
1993-07-30,24.840405
1993-08-02,24.909662
1993-08-03,24.926956
1993-08-04,24.926956
1993-08-05,24.875036
1993-08-06,24.909662
1993-08-09,25.048147
1993-08-10,25.030827
1993-08-11,25.030827
1993-08-12,24.961580
1993-08-13,24.996197
1993-08-16,25.134686
1993-08-17,25.221245
1993-08-18,25.359718
1993-08-19,25.359718
1993-08-20,25.377016
1993-08-23,25.325094
1993-08-24,25.602062
1993-08-25,25.619387
1993-08-26,25.636679
1993-08-27,25.619387
1993-08-30,25.723236
1993-08-31,25.792482
1993-09-01,25.757868
1993-09-02,25.671312
1993-09-03,25.688622
1993-09-07,25.515511
1993-09-08,25.428965
1993-09-09,25.480892
1993-09-10,25.705935
1993-09-13,25.723236
1993-09-14,25.619387
1993-09-15,25.688622
1993-09-16,25.584755
1993-09-17,25.535131
1993-09-20,25.326130
1993-09-21,25.239046
1993-09-22,25.448057
1993-09-23,25.587404
1993-09-24,25.517740
1993-09-27,25.796406
1993-09-28,25.744167
1993-09-29,25.657084
1993-09-30,25.604826
1993-10-01,25.726753
1993-10-04,25.761581
1993-10-05,25.726753
1993-10-06,25.709337
1993-10-07,25.639656
1993-10-08,25.674498
1993-10-11,25.726753
1993-10-12,25.761581
1993-10-13,25.761581
1993-10-14,26.092537
1993-10-15,26.231873
1993-10-18,26.162209
1993-10-19,25.970602
1993-10-20,26.005434
1993-10-21,25.970602
1993-10-22,25.848677
1993-10-25,25.918364
1993-10-26,25.900923
1993-10-27,25.918364
1993-10-28,26.109940
1993-10-29,26.109940
1993-11-01,26.179632
1993-11-02,26.162209
1993-11-03,25.831261
1993-11-04,25.552563
1993-11-05,25.674498
1993-11-08,25.709337
1993-11-09,25.726753
1993-11-10,25.918364
1993-11-11,25.848677
1993-11-12,25.970602
1993-11-15,25.953197
1993-11-16,26.075121
1993-11-17,25.935768
1993-11-18,25.866102
1993-11-19,25.813841
1993-11-22,25.657084
1993-11-23,25.796406
1993-11-24,25.900923
1993-11-26,25.918364
1993-11-29,25.813841
1993-11-30,25.831261
1993-12-01,25.866102
1993-12-02,25.935768
1993-12-03,26.040272
1993-12-06,26.127378
1993-12-07,26.109940
1993-12-08,26.109940
1993-12-09,26.022860
1993-12-10,25.970602
1993-12-13,26.127378
1993-12-14,25.935768
1993-12-15,25.900923
1993-12-16,25.988024
1993-12-17,26.130857
1993-12-20,26.165922
1993-12-21,26.078226
1993-12-22,26.253616
1993-12-23,26.236082
1993-12-27,26.376381
1993-12-28,26.428986
1993-12-29,26.393902
1993-12-30,26.288677
1993-12-31,26.148384
1994-01-03,26.078226
1994-01-04,26.183447
1994-01-05,26.236082
1994-01-06,26.236082
1994-01-07,26.393902
1994-01-10,26.709591
1994-01-11,26.656988
1994-01-12,26.569288
1994-01-13,26.499134
1994-01-14,26.604361
1994-01-17,26.604361
1994-01-18,26.639448
1994-01-19,26.569288
1994-01-20,26.639448
1994-01-21,26.586826
1994-01-24,26.481604
1994-01-25,26.481604
1994-01-26,26.551748
1994-01-27,26.797270
1994-01-28,26.867426
1994-01-31,27.060333
1994-02-01,26.920038
1994-02-02,27.095411
1994-02-03,26.972641
1994-02-04,26.358841
1994-02-07,26.481604
1994-02-08,26.499134
1994-02-09,26.604361
1994-02-10,26.376381
1994-02-11,26.464054
1994-02-14,26.499134
1994-02-15,26.639448
1994-02-16,26.621902
1994-02-17,26.464054
1994-02-18,26.306231
1994-02-22,26.569288
1994-02-23,26.499134
1994-02-24,26.148384
1994-02-25,26.271154
1994-02-28,26.271154
1994-03-01,26.165922
1994-03-02,26.200994
1994-03-03,26.130857
1994-03-04,26.200994
1994-03-07,26.341301
1994-03-08,26.236082
1994-03-09,26.358841
1994-03-10,26.148384
1994-03-11,26.288677
1994-03-14,26.323753
1994-03-15,26.306231
1994-03-16,26.516676
1994-03-17,26.516676
1994-03-18,26.510883
1994-03-21,26.440327
1994-03-22,26.510883
1994-03-23,26.493250
1994-03-24,26.175753
1994-03-25,25.928818
1994-03-28,25.964094
1994-03-29,25.452570
1994-03-30,25.099798
1994-03-31,25.170347
1994-04-04,24.782301
1994-04-05,25.293823
1994-04-06,25.293823
1994-04-07,25.417297
1994-04-08,25.223270
1994-04-11,25.329109
1994-04-12,25.293823
1994-04-13,25.161539
1994-04-14,25.170347
1994-04-15,25.170347
1994-04-18,25.002787
1994-04-19,25.038073
1994-04-20,25.011597
1994-04-21,25.346737
1994-04-22,25.320269
1994-04-25,25.584864
1994-04-26,25.558399
1994-04-28,25.373203
1994-04-29,25.452570
1994-05-02,25.611320
1994-05-03,25.584864
1994-05-04,25.540754
1994-05-05,25.505495
1994-05-06,25.258551
1994-05-09,25.038073
1994-05-10,25.232088
1994-05-11,25.002787
1994-05-12,25.126255
1994-05-13,25.126255
1994-05-16,25.135067
1994-05-17,25.505495
1994-05-18,25.690704
1994-05-19,25.814173
1994-05-20,25.717163
1994-05-23,25.673044
1994-05-24,25.778885
1994-05-25,25.849442
1994-05-26,25.867079
1994-05-27,25.893538
1994-05-31,25.858250
1994-06-01,25.972910
1994-06-02,25.946455
1994-06-03,26.096386
1994-06-06,26.087555
1994-06-07,26.052290
1994-06-08,25.840637
1994-06-09,25.981720
1994-06-10,26.025839
1994-06-13,26.061089
1994-06-14,26.263939
1994-06-15,26.158115
1994-06-16,26.211020
1994-06-17,26.064722
1994-06-20,25.842783
1994-06-21,25.620855
1994-06-22,25.718500
1994-06-23,25.567574
1994-06-24,25.034933
1994-06-27,25.469923
1994-06-28,25.345648
1994-06-29,25.425558
1994-06-30,25.265743
1994-07-01,25.319019
1994-07-05,25.452183
1994-07-06,25.416674
1994-07-07,25.523195
1994-07-08,25.514324
1994-07-11,25.425558
1994-07-12,25.461056
1994-07-13,25.505449
1994-07-14,25.780649
1994-07-15,25.789522
1994-07-18,25.833916
1994-07-19,25.780649
1994-07-20,25.665247
1994-07-21,25.718500
1994-07-22,25.762880
1994-07-25,25.798403
1994-07-26,25.771784
1994-07-27,25.771784
1994-07-28,25.825031
1994-07-29,26.082476
1994-08-01,26.206768
1994-08-02,26.242273
1994-08-03,26.251146
1994-08-04,26.100248
1994-08-05,26.011467
1994-08-08,26.073608
1994-08-09,26.117994
1994-08-10,26.215649
1994-08-11,26.117994
1994-08-12,26.322178
1994-08-15,26.313309
1994-08-16,26.499743
1994-08-17,26.481985
1994-08-18,26.393194
1994-08-19,26.375437
1994-08-22,26.348814
1994-08-23,26.499743
1994-08-24,26.783819
1994-08-25,26.712797
1994-08-26,27.094536
1994-08-29,27.076780
1994-08-30,27.147806
1994-08-31,27.076780
1994-09-01,26.988020
1994-09-02,26.872595
1994-09-06,26.881474
1994-09-07,26.854839
1994-09-08,26.988020
1994-09-09,26.703934
1994-09-12,26.624008
1994-09-13,26.703934
1994-09-14,26.730556
1994-09-15,27.067898
1994-09-16,26.875263
1994-09-19,26.902075
1994-09-20,26.392963
1994-09-21,26.392963
1994-09-22,26.330421
1994-09-23,26.241129
1994-09-26,26.375086
1994-09-27,26.357229
1994-09-28,26.562662
1994-09-29,26.428684
1994-09-30,26.392963
1994-10-03,26.330421
1994-10-04,25.937441
1994-10-05,25.946369
1994-10-06,25.866001
1994-10-07,25.982105
1994-10-10,26.258976
1994-10-11,26.651987
1994-10-12,26.687714
1994-10-13,26.777031
1994-10-14,26.893131
1994-10-17,26.839539
1994-10-18,26.777031
1994-10-19,26.902075
1994-10-20,26.723419
1994-10-21,26.616243
1994-10-24,26.392963
1994-10-25,26.419758
1994-10-26,26.517979
1994-10-27,26.678770
1994-10-28,27.241467
1994-10-31,27.143208
1994-11-01,26.839539
1994-11-02,26.687714
1994-11-03,26.830606
1994-11-04,26.482279
1994-11-07,26.562662
1994-11-08,26.768078
1994-11-09,26.812744
1994-11-10,26.625172
1994-11-11,26.526943
1994-11-14,26.777031
1994-11-15,26.687714
1994-11-16,26.777031
1994-11-17,26.598375
1994-11-18,26.562662
1994-11-21,26.294716
1994-11-22,25.723072
1994-11-23,25.866001
1994-11-25,25.991037
1994-11-28,26.107153
1994-11-29,26.098219
1994-11-30,26.062483
1994-12-01,25.803474
1994-12-02,26.044613
1994-12-05,26.071419
1994-12-06,26.089306
1994-12-07,25.901716
1994-12-08,25.651644
1994-12-09,25.749872
1994-12-12,25.919579
1994-12-13,26.017832
1994-12-14,26.151810
1994-12-15,26.232197
1994-12-16,26.360325
1994-12-19,26.396336
1994-12-20,26.315296
1994-12-21,26.594402
1994-12-22,26.513369
1994-12-23,26.540371
1994-12-27,26.684418
1994-12-28,26.549383
1994-12-29,26.567389
1994-12-30,26.252285
1995-01-03,26.378317
1995-01-04,26.504372
1995-01-05,26.504372
1995-01-06,26.531378
1995-01-09,26.558390
1995-01-10,26.585384
1995-01-11,26.603390
1995-01-12,26.612387
1995-01-13,26.927498
1995-01-16,27.089554
1995-01-17,27.098547
1995-01-18,27.071529
1995-01-19,26.918497
1995-01-20,26.819469
1995-01-23,26.900494
1995-01-24,26.936504
1995-01-25,27.008528
1995-01-26,27.035538
1995-01-27,27.143557
1995-01-30,27.026524
1995-01-31,27.134550
1995-02-01,27.125566
1995-02-02,27.287592
1995-02-03,27.674740
1995-02-06,27.791771
1995-02-07,27.827774
1995-02-08,27.827774
1995-02-09,27.827774
1995-02-10,27.863789
1995-02-13,27.872787
1995-02-14,27.908808
1995-02-15,28.061855
1995-02-16,28.025860
1995-02-17,27.917799
1995-02-21,27.908808
1995-02-22,28.115873
1995-02-23,28.160891
1995-02-24,28.232910
1995-02-27,28.007835
1995-02-28,28.241898
1995-03-01,28.061855
1995-03-02,28.097874
1995-03-03,28.106865
1995-03-06,28.124870
1995-03-07,27.908808
1995-03-08,27.980812
1995-03-09,27.971828
1995-03-10,28.385958
1995-03-13,28.358936
1995-03-14,28.566021
1995-03-15,28.511990
1995-03-16,28.683060
1995-03-17,28.711592
1995-03-20,28.711592
1995-03-21,28.639170
1995-03-22,28.666311
1995-03-23,28.684437
1995-03-24,29.091747
1995-03-27,29.209408
1995-03-28,29.209408
1995-03-29,29.200371
1995-03-30,29.146061
1995-03-31,29.028389
1995-04-03,29.100811
1995-04-04,29.290897
1995-04-05,29.290897
1995-04-06,29.399508
1995-04-07,29.372341
1995-04-10,29.426655
1995-04-11,29.327091
1995-04-12,29.426655
1995-04-13,29.589592
1995-04-17,29.417601
1995-04-18,29.318045
1995-04-19,29.290897
1995-04-20,29.336132
1995-04-21,29.480965
1995-04-24,29.824926
1995-04-25,29.743481
1995-04-26,29.770613
1995-04-27,29.843027
1995-04-28,29.888281
1995-05-01,29.806816
1995-05-02,29.870182
1995-05-03,30.286551
1995-05-04,30.268457
1995-05-05,30.232243
1995-05-08,30.449486
1995-05-09,30.422335
1995-05-10,30.458523
1995-05-11,30.539999
1995-05-12,30.558107
1995-05-15,30.702913
1995-05-16,30.721025
1995-05-17,30.603371
1995-05-18,30.159826
1995-05-19,30.177937
1995-05-22,30.512842
1995-05-23,30.793438
1995-05-24,30.775339
1995-05-25,30.802490
1995-05-26,30.449486
1995-05-30,30.440432
1995-05-31,31.074034
1995-06-01,30.992571
1995-06-02,31.019722
1995-06-05,31.209812
1995-06-06,31.155491
1995-06-07,30.992571
1995-06-08,30.920155
1995-06-09,30.739126
1995-06-12,30.911121
1995-06-13,31.246021
1995-06-14,31.218853
1995-06-15,31.354649
1995-06-16,31.447704
1995-06-19,31.802816
1995-06-20,31.720879
1995-06-21,31.702642
1995-06-22,32.121452
1995-06-23,32.057758
1995-06-26,31.675333
1995-06-27,31.611603
1995-06-28,31.775505
1995-06-29,31.720879
1995-06-30,31.702642
1995-07-03,31.821011
1995-07-05,31.939381
1995-07-06,32.349098
1995-07-07,32.494766
1995-07-10,32.512993
1995-07-11,32.358192
1995-07-12,32.758812
1995-07-13,32.685959
1995-07-14,32.658665
1995-07-17,32.840771
1995-07-18,32.558517
1995-07-19,32.203438
1995-07-20,32.321781
1995-07-21,32.285362
1995-07-24,32.522076
1995-07-25,32.767910
1995-07-26,32.740612
1995-07-27,33.013744
1995-07-28,32.804337
1995-07-31,32.722397
1995-08-01,32.667767
1995-08-02,32.594933
1995-08-03,32.585819
1995-08-04,32.622231
1995-08-07,32.695068
1995-08-08,32.695068
1995-08-09,32.685959
1995-08-10,32.613129
1995-08-11,32.431026
1995-08-14,32.722397
1995-08-15,32.658665
1995-08-16,32.749710
1995-08-17,32.695068
1995-08-18,32.731495
1995-08-21,32.640446
1995-08-22,32.704182
1995-08-23,32.585819
1995-08-24,32.622231
1995-08-25,32.804337
1995-08-28,32.685959
1995-08-29,32.767910
1995-08-30,32.840771
1995-08-31,32.868042
1995-09-01,33.013744
1995-09-05,33.323303
1995-09-06,33.387032
1995-09-07,33.405247
1995-09-08,33.532707
1995-09-11,33.623753
1995-09-12,33.778526
1995-09-13,33.933315
1995-09-14,34.242882
1995-09-15,34.233437
1995-09-18,34.105282
1995-09-19,34.270035
1995-09-20,34.434822
1995-09-21,34.151051
1995-09-22,34.160198
1995-09-25,34.105282
1995-09-26,34.096123
1995-09-27,34.068665
1995-09-28,34.324936
1995-09-29,34.260887
1995-10-02,34.086979
1995-10-03,34.123581
1995-10-04,34.086979
1995-10-05,34.187664
1995-10-06,34.215122
1995-10-09,33.931366
1995-10-10,33.913044
1995-10-11,34.022915
1995-10-12,34.233437
1995-10-13,34.343285
1995-10-16,34.178520
1995-10-17,34.407349
1995-10-18,34.508030
1995-10-19,34.672783
1995-10-20,34.462254
1995-10-23,34.389057
1995-10-24,34.425652
1995-10-25,34.141891
1995-10-26,33.830685
1995-10-27,34.086979
1995-10-30,34.306667
1995-10-31,34.160198
1995-11-01,34.434822
1995-11-02,34.654484
1995-11-03,34.700253
1995-11-06,34.581257
1995-11-07,34.453114
1995-11-08,34.764317
1995-11-09,34.892475
1995-11-10,34.874157
1995-11-13,34.837540
1995-11-14,34.608715
1995-11-15,34.956543
1995-11-16,35.148766
1995-11-17,35.258610
1995-11-20,35.075539
1995-11-21,35.359299
1995-11-22,35.249443
1995-11-24,35.340992
1995-11-27,35.350136
1995-11-28,35.725422
1995-11-29,35.762035
1995-11-30,35.679665
1995-12-01,35.725422
1995-12-04,36.164791
1995-12-05,36.402763
1995-12-06,36.485134
1995-12-07,36.292927
1995-12-08,36.411911
1995-12-11,36.567524
1995-12-12,36.457687
1995-12-13,36.686527
1995-12-14,36.421082
1995-12-15,36.434414
1995-12-18,35.734451
1995-12-19,36.112076
1995-12-20,35.762081
1995-12-21,35.946301
1995-12-22,36.075233
1995-12-26,36.250214
1995-12-27,36.231819
1995-12-28,36.194958
1995-12-29,36.241016
1996-01-02,36.627819
1996-01-03,36.729145
1996-01-04,36.379135
1996-01-05,36.305466
1996-01-08,36.443623
1996-01-09,35.817341
1996-01-10,35.347649
1996-01-11,35.559471
1996-01-12,35.504204
1996-01-15,35.430531
1996-01-16,35.863400
1996-01-17,35.752861
1996-01-18,35.872620
1996-01-19,36.112076
1996-01-22,36.121273
1996-01-23,36.204147
1996-01-24,36.498886
1996-01-25,36.369946
1996-01-26,36.683086
1996-01-29,36.830444
1996-01-30,37.143570
1996-01-31,37.530388
1996-02-01,37.668549
1996-02-02,37.511974
1996-02-05,37.815907
1996-02-06,38.175095
1996-02-07,38.396122
1996-02-08,38.810581
1996-02-09,38.801376
1996-02-12,39.096069
1996-02-13,39.013187
1996-02-14,38.672413
1996-02-15,38.432972
1996-02-16,38.276394
1996-02-20,37.898788
1996-02-21,38.368484
1996-02-22,38.976341
1996-02-23,38.865829
1996-02-26,38.313251
1996-02-27,38.193501
1996-02-28,38.018513
1996-02-29,37.650131
1996-03-01,38.248772
1996-03-04,38.469814
1996-03-05,38.829002
1996-03-06,38.488239
1996-03-07,38.681648
1996-03-08,37.429085
1996-03-11,37.861965
1996-03-12,37.567245
1996-03-13,37.825104
1996-03-14,37.990887
1996-03-15,37.965347
1996-03-18,38.696178
1996-03-19,38.612907
1996-03-20,38.566650
1996-03-21,38.474171
1996-03-22,38.575905
1996-03-25,38.501915
1996-03-26,38.686928
1996-03-27,38.335384
1996-03-28,38.483402
1996-03-29,38.298389
1996-04-01,38.742409
1996-04-02,38.816441
1996-04-03,38.816441
1996-04-04,38.788685
1996-04-08,38.122616
1996-04-09,37.974602
1996-04-10,37.299297
1996-04-11,37.253036
1996-04-12,37.724834
1996-04-15,38.039364
1996-04-16,38.150379
1996-04-17,38.057861
1996-04-18,38.113361
1996-04-19,38.205883
1996-04-22,38.501915
1996-04-23,38.622169
1996-04-24,38.483402
1996-04-25,38.659176
1996-04-26,38.742409
1996-04-29,38.742409
1996-04-30,38.714687
1996-05-01,38.797947
1996-05-02,38.131878
1996-05-03,38.076344
1996-05-06,38.039364
1996-05-07,37.882092
1996-05-08,38.353897
1996-05-09,38.326145
1996-05-10,38.705418
1996-05-13,39.288216
1996-05-14,39.528732
1996-05-15,39.482483
1996-05-16,39.565746
1996-05-17,39.778534
1996-05-20,40.046810
1996-05-21,39.991283
1996-05-22,40.370575
1996-05-23,40.204044
1996-05-24,40.361290
1996-05-28,39.954281
1996-05-29,39.686016
1996-05-30,39.889519
1996-05-31,39.593498
1996-06-03,39.704514
1996-06-04,39.982033
1996-06-05,40.333557
1996-06-06,40.037525
1996-06-07,40.037525
1996-06-10,39.908020
1996-06-11,39.871029
1996-06-12,39.797028
1996-06-13,39.797028
1996-06-14,39.630505
1996-06-17,39.602757
1996-06-18,39.278961
1996-06-19,39.454723
1996-06-20,39.426975
1996-06-21,39.766090
1996-06-24,39.840492
1996-06-25,39.793991
1996-06-26,39.524292
1996-06-27,39.803288
1996-06-28,39.942795
1996-07-01,40.286873
1996-07-02,40.138084
1996-07-03,40.054409
1996-07-05,39.031403
1996-07-08,38.873295
1996-07-09,39.031403
1996-07-10,39.189510
1996-07-11,38.399025
1996-07-12,38.426918
1996-07-15,37.292336
1996-07-16,37.385330
1996-07-17,37.831730
1996-07-18,38.352531
1996-07-19,38.073540
1996-07-22,37.794533
1996-07-23,37.310936
1996-07-24,37.385330
1996-07-25,37.720127
1996-07-26,37.924736
1996-07-29,37.506237
1996-07-30,37.868931
1996-07-31,38.147915
1996-08-01,38.780312
1996-08-02,39.617298
1996-08-05,39.384796
1996-08-06,39.505672
1996-08-07,39.608006
1996-08-08,39.542900
1996-08-09,39.412685
1996-08-12,39.700993
1996-08-13,39.384796
1996-08-14,39.524292
1996-08-15,39.449913
1996-08-16,39.784702
1996-08-19,39.803288
1996-08-20,39.775398
1996-08-21,39.635883
1996-08-22,40.007896
1996-08-23,39.793991
1996-08-26,39.598682
1996-08-27,39.747494
1996-08-28,39.682396
1996-08-29,39.291801
1996-08-30,38.882614
1996-09-03,39.133717
1996-09-04,39.170914
1996-09-05,38.696602
1996-09-06,39.245308
1996-09-09,39.710304
1996-09-10,39.691704
1996-09-11,39.914879
1996-09-12,40.193878
1996-09-13,40.807671
1996-09-16,40.956474
1996-09-17,40.863468
1996-09-18,40.761169
1996-09-19,40.919285
1996-09-20,41.064434
1996-09-23,41.055058
1996-09-24,41.045723
1996-09-25,41.073757
1996-09-26,41.055058
1996-09-27,41.092472
1996-09-30,41.055058
1996-10-01,41.279415
1996-10-02,41.559860
1996-10-03,41.522465
1996-10-04,42.083305
1996-10-07,42.130054
1996-10-08,41.961784
1996-10-09,41.634617
1996-10-10,41.550510
1996-10-11,42.064629
1996-10-14,42.120686
1996-10-15,42.064629
1996-10-16,42.270264
1996-10-17,42.382454
1996-10-18,42.606796
1996-10-21,42.550728
1996-10-22,42.251595
1996-10-23,42.391800
1996-10-24,42.027233
1996-10-25,42.064629
1996-10-28,41.784195
1996-10-29,42.120686
1996-10-30,41.980507
1996-10-31,42.382454
1996-11-01,42.232891
1996-11-04,42.513309
1996-11-05,42.756363
1996-11-06,43.578934
1996-11-07,43.681774
1996-11-08,43.924812
1996-11-11,43.878090
1996-11-12,43.747204
1996-11-13,43.943508
1996-11-14,44.233284
1996-11-15,44.289371
1996-11-18,44.298706
1996-11-19,44.616554
1996-11-20,44.691330
1996-11-21,44.625904
1996-11-22,44.971752
1996-11-25,45.541969
1996-11-26,45.392410
1996-11-27,45.308273
1996-11-29,45.476570
1996-12-02,45.495216
1996-12-03,44.719353
1996-12-04,44.840881
1996-12-05,44.719353
1996-12-06,44.457645
1996-12-09,45.111973
1996-12-10,44.896984
1996-12-11,44.485676
1996-12-12,43.747204
1996-12-13,43.859394
1996-12-16,43.298534
1996-12-17,43.644394
1996-12-18,43.990238
1996-12-19,44.896984
1996-12-20,44.995491
1996-12-23,44.882782
1996-12-24,45.211525
1996-12-26,45.559124
1996-12-27,45.615471
1996-12-30,45.220943
1996-12-31,44.394291
1997-01-02,44.507023
1997-01-03,45.145786
1997-01-06,44.751278
1997-01-07,45.296104
1997-01-08,44.901558
1997-01-09,45.277309
1997-01-10,45.765785
1997-01-13,45.700020
1997-01-14,46.273052
1997-01-15,46.160294
1997-01-16,46.348194
1997-01-17,46.629978
1997-01-20,46.686337
1997-01-21,47.062107
1997-01-22,47.400272
1997-01-23,46.742706
1997-01-24,46.141518
1997-01-27,46.010010
1997-01-28,46.141518
1997-01-29,46.592415
1997-01-30,47.193619
1997-01-31,47.137234
1997-02-03,47.278126
1997-02-04,47.569366
1997-02-05,46.676937
1997-02-06,46.986942
1997-02-07,47.625721
1997-02-10,47.174812
1997-02-11,47.719662
1997-02-12,48.395996
1997-02-13,48.922020
1997-02-14,48.809311
1997-02-18,49.222649
1997-02-19,48.893852
1997-02-20,48.302059
1997-02-21,48.320847
1997-02-24,48.893852
1997-02-25,48.931446
1997-02-26,48.452370
1997-02-27,47.729065
1997-02-28,47.588127
1997-03-03,47.907520
1997-03-04,47.644466
1997-03-05,48.452370
1997-03-06,48.170528
1997-03-07,48.602657
1997-03-10,49.109909
1997-03-11,48.846886
1997-03-12,48.414780
1997-03-13,47.663292
1997-03-14,47.907520
1997-03-17,48.039032
1997-03-18,47.522396
1997-03-19,47.362686
1997-03-20,47.118462
1997-03-21,47.336605
1997-03-24,47.996677
1997-03-25,47.525196
1997-03-26,47.732658
1997-03-27,46.469101
1997-03-31,45.488415
1997-04-01,45.780750
1997-04-02,44.960365
1997-04-03,45.205521
1997-04-04,45.771297
1997-04-07,45.950489
1997-04-08,46.280506
1997-04-09,45.903313
1997-04-10,45.733585
1997-04-11,44.281433
1997-04-14,44.875484
1997-04-15,45.639297
1997-04-16,46.167347
1997-04-17,45.978752
1997-04-18,46.205070
1997-04-21,45.903313
1997-04-22,46.912304
1997-04-23,46.959446
1997-04-24,46.723694
1997-04-25,46.186226
1997-04-28,46.638817
1997-04-29,48.109833
1997-04-30,48.336155
1997-05-01,48.279579
1997-05-02,49.147102
1997-05-05,50.316387
1997-05-06,50.278679
1997-05-07,49.184826
1997-05-08,49.524292
1997-05-09,49.863750
1997-05-12,50.693546
1997-05-13,50.486126
1997-05-14,50.580402
1997-05-15,50.919884
1997-05-16,50.222088
1997-05-19,50.372971
1997-05-20,50.976456
1997-05-21,50.863312
1997-05-22,50.693546
1997-05-23,51.165054
1997-05-27,51.372486
1997-05-28,51.363079
1997-05-29,51.061325
1997-05-30,51.391357
1997-06-02,51.165054
1997-06-03,50.995316
1997-06-04,50.938717
1997-06-05,51.127304
1997-06-06,52.126865
1997-06-09,52.390911
1997-06-10,52.551189
1997-06-11,52.673779
1997-06-12,53.692200
1997-06-13,54.144791
1997-06-16,54.163654
1997-06-17,54.088207
1997-06-18,53.899624
1997-06-19,54.455975
1997-06-20,54.270454
1997-06-23,52.954639
1997-06-24,54.298851
1997-06-25,53.920166
1997-06-26,53.655148
1997-06-27,53.863358
1997-06-30,53.503651
1997-07-01,54.128437
1997-07-02,55.018272
1997-07-03,55.775574
1997-07-07,55.207592
1997-07-08,55.785042
1997-07-09,55.169743
1997-07-10,55.415874
1997-07-11,55.605194
1997-07-14,55.775574
1997-07-15,56.059555
1997-07-16,56.797924
1997-07-17,56.513939
1997-07-18,55.311714
1997-07-21,55.321171
1997-07-22,56.788464
1997-07-23,56.741104
1997-07-24,57.006187
1997-07-25,56.968376
1997-07-28,56.930492
1997-07-29,57.119785
1997-07-30,57.801369
1997-07-31,57.744537
1997-08-01,57.517399
1997-08-04,57.668846
1997-08-05,57.706718
1997-08-06,58.180046
1997-08-07,57.744537
1997-08-08,56.570755
1997-08-11,56.987286
1997-08-12,56.078514
1997-08-13,55.908134
1997-08-14,56.116356
1997-08-15,54.393501
1997-08-18,55.605194
1997-08-19,56.248898
1997-08-20,57.100822
1997-08-21,56.097439
1997-08-22,56.078514
1997-08-25,55.870255
1997-08-26,55.046650
1997-08-27,55.377979
1997-08-28,54.535496
1997-08-29,54.753197
1997-09-02,56.532913
1997-09-03,56.229973
1997-09-04,56.589699
1997-09-05,56.428757
1997-09-08,56.674873
1997-09-09,56.703285
1997-09-10,55.529461
1997-09-11,55.245461
1997-09-12,56.135307
1997-09-15,56.040646
1997-09-16,57.441647
1997-09-17,57.441647
1997-09-18,57.687786
1997-09-19,57.785378
1997-09-22,58.108395
1997-09-23,57.842415
1997-09-24,57.367313
1997-09-25,56.968273
1997-09-26,57.443336
1997-09-29,57.994385
1997-09-30,57.386337
1997-10-01,58.146408
1997-10-02,58.469448
1997-10-03,58.763973
1997-10-06,59.153568
1997-10-07,59.704582
1997-10-08,59.286530
1997-10-09,59.077507
1997-10-10,58.906498
1997-10-13,58.963501
1997-10-14,58.982494
1997-10-15,58.849510
1997-10-16,57.918392
1997-10-17,57.329311
1997-10-20,58.146408
1997-10-21,59.277027
1997-10-22,58.887482
1997-10-23,57.728382
1997-10-24,57.158318
1997-10-27,53.015850
1997-10-28,56.075195
1997-10-29,55.923157
1997-10-30,54.688026
1997-10-31,55.980164
1997-11-03,57.158318
1997-11-04,57.158318
1997-11-05,57.348331
1997-11-06,57.129795
1997-11-07,56.512203
1997-11-10,56.170197
1997-11-11,56.189190
1997-11-12,55.030060
1997-11-13,55.828175
1997-11-14,56.588249
1997-11-17,57.633327
1997-11-18,57.272320
1997-11-19,57.557350
1997-11-20,58.431454
1997-11-21,58.830513
1997-11-24,57.766384
1997-11-25,57.918392
1997-11-26,58.089405
1997-11-28,58.146408
1997-12-01,59.647583
1997-12-02,59.286530
1997-12-03,59.457542
1997-12-04,59.400555
1997-12-05,60.160652
1997-12-08,59.989635
1997-12-09,59.628582
1997-12-10,59.115520
1997-12-11,58.108395
1997-12-12,58.222416
1997-12-15,58.811474
1997-12-16,59.172550
1997-12-17,58.868484
1997-12-18,58.298431
1997-12-19,57.862686
1997-12-22,58.234715
1997-12-23,57.194965
1997-12-24,57.023277
1997-12-26,57.252224
1997-12-29,58.377792
1997-12-30,59.293510
1997-12-31,59.255371
1998-01-02,59.560589
1998-01-05,59.694141
1998-01-06,58.740276
1998-01-07,58.892902
1998-01-08,58.377792
1998-01-09,56.355545
1998-01-12,57.385765
1998-01-13,58.186993
1998-01-14,58.454094
1998-01-15,57.967598
1998-01-16,58.797497
1998-01-20,59.751389
1998-01-21,59.179035
1998-01-22,58.654411
1998-01-23,58.568558
1998-01-26,58.530426
1998-01-27,59.121815
1998-01-28,59.656002
1998-01-29,59.980305
1998-01-30,60.018475
1998-02-02,61.010540
1998-02-03,61.468380
1998-02-04,61.392033
1998-02-05,61.353916
1998-02-06,62.040722
1998-02-09,61.830845
1998-02-10,62.422276
1998-02-11,62.365032
1998-02-12,62.632080
1998-02-13,62.269642
1998-02-17,62.574894
1998-02-18,63.147236
1998-02-19,62.813339
1998-02-20,63.280750
1998-02-23,63.528740
1998-02-24,63.032738
1998-02-25,63.814972
1998-02-26,64.177414
1998-02-27,64.177414
1998-03-02,64.043861
1998-03-03,64.406342
1998-03-04,63.986637
1998-03-05,63.395203
1998-03-06,64.673424
1998-03-09,64.444511
1998-03-10,65.054993
1998-03-11,65.360252
1998-03-12,65.627281
1998-03-13,65.379333
1998-03-16,66.085220
1998-03-17,66.275978
1998-03-18,66.523987
1998-03-19,66.695679
1998-03-20,67.269943
1998-03-23,67.116898
1998-03-24,67.690872
1998-03-25,67.442116
1998-03-26,67.403870
1998-03-27,67.116898
1998-03-30,67.078598
1998-03-31,67.308212
1998-04-01,67.853470
1998-04-02,68.590088
1998-04-03,68.934479
1998-04-06,68.379616
1998-04-07,67.920464
1998-04-08,67.537842
1998-04-09,68.073517
1998-04-13,67.882179
1998-04-14,68.456177
1998-04-15,68.647522
1998-04-16,67.843948
1998-04-17,68.743164
1998-04-20,68.724007
1998-04-21,69.049286
1998-04-22,69.240601
1998-04-23,68.570961
1998-04-24,67.843948
1998-04-27,66.562057
1998-04-28,66.466408
1998-04-29,66.925575
1998-04-30,68.169189
1998-05-01,68.934479
1998-05-04,68.762291
1998-05-05,68.283981
1998-05-06,67.480415
1998-05-07,66.944664
1998-05-08,68.035240
1998-05-11,67.805656
1998-05-12,68.532700
1998-05-13,68.704880
1998-05-14,68.360535
1998-05-15,67.977859
1998-05-18,67.710014
1998-05-19,68.169189
1998-05-20,68.819687
1998-05-21,68.379616
1998-05-22,68.111794
1998-05-26,67.021248
1998-05-27,67.116898
1998-05-28,67.423035
1998-05-29,66.753349
1998-06-01,67.059502
1998-06-02,67.116898
1998-06-03,66.045464
1998-06-04,67.269943
1998-06-05,68.570961
1998-06-08,68.494415
1998-06-09,68.704880
1998-06-10,68.264832
1998-06-11,66.982994
1998-06-12,67.614357
1998-06-15,65.834984
1998-06-16,66.849037
1998-06-17,68.245705
1998-06-18,67.939621
1998-06-19,67.599174
1998-06-22,67.925468
1998-06-23,68.731575
1998-06-24,69.652893
1998-06-25,69.537735
1998-06-26,69.825600
1998-06-29,70.075127
1998-06-30,69.595314
1998-07-01,70.401443
1998-07-02,70.535751
1998-07-06,71.245987
1998-07-07,71.111595
1998-07-08,71.629799
1998-07-09,71.149948
1998-07-10,71.533813
1998-07-13,71.553024
1998-07-14,72.359138
1998-07-15,72.224777
1998-07-16,72.723808
1998-07-17,72.819786
1998-07-20,72.819786
1998-07-21,71.553024
1998-07-22,71.553024
1998-07-23,70.132683
1998-07-24,70.075127
1998-07-27,70.574127
1998-07-28,69.384132
1998-07-29,69.115440
1998-07-30,70.151871
1998-07-31,68.654800
1998-08-03,68.366890
1998-08-04,65.718239
1998-08-05,66.620308
1998-08-06,66.908195
1998-08-07,67.023422
1998-08-10,66.639503
1998-08-11,65.641426
1998-08-12,66.754646
1998-08-13,65.948524
1998-08-14,65.180801
1998-08-17,66.562721
1998-08-18,67.791161
1998-08-19,67.618355
1998-08-20,67.215317
1998-08-21,66.677933
1998-08-24,67.100166
1998-08-25,67.253685
1998-08-26,66.869835
1998-08-27,63.722092
1998-08-28,63.491791
1998-08-31,58.962147
1998-09-01,61.457283
1998-09-02,61.015869
1998-09-03,60.535992
1998-09-04,60.036961
1998-09-08,63.261436
1998-09-09,61.726025
1998-09-10,60.497620
1998-09-11,62.455334
1998-09-14,63.530178
1998-09-15,63.914047
1998-09-16,64.489822
1998-09-17,62.647259
1998-09-18,62.926319
1998-09-21,62.887806
1998-09-22,63.407860
1998-09-23,65.950356
1998-09-24,64.332405
1998-09-25,64.255318
1998-09-28,64.833221
1998-09-29,64.679100
1998-09-30,62.714466
1998-10-01,60.903912
1998-10-02,62.078846
1998-10-05,60.826862
1998-10-06,60.769089
1998-10-07,59.863796
1998-10-08,59.536339
1998-10-09,60.730541
1998-10-12,61.616550
1998-10-13,61.404701
1998-10-14,61.982513
1998-10-15,65.314728
1998-10-16,65.334007
1998-10-19,65.565125
1998-10-20,65.950356
1998-10-21,65.719208
1998-10-22,66.701546
1998-10-23,65.854057
1998-10-26,66.335602
1998-10-27,65.950356
1998-10-28,65.834770
1998-10-29,67.433441
1998-10-30,67.799438
1998-11-02,68.955093
1998-11-03,68.454292
1998-11-04,69.186218
1998-11-05,70.130020
1998-11-06,70.341904
1998-11-09,69.841103
1998-11-10,69.648521
1998-11-11,69.186218
1998-11-12,69.109154
1998-11-13,69.783333
1998-11-16,70.303368
1998-11-17,70.303368
1998-11-18,70.727119
1998-11-19,71.343468
1998-11-20,71.882782
1998-11-23,73.577782
1998-11-24,73.115486
1998-11-25,73.115486
1998-11-27,73.654778
1998-11-30,71.574600
1998-12-01,72.499115
1998-12-02,72.287300
1998-12-03,71.093086
1998-12-04,72.961395
1998-12-07,73.308121
1998-12-08,72.980659
1998-12-09,73.115486
1998-12-10,72.046524
1998-12-11,72.190956
1998-12-14,70.110756
1998-12-15,71.921310
1998-12-16,71.825020
1998-12-17,72.971039
1998-12-18,73.281097
1998-12-21,74.305359
1998-12-22,74.633827
1998-12-23,76.199203
1998-12-24,75.870667
1998-12-28,75.677422
1998-12-29,76.875534
1998-12-30,76.257164
1998-12-31,76.257164
1999-01-04,76.083260
1999-01-05,76.952888
1999-01-06,78.808105
1999-01-07,78.421608
1999-01-08,79.001389
1999-01-11,78.247673
1999-01-12,76.836929
1999-01-13,76.295837
1999-01-14,74.962418
1999-01-15,76.914253
1999-01-19,77.416710
1999-01-20,78.035118
1999-01-21,75.967308
1999-01-22,75.793365
1999-01-25,76.566399
1999-01-26,77.957802
1999-01-27,77.049515
1999-01-28,78.344284
1999-01-29,78.943398
1999-02-01,78.479576
1999-02-02,77.996399
1999-02-03,78.788757
1999-02-04,77.609993
1999-02-05,76.720993
1999-02-08,76.875534
1999-02-09,75.155640
1999-02-10,75.638786
1999-02-11,77.378021
1999-02-12,76.450455
1999-02-16,75.986603
1999-02-17,75.909332
1999-02-18,76.508400
1999-02-19,76.836929
1999-02-22,78.885422
1999-02-23,78.846786
1999-02-24,77.455338
1999-02-25,76.720993
1999-02-26,76.411743
1999-03-01,76.624359
1999-03-02,75.947998
1999-03-03,76.353790
1999-03-04,77.320076
1999-03-05,78.875755
1999-03-08,79.387848
1999-03-09,79.194633
1999-03-10,79.890282
1999-03-11,80.779251
1999-03-12,80.006271
1999-03-15,81.146431
1999-03-16,80.837242
1999-03-17,80.489426
1999-03-18,81.784164
1999-03-19,80.394035
1999-03-22,80.549019
1999-03-23,78.224396
1999-03-24,78.669914
1999-03-25,80.277786
1999-03-26,79.696663
1999-03-29,81.304535
1999-03-30,80.878326
1999-03-31,79.580414
1999-04-01,80.180962
1999-04-05,82.079430
1999-04-06,81.885681
1999-04-07,82.544403
1999-04-08,83.590408
1999-04-09,83.609802
1999-04-12,84.500908
1999-04-13,83.958488
1999-04-14,82.544403
1999-04-15,82.234375
1999-04-16,81.536964
1999-04-19,80.277786
1999-04-20,81.285133
1999-04-21,83.609802
1999-04-22,84.404060
1999-04-23,84.190979
1999-04-26,84.675293
1999-04-27,85.082031
1999-04-28,83.919716
1999-04-29,83.280464
1999-04-30,82.602470
1999-05-03,84.113503
1999-05-04,82.912430
1999-05-05,83.571045
1999-05-06,83.057724
1999-05-07,83.687286
1999-05-10,83.270813
1999-05-11,84.113503
1999-05-12,84.772118
1999-05-13,85.140221
1999-05-14,82.931793
1999-05-17,83.183601
1999-05-18,83.028633
1999-05-19,83.629143
1999-05-20,83.125519
1999-05-21,82.660568
1999-05-24,81.285133
1999-05-25,79.967842
1999-05-26,80.858978
1999-05-27,79.696663
1999-05-28,80.713722
1999-06-01,80.432800
1999-06-02,80.510254
1999-06-03,80.955841
1999-06-04,82.583076
1999-06-07,82.796173
1999-06-08,81.982544
1999-06-09,81.905083
1999-06-10,81.149597
1999-06-11,80.471527
1999-06-14,80.549019
1999-06-15,81.091423
1999-06-16,82.641220
1999-06-17,83.416092
1999-06-18,83.512436
1999-06-21,83.706749
1999-06-22,83.123856
1999-06-23,82.715828
1999-06-24,82.094048
1999-06-25,81.890007
1999-06-28,82.890678
1999-06-29,83.667908
1999-06-30,85.183540
1999-07-01,85.824684
1999-07-02,86.679619
1999-07-06,86.660248
1999-07-07,86.776810
1999-07-08,86.844826
1999-07-09,87.359703
1999-07-12,86.971062
1999-07-13,86.660248
1999-07-14,87.145996
1999-07-15,87.699730
1999-07-16,88.175804
1999-07-19,87.592896
1999-07-20,85.795540
1999-07-21,85.698380
1999-07-22,84.571419
1999-07-23,84.406281
1999-07-26,83.784431
1999-07-27,84.483978
1999-07-28,84.756012
1999-07-29,83.570740
1999-07-30,82.540916
1999-08-02,82.735214
1999-08-03,82.346680
1999-08-04,81.219658
1999-08-05,81.957993
1999-08-06,81.064217
1999-08-09,80.889328
1999-08-10,79.995506
1999-08-11,80.967064
1999-08-12,80.918480
1999-08-13,82.793556
1999-08-16,83.162704
1999-08-17,83.706749
1999-08-18,83.104439
1999-08-19,82.424339
1999-08-20,83.259819
1999-08-23,84.853188
1999-08-24,85.164047
1999-08-25,86.038429
1999-08-26,85.008629
1999-08-27,83.978806
1999-08-30,82.424339
1999-08-31,82.113487
1999-09-01,83.123856
1999-09-02,82.142616
1999-09-03,84.542267
1999-09-07,84.231377
1999-09-08,83.823364
1999-09-09,83.784431
1999-09-10,84.483978
1999-09-13,83.910774
1999-09-14,83.357010
1999-09-15,82.035698
1999-09-16,82.356300
1999-09-17,83.396942
1999-09-20,83.280067
1999-09-21,81.526344
1999-09-22,81.438660
1999-09-23,79.733681
1999-09-24,79.655754
1999-09-27,80.181885
1999-09-28,80.025978
1999-09-29,79.071213
1999-09-30,80.279297
1999-10-01,80.103943
1999-10-04,81.526344
1999-10-05,81.448402
1999-10-06,82.695503
1999-10-07,82.227829
1999-10-08,83.474899
1999-10-11,83.338463
1999-10-12,82.052422
1999-10-13,79.928558
1999-10-14,79.909058
1999-10-15,77.863113
1999-10-18,78.428185
1999-10-19,79.188087
1999-10-20,79.967537
1999-10-21,80.435165
1999-10-22,81.117126
1999-10-25,80.707962
1999-10-26,79.694702
1999-10-27,81.136635
1999-10-28,83.903549
1999-10-29,85.423470
1999-11-01,84.527039
1999-11-02,83.923042
1999-11-03,84.488121
1999-11-04,85.131134
1999-11-05,85.969002
1999-11-08,86.046928
1999-11-09,85.238319
1999-11-10,85.871582
1999-11-11,86.358719
1999-11-12,87.138092
1999-11-15,87.342758
1999-11-16,88.073364
1999-11-17,88.307205
1999-11-18,88.930717
1999-11-19,88.852791
1999-11-22,88.833298
1999-11-23,88.053917
1999-11-24,88.521591
1999-11-26,88.190323
1999-11-29,87.878571
1999-11-30,86.845833
1999-12-01,87.547302
1999-12-02,88.073364
1999-12-03,89.690689
1999-12-06,89.028152
1999-12-07,88.307205
1999-12-08,87.742149
1999-12-09,88.170799
1999-12-10,88.463112
1999-12-13,88.618980
1999-12-14,87.761673
1999-12-15,88.229279
1999-12-16,88.618980
1999-12-17,89.188095
1999-12-20,88.543503
1999-12-21,89.891281
1999-12-22,90.125687
1999-12-23,91.561356
1999-12-27,91.434433
1999-12-28,91.375809
1999-12-29,91.766472
1999-12-30,91.659058
1999-12-31,91.805519
2000-01-03,90.907036
2000-01-04,87.351990
2000-01-05,87.508247
2000-01-06,86.101913
2000-01-07,91.102310
2000-01-10,91.414825
2000-01-11,90.321030
2000-01-12,89.422516
2000-01-13,90.633560
2000-01-14,91.864128
2000-01-18,91.141396
2000-01-19,91.883629
2000-01-20,90.477257
2000-01-21,90.281998
2000-01-24,87.723122
2000-01-25,88.719330
2000-01-26,88.016136
2000-01-27,87.664497
2000-01-28,84.929855
2000-01-31,87.234802
2000-02-01,88.094284
2000-02-02,88.172386
2000-02-03,89.500603
2000-02-04,89.129494
2000-02-07,88.992767
2000-02-08,90.203827
2000-02-09,88.309097
2000-02-10,88.484917
2000-02-11,86.687874
2000-02-14,87.195732
2000-02-15,88.182129
2000-02-16,86.883163
2000-02-17,86.433914
2000-02-18,84.578255
2000-02-22,84.363434
2000-02-23,85.359619
2000-02-24,83.640709
2000-02-25,83.337906
2000-02-28,85.086189
2000-02-29,85.906525
2000-03-01,86.531601
2000-03-02,86.590195
2000-03-03,88.211449
2000-03-06,87.351990
2000-03-07,85.662338
2000-03-08,85.554932
2000-03-09,88.055191
2000-03-10,87.586380
2000-03-13,86.629265
2000-03-14,85.398666
2000-03-15,87.391037
2000-03-16,91.473480
2000-03-17,92.077995
2000-03-20,91.608055
2000-03-21,93.487976
2000-03-22,94.055878
2000-03-23,95.661659
2000-03-24,96.229584
2000-03-27,95.211250
2000-03-28,94.662971
2000-03-29,94.760864
2000-03-30,93.174660
2000-03-31,94.232170
2000-04-03,94.780457
2000-04-04,94.075447
2000-04-05,93.487976
2000-04-06,94.300659
2000-04-07,94.897987
2000-04-10,94.525864
2000-04-11,94.251732
2000-04-12,91.666809
2000-04-13,90.393929
2000-04-14,85.224075
2000-04-17,88.200676
2000-04-18,90.531036
2000-04-19,89.688927
2000-04-20,90.119759
2000-04-24,89.140617
2000-04-25,92.841782
2000-04-26,91.794067
2000-04-27,91.490555
2000-04-28,90.922638
2000-05-01,92.156364
2000-05-02,90.315575
2000-05-03,88.200676
2000-05-04,88.866478
2000-05-05,89.943497
2000-05-08,89.267914
2000-05-09,88.553116
2000-05-10,86.555679
2000-05-11,88.533554
2000-05-12,89.493088
2000-05-15,91.040161
2000-05-16,91.921364
2000-05-17,90.961769
2000-05-18,89.845589
2000-05-19,88.435631
2000-05-22,87.769821
2000-05-23,86.477364
2000-05-24,87.887299
2000-05-25,86.379463
2000-05-26,86.477364
2000-05-30,89.297279
2000-05-31,89.493088
2000-06-01,91.059708
2000-06-02,92.645950
2000-06-05,92.195541
2000-06-06,91.784325
2000-06-07,92.420731
2000-06-08,92.058449
2000-06-09,91.862686
2000-06-12,90.785568
2000-06-13,92.489273
2000-06-14,92.645950
2000-06-15,92.841782
2000-06-16,92.078926
2000-06-19,93.256607
2000-06-20,92.922951
2000-06-21,92.883690
2000-06-22,91.470428
2000-06-23,90.685226
2000-06-26,91.853210
2000-06-27,91.175980
2000-06-28,91.431175
2000-06-29,90.567490
2000-06-30,91.254501
2000-07-03,92.510727
2000-07-05,90.842293
2000-07-06,91.548904
2000-07-07,93.021072
2000-07-10,92.864037
2000-07-11,93.060387
2000-07-12,93.668839
2000-07-13,94.081070
2000-07-14,95.003609
2000-07-17,94.846573
2000-07-18,94.071198
2000-07-19,93.315552
2000-07-20,94.611038
2000-07-21,92.765884
2000-07-24,92.235878
2000-07-25,92.530350
2000-07-26,91.627457
2000-07-27,91.313423
2000-07-28,89.252327
2000-07-31,89.821602
2000-08-01,90.371231
2000-08-02,90.822693
2000-08-03,91.450775
2000-08-04,91.941505
2000-08-07,93.040718
2000-08-08,93.394020
2000-08-09,92.608879
2000-08-10,92.157387
2000-08-11,92.589233
2000-08-14,93.766960
2000-08-15,93.688492
2000-08-16,93.354759
2000-08-17,94.336227
2000-08-18,94.022156
2000-08-21,94.532501
2000-08-22,94.375450
2000-08-23,94.748451
2000-08-24,95.042831
2000-08-25,95.003609
2000-08-28,95.327477
2000-08-29,95.347107
2000-08-30,94.434395
2000-08-31,95.690598
2000-09-01,95.788734
2000-09-05,95.023239
2000-09-06,93.943665
2000-09-07,94.748451
2000-09-08,94.100647
2000-09-11,93.963280
2000-09-12,93.276268
2000-09-13,93.521591
2000-09-14,93.992729
2000-09-15,91.936325
2000-09-18,91.090187
2000-09-19,91.916649
2000-09-20,91.237785
2000-09-21,89.850433
2000-09-22,91.483749
2000-09-25,90.834366
2000-09-26,89.673363
2000-09-27,90.145683
2000-09-28,91.306625
2000-09-29,90.440811
2000-10-02,90.578568
2000-10-03,89.732376
2000-10-04,90.480148
2000-10-05,90.795006
2000-10-06,88.827179
2000-10-09,88.158150
2000-10-10,86.701973
2000-10-11,85.973877
2000-10-12,83.828911
2000-10-13,86.623238
2000-10-16,87.016777
2000-10-17,84.852219
2000-10-18,84.537338
2000-10-19,87.725243
2000-10-20,88.099113
2000-10-23,88.492699
2000-10-24,87.902290
2000-10-25,85.836098
2000-10-26,86.072266
2000-10-27,87.705536
2000-10-30,88.492699
2000-10-31,90.017700
2000-11-01,89.712723
2000-11-02,89.860291
2000-11-03,89.909477
2000-11-06,90.539154
2000-11-07,90.519508
2000-11-08,88.512337
2000-11-09,88.177780
2000-11-10,86.032913
2000-11-13,85.363800
2000-11-14,87.607124
2000-11-15,87.882660
2000-11-16,86.505180
2000-11-17,86.042755
2000-11-20,84.812920
2000-11-21,85.245773
2000-11-22,83.209076
2000-11-24,84.911263
2000-11-27,85.659019
2000-11-28,84.183136
2000-11-29,84.025764
2000-11-30,83.297615
2000-12-01,83.258247
2000-12-04,83.966698
2000-12-05,86.721634
2000-12-06,85.334351
2000-12-07,84.163452
2000-12-08,84.360222
2000-12-11,87.292290
2000-12-12,86.918427
2000-12-13,85.727898
2000-12-14,84.635757
2000-12-15,82.724136
2000-12-18,83.829475
2000-12-19,82.122086
2000-12-20,79.743599
2000-12-21,80.296265
2000-12-22,82.704407
2000-12-26,83.592644
2000-12-27,84.204468
2000-12-28,84.461090
2000-12-29,82.862305
2001-01-02,81.362144
2001-01-03,85.270386
2001-01-04,84.352547
2001-01-05,81.599007
2001-01-08,82.230659
2001-01-09,82.013512
2001-01-10,83.454453
2001-01-11,83.533394
2001-01-12,83.375496
2001-01-16,83.908424
2001-01-17,84.293327
2001-01-18,85.132217
2001-01-19,84.648651
2001-01-22,85.211174
2001-01-23,85.882271
2001-01-24,86.138870
2001-01-25,85.921738
2001-01-26,85.823059
2001-01-29,86.281021
2001-01-30,87.038948
2001-01-31,86.546288
2001-02-01,87.121056
2001-02-02,85.144089
2001-02-05,85.769363
2001-02-06,85.516769
2001-02-07,85.074577
2001-02-08,84.082909
2001-02-09,83.274429
2001-02-12,84.228172
2001-02-13,83.539688
2001-02-14,83.413406
2001-02-15,84.221886
2001-02-16,82.364868
2001-02-20,81.095299
2001-02-21,79.345680
2001-02-22,79.465668
2001-02-23,78.928780
2001-02-26,80.608932
2001-02-27,79.863670
2001-02-28,78.290833
2001-03-01,78.701385
2001-03-02,78.076073
2001-03-05,78.789818
2001-03-06,79.636230
2001-03-07,80.204681
2001-03-08,80.293114
2001-03-09,77.918198
2001-03-12,74.583153
2001-03-13,75.808517
2001-03-14,74.311562
2001-03-15,74.330482
2001-03-16,72.839653
2001-03-19,74.321617
2001-03-20,72.326630
2001-03-21,71.097977
2001-03-22,70.375969
2001-03-23,72.503952
2001-03-26,73.428650
2001-03-27,74.929642
2001-03-28,72.858650
2001-03-29,73.137344
2001-03-30,73.903648
2001-04-02,72.326630
2001-04-03,69.913628
2001-04-04,70.204979
2001-04-05,72.864975
2001-04-06,71.756638
2001-04-09,72.554665
2001-04-10,73.878334
2001-04-11,73.928970
2001-04-12,75.271660
2001-04-16,74.479996
2001-04-17,75.531303
2001-04-18,78.533340
2001-04-19,79.578323
2001-04-20,78.849983
2001-04-23,77.418617
2001-04-24,77.000603
2001-04-25,78.007652
2001-04-26,78.355972
2001-04-27,79.660683
2001-04-30,80.217979
2001-05-01,80.464981
2001-05-02,80.319336
2001-05-03,79.299622
2001-05-04,80.648613
2001-05-07,79.951973
2001-05-08,79.913971
2001-05-09,79.578323
2001-05-10,79.812645
2001-05-11,79.261650
2001-05-14,79.419983
2001-05-15,79.787315
2001-05-16,81.668320
2001-05-17,81.794983
2001-05-18,82.168663
2001-05-21,83.378296
2001-05-22,83.270691
2001-05-23,81.858307
2001-05-24,82.098976
2001-05-25,81.129974
2001-05-29,80.484001
2001-05-30,79.356644
2001-05-31,79.768318
2001-06-01,80.262329
2001-06-04,80.648613
2001-06-05,81.573311
2001-06-06,80.895638
2001-06-07,81.186958
2001-06-08,80.433311
2001-06-11,79.863312
2001-06-12,79.723991
2001-06-13,79.039955
2001-06-14,77.266647
2001-06-15,77.391113
2001-06-18,77.016380
2001-06-19,77.353004
2001-06-20,77.759521
2001-06-21,78.642319
2001-06-22,78.026237
2001-06-25,77.308556
2001-06-26,77.200584
2001-06-27,77.156113
2001-06-28,77.581673
2001-06-29,77.867462
2001-07-02,78.839226
2001-07-03,78.820213
2001-07-05,77.283157
2001-07-06,75.612755
2001-07-09,76.025566
2001-07-10,75.111000
2001-07-11,75.187218
2001-07-12,76.971947
2001-07-13,77.638847
2001-07-16,76.667068
2001-07-17,77.384773
2001-07-18,76.857597
2001-07-19,77.530861
2001-07-20,77.067238
2001-07-23,75.549232
2001-07-24,74.818817
2001-07-25,75.644516
2001-07-26,76.438461
2001-07-27,76.730576
2001-07-30,76.755981
2001-07-31,77.073570
2001-08-01,77.556252
2001-08-02,77.873810
2001-08-03,77.448288
2001-08-06,76.406662
2001-08-07,76.705223
2001-08-08,75.282455
2001-08-09,75.504730
2001-08-10,75.765190
2001-08-13,75.784233
2001-08-14,75.752472
2001-08-15,75.098289
2001-08-16,75.358719
2001-08-17,74.151955
2001-08-20,74.837898
2001-08-21,73.561287
2001-08-22,74.323479
2001-08-23,74.056664
2001-08-24,75.593719
2001-08-27,75.142738
2001-08-28,74.043961
2001-08-29,73.383423
2001-08-30,71.973419
2001-08-31,72.500565
2001-09-04,72.036926
2001-09-05,72.214767
2001-09-06,70.353828
2001-09-07,69.051796
2001-09-10,69.896553
2001-09-17,66.244537
2001-09-18,66.085716
2001-09-19,64.751945
2001-09-20,62.694088
2001-09-21,62.017693
2001-09-24,64.197998
2001-09-25,64.867432
2001-09-26,64.637878
2001-09-27,65.198975
2001-09-28,66.582382
2001-10-01,66.473969
2001-10-02,67.309105
2001-10-03,68.437523
2001-10-04,68.494881
2001-10-05,68.361015
2001-10-08,67.914764
2001-10-09,67.551346
2001-10-10,69.055916
2001-10-11,70.126930
2001-10-12,69.808182
2001-10-15,69.680679
2001-10-16,70.120552
2001-10-17,68.628769
2001-10-18,68.482170
2001-10-19,68.437523
2001-10-22,69.789047
2001-10-23,69.432037
2001-10-24,69.247192
2001-10-25,70.490318
2001-10-26,70.330940
2001-10-29,68.501274
2001-10-30,67.678871
2001-10-31,67.449371
2001-11-01,69.177032
2001-11-02,69.648788
2001-11-05,70.560448
2001-11-06,71.656960
2001-11-07,71.561325
2001-11-08,71.784462
2001-11-09,71.861000
2001-11-12,71.421097
2001-11-13,73.027626
2001-11-14,73.097786
2001-11-15,73.231659
2001-11-16,72.906540
2001-11-19,73.805397
2001-11-20,73.187027
2001-11-21,72.702499
2001-11-23,73.748024
2001-11-26,73.907417
2001-11-27,73.588661
2001-11-28,72.256248
2001-11-29,73.231659
2001-11-30,72.708878
2001-12-03,72.275360
2001-12-04,73.499413
2001-12-05,74.844536
2001-12-06,74.806343
2001-12-07,74.309021
2001-12-10,72.919250
2001-12-11,72.772636
2001-12-12,72.855484
2001-12-13,71.440231
2001-12-14,72.122353
2001-12-17,72.868256
2001-12-18,73.301781
2001-12-19,73.818138
2001-12-20,73.091393
2001-12-21,73.534714
2001-12-24,73.393982
2001-12-26,73.796951
2001-12-27,74.244797
2001-12-28,74.206413
2001-12-31,73.118896
2002-01-02,73.905762
2002-01-03,74.743736
2002-01-04,75.242714
2002-01-07,74.711784
2002-01-08,74.539062
2002-01-09,73.931328
2002-01-10,74.257576
2002-01-11,73.528313
2002-01-14,73.067726
2002-01-15,73.662674
2002-01-16,72.172119
2002-01-17,72.715919
2002-01-18,72.383240
2002-01-22,71.884270
2002-01-23,72.434387
2002-01-24,72.658325
2002-01-25,72.639091
2002-01-28,72.837448
2002-01-29,70.547287
2002-01-30,71.564415
2002-01-31,72.402412
2002-02-01,72.063377
2002-02-04,70.272202
2002-02-05,69.837173
2002-02-06,69.536575
2002-02-07,69.101524
2002-02-08,70.425728
2002-02-11,71.289314
2002-02-12,71.065414
2002-02-13,71.820290
2002-02-14,71.685966
2002-02-15,70.937485
2002-02-19,69.574875
2002-02-20,70.745567
2002-02-21,69.280640
2002-02-22,70.137817
2002-02-25,71.295731
2002-02-26,71.148605
2002-02-27,71.423645
2002-02-28,71.103806
2002-03-01,72.760658
2002-03-04,74.046478
2002-03-05,73.809769
2002-03-06,74.686203
2002-03-07,74.526245
2002-03-08,74.839722
2002-03-11,74.999611
2002-03-12,74.954857
2002-03-13,74.231979
2002-03-14,74.129669
2002-03-15,74.836021
2002-03-18,74.848793
2002-03-19,75.349228
2002-03-20,73.931419
2002-03-21,73.963470
2002-03-22,73.803108
2002-03-25,72.885719
2002-03-26,73.309097
2002-03-27,73.501564
2002-03-28,73.469498
2002-04-01,73.501564
2002-04-02,73.097389
2002-04-03,72.584137
2002-04-04,72.282654
2002-04-05,72.295433
2002-04-08,72.449463
2002-04-09,71.942627
2002-04-10,72.757401
2002-04-11,70.948250
2002-04-12,71.480721
2002-04-15,70.935410
2002-04-16,72.622650
2002-04-17,72.468704
2002-04-18,72.154343
2002-04-19,72.417351
2002-04-22,71.211266
2002-04-23,70.903297
2002-04-24,70.191208
2002-04-25,70.229706
2002-04-26,68.895279
2002-04-29,68.555290
2002-04-30,69.196838
2002-05-01,70.043678
2002-05-02,69.774200
2002-05-03,69.017166
2002-05-06,67.663551
2002-05-07,67.426178
2002-05-08,69.934578
2002-05-09,69.126251
2002-05-10,67.823921
2002-05-13,69.203232
2002-05-14,70.710869
2002-05-15,70.434990
2002-05-16,70.800674
2002-05-17,71.147102
2002-05-20,70.377274
2002-05-21,69.735748
2002-05-22,69.889679
2002-05-23,70.633881
2002-05-24,69.729317
2002-05-28,69.350800
2002-05-29,68.837563
2002-05-30,68.645050
2002-05-31,68.786255
2002-06-03,66.957832
2002-06-04,67.124603
2002-06-05,67.753326
2002-06-06,66.374039
2002-06-07,66.297035
2002-06-10,66.553650
2002-06-11,65.411705
2002-06-12,65.809464
2002-06-13,65.148697
2002-06-14,65.052460
2002-06-17,66.797462
2002-06-18,67.342735
2002-06-19,65.770966
2002-06-20,64.930580
2002-06-21,63.915310
2002-06-24,64.250053
2002-06-25,62.807983
2002-06-26,62.910976
2002-06-27,64.011871
2002-06-28,63.709270
2002-07-01,62.466782
2002-07-02,61.140591
2002-07-03,61.488228
2002-07-05,63.934624
2002-07-08,63.136311
2002-07-09,61.546162
2002-07-10,59.305805
2002-07-11,59.788628
2002-07-12,59.131958
2002-07-15,59.447414
2002-07-16,58.301464
2002-07-17,58.417362
2002-07-18,56.524601
2002-07-19,54.535313
2002-07-22,52.919384
2002-07-23,51.470882
2002-07-24,54.541748
2002-07-25,54.078217
2002-07-26,55.108284
2002-07-29,57.792873
2002-07-30,58.546131
2002-07-31,58.687698
2002-08-01,57.155544
2002-08-02,55.874416
2002-08-05,53.930157
2002-08-06,55.745632
2002-08-07,56.717728
2002-08-08,58.552532
2002-08-09,58.771442
2002-08-12,58.340103
2002-08-13,57.277843
2002-08-14,59.370148
2002-08-15,60.194199
2002-08-16,60.013950
2002-08-19,61.417389
2002-08-20,60.767170
2002-08-21,61.642742
2002-08-22,62.241478
2002-08-23,60.902367
2002-08-26,61.327259
2002-08-27,60.619133
2002-08-28,59.292912
2002-08-29,59.318649
2002-08-30,59.086922
2002-09-03,56.833672
2002-09-04,57.644779
2002-09-05,57.155544
2002-09-06,57.940948
2002-09-09,58.365822
2002-09-10,59.035412
2002-09-11,58.668457
2002-09-12,57.586884
2002-09-13,57.728489
2002-09-16,57.870140
2002-09-17,56.543938
2002-09-18,55.977383
2002-09-19,54.528873
2002-09-20,54.546963
2002-09-23,54.100750
2002-09-24,53.227753
2002-09-25,54.546963
2002-09-26,55.439384
2002-09-27,53.512310
2002-09-30,52.891479
2002-10-01,55.432915
2002-10-02,53.770977
2002-10-03,53.227753
2002-10-04,52.251289
2002-10-07,51.171314
2002-10-08,51.973179
2002-10-09,50.505272
2002-10-10,52.141342
2002-10-11,54.424103
2002-10-14,54.728054
2002-10-15,57.360001
2002-10-16,55.969662
2002-10-17,57.081913
2002-10-18,57.321194
2002-10-21,58.310589
2002-10-22,57.890293
2002-10-23,58.330017
2002-10-24,57.140144
2002-10-25,58.330017
2002-10-28,57.948490
2002-10-29,57.275951
2002-10-30,57.832088
2002-10-31,57.243580
2002-11-01,58.375282
2002-11-04,58.931461
2002-11-05,59.397026
2002-11-06,60.166573
2002-11-07,58.692165
2002-11-08,57.974358
2002-11-11,57.075512
2002-11-12,57.528149
2002-11-13,57.586346
2002-11-14,58.672745
2002-11-15,59.106033
2002-11-18,58.511093
2002-11-19,58.433502
2002-11-20,59.733284
2002-11-21,60.845573
2002-11-22,60.412308
2002-11-25,60.451107
2002-11-26,59.300049
2002-11-27,60.968418
2002-11-29,60.774456
2002-12-02,60.871445
2002-12-03,60.056637
2002-12-04,59.785015
2002-12-05,59.125427
2002-12-06,59.513416
2002-12-09,57.877327
2002-12-10,58.653328
2002-12-11,58.705120
2002-12-12,58.698639
2002-12-13,57.773895
2002-12-16,59.267689
2002-12-17,58.750362
2002-12-18,58.071350
2002-12-19,57.657471
2002-12-20,58.480198
2002-12-23,58.499702
2002-12-24,58.064281
2002-12-26,58.090282
2002-12-27,56.784092
2002-12-30,57.258457
2002-12-31,57.336468
2003-01-02,59.182014
2003-01-03,59.363991
2003-01-06,60.410282
2003-01-07,60.260796
2003-01-08,59.389988
2003-01-09,60.312786
2003-01-10,60.475235
2003-01-13,60.455769
2003-01-14,60.650711
2003-01-15,60.046333
2003-01-16,59.799374
2003-01-17,58.915596
2003-01-21,57.999306
2003-01-22,57.297474
2003-01-23,57.648369
2003-01-24,56.134243
2003-01-27,55.367401
2003-01-28,55.776798
2003-01-29,56.199181
2003-01-30,54.867023
2003-01-31,55.926262
2003-02-03,56.036770
2003-02-04,55.484383
2003-02-05,55.139973
2003-02-06,54.880001
2003-02-07,54.210655
2003-02-10,54.594074
2003-02-11,54.217171
2003-02-12,53.352856
2003-02-13,53.515350
2003-02-14,54.685078
2003-02-18,55.646839
2003-02-19,55.354393
2003-02-20,54.802029
2003-02-21,55.354393
2003-02-24,54.457607
2003-02-25,54.893013
2003-02-26,54.093674
2003-02-27,54.808552
2003-02-28,55.172451
2003-03-03,54.646084
2003-03-04,53.775265
2003-03-05,54.230160
2003-03-06,53.775265
2003-03-07,54.145679
2003-03-10,52.845966
2003-03-11,52.326077
2003-03-12,52.676998
2003-03-13,54.496578
2003-03-14,54.672077
2003-03-17,56.394176
2003-03-18,56.725613
2003-03-19,57.160976
2003-03-20,57.284481
2003-03-21,58.507164
2003-03-24,56.562851
2003-03-25,57.104412
2003-03-26,56.817307
2003-03-27,56.862972
2003-03-28,56.575890
2003-03-31,55.290531
2003-04-01,56.138718
2003-04-02,57.495853
2003-04-03,57.221813
2003-04-04,57.561131
2003-04-07,57.450214
2003-04-08,57.541546
2003-04-09,56.784698
2003-04-10,57.097858
2003-04-11,56.862972
2003-04-14,58.037422
2003-04-15,58.578960
2003-04-16,57.580704
2003-04-17,58.435413
2003-04-21,58.494144
2003-04-22,59.596809
2003-04-23,60.144905
2003-04-24,59.609871
2003-04-25,58.872581
2003-04-28,59.890446
2003-04-29,60.099213
2003-04-30,59.968727
2003-05-01,59.962227
2003-05-02,60.816982
2003-05-05,60.699524
2003-05-06,61.273682
2003-05-07,60.934406
2003-05-08,60.321064
2003-05-09,61.156212
2003-05-12,61.906586
2003-05-13,61.795677
2003-05-14,61.665142
2003-05-15,62.056648
2003-05-16,61.900047
2003-05-19,60.451557
2003-05-20,60.327595
2003-05-21,60.451557
2003-05-22,61.051849
2003-05-23,61.175789
2003-05-27,62.245861
2003-05-28,62.422066
2003-05-29,62.258930
2003-05-30,63.257179
2003-06-02,63.518188
2003-06-03,63.779167
2003-06-04,64.699173
2003-06-05,65.018906
2003-06-06,64.764427
2003-06-09,64.105431
2003-06-10,64.757874
2003-06-11,65.442986
2003-06-12,65.645241
2003-06-13,64.960144
2003-06-16,66.330338
2003-06-17,66.330338
2003-06-18,66.271591
2003-06-19,65.260277
2003-06-20,65.116234
2003-06-23,64.448303
2003-06-24,64.513771
2003-06-25,63.865482
2003-06-26,64.697144
2003-06-27,63.950626
2003-06-30,63.931004
2003-07-01,64.520302
2003-07-02,65.332298
2003-07-03,64.657890
2003-07-07,65.941307
2003-07-08,66.235992
2003-07-09,65.862755
2003-07-10,65.024544
2003-07-11,65.640099
2003-07-14,65.960945
2003-07-15,65.816895
2003-07-16,65.430542
2003-07-17,64.500694
2003-07-18,65.162071
2003-07-21,64.356613
2003-07-22,64.939392
2003-07-23,64.985252
2003-07-24,64.494133
2003-07-25,65.633553
2003-07-28,65.391251
2003-07-29,65.090027
2003-07-30,64.932899
2003-07-31,65.083496
2003-08-01,64.507233
2003-08-04,64.507233
2003-08-05,63.138645
2003-08-06,63.505322
2003-08-07,64.173256
2003-08-08,64.356613
2003-08-11,64.598915
2003-08-12,65.188271
2003-08-13,64.854301
2003-08-14,65.031075
2003-08-15,65.234116
2003-08-18,65.797234
2003-08-19,66.046036
2003-08-20,65.777618
2003-08-21,65.987152
2003-08-22,65.332298
2003-08-25,65.437119
2003-08-26,65.554962
2003-08-27,65.574593
2003-08-28,65.980576
2003-08-29,66.425873
2003-09-02,67.316467
2003-09-03,67.683182
2003-09-04,67.715912
2003-09-05,67.336075
2003-09-08,67.892685
2003-09-09,67.447441
2003-09-10,66.766380
2003-09-11,66.962837
2003-09-12,67.087234
2003-09-15,66.851517
2003-09-16,67.827209
2003-09-17,67.696236
2003-09-18,68.495117
2003-09-19,68.146721
2003-09-22,67.410515
2003-09-23,67.666885
2003-09-24,66.463959
2003-09-25,65.918373
2003-09-26,65.701431
2003-09-29,66.345650
2003-09-30,65.701431
2003-10-01,67.101585
2003-10-02,67.344772
2003-10-03,67.962692
2003-10-06,68.271622
2003-10-07,68.534592
2003-10-08,68.363701
2003-10-09,68.547729
2003-10-10,68.738358
2003-10-13,68.955292
2003-10-14,69.198494
2003-10-15,69.014442
2003-10-16,69.290527
2003-10-17,68.534592
2003-10-20,69.047325
2003-10-21,68.928993
2003-10-22,68.061287
2003-10-23,67.936394
2003-10-24,68.087585
2003-10-27,68.120461
2003-10-28,69.047325
2003-10-29,69.139366
2003-10-30,69.283966
2003-10-31,69.218185
2003-11-03,69.671776
2003-11-04,69.520630
2003-11-05,69.573143
2003-11-06,69.941277
2003-11-07,69.422043
2003-11-10,69.139366
2003-11-11,69.119621
2003-11-12,69.895294
2003-11-13,69.915001
2003-11-14,69.323425
2003-11-17,68.975029
2003-11-18,68.258507
2003-11-19,68.836960
2003-11-20,68.219048
2003-11-21,68.501724
2003-11-24,69.408867
2003-11-25,69.671776
2003-11-26,69.921577
2003-11-28,69.974182
2003-12-01,70.730148
2003-12-02,70.552605
2003-12-03,70.440842
2003-12-04,70.730148
2003-12-05,70.237091
2003-12-08,70.710365
2003-12-09,70.164787
2003-12-10,70.158195
2003-12-11,70.947037
2003-12-12,71.085106
2003-12-15,70.730148
2003-12-16,71.098213
2003-12-17,71.321709
2003-12-18,72.123672
2003-12-19,71.922913
2003-12-22,72.424835
2003-12-23,72.471085
2003-12-24,72.398369
2003-12-26,72.451271
2003-12-29,73.415527
2003-12-30,73.428726
2003-12-31,73.494774
2004-01-02,73.461731
2004-01-05,74.260902
2004-01-06,74.333519
2004-01-07,74.584496
2004-01-08,74.881699
2004-01-09,74.227852
2004-01-12,74.776039
2004-01-13,74.340126
2004-01-14,74.960960
2004-01-15,75.145882
2004-01-16,75.443092
2004-01-20,75.423279
2004-01-21,76.017685
2004-01-22,75.819550
2004-01-23,75.575203
2004-01-26,76.526222
2004-01-27,75.740280
2004-01-28,74.875084
2004-01-29,74.947777
2004-01-30,74.947777
2004-02-02,75.271355
2004-02-03,75.145882
2004-02-04,74.531677
2004-02-05,74.749634
2004-02-06,75.588394
2004-02-09,75.608223
2004-02-10,75.852570
2004-02-11,76.658348
2004-02-12,76.380928
2004-02-13,76.037491
2004-02-17,76.724365
2004-02-18,76.387520
2004-02-19,76.103561
2004-02-20,75.872360
2004-02-23,75.680862
2004-02-24,75.548782
2004-02-25,75.865807
2004-02-26,75.911995
2004-02-27,75.964813
2004-03-01,76.717766
2004-03-02,76.268692
2004-03-03,76.407318
2004-03-04,76.605461
2004-03-05,76.863068
2004-03-08,75.925217
2004-03-09,75.621407
2004-03-10,74.353355
2004-03-11,73.389099
2004-03-12,74.353355
2004-03-15,73.441895
2004-03-16,73.831566
2004-03-17,74.657150
2004-03-18,74.676971
2004-03-19,73.606621
2004-03-22,72.672127
2004-03-23,72.546211
2004-03-24,72.605835
2004-03-25,73.566841
2004-03-26,73.586746
2004-03-29,74.620644
2004-03-30,74.872490
2004-03-31,74.958664
2004-04-01,75.409325
2004-04-02,75.979286
2004-04-05,76.396866
2004-04-06,76.151627
2004-04-07,75.972649
2004-04-08,75.800377
2004-04-12,76.098610
2004-04-13,75.031570
2004-04-14,75.150864
2004-04-15,74.865829
2004-04-16,75.442482
2004-04-19,75.442482
2004-04-20,74.176559
2004-04-21,74.673691
2004-04-22,75.720787
2004-04-23,75.793755
2004-04-26,75.687698
2004-04-27,75.753983
2004-04-28,74.773071
2004-04-29,74.116943
2004-04-30,73.540329
2004-05-03,74.329041
2004-05-04,74.269363
2004-05-05,74.746605
2004-05-06,74.103683
2004-05-07,72.877579
2004-05-10,72.128639
2004-05-11,72.738419
2004-05-12,73.202347
2004-05-13,72.897461
2004-05-14,72.930603
2004-05-17,72.307579
2004-05-18,72.672127
2004-05-19,72.420265
2004-05-20,72.652214
2004-05-21,72.778152
2004-05-24,73.083008
2004-05-25,74.130196
2004-05-26,74.388680
2004-05-27,74.806198
2004-05-28,74.799599
2004-06-01,74.700172
2004-06-02,74.978516
2004-06-03,74.289261
2004-06-04,74.879120
2004-06-07,76.019051
2004-06-08,76.125114
2004-06-09,75.415962
2004-06-10,75.787086
2004-06-14,75.038185
2004-06-15,75.568436
2004-06-16,75.555138
2004-06-17,75.442482
2004-06-18,75.584831
2004-06-21,75.298790
2004-06-22,75.677940
2004-06-23,76.329803
2004-06-24,76.090385
2004-06-25,75.724525
2004-06-28,75.465073
2004-06-29,75.777733
2004-06-30,76.183502
2004-07-01,75.125854
2004-07-02,75.085922
2004-07-06,74.427399
2004-07-07,74.646919
2004-07-08,74.128075
2004-07-09,74.321007
2004-07-12,74.354233
2004-07-13,74.407440
2004-07-14,74.181267
2004-07-15,73.702354
2004-07-16,73.642487
2004-07-19,73.329865
2004-07-20,74.261108
2004-07-21,72.890831
2004-07-22,73.090424
2004-07-23,72.478416
2004-07-26,72.338715
2004-07-27,73.017181
2004-07-28,73.236694
2004-07-29,73.549339
2004-07-30,73.728966
2004-08-02,73.881966
2004-08-03,73.309898
2004-08-04,73.303230
2004-08-05,72.105888
2004-08-06,71.074867
2004-08-09,71.174637
2004-08-10,72.092613
2004-08-11,71.946281
2004-08-12,71.161339
2004-08-13,71.301003
2004-08-16,72.039368
2004-08-17,72.445160
2004-08-18,73.190147
2004-08-19,72.977295
2004-08-20,73.489517
2004-08-23,73.303230
2004-08-24,73.403023
2004-08-25,73.901894
2004-08-26,73.901894
2004-08-27,74.134705
2004-08-30,73.522758
2004-08-31,73.908554
2004-09-01,74.048233
2004-09-02,74.886345
2004-09-03,74.580406
2004-09-07,75.072647
2004-09-08,74.886345
2004-09-09,74.819847
2004-09-10,75.205704
2004-09-13,75.451790
2004-09-14,75.604759
2004-09-15,75.032715
2004-09-16,75.258888
2004-09-17,75.578835
2004-09-20,75.124634
2004-09-21,75.451897
2004-09-22,74.510071
2004-09-23,74.109322
2004-09-24,74.450005
2004-09-27,73.975739
2004-09-28,74.329765
2004-09-29,74.703835
2004-09-30,74.650383
2004-10-01,75.912804
2004-10-04,76.039711
2004-10-05,76.079781
2004-10-06,76.600769
2004-10-07,75.779205
2004-10-08,75.151337
2004-10-11,75.458618
2004-10-12,75.164703
2004-10-13,74.503418
2004-10-14,73.902298
2004-10-15,74.316383
2004-10-18,74.596939
2004-10-19,73.969070
2004-10-20,73.822121
2004-10-21,74.303062
2004-10-22,73.468086
2004-10-25,73.381264
2004-10-26,74.503418
2004-10-27,75.398468
2004-10-28,75.625603
2004-10-29,75.612228
2004-11-01,75.819321
2004-11-02,75.845993
2004-11-03,76.801163
2004-11-04,77.849854
2004-11-05,78.337479
2004-11-08,78.223923
2004-11-09,78.070320
2004-11-10,78.130402
2004-11-11,78.724915
2004-11-12,79.346100
2004-11-15,79.541054
2004-11-16,78.971596
2004-11-17,79.440559
2004-11-18,79.547768
2004-11-19,78.663429
2004-11-22,79.038567
2004-11-23,79.159172
2004-11-24,79.346748
2004-11-26,79.286461
2004-11-29,78.924713
2004-11-30,78.978279
2004-12-01,79.875999
2004-12-02,79.943001
2004-12-03,79.889381
2004-12-06,79.862595
2004-12-07,79.118980
2004-12-08,79.581230
2004-12-09,79.862595
2004-12-10,79.943001
2004-12-13,80.639748
2004-12-14,80.921097
2004-12-15,80.981354
2004-12-16,80.934502
2004-12-17,80.394661
2004-12-20,80.414848
2004-12-21,81.034096
2004-12-22,81.229317
2004-12-23,81.289864
2004-12-27,81.121613
2004-12-28,81.565857
2004-12-29,81.687004
2004-12-30,81.532204
2004-12-31,81.357201
2005-01-03,80.973518
2005-01-04,79.984070
2005-01-05,79.432129
2005-01-06,79.835983
2005-01-07,79.721565
2005-01-10,80.098511
2005-01-11,79.546585
2005-01-12,79.809036
2005-01-13,79.169594
2005-01-14,79.586975
2005-01-18,80.414848
2005-01-19,79.573456
2005-01-20,79.088882
2005-01-21,78.604233
2005-01-24,78.449409
2005-01-25,78.671547
2005-01-26,78.907112
2005-01-27,79.041756
2005-01-28,79.041756
2005-01-31,79.533096
2005-02-01,80.037933
2005-02-02,80.280205
2005-02-03,80.071579
2005-02-04,80.926445
2005-02-07,80.818710
2005-02-08,80.912956
2005-02-09,80.307144
2005-02-10,80.596603
2005-02-11,81.289864
2005-02-14,81.229317
2005-02-15,81.532204
2005-02-16,81.586060
2005-02-17,80.926445
2005-02-18,81.034096
2005-02-22,79.829262
2005-02-23,80.401360
2005-02-24,80.933174
2005-02-25,81.734131
2005-02-28,81.195656
2005-03-01,81.599510
2005-03-02,81.559158
2005-03-03,81.592758
2005-03-04,82.609161
2005-03-07,82.649536
2005-03-08,82.339928
2005-03-09,81.424530
2005-03-10,81.606239
2005-03-11,81.034096
2005-03-14,81.538925
2005-03-15,80.865860
2005-03-16,80.179276
2005-03-17,80.340813
2005-03-18,80.102318
2005-03-21,79.804962
2005-03-22,78.994072
2005-03-23,79.061615
2005-03-24,79.156250
2005-03-28,79.271111
2005-03-29,78.744049
2005-03-30,79.859016
2005-03-31,79.710335
2005-04-01,79.352188
2005-04-04,79.487373
2005-04-05,79.865768
2005-04-06,80.142845
2005-04-07,80.575317
2005-04-08,79.737396
2005-04-11,79.798164
2005-04-12,80.210396
2005-04-13,79.264389
2005-04-14,78.230507
2005-04-15,77.135773
2005-04-18,77.372299
2005-04-19,77.987213
2005-04-20,76.899254
2005-04-21,78.392685
2005-04-22,78.095329
2005-04-25,78.608871
2005-04-26,77.845291
2005-04-27,78.149406
2005-04-28,77.169563
2005-04-29,78.216957
2005-05-02,78.656189
2005-05-03,78.791313
2005-05-04,79.399529
2005-05-05,79.372482
2005-05-06,79.122459
2005-05-09,79.615715
2005-05-10,78.791313
2005-05-11,79.223770
2005-05-12,78.352135
2005-05-13,78.196693
2005-05-16,78.926514
2005-05-17,79.453575
2005-05-18,80.271202
2005-05-19,80.609108
2005-05-20,80.494202
2005-05-23,80.940216
2005-05-24,80.750999
2005-05-25,80.690170
2005-05-26,81.122658
2005-05-27,81.257812
2005-05-31,80.737503
2005-06-01,81.426720
2005-06-02,81.602440
2005-06-03,81.190208
2005-06-06,81.115913
2005-06-07,81.176704
2005-06-08,81.028046
2005-06-09,81.413223
2005-06-10,81.223999
2005-06-13,81.480827
2005-06-14,81.670013
2005-06-15,81.825409
2005-06-16,82.034912
2005-06-17,82.338875
2005-06-20,82.365982
2005-06-21,82.413490
2005-06-22,82.481331
2005-06-23,81.321159
2005-06-24,80.724098
2005-06-27,80.839432
2005-06-28,81.517914
2005-06-29,81.300819
2005-06-30,80.859795
2005-07-01,81.097252
2005-07-05,81.748566
2005-07-06,81.063347
2005-07-07,81.382217
2005-07-08,82.311729
2005-07-11,82.732361
2005-07-12,82.949471
2005-07-13,83.064812
2005-07-14,83.390495
2005-07-15,83.342957
2005-07-18,83.010551
2005-07-19,83.465096
2005-07-20,83.750038
2005-07-21,83.261589
2005-07-22,83.817924
2005-07-25,83.580452
2005-07-26,83.682243
2005-07-27,83.987541
2005-07-28,84.516769
2005-07-29,83.953590
2005-08-01,83.892555
2005-08-02,84.394623
2005-08-03,84.618477
2005-08-04,83.940041
2005-08-05,83.370125
2005-08-08,83.214081
2005-08-09,83.716141
2005-08-10,83.675461
2005-08-11,84.007896
2005-08-12,83.492249
2005-08-15,84.007896
2005-08-16,82.915550
2005-08-17,82.908775
2005-08-18,82.901970
2005-08-19,83.091957
2005-08-22,83.091957
2005-08-23,82.935883
2005-08-24,82.196388
2005-08-25,82.494926
2005-08-26,81.931786
2005-08-29,82.562790
2005-08-30,82.128578
2005-08-31,83.166588
2005-09-01,83.105530
2005-09-02,82.956284
2005-09-06,83.926453
2005-09-07,84.068954
2005-09-08,83.790756
2005-09-09,84.537086
2005-09-12,84.367470
2005-09-13,83.899353
2005-09-14,83.593987
2005-09-15,83.553307
2005-09-16,84.147423
2005-09-19,83.868103
2005-09-20,83.159508
2005-09-21,82.382782
2005-09-22,82.675705
2005-09-23,82.743874
2005-09-26,82.839272
2005-09-27,82.818787
2005-09-28,82.900574
2005-09-29,83.575142
2005-09-30,83.834030
2005-10-03,83.534241
2005-10-04,82.593948
2005-10-05,81.510597
2005-10-06,81.217613
2005-10-07,81.496941
2005-10-10,80.808800
2005-10-11,80.692986
2005-10-12,80.059326
2005-10-13,80.011627
2005-10-14,80.856499
2005-10-17,81.156319
2005-10-18,80.277359
2005-10-19,81.612816
2005-10-20,80.175117
2005-10-21,80.488556
2005-10-24,81.735443
2005-10-25,81.571892
2005-10-26,81.333466
2005-10-27,80.468117
2005-10-28,81.626411
2005-10-31,81.851288
2005-11-01,82.096581
2005-11-02,82.955101
2005-11-03,83.309395
2005-11-04,83.200386
2005-11-07,83.282135
2005-11-08,83.282135
2005-11-09,83.391144
2005-11-10,84.038437
2005-11-11,84.324608
2005-11-14,84.276917
2005-11-15,83.970306
2005-11-16,84.140633
2005-11-17,84.924202
2005-11-18,85.258080
2005-11-21,85.687294
2005-11-22,86.055222
2005-11-23,86.552650
2005-11-25,86.620773
2005-11-28,86.007553
2005-11-29,85.912140
2005-11-30,85.448845
2005-12-01,86.320953
2005-12-02,86.430008
2005-12-05,86.246025
2005-12-06,86.409569
2005-12-07,85.905365
2005-12-08,85.850845
2005-12-09,86.075676
2005-12-12,86.157448
2005-12-13,86.743393
2005-12-14,87.084106
2005-12-15,86.831978
2005-12-16,86.552528
2005-12-19,86.107307
2005-12-20,86.189468
2005-12-21,86.326508
2005-12-22,86.778564
2005-12-23,86.826523
2005-12-27,85.942917
2005-12-28,86.134697
2005-12-29,85.751091
2005-12-30,85.285324
2006-01-03,86.785423
2006-01-04,87.196404
2006-01-05,87.251160
2006-01-06,87.977264
2006-01-09,88.203339
2006-01-10,88.292328
2006-01-11,88.573189
2006-01-12,88.223846
2006-01-13,88.141617
2006-01-17,87.901939
2006-01-18,87.552536
2006-01-19,87.888199
2006-01-20,86.285431
2006-01-23,86.593643
2006-01-24,86.682663
2006-01-25,86.758011
2006-01-26,87.237511
2006-01-27,88.045769
2006-01-30,87.977264
2006-01-31,87.333366
2006-02-01,87.942978
2006-02-02,86.922440
2006-02-03,86.490852
2006-02-06,86.716896
2006-02-07,85.949760
2006-02-08,86.730652
2006-02-09,86.586784
2006-02-10,86.744316
2006-02-13,86.586784
2006-02-14,87.504639
2006-02-15,87.812889
2006-02-16,88.470390
2006-02-17,88.230682
2006-02-21,88.011505
2006-02-22,88.545776
2006-02-23,88.415634
2006-02-24,88.641678
2006-02-27,88.675919
2006-02-28,87.833382
2006-03-01,88.614311
2006-03-02,88.607407
2006-03-03,88.196457
2006-03-06,87.792305
2006-03-07,87.655312
2006-03-08,87.840286
2006-03-09,87.251160
2006-03-10,88.080009
2006-03-13,88.244392
2006-03-14,89.169090
2006-03-15,89.566383
2006-03-16,89.751312
2006-03-17,89.826302
2006-03-20,89.681885
2006-03-21,89.117928
2006-03-22,89.661247
2006-03-23,89.475586
2006-03-24,89.544365
2006-03-27,89.413689
2006-03-28,88.863495
2006-03-29,89.420540
2006-03-30,89.262390
2006-03-31,89.283035
2006-04-03,89.214218
2006-04-04,89.785019
2006-04-05,90.094528
2006-04-06,89.998207
2006-04-07,89.083580
2006-04-10,89.221130
2006-04-11,88.464645
2006-04-12,88.629684
2006-04-13,88.512787
2006-04-17,88.478378
2006-04-18,89.881310
2006-04-19,90.053200
2006-04-20,90.176994
2006-04-21,90.190765
2006-04-24,90.025734
2006-04-25,89.654366
2006-04-26,89.674995
2006-04-27,90.108185
2006-04-28,90.410828
2006-05-01,89.674995
2006-05-02,90.348946
2006-05-03,90.011948
2006-05-04,90.335159
2006-05-05,91.132896
2006-05-08,91.022865
2006-05-09,91.201653
2006-05-10,91.153503
2006-05-11,90.053200
2006-05-12,88.877258
2006-05-15,89.056053
2006-05-16,88.925423
2006-05-17,87.233681
2006-05-18,86.793526
2006-05-19,87.405602
2006-05-22,86.738556
2006-05-23,86.078362
2006-05-24,86.766037
2006-05-25,87.838898
2006-05-26,88.285866
2006-05-30,86.717918
2006-05-31,87.687561
2006-06-01,88.526535
2006-06-02,88.712250
2006-06-05,87.419334
2006-06-06,87.206154
2006-06-07,86.552849
2006-06-08,86.477211
2006-06-09,86.202141
2006-06-12,85.266891
2006-06-13,84.276604
2006-06-14,84.929916
2006-06-15,86.731682
2006-06-16,86.099648
2006-06-19,85.422699
2006-06-20,85.712875
2006-06-21,86.348305
2006-06-22,85.968422
2006-06-23,85.954628
2006-06-26,86.334488
2006-06-27,85.588516
2006-06-28,86.168732
2006-06-29,87.909363
2006-06-30,87.916245
2006-07-03,88.275467
2006-07-05,87.771210
2006-07-06,88.026787
2006-07-07,87.453453
2006-07-10,87.619255
2006-07-11,88.006073
2006-07-12,87.066681
2006-07-13,85.650673
2006-07-14,85.319107
2006-07-17,85.194786
2006-07-18,85.629967
2006-07-19,86.818008
2006-07-20,86.223991
2006-07-21,85.616150
2006-07-24,87.177155
2006-07-25,87.488014
2006-07-26,87.605431
2006-07-27,87.522560
2006-07-28,88.399780
2006-07-31,88.309967
2006-08-01,87.874832
2006-08-02,88.468872
2006-08-03,88.703674
2006-08-04,88.551743
2006-08-07,88.344559
2006-08-08,88.006073
2006-08-09,87.709023
2006-08-10,87.978447
2006-08-11,87.729767
2006-08-14,87.798836
2006-08-15,88.848785
2006-08-16,89.587852
2006-08-17,89.815765
2006-08-18,90.271667
2006-08-21,89.884857
2006-08-22,89.877945
2006-08-23,89.629280
2006-08-24,89.553291
2006-08-25,89.663811
2006-08-28,90.092079
2006-08-29,90.195671
2006-08-30,90.250931
2006-08-31,90.237129
2006-09-01,90.775932
2006-09-05,90.948563
2006-09-06,90.147331
2006-09-07,89.732933
2006-09-08,89.988472
2006-09-11,90.078285
2006-09-12,90.962379
2006-09-13,91.328506
2006-09-14,91.335434
2006-09-15,91.549805
2006-09-18,91.674660
2006-09-19,91.445663
2006-09-20,91.931335
2006-09-21,91.487350
2006-09-22,91.209839
2006-09-25,91.910500
2006-09-26,92.673683
2006-09-27,92.784660
2006-09-28,92.749962
2006-09-29,92.673683
2006-10-02,92.326797
2006-10-03,92.521027
2006-10-04,93.603302
2006-10-05,93.783730
2006-10-06,93.665741
2006-10-09,93.721237
2006-10-10,93.846146
2006-10-11,93.735161
2006-10-12,94.546837
2006-10-13,94.789642
2006-10-16,94.935387
2006-10-17,94.637032
2006-10-18,94.761925
2006-10-19,94.914536
2006-10-20,94.935387
2006-10-23,95.372459
2006-10-24,95.656891
2006-10-25,95.982971
2006-10-26,96.281265
2006-10-27,95.677727
2006-10-30,95.608337
2006-10-31,95.594460
2006-11-01,94.949287
2006-11-02,94.893723
2006-11-03,94.727203
2006-11-06,95.795631
2006-11-07,96.163353
2006-11-08,96.371452
2006-11-09,95.865005
2006-11-10,95.906639
2006-11-13,96.142509
2006-11-14,96.864014
2006-11-15,97.141571
2006-11-16,97.391289
2006-11-17,97.419029
2006-11-20,97.474541
2006-11-21,97.571671
2006-11-22,97.765938
2006-11-24,97.370506
2006-11-27,96.031487
2006-11-28,96.447769
2006-11-29,97.453735
2006-11-30,97.495392
2006-12-01,97.280235
2006-12-04,98.022629
2006-12-05,98.445816
2006-12-06,98.362602
2006-12-07,97.932449
2006-12-08,98.112808
2006-12-11,98.397270
2006-12-12,98.320923
2006-12-13,98.425011
2006-12-14,99.292236
2006-12-15,99.301270
2006-12-18,99.029228
2006-12-19,99.217537
2006-12-20,99.161766
2006-12-21,98.799026
2006-12-22,98.192070
2006-12-26,98.771065
2006-12-27,99.419876
2006-12-28,99.210648
2006-12-29,98.799026
2007-01-03,98.624557
2007-01-04,98.833862
2007-01-05,98.045540
2007-01-08,98.499001
2007-01-09,98.415291
2007-01-10,98.743164
2007-01-11,99.175743
2007-01-12,99.929123
2007-01-16,99.733833
2007-01-17,99.775703
2007-01-18,99.440811
2007-01-19,99.636147
2007-01-22,99.329178
2007-01-23,99.622208
2007-01-24,100.424484
2007-01-25,99.245483
2007-01-26,99.154831
2007-01-29,99.098961
2007-01-30,99.615227
2007-01-31,100.284943
2007-02-01,100.884933
2007-02-02,101.024483
2007-02-05,101.052345
2007-02-06,101.080269
2007-02-07,101.303543
2007-02-08,101.170967
2007-02-09,100.417511
2007-02-12,100.075661
2007-02-13,100.919777
2007-02-14,101.582573
2007-02-15,101.715080
2007-02-16,101.666260
2007-02-20,101.882538
2007-02-21,101.840714
2007-02-22,101.763931
2007-02-23,101.366302
2007-02-26,101.275574
2007-02-27,97.320000
2007-02-28,98.317635
2007-03-01,98.024628
2007-03-02,96.741005
2007-03-05,95.820107
2007-03-06,97.459534
2007-03-07,97.361855
2007-03-08,98.185081
2007-03-09,98.212997
2007-03-12,98.359505
2007-03-13,96.447937
2007-03-14,97.166565
2007-03-15,97.299088
2007-03-16,97.026657
2007-03-19,98.196266
2007-03-20,98.735603
2007-03-21,100.360558
2007-03-22,100.283470
2007-03-23,100.430557
2007-03-26,100.297493
2007-03-27,100.059395
2007-03-28,99.330940
2007-03-29,99.435997
2007-03-30,99.457016
2007-04-02,99.569107
2007-04-03,100.640709
2007-04-04,100.752815
2007-04-05,101.025879
2007-04-09,101.165947
2007-04-10,101.285049
2007-04-11,100.871834
2007-04-12,101.320053
2007-04-13,101.782364
2007-04-16,102.748940
2007-04-17,103.022041
2007-04-18,103.148132
2007-04-19,103.120148
2007-04-20,104.093689
2007-04-23,103.701508
2007-04-24,103.743462
2007-04-25,104.696045
2007-04-26,104.815117
2007-04-27,104.731033
2007-04-30,103.862587
2007-05-01,104.128685
2007-05-02,104.738052
2007-05-03,105.305382
2007-05-04,105.704628
2007-05-07,105.725632
2007-05-08,105.585564
2007-05-09,105.872711
2007-05-10,104.766060
2007-05-11,105.662575
2007-05-14,105.431465
2007-05-15,105.459457
2007-05-16,106.180847
2007-05-17,105.970726
2007-05-18,106.895256
2007-05-21,106.839218
2007-05-22,106.755272
2007-05-23,106.769218
2007-05-24,105.802620
2007-05-25,106.243896
2007-05-29,106.629105
2007-05-30,107.497604
2007-05-31,107.385551
2007-06-01,107.917877
2007-06-04,107.931908
2007-06-05,107.504631
2007-06-06,106.348976
2007-06-07,104.429893
2007-06-08,105.788719
2007-06-11,105.970726
2007-06-12,104.815117
2007-06-13,106.384026
2007-06-14,107.063385
2007-06-15,107.672569
2007-06-18,107.545914
2007-06-19,107.813240
2007-06-20,106.314949
2007-06-21,106.905807
2007-06-22,105.899910
2007-06-25,105.393448
2007-06-26,104.310219
2007-06-27,105.794418
2007-06-28,105.780334
2007-06-29,105.815475
2007-07-02,106.772194
2007-07-03,107.159050
2007-07-05,107.046486
2007-07-06,107.609238
2007-07-09,107.693665
2007-07-10,106.160217
2007-07-11,106.912872
2007-07-12,108.601089
2007-07-13,108.924660
2007-07-16,108.910583
2007-07-17,108.854279
2007-07-18,108.657364
2007-07-19,109.079422
2007-07-20,107.975029
2007-07-23,108.305626
2007-07-24,106.427475
2007-07-25,106.645546
2007-07-26,104.120270
2007-07-27,102.073326
2007-07-30,103.670097
2007-07-31,102.502403
2007-08-01,103.001808
2007-08-02,103.824883
2007-08-03,101.151833
2007-08-06,102.847099
2007-08-07,103.944420
2007-08-08,105.393448
2007-08-09,102.270264
2007-08-10,101.791962
2007-08-13,102.157738
2007-08-14,100.596169
2007-08-15,99.210419
2007-08-16,99.956047
2007-08-17,101.791962
2007-08-20,101.742714
2007-08-21,101.946724
2007-08-22,103.156548
2007-08-23,103.065140
2007-08-24,104.338348
2007-08-27,103.367592
2007-08-28,101.095581
2007-08-29,103.079208
2007-08-30,102.804893
2007-08-31,103.817818
2007-09-04,104.865852
2007-09-05,103.958511
2007-09-06,104.197678
2007-09-07,102.748650
2007-09-10,102.551636
2007-09-11,103.747482
2007-09-12,104.014732
2007-09-13,104.746330
2007-09-14,104.739296
2007-09-17,104.176575
2007-09-18,107.243439
2007-09-19,107.876549
2007-09-20,107.116837
2007-09-21,107.405876
2007-09-24,107.207985
2007-09-25,106.996017
2007-09-26,107.561417
2007-09-27,108.197479
2007-09-28,107.837029
2007-10-01,109.052650
2007-10-02,108.904251
2007-10-03,108.685173
2007-10-04,108.854774
2007-10-05,110.148148
2007-10-08,109.561554
2007-10-09,110.593361
2007-10-10,110.409630
2007-10-11,109.879608
2007-10-12,110.487404
2007-10-15,109.554451
2007-10-16,108.685173
2007-10-17,109.017303
2007-10-18,108.621552
2007-10-19,105.780357
2007-10-22,106.395210
2007-10-23,107.257477
2007-10-24,107.059570
2007-10-25,107.314034
2007-10-26,108.572044
2007-10-29,108.932503
2007-10-30,108.176254
2007-10-31,109.300026
2007-11-01,106.741570
2007-11-02,106.861694
2007-11-05,106.048935
2007-11-06,107.476555
2007-11-07,104.536476
2007-11-08,104.006386
2007-11-09,102.578758
2007-11-12,101.561035
2007-11-13,104.656555
2007-11-14,104.366867
2007-11-15,102.861465
2007-11-16,103.038109
2007-11-19,101.603477
2007-11-20,102.225388
2007-11-21,100.133400
2007-11-23,101.864899
2007-11-26,99.617447
2007-11-27,100.762413
2007-11-28,103.985214
2007-11-29,104.020531
2007-11-30,105.066574
2007-12-03,104.373909
2007-12-04,103.441010
2007-12-05,105.172577
2007-12-06,106.677917
2007-12-07,106.656761
2007-12-10,107.483650
2007-12-11,104.536476
2007-12-12,105.568336
2007-12-13,105.349266
2007-12-14,104.013466
2007-12-17,102.529282
2007-12-18,103.101768
2007-12-19,103.101768
2007-12-20,103.751961
2007-12-21,105.247643
2007-12-24,106.029152
2007-12-26,106.256493
2007-12-27,104.920776
2007-12-28,104.657875
2007-12-31,103.883446
2008-01-02,102.973984
2008-01-03,102.924232
2008-01-04,100.401917
2008-01-07,100.316650
2008-01-08,98.696724
2008-01-09,99.734009
2008-01-10,100.387726
2008-01-11,99.577736
2008-01-14,100.380608
2008-01-15,98.170944
2008-01-16,97.325409
2008-01-17,94.803139
2008-01-18,93.829727
2008-01-22,92.877663
2008-01-23,95.108673
2008-01-24,95.911491
2008-01-25,94.526001
2008-01-28,96.089142
2008-01-29,96.565216
2008-01-30,95.854668
2008-01-31,97.602547
2008-02-01,99.172791
2008-02-04,97.922295
2008-02-05,95.300484
2008-02-06,94.533119
2008-02-07,95.158409
2008-02-08,94.547356
2008-02-11,95.030495
2008-02-12,95.911491
2008-02-13,96.892036
2008-02-14,96.039421
2008-02-15,96.018105
2008-02-19,96.288071
2008-02-20,96.572273
2008-02-21,95.769409
2008-02-22,96.359131
2008-02-25,97.574089
2008-02-26,98.305931
2008-02-27,98.206444
2008-02-28,97.247253
2008-02-29,95.080246
2008-03-03,94.852859
2008-03-04,94.490517
2008-03-05,95.087311
2008-03-06,93.119209
2008-03-07,92.160027
2008-03-10,90.945068
2008-03-11,94.213409
2008-03-12,93.332382
2008-03-13,93.538406
2008-03-14,92.089005
2008-03-17,91.158234
2008-03-18,94.945236
2008-03-19,92.593391
2008-03-20,94.308533
2008-03-24,96.193573
2008-03-25,96.286400
2008-03-26,95.108215
2008-03-27,94.808365
2008-03-28,93.901535
2008-03-31,94.229988
2008-04-01,97.543053
2008-04-02,97.607346
2008-04-03,97.850075
2008-04-04,97.742973
2008-04-07,97.792961
2008-04-08,97.693008
2008-04-09,96.986115
2008-04-10,97.121780
2008-04-11,95.236786
2008-04-14,94.915428
2008-04-15,95.136818
2008-04-16,97.714447
2008-04-17,97.857262
2008-04-18,98.878296
2008-04-21,98.928276
2008-04-22,98.492737
2008-04-23,98.335602
2008-04-24,98.764030
2008-04-25,99.678009
2008-04-28,99.699463
2008-04-29,99.306702
2008-04-30,98.721207
2008-05-01,100.763329
2008-05-02,101.041779
2008-05-05,100.556274
2008-05-06,101.427376
2008-05-07,99.620865
2008-05-08,99.363846
2008-05-09,99.178200
2008-05-12,100.292068
2008-05-13,100.306396
2008-05-14,100.513412
2008-05-15,101.770088
2008-05-16,101.862930
2008-05-19,102.141418
2008-05-20,101.313103
2008-05-21,99.599510
2008-05-22,99.613762
2008-05-23,98.278526
2008-05-27,99.006844
2008-05-28,99.463791
2008-05-29,99.963638
2008-05-30,100.213554
2008-06-02,99.178200
2008-06-03,98.599815
2008-06-04,98.549850
2008-06-05,100.520561
2008-06-06,97.314552
2008-06-09,97.550186
2008-06-10,97.064674
2008-06-11,95.636627
2008-06-12,96.000786
2008-06-13,97.214592
2008-06-16,97.271736
2008-06-17,96.800507
2008-06-18,95.857964
2008-06-19,95.979324
2008-06-20,94.421463
2008-06-23,94.328178
2008-06-24,94.141594
2008-06-25,94.586464
2008-06-26,92.017494
2008-06-27,91.515175
2008-06-30,91.838097
2008-07-01,92.125160
2008-07-02,90.546394
2008-07-03,90.639709
2008-07-07,89.714020
2008-07-08,91.307068
2008-07-09,89.548943
2008-07-10,89.914963
2008-07-11,88.867241
2008-07-14,88.063522
2008-07-15,86.822075
2008-07-16,88.953362
2008-07-17,89.843170
2008-07-18,90.402924
2008-07-21,90.453140
2008-07-22,91.479294
2008-07-23,91.974434
2008-07-24,90.065636
2008-07-25,90.044106
2008-07-28,88.723694
2008-07-29,90.618195
2008-07-30,92.232796
2008-07-31,91.012856
2008-08-01,90.532043
2008-08-04,89.692490
2008-08-05,92.110779
2008-08-06,92.519806
2008-08-07,91.142036
2008-08-08,92.835533
2008-08-11,93.797142
2008-08-12,92.821205
2008-08-13,92.261482
2008-08-14,92.957542
2008-08-15,93.409630
2008-08-18,92.132324
2008-08-19,91.127647
2008-08-20,91.551048
2008-08-21,91.708977
2008-08-22,93.036461
2008-08-25,91.149193
2008-08-26,91.414711
2008-08-27,92.304527
2008-08-28,93.423973
2008-08-29,92.419350
2008-09-02,91.845268
2008-09-03,91.766312
2008-09-04,89.003555
2008-09-05,89.283440
2008-09-08,91.127647
2008-09-09,88.422348
2008-09-10,88.781143
2008-09-11,90.065636
2008-09-12,90.481834
2008-09-15,86.176254
2008-09-16,87.618645
2008-09-17,83.679039
2008-09-18,86.161949
2008-09-19,89.583733
2008-09-22,87.555588
2008-09-23,85.563599
2008-09-24,85.837799
2008-09-25,87.180298
2008-09-26,87.223587
2008-09-29,80.388603
2008-09-30,83.715889
2008-10-01,83.766396
2008-10-02,80.727806
2008-10-03,79.637978
2008-10-06,75.581734
2008-10-07,72.196747
2008-10-08,70.377937
2008-10-09,65.462769
2008-10-10,63.874939
2008-10-13,73.149437
2008-10-14,72.066856
2008-10-15,64.972000
2008-10-16,67.678589
2008-10-17,67.274391
2008-10-20,71.316216
2008-10-21,69.187080
2008-10-22,65.419518
2008-10-23,66.177368
2008-10-24,62.821190
2008-10-27,60.591000
2008-10-28,67.671371
2008-10-29,67.180588
2008-10-30,69.504623
2008-10-31,69.887146
2008-11-03,70.089211
2008-11-04,72.471016
2008-11-05,69.425240
2008-11-06,65.578270
2008-11-07,67.743553
2008-11-10,66.855774
2008-11-11,64.791557
2008-11-12,61.940655
2008-11-13,65.802010
2008-11-14,62.518074
2008-11-17,61.688080
2008-11-18,62.850071
2008-11-19,58.822708
2008-11-20,54.456104
2008-11-21,57.393642
2008-11-24,61.370483
2008-11-25,61.825157
2008-11-26,64.214195
2008-11-28,65.022530
2008-12-01,59.262962
2008-12-02,61.543690
2008-12-03,63.023289
2008-12-04,61.565376
2008-12-05,63.463535
2008-12-08,65.679352
2008-12-09,64.596710
2008-12-10,65.036987
2008-12-11,63.470779
2008-12-12,64.228615
2008-12-15,63.333652
2008-12-16,66.314468
2008-12-17,65.672112
2008-12-18,64.445160
2008-12-19,64.167938
2008-12-22,63.345722
2008-12-23,62.690868
2008-12-24,63.054665
2008-12-26,63.418480
2008-12-29,63.236591
2008-12-30,64.735466
2008-12-31,65.659531
2009-01-02,67.638618
2009-01-05,67.558594
2009-01-06,68.009689
2009-01-07,65.972389
2009-01-08,66.241623
2009-01-09,64.822754
2009-01-12,63.265671
2009-01-13,63.382069
2009-01-14,61.388458
2009-01-15,61.410278
2009-01-16,61.890514
2009-01-20,58.623535
2009-01-21,61.155605
2009-01-22,60.209713
2009-01-23,60.471680
2009-01-26,60.886395
2009-01-27,61.504883
2009-01-28,63.585842
2009-01-29,61.519417
2009-01-30,60.267921
2009-02-02,60.086029
2009-02-03,60.930035
2009-02-04,60.631741
2009-02-05,61.533985
2009-02-06,63.287495
2009-02-09,63.374809
2009-02-10,60.471680
2009-02-11,60.828190
2009-02-12,60.871880
2009-02-13,60.217022
2009-02-17,57.641235
2009-02-18,57.503017
2009-02-19,56.884533
2009-02-20,56.331566
2009-02-23,54.316090
2009-02-24,56.375240
2009-02-25,55.931381
2009-02-26,55.021858
2009-02-27,53.792229
2009-03-02,51.369274
2009-03-03,50.983624
2009-03-04,52.191463
2009-03-05,50.059574
2009-03-06,50.146885
2009-03-09,49.557522
2009-03-10,52.511593
2009-03-11,52.853600
2009-03-12,54.934555
2009-03-13,55.363819
2009-03-16,55.196480
2009-03-17,56.884533
2009-03-18,58.157860
2009-03-19,57.437504
2009-03-20,56.214466
2009-03-23,60.252319
2009-03-24,59.065121
2009-03-25,59.687977
2009-03-26,60.904514
2009-03-27,59.805271
2009-03-30,57.738693
2009-03-31,58.273693
2009-04-01,59.402210
2009-04-02,61.138966
2009-04-03,61.747227
2009-04-06,61.263561
2009-04-07,59.834560
2009-04-08,60.479469
2009-04-09,62.883114
2009-04-13,62.897743
2009-04-14,61.813206
2009-04-15,62.472725
2009-04-16,63.388760
2009-04-17,63.813789
2009-04-20,61.138966
2009-04-21,62.333496
2009-04-22,61.952408
2009-04-23,62.560646
2009-04-24,63.505997
2009-04-27,62.905098
2009-04-28,62.707226
2009-04-29,64.040962
2009-04-30,64.062920
2009-05-01,64.407349
2009-05-04,66.598465
2009-05-05,66.371307
2009-05-06,67.521835
2009-05-07,66.583809
2009-05-08,68.137390
2009-05-11,66.862282
2009-05-12,66.664421
2009-05-13,64.986259
2009-05-14,65.543205
2009-05-15,65.008263
2009-05-18,66.854988
2009-05-19,66.774338
2009-05-20,66.327354
2009-05-21,65.374695
2009-05-22,65.235435
2009-05-26,66.906265
2009-05-27,65.711777
2009-05-28,66.627792
2009-05-29,67.807655
2009-06-01,69.449127
2009-06-02,69.507759
2009-06-03,68.628380
2009-06-04,69.273277
2009-06-05,69.287918
2009-06-08,69.002151
2009-06-09,69.353844
2009-06-10,69.177986
2009-06-11,69.485756
2009-06-12,69.676331
2009-06-15,68.078812
2009-06-16,67.155418
2009-06-17,67.089455
2009-06-18,67.580467
2009-06-19,67.829552
2009-06-22,65.795563
2009-06-23,65.847122
2009-06-24,66.414581
2009-06-25,67.859024
2009-06-26,67.682190
2009-06-29,68.315933
2009-06-30,67.763214
2009-07-01,68.043274
2009-07-02,66.186127
2009-07-06,66.178757
2009-07-07,64.896431
2009-07-08,64.852264
2009-07-09,64.977539
2009-07-10,64.822762
2009-07-13,66.399857
2009-07-14,66.775703
2009-07-15,68.728653
2009-07-16,68.618080
2009-07-17,69.369804
2009-07-20,70.106728
2009-07-21,70.431015
2009-07-22,70.416283
2009-07-23,71.971260
2009-07-24,72.266014
2009-07-27,72.479744
2009-07-28,72.140747
2009-07-29,71.963898
2009-07-30,72.715561
2009-07-31,72.818764
2009-08-03,74.020004
2009-08-04,74.211586
2009-08-05,73.997871
2009-08-06,73.614670
2009-08-07,74.580101
2009-08-10,74.425308
2009-08-11,73.496758
2009-08-12,74.285286
2009-08-13,74.852783
2009-08-14,74.277939
2009-08-17,72.450272
2009-08-18,73.025124
2009-08-19,73.666283
2009-08-20,74.425308
2009-08-21,75.884506
2009-08-24,75.877129
2009-08-25,76.024498
2009-08-26,76.031883
2009-08-27,76.201408
2009-08-28,76.186623
2009-08-31,75.508652
2009-09-01,73.843140
2009-09-02,73.563095
2009-09-03,74.174767
2009-09-04,75.213867
2009-09-08,75.862381
2009-09-09,76.444603
2009-09-10,77.225731
2009-09-11,77.211006
2009-09-14,77.586876
2009-09-15,77.911125
2009-09-16,79.090263
2009-09-17,78.972328
2009-09-18,79.022728
2009-09-21,78.822769
2009-09-22,79.281845
2009-09-23,78.622841
2009-09-24,77.756500
2009-09-25,77.341843
2009-09-28,78.726532
2009-09-29,78.489555
2009-09-30,78.185974
2009-10-01,76.245956
2009-10-02,75.890518
2009-10-05,77.023422
2009-10-06,78.126755
2009-10-07,78.341469
2009-10-08,78.941238
2009-10-09,79.422546
2009-10-12,79.733543
2009-10-13,79.570625
2009-10-14,80.940514
2009-10-15,81.236694
2009-10-16,80.629501
2009-10-19,81.295952
2009-10-20,80.866463
2009-10-21,80.140816
2009-10-22,80.955338
2009-10-23,80.029732
2009-10-26,79.163399
2009-10-27,78.800552
2009-10-28,77.312210
2009-10-29,78.970879
2009-10-30,76.682838
2009-11-02,77.245583
2009-11-03,77.489937
2009-11-04,77.689850
2009-11-05,79.118958
2009-11-06,79.326294
2009-11-09,81.133049
2009-11-10,81.147842
2009-11-11,81.562515
2009-11-12,80.733185
2009-11-13,81.170067
2009-11-16,82.347420
2009-11-17,82.443649
2009-11-18,82.391823
2009-11-19,81.318146
2009-11-20,81.029388
2009-11-23,82.058640
2009-11-24,82.184502
2009-11-25,82.473244
2009-11-27,81.133049
2009-11-30,81.407005
2009-12-01,82.414055
2009-12-02,82.376991
2009-12-03,81.732811
2009-12-04,82.199295
2009-12-07,82.073425
2009-12-08,81.162636
2009-12-09,81.466255
2009-12-10,81.925323
2009-12-11,82.273376
2009-12-14,82.836121
2009-12-15,82.451042
2009-12-16,82.576981
2009-12-17,81.584724
2009-12-18,82.046295
2009-12-21,82.880051
2009-12-22,83.177864
2009-12-23,83.341637
2009-12-24,83.736183
2009-12-28,83.914833
2009-12-29,83.795731
2009-12-30,83.765968
2009-12-31,82.961967
2010-01-04,84.368980
2010-01-05,84.592316
2010-01-06,84.651878
2010-01-07,85.009209
2010-01-08,85.292114
2010-01-11,85.411217
2010-01-12,84.614655
2010-01-13,85.329300
2010-01-14,85.560097
2010-01-15,84.599777
2010-01-19,85.656868
2010-01-20,84.785828
2010-01-21,83.155510
2010-01-22,81.301819
2010-01-25,81.718727
2010-01-26,81.376251
2010-01-27,81.763390
2010-01-28,80.825371
2010-01-29,79.946915
2010-02-01,81.190155
2010-02-02,82.172859
2010-02-03,81.763390
2010-02-04,79.239708
2010-02-05,79.403496
2010-02-08,78.830231
2010-02-09,79.820374
2010-02-10,79.664017
2010-02-11,80.497810
2010-02-12,80.430847
2010-02-16,81.696358
2010-02-17,82.083527
2010-02-18,82.567421
2010-02-19,82.738632
2010-02-22,82.753517
2010-02-23,81.748528
2010-02-24,82.500412
2010-02-25,82.388718
2010-02-26,82.440819
2010-03-01,83.296936
2010-03-02,83.527748
2010-03-03,83.602188
2010-03-04,83.855316
2010-03-05,85.053848
2010-03-08,85.068794
2010-03-09,85.210205
2010-03-10,85.589874
2010-03-11,85.947220
2010-03-12,85.954651
2010-03-15,85.976967
2010-03-16,86.661896
2010-03-17,87.175568
2010-03-18,87.130920
2010-03-19,86.689835
2010-03-22,87.153336
2010-03-23,87.766281
2010-03-24,87.340210
2010-03-25,87.198227
2010-03-26,87.145844
2010-03-29,87.699020
2010-03-30,87.758827
2010-03-31,87.459793
2010-04-01,88.057838
2010-04-05,88.775421
2010-04-06,88.984741
2010-04-07,88.476440
2010-04-08,88.782898
2010-04-09,89.365997
2010-04-12,89.508003
2010-04-13,89.575294
2010-04-14,90.591919
2010-04-15,90.666672
2010-04-16,89.223969
2010-04-19,89.560341
2010-04-20,90.360168
2010-04-21,90.195732
2010-04-22,90.464821
2010-04-23,91.055382
2010-04-26,90.711487
2010-04-27,88.566154
2010-04-28,89.238899
2010-04-29,90.345238
2010-04-30,88.812820
2010-05-03,89.964020
2010-05-04,87.848549
2010-05-05,87.325226
2010-05-06,84.424866
2010-05-07,83.169044
2010-05-10,86.831879
2010-05-11,86.585220
2010-05-12,87.796188
2010-05-13,86.704819
2010-05-14,85.135040
2010-05-17,85.179840
2010-05-18,84.021217
2010-05-19,83.542816
2010-05-20,80.388252
2010-05-21,81.561874
2010-05-24,80.515358
2010-05-25,80.597572
2010-05-26,80.111710
2010-05-27,82.795280
2010-05-28,81.756264
2010-06-01,80.380791
2010-06-02,82.473869
2010-06-03,82.757919
2010-06-04,79.850067
2010-06-07,78.855858
2010-06-08,79.700531
2010-06-09,79.274452
2010-06-10,81.591789
2010-06-11,81.987946
2010-06-14,81.860886
2010-06-15,83.722252
2010-06-16,83.692299
2010-06-17,83.826836
2010-06-18,83.917770
2010-06-21,83.677391
2010-06-22,82.295418
2010-06-23,82.040085
2010-06-24,80.680611
2010-06-25,81.018608
2010-06-28,80.763222
2010-06-29,78.269630
2010-06-30,77.526108
2010-07-01,77.180588
2010-07-02,76.759987
2010-07-06,77.263222
2010-07-07,79.696693
2010-07-08,80.485321
2010-07-09,81.086182
2010-07-12,81.138771
2010-07-13,82.363014
2010-07-14,82.355522
2010-07-15,82.378029
2010-07-16,80.109810
2010-07-19,80.582962
2010-07-20,81.476753
2010-07-21,80.417732
2010-07-22,82.212799
2010-07-23,82.926331
2010-07-26,83.790092
2010-07-27,83.782555
2010-07-28,83.241798
2010-07-29,82.836220
2010-07-30,82.821159
2010-08-02,84.691338
2010-08-03,84.285759
2010-08-04,84.849075
2010-08-05,84.758957
2010-08-06,84.413445
2010-08-09,84.864105
2010-08-10,84.405914
2010-08-11,82.092628
2010-08-12,81.589394
2010-08-13,81.349045
2010-08-16,81.311531
2010-08-17,82.310402
2010-08-18,82.460655
2010-08-19,81.026093
2010-08-20,80.763222
2010-08-23,80.455269
2010-08-24,79.261093
2010-08-25,79.569016
2010-08-26,79.035744
2010-08-27,80.260017
2010-08-30,79.095795
2010-08-31,79.095795
2010-09-01,81.461746
2010-09-02,82.220322
2010-09-03,83.286850
2010-09-07,82.347992
2010-09-08,82.926331
2010-09-09,83.309372
2010-09-10,83.729942
2010-09-13,84.661316
2010-09-14,84.608749
2010-09-15,84.931717
2010-09-16,84.909157
2010-09-17,84.940865
2010-09-20,86.239632
2010-09-21,86.065987
2010-09-22,85.643112
2010-09-23,84.948418
2010-09-24,86.700233
2010-09-27,86.284950
2010-09-28,86.586998
2010-09-29,86.435966
2010-09-30,86.179245
2010-10-01,86.541695
2010-10-04,85.892303
2010-10-05,87.621490
2010-10-06,87.613922
2010-10-07,87.508217
2010-10-08,87.999023
2010-10-11,88.082092
2010-10-12,88.353874
2010-10-13,89.041069
2010-10-14,88.693687
2010-10-15,88.874969
2010-10-18,89.312889
2010-10-19,88.142487
2010-10-20,89.003288
2010-10-21,89.199646
2010-10-22,89.365746
2010-10-25,89.630035
2010-10-26,89.645149
2010-10-27,89.388382
2010-10-28,89.403519
2010-10-29,89.471458
2010-11-01,89.501678
2010-11-02,90.211449
2010-11-03,90.573898
2010-11-04,92.318184
2010-11-05,92.665512
2010-11-08,92.491844
2010-11-09,91.827354
2010-11-10,92.197388
2010-11-11,91.850006
2010-11-12,90.762657
2010-11-15,90.634308
2010-11-16,89.222290
2010-11-17,89.267555
2010-11-18,90.581467
2010-11-19,90.830635
2010-11-22,90.755119
2010-11-23,89.441261
2010-11-24,90.762657
2010-11-26,89.705528
2010-11-29,89.977386
2010-11-30,89.471458
2010-12-01,91.374321
2010-12-02,92.544685
2010-12-03,92.793922
2010-12-06,92.695709
2010-12-07,92.748596
2010-12-08,93.088394
2010-12-09,93.450813
2010-12-10,93.994507
2010-12-13,94.054893
2010-12-14,94.137970
2010-12-15,93.707558
2010-12-16,94.251205
2010-12-17,94.352196
2010-12-20,94.579903
2010-12-21,95.179573
2010-12-22,95.475601
2010-12-23,95.338982
2010-12-27,95.376923
2010-12-28,95.513565
2010-12-29,95.581871
2010-12-30,95.430099
2010-12-31,95.452843
2011-01-03,96.439613
2011-01-04,96.386497
2011-01-05,96.887474
2011-01-06,96.697685
2011-01-07,96.507935
2011-01-10,96.386497
2011-01-11,96.728081
2011-01-12,97.600975
2011-01-13,97.441566
2011-01-14,98.147507
2011-01-18,98.314514
2011-01-19,97.350517
2011-01-20,97.221481
2011-01-21,97.441566
2011-01-24,97.995750
2011-01-25,98.048859
2011-01-26,98.428352
2011-01-27,98.671257
2011-01-28,96.948181
2011-01-31,97.676895
2011-02-01,99.240608
2011-02-02,99.050819
2011-02-03,99.270912
2011-02-04,99.551781
2011-02-07,100.174263
2011-02-08,100.629723
2011-02-09,100.401955
2011-02-10,100.439911
2011-02-11,101.039574
2011-02-14,101.282524
2011-02-15,100.963661
2011-02-16,101.601280
2011-02-17,101.904900
2011-02-18,102.117409
2011-02-22,100.067978
2011-02-23,99.453125
2011-02-24,99.384819
2011-02-25,100.447510
2011-02-28,101.069931
2011-03-01,99.384819
2011-03-02,99.597382
2011-03-03,101.312836
2011-03-04,100.553787
2011-03-07,99.764305
2011-03-08,100.637260
2011-03-09,100.493027
2011-03-10,98.633354
2011-03-11,99.316505
2011-03-14,98.716827
2011-03-15,97.585823
2011-03-16,95.779243
2011-03-17,97.046860
2011-03-18,97.399879
2011-03-21,98.909332
2011-03-22,98.566277
2011-03-23,98.848366
2011-03-24,99.793686
2011-03-25,100.098618
2011-03-28,99.854660
2011-03-29,100.525558
2011-03-30,101.219299
2011-03-31,101.082077
2011-04-01,101.508995
2011-04-04,101.592873
2011-04-05,101.577621
2011-04-06,101.897812
2011-04-07,101.638626
2011-04-08,101.287918
2011-04-11,100.982956
2011-04-12,100.228226
2011-04-13,100.220596
2011-04-14,100.296852
2011-04-15,100.662758
2011-04-18,99.534492
2011-04-19,100.106262
2011-04-20,101.470901
2011-04-21,101.989281
2011-04-25,101.882584
2011-04-26,102.759262
2011-04-27,103.430199
2011-04-28,103.765602
2011-04-29,104.009575
2011-05-02,103.849495
2011-05-03,103.475883
2011-05-04,102.789795
2011-05-05,101.859703
2011-05-06,102.309471
2011-05-09,102.705902
2011-05-10,103.582619
2011-05-11,102.492462
2011-05-12,102.980354
2011-05-13,102.187485
2011-05-16,101.539490
2011-05-17,101.524246
2011-05-18,102.431450
2011-05-19,102.675415
2011-05-20,101.859703
2011-05-23,100.678055
2011-05-24,100.594185
2011-05-25,100.929611
2011-05-26,101.394653
2011-05-27,101.783432
2011-05-31,102.843140
2011-06-01,100.533180
2011-06-02,100.426468
2011-06-03,99.427773
2011-06-06,98.375687
2011-06-07,98.314667
2011-06-08,97.903008
2011-06-09,98.650116
2011-06-10,97.277878
2011-06-13,97.354126
2011-06-14,98.589134
2011-06-15,96.835693
2011-06-16,97.049171
2011-06-17,97.338799
2011-06-20,97.836769
2011-06-21,99.177513
2011-06-22,98.579918
2011-06-23,98.296440
2011-06-24,97.154907
2011-06-27,98.020645
2011-06-28,99.300110
2011-06-29,100.150558
2011-06-30,101.108192
2011-07-01,102.602203
2011-07-05,102.517906
2011-07-06,102.640472
2011-07-07,103.705437
2011-07-08,102.969925
2011-07-11,101.108192
2011-07-12,100.671478
2011-07-13,101.008575
2011-07-14,100.311394
2011-07-15,100.893661
2011-07-18,100.066223
2011-07-19,101.690475
2011-07-20,101.629189
2011-07-21,103.038910
2011-07-22,103.107864
2011-07-25,102.533226
2011-07-26,102.150185
2011-07-27,100.058571
2011-07-28,99.767433
2011-07-29,99.085587
2011-08-01,98.664207
2011-08-02,96.143570
2011-08-03,96.664551
2011-08-04,92.136627
2011-08-05,91.998749
2011-08-08,86.007477
2011-08-09,90.006760
2011-08-10,86.030441
2011-08-11,89.891846
2011-08-12,90.497108
2011-08-15,92.412468
2011-08-16,91.623306
2011-08-17,91.684608
2011-08-18,87.731323
2011-08-19,86.298607
2011-08-22,86.367592
2011-08-23,89.209953
2011-08-24,90.466446
2011-08-25,89.087387
2011-08-26,90.382164
2011-08-29,92.979385
2011-08-30,93.224556
2011-08-31,93.638290
2011-09-01,92.657616
2011-09-02,90.290237
2011-09-06,89.631378
2011-09-07,92.159630
2011-09-08,91.201920
2011-09-09,88.811531
2011-09-12,89.386162
2011-09-13,90.205948
2011-09-14,91.454765
2011-09-15,93.033028
2011-09-16,93.583656
2011-09-19,92.651810
2011-09-20,92.544014
2011-09-21,89.817818
2011-09-22,86.914513
2011-09-23,87.438194
2011-09-26,89.517456
2011-09-27,90.518646
2011-09-28,88.670349
2011-09-29,89.371185
2011-09-30,87.137848
2011-10-03,84.658066
2011-10-04,86.514053
2011-10-05,88.115860
2011-10-06,89.709969
2011-10-07,89.109329
2011-10-10,92.089638
2011-10-11,92.182053
2011-10-12,92.990685
2011-10-13,92.805862
2011-10-14,94.392258
2011-10-17,92.590218
2011-10-18,94.399963
2011-10-19,93.283302
2011-10-20,93.691490
2011-10-21,95.470421
2011-10-24,96.640999
2011-10-25,94.761932
2011-10-26,95.724579
2011-10-27,99.059143
2011-10-28,99.036057
2011-10-31,96.648712
2011-11-01,93.953316
2011-11-02,95.485802
2011-11-03,97.226303
2011-11-04,96.633270
2011-11-07,97.233986
2011-11-08,98.481567
2011-11-09,94.846634
2011-11-10,95.739975
2011-11-11,97.542015
2011-11-14,96.617897
2011-11-15,97.095360
2011-11-16,95.555122
2011-11-17,94.038033
2011-11-18,93.937920
2011-11-21,92.151253
2011-11-22,91.789299
2011-11-23,89.763916
2011-11-25,89.594467
2011-11-28,92.189766
2011-11-29,92.451591
2011-11-30,96.255936
2011-12-01,96.240547
2011-12-02,96.155807
2011-12-05,97.203171
2011-12-06,97.233986
2011-12-07,97.595940
2011-12-08,95.455017
2011-12-09,97.072235
2011-12-12,95.655251
2011-12-13,94.761932
2011-12-14,93.753075
2011-12-15,94.091927
2011-12-16,94.231422
2011-12-19,93.223953
2011-12-20,96.044907
2011-12-21,96.230873
2011-12-22,97.083389
2011-12-23,97.951401
2011-12-27,98.028893
2011-12-28,96.742455
2011-12-29,97.742188
2011-12-30,97.261673
2012-01-03,98.811668
2012-01-04,98.966644
2012-01-05,99.230125
2012-01-06,98.974403
2012-01-09,99.214607
2012-01-10,100.074890
2012-01-11,100.129135
2012-01-12,100.369392
2012-01-13,99.850128
2012-01-17,100.237610
2012-01-18,101.345894
2012-01-19,101.880623
2012-01-20,102.260361
2012-01-23,101.996841
2012-01-24,101.880623
2012-01-25,102.733101
2012-01-26,102.206123
2012-01-27,102.159637
2012-01-30,101.810852
2012-01-31,101.772095
2012-02-01,102.663353
2012-02-02,102.826080
2012-02-03,104.267578
2012-02-06,104.197876
2012-02-07,104.461327
2012-02-08,104.771355
2012-02-09,104.903091
2012-02-10,104.128090
2012-02-13,104.903091
2012-02-14,104.771355
2012-02-15,104.283081
2012-02-16,105.437828
2012-02-17,105.716835
2012-02-21,105.763329
2012-02-22,105.422356
2012-02-23,105.887321
2012-02-24,106.119858
2012-02-27,106.298103
2012-02-28,106.608063
2012-02-29,106.189583
2012-03-01,106.739822
2012-03-02,106.414337
2012-03-05,105.980324
2012-03-06,104.430389
2012-03-07,105.158852
2012-03-08,106.205093
2012-03-09,106.615829
2012-03-12,106.623566
2012-03-13,108.545525
2012-03-14,108.429298
2012-03-15,109.057068
2012-03-16,109.208099
2012-03-19,109.636208
2012-03-20,109.317039
2012-03-21,109.138000
2012-03-22,108.351837
2012-03-23,108.702095
2012-03-26,110.227737
2012-03-27,109.885254
2012-03-28,109.340363
2012-03-29,109.153564
2012-03-30,109.605057
2012-04-02,110.406761
2012-04-03,109.955338
2012-04-04,108.865540
2012-04-05,108.811050
2012-04-09,107.588997
2012-04-10,105.783150
2012-04-11,106.639381
2012-04-12,108.032730
2012-04-13,106.748360
2012-04-16,106.678276
2012-04-17,108.258430
2012-04-18,107.892586
2012-04-19,107.199806
2012-04-20,107.378822
2012-04-23,106.475891
2012-04-24,106.880722
2012-04-25,108.344055
2012-04-26,109.099068
2012-04-27,109.278137
2012-04-30,108.873337
2012-05-01,109.550545
2012-05-02,109.223602
2012-05-03,108.390755
2012-05-04,106.639381
2012-05-07,106.717186
2012-05-08,106.289085
2012-05-09,105.658638
2012-05-10,105.876549
2012-05-11,105.557419
2012-05-14,104.389786
2012-05-15,103.790466
2012-05-16,103.393501
2012-05-17,101.860062
2012-05-18,100.988281
2012-05-21,102.724068
2012-05-22,102.903091
2012-05-23,102.957611
2012-05-24,103.159996
2012-05-25,102.825302
2012-05-29,104.070679
2012-05-30,102.560577
2012-05-31,102.334892
2012-06-01,99.758415
2012-06-04,99.711708
2012-06-05,100.466751
2012-06-06,102.724068
2012-06-07,102.786354
2012-06-08,103.603653
2012-06-11,102.288185
2012-06-12,103.463547
2012-06-13,102.801941
2012-06-14,103.891647
2012-06-15,104.954216
2012-06-18,105.157639
2012-06-19,106.174759
2012-06-20,106.002632
2012-06-21,103.624077
2012-06-22,104.422134
2012-06-25,102.747749
2012-06-26,103.264122
2012-06-27,104.195236
2012-06-28,103.897949
2012-06-29,106.487724
2012-07-02,106.808533
2012-07-03,107.512756
2012-07-05,107.027596
2012-07-06,106.010483
2012-07-09,105.877449
2012-07-10,104.954216
2012-07-11,104.969849
2012-07-12,104.461220
2012-07-13,106.213882
2012-07-16,105.963524
2012-07-17,106.691200
2012-07-18,107.481415
2012-07-19,107.763123
2012-07-20,106.777260
2012-07-23,105.697487
2012-07-24,104.789856
2012-07-25,104.813370
2012-07-26,106.542519
2012-07-27,108.506386
2012-07-30,108.506386
2012-07-31,107.747459
2012-08-01,107.653542
2012-08-02,106.910248
2012-08-03,109.030609
2012-08-06,109.241890
2012-08-07,109.789536
2012-08-08,109.922562
2012-08-09,110.016411
2012-08-10,110.196426
2012-08-13,110.141663
2012-08-14,110.157257
2012-08-15,110.282501
2012-08-16,111.096222
2012-08-17,111.244881
2012-08-20,111.252708
2012-08-21,110.916222
2012-08-22,110.963226
2012-08-23,110.055542
2012-08-24,110.720665
2012-08-27,110.744118
2012-08-28,110.634590
2012-08-29,110.720665
2012-08-30,109.922562
2012-08-31,110.446823
2012-09-04,110.345093
2012-09-05,110.251190
2012-09-06,112.488945
2012-09-07,112.927063
2012-09-10,112.285484
2012-09-11,112.598488
2012-09-12,112.974075
2012-09-13,114.695358
2012-09-14,115.203941
2012-09-17,114.812775
2012-09-18,114.718803
2012-09-19,114.781441
2012-09-20,114.789246
2012-09-21,114.741272
2012-09-24,114.568192
2012-09-25,113.348991
2012-09-26,112.711807
2012-09-27,113.773712
2012-09-28,113.246719
2012-10-01,113.545616
2012-10-02,113.663643
2012-10-03,114.127754
2012-10-04,114.945793
2012-10-05,114.953644
2012-10-08,114.560371
2012-10-09,113.427628
2012-10-10,112.703957
2012-10-11,112.766930
2012-10-12,112.397186
2012-10-15,113.333267
2012-10-16,114.481697
2012-10-17,115.000877
2012-10-18,114.701965
2012-10-19,112.790504
2012-10-22,112.806274
2012-10-23,111.240898
2012-10-24,110.926262
2012-10-25,111.248787
2012-10-26,111.185883
2012-10-31,111.185883
2012-11-01,112.349998
2012-11-02,111.351028
2012-11-05,111.579147
2012-11-06,112.452286
2012-11-07,109.903694
2012-11-08,108.582123
2012-11-09,108.676567
2012-11-12,108.763130
2012-11-13,108.385544
2012-11-14,106.922462
2012-11-15,106.741562
2012-11-16,107.268585
2012-11-19,109.439598
2012-11-20,109.486794
2012-11-21,109.691292
2012-11-23,111.185883
2012-11-26,110.949837
2012-11-27,110.383499
2012-11-28,111.272377
2012-11-29,111.791512
2012-11-30,111.815117
2012-12-03,111.264534
2012-12-04,111.107185
2012-12-05,111.303856
2012-12-06,111.681381
2012-12-07,112.019646
2012-12-10,112.066833
2012-12-11,112.829811
2012-12-12,112.884911
2012-12-13,112.192711
2012-12-14,111.775764
2012-12-17,113.089394
2012-12-18,114.347984
2012-12-19,113.498405
2012-12-20,114.151360
2012-12-21,113.115143
2012-12-24,112.766594
2012-12-26,112.291290
2012-12-27,112.140762
2012-12-28,110.928741
2012-12-31,112.814117
2013-01-02,115.705551
2013-01-03,115.444176
2013-01-04,115.951134
2013-01-07,115.634277
2013-01-08,115.301559
2013-01-09,115.594658
2013-01-10,116.513618
2013-01-11,116.505714
2013-01-14,116.426468
2013-01-15,116.505714
2013-01-16,116.489838
2013-01-17,117.242409
2013-01-18,117.503784
2013-01-22,118.137543
2013-01-23,118.327675
2013-01-24,118.359337
2013-01-25,119.024765
2013-01-28,118.882248
2013-01-29,119.349602
2013-01-30,118.882248
2013-01-31,118.589096
2013-02-01,119.809059
2013-02-04,118.462395
2013-02-05,119.658516
2013-02-06,119.745659
2013-02-07,119.587265
2013-02-08,120.252663
2013-02-11,120.228859
2013-02-12,120.426941
2013-02-13,120.529945
2013-02-14,120.640800
2013-02-15,120.498230
2013-02-19,121.401337
2013-02-20,119.888229
2013-02-21,119.159508
2013-02-22,120.323982
2013-02-25,118.034546
2013-02-26,118.842628
2013-02-27,120.339836
2013-02-28,120.102173
2013-03-01,120.498230
2013-03-04,121.139877
2013-03-05,122.225204
2013-03-06,122.391548
2013-03-07,122.613350
2013-03-08,123.136223
2013-03-11,123.603577
2013-03-12,123.326324
2013-03-13,123.500610
2013-03-14,124.158089
2013-03-15,123.994217
2013-03-18,123.309891
2013-03-19,123.023476
2013-03-20,123.882843
2013-03-21,122.824516
2013-03-22,123.811218
2013-03-25,123.293976
2013-03-26,124.280624
2013-03-27,124.280624
2013-03-28,124.662560
2013-04-01,124.169235
2013-04-02,124.781952
2013-04-03,123.516785
2013-04-04,124.018089
2013-04-05,123.461075
2013-04-08,124.296608
2013-04-09,124.726242
2013-04-10,126.253990
2013-04-11,126.667778
2013-04-12,126.357468
2013-04-15,123.429283
2013-04-16,125.251366
2013-04-17,123.421364
2013-04-18,122.649467
2013-04-19,123.715698
2013-04-22,124.264717
2013-04-23,125.545769
2013-04-24,125.625427
2013-04-25,126.134659
2013-04-26,125.911865
2013-04-29,126.755318
2013-04-30,127.057594
2013-05-01,125.943695
2013-05-02,127.113403
2013-05-03,128.402405
2013-05-06,128.728638
2013-05-07,129.381149
2013-05-08,129.969940
2013-05-09,129.603882
2013-05-10,130.025574
2013-05-13,130.129044
2013-05-14,131.473801
2013-05-15,132.181961
2013-05-16,131.561325
2013-05-17,132.834396
2013-05-20,132.826523
2013-05-21,133.017426
2013-05-22,132.030792
2013-05-23,131.648895
2013-05-24,131.537354
2013-05-28,132.325180
2013-05-29,131.465790
2013-05-30,131.951202
2013-05-31,130.057434
2013-06-03,130.773605
2013-06-04,130.144989
2013-06-05,128.322861
2013-06-06,129.484543
2013-06-07,131.131683
2013-06-10,131.131683
2013-06-11,129.778946
2013-06-12,128.704727
2013-06-13,130.662140
2013-06-14,129.842575
2013-06-17,130.845169
2013-06-18,131.879608
2013-06-19,130.057434
2013-06-20,126.834854
2013-06-21,127.242035
2013-06-24,125.634171
2013-06-25,126.842056
2013-06-26,128.097931
2013-06-27,128.849808
2013-06-28,128.321854
2013-07-01,129.073807
2013-07-02,128.953812
2013-07-03,129.009827
2013-07-05,130.401657
2013-07-08,131.145584
2013-07-09,132.089493
2013-07-10,132.137482
2013-07-11,133.937317
2013-07-12,133.993347
2013-07-15,134.505203
2013-07-16,134.001312
2013-07-17,134.345261
2013-07-18,135.081161
2013-07-19,135.321136
2013-07-22,135.585037
2013-07-23,135.297150
2013-07-24,134.801208
2013-07-25,135.129135
2013-07-26,135.273102
2013-07-29,134.857162
2013-07-30,134.857162
2013-07-31,134.953186
2013-08-01,136.512924
2013-08-02,136.744949
2013-08-05,136.545029
2013-08-06,135.769043
2013-08-07,135.329102
2013-08-08,135.825058
2013-08-09,135.433105
2013-08-12,135.273102
2013-08-13,135.673096
2013-08-14,134.977188
2013-08-15,133.089371
2013-08-16,132.649384
2013-08-19,131.801514
2013-08-20,132.449448
2013-08-21,131.633606
2013-08-22,132.833389
2013-08-23,133.281296
2013-08-26,132.785416
2013-08-27,130.649704
2013-08-28,131.113617
2013-08-29,131.321579
2013-08-30,130.905640
2013-09-03,131.497574
2013-09-04,132.585480
2013-09-05,132.753357
2013-09-06,132.817383
2013-09-09,134.089203
2013-09-10,135.081161
2013-09-11,135.505051
2013-09-12,135.145142
2013-09-13,135.449112
2013-09-16,136.233002
2013-09-17,136.840958
2013-09-18,138.424805
2013-09-19,138.192810
2013-09-20,137.226639
2013-09-23,136.591644
2013-09-24,136.270126
2013-09-25,135.876205
2013-09-26,136.398727
2013-09-27,135.771667
2013-09-30,135.048248
2013-10-01,136.117371
2013-10-02,135.988739
2013-10-03,134.734833
2013-10-04,135.755676
2013-10-07,134.582092
2013-10-08,133.014618
2013-10-09,133.111115
2013-10-10,135.980774
2013-10-11,136.856857
2013-10-14,137.403488
2013-10-15,136.406769
2013-10-16,138.311768
2013-10-17,139.236191
2013-10-18,140.176636
2013-10-21,140.184586
2013-10-22,140.996475
2013-10-23,140.321289
2013-10-24,140.787491
2013-10-25,141.430527
2013-10-28,141.655624
2013-10-29,142.411194
2013-10-30,141.703873
2013-10-31,141.302002
2013-11-01,141.639526
2013-11-04,142.137939
2013-11-05,141.687775
2013-11-06,142.411194
2013-11-07,140.610718
2013-11-08,142.507706
2013-11-11,142.531754
2013-11-12,142.242432
2013-11-13,143.383835
2013-11-14,144.099228
2013-11-15,144.726151
2013-11-18,144.219803
2013-11-19,143.906281
2013-11-20,143.456177
2013-11-21,144.613678
2013-11-22,145.337082
2013-11-25,145.192429
2013-11-26,145.232498
2013-11-27,145.586258
2013-11-29,145.489807
2013-12-02,145.112030
2013-12-03,144.485077
2013-12-04,144.468979
2013-12-05,143.833939
2013-12-06,145.441635
2013-12-09,145.811234
2013-12-10,145.288864
2013-12-11,143.657150
2013-12-12,143.182861
2013-12-13,143.166779
2013-12-16,144.059006
2013-12-17,143.600800
2013-12-18,146.052429
2013-12-19,145.883606
2013-12-20,146.732285
2013-12-23,147.516220
2013-12-24,147.839478
2013-12-26,148.591034
2013-12-27,148.582993
2013-12-30,148.558701
2013-12-31,149.261871
2014-01-02,147.831360
2014-01-03,147.807159
2014-01-06,147.378830
2014-01-07,148.283951
2014-01-08,148.316315
2014-01-09,148.413254
2014-01-10,148.817368
2014-01-13,146.837311
2014-01-14,148.437500
2014-01-15,149.237564
2014-01-16,149.043655
2014-01-17,148.413254
2014-01-21,148.849701
2014-01-22,148.946671
2014-01-23,147.726303
2014-01-24,144.574417
2014-01-27,143.863220
2014-01-28,144.719925
2014-01-29,143.329895
2014-01-30,144.849243
2014-01-31,144.000656
2014-02-03,140.759903
2014-02-04,141.745804
2014-02-05,141.567978
2014-02-06,143.434860
2014-02-07,145.212906
2014-02-10,145.479599
2014-02-11,147.071716
2014-02-12,147.144455
2014-02-13,147.904083
2014-02-14,148.720383
2014-02-18,148.898148
2014-02-19,147.912231
2014-02-20,148.785034
2014-02-21,148.615311
2014-02-24,149.439682
2014-02-25,149.383087
2014-02-26,149.391144
2014-02-27,150.175079
2014-02-28,150.554947
2014-03-03,149.496246
2014-03-04,151.597473
2014-03-05,151.734924
2014-03-06,152.082397
2014-03-07,152.147003
2014-03-10,152.066193
2014-03-11,151.314575
2014-03-12,151.355011
2014-03-13,149.657883
2014-03-14,149.237564
2014-03-17,150.587265
2014-03-18,151.662125
2014-03-19,150.853989
2014-03-20,151.734924
2014-03-21,151.146347
2014-03-24,150.521317
2014-03-25,151.235596
2014-03-26,150.147888
2014-03-27,149.831299
2014-03-28,150.569992
2014-03-31,151.803818
2014-04-01,152.810425
2014-04-02,153.321823
2014-04-03,153.118881
2014-04-04,151.308701
2014-04-07,149.636505
2014-04-08,150.253418
2014-04-09,151.868835
2014-04-10,148.678635
2014-04-11,147.339264
2014-04-14,148.500122
2014-04-15,149.522888
2014-04-16,151.089493
2014-04-17,151.300613
2014-04-21,151.828232
2014-04-22,152.518204
2014-04-23,152.160995
2014-04-24,152.469513
2014-04-25,151.219391
2014-04-28,151.698349
2014-04-29,152.404587
2014-04-30,152.859131
2014-05-01,152.875366
2014-05-02,152.656158
2014-05-05,152.948441
2014-05-06,151.617126
2014-05-07,152.510056
2014-05-08,152.347672
2014-05-09,152.575027
2014-05-12,154.060486
2014-05-13,154.198517
2014-05-14,153.467972
2014-05-15,152.120453
2014-05-16,152.648102
2014-05-19,153.208191
2014-05-20,152.242157
2014-05-21,153.524765
2014-05-22,153.898102
2014-05-23,154.515091
2014-05-27,155.464844
2014-05-28,155.351151
2014-05-29,156.154846
2014-05-30,156.406357
2014-06-02,156.584991
2014-06-03,156.503830
2014-06-04,156.820465
2014-06-05,157.843262
2014-06-06,158.598129
2014-06-09,158.760529
2014-06-10,158.776733
2014-06-11,158.224701
2014-06-12,157.104568
2014-06-13,157.583527
2014-06-16,157.713348
2014-06-17,158.151672
2014-06-18,159.312469
2014-06-19,159.491058
2014-06-20,159.814819
2014-06-23,159.765945
2014-06-24,158.803467
2014-06-25,159.521210
2014-06-26,159.407043
2014-06-27,159.716995
2014-06-30,159.635452
2014-07-01,160.703918
2014-07-02,160.867004
2014-07-03,161.658203
2014-07-07,161.095352
2014-07-08,160.059540
2014-07-09,160.777298
2014-07-10,160.141068
2014-07-11,160.361298
2014-07-14,161.168808
2014-07-15,160.867004
2014-07-16,161.462479
2014-07-17,159.627289
2014-07-18,161.258514
2014-07-21,160.956711
2014-07-22,161.658203
2014-07-23,162.017090
2014-07-24,162.025238
2014-07-25,161.266663
2014-07-28,161.331924
2014-07-29,160.638657
2014-07-30,160.663116
2014-07-31,157.490265
2014-08-01,157.009064
2014-08-04,158.142792
2014-08-05,156.609390
2014-08-06,156.658340
2014-08-07,155.810089
2014-08-08,157.612656
2014-08-11,158.069382
2014-08-12,157.849182
2014-08-13,158.917648
2014-08-14,159.668015
2014-08-15,159.635452
2014-08-18,160.973083
2014-08-19,161.813171
2014-08-20,162.245438
2014-08-21,162.718491
2014-08-22,162.465729
2014-08-25,163.289429
2014-08-26,163.395462
2014-08-27,163.330215
2014-08-28,163.240463
2014-08-29,163.705444
2014-09-02,163.623886
2014-09-03,163.534119
2014-09-04,163.297638
2014-09-05,164.031647
2014-09-08,163.607590
2014-09-09,162.571701
2014-09-10,163.183441
2014-09-11,163.371048
2014-09-12,162.416718
2014-09-15,162.294327
2014-09-16,163.517838
2014-09-17,163.738083
2014-09-18,164.610779
2014-09-19,164.462463
2014-09-22,163.192337
2014-09-23,162.258133
2014-09-24,163.528275
2014-09-25,160.889664
2014-09-26,162.167953
2014-09-29,161.873016
2014-09-30,161.446930
2014-10-01,159.258987
2014-10-02,159.283600
2014-10-03,161.037201
2014-10-06,160.848633
2014-10-07,158.365753
2014-10-08,161.135513
2014-10-09,157.939667
2014-10-10,156.136856
2014-10-13,153.572037
2014-10-14,153.809647
2014-10-15,152.768982
2014-10-16,152.637878
2014-10-17,154.440643
2014-10-20,155.940186
2014-10-21,159.029572
2014-10-22,157.898712
2014-10-23,159.734238
2014-10-24,160.963425
2014-10-27,160.742142
2014-10-28,162.585907
2014-10-29,162.340088
2014-10-30,163.380814
2014-10-31,165.249115
2014-11-03,165.339249
2014-11-04,164.765640
2014-11-05,165.806351
2014-11-06,166.470093
2014-11-07,166.625763
2014-11-10,167.150253
2014-11-11,167.314133
2014-11-12,167.133881
2014-11-13,167.322296
2014-11-14,167.363327
2014-11-17,167.469849
2014-11-18,168.436691
2014-11-19,168.166321
2014-11-20,168.461395
2014-11-21,169.362717
2014-11-24,169.838028
2014-11-25,169.715073
2014-11-26,170.149414
2014-11-28,169.788864
2014-12-01,168.608780
2014-12-02,169.698730
2014-12-03,170.354248
2014-12-04,170.165817
2014-12-05,170.444412
2014-12-08,169.305374
2014-12-09,169.190643
2014-12-10,166.478302
2014-12-11,167.322296
2014-12-12,164.618179
2014-12-15,163.487305
2014-12-16,162.176224
2014-12-17,165.355637
2014-12-18,169.444687
2014-12-19,170.165695
2014-12-22,170.948425
2014-12-23,171.179138
2014-12-24,171.195572
2014-12-26,171.747604
2014-12-29,171.978424
2014-12-30,171.055588
2014-12-31,169.358154
2015-01-02,169.267532
2015-01-05,166.210602
2015-01-06,164.645081
2015-01-07,166.696732
2015-01-08,169.654785
2015-01-09,168.295212
2015-01-12,166.976868
2015-01-13,166.507202
2015-01-14,165.501968
2015-01-15,163.985886
2015-01-16,166.136459
2015-01-20,166.490753
2015-01-21,167.331207
2015-01-22,169.819611
2015-01-23,168.888550
2015-01-26,169.283981
2015-01-27,167.050995
2015-01-28,164.908737
2015-01-29,166.433060
2015-01-30,164.340164
2015-02-02,166.375427
2015-02-03,168.781403
2015-02-04,168.138672
2015-02-05,169.836090
2015-02-06,169.366379
2015-02-09,168.608368
2015-02-10,170.404602
2015-02-11,170.503510
2015-02-12,172.143188
2015-02-13,172.851776
2015-02-17,173.123703
2015-02-18,173.140152
2015-02-19,173.016541
2015-02-20,174.054749
2015-02-23,174.030060
2015-02-24,174.524429
2015-02-25,174.376160
2015-02-26,174.170135
2015-02-27,173.576859
2015-03-02,174.672760
2015-03-03,173.955887
2015-03-04,173.222534
2015-03-05,173.412094
2015-03-06,170.973175
2015-03-09,171.681717
2015-03-10,168.896729
2015-03-11,168.501251
2015-03-12,170.643570
2015-03-13,169.597092
2015-03-16,171.863037
2015-03-17,171.352188
2015-03-18,173.412094
2015-03-19,172.621078
2015-03-20,174.144775
2015-03-23,173.805405
2015-03-24,172.828812
2015-03-25,170.296204
2015-03-26,169.890671
2015-03-27,170.279678
2015-03-30,172.357040
2015-03-31,170.850754
2015-04-01,170.246582
2015-04-02,170.859100
2015-04-06,172.009430
2015-04-07,171.554230
2015-04-08,172.133606
2015-04-09,172.895004
2015-04-10,173.838516
2015-04-13,173.052353
2015-04-14,173.383362
2015-04-15,174.161316
2015-04-16,174.111679
2015-04-17,172.108749
2015-04-20,173.681274
2015-04-21,173.474396
2015-04-22,174.326828
2015-04-23,174.765488
2015-04-24,175.171112
2015-04-27,174.442703
2015-04-28,174.997223
2015-04-29,174.277222
2015-04-30,172.530869
2015-05-01,174.401367
2015-05-04,174.897934
2015-05-05,172.895004
2015-05-06,172.183273
2015-05-07,172.870224
2015-05-08,175.146240
2015-05-11,174.310287
2015-05-12,173.788895
2015-05-13,173.821991
2015-05-14,175.634521
2015-05-15,175.824921
2015-05-18,176.371155
2015-05-19,176.313248
2015-05-20,176.189102
2015-05-21,176.702164
2015-05-22,176.280090
2015-05-26,174.384827
2015-05-27,176.040100
2015-05-28,175.841400
2015-05-29,174.748932
2015-06-01,175.104782
2015-06-02,174.931061
2015-06-03,175.394531
2015-06-04,173.912979
2015-06-05,173.615036
2015-06-08,172.547424
2015-06-09,172.522552
2015-06-10,174.591660
2015-06-11,175.154510
2015-06-12,173.813705
2015-06-15,173.068802
2015-06-16,174.012329
2015-06-17,174.293762
2015-06-18,176.106293
2015-06-19,175.324539
2015-06-22,176.222748
2015-06-23,176.347443
2015-06-24,175.066696
2015-06-25,174.534439
2015-06-26,174.501175
2015-06-29,170.841812
2015-06-30,171.199463
2015-07-01,172.571716
2015-07-02,172.413666
2015-07-06,171.922913
2015-07-07,173.004166
2015-07-08,170.101608
2015-07-09,170.409348
2015-07-10,172.555069
2015-07-13,174.459564
2015-07-14,175.216431
2015-07-15,175.158096
2015-07-16,176.563721
2015-07-17,176.713394
2015-07-20,176.804947
2015-07-21,176.106293
2015-07-22,175.790253
2015-07-23,174.800522
2015-07-24,172.987503
2015-07-27,171.981186
2015-07-28,174.093643
2015-07-29,175.291275
2015-07-30,175.332840
2015-07-31,175.066696
2015-08-03,174.476227
2015-08-04,174.135178
2015-08-05,174.709045
2015-08-06,173.278641
2015-08-07,172.945938
2015-08-10,175.124939
2015-08-11,173.544724
2015-08-12,173.752701
2015-08-13,173.536407
2015-08-14,174.168503
2015-08-17,175.141571
2015-08-18,174.634216
2015-08-19,173.253693
2015-08-20,169.635880
2015-08-21,164.529434
2015-08-24,157.601593
2015-08-25,155.746979
2015-08-26,161.726715
2015-08-27,165.727081
2015-08-28,165.735321
2015-08-31,164.396332
2015-09-01,159.489502
2015-09-02,162.516769
2015-09-03,162.633255
2015-09-04,160.171509
2015-09-08,164.196732
2015-09-09,162.001114
2015-09-10,162.882706
2015-09-11,163.622879
2015-09-14,163.015747
2015-09-15,165.053406
2015-09-16,166.483810
2015-09-17,166.109604
2015-09-18,163.395111
2015-09-21,164.239502
2015-09-22,162.107681
2015-09-23,161.848526
2015-09-24,161.263306
2015-09-25,161.221512
2015-09-28,157.175323
2015-09-29,157.267227
2015-09-30,160.201614
2015-10-01,160.619644
2015-10-02,163.018936
2015-10-05,165.919815
2015-10-06,165.351318
2015-10-07,166.705688
2015-10-08,168.210449
2015-10-09,168.310806
2015-10-12,168.469589
2015-10-13,167.407883
2015-10-14,166.605316
2015-10-15,169.163467
2015-10-16,169.932648
2015-10-19,170.016205
2015-10-20,169.798904
2015-10-21,168.745468
2015-10-22,171.596207
2015-10-23,173.477203
2015-10-26,173.050873
2015-10-27,172.716476
2015-10-28,174.681046
2015-10-29,174.580704
2015-10-30,173.828339
2015-11-02,175.884872
2015-11-03,176.394791
2015-11-04,175.859787
2015-11-05,175.684280
2015-11-06,175.592239
2015-11-09,173.953705
2015-11-10,174.355011
2015-11-11,173.669510
2015-11-12,171.245148
2015-11-13,169.322266
2015-11-16,171.897141
2015-11-17,171.771805
2015-11-18,174.497070
2015-11-19,174.346664
2015-11-20,174.982010
2015-11-23,174.781357
2015-11-24,175.015427
2015-11-25,174.990402
2015-11-27,175.190994
2015-11-30,174.463730
2015-12-01,176.127365
2015-12-02,174.329910
2015-12-03,171.888824
2015-12-04,175.241074
2015-12-07,174.179474
2015-12-08,173.009064
2015-12-09,171.663132
2015-12-10,172.106171
2015-12-11,168.770599
2015-12-14,169.623291
2015-12-15,171.403931
2015-12-16,173.911926
2015-12-17,171.261826
2015-12-18,168.210800
2015-12-21,169.598404
2015-12-22,171.137360
2015-12-23,173.256683
2015-12-24,172.970642
2015-12-28,172.575485
2015-12-29,174.417175
2015-12-30,173.180954
2015-12-31,171.448532
2016-01-04,169.051712
2016-01-05,169.337708
2016-01-06,167.201691
2016-01-07,163.190216
2016-01-08,161.398926
2016-01-11,161.558701
2016-01-12,162.862228
2016-01-13,158.800339
2016-01-14,161.407364
2016-01-15,157.942566
2016-01-19,158.152802
2016-01-20,156.126068
2016-01-21,157.000671
2016-01-22,160.221573
2016-01-25,157.799576
2016-01-26,159.952484
2016-01-27,158.211685
2016-01-28,159.035812
2016-01-29,162.912704
2016-02-01,162.853790
2016-02-02,159.918793
2016-02-03,160.877548
2016-02-04,161.129807
2016-02-05,158.060318
2016-02-08,155.932678
2016-02-09,155.941025
2016-02-10,155.806473
2016-02-11,153.779770
2016-02-12,156.950256
2016-02-16,159.599274
2016-02-17,162.206299
2016-02-18,161.541870
2016-02-19,161.466187
2016-02-22,163.804092
2016-02-23,161.735382
2016-02-24,162.475418
2016-02-25,164.443268
2016-02-26,164.064819
2016-02-29,162.778122
2016-03-01,166.604538
2016-03-02,167.352997
2016-03-03,168.008957
2016-03-04,168.555588
2016-03-07,168.690140
2016-03-08,166.848404
2016-03-09,167.672592
2016-03-10,167.807129
2016-03-11,170.515030
2016-03-14,170.296432
2016-03-15,170.018875
2016-03-16,171.002808
2016-03-17,172.087677
2016-03-18,172.763916
2016-03-21,173.009064
2016-03-22,172.916046
2016-03-23,171.774887
2016-03-24,171.698807
2016-03-28,171.800232
2016-03-29,173.389404
2016-03-30,174.150253
2016-03-31,173.727554
2016-04-01,174.910980
2016-04-04,174.344666
2016-04-05,172.603241
2016-04-06,174.488312
2016-04-07,172.400391
2016-04-08,172.865311
2016-04-11,172.459549
2016-04-12,174.065689
2016-04-13,175.823929
2016-04-14,175.832367
2016-04-15,175.638000
2016-04-18,176.872101
2016-04-19,177.429993
2016-04-20,177.599030
2016-04-21,176.643829
2016-04-22,176.643829
2016-04-25,176.339539
2016-04-26,176.601624
2016-04-27,176.965042
2016-04-28,175.358994
2016-04-29,174.412292
2016-05-02,175.798584
2016-05-03,174.268509
2016-05-04,173.296448
2016-05-05,173.262680
2016-05-06,173.896622
2016-05-09,174.040283
2016-05-10,176.204300
2016-05-11,174.555954
2016-05-12,174.606705
2016-05-13,173.085114
2016-05-16,174.792648
2016-05-17,173.161209
2016-05-18,173.211929
2016-05-19,172.611740
2016-05-20,173.702148
2016-05-23,173.465530
2016-05-24,175.713989
2016-05-25,176.905930
2016-05-26,176.956650
2016-05-27,177.717438
2016-05-31,177.379333
2016-06-01,177.742783
2016-06-02,178.283783
2016-06-03,177.751205
2016-06-06,178.655685
2016-06-07,178.934647
2016-06-08,179.517899
2016-06-09,179.272736
2016-06-10,177.573715
2016-06-13,176.204300
2016-06-14,175.857712
2016-06-15,175.612610
2016-06-16,176.136658
2016-06-17,175.480743
2016-06-20,176.610855
2016-06-21,177.112152
2016-06-22,176.823242
2016-06-23,179.125977
2016-06-24,172.693695
2016-06-27,169.600784
2016-06-28,172.659698
2016-06-29,175.599762
2016-06-30,177.995865
2016-07-01,178.369736
2016-07-05,177.086685
2016-07-06,178.148773
2016-07-07,178.038345
2016-07-08,180.689377
2016-07-11,181.326675
2016-07-12,182.643692
2016-07-13,182.618240
2016-07-14,183.637894
2016-07-15,183.391495
2016-07-18,183.884277
2016-07-19,183.697372
2016-07-20,184.462082
2016-07-21,183.765274
2016-07-22,184.589569
2016-07-25,184.088242
2016-07-26,184.173172
2016-07-27,183.977753
2016-07-28,184.190186
2016-07-29,184.487625
2016-08-01,184.334625
2016-08-02,183.153519
2016-08-03,183.688843
2016-08-04,183.884277
2016-08-05,185.388214
2016-08-08,185.277756
2016-08-09,185.388214
2016-08-10,184.929382
2016-08-11,185.787598
2016-08-12,185.626160
2016-08-15,186.161499
2016-08-16,185.201340
2016-08-17,185.549652
2016-08-18,185.966034
2016-08-19,185.694122
2016-08-22,185.685654
2016-08-23,186.059509
2016-08-24,185.107895
2016-08-25,184.980438
2016-08-26,184.632019
2016-08-29,185.541153
2016-08-30,185.235321
2016-08-31,184.708511
2016-09-01,184.716995
2016-09-02,185.549652
2016-09-06,186.110504
2016-09-07,186.093521
2016-09-08,185.668640
2016-09-09,181.224716
2016-09-12,183.824799
2016-09-13,181.182190
2016-09-14,181.114273
2016-09-15,182.924118
2016-09-16,182.216995
2016-09-19,182.251175
2016-09-20,182.259705
2016-09-21,184.309250
2016-09-22,185.470749
2016-09-23,184.454468
2016-09-26,182.960037
2016-09-27,184.095795
2016-09-28,185.009537
2016-09-29,183.335709
2016-09-30,184.719223
2016-10-03,184.275177
2016-10-04,183.335709
2016-10-05,184.147064
2016-10-06,184.275177
2016-10-07,183.643158
2016-10-10,184.599686
2016-10-11,182.268204
2016-10-12,182.507355
2016-10-13,181.909531
2016-10-14,182.003540
2016-10-17,181.371552
2016-10-18,182.507355
2016-10-19,182.994125
2016-10-20,182.652496
2016-10-21,182.737930
2016-10-24,183.515045
2016-10-25,182.900208
2016-10-26,182.532990
2016-10-27,182.046234
2016-10-28,181.508209
2016-10-31,181.516754
2016-11-01,180.201614
2016-11-02,179.116989
2016-11-03,178.297165
2016-11-04,178.100708
2016-11-07,182.029129
2016-11-08,182.848953
2016-11-09,184.787537
2016-11-10,185.248688
2016-11-11,184.821671
2016-11-14,184.966843
2016-11-15,186.410126
2016-11-16,186.059952
2016-11-17,187.016434
2016-11-18,186.597977
2016-11-21,188.007095
2016-11-22,188.374298
2016-11-23,188.476776
2016-11-25,189.177048
2016-11-28,188.288910
2016-11-29,188.656128
2016-11-30,188.203552
2016-12-01,187.511719
2016-12-02,187.605698
2016-12-05,188.732971
2016-12-06,189.330811
2016-12-07,191.807373
2016-12-08,192.277023
2016-12-09,193.438477
2016-12-12,193.216461
2016-12-13,194.505997
2016-12-14,192.900513
2016-12-15,193.694702
2016-12-16,193.315857
2016-12-19,193.736786
2016-12-20,194.484177
2016-12-21,193.942963
2016-12-22,193.607956
2016-12-23,193.891449
2016-12-27,194.372467
2016-12-28,192.766052
2016-12-29,192.723145
2016-12-30,192.018723
2017-01-03,193.487656
2017-01-04,194.638763
2017-01-05,194.484177
2017-01-06,195.179993
2017-01-09,194.535736
2017-01-10,194.535736
2017-01-11,195.085388
2017-01-12,194.595825
2017-01-13,195.042511
2017-01-17,194.355286
2017-01-18,194.784805
2017-01-19,194.063187
2017-01-20,194.776215
2017-01-23,194.269394
2017-01-24,195.514984
2017-01-25,197.207275
2017-01-26,197.001114
2017-01-27,196.691849
2017-01-30,195.472015
2017-01-31,195.454895
2017-02-01,195.532135
2017-02-02,195.661057
2017-02-03,197.009674
2017-02-06,196.657516
2017-02-07,196.666092
2017-02-08,196.923798
2017-02-09,198.092056
2017-02-10,198.873779
2017-02-13,199.956146
2017-02-14,200.755066
2017-02-15,201.803101
2017-02-16,201.631241
2017-02-17,201.949142
2017-02-21,203.151749
2017-02-22,202.971390
2017-02-23,203.108780
2017-02-24,203.366516
2017-02-27,203.684372
2017-02-28,203.134552
2017-03-01,205.977936
2017-03-02,204.680832
2017-03-03,204.809692
2017-03-06,204.199783
2017-03-07,203.589905
2017-03-08,203.211868
2017-03-09,203.469589
2017-03-10,204.182571
2017-03-13,204.285690
2017-03-14,203.503967
2017-03-15,205.264954
2017-03-16,204.861221
2017-03-17,204.501450
2017-03-20,204.277145
2017-03-21,201.654312
2017-03-22,202.128891
2017-03-23,201.913116
2017-03-24,201.766464
2017-03-27,201.559418
2017-03-28,203.026077
2017-03-29,203.215897
2017-03-30,203.862961
2017-03-31,203.388443
2017-04-03,203.034775
2017-04-04,203.164185
2017-04-05,202.560196
2017-04-06,203.129639
2017-04-07,202.922623
2017-04-10,203.043335
2017-04-11,202.801788
2017-04-12,201.913116
2017-04-13,200.601761
2017-04-17,202.379044
2017-04-18,201.775085
2017-04-19,201.404083
2017-04-20,203.043335
2017-04-21,202.396362
2017-04-24,204.622223
2017-04-25,205.812851
2017-04-26,205.683426
2017-04-27,205.855988
2017-04-28,205.407288
2017-05-01,205.924988
2017-05-02,206.002655
2017-05-03,205.752457
2017-05-04,205.994034
2017-05-05,206.805038
2017-05-08,206.770523
2017-05-09,206.580704
2017-05-10,206.951691
2017-05-11,206.528946
2017-05-12,206.183868
2017-05-15,207.322678
2017-05-16,207.132843
2017-05-17,203.457489
2017-05-18,204.277145
2017-05-19,205.605789
2017-05-22,206.649719
2017-05-23,207.106995
2017-05-24,207.590179
2017-05-25,208.582291
2017-05-26,208.539200
2017-05-30,208.358032
2017-05-31,208.306244
2017-06-01,209.962769
2017-06-02,210.661621
2017-06-05,210.506256
2017-06-06,209.833374
2017-06-07,210.221542
2017-06-08,210.325073
2017-06-09,210.005920
2017-06-12,209.962769
2017-06-13,210.989410
2017-06-14,210.722000
2017-06-15,210.316483
2017-06-16,210.362457
2017-06-19,212.113739
2017-06-20,210.683212
2017-06-21,210.631226
2017-06-22,210.535782
2017-06-23,210.787231
2017-06-26,210.925964
2017-06-27,209.226715
2017-06-28,211.099411
2017-06-29,209.244064
2017-06-30,209.634201
2017-07-03,209.989670
2017-07-05,210.475128
2017-07-06,208.550446
2017-07-07,209.902924
2017-07-10,210.128372
2017-07-11,209.972305
2017-07-12,211.550201
2017-07-13,211.905655
2017-07-14,212.894028
2017-07-17,212.867966
2017-07-18,212.980698
2017-07-19,214.133774
2017-07-20,214.229141
2017-07-21,214.038437
2017-07-24,213.986374
2017-07-25,214.506577
2017-07-26,214.515228
2017-07-27,214.315872
2017-07-28,214.064407
2017-07-31,213.943008
2017-08-01,214.419907
2017-08-02,214.523911
2017-08-03,214.107773
2017-08-04,214.497894
2017-08-07,214.896698
2017-08-08,214.367859
2017-08-09,214.359116
2017-08-10,211.333481
2017-08-11,211.645523
2017-08-14,213.743652
2017-08-15,213.717621
2017-08-16,214.090424
2017-08-17,210.752579
2017-08-18,210.423111
2017-08-21,210.587830
2017-08-22,212.789948
2017-08-23,212.027084
2017-08-24,211.532822
2017-08-25,212.027084
2017-08-28,212.035660
2017-08-29,212.278473
2017-08-30,213.284180
2017-08-31,214.567245
2017-09-01,214.870697
2017-09-05,213.327438
2017-09-06,214.055725
2017-09-07,214.029739
2017-09-08,213.778305
2017-09-11,216.058517
2017-09-12,216.786743
2017-09-13,216.890793
2017-09-14,216.821457
2017-09-15,217.113281
2017-09-18,217.575058
2017-09-19,217.792892
2017-09-20,217.871277
2017-09-21,217.287537
2017-09-22,217.331146
2017-09-25,216.886765
2017-09-26,217.017426
2017-09-27,217.862579
2017-09-28,218.123962
2017-09-29,218.890656
2017-10-02,219.840363
2017-10-03,220.310913
2017-10-04,220.572266
2017-10-05,221.879150
2017-10-06,221.626480
2017-10-09,221.260574
2017-10-10,221.844269
2017-10-11,222.192841
2017-10-12,221.861755
2017-10-13,222.131821
2017-10-16,222.428085
2017-10-17,222.584885
2017-10-18,222.802765
2017-10-19,222.863693
2017-10-20,224.013794
2017-10-23,223.142502
2017-10-24,223.534637
2017-10-25,222.428085
2017-10-26,222.715622
2017-10-27,224.536514
2017-10-30,223.700165
2017-10-31,224.048645
2017-11-01,224.344894
2017-11-02,224.431992
2017-11-03,225.181305
2017-11-06,225.529800
2017-11-07,225.373016
2017-11-08,225.756348
2017-11-09,224.937347
2017-11-10,224.867676
2017-11-13,225.076660
2017-11-14,224.553940
2017-11-15,223.430038
2017-11-16,225.329437
2017-11-17,224.667206
2017-11-20,225.050598
2017-11-21,226.523010
2017-11-22,226.322693
2017-11-24,226.845383
2017-11-27,226.732193
2017-11-28,229.032303
2017-11-29,228.892899
2017-11-30,230.896866
2017-12-01,230.417679
2017-12-04,230.138840
2017-12-05,229.311111
2017-12-06,229.354706
2017-12-07,230.077850
2017-12-08,231.332489
2017-12-11,232.029526
2017-12-12,232.439041
2017-12-13,232.412842
2017-12-14,231.463196
2017-12-15,233.390701
2017-12-18,234.870697
2017-12-19,233.968689
2017-12-20,233.846008
2017-12-21,234.327698
2017-12-22,234.266434
2017-12-26,233.986176
2017-12-27,234.100006
2017-12-28,234.581696
2017-12-29,233.697159
2018-01-02,235.369797
2018-01-03,236.858551
2018-01-04,237.856888
2018-01-05,239.441940
2018-01-08,239.879883
2018-01-09,240.422775
2018-01-10,240.054993
2018-01-11,241.806412
2018-01-12,243.382721
2018-01-16,242.550766
2018-01-17,244.862717
2018-01-18,244.451172
2018-01-19,245.563293
2018-01-22,247.559921
2018-01-23,248.085388
2018-01-24,247.989136
2018-01-25,248.094131
2018-01-26,250.966553
2018-01-29,249.302719
2018-01-30,246.745544
2018-01-31,246.868149
2018-02-01,246.587845
2018-02-02,241.219742
2018-02-05,231.131287
2018-02-06,235.685089
2018-02-07,234.406570
2018-02-08,225.614166
2018-02-09,229.003311
2018-02-12,232.366058
2018-02-13,232.944016
2018-02-14,236.087891
2018-02-15,239.100464
2018-02-16,239.170502
2018-02-20,237.673035
2018-02-21,236.490723
2018-02-22,236.797302
2018-02-23,240.571671
2018-02-26,243.365234
2018-02-27,240.326462
2018-02-28,237.891953
2018-03-01,234.432755
2018-03-02,235.641327
2018-03-05,238.364807
2018-03-06,238.969086
2018-03-07,238.881516
2018-03-08,240.037460
2018-03-09,244.214630
2018-03-12,243.908173
2018-03-13,242.331757
2018-03-14,241.088333
2018-03-15,240.825562
2018-03-16,241.086792
2018-03-19,237.824799
2018-03-20,238.229263
2018-03-21,237.771988
2018-03-22,231.828369
2018-03-23,226.887115
2018-03-26,233.094467
2018-03-27,229.129181
2018-03-28,228.452118
2018-03-29,231.371216
2018-04-02,226.377121
2018-04-03,229.278595
2018-04-04,231.731705
2018-04-05,233.560532
2018-04-06,228.355408
2018-04-09,229.480865
2018-04-10,233.129623
2018-04-11,231.907501
2018-04-12,233.815460
2018-04-13,233.129623
2018-04-16,235.046371
2018-04-17,237.561020
2018-04-18,237.736862
2018-04-19,236.418030
2018-04-20,234.413300
2018-04-23,234.378189
2018-04-24,231.221649
2018-04-25,231.793182
2018-04-26,234.149551
2018-04-27,234.369324
2018-04-30,232.566910
2018-05-01,232.980179
2018-05-02,231.415146
2018-05-03,230.905182
2018-05-04,233.894608
2018-05-07,234.685883
2018-05-08,234.685883
2018-05-09,236.954346
2018-05-10,239.170044
2018-05-11,239.899811
2018-05-14,240.014053
2018-05-15,238.361160
2018-05-16,239.363434
2018-05-17,239.161194
2018-05-18,238.563339
2018-05-21,240.356979
2018-05-22,239.688797
2018-05-23,240.348145
2018-05-24,239.855804
2018-05-25,239.284271
2018-05-29,236.532272
2018-05-30,239.688797
2018-05-31,238.220428
2018-06-01,240.559250
2018-06-04,241.702271
2018-06-05,241.878036
2018-06-06,243.900330
2018-06-07,243.873932
2018-06-08,244.594910
2018-06-11,244.920273
2018-06-12,245.236755
2018-06-13,244.454239
2018-06-14,245.069763
2018-06-15,244.756927
2018-06-18,244.253662
2018-06-19,243.317444
2018-06-20,243.732498
2018-06-21,242.204697
2018-06-22,242.646225
2018-06-25,239.343094
2018-06-26,239.873108
2018-06-27,237.885803
2018-06-28,239.245987
2018-06-29,239.590424
2018-07-02,240.102722
2018-07-03,239.254791
2018-07-05,241.206573
2018-07-06,243.246887
2018-07-09,245.437057
2018-07-10,246.320312
2018-07-11,244.518509
2018-07-12,246.735397
2018-07-13,246.929672
2018-07-16,246.708893
2018-07-17,247.706879
2018-07-18,248.227982
2018-07-19,247.291809
2018-07-20,247.009064
2018-07-23,247.468460
2018-07-24,248.713715
2018-07-25,250.833405
2018-07-26,250.241608
2018-07-27,248.545929
2018-07-30,247.247589
2018-07-31,248.466385
2018-08-01,248.051376
2018-08-02,249.402588
2018-08-03,250.471237
2018-08-06,251.389816
2018-08-07,252.219940
2018-08-08,252.113968
2018-08-09,251.769531
2018-08-10,250.082626
2018-08-13,249.146484
2018-08-14,250.736206
2018-08-15,248.863922
2018-08-16,250.877487
2018-08-17,251.760757
2018-08-20,252.299393
2018-08-21,252.891220
2018-08-22,252.740952
2018-08-23,252.405487
2018-08-24,253.924591
2018-08-27,255.929321
2018-08-28,256.053009
2018-08-29,257.430725
2018-08-30,256.388641
2018-08-31,256.397369
2018-09-04,255.955811
2018-09-05,255.266922
2018-09-06,254.498566
2018-09-07,254.003967
2018-09-10,254.445602
2018-09-11,255.284653
2018-09-12,255.346451
2018-09-13,256.856628
2018-09-14,256.900879
2018-09-17,255.540710
2018-09-18,256.927307
2018-09-19,257.201141
2018-09-20,259.285400
2018-09-21,259.048615
2018-09-24,258.187958
2018-09-25,257.948456
2018-09-26,257.176544
2018-09-27,257.895233
2018-09-28,257.921814
2018-10-01,258.817871
2018-10-02,258.667023
2018-10-03,258.808929
2018-10-04,256.786224
2018-10-05,255.348969
2018-10-08,255.348969
2018-10-09,254.976395
2018-10-10,246.902969
2018-10-11,241.464630
2018-10-12,244.818176
2018-10-15,243.443008
2018-10-16,248.766174
2018-10-17,248.810455
2018-10-18,245.217316
2018-10-19,245.084305
2018-10-22,243.984177
2018-10-23,242.742126
2018-10-24,235.387390
2018-10-25,239.610336
2018-10-26,235.396240
2018-10-29,234.092102
2018-10-30,237.561020
2018-10-31,240.098328
2018-11-01,242.653473
2018-11-02,241.216202
2018-11-05,242.546997
2018-11-06,244.081787
2018-11-07,249.307281
2018-11-08,248.854904
2018-11-09,246.423935
2018-11-12,241.819534
2018-11-13,241.366974
2018-11-14,239.716827
2018-11-15,242.218750
2018-11-16,242.848541
2018-11-19,238.740906
2018-11-20,234.322754
2018-11-21,235.121231
2018-11-23,233.550949
2018-11-26,237.321487
2018-11-27,238.119858
2018-11-28,243.602692
2018-11-29,243.070435
2018-11-30,244.551971
2018-12-03,247.790192
2018-12-04,239.761215
2018-12-06,239.397461
2018-12-07,233.834854
2018-12-10,234.278412
2018-12-11,234.331711
2018-12-12,235.511627
2018-12-13,235.431793
2018-12-14,231.084564
2018-12-17,226.551056
2018-12-18,226.302643
2018-12-19,222.913605
2018-12-20,219.284988
2018-12-21,214.791962
2018-12-24,209.116562
2018-12-26,219.682129
2018-12-27,221.368698
2018-12-28,221.083084
2018-12-31,223.019531
2019-01-02,223.251556
2019-01-03,217.924210
2019-01-04,225.223724
2019-01-07,226.999496
2019-01-08,229.132248
2019-01-09,230.203049
2019-01-10,231.015152
2019-01-11,231.104355
2019-01-14,229.694427
2019-01-15,232.326950
2019-01-16,232.889099
2019-01-17,234.655975
2019-01-18,237.779327
2019-01-22,234.566742
2019-01-23,235.057556
2019-01-24,235.182465
2019-01-25,237.172455
2019-01-28,235.369843
2019-01-29,235.057556
2019-01-30,238.778778
2019-01-31,240.875702
2019-02-01,240.991791
2019-02-04,242.687332
2019-02-05,243.704529
2019-02-06,243.383347
2019-02-07,241.063156
2019-02-08,241.357620
2019-02-11,241.491547
2019-02-12,244.596939
2019-02-13,245.391113
2019-02-14,244.846817
2019-02-15,247.514984
2019-02-19,247.943329
2019-02-20,248.442993
2019-02-21,247.559555
2019-02-22,249.094543
2019-02-25,249.433502
2019-02-26,249.255112
2019-02-27,249.147995
2019-02-28,248.683945
2019-03-01,250.236649
2019-03-04,249.326401
2019-03-05,248.987350
2019-03-06,247.479233
2019-03-07,245.408951
2019-03-08,244.918213
2019-03-11,248.469833
2019-03-12,249.406723
2019-03-13,251.057617
2019-03-14,250.896988
2019-03-15,252.136642
2019-03-18,253.050827
2019-03-19,253.113586
2019-03-20,252.351669
2019-03-21,255.201935
2019-03-22,250.290131
2019-03-25,250.102005
2019-03-26,251.966309
2019-03-27,250.648743
2019-03-28,251.598724
2019-03-29,253.185333
2019-04-01,256.187836
2019-04-02,256.313263
2019-04-03,256.716675
2019-04-04,257.397858
2019-04-05,258.643738
2019-04-08,258.840881
2019-04-09,257.514313
2019-04-10,258.392761
2019-04-11,258.321075
2019-04-12,260.068756
2019-04-15,259.898468
2019-04-16,260.068756
2019-04-17,259.432495
2019-04-18,259.943268
2019-04-22,260.167389
2019-04-23,262.506805
2019-04-24,261.924133
2019-04-25,261.762726
2019-04-26,262.981781
2019-04-29,263.394043
2019-04-30,263.528442
2019-05-01,261.547699
2019-05-02,260.983032
2019-05-03,263.537445
2019-05-06,262.452972
2019-05-07,258.070099
2019-05-08,257.711548
2019-05-09,256.931702
2019-05-10,258.222473
2019-05-13,251.733276
2019-05-14,254.009842
2019-05-15,255.497696
2019-05-16,257.863953
2019-05-17,256.196869
2019-05-20,254.502808
2019-05-21,256.797363
2019-05-22,256.008575
2019-05-23,252.880524
2019-05-24,253.454102
2019-05-28,251.096909
2019-05-29,249.411850
2019-05-30,250.093002
2019-05-31,246.722977
2019-06-03,246.095566
2019-06-04,251.437469
2019-06-05,253.615433
2019-06-06,255.264664
2019-06-07,257.819122
2019-06-10,259.002228
2019-06-11,258.939545
2019-06-12,258.482483
2019-06-13,259.548920
2019-06-14,259.262207
2019-06-17,259.360718
2019-06-18,262.076630
2019-06-19,262.668030
2019-06-20,265.177673
2019-06-21,264.792114
2019-06-24,264.467957
2019-06-25,261.874115
2019-06-26,261.612885
2019-06-27,262.540588
2019-06-28,263.891541
2019-07-01,266.287292
2019-07-02,266.980927
2019-07-03,269.115356
2019-07-05,268.809113
2019-07-08,267.332031
2019-07-09,267.665314
2019-07-10,268.944183
2019-07-11,269.574677
2019-07-12,270.781555
2019-07-15,270.871582
2019-07-16,269.997925
2019-07-17,268.160583
2019-07-18,269.142365
2019-07-19,267.647308
2019-07-22,268.304718
2019-07-23,270.223145
2019-07-24,271.493042
2019-07-25,270.196075
2019-07-26,272.006470
2019-07-29,271.511169
2019-07-30,270.844574
2019-07-31,267.881439
2019-08-01,265.548706
2019-08-02,263.549255
2019-08-05,255.623581
2019-08-06,259.208069
2019-08-07,259.361267
2019-08-08,264.449921
2019-08-09,262.648621
2019-08-12,259.451385
2019-08-13,263.486206
2019-08-14,255.695541
2019-08-15,256.371063
2019-08-16,260.153961
2019-08-19,263.288086
2019-08-20,261.270569
2019-08-21,263.396179
2019-08-22,263.315063
2019-08-23,256.551270
2019-08-26,259.388275
2019-08-27,258.370544
2019-08-28,260.189911
2019-08-29,263.513275
2019-08-30,263.396179
2019-09-03,261.856049
2019-09-04,264.828278
2019-09-05,268.232666
2019-09-06,268.439819
2019-09-09,268.574890
2019-09-10,268.511902
2019-09-11,270.421295
2019-09-12,271.357941
2019-09-13,271.177826
2019-09-16,270.340240
2019-09-17,271.024811
2019-09-18,271.186829
2019-09-19,271.168793
2019-09-20,269.887543
2019-09-23,269.824219
2019-09-24,267.707031
2019-09-25,269.290375
2019-09-26,268.729462
2019-09-27,267.281860
2019-09-30,268.521362
2019-10-01,265.327362
2019-10-02,260.640503
2019-10-03,262.775757
2019-10-04,266.331787
2019-10-07,265.182556
2019-10-08,261.065643
2019-10-09,263.544891
2019-10-10,265.327362
2019-10-11,268.078003
2019-10-14,267.779388
2019-10-15,270.430542
2019-10-16,269.996185
2019-10-17,270.792389
2019-10-18,269.607086
2019-10-21,271.434784
2019-10-22,270.548096
2019-10-23,271.335327
2019-10-24,271.778595
2019-10-25,272.891632
2019-10-28,274.429810
2019-10-29,274.348297
2019-10-30,275.189819
2019-10-31,274.456970
2019-11-01,276.999390
2019-11-04,278.112305
2019-11-05,277.804749
2019-11-06,277.868042
2019-11-07,278.845276
2019-11-08,279.532898
2019-11-11,278.998993
2019-11-12,279.587189
2019-11-13,279.677704
2019-11-14,280.084869
2019-11-15,282.111633
2019-11-18,282.319702
2019-11-19,282.238373
2019-11-20,281.188721
2019-11-21,280.736298
2019-11-22,281.360687
2019-11-25,283.541138
2019-11-26,284.183655
2019-11-27,285.450470
2019-11-29,284.391754
2019-12-02,281.975952
2019-12-03,280.084869
2019-12-04,281.813049
2019-12-05,282.319702
2019-12-06,284.898376
2019-12-09,284.002686
2019-12-10,283.685944
2019-12-11,284.491272
2019-12-12,286.943298
2019-12-13,287.115265
2019-12-16,289.087769
2019-12-17,289.150970
2019-12-18,289.169250
2019-12-19,290.354462
2019-12-20,291.627441
2019-12-23,292.072968
2019-12-24,292.082092
2019-12-26,293.636871
2019-12-27,293.564148
2019-12-30,291.945679
2019-12-31,292.654907
2020-01-02,295.391846
2020-01-03,293.155060
2020-01-06,294.273438
2020-01-07,293.446014
2020-01-08,295.009918
2020-01-09,297.010345
2020-01-10,296.155518
2020-01-13,298.192291
2020-01-14,297.737671
2020-01-15,298.410553
2020-01-16,300.892883
2020-01-17,301.829376
2020-01-21,301.238342
2020-01-22,301.274719
2020-01-23,301.620178
2020-01-24,298.937836
2020-01-27,294.146118
2020-01-28,297.228516
2020-01-29,296.982971
2020-01-30,297.946808
2020-01-31,292.536652
2020-02-03,294.709930
2020-02-04,299.201538
2020-02-05,302.656769
2020-02-06,303.675110
2020-02-07,302.056610
2020-02-10,304.311676
2020-02-11,304.838959
2020-02-12,306.803009
2020-02-13,306.475677
2020-02-14,306.966644
2020-02-18,306.175598
2020-02-19,307.639496
2020-02-20,306.375641
2020-02-21,303.220428
2020-02-24,293.164154
2020-02-25,284.280579
2020-02-26,283.234985
2020-02-27,270.514374
2020-02-28,269.377777
2020-03-02,281.043640
2020-03-03,272.996735
2020-03-04,284.471497
2020-03-05,275.015228
2020-03-06,270.468872
2020-03-09,249.346863
2020-03-10,262.249207
2020-03-11,249.464996
2020-03-12,225.596832
2020-03-13,244.882324
2020-03-16,218.086380
2020-03-17,229.861298
2020-03-18,218.222733
2020-03-19,218.686462
2020-03-20,209.262329
2020-03-23,203.911865
2020-03-24,222.386978
2020-03-25,225.716187
2020-03-26,238.895721
2020-03-27,231.779984
2020-03-30,239.307205
2020-03-31,235.740265
2020-04-01,225.130783
2020-04-02,230.325821
2020-04-03,226.996613
2020-04-06,242.243134
2020-04-07,242.490067
2020-04-08,250.630096
2020-04-09,254.443970
2020-04-13,252.120834
2020-04-14,259.556610
2020-04-15,254.041580
2020-04-16,255.267075
2020-04-17,262.163300
2020-04-20,257.544586
2020-04-21,249.724670
2020-04-22,255.267075
2020-04-23,255.248810
2020-04-24,258.806671
2020-04-27,262.538300
2020-04-28,261.331024
2020-04-29,268.172302
2020-04-30,265.675385
2020-05-01,258.642029
2020-05-04,259.355408
2020-05-05,261.751709
2020-05-06,259.977325
2020-05-07,263.114471
2020-05-08,267.467987
2020-05-11,267.522827
2020-05-12,262.190765
2020-05-13,257.553711
2020-05-14,260.635956
2020-05-15,261.834076
2020-05-18,269.809387
2020-05-19,267.038177
2020-05-20,271.574646
2020-05-21,269.699646
2020-05-22,270.211884
2020-05-26,273.540985
2020-05-27,277.610992
2020-05-28,277.098907
2020-05-29,278.333466
2020-06-01,279.458557
2020-06-02,281.772461
2020-06-03,285.522369
2020-06-04,284.772461
2020-06-05,292.070953
2020-06-08,295.601349
2020-06-09,293.397125
2020-06-10,291.759979
2020-06-11,274.940338
2020-06-12,278.232971
2020-06-15,280.830444
2020-06-16,286.235718
2020-06-17,285.046875
2020-06-18,285.156525
2020-06-19,283.526917
2020-06-22,285.345856
2020-06-23,286.659424
2020-06-24,279.347168
2020-06-25,282.341888
2020-06-26,275.635834
2020-06-29,279.687042
2020-06-30,283.269653
2020-07-01,285.253906
2020-07-02,286.824768
2020-07-06,291.252594
2020-07-07,288.248627
2020-07-08,290.453430
2020-07-09,288.799835
2020-07-10,291.748627
2020-07-13,289.222382
2020-07-14,292.970398
2020-07-15,295.662109
2020-07-16,294.688263
2020-07-17,295.542542
2020-07-20,297.931061
2020-07-21,298.564911
2020-07-22,300.264343
2020-07-23,296.681702
2020-07-24,294.770905
2020-07-27,296.920593
2020-07-28,295.037323
2020-07-29,298.665924
2020-07-30,297.600311
2020-07-31,299.952057
2020-08-03,302.037384
2020-08-04,303.204010
2020-08-05,305.087097
2020-08-06,307.126556
2020-08-07,307.347076
2020-08-10,308.265747
2020-08-11,305.721039
2020-08-12,309.983551
2020-08-13,309.423126
2020-08-14,309.432373
2020-08-17,310.415253
2020-08-18,311.085846
2020-08-19,309.790619
2020-08-20,310.755127
2020-08-21,311.857513
2020-08-24,315.017609
2020-08-25,316.120056
2020-08-26,319.289215
2020-08-27,319.987366
2020-08-28,322.054352
2020-08-31,320.887634
2020-09-01,323.909973
2020-09-02,328.595001
2020-09-03,317.286682
2020-09-04,314.696075
2020-09-08,306.097687
2020-09-09,312.142303
2020-09-10,306.722321
2020-09-11,306.878510
2020-09-14,310.920471
2020-09-15,312.491394
2020-09-16,311.251251
2020-09-17,308.513702
2020-09-18,304.961884
2020-09-21,301.567749
2020-09-22,304.639130
2020-09-23,297.574249
2020-09-24,298.367371
2020-09-25,303.191010
2020-09-28,308.226868
2020-09-29,306.548309
2020-09-30,308.872467
2020-10-01,310.855438
2020-10-02,307.904053
2020-10-05,313.364197
2020-10-06,308.909424
2020-10-07,314.286407
2020-10-08,317.071808
2020-10-09,319.903290
2020-10-12,325.049713
2020-10-13,322.928528
2020-10-14,320.899414
2020-10-15,320.502808
2020-10-16,320.309143
2020-10-19,315.439270
2020-10-20,316.702942
2020-10-21,316.103363
2020-10-22,317.837372
2020-10-23,318.916473
2020-10-26,313.022888
2020-10-27,311.943787
2020-10-28,301.281799
2020-10-29,304.343994
2020-10-30,301.171234
2020-11-02,304.546875
2020-11-03,309.923889
2020-11-04,316.850433
2020-11-05,323.029999
2020-11-06,322.956177
2020-11-09,327.014282
2020-11-10,326.534698
2020-11-11,328.960388
2020-11-12,325.769135
2020-11-13,330.279266
2020-11-16,334.402130
2020-11-17,332.603546
2020-11-18,328.600800
2020-11-19,329.984161
2020-11-20,327.724579
2020-11-23,329.688934
2020-11-24,335.001495
2020-11-25,334.485077
2020-11-27,335.416534
2020-11-30,333.931671
2020-12-01,337.583984
2020-12-02,338.294128
2020-12-03,338.201996
2020-12-04,341.116516
2020-12-07,340.415497
2020-12-08,341.411652
2020-12-09,338.349457
2020-12-10,338.238861
2020-12-11,337.842224
2020-12-14,336.329651
2020-12-15,340.876648
2020-12-16,341.411652
2020-12-17,343.320831
2020-12-18,341.949982
2020-12-21,340.727234
2020-12-22,340.152954
2020-12-23,340.458649
2020-12-24,341.783173
2020-12-28,344.719360
2020-12-29,344.061768
2020-12-30,344.552612
2020-12-31,346.303223
2021-01-04,341.588684
2021-01-05,343.941376
2021-01-06,345.997589
2021-01-07,351.138275
2021-01-08,353.138916
2021-01-11,350.758545
2021-01-12,350.832581
2021-01-13,351.777435
2021-01-14,350.545410
2021-01-15,347.989044
2021-01-19,350.721405
2021-01-20,355.574982
2021-01-21,355.899078
2021-01-22,354.639404
2021-01-25,356.038116
2021-01-26,355.482391
2021-01-27,346.794159
2021-01-28,349.776672
2021-01-29,342.774323
2021-02-01,348.479950
2021-02-02,353.407562
2021-02-03,353.685394
2021-02-04,357.705292
2021-02-05,359.113129
2021-02-08,361.706635
2021-02-09,361.465790
2021-02-10,361.308411
2021-02-11,361.891937
2021-02-12,363.679596
2021-02-16,363.364624
2021-02-17,363.448059
2021-02-18,361.901184
2021-02-19,361.262024
2021-02-22,358.483368
2021-02-23,358.918640
2021-02-24,362.873749
2021-02-25,354.130066
2021-02-26,352.305328
2021-03-01,360.845215
2021-03-02,358.029480
2021-03-03,353.287201
2021-03-04,348.915344
2021-03-05,355.334076
2021-03-08,353.564911
2021-03-09,358.613007
2021-03-10,360.845215
2021-03-11,364.503906
2021-03-12,364.994843
2021-03-15,367.171478
2021-03-16,366.708344
2021-03-17,367.958832
2021-03-18,362.605133
2021-03-19,361.934204
2021-03-22,364.824188
2021-03-23,361.952820
2021-03-24,360.112762
2021-03-25,362.138580
2021-03-26,367.974518
2021-03-29,367.788574
2021-03-30,366.812897
2021-03-31,368.299713
2021-04-01,372.277008
2021-04-05,377.620300
2021-04-06,377.397308
2021-04-07,377.834015
2021-04-08,379.627533
2021-04-09,382.387634
2021-04-12,382.526886
2021-04-13,383.660675
2021-04-14,382.350372
2021-04-15,386.457703
2021-04-16,387.749481
2021-04-19,385.844330
2021-04-20,383.019440
2021-04-21,386.643616
2021-04-22,383.112274
2021-04-23,387.266205
2021-04-26,388.074707
2021-04-27,387.991028
2021-04-28,387.879547
2021-04-29,390.351501
2021-04-30,387.786621
2021-05-03,388.622986
2021-05-04,386.225403
2021-05-05,386.346222
2021-05-06,389.431366
2021-05-07,392.265686
2021-05-10,388.381378
2021-05-11,384.915253
2021-05-12,376.737549
2021-05-13,381.263123
2021-05-14,387.117554
2021-05-17,386.132477
2021-05-18,382.805695
2021-05-19,381.802002
2021-05-20,385.909515
2021-05-21,385.593506
2021-05-24,389.524414
2021-05-25,388.660095
2021-05-26,389.431366
2021-05-27,389.635895
2021-05-28,390.332855
2021-06-01,389.988953
2021-06-02,390.602356
2021-06-03,389.152679
2021-06-04,392.711761
2021-06-07,392.330841
2021-06-08,392.414429
2021-06-09,391.828949
2021-06-10,393.650269
2021-06-11,394.300812
2021-06-14,395.183655
2021-06-15,394.458801
2021-06-16,392.256409
2021-06-17,392.126434
2021-06-18,386.836456
2021-06-21,392.374359
2021-06-22,394.472015
2021-06-23,393.996552
2021-06-24,396.327393
2021-06-25,397.735199
2021-06-28,398.536926
2021-06-29,398.751404
2021-06-30,399.087006
2021-07-01,401.296600
2021-07-02,404.363922
2021-07-06,403.627380
2021-07-07,405.053833
2021-07-08,401.753448
2021-07-09,406.042114
2021-07-12,407.496521
2021-07-13,406.107330
2021-07-14,406.713318
2021-07-15,405.324249
2021-07-16,402.145050
2021-07-19,396.206238
2021-07-20,401.883942
2021-07-21,405.137756
2021-07-22,405.986176
2021-07-23,410.162933
2021-07-26,411.169861
2021-07-27,409.295898
2021-07-28,409.128082
2021-07-29,410.824860
2021-07-30,408.829865
2021-08-02,407.972015
2021-08-03,411.291077
2021-08-04,409.267883
2021-08-05,411.859741
2021-08-06,412.540344
2021-08-09,412.204773
2021-08-10,412.717560
2021-08-11,413.743011
2021-08-12,414.982941
2021-08-13,415.738159
2021-08-16,416.717072
2021-08-17,413.985413
2021-08-18,409.454346
2021-08-19,410.088287
2021-08-20,413.351501
2021-08-23,416.987457
2021-08-24,417.649414
2021-08-25,418.525818
2021-08-26,416.055176
2021-08-27,419.775116
2021-08-30,421.621033
2021-08-31,420.996429
2021-09-01,421.220154
2021-09-02,422.516205
2021-09-03,422.413544
2021-09-07,420.903259
2021-09-08,420.390411
2021-09-09,418.591064
2021-09-10,415.290649
2021-09-13,416.353485
2021-09-14,414.106598
2021-09-15,417.565491
2021-09-16,416.903564
2021-09-17,412.842560
2021-09-20,405.958679
2021-09-21,405.575226
2021-09-22,409.531555
2021-09-23,414.507294
2021-09-24,415.190125
2021-09-27,414.002258
2021-09-28,405.659363
2021-09-29,406.342163
2021-09-30,401.375702
2021-10-01,406.145813
2021-10-04,400.908081
2021-10-05,405.079468
2021-10-06,406.763031
2021-10-07,410.279816
2021-10-08,409.531555
2021-10-11,406.566620
2021-10-12,405.565826
2021-10-13,407.024933
2021-10-14,413.871338
2021-10-15,417.023346
2021-10-18,418.257935
2021-10-19,421.484680
2021-10-20,423.140198
2021-10-21,424.243896
2021-10-22,423.804260
2021-10-25,426.077087
2021-10-26,426.460541
2021-10-27,424.571167
2021-10-28,428.667786
2021-10-29,429.537628
2021-11-01,430.276550
2021-11-02,432.016235
2021-11-03,434.653778
2021-11-04,436.702118
2021-11-05,438.217224
2021-11-08,438.591339
2021-11-09,437.141693
2021-11-10,433.624908
2021-11-11,433.765167
2021-11-12,437.038818
2021-11-15,437.188385
2021-11-16,438.918732
2021-11-17,437.852539
2021-11-18,439.339661
2021-11-19,438.553955
2021-11-22,437.319336
2021-11-23,437.899261
2021-11-24,439.068390
2021-11-26,429.275787
2021-11-29,434.541443
2021-11-30,426.086426
2021-12-01,421.353729
2021-12-02,427.807343
2021-12-03,424.084900
2021-12-06,429.107452
2021-12-07,437.983429
2021-12-08,439.143158
2021-12-09,436.178314
2021-12-10,440.284271
2021-12-13,436.384033
2021-12-14,433.381744
2021-12-15,440.153381
2021-12-16,436.271759
2021-12-17,431.628632
2021-12-20,427.038910
2021-12-21,434.622650
2021-12-22,438.968353
2021-12-23,441.699738
2021-12-27,447.950684
2021-12-28,447.584595
2021-12-29,448.157196
2021-12-30,446.918304
2021-12-31,445.791901
2022-01-03,448.373047
2022-01-04,448.222900
2022-01-05,439.616028
2022-01-06,439.203064
2022-01-07,437.466553
2022-01-10,436.922302
2022-01-11,440.901886
2022-01-12,442.093842
2022-01-13,436.002502
2022-01-14,436.180847
2022-01-18,428.456207
2022-01-19,424.007355
2022-01-20,419.314362
2022-01-21,411.082947
2022-01-24,412.828735
2022-01-25,407.788544
2022-01-26,406.765442
2022-01-27,404.756805
2022-01-28,414.809174
2022-01-31,422.280396
2022-02-01,425.133606
2022-02-02,429.263428
2022-02-03,419.173584
2022-02-04,421.144653
2022-02-07,419.792999
2022-02-08,423.247009
2022-02-09,429.441711
2022-02-10,421.726562
2022-02-11,413.410583
2022-02-14,412.059204
2022-02-15,418.704254
2022-02-16,419.173584
2022-02-17,410.219452
2022-02-18,407.563263
2022-02-22,403.189362
2022-02-23,396.037415
2022-02-24,401.997467
2022-02-25,410.866974
2022-02-28,409.815857
2022-03-01,403.574188
2022-03-02,410.998474
2022-03-03,408.952362
2022-03-04,405.629761
2022-03-07,393.672150
2022-03-08,390.687378
2022-03-09,401.162048
2022-03-10,399.350616
2022-03-11,394.272888
2022-03-14,391.391296
2022-03-15,399.998199
2022-03-16,408.867828
2022-03-17,413.983154
2022-03-18,418.517456
2022-03-21,418.395050
2022-03-22,423.290833
2022-03-23,417.839600
2022-03-24,424.138214
2022-03-25,426.209534
2022-03-28,429.241241
2022-03-29,434.551239
2022-03-30,431.868011
2022-03-31,425.221008
2022-04-01,426.426117
2022-04-04,430.079071
2022-04-05,424.646637
2022-04-06,420.400452
2022-04-07,422.518829
2022-04-08,421.389038
2022-04-11,414.186523
2022-04-12,412.651855
2022-04-13,417.378265
2022-04-14,412.181152
2022-04-18,412.350647
2022-04-19,419.007050
2022-04-20,418.696320
2022-04-21,412.435364
2022-04-22,401.118439
2022-04-25,403.443939
2022-04-26,391.759949
2022-04-27,392.861481
2022-04-28,402.784851
2022-04-29,387.899780
2022-05-02,390.234680
2022-05-03,392.023560
2022-05-04,403.961761
2022-05-05,389.603851
2022-05-06,387.278381
2022-05-09,374.878784
2022-05-10,375.744904
2022-05-11,369.775726
2022-05-12,369.389771
2022-05-13,378.221039
2022-05-16,376.686432
2022-05-17,384.435059
2022-05-18,368.937775
2022-05-19,366.678223
2022-05-20,366.838318
2022-05-23,373.701843
2022-05-24,370.849152
2022-05-25,374.125488
2022-05-26,381.601074
2022-05-27,390.969025
2022-05-31,388.775330
2022-06-01,385.630737
2022-06-02,392.974396
2022-06-03,386.525146
2022-06-06,387.702057
2022-06-07,391.420959
2022-06-08,387.165283
2022-06-09,377.957428
2022-06-10,366.998291
2022-06-13,353.064087
2022-06-14,352.000244
2022-06-15,357.018372
2022-06-16,345.202545
2022-06-17,345.946625
2022-06-21,354.655426
2022-06-22,354.012451
2022-06-23,357.482666
2022-06-24,368.848358
2022-06-27,367.439575
2022-06-28,359.931702
2022-06-29,359.638580
2022-06-30,356.716736
2022-07-01,360.489563
2022-07-05,361.170380
2022-07-06,362.390198
2022-07-07,367.817749
2022-07-08,367.515137
2022-07-11,363.316833
2022-07-12,360.101898
2022-07-13,358.210724
2022-07-14,357.340820
2022-07-15,364.167877
2022-07-18,361.160980
2022-07-19,370.919220
2022-07-20,373.283142
2022-07-21,377.084412
2022-07-22,373.585754
2022-07-25,374.039612
2022-07-26,369.614410
2022-07-27,379.211823
2022-07-28,383.968140
2022-07-29,389.565918
2022-08-01,388.412323
2022-08-02,385.849854
2022-08-03,391.892029
2022-08-04,391.627289
2022-08-05,390.965332
2022-08-08,390.511444
2022-08-09,388.960693
2022-08-10,397.130432
2022-08-11,397.130432
2022-08-12,403.853485
2022-08-15,405.517700
2022-08-16,406.311981
2022-08-17,403.427887
2022-08-18,404.600433
2022-08-19,399.163391
2022-08-22,390.851837
2022-08-23,389.906311
2022-08-24,391.154449
2022-08-25,396.676605
2022-08-26,383.249481
2022-08-29,380.715332
2022-08-30,376.535919
2022-08-31,373.670776
2022-09-01,374.843384
2022-09-02,370.890839
2022-09-06,369.491455
2022-09-07,376.129303
2022-09-08,378.587799
2022-09-09,384.469299
2022-09-12,388.601440
2022-09-13,371.703979
2022-09-14,373.122467
2022-09-15,368.886261
2022-09-16,366.072021
2022-09-19,368.910889
2022-09-20,364.676392
2022-09-21,358.314972
2022-09-22,355.305298
2022-09-23,349.352112
2022-09-26,345.896149
2022-09-27,345.013153
2022-09-28,351.801727
2022-09-29,344.453003
2022-09-30,339.126526
2022-10-03,348.079865
2022-10-04,358.865662
2022-10-05,358.030212
2022-10-06,354.336761
2022-10-07,344.453003
2022-10-10,341.822937
2022-10-11,339.658203
2022-10-12,338.537811
2022-10-13,347.472260
2022-10-14,339.553802
2022-10-17,348.279327
2022-10-18,352.371429
2022-10-19,349.874329
2022-10-20,346.940582
2022-10-21,355.371704
2022-10-24,359.720184
2022-10-25,365.464447
2022-10-26,362.710968
2022-10-27,360.774109
2022-10-28,369.357178
2022-10-31,366.689148
2022-11-01,365.084564
2022-11-02,355.922394
2022-11-03,352.257507
2022-11-04,357.327606
2022-11-07,360.745575
2022-11-08,362.692078
2022-11-09,355.219788
2022-11-10,374.740570
2022-11-11,378.367554
2022-11-14,375.148834
2022-11-15,378.348602
2022-11-16,375.462189
2022-11-17,374.313324
2022-11-18,376.012909
2022-11-21,374.645660
2022-11-22,379.687256
2022-11-23,382.079865
2022-11-25,381.994385
2022-11-28,375.898956
2022-11-29,375.253326
2022-11-30,387.073944
2022-12-01,386.789124
2022-12-02,386.342987
2022-12-05,379.392914
2022-12-06,373.924011
2022-12-07,373.287933
2022-12-08,376.212311
2022-12-09,373.401855
2022-12-12,378.785309
2022-12-13,381.652588
2022-12-14,379.212463
2022-12-15,369.936371
2022-12-16,365.568787
2022-12-19,362.468903
2022-12-20,362.964966
2022-12-21,368.392151
2022-12-22,363.136597
2022-12-23,365.225494
2022-12-27,363.785217
2022-12-28,359.264099
2022-12-29,365.730927
2022-12-30,364.767609
2023-01-03,363.231995
2023-01-04,366.036224
2023-01-05,361.858490
2023-01-06,370.156708
2023-01-09,369.946838
2023-01-10,372.541229
2023-01-11,377.253052
2023-01-12,378.626526
2023-01-13,380.095428
2023-01-17,379.399200
2023-01-18,373.409210
2023-01-19,370.690826
2023-01-20,377.596405
2023-01-23,382.127106
2023-01-24,381.716949
2023-01-25,381.860016
2023-01-26,386.056824
2023-01-27,386.943756
2023-01-30,382.088898
2023-01-31,387.706909
2023-02-01,391.827362
2023-02-02,397.531158
2023-02-03,393.305817
2023-02-06,390.902191
2023-02-07,396.014618
2023-02-08,391.684296
2023-02-09,388.288727
2023-02-10,389.194824
2023-02-13,393.763611
2023-02-14,393.582458
2023-02-15,394.860535
2023-02-16,389.423737
2023-02-17,388.450897
2023-02-21,380.658142
2023-02-22,380.133545
2023-02-23,382.155670
2023-02-24,378.073334
2023-02-27,379.361023
2023-02-28,377.958893
2023-03-01,376.509094
2023-03-02,379.437317
2023-03-03,385.522644
2023-03-06,385.789703
2023-03-07,379.876038
2023-03-08,380.496063
2023-03-09,373.475952
2023-03-10,368.086853
2023-03-13,367.562256
2023-03-14,373.638153
2023-03-15,371.301208
2023-03-16,377.815826
2023-03-17,373.398132
2023-03-20,376.988586
2023-03-21,381.938629
2023-03-22,375.427948
2023-03-23,376.442871
2023-03-24,378.913055
2023-03-27,379.621490
2023-03-28,378.769501
2023-03-29,384.274811
2023-03-30,386.524811
2023-03-31,391.972717
2023-04-03,393.466400
2023-04-04,391.283386
2023-04-05,390.258942
2023-04-06,391.781281
2023-04-10,392.183411
2023-04-11,392.288727
2023-04-12,390.689789
2023-04-13,395.879181
2023-04-14,394.912201
2023-04-17,396.329193
2023-04-18,396.587708
2023-04-19,396.520721
2023-04-20,394.356812
2023-04-21,394.663239
2023-04-24,395.074860
2023-04-25,388.803528
2023-04-26,387.156769
2023-04-27,394.864349
2023-04-28,398.234558
2023-05-01,397.832367
2023-05-02,393.361115
2023-05-03,390.660980
2023-05-04,387.894043
2023-05-05,395.074860
2023-05-08,395.180237
2023-05-09,393.447205
2023-05-10,395.285553
2023-05-11,394.596191
2023-05-12,394.079163
2023-05-15,395.438812
2023-05-16,392.796234
2023-05-17,397.564301
2023-05-18,401.394196
2023-05-19,400.810059
2023-05-22,400.972870
2023-05-23,396.472809
2023-05-24,393.600433
2023-05-25,397.009003
2023-05-26,402.150513
2023-05-30,402.303711
2023-05-31,400.072937
2023-06-01,403.873901
2023-06-02,409.714478
2023-06-05,408.929291
2023-06-06,409.819763
2023-06-07,408.402618
2023-06-08,410.872955
2023-06-09,411.610168
2023-06-12,415.344269
2023-06-13,418.082520
2023-06-14,418.580414
2023-06-15,423.769897
2023-06-16,422.326447
2023-06-20,420.135254
2023-06-21,417.982666
2023-06-22,419.491455
2023-06-23,416.320129
2023-06-26,414.619049
2023-06-27,419.164734
2023-06-28,419.376160
2023-06-29,421.029083
2023-06-30,425.997498
2023-07-03,426.487671
2023-07-05,425.853363
2023-07-06,422.518585
2023-07-07,421.451874
2023-07-10,422.518585
2023-07-11,425.209473
2023-07-12,428.630676
2023-07-13,432.032654
2023-07-14,431.763580
2023-07-17,433.262726
2023-07-18,436.482147
2023-07-19,437.452820
2023-07-20,434.550476
2023-07-21,434.550476
2023-07-24,436.491760
2023-07-25,437.683411
2023-07-26,437.750671
2023-07-27,434.848389
2023-07-28,439.105682
2023-07-31,439.941803
2023-08-01,438.682922
2023-08-02,432.580444
2023-08-03,431.340729
2023-08-04,429.389832
2023-08-07,433.137817
2023-08-08,431.254242
2023-08-09,428.371216
2023-08-10,428.524963
2023-08-11,428.275085
2023-08-14,430.639191
2023-08-15,425.622711
2023-08-16,422.499451
2023-08-17,419.280029
2023-08-18,419.481812
2023-08-21,422.211060
2023-08-22,421.067505
2023-08-23,425.757263
2023-08-24,419.856659
2023-08-25,422.816559
2023-08-28,425.497772
2023-08-29,431.648254
2023-08-30,433.426117
2023-08-31,432.791870
2023-09-01,433.599060
2023-09-05,431.725067
2023-09-06,428.822876
2023-09-07,427.506287
2023-09-08,428.150116
2023-09-11,430.965942
2023-09-12,428.601898
2023-09-13,429.101562
2023-09-14,432.801422
2023-09-15,427.586914
2023-09-18,427.837708
2023-09-19,426.950409
2023-09-20,423.025269
2023-09-21,416.033356
2023-09-22,415.097961
2023-09-25,416.843506
2023-09-26,410.719604
2023-09-27,410.883453
2023-09-28,413.265503
2023-09-29,412.262665
2023-10-02,412.098633
2023-10-03,406.582275
2023-10-04,409.542969
2023-10-05,409.388641
2023-10-06,414.249268
2023-10-09,416.901367
2023-10-10,419.071289
2023-10-11,420.787903
2023-10-12,418.222565
2023-10-13,416.139465
2023-10-16,420.517853
2023-10-17,420.498535
2023-10-18,414.895447
2023-10-19,411.250000
2023-10-20,406.196503
2023-10-23,405.492493
2023-10-24,408.549652
2023-10-25,402.686096
2023-10-26,397.864075
2023-10-27,396.060608
2023-10-30,400.795898
2023-10-31,403.312958
2023-11-01,407.614166
2023-11-02,415.425842
2023-11-03,419.215881
2023-11-06,420.180359
2023-11-07,421.376221
2023-11-08,421.684784
2023-11-09,418.396179
2023-11-10,424.925201
2023-11-13,424.520142
2023-11-14,432.756104
2023-11-15,433.672333
2023-11-16,434.202728
2023-11-17,434.742798
2023-11-20,438.089264
2023-11-21,437.134460
2023-11-22,438.822235
2023-11-24,439.092194
2023-11-27,438.301453
2023-11-28,438.735413
2023-11-29,438.426788
2023-11-30,440.153046
2023-12-01,442.756958
2023-12-04,440.432739
2023-12-05,440.345947
2023-12-06,438.571472
2023-12-07,441.917969
2023-12-08,443.817841
2023-12-11,445.544067
2023-12-12,447.578979
2023-12-13,453.751221
2023-12-14,455.207428
2023-12-15,454.457886
2023-12-18,457.014252
2023-12-19,459.793335
2023-12-20,453.421844
2023-12-21,457.721161
2023-12-22,458.641022
2023-12-26,460.577667
2023-12-27,461.410431
2023-12-28,461.584717
2023-12-29,460.248413
2024-01-02,457.672638
2024-01-03,453.935028
2024-01-04,452.472809
2024-01-05,453.092621
2024-01-08,459.560883
2024-01-09,458.863800
2024-01-10,461.458801
2024-01-11,461.255463
2024-01-12,461.575043
2024-01-16,459.880524
2024-01-17,457.324158
2024-01-18,461.391083
2024-01-19,467.142822
2024-01-22,468.130493
2024-01-23,469.495789
2024-01-24,470.009003
2024-01-25,472.565369
2024-01-26,471.965027
2024-01-29,475.702698
2024-01-30,475.334778
2024-01-31,467.578583
2024-02-01,473.698273
2024-02-02,478.685089
2024-02-05,476.942139
2024-02-06,478.326843
2024-02-07,482.316254
2024-02-08,482.529297
2024-02-09,485.318024
2024-02-12,485.104980
2024-02-13,478.423615
2024-02-14,482.771393
2024-02-15,486.102417
2024-02-16,483.681610
2024-02-20,481.018738
2024-02-21,481.454407
2024-02-22,491.418457
2024-02-23,491.757324
2024-02-26,489.956207
2024-02-27,490.866425
2024-02-28,490.217743
2024-02-29,491.980042
2024-03-01,496.598846
2024-03-04,496.066284
2024-03-05,491.108521
2024-03-06,493.597076
2024-03-07,498.496796
2024-03-08,495.504669
2024-03-11,495.078674
2024-03-12,500.404327
2024-03-13,499.619965
2024-03-14,498.632294
2024-03-15,495.208496
2024-03-18,498.151520
2024-03-19,500.919891
2024-03-20,505.552917
2024-03-21,507.223724
2024-03-22,506.262177
2024-03-25,504.863373
2024-03-26,503.930878
2024-03-27,508.165863
2024-03-28,508.068726
2024-04-01,507.184753
2024-04-02,503.960022
2024-04-03,504.513611
2024-04-04,498.355530
2024-04-05,503.561798
2024-04-08,503.843445
2024-04-09,504.426270
2024-04-10,499.375366
2024-04-11,503.144135
2024-04-12,496.199158
2024-04-15,489.982697
2024-04-16,489.089081
2024-04-17,486.194611
2024-04-18,485.194122
2024-04-19,480.959137
2024-04-22,485.388367
2024-04-23,491.148315
2024-04-24,490.915192
2024-04-25,489.050262
2024-04-26,493.683441
2024-04-29,495.431824
2024-04-30,487.583557
2024-05-01,486.000336
2024-05-02,490.546112
2024-05-03,496.626617
2024-05-06,501.755157
2024-05-07,502.308777
2024-05-08,502.357330
2024-05-09,505.251770
2024-05-10,505.902649
2024-05-13,505.970612
2024-05-14,508.292023
2024-05-15,514.586304
2024-05-16,513.527588
2024-05-17,514.265808
2024-05-20,514.858215
2024-05-21,516.121033
2024-05-22,514.634827
2024-05-23,510.875793
2024-05-24,514.255920
2024-05-28,514.615356
2024-05-29,511.011749
2024-05-30,507.621887
2024-05-31,512.245422
2024-06-03,512.662964
2024-06-04,513.236145
2024-06-05,519.335999
2024-06-06,519.326355
2024-06-07,518.695007
2024-06-10,520.297607
2024-06-11,521.550659
2024-06-12,525.834167
2024-06-13,526.892944
2024-06-14,527.213501
2024-06-17,531.409546
2024-06-18,532.759705
2024-06-20,531.312439
2024-06-21,530.600159
2024-06-24,528.875366
2024-06-25,530.911926
2024-06-26,531.574585
2024-06-27,532.412598
2024-06-28,530.317566
2024-07-01,531.408875
2024-07-02,534.985229
2024-07-03,537.372559
2024-07-05,540.471313
2024-07-08,541.094971
2024-07-09,541.621155
2024-07-10,546.980652
2024-07-11,542.264282
2024-07-12,545.684631
2024-07-15,547.185364
2024-07-16,550.430237
2024-07-17,542.712585
2024-07-18,538.541931
2024-07-19,534.965698
2024-07-22,540.481079
2024-07-23,539.633301
2024-07-24,527.403870
2024-07-25,524.655884
2024-07-26,530.531982
2024-07-29,530.843689
2024-07-30,528.154236
2024-07-31,536.739136
2024-08-01,529.138367
2024-08-02,519.286743
2024-08-05,504.163116
2024-08-06,508.811310
2024-08-07,505.410431
2024-08-08,517.094177
2024-08-09,519.374390
2024-08-12,519.647278
2024-08-13,528.193176
2024-08-14,529.859558
2024-08-15,538.941345
2024-08-16,540.149658
2024-08-19,545.314270
2024-08-20,544.427612
2024-08-21,546.298523
2024-08-22,542.010925
2024-08-23,547.769897
2024-08-26,546.464294
2024-08-27,547.214539
2024-08-28,544.037842
2024-08-29,544.086609
2024-08-30,549.280334
2024-09-03,537.976807
2024-09-04,536.875610
2024-09-05,535.569763
2024-09-06,526.556152
2024-09-09,532.451416
2024-09-10,534.770752
2024-09-11,540.256897
2024-09-12,544.807678
2024-09-13,547.653137
2024-09-16,548.461853
2024-09-17,548.686035
2024-09-18,547.058716
2024-09-19,556.393921
2024-09-20,555.432190
2024-09-23,556.820068
2024-09-24,558.413269
2024-09-25,557.181702
2024-09-26,559.390686
2024-09-27,558.579407
2024-09-30,560.817810
2024-10-01,555.793762
2024-10-02,556.028320
2024-10-03,555.011902
2024-10-04,560.055298
2024-10-07,554.992249
2024-10-08,560.241089
2024-10-09,564.121582
2024-10-10,563.134338
2024-10-11,566.506470
2024-10-14,571.139587
2024-10-15,566.702026
2024-10-16,569.165161
2024-10-17,569.214050
2024-10-18,571.403564
2024-10-21,570.465149
2024-10-22,570.162231
2024-10-23,564.952393
2024-10-24,566.174194
2024-10-25,565.978638
2024-10-28,567.728394
2024-10-29,568.647156
2024-10-30,566.926819
2024-10-31,555.813293
2024-11-01,558.159119
2024-11-04,556.956848
2024-11-05,563.691528
2024-11-06,577.708008
2024-11-07,582.174866
2024-11-08,584.696716
2024-11-11,585.253906
2024-11-12,583.435913
2024-11-13,583.719299
2024-11-14,579.965881
2024-11-15,572.537415
2024-11-18,574.883179
2024-11-19,576.984680
2024-11-20,577.180115
2024-11-21,580.278687
2024-11-22,582.077209
2024-11-25,584.051636
2024-11-26,587.101196
2024-11-27,585.322266
2024-11-29,588.958313
2024-12-02,590.014099
2024-12-03,590.287598
2024-12-04,593.953064
2024-12-05,592.975708
2024-12-06,594.099731
2024-12-09,591.040344
2024-12-10,589.202759
2024-12-11,593.757690
2024-12-12,590.698303
2024-12-13,590.580994
2024-12-16,593.102783
2024-12-17,590.659058
2024-12-18,573.055420
2024-12-19,572.879456
2024-12-20,579.760315
2024-12-23,583.232056
2024-12-24,589.714722
2024-12-26,589.753967
2024-12-27,583.545837
2024-12-30,576.886719
2024-12-31,574.788025
2025-01-02,573.375671
2025-01-03,580.544861
2025-01-06,583.889099
2025-01-07,577.288818
2025-01-08,578.132263
2025-01-10,569.305664
2025-01-13,570.188354
2025-01-14,570.972839
2025-01-15,581.358887
2025-01-16,580.240845
2025-01-17,586.066406
2025-01-21,591.430969
2025-01-22,594.755737
2025-01-23,598.001953
2025-01-24,596.256226
2025-01-27,587.821960
2025-01-28,592.872742
2025-01-29,590.214844
2025-01-30,593.382629
2025-01-31,590.224670
2025-02-03,586.252686
2025-02-04,590.185486
2025-02-05,592.578369
2025-02-06,594.638000
2025-02-07,589.194946
2025-02-10,593.196350
2025-02-11,593.647461
2025-02-12,591.735046
2025-02-13,597.982300
2025-02-14,597.952881
2025-02-18,599.708374
2025-02-19,601.120605
2025-02-20,598.619690
2025-02-21,588.380859
2025-02-24,585.703552
2025-02-25,582.790649
2025-02-26,583.084961
2025-02-27,573.777710
2025-02-28,582.731934
2025-03-03,572.522461
2025-03-04,565.745605
2025-03-05,571.826233
2025-03-06,561.675537
2025-03-07,564.823608
2025-03-10,549.779297
2025-03-11,545.208984
2025-03-12,548.102173
2025-03-13,540.795776
2025-03-14,551.966248
2025-03-17,556.222656
2025-03-18,550.210815
2025-03-19,556.203064
2025-03-20,554.594727
2025-03-21,554.777649
2025-03-24,564.712891
2025-03-25,566.070312
2025-03-26,559.312378
2025-03-27,557.827087
2025-03-28,546.593384
2025-03-31,550.262573
2025-04-01,551.816650
2025-04-02,555.308838
2025-04-03,527.942749
2025-04-04,497.035431
2025-04-07,496.150116
2025-04-08,488.379028
2025-04-09,539.668335
2025-04-10,516.020569
2025-04-11,525.227844
2025-04-14,530.323242
2025-04-15,528.837891
2025-04-16,517.082886
2025-04-17,517.820618
2025-04-21,505.495117
2025-04-22,518.647034
2025-04-23,526.683716
2025-04-24,537.769775
2025-04-25,541.655396
2025-04-28,541.861877
2025-04-29,545.275208
2025-04-30,545.491699
2025-05-01,549.357483
2025-05-02,557.512268
2025-05-05,554.315247
2025-05-06,549.682129
2025-05-07,551.993896
2025-05-08,555.839966
2025-05-09,555.131897
2025-05-12,573.477478
2025-05-13,577.264709
2025-05-14,578.002502
2025-05-15,580.825500
2025-05-16,584.504517
2025-05-19,585.143921
2025-05-20,583.176514
2025-05-21,573.349548
2025-05-22,573.575745
2025-05-23,569.660828
2025-05-27,581.504333
2025-05-28,578.140076
2025-05-29,580.422241
2025-05-30,579.773010
2025-06-02,583.038940
2025-06-03,586.363708
2025-06-04,586.206299
2025-06-05,583.373230
2025-06-06,589.364014
2025-06-09,589.895142
2025-06-10,593.239685
2025-06-11,591.547668
2025-06-12,593.898682
2025-06-13,587.258850
2025-06-16,592.846191
2025-06-17,587.780212
2025-06-18,587.691650
2025-06-20,586.311462
2025-06-23,592.102661
2025-06-24,598.643860
2025-06-25,598.979370
2025-06-26,603.665588
2025-06-27,606.664856
2025-06-30,609.565430
2025-07-01,609.368042
2025-07-02,612.130554
2025-07-03,616.954956
2025-07-07,612.357422
2025-07-08,612.022095
2025-07-09,615.692078
2025-07-10,617.428528
2025-07-11,615.257935
2025-07-14,616.432068
2025-07-15,613.797852
2025-07-16,615.849976
2025-07-17,619.618713
2025-07-18,619.164978
2025-07-21,620.339050
2025-07-22,620.427795
2025-07-23,625.705994
2025-07-24,625.913147
2025-07-25,628.557251
2025-07-28,628.399475
2025-07-29,626.741943
2025-07-30,625.952637
2025-07-31,623.604614
2025-08-01,613.383484
2025-08-04,622.706726
2025-08-05,619.549622
2025-08-06,624.295227
2025-08-07,623.772217
2025-08-08,628.636230
2025-08-11,627.393066
2025-08-12,634.072327
2025-08-13,636.242859
2025-08-14,636.302002
2025-08-15,634.812317
2025-08-18,634.674133
2025-08-19,631.230957
2025-08-20,629.553711
2025-08-21,627.028076
2025-08-22,636.657227
2025-08-25,633.855225
2025-08-26,636.509155
2025-08-27,637.959534
2025-08-28,640.218750
2025-08-29,636.400635
2025-09-02,631.684753
2025-09-03,635.108215
2025-09-04,640.416077
2025-09-05,638.561218
2025-09-08,640.129883
2025-09-09,641.609863
2025-09-10,643.464600
2025-09-11,648.812012
2025-09-12,648.594971
2025-09-15,652.047974
2025-09-16,651.150146
2025-09-17,650.341248
2025-09-18,653.379883
2025-09-19,656.616028
2025-09-22,659.722473
2025-09-23,656.131226
2025-09-24,654.043701
2025-09-25,651.026306
2025-09-26,654.755981
2025-09-29,656.596252
2025-09-30,659.069458
2025-10-01,661.315308
2025-10-02,662.077026
2025-10-03,662.067261
2025-10-06,664.441528
2025-10-07,661.978210
2025-10-08,665.925537
2025-10-09,663.996338
2025-10-10,646.049988
2025-10-13,655.963013
2025-10-14,655.161682
2025-10-15,658.070312
2025-10-16,653.588684
2025-10-17,657.298645
2025-10-20,664.134888
2025-10-21,664.124939
2025-10-22,660.672180
2025-10-23,664.589966
2025-10-24,670.021362
2025-10-27,677.926086
2025-10-28,679.726624
2025-10-29,680.053101
2025-10-30,672.573853
2025-10-31,674.780090
2025-11-03,676.046387
2025-11-04,668.032776
2025-11-05,670.347839
2025-11-06,663.155518
2025-11-07,663.808350
2025-11-10,674.166626
2025-11-11,675.710022
2025-11-12,676.085938
2025-11-13,664.867004
2025-11-14,664.758057
2025-11-17,658.564941
2025-11-18,653.034607
2025-11-19,655.557434
2025-11-20,645.565247
2025-11-21,651.995850
2025-11-24,661.592285
2025-11-25,667.815186
2025-11-26,672.425476
2025-11-28,676.095825
2025-12-01,673.009155
2025-12-02,674.255676
2025-12-03,676.590515
2025-12-04,677.085205
2025-12-05,678.371277
2025-12-08,676.333313
2025-12-09,675.749573
2025-12-10,680.231201
2025-12-11,681.814148
2025-12-12,674.483276
2025-12-15,673.464233
2025-12-16,671.624084
2025-12-17,664.233826
2025-12-18,669.249634
2025-12-19,675.315369
2025-12-22,679.522461
2025-12-23,682.628174
2025-12-24,685.029480
2025-12-26,684.960022
2025-12-29,682.519043
2025-12-30,681.685547
2025-12-31,676.635010
2026-01-02,677.875305
2026-01-05,682.390076
2026-01-06,686.448364
2026-01-07,684.235657
2026-01-08,684.166199
2026-01-09,688.690857
2026-01-12,689.772400
2026-01-13,688.393188
2026-01-14,685.009583
2026-01-15,686.875061
2026-01-16,686.299500
2026-01-20,672.328613
2026-01-21,680.088074
2026-01-22,683.640320
2026-01-23,683.888306
2026-01-26,687.361267
2026-01-27,690.099792
2026-01-28,690.030334
2026-01-29,688.661072
2026-01-30,686.607178
2026-02-02,690.020447
2026-02-03,684.186035
2026-02-04,680.871948
2026-02-05,672.368347
2026-02-06,685.267578
2026-02-09,688.571777
2026-02-10,686.755920
2026-02-11,686.597229
2026-02-12,675.990112
2026-02-13,676.466309
2026-02-17,677.557800
2026-02-18,680.971130
2026-02-19,679.175171
2026-02-20,684.086853
2026-02-23,677.101379
2026-02-24,682.022888
2026-02-25,687.778015
2026-02-26,683.957764
2026-02-27,680.673462
2026-03-02,681.060425
2026-03-03,675.057373
2026-03-04,679.820190
2026-03-05,676.029724
2026-03-06,667.168884
2026-03-09,673.013306
2026-03-10,671.931763
2026-03-11,671.088379
2026-03-12,660.897949
2026-03-13,657.157166
2026-03-16,663.844971
2026-03-17,665.591248
2026-03-18,656.303772
2026-03-19,654.686401
2026-03-20,645.301025
2026-03-23,652.076660
2026-03-24,649.887756
2026-03-25,653.509399
2026-03-26,641.838562
2026-03-27,630.893982
2026-03-30,628.784668
2026-03-31,647.062073
2026-04-01,651.937378
2026-04-02,652.524414
2026-04-06,655.608826
2026-04-07,655.897278
2026-04-08,672.602722
2026-04-09,676.482971
2026-04-10,676.035339
2026-04-13,682.641846
2026-04-14,690.959717
2026-04-15,696.412109
2026-04-16,698.123413
2026-04-17,706.560730
2026-04-20,705.147766
2026-04-21,700.531250
2026-04-22,707.625305
2026-04-23,704.879211
2026-04-24,710.341553
2026-04-27,711.565308
2026-04-28,708.102844
2026-04-29,707.993408
2026-04-30,715.037720
2026-05-01,717.017700
2026-05-04,714.390991
2026-05-05,720.122009
2026-05-06,730.131287
2026-05-07,727.892639
2026-05-08,733.902161
2026-05-11,735.573669
2026-05-12,734.459351
2026-05-13,738.568542
2026-05-14,744.398987
2026-05-15,735.444397
2026-05-18,734.927002
2026-05-19,730.031799
2026-05-20,737.513855
2026-05-21,738.976440
2026-05-22,741.881775
2026-05-26,746.806824
2026-05-27,746.677490
2026-05-28,750.796570
2026-05-29,752.667114
2026-06-01,754.716736
2026-06-02,755.741577
2026-06-03,750.438416
2026-06-04,753.274048
2026-06-05,733.832520
2026-06-08,735.494080
2026-06-09,733.335022
2026-06-10,721.773621
2026-06-11,734.041504
2026-06-12,738.011353
2026-06-15,751.025452
2026-06-16,746.548157
2026-06-17,737.225342
2026-06-18,744.890259
2026-06-22,742.546143
2026-06-23,731.762878
2026-06-24,731.423706
2026-06-25,732.481079
2026-06-26,727.184265
2026-06-29,739.164490
2026-06-30,744.920227
2026-07-01,743.912720
2026-07-02,742.935181
2026-07-06,749.419067
2026-07-07,745.857910
2026-07-08,743.553650
2026-07-09,749.848022
2026-07-10,753.079956
2026-07-13,747.314270
2026-07-14,749.967712
2026-07-15,752.940308
2026-07-16,748.860413
2026-07-17,741.448792
2026-07-20,740.251831
2026-07-21,746.426514
2026-07-22,745.558594
2026-07-23,736.351501
2026-07-24,737.099609
2026-07-27,737.259277
2026-07-28,739.024841
2026-07-29,727.653137
2026-07-30,739.852783
2026-07-31,745.179626
2026-08-03,755.793213
2026-08-04,769.419373
2026-08-05,767.883179
2026-08-06,766.656250
2026-08-07,771.344604
2026-08-10,771.115173
2026-08-11,768.651306
2026-08-12,770.576477
2026-08-13,775.953186
2026-08-14,774.416992
2026-08-17,770.756042
2026-08-18,765.549011
2026-08-19,767.154968
2026-08-20,760.710999
2026-08-21,763.823242
2026-08-24,761.578796
2026-08-25,764.012756
2026-08-26,764.182373
2026-08-27,769.189941
2026-08-28,767.444275
2026-08-31,765.149963
2026-09-01,759.893066
2026-09-02,763.264648
2026-09-03,771.254822
2026-09-04,768.282227
2026-09-08,764.062683
2026-09-09,760.511536
2026-09-10,755.952820
2026-09-11,762.396790
2026-09-14,758.995239
2026-09-15,755.513916
2026-09-16,752.182190
2026-09-17,760.710999
2026-09-18,761.690002
2026-09-21,773.500000
2026-09-22,773.380005
2026-09-23,767.809998
2026-09-24,767.179993
2026-09-25,771.349976
2026-09-28,765.609985
2026-09-29,764.200012
2026-09-30,762.630005
2026-10-01,763.989990
2026-10-02,769.640015
