date,adj_close
2002-07-30,35.555645
2002-07-31,35.996170
2002-08-01,36.201149
2002-08-02,36.571865
2002-08-05,36.733292
2002-08-06,36.419239
2002-08-07,36.506454
2002-08-08,36.506454
2002-08-09,37.021130
2002-08-12,37.247974
2002-08-13,37.705906
2002-08-14,37.849846
2002-08-15,37.518368
2002-08-16,37.099655
2002-08-19,37.213078
2002-08-20,37.627419
2002-08-21,37.426769
2002-08-22,37.099655
2002-08-23,37.466057
2002-08-26,37.500923
2002-08-27,37.265419
2002-08-28,37.452927
2002-08-29,37.753860
2002-08-30,37.980690
2002-09-03,38.564548
2002-09-04,38.555813
2002-09-05,38.766087
2002-09-06,38.310535
2002-09-09,38.253574
2002-09-10,38.437557
2002-09-11,38.236053
2002-09-12,38.533928
2002-09-13,38.888714
2002-09-16,38.954426
2002-09-17,39.028908
2002-09-18,39.037689
2002-09-19,39.300480
2002-09-20,39.116550
2002-09-23,39.466949
2002-09-24,39.721027
2002-09-25,39.239136
2002-09-26,39.147171
2002-09-27,39.440666
2002-09-30,39.598339
2002-10-01,39.107174
2002-10-02,39.331448
2002-10-03,39.234711
2002-10-04,39.357819
2002-10-07,39.423790
2002-10-08,39.436981
2002-10-09,39.639244
2002-10-10,39.327068
2002-10-11,38.860977
2002-10-14,38.803787
2002-10-15,37.884842
2002-10-16,37.902412
2002-10-17,37.440720
2002-10-18,37.537457
2002-10-21,37.172508
2002-10-22,37.066971
2002-10-23,37.080162
2002-10-24,37.405537
2002-10-25,37.541874
2002-10-28,37.489090
2002-10-29,37.977188
2002-10-30,37.963978
2002-10-31,38.135422
2002-11-01,37.976021
2002-11-04,37.808186
2002-11-05,37.662415
2002-11-06,37.812580
2002-11-07,38.748978
2002-11-08,39.062553
2002-11-11,39.274612
2002-11-12,39.049301
2002-11-13,39.133278
2002-11-14,38.320526
2002-11-15,38.475128
2002-11-18,38.647385
2002-11-19,38.788708
2002-11-20,38.408840
2002-11-21,38.037849
2002-11-22,38.002537
2002-11-25,37.931824
2002-11-26,38.408840
2002-11-27,37.543190
2002-11-29,37.786110
2002-12-02,37.821144
2002-12-03,37.874378
2002-12-04,38.069611
2002-12-05,38.167191
2002-12-06,38.233780
2002-12-09,38.446785
2002-12-10,38.548782
2002-12-11,38.806171
2002-12-12,38.770664
2002-12-13,38.393497
2002-12-16,38.105083
2002-12-17,38.105083
2002-12-18,38.402412
2002-12-19,38.744053
2002-12-20,38.770664
2002-12-23,38.779530
2002-12-24,38.996986
2002-12-26,39.072380
2002-12-27,39.502792
2002-12-30,39.595909
2002-12-31,39.496052
2003-01-02,38.474899
2003-01-03,38.564072
2003-01-06,38.461525
2003-01-07,38.599754
2003-01-08,38.791523
2003-01-09,38.046795
2003-01-10,38.144844
2003-01-13,38.207321
2003-01-14,38.341106
2003-01-15,38.528400
2003-01-16,38.581894
2003-01-17,38.773663
2003-01-21,38.996613
2003-01-22,39.188370
2003-01-23,38.996613
2003-01-24,39.228497
2003-01-27,39.085827
2003-01-28,39.085827
2003-01-29,38.871780
2003-01-30,39.161629
2003-01-31,39.268661
2003-02-03,39.325901
2003-02-04,39.500416
2003-02-05,39.160339
2003-02-06,39.478065
2003-02-07,39.567570
2003-02-10,39.290127
2003-02-11,39.281158
2003-02-12,39.419891
2003-02-13,39.634655
2003-02-14,39.294598
2003-02-18,39.343834
2003-02-19,39.612316
2003-02-20,39.746563
2003-02-21,39.513847
2003-02-24,39.701813
2003-02-25,39.885277
2003-02-26,40.162758
2003-02-27,40.229843
2003-02-28,40.484951
2003-03-03,40.534351
2003-03-04,40.561291
2003-03-05,40.696030
2003-03-06,40.538853
2003-03-07,40.678085
2003-03-10,40.889194
2003-03-11,40.817345
2003-03-12,40.965572
2003-03-13,40.210922
2003-03-14,40.408588
2003-03-17,39.923462
2003-03-18,39.546127
2003-03-19,39.254154
2003-03-20,39.191299
2003-03-21,38.652302
2003-03-24,39.263149
2003-03-25,39.218246
2003-03-26,39.299091
2003-03-27,39.326019
2003-03-28,39.415886
2003-03-31,39.932446
2003-04-01,39.818733
2003-04-02,39.403744
2003-04-03,39.381180
2003-04-04,39.268383
2003-04-07,39.178192
2003-04-08,39.493950
2003-04-09,39.611248
2003-04-10,39.426304
2003-04-11,39.363144
2003-04-14,39.254875
2003-04-15,39.466881
2003-04-16,39.629307
2003-04-17,39.692432
2003-04-21,39.606724
2003-04-22,39.584183
2003-04-23,39.665352
2003-04-24,40.021751
2003-04-25,40.112022
2003-04-28,40.048859
2003-04-29,39.981125
2003-04-30,40.351063
2003-05-01,40.370544
2003-05-02,40.053135
2003-05-05,40.266232
2003-05-06,40.465805
2003-05-07,40.937473
2003-05-08,41.037239
2003-05-09,41.078018
2003-05-12,41.336502
2003-05-13,41.427208
2003-05-14,42.062119
2003-05-15,42.193657
2003-05-16,42.501987
2003-05-19,42.356876
2003-05-20,42.982704
2003-05-21,42.978203
2003-05-22,43.359138
2003-05-23,43.467979
2003-05-27,42.683392
2003-05-28,42.610840
2003-05-29,42.982704
2003-05-30,42.901115
2003-06-02,42.585949
2003-06-03,42.927505
2003-06-04,43.055038
2003-06-05,42.718029
2003-06-06,42.872849
2003-06-09,43.159760
2003-06-10,43.674412
2003-06-11,43.619736
2003-06-12,43.961281
2003-06-13,44.257317
2003-06-16,43.838326
2003-06-17,43.492210
2003-06-18,42.936623
2003-06-19,42.854645
2003-06-20,42.695236
2003-06-23,42.950260
2003-06-24,43.346474
2003-06-25,42.654259
2003-06-26,42.080429
2003-06-27,41.930149
2003-06-30,42.125984
2003-07-01,41.917038
2003-07-02,42.022182
2003-07-03,41.418724
2003-07-07,41.153587
2003-07-08,41.190125
2003-07-09,41.322731
2003-07-10,41.309013
2003-07-11,41.505615
2003-07-14,41.030140
2003-07-15,40.070118
2003-07-16,40.298683
2003-07-17,40.175270
2003-07-18,40.092953
2003-07-21,39.242653
2003-07-22,39.434662
2003-07-23,39.567245
2003-07-24,39.219807
2003-07-25,39.114643
2003-07-28,38.588905
2003-07-29,38.063194
2003-07-30,38.492916
2003-07-31,37.921474
2003-08-01,37.892986
2003-08-04,38.219082
2003-08-05,37.672550
2003-08-06,38.416542
2003-08-07,38.577259
2003-08-08,38.421120
2003-08-11,38.228256
2003-08-12,38.049133
2003-08-13,37.314323
2003-08-14,37.681747
2003-08-15,37.658791
2003-08-18,37.833294
2003-08-19,38.416542
2003-08-20,38.209885
2003-08-21,38.118031
2003-08-22,38.287937
2003-08-25,37.989395
2003-08-26,38.287937
2003-08-27,38.113419
2003-08-28,38.508396
2003-08-29,38.416542
2003-09-02,37.854668
2003-09-03,37.914627
2003-09-04,38.126835
2003-09-05,38.781902
2003-09-08,38.380569
2003-09-09,38.657352
2003-09-10,39.049423
2003-09-11,38.795719
2003-09-12,39.063267
2003-09-15,39.003277
2003-09-16,38.943333
2003-09-17,39.427696
2003-09-18,39.455425
2003-09-19,39.501518
2003-09-22,39.187805
2003-09-23,39.455425
2003-09-24,39.796772
2003-09-25,39.995121
2003-09-26,40.354942
2003-09-29,40.032040
2003-09-30,40.696281
2003-10-01,40.542030
2003-10-02,40.356762
2003-10-03,39.509052
2003-10-06,39.680450
2003-10-07,39.221828
2003-10-08,39.212532
2003-10-09,38.934650
2003-10-10,39.166218
2003-10-13,39.013401
2003-10-14,38.744728
2003-10-15,38.554768
2003-10-16,38.401917
2003-10-17,38.698391
2003-10-20,38.828075
2003-10-21,38.971703
2003-10-22,39.351540
2003-10-23,39.064331
2003-10-24,39.499786
2003-10-27,39.421005
2003-10-28,39.629509
2003-10-29,39.272778
2003-10-30,39.096767
2003-10-31,39.462696
2003-11-03,39.275734
2003-11-04,39.499016
2003-11-05,39.229210
2003-11-06,38.861774
2003-11-07,38.838493
2003-11-10,38.805954
2003-11-11,38.810604
2003-11-12,39.094364
2003-11-13,39.699020
2003-11-14,39.964130
2003-11-17,40.024612
2003-11-18,40.271145
2003-11-19,39.824574
2003-11-20,40.210648
2003-11-21,40.233894
2003-11-24,39.903694
2003-11-25,40.122280
2003-11-26,39.959476
2003-11-28,39.596676
2003-12-01,39.376045
2003-12-02,39.544300
2003-12-03,39.385410
2003-12-04,39.474205
2003-12-05,40.105213
2003-12-08,39.824768
2003-12-09,39.544300
2003-12-10,39.609722
2003-12-11,39.894878
2003-12-12,39.969715
2003-12-15,39.946312
2003-12-16,40.077206
2003-12-17,40.348297
2003-12-18,40.712879
2003-12-19,40.698860
2003-12-22,40.586712
2003-12-23,40.128586
2003-12-24,40.507240
2003-12-26,40.656773
2003-12-29,40.292229
2003-12-30,40.128586
2003-12-31,40.128609
2004-01-02,39.654312
2004-01-05,39.551010
2004-01-06,39.987717
2004-01-07,40.147404
2004-01-08,40.133343
2004-01-09,40.833038
2004-01-12,40.800148
2004-01-13,41.077255
2004-01-14,41.279167
2004-01-15,41.434124
2004-01-16,41.142952
2004-01-20,41.133541
2004-01-21,41.232193
2004-01-22,41.532768
2004-01-23,41.034977
2004-01-26,40.786060
2004-01-27,41.039650
2004-01-28,40.678062
2004-01-29,40.593521
2004-01-30,40.875301
2004-02-02,40.789494
2004-02-03,40.996964
2004-02-04,40.916801
2004-02-05,40.756485
2004-02-06,41.204449
2004-02-09,41.327065
2004-02-10,41.095997
2004-02-11,41.402473
2004-02-12,41.228016
2004-02-13,41.402473
2004-02-17,41.374191
2004-02-18,41.430756
2004-02-19,41.473225
2004-02-20,41.185596
2004-02-23,41.440212
2004-02-24,41.515663
2004-02-25,41.581676
2004-02-26,41.449677
2004-02-27,41.808033
2004-03-01,41.791939
2004-03-02,41.526791
2004-03-03,41.451046
2004-03-04,41.635674
2004-03-05,42.440571
2004-03-08,42.691479
2004-03-09,42.975571
2004-03-10,42.947159
2004-03-11,43.008705
2004-03-12,42.743568
2004-03-15,42.814606
2004-03-16,43.169708
2004-03-17,43.098682
2004-03-18,42.871426
2004-03-19,42.814606
2004-03-22,43.075001
2004-03-23,43.150784
2004-03-24,43.127079
2004-03-25,42.961338
2004-03-26,42.506832
2004-03-29,42.222771
2004-03-30,42.194378
2004-03-31,42.397957
2004-04-01,42.259167
2004-04-02,41.213512
2004-04-05,40.890316
2004-04-06,41.113689
2004-04-07,41.018642
2004-04-08,40.899818
2004-04-12,40.752487
2004-04-13,40.310429
2004-04-14,40.277153
2004-04-15,40.039505
2004-04-16,40.191597
2004-04-19,40.106045
2004-04-20,39.740078
2004-04-21,39.934944
2004-04-22,40.172592
2004-04-23,39.944420
2004-04-26,40.010990
2004-04-27,40.163116
2004-04-28,39.787594
2004-04-29,39.592720
2004-04-30,39.754333
2004-05-03,39.804413
2004-05-04,39.532467
2004-05-05,39.422691
2004-05-06,39.317741
2004-05-07,38.802399
2004-05-10,38.711735
2004-05-11,38.888279
2004-05-12,38.630611
2004-05-13,38.482719
2004-05-14,38.797626
2004-05-17,39.141171
2004-05-18,38.988476
2004-05-19,38.859642
2004-05-20,39.160294
2004-05-21,39.002792
2004-05-24,39.126854
2004-05-25,39.241417
2004-05-26,39.451336
2004-05-27,39.761463
2004-05-28,39.651737
2004-06-01,39.288639
2004-06-02,39.188046
2004-06-03,39.269470
2004-06-04,39.039566
2004-06-07,39.049145
2004-06-08,39.121017
2004-06-09,38.953331
2004-06-10,39.029976
2004-06-14,38.718620
2004-06-15,39.537720
2004-06-16,39.384445
2004-06-17,39.643143
2004-06-18,39.556881
2004-06-21,39.585632
2004-06-22,39.465881
2004-06-23,39.542538
2004-06-24,39.782021
2004-06-25,39.820347
2004-06-28,39.413151
2004-06-29,39.662281
2004-06-30,40.069447
2004-07-01,40.144459
2004-07-02,40.567677
2004-07-06,40.500381
2004-07-07,40.514790
2004-07-08,40.538857
2004-07-09,40.582123
2004-07-12,40.639797
2004-07-13,40.519588
2004-07-14,40.534023
2004-07-15,40.577320
2004-07-16,41.115990
2004-07-19,41.144817
2004-07-20,40.774506
2004-07-21,40.663857
2004-07-22,40.721596
2004-07-23,40.856258
2004-07-26,40.663857
2004-07-27,40.115604
2004-07-28,40.120392
2004-07-29,40.211781
2004-07-30,40.683121
2004-08-02,40.736240
2004-08-03,40.900383
2004-08-04,40.919731
2004-08-05,41.035595
2004-08-06,41.726025
2004-08-09,41.581173
2004-08-10,41.431515
2004-08-11,41.610119
2004-08-12,41.697090
2004-08-13,41.832294
2004-08-16,41.687389
2004-08-17,41.924011
2004-08-18,41.721214
2004-08-19,41.822601
2004-08-20,41.783993
2004-08-23,41.542542
2004-08-24,41.566681
2004-08-25,41.711567
2004-08-26,41.948147
2004-08-27,41.919144
2004-08-30,42.117130
2004-08-31,42.377842
2004-09-01,42.421501
2004-09-02,42.004604
2004-09-03,42.009422
2004-09-07,41.965820
2004-09-08,42.319668
2004-09-09,42.159702
2004-09-10,42.222736
2004-09-13,42.406921
2004-09-14,42.450603
2004-09-15,42.353607
2004-09-16,42.833553
2004-09-17,42.620232
2004-09-20,42.901390
2004-09-21,43.027409
2004-09-22,43.473396
2004-09-23,43.298912
2004-09-24,43.352253
2004-09-27,43.541248
2004-09-28,43.366772
2004-09-29,42.945049
2004-09-30,42.780205
2004-10-01,42.566517
2004-10-04,42.629780
2004-10-05,42.629780
2004-10-06,42.435070
2004-10-07,42.250122
2004-10-08,42.809872
2004-10-11,42.853691
2004-10-12,42.951008
2004-10-13,43.106804
2004-10-14,43.311249
2004-10-15,43.160358
2004-10-18,43.179829
2004-10-19,43.291771
2004-10-20,43.588680
2004-10-21,43.617878
2004-10-22,43.720085
2004-10-25,43.754169
2004-10-26,43.622768
2004-10-27,43.194424
2004-10-28,43.335579
2004-10-29,43.535164
2004-11-01,43.264389
2004-11-02,43.327930
2004-11-03,43.347462
2004-11-04,43.391476
2004-11-05,42.917355
2004-11-08,42.765862
2004-11-09,42.741428
2004-11-10,42.580143
2004-11-11,42.487297
2004-11-12,42.946678
2004-11-15,42.985779
2004-11-16,42.985779
2004-11-17,43.352352
2004-11-18,43.484329
2004-11-19,43.137306
2004-11-22,43.362129
2004-11-23,43.415897
2004-11-24,43.415897
2004-11-26,43.132439
2004-11-29,42.672989
2004-11-30,42.492153
2004-12-01,42.425873
2004-12-02,42.254131
2004-12-03,42.911766
2004-12-06,43.058968
2004-12-07,43.113007
2004-12-08,43.785309
2004-12-09,43.495750
2004-12-10,43.603733
2004-12-13,43.696972
2004-12-14,43.868690
2004-12-15,44.266224
2004-12-16,43.613533
2004-12-17,43.554626
2004-12-20,43.633190
2004-12-21,43.765682
2004-12-22,43.618458
2004-12-23,43.476101
2004-12-27,43.137486
2004-12-28,43.103153
2004-12-29,43.058968
2004-12-30,43.348530
2004-12-31,43.621910
2005-01-03,43.715538
2005-01-04,43.257374
2005-01-05,43.488914
2005-01-06,43.518471
2005-01-07,43.616978
2005-01-10,43.686008
2005-01-11,43.942131
2005-01-12,44.001228
2005-01-13,44.424919
2005-01-14,44.419987
2005-01-18,44.567776
2005-01-19,44.695827
2005-01-20,44.784569
2005-01-21,44.833778
2005-01-24,45.025932
2005-01-25,44.602253
2005-01-26,44.685978
2005-01-27,44.602253
2005-01-28,45.050564
2005-01-31,45.178623
2005-02-01,45.106976
2005-02-02,45.210789
2005-02-03,45.186050
2005-02-04,45.814045
2005-02-07,46.155197
2005-02-08,46.417290
2005-02-09,46.540955
2005-02-10,45.912956
2005-02-11,45.883251
2005-02-14,46.026661
2005-02-15,45.794231
2005-02-16,45.621193
2005-02-17,45.334400
2005-02-18,44.928925
2005-02-22,44.731121
2005-02-23,44.879467
2005-02-24,44.780579
2005-02-25,44.998138
2005-02-28,44.513527
2005-03-01,44.499638
2005-03-02,44.440140
2005-03-03,44.415348
2005-03-04,44.896461
2005-03-07,45.075054
2005-03-08,44.648438
2005-03-09,43.919266
2005-03-10,44.187130
2005-03-11,43.864731
2005-03-14,44.127598
2005-03-15,43.849865
2005-03-16,44.117729
2005-03-17,44.261539
2005-03-18,43.983776
2005-03-21,43.859798
2005-03-22,43.487743
2005-03-23,43.696075
2005-03-24,43.785389
2005-03-28,43.517502
2005-03-29,43.775452
2005-03-30,43.993671
2005-03-31,44.311153
2005-04-01,44.460533
2005-04-04,44.450546
2005-04-05,44.336033
2005-04-06,44.490376
2005-04-07,44.131920
2005-04-08,44.286270
2005-04-11,44.525269
2005-04-12,44.938488
2005-04-13,44.828945
2005-04-14,44.759266
2005-04-15,45.351738
2005-04-18,45.316875
2005-04-19,45.755001
2005-04-20,45.640514
2005-04-21,45.162533
2005-04-22,45.540909
2005-04-25,45.675346
2005-04-26,45.605621
2005-04-27,45.764946
2005-04-28,46.103535
2005-04-29,46.023853
2005-05-02,46.013840
2005-05-03,46.138752
2005-05-04,45.734058
2005-05-05,45.839005
2005-05-06,45.499214
2005-05-09,45.544182
2005-05-10,45.868969
2005-05-11,46.008881
2005-05-12,46.188763
2005-05-13,46.368629
2005-05-16,46.313671
2005-05-17,46.443569
2005-05-18,46.753365
2005-05-19,46.633453
2005-05-20,46.688404
2005-05-23,47.053158
2005-05-24,47.183067
2005-05-25,46.853294
2005-05-26,46.838329
2005-05-27,46.888268
2005-05-31,47.467869
2005-06-01,48.049141
2005-06-02,48.164494
2005-06-03,47.768265
2005-06-06,48.019058
2005-06-07,48.400150
2005-06-08,48.169514
2005-06-09,48.129395
2005-06-10,47.587723
2005-06-13,47.301918
2005-06-14,46.990967
2005-06-15,47.076202
2005-06-16,47.311928
2005-06-17,47.306896
2005-06-20,47.226654
2005-06-21,47.572689
2005-06-22,48.149445
2005-06-23,48.099304
2005-06-24,48.339970
2005-06-27,48.470390
2005-06-28,48.139381
2005-06-29,48.064156
2005-06-30,48.495476
2005-07-01,47.907696
2005-07-05,47.454811
2005-07-06,47.716454
2005-07-07,47.817089
2005-07-08,47.620869
2005-07-11,47.620869
2005-07-12,47.354115
2005-07-13,47.283691
2005-07-14,47.162895
2005-07-15,47.288731
2005-07-18,46.936474
2005-07-19,47.102539
2005-07-20,47.359154
2005-07-21,46.715015
2005-07-22,47.077343
2005-07-25,46.906239
2005-07-26,46.981750
2005-07-27,46.906239
2005-07-28,47.323959
2005-07-29,46.855919
2005-08-01,46.681679
2005-08-02,46.530140
2005-08-03,46.757439
2005-08-04,46.661491
2005-08-05,46.297817
2005-08-08,46.211922
2005-08-09,46.383678
2005-08-10,46.333160
2005-08-11,46.656494
2005-08-12,47.131237
2005-08-15,47.009972
2005-08-16,47.338284
2005-08-17,47.025169
2005-08-18,47.373665
2005-08-19,47.368645
2005-08-22,47.318104
2005-08-23,47.535305
2005-08-24,47.580753
2005-08-25,47.732304
2005-08-26,47.717175
2005-08-29,47.777760
2005-08-30,48.080830
2005-08-31,48.484886
2005-09-01,48.192970
2005-09-02,48.233501
2005-09-06,47.893883
2005-09-07,47.442780
2005-09-08,47.493484
2005-09-09,47.645531
2005-09-12,47.316086
2005-09-13,47.564415
2005-09-14,47.381977
2005-09-15,46.991657
2005-09-16,46.682476
2005-09-19,46.783848
2005-09-20,46.905506
2005-09-21,47.341415
2005-09-22,47.295799
2005-09-23,46.940968
2005-09-26,46.728081
2005-09-27,46.793957
2005-09-28,47.108242
2005-09-29,46.895363
2005-09-30,46.733166
2005-10-03,46.367809
2005-10-04,46.520439
2005-10-05,46.724010
2005-10-06,46.545910
2005-10-07,46.734161
2005-10-10,46.703659
2005-10-11,46.606960
2005-10-12,46.154060
2005-10-13,45.986172
2005-10-14,45.914894
2005-10-17,45.904755
2005-10-18,45.955605
2005-10-19,45.975979
2005-10-20,46.098080
2005-10-21,46.525532
2005-10-24,46.164310
2005-10-25,45.767345
2005-10-26,45.431461
2005-10-27,45.594353
2005-10-28,45.599415
2005-10-31,45.685917
2005-11-01,45.633240
2005-11-02,45.418602
2005-11-03,45.111946
2005-11-04,45.040401
2005-11-07,45.193710
2005-11-08,45.633240
2005-11-09,45.163078
2005-11-10,45.715073
2005-11-11,45.740585
2005-11-14,45.398178
2005-11-15,45.694592
2005-11-16,46.175079
2005-11-17,46.287502
2005-11-18,46.072853
2005-11-21,46.210846
2005-11-22,46.272144
2005-11-23,46.093307
2005-11-25,46.261959
2005-11-28,46.491978
2005-11-29,46.052395
2005-11-30,46.001312
2005-12-01,45.929424
2005-12-02,45.944824
2005-12-05,45.739502
2005-12-06,46.206604
2005-12-07,46.032093
2005-12-08,46.329819
2005-12-09,45.965340
2005-12-12,45.878086
2005-12-13,46.047474
2005-12-14,46.519749
2005-12-15,46.406841
2005-12-16,46.560829
2005-12-19,46.607071
2005-12-20,46.550579
2005-12-21,46.468418
2005-12-22,46.838062
2005-12-23,47.125496
2005-12-27,47.510544
2005-12-28,47.378101
2005-12-29,47.481148
2005-12-30,47.372929
2006-01-03,47.311028
2006-01-04,47.424438
2006-01-05,47.367752
2006-01-06,47.280113
2006-01-09,47.311028
2006-01-10,46.929565
2006-01-11,46.852268
2006-01-12,47.166702
2006-01-13,47.439903
2006-01-17,47.651245
2006-01-18,47.635834
2006-01-19,47.496628
2006-01-20,47.620308
2006-01-23,47.604862
2006-01-24,47.372929
2006-01-25,46.857441
2006-01-26,46.656387
2006-01-27,46.656387
2006-01-30,46.609997
2006-01-31,46.738880
2006-02-01,46.578979
2006-02-02,46.666965
2006-02-03,46.998016
2006-02-06,47.091175
2006-02-07,46.868679
2006-02-08,46.760036
2006-02-09,46.972153
2006-02-10,46.713512
2006-02-13,46.718681
2006-02-14,46.553143
2006-02-15,46.666965
2006-02-16,46.677280
2006-02-17,47.049774
2006-02-21,46.972153
2006-02-22,47.292923
2006-02-23,47.173893
2006-02-24,47.101513
2006-02-27,47.023903
2006-02-28,47.256695
2006-03-01,46.971153
2006-03-02,46.644142
2006-03-03,46.374184
2006-03-06,45.969234
2006-03-07,46.000362
2006-03-08,45.984791
2006-03-09,46.000362
2006-03-10,45.829056
2006-03-13,45.792747
2006-03-14,46.099022
2006-03-15,45.849808
2006-03-16,46.265179
2006-03-17,46.124958
2006-03-20,46.197670
2006-03-21,45.958858
2006-03-22,46.057518
2006-03-23,45.912125
2006-03-24,46.249573
2006-03-27,46.078251
2006-03-28,45.647400
2006-03-29,45.429348
2006-03-30,45.112667
2006-03-31,45.097069
2006-04-03,45.111694
2006-04-04,45.064785
2006-04-05,45.127319
2006-04-06,44.783409
2006-04-07,44.345676
2006-04-10,44.429047
2006-04-11,44.585350
2006-04-12,44.314404
2006-04-13,44.001751
2006-04-17,44.163273
2006-04-18,44.241444
2006-04-19,43.970493
2006-04-20,43.933987
2006-04-21,44.189365
2006-04-24,44.366501
2006-04-25,43.840187
2006-04-26,43.767239
2006-04-27,43.824558
2006-04-28,43.855827
2006-05-01,43.526218
2006-05-02,43.641369
2006-05-03,43.547188
2006-05-04,43.473953
2006-05-05,43.735519
2006-05-08,43.761631
2006-05-09,43.735519
2006-05-10,43.813995
2006-05-11,43.599445
2006-05-12,43.238529
2006-05-15,43.411163
2006-05-16,43.735519
2006-05-17,43.463470
2006-05-18,44.054657
2006-05-19,44.169735
2006-05-22,44.263897
2006-05-23,44.237747
2006-05-24,44.258636
2006-05-25,44.086002
2006-05-26,44.054657
2006-05-30,44.033714
2006-05-31,43.772148
2006-06-01,43.967503
2006-06-02,44.534760
2006-06-05,44.476982
2006-06-06,44.687057
2006-06-07,44.697594
2006-06-08,44.786854
2006-06-09,45.023239
2006-06-12,45.059990
2006-06-13,45.091499
2006-06-14,44.639824
2006-06-15,44.382446
2006-06-16,44.282654
2006-06-19,44.219635
2006-06-20,44.146091
2006-06-21,44.156590
2006-06-22,43.904484
2006-06-23,43.815208
2006-06-26,43.731194
2006-06-27,43.946499
2006-06-28,43.715393
2006-06-29,43.862469
2006-06-30,44.287903
2006-07-03,44.244148
2006-07-05,43.890877
2006-07-06,44.159763
2006-07-07,44.444496
2006-07-10,44.486683
2006-07-11,44.629059
2006-07-12,44.639568
2006-07-13,44.813614
2006-07-14,44.839985
2006-07-17,44.908546
2006-07-18,44.523636
2006-07-19,44.945431
2006-07-20,45.077225
2006-07-21,44.992882
2006-07-24,44.966522
2006-07-25,44.834682
2006-07-26,44.998158
2006-07-27,44.929577
2006-07-28,45.187973
2006-07-31,45.246002
2006-08-01,45.241726
2006-08-02,45.411148
2006-08-03,45.421757
2006-08-04,45.697025
2006-08-07,45.723484
2006-08-08,45.622917
2006-08-09,45.474678
2006-08-10,45.405880
2006-08-11,45.209991
2006-08-14,45.130585
2006-08-15,45.511723
2006-08-16,45.818806
2006-08-17,45.802902
2006-08-18,45.935257
2006-08-21,46.099331
2006-08-22,46.115231
2006-08-23,46.136429
2006-08-24,46.221107
2006-08-25,46.289955
2006-08-28,46.332253
2006-08-29,46.395802
2006-08-30,46.517582
2006-08-31,46.628738
2006-09-01,46.644691
2006-09-05,46.352394
2006-09-06,46.288589
2006-09-07,46.378956
2006-09-08,46.416126
2006-09-11,46.373627
2006-09-12,46.607452
2006-09-13,46.628777
2006-09-14,46.522453
2006-09-15,46.485268
2006-09-18,46.410831
2006-09-19,46.931736
2006-09-20,47.000782
2006-09-21,47.431335
2006-09-22,47.665195
2006-09-25,48.000034
2006-09-26,47.798038
2006-09-27,47.659885
2006-09-28,47.580132
2006-09-29,47.521690
2006-10-02,47.651878
2006-10-03,47.587849
2006-10-04,47.934685
2006-10-05,47.598518
2006-10-06,47.102253
2006-10-09,47.230305
2006-10-10,46.856750
2006-10-11,46.718044
2006-10-12,46.744709
2006-10-13,46.509930
2006-10-16,46.718044
2006-10-17,46.755386
2006-10-18,46.851467
2006-10-19,46.766060
2006-10-20,46.718044
2006-10-23,46.531296
2006-10-24,46.531296
2006-10-25,46.899429
2006-10-26,47.203648
2006-10-27,47.422440
2006-10-30,47.555817
2006-10-31,47.923996
2006-11-01,48.189198
2006-11-02,47.990982
2006-11-03,47.423138
2006-11-06,47.562454
2006-11-07,47.782070
2006-11-08,47.953457
2006-11-09,47.926701
2006-11-10,48.135597
2006-11-13,48.124928
2006-11-14,48.312386
2006-11-15,48.130264
2006-11-16,47.910633
2006-11-17,48.183800
2006-11-20,48.258835
2006-11-21,48.376678
2006-11-22,48.457012
2006-11-24,48.542709
2006-11-27,48.719479
2006-11-28,48.821289
2006-11-29,48.708786
2006-11-30,49.030190
2006-12-01,49.154949
2006-12-04,49.240936
2006-12-05,49.009754
2006-12-06,48.912956
2006-12-07,48.875320
2006-12-08,48.520489
2006-12-11,48.730145
2006-12-12,48.832321
2006-12-13,48.396774
2006-12-14,48.219341
2006-12-15,48.246231
2006-12-18,48.262405
2006-12-19,48.197845
2006-12-20,48.192478
2006-12-21,48.434483
2006-12-22,48.063454
2006-12-26,48.208607
2006-12-27,47.854153
2006-12-28,47.746246
2006-12-29,47.708469
2007-01-03,48.048367
2007-01-04,48.339699
2007-01-05,48.129295
2007-01-08,48.215618
2007-01-09,48.215618
2007-01-10,47.999813
2007-01-11,47.719269
2007-01-12,47.498089
2007-01-16,47.600571
2007-01-17,47.454891
2007-01-18,47.600571
2007-01-19,47.471104
2007-01-22,47.584393
2007-01-23,47.271488
2007-01-24,47.266083
2007-01-25,46.926197
2007-01-26,46.888412
2007-01-29,46.785957
2007-01-30,46.839855
2007-01-31,47.233711
2007-02-01,47.176857
2007-02-02,47.236420
2007-02-05,47.301441
2007-02-06,47.561459
2007-02-07,47.702297
2007-02-08,47.740257
2007-02-09,47.469345
2007-02-12,47.361038
2007-02-13,47.258106
2007-02-14,47.707718
2007-02-15,47.848598
2007-02-16,48.016476
2007-02-20,48.124840
2007-02-21,48.043571
2007-02-22,47.783535
2007-02-23,48.124840
2007-02-26,48.444447
2007-02-27,49.056553
2007-02-28,48.834438
2007-03-01,48.803463
2007-03-02,49.048157
2007-03-05,49.129700
2007-03-06,48.982891
2007-03-07,49.173218
2007-03-08,49.129700
2007-03-09,48.613121
2007-03-12,48.803463
2007-03-13,49.097122
2007-03-14,48.874111
2007-03-15,48.868740
2007-03-16,48.857826
2007-03-19,48.754524
2007-03-20,48.781719
2007-03-21,48.803463
2007-03-22,48.417377
2007-03-23,48.281441
2007-03-26,48.341244
2007-03-27,48.259640
2007-03-28,48.161816
2007-03-29,48.096573
2007-03-30,48.004093
2007-04-02,48.083836
2007-04-03,48.023754
2007-04-04,48.072861
2007-04-05,47.892776
2007-04-09,47.576218
2007-04-10,47.718113
2007-04-11,47.685371
2007-04-12,47.696289
2007-04-13,47.548935
2007-04-16,47.810921
2007-04-17,48.078331
2007-04-18,48.318459
2007-04-19,48.236629
2007-04-20,48.111069
2007-04-23,48.285728
2007-04-24,48.465832
2007-04-25,48.296638
2007-04-26,47.947372
2007-04-27,47.936428
2007-04-30,48.438515
2007-05-01,48.473602
2007-05-02,48.446213
2007-05-03,48.336651
2007-05-04,48.533875
2007-05-07,48.665348
2007-05-08,48.555798
2007-05-09,48.364082
2007-05-10,48.479084
2007-05-11,48.309280
2007-05-14,48.183277
2007-05-15,48.166862
2007-05-16,48.133991
2007-05-17,47.936783
2007-05-18,47.619076
2007-05-21,47.761478
2007-05-22,47.515011
2007-05-23,47.378059
2007-05-24,47.421860
2007-05-25,47.312336
2007-05-29,47.306850
2007-05-30,47.405437
2007-05-31,47.317802
2007-06-01,47.069195
2007-06-04,47.283699
2007-06-05,46.986736
2007-06-06,46.964745
2007-06-07,46.123333
2007-06-08,46.084805
2007-06-11,45.952839
2007-06-12,45.287434
2007-06-13,45.826324
2007-06-14,45.710876
2007-06-15,46.024300
2007-06-18,45.930813
2007-06-19,46.359745
2007-06-20,45.985825
2007-06-21,45.765873
2007-06-22,46.062828
2007-06-25,46.315807
2007-06-26,46.326817
2007-06-27,46.370762
2007-06-28,46.359745
2007-06-29,46.838200
2007-07-02,47.084442
2007-07-03,46.797382
2007-07-05,46.272945
2007-07-06,46.085228
2007-07-09,46.250877
2007-07-10,47.034744
2007-07-11,46.548935
2007-07-12,46.388885
2007-07-13,46.515888
2007-07-16,46.963009
2007-07-17,46.863647
2007-07-18,47.040314
2007-07-19,47.029289
2007-07-20,47.454334
2007-07-23,47.377052
2007-07-24,47.553715
2007-07-25,47.647549
2007-07-26,48.045036
2007-07-27,48.183048
2007-07-30,48.045036
2007-07-31,48.392822
2007-08-01,48.288059
2007-08-02,48.410011
2007-08-03,48.731426
2007-08-06,48.376736
2007-08-07,48.337917
2007-08-08,47.750504
2007-08-09,47.816982
2007-08-10,47.706158
2007-08-13,47.844715
2007-08-14,47.972172
2007-08-15,47.800373
2007-08-16,48.293610
2007-08-17,48.099670
2007-08-20,48.127373
2007-08-21,48.360111
2007-08-22,48.282543
2007-08-23,48.448792
2007-08-24,48.687119
2007-08-27,48.942051
2007-08-28,49.025192
2007-08-29,48.892208
2007-08-30,49.219135
2007-08-31,49.257938
2007-09-04,49.281281
2007-09-05,49.676407
2007-09-06,49.548416
2007-09-07,50.249569
2007-09-10,50.639126
2007-09-11,50.600174
2007-09-12,50.410946
2007-09-13,49.960220
2007-09-14,50.032547
2007-09-17,50.271843
2007-09-18,49.893429
2007-09-19,49.431522
2007-09-20,48.496700
2007-09-21,48.908455
2007-09-24,49.047585
2007-09-25,48.875084
2007-09-26,48.919628
2007-09-27,49.259041
2007-09-28,49.370342
2007-10-01,49.652454
2007-10-02,49.808826
2007-10-03,49.663651
2007-10-04,49.853569
2007-10-05,49.317276
2007-10-08,49.278164
2007-10-09,49.216751
2007-10-10,49.244663
2007-10-11,49.194408
2007-10-12,48.954170
2007-10-15,48.965324
2007-10-16,48.982079
2007-10-17,49.518379
2007-10-18,49.792091
2007-10-19,50.535084
2007-10-22,50.540730
2007-10-23,50.473633
2007-10-24,50.848003
2007-10-25,50.674786
2007-10-26,50.557491
2007-10-29,50.752987
2007-10-30,50.725067
2007-10-31,50.266945
2007-11-01,50.920067
2007-11-02,51.082794
2007-11-05,51.060398
2007-11-06,50.813507
2007-11-07,50.903267
2007-11-08,50.813507
2007-11-09,51.245533
2007-11-12,51.430737
2007-11-13,51.239925
2007-11-14,51.296036
2007-11-15,51.778618
2007-11-16,51.851501
2007-11-19,52.188221
2007-11-20,52.132095
2007-11-21,52.435108
2007-11-23,52.592178
2007-11-26,53.630219
2007-11-27,53.119621
2007-11-28,52.760532
2007-11-29,53.214985
2007-11-30,52.956863
2007-12-03,53.377148
2007-12-04,53.371521
2007-12-05,52.734966
2007-12-06,52.272999
2007-12-07,51.687103
2007-12-10,51.377254
2007-12-11,52.385651
2007-12-12,51.844810
2007-12-13,51.281506
2007-12-14,51.044876
2007-12-17,51.501225
2007-12-18,51.833576
2007-12-19,52.520885
2007-12-20,52.408184
2007-12-21,51.642052
2007-12-24,51.399799
2007-12-26,50.949123
2007-12-27,51.504559
2007-12-28,52.307720
2007-12-31,52.624454
2008-01-02,53.382343
2008-01-03,53.308907
2008-01-04,53.320160
2008-01-07,53.552055
2008-01-08,53.489838
2008-01-09,53.591667
2008-01-10,52.867687
2008-01-11,53.280537
2008-01-14,53.478554
2008-01-15,54.078079
2008-01-16,53.687824
2008-01-17,54.383553
2008-01-18,54.010235
2008-01-22,54.587166
2008-01-23,54.462730
2008-01-24,53.371082
2008-01-25,54.270439
2008-01-28,54.066738
2008-01-29,53.699112
2008-01-30,53.348457
2008-01-31,53.727425
2008-02-01,54.050385
2008-02-04,53.494148
2008-02-05,53.902840
2008-02-06,53.738174
2008-02-07,52.580303
2008-02-08,53.181980
2008-02-11,53.403297
2008-02-12,53.085457
2008-02-13,52.523628
2008-02-14,51.751690
2008-02-15,52.148991
2008-02-19,51.621128
2008-02-20,51.978703
2008-02-21,52.529243
2008-02-22,52.228443
2008-02-25,51.694923
2008-02-26,51.711960
2008-02-27,51.757347
2008-02-28,52.676807
2008-02-29,53.482735
2008-03-03,53.344906
2008-03-04,52.826542
2008-03-05,52.194145
2008-03-06,52.473335
2008-03-07,52.541691
2008-03-10,53.316441
2008-03-11,52.860699
2008-03-12,53.880405
2008-03-13,53.458851
2008-03-14,54.119667
2008-03-17,54.535576
2008-03-18,54.324764
2008-03-19,55.224888
2008-03-20,55.361607
2008-03-24,54.290619
2008-03-25,54.518448
2008-03-26,54.290619
2008-03-27,53.908909
2008-03-28,54.433010
2008-03-31,54.626694
2008-04-01,53.737648
2008-04-02,53.852066
2008-04-03,53.972225
2008-04-04,54.464188
2008-04-07,54.178188
2008-04-08,53.989388
2008-04-09,54.550026
2008-04-10,54.366962
2008-04-11,54.733086
2008-04-14,54.412754
2008-04-15,53.737648
2008-04-16,53.211311
2008-04-17,53.119793
2008-04-18,53.074017
2008-04-21,53.285675
2008-04-22,53.468777
2008-04-23,53.291428
2008-04-24,52.839447
2008-04-25,52.530510
2008-04-28,52.690739
2008-04-29,52.890957
2008-04-30,53.268543
2008-05-01,53.271996
2008-05-02,52.600189
2008-05-05,52.600189
2008-05-06,52.221252
2008-05-07,52.445168
2008-05-08,52.915974
2008-05-09,53.111191
2008-05-12,53.030804
2008-05-13,52.450935
2008-05-14,52.473877
2008-05-15,52.950455
2008-05-16,52.732285
2008-05-19,52.801167
2008-05-20,53.076740
2008-05-21,53.088223
2008-05-22,52.462395
2008-05-23,52.692047
2008-05-27,52.336102
2008-05-28,51.870937
2008-05-29,51.497776
2008-05-30,51.836533
2008-06-02,52.036510
2008-06-03,52.411076
2008-06-04,51.944317
2008-06-05,51.633114
2008-06-06,52.301579
2008-06-09,52.301579
2008-06-10,51.961613
2008-06-11,51.840572
2008-06-12,51.321953
2008-06-13,51.212440
2008-06-16,51.223969
2008-06-17,51.327675
2008-06-18,51.759876
2008-06-19,51.454483
2008-06-20,51.754128
2008-06-23,51.863621
2008-06-24,52.209343
2008-06-25,52.232445
2008-06-26,52.583946
2008-06-27,53.200558
2008-06-30,53.212097
2008-07-01,53.086006
2008-07-02,53.363586
2008-07-03,53.247959
2008-07-07,53.490829
2008-07-08,53.837837
2008-07-09,54.074974
2008-07-10,54.069176
2008-07-11,53.300022
2008-07-14,53.768425
2008-07-15,53.751064
2008-07-16,52.779499
2008-07-17,52.507648
2008-07-18,52.311001
2008-07-21,52.513428
2008-07-22,52.253193
2008-07-23,52.149078
2008-07-24,52.658020
2008-07-25,52.131752
2008-07-28,52.658020
2008-07-29,52.444046
2008-07-30,52.496105
2008-07-31,53.016613
2008-08-01,53.133846
2008-08-04,53.011955
2008-08-05,52.617271
2008-08-06,52.402515
2008-08-07,53.255741
2008-08-08,53.400867
2008-08-11,52.890045
2008-08-12,53.383465
2008-08-13,53.197716
2008-08-14,53.540146
2008-08-15,54.004478
2008-08-18,54.219269
2008-08-19,54.010353
2008-08-20,54.161224
2008-08-21,54.062519
2008-08-22,54.027740
2008-08-25,54.567574
2008-08-26,54.613968
2008-08-27,54.706833
2008-08-28,54.712654
2008-08-29,54.468872
2008-09-02,54.975700
2008-09-03,55.208679
2008-09-04,55.651424
2008-09-05,55.622364
2008-09-08,55.855381
2008-09-09,56.408791
2008-09-10,56.059250
2008-09-11,56.030094
2008-09-12,55.307766
2008-09-15,57.102001
2008-09-16,57.090355
2008-09-17,57.375835
2008-09-18,56.536926
2008-09-19,54.742672
2008-09-22,54.736870
2008-09-23,54.527100
2008-09-24,54.765961
2008-09-25,54.655247
2008-09-26,55.051464
2008-09-29,56.653393
2008-09-30,55.272766
2008-10-01,55.968128
2008-10-02,56.418137
2008-10-03,56.914780
2008-10-06,57.949039
2008-10-07,57.773769
2008-10-08,56.944042
2008-10-09,56.464870
2008-10-10,56.067478
2008-10-13,55.348736
2008-10-14,54.992298
2008-10-15,55.518204
2008-10-16,55.231873
2008-10-17,54.852062
2008-10-20,55.290287
2008-10-21,55.582497
2008-10-22,56.710300
2008-10-23,57.130959
2008-10-24,56.523296
2008-10-27,56.564213
2008-10-28,55.740273
2008-10-29,55.459766
2008-10-30,54.957237
2008-10-31,54.244335
2008-11-03,54.391045
2008-11-04,55.411839
2008-11-05,56.068962
2008-11-06,55.664116
2008-11-07,55.300377
2008-11-10,55.570217
2008-11-11,55.734550
2008-11-12,56.092400
2008-11-13,54.748886
2008-11-14,55.834232
2008-11-17,56.080696
2008-11-18,56.802261
2008-11-19,58.257221
2008-11-20,61.266911
2008-11-21,60.381046
2008-11-24,59.436478
2008-11-25,61.184700
2008-11-26,61.266911
2008-11-28,62.023708
2008-12-01,64.398926
2008-12-02,64.646164
2008-12-03,64.828659
2008-12-04,66.106026
2008-12-05,65.034706
2008-12-08,64.893402
2008-12-09,66.176682
2008-12-10,66.017738
2008-12-11,66.147224
2008-12-12,66.147224
2008-12-15,66.900734
2008-12-16,68.554840
2008-12-17,70.415009
2008-12-18,71.892494
2008-12-19,71.969017
2008-12-22,71.415726
2008-12-23,71.321564
2008-12-24,71.168457
2008-12-26,71.403923
2008-12-29,71.318306
2008-12-30,71.997559
2008-12-31,70.491470
2009-01-02,68.719498
2009-01-05,66.947662
2009-01-06,66.274368
2009-01-07,66.534203
2009-01-08,66.481087
2009-01-09,66.581512
2009-01-12,67.272484
2009-01-13,67.343407
2009-01-14,68.453720
2009-01-15,68.566002
2009-01-16,67.508789
2009-01-20,67.496925
2009-01-21,65.364769
2009-01-22,64.106728
2009-01-23,63.604652
2009-01-26,63.049538
2009-01-27,64.532036
2009-01-28,62.919609
2009-01-29,61.472561
2009-01-30,61.277622
2009-02-02,62.417740
2009-02-03,60.931149
2009-02-04,60.717976
2009-02-05,60.771263
2009-02-06,60.581749
2009-02-09,60.777222
2009-02-10,62.097881
2009-02-11,62.903313
2009-02-12,62.311142
2009-02-13,60.652859
2009-02-17,62.542088
2009-02-18,62.009098
2009-02-19,60.954906
2009-02-20,61.547119
2009-02-23,62.115646
2009-02-24,62.050541
2009-02-25,61.333904
2009-02-26,60.688358
2009-02-27,60.338924
2009-03-02,61.337837
2009-03-03,60.928043
2009-03-04,60.648952
2009-03-05,62.335606
2009-03-06,61.919849
2009-03-09,61.557594
2009-03-10,60.375748
2009-03-11,61.029037
2009-03-12,61.320068
2009-03-13,61.011230
2009-03-16,60.049080
2009-03-17,59.722439
2009-03-18,61.985279
2009-03-19,62.062401
2009-03-20,61.717880
2009-03-23,61.183395
2009-03-24,61.765484
2009-03-25,60.933998
2009-03-26,61.640736
2009-03-27,62.098022
2009-03-30,62.335606
2009-03-31,62.781048
2009-04-01,63.353947
2009-04-02,62.579678
2009-04-03,61.299202
2009-04-06,61.037140
2009-04-07,61.191994
2009-04-08,61.733963
2009-04-09,60.959667
2009-04-13,61.519493
2009-04-14,61.841160
2009-04-15,61.733963
2009-04-16,61.245560
2009-04-17,60.572525
2009-04-20,61.489784
2009-04-21,60.882248
2009-04-22,60.512951
2009-04-23,60.507038
2009-04-24,59.899483
2009-04-27,60.155647
2009-04-28,59.172848
2009-04-29,58.648750
2009-04-30,58.416473
2009-05-01,58.014408
2009-05-04,58.205616
2009-05-05,58.133862
2009-05-06,57.996475
2009-05-07,56.580620
2009-05-08,56.718071
2009-05-11,57.524551
2009-05-12,57.733639
2009-05-13,58.360935
2009-05-14,58.587940
2009-05-15,58.570015
2009-05-18,57.661919
2009-05-19,57.357250
2009-05-20,57.960648
2009-05-21,56.503002
2009-05-22,55.875656
2009-05-26,55.033367
2009-05-27,54.059547
2009-05-28,54.842190
2009-05-29,56.258022
2009-06-01,54.594841
2009-06-02,54.888496
2009-06-03,55.403996
2009-06-04,54.259178
2009-06-05,53.845592
2009-06-08,53.707790
2009-06-09,53.701786
2009-06-10,52.856735
2009-06-11,53.444065
2009-06-12,53.923557
2009-06-15,54.409039
2009-06-16,55.355976
2009-06-17,55.044353
2009-06-18,54.211262
2009-06-19,54.954437
2009-06-22,55.487865
2009-06-23,56.141171
2009-06-24,55.577713
2009-06-25,56.596687
2009-06-26,56.692539
2009-06-29,56.776443
2009-06-30,56.680565
2009-07-01,56.568138
2009-07-02,56.700409
2009-07-06,56.592175
2009-07-07,56.970974
2009-07-08,58.023224
2009-07-09,57.331764
2009-07-10,57.860813
2009-07-13,57.536156
2009-07-14,56.580185
2009-07-15,55.125065
2009-07-16,55.720310
2009-07-17,54.860500
2009-07-20,55.149113
2009-07-21,56.249428
2009-07-22,55.744381
2009-07-23,54.722202
2009-07-24,54.986755
2009-07-27,54.355427
2009-07-28,54.836437
2009-07-29,55.137089
2009-07-30,55.918682
2009-07-31,57.007057
2009-08-03,56.143143
2009-08-04,55.696697
2009-08-05,54.864098
2009-08-06,55.051189
2009-08-07,54.592655
2009-08-10,55.274384
2009-08-11,55.913906
2009-08-12,55.316608
2009-08-13,56.100895
2009-08-14,56.318066
2009-08-17,57.150623
2009-08-18,56.818790
2009-08-19,57.289375
2009-08-20,57.759995
2009-08-21,56.571480
2009-08-24,57.597076
2009-08-25,57.922882
2009-08-26,58.188316
2009-08-27,57.959072
2009-08-28,58.224499
2009-08-31,58.278816
2009-09-01,58.137844
2009-09-02,58.985104
2009-09-03,58.621944
2009-09-04,57.623367
2009-09-08,57.217876
2009-09-09,57.151287
2009-09-10,58.204346
2009-09-11,58.525181
2009-09-14,57.944145
2009-09-15,57.647552
2009-09-16,57.750458
2009-09-17,58.476730
2009-09-18,57.956264
2009-09-21,58.089375
2009-09-22,58.210430
2009-09-23,58.385944
2009-09-24,58.555408
2009-09-25,59.299824
2009-09-28,59.820328
2009-09-29,59.765881
2009-09-30,59.711380
2009-10-01,60.529194
2009-10-02,60.110249
2009-10-05,60.116356
2009-10-06,59.521355
2009-10-07,60.219528
2009-10-08,59.588165
2009-10-09,58.222130
2009-10-12,58.313210
2009-10-13,58.616772
2009-10-14,57.748539
2009-10-15,57.481499
2009-10-16,57.948914
2009-10-19,58.404282
2009-10-20,58.719986
2009-10-21,58.367828
2009-10-22,58.082485
2009-10-23,57.645329
2009-10-26,56.898598
2009-10-27,57.675728
2009-10-28,57.948914
2009-10-29,57.317524
2009-10-30,58.149269
2009-11-02,57.892223
2009-11-03,57.313629
2009-11-04,56.789864
2009-11-05,56.789864
2009-11-06,56.844719
2009-11-09,56.911674
2009-11-10,56.808128
2009-11-11,57.045639
2009-11-12,56.942101
2009-11-13,57.204010
2009-11-16,57.874001
2009-11-17,58.184593
2009-11-18,57.843552
2009-11-19,57.947075
2009-11-20,57.934841
2009-11-23,57.861797
2009-11-24,58.227264
2009-11-25,58.495239
2009-11-27,58.714516
2009-11-30,58.854584
2009-12-01,58.198971
2009-12-02,58.247849
2009-12-03,57.642971
2009-12-04,57.031914
2009-12-07,57.105274
2009-12-08,57.190838
2009-12-09,56.928059
2009-12-10,56.274265
2009-12-11,56.268181
2009-12-14,56.335358
2009-12-15,56.084896
2009-12-16,56.017662
2009-12-17,56.940250
2009-12-18,56.695915
2009-12-21,55.687717
2009-12-22,55.376064
2009-12-23,55.388321
2009-12-24,54.813931
2009-12-28,54.661194
2009-12-29,55.021751
2009-12-30,55.383522
2009-12-31,55.119896
2010-01-04,55.070847
2010-01-05,55.426460
2010-01-06,54.684490
2010-01-07,54.776485
2010-01-08,54.751968
2010-01-11,54.451477
2010-01-12,55.383522
2010-01-13,54.739693
2010-01-14,55.506210
2010-01-15,55.849575
2010-01-19,55.690128
2010-01-20,56.254280
2010-01-21,56.511822
2010-01-22,56.413719
2010-01-25,56.156147
2010-01-26,56.174553
2010-01-27,56.143894
2010-01-28,56.113281
2010-01-29,56.603756
2010-02-01,56.089985
2010-02-02,56.249966
2010-02-03,55.597672
2010-02-04,56.477661
2010-02-05,56.600700
2010-02-08,56.674564
2010-02-09,56.108433
2010-02-10,55.573059
2010-02-11,55.271568
2010-02-12,55.499245
2010-02-16,55.603825
2010-02-17,54.970016
2010-02-18,54.748505
2010-02-19,55.043861
2010-02-22,54.816177
2010-02-23,55.671501
2010-02-24,55.806923
2010-02-25,56.120720
2010-02-26,56.409954
2010-03-01,56.385235
2010-03-02,56.311203
2010-03-03,56.169228
2010-03-04,56.465469
2010-03-05,55.724758
2010-03-08,55.434586
2010-03-09,55.446964
2010-03-10,55.304966
2010-03-11,55.508701
2010-03-12,55.854351
2010-03-15,55.780293
2010-03-16,56.224758
2010-03-17,56.465469
2010-03-18,56.280334
2010-03-19,56.335857
2010-03-22,56.397598
2010-03-23,56.132137
2010-03-24,55.107433
2010-03-25,54.755535
2010-03-26,54.909866
2010-03-29,54.699974
2010-03-30,54.872852
2010-03-31,55.249397
2010-04-01,55.114307
2010-04-05,54.197315
2010-04-06,54.284065
2010-04-07,54.978001
2010-04-08,55.002823
2010-04-09,55.132931
2010-04-12,55.424164
2010-04-13,55.603844
2010-04-14,55.213470
2010-04-15,55.275436
2010-04-16,55.678200
2010-04-19,55.541878
2010-04-20,55.740139
2010-04-21,56.198639
2010-04-22,56.031342
2010-04-23,55.833092
2010-04-26,55.895046
2010-04-27,56.681976
2010-04-28,56.198639
2010-04-29,56.434101
2010-04-30,57.084717
2010-05-03,57.010105
2010-05-04,58.036011
2010-05-05,58.377979
2010-05-06,60.181137
2010-05-07,59.428768
2010-05-10,58.197678
2010-05-11,58.048454
2010-05-12,57.606983
2010-05-13,57.986263
2010-05-14,58.993549
2010-05-17,58.775925
2010-05-18,59.677494
2010-05-19,59.876465
2010-05-20,61.138603
2010-05-21,61.200867
2010-05-24,60.989414
2010-05-25,61.287888
2010-05-26,61.113773
2010-05-27,59.727242
2010-05-28,60.000782
2010-06-01,60.422504
2010-06-02,59.848541
2010-06-03,59.411846
2010-06-04,61.009007
2010-06-07,61.476845
2010-06-08,61.171158
2010-06-09,61.102554
2010-06-10,60.010765
2010-06-11,60.771919
2010-06-14,60.459976
2010-06-15,60.210423
2010-06-16,60.553577
2010-06-17,61.046375
2010-06-18,60.946609
2010-06-21,60.771919
2010-06-22,61.495579
2010-06-23,61.913635
2010-06-24,61.545502
2010-06-25,61.795078
2010-06-28,62.375298
2010-06-29,63.055298
2010-06-30,63.479511
2010-07-01,63.579670
2010-07-02,63.072796
2010-07-06,63.592186
2010-07-07,62.847507
2010-07-08,62.447006
2010-07-09,62.090290
2010-07-12,62.065311
2010-07-13,61.533390
2010-07-14,62.152840
2010-07-15,62.772377
2010-07-16,63.079002
2010-07-19,62.691025
2010-07-20,62.784950
2010-07-21,63.848747
2010-07-22,63.110325
2010-07-23,62.440746
2010-07-26,62.334362
2010-07-27,61.733608
2010-07-28,61.933853
2010-07-29,61.915066
2010-07-30,62.878799
2010-08-02,61.996147
2010-08-03,62.353970
2010-08-04,61.876789
2010-08-05,62.165592
2010-08-06,62.843636
2010-08-09,62.611347
2010-08-10,62.743164
2010-08-11,63.584473
2010-08-12,63.427422
2010-08-13,64.218521
2010-08-16,65.825714
2010-08-17,65.448997
2010-08-18,65.624817
2010-08-19,66.648163
2010-08-20,66.572807
2010-08-23,66.585388
2010-08-24,67.652664
2010-08-25,67.432907
2010-08-26,68.066971
2010-08-27,66.139618
2010-08-30,67.407799
2010-08-31,68.154869
2010-09-01,66.745705
2010-09-02,66.040466
2010-09-03,65.221840
2010-09-07,66.556816
2010-09-08,66.027847
2010-09-09,64.724442
2010-09-10,64.428490
2010-09-13,64.743271
2010-09-14,65.366661
2010-09-15,64.396980
2010-09-16,63.761066
2010-09-17,64.019196
2010-09-20,64.390732
2010-09-21,65.284851
2010-09-22,65.870422
2010-09-23,66.059326
2010-09-24,65.171486
2010-09-27,66.304871
2010-09-28,66.758270
2010-09-29,66.481194
2010-09-30,66.437126
2010-10-01,66.116089
2010-10-04,66.286751
2010-10-05,65.888489
2010-10-06,66.716492
2010-10-07,66.160316
2010-10-08,65.869591
2010-10-11,65.882225
2010-10-12,65.231209
2010-10-13,65.130104
2010-10-14,64.156799
2010-10-15,63.373108
2010-10-18,63.885021
2010-10-19,64.270561
2010-10-20,64.409599
2010-10-21,63.644890
2010-10-22,64.074608
2010-10-25,64.257904
2010-10-26,63.265671
2010-10-27,62.709454
2010-10-28,62.880058
2010-10-29,63.467892
2010-11-01,63.194607
2010-11-02,64.025192
2010-11-03,62.719067
2010-11-04,63.207245
2010-11-05,62.123074
2010-11-08,62.402042
2010-11-09,61.026215
2010-11-10,61.108624
2010-11-11,61.076912
2010-11-12,60.747231
2010-11-15,59.479179
2010-11-16,60.956482
2010-11-17,60.620411
2010-11-18,60.867645
2010-11-19,61.241741
2010-11-22,61.501713
2010-11-23,61.806080
2010-11-24,60.702827
2010-11-26,61.546062
2010-11-29,62.072361
2010-11-30,62.395729
2010-12-01,61.008717
2010-12-02,60.849674
2010-12-03,60.372513
2010-12-06,61.225060
2010-12-07,59.914402
2010-12-08,59.335430
2010-12-09,59.628094
2010-12-10,59.265438
2010-12-13,59.488155
2010-12-14,58.622822
2010-12-15,57.859367
2010-12-16,58.260185
2010-12-17,59.322697
2010-12-20,59.259083
2010-12-21,59.672649
2010-12-22,59.246361
2010-12-23,59.125423
2010-12-27,59.653542
2010-12-28,58.485279
2010-12-29,59.474792
2010-12-30,59.430084
2010-12-31,60.087666
2011-01-03,59.634350
2011-01-04,59.704609
2011-01-05,58.389500
2011-01-06,58.644836
2011-01-07,58.957699
2011-01-10,59.276875
2011-01-11,58.944855
2011-01-12,58.485279
2011-01-13,59.008762
2011-01-14,58.632095
2011-01-18,58.357559
2011-01-19,58.778919
2011-01-20,57.968113
2011-01-21,58.427788
2011-01-24,58.453297
2011-01-25,59.008762
2011-01-26,58.114975
2011-01-27,58.376682
2011-01-28,58.683178
2011-01-31,58.236263
2011-02-01,57.947960
2011-02-02,57.960789
2011-02-03,57.480316
2011-02-04,56.897259
2011-02-07,57.191986
2011-02-08,56.666595
2011-02-09,57.159988
2011-02-10,56.500076
2011-02-11,57.313732
2011-02-14,57.352146
2011-02-15,57.608425
2011-02-16,57.422649
2011-02-17,57.512325
2011-02-18,57.332932
2011-02-22,58.191441
2011-02-23,58.402843
2011-02-24,58.774410
2011-02-25,59.120399
2011-02-28,59.197250
2011-03-01,59.368832
2011-03-02,58.456161
2011-03-03,57.884171
2011-03-04,58.366180
2011-03-07,57.993446
2011-03-08,57.639904
2011-03-09,58.199097
2011-03-10,59.176041
2011-03-11,58.841850
2011-03-14,58.816101
2011-03-15,59.696644
2011-03-16,60.371517
2011-03-17,59.908794
2011-03-18,60.069412
2011-03-21,59.715942
2011-03-22,59.915157
2011-03-23,59.838043
2011-03-24,59.388138
2011-03-25,59.240299
2011-03-28,59.323872
2011-03-29,58.867516
2011-03-30,59.336716
2011-03-31,59.214626
2011-04-01,59.502472
2011-04-04,59.567055
2011-04-05,59.328190
2011-04-06,58.437515
2011-04-07,58.321365
2011-04-08,58.011532
2011-04-11,58.063190
2011-04-12,58.689178
2011-04-13,59.057125
2011-04-14,59.011955
2011-04-15,59.812286
2011-04-18,59.947800
2011-04-19,60.205994
2011-04-20,59.818718
2011-04-21,59.767101
2011-04-25,59.993000
2011-04-26,60.573883
2011-04-27,59.954292
2011-04-28,60.412540
2011-04-29,60.599701
2011-05-02,60.696896
2011-05-03,61.040527
2011-05-04,61.312725
2011-05-05,61.896118
2011-05-06,61.623878
2011-05-09,61.559021
2011-05-10,61.118271
2011-05-11,61.468296
2011-05-12,61.079353
2011-05-13,61.630337
2011-05-16,61.973831
2011-05-17,62.609142
2011-05-18,61.779449
2011-05-19,61.753460
2011-05-20,61.785862
2011-05-23,62.084087
2011-05-24,62.317429
2011-05-25,62.025715
2011-05-26,62.557251
2011-05-27,62.531376
2011-05-31,62.673965
2011-06-01,63.520985
2011-06-02,62.310936
2011-06-03,62.668709
2011-06-06,62.193798
2011-06-07,62.480030
2011-06-08,62.968006
2011-06-09,62.714287
2011-06-10,63.195671
2011-06-13,62.876919
2011-06-14,61.927101
2011-06-15,63.052525
2011-06-16,63.338833
2011-06-17,63.039597
2011-06-20,63.117607
2011-06-21,62.837898
2011-06-22,62.876919
2011-06-23,63.358341
2011-06-24,63.091591
2011-06-27,62.226326
2011-06-28,61.725372
2011-06-29,61.315525
2011-06-30,61.217964
2011-07-01,61.120049
2011-07-05,61.257130
2011-07-06,61.570480
2011-07-07,61.387691
2011-07-08,62.255924
2011-07-11,63.189362
2011-07-12,63.404781
2011-07-13,63.581055
2011-07-14,62.673641
2011-07-15,62.778122
2011-07-18,62.171009
2011-07-19,63.463566
2011-07-20,62.712845
2011-07-21,62.229824
2011-07-22,62.699806
2011-07-25,62.014374
2011-07-26,62.438652
2011-07-27,62.445229
2011-07-28,62.680172
2011-07-29,63.920502
2011-08-01,64.565659
2011-08-02,66.504272
2011-08-03,66.635246
2011-08-04,69.006248
2011-08-05,67.015167
2011-08-08,69.130692
2011-08-09,69.340271
2011-08-10,71.403404
2011-08-11,67.801102
2011-08-12,69.143761
2011-08-15,68.442993
2011-08-16,69.576012
2011-08-17,70.794304
2011-08-18,72.248253
2011-08-19,72.831131
2011-08-22,72.647774
2011-08-23,71.645714
2011-08-24,69.608749
2011-08-25,70.362038
2011-08-26,71.056267
2011-08-29,70.073792
2011-08-30,71.200317
2011-08-31,70.099991
2011-09-01,71.585991
2011-09-02,73.911545
2011-09-06,74.680161
2011-09-07,73.254593
2011-09-08,73.911545
2011-09-09,74.699791
2011-09-12,74.778694
2011-09-13,73.714432
2011-09-14,74.338570
2011-09-15,73.202011
2011-09-16,73.734161
2011-09-19,75.140007
2011-09-20,75.455284
2011-09-21,77.951637
2011-09-22,80.881569
2011-09-23,79.377205
2011-09-26,78.102768
2011-09-27,76.907166
2011-09-28,76.880852
2011-09-29,77.412987
2011-09-30,79.357536
2011-10-03,81.541420
2011-10-04,80.507454
2011-10-05,79.927872
2011-10-06,78.452591
2011-10-07,77.873009
2011-10-10,76.773140
2011-10-11,76.516273
2011-10-12,75.403267
2011-10-13,76.154053
2011-10-14,75.047615
2011-10-17,76.345032
2011-10-18,75.870857
2011-10-19,75.844543
2011-10-20,75.304466
2011-10-21,74.507553
2011-10-24,74.632759
2011-10-25,76.529488
2011-10-26,75.192513
2011-10-27,72.643776
2011-10-28,73.407677
2011-10-31,76.318695
2011-11-01,78.873451
2011-11-02,77.889565
2011-11-03,76.819901
2011-11-04,76.912338
2011-11-07,77.400986
2011-11-08,76.410500
2011-11-09,77.995255
2011-11-10,76.833099
2011-11-11,76.364281
2011-11-14,77.592499
2011-11-15,77.486801
2011-11-16,78.193329
2011-11-17,78.820602
2011-11-18,78.800797
2011-11-21,79.269615
2011-11-22,80.154457
2011-11-23,80.940201
2011-11-25,79.764877
2011-11-28,79.725220
2011-11-29,79.071548
2011-11-30,77.836754
2011-12-01,77.446205
2011-12-02,78.531807
2011-12-05,78.372887
2011-12-06,77.624962
2011-12-07,77.902931
2011-12-08,78.875984
2011-12-09,77.254196
2011-12-12,78.114822
2011-12-13,78.842911
2011-12-14,80.332207
2011-12-15,80.034370
2011-12-16,80.967659
2011-12-19,81.993698
2011-12-20,79.948318
2011-12-21,78.836273
2011-12-22,79.167244
2011-12-23,78.286858
2011-12-27,78.658745
2011-12-28,80.113022
2011-12-29,80.259193
2011-12-30,80.518150
2012-01-03,79.309586
2012-01-04,78.366570
2012-01-05,78.227081
2012-01-06,78.844681
2012-01-09,78.705223
2012-01-10,78.572449
2012-01-11,79.595100
2012-01-12,79.482224
2012-01-13,80.272491
2012-01-17,80.644318
2012-01-18,79.668121
2012-01-19,78.572449
2012-01-20,77.682602
2012-01-23,77.191170
2012-01-24,77.330620
2012-01-25,77.144661
2012-01-26,78.167320
2012-01-27,78.413071
2012-01-30,79.336105
2012-01-31,80.252510
2012-02-01,79.333275
2012-02-02,79.299942
2012-02-03,77.595879
2012-02-06,78.368050
2012-02-07,77.396179
2012-02-08,77.456085
2012-02-09,76.876945
2012-02-10,77.875465
2012-02-13,77.975273
2012-02-14,78.387993
2012-02-15,78.248238
2012-02-16,77.622505
2012-02-17,77.602554
2012-02-21,76.743843
2012-02-22,77.709038
2012-02-23,77.709038
2012-02-24,78.214943
2012-02-27,78.907234
2012-02-28,78.647606
2012-02-29,78.168327
2012-03-01,77.432426
2012-03-02,78.159668
2012-03-05,77.539154
2012-03-06,78.479942
2012-03-07,77.999535
2012-03-08,77.218971
2012-03-09,77.372398
2012-03-12,77.359070
2012-03-13,75.997986
2012-03-14,74.083244
2012-03-15,74.196693
2012-03-16,74.343437
2012-03-19,73.456100
2012-03-20,73.749619
2012-03-21,74.583603
2012-03-22,74.823845
2012-03-23,75.530991
2012-03-26,75.144035
2012-03-27,75.684471
2012-03-28,75.577698
2012-03-29,76.144775
2012-03-30,74.857117
2012-04-02,75.271866
2012-04-03,73.967461
2012-04-04,74.984222
2012-04-05,75.526016
2012-04-09,77.291946
2012-04-10,78.168205
2012-04-11,77.231781
2012-04-12,76.910683
2012-04-13,78.154846
2012-04-16,78.041122
2012-04-17,77.994301
2012-04-18,78.221687
2012-04-19,78.295311
2012-04-20,78.308716
2012-04-23,78.877274
2012-04-24,78.322113
2012-04-25,77.920731
2012-04-26,78.388977
2012-04-27,78.455864
2012-04-30,78.475914
2012-05-01,78.068863
2012-05-02,78.618729
2012-05-03,78.598633
2012-05-04,79.215462
2012-05-07,79.228897
2012-05-08,79.651337
2012-05-09,79.704941
2012-05-10,79.470253
2012-05-11,80.127419
2012-05-14,81.247215
2012-05-15,81.575745
2012-05-16,81.810440
2012-05-17,83.258759
2012-05-18,83.278893
2012-05-21,83.104553
2012-05-22,82.179237
2012-05-23,82.749153
2012-05-24,82.433998
2012-05-25,82.742409
2012-05-29,82.487648
2012-05-30,84.579651
2012-05-31,85.558632
2012-06-01,87.589844
2012-06-04,86.897728
2012-06-05,85.735374
2012-06-06,84.022018
2012-06-07,84.149689
2012-06-08,84.129517
2012-06-11,84.512535
2012-06-12,83.739799
2012-06-13,84.566277
2012-06-14,84.458717
2012-06-15,84.929062
2012-06-18,85.385963
2012-06-19,84.270615
2012-06-20,84.687180
2012-06-21,85.137352
2012-06-22,84.001846
2012-06-25,85.224678
2012-06-26,84.888733
2012-06-27,85.023102
2012-06-28,85.231422
2012-06-29,84.122780
2012-07-02,84.990746
2012-07-03,84.337639
2012-07-05,84.768517
2012-07-06,85.556381
2012-07-09,86.310509
2012-07-10,86.485573
2012-07-11,86.593338
2012-07-12,87.206039
2012-07-13,86.977135
2012-07-16,87.381203
2012-07-17,86.694351
2012-07-18,86.741501
2012-07-19,86.519257
2012-07-20,87.576393
2012-07-23,88.067963
2012-07-24,88.761505
2012-07-25,88.990456
2012-07-26,88.175674
2012-07-27,86.512535
2012-07-30,87.158920
2012-07-31,87.334053
2012-08-01,86.897392
2012-08-02,87.389992
2012-08-03,85.979698
2012-08-06,86.013443
2012-08-07,84.906822
2012-08-08,84.454758
2012-08-09,84.394043
2012-08-10,84.819122
2012-08-13,84.677437
2012-08-14,83.530319
2012-08-15,82.356178
2012-08-16,81.654411
2012-08-17,82.052559
2012-08-20,82.221245
2012-08-21,82.585625
2012-08-22,83.948654
2012-08-23,84.299538
2012-08-24,84.218544
2012-08-27,84.711166
2012-08-28,84.913589
2012-08-29,84.542450
2012-08-30,84.981064
2012-08-31,86.182144
2012-09-04,86.095596
2012-09-05,85.689888
2012-09-06,84.263077
2012-09-07,83.870850
2012-09-10,84.073723
2012-09-11,83.546333
2012-09-12,82.504906
2012-09-13,82.180305
2012-09-14,79.996208
2012-09-17,80.956390
2012-09-18,81.362091
2012-09-19,81.896309
2012-09-20,82.099159
2012-09-21,82.193825
2012-09-24,82.836212
2012-09-25,83.654472
2012-09-26,84.553864
2012-09-27,83.952011
2012-09-28,83.999352
2012-10-01,84.311096
2012-10-02,84.195839
2012-10-03,84.222977
2012-10-04,83.172676
2012-10-05,82.095230
2012-10-08,82.786438
2012-10-09,82.637291
2012-10-10,83.220047
2012-10-11,83.796066
2012-10-12,84.006157
2012-10-15,83.816429
2012-10-16,82.657600
2012-10-17,81.891945
2012-10-18,81.390495
2012-10-19,82.494987
2012-10-22,81.966461
2012-10-23,83.138763
2012-10-24,82.318848
2012-10-25,81.898643
2012-10-26,83.104866
2012-10-31,83.592789
2012-11-01,82.908363
2012-11-02,82.847382
2012-11-05,83.314919
2012-11-06,82.528900
2012-11-07,84.026482
2012-11-08,85.273277
2012-11-09,85.368179
2012-11-12,85.510498
2012-11-13,85.795082
2012-11-14,85.876358
2012-11-15,85.706963
2012-11-16,85.632454
2012-11-19,85.151321
2012-11-20,84.297562
2012-11-21,84.250076
2012-11-23,84.168770
2012-11-26,84.568565
2012-11-27,84.900574
2012-11-28,84.778641
2012-11-29,84.792168
2012-11-30,84.561790
2012-12-03,84.639877
2012-12-04,85.128746
2012-12-05,85.087952
2012-12-06,85.271324
2012-12-07,84.483711
2012-12-10,84.857155
2012-12-11,84.212090
2012-12-12,83.234421
2012-12-13,83.295502
2012-12-14,83.920166
2012-12-17,82.664047
2012-12-18,81.822159
2012-12-19,82.093727
2012-12-20,82.107346
2012-12-21,83.003586
2012-12-24,82.854240
2012-12-26,83.152206
2012-12-27,83.431252
2012-12-28,83.907539
2012-12-31,82.458160
2013-01-02,81.355782
2013-01-03,80.253494
2013-01-04,80.566452
2013-01-07,80.600510
2013-01-08,81.131248
2013-01-09,81.056450
2013-01-10,80.831863
2013-01-11,81.553146
2013-01-14,81.328575
2013-01-15,81.702827
2013-01-16,81.872910
2013-01-17,81.056450
2013-01-18,81.682465
2013-01-22,81.838936
2013-01-23,81.716461
2013-01-24,81.430664
2013-01-25,80.314705
2013-01-28,80.022110
2013-01-29,79.579826
2013-01-30,79.443741
2013-01-31,79.831596
2013-02-01,78.794952
2013-02-04,79.804314
2013-02-05,79.095078
2013-02-06,79.742966
2013-02-07,79.565636
2013-02-08,79.872505
2013-02-11,79.811165
2013-02-12,79.613358
2013-02-13,78.965454
2013-02-14,79.681564
2013-02-15,79.449646
2013-02-19,79.054153
2013-02-20,79.292854
2013-02-21,79.756538
2013-02-22,79.811165
2013-02-25,81.379646
2013-02-26,80.909119
2013-02-27,80.670403
2013-02-28,80.820503
2013-03-01,81.260536
2013-03-04,80.829979
2013-03-05,80.597656
2013-03-06,79.866333
2013-03-07,79.251228
2013-03-08,78.424316
2013-03-11,78.499481
2013-03-12,79.066734
2013-03-13,78.984718
2013-03-14,78.745522
2013-03-15,79.114563
2013-03-18,79.715996
2013-03-19,80.255920
2013-03-20,79.360626
2013-03-21,80.126083
2013-03-22,80.187561
2013-03-25,80.112411
2013-03-26,80.208046
2013-03-27,80.891495
2013-03-28,80.481445
2013-04-01,81.087616
2013-04-02,80.758797
2013-04-03,81.484863
2013-04-04,82.457466
2013-04-05,84.121780
2013-04-08,83.478004
2013-04-09,83.272522
2013-04-10,82.128708
2013-04-11,82.286247
2013-04-12,83.512283
2013-04-15,84.238258
2013-04-16,83.546448
2013-04-17,84.101250
2013-04-18,84.306725
2013-04-19,84.128670
2013-04-22,84.190292
2013-04-23,83.895737
2013-04-24,84.108093
2013-04-25,83.745110
2013-04-26,84.512230
2013-04-29,84.204002
2013-04-30,84.251961
2013-05-01,85.117462
2013-05-02,85.007652
2013-05-03,83.003403
2013-05-06,82.797501
2013-05-07,82.474907
2013-05-08,82.605347
2013-05-09,82.392555
2013-05-10,81.507141
2013-05-13,80.882523
2013-05-14,80.003929
2013-05-15,80.539307
2013-05-16,81.376717
2013-05-17,80.347168
2013-05-20,80.251099
2013-05-21,80.882523
2013-05-22,79.681381
2013-05-23,80.058830
2013-05-24,80.168716
2013-05-28,78.137032
2013-05-29,79.015602
2013-05-30,78.823433
2013-05-31,78.555687
2013-06-03,78.971962
2013-06-04,78.242638
2013-06-05,79.322876
2013-06-06,79.274696
2013-06-07,77.857376
2013-06-10,77.485855
2013-06-11,78.407776
2013-06-12,77.286270
2013-06-13,78.497208
2013-06-14,78.311478
2013-06-17,77.898621
2013-06-18,77.939903
2013-06-19,77.134933
2013-06-20,75.868965
2013-06-21,74.582352
2013-06-24,74.891975
2013-06-25,74.224556
2013-06-26,74.706169
2013-06-27,75.469917
2013-06-28,75.985916
2013-07-01,76.139038
2013-07-02,76.090767
2013-07-03,75.863182
2013-07-05,73.277168
2013-07-08,73.987480
2013-07-09,74.063309
2013-07-10,73.484062
2013-07-11,74.346054
2013-07-12,74.283943
2013-07-15,74.677086
2013-07-16,74.932190
2013-07-17,75.070091
2013-07-18,74.132240
2013-07-19,75.304596
2013-07-22,75.414955
2013-07-23,75.097710
2013-07-24,74.146049
2013-07-25,74.118515
2013-07-26,74.573601
2013-07-29,74.028854
2013-07-30,74.001266
2013-07-31,74.270172
2013-08-01,72.839127
2013-08-02,73.641068
2013-08-05,73.074211
2013-08-06,73.288490
2013-08-07,73.834671
2013-08-08,74.035141
2013-08-09,74.152649
2013-08-12,73.648010
2013-08-13,72.583313
2013-08-14,72.693932
2013-08-15,71.712227
2013-08-16,71.463341
2013-08-19,70.841194
2013-08-20,71.387306
2013-08-21,70.606117
2013-08-22,71.325066
2013-08-23,72.099403
2013-08-26,72.458916
2013-08-27,73.371475
2013-08-28,72.776932
2013-08-29,73.357658
2013-08-30,73.274658
2013-09-03,72.241180
2013-09-04,72.081734
2013-09-05,71.076630
2013-09-06,71.430191
2013-09-09,71.464867
2013-09-10,70.965759
2013-09-11,71.596542
2013-09-12,71.499489
2013-09-13,71.776794
2013-09-16,71.298416
2013-09-17,71.887695
2013-09-18,72.774948
2013-09-19,72.345146
2013-09-20,72.726379
2013-09-23,73.260170
2013-09-24,74.050308
2013-09-25,74.202827
2013-09-26,73.682999
2013-09-27,73.863167
2013-09-30,73.752243
2013-10-01,73.528481
2013-10-02,73.639641
2013-10-03,73.521538
2013-10-04,73.465927
2013-10-07,73.764755
2013-10-08,73.785599
2013-10-09,73.194870
2013-10-10,73.313049
2013-10-11,73.292198
2013-10-14,72.701469
2013-10-15,72.652809
2013-10-16,73.563225
2013-10-17,74.230415
2013-10-18,74.390251
2013-10-21,74.153915
2013-10-22,74.980980
2013-10-23,75.272865
2013-10-24,74.980980
2013-10-25,75.258957
2013-10-28,75.001831
2013-10-29,75.099083
2013-10-30,74.647392
2013-10-31,74.807228
2013-11-01,73.997475
2013-11-04,74.067169
2013-11-05,73.182159
2013-11-06,73.217049
2013-11-07,73.837189
2013-11-08,72.060295
2013-11-11,71.788513
2013-11-12,72.122986
2013-11-13,72.387802
2013-11-14,72.833771
2013-11-15,72.980095
2013-11-18,73.419128
2013-11-19,72.861656
2013-11-20,71.621254
2013-11-21,71.739723
2013-11-22,72.408730
2013-11-25,72.617752
2013-11-26,72.889511
2013-11-27,72.764107
2013-11-29,72.784988
2013-12-02,72.218880
2013-12-03,72.484482
2013-12-04,71.792580
2013-12-05,71.589851
2013-12-06,71.932304
2013-12-09,72.100082
2013-12-10,72.617226
2013-12-11,72.058144
2013-12-12,71.785553
2013-12-13,72.134987
2013-12-16,71.869423
2013-12-17,72.190971
2013-12-18,71.827492
2013-12-19,71.757637
2013-12-20,72.861900
2013-12-23,72.449562
2013-12-24,71.869423
2013-12-26,71.592476
2013-12-27,71.389084
2013-12-30,71.879929
2013-12-31,71.424149
2014-01-02,71.641563
2014-01-03,71.641563
2014-01-06,71.943047
2014-01-07,72.125328
2014-01-08,71.929047
2014-01-09,72.349747
2014-01-10,73.212189
2014-01-13,73.576874
2014-01-14,73.240234
2014-01-15,73.163132
2014-01-16,73.653984
2014-01-17,73.962463
2014-01-21,74.018562
2014-01-22,73.836266
2014-01-23,74.881081
2014-01-24,75.364967
2014-01-27,74.838997
2014-01-28,75.021286
2014-01-29,75.638359
2014-01-30,75.420990
2014-01-31,75.925842
2014-02-03,76.850983
2014-02-04,76.035515
2014-02-05,75.332527
2014-02-06,75.009155
2014-02-07,75.072426
2014-02-10,75.283325
2014-02-11,74.847488
2014-02-12,74.460846
2014-02-13,74.882584
2014-02-14,74.924835
2014-02-18,75.093521
2014-02-19,74.777191
2014-02-20,74.594414
2014-02-21,74.988068
2014-02-24,74.798279
2014-02-25,75.466095
2014-02-26,75.866791
2014-02-27,76.281593
2014-02-28,76.323753
2014-03-03,76.833252
2014-03-04,75.677551
2014-03-05,75.839653
2014-03-06,75.092628
2014-03-07,74.620514
2014-03-10,74.726189
2014-03-11,74.923508
2014-03-12,75.445000
2014-03-13,76.459763
2014-03-14,76.473862
2014-03-17,75.903000
2014-03-18,76.177879
2014-03-19,75.585953
2014-03-20,75.452003
2014-03-21,76.269478
2014-03-24,76.812126
2014-03-25,76.523163
2014-03-26,77.122192
2014-03-27,77.509796
2014-03-28,77.072868
2014-03-31,76.882568
2014-04-01,76.225533
2014-04-02,75.787445
2014-04-03,76.119530
2014-04-04,76.628204
2014-04-07,77.087494
2014-04-08,77.271126
2014-04-09,76.889656
2014-04-10,77.603226
2014-04-11,78.232010
2014-04-14,78.027145
2014-04-15,78.514603
2014-04-16,78.613510
2014-04-17,77.751633
2014-04-21,77.687981
2014-04-22,77.949394
2014-04-23,78.394485
2014-04-24,78.542892
2014-04-25,78.655945
2014-04-28,78.274437
2014-04-29,78.168365
2014-04-30,78.493431
2014-05-01,79.335533
2014-05-02,79.824173
2014-05-05,79.342583
2014-05-06,79.661301
2014-05-07,79.378014
2014-05-08,79.038086
2014-05-09,78.783134
2014-05-12,78.464386
2014-05-13,79.144295
2014-05-14,80.001236
2014-05-15,80.638657
2014-05-16,80.411964
2014-05-19,79.817070
2014-05-20,79.994125
2014-05-21,79.505493
2014-05-22,79.392174
2014-05-23,79.817070
2014-05-27,80.284523
2014-05-28,81.276054
2014-05-29,80.843971
2014-05-30,80.808617
2014-06-02,80.207886
2014-06-03,79.220879
2014-06-04,79.199615
2014-06-05,79.235123
2014-06-06,79.235123
2014-06-09,79.121498
2014-06-10,78.830376
2014-06-11,78.972420
2014-06-12,79.675362
2014-06-13,79.632790
2014-06-16,79.831612
2014-06-17,79.199615
2014-06-18,79.810303
2014-06-19,78.787773
2014-06-20,79.384270
2014-06-23,79.135704
2014-06-24,79.938087
2014-06-25,80.143997
2014-06-26,80.527435
2014-06-27,80.406693
2014-06-30,80.605499
2014-07-01,79.930656
2014-07-02,79.076408
2014-07-03,78.791634
2014-07-07,79.368263
2014-07-08,80.258118
2014-07-09,80.322197
2014-07-10,80.343567
2014-07-11,80.856133
2014-07-14,80.507301
2014-07-15,80.343567
2014-07-16,80.770638
2014-07-17,81.788712
2014-07-18,81.525269
2014-07-21,81.931053
2014-07-22,82.101952
2014-07-23,81.995102
2014-07-24,81.382927
2014-07-25,82.343971
2014-07-28,82.230072
2014-07-29,82.529022
2014-07-30,81.382927
2014-07-31,81.140869
2014-08-01,81.768997
2014-08-04,81.554863
2014-08-05,81.818962
2014-08-06,81.868912
2014-08-07,82.632652
2014-08-08,82.454185
2014-08-11,82.447075
2014-08-12,81.911713
2014-08-13,82.447075
2014-08-14,83.110886
2014-08-15,84.017334
2014-08-18,83.182259
2014-08-19,82.925323
2014-08-20,82.789658
2014-08-21,83.253609
2014-08-22,83.717560
2014-08-25,84.031624
2014-08-26,83.760368
2014-08-27,84.474174
2014-08-28,84.916718
2014-08-29,84.973816
2014-09-02,83.507957
2014-09-03,83.972977
2014-09-04,82.949944
2014-09-05,82.792603
2014-09-08,82.828384
2014-09-09,82.763954
2014-09-10,82.241745
2014-09-11,81.969879
2014-09-12,81.111366
2014-09-15,81.232964
2014-09-16,80.903908
2014-09-17,80.696480
2014-09-18,80.954018
2014-09-19,81.984200
2014-09-22,82.084305
2014-09-23,82.592232
2014-09-24,82.134392
2014-09-25,83.107368
2014-09-26,82.985695
2014-09-29,83.651001
2014-09-30,83.178871
2014-10-01,84.791824
2014-10-02,84.053131
2014-10-03,84.411713
2014-10-06,84.461899
2014-10-07,85.602226
2014-10-08,85.623703
2014-10-09,85.250801
2014-10-10,86.097054
2014-10-13,86.620605
2014-10-14,87.187149
2014-10-15,87.875687
2014-10-16,87.316238
2014-10-17,86.828644
2014-10-20,87.144135
2014-10-21,86.448486
2014-10-22,86.541725
2014-10-23,85.774323
2014-10-24,85.860367
2014-10-27,86.018196
2014-10-28,85.480316
2014-10-29,85.673920
2014-10-30,85.745651
2014-10-31,85.523323
2014-11-03,85.523331
2014-11-04,85.789352
2014-11-05,85.667130
2014-11-06,85.113571
2014-11-07,86.091263
2014-11-10,85.300446
2014-11-11,85.357964
2014-11-12,85.286102
2014-11-13,85.487373
2014-11-14,85.904350
2014-11-17,85.688713
2014-11-18,85.925903
2014-11-19,85.379570
2014-11-20,85.825294
2014-11-21,86.342865
2014-11-24,86.414757
2014-11-25,87.133713
2014-11-26,87.370964
2014-11-28,88.061119
2014-12-01,87.547363
2014-12-02,86.697144
2014-12-03,87.035774
2014-12-04,87.763573
2014-12-05,87.251915
2014-12-08,88.318367
2014-12-09,88.772316
2014-12-10,89.420807
2014-12-11,89.788300
2014-12-12,91.006012
2014-12-15,90.818703
2014-12-16,91.942711
2014-12-17,91.114090
2014-12-18,89.492897
2014-12-19,90.696175
2014-12-22,90.818703
2014-12-23,89.017296
2014-12-24,89.501793
2014-12-26,89.834030
2014-12-29,90.505478
2014-12-30,90.751053
2014-12-31,90.924316
2015-01-02,91.935211
2015-01-05,93.379402
2015-01-06,95.061806
2015-01-07,94.874100
2015-01-08,93.617729
2015-01-09,94.643028
2015-01-12,95.184601
2015-01-13,95.184601
2015-01-14,95.906700
2015-01-15,97.415848
2015-01-16,96.173843
2015-01-20,97.451904
2015-01-21,96.325500
2015-01-22,95.978859
2015-01-23,97.314789
2015-01-26,97.018669
2015-01-27,97.170334
2015-01-28,98.758865
2015-01-29,98.109001
2015-01-30,99.849159
2015-02-02,99.472260
2015-02-03,97.366783
2015-02-04,97.533157
2015-02-05,96.462334
2015-02-06,94.754784
2015-02-09,94.602837
2015-02-10,93.850327
2015-02-11,94.024033
2015-02-12,93.712868
2015-02-13,92.750587
2015-02-17,91.354202
2015-02-18,91.896782
2015-02-19,91.289024
2015-02-20,91.556740
2015-02-23,92.605858
2015-02-24,93.821480
2015-02-25,94.226593
2015-02-26,92.938690
2015-02-27,93.720108
2015-03-02,91.974426
2015-03-03,91.640923
2015-03-04,91.669983
2015-03-05,91.553978
2015-03-06,89.531342
2015-03-09,90.357819
2015-03-10,91.546730
2015-03-11,92.213699
2015-03-12,92.148422
2015-03-13,91.865677
2015-03-16,92.750153
2015-03-17,93.518593
2015-03-18,95.323738
2015-03-19,94.838043
2015-03-20,95.338219
2015-03-23,95.222176
2015-03-24,96.142921
2015-03-25,95.331017
2015-03-26,93.844818
2015-03-27,95.011971
2015-03-30,94.540787
2015-03-31,94.743767
2015-04-01,95.988197
2015-04-02,94.971176
2015-04-06,94.440826
2015-04-07,95.232712
2015-04-08,95.261703
2015-04-09,94.026680
2015-04-10,94.164780
2015-04-13,94.295525
2015-04-14,94.963875
2015-04-15,94.883911
2015-04-16,94.411789
2015-04-17,95.494202
2015-04-20,94.651474
2015-04-21,94.222862
2015-04-22,92.784447
2015-04-23,93.184082
2015-04-24,93.765190
2015-04-27,93.765190
2015-04-28,92.472092
2015-04-29,91.338829
2015-04-30,91.498611
2015-05-01,90.266891
2015-05-04,89.415237
2015-05-05,89.291443
2015-05-06,87.762726
2015-05-07,88.942055
2015-05-08,89.182259
2015-05-11,87.012955
2015-05-12,87.238594
2015-05-13,86.539772
2015-05-14,86.772720
2015-05-15,88.512512
2015-05-18,87.027489
2015-05-19,86.255852
2015-05-20,86.401459
2015-05-21,87.609848
2015-05-22,87.646233
2015-05-26,89.145851
2015-05-27,89.349678
2015-05-28,89.131294
2015-05-29,89.327827
2015-06-01,88.367767
2015-06-02,87.134880
2015-06-03,85.734184
2015-06-04,86.850380
2015-06-05,85.792580
2015-06-08,85.697693
2015-06-09,85.019279
2015-06-10,84.275154
2015-06-11,86.047890
2015-06-12,86.047890
2015-06-15,86.186508
2015-06-16,86.864937
2015-06-17,86.193802
2015-06-18,85.770676
2015-06-19,86.872253
2015-06-22,85.099510
2015-06-23,84.588806
2015-06-24,85.318336
2015-06-25,85.019279
2015-06-26,84.063583
2015-06-29,86.288651
2015-06-30,85.690453
2015-07-01,84.533760
2015-07-02,84.811600
2015-07-06,86.383545
2015-07-07,87.195076
2015-07-08,87.948181
2015-07-09,86.215401
2015-07-10,84.848129
2015-07-13,84.584946
2015-07-14,84.862762
2015-07-15,85.762077
2015-07-16,86.354309
2015-07-17,86.800278
2015-07-20,86.434715
2015-07-21,86.902657
2015-07-22,87.443649
2015-07-23,88.533035
2015-07-24,88.752403
2015-07-27,89.227676
2015-07-28,88.576965
2015-07-29,88.247917
2015-07-30,88.927864
2015-07-31,89.585907
2015-08-03,90.528946
2015-08-04,89.810844
2015-08-05,89.136749
2015-08-06,89.928047
2015-08-07,91.107819
2015-08-10,89.979370
2015-08-11,91.408218
2015-08-12,90.909943
2015-08-13,90.616859
2015-08-14,90.829384
2015-08-17,91.239723
2015-08-18,90.521606
2015-08-19,91.415520
2015-08-20,92.338760
2015-08-21,92.617203
2015-08-24,92.587914
2015-08-25,91.100471
2015-08-26,89.341904
2015-08-27,89.393227
2015-08-28,89.656998
2015-08-31,88.968239
2015-09-01,89.609276
2015-09-02,88.838287
2015-09-03,89.271500
2015-09-04,90.086555
2015-09-08,88.757469
2015-09-09,89.183388
2015-09-10,88.581215
2015-09-11,89.139290
2015-09-14,89.278854
2015-09-15,87.567871
2015-09-16,87.237366
2015-09-17,88.302193
2015-09-18,89.660683
2015-09-21,88.199387
2015-09-22,89.425682
2015-09-23,89.418373
2015-09-24,90.027870
2015-09-25,89.249458
2015-09-28,90.776848
2015-09-29,91.033875
2015-09-30,90.718102
2015-10-01,91.105141
2015-10-02,91.657028
2015-10-05,90.413467
2015-10-06,90.803482
2015-10-07,90.501770
2015-10-08,89.743851
2015-10-09,89.979309
2015-10-12,90.663635
2015-10-13,90.818184
2015-10-14,91.612907
2015-10-15,91.164040
2015-10-16,91.193443
2015-10-19,90.943260
2015-10-20,90.384094
2015-10-21,91.281761
2015-10-22,91.436279
2015-10-23,90.656273
2015-10-26,91.259682
2015-10-27,91.487816
2015-10-28,91.119827
2015-10-29,89.670258
2015-10-30,90.347244
2015-11-02,89.932037
2015-11-03,89.194595
2015-11-04,89.297852
2015-11-05,89.061844
2015-11-06,87.756561
2015-11-09,87.262459
2015-11-10,87.520592
2015-11-11,87.336227
2015-11-12,87.756561
2015-11-13,88.258057
2015-11-16,88.176910
2015-11-17,88.324402
2015-11-18,88.508751
2015-11-19,89.098709
2015-11-20,88.825851
2015-11-23,89.098709
2015-11-24,89.091362
2015-11-25,89.297852
2015-11-27,89.209366
2015-11-30,89.563301
2015-12-01,90.773094
2015-12-02,90.802681
2015-12-03,88.334312
2015-12-04,89.110298
2015-12-07,89.974945
2015-12-08,90.019302
2015-12-09,89.923248
2015-12-10,90.041489
2015-12-11,91.460365
2015-12-14,90.277939
2015-12-15,89.745865
2015-12-16,89.553696
2015-12-17,90.566231
2015-12-18,91.068726
2015-12-21,91.046539
2015-12-22,90.388809
2015-12-23,89.708923
2015-12-24,90.222847
2015-12-28,90.489464
2015-12-29,88.986145
2015-12-30,88.897255
2015-12-31,89.297157
2016-01-04,89.941452
2016-01-05,89.578568
2016-01-06,90.785706
2016-01-07,90.948608
2016-01-08,91.355927
2016-01-11,90.356148
2016-01-12,91.659599
2016-01-13,92.563065
2016-01-14,91.696587
2016-01-15,93.125854
2016-01-19,92.837021
2016-01-20,93.814568
2016-01-21,93.177689
2016-01-22,92.822220
2016-01-25,93.325813
2016-01-26,93.370270
2016-01-27,93.348038
2016-01-28,93.481323
2016-01-29,94.273758
2016-02-01,93.985107
2016-02-02,95.728752
2016-02-03,94.934830
2016-02-04,95.394859
2016-02-05,95.506165
2016-02-08,97.561432
2016-02-09,97.665268
2016-02-10,98.525955
2016-02-11,99.216011
2016-02-12,97.568810
2016-02-16,96.537514
2016-02-17,95.943886
2016-02-18,97.123634
2016-02-19,97.205254
2016-02-22,97.153320
2016-02-23,97.546562
2016-02-24,97.353607
2016-02-25,97.702377
2016-02-26,96.760094
2016-02-29,97.182961
2016-03-01,95.471733
2016-03-02,95.865753
2016-03-03,96.215141
2016-03-04,95.598114
2016-03-07,95.568375
2016-03-08,96.623993
2016-03-09,96.036713
2016-03-10,95.642746
2016-03-11,94.676361
2016-03-14,94.973694
2016-03-15,95.062881
2016-03-16,95.345345
2016-03-17,95.739380
2016-03-18,95.940071
2016-03-21,95.204147
2016-03-22,95.181831
2016-03-23,96.259750
2016-03-24,96.296982
2016-03-28,96.423286
2016-03-29,97.434250
2016-03-30,96.408394
2016-03-31,97.092339
2016-04-01,97.345512
2016-04-04,97.405197
2016-04-05,98.470367
2016-04-06,97.755264
2016-04-07,98.962059
2016-04-08,98.336288
2016-04-11,98.209671
2016-04-12,97.531769
2016-04-13,97.874458
2016-04-14,97.405197
2016-04-15,98.239525
2016-04-18,97.814850
2016-04-19,97.509422
2016-04-20,96.436829
2016-04-21,95.863190
2016-04-22,95.617393
2016-04-25,95.222610
2016-04-26,94.790512
2016-04-27,95.736526
2016-04-28,96.131340
2016-04-29,96.377205
2016-05-02,95.406830
2016-05-03,96.608620
2016-05-04,97.138542
2016-05-05,97.787872
2016-05-06,97.369896
2016-05-09,97.675926
2016-05-10,97.683411
2016-05-11,98.235748
2016-05-12,97.787872
2016-05-13,98.735840
2016-05-16,97.884918
2016-05-17,98.049171
2016-05-18,96.653358
2016-05-19,97.071312
2016-05-20,97.145988
2016-05-23,97.362442
2016-05-24,96.929558
2016-05-25,96.563843
2016-05-26,97.063919
2016-05-27,96.922073
2016-05-31,97.153435
2016-06-01,97.547638
2016-06-02,98.250687
2016-06-03,99.649353
2016-06-06,98.908920
2016-06-07,99.148277
2016-06-08,99.679260
2016-06-09,100.322517
2016-06-10,100.808678
2016-06-13,101.257492
2016-06-14,101.182709
2016-06-15,101.571526
2016-06-16,102.065231
2016-06-17,101.429527
2016-06-20,100.344933
2016-06-21,99.881172
2016-06-22,100.045731
2016-06-23,98.901367
2016-06-24,101.556595
2016-06-27,104.092194
2016-06-28,104.309059
2016-06-29,103.508804
2016-06-30,103.890266
2016-07-01,105.332718
2016-07-05,106.651482
2016-07-06,106.823883
2016-07-07,106.816376
2016-07-08,107.603134
2016-07-11,106.658997
2016-07-12,104.905540
2016-07-13,106.141899
2016-07-14,104.598358
2016-07-15,103.699158
2016-07-18,103.601791
2016-07-19,104.186211
2016-07-20,103.616768
2016-07-21,103.826591
2016-07-22,104.006378
2016-07-25,103.931458
2016-07-26,104.096252
2016-07-27,105.392654
2016-07-28,105.197815
2016-07-29,106.074509
2016-08-01,104.924423
2016-08-02,103.843452
2016-08-03,103.903534
2016-08-04,104.684258
2016-08-05,103.595795
2016-08-08,103.790894
2016-08-09,104.811844
2016-08-10,105.217201
2016-08-11,104.278915
2016-08-12,105.157211
2016-08-15,104.166245
2016-08-16,103.888519
2016-08-17,104.511574
2016-08-18,104.676689
2016-08-19,104.128723
2016-08-22,105.007080
2016-08-23,105.119698
2016-08-24,104.871925
2016-08-25,104.474068
2016-08-26,103.865967
2016-08-29,105.254784
2016-08-30,104.849442
2016-08-31,104.999504
2016-09-01,105.115295
2016-09-02,104.257935
2016-09-06,105.017570
2016-09-07,104.942398
2016-09-08,103.626228
2016-09-09,101.919090
2016-09-12,101.971741
2016-09-13,100.813545
2016-09-14,100.963989
2016-09-15,100.527763
2016-09-16,101.340004
2016-09-19,101.009071
2016-09-20,101.362587
2016-09-21,102.182312
2016-09-22,102.994514
2016-09-23,102.896751
2016-09-26,103.551071
2016-09-27,104.310669
2016-09-28,104.085045
2016-09-29,104.348259
2016-09-30,103.415665
2016-10-03,103.074409
2016-10-04,101.868958
2016-10-05,101.394264
2016-10-06,100.829247
2016-10-07,100.897026
2016-10-10,100.301834
2016-10-11,100.075829
2016-10-12,100.173805
2016-10-13,100.550415
2016-10-14,99.141594
2016-10-17,99.774429
2016-10-18,100.098412
2016-10-19,100.181313
2016-10-20,100.286758
2016-10-21,100.437469
2016-10-24,100.000427
2016-10-25,100.264191
2016-10-26,99.586128
2016-10-27,98.501137
2016-10-28,98.282692
2016-10-31,98.885384
2016-11-01,98.892982
2016-11-02,99.323257
2016-11-03,98.560837
2016-11-04,99.444016
2016-11-07,98.598587
2016-11-08,98.198555
2016-11-09,94.031731
2016-11-10,92.642830
2016-11-11,92.121964
2016-11-14,91.570908
2016-11-15,92.023842
2016-11-16,92.854172
2016-11-17,91.487885
2016-11-18,91.223724
2016-11-21,91.450157
2016-11-22,91.419968
2016-11-23,91.065186
2016-11-25,91.201057
2016-11-28,91.872864
2016-11-29,92.257835
2016-11-30,90.763222
2016-12-01,89.804924
2016-12-02,90.462975
2016-12-05,90.364616
2016-12-06,90.296532
2016-12-07,91.068054
2016-12-08,89.993988
2016-12-09,88.874565
2016-12-12,89.040985
2016-12-13,89.358650
2016-12-14,88.360199
2016-12-15,88.806458
2016-12-16,88.602257
2016-12-19,89.555321
2016-12-20,89.109047
2016-12-21,89.502403
2016-12-22,89.342354
2016-12-23,89.524353
2016-12-27,89.236145
2016-12-28,89.888344
2016-12-29,90.206863
2016-12-30,90.343369
2017-01-03,90.730125
2017-01-04,91.078972
2017-01-05,92.504715
2017-01-06,91.655350
2017-01-09,92.390930
2017-01-10,92.330261
2017-01-11,92.641228
2017-01-12,92.436447
2017-01-13,91.996582
2017-01-17,92.959717
2017-01-18,91.769096
2017-01-19,91.139679
2017-01-20,90.957649
2017-01-23,91.867676
2017-01-24,91.238243
2017-01-25,90.093124
2017-01-26,90.396446
2017-01-27,90.722549
2017-01-30,90.449547
2017-01-31,91.078972
2017-02-01,90.515823
2017-02-02,90.477867
2017-02-03,90.439804
2017-02-06,90.987007
2017-02-07,91.655838
2017-02-08,92.902245
2017-02-09,91.830620
2017-02-10,91.777390
2017-02-13,91.488632
2017-02-14,90.827446
2017-02-15,90.409386
2017-02-16,90.903412
2017-02-17,91.442986
2017-02-21,91.283417
2017-02-22,91.435425
2017-02-23,91.709007
2017-02-24,92.727432
2017-02-27,92.180191
2017-02-28,92.522171
2017-03-01,90.971855
2017-03-02,90.644440
2017-03-03,90.880501
2017-03-06,90.446457
2017-03-07,90.172363
2017-03-08,89.685028
2017-03-09,88.969170
2017-03-10,89.281418
2017-03-13,88.717987
2017-03-14,89.144341
2017-03-15,90.233223
2017-03-16,89.776405
2017-03-17,90.339867
2017-03-20,90.728195
2017-03-21,91.482063
2017-03-22,91.847580
2017-03-23,91.718147
2017-03-24,92.045525
2017-03-27,92.464340
2017-03-28,91.847580
2017-03-29,92.395805
2017-03-30,91.649597
2017-03-31,91.916092
2017-04-03,92.843246
2017-04-04,92.339592
2017-04-05,92.621948
2017-04-06,92.484604
2017-04-07,92.110664
2017-04-10,92.537987
2017-04-11,93.415543
2017-04-12,93.926819
2017-04-13,94.216751
2017-04-17,93.926819
2017-04-18,95.155342
2017-04-19,94.636459
2017-04-20,94.270180
2017-04-21,94.270180
2017-04-24,93.804718
2017-04-25,92.675346
2017-04-26,93.186630
2017-04-27,93.156059
2017-04-28,93.362099
2017-05-01,92.585968
2017-05-02,93.060066
2017-05-03,93.121262
2017-05-04,92.662437
2017-05-05,92.746544
2017-05-08,92.241867
2017-05-09,92.234238
2017-05-10,92.127228
2017-05-11,92.127228
2017-05-12,92.823021
2017-05-15,92.570702
2017-05-16,92.914795
2017-05-17,94.268265
2017-05-18,94.375313
2017-05-19,94.597076
2017-05-22,94.337082
2017-05-23,93.702408
2017-05-24,94.229996
2017-05-25,94.260605
2017-05-26,94.421165
2017-05-30,94.887611
2017-05-31,95.124695
2017-06-01,95.134651
2017-06-02,96.261078
2017-06-05,95.663406
2017-06-06,96.184456
2017-06-07,95.724709
2017-06-08,95.471794
2017-06-09,95.326233
2017-06-12,95.295578
2017-06-13,95.310883
2017-06-14,96.782173
2017-06-15,96.628899
2017-06-16,96.820480
2017-06-19,96.682541
2017-06-20,97.548454
2017-06-21,97.747688
2017-06-22,97.962227
2017-06-23,97.916229
2017-06-26,98.284081
2017-06-27,97.234291
2017-06-28,96.912437
2017-06-29,96.100166
2017-06-30,95.877937
2017-07-03,95.569229
2017-07-05,95.592300
2017-07-06,94.801399
2017-07-07,94.233170
2017-07-10,94.371391
2017-07-11,94.532585
2017-07-12,95.185326
2017-07-13,94.586380
2017-07-14,94.701584
2017-07-17,94.962662
2017-07-18,95.791985
2017-07-19,95.830353
2017-07-20,96.106766
2017-07-21,96.513741
2017-07-24,96.137489
2017-07-25,94.885872
2017-07-26,95.039467
2017-07-27,94.571014
2017-07-28,95.131561
2017-07-31,95.246742
2017-08-01,95.915489
2017-08-02,95.969360
2017-08-03,96.962082
2017-08-04,96.138664
2017-08-07,96.246361
2017-08-08,95.900085
2017-08-09,96.423393
2017-08-10,97.246788
2017-08-11,97.292984
2017-08-14,96.792786
2017-08-15,96.384926
2017-08-16,96.738899
2017-08-17,97.462311
2017-08-18,97.439148
2017-08-21,97.677719
2017-08-22,97.300659
2017-08-23,97.962486
2017-08-24,97.600777
2017-08-25,97.977867
2017-08-28,97.916321
2017-08-29,98.231781
2017-08-30,98.200981
2017-08-31,98.493431
2017-09-01,97.740082
2017-09-05,99.290001
2017-09-06,98.680847
2017-09-07,99.690971
2017-09-08,99.475067
2017-09-11,98.287529
2017-09-12,97.770905
2017-09-13,97.385330
2017-09-14,97.786324
2017-09-15,97.824921
2017-09-18,97.261894
2017-09-19,97.022919
2017-09-20,97.092323
2017-09-21,97.038338
2017-09-22,97.315933
2017-09-25,97.925156
2017-09-26,97.747780
2017-09-27,96.274925
2017-09-28,95.989586
2017-09-29,96.205505
2017-10-02,96.029335
2017-10-03,96.122063
2017-10-04,96.129822
2017-10-05,95.766685
2017-10-06,95.496170
2017-10-09,95.797539
2017-10-10,95.952065
2017-10-11,96.137497
2017-10-12,96.547043
2017-10-13,97.242485
2017-10-16,97.172920
2017-10-17,97.296547
2017-10-18,96.655235
2017-10-19,96.825218
2017-10-20,95.797539
2017-10-23,95.967506
2017-10-24,95.372597
2017-10-25,94.916687
2017-10-26,94.599892
2017-10-27,95.225777
2017-10-30,96.137497
2017-10-31,96.168419
2017-11-01,96.596672
2017-11-02,97.022476
2017-11-03,97.285774
2017-11-06,97.649689
2017-11-07,98.060081
2017-11-08,97.843300
2017-11-09,97.564575
2017-11-10,96.093285
2017-11-13,96.294655
2017-11-14,96.945061
2017-11-15,97.998154
2017-11-16,97.146378
2017-11-17,97.866486
2017-11-20,97.827812
2017-11-21,98.137505
2017-11-22,98.454971
2017-11-24,98.184013
2017-11-27,98.044579
2017-11-28,98.176224
2017-11-29,97.208374
2017-11-30,96.883141
2017-12-01,98.190514
2017-12-04,98.237083
2017-12-05,98.725891
2017-12-06,99.067307
2017-12-07,98.291405
2017-12-08,98.299156
2017-12-11,98.097443
2017-12-12,98.058624
2017-12-13,98.795731
2017-12-14,99.214752
2017-12-15,99.587166
2017-12-18,98.679390
2017-12-19,97.399086
2017-12-20,96.320602
2017-12-21,96.881981
2017-12-22,97.014175
2017-12-26,97.301888
2017-12-27,98.569252
2017-12-28,98.483727
2017-12-29,98.639267
2018-01-02,97.573982
2018-01-03,98.040543
2018-01-04,98.024986
2018-01-05,97.745056
2018-01-08,97.682877
2018-01-09,96.376549
2018-01-10,96.259972
2018-01-11,96.656509
2018-01-12,96.819778
2018-01-16,97.224083
2018-01-17,97.091919
2018-01-18,96.190025
2018-01-19,95.684570
2018-01-22,95.777878
2018-01-23,96.190025
2018-01-24,95.668983
2018-01-25,96.454353
2018-01-26,96.096649
2018-01-29,95.427994
2018-01-30,94.868172
2018-01-31,95.427994
2018-02-01,94.044968
2018-02-02,93.172287
2018-02-05,94.052734
2018-02-06,93.468414
2018-02-07,92.580109
2018-02-08,92.478859
2018-02-09,91.894478
2018-02-12,92.299614
2018-02-13,92.712563
2018-02-14,91.684097
2018-02-15,91.995766
2018-02-16,92.494453
2018-02-20,92.089272
2018-02-21,90.959473
2018-02-22,91.232208
2018-02-23,92.042519
2018-02-26,92.073654
2018-02-27,91.941223
2018-02-28,92.525597
2018-03-01,93.157257
2018-03-02,92.399902
2018-03-05,92.150032
2018-03-06,92.235931
2018-03-07,92.134460
2018-03-08,92.665359
2018-03-09,92.056374
2018-03-12,92.587288
2018-03-13,93.055695
2018-03-14,93.875504
2018-03-15,93.875504
2018-03-16,93.539810
2018-03-19,93.243080
2018-03-20,92.868332
2018-03-21,92.969833
2018-03-22,93.891083
2018-03-23,93.820862
2018-03-26,93.461700
2018-03-27,94.461021
2018-03-28,94.710892
2018-03-29,95.171532
2018-04-02,95.359276
2018-04-03,94.623886
2018-04-04,94.428215
2018-04-05,93.724007
2018-04-06,94.749023
2018-04-09,94.905495
2018-04-10,94.733376
2018-04-11,95.069794
2018-04-12,94.373451
2018-04-13,94.592529
2018-04-16,94.623886
2018-04-17,94.881996
2018-04-18,94.123077
2018-04-19,93.356369
2018-04-20,92.683449
2018-04-23,92.706947
2018-04-24,92.284454
2018-04-25,91.666351
2018-04-26,92.307953
2018-04-27,93.019890
2018-04-30,93.184204
2018-05-01,92.848602
2018-05-02,92.746643
2018-05-03,93.162277
2018-05-04,93.303360
2018-05-07,93.154396
2018-05-08,93.068176
2018-05-09,92.511406
2018-05-10,93.256363
2018-05-11,93.491592
2018-05-14,92.997597
2018-05-15,91.938995
2018-05-16,91.586166
2018-05-17,91.123505
2018-05-18,91.907654
2018-05-21,91.954697
2018-05-22,91.813553
2018-05-23,92.480057
2018-05-24,93.217140
2018-05-25,93.797386
2018-05-29,95.851799
2018-05-30,95.208824
2018-05-31,95.052040
2018-06-01,94.549789
2018-06-04,93.865997
2018-06-05,94.086067
2018-06-06,93.323692
2018-06-07,94.227509
2018-06-08,93.944611
2018-06-11,93.771675
2018-06-12,93.795250
2018-06-13,93.748077
2018-06-14,94.526184
2018-06-15,94.612671
2018-06-18,94.526184
2018-06-19,95.076355
2018-06-20,94.243233
2018-06-21,94.738388
2018-06-22,94.730553
2018-06-25,94.942757
2018-06-26,95.076355
2018-06-27,95.972313
2018-06-28,95.995926
2018-06-29,95.665855
2018-07-02,95.590981
2018-07-03,96.103012
2018-07-05,96.378708
2018-07-06,96.693817
2018-07-09,96.071487
2018-07-10,96.063583
2018-07-11,96.433884
2018-07-12,96.425972
2018-07-13,96.670158
2018-07-16,96.268387
2018-07-17,96.087257
2018-07-18,95.701286
2018-07-19,96.307823
2018-07-20,95.126274
2018-07-23,93.952507
2018-07-24,94.275475
2018-07-25,94.125824
2018-07-26,93.944649
2018-07-27,94.102142
2018-07-30,93.779205
2018-07-31,94.291229
2018-08-01,93.523018
2018-08-02,93.657265
2018-08-03,94.123062
2018-08-06,94.178337
2018-08-07,93.688858
2018-08-08,93.783615
2018-08-09,94.573082
2018-08-10,95.259949
2018-08-13,95.062584
2018-08-14,94.849388
2018-08-15,95.402054
2018-08-16,95.394135
2018-08-17,95.512573
2018-08-20,96.152061
2018-08-21,95.828384
2018-08-22,96.207321
2018-08-23,96.357315
2018-08-24,96.546837
2018-08-27,95.994164
2018-08-28,95.417839
2018-08-29,95.544159
2018-08-30,95.749435
2018-08-31,95.528358
2018-09-04,94.976074
2018-09-05,94.722847
2018-09-06,95.071037
2018-09-07,94.263908
2018-09-10,94.612091
2018-09-11,93.892014
2018-09-12,94.113586
2018-09-13,94.256004
2018-09-14,93.804977
2018-09-17,93.804977
2018-09-18,92.823822
2018-09-19,92.269913
2018-09-20,92.697189
2018-09-21,92.657631
2018-09-24,92.420303
2018-09-25,92.325340
2018-09-26,92.974144
2018-09-27,93.037430
2018-09-28,92.792168
2018-10-01,92.110901
2018-10-02,92.674004
2018-10-03,91.064102
2018-10-04,90.421761
2018-10-05,89.644562
2018-10-08,89.343246
2018-10-09,90.247292
2018-10-10,90.001450
2018-10-11,91.095840
2018-10-12,90.778641
2018-10-15,90.738976
2018-10-16,90.945213
2018-10-17,90.405952
2018-10-18,90.374222
2018-10-19,90.175934
2018-10-22,90.056999
2018-10-23,90.342484
2018-10-24,91.024483
2018-10-25,90.643806
2018-10-26,91.191002
2018-10-29,90.984840
2018-10-30,90.532799
2018-10-31,90.072815
2018-11-01,90.156319
2018-11-02,89.035416
2018-11-05,89.385170
2018-11-06,89.329559
2018-11-07,89.448792
2018-11-08,89.440865
2018-11-09,90.108620
2018-11-12,90.696899
2018-11-13,90.641235
2018-11-14,90.696899
2018-11-15,90.657127
2018-11-16,91.181816
2018-11-19,91.436165
2018-11-20,91.467995
2018-11-21,91.436165
2018-11-23,91.531570
2018-11-26,91.324905
2018-11-27,91.428268
2018-11-28,90.983025
2018-11-29,91.340813
2018-11-30,91.682640
2018-12-03,92.333626
2018-12-04,93.879448
2018-12-06,94.174248
2018-12-07,94.349556
2018-12-10,94.739983
2018-12-11,94.724045
2018-12-12,94.301743
2018-12-13,94.078636
2018-12-14,94.405296
2018-12-17,94.955093
2018-12-18,95.523781
2018-12-19,96.785698
2018-12-20,96.434273
2018-12-21,96.418312
2018-12-24,96.897484
2018-12-26,95.859238
2018-12-27,95.875214
2018-12-28,96.681915
2018-12-31,97.049240
2019-01-02,97.560425
2019-01-03,98.670624
2019-01-04,97.528465
2019-01-07,97.240952
2019-01-08,96.985367
2019-01-09,96.833694
2019-01-10,96.210663
2019-01-11,96.585999
2019-01-14,96.226608
2019-01-15,95.875214
2019-01-16,95.971077
2019-01-17,95.994995
2019-01-18,95.491852
2019-01-22,96.138771
2019-01-23,96.098839
2019-01-24,96.729805
2019-01-25,96.266571
2019-01-28,96.170753
2019-01-29,96.657906
2019-01-30,96.585999
2019-01-31,97.416695
2019-02-01,96.828331
2019-02-04,96.396049
2019-02-05,96.836319
2019-02-06,96.884361
2019-02-07,97.524757
2019-02-08,97.940979
2019-02-11,97.556763
2019-02-12,97.308617
2019-02-13,96.940392
2019-02-14,97.492706
2019-02-15,97.644844
2019-02-19,97.892998
2019-02-20,97.612808
2019-02-21,96.740227
2019-02-22,97.316612
2019-02-25,97.028458
2019-02-26,97.508743
2019-02-27,96.404037
2019-02-28,96.075836
2019-03-01,95.187813
2019-03-04,95.933846
2019-03-05,96.134415
2019-03-06,96.487366
2019-03-07,97.113052
2019-03-08,97.522202
2019-03-11,97.233421
2019-03-12,97.915276
2019-03-13,97.730766
2019-03-14,97.024872
2019-03-15,97.666573
2019-03-18,97.610405
2019-03-19,97.393829
2019-03-20,98.412643
2019-03-21,98.629181
2019-03-22,100.161423
2019-03-25,100.321869
2019-03-26,100.249611
2019-03-27,101.172150
2019-03-28,101.525085
2019-03-29,101.428879
2019-04-01,99.988159
2019-04-02,100.173103
2019-04-03,99.304779
2019-04-04,99.586182
2019-04-05,99.714806
2019-04-08,99.361084
2019-04-09,99.674599
2019-04-10,99.915833
2019-04-11,99.328934
2019-04-12,98.621407
2019-04-15,98.870628
2019-04-16,98.251625
2019-04-17,98.291817
2019-04-18,98.806358
2019-04-22,98.332001
2019-04-23,98.541046
2019-04-24,99.344994
2019-04-25,99.200325
2019-04-26,99.537949
2019-04-29,98.902847
2019-04-30,99.409340
2019-05-01,99.819405
2019-05-02,99.344070
2019-05-03,99.626007
2019-05-06,99.899956
2019-05-07,100.665329
2019-05-08,100.230278
2019-05-09,100.641136
2019-05-10,100.504166
2019-05-13,101.293739
2019-05-14,100.995628
2019-05-15,101.615952
2019-05-16,101.277588
2019-05-17,101.503181
2019-05-20,101.293739
2019-05-21,101.132599
2019-05-22,101.712662
2019-05-23,102.856674
2019-05-24,102.945305
2019-05-28,103.686501
2019-05-29,104.000694
2019-05-30,104.894913
2019-05-31,106.208168
2019-06-03,106.918571
2019-06-04,105.699509
2019-06-05,105.102173
2019-06-06,105.441208
2019-06-07,106.353485
2019-06-10,105.352417
2019-06-11,105.417038
2019-06-12,105.497665
2019-06-13,105.861015
2019-06-14,106.127403
2019-06-17,106.313065
2019-06-18,106.845917
2019-06-19,106.999329
2019-06-20,107.281883
2019-06-21,106.103218
2019-06-24,106.894363
2019-06-25,107.225388
2019-06-26,106.539131
2019-06-27,107.289925
2019-06-28,107.217300
2019-07-01,106.966499
2019-07-02,107.791588
2019-07-03,108.560013
2019-07-05,107.120216
2019-07-08,107.265808
2019-07-09,107.225403
2019-07-10,106.634903
2019-07-11,105.211243
2019-07-12,105.332550
2019-07-15,105.939224
2019-07-16,105.623817
2019-07-17,106.764328
2019-07-18,106.772385
2019-07-19,106.521614
2019-07-22,106.723854
2019-07-23,106.141472
2019-07-24,106.602524
2019-07-25,106.092941
2019-07-26,106.343719
2019-07-29,106.375992
2019-07-30,106.634903
2019-07-31,107.492332
2019-08-01,109.627098
2019-08-02,110.640259
2019-08-05,112.552971
2019-08-06,113.452621
2019-08-07,113.493126
2019-08-08,113.736275
2019-08-09,113.509415
2019-08-12,115.876053
2019-08-13,115.478897
2019-08-14,118.080528
2019-08-15,119.393532
2019-08-16,118.437256
2019-08-19,116.743240
2019-08-20,117.950905
2019-08-21,117.164635
2019-08-22,116.386650
2019-08-23,118.299370
2019-08-26,117.821175
2019-08-27,119.636742
2019-08-28,119.790672
2019-08-29,119.336746
2019-08-30,119.369270
2019-09-03,119.523537
2019-09-04,119.702141
2019-09-05,117.534302
2019-09-06,118.370590
2019-09-09,116.267685
2019-09-10,114.229790
2019-09-11,114.026817
2019-09-12,113.279808
2019-09-13,110.860275
2019-09-16,112.273041
2019-09-17,112.881989
2019-09-18,113.360970
2019-09-19,113.701988
2019-09-20,115.204025
2019-09-23,115.179726
2019-09-24,116.568146
2019-09-25,114.863106
2019-09-26,115.601936
2019-09-27,115.886101
2019-09-30,116.170212
2019-10-01,116.520012
2019-10-02,116.804672
2019-10-03,117.870171
2019-10-04,118.740448
2019-10-07,117.756264
2019-10-08,118.073479
2019-10-09,117.406601
2019-10-10,115.657860
2019-10-11,114.226402
2019-10-14,115.055954
2019-10-15,113.665207
2019-10-16,113.803406
2019-10-17,113.526871
2019-10-18,113.526871
2019-10-21,112.672897
2019-10-22,113.331665
2019-10-23,113.445526
2019-10-24,113.217834
2019-10-25,112.664703
2019-10-28,111.639877
2019-10-29,111.713150
2019-10-30,113.347969
2019-10-31,114.877045
2019-11-01,114.523453
2019-11-04,113.016121
2019-11-05,111.745064
2019-11-06,112.421349
2019-11-07,110.384392
2019-11-08,109.920029
2019-11-11,109.993332
2019-11-12,110.498428
2019-11-13,111.215454
2019-11-14,112.364319
2019-11-15,112.242096
2019-11-18,112.445786
2019-11-19,113.382790
2019-11-20,114.556038
2019-11-21,113.839066
2019-11-22,113.985680
2019-11-25,114.319733
2019-11-26,114.987846
2019-11-27,114.653748
2019-11-29,114.409363
2019-12-02,112.883926
2019-12-03,115.250854
2019-12-04,114.099983
2019-12-05,113.545036
2019-12-06,112.916634
2019-12-09,113.161453
2019-12-10,113.169624
2019-12-11,114.059258
2019-12-12,112.182091
2019-12-13,113.479706
2019-12-16,112.459526
2019-12-17,112.304482
2019-12-18,111.382210
2019-12-19,111.560394
2019-12-20,111.707512
2019-12-23,111.544029
2019-12-24,111.862885
2019-12-26,112.132607
2019-12-27,112.255280
2019-12-30,111.846519
2019-12-31,110.751106
2020-01-02,112.001808
2020-01-03,113.726700
2020-01-06,113.080910
2020-01-07,112.525047
2020-01-08,111.781097
2020-01-09,112.173508
2020-01-10,113.170822
2020-01-13,112.827507
2020-01-14,113.407928
2020-01-15,114.160004
2020-01-16,113.800301
2020-01-17,112.827507
2020-01-21,114.012794
2020-01-22,114.413376
2020-01-23,115.214531
2020-01-24,116.146416
2020-01-27,117.953026
2020-01-28,117.029274
2020-01-29,118.173676
2020-01-30,118.190102
2020-01-31,119.269127
2020-02-03,119.172546
2020-02-04,117.567657
2020-02-05,116.282112
2020-02-06,116.806122
2020-02-07,118.263672
2020-02-10,118.591187
2020-02-11,117.993439
2020-02-12,117.395721
2020-02-13,117.846031
2020-02-14,118.361855
2020-02-18,119.172546
2020-02-19,119.164360
2020-02-20,120.097794
2020-02-21,121.219635
2020-02-24,123.029182
2020-02-25,123.684326
2020-02-26,123.029182
2020-02-27,124.363914
2020-02-28,127.172516
2020-03-02,126.236900
2020-03-03,128.196732
2020-03-04,126.835472
2020-03-05,129.992599
2020-03-06,136.757950
2020-03-09,140.464523
2020-03-10,133.264603
2020-03-11,128.360703
2020-03-12,129.156143
2020-03-13,126.236900
2020-03-16,134.412582
2020-03-17,125.449631
2020-03-18,118.372620
2020-03-19,121.595436
2020-03-20,130.738831
2020-03-23,136.126526
2020-03-24,133.592590
2020-03-25,133.289169
2020-03-26,133.945221
2020-03-27,137.520554
2020-03-30,136.388931
2020-03-31,135.281830
2020-04-01,137.177292
2020-04-02,138.047791
2020-04-03,138.376236
2020-04-06,138.014969
2020-04-07,136.569580
2020-04-08,135.575943
2020-04-09,135.822266
2020-04-13,134.582214
2020-04-14,134.549332
2020-04-15,138.113449
2020-04-16,139.681992
2020-04-17,137.809601
2020-04-20,138.918259
2020-04-21,140.667450
2020-04-22,139.230331
2020-04-23,139.969482
2020-04-24,140.297913
2020-04-27,137.686432
2020-04-28,139.271408
2020-04-29,138.548737
2020-04-30,136.930878
2020-05-01,138.103424
2020-05-04,137.453903
2020-05-05,136.574051
2020-05-06,134.370346
2020-05-07,136.615143
2020-05-08,134.838989
2020-05-11,133.786438
2020-05-12,135.159714
2020-05-13,136.105316
2020-05-14,137.437408
2020-05-15,137.083847
2020-05-18,134.074280
2020-05-19,134.575897
2020-05-20,134.978775
2020-05-21,135.315903
2020-05-22,136.130020
2020-05-26,134.304535
2020-05-27,134.057831
2020-05-28,133.564453
2020-05-29,134.518341
2020-06-01,133.612595
2020-06-02,133.126801
2020-06-03,131.356613
2020-06-04,129.454742
2020-06-05,128.532578
2020-06-08,129.026581
2020-06-09,130.492126
2020-06-10,132.426971
2020-06-11,134.930023
2020-06-12,133.629150
2020-06-15,133.703217
2020-06-16,131.653030
2020-06-17,132.196426
2020-06-18,133.596069
2020-06-19,133.703217
2020-06-22,133.719711
2020-06-23,132.805740
2020-06-24,134.230148
2020-06-25,134.617111
2020-06-26,136.057922
2020-06-29,135.629868
2020-06-30,134.971146
2020-07-01,134.709030
2020-07-02,134.849136
2020-07-06,134.296829
2020-07-07,136.184525
2020-07-08,135.640488
2020-07-09,137.800156
2020-07-10,137.107727
2020-07-13,137.561157
2020-07-14,137.759003
2020-07-15,137.116043
2020-07-16,137.767197
2020-07-17,137.478760
2020-07-20,137.816681
2020-07-21,137.899124
2020-07-22,138.311203
2020-07-23,139.926910
2020-07-24,139.918640
2020-07-27,139.399414
2020-07-28,140.363770
2020-07-29,140.124741
2020-07-30,141.047974
2020-07-31,140.957230
2020-08-03,140.247604
2020-08-04,141.584488
2020-08-05,140.346680
2020-08-06,141.130630
2020-08-07,140.189896
2020-08-10,139.562668
2020-08-11,137.904007
2020-08-12,136.649567
2020-08-13,135.189041
2020-08-14,134.660873
2020-08-17,134.999207
2020-08-18,135.964584
2020-08-19,135.114655
2020-08-20,136.336029
2020-08-21,137.152985
2020-08-24,136.930176
2020-08-25,135.882111
2020-08-26,135.362274
2020-08-27,133.059875
2020-08-28,132.960861
2020-08-31,133.843811
2020-09-01,135.374710
2020-09-02,136.663528
2020-09-03,137.051804
2020-09-04,134.449402
2020-09-08,135.275620
2020-09-09,134.912018
2020-09-10,135.597763
2020-09-11,135.886948
2020-09-14,135.878693
2020-09-15,135.548141
2020-09-16,135.143387
2020-09-17,135.556488
2020-09-18,135.135132
2020-09-21,135.820877
2020-09-22,135.713470
2020-09-23,135.895157
2020-09-24,136.415680
2020-09-25,136.415680
2020-09-28,136.027359
2020-09-29,136.184387
2020-09-30,134.878983
2020-10-01,135.101471
2020-10-02,134.596985
2020-10-05,131.967148
2020-10-06,132.678329
2020-10-07,131.710693
2020-10-08,132.421967
2020-10-09,132.397186
2020-10-12,132.818909
2020-10-13,133.769958
2020-10-14,134.075958
2020-10-15,133.844406
2020-10-16,133.472275
2020-10-19,132.967789
2020-10-20,131.702438
2020-10-21,131.247559
2020-10-22,129.883026
2020-10-23,130.676956
2020-10-26,131.892654
2020-10-27,132.777557
2020-10-28,132.901611
2020-10-29,131.611481
2020-10-30,130.313126
2020-11-02,131.289154
2020-11-03,130.527496
2020-11-04,133.358948
2020-11-05,133.590744
2020-11-06,131.976349
2020-11-09,129.202835
2020-11-10,128.457703
2020-11-11,128.921310
2020-11-12,131.115250
2020-11-13,130.941437
2020-11-16,130.626816
2020-11-17,131.479599
2020-11-18,131.860443
2020-11-19,132.539307
2020-11-20,133.714920
2020-11-23,133.102325
2020-11-24,131.777603
2020-11-25,131.371933
2020-11-27,132.646896
2020-11-30,132.481354
2020-12-01,130.528015
2020-12-02,129.492081
2020-12-03,130.536270
2020-12-04,128.621841
2020-12-07,129.782074
2020-12-08,130.395370
2020-12-09,129.964432
2020-12-10,131.116333
2020-12-11,131.580505
2020-12-14,131.215866
2020-12-15,130.776550
2020-12-16,130.428543
2020-12-17,130.083420
2020-12-18,129.693512
2020-12-21,130.207809
2020-12-22,130.879868
2020-12-23,129.975540
2020-12-24,130.489929
2020-12-28,130.548004
2020-12-29,130.382080
2020-12-30,130.664200
2020-12-31,130.854904
2021-01-04,130.697311
2021-01-05,129.726654
2021-01-06,127.063622
2021-01-07,125.943596
2021-01-08,125.537140
2021-01-11,125.329720
2021-01-12,125.230141
2021-01-13,126.640549
2021-01-14,125.454178
2021-01-15,125.951897
2021-01-19,126.358452
2021-01-20,126.482933
2021-01-21,125.595192
2021-01-22,126.001678
2021-01-25,127.486687
2021-01-26,127.246147
2021-01-27,127.569679
2021-01-28,126.864494
2021-01-29,126.101250
2021-02-01,126.247452
2021-02-02,125.433464
2021-02-03,124.320541
2021-02-04,123.988258
2021-02-05,122.950058
2021-02-08,123.489998
2021-02-09,123.581291
2021-02-10,124.403542
2021-02-11,123.722534
2021-02-12,122.185913
2021-02-16,120.325417
2021-02-17,121.089523
2021-02-18,120.599579
2021-02-19,118.996475
2021-02-22,118.091202
2021-02-23,117.750702
2021-02-24,116.978195
2021-02-25,115.067856
2021-02-26,118.871925
2021-03-01,117.301910
2021-03-02,117.310326
2021-03-03,116.037918
2021-03-04,115.289505
2021-03-05,115.514008
2021-03-08,114.615944
2021-03-09,116.204247
2021-03-10,116.437050
2021-03-11,115.597137
2021-03-12,113.144051
2021-03-15,113.809311
2021-03-16,113.351921
2021-03-17,112.503708
2021-03-18,111.364487
2021-03-19,112.054703
2021-03-22,113.310371
2021-03-23,114.333252
2021-03-24,114.948509
2021-03-25,114.042130
2021-03-26,113.642990
2021-03-29,112.678383
2021-03-30,113.268761
2021-03-31,112.636810
2021-04-01,114.506172
2021-04-05,114.006599
2021-04-06,114.781044
2021-04-07,113.981636
2021-04-08,114.922607
2021-04-09,114.506172
2021-04-12,114.456238
2021-04-13,115.313934
2021-04-14,114.947578
2021-04-15,116.871147
2021-04-16,115.963440
2021-04-19,115.630371
2021-04-20,116.163345
2021-04-21,116.396454
2021-04-22,116.904434
2021-04-23,116.629669
2021-04-26,116.463066
2021-04-27,115.447250
2021-04-28,115.522110
2021-04-29,115.180733
2021-04-30,115.447250
2021-05-03,115.516365
2021-05-04,116.300293
2021-05-05,116.492096
2021-05-06,116.683891
2021-05-07,116.108505
2021-05-10,114.932678
2021-05-11,114.282188
2021-05-12,113.081375
2021-05-13,113.256470
2021-05-14,114.315552
2021-05-17,114.073662
2021-05-18,113.781815
2021-05-19,113.506622
2021-05-20,114.440605
2021-05-21,114.807541
2021-05-24,115.232895
2021-05-25,116.300293
2021-05-26,116.100121
2021-05-27,115.633171
2021-05-28,115.449677
2021-06-01,115.423859
2021-06-02,115.691040
2021-06-03,115.256783
2021-06-04,116.835213
2021-06-07,116.476074
2021-06-08,117.294502
2021-06-09,118.330078
2021-06-10,119.039894
2021-06-11,118.847862
2021-06-14,117.937553
2021-06-15,117.795570
2021-06-16,117.695358
2021-06-17,119.457474
2021-06-18,121.703995
2021-06-21,119.666336
2021-06-22,119.958565
2021-06-23,119.649559
2021-06-24,119.841637
2021-06-25,118.597359
2021-06-28,119.816612
2021-06-29,120.017036
2021-06-30,120.551537
2021-07-01,120.558228
2021-07-02,121.285744
2021-07-06,122.707275
2021-07-07,123.794373
2021-07-08,124.279442
2021-07-09,122.531677
2021-07-12,122.372757
2021-07-13,121.436241
2021-07-14,122.815964
2021-07-15,124.170692
2021-07-16,123.936546
2021-07-19,126.654327
2021-07-20,125.433372
2021-07-21,123.844597
2021-07-22,125.015244
2021-07-23,124.179062
2021-07-26,123.811111
2021-07-27,125.132385
2021-07-28,125.140739
2021-07-29,124.446724
2021-07-30,125.031960
2021-08-02,126.147209
2021-08-03,126.214241
2021-08-04,126.473732
2021-08-05,125.829071
2021-08-06,123.727524
2021-08-09,123.283875
2021-08-10,122.714531
2021-08-11,122.639183
2021-08-12,122.438255
2021-08-13,124.372269
2021-08-16,124.673676
2021-08-17,124.623390
2021-08-18,125.042046
2021-08-19,125.963081
2021-08-20,126.046806
2021-08-23,125.963081
2021-08-24,124.983452
2021-08-25,123.945267
2021-08-26,124.288528
2021-08-27,125.134087
2021-08-30,125.460709
2021-08-31,124.606697
2021-09-01,124.815430
2021-09-02,125.360298
2021-09-03,124.220184
2021-09-07,123.172363
2021-09-08,124.010643
2021-09-09,125.511200
2021-09-10,124.404633
2021-09-13,125.159119
2021-09-14,126.676506
2021-09-15,126.232185
2021-09-16,125.653694
2021-09-17,125.050079
2021-09-20,126.600975
2021-09-21,126.492027
2021-09-22,127.246521
2021-09-23,124.371117
2021-09-24,123.155563
2021-09-27,122.702873
2021-09-28,120.791565
2021-09-29,121.001129
2021-09-30,120.984375
2021-10-01,122.002487
2021-10-04,121.691986
2021-10-05,120.516846
2021-10-06,121.196701
2021-10-07,119.929276
2021-10-08,119.089905
2021-10-11,118.787735
2021-10-12,120.819038
2021-10-13,121.994110
2021-10-14,122.447380
2021-10-15,121.733879
2021-10-18,122.304726
2021-10-19,120.617523
2021-10-20,119.803360
2021-10-21,119.660652
2021-10-22,120.978455
2021-10-25,120.793831
2021-10-26,121.792717
2021-10-27,124.008560
2021-10-28,123.588928
2021-10-29,123.966682
2021-11-01,123.074097
2021-11-02,123.620384
2021-11-03,122.342865
2021-11-04,123.628769
2021-11-05,125.477707
2021-11-08,125.242432
2021-11-09,126.872910
2021-11-10,124.553261
2021-11-11,124.368362
2021-11-12,123.822075
2021-11-15,122.267273
2021-11-16,121.956306
2021-11-17,122.922836
2021-11-18,123.385071
2021-11-19,124.687752
2021-11-22,123.225334
2021-11-23,121.443611
2021-11-24,123.393478
2021-11-26,126.511490
2021-11-29,125.494522
2021-11-30,127.402306
2021-12-01,128.188263
2021-12-02,128.348175
2021-12-03,129.879654
2021-12-06,128.095703
2021-12-07,127.060738
2021-12-08,124.864532
2021-12-09,125.562904
2021-12-10,125.260010
2021-12-13,127.111183
2021-12-14,126.808304
2021-12-15,125.588173
2021-12-16,125.637009
2021-12-17,127.060722
2021-12-20,126.108765
2021-12-21,125.628632
2021-12-22,126.209846
2021-12-23,125.114731
2021-12-27,125.417992
2021-12-28,124.920975
2021-12-29,123.556290
2021-12-30,124.592453
2021-12-31,124.836746
2022-01-03,121.559761
2022-01-04,121.054329
2022-01-05,120.397217
2022-01-06,120.708931
2022-01-07,119.841263
2022-01-10,120.136086
2022-01-11,120.936409
2022-01-12,120.473068
2022-01-13,121.542908
2022-01-14,119.706482
2022-01-18,118.021652
2022-01-19,118.838799
2022-01-20,119.571693
2022-01-21,120.995369
2022-01-24,120.001259
2022-01-25,119.807533
2022-01-26,118.358582
2022-01-27,120.532013
2022-01-28,120.574158
2022-01-31,119.950775
2022-02-01,119.552574
2022-02-02,119.957489
2022-02-03,119.021118
2022-02-04,117.266441
2022-02-07,117.342422
2022-02-08,116.557838
2022-02-09,116.777191
2022-02-10,114.921333
2022-02-11,116.625351
2022-02-14,115.174385
2022-02-15,113.866837
2022-02-16,114.541687
2022-02-17,115.393745
2022-02-18,116.608475
2022-02-22,116.912178
2022-02-23,115.300941
2022-02-24,115.376862
2022-02-25,115.461212
2022-02-28,117.991959
2022-03-01,119.356194
2022-03-02,115.276237
2022-03-03,116.450371
2022-03-04,118.460747
2022-03-07,117.556984
2022-03-08,116.374382
2022-03-09,115.234039
2022-03-10,113.578400
2022-03-11,113.958542
2022-03-14,111.297722
2022-03-15,111.103409
2022-03-16,112.193130
2022-03-17,111.356850
2022-03-18,112.716843
2022-03-21,110.106667
2022-03-22,108.696060
2022-03-23,111.078094
2022-03-24,110.208069
2022-03-25,108.679146
2022-03-28,109.608315
2022-03-29,110.436111
2022-03-30,111.297722
2022-03-31,111.568024
2022-04-01,111.992714
2022-04-04,111.214424
2022-04-05,108.701744
2022-04-06,107.821945
2022-04-07,107.009796
2022-04-08,105.850784
2022-04-11,104.175735
2022-04-12,104.031906
2022-04-13,104.243385
2022-04-14,102.153763
2022-04-18,101.646179
2022-04-19,100.884811
2022-04-20,102.915199
2022-04-21,102.153763
2022-04-22,101.510811
2022-04-25,102.526039
2022-04-26,103.558144
2022-04-27,102.229935
2022-04-28,102.382210
2022-04-29,101.053993
2022-05-02,99.302345
2022-05-03,99.971817
2022-05-04,100.522659
2022-05-05,97.768501
2022-05-06,96.327873
2022-05-09,97.175301
2022-05-10,98.056641
2022-05-11,99.946404
2022-05-12,99.759972
2022-05-13,98.285400
2022-05-16,98.183739
2022-05-17,96.997345
2022-05-18,99.065056
2022-05-19,99.302345
2022-05-20,100.429443
2022-05-23,98.776955
2022-05-24,100.726051
2022-05-25,101.124329
2022-05-26,100.666710
2022-05-27,100.912476
2022-05-31,98.776955
2022-06-01,98.664024
2022-06-02,98.714981
2022-06-03,98.502739
2022-06-06,96.686005
2022-06-07,97.730202
2022-06-08,96.864243
2022-06-09,97.186890
2022-06-10,96.584114
2022-06-13,93.553391
2022-06-14,92.373367
2022-06-15,94.096733
2022-06-16,94.843781
2022-06-17,95.149414
2022-06-21,93.536438
2022-06-22,96.108711
2022-06-23,96.898247
2022-06-24,95.556915
2022-06-27,94.741913
2022-06-28,95.183403
2022-06-29,96.669060
2022-06-30,97.517960
2022-07-01,98.519165
2022-07-05,99.293236
2022-07-06,97.626015
2022-07-07,96.766861
2022-07-08,95.695061
2022-07-11,97.345276
2022-07-12,97.923721
2022-07-13,99.046547
2022-07-14,98.238464
2022-07-15,98.791321
2022-07-18,97.762100
2022-07-19,97.234688
2022-07-20,97.489906
2022-07-21,99.174126
2022-07-22,100.841324
2022-07-25,99.854607
2022-07-26,99.931175
2022-07-27,99.369766
2022-07-28,100.160851
2022-07-29,99.888641
2022-08-01,102.294319
2022-08-02,100.129822
2022-08-03,101.706337
2022-08-04,101.672241
2022-08-05,99.252060
2022-08-08,100.854172
2022-08-09,100.462181
2022-08-10,99.805969
2022-08-11,97.479568
2022-08-12,98.468094
2022-08-15,98.382889
2022-08-16,98.791901
2022-08-17,97.760780
2022-08-18,97.905647
2022-08-19,96.329124
2022-08-22,96.005302
2022-08-23,95.476967
2022-08-24,94.778198
2022-08-25,96.099045
2022-08-26,96.823395
2022-08-29,96.022362
2022-08-30,96.260979
2022-08-31,95.340614
2022-09-01,93.595093
2022-09-02,94.124588
2022-09-06,91.793243
2022-09-07,93.244995
2022-09-08,92.288567
2022-09-09,92.493477
2022-09-12,91.733482
2022-09-13,91.946960
2022-09-14,92.262924
2022-09-15,92.203140
2022-09-16,91.434578
2022-09-19,91.648056
2022-09-20,90.734337
2022-09-21,92.254387
2022-09-22,89.897423
2022-09-23,90.264610
2022-09-26,88.539589
2022-09-27,86.208282
2022-09-28,89.094688
2022-09-29,88.633530
2022-09-30,87.489220
2022-10-03,88.879372
2022-10-04,88.631126
2022-10-05,87.783699
2022-10-06,87.295761
2022-10-07,86.448318
2022-10-10,85.104347
2022-10-11,85.481010
2022-10-12,85.900475
2022-10-13,85.078720
2022-10-14,84.376770
2022-10-17,83.965904
2022-10-18,84.162804
2022-10-19,82.630516
2022-10-20,81.218102
2022-10-21,79.754311
2022-10-24,79.095215
2022-10-25,81.397842
2022-10-26,82.570595
2022-10-27,83.435181
2022-10-28,82.861641
2022-10-31,82.270988
2022-11-01,83.039879
2022-11-02,82.679482
2022-11-03,82.233253
2022-11-04,80.851692
2022-11-07,80.045036
2022-11-08,80.920311
2022-11-09,81.186363
2022-11-10,84.309883
2022-11-11,84.000961
2022-11-14,83.795021
2022-11-15,85.150803
2022-11-16,87.012947
2022-11-17,86.094765
2022-11-18,85.502647
2022-11-21,85.863052
2022-11-22,87.081589
2022-11-23,88.600464
2022-11-25,88.300117
2022-11-28,88.549004
2022-11-29,87.510651
2022-11-30,88.154228
2022-12-01,90.970413
2022-12-02,92.114403
2022-12-05,90.824150
2022-12-06,91.993996
2022-12-07,94.161606
2022-12-08,93.903549
2022-12-09,91.460693
2022-12-12,91.753159
2022-12-13,92.639084
2022-12-14,93.034767
2022-12-15,93.397766
2022-12-16,92.354462
2022-12-19,90.802429
2022-12-20,89.190025
2022-12-21,89.414246
2022-12-22,89.396988
2022-12-23,88.086372
2022-12-27,86.344658
2022-12-28,85.835945
2022-12-29,86.810249
2022-12-30,85.844604
2023-01-03,87.482819
2023-01-04,88.681320
2023-01-05,89.052109
2023-01-06,90.690338
2023-01-09,91.173225
2023-01-10,89.664299
2023-01-11,91.121460
2023-01-12,92.914963
2023-01-13,92.044083
2023-01-17,91.449135
2023-01-18,93.665077
2023-01-19,93.078766
2023-01-20,91.569809
2023-01-23,91.138718
2023-01-24,92.449333
2023-01-25,92.673492
2023-01-26,92.242409
2023-01-27,92.009583
2023-01-30,91.673317
2023-01-31,92.406189
2023-02-01,93.517059
2023-02-02,93.638046
2023-02-03,92.237633
2023-02-06,91.554726
2023-02-07,90.819901
2023-02-08,91.252136
2023-02-09,90.387703
2023-02-10,89.376282
2023-02-13,90.128365
2023-02-14,89.920906
2023-02-15,89.082359
2023-02-16,87.820274
2023-02-17,88.503181
2023-02-21,86.782928
2023-02-22,87.578201
2023-02-23,88.434029
2023-02-24,87.284302
2023-02-27,87.526367
2023-02-28,87.923965
2023-03-01,86.979393
2023-03-02,86.208145
2023-03-03,88.296654
2023-03-06,87.612045
2023-03-07,88.149323
2023-03-08,88.235977
2023-03-09,88.452629
2023-03-10,91.503014
2023-03-13,91.711006
2023-03-14,90.203125
2023-03-15,91.944977
2023-03-16,91.225708
2023-03-17,92.594910
2023-03-20,91.780296
2023-03-21,90.991722
2023-03-22,92.204948
2023-03-23,92.204948
2023-03-24,92.594910
2023-03-27,90.419769
2023-03-28,90.584404
2023-03-29,90.402443
2023-03-30,90.818420
2023-03-31,92.178932
2023-04-03,92.612480
2023-04-04,93.072929
2023-04-05,94.045959
2023-04-06,94.289246
2023-04-10,92.768883
2023-04-11,92.960007
2023-04-12,92.864426
2023-04-13,92.134636
2023-04-14,91.291893
2023-04-17,90.205925
2023-04-18,90.527390
2023-04-19,90.440491
2023-04-20,91.213722
2023-04-21,90.701141
2023-04-24,91.578621
2023-04-25,92.925240
2023-04-26,91.934830
2023-04-27,91.022575
2023-04-28,92.490837
2023-05-01,89.823898
2023-05-02,92.062302
2023-05-03,92.576187
2023-05-04,91.661667
2023-05-05,91.356819
2023-05-08,90.076500
2023-05-09,89.754219
2023-05-10,90.625214
2023-05-11,91.583290
2023-05-12,90.816818
2023-05-15,89.876167
2023-05-16,89.606163
2023-05-17,89.344864
2023-05-18,88.682930
2023-05-19,88.055817
2023-05-22,87.742271
2023-05-23,87.994843
2023-05-24,87.559395
2023-05-25,87.341637
2023-05-26,88.047119
2023-05-30,88.926811
2023-05-31,89.701973
2023-06-01,90.053917
2023-06-02,89.067062
2023-06-05,88.901154
2023-06-06,89.425140
2023-06-07,88.097702
2023-06-08,89.128212
2023-06-09,89.005936
2023-06-12,89.267937
2023-06-13,88.385902
2023-06-14,89.093285
2023-06-15,89.949127
2023-06-16,89.599800
2023-06-20,90.219841
2023-06-21,90.438141
2023-06-22,89.346550
2023-06-23,90.237305
2023-06-26,90.333344
2023-06-27,90.097580
2023-06-28,90.481819
2023-06-29,88.848755
2023-06-30,89.896713
2023-07-03,89.387093
2023-07-05,88.537697
2023-07-06,87.285500
2023-07-07,86.760139
2023-07-10,86.873932
2023-07-11,87.320526
2023-07-12,88.292534
2023-07-13,89.220688
2023-07-14,88.695320
2023-07-17,88.739098
2023-07-18,89.141899
2023-07-19,90.148911
2023-07-20,89.054344
2023-07-21,89.080605
2023-07-24,88.756607
2023-07-25,88.590233
2023-07-26,88.677795
2023-07-27,86.952759
2023-07-28,87.399345
2023-07-31,87.609482
2023-08-01,86.173851
2023-08-02,85.251877
2023-08-03,83.284996
2023-08-04,84.760162
2023-08-07,83.926003
2023-08-08,84.900665
2023-08-09,85.339684
2023-08-10,83.934761
2023-08-11,83.741608
2023-08-14,83.557205
2023-08-15,83.047935
2023-08-16,82.398132
2023-08-17,82.046913
2023-08-18,82.336693
2023-08-21,81.239075
2023-08-22,81.862526
2023-08-23,83.890892
2023-08-24,83.337685
2023-08-25,83.609871
2023-08-28,83.697693
2023-08-29,84.566994
2023-08-30,84.479172
2023-08-31,84.856766
2023-09-01,83.534805
2023-09-05,82.363457
2023-09-06,82.566025
2023-09-07,82.795006
2023-09-08,83.112076
2023-09-11,82.513206
2023-09-12,82.988770
2023-09-13,82.971146
2023-09-14,82.372276
2023-09-15,81.870285
2023-09-18,82.337059
2023-09-19,81.729378
2023-09-20,81.984764
2023-09-21,79.879883
2023-09-22,80.522797
2023-09-25,78.541229
2023-09-26,78.268188
2023-09-27,77.863075
2023-09-28,78.100868
2023-09-29,78.109665
2023-10-02,76.802132
2023-10-03,75.149971
2023-10-04,76.210144
2023-10-05,75.830269
2023-10-06,74.911423
2023-10-09,76.669563
2023-10-10,76.563560
2023-10-11,78.162674
2023-10-12,76.042313
2023-10-13,77.402870
2023-10-16,76.157143
2023-10-17,75.317848
2023-10-18,74.655212
2023-10-19,73.126770
2023-10-20,73.542000
2023-10-23,74.425499
2023-10-24,75.406197
2023-10-25,73.727509
2023-10-26,74.858414
2023-10-27,74.540359
2023-10-30,74.204620
2023-10-31,73.842392
2023-11-01,75.443466
2023-11-02,77.163307
2023-11-03,77.686363
2023-11-06,76.932838
2023-11-07,78.067604
2023-11-08,79.397362
2023-11-09,77.571121
2023-11-10,78.005516
2023-11-13,77.828224
2023-11-14,79.592422
2023-11-15,78.475395
2023-11-16,79.450569
2023-11-17,79.822937
2023-11-20,80.310478
2023-11-21,80.275047
2023-11-22,80.558731
2023-11-24,79.610138
2023-11-27,80.939919
2023-11-28,81.099518
2023-11-29,82.118988
2023-11-30,81.170425
2023-12-01,82.699188
2023-12-04,82.370140
2023-12-05,84.139915
2023-12-06,85.260483
2023-12-07,84.771355
2023-12-08,84.077667
2023-12-11,83.899780
2023-12-12,84.148811
2023-12-13,86.123161
2023-12-14,88.363419
2023-12-15,88.461624
2023-12-18,87.756752
2023-12-19,88.229622
2023-12-20,88.827377
2023-12-21,88.265297
2023-12-22,87.863808
2023-12-26,88.113632
2023-12-27,89.674980
2023-12-28,89.023674
2023-12-29,88.220695
2024-01-02,87.712158
2024-01-03,88.077950
2024-01-04,86.739639
2024-01-05,85.909882
2024-01-08,86.757484
2024-01-09,86.204338
2024-01-10,85.802841
2024-01-11,86.284637
2024-01-12,86.115112
2024-01-16,84.598358
2024-01-17,84.464531
2024-01-18,83.679405
2024-01-19,83.947067
2024-01-22,84.446709
2024-01-23,83.777527
2024-01-24,83.286827
2024-01-25,83.831078
2024-01-26,83.670486
2024-01-29,84.634064
2024-01-30,85.401337
2024-01-31,86.240021
2024-02-01,87.931694
2024-02-02,85.989403
2024-02-05,84.252953
2024-02-06,85.076431
2024-02-07,84.664719
2024-02-08,84.172379
2024-02-09,84.002327
2024-02-12,84.100792
2024-02-13,82.659744
2024-02-14,83.080421
2024-02-15,83.510056
2024-02-16,83.026726
2024-02-20,83.098320
2024-02-21,82.507591
2024-02-22,82.910347
2024-02-23,84.020241
2024-02-26,83.769608
2024-02-27,83.178871
2024-02-28,83.706970
2024-02-29,84.297737
2024-03-01,84.822960
2024-03-04,84.481789
2024-03-05,85.684952
2024-03-06,86.187752
2024-03-07,86.106964
2024-03-08,85.954323
2024-03-11,85.909416
2024-03-12,85.191109
2024-03-13,84.778084
2024-03-14,83.476128
2024-03-15,83.449211
2024-03-18,83.197815
2024-03-19,83.431244
2024-03-20,83.404327
2024-03-21,83.583885
2024-03-22,84.383003
2024-03-25,83.960999
2024-03-26,84.194435
2024-03-27,85.029488
2024-03-28,84.957664
2024-04-01,83.373970
2024-04-02,82.914513
2024-04-03,82.896507
2024-04-04,83.491058
2024-04-05,82.328957
2024-04-08,82.319962
2024-04-09,83.085670
2024-04-10,81.274963
2024-04-11,80.905632
2024-04-12,81.338036
2024-04-15,80.076820
2024-04-16,79.545319
2024-04-17,80.428177
2024-04-18,80.022789
2024-04-19,80.311058
2024-04-22,80.175941
2024-04-23,80.202965
2024-04-24,79.635422
2024-04-25,79.076904
2024-04-26,79.491264
2024-04-29,80.157913
2024-04-30,79.473267
2024-05-01,80.059059
2024-05-02,80.402580
2024-05-03,81.216171
2024-05-06,81.532616
2024-05-07,82.029793
2024-05-08,81.532616
2024-05-09,81.930351
2024-05-10,81.469315
2024-05-13,81.677216
2024-05-14,82.138306
2024-05-15,83.259239
2024-05-16,83.177895
2024-05-17,82.617393
2024-05-20,82.373306
2024-05-21,82.798203
2024-05-22,82.897636
2024-05-23,82.364281
2024-05-24,82.608345
2024-05-28,81.424133
2024-05-29,80.438744
2024-05-30,81.216171
2024-05-31,81.767624
2024-06-03,83.090187
2024-06-04,84.060776
2024-06-05,84.677605
2024-06-06,84.550598
2024-06-07,82.999466
2024-06-10,82.446144
2024-06-11,83.298798
2024-06-12,83.924721
2024-06-13,85.158371
2024-06-14,85.874985
2024-06-17,85.022316
2024-06-18,85.802414
2024-06-20,85.230949
2024-06-21,85.230949
2024-06-24,85.575630
2024-06-25,85.720779
2024-06-26,84.496185
2024-06-27,84.831795
2024-06-28,83.253456
2024-07-01,81.816605
2024-07-02,82.453583
2024-07-03,83.536476
2024-07-05,84.228050
2024-07-08,84.410042
2024-07-09,84.036964
2024-07-10,84.300865
2024-07-11,85.119865
2024-07-12,85.483826
2024-07-15,84.501060
2024-07-16,85.693115
2024-07-17,85.711342
2024-07-18,85.056137
2024-07-19,84.555641
2024-07-22,84.309967
2024-07-23,84.191658
2024-07-24,83.281670
2024-07-25,83.964172
2024-07-26,84.619354
2024-07-29,85.074333
2024-07-30,85.401939
2024-07-31,86.275505
2024-08-01,87.019615
2024-08-02,89.731285
2024-08-05,90.206062
2024-08-06,88.188271
2024-08-07,87.567451
2024-08-08,87.028763
2024-08-09,87.886993
2024-08-12,88.206551
2024-08-13,88.818260
2024-08-14,89.375221
2024-08-15,88.653931
2024-08-16,88.964348
2024-08-19,89.375221
2024-08-20,90.087357
2024-08-21,90.142143
2024-08-22,89.247383
2024-08-23,89.831726
2024-08-26,89.603462
2024-08-27,89.448227
2024-08-28,89.338684
2024-08-29,89.046516
2024-08-30,88.096985
2024-09-03,89.537834
2024-09-04,90.691978
2024-09-05,91.204926
2024-09-06,91.195763
2024-09-09,91.589668
2024-09-10,92.230850
2024-09-11,92.157570
2024-09-12,91.727051
2024-09-13,91.974358
2024-09-16,92.817078
2024-09-17,92.368225
2024-09-18,91.223259
2024-09-19,90.920990
2024-09-20,90.572899
2024-09-23,90.380539
2024-09-24,90.362236
2024-09-25,89.611122
2024-09-26,89.821800
2024-09-27,90.288948
2024-09-30,89.858444
2024-10-01,90.507210
2024-10-02,89.744476
2024-10-03,88.899048
2024-10-04,87.805504
2024-10-07,87.143860
2024-10-08,87.290916
2024-10-09,86.794647
2024-10-10,86.454651
2024-10-11,86.105453
2024-10-14,86.169762
2024-10-15,87.217361
2024-10-16,87.584946
2024-10-17,86.197357
2024-10-18,86.261658
2024-10-21,84.754601
2024-10-22,84.837296
2024-10-23,84.607552
2024-10-24,85.149765
2024-10-25,84.671906
2024-10-28,84.442162
2024-10-29,84.570786
2024-10-30,84.818916
2024-10-31,84.956749
2024-11-01,83.759003
2024-11-04,85.059097
2024-11-05,85.510895
2024-11-06,83.168922
2024-11-07,84.210815
2024-11-08,85.280418
2024-11-11,84.865501
2024-11-12,83.593063
2024-11-13,82.800095
2024-11-14,83.279564
2024-11-15,83.058250
2024-11-18,83.205780
2024-11-19,83.629921
2024-11-20,83.362541
2024-11-21,83.297981
2024-11-22,83.344093
2024-11-25,85.501701
2024-11-26,85.169762
2024-11-27,85.759872
2024-11-29,86.645042
2024-12-02,86.853226
2024-12-03,86.103752
2024-12-04,87.028999
2024-12-05,87.204819
2024-12-06,87.334343
2024-12-09,86.529388
2024-12-10,86.122269
2024-12-11,85.308044
2024-12-12,84.271774
2024-12-13,83.411293
2024-12-16,83.661118
2024-12-17,83.864655
2024-12-18,82.815994
2024-12-19,81.562042
2024-12-20,82.026466
2024-12-23,81.274101
2024-12-24,81.617760
2024-12-26,81.571335
2024-12-27,80.902565
2024-12-30,81.552750
2024-12-31,81.116188
2025-01-02,81.339142
2025-01-03,81.079048
2025-01-06,80.716789
2025-01-07,79.806519
2025-01-08,79.908691
2025-01-10,79.379242
2025-01-13,79.351387
2025-01-14,79.221352
2025-01-15,80.586754
2025-01-16,80.846832
2025-01-17,80.986145
2025-01-21,81.710648
2025-01-22,81.283409
2025-01-23,80.651787
2025-01-24,81.014015
2025-01-27,81.970734
2025-01-28,81.915009
2025-01-29,81.747826
2025-01-30,82.054352
2025-01-31,81.515602
2025-02-03,82.179306
2025-02-04,82.430977
2025-02-05,83.791931
2025-02-06,83.754654
2025-02-07,83.214005
2025-02-10,82.962311
2025-02-11,82.430977
2025-02-12,81.312401
2025-02-13,82.664032
2025-02-14,83.102142
2025-02-18,82.123383
2025-02-19,82.225906
2025-02-20,82.533524
2025-02-21,83.530945
2025-02-24,83.773315
2025-02-25,85.218147
2025-02-26,85.721527
2025-02-27,85.115616
2025-02-28,86.159622
2025-03-03,86.561737
2025-03-04,85.495735
2025-03-05,84.813080
2025-03-06,84.532570
2025-03-07,84.261383
2025-03-10,85.140396
2025-03-11,84.532570
2025-03-12,84.027626
2025-03-13,84.766365
2025-03-14,84.317513
2025-03-17,84.738274
2025-03-18,84.822472
2025-03-19,85.261948
2025-03-20,85.318054
2025-03-21,84.813080
2025-03-24,83.943451
2025-03-25,83.934097
2025-03-26,83.382408
2025-03-27,83.139282
2025-03-28,84.289452
2025-03-31,85.121689
2025-04-01,85.859306
2025-04-02,85.803001
2025-04-03,86.197144
2025-04-04,87.135605
2025-04-07,84.507927
2025-04-08,82.912537
2025-04-09,83.400543
2025-04-10,81.101326
2025-04-11,81.542397
2025-04-14,82.124268
2025-04-15,82.415192
2025-04-16,82.875008
2025-04-17,82.143005
2025-04-21,80.707176
2025-04-22,81.157654
2025-04-23,81.945946
2025-04-24,82.809319
2025-04-25,83.419327
2025-04-28,83.944847
2025-04-29,84.648720
2025-04-30,83.963615
2025-05-01,83.537888
2025-05-02,82.633644
2025-05-05,82.172112
2025-05-06,82.445251
2025-05-07,82.793777
2025-05-08,81.870705
2025-05-09,81.993156
2025-05-12,81.230202
2025-05-13,80.900528
2025-05-14,80.363640
2025-05-15,81.070091
2025-05-16,81.286728
2025-05-19,81.051239
2025-05-20,80.467262
2025-05-21,79.092072
2025-05-22,79.506523
2025-05-23,79.638374
2025-05-27,80.749840
2025-05-28,80.401344
2025-05-29,81.145447
2025-05-30,81.267883
2025-06-02,80.511559
2025-06-03,80.369736
2025-06-04,81.674416
2025-06-05,81.731140
2025-06-06,80.691185
2025-06-09,80.776276
2025-06-10,81.192253
2025-06-11,81.438065
2025-06-12,82.411835
2025-06-13,81.617683
2025-06-16,80.795158
2025-06-17,81.778397
2025-06-18,81.920212
2025-06-20,81.768974
2025-06-23,82.033669
2025-06-24,82.629257
2025-06-25,82.733284
2025-06-26,83.149254
2025-06-27,82.619797
2025-06-30,83.432884
2025-07-01,83.639725
2025-07-02,83.108345
2025-07-03,82.529510
2025-07-07,81.741875
2025-07-08,81.637482
2025-07-09,82.491539
2025-07-10,82.548454
2025-07-11,81.409737
2025-07-14,81.238914
2025-07-15,80.669563
2025-07-16,80.783432
2025-07-17,80.764458
2025-07-18,80.887825
2025-07-21,81.609016
2025-07-22,82.102448
2025-07-23,81.646980
2025-07-24,81.504639
2025-07-25,82.017067
2025-07-28,81.485664
2025-07-29,82.861618
2025-07-30,82.434608
2025-07-31,82.482040
2025-08-01,83.654678
2025-08-04,83.883263
2025-08-05,84.140465
2025-08-06,83.654678
2025-08-07,83.511765
2025-08-08,83.149780
2025-08-11,83.245026
2025-08-12,82.825920
2025-08-13,83.511765
2025-08-14,82.892586
2025-08-15,82.301994
2025-08-18,82.063866
2025-08-19,82.540138
2025-08-20,82.721138
2025-08-21,82.311531
2025-08-22,82.921181
2025-08-25,82.683022
2025-08-26,82.635422
2025-08-27,82.540138
2025-08-28,83.083130
2025-08-29,82.492523
2025-09-02,81.878654
2025-09-03,82.777458
2025-09-04,83.408554
2025-09-05,84.680290
2025-09-08,85.808586
2025-09-09,85.320930
2025-09-10,85.808586
2025-09-11,86.382301
2025-09-12,86.009384
2025-09-15,86.210190
2025-09-16,86.391869
2025-09-17,86.171936
2025-09-18,85.282684
2025-09-19,85.120132
2025-09-22,84.814148
2025-09-23,85.406998
2025-09-24,85.081894
2025-09-25,85.081894
2025-09-26,85.005386
2025-09-29,85.703407
2025-09-30,85.454796
2025-10-01,85.675499
2025-10-02,85.924965
2025-10-03,85.761841
2025-10-06,85.080582
2025-10-07,85.569962
2025-10-08,85.637100
2025-10-09,85.569962
2025-10-10,86.951645
2025-10-13,86.903671
2025-10-14,87.181931
2025-10-15,86.990036
2025-10-16,87.642487
2025-10-17,87.508163
2025-10-20,87.844009
2025-10-21,88.275780
2025-10-22,88.333344
2025-10-23,87.728867
2025-10-24,87.767235
2025-10-27,88.064682
2025-10-28,88.294975
2025-10-29,87.402634
2025-10-30,86.894066
2025-10-31,86.635010
2025-11-03,86.418327
2025-11-04,86.610939
2025-11-05,85.667213
2025-11-06,86.437592
2025-11-07,86.254623
2025-11-10,86.235374
2025-11-11,86.630196
2025-11-12,86.784279
2025-11-13,86.071655
2025-11-14,85.580528
2025-11-17,85.792389
2025-11-18,85.763504
2025-11-19,85.590157
2025-11-20,85.927216
2025-11-21,86.187218
2025-11-24,86.678345
2025-11-25,86.899826
2025-11-26,87.285027
2025-11-28,86.870934
2025-12-01,85.789513
2025-12-02,85.828163
2025-12-03,86.069771
2025-12-04,85.605888
2025-12-05,85.209648
2025-12-08,84.929398
2025-12-09,85.016365
2025-12-10,85.344963
2025-12-11,85.228989
2025-12-12,84.407524
2025-12-15,84.465515
2025-12-16,84.929398
2025-12-17,84.852081
2025-12-18,85.257988
2025-12-19,84.939758
2025-12-22,84.755417
2025-12-23,84.891251
2025-12-24,85.405441
2025-12-26,85.124084
2025-12-29,85.444260
2025-12-30,85.240501
2025-12-31,84.561378
2026-01-02,84.435265
2026-01-05,84.852440
2026-01-06,84.677818
2026-01-07,85.172607
2026-01-08,84.745712
2026-01-09,85.308426
2026-01-12,85.056175
2026-01-13,85.201714
2026-01-14,85.696510
2026-01-15,85.677101
2026-01-16,85.182304
2026-01-20,84.066597
2026-01-21,84.706917
2026-01-22,85.075584
2026-01-23,85.308426
2026-01-26,85.715897
2026-01-27,85.182304
2026-01-28,84.988266
2026-01-29,85.007675
2026-01-30,84.532265
2026-02-02,84.290749
2026-02-03,84.495285
2026-02-04,84.281013
2026-02-05,85.196487
2026-02-06,85.254906
2026-02-09,85.235435
2026-02-10,86.219070
2026-02-11,85.761337
2026-02-12,86.900803
2026-02-13,87.378014
2026-02-17,87.524094
2026-02-18,87.192970
2026-02-19,87.280632
2026-02-20,87.076111
2026-02-23,87.397484
2026-02-24,87.553322
2026-02-25,87.563057
2026-02-26,87.913635
2026-02-27,88.449287
2026-03-02,87.561081
2026-03-03,87.385193
2026-03-04,87.111595
2026-03-05,86.759827
2026-03-06,86.437370
2026-03-09,87.189774
2026-03-10,86.261490
2026-03-11,85.147552
2026-03-12,84.981445
2026-03-13,84.561279
2026-03-16,85.215958
2026-03-17,85.450462
2026-03-18,84.971664
2026-03-19,85.489548
2026-03-20,83.867500
2026-03-23,84.414696
2026-03-24,84.043388
2026-03-25,84.854408
2026-03-26,84.141098
2026-03-27,83.681854
2026-03-30,84.795792
2026-03-31,84.707840
2026-04-01,84.624451
2026-04-02,85.144409
2026-04-06,85.007057
2026-04-07,84.997253
2026-04-08,85.271942
2026-04-09,85.056114
2026-04-10,84.850090
2026-04-13,85.105164
2026-04-14,85.556442
2026-04-15,85.183647
2026-04-16,84.644073
2026-04-17,85.419090
2026-04-20,85.399475
2026-04-21,84.928566
2026-04-22,85.095352
2026-04-23,84.908951
2026-04-24,85.065926
2026-04-27,84.644073
2026-04-28,84.732368
2026-04-29,84.075058
2026-04-30,83.996582
2026-05-01,84.296913
2026-05-04,83.656876
2026-05-05,84.119675
2026-05-06,84.759697
2026-05-07,84.336296
2026-05-08,84.759697
2026-05-11,84.247673
2026-05-12,83.686417
2026-05-13,83.499336
2026-05-14,83.617493
2026-05-15,82.376823
2026-05-18,82.278343
2026-05-19,81.746635
2026-05-20,82.622986
2026-05-21,82.928230
2026-05-22,83.381172
2026-05-26,83.794724
2026-05-27,83.991676
2026-05-28,84.424911
2026-05-29,84.444611
2026-06-01,84.490082
2026-06-02,84.668015
2026-06-03,84.331909
2026-06-04,84.519737
2026-06-05,84.084778
2026-06-08,83.649834
2026-06-09,84.144096
2026-06-10,83.906837
2026-06-11,84.994232
2026-06-12,84.786636
2026-06-15,84.737213
2026-06-16,85.201828
2026-06-17,85.340225
2026-06-18,85.755409
2026-06-22,85.102974
2026-06-23,85.211708
2026-06-24,86.378189
2026-06-25,86.348526
2026-06-26,86.358414
2026-06-29,86.447380
2026-06-30,85.429192
2026-07-01,84.851730
2026-07-02,84.841812
2026-07-06,84.782280
2026-07-07,83.889320
2026-07-08,83.700806
2026-07-09,83.829788
2026-07-10,83.809944
2026-07-13,83.313850
2026-07-14,83.422997
2026-07-15,83.581741
2026-07-16,83.551971
2026-07-17,83.859550
2026-07-20,83.234474
2026-07-21,83.006279
2026-07-22,82.787994
2026-07-23,82.520096
2026-07-24,82.599472
2026-07-27,83.095566
2026-07-28,83.581741
2026-07-29,82.202599
2026-07-30,82.152992
2026-07-31,81.607285
2026-08-03,81.876259
2026-08-04,82.503853
2026-08-05,82.683167
2026-08-06,82.204994
2026-08-07,82.444084
2026-08-10,81.746750
2026-08-11,81.876259
2026-08-12,81.796562
2026-08-13,82.274727
2026-08-14,81.726830
2026-08-17,81.039467
2026-08-18,81.348289
2026-08-19,82.703087
2026-08-20,82.025681
2026-08-21,81.736794
2026-08-24,82.244843
2026-08-25,83.151375
2026-08-26,82.982025
2026-08-27,82.812668
2026-08-28,82.563622
2026-08-31,82.204994
2026-09-01,81.870003
2026-09-02,81.949997
2026-09-03,82.070000
2026-09-04,82.209999
2026-09-08,82.199997
2026-09-09,81.730003
2026-09-10,80.779999
2026-09-11,80.870003
2026-09-14,80.930000
2026-09-15,80.709999
2026-09-16,80.879997
2026-09-17,81.779999
2026-09-18,81.250000
2026-09-21,81.800003
2026-09-22,81.750000
2026-09-23,80.459999
2026-09-24,79.419998
2026-09-25,79.389999
