date,adj_close
2007-07-26,26.884047
2007-07-27,26.474333
2007-07-30,26.917728
2007-07-31,26.884047
2007-08-01,26.996302
2007-08-02,26.917728
2007-08-03,26.474333
2007-08-06,26.878445
2007-08-07,26.917728
2007-08-08,27.321829
2007-08-09,26.502396
2007-08-10,26.148813
2007-08-13,26.193710
2007-08-14,25.856958
2007-08-15,25.245186
2007-08-16,25.127323
2007-08-17,25.480919
2007-08-20,25.514587
2007-08-21,25.508982
2007-08-22,26.148813
2007-08-23,26.261057
2007-08-24,26.681993
2007-08-27,26.418205
2007-08-28,25.772762
2007-08-29,26.457491
2007-08-30,26.266672
2007-08-31,26.861599
2007-09-04,26.990690
2007-09-05,26.524851
2007-09-06,26.681993
2007-09-07,26.311569
2007-09-10,26.204933
2007-09-11,26.676390
2007-09-12,26.653934
2007-09-13,26.799858
2007-09-14,26.676390
2007-09-17,26.300346
2007-09-18,27.136606
2007-09-19,27.422857
2007-09-20,27.366732
2007-09-21,27.563164
2007-09-24,27.535112
2007-09-25,27.669802
2007-09-26,27.770828
2007-09-27,28.101973
2007-09-28,28.141256
2007-10-01,28.545361
2007-10-02,28.455564
2007-10-03,28.298412
2007-10-04,28.421875
2007-10-05,28.696896
2007-10-08,28.421875
2007-10-09,28.775469
2007-10-10,28.691284
2007-10-11,28.831593
2007-10-12,28.915796
2007-10-15,28.668831
2007-10-16,28.275959
2007-10-17,28.567808
2007-10-18,28.635155
2007-10-19,28.034628
2007-10-22,27.939205
2007-10-23,28.399437
2007-10-24,28.309633
2007-10-25,28.410656
2007-10-26,28.943848
2007-10-29,29.207630
2007-10-30,28.994373
2007-10-31,29.387245
2007-11-01,28.651991
2007-11-02,28.820374
2007-11-05,28.489237
2007-11-06,28.893339
2007-11-07,28.337698
2007-11-08,28.528524
2007-11-09,27.860624
2007-11-12,27.417244
2007-11-13,28.225449
2007-11-14,28.124416
2007-11-15,27.613682
2007-11-16,27.720303
2007-11-19,27.024357
2007-11-20,27.579994
2007-11-21,27.018747
2007-11-23,27.602448
2007-11-26,27.181513
2007-11-27,27.641745
2007-11-28,28.360142
2007-11-29,28.180550
2007-11-30,28.281572
2007-12-03,28.174936
2007-12-04,27.978502
2007-12-05,28.371365
2007-12-06,28.635155
2007-12-07,28.522919
2007-12-10,28.797926
2007-12-11,28.096352
2007-12-12,28.539742
2007-12-13,28.057064
2007-12-14,27.299370
2007-12-17,26.710054
2007-12-18,27.001915
2007-12-19,26.816698
2007-12-20,26.906490
2007-12-21,27.349895
2007-12-24,27.507650
2007-12-26,27.662550
2007-12-27,27.410122
2007-12-28,27.702700
2007-12-31,27.490446
2008-01-02,27.427332
2008-01-03,27.473228
2008-01-04,26.870874
2008-01-07,26.905294
2008-01-08,26.687288
2008-01-09,26.859400
2008-01-10,26.830717
2008-01-11,26.366035
2008-01-14,26.790554
2008-01-15,25.947254
2008-01-16,25.413733
2008-01-17,24.983484
2008-01-18,25.075268
2008-01-22,24.363914
2008-01-23,24.312288
2008-01-24,24.989225
2008-01-25,24.880220
2008-01-28,25.075268
2008-01-29,25.253113
2008-01-30,25.086748
2008-01-31,25.459629
2008-02-01,25.815321
2008-02-04,25.551422
2008-02-05,24.530281
2008-02-06,24.467184
2008-02-07,24.295082
2008-02-08,24.059864
2008-02-11,24.145922
2008-02-12,24.616337
2008-02-13,24.759748
2008-02-14,24.736814
2008-02-15,24.771229
2008-02-19,25.121166
2008-02-20,24.891705
2008-02-21,24.931854
2008-02-22,25.195751
2008-02-25,25.568636
2008-02-26,26.004633
2008-02-27,26.044783
2008-02-28,25.838270
2008-02-29,25.201485
2008-03-03,25.207224
2008-03-04,24.880220
2008-03-05,25.132637
2008-03-06,24.874475
2008-03-07,24.541761
2008-03-10,24.300812
2008-03-11,25.081020
2008-03-12,25.107410
2008-03-13,25.130367
2008-03-14,24.579441
2008-03-17,24.194929
2008-03-18,24.935247
2008-03-19,24.017029
2008-03-20,24.263802
2008-03-24,24.751608
2008-03-25,25.176287
2008-03-26,25.153320
2008-03-27,25.193489
2008-03-28,25.141840
2008-03-31,25.296791
2008-04-01,26.031357
2008-04-02,26.117453
2008-04-03,26.186308
2008-04-04,26.306824
2008-04-07,26.410130
2008-04-08,26.180561
2008-04-09,26.014153
2008-04-10,25.905107
2008-04-11,25.566526
2008-04-14,25.583733
2008-04-15,25.732939
2008-04-16,26.616728
2008-04-17,26.335518
2008-04-18,26.496202
2008-04-21,26.702805
2008-04-22,26.404379
2008-04-23,26.501957
2008-04-24,26.369947
2008-04-25,26.668373
2008-04-28,26.777420
2008-04-29,26.524914
2008-04-30,26.656898
2008-05-01,26.869246
2008-05-02,26.938097
2008-05-05,26.978273
2008-05-06,27.081566
2008-05-07,26.651161
2008-05-08,26.811842
2008-05-09,26.720015
2008-05-12,26.972542
2008-05-13,26.874973
2008-05-14,26.892193
2008-05-15,27.293907
2008-05-16,27.621029
2008-05-19,27.575109
2008-05-20,27.322607
2008-05-21,27.018442
2008-05-22,27.276684
2008-05-23,26.915138
2008-05-27,26.886446
2008-05-28,26.926622
2008-05-29,26.840544
2008-05-30,26.978273
2008-06-02,26.725763
2008-06-03,26.633936
2008-06-04,26.501957
2008-06-05,26.915138
2008-06-06,26.157616
2008-06-09,26.140394
2008-06-10,25.669809
2008-06-11,25.319742
2008-06-12,25.216438
2008-06-13,25.423040
2008-06-16,25.549309
2008-06-17,25.641119
2008-06-18,25.411560
2008-06-19,25.342697
2008-06-20,24.803251
2008-06-23,24.763071
2008-06-24,24.699953
2008-06-25,24.981159
2008-06-26,24.361366
2008-06-27,24.481880
2008-06-30,24.636827
2008-07-01,24.390057
2008-07-02,23.976856
2008-07-03,24.120325
2008-07-07,23.913736
2008-07-08,24.039980
2008-07-09,23.827639
2008-07-10,23.959639
2008-07-11,23.517748
2008-07-14,23.477577
2008-07-15,23.087343
2008-07-16,23.534971
2008-07-17,23.873560
2008-07-18,24.057198
2008-07-21,24.229372
2008-07-22,24.223629
2008-07-23,24.372837
2008-07-24,23.953903
2008-07-25,23.953903
2008-07-28,23.638266
2008-07-29,23.827639
2008-07-30,24.091633
2008-07-31,23.781740
2008-08-01,23.471840
2008-08-04,23.253763
2008-08-05,23.821911
2008-08-06,23.833391
2008-08-07,23.368540
2008-08-08,23.443146
2008-08-11,23.460360
2008-08-12,23.351328
2008-08-13,22.926655
2008-08-14,22.829094
2008-08-15,22.668402
2008-08-18,22.547894
2008-08-19,22.295372
2008-08-20,22.410158
2008-08-21,22.547894
2008-08-22,22.645443
2008-08-25,22.272421
2008-08-26,22.381456
2008-08-27,22.611017
2008-08-28,22.875010
2008-08-29,22.829094
2008-09-02,22.484762
2008-09-03,22.375725
2008-09-04,21.382908
2008-09-05,21.365696
2008-09-08,21.773146
2008-09-09,21.153353
2008-09-10,21.262383
2008-09-11,21.216484
2008-09-12,21.652639
2008-09-15,20.728672
2008-09-16,20.619644
2008-09-17,19.902290
2008-09-18,20.659809
2008-09-19,22.031397
2008-09-22,21.692806
2008-09-23,21.199259
2008-09-24,21.210733
2008-09-25,21.635408
2008-09-26,21.463245
2008-09-29,19.334145
2008-09-30,20.183491
2008-10-01,20.080193
2008-10-02,19.219364
2008-10-03,19.167715
2008-10-06,18.060120
2008-10-07,17.256680
2008-10-08,16.803314
2008-10-09,15.839192
2008-10-10,15.345651
2008-10-13,17.698574
2008-10-14,17.331287
2008-10-15,15.420254
2008-10-16,16.212210
2008-10-17,15.953960
2008-10-20,16.740187
2008-10-21,16.040051
2008-10-22,14.720112
2008-10-23,15.018531
2008-10-24,14.203620
2008-10-27,13.560869
2008-10-28,14.582387
2008-10-29,15.403039
2008-10-30,15.867882
2008-10-31,16.034313
2008-11-03,16.028566
2008-11-04,17.164860
2008-11-05,16.304031
2008-11-06,15.121830
2008-11-07,16.045786
2008-11-10,15.833449
2008-11-11,15.236610
2008-11-12,14.438911
2008-11-13,15.529289
2008-11-14,14.737330
2008-11-17,14.502039
2008-11-18,14.536474
2008-11-19,13.601045
2008-11-20,12.906640
2008-11-21,13.612523
2008-11-24,14.639776
2008-11-25,14.834893
2008-11-26,15.024277
2008-11-28,14.972625
2008-12-01,13.738779
2008-12-02,14.490561
2008-12-03,14.634032
2008-12-04,14.209361
2008-12-05,14.496300
2008-12-08,15.093134
2008-12-09,14.978365
2008-12-10,15.351384
2008-12-11,15.466162
2008-12-12,15.425990
2008-12-15,15.448950
2008-12-16,16.344210
2008-12-17,16.275341
2008-12-18,15.735895
2008-12-19,15.546511
2008-12-22,15.500598
2008-12-23,15.334170
2008-12-24,15.544520
2008-12-26,15.592060
2008-12-29,15.615824
2008-12-30,16.114964
2008-12-31,16.322939
2009-01-02,16.423952
2009-01-05,16.180325
2009-01-06,16.322939
2009-01-07,16.126842
2009-01-08,16.316992
2009-01-09,15.823798
2009-01-12,15.437557
2009-01-13,15.158287
2009-01-14,14.492774
2009-01-15,14.659156
2009-01-16,14.772041
2009-01-20,13.666821
2009-01-21,14.302621
2009-01-22,13.993637
2009-01-23,13.862913
2009-01-26,14.183781
2009-01-27,14.391751
2009-01-28,14.867126
2009-01-29,14.189726
2009-01-30,14.035233
2009-02-02,13.934212
2009-02-03,14.296677
2009-02-04,14.237260
2009-02-05,14.409585
2009-02-06,14.748280
2009-02-09,14.777993
2009-02-10,14.047112
2009-02-11,14.177839
2009-02-12,14.154075
2009-02-13,14.005515
2009-02-17,13.256813
2009-02-18,13.238991
2009-02-19,13.221160
2009-02-20,13.072608
2009-02-23,12.579412
2009-02-24,13.066669
2009-02-25,12.763622
2009-02-26,12.656659
2009-02-27,12.621006
2009-03-02,11.943612
2009-03-03,11.848544
2009-03-04,12.341733
2009-03-05,11.842599
2009-03-06,11.866363
2009-03-09,11.551430
2009-03-10,12.270426
2009-03-11,12.335786
2009-03-12,12.662600
2009-03-13,12.692314
2009-03-16,12.858701
2009-03-17,13.191448
2009-03-18,13.577685
2009-03-19,13.571747
2009-03-20,13.375651
2009-03-23,14.332548
2009-03-24,13.880569
2009-03-25,14.130344
2009-03-26,14.302815
2009-03-27,13.838937
2009-03-30,13.333429
2009-03-31,13.684311
2009-04-01,14.047084
2009-04-02,14.677479
2009-04-03,14.748844
2009-04-06,14.487179
2009-04-07,14.189816
2009-04-08,14.308755
2009-04-09,14.671534
2009-04-13,14.820212
2009-04-14,14.713166
2009-04-15,14.885631
2009-04-16,14.974833
2009-04-17,14.968894
2009-04-20,14.320655
2009-04-21,14.635851
2009-04-22,14.540694
2009-04-23,14.915358
2009-04-24,15.159195
2009-04-27,14.962943
2009-04-28,14.855893
2009-04-29,15.266247
2009-04-30,15.301926
2009-05-01,15.516022
2009-05-04,16.092896
2009-05-05,15.872849
2009-05-06,16.360514
2009-05-07,16.116682
2009-05-08,16.776812
2009-05-11,16.396202
2009-05-12,16.532980
2009-05-13,15.968002
2009-05-14,16.158312
2009-05-15,15.968002
2009-05-18,16.598400
2009-05-19,16.705452
2009-05-20,16.824387
2009-05-21,16.663820
2009-05-22,16.794651
2009-05-26,17.092005
2009-05-27,16.812490
2009-05-28,16.931444
2009-05-29,17.300158
2009-06-01,17.716459
2009-06-02,17.882971
2009-06-03,17.371519
2009-06-04,17.436939
2009-06-05,17.240685
2009-06-08,17.139585
2009-06-09,17.312054
2009-06-10,17.377472
2009-06-11,17.668875
2009-06-12,17.591570
2009-06-15,17.002800
2009-06-16,16.812490
2009-06-17,16.830334
2009-06-18,16.848181
2009-06-19,17.056328
2009-06-22,16.509186
2009-06-23,16.782761
2009-06-24,16.699501
2009-06-25,17.115793
2009-06-26,17.115793
2009-06-29,17.175268
2009-06-30,16.984959
2009-07-01,17.389366
2009-07-02,16.860069
2009-07-06,16.883852
2009-07-07,16.467567
2009-07-08,16.378357
2009-07-09,16.711391
2009-07-10,16.384298
2009-07-13,16.681652
2009-07-14,16.723289
2009-07-15,17.228796
2009-07-16,17.508307
2009-07-17,17.484520
2009-07-20,17.787819
2009-07-21,17.877029
2009-07-22,17.942448
2009-07-23,18.204121
2009-07-24,18.358744
2009-07-27,18.364695
2009-07-28,18.305216
2009-07-29,18.091125
2009-07-30,18.519308
2009-07-31,18.780983
2009-08-03,19.286499
2009-08-04,19.262703
2009-08-05,19.197287
2009-08-06,19.066448
2009-08-07,19.024817
2009-08-10,18.888037
2009-08-11,18.757202
2009-08-12,18.995085
2009-08-13,19.298384
2009-08-14,19.131863
2009-08-17,18.501476
2009-08-18,18.810722
2009-08-19,18.959400
2009-08-20,19.155653
2009-08-21,19.530325
2009-08-24,19.524380
2009-08-25,19.696852
2009-08-26,19.601694
2009-08-27,19.756321
2009-08-28,19.768215
2009-08-31,19.625475
2009-09-01,19.149712
2009-09-02,19.173502
2009-09-03,19.322182
2009-09-04,19.560068
2009-09-08,19.934727
2009-09-09,20.190451
2009-09-10,20.351025
2009-09-11,20.285601
2009-09-14,20.339125
2009-09-15,20.285601
2009-09-16,20.820843
2009-09-17,20.695955
2009-09-18,20.731647
2009-09-21,20.505653
2009-09-22,20.767319
2009-09-23,20.660269
2009-09-24,20.309395
2009-09-25,20.309395
2009-09-28,20.487812
2009-09-29,20.374815
2009-09-30,20.398594
2009-10-01,19.821735
2009-10-02,19.643314
2009-10-05,19.922836
2009-10-06,20.249926
2009-10-07,20.321287
2009-10-08,20.636486
2009-10-09,20.553230
2009-10-12,20.672169
2009-10-13,20.666216
2009-10-14,21.165783
2009-10-15,21.243101
2009-10-16,20.921949
2009-10-19,21.266878
2009-10-20,21.147949
2009-10-21,21.070620
2009-10-22,21.284727
2009-10-23,20.933842
2009-10-26,20.600803
2009-10-27,20.493759
2009-10-28,19.946621
2009-10-29,20.553230
2009-10-30,19.833630
2009-11-02,20.041773
2009-11-03,19.970411
2009-11-04,20.261831
2009-11-05,20.446178
2009-11-06,20.493759
2009-11-09,21.040888
2009-11-10,20.981426
2009-11-11,21.034943
2009-11-12,20.707853
2009-11-13,21.017111
2009-11-16,21.344193
2009-11-17,21.189564
2009-11-18,21.136047
2009-11-19,20.690012
2009-11-20,20.582970
2009-11-23,20.963583
2009-11-24,20.850578
2009-11-25,21.177677
2009-11-27,20.529438
2009-11-30,20.648382
2009-12-01,21.201466
2009-12-02,21.225245
2009-12-03,21.183626
2009-12-04,21.106319
2009-12-07,20.981426
2009-12-08,20.624598
2009-12-09,20.672169
2009-12-10,20.660269
2009-12-11,20.690012
2009-12-14,20.850578
2009-12-15,20.648382
2009-12-16,20.880327
2009-12-17,20.374815
2009-12-18,20.398594
2009-12-21,20.505653
2009-12-22,20.624598
2009-12-23,20.820843
2009-12-24,20.910307
2009-12-28,20.995502
2009-12-29,21.001591
2009-12-30,20.989418
2009-12-31,20.812929
2010-01-04,21.372822
2010-01-05,21.384985
2010-01-06,21.391073
2010-01-07,21.348476
2010-01-08,21.579731
2010-01-11,21.713623
2010-01-12,21.464098
2010-01-13,21.664925
2010-01-14,21.786642
2010-01-15,21.433674
2010-01-19,21.671013
2010-01-20,21.117216
2010-01-21,20.679052
2010-01-22,20.216547
2010-01-25,20.514742
2010-01-26,20.405201
2010-01-27,20.362598
2010-01-28,20.027891
2010-01-29,19.681005
2010-02-01,20.058315
2010-02-02,20.447803
2010-02-03,20.137428
2010-02-04,19.352377
2010-02-05,19.181980
2010-02-08,19.011580
2010-02-09,19.577545
2010-02-10,19.455839
2010-02-11,19.620148
2010-02-12,19.571466
2010-02-16,19.881830
2010-02-17,19.906170
2010-02-18,20.088741
2010-02-19,19.906170
2010-02-22,19.936602
2010-02-23,19.711435
2010-02-24,19.772291
2010-02-25,19.693178
2010-02-26,19.827061
2010-03-01,19.973120
2010-03-02,20.119171
2010-03-03,20.405201
2010-03-04,20.301750
2010-03-05,20.758167
2010-03-08,20.703398
2010-03-09,20.642536
2010-03-10,20.776432
2010-03-11,20.843361
2010-03-12,20.940739
2010-03-15,20.812929
2010-03-16,21.056356
2010-03-17,21.178083
2010-03-18,21.050282
2010-03-19,20.831194
2010-03-22,20.873795
2010-03-23,21.050943
2010-03-24,20.673515
2010-03-25,20.697863
2010-03-26,20.825701
2010-03-29,21.038767
2010-03-30,21.057030
2010-03-31,21.075291
2010-04-01,21.385767
2010-04-05,21.355328
2010-04-06,21.379669
2010-04-07,21.160517
2010-04-08,21.178774
2010-04-09,21.489252
2010-04-12,21.574482
2010-04-13,21.550131
2010-04-14,21.824070
2010-04-15,21.842339
2010-04-16,21.330973
2010-04-19,21.288364
2010-04-20,21.452732
2010-04-21,21.288364
2010-04-22,21.081383
2010-04-23,21.221397
2010-04-26,21.264008
2010-04-27,20.423920
2010-04-28,20.405661
2010-04-29,20.758734
2010-04-30,20.490881
2010-05-03,20.600460
2010-05-04,19.784723
2010-05-05,19.443810
2010-05-06,18.524590
2010-05-07,18.481979
2010-05-10,19.681229
2010-05-11,19.425550
2010-05-12,19.614267
2010-05-13,19.376854
2010-05-14,18.841143
2010-05-17,18.792444
2010-05-18,18.384569
2010-05-19,18.512413
2010-05-20,17.672312
2010-05-21,18.244558
2010-05-24,17.836681
2010-05-25,17.800159
2010-05-26,17.514044
2010-05-27,18.494146
2010-05-28,18.128899
2010-06-01,17.921911
2010-06-02,18.469799
2010-06-03,18.372391
2010-06-04,17.623627
2010-06-07,17.361855
2010-06-08,17.641878
2010-06-09,17.593185
2010-06-10,18.335869
2010-06-11,18.378485
2010-06-14,18.481979
2010-06-15,19.066378
2010-06-16,19.017679
2010-06-17,19.042028
2010-06-18,19.017679
2010-06-21,19.035946
2010-06-22,18.792444
2010-06-23,18.902012
2010-06-24,18.573286
2010-06-25,18.682867
2010-06-28,18.542850
2010-06-29,17.873209
2010-06-30,17.800159
2010-07-01,18.007135
2010-07-02,17.970615
2010-07-06,18.323696
2010-07-07,18.914188
2010-07-08,19.133348
2010-07-09,19.145523
2010-07-12,19.090731
2010-07-13,19.425550
2010-07-14,19.449905
2010-07-15,19.577742
2010-07-16,18.944626
2010-07-19,19.084650
2010-07-20,19.194220
2010-07-21,18.853312
2010-07-22,19.504700
2010-07-23,19.717754
2010-07-26,19.869951
2010-07-27,19.930822
2010-07-28,19.802988
2010-07-29,19.894302
2010-07-30,19.876034
2010-08-02,20.527409
2010-08-03,20.490881
2010-08-04,20.472620
2010-08-05,20.490881
2010-08-06,20.551762
2010-08-09,20.606543
2010-08-10,20.460447
2010-08-11,19.504700
2010-08-12,19.492519
2010-08-13,19.413372
2010-08-16,19.559484
2010-08-17,19.790813
2010-08-18,19.802988
2010-08-19,19.541218
2010-08-20,19.303797
2010-08-23,19.273365
2010-08-24,18.975075
2010-08-25,18.981159
2010-08-26,18.975075
2010-08-27,19.364676
2010-08-30,19.108995
2010-08-31,19.163782
2010-09-01,19.839504
2010-09-02,19.943001
2010-09-03,20.131714
2010-09-07,19.876034
2010-09-08,20.016050
2010-09-09,20.192587
2010-09-10,20.247377
2010-09-13,20.618723
2010-09-14,20.746565
2010-09-15,20.770912
2010-09-16,20.655254
2010-09-17,20.503056
2010-09-20,20.892664
2010-09-21,20.892664
2010-09-22,20.874405
2010-09-23,20.643074
2010-09-24,21.215303
2010-09-27,21.117910
2010-09-28,21.245743
2010-09-29,21.203136
2010-09-30,21.014414
2010-10-01,21.251835
2010-10-04,20.971806
2010-10-05,21.550131
2010-10-06,21.708399
2010-10-07,21.671877
2010-10-08,21.805805
2010-10-11,21.775362
2010-10-12,21.732750
2010-10-13,21.976254
2010-10-14,22.122353
2010-10-15,22.085838
2010-10-18,22.219751
2010-10-19,21.617090
2010-10-20,22.037134
2010-10-21,21.921473
2010-10-22,21.970167
2010-10-25,22.055399
2010-10-26,21.897116
2010-10-27,21.684053
2010-10-28,21.860600
2010-10-29,21.866678
2010-11-01,21.775362
2010-11-02,22.128447
2010-11-03,22.304993
2010-11-04,22.810253
2010-11-05,22.712864
2010-11-08,22.597195
2010-11-09,22.353699
2010-11-10,22.426744
2010-11-11,22.250204
2010-11-12,22.043222
2010-11-15,22.079754
2010-11-16,21.525778
2010-11-17,21.653608
2010-11-18,22.189327
2010-11-19,22.201504
2010-11-22,21.964085
2010-11-23,21.288364
2010-11-24,21.629257
2010-11-26,21.300535
2010-11-29,21.075291
2010-11-30,20.795258
2010-12-01,21.416203
2010-12-02,21.866678
2010-12-03,22.043222
2010-12-06,21.927553
2010-12-07,21.970167
2010-12-08,22.043222
2010-12-09,22.067579
2010-12-10,22.140625
2010-12-13,22.378040
2010-12-14,22.426744
2010-12-15,22.128447
2010-12-16,22.219751
2010-12-17,22.110188
2010-12-20,22.158886
2010-12-21,22.317167
2010-12-22,22.389530
2010-12-23,22.358337
2010-12-27,22.333385
2010-12-28,22.327141
2010-12-29,22.526785
2010-12-30,22.439432
2010-12-31,22.551731
2011-01-03,22.732634
2011-01-04,22.664019
2011-01-05,22.539253
2011-01-06,22.339624
2011-01-07,22.264755
2011-01-10,22.202375
2011-01-11,22.352106
2011-01-12,22.826223
2011-01-13,22.919794
2011-01-14,23.044550
2011-01-18,23.194290
2011-01-19,23.075747
2011-01-20,22.876118
2011-01-21,23.000891
2011-01-24,23.206760
2011-01-25,23.194290
2011-01-26,23.306574
2011-01-27,23.362722
2011-01-28,22.819990
2011-01-31,23.038321
2011-02-01,23.599775
2011-02-02,23.587297
2011-02-03,23.593533
2011-02-04,23.568584
2011-02-07,23.643444
2011-02-08,23.768217
2011-02-09,23.718302
2011-02-10,23.549870
2011-02-11,23.562342
2011-02-14,23.587297
2011-02-15,23.524914
2011-02-16,23.818117
2011-02-17,23.930405
2011-02-18,24.011515
2011-02-22,23.319050
2011-02-23,23.319050
2011-02-24,23.337770
2011-02-25,23.643444
2011-02-28,23.880503
2011-03-01,23.531155
2011-03-02,23.643444
2011-03-03,23.974072
2011-03-04,23.743259
2011-03-07,23.487490
2011-03-08,23.568584
2011-03-09,23.543625
2011-03-10,22.975939
2011-03-11,23.007135
2011-03-14,22.589153
2011-03-15,22.090092
2011-03-16,21.422588
2011-03-17,22.115040
2011-03-18,22.464390
2011-03-21,23.025852
2011-03-22,22.963453
2011-03-23,22.964701
2011-03-24,23.282974
2011-03-25,22.995905
2011-03-28,23.002151
2011-03-29,23.139444
2011-03-30,23.395290
2011-03-31,23.282974
2011-04-01,23.520107
2011-04-04,23.513855
2011-04-05,23.451464
2011-04-06,23.657393
2011-04-07,23.551310
2011-04-08,23.732273
2011-04-11,23.682360
2011-04-12,23.463940
2011-04-13,23.545074
2011-04-14,23.644909
2011-04-15,23.613710
2011-04-18,23.133194
2011-04-19,23.301691
2011-04-20,23.919489
2011-04-21,24.063023
2011-04-25,24.050535
2011-04-26,24.237747
2011-04-27,24.537292
2011-04-28,24.705790
2011-04-29,24.724508
2011-05-02,24.730749
2011-05-03,24.531059
2011-05-04,24.318871
2011-05-05,23.857082
2011-05-06,23.875813
2011-05-09,24.031816
2011-05-10,24.262711
2011-05-11,23.800920
2011-05-12,23.875813
2011-05-13,23.488897
2011-05-16,23.457706
2011-05-17,23.507620
2011-05-18,23.663631
2011-05-19,23.807167
2011-05-20,23.445223
2011-05-23,22.902308
2011-05-24,23.027111
2011-05-25,23.201849
2011-05-26,23.426493
2011-05-27,23.588753
2011-05-31,24.056786
2011-06-01,23.501381
2011-06-02,23.644909
2011-06-03,23.644909
2011-06-06,23.332888
2011-06-07,23.520107
2011-06-08,23.226799
2011-06-09,23.488897
2011-06-10,22.902308
2011-06-13,22.964701
2011-06-14,23.364088
2011-06-15,22.565323
2011-06-16,22.515402
2011-06-17,22.740055
2011-06-20,22.727577
2011-06-21,23.220570
2011-06-22,22.964701
2011-06-23,22.740055
2011-06-24,22.534122
2011-06-27,22.727577
2011-06-28,23.002151
2011-06-29,23.407770
2011-06-30,23.763472
2011-07-01,24.013096
2011-07-05,23.850840
2011-07-06,23.732273
2011-07-07,23.925728
2011-07-08,23.619955
2011-07-11,22.914783
2011-07-12,22.746296
2011-07-13,23.095747
2011-07-14,22.908545
2011-07-15,22.995905
2011-07-18,22.640202
2011-07-19,22.995905
2011-07-20,23.276741
2011-07-21,23.775957
2011-07-22,23.825884
2011-07-25,23.663631
2011-07-26,23.813410
2011-07-27,23.233051
2011-07-28,23.145679
2011-07-29,23.195597
2011-08-01,22.927269
2011-08-02,22.328190
2011-08-03,22.452995
2011-08-04,20.849211
2011-08-05,21.242355
2011-08-08,19.613611
2011-08-09,20.917849
2011-08-10,19.682255
2011-08-11,20.605825
2011-08-12,20.917849
2011-08-15,21.410845
2011-08-16,21.030180
2011-08-17,21.167465
2011-08-18,20.181488
2011-08-19,19.844498
2011-08-22,19.994282
2011-08-23,20.630798
2011-08-24,20.624554
2011-08-25,20.150282
2011-08-26,20.437344
2011-08-29,20.936569
2011-08-30,20.849211
2011-08-31,21.204914
2011-09-01,20.961538
2011-09-02,20.456062
2011-09-06,19.800817
2011-09-07,20.393652
2011-09-08,19.981796
2011-09-09,19.314064
2011-09-12,19.183020
2011-09-13,19.388954
2011-09-14,19.657290
2011-09-15,20.087877
2011-09-16,20.075397
2011-09-19,19.544962
2011-09-20,19.607370
2011-09-21,19.045725
2011-09-22,18.365522
2011-09-23,18.546495
2011-09-26,18.958364
2011-09-27,19.382715
2011-09-28,19.089415
2011-09-29,19.470081
2011-09-30,18.802355
2011-10-03,18.321848
2011-10-04,18.640104
2011-10-05,18.939644
2011-10-06,19.445116
2011-10-07,19.320311
2011-10-10,20.056675
2011-10-11,19.975548
2011-10-12,20.337496
2011-10-13,20.318773
2011-10-14,20.562153
2011-10-17,20.087877
2011-10-18,20.331251
2011-10-19,20.019238
2011-10-20,20.031706
2011-10-21,20.549671
2011-10-24,20.855442
2011-10-25,20.524702
2011-10-26,20.799290
2011-10-27,21.947514
2011-10-28,21.766546
2011-10-31,20.637035
2011-11-01,19.950598
2011-11-02,20.200205
2011-11-03,20.705673
2011-11-04,20.424860
2011-11-07,20.518465
2011-11-08,20.774328
2011-11-09,19.700970
2011-11-10,19.963068
2011-11-11,20.449821
2011-11-14,20.075397
2011-11-15,20.006750
2011-11-16,19.607370
2011-11-17,19.413916
2011-11-18,19.470081
2011-11-21,18.995819
2011-11-22,18.939644
2011-11-23,18.402971
2011-11-25,18.334330
2011-11-28,19.101892
2011-11-29,19.226702
2011-11-30,20.206446
2011-12-01,20.000511
2011-12-02,20.069160
2011-12-05,20.281336
2011-12-06,20.200205
2011-12-07,20.331251
2011-12-08,19.694738
2011-12-09,20.125315
2011-12-12,19.544962
2011-12-13,19.301586
2011-12-14,19.064457
2011-12-15,19.170534
2011-12-16,19.089415
2011-12-19,18.914677
2011-12-20,19.551203
2011-12-21,19.477602
2011-12-22,19.632549
2011-12-23,19.793949
2011-12-27,19.690653
2011-12-28,19.361395
2011-12-29,19.697107
2011-12-30,19.774584
2012-01-03,20.303965
2012-01-04,20.187756
2012-01-05,19.897242
2012-01-06,19.664827
2012-01-09,19.710020
2012-01-10,20.032825
2012-01-11,19.968254
2012-01-12,20.026356
2012-01-13,19.832682
2012-01-17,20.026356
2012-01-18,20.387892
2012-01-19,20.626768
2012-01-20,20.723602
2012-01-23,20.826900
2012-01-24,20.723602
2012-01-25,20.930201
2012-01-26,20.981850
2012-01-27,21.001211
2012-01-30,20.755886
2012-01-31,20.885000
2012-02-01,21.201347
2012-02-02,21.246538
2012-02-03,21.549967
2012-02-06,21.453127
2012-02-07,21.601618
2012-02-08,21.685545
2012-02-09,21.724274
2012-02-10,21.324009
2012-02-13,21.569340
2012-02-14,21.420843
2012-02-15,21.440214
2012-02-16,21.724274
2012-02-17,21.814667
2012-02-21,21.827568
2012-02-22,21.775928
2012-02-23,21.950232
2012-02-24,22.098722
2012-02-27,21.956694
2012-02-28,22.176195
2012-02-29,21.905045
2012-03-01,22.137453
2012-03-02,21.917953
2012-03-05,21.795288
2012-03-06,21.110964
2012-03-07,21.369196
2012-03-08,21.827568
2012-03-09,21.743649
2012-03-12,21.698452
2012-03-13,22.053528
2012-03-14,21.853394
2012-03-15,22.066442
2012-03-16,22.221380
2012-03-19,22.331137
2012-03-20,22.059986
2012-03-21,21.930870
2012-03-22,21.776522
2012-03-23,21.912136
2012-03-26,22.209209
2012-03-27,22.086510
2012-03-28,21.944426
2012-03-29,21.795897
2012-03-30,21.976717
2012-04-02,22.228580
2012-04-03,21.828186
2012-04-04,21.350292
2012-04-05,21.221132
2012-04-09,21.104885
2012-04-10,20.685108
2012-04-11,20.936972
2012-04-12,21.343832
2012-04-13,20.924055
2012-04-16,21.053211
2012-04-17,21.395493
2012-04-18,21.272787
2012-04-19,21.156548
2012-04-20,21.369663
2012-04-23,20.943438
2012-04-24,21.117805
2012-04-25,21.389044
2012-04-26,21.524662
2012-04-27,21.576319
2012-04-30,21.453619
2012-05-01,21.563400
2012-05-02,21.395493
2012-05-03,21.208214
2012-05-04,20.865940
2012-05-07,21.008015
2012-05-08,20.710947
2012-05-09,20.459078
2012-05-10,20.555952
2012-05-11,20.413870
2012-05-14,20.052223
2012-05-15,19.787445
2012-05-16,19.593706
2012-05-17,19.354755
2012-05-18,19.193308
2012-05-21,19.632441
2012-05-22,19.561411
2012-05-23,19.393501
2012-05-24,19.257879
2012-05-25,19.199762
2012-05-29,19.425793
2012-05-30,18.980186
2012-05-31,19.057684
2012-06-01,18.579788
2012-06-04,18.728329
2012-06-05,18.825191
2012-06-06,19.367668
2012-06-07,19.406420
2012-06-08,19.335379
2012-06-11,19.161018
2012-06-12,19.496826
2012-06-13,19.348301
2012-06-14,19.451633
2012-06-15,19.755157
2012-06-18,19.709944
2012-06-19,20.019934
2012-06-20,20.162010
2012-06-21,19.632441
2012-06-22,19.826189
2012-06-25,19.374123
2012-06-26,19.483915
2012-06-27,19.671194
2012-06-28,19.690578
2012-06-29,20.388046
2012-07-02,20.530125
2012-07-03,20.743237
2012-07-05,20.426786
2012-07-06,20.207216
2012-07-09,20.168461
2012-07-10,20.007015
2012-07-11,20.090979
2012-07-12,19.864937
2012-07-13,20.155542
2012-07-16,20.149097
2012-07-17,20.220133
2012-07-18,20.368664
2012-07-19,20.536579
2012-07-20,20.084517
2012-07-23,19.664738
2012-07-24,19.438707
2012-07-25,19.554951
2012-07-26,20.149097
2012-07-27,20.594694
2012-07-30,20.543030
2012-07-31,20.439705
2012-08-01,20.452625
2012-08-02,20.168461
2012-08-03,20.846567
2012-08-06,20.975721
2012-08-07,21.163004
2012-08-08,21.169464
2012-08-09,21.156548
2012-08-10,21.195299
2012-08-13,21.098427
2012-08-14,21.143639
2012-08-15,21.072588
2012-08-16,21.311548
2012-08-17,21.382580
2012-08-20,21.311548
2012-08-21,21.434238
2012-08-22,21.408413
2012-08-23,21.292166
2012-08-24,21.266340
2012-08-27,21.292166
2012-08-28,21.266340
2012-08-29,21.208214
2012-08-30,20.911144
2012-08-31,21.111343
2012-09-04,20.982183
2012-09-05,20.936972
2012-09-06,21.453619
2012-09-07,21.770063
2012-09-10,21.595694
2012-09-11,21.847567
2012-09-12,21.963799
2012-09-13,22.338371
2012-09-14,22.538572
2012-09-17,22.409414
2012-09-18,22.338371
2012-09-19,22.390032
2012-09-20,22.247961
2012-09-21,22.286713
2012-09-24,22.233330
2012-09-25,22.062008
2012-09-26,21.837954
2012-09-27,22.088362
2012-09-28,21.666628
2012-10-01,21.837954
2012-10-02,21.917028
2012-10-03,21.831366
2012-10-04,22.075180
2012-10-05,22.121311
2012-10-08,21.976337
2012-10-09,21.660034
2012-10-10,21.587549
2012-10-11,21.725927
2012-10-12,21.732519
2012-10-15,21.923615
2012-10-16,22.292639
2012-10-17,22.503500
2012-10-18,22.431017
2012-10-19,22.127890
2012-10-22,22.266277
2012-10-23,21.805010
2012-10-24,21.831366
2012-10-25,21.956568
2012-10-26,21.930216
2012-10-31,21.897263
2012-11-01,22.154253
2012-11-02,21.943390
2012-11-05,21.870901
2012-11-06,22.101543
2012-11-07,21.758865
2012-11-08,21.548018
2012-11-09,21.554596
2012-11-12,21.541422
2012-11-13,21.429399
2012-11-14,21.211941
2012-11-15,21.277838
2012-11-16,21.264660
2012-11-19,21.725927
2012-11-20,21.752291
2012-11-21,21.798418
2012-11-23,22.266277
2012-11-26,22.213562
2012-11-27,22.081766
2012-11-28,22.259689
2012-11-29,22.457378
2012-11-30,22.490326
2012-12-03,22.516684
2012-12-04,22.575991
2012-12-05,22.622116
2012-12-06,22.655071
2012-12-07,22.655071
2012-12-10,22.668243
2012-12-11,22.793451
2012-12-12,22.879118
2012-12-13,22.806625
2012-12-14,22.892290
2012-12-17,23.004314
2012-12-18,23.215183
2012-12-19,23.274488
2012-12-20,23.478115
2012-12-21,23.331726
2012-12-24,23.265173
2012-12-26,23.251856
2012-12-27,23.338375
2012-12-28,23.105453
2012-12-31,23.444855
2013-01-02,23.830830
2013-01-03,23.591263
2013-01-04,23.724358
2013-01-07,23.604563
2013-01-08,23.478115
2013-01-09,23.591263
2013-01-10,23.917339
2013-01-11,23.957268
2013-01-14,23.990545
2013-01-15,23.957268
2013-01-16,23.810862
2013-01-17,24.010504
2013-01-18,23.997200
2013-01-22,24.010504
2013-01-23,23.963915
2013-01-24,24.103676
2013-01-25,24.369877
2013-01-28,24.230110
2013-01-29,24.409805
2013-01-30,24.436415
2013-01-31,24.343245
2013-02-01,24.536240
2013-02-04,24.090368
2013-02-05,24.196842
2013-02-06,24.196842
2013-02-07,24.010504
2013-02-08,24.176867
2013-02-11,24.156912
2013-02-12,24.256731
2013-02-13,24.343245
2013-02-14,24.203491
2013-02-15,24.116982
2013-02-19,24.416456
2013-02-20,24.190187
2013-02-21,23.817520
2013-02-22,24.170223
2013-02-25,23.604563
2013-02-26,23.777597
2013-02-27,24.077061
2013-02-28,24.063751
2013-03-01,24.010504
2013-03-04,24.116982
2013-03-05,24.349909
2013-03-06,24.409805
2013-03-07,24.483000
2013-03-08,24.536240
2013-03-11,24.602785
2013-03-12,24.496300
2013-03-13,24.443073
2013-03-14,24.709253
2013-03-15,24.729227
2013-03-18,24.456369
2013-03-19,24.383175
2013-03-20,24.549545
2013-03-21,24.343245
2013-03-22,24.564495
2013-03-25,24.243656
2013-03-26,24.384016
2013-03-27,24.263699
2013-03-28,24.350595
2013-04-01,24.063183
2013-04-02,24.317181
2013-04-03,24.203554
2013-04-04,24.417437
2013-04-05,24.310495
2013-04-08,24.390711
2013-04-09,24.490969
2013-04-10,24.838549
2013-04-11,25.032396
2013-04-12,24.998968
2013-04-15,24.477606
2013-04-16,24.831861
2013-04-17,24.323860
2013-04-18,24.263699
2013-04-19,24.430813
2013-04-22,24.551130
2013-04-23,24.892023
2013-04-24,25.105921
2013-04-25,25.246277
2013-04-26,25.259659
2013-04-29,25.553753
2013-04-30,25.620605
2013-05-01,25.426767
2013-05-02,25.506964
2013-05-03,25.814451
2013-05-06,25.794384
2013-05-07,25.861238
2013-05-08,26.128605
2013-05-09,25.881285
2013-05-10,25.894659
2013-05-13,25.894659
2013-05-14,25.988232
2013-05-15,26.075129
2013-05-16,25.861238
2013-05-17,26.075129
2013-05-20,26.208803
2013-05-21,26.248920
2013-05-22,26.014965
2013-05-23,25.620605
2013-05-24,25.420074
2013-05-28,25.466858
2013-05-29,25.246277
2013-05-30,25.366604
2013-05-31,24.858603
2013-06-03,25.025700
2013-06-04,25.079184
2013-06-05,24.517714
2013-06-06,24.658079
2013-06-07,24.945501
2013-06-10,24.958864
2013-06-11,24.644709
2013-06-12,24.631336
2013-06-13,25.012341
2013-06-14,24.718235
2013-06-17,25.072498
2013-06-18,25.226238
2013-06-19,24.765022
2013-06-20,23.842604
2013-06-21,23.922813
2013-06-24,23.512163
2013-06-25,23.851542
2013-06-26,23.960142
2013-06-27,24.218065
2013-06-28,24.163767
2013-07-01,24.408125
2013-07-02,24.285946
2013-07-03,24.279165
2013-07-05,24.380976
2013-07-08,24.509933
2013-07-09,24.659262
2013-07-10,24.706785
2013-07-11,25.385532
2013-07-12,25.242994
2013-07-15,25.392330
2013-07-16,25.358387
2013-07-17,25.453413
2013-07-18,25.602743
2013-07-19,25.575594
2013-07-22,25.711332
2013-07-23,25.745285
2013-07-24,25.718130
2013-07-25,25.745285
2013-07-26,25.602743
2013-07-29,25.378746
2013-07-30,25.371962
2013-07-31,25.419472
2013-08-01,25.772427
2013-08-02,25.976055
2013-08-05,25.948900
2013-08-06,25.894604
2013-08-07,25.745285
2013-08-08,25.976055
2013-08-09,25.989630
2013-08-12,25.948900
2013-08-13,26.145737
2013-08-14,26.152525
2013-08-15,25.928539
2013-08-16,25.976055
2013-08-19,25.792795
2013-08-20,25.752068
2013-08-21,25.446627
2013-08-22,25.711332
2013-08-23,25.935326
2013-08-26,25.765646
2013-08-27,25.331242
2013-08-28,25.304077
2013-08-29,25.304077
2013-08-30,25.012217
2013-09-03,25.480551
2013-09-04,25.711332
2013-09-05,25.704557
2013-09-06,25.853882
2013-09-09,26.220402
2013-09-10,26.505484
2013-09-11,26.580141
2013-09-12,26.451183
2013-09-13,26.546213
2013-09-16,26.783777
2013-09-17,26.797358
2013-09-18,27.503258
2013-09-19,27.381079
2013-09-20,27.157087
2013-09-23,27.173449
2013-09-24,27.118927
2013-09-25,27.132547
2013-09-26,27.234785
2013-09-27,27.180267
2013-09-30,26.975798
2013-10-01,27.132547
2013-10-02,27.105291
2013-10-03,26.934904
2013-10-04,27.009876
2013-10-07,26.737255
2013-10-08,26.560047
2013-10-09,26.648657
2013-10-10,27.146175
2013-10-11,27.296133
2013-10-14,27.377907
2013-10-15,27.234785
2013-10-16,27.466509
2013-10-17,27.800486
2013-10-18,27.964048
2013-10-21,28.004946
2013-10-22,28.270742
2013-10-23,27.964048
2013-10-24,28.154875
2013-10-25,28.079922
2013-10-28,28.039015
2013-10-29,28.086720
2013-10-30,28.025381
2013-10-31,27.841370
2013-11-01,27.705053
2013-11-04,27.827742
2013-11-05,27.589195
2013-11-06,27.855000
2013-11-07,27.384726
2013-11-08,27.548306
2013-11-11,27.582380
2013-11-12,27.521038
2013-11-13,27.596004
2013-11-14,27.725498
2013-11-15,27.977680
2013-11-18,27.998137
2013-11-19,27.916325
2013-11-20,27.725498
2013-11-21,27.889071
2013-11-22,27.970869
2013-11-25,27.889071
2013-11-26,27.882275
2013-11-27,27.977680
2013-11-29,28.025381
2013-12-02,27.834558
2013-12-03,27.609640
2013-12-04,27.452881
2013-12-05,27.302942
2013-12-06,27.636902
2013-12-09,27.643719
2013-12-10,27.555115
2013-12-11,27.330208
2013-12-12,27.125742
2013-12-13,27.098476
2013-12-16,27.296133
2013-12-17,27.193897
2013-12-18,27.596004
2013-12-19,27.582380
2013-12-20,27.728317
2013-12-23,28.002378
2013-12-24,28.050346
2013-12-26,28.214779
2013-12-27,28.358665
2013-12-30,28.509394
2013-12-31,28.557360
2014-01-02,28.077738
2014-01-03,28.084599
2014-01-06,28.029781
2014-01-07,28.194225
2014-01-08,28.187366
2014-01-09,28.153124
2014-01-10,28.406624
2014-01-13,28.166828
2014-01-14,28.379217
2014-01-15,28.516253
2014-01-16,28.468288
2014-01-17,28.399765
2014-01-21,28.516253
2014-01-22,28.543667
2014-01-23,28.331264
2014-01-24,27.550175
2014-01-27,27.419992
2014-01-28,27.694061
2014-01-29,27.365181
2014-01-30,27.509071
2014-01-31,27.070568
2014-02-03,26.549849
2014-02-04,26.823912
2014-02-05,26.851318
2014-02-06,27.378902
2014-02-07,27.680353
2014-02-10,27.557026
2014-02-11,28.009230
2014-02-12,28.077738
2014-02-13,28.125713
2014-02-14,28.249035
2014-02-18,28.481979
2014-02-19,28.262739
2014-02-20,28.365515
2014-02-21,28.434038
2014-02-24,28.673840
2014-02-25,28.619024
2014-02-26,28.529951
2014-02-27,28.646429
2014-02-28,28.680683
2014-03-03,28.098295
2014-03-04,28.653280
2014-03-05,28.591616
2014-03-06,28.913637
2014-03-07,28.762907
2014-03-10,28.571066
2014-03-11,28.372358
2014-03-12,28.249035
2014-03-13,27.748873
2014-03-14,27.680353
2014-03-17,28.016083
2014-03-18,28.194225
2014-03-19,27.844788
2014-03-20,27.735157
2014-03-21,27.687201
2014-03-24,27.735157
2014-03-25,28.053028
2014-03-26,28.059948
2014-03-27,28.219225
2014-03-28,28.420048
2014-03-31,28.579336
2014-04-01,28.787058
2014-04-02,28.835546
2014-04-03,28.738605
2014-04-04,28.662422
2014-04-07,28.530840
2014-04-08,28.510075
2014-04-09,28.904799
2014-04-10,28.385420
2014-04-11,28.226151
2014-04-14,28.385420
2014-04-15,28.246920
2014-04-16,28.620878
2014-04-17,28.724751
2014-04-21,28.773228
2014-04-22,28.890945
2014-04-23,28.814764
2014-04-24,28.807846
2014-04-25,28.669348
2014-04-28,28.752451
2014-04-29,28.939421
2014-04-30,29.029436
2014-05-01,29.126394
2014-05-02,29.084850
2014-05-05,29.050219
2014-05-06,29.008661
2014-05-07,29.036367
2014-05-08,29.029436
2014-05-09,28.987888
2014-05-12,29.209490
2014-05-13,29.251034
2014-05-14,29.209490
2014-05-15,29.077930
2014-05-16,29.126394
2014-05-19,29.077930
2014-05-20,28.884027
2014-05-21,29.119473
2014-05-22,29.188719
2014-05-23,29.257959
2014-05-27,29.438023
2014-05-28,29.347980
2014-05-29,29.541891
2014-05-30,29.541891
2014-06-02,29.590374
2014-06-03,29.528048
2014-06-04,29.541891
2014-06-05,29.742716
2014-06-06,29.895061
2014-06-09,29.860451
2014-06-10,29.805040
2014-06-11,29.666542
2014-06-12,29.673468
2014-06-13,29.666542
2014-06-16,29.687325
2014-06-17,29.652681
2014-06-18,29.908911
2014-06-19,30.054346
2014-06-20,29.992016
2014-06-23,29.915836
2014-06-24,29.742729
2014-06-25,29.770765
2014-06-26,29.756752
2014-06-27,29.812815
2014-06-30,29.847860
2014-07-01,30.114174
2014-07-02,30.149221
2014-07-03,30.198263
2014-07-07,29.967005
2014-07-08,29.665646
2014-07-09,29.777775
2014-07-10,29.427368
2014-07-11,29.462410
2014-07-14,29.672661
2014-07-15,29.581553
2014-07-16,29.798809
2014-07-17,29.406340
2014-07-18,29.651630
2014-07-21,29.532497
2014-07-22,29.686674
2014-07-23,29.749744
2014-07-24,29.798809
2014-07-25,29.693672
2014-07-28,29.707705
2014-07-29,29.679661
2014-07-30,29.651630
2014-07-31,29.140034
2014-08-01,28.978851
2014-08-04,29.076967
2014-08-05,28.719534
2014-08-06,28.656477
2014-08-07,28.418196
2014-08-08,28.600407
2014-08-11,28.670483
2014-08-12,28.670483
2014-08-13,28.866718
2014-08-14,28.999863
2014-08-15,28.985855
2014-08-18,29.147043
2014-08-19,29.217125
2014-08-20,29.119017
2014-08-21,29.231142
2014-08-22,29.104992
2014-08-25,29.301235
2014-08-26,29.294218
2014-08-27,29.378309
2014-08-28,29.238144
2014-08-29,29.217125
2014-09-02,29.245161
2014-09-03,29.434376
2014-09-04,29.308235
2014-09-05,29.301235
2014-09-08,29.006874
2014-09-09,28.894751
2014-09-10,29.062950
2014-09-11,28.901756
2014-09-12,28.845684
2014-09-15,28.803637
2014-09-16,28.922777
2014-09-17,28.712532
2014-09-18,28.908758
2014-09-19,28.803637
2014-09-22,28.705532
2014-09-23,28.446226
2014-09-24,28.602627
2014-09-25,28.201056
2014-09-26,28.306728
2014-09-29,28.060158
2014-09-30,28.003788
2014-10-01,27.658590
2014-10-02,27.355658
2014-10-03,27.390881
2014-10-06,27.545879
2014-10-07,27.102045
2014-10-08,27.517693
2014-10-09,26.777979
2014-10-10,26.376411
2014-10-13,26.362316
2014-10-14,26.404581
2014-10-15,26.256647
2014-10-16,26.045296
2014-10-17,26.467989
2014-10-20,26.693439
2014-10-21,26.982279
2014-10-22,26.792059
2014-10-23,27.073862
2014-10-24,27.186584
2014-10-27,27.102045
2014-10-28,27.433159
2014-10-29,27.271122
2014-10-30,27.461334
2014-10-31,27.905167
2014-11-03,27.707916
2014-11-04,27.531790
2014-11-05,27.538828
2014-11-06,27.426098
2014-11-07,27.433159
2014-11-10,27.559961
2014-11-11,27.721998
2014-11-12,27.489508
2014-11-13,27.602238
2014-11-14,27.644501
2014-11-17,27.524733
2014-11-18,27.820631
2014-11-19,27.729050
2014-11-20,27.588142
2014-11-21,27.820631
2014-11-24,27.954481
2014-11-25,28.017887
2014-11-26,28.130617
2014-11-28,27.905167
2014-12-01,27.862898
2014-12-02,27.940403
2014-12-03,27.898121
2014-12-04,27.855852
2014-12-05,27.912218
2014-12-08,27.665642
2014-12-09,27.510651
2014-12-10,27.151360
2014-12-11,27.123173
2014-12-12,26.622982
2014-12-15,26.214371
2014-12-16,26.411636
2014-12-17,26.679342
2014-12-18,27.158398
2014-12-19,27.214758
2014-12-22,27.356544
2014-12-23,27.228941
2014-12-24,27.349447
2014-12-26,27.434521
2014-12-29,27.257288
2014-12-30,27.016273
2014-12-31,26.853222
2015-01-02,26.718523
2015-01-05,26.123055
2015-01-06,25.832405
2015-01-07,26.108870
2015-01-08,26.505856
2015-01-09,26.378252
2015-01-12,26.349894
2015-01-13,26.477497
2015-01-14,26.406607
2015-01-15,26.555485
2015-01-16,26.846130
2015-01-20,26.966642
2015-01-21,27.165136
2015-01-22,27.264385
2015-01-23,27.101326
2015-01-26,27.462877
2015-01-27,27.484142
2015-01-28,27.122599
2015-01-29,27.491226
2015-01-30,27.044624
2015-02-02,27.399073
2015-02-03,27.788973
2015-02-04,27.590469
2015-02-05,27.881136
2015-02-06,27.547943
2015-02-09,27.420340
2015-02-10,27.654278
2015-02-11,27.505409
2015-02-12,27.930756
2015-02-13,28.129244
2015-02-17,28.193047
2015-02-18,28.384451
2015-02-19,28.398624
2015-02-20,28.682180
2015-02-23,28.568766
2015-02-24,28.738909
2015-02-25,28.767258
2015-02-26,28.689276
2015-02-27,28.710539
2015-03-02,28.753094
2015-03-03,28.590027
2015-03-04,28.462435
2015-03-05,28.554588
2015-03-06,28.171780
2015-03-09,28.185951
2015-03-10,27.597555
2015-03-11,27.668461
2015-03-12,28.008732
2015-03-13,27.838600
2015-03-16,28.150499
2015-03-17,28.122156
2015-03-18,28.703455
2015-03-19,28.356096
2015-03-20,28.965759
2015-03-23,29.100433
2015-03-24,29.072088
2015-03-25,28.916153
2015-03-26,28.681177
2015-03-27,28.745256
2015-03-30,28.766615
2015-03-31,28.360750
2015-04-01,28.560116
2015-04-02,28.773737
2015-04-06,29.051432
2015-04-07,29.051432
2015-04-08,29.186726
2015-04-09,29.229446
2015-04-10,29.286404
2015-04-13,29.129755
2015-04-14,29.350496
2015-04-15,29.485785
2015-04-16,29.556978
2015-04-17,29.200960
2015-04-20,29.250809
2015-04-21,29.500019
2015-04-22,29.564098
2015-04-23,29.692274
2015-04-24,29.856054
2015-04-27,29.969973
2015-04-28,30.019808
2015-04-29,29.756361
2015-04-30,29.457306
2015-05-01,29.706528
2015-05-04,29.734993
2015-05-05,29.286404
2015-05-06,29.350496
2015-05-07,29.250809
2015-05-08,29.884533
2015-05-11,29.621071
2015-05-12,29.621071
2015-05-13,29.834681
2015-05-14,30.190704
2015-05-15,30.226307
2015-05-18,30.126617
2015-05-19,30.012701
2015-05-20,30.069653
2015-05-21,30.233435
2015-05-22,30.048300
2015-05-26,29.542757
2015-05-27,29.791965
2015-05-28,29.727873
2015-05-29,29.443056
2015-06-01,29.371849
2015-06-02,29.471537
2015-06-03,29.642424
2015-06-04,29.300652
2015-06-05,28.980221
2015-06-08,28.951744
2015-06-09,28.787975
2015-06-10,29.386097
2015-06-11,29.471537
2015-06-12,29.236568
2015-06-15,29.051432
2015-06-16,29.044312
2015-06-17,28.965986
2015-06-18,29.243681
2015-06-19,29.179594
2015-06-22,29.685143
2015-06-23,29.791965
2015-06-24,29.549873
2015-06-25,29.542757
2015-06-26,29.516075
2015-06-29,28.629286
2015-06-30,28.586023
2015-07-01,28.773483
2015-07-02,28.845572
2015-07-06,28.254383
2015-07-07,28.247185
2015-07-08,27.562271
2015-07-09,28.009274
2015-07-10,28.859999
2015-07-13,28.982563
2015-07-14,29.184433
2015-07-15,29.069077
2015-07-16,29.314199
2015-07-17,29.270954
2015-07-20,29.335842
2015-07-21,29.256525
2015-07-22,29.011406
2015-07-23,28.917665
2015-07-24,28.607664
2015-07-27,28.427414
2015-07-28,28.780691
2015-07-29,28.881630
2015-07-30,28.867210
2015-07-31,29.004192
2015-08-03,28.917665
2015-08-04,28.946526
2015-08-05,29.097906
2015-08-06,28.968136
2015-08-07,28.939297
2015-08-10,29.292561
2015-08-11,28.831169
2015-08-12,28.643713
2015-08-13,28.636496
2015-08-14,28.686962
2015-08-17,28.629286
2015-08-18,28.405796
2015-08-19,28.175091
2015-08-20,27.482967
2015-08-21,26.790844
2015-08-24,25.889641
2015-08-25,26.149183
2015-08-26,26.826887
2015-08-27,27.180162
2015-08-28,27.108068
2015-08-31,26.906200
2015-09-01,26.026621
2015-09-02,26.430363
2015-09-03,26.466415
2015-09-04,25.875223
2015-09-08,26.625027
2015-09-09,26.524094
2015-09-10,26.697119
2015-09-11,26.689907
2015-09-14,26.495253
2015-09-15,26.689907
2015-09-16,27.072023
2015-09-17,27.086439
2015-09-18,26.437572
2015-09-21,26.437572
2015-09-22,25.817553
2015-09-23,25.694983
2015-09-24,25.608467
2015-09-25,25.844538
2015-09-28,25.344885
2015-09-29,25.294191
2015-09-30,25.808329
2015-10-01,25.880747
2015-10-02,26.307981
2015-10-05,26.836615
2015-10-06,26.865578
2015-10-07,27.184198
2015-10-08,27.408686
2015-10-09,27.466608
2015-10-12,27.415924
2015-10-13,27.090065
2015-10-14,27.133512
2015-10-15,27.633160
2015-10-16,27.618677
2015-10-19,27.502813
2015-10-20,27.408686
2015-10-21,27.386953
2015-10-22,27.712820
2015-10-23,27.966269
2015-10-26,27.864895
2015-10-27,27.618677
2015-10-28,27.770752
2015-10-29,27.567986
2015-10-30,27.546276
2015-11-02,27.814205
2015-11-03,27.814205
2015-11-04,27.633160
2015-11-05,27.596960
2015-11-06,27.466608
2015-11-09,27.176960
2015-11-10,27.169720
2015-11-11,27.300060
2015-11-12,26.974195
2015-11-13,26.764200
2015-11-16,27.082817
2015-11-17,27.119020
2015-11-18,27.379713
2015-11-19,27.524549
2015-11-20,27.466608
2015-11-23,27.300060
2015-11-24,27.336266
2015-11-25,27.379713
2015-11-27,27.372484
2015-11-30,27.336266
2015-12-01,27.633160
2015-12-02,27.343510
2015-12-03,27.213160
2015-12-04,27.408686
2015-12-07,27.184198
2015-12-08,26.771439
2015-12-09,26.713507
2015-12-10,26.706266
2015-12-11,26.228338
2015-12-14,26.286268
2015-12-15,26.387650
2015-12-16,26.923513
2015-12-17,26.612129
2015-12-18,26.329716
2015-12-21,26.498016
2015-12-22,26.694727
2015-12-23,27.131874
2015-12-24,27.059021
2015-12-28,26.978867
2015-12-29,27.263010
2015-12-30,27.095446
2015-12-31,26.753008
2016-01-04,26.352299
2016-01-05,26.323154
2016-01-06,25.842306
2016-01-07,25.354162
2016-01-08,25.040878
2016-01-11,25.150158
2016-01-12,25.252165
2016-01-13,24.873314
2016-01-14,25.164738
2016-01-15,24.290455
2016-01-19,24.501743
2016-01-20,23.940746
2016-01-21,24.122885
2016-01-22,24.822306
2016-01-25,24.465313
2016-01-26,24.909733
2016-01-27,24.749447
2016-01-28,24.844164
2016-01-29,25.274014
2016-02-01,25.223013
2016-02-02,24.654737
2016-02-03,24.873314
2016-02-04,24.924305
2016-02-05,24.552738
2016-02-08,24.108316
2016-02-09,23.846027
2016-02-10,23.795027
2016-02-11,23.481741
2016-02-12,23.853313
2016-02-16,24.312304
2016-02-17,24.749447
2016-02-18,24.632877
2016-02-19,24.589165
2016-02-22,24.887882
2016-02-23,24.472593
2016-02-24,24.399736
2016-02-25,24.691164
2016-02-26,24.603748
2016-02-29,24.494450
2016-03-01,25.128311
2016-03-02,25.303164
2016-03-03,25.572733
2016-03-04,25.769447
2016-03-07,25.747591
2016-03-08,25.463449
2016-03-09,25.572733
2016-03-10,25.550884
2016-03-11,26.213865
2016-03-14,26.155590
2016-03-15,25.889954
2016-03-16,26.160709
2016-03-17,26.402199
2016-03-18,26.358290
2016-03-21,26.307068
2016-03-22,26.277792
2016-03-23,25.992403
2016-03-24,25.824099
2016-03-28,25.985085
2016-03-29,26.292423
2016-03-30,26.490007
2016-03-31,26.255844
2016-04-01,25.963135
2016-04-04,25.904589
2016-04-05,25.421627
2016-04-06,25.831413
2016-04-07,25.465532
2016-04-08,25.948498
2016-04-11,25.970453
2016-04-12,26.365597
2016-04-13,26.782713
2016-04-14,26.811985
2016-04-15,26.738813
2016-04-18,26.980293
2016-04-19,27.448622
2016-04-20,27.455936
2016-04-21,27.294943
2016-04-22,27.272995
2016-04-25,27.155918
2016-04-26,27.258358
2016-04-27,27.302277
2016-04-28,26.951021
2016-04-29,26.863205
2016-05-02,27.090061
2016-05-03,26.636349
2016-05-04,26.314381
2016-05-05,26.292423
2016-05-06,26.350962
2016-05-09,26.263163
2016-05-10,26.650991
2016-05-11,26.460722
2016-05-12,26.438776
2016-05-13,26.146078
2016-05-16,26.468056
2016-05-17,26.314381
2016-05-18,26.292423
2016-05-19,26.116806
2016-05-20,26.358290
2016-05-23,26.270473
2016-05-24,26.592459
2016-05-25,26.855892
2016-05-26,26.914429
2016-05-27,26.877834
2016-05-31,26.782713
2016-06-01,26.768080
2016-06-02,26.775393
2016-06-03,26.987608
2016-06-06,27.170551
2016-06-07,27.375450
2016-06-08,27.463249
2016-06-09,27.119324
2016-06-10,26.387558
2016-06-13,26.007036
2016-06-14,25.637611
2016-06-15,25.808228
2016-06-16,25.815647
2016-06-17,26.060452
2016-06-20,26.668753
2016-06-21,26.876457
2016-06-22,26.831951
2016-06-23,27.536680
2016-06-24,25.281530
2016-06-27,24.791916
2016-06-28,25.452154
2016-06-29,25.912086
2016-06-30,26.231070
2016-07-01,26.290422
2016-07-05,25.771147
2016-07-06,25.778563
2016-07-07,25.667282
2016-07-08,26.023361
2016-07-11,26.379448
2016-07-12,26.750353
2016-07-13,26.728090
2016-07-14,26.958069
2016-07-15,26.824522
2016-07-18,26.883886
2016-07-19,26.668753
2016-07-20,26.861620
2016-07-21,26.794863
2016-07-22,26.809702
2016-07-25,26.765188
2016-07-26,26.891304
2016-07-27,27.009991
2016-07-28,27.009991
2016-07-29,27.321566
2016-08-01,27.165773
2016-08-02,27.032249
2016-08-03,26.928389
2016-08-04,27.084175
2016-08-05,27.180609
2016-08-08,27.269636
2016-08-09,27.492186
2016-08-10,27.588623
2016-08-11,27.796329
2016-08-12,27.722147
2016-08-15,27.840830
2016-08-16,27.774073
2016-08-17,27.774073
2016-08-18,27.915022
2016-08-19,27.707315
2016-08-22,27.729567
2016-08-23,27.848265
2016-08-24,27.766655
2016-08-25,27.677645
2016-08-26,27.484764
2016-08-29,27.588623
2016-08-30,27.529276
2016-08-31,27.432833
2016-09-01,27.662804
2016-09-02,27.944698
2016-09-06,28.211748
2016-09-07,28.211748
2016-09-08,28.152403
2016-09-09,27.558945
2016-09-12,27.774073
2016-09-13,27.189005
2016-09-14,27.174089
2016-09-15,27.412600
2016-09-16,27.077202
2016-09-19,27.256083
2016-09-20,27.375326
2016-09-21,27.897049
2016-09-22,28.172821
2016-09-23,27.904497
2016-09-26,27.658554
2016-09-27,27.792707
2016-09-28,28.038666
2016-09-29,27.695822
2016-09-30,27.882149
2016-10-03,27.829979
2016-10-04,27.747988
2016-10-05,27.897049
2016-10-06,27.747988
2016-10-07,27.569117
2016-10-10,27.680920
2016-10-11,27.278440
2016-10-12,27.241177
2016-10-13,27.166647
2016-10-14,27.189005
2016-10-17,27.144283
2016-10-18,27.434956
2016-10-19,27.531847
2016-10-20,27.531847
2016-10-21,27.472223
2016-10-24,27.434956
2016-10-25,27.412600
2016-10-26,27.278440
2016-10-27,27.248629
2016-10-28,27.233727
2016-10-31,27.211367
2016-11-01,27.136833
2016-11-02,26.935600
2016-11-03,26.920685
2016-11-04,26.697094
2016-11-07,27.062302
2016-11-08,27.129372
2016-11-09,27.084661
2016-11-10,26.995226
2016-11-11,26.779076
2016-11-14,26.659836
2016-11-15,26.823809
2016-11-16,26.577848
2016-11-17,26.756723
2016-11-18,26.518227
2016-11-21,26.749273
2016-11-22,26.831253
2016-11-23,26.734356
2016-11-25,26.786533
2016-11-28,26.689646
2016-11-29,26.838699
2016-11-30,26.801435
2016-12-01,26.734356
2016-12-02,26.808893
2016-12-05,27.017586
2016-12-06,27.203917
2016-12-07,27.561659
2016-12-08,27.584024
2016-12-09,27.665998
2016-12-12,27.576572
2016-12-13,27.867243
2016-12-14,27.412600
2016-12-15,27.367880
2016-12-16,27.375326
2016-12-19,27.352976
2016-12-20,27.412600
2016-12-21,27.412600
2016-12-22,27.337450
2016-12-23,27.397562
2016-12-27,27.359997
2016-12-28,27.307396
2016-12-29,27.405087
2016-12-30,27.457689
2017-01-03,27.630514
2017-01-04,27.968662
2017-01-05,28.216642
2017-01-06,28.103922
2017-01-09,28.036304
2017-01-10,28.066357
2017-01-11,28.261728
2017-01-12,28.284275
2017-01-13,28.389463
2017-01-17,28.314329
2017-01-18,28.186586
2017-01-19,28.133976
2017-01-20,28.269245
2017-01-23,28.329357
2017-01-24,28.449585
2017-01-25,28.727621
2017-01-26,28.637444
2017-01-27,28.569813
2017-01-30,28.366930
2017-01-31,28.464615
2017-02-01,28.562305
2017-02-02,28.607389
2017-02-03,28.727621
2017-02-06,28.517214
2017-02-07,28.494669
2017-02-08,28.539759
2017-02-09,28.644964
2017-02-10,28.750168
2017-02-13,28.855370
2017-02-14,28.840336
2017-02-15,28.945538
2017-02-16,29.005651
2017-02-17,28.907980
2017-02-21,29.035696
2017-02-22,29.013159
2017-02-23,29.065765
2017-02-24,28.817793
2017-02-27,28.832819
2017-02-28,28.765186
2017-03-01,29.043219
2017-03-02,28.862875
2017-03-03,29.005651
2017-03-06,28.907980
2017-03-07,28.832819
2017-03-08,28.682537
2017-03-09,28.802769
2017-03-10,29.028204
2017-03-13,29.163460
2017-03-14,28.945538
2017-03-15,29.396406
2017-03-16,29.516645
2017-03-17,29.561716
2017-03-20,29.546694
2017-03-21,29.373867
2017-03-22,29.411427
2017-03-23,29.494093
2017-03-24,29.569534
2017-03-27,29.637421
2017-03-28,29.773193
2017-03-29,29.803366
2017-03-30,29.690216
2017-03-31,29.644957
2017-04-03,29.614786
2017-04-04,29.599693
2017-04-05,29.441301
2017-04-06,29.463919
2017-04-07,29.426205
2017-04-10,29.426205
2017-04-11,29.546900
2017-04-12,29.524258
2017-04-13,29.335676
2017-04-17,29.577065
2017-04-18,29.403578
2017-04-19,29.267797
2017-04-20,29.531805
2017-04-21,29.546900
2017-04-24,30.195610
2017-04-25,30.391750
2017-04-26,30.278589
2017-04-27,30.323858
2017-04-28,30.301222
2017-05-01,30.384199
2017-05-02,30.565228
2017-05-03,30.467175
2017-05-04,30.685917
2017-05-05,30.995193
2017-05-08,30.851877
2017-05-09,30.799068
2017-05-10,30.844345
2017-05-11,30.783985
2017-05-12,30.919769
2017-05-15,31.100801
2017-05-16,31.259218
2017-05-17,30.882050
2017-05-18,30.942400
2017-05-19,31.296926
2017-05-22,31.379900
2017-05-23,31.349730
2017-05-24,31.417614
2017-05-25,31.410078
2017-05-26,31.327093
2017-05-30,31.274292
2017-05-31,31.334646
2017-06-01,31.545853
2017-06-02,31.847593
2017-06-05,31.711803
2017-06-06,31.636366
2017-06-07,31.613749
2017-06-08,31.568491
2017-06-09,31.455345
2017-06-12,31.357283
2017-06-13,31.628834
2017-06-14,31.591118
2017-06-15,31.251671
2017-06-16,31.530771
2017-06-19,31.643917
2017-06-20,31.357283
2017-06-21,31.328276
2017-06-22,31.389324
2017-06-23,31.458008
2017-06-26,31.519062
2017-06-27,31.511436
2017-06-28,31.793814
2017-06-29,31.473272
2017-06-30,31.534321
2017-07-03,31.473272
2017-07-05,31.488541
2017-07-06,31.297750
2017-07-07,31.351170
2017-07-10,31.404593
2017-07-11,31.503799
2017-07-12,31.786169
2017-07-13,31.877760
2017-07-14,32.106712
2017-07-17,32.053295
2017-07-18,32.121971
2017-07-19,32.274612
2017-07-20,32.381458
2017-07-21,32.297504
2017-07-24,32.236446
2017-07-25,32.259338
2017-07-26,32.465405
2017-07-27,32.343300
2017-07-28,32.373817
2017-07-31,32.442505
2017-08-01,32.625664
2017-08-02,32.610409
2017-08-03,32.564613
2017-08-04,32.610409
2017-08-07,32.633301
2017-08-08,32.465405
2017-08-09,32.381458
2017-08-10,31.915911
2017-08-11,31.908289
2017-08-14,32.129601
2017-08-15,32.099094
2017-08-16,32.297504
2017-08-17,31.931183
2017-08-18,32.022770
2017-08-21,32.030403
2017-08-22,32.190662
2017-08-23,32.205925
2017-08-24,32.167767
2017-08-25,32.358559
2017-08-28,32.358559
2017-08-29,32.221195
2017-08-30,32.175392
2017-08-31,32.450134
2017-09-01,32.511192
2017-09-05,32.274612
2017-09-06,32.511192
2017-09-07,32.778305
2017-09-08,32.770672
2017-09-11,33.014889
2017-09-12,33.083580
2017-09-13,32.930950
2017-09-14,33.022511
2017-09-15,33.037792
2017-09-18,33.091202
2017-09-19,33.251461
2017-09-20,33.166401
2017-09-21,33.112766
2017-09-22,33.189400
2017-09-25,33.043804
2017-09-26,32.921181
2017-09-27,32.967155
2017-09-28,33.074451
2017-09-29,33.266033
2017-10-02,33.227711
2017-10-03,33.357990
2017-10-04,33.296692
2017-10-05,33.266033
2017-10-06,33.227711
2017-10-09,33.243046
2017-10-10,33.549568
2017-10-11,33.664513
2017-10-12,33.664513
2017-10-13,33.833111
2017-10-16,33.802452
2017-10-17,33.725830
2017-10-18,33.787132
2017-10-19,33.725830
2017-10-20,33.679848
2017-10-23,33.595554
2017-10-24,33.672180
2017-10-25,33.534252
2017-10-26,33.495922
2017-10-27,33.626190
2017-10-30,33.702835
2017-10-31,33.856091
2017-11-01,33.932724
2017-11-02,34.001701
2017-11-03,33.971054
2017-11-06,34.032352
2017-11-07,33.917408
2017-11-08,34.063007
2017-11-09,33.833111
2017-11-10,33.748806
2017-11-13,33.618538
2017-11-14,33.587891
2017-11-15,33.426952
2017-11-16,33.748806
2017-11-17,33.618538
2017-11-20,33.679848
2017-11-21,33.940388
2017-11-22,34.055332
2017-11-24,34.269913
2017-11-27,34.055332
2017-11-28,34.223930
2017-11-29,34.078335
2017-11-30,34.147297
2017-12-01,34.047676
2017-12-04,33.909748
2017-12-05,33.863754
2017-12-06,33.710491
2017-12-07,33.810120
2017-12-08,34.001701
2017-12-11,34.070671
2017-12-12,34.093658
2017-12-13,34.239265
2017-12-14,34.078335
2017-12-15,34.055332
2017-12-18,34.438496
2017-12-19,34.331211
2017-12-20,34.308228
2017-12-21,34.418102
2017-12-22,34.503216
2017-12-26,34.510963
2017-12-27,34.596073
2017-12-28,34.704411
2017-12-29,34.712139
2018-01-02,35.013924
2018-01-03,35.230587
2018-01-04,35.547840
2018-01-05,35.718086
2018-01-08,35.702591
2018-01-09,35.733555
2018-01-10,35.640701
2018-01-11,35.872833
2018-01-12,36.213306
2018-01-16,36.174606
2018-01-17,36.368065
2018-01-18,36.282944
2018-01-19,36.445431
2018-01-22,36.638878
2018-01-23,36.754955
2018-01-24,36.871025
2018-01-25,36.739471
2018-01-26,37.048996
2018-01-29,36.708527
2018-01-30,36.429958
2018-01-31,36.360313
2018-02-01,36.453171
2018-02-02,35.663906
2018-02-05,34.209183
2018-02-06,34.874649
2018-02-07,34.402634
2018-02-08,33.551456
2018-02-09,33.783611
2018-02-12,34.232395
2018-02-13,34.100853
2018-02-14,34.774040
2018-02-15,34.998444
2018-02-16,35.122253
2018-02-20,34.766312
2018-02-21,34.634754
2018-02-22,34.781796
2018-02-23,35.129993
2018-02-26,35.408558
2018-02-27,34.866909
2018-02-28,34.503216
2018-03-01,34.054420
2018-03-02,34.155014
2018-03-05,34.294304
2018-03-06,34.580597
2018-03-07,34.541904
2018-03-08,34.642506
2018-03-09,34.897854
2018-03-12,34.952019
2018-03-13,34.735363
2018-03-14,34.789524
2018-03-15,34.781796
2018-03-16,34.735363
2018-03-19,34.449062
2018-03-20,34.480011
2018-03-21,34.565128
2018-03-22,33.930622
2018-03-23,33.512791
2018-03-26,34.112381
2018-03-27,33.832764
2018-03-28,33.995884
2018-03-29,34.368694
2018-04-02,33.856075
2018-04-03,34.120148
2018-04-04,34.197811
2018-04-05,34.454124
2018-04-06,34.174519
2018-04-09,34.469662
2018-04-10,34.850235
2018-04-11,34.687138
2018-04-12,34.819172
2018-04-13,34.850235
2018-04-16,34.912384
2018-04-17,35.091015
2018-04-18,35.300713
2018-04-19,35.137615
2018-04-20,34.966740
2018-04-23,34.927910
2018-04-24,34.772575
2018-04-25,34.694901
2018-04-26,34.951195
2018-04-27,34.990051
2018-04-30,34.803642
2018-05-01,34.772575
2018-05-02,34.725971
2018-05-03,34.795872
2018-05-04,34.927910
2018-05-07,34.920147
2018-05-08,34.920147
2018-05-09,35.028873
2018-05-10,35.277416
2018-05-11,35.347328
2018-05-14,35.409466
2018-05-15,35.114315
2018-05-16,35.223045
2018-05-17,35.269657
2018-05-18,35.145390
2018-05-21,35.370625
2018-05-22,35.347328
2018-05-23,35.013355
2018-05-24,34.896839
2018-05-25,34.702675
2018-05-29,34.003651
2018-05-30,34.492962
2018-05-31,34.306549
2018-06-01,34.562874
2018-06-04,34.718212
2018-06-05,34.679367
2018-06-06,34.974510
2018-06-07,34.772575
2018-06-08,34.834702
2018-06-11,35.059940
2018-06-12,34.842472
2018-06-13,34.858013
2018-06-14,34.772575
2018-06-15,34.531796
2018-06-18,34.291023
2018-06-19,33.918213
2018-06-20,33.988113
2018-06-21,33.755100
2018-06-22,34.116886
2018-06-25,33.637127
2018-06-26,33.676449
2018-06-27,33.369736
2018-06-28,33.487705
2018-06-29,33.739384
2018-07-02,33.377605
2018-07-03,33.448387
2018-07-05,33.660744
2018-07-06,33.888802
2018-07-09,34.195518
2018-07-10,34.234844
2018-07-11,33.637127
2018-07-12,33.920269
2018-07-13,34.014637
2018-07-16,34.022495
2018-07-17,34.061844
2018-07-18,34.077553
2018-07-19,33.935993
2018-07-20,34.140484
2018-07-23,34.085415
2018-07-24,34.297768
2018-07-25,34.557304
2018-07-26,34.415733
2018-07-27,34.502251
2018-07-30,34.478653
2018-07-31,34.510098
2018-08-01,34.392136
2018-08-02,34.132599
2018-08-03,34.179794
2018-08-06,34.014637
2018-08-07,34.226978
2018-08-08,34.219120
2018-08-09,34.156200
2018-08-10,33.511295
2018-08-13,33.346138
2018-08-14,33.393333
2018-08-15,32.882137
2018-08-16,33.110203
2018-08-17,33.330421
2018-08-20,33.471973
2018-08-21,33.692184
2018-08-22,33.857342
2018-08-23,33.605671
2018-08-24,33.857342
2018-08-27,34.321350
2018-08-28,34.242706
2018-08-29,34.431480
2018-08-30,34.124744
2018-08-31,33.912395
2018-09-04,33.574219
2018-09-05,33.322548
2018-09-06,33.204571
2018-09-07,32.937183
2018-09-10,33.118061
2018-09-11,33.165257
2018-09-12,33.306820
2018-09-13,33.519169
2018-09-14,33.589947
2018-09-17,33.621407
2018-09-18,33.967442
2018-09-19,34.085415
2018-09-20,34.455059
2018-09-21,34.462933
2018-09-24,34.313496
2018-09-25,34.478653
2018-09-26,34.492855
2018-09-27,34.398132
2018-09-28,34.153450
2018-10-01,34.240276
2018-10-02,34.019279
2018-10-03,33.964020
2018-10-04,33.529900
2018-10-05,33.364155
2018-10-08,33.182602
2018-10-09,33.064205
2018-10-10,32.314365
2018-10-11,31.864450
2018-10-12,32.022324
2018-10-15,31.967066
2018-10-16,32.519581
2018-10-17,32.322266
2018-10-18,31.809200
2018-10-19,31.974951
2018-10-22,31.824989
2018-10-23,31.501369
2018-10-24,30.633133
2018-10-25,30.972540
2018-10-26,30.712051
2018-10-29,30.585781
2018-10-30,30.964643
2018-10-31,31.217216
2018-11-01,31.627665
2018-11-02,31.714483
2018-11-05,31.698704
2018-11-06,31.864450
2018-11-07,32.259117
2018-11-08,31.935490
2018-11-09,31.706589
2018-11-12,31.161972
2018-11-13,31.280363
2018-11-14,31.311935
2018-11-15,31.414549
2018-11-16,31.446125
2018-11-19,31.185648
2018-11-20,30.609451
2018-11-21,31.059364
2018-11-23,30.854130
2018-11-26,31.272472
2018-11-27,31.177752
2018-11-28,31.635553
2018-11-29,31.485592
2018-11-30,31.375086
2018-12-03,31.793413
2018-12-04,30.988317
2018-12-06,30.696281
2018-12-07,30.372654
2018-12-10,30.112188
2018-12-11,30.143763
2018-12-12,30.617352
2018-12-13,30.562082
2018-12-14,30.143763
2018-12-17,29.883289
2018-12-18,29.914864
2018-12-19,29.591257
2018-12-20,29.480742
2018-12-21,28.904541
2018-12-24,28.588659
2018-12-26,29.314539
2018-12-27,29.338474
2018-12-28,29.529924
2018-12-31,29.593727
2019-01-02,29.553844
2019-01-03,29.314539
2019-01-04,30.215927
2019-01-07,30.311642
2019-01-08,30.527014
2019-01-09,30.901915
2019-01-10,31.029547
2019-01-11,30.838104
2019-01-14,30.678574
2019-01-15,30.870012
2019-01-16,30.965731
2019-01-17,31.069431
2019-01-18,31.404457
2019-01-22,30.917875
2019-01-23,31.077414
2019-01-24,31.117290
2019-01-25,31.508154
2019-01-28,31.356594
2019-01-29,31.444340
2019-01-30,31.795322
2019-01-31,31.803289
2019-02-01,31.787338
2019-02-04,31.899012
2019-02-05,32.154263
2019-02-06,31.946877
2019-02-07,31.540058
2019-02-08,31.428387
2019-02-11,31.364569
2019-02-12,31.779373
2019-02-13,31.787338
2019-02-14,31.787338
2019-02-15,32.218086
2019-02-19,32.377621
2019-02-20,32.505257
2019-02-21,32.425476
2019-02-22,32.545128
2019-02-25,32.648834
2019-02-26,32.784428
2019-02-27,32.680733
2019-02-28,32.545128
2019-03-01,32.744556
2019-03-04,32.616917
2019-03-05,32.640850
2019-03-06,32.545128
2019-03-07,32.130333
2019-03-08,32.090450
2019-03-11,32.385586
2019-03-12,32.401546
2019-03-13,32.640850
2019-03-14,32.608948
2019-03-15,32.935989
2019-03-18,33.047665
2019-03-19,33.135414
2019-03-20,33.103504
2019-03-21,33.135414
2019-03-22,32.497284
2019-03-25,32.497284
2019-03-26,32.696690
2019-03-27,32.648834
2019-03-28,32.628807
2019-03-29,32.740959
2019-04-01,33.165546
2019-04-02,33.189564
2019-04-03,33.445930
2019-04-04,33.381828
2019-04-05,33.453934
2019-04-08,33.477970
2019-04-09,33.277695
2019-04-10,33.413876
2019-04-11,33.349789
2019-04-12,33.598129
2019-04-15,33.614151
2019-04-16,33.670231
2019-04-17,33.726311
2019-04-18,33.662224
2019-04-22,33.630169
2019-04-23,33.710285
2019-04-24,33.413876
2019-04-25,33.389843
2019-04-26,33.518017
2019-04-29,33.646202
2019-04-30,33.670231
2019-05-01,33.445930
2019-05-02,33.381828
2019-05-03,33.710285
2019-05-06,33.389843
2019-05-07,32.829082
2019-05-08,32.877151
2019-05-09,32.636822
2019-05-10,32.853104
2019-05-13,32.116100
2019-05-14,32.420517
2019-05-15,32.564705
2019-05-16,32.764984
2019-05-17,32.580730
2019-05-20,32.436543
2019-05-21,32.660851
2019-05-22,32.532658
2019-05-23,32.204208
2019-05-24,32.540676
2019-05-28,32.260300
2019-05-29,32.043999
2019-05-30,32.164162
2019-05-31,31.915825
2019-06-03,32.043999
2019-06-04,32.460567
2019-06-05,32.444550
2019-06-06,32.580730
2019-06-07,32.965275
2019-06-10,33.053383
2019-06-11,33.213608
2019-06-12,32.949226
2019-06-13,32.965275
2019-06-14,32.740959
2019-06-17,32.765255
2019-06-18,33.218864
2019-06-19,33.405170
2019-06-20,33.729179
2019-06-21,33.607670
2019-06-24,33.656273
2019-06-25,33.478077
2019-06-26,33.518574
2019-06-27,33.599567
2019-06-28,33.785881
2019-07-01,33.939793
2019-07-02,34.045082
2019-07-03,34.223289
2019-07-05,33.988377
2019-07-08,33.785881
2019-07-09,33.623878
2019-07-10,33.769669
2019-07-11,33.777782
2019-07-12,33.818275
2019-07-15,33.850677
2019-07-16,33.696774
2019-07-17,33.631981
2019-07-18,33.729179
2019-07-19,33.680576
2019-07-22,33.712978
2019-07-23,33.907375
2019-07-24,33.915474
2019-07-25,33.575275
2019-07-26,33.672462
2019-07-29,33.664375
2019-07-30,33.307957
2019-07-31,33.097366
2019-08-01,32.967758
2019-08-02,32.708553
2019-08-05,31.874233
2019-08-06,32.092941
2019-08-07,32.222542
2019-08-08,32.554649
2019-08-09,32.319744
2019-08-12,32.044350
2019-08-13,32.360256
2019-08-14,31.485430
2019-08-15,31.550234
2019-08-16,31.922850
2019-08-19,32.117245
2019-08-20,32.028145
2019-08-21,32.295441
2019-08-22,32.182037
2019-08-23,31.785139
2019-08-26,32.060543
2019-08-27,32.052441
2019-08-28,32.060543
2019-08-29,32.311646
2019-08-30,32.473648
2019-09-03,32.344040
2019-09-04,32.797653
2019-09-05,33.064960
2019-09-06,33.137867
2019-09-09,33.202671
2019-09-10,33.299870
2019-09-11,33.502369
2019-09-12,33.680576
2019-09-13,33.834476
2019-09-16,33.591469
2019-09-17,33.721077
2019-09-18,33.631981
2019-09-19,33.769669
2019-09-20,33.696774
2019-09-23,33.648186
2019-09-24,33.505474
2019-09-25,33.448406
2019-09-26,33.521786
2019-09-27,33.375015
2019-09-30,33.497326
2019-10-01,33.195633
2019-10-02,32.535130
2019-10-03,32.763443
2019-10-04,33.016220
2019-10-07,32.975456
2019-10-08,32.665600
2019-10-09,32.926537
2019-10-10,33.138538
2019-10-11,33.701180
2019-10-14,33.578861
2019-10-15,33.953957
2019-10-16,33.978416
2019-10-17,34.068119
2019-10-18,34.027351
2019-10-21,34.239346
2019-10-22,34.157803
2019-10-23,34.320896
2019-10-24,34.377972
2019-10-25,34.402435
2019-10-28,34.557373
2019-10-29,34.516590
2019-10-30,34.655216
2019-10-31,34.573685
2019-11-01,34.883526
2019-11-04,35.071079
2019-11-05,35.062923
2019-11-06,35.030315
2019-11-07,35.185238
2019-11-08,35.111851
2019-11-11,35.079231
2019-11-12,35.087391
2019-11-13,34.973225
2019-11-14,34.948761
2019-11-15,35.160778
2019-11-18,35.201546
2019-11-19,35.136303
2019-11-20,34.924313
2019-11-21,34.875385
2019-11-22,34.916149
2019-11-25,35.185238
2019-11-26,35.209698
2019-11-27,35.307549
2019-11-29,35.038456
2019-12-02,34.883526
2019-12-03,34.753067
2019-12-04,35.054771
2019-12-05,35.022156
2019-12-06,35.323856
2019-12-09,35.136303
2019-12-10,35.168926
2019-12-11,35.364632
2019-12-12,35.641872
2019-12-13,35.845718
2019-12-16,36.204517
2019-12-17,36.074051
2019-12-18,35.984348
2019-12-19,36.016964
2019-12-20,36.074051
2019-12-23,36.123451
2019-12-24,36.090508
2019-12-26,36.255238
2019-12-27,36.354065
2019-12-30,36.090508
2019-12-31,36.288177
2020-01-02,36.584679
2020-01-03,36.139931
2020-01-06,36.263477
2020-01-07,36.205811
2020-01-08,36.255238
2020-01-09,36.403477
2020-01-10,36.279945
2020-01-13,36.494083
2020-01-14,36.518791
2020-01-15,36.494083
2020-01-16,36.691746
2020-01-17,36.782352
2020-01-21,36.485844
2020-01-22,36.576439
2020-01-23,36.485844
2020-01-24,36.345837
2020-01-27,35.579884
2020-01-28,35.884617
2020-01-29,35.892845
2020-01-30,35.810486
2020-01-31,35.201015
2020-02-03,35.324554
2020-02-04,35.892845
2020-02-05,36.238770
2020-02-06,36.362305
2020-02-07,36.008152
2020-02-10,36.090508
2020-02-11,36.337593
2020-02-12,36.485844
2020-02-13,36.222290
2020-02-14,36.197582
2020-02-18,35.950504
2020-02-19,36.098747
2020-02-20,35.835197
2020-02-21,35.670479
2020-02-24,34.278568
2020-02-25,33.693817
2020-02-26,33.718529
2020-02-27,32.689011
2020-02-28,32.507816
2020-03-02,32.936085
2020-03-03,32.672535
2020-03-04,33.570267
2020-03-05,32.689011
2020-03-06,32.211311
2020-03-09,29.592251
2020-03-10,30.695873
2020-03-11,29.098076
2020-03-12,25.844824
2020-03-13,27.475563
2020-03-16,24.502346
2020-03-17,25.614218
2020-03-18,24.090540
2020-03-19,24.444689
2020-03-20,24.222322
2020-03-23,23.809502
2020-03-24,25.927370
2020-03-25,26.862217
2020-03-26,28.003870
2020-03-27,27.143494
2020-03-30,27.697777
2020-03-31,27.581963
2020-04-01,26.357561
2020-04-02,26.862217
2020-04-03,26.332743
2020-04-06,27.747421
2020-04-07,27.904604
2020-04-08,28.169333
2020-04-09,28.773258
2020-04-13,28.541618
2020-04-14,29.054533
2020-04-15,28.111427
2020-04-16,28.144516
2020-04-17,28.938711
2020-04-20,28.516798
2020-04-21,27.929413
2020-04-22,28.450615
2020-04-23,28.400976
2020-04-24,28.707077
2020-04-27,29.104181
2020-04-28,29.335815
2020-04-29,30.113472
2020-04-30,29.517817
2020-05-01,28.864264
2020-05-04,28.889074
2020-05-05,28.963531
2020-05-06,28.789808
2020-05-07,29.228270
2020-05-08,29.699837
2020-05-11,29.691551
2020-05-12,29.294455
2020-05-13,29.046268
2020-05-14,28.831163
2020-05-15,28.839445
2020-05-18,29.989382
2020-05-19,29.666735
2020-05-20,30.204470
2020-05-21,29.873556
2020-05-22,29.790829
2020-05-26,30.676025
2020-05-27,30.998676
2020-05-28,31.205498
2020-05-29,31.164135
2020-06-01,31.842520
2020-06-02,32.189972
2020-06-03,32.934536
2020-06-04,32.752548
2020-06-05,33.397835
2020-06-08,33.794933
2020-06-09,33.356453
2020-06-10,33.298557
2020-06-11,31.470234
2020-06-12,32.007977
2020-06-15,32.107254
2020-06-16,32.537437
2020-06-17,32.611893
2020-06-18,32.462994
2020-06-19,32.314068
2020-06-22,32.686584
2020-06-23,32.844578
2020-06-24,32.038013
2020-06-25,32.462086
2020-06-26,31.971493
2020-06-29,32.262527
2020-06-30,32.254208
2020-07-01,32.362301
2020-07-02,32.686584
2020-07-06,33.235386
2020-07-07,32.778049
2020-07-08,33.044132
2020-07-09,32.661644
2020-07-10,32.969311
2020-07-13,32.794689
2020-07-14,33.252014
2020-07-15,33.626198
2020-07-16,33.418304
2020-07-17,33.584618
2020-07-20,33.775852
2020-07-21,33.908901
2020-07-22,34.000366
2020-07-23,33.717663
2020-07-24,33.551357
2020-07-27,34.017006
2020-07-28,33.859028
2020-07-29,34.216568
2020-07-30,33.759235
2020-07-31,33.102348
2020-08-03,33.676094
2020-08-04,33.942165
2020-08-05,34.125095
2020-08-06,34.199936
2020-08-07,34.058575
2020-08-10,34.191616
2020-08-11,34.332977
2020-08-12,35.014809
2020-08-13,34.865143
2020-08-14,34.648945
2020-08-17,34.915028
2020-08-18,34.906712
2020-08-19,34.715466
2020-08-20,34.607372
2020-08-21,34.424438
2020-08-24,34.840202
2020-08-25,34.915028
2020-08-26,35.172806
2020-08-27,34.815254
2020-08-28,35.056396
2020-08-31,34.815254
2020-09-01,34.865143
2020-09-02,35.289207
2020-09-03,34.490955
2020-09-04,34.557487
2020-09-08,34.133411
2020-09-09,34.723785
2020-09-10,34.341282
2020-09-11,34.657261
2020-09-14,34.890083
2020-09-15,35.106274
2020-09-16,35.106274
2020-09-17,35.156166
2020-09-18,34.906712
2020-09-21,34.054920
2020-09-22,34.046566
2020-09-23,33.695492
2020-09-24,33.645329
2020-09-25,33.770718
2020-09-28,34.322418
2020-09-29,34.272251
2020-09-30,34.188667
2020-10-01,34.389286
2020-10-02,34.314056
2020-10-05,34.849041
2020-10-06,34.489597
2020-10-07,34.815601
2020-10-08,35.074734
2020-10-09,35.308792
2020-10-12,35.484329
2020-10-13,35.091454
2020-10-14,35.016224
2020-10-15,34.631699
2020-10-16,34.740368
2020-10-19,34.589912
2020-10-20,34.782177
2020-10-21,34.665138
2020-10-22,34.698574
2020-10-23,34.890835
2020-10-26,34.238819
2020-10-27,33.979698
2020-10-28,32.984962
2020-10-29,33.143780
2020-10-30,32.976604
2020-11-02,33.377838
2020-11-03,34.230457
2020-11-04,34.581547
2020-11-05,35.417458
2020-11-06,35.492691
2020-11-09,36.462345
2020-11-10,36.729832
2020-11-11,37.039116
2020-11-12,36.504131
2020-11-13,37.022396
2020-11-16,37.498859
2020-11-17,37.482151
2020-11-18,37.281528
2020-11-19,37.507221
2020-11-20,37.632618
2020-11-23,37.657681
2020-11-24,38.259556
2020-11-25,38.184311
2020-11-27,38.451805
2020-11-30,37.691132
2020-12-01,38.501957
2020-12-02,38.560474
2020-12-03,38.694214
2020-12-04,39.070385
2020-12-07,38.786175
2020-12-08,38.878117
2020-12-09,38.928261
2020-12-10,39.011860
2020-12-11,38.878117
2020-12-14,38.886486
2020-12-15,39.312794
2020-12-16,39.446533
2020-12-17,39.705673
2020-12-18,39.471615
2020-12-21,39.028862
2020-12-22,38.902370
2020-12-23,39.340893
2020-12-24,39.442093
2020-12-28,39.686657
2020-12-29,39.998688
2020-12-30,40.083023
2020-12-31,39.813164
2021-01-04,40.040859
2021-01-05,40.496254
2021-01-06,40.934780
2021-01-07,41.052841
2021-01-08,41.440762
2021-01-11,40.901039
2021-01-12,41.095009
2021-01-13,41.019115
2021-01-14,41.331135
2021-01-15,40.664913
2021-01-19,40.951649
2021-01-20,41.263664
2021-01-21,41.356438
2021-01-22,41.069717
2021-01-25,41.044407
2021-01-26,41.061272
2021-01-27,40.099888
2021-01-28,40.411919
2021-01-29,39.526428
2021-02-01,40.083023
2021-02-02,40.529980
2021-02-03,40.639606
2021-02-04,40.656479
2021-02-05,40.960072
2021-02-08,41.221508
2021-02-09,41.457630
2021-02-10,41.364872
2021-02-11,41.634724
2021-02-12,41.828693
2021-02-16,42.081692
2021-02-17,41.820263
2021-02-18,41.550396
2021-02-19,41.744366
2021-02-22,41.617863
2021-02-23,41.634724
2021-02-24,41.786522
2021-02-25,41.078136
2021-02-26,40.487816
2021-03-01,41.272106
2021-03-02,41.255230
2021-03-03,41.002239
2021-03-04,40.589016
2021-03-05,40.917919
2021-03-08,40.715515
2021-03-09,41.238373
2021-03-10,41.415474
2021-03-11,41.719059
2021-03-12,41.820263
2021-03-15,41.921463
2021-03-16,41.988930
2021-03-17,42.208187
2021-03-18,41.803394
2021-03-19,41.946762
2021-03-22,41.964550
2021-03-23,41.329113
2021-03-24,41.151184
2021-03-25,41.413841
2021-03-26,41.981491
2021-03-29,41.778156
2021-03-30,41.727322
2021-03-31,41.608711
2021-04-01,42.150951
2021-04-05,42.786388
2021-04-06,42.413601
2021-04-07,42.489853
2021-04-08,42.735550
2021-04-09,42.837223
2021-04-12,42.608471
2021-04-13,42.896534
2021-04-14,42.938896
2021-04-15,43.269318
2021-04-16,43.523499
2021-04-19,43.396420
2021-04-20,42.676250
2021-04-21,43.065983
2021-04-22,42.888058
2021-04-23,43.379467
2021-04-26,43.447254
2021-04-27,43.311687
2021-04-28,43.430305
2021-04-29,43.472664
2021-04-30,42.879589
2021-05-03,43.328640
2021-05-04,42.803337
2021-05-05,43.311687
2021-05-06,43.667545
2021-05-07,44.175888
2021-05-10,43.947128
2021-05-11,43.421837
2021-05-12,42.659313
2021-05-13,42.955833
2021-05-14,43.642105
2021-05-17,43.574333
2021-05-18,43.726845
2021-05-19,43.337105
2021-05-20,43.938652
2021-05-21,43.930180
2021-05-24,44.201305
2021-05-25,44.201305
2021-05-26,44.201305
2021-05-27,44.286034
2021-05-28,44.413113
2021-06-01,44.650352
2021-06-02,44.777439
2021-06-03,44.540207
2021-06-04,44.963821
2021-06-07,45.065502
2021-06-08,45.040092
2021-06-09,44.862160
2021-06-10,45.006199
2021-06-11,45.082447
2021-06-14,45.150234
2021-06-15,45.158707
2021-06-16,44.862160
2021-06-17,44.531734
2021-06-18,43.684479
2021-06-21,44.285770
2021-06-22,44.328484
2021-06-23,44.089333
2021-06-24,44.456593
2021-06-25,44.601795
2021-06-28,44.311394
2021-06-29,44.302849
2021-06-30,44.003925
2021-07-01,44.132030
2021-07-02,44.294315
2021-07-06,44.029541
2021-07-07,44.183273
2021-07-08,43.542698
2021-07-09,44.294315
2021-07-12,44.456593
2021-07-13,44.208897
2021-07-14,44.319946
2021-07-15,43.961212
2021-07-16,43.619572
2021-07-19,42.765461
2021-07-20,43.149799
2021-07-21,43.773300
2021-07-22,43.833096
2021-07-23,44.097866
2021-07-26,44.149117
2021-07-27,43.986832
2021-07-28,44.183273
2021-07-29,44.516380
2021-07-30,44.225979
2021-08-02,44.439514
2021-08-03,44.755535
2021-08-04,44.627419
2021-08-05,44.858032
2021-08-06,44.678665
2021-08-09,44.627419
2021-08-10,44.721378
2021-08-11,45.003227
2021-08-12,44.900734
2021-08-13,45.131344
2021-08-16,44.875111
2021-08-17,44.379730
2021-08-18,44.268692
2021-08-19,43.781845
2021-08-20,43.927048
2021-08-23,44.388271
2021-08-24,44.601795
2021-08-25,44.635960
2021-08-26,44.354115
2021-08-27,44.815327
2021-08-30,44.806786
2021-08-31,44.806786
2021-09-01,45.199677
2021-09-02,45.413204
2021-09-03,45.635273
2021-09-07,45.524246
2021-09-08,45.191135
2021-09-09,45.139885
2021-09-10,45.011772
2021-09-13,45.353424
2021-09-14,45.156971
2021-09-15,45.336338
2021-09-16,45.208225
2021-09-17,44.644508
2021-09-20,43.795681
2021-09-21,44.172935
2021-09-22,44.413006
2021-09-23,44.953159
2021-09-24,44.541611
2021-09-27,44.541611
2021-09-28,43.555607
2021-09-29,43.418430
2021-09-30,43.289822
2021-10-01,43.418430
2021-10-04,43.015450
2021-10-05,43.264091
2021-10-06,42.946861
2021-10-07,43.306965
2021-10-08,43.315533
2021-10-11,43.186928
2021-10-12,43.169788
2021-10-13,43.649925
2021-10-14,44.121498
2021-10-15,44.473022
2021-10-18,44.310120
2021-10-19,44.618778
2021-10-20,44.773109
2021-10-21,44.550186
2021-10-22,44.755955
2021-10-25,44.721668
2021-10-26,44.807407
2021-10-27,44.567333
2021-10-28,45.021748
2021-10-29,44.687378
2021-11-01,45.107494
2021-11-02,45.004608
2021-11-03,45.313263
2021-11-04,45.278980
2021-11-05,45.373280
2021-11-08,45.399006
2021-11-09,45.287548
2021-11-10,44.713089
2021-11-11,44.867428
2021-11-12,45.176090
2021-11-15,45.098915
2021-11-16,44.996033
2021-11-17,44.884579
2021-11-18,44.918865
2021-11-19,44.575912
2021-11-22,44.335838
2021-11-23,44.258682
2021-11-24,44.027180
2021-11-26,42.826828
2021-11-29,43.032593
2021-11-30,42.612484
2021-12-01,42.389545
2021-12-02,42.981155
2021-12-03,42.766804
2021-12-06,43.178356
2021-12-07,44.104340
2021-12-08,44.164356
2021-12-09,43.778538
2021-12-10,43.838554
2021-12-13,43.392704
2021-12-14,43.169788
2021-12-15,43.701370
2021-12-16,43.709930
2021-12-17,43.204079
2021-12-20,42.994240
2021-12-21,43.534069
2021-12-22,43.978107
2021-12-23,44.248032
2021-12-27,44.587593
2021-12-28,44.587593
2021-12-29,44.578876
2021-12-30,44.474403
2021-12-31,44.456985
2022-01-03,44.726898
2022-01-04,44.892323
2022-01-05,44.500523
2022-01-06,44.256733
2022-01-07,44.439575
2022-01-10,44.030357
2022-01-11,44.552765
2022-01-12,45.031635
2022-01-13,44.709484
2022-01-14,44.605011
2022-01-18,43.951996
2022-01-19,43.943287
2022-01-20,43.664669
2022-01-21,43.063896
2022-01-24,42.585022
2022-01-25,42.358643
2022-01-26,42.158379
2022-01-27,41.879772
2022-01-28,42.071323
2022-01-31,42.741749
2022-02-01,43.168388
2022-02-02,43.516659
2022-02-03,42.820110
2022-02-04,42.933300
2022-02-07,43.011662
2022-02-08,43.220612
2022-02-09,43.908459
2022-02-10,43.394760
2022-02-11,42.793983
2022-02-14,42.541489
2022-02-15,43.246746
2022-02-16,43.429581
2022-02-17,42.767864
2022-02-18,42.541489
2022-02-22,42.097443
2022-02-23,41.705643
2022-02-24,41.165817
2022-02-25,42.201923
2022-02-28,41.609867
2022-03-01,40.791428
2022-03-02,41.287708
2022-03-03,40.634705
2022-03-04,39.589882
2022-03-07,38.423172
2022-03-08,38.658253
2022-03-09,40.138412
2022-03-10,39.685650
2022-03-11,39.311260
2022-03-14,39.563755
2022-03-15,39.912029
2022-03-16,41.261589
2022-03-17,41.635979
2022-03-18,41.992958
2022-03-21,41.768810
2022-03-22,42.152573
2022-03-23,41.620544
2022-03-24,41.951965
2022-03-25,42.013023
2022-03-28,41.882191
2022-03-29,42.702042
2022-03-30,42.545052
2022-03-31,41.890915
2022-04-01,42.257233
2022-04-04,42.440384
2022-04-05,41.934525
2022-04-06,41.393776
2022-04-07,41.437386
2022-04-08,41.428654
2022-04-11,40.992561
2022-04-12,40.722183
2022-04-13,41.201889
2022-04-14,41.001286
2022-04-18,40.826847
2022-04-19,41.010017
2022-04-20,41.315281
2022-04-21,40.826847
2022-04-22,40.076775
2022-04-25,39.841282
2022-04-26,38.759785
2022-04-27,38.934212
2022-04-28,39.544739
2022-04-29,39.047600
2022-05-02,38.916771
2022-05-03,39.230755
2022-05-04,39.902340
2022-05-05,38.628956
2022-05-06,38.280083
2022-05-09,37.093903
2022-05-10,37.277073
2022-05-11,37.085190
2022-05-12,36.945648
2022-05-13,37.983540
2022-05-16,38.035873
2022-05-17,38.768505
2022-05-18,37.843983
2022-05-19,38.236469
2022-05-20,38.454521
2022-05-23,39.117378
2022-05-24,38.977821
2022-05-25,38.960381
2022-05-26,39.387753
2022-05-27,39.876175
2022-05-31,39.693016
2022-06-01,39.335419
2022-06-02,40.163994
2022-06-03,39.544739
2022-06-06,39.693016
2022-06-07,39.788948
2022-06-08,39.291809
2022-06-09,38.471958
2022-06-10,37.582329
2022-06-13,36.300220
2022-06-14,35.968792
2022-06-15,36.605488
2022-06-16,35.724586
2022-06-17,35.602478
2022-06-21,36.150352
2022-06-22,35.814556
2022-06-23,35.682007
2022-06-24,36.742397
2022-06-27,36.671707
2022-06-28,36.477299
2022-06-29,36.256386
2022-06-30,36.053150
2022-07-01,36.132671
2022-07-05,35.355053
2022-07-06,35.355053
2022-07-07,35.929432
2022-07-08,36.017803
2022-07-11,35.416916
2022-07-12,35.381569
2022-07-13,35.337387
2022-07-14,34.816036
2022-07-15,35.346222
2022-07-18,35.567139
2022-07-19,36.486145
2022-07-20,36.309399
2022-07-21,36.715885
2022-07-22,36.592171
2022-07-25,36.892616
2022-07-26,36.388943
2022-07-27,37.219566
2022-07-28,37.458149
2022-07-29,37.961842
2022-08-01,37.961842
2022-08-02,37.369793
2022-08-03,37.634888
2022-08-04,37.820454
2022-08-05,37.555359
2022-08-08,37.670242
2022-08-09,37.440483
2022-08-10,38.332970
2022-08-11,38.332970
2022-08-12,38.651093
2022-08-15,38.377163
2022-08-16,38.412510
2022-08-17,38.085552
2022-08-18,37.961842
2022-08-19,37.396301
2022-08-22,36.795422
2022-08-23,36.866104
2022-08-24,36.910278
2022-08-25,37.343277
2022-08-26,36.353592
2022-08-29,36.265221
2022-08-30,35.964775
2022-08-31,35.752701
2022-09-01,35.275528
2022-09-02,35.054619
2022-09-06,34.904388
2022-09-07,35.204838
2022-09-08,35.257847
2022-09-09,36.168022
2022-09-12,36.627518
2022-09-13,35.372730
2022-09-14,35.531788
2022-09-15,35.187164
2022-09-16,34.957413
2022-09-19,35.090363
2022-09-20,34.505375
2022-09-21,34.062199
2022-09-22,33.902668
2022-09-23,32.794731
2022-09-26,32.271793
2022-09-27,32.076794
2022-09-28,32.794731
2022-09-29,32.387009
2022-09-30,32.227467
2022-10-03,32.945408
2022-10-04,34.257202
2022-10-05,33.849483
2022-10-06,33.282223
2022-10-07,32.759266
2022-10-10,32.537693
2022-10-11,32.156567
2022-10-12,32.076794
2022-10-13,32.741558
2022-10-14,32.183151
2022-10-17,33.034046
2022-10-18,33.255634
2022-10-19,32.874496
2022-10-20,32.785877
2022-10-21,33.397446
2022-10-24,33.344273
2022-10-25,34.088795
2022-10-26,34.434460
2022-10-27,34.204014
2022-10-28,34.469921
2022-10-31,34.186283
2022-11-01,34.478790
2022-11-02,33.955849
2022-11-03,33.681072
2022-11-04,34.966278
2022-11-07,35.116951
2022-11-08,35.542397
2022-11-09,35.046043
2022-11-10,36.996006
2022-11-11,37.687355
2022-11-14,37.253048
2022-11-15,37.483490
2022-11-16,37.341679
2022-11-17,37.297359
2022-11-18,37.359409
2022-11-21,37.058044
2022-11-22,37.607582
2022-11-23,38.041882
2022-11-25,38.201424
2022-11-28,37.669628
2022-11-29,37.767120
2022-11-30,38.476200
2022-12-01,38.804146
2022-12-02,38.768688
2022-12-05,38.183701
2022-12-06,37.926655
2022-12-07,37.926655
2022-12-08,38.139385
2022-12-09,38.165974
2022-12-12,38.263470
2022-12-13,38.759834
2022-12-14,38.742100
2022-12-15,37.731670
2022-12-16,37.439175
2022-12-19,37.358463
2022-12-20,37.537815
2022-12-21,37.914448
2022-12-22,37.582657
2022-12-23,37.770966
2022-12-27,37.842712
2022-12-28,37.412270
2022-12-29,38.004128
2022-12-30,37.636459
2023-01-03,37.842712
2023-01-04,38.407658
2023-01-05,37.977222
2023-01-06,39.026413
2023-01-09,39.196796
2023-01-10,39.295444
2023-01-11,39.591370
2023-01-12,40.165279
2023-01-13,40.371536
2023-01-17,40.488110
2023-01-18,40.308769
2023-01-19,40.263927
2023-01-20,40.676426
2023-01-23,40.846817
2023-01-24,40.837845
2023-01-25,41.044094
2023-01-26,41.169632
2023-01-27,41.124809
2023-01-30,40.784035
2023-01-31,41.035126
2023-02-01,41.402798
2023-02-02,41.393833
2023-02-03,40.927525
2023-02-06,40.488110
2023-02-07,40.864738
2023-02-08,40.622620
2023-02-09,40.658497
2023-02-10,40.541916
2023-02-13,40.891647
2023-02-14,40.927525
2023-02-15,40.721268
2023-02-16,40.532948
2023-02-17,40.595722
2023-02-21,40.084579
2023-02-22,39.851429
2023-02-23,40.084579
2023-02-24,39.456856
2023-02-27,39.896271
2023-02-28,39.609299
2023-03-01,39.860390
2023-03-02,39.923168
2023-03-03,40.506046
2023-03-06,40.407406
2023-03-07,39.672073
2023-03-08,39.878319
2023-03-09,39.483753
2023-03-10,39.098148
2023-03-13,38.873974
2023-03-14,39.331314
2023-03-15,38.156570
2023-03-16,38.748425
2023-03-17,38.300056
2023-03-20,38.885136
2023-03-21,39.389194
2023-03-22,39.236176
2023-03-23,39.263176
2023-03-24,39.128166
2023-03-27,39.470203
2023-03-28,39.524216
2023-03-29,39.974270
2023-03-30,40.469330
2023-03-31,40.658360
2023-04-03,40.991409
2023-04-04,40.982410
2023-04-05,40.667362
2023-04-06,40.802383
2023-04-10,40.838390
2023-04-11,41.018402
2023-04-12,41.252445
2023-04-13,41.855526
2023-04-14,41.648495
2023-04-17,41.612484
2023-04-18,41.774506
2023-04-19,41.612484
2023-04-20,41.630501
2023-04-21,41.765507
2023-04-24,41.846527
2023-04-25,41.189426
2023-04-26,41.198433
2023-04-27,41.720505
2023-04-28,41.729500
2023-05-01,41.693493
2023-05-02,41.252445
2023-05-03,41.333454
2023-05-04,41.270439
2023-05-05,41.936531
2023-05-08,41.954536
2023-05-09,41.792511
2023-05-10,41.729500
2023-05-11,41.540482
2023-05-12,41.450462
2023-05-15,41.810516
2023-05-16,41.378456
2023-05-17,41.594494
2023-05-18,41.513481
2023-05-19,41.765507
2023-05-22,41.801514
2023-05-23,41.216438
2023-05-24,40.631355
2023-05-25,40.541348
2023-05-26,40.919395
2023-05-30,40.568356
2023-05-31,40.172295
2023-06-01,40.793373
2023-06-02,41.396461
2023-06-05,41.135429
2023-06-06,41.495480
2023-06-07,41.099422
2023-06-08,41.522484
2023-06-09,41.504471
2023-06-12,41.693493
2023-06-13,42.098557
2023-06-14,42.206566
2023-06-15,42.602619
2023-06-16,42.476593
2023-06-20,41.906109
2023-06-21,41.969700
2023-06-22,41.715336
2023-06-23,41.043091
2023-06-26,41.170273
2023-06-27,41.506397
2023-06-28,41.515488
2023-06-29,41.460972
2023-06-30,41.951534
2023-07-03,42.024204
2023-07-05,41.569981
2023-07-06,40.834156
2023-07-07,41.179363
2023-07-10,41.288364
2023-07-11,41.688072
2023-07-12,42.487507
2023-07-13,43.141582
2023-07-14,42.878132
2023-07-17,42.859959
2023-07-18,43.168835
2023-07-19,43.159737
2023-07-20,42.905388
2023-07-21,42.959892
2023-07-24,42.914471
2023-07-25,43.041649
2023-07-26,43.096153
2023-07-27,42.914471
2023-07-28,43.268757
2023-07-31,43.268757
2023-08-01,42.787296
2023-08-02,41.960613
2023-08-03,41.833427
2023-08-04,41.951534
2023-08-07,42.287643
2023-08-08,41.969700
2023-08-09,42.006039
2023-08-10,42.133209
2023-08-11,41.897022
2023-08-14,41.724419
2023-08-15,41.143024
2023-08-16,40.815987
2023-08-17,40.543449
2023-08-18,40.543449
2023-08-21,40.670635
2023-08-22,40.579788
2023-08-23,41.015839
2023-08-24,40.498035
2023-08-25,40.752392
2023-08-28,41.179363
2023-08-29,41.706249
2023-08-30,41.697166
2023-08-31,41.560894
2023-09-01,41.624489
2023-09-05,41.252029
2023-09-06,41.088524
2023-09-07,40.924999
2023-09-08,40.870495
2023-09-11,41.333794
2023-09-12,41.152100
2023-09-13,41.070347
2023-09-14,41.624489
2023-09-15,41.533649
2023-09-18,41.378155
2023-09-19,41.387306
2023-09-20,41.250111
2023-09-21,40.564133
2023-09-22,40.609863
2023-09-25,40.454372
2023-09-26,39.878159
2023-09-27,39.786690
2023-09-28,40.115963
2023-09-29,39.987907
2023-10-02,39.365959
2023-10-03,38.872051
2023-10-04,38.890339
2023-10-05,39.247051
2023-10-06,39.658642
2023-10-09,39.631207
2023-10-10,40.134266
2023-10-11,40.308029
2023-10-12,39.960464
2023-10-13,39.603764
2023-10-16,39.914742
2023-10-17,39.923889
2023-10-18,39.247051
2023-10-19,38.926937
2023-10-20,38.561081
2023-10-23,38.579365
2023-10-24,38.771446
2023-10-25,38.433029
2023-10-26,38.149490
2023-10-27,38.030586
2023-10-30,38.551929
2023-10-31,38.634254
2023-11-01,39.027538
2023-11-02,39.905598
2023-11-03,40.417789
2023-11-06,40.289738
2023-11-07,39.987907
2023-11-08,39.896446
2023-11-09,39.878159
2023-11-10,40.088520
2023-11-13,40.143394
2023-11-14,41.231819
2023-11-15,41.195232
2023-11-16,41.103767
2023-11-17,41.615959
2023-11-20,41.798889
2023-11-21,41.634262
2023-11-22,41.716579
2023-11-24,41.990963
2023-11-27,41.881218
2023-11-28,41.954376
2023-11-29,42.054989
2023-11-30,42.036697
2023-12-01,42.466579
2023-12-04,42.091579
2023-12-05,41.954376
2023-12-06,42.036697
2023-12-07,42.237923
2023-12-08,42.338524
2023-12-11,42.457428
2023-12-12,42.466579
2023-12-13,43.152554
2023-12-14,43.527561
2023-12-15,43.079380
2023-12-18,43.227650
2023-12-19,43.644634
2023-12-20,43.190582
2023-12-21,43.922623
2023-12-22,44.024559
2023-12-26,44.219151
2023-12-27,44.469341
2023-12-28,44.395206
2023-12-29,44.385948
2024-01-02,43.894829
2024-01-03,43.542702
2024-01-04,43.644634
2024-01-05,43.672440
2024-01-08,44.126484
2024-01-09,43.728027
2024-01-10,43.968960
2024-01-11,43.922623
2024-01-12,44.080147
2024-01-16,43.292519
2024-01-17,42.819923
2024-01-18,43.209118
2024-01-19,43.348106
2024-01-22,43.459305
2024-01-23,43.385170
2024-01-24,43.653904
2024-01-25,43.765099
2024-01-26,43.950420
2024-01-29,44.209877
2024-01-30,44.154285
2024-01-31,43.904099
2024-02-01,44.367413
2024-02-02,44.052353
2024-02-05,43.765099
2024-02-06,44.033813
2024-02-07,44.061619
2024-02-08,43.987492
2024-02-09,44.145012
2024-02-12,44.256210
2024-02-13,43.468571
2024-02-14,44.006023
2024-02-15,44.497143
2024-02-16,44.534210
2024-02-20,44.691734
2024-02-21,44.719536
2024-02-22,45.192120
2024-02-23,45.266243
2024-02-26,45.164318
2024-02-27,45.247723
2024-02-28,45.006794
2024-02-29,45.108723
2024-03-01,45.590572
2024-03-04,45.470112
2024-03-05,45.358917
2024-03-06,45.905624
2024-03-07,46.433804
2024-03-08,46.304085
2024-03-11,46.072430
2024-03-12,46.424545
2024-03-13,46.433804
2024-03-14,46.128021
2024-03-15,46.087952
2024-03-18,46.097263
2024-03-19,46.171825
2024-03-20,46.675117
2024-03-21,46.703072
2024-03-22,46.544628
2024-03-25,46.479397
2024-03-26,46.544628
2024-03-27,46.852200
2024-03-28,46.758999
2024-04-01,46.572594
2024-04-02,46.283672
2024-04-03,46.535316
2024-04-04,46.162502
2024-04-05,46.330269
2024-04-08,46.553951
2024-04-09,46.563271
2024-04-10,45.864262
2024-04-11,46.032021
2024-04-12,45.230492
2024-04-15,45.072052
2024-04-16,44.596729
2024-04-17,44.624687
2024-04-18,44.578087
2024-04-19,44.606049
2024-04-22,45.090698
2024-04-23,45.547379
2024-04-24,45.416897
2024-04-25,45.221184
2024-04-26,45.556702
2024-04-29,45.808346
2024-04-30,45.165253
2024-05-01,45.109333
2024-05-02,45.771065
2024-05-03,46.190464
2024-05-06,46.553951
2024-05-07,46.619198
2024-05-08,46.572594
2024-05-09,46.917435
2024-05-10,46.936081
2024-05-13,46.926750
2024-05-14,47.252956
2024-05-15,47.728283
2024-05-16,47.458000
2024-05-17,47.625763
2024-05-20,47.644405
2024-05-21,47.569847
2024-05-22,47.122471
2024-05-23,46.861511
2024-05-24,47.243633
2024-05-28,47.252956
2024-05-29,46.442108
2024-05-30,46.861511
2024-05-31,47.271606
2024-06-03,47.392765
2024-06-04,47.252956
2024-06-05,47.579166
2024-06-06,47.700325
2024-06-07,47.113155
2024-06-10,47.178402
2024-06-11,46.647160
2024-06-12,47.215679
2024-06-13,46.553951
2024-06-14,46.134544
2024-06-17,46.302311
2024-06-18,46.488716
2024-06-20,46.488716
2024-06-21,46.179218
2024-06-24,46.583721
2024-06-25,46.649574
2024-06-26,46.339138
2024-06-27,46.452030
2024-06-28,46.489647
2024-07-01,46.527283
2024-07-02,46.630760
2024-07-03,47.185780
2024-07-05,47.486797
2024-07-08,47.279846
2024-07-09,47.119930
2024-07-10,47.778419
2024-07-11,47.966560
2024-07-12,48.446323
2024-07-15,48.079441
2024-07-16,48.361656
2024-07-17,48.088848
2024-07-18,47.618500
2024-07-19,47.336285
2024-07-22,47.797230
2024-07-23,47.552650
2024-07-24,46.959995
2024-07-25,46.668388
2024-07-26,47.279846
2024-07-29,47.091702
2024-07-30,47.195179
2024-07-31,47.891296
2024-08-01,46.668388
2024-08-02,45.849972
2024-08-05,44.777569
2024-08-06,44.852821
2024-08-07,45.069183
2024-08-08,45.840565
2024-08-09,46.000484
2024-08-12,46.019295
2024-08-13,46.771866
2024-08-14,46.950596
2024-08-15,47.524429
2024-08-16,47.806641
2024-08-19,48.361656
2024-08-20,48.229954
2024-08-21,48.653275
2024-08-22,48.314625
2024-08-23,49.245914
2024-08-26,49.048367
2024-08-27,49.236515
2024-08-28,48.991928
2024-08-29,49.123623
2024-08-30,49.283546
2024-09-03,48.427509
2024-09-04,48.276993
2024-09-05,48.286400
2024-09-06,47.383324
2024-09-09,47.891296
2024-09-10,47.703156
2024-09-11,47.975967
2024-09-12,48.408691
2024-09-13,48.540390
2024-09-16,48.926083
2024-09-17,48.690903
2024-09-18,48.521580
2024-09-19,49.452877
2024-09-20,49.003864
2024-09-23,49.201958
2024-09-24,49.503807
2024-09-25,49.192524
2024-09-26,50.286736
2024-09-27,49.975449
2024-09-30,49.815090
2024-10-01,49.466076
2024-10-02,49.381180
2024-10-03,48.918972
2024-10-04,49.211391
2024-10-07,48.937840
2024-10-08,48.862373
2024-10-09,48.881241
2024-10-10,48.796345
2024-10-11,49.041603
2024-10-14,49.145355
2024-10-15,48.447330
2024-10-16,48.635986
2024-10-17,48.617119
2024-10-18,48.890678
2024-10-21,48.334129
2024-10-22,48.088867
2024-10-23,47.626667
2024-10-24,47.796455
2024-10-25,47.645531
2024-10-28,47.994553
2024-10-29,47.834190
2024-10-30,47.598358
2024-10-31,47.258778
2024-11-01,47.362541
2024-11-04,47.428570
2024-11-05,47.928516
2024-11-06,47.315384
2024-11-07,48.032280
2024-11-08,47.400272
2024-11-11,47.381413
2024-11-12,46.607914
2024-11-13,46.343796
2024-11-14,46.381523
2024-11-15,46.249466
2024-11-18,46.560749
2024-11-19,46.504150
2024-11-20,46.372089
2024-11-21,46.485283
2024-11-22,46.692810
2024-11-25,46.919201
2024-11-26,46.636208
2024-11-27,46.881466
2024-11-29,47.447441
2024-12-02,47.494602
2024-12-03,47.692699
2024-12-04,47.702133
2024-12-05,47.919083
2024-12-06,47.853054
2024-12-09,47.739861
2024-12-10,47.390846
2024-12-11,47.730419
2024-12-12,47.268215
2024-12-13,47.145588
2024-12-16,46.947491
2024-12-17,46.834301
2024-12-18,45.674057
2024-12-19,45.560856
2024-12-20,45.544586
2024-12-23,45.812664
2024-12-24,45.994579
2024-12-26,46.176483
2024-12-27,46.061596
2024-12-30,45.774372
2024-12-31,45.783939
2025-01-02,45.688198
2025-01-03,45.956276
2025-01-06,46.406269
2025-01-07,46.253082
2025-01-08,46.195637
2025-01-10,45.506290
2025-01-13,45.381821
2025-01-14,45.554161
2025-01-15,46.119038
2025-01-16,46.272228
2025-01-17,46.502010
2025-01-21,47.401985
2025-01-22,47.296673
2025-01-23,47.622192
2025-01-24,47.890270
2025-01-27,47.804108
2025-01-28,47.756229
2025-01-29,47.756229
2025-01-30,48.273243
2025-01-31,47.813679
2025-02-03,47.220078
2025-02-04,47.794521
2025-02-05,48.254089
2025-02-06,48.455154
2025-02-07,48.072182
2025-02-10,48.378555
2025-02-11,48.570042
2025-02-12,48.665779
2025-02-13,49.297684
2025-02-14,49.316833
2025-02-18,49.651932
2025-02-19,49.221085
2025-02-20,49.412575
2025-02-21,49.058327
2025-02-24,49.010452
2025-02-25,49.364704
2025-02-26,49.441292
2025-02-27,48.857265
2025-02-28,48.895565
2025-03-03,49.259380
2025-03-04,49.125343
2025-03-05,50.283829
2025-03-06,49.814690
2025-03-07,50.341274
2025-03-10,49.182789
2025-03-11,49.048756
2025-03-12,49.412575
2025-03-13,49.039181
2025-03-14,49.977455
2025-03-17,50.571056
2025-03-18,50.504036
2025-03-19,50.733822
2025-03-20,50.341274
2025-03-21,50.064262
2025-03-24,50.131588
2025-03-25,50.400906
2025-03-26,49.794941
2025-03-27,49.852654
2025-03-28,49.285160
2025-03-31,48.890800
2025-04-01,49.063934
2025-04-02,49.198597
2025-04-03,48.169415
2025-04-04,45.120354
2025-04-07,44.139271
2025-04-08,43.908424
2025-04-09,47.188328
2025-04-10,46.255337
2025-04-11,47.524979
2025-04-14,48.073231
2025-04-15,48.400257
2025-04-16,48.294453
2025-04-17,48.813858
2025-04-21,48.583008
2025-04-22,49.535244
2025-04-23,49.679523
2025-04-24,50.314346
2025-04-25,50.429764
2025-04-28,50.776028
2025-04-29,50.929924
2025-04-30,50.852978
2025-05-01,50.641369
2025-05-02,51.564747
2025-05-05,51.660931
2025-05-06,51.651314
2025-05-07,51.468559
2025-05-08,51.295429
2025-05-09,51.632072
2025-05-12,51.882149
2025-05-13,51.968723
2025-05-14,51.757114
2025-05-15,52.305370
2025-05-16,52.420792
2025-05-19,52.844002
2025-05-20,53.094086
2025-05-21,52.805538
2025-05-22,52.747818
2025-05-23,52.930569
2025-05-27,53.671196
2025-05-28,53.180649
2025-05-29,53.392254
2025-05-30,53.459587
2025-06-02,54.075169
2025-06-03,53.680817
2025-06-04,53.959747
2025-06-05,53.959747
2025-06-06,54.132885
2025-06-09,54.152115
2025-06-10,54.277161
2025-06-11,54.267536
2025-06-12,54.690758
2025-06-13,54.027073
2025-06-16,54.296394
2025-06-17,53.613483
2025-06-18,53.757759
2025-06-20,53.322453
2025-06-23,53.729645
2025-06-24,54.437382
2025-06-25,54.165916
2025-06-26,54.757317
2025-06-27,55.096645
2025-06-30,55.271152
2025-07-01,55.232372
2025-07-02,55.406883
2025-07-03,55.474747
2025-07-07,54.786396
2025-07-08,55.183891
2025-07-09,55.562000
2025-07-10,55.600780
2025-07-11,55.135422
2025-07-14,55.203289
2025-07-15,54.650669
2025-07-16,54.912434
2025-07-17,55.038475
2025-07-18,54.912434
2025-07-21,55.271152
2025-07-22,55.532913
2025-07-23,56.715702
2025-07-24,56.318211
2025-07-25,56.250340
2025-07-28,55.416580
2025-07-29,55.397182
2025-07-30,54.980297
2025-07-31,54.505245
2025-08-01,54.311344
2025-08-04,55.067554
2025-08-05,55.164509
2025-08-06,55.591087
2025-08-07,55.988579
2025-08-08,56.250340
2025-08-11,56.027363
2025-08-12,56.657532
2025-08-13,56.919296
2025-08-14,56.822346
2025-08-15,57.074421
2025-08-18,57.016247
2025-08-19,56.948383
2025-08-20,57.093807
2025-08-21,56.822346
2025-08-22,57.743370
2025-08-25,57.025944
2025-08-26,57.045338
2025-08-27,56.977474
2025-08-28,57.210148
2025-08-29,56.919296
2025-09-02,56.415157
2025-09-03,56.541191
2025-09-04,56.890213
2025-09-05,57.161674
2025-09-08,57.714294
2025-09-09,57.559162
2025-09-10,57.597950
2025-09-11,58.237816
2025-09-12,57.995449
2025-09-15,58.460800
2025-09-16,58.392937
2025-09-17,58.189342
2025-09-18,58.373543
2025-09-19,58.107609
2025-09-22,58.419338
2025-09-23,58.331661
2025-09-24,57.922523
2025-09-25,57.532864
2025-09-26,57.873810
2025-09-29,58.166054
2025-09-30,58.370621
2025-10-01,58.808987
2025-10-02,58.935627
2025-10-03,59.481148
2025-10-06,59.598049
2025-10-07,59.081749
2025-10-08,59.266834
2025-10-09,58.760284
2025-10-10,57.649761
2025-10-13,58.253727
2025-10-14,58.429073
2025-10-15,58.838211
2025-10-16,59.091492
2025-10-17,59.140198
2025-10-20,59.656494
2025-10-21,59.120712
2025-10-22,59.140198
2025-10-23,59.442181
2025-10-24,59.637012
2025-10-27,60.075371
2025-10-28,60.065632
2025-10-29,59.724682
2025-10-30,59.451923
2025-10-31,59.403214
2025-11-03,59.549339
2025-11-04,58.760284
2025-11-05,59.130459
2025-11-06,58.857697
2025-11-07,59.042786
2025-11-10,59.763645
2025-11-11,60.133823
2025-11-12,60.523487
2025-11-13,59.812359
2025-11-14,59.734428
2025-11-17,58.964848
2025-11-18,58.360886
2025-11-19,58.166054
2025-11-20,57.377003
2025-11-21,58.224503
2025-11-24,58.507008
2025-11-25,59.062267
2025-11-26,59.695454
2025-11-28,59.977959
2025-12-01,59.675976
2025-12-02,59.870800
2025-12-03,60.192268
2025-12-04,60.348133
2025-12-05,60.435806
2025-12-08,60.309170
2025-12-09,60.240982
2025-12-10,60.922882
2025-12-11,61.176155
2025-12-12,60.864433
2025-12-15,61.215118
2025-12-16,60.844944
2025-12-17,60.416325
2025-12-18,60.893654
2025-12-19,61.260185
2025-12-22,61.547470
2025-12-23,61.953621
2025-12-24,62.092308
2025-12-26,62.221088
2025-12-29,62.131935
2025-12-30,62.201279
2025-12-31,61.884277
2026-01-02,62.607433
2026-01-05,63.350403
2026-01-06,63.538620
2026-01-07,63.281059
2026-01-08,63.340492
2026-01-09,63.924961
2026-01-12,64.311302
2026-01-13,63.954681
2026-01-14,64.261772
2026-01-15,64.350937
2026-01-16,64.529243
2026-01-20,63.667397
2026-01-21,64.400459
2026-01-22,64.747177
2026-01-23,65.163239
2026-01-26,65.460434
2026-01-27,66.530312
2026-01-28,66.094429
2026-01-29,66.441154
2026-01-30,65.579300
2026-02-02,65.836868
2026-02-03,66.094429
2026-02-04,66.173683
2026-02-05,65.282127
2026-02-06,66.738342
2026-02-09,67.728966
2026-02-10,67.897369
2026-02-11,68.402588
2026-02-12,67.857742
2026-02-13,68.115303
2026-02-17,67.936989
2026-02-18,68.164825
2026-02-19,68.145027
2026-02-20,68.868172
2026-02-23,68.531357
2026-02-24,68.808731
2026-02-25,69.601242
2026-02-26,69.650772
2026-02-27,69.581421
2026-03-02,68.362961
2026-03-03,65.985458
2026-03-04,66.748238
2026-03-05,65.173149
2026-03-06,64.667931
2026-03-09,65.292030
2026-03-10,65.351456
2026-03-11,65.242500
2026-03-12,63.964584
2026-03-13,63.221619
2026-03-16,64.578781
2026-03-17,64.796715
2026-03-18,63.677307
2026-03-19,63.558434
2026-03-20,61.562897
2026-03-23,63.170437
2026-03-24,62.664364
2026-03-25,63.478054
2026-03-26,61.999512
2026-03-27,61.572819
2026-03-30,61.552971
2026-03-31,63.587208
2026-04-01,64.639053
2026-04-02,64.142899
2026-04-06,64.619217
2026-04-07,64.589432
2026-04-08,67.298447
2026-04-09,67.030525
2026-04-10,67.219063
2026-04-13,67.685448
2026-04-14,68.360214
2026-04-15,68.171677
2026-04-16,68.102219
2026-04-17,69.094528
2026-04-20,68.796829
2026-04-21,67.298447
2026-04-22,67.824371
2026-04-23,67.169449
2026-04-24,67.615982
2026-04-27,67.546524
2026-04-28,67.209145
2026-04-29,66.564140
2026-04-30,68.270912
2026-05-01,68.191528
2026-05-04,67.387756
2026-05-05,68.449532
2026-05-06,70.324997
2026-05-07,69.134216
2026-05-08,70.285301
2026-05-11,70.275375
2026-05-12,69.431908
2026-05-13,70.086830
2026-05-14,70.017372
2026-05-15,68.548759
2026-05-18,68.985367
2026-05-19,68.459450
2026-05-20,69.660133
2026-05-21,70.146378
2026-05-22,69.918144
2026-05-26,71.227989
2026-05-27,70.860840
2026-05-28,71.108917
2026-05-29,71.218063
2026-06-01,71.317299
2026-06-02,71.763840
2026-06-03,71.118843
2026-06-04,71.287529
2026-06-05,68.638062
2026-06-08,69.322762
2026-06-09,69.302902
2026-06-10,68.280830
2026-06-11,70.761604
2026-06-12,70.999763
2026-06-15,71.833298
2026-06-16,71.763840
2026-06-17,71.446297
2026-06-18,72.131599
2026-06-22,72.211403
2026-06-23,69.996880
2026-06-24,70.106613
2026-06-25,70.984444
2026-06-26,70.385918
2026-06-29,70.745033
2026-06-30,71.074219
2026-07-01,70.186417
2026-07-02,70.635300
2026-07-06,71.712639
2026-07-07,70.605377
2026-07-08,70.166458
2026-07-09,70.555504
2026-07-10,70.814857
2026-07-13,69.587898
2026-07-14,70.425819
2026-07-15,70.645279
2026-07-16,69.857231
2026-07-17,69.528038
2026-07-20,69.059204
2026-07-21,70.296143
2026-07-22,70.316093
2026-07-23,69.607841
2026-07-24,69.538017
2026-07-27,69.827301
2026-07-28,69.428291
2026-07-29,68.779892
2026-07-30,70.914612
2026-07-31,70.445778
2026-08-03,70.864738
2026-08-04,72.041824
2026-08-05,72.171501
2026-08-06,71.942078
2026-08-07,72.710175
2026-08-10,72.321136
2026-08-11,72.510666
2026-08-12,73.119164
2026-08-13,73.358574
2026-08-14,73.398476
2026-08-17,73.508202
2026-08-18,72.211403
2026-08-19,72.650322
2026-08-20,72.660294
2026-08-21,73.238861
2026-08-24,72.879753
2026-08-25,73.607956
2026-08-26,73.268791
2026-08-27,73.238861
2026-08-28,72.879753
2026-08-31,72.740097
2026-09-01,71.932098
2026-09-02,72.410912
2026-09-03,73.258820
2026-09-04,73.578026
2026-09-08,73.268791
2026-09-09,72.640343
2026-09-10,71.742561
2026-09-11,72.510666
2026-09-14,71.543060
2026-09-15,71.353531
2026-09-16,71.084198
2026-09-17,71.972000
2026-09-18,71.379997
2026-09-21,72.300003
2026-09-22,72.709999
2026-09-23,71.419998
2026-09-24,71.050003
2026-09-25,71.839996
