date,adj_close
2005-03-10,23.463709
2005-03-11,23.463709
2005-03-14,23.440647
2005-03-15,23.371517
2005-03-16,23.279308
2005-03-17,23.279308
2005-03-18,23.141016
2005-03-21,22.979677
2005-03-22,22.763021
2005-03-23,22.610897
2005-03-24,22.703098
2005-03-28,22.656996
2005-03-29,22.656996
2005-03-30,22.809124
2005-03-31,22.703098
2005-04-01,22.541746
2005-04-04,22.610897
2005-04-05,22.643167
2005-04-06,22.822950
2005-04-07,22.910536
2005-04-08,22.887487
2005-04-11,23.131802
2005-04-12,23.136414
2005-04-13,22.749187
2005-04-14,22.587858
2005-04-15,22.440329
2005-04-18,22.444948
2005-04-19,22.656996
2005-04-20,22.334318
2005-04-21,22.656996
2005-04-22,22.472610
2005-04-25,22.652382
2005-04-26,22.426510
2005-04-27,22.311266
2005-04-28,21.979359
2005-04-29,22.214458
2005-05-02,22.219069
2005-05-03,22.357365
2005-05-04,22.721529
2005-05-05,22.629333
2005-05-06,22.458773
2005-05-09,22.633944
2005-05-10,22.242113
2005-05-11,22.394238
2005-05-12,22.126865
2005-05-13,22.053112
2005-05-16,22.117655
2005-05-17,22.214458
2005-05-18,22.541746
2005-05-19,22.514095
2005-05-20,22.449556
2005-05-23,22.633944
2005-05-24,22.472610
2005-05-25,22.472610
2005-05-26,22.541746
2005-05-27,22.587858
2005-05-31,22.274391
2005-06-01,22.357365
2005-06-02,22.550966
2005-06-03,22.357365
2005-06-06,22.495651
2005-06-07,22.564802
2005-06-08,22.518698
2005-06-09,22.615509
2005-06-10,22.518698
2005-06-13,22.444948
2005-06-14,22.380407
2005-06-15,22.541746
2005-06-16,22.583233
2005-06-17,22.956631
2005-06-20,22.781466
2005-06-21,22.841377
2005-06-22,22.809124
2005-06-23,22.495651
2005-06-24,22.587858
2005-06-27,22.541746
2005-06-28,22.647783
2005-06-29,22.633944
2005-06-30,22.574020
2005-07-01,22.587858
2005-07-05,22.495651
2005-07-06,22.578629
2005-07-07,22.444948
2005-07-08,22.680046
2005-07-11,22.827557
2005-07-12,23.260881
2005-07-13,23.076483
2005-07-14,23.117973
2005-07-15,23.081099
2005-07-18,22.896702
2005-07-19,23.081099
2005-07-20,23.214787
2005-07-21,23.265478
2005-07-22,23.094927
2005-07-25,23.094927
2005-07-26,23.085695
2005-07-27,23.288540
2005-07-28,23.514408
2005-07-29,23.196339
2005-08-01,23.491360
2005-08-02,23.648096
2005-08-03,23.873980
2005-08-04,23.675745
2005-08-05,23.684973
2005-08-08,23.717241
2005-08-09,23.910851
2005-08-10,24.039925
2005-08-11,24.238148
2005-08-12,24.201273
2005-08-15,24.201273
2005-08-16,24.058357
2005-08-17,23.744892
2005-08-18,23.652699
2005-08-19,23.671148
2005-08-22,23.804832
2005-08-23,23.694193
2005-08-24,23.551289
2005-08-25,23.578936
2005-08-26,23.431435
2005-08-29,23.431435
2005-08-30,23.371517
2005-08-31,23.855532
2005-09-01,24.242750
2005-09-02,24.311905
2005-09-06,24.565439
2005-09-07,24.514734
2005-09-08,24.394867
2005-09-09,24.611538
2005-09-12,24.348783
2005-09-13,24.145948
2005-09-14,24.127510
2005-09-15,24.127510
2005-09-16,24.394867
2005-09-19,24.155169
2005-09-20,24.067585
2005-09-21,23.966179
2005-09-22,23.938513
2005-09-23,23.873980
2005-09-26,23.998432
2005-09-27,23.998432
2005-09-28,24.182835
2005-09-29,24.381041
2005-09-30,24.168995
2005-10-03,24.104465
2005-10-04,24.053755
2005-10-05,23.910851
2005-10-06,23.938513
2005-10-07,23.901628
2005-10-10,23.823261
2005-10-11,23.703409
2005-10-12,23.509804
2005-10-13,23.339231
2005-10-14,23.643488
2005-10-17,23.454491
2005-10-18,23.173286
2005-10-19,23.256262
2005-10-20,22.869047
2005-10-21,22.933582
2005-10-24,23.306969
2005-10-25,23.362282
2005-10-26,23.348454
2005-10-27,23.270090
2005-10-28,23.454491
2005-10-31,23.666536
2005-11-01,23.684973
2005-11-02,23.975388
2005-11-03,24.062975
2005-11-04,23.703409
2005-11-07,23.777166
2005-11-08,23.708033
2005-11-09,23.708033
2005-11-10,23.735678
2005-11-11,23.827869
2005-11-14,23.754122
2005-11-15,23.583565
2005-11-16,23.486752
2005-11-17,23.795601
2005-11-18,23.901628
2005-11-21,23.980001
2005-11-22,24.168995
2005-11-23,24.224308
2005-11-25,24.016876
2005-11-28,24.058357
2005-11-29,24.039925
2005-11-30,23.873980
2005-12-01,24.288849
2005-12-02,24.431761
2005-12-05,24.487074
2005-12-06,24.602318
2005-12-07,24.371832
2005-12-08,24.523954
2005-12-09,24.662245
2005-12-12,24.924995
2005-12-13,25.058687
2005-12-14,25.049465
2005-12-15,24.842028
2005-12-16,25.003374
2005-12-19,24.943439
2005-12-20,24.805147
2005-12-21,24.777487
2005-12-22,24.934225
2005-12-23,24.943439
2005-12-27,24.834646
2005-12-28,25.009661
2005-12-29,25.004930
2005-12-30,24.881937
2006-01-03,25.761787
2006-01-04,26.007776
2006-01-05,25.927368
2006-01-06,26.239574
2006-01-09,26.097658
2006-01-10,25.922623
2006-01-11,26.159145
2006-01-12,25.913174
2006-01-13,26.017246
2006-01-17,25.804371
2006-01-18,25.671915
2006-01-19,25.671915
2006-01-20,25.459059
2006-01-23,25.856407
2006-01-24,25.851673
2006-01-25,26.012510
2006-01-26,26.230110
2006-01-27,26.234848
2006-01-30,26.291603
2006-01-31,26.457174
2006-02-01,26.457174
2006-02-02,26.296335
2006-02-03,26.083467
2006-02-06,26.050358
2006-02-07,25.828032
2006-02-08,26.069281
2006-02-09,26.201721
2006-02-10,26.173346
2006-02-13,26.097658
2006-02-14,26.258492
2006-02-15,26.149691
2006-02-16,26.319990
2006-02-17,26.433519
2006-02-21,26.485556
2006-02-22,26.670036
2006-02-23,26.584887
2006-02-24,26.551775
2006-02-27,26.594349
2006-02-28,26.372017
2006-03-01,26.613270
2006-03-02,26.655846
2006-03-03,26.736265
2006-03-06,26.655846
2006-03-07,26.315256
2006-03-08,26.324717
2006-03-09,26.338907
2006-03-10,26.608536
2006-03-13,26.835604
2006-03-14,27.166727
2006-03-15,27.308643
2006-03-16,27.502588
2006-03-17,27.554621
2006-03-20,27.549894
2006-03-21,27.303905
2006-03-22,27.530968
2006-03-23,27.242418
2006-03-24,27.445829
2006-03-27,27.232962
2006-03-28,27.057938
2006-03-29,27.318108
2006-03-30,27.601925
2006-03-31,27.431635
2006-04-03,27.630304
2006-04-04,27.980350
2006-04-05,28.065514
2006-04-06,27.947247
2006-04-07,27.535696
2006-04-10,27.587730
2006-04-11,27.346481
2006-04-12,27.308643
2006-04-13,27.398523
2006-04-17,27.677614
2006-04-18,28.074974
2006-04-19,28.382439
2006-04-20,28.335138
2006-04-21,28.462873
2006-04-24,28.647348
2006-04-25,28.557468
2006-04-26,28.614237
2006-04-27,28.746689
2006-04-28,28.864939
2006-05-01,28.789251
2006-05-02,29.224459
2006-05-03,28.978477
2006-05-04,29.191343
2006-05-05,29.792112
2006-05-08,29.768456
2006-05-09,29.934019
2006-05-10,29.943480
2006-05-11,29.692762
2006-05-12,29.243374
2006-05-15,28.718309
2006-05-16,28.921717
2006-05-17,27.852636
2006-05-18,27.843176
2006-05-19,27.947247
2006-05-22,27.379591
2006-05-23,27.795881
2006-05-24,27.530968
2006-05-25,28.041849
2006-05-26,28.273643
2006-05-30,27.918867
2006-05-31,28.018209
2006-06-01,28.302027
2006-06-02,28.595320
2006-06-05,28.027666
2006-06-06,27.720186
2006-06-07,27.535696
2006-06-08,26.726803
2006-06-09,26.783567
2006-06-12,26.485556
2006-06-13,25.733418
2006-06-14,26.178080
2006-06-15,27.005898
2006-06-16,26.840334
2006-06-19,26.655846
2006-06-20,26.868713
2006-06-21,27.242418
2006-06-22,26.972784
2006-06-23,26.930210
2006-06-26,27.057938
2006-06-27,26.684225
2006-06-28,27.029543
2006-06-29,27.899948
2006-06-30,28.302027
2006-07-03,28.481781
2006-07-05,27.966164
2006-07-06,28.330406
2006-07-07,28.160116
2006-07-10,28.240528
2006-07-11,28.297287
2006-07-12,27.866827
2006-07-13,27.322824
2006-07-14,27.152542
2006-07-17,26.783567
2006-07-18,26.726803
2006-07-19,27.568817
2006-07-20,27.407974
2006-07-21,27.398523
2006-07-24,27.871561
2006-07-25,27.862101
2006-07-26,28.046581
2006-07-27,28.127005
2006-07-28,28.670988
2006-07-31,28.595320
2006-08-01,28.443933
2006-08-02,28.727757
2006-08-03,28.689926
2006-08-04,28.803457
2006-08-07,28.694645
2006-08-08,28.510166
2006-08-09,28.723034
2006-08-10,28.618973
2006-08-11,28.472326
2006-08-14,28.510166
2006-08-15,29.139307
2006-08-16,29.394758
2006-08-17,29.290693
2006-08-18,29.375828
2006-08-21,29.347445
2006-08-22,29.191343
2006-08-23,29.115660
2006-08-24,29.101458
2006-08-25,29.096733
2006-08-28,29.328529
2006-08-29,29.503555
2006-08-30,29.588701
2006-08-31,29.522470
2006-09-01,29.664379
2006-09-05,29.669109
2006-09-06,29.252846
2006-09-07,28.926447
2006-09-08,28.926447
2006-09-11,28.836561
2006-09-12,29.262304
2006-09-13,29.295412
2006-09-14,29.342712
2006-09-15,29.186615
2006-09-18,29.337988
2006-09-19,29.058886
2006-09-20,29.470436
2006-09-21,29.598162
2006-09-22,29.489370
2006-09-25,29.574499
2006-09-26,29.730610
2006-09-27,29.801567
2006-09-28,29.896170
2006-09-29,29.853600
2006-10-02,29.839418
2006-10-03,29.787380
2006-10-04,30.109043
2006-10-05,30.109043
2006-10-06,29.886721
2006-10-09,29.943480
2006-10-10,29.957672
2006-10-11,30.000240
2006-10-12,30.326651
2006-10-13,30.321915
2006-10-16,30.392866
2006-10-17,30.217836
2006-10-18,30.250954
2006-10-19,30.506393
2006-10-20,30.695608
2006-10-23,30.676706
2006-10-24,30.624659
2006-10-25,30.884836
2006-10-26,31.111891
2006-10-27,30.917946
2006-10-30,30.851727
2006-10-31,30.955778
2006-11-01,30.903746
2006-11-02,31.012548
2006-11-03,30.936846
2006-11-06,31.353130
2006-11-07,31.490320
2006-11-08,31.622770
2006-11-09,31.471409
2006-11-10,31.736307
2006-11-13,31.589661
2006-11-14,31.722115
2006-11-15,31.745766
2006-11-16,31.703188
2006-11-17,31.660625
2006-11-20,31.622770
2006-11-21,31.830912
2006-11-22,32.005943
2006-11-24,31.982290
2006-11-27,31.547092
2006-11-28,31.759964
2006-11-29,32.005943
2006-11-30,32.119473
2006-12-01,32.005943
2006-12-04,32.247189
2006-12-05,32.493164
2006-12-06,32.280296
2006-12-07,32.493164
2006-12-08,32.412746
2006-12-11,32.635086
2006-12-12,32.710773
2006-12-13,32.890526
2006-12-14,33.065552
2006-12-15,32.824314
2006-12-18,32.876331
2006-12-19,33.056076
2006-12-20,32.881062
2006-12-21,32.810097
2006-12-22,32.727055
2006-12-26,32.741631
2006-12-27,33.076763
2006-12-28,33.222473
2006-12-29,33.105904
2007-01-03,33.271046
2007-01-04,33.207909
2007-01-05,32.722206
2007-01-08,32.673618
2007-01-09,32.552189
2007-01-10,32.377342
2007-01-11,32.858189
2007-01-12,33.052479
2007-01-16,33.062199
2007-01-17,33.003895
2007-01-18,32.965038
2007-01-19,33.324474
2007-01-22,33.159332
2007-01-23,33.368176
2007-01-24,33.630482
2007-01-25,33.101044
2007-01-26,33.149620
2007-01-29,33.207909
2007-01-30,33.426468
2007-01-31,33.625610
2007-02-01,33.844170
2007-02-02,33.790756
2007-02-05,33.683899
2007-02-06,33.985043
2007-02-07,34.091892
2007-02-08,33.999607
2007-02-09,33.815037
2007-02-12,33.615902
2007-02-13,33.946182
2007-02-14,34.427029
2007-02-15,34.441605
2007-02-16,34.407600
2007-02-20,34.441605
2007-02-21,34.223034
2007-02-22,34.315311
2007-02-23,34.499889
2007-02-26,34.533894
2007-02-27,32.848488
2007-02-28,33.207909
2007-03-01,32.756191
2007-03-02,32.421047
2007-03-05,31.862484
2007-03-06,32.731907
2007-03-07,32.858189
2007-03-08,33.023338
2007-03-09,33.178753
2007-03-12,33.305050
2007-03-13,32.479328
2007-03-14,32.600780
2007-03-15,32.731907
2007-03-16,32.843624
2007-03-19,33.256474
2007-03-20,33.635326
2007-03-21,34.495037
2007-03-22,34.286160
2007-03-23,34.441605
2007-03-26,34.524166
2007-03-27,34.329887
2007-03-28,33.970463
2007-03-29,34.383324
2007-03-30,34.446461
2007-04-02,34.786453
2007-04-03,34.975891
2007-04-04,35.009892
2007-04-05,35.364441
2007-04-09,35.179882
2007-04-10,35.505295
2007-04-11,35.335304
2007-04-12,35.651005
2007-04-13,35.850151
2007-04-16,36.243572
2007-04-17,36.253300
2007-04-18,36.233879
2007-04-19,36.156151
2007-04-20,36.622444
2007-04-23,36.340717
2007-04-24,36.384449
2007-04-25,36.729294
2007-04-26,36.520435
2007-04-27,36.568989
2007-04-30,36.428139
2007-05-01,36.423294
2007-05-02,36.661293
2007-05-03,36.622444
2007-05-04,37.108143
2007-05-07,37.127579
2007-05-08,36.739002
2007-05-09,36.816715
2007-05-10,35.942444
2007-05-11,36.753571
2007-05-14,36.535019
2007-05-15,36.622444
2007-05-16,36.739002
2007-05-17,36.675865
2007-05-18,37.132435
2007-05-21,36.845844
2007-05-22,36.855572
2007-05-23,37.054710
2007-05-24,36.685574
2007-05-25,36.928432
2007-05-29,36.908978
2007-05-30,37.083851
2007-05-31,37.205296
2007-06-01,37.409271
2007-06-04,37.647263
2007-06-05,37.283005
2007-06-06,36.719570
2007-06-07,35.845303
2007-06-08,36.335873
2007-06-11,36.399017
2007-06-12,35.777294
2007-06-13,36.350433
2007-06-14,36.632153
2007-06-15,37.205296
2007-06-18,37.239277
2007-06-19,37.399574
2007-06-20,36.913860
2007-06-21,37.122723
2007-06-22,36.632153
2007-06-25,36.607857
2007-06-26,36.496159
2007-06-27,36.719570
2007-06-28,36.826416
2007-06-29,37.074154
2007-07-02,37.496696
2007-07-03,37.763859
2007-07-05,37.652149
2007-07-06,37.890133
2007-07-09,38.055267
2007-07-10,37.472416
2007-07-11,37.982418
2007-07-12,38.618690
2007-07-13,38.526413
2007-07-16,38.298122
2007-07-17,38.322418
2007-07-18,38.128136
2007-07-19,38.181549
2007-07-20,37.865852
2007-07-23,38.016422
2007-07-24,37.263561
2007-07-25,37.200432
2007-07-26,36.034729
2007-07-27,35.286739
2007-07-30,35.796722
2007-07-31,36.020157
2007-08-01,36.287292
2007-08-02,36.306732
2007-08-03,35.631588
2007-08-06,36.117279
2007-08-07,36.253300
2007-08-08,36.972137
2007-08-09,35.558743
2007-08-10,35.141018
2007-08-13,35.179882
2007-08-14,34.699024
2007-08-15,33.853886
2007-08-16,33.577034
2007-08-17,34.295883
2007-08-20,34.218174
2007-08-21,34.145317
2007-08-22,35.116745
2007-08-23,35.058456
2007-08-24,35.811291
2007-08-27,35.597591
2007-08-28,34.626167
2007-08-29,35.612164
2007-08-30,35.388733
2007-08-31,36.117279
2007-09-04,36.365009
2007-09-05,35.874432
2007-09-06,36.054161
2007-09-07,35.519878
2007-09-10,35.238171
2007-09-11,36.088142
2007-09-12,36.020157
2007-09-13,36.301868
2007-09-14,36.000725
2007-09-17,35.515026
2007-09-18,36.773006
2007-09-19,36.986713
2007-09-20,37.127579
2007-09-21,37.399574
2007-09-24,37.360714
2007-09-25,37.399574
2007-09-26,37.321854
2007-09-27,37.768703
2007-09-28,37.982418
2007-10-01,38.361271
2007-10-02,38.332123
2007-10-03,37.885284
2007-10-04,38.147568
2007-10-05,38.346695
2007-10-08,38.055267
2007-10-09,38.477859
2007-10-10,38.604130
2007-10-11,38.774128
2007-10-12,38.905266
2007-10-15,38.667255
2007-10-16,38.220406
2007-10-17,38.667255
2007-10-18,38.778965
2007-10-19,37.953274
2007-10-22,37.807568
2007-10-23,38.322418
2007-10-24,38.128136
2007-10-25,38.346695
2007-10-26,39.084965
2007-10-29,39.410400
2007-10-30,39.235538
2007-10-31,39.784401
2007-11-01,38.846985
2007-11-02,39.050976
2007-11-05,38.623535
2007-11-06,39.123833
2007-11-07,38.492409
2007-11-08,38.856697
2007-11-09,37.948425
2007-11-12,37.331585
2007-11-13,38.322418
2007-11-14,38.069839
2007-11-15,37.554989
2007-11-16,37.749271
2007-11-19,36.573856
2007-11-20,37.292706
2007-11-21,36.714714
2007-11-23,37.637554
2007-11-26,36.816715
2007-11-27,37.351009
2007-11-28,38.516697
2007-11-29,38.103851
2007-11-30,38.288418
2007-12-03,38.167000
2007-12-04,37.943569
2007-12-05,38.307858
2007-12-06,38.608982
2007-12-07,38.555546
2007-12-10,39.002411
2007-12-11,37.982418
2007-12-12,38.764397
2007-12-13,38.055267
2007-12-14,37.137272
2007-12-17,36.452442
2007-12-18,36.768147
2007-12-19,36.462139
2007-12-20,36.661293
2007-12-21,37.176140
2007-12-24,37.374599
2007-12-26,37.474815
2007-12-27,37.529942
2007-12-28,37.890762
2007-12-31,37.494865
2008-01-02,37.349533
2008-01-03,37.484833
2008-01-04,36.572796
2008-01-07,36.557732
2008-01-08,36.282127
2008-01-09,36.332222
2008-01-10,36.362297
2008-01-11,35.700806
2008-01-14,36.267094
2008-01-15,35.104454
2008-01-16,34.427921
2008-01-17,33.926777
2008-01-18,33.821564
2008-01-22,32.874401
2008-01-23,32.769161
2008-01-24,33.726318
2008-01-25,33.024742
2008-01-28,33.721325
2008-01-29,33.876671
2008-01-30,33.676208
2008-01-31,34.127232
2008-02-01,34.598312
2008-02-04,34.212429
2008-02-05,32.628845
2008-02-06,32.814270
2008-02-07,32.428394
2008-02-08,32.247982
2008-02-11,32.473488
2008-02-12,33.054810
2008-02-13,33.490795
2008-02-14,33.255272
2008-02-15,33.155048
2008-02-19,33.631115
2008-02-20,33.581001
2008-02-21,33.641136
2008-02-22,33.871666
2008-02-25,34.367794
2008-02-26,35.064365
2008-02-27,35.104454
2008-02-28,34.878933
2008-02-29,34.027004
2008-03-03,33.956860
2008-03-04,33.681236
2008-03-05,34.077126
2008-03-06,33.641136
2008-03-07,33.325428
2008-03-10,32.989666
2008-03-11,34.027004
2008-03-12,34.062088
2008-03-13,34.217438
2008-03-14,33.415630
2008-03-17,32.849346
2008-03-18,33.841595
2008-03-19,32.573727
2008-03-20,32.864388
2008-03-24,33.565983
2008-03-25,34.137260
2008-03-26,34.137260
2008-03-27,34.232464
2008-03-28,34.227474
2008-03-31,34.473022
2008-04-01,35.415146
2008-04-02,35.500351
2008-04-03,35.565487
2008-04-04,35.695789
2008-04-07,35.876198
2008-04-08,35.575516
2008-04-09,35.450230
2008-04-10,35.324955
2008-04-11,34.688515
2008-04-14,34.768684
2008-04-15,34.929047
2008-04-16,36.066620
2008-04-17,35.595577
2008-04-18,35.971413
2008-04-21,36.131786
2008-04-22,35.785995
2008-04-23,35.891243
2008-04-24,35.710823
2008-04-25,36.101707
2008-04-28,36.016514
2008-04-29,35.790997
2008-04-30,35.886219
2008-05-01,36.196922
2008-05-02,36.211960
2008-05-05,36.282127
2008-05-06,36.587822
2008-05-07,35.921295
2008-05-08,36.252045
2008-05-09,36.086670
2008-05-12,36.442486
2008-05-13,36.196922
2008-05-14,36.151814
2008-05-15,36.708073
2008-05-16,37.113983
2008-05-19,36.968662
2008-05-20,36.667992
2008-05-21,36.191910
2008-05-22,36.858425
2008-05-23,36.232014
2008-05-27,36.131786
2008-05-28,36.332222
2008-05-29,36.081680
2008-05-30,36.126755
2008-06-02,35.680759
2008-06-03,35.555477
2008-06-04,35.204685
2008-06-05,35.901249
2008-06-06,34.939075
2008-06-09,34.878933
2008-06-10,34.327690
2008-06-11,33.801506
2008-06-12,33.736366
2008-06-13,34.022003
2008-06-16,34.192402
2008-06-17,34.282597
2008-06-18,33.926777
2008-06-19,33.876671
2008-06-20,33.265289
2008-06-23,33.124973
2008-06-24,32.999683
2008-06-25,33.385563
2008-06-26,32.573727
2008-06-27,32.633862
2008-06-30,32.879421
2008-07-01,32.408352
2008-07-02,31.977375
2008-07-03,32.373276
2008-07-07,31.832041
2008-07-08,32.147770
2008-07-09,31.832041
2008-07-10,31.947306
2008-07-11,31.305845
2008-07-14,31.150501
2008-07-15,30.804724
2008-07-16,31.255732
2008-07-17,31.997419
2008-07-18,32.363247
2008-07-21,32.478508
2008-07-22,32.488533
2008-07-23,32.583744
2008-07-24,31.852097
2008-07-25,32.062576
2008-07-28,31.626579
2008-07-29,31.922243
2008-07-30,32.227940
2008-07-31,31.932280
2008-08-01,31.511316
2008-08-04,31.456182
2008-08-05,32.288071
2008-08-06,32.318142
2008-08-07,31.726812
2008-08-08,31.761887
2008-08-11,31.731813
2008-08-12,31.491276
2008-08-13,30.945057
2008-08-14,30.764629
2008-08-15,30.604265
2008-08-18,30.368731
2008-08-19,30.053030
2008-08-20,30.118170
2008-08-21,30.298571
2008-08-22,30.534100
2008-08-25,30.012926
2008-08-26,30.133200
2008-08-27,30.388784
2008-08-28,30.829775
2008-08-29,30.704487
2008-09-02,30.118170
2008-09-03,30.158258
2008-09-04,28.765104
2008-09-05,28.574669
2008-09-08,29.005648
2008-09-09,28.243921
2008-09-10,28.399277
2008-09-11,28.364195
2008-09-12,29.000635
2008-09-15,27.712721
2008-09-16,27.371941
2008-09-17,26.550091
2008-09-18,27.632534
2008-09-19,29.586964
2008-09-22,29.110888
2008-09-23,28.304066
2008-09-24,28.223875
2008-09-25,29.015678
2008-09-26,28.644833
2008-09-29,25.622995
2008-09-30,26.745531
2008-10-01,26.595184
2008-10-02,25.447594
2008-10-03,25.377439
2008-10-06,23.969244
2008-10-07,22.801609
2008-10-08,22.255369
2008-10-09,20.812099
2008-10-10,20.341043
2008-10-13,23.227560
2008-10-14,23.017099
2008-10-15,20.426228
2008-10-16,21.483627
2008-10-17,21.097754
2008-10-20,22.150137
2008-10-21,20.782038
2008-10-22,19.318724
2008-10-23,19.564280
2008-10-24,18.411671
2008-10-27,17.489586
2008-10-28,19.584330
2008-10-29,20.155622
2008-10-30,20.591606
2008-10-31,20.907320
2008-11-03,20.761990
2008-11-04,22.425755
2008-11-05,20.987501
2008-11-06,19.664505
2008-11-07,20.812099
2008-11-10,20.275894
2008-11-11,19.764734
2008-11-12,18.647200
2008-11-13,20.185692
2008-11-14,19.063143
2008-11-17,18.677271
2008-11-18,18.712358
2008-11-19,17.454508
2008-11-20,16.422173
2008-11-21,17.324215
2008-11-24,18.657223
2008-11-25,18.987980
2008-11-26,19.198456
2008-11-28,19.363823
2008-12-01,17.634918
2008-12-02,18.541965
2008-12-03,18.757442
2008-12-04,18.171120
2008-12-05,18.476822
2008-12-08,19.313713
2008-12-09,19.258593
2008-12-10,19.714613
2008-12-11,19.699581
2008-12-12,19.789791
2008-12-15,19.854937
2008-12-16,21.072697
2008-12-17,21.002535
2008-12-18,20.230793
2008-12-19,19.834894
2008-12-22,19.654482
2008-12-23,19.699581
2008-12-24,20.024763
2008-12-26,19.905737
2008-12-29,19.986891
2008-12-30,20.614523
2008-12-31,20.755199
2009-01-02,21.150173
2009-01-05,20.928349
2009-01-06,21.307087
2009-01-07,20.917513
2009-01-08,21.150173
2009-01-09,20.338579
2009-01-12,19.824572
2009-01-13,19.424185
2009-01-14,18.553080
2009-01-15,18.688339
2009-01-16,18.737036
2009-01-20,17.222055
2009-01-21,18.039062
2009-01-22,17.638670
2009-01-23,17.514229
2009-01-26,17.963312
2009-01-27,18.190557
2009-01-28,18.866894
2009-01-29,17.968725
2009-01-30,17.882156
2009-02-02,17.644083
2009-02-03,18.287952
2009-02-04,18.055292
2009-02-05,18.461090
2009-02-06,18.920990
2009-02-09,19.099541
2009-02-10,18.071531
2009-02-11,18.217606
2009-02-12,18.255493
2009-02-13,18.055292
2009-02-17,16.994810
2009-02-18,16.956940
2009-02-19,16.897415
2009-02-20,16.670172
2009-02-23,16.042542
2009-02-24,16.626884
2009-02-25,16.226498
2009-02-26,16.091234
2009-02-27,16.026300
2009-03-02,14.982049
2009-03-03,14.868426
2009-03-04,15.512298
2009-03-05,14.857607
2009-03-06,14.814320
2009-03-09,14.478864
2009-03-10,15.469007
2009-03-11,15.620503
2009-03-12,16.156164
2009-03-13,16.161575
2009-03-16,16.334711
2009-03-17,16.772970
2009-03-18,17.167952
2009-03-19,17.189587
2009-03-20,16.956940
2009-03-23,18.158094
2009-03-24,17.541281
2009-03-25,17.817225
2009-03-26,17.979549
2009-03-27,17.281572
2009-03-30,16.583595
2009-03-31,17.259928
2009-04-01,17.709009
2009-04-02,18.498962
2009-04-03,18.709988
2009-04-06,18.358290
2009-04-07,17.795586
2009-04-08,17.984951
2009-04-09,18.417807
2009-04-13,18.688339
2009-04-14,18.455677
2009-04-15,18.774910
2009-04-16,18.996742
2009-04-17,18.942638
2009-04-20,17.979549
2009-04-21,18.434040
2009-04-22,18.255493
2009-04-23,18.780321
2009-04-24,19.126596
2009-04-27,18.850651
2009-04-28,18.796549
2009-04-29,19.337610
2009-04-30,19.532394
2009-05-01,19.867853
2009-05-04,20.598293
2009-05-05,20.414335
2009-05-06,20.874235
2009-05-07,20.555016
2009-05-08,21.442354
2009-05-11,20.841776
2009-05-12,21.047377
2009-05-13,20.343992
2009-05-14,20.625345
2009-05-15,20.322346
2009-05-18,21.247574
2009-05-19,21.539743
2009-05-20,21.583025
2009-05-21,21.572205
2009-05-22,21.680416
2009-05-26,22.021290
2009-05-27,21.685835
2009-05-28,21.940121
2009-05-29,22.318878
2009-06-01,22.859941
2009-06-02,23.157520
2009-06-03,22.400036
2009-06-04,22.540710
2009-06-05,22.221489
2009-06-08,22.172789
2009-06-09,22.405445
2009-06-10,22.416267
2009-06-11,22.757132
2009-06-12,22.665150
2009-06-15,21.766979
2009-06-16,21.604673
2009-06-17,21.550568
2009-06-18,21.566797
2009-06-19,21.864386
2009-06-22,21.106884
2009-06-23,21.382832
2009-06-24,21.447758
2009-06-25,21.799456
2009-06-26,21.739939
2009-06-29,22.026697
2009-06-30,21.794046
2009-07-01,22.226892
2009-07-02,21.577620
2009-07-06,21.431530
2009-07-07,20.885054
2009-07-08,20.744379
2009-07-09,21.133953
2009-07-10,20.814718
2009-07-13,21.366602
2009-07-14,21.474810
2009-07-15,22.345932
2009-07-16,22.659742
2009-07-17,22.535299
2009-07-20,23.054718
2009-07-21,23.125061
2009-07-22,23.152117
2009-07-23,23.590370
2009-07-24,23.763515
2009-07-27,23.860897
2009-07-28,23.568743
2009-07-29,23.384771
2009-07-30,23.844679
2009-07-31,24.266699
2009-08-03,24.926792
2009-08-04,24.910566
2009-08-05,24.851061
2009-08-06,24.607573
2009-08-07,24.694149
2009-08-10,24.445253
2009-08-11,24.223415
2009-08-12,24.521013
2009-08-13,24.964682
2009-08-14,24.667093
2009-08-17,23.795977
2009-08-18,24.261297
2009-08-19,24.521013
2009-08-20,24.818590
2009-08-21,25.484095
2009-08-24,25.419174
2009-08-25,25.705938
2009-08-26,25.467869
2009-08-27,25.738388
2009-08-28,25.765448
2009-08-31,25.597721
2009-09-01,24.753662
2009-09-02,24.775293
2009-09-03,24.948452
2009-09-04,25.397526
2009-09-08,26.030575
2009-09-09,26.387674
2009-09-10,26.604101
2009-09-11,26.566223
2009-09-14,26.723131
2009-09-15,26.831337
2009-09-16,27.372414
2009-09-17,27.291248
2009-09-18,27.253378
2009-09-21,27.004482
2009-09-22,27.356186
2009-09-23,27.091057
2009-09-24,26.566223
2009-09-25,26.495888
2009-09-28,26.869209
2009-09-29,26.771820
2009-09-30,26.831337
2009-10-01,25.971048
2009-10-02,25.760044
2009-10-05,26.198305
2009-10-06,26.690670
2009-10-07,26.696070
2009-10-08,27.096462
2009-10-09,26.961191
2009-10-12,27.134340
2009-10-13,27.210089
2009-10-14,27.945944
2009-10-15,28.086613
2009-10-16,27.756557
2009-10-19,28.162365
2009-10-20,27.967573
2009-10-21,27.924295
2009-10-22,28.265167
2009-10-23,27.761971
2009-10-26,27.204689
2009-10-27,27.031540
2009-10-28,26.295691
2009-10-29,27.258781
2009-10-30,26.138784
2009-11-02,26.452600
2009-11-03,26.290281
2009-11-04,26.706905
2009-11-05,27.193865
2009-11-06,27.237150
2009-11-09,28.043324
2009-11-10,27.940536
2009-11-11,27.908052
2009-11-12,27.686228
2009-11-13,27.978403
2009-11-16,28.497822
2009-11-17,28.362555
2009-11-18,28.367964
2009-11-19,27.832315
2009-11-20,27.507677
2009-11-23,28.102846
2009-11-24,28.054152
2009-11-25,28.487001
2009-11-27,27.442751
2009-11-30,27.323713
2009-12-01,28.064964
2009-12-02,28.146133
2009-12-03,27.881014
2009-12-04,27.848545
2009-12-07,27.751148
2009-12-08,27.085646
2009-12-09,27.009893
2009-12-10,27.172215
2009-12-11,27.139750
2009-12-14,27.399456
2009-12-15,27.145164
2009-12-16,27.513081
2009-12-17,26.777243
2009-12-18,26.733959
2009-12-21,26.966599
2009-12-22,27.285845
2009-12-23,27.426514
2009-12-24,27.467001
2009-12-28,27.669415
2009-12-29,27.641302
2009-12-30,27.523228
2009-12-31,27.258961
2010-01-04,28.091125
2010-01-05,28.046143
2010-01-06,28.214821
2010-01-07,28.034893
2010-01-08,28.316038
2010-01-11,28.540926
2010-01-12,28.124853
2010-01-13,28.507212
2010-01-14,28.450975
2010-01-15,27.854971
2010-01-19,28.434109
2010-01-20,27.551342
2010-01-21,26.696688
2010-01-22,26.117548
2010-01-25,26.595470
2010-01-26,26.387436
2010-01-27,26.494267
2010-01-28,25.847660
2010-01-29,25.549652
2010-02-01,26.190645
2010-02-02,26.595470
2010-02-03,26.263741
2010-02-04,24.976141
2010-02-05,24.745596
2010-02-08,24.385752
2010-02-09,25.397840
2010-02-10,25.105457
2010-02-11,25.319115
2010-02-12,24.976141
2010-02-16,25.633989
2010-02-17,25.605881
2010-02-18,25.819540
2010-02-19,25.707083
2010-02-22,25.667738
2010-02-23,25.156067
2010-02-24,25.420332
2010-02-25,25.212288
2010-02-26,25.409079
2010-03-01,25.487801
2010-03-02,25.757687
2010-03-03,26.145658
2010-03-04,26.044441
2010-03-05,26.736042
2010-03-08,26.651709
2010-03-09,26.471775
2010-03-10,26.719189
2010-03-11,26.876619
2010-03-12,26.972198
2010-03-15,26.713551
2010-03-16,27.185865
2010-03-17,27.309559
2010-03-18,27.073406
2010-03-19,26.713551
2010-03-22,26.792273
2010-03-23,26.932835
2010-03-24,26.421175
2010-03-25,26.511131
2010-03-26,26.786650
2010-03-29,27.011568
2010-03-30,26.870998
2010-03-31,27.062174
2010-04-01,27.556978
2010-04-05,27.635685
2010-04-06,27.467001
2010-04-07,27.118383
2010-04-08,27.084661
2010-04-09,27.613186
2010-04-12,27.809988
2010-04-13,27.793119
2010-04-14,28.158588
2010-04-15,28.136099
2010-04-16,27.489494
2010-04-19,27.388288
2010-04-20,27.680653
2010-04-21,27.382656
2010-04-22,27.090277
2010-04-23,27.438887
2010-04-26,27.354551
2010-04-27,25.993839
2010-04-28,25.909508
2010-04-29,26.494267
2010-04-30,26.033199
2010-05-03,26.224379
2010-05-04,25.094225
2010-05-05,24.441973
2010-05-06,23.137503
2010-05-07,22.980059
2010-05-10,24.931152
2010-05-11,24.515062
2010-05-12,24.931152
2010-05-13,24.408237
2010-05-14,23.609814
2010-05-17,23.666042
2010-05-18,23.137503
2010-05-19,23.351164
2010-05-20,22.547117
2010-05-21,23.086906
2010-05-24,22.457151
2010-05-25,22.445896
2010-05-26,22.035446
2010-05-27,23.480494
2010-05-28,22.974442
2010-06-01,22.794521
2010-06-02,23.559198
2010-06-03,23.446760
2010-06-04,22.299713
2010-06-07,22.057951
2010-06-08,22.395306
2010-06-09,22.265978
2010-06-10,23.418638
2010-06-11,23.401770
2010-06-14,23.637938
2010-06-15,24.515062
2010-06-16,24.318275
2010-06-17,24.498207
2010-06-18,24.413858
2010-06-21,24.307020
2010-06-22,24.020267
2010-06-23,24.273298
2010-06-24,23.761627
2010-06-25,23.862839
2010-06-28,23.716640
2010-06-29,22.850742
2010-06-30,22.597723
2010-07-01,23.047543
2010-07-02,22.996929
2010-07-06,23.429882
2010-07-07,24.267672
2010-07-08,24.509451
2010-07-09,24.599417
2010-07-12,24.430738
2010-07-13,25.111090
2010-07-14,25.161690
2010-07-15,25.459688
2010-07-16,24.599417
2010-07-19,24.829931
2010-07-20,24.841196
2010-07-21,24.357635
2010-07-22,25.397840
2010-07-23,25.667738
2010-07-26,25.847660
2010-07-27,25.982609
2010-07-28,25.757687
2010-07-29,25.825167
2010-07-30,25.802677
2010-08-02,26.803524
2010-08-03,26.809134
2010-08-04,26.786650
2010-08-05,26.781033
2010-08-06,26.854124
2010-08-09,26.893484
2010-08-10,26.657330
2010-08-11,25.352856
2010-08-12,25.335995
2010-08-13,25.223536
2010-08-16,25.448441
2010-08-17,25.746449
2010-08-18,25.729572
2010-08-19,25.161690
2010-08-20,24.846815
2010-08-23,24.841196
2010-08-24,24.419487
2010-08-25,24.413858
2010-08-26,24.408237
2010-08-27,24.964874
2010-08-30,24.453232
2010-08-31,24.621895
2010-09-01,25.594624
2010-09-02,25.808308
2010-09-03,26.078186
2010-09-07,25.521534
2010-09-08,25.808308
2010-09-09,26.050066
2010-09-10,26.117548
2010-09-13,26.629221
2010-09-14,26.882231
2010-09-15,26.870998
2010-09-16,26.814766
2010-09-17,26.589859
2010-09-20,27.112766
2010-09-21,27.157745
2010-09-22,27.208349
2010-09-23,26.797894
2010-09-24,27.708773
2010-09-27,27.416391
2010-09-28,27.691917
2010-09-29,27.540089
2010-09-30,27.393908
2010-10-01,27.736893
2010-10-04,27.287083
2010-10-05,28.175468
2010-10-06,28.321659
2010-10-07,28.242933
2010-10-08,28.417250
2010-10-11,28.287922
2010-10-12,28.383507
2010-10-13,28.805206
2010-10-14,29.007629
2010-10-15,28.872690
2010-10-18,28.878305
2010-10-19,28.186710
2010-10-20,28.833326
2010-10-21,28.760221
2010-10-22,28.844563
2010-10-25,28.906422
2010-10-26,28.692751
2010-10-27,28.422865
2010-10-28,28.777090
2010-10-29,28.732124
2010-11-01,28.557812
2010-11-02,29.153812
2010-11-03,29.288769
2010-11-04,30.036591
2010-11-05,29.665485
2010-11-08,29.429327
2010-11-09,29.153812
2010-11-10,29.193171
2010-11-11,28.827696
2010-11-12,28.715237
2010-11-15,28.675888
2010-11-16,27.888691
2010-11-17,28.068623
2010-11-18,28.754591
2010-11-19,28.833326
2010-11-22,28.400370
2010-11-23,27.438887
2010-11-24,27.793119
2010-11-26,27.270205
2010-11-29,26.910349
2010-11-30,26.488642
2010-12-01,27.382656
2010-12-02,28.018034
2010-12-03,28.344135
2010-12-06,28.102371
2010-12-07,28.226061
2010-12-08,28.417250
2010-12-09,28.434109
2010-12-10,28.563437
2010-12-13,28.855806
2010-12-14,28.850185
2010-12-15,28.394741
2010-12-16,28.602800
2010-12-17,28.332897
2010-12-20,28.389124
2010-12-21,28.681492
2010-12-22,28.696819
2010-12-23,28.690933
2010-12-27,28.520153
2010-12-28,28.467150
2010-12-29,28.738041
2010-12-30,28.602589
2010-12-31,28.908812
2011-01-03,29.067818
2011-01-04,28.997164
2011-01-05,28.761608
2011-01-06,28.420023
2011-01-07,28.202154
2011-01-10,28.078474
2011-01-11,28.372927
2011-01-12,29.203255
2011-01-13,29.315163
2011-01-14,29.586061
2011-01-18,29.809839
2011-01-19,29.497713
2011-01-20,29.309269
2011-01-21,29.739151
2011-01-24,29.992386
2011-01-25,29.927610
2011-01-26,30.116037
2011-01-27,30.310389
2011-01-28,29.533041
2011-01-31,29.974728
2011-02-01,30.646061
2011-02-02,30.487070
2011-02-03,30.375166
2011-02-04,30.316275
2011-02-07,30.481171
2011-02-08,30.716730
2011-02-09,30.752064
2011-02-10,30.398724
2011-02-11,30.528280
2011-02-14,30.410513
2011-02-15,30.375166
2011-02-16,30.781506
2011-02-17,30.899288
2011-02-18,31.022942
2011-02-22,30.092510
2011-02-23,30.157286
2011-02-24,30.210276
2011-02-25,30.575388
2011-02-28,30.911066
2011-03-01,30.322165
2011-03-02,30.634287
2011-03-03,31.052389
2011-03-04,30.681402
2011-03-07,30.475269
2011-03-08,30.551825
2011-03-09,30.545940
2011-03-10,29.780380
2011-03-11,29.980606
2011-03-14,29.815729
2011-03-15,29.044271
2011-03-16,28.125591
2011-03-17,29.156153
2011-03-18,29.515388
2011-03-21,30.245609
2011-03-22,30.015944
2011-03-23,30.057175
2011-03-24,30.540060
2011-03-25,30.222057
2011-03-28,30.222057
2011-03-29,30.404617
2011-03-30,30.716730
2011-03-31,30.593058
2011-04-01,30.981731
2011-04-04,31.111284
2011-04-05,31.158398
2011-04-06,31.576517
2011-04-07,31.417515
2011-04-08,31.688410
2011-04-11,31.611851
2011-04-12,31.229053
2011-04-13,31.370396
2011-04-14,31.499958
2011-04-15,31.317392
2011-04-18,30.534163
2011-04-19,30.916956
2011-04-20,31.812067
2011-04-21,32.000526
2011-04-25,32.082954
2011-04-26,32.371529
2011-04-27,32.954514
2011-04-28,33.031082
2011-04-29,33.137081
2011-05-02,33.089977
2011-05-03,32.819092
2011-05-04,32.542297
2011-05-05,31.711946
2011-05-06,31.564734
2011-05-09,31.812067
2011-05-10,32.188965
2011-05-11,31.617731
2011-05-12,31.776735
2011-05-13,31.199623
2011-05-16,31.187840
2011-05-17,31.234951
2011-05-18,31.476408
2011-05-19,31.812067
2011-05-20,31.258516
2011-05-23,30.510622
2011-05-24,30.669609
2011-05-25,30.946394
2011-05-26,31.211401
2011-05-27,31.511734
2011-05-31,32.194851
2011-06-01,31.358622
2011-06-02,31.570631
2011-06-03,31.664843
2011-06-06,31.164282
2011-06-07,31.470510
2011-06-08,30.922852
2011-06-09,31.329170
2011-06-10,30.404617
2011-06-13,30.551825
2011-06-14,31.052389
2011-06-15,29.868725
2011-06-16,29.780380
2011-06-17,30.263279
2011-06-20,30.157286
2011-06-21,30.893402
2011-06-22,30.469389
2011-06-23,30.074827
2011-06-24,29.621397
2011-06-27,30.039482
2011-06-28,30.416399
2011-06-29,31.005287
2011-06-30,31.523512
2011-07-01,31.841520
2011-07-05,31.611851
2011-07-06,31.282070
2011-07-07,31.582418
2011-07-08,31.058285
2011-07-11,29.915838
2011-07-12,29.627281
2011-07-13,30.104282
2011-07-14,29.839270
2011-07-15,29.909945
2011-07-18,29.309269
2011-07-19,29.809839
2011-07-20,30.216162
2011-07-21,31.022942
2011-07-22,31.022942
2011-07-25,30.816835
2011-07-26,31.070066
2011-07-27,30.151384
2011-07-28,30.057175
2011-07-29,30.074827
2011-08-01,29.550724
2011-08-02,28.632046
2011-08-03,28.897043
2011-08-04,26.706354
2011-08-05,27.501371
2011-08-08,24.998566
2011-08-09,27.095020
2011-08-10,25.057451
2011-08-11,26.447239
2011-08-12,26.924246
2011-08-15,27.583807
2011-08-16,27.053799
2011-08-17,27.206913
2011-08-18,25.752354
2011-08-19,25.251795
2011-08-22,25.622795
2011-08-23,26.500242
2011-08-24,26.612131
2011-08-25,25.805355
2011-08-26,26.135132
2011-08-29,26.936029
2011-08-30,26.712250
2011-08-31,27.283472
2011-09-01,26.894802
2011-09-02,26.235252
2011-09-06,25.081015
2011-09-07,25.881910
2011-09-08,25.316563
2011-09-09,24.280113
2011-09-12,24.156443
2011-09-13,24.333113
2011-09-14,24.916113
2011-09-15,25.558016
2011-09-16,25.422577
2011-09-19,24.615780
2011-09-20,24.874905
2011-09-21,24.020998
2011-09-22,23.114100
2011-09-23,23.761881
2011-09-26,24.185892
2011-09-27,24.833673
2011-09-28,24.297779
2011-09-29,24.939678
2011-09-30,23.944447
2011-10-03,23.220104
2011-10-04,23.685329
2011-10-05,24.203547
2011-10-06,24.969128
2011-10-07,24.651127
2011-10-10,25.817118
2011-10-11,25.758242
2011-10-12,26.376587
2011-10-13,26.241129
2011-10-14,26.694580
2011-10-17,25.770010
2011-10-18,26.317686
2011-10-19,25.722904
2011-10-20,25.846571
2011-10-21,26.712250
2011-10-24,27.083242
2011-10-25,26.629799
2011-10-26,27.118578
2011-10-27,28.690933
2011-10-28,28.319927
2011-10-31,26.918358
2011-11-01,25.799467
2011-11-02,26.229353
2011-11-03,27.089134
2011-11-04,26.547350
2011-11-07,26.623913
2011-11-08,27.153913
2011-11-09,25.328344
2011-11-10,25.805355
2011-11-11,26.559132
2011-11-14,25.834795
2011-11-15,25.834795
2011-11-16,25.293005
2011-11-17,24.992682
2011-11-18,25.110456
2011-11-21,24.409674
2011-11-22,24.238882
2011-11-23,23.496887
2011-11-25,23.379107
2011-11-28,24.633448
2011-11-29,24.804218
2011-11-30,26.146896
2011-12-01,25.864235
2011-12-02,25.840683
2011-12-05,26.141014
2011-12-06,26.152802
2011-12-07,26.305901
2011-12-08,25.310682
2011-12-09,26.040915
2011-12-12,25.016228
2011-12-13,24.651127
2011-12-14,24.297779
2011-12-15,24.545107
2011-12-16,24.321333
2011-12-19,24.221214
2011-12-20,25.222336
2011-12-21,25.060863
2011-12-22,25.362877
2011-12-23,25.584755
2011-12-27,25.418341
2011-12-28,24.949917
2011-12-29,25.455322
2011-12-30,25.535452
2012-01-03,26.386017
2012-01-04,26.065500
2012-01-05,25.590923
2012-01-06,25.239609
2012-01-09,25.430670
2012-01-10,25.818981
2012-01-11,25.609413
2012-01-12,25.862108
2012-01-13,25.350536
2012-01-17,25.825129
2012-01-18,26.379854
2012-01-19,26.761984
2012-01-20,26.792810
2012-01-23,26.983868
2012-01-24,26.817465
2012-01-25,27.082495
2012-01-26,27.162626
2012-01-27,27.187267
2012-01-30,26.755827
2012-01-31,26.928402
2012-02-01,27.489277
2012-02-02,27.532421
2012-02-03,28.074825
2012-02-06,27.859095
2012-02-07,28.117970
2012-02-08,28.216585
2012-02-09,28.235064
2012-02-10,27.655704
2012-02-13,28.007019
2012-02-14,27.711174
2012-02-15,27.618727
2012-02-16,28.105644
2012-02-17,28.253567
2012-02-21,28.247395
2012-02-22,28.142612
2012-02-23,28.426138
2012-02-24,28.672691
2012-02-27,28.432308
2012-02-28,28.685017
2012-02-29,28.389158
2012-03-01,28.765125
2012-03-02,28.395317
2012-03-05,28.284384
2012-03-06,27.125637
2012-03-07,27.557081
2012-03-08,28.302868
2012-03-09,28.019348
2012-03-12,28.124125
2012-03-13,28.623377
2012-03-14,28.370668
2012-03-15,28.691174
2012-03-16,28.987028
2012-03-19,29.116451
2012-03-20,28.758978
2012-03-21,28.586391
2012-03-22,28.259731
2012-03-23,28.475441
2012-03-26,28.987028
2012-03-27,28.617205
2012-03-28,28.315191
2012-03-29,28.099468
2012-03-30,28.407660
2012-04-02,28.863758
2012-04-03,28.235064
2012-04-04,27.520105
2012-04-05,27.248899
2012-04-09,27.113312
2012-04-10,26.398335
2012-04-11,26.879086
2012-04-12,27.439981
2012-04-13,26.688025
2012-04-16,26.990032
2012-04-17,27.557081
2012-04-18,27.292049
2012-04-19,27.144119
2012-04-20,27.489277
2012-04-23,26.885263
2012-04-24,27.131805
2012-04-25,27.575581
2012-04-26,27.711174
2012-04-27,27.871422
2012-04-30,27.698851
2012-05-01,27.945383
2012-05-02,27.600225
2012-05-03,27.378349
2012-05-04,26.897587
2012-05-07,27.174944
2012-05-08,26.731171
2012-05-09,26.324377
2012-05-10,26.496954
2012-05-11,26.349033
2012-05-14,25.769667
2012-05-15,25.393688
2012-05-16,25.214951
2012-05-17,24.801996
2012-05-18,24.709545
2012-05-21,25.350536
2012-05-22,25.202625
2012-05-23,24.949917
2012-05-24,24.801996
2012-05-25,24.795818
2012-05-29,25.023878
2012-05-30,24.302750
2012-05-31,24.382875
2012-06-01,23.815821
2012-06-04,24.043871
2012-06-05,24.117840
2012-06-06,24.949917
2012-06-07,24.993059
2012-06-08,25.048531
2012-06-11,24.703382
2012-06-12,25.221107
2012-06-13,24.962240
2012-06-14,25.214951
2012-06-15,25.584755
2012-06-18,25.344379
2012-06-19,25.985390
2012-06-20,26.114820
2012-06-21,25.375195
2012-06-22,25.634064
2012-06-25,24.925255
2012-06-26,25.097843
2012-06-27,25.319731
2012-06-28,25.227272
2012-06-29,26.398335
2012-07-02,26.583248
2012-07-03,26.811285
2012-07-05,26.201105
2012-07-06,25.868277
2012-07-09,25.874449
2012-07-10,25.751171
2012-07-11,25.849781
2012-07-12,25.566271
2012-07-13,26.016205
2012-07-16,26.010033
2012-07-17,26.145630
2012-07-18,26.336710
2012-07-19,26.589420
2012-07-20,25.880611
2012-07-23,25.245770
2012-07-24,24.875957
2012-07-25,25.116325
2012-07-26,26.090176
2012-07-27,26.731171
2012-07-30,26.706522
2012-07-31,26.484638
2012-08-01,26.533939
2012-08-02,26.003872
2012-08-03,27.174944
2012-08-06,27.353689
2012-08-07,27.569420
2012-08-08,27.550922
2012-08-09,27.507790
2012-08-10,27.587894
2012-08-13,27.458477
2012-08-14,27.557081
2012-08-15,27.550922
2012-08-16,27.859095
2012-08-17,27.883751
2012-08-20,27.822115
2012-08-21,28.031670
2012-08-22,28.007019
2012-08-23,27.791294
2012-08-24,27.748146
2012-08-27,27.846764
2012-08-28,27.822115
2012-08-29,27.705002
2012-08-30,27.396830
2012-08-31,27.723503
2012-09-04,27.643370
2012-09-05,27.661865
2012-09-06,28.500111
2012-09-07,28.900726
2012-09-10,28.604870
2012-09-11,29.024002
2012-09-12,29.122618
2012-09-13,29.609541
2012-09-14,29.917711
2012-09-17,29.751289
2012-09-18,29.584875
2012-09-19,29.701984
2012-09-20,29.473942
2012-09-21,29.591042
2012-09-24,29.457375
2012-09-25,29.192554
2012-09-26,28.776428
2012-09-27,29.167345
2012-09-28,28.536825
2012-10-01,28.858397
2012-10-02,29.053852
2012-10-03,28.908836
2012-10-04,29.324972
2012-10-05,29.388014
2012-10-08,29.161037
2012-10-09,28.644024
2012-10-10,28.637714
2012-10-11,28.871002
2012-10-12,28.845778
2012-10-15,29.154726
2012-10-16,29.684366
2012-10-17,29.955479
2012-10-18,29.760004
2012-10-19,29.375404
2012-10-22,29.564556
2012-10-23,28.814257
2012-10-24,28.807953
2012-10-25,28.984491
2012-10-26,29.003412
2012-10-31,29.041241
2012-11-01,29.356495
2012-11-02,29.047537
2012-11-05,28.934061
2012-11-06,29.255619
2012-11-07,28.751202
2012-11-08,28.442255
2012-11-09,28.398121
2012-11-12,28.454868
2012-11-13,28.309853
2012-11-14,28.057642
2012-11-15,28.045034
2012-11-16,27.868496
2012-11-19,28.568361
2012-11-20,28.669237
2012-11-21,28.751202
2012-11-23,29.469994
2012-11-26,29.356495
2012-11-27,29.192554
2012-11-28,29.463678
2012-11-29,29.747404
2012-11-30,29.760004
2012-12-03,29.873505
2012-12-04,30.024826
2012-12-05,30.094194
2012-12-06,30.075266
2012-12-07,29.961792
2012-12-10,30.043749
2012-12-11,30.258131
2012-12-12,30.384224
2012-12-13,30.283342
2012-12-14,30.466190
2012-12-17,30.573380
2012-12-18,30.888624
2012-12-19,30.932777
2012-12-20,31.066881
2012-12-21,30.787218
2012-12-24,30.704594
2012-12-26,30.736368
2012-12-27,30.850779
2012-12-28,30.444006
2012-12-31,31.041460
2013-01-02,31.416433
2013-01-03,31.047804
2013-01-04,31.308393
2013-01-07,31.181280
2013-01-08,31.079592
2013-01-09,31.174913
2013-01-10,31.677008
2013-01-11,31.810497
2013-01-14,31.785076
2013-01-15,31.670668
2013-01-16,31.524483
2013-01-17,31.861340
2013-01-18,31.791428
2013-01-22,31.861340
2013-01-23,31.874060
2013-01-24,32.058369
2013-01-25,32.490559
2013-01-28,32.363453
2013-01-29,32.547764
2013-01-30,32.535046
2013-01-31,32.369808
2013-02-01,32.706661
2013-02-04,31.810497
2013-02-05,32.071083
2013-02-06,31.937611
2013-02-07,31.581694
2013-02-08,31.823217
2013-02-11,31.638889
2013-02-12,31.950319
2013-02-13,32.109222
2013-02-14,31.842268
2013-02-15,31.746927
2013-02-19,32.134659
2013-02-20,31.696096
2013-02-21,31.213047
2013-02-22,31.677008
2013-02-25,30.672802
2013-02-26,30.971540
2013-02-27,31.435513
2013-02-28,31.270254
2013-03-01,31.187632
2013-03-04,31.371946
2013-03-05,31.740585
2013-03-06,31.677008
2013-03-07,31.924894
2013-03-08,31.905823
2013-03-11,32.013878
2013-03-12,31.918547
2013-03-13,31.810497
2013-03-14,32.274456
2013-03-15,32.242672
2013-03-18,31.772352
2013-03-19,31.632547
2013-03-20,31.893110
2013-03-21,31.473646
2013-03-22,31.804464
2013-03-25,31.293547
2013-03-26,31.446817
2013-03-27,31.089172
2013-03-28,31.376556
2013-04-01,31.197735
2013-04-02,31.600101
2013-04-03,31.414890
2013-04-04,31.395739
2013-04-05,31.204138
2013-04-08,31.267990
2013-04-09,31.414890
2013-04-10,31.944962
2013-04-11,32.123783
2013-04-12,32.027985
2013-04-15,31.293547
2013-04-16,31.798069
2013-04-17,30.865654
2013-04-18,30.872042
2013-04-19,31.089172
2013-04-22,31.242458
2013-04-23,31.798069
2013-04-24,32.117386
2013-04-25,32.206795
2013-04-26,32.302605
2013-04-29,32.787968
2013-04-30,32.800747
2013-05-01,32.589996
2013-05-02,32.756035
2013-05-03,33.158386
2013-05-06,33.120071
2013-05-07,33.222244
2013-05-08,33.650154
2013-05-09,33.286118
2013-05-10,33.420223
2013-05-13,33.241413
2013-05-14,33.343594
2013-05-15,33.439388
2013-05-16,33.292500
2013-05-17,33.535183
2013-05-20,33.637367
2013-05-21,33.733162
2013-05-22,33.420223
2013-05-23,33.241413
2013-05-24,33.209476
2013-05-28,33.401070
2013-05-29,33.177544
2013-05-30,33.452156
2013-05-31,32.807129
2013-06-03,33.132843
2013-06-04,32.973179
2013-06-05,32.500580
2013-06-06,32.768803
2013-06-07,33.005108
2013-06-10,32.992340
2013-06-11,32.641090
2013-06-12,32.634697
2013-06-13,33.017887
2013-06-14,32.743263
2013-06-17,33.094521
2013-06-18,33.254181
2013-06-19,32.558060
2013-06-20,31.529844
2013-06-21,31.255224
2013-06-24,30.773281
2013-06-25,31.111942
2013-06-26,31.333376
2013-06-27,31.554811
2013-06-28,31.346413
2013-07-01,31.730667
2013-07-02,31.405027
2013-07-03,31.437580
2013-07-05,31.515739
2013-07-08,31.880463
2013-07-09,31.945583
2013-07-10,32.167015
2013-07-11,33.026718
2013-07-12,32.727131
2013-07-15,32.922516
2013-07-16,32.942062
2013-07-17,32.974617
2013-07-18,33.248154
2013-07-19,33.365391
2013-07-22,33.528210
2013-07-23,33.580311
2013-07-24,33.664986
2013-07-25,33.873398
2013-07-26,33.749649
2013-07-29,33.632431
2013-07-30,33.528210
2013-07-31,33.736637
2013-08-01,34.068790
2013-08-02,34.231617
2013-08-05,34.179489
2013-08-06,34.075294
2013-08-07,34.127403
2013-08-08,34.492123
2013-08-09,34.576794
2013-08-12,34.400940
2013-08-13,34.615856
2013-08-14,34.661442
2013-08-15,34.485600
2013-08-16,34.576794
2013-08-19,34.270676
2013-08-20,34.374882
2013-08-21,34.023201
2013-08-22,34.453049
2013-08-23,34.628887
2013-08-26,34.459557
2013-08-27,33.723583
2013-08-28,33.684528
2013-08-29,33.586838
2013-08-30,33.241653
2013-09-03,33.723583
2013-09-04,33.912472
2013-09-05,33.892941
2013-09-06,34.114368
2013-09-09,34.459557
2013-09-10,34.889408
2013-09-11,35.136887
2013-09-12,34.980568
2013-09-13,35.143410
2013-09-16,35.403931
2013-09-17,35.423447
2013-09-18,36.315723
2013-09-19,36.139877
2013-09-20,35.905422
2013-09-23,35.855717
2013-09-24,35.757679
2013-09-25,35.855717
2013-09-26,35.842655
2013-09-27,35.836124
2013-09-30,35.626930
2013-10-01,35.862263
2013-10-02,35.868809
2013-10-03,35.679234
2013-10-04,35.659611
2013-10-07,35.489655
2013-10-08,35.117043
2013-10-09,35.005909
2013-10-10,35.744602
2013-10-11,35.947239
2013-10-14,36.032234
2013-10-15,35.901482
2013-10-16,36.149887
2013-10-17,36.751293
2013-10-18,36.980106
2013-10-21,37.078156
2013-10-22,37.489986
2013-10-23,37.320026
2013-10-24,37.561893
2013-10-25,37.568428
2013-10-28,37.391933
2013-10-29,37.457291
2013-10-30,37.313484
2013-10-31,37.117378
2013-11-01,36.882034
2013-11-04,37.104313
2013-11-05,36.764374
2013-11-06,37.117378
2013-11-07,36.529041
2013-11-08,36.725163
2013-11-11,36.836281
2013-11-12,36.620560
2013-11-13,36.777439
2013-11-14,36.875515
2013-11-15,37.071609
2013-11-18,37.123909
2013-11-19,37.045479
2013-11-20,36.705547
2013-11-21,37.025860
2013-11-22,37.228500
2013-11-25,37.156590
2013-11-26,37.163143
2013-11-27,37.352715
2013-11-29,37.496532
2013-12-02,37.156590
2013-12-03,36.829758
2013-12-04,36.627094
2013-12-05,36.470211
2013-12-06,36.960487
2013-12-09,36.999706
2013-12-10,36.875515
2013-12-11,36.600948
2013-12-12,36.215260
2013-12-13,36.189114
2013-12-16,36.666317
2013-12-17,36.457127
2013-12-18,37.025860
2013-12-19,37.136986
2013-12-20,37.325386
2013-12-23,37.679867
2013-12-24,37.942448
2013-12-26,38.099991
2013-12-27,38.303490
2013-12-30,38.467594
2013-12-31,38.598896
2014-01-02,37.778332
2014-01-03,37.784904
2014-01-06,37.817719
2014-01-07,38.073746
2014-01-08,38.054039
2014-01-09,38.086868
2014-01-10,38.461037
2014-01-13,38.145935
2014-01-14,38.592327
2014-01-15,38.743301
2014-01-16,38.776131
2014-01-17,38.526680
2014-01-21,38.782696
2014-01-22,38.789249
2014-01-23,38.776131
2014-01-24,37.542007
2014-01-27,37.364754
2014-01-28,37.719250
2014-01-29,37.253181
2014-01-30,37.358212
2014-01-31,36.833054
2014-02-03,36.110970
2014-02-04,36.498272
2014-02-05,36.622997
2014-02-06,37.364754
2014-02-07,37.843979
2014-02-10,37.732372
2014-02-11,38.336319
2014-02-12,38.395401
2014-02-13,38.651405
2014-02-14,38.828644
2014-02-18,39.091209
2014-02-19,38.828644
2014-02-20,39.071533
2014-02-21,39.097782
2014-02-24,39.399754
2014-02-25,39.353790
2014-02-26,39.196251
2014-02-27,39.373497
2014-02-28,39.537601
2014-03-03,38.526680
2014-03-04,39.314423
2014-03-05,39.307838
2014-03-06,39.714844
2014-03-07,39.445698
2014-03-10,39.163422
2014-03-11,38.959938
2014-03-12,38.861462
2014-03-13,38.014645
2014-03-14,38.073746
2014-03-17,38.585770
2014-03-18,38.900845
2014-03-19,38.336319
2014-03-20,38.375698
2014-03-21,38.244408
2014-03-24,38.277225
2014-03-25,38.755760
2014-03-26,38.689125
2014-03-27,38.795742
2014-03-28,39.055679
2014-03-31,39.288948
2014-04-01,39.608856
2014-04-02,39.582199
2014-04-03,39.528881
2014-04-04,39.368923
2014-04-07,39.195652
2014-04-08,39.315598
2014-04-09,39.802139
2014-04-10,39.089001
2014-04-11,38.795742
2014-04-14,38.962376
2014-04-15,38.795742
2014-04-16,39.242294
2014-04-17,39.482227
2014-04-21,39.582199
2014-04-22,39.835468
2014-04-23,39.708820
2014-04-24,39.755482
2014-04-25,39.582199
2014-04-28,39.675503
2014-04-29,40.002087
2014-04-30,40.328651
2014-05-01,40.368649
2014-05-02,40.275349
2014-05-05,40.242008
2014-05-06,40.182022
2014-05-07,40.301994
2014-05-08,40.328651
2014-05-09,40.162029
2014-05-12,40.508602
2014-05-13,40.415302
2014-05-14,40.361965
2014-05-15,40.188698
2014-05-16,40.215355
2014-05-19,40.215355
2014-05-20,40.008747
2014-05-21,40.308647
2014-05-22,40.262001
2014-05-23,40.268673
2014-05-27,40.595245
2014-05-28,40.428619
2014-05-29,40.615253
2014-05-30,40.641895
2014-06-02,40.615253
2014-06-03,40.495262
2014-06-04,40.455299
2014-06-05,40.828506
2014-06-06,41.135071
2014-06-09,41.041794
2014-06-10,41.015129
2014-06-11,40.748539
2014-06-12,40.721882
2014-06-13,40.661896
2014-06-16,40.688553
2014-06-17,40.688553
2014-06-18,41.035122
2014-06-19,41.088440
2014-06-20,41.015129
2014-06-23,40.941807
2014-06-24,40.626179
2014-06-25,40.524578
2014-06-26,40.504257
2014-06-27,40.605846
2014-06-30,40.605846
2014-07-01,40.937740
2014-07-02,40.985157
2014-07-03,41.188366
2014-07-07,40.754868
2014-07-08,40.158829
2014-07-09,40.301064
2014-07-10,39.813400
2014-07-11,39.806610
2014-07-14,40.084324
2014-07-15,39.914982
2014-07-16,40.253643
2014-07-17,39.637280
2014-07-18,39.942078
2014-07-21,39.745651
2014-07-22,39.955612
2014-07-23,40.016586
2014-07-24,40.185925
2014-07-25,39.914982
2014-07-28,39.840469
2014-07-29,39.732117
2014-07-30,39.630516
2014-07-31,38.851582
2014-08-01,38.512917
2014-08-04,38.756748
2014-08-05,38.262302
2014-08-06,38.201344
2014-08-07,37.788158
2014-08-08,38.126842
2014-08-11,38.201344
2014-08-12,38.194569
2014-08-13,38.343582
2014-08-14,38.573875
2014-08-15,38.546787
2014-08-18,38.844810
2014-08-19,38.905766
2014-08-20,38.749981
2014-08-21,38.987045
2014-08-22,38.770302
2014-08-25,39.183472
2014-08-26,39.237656
2014-08-27,39.379887
2014-08-28,39.115746
2014-08-29,39.136063
2014-09-02,39.088642
2014-09-03,39.440853
2014-09-04,39.217346
2014-09-05,39.312160
2014-09-08,38.763523
2014-09-09,38.749981
2014-09-10,38.912540
2014-09-11,38.743202
2014-09-12,38.756748
2014-09-15,38.736431
2014-09-16,38.878677
2014-09-17,38.709332
2014-09-18,39.061554
2014-09-19,38.905766
2014-09-22,38.763523
2014-09-23,38.255524
2014-09-24,38.417503
2014-09-25,37.777779
2014-09-26,37.927494
2014-09-29,37.641666
2014-09-30,37.580418
2014-10-01,37.172085
2014-10-02,36.736530
2014-10-03,36.586796
2014-10-06,36.899864
2014-10-07,36.130829
2014-10-08,36.790974
2014-10-09,35.681652
2014-10-10,35.198471
2014-10-13,35.191650
2014-10-14,35.246094
2014-10-15,34.864990
2014-10-16,34.497482
2014-10-17,35.280117
2014-10-20,35.429844
2014-10-21,35.994717
2014-10-22,35.599987
2014-10-23,36.083191
2014-10-24,36.232906
2014-10-27,36.042351
2014-10-28,36.607208
2014-10-29,36.219288
2014-10-30,36.457489
2014-10-31,36.865829
2014-11-03,36.369015
2014-11-04,36.307762
2014-11-05,36.559578
2014-11-06,36.409851
2014-11-07,36.437077
2014-11-10,36.600407
2014-11-11,36.845417
2014-11-12,36.409851
2014-11-13,36.566376
2014-11-14,36.573181
2014-11-17,36.675274
2014-11-18,37.192486
2014-11-19,37.178883
2014-11-20,37.022358
2014-11-21,37.308189
2014-11-24,37.628056
2014-11-25,37.770962
2014-11-26,37.920689
2014-11-28,37.628056
2014-12-01,37.607643
2014-12-02,37.621239
2014-12-03,37.546394
2014-12-04,37.410286
2014-12-05,37.594032
2014-12-08,37.301388
2014-12-09,36.954285
2014-12-10,36.539162
2014-12-11,36.375824
2014-12-12,35.565956
2014-12-15,34.967075
2014-12-16,35.354996
2014-12-17,35.749722
2014-12-18,36.505123
2014-12-19,36.369015
2014-12-22,36.609196
2014-12-23,36.472343
2014-12-24,36.732372
2014-12-26,36.759762
2014-12-29,36.444984
2014-12-30,36.130203
2014-12-31,35.863331
2015-01-02,35.678577
2015-01-05,34.638474
2015-01-06,34.248432
2015-01-07,34.604256
2015-01-08,35.103783
2015-01-09,34.898487
2015-01-12,34.891651
2015-01-13,35.049049
2015-01-14,35.007988
2015-01-15,35.206421
2015-01-16,35.699112
2015-01-20,35.945450
2015-01-21,36.239693
2015-01-22,36.342331
2015-01-23,36.137058
2015-01-26,36.718697
2015-01-27,36.732372
2015-01-28,36.020710
2015-01-29,36.670795
2015-01-30,36.048100
2015-02-02,36.465508
2015-02-03,37.286652
2015-02-04,36.787117
2015-02-05,37.300331
2015-02-06,36.739216
2015-02-09,36.595524
2015-02-10,36.958179
2015-02-11,36.698177
2015-02-12,37.485077
2015-02-13,37.608269
2015-02-17,37.717751
2015-02-18,37.847759
2015-02-19,37.793022
2015-02-20,38.278866
2015-02-23,38.094097
2015-02-24,38.354122
2015-02-25,38.388340
2015-02-26,38.189899
2015-02-27,38.244652
2015-03-02,38.299385
2015-03-03,37.977764
2015-03-04,37.840923
2015-03-05,37.957253
2015-03-06,37.238743
2015-03-09,37.389294
2015-03-10,36.479179
2015-03-11,36.499729
2015-03-12,36.807648
2015-03-13,36.547607
2015-03-16,37.033451
2015-03-17,36.930832
2015-03-18,37.786167
2015-03-19,37.266121
2015-03-20,38.230953
2015-03-23,38.402027
2015-03-24,38.354122
2015-03-25,38.117401
2015-03-26,37.738907
2015-03-27,37.849010
2015-03-30,37.931599
2015-03-31,37.312252
2015-04-01,37.676983
2015-04-02,38.021061
2015-04-06,38.358265
2015-04-07,38.255039
2015-04-08,38.358265
2015-04-09,38.351379
2015-04-10,38.461494
2015-04-13,38.268795
2015-04-14,38.592232
2015-04-15,38.791805
2015-04-16,38.846859
2015-04-17,38.289433
2015-04-20,38.365139
2015-04-21,38.674820
2015-04-22,38.667931
2015-04-23,38.881268
2015-04-24,39.032665
2015-04-27,39.369850
2015-04-28,39.314808
2015-04-29,38.991371
2015-04-30,38.895031
2015-05-01,39.204697
2015-05-04,39.204697
2015-05-05,38.564705
2015-05-06,38.826214
2015-05-07,38.681694
2015-05-08,39.610714
2015-05-11,39.459332
2015-05-12,39.314808
2015-05-13,39.590069
2015-05-14,40.250725
2015-05-15,40.202526
2015-05-18,39.961670
2015-05-19,39.824051
2015-05-20,39.961670
2015-05-21,40.188782
2015-05-22,39.775875
2015-05-26,38.936321
2015-05-27,39.459332
2015-05-28,39.431793
2015-05-29,39.005135
2015-06-01,38.764275
2015-06-02,39.108353
2015-06-03,39.418037
2015-06-04,38.929432
2015-06-05,38.392673
2015-06-08,38.372032
2015-06-09,38.227505
2015-06-10,39.170296
2015-06-11,39.245979
2015-06-12,38.846859
2015-06-15,38.440845
2015-06-16,38.468372
2015-06-17,38.427063
2015-06-18,38.908791
2015-06-19,38.736744
2015-06-22,39.638245
2015-06-23,39.583191
2015-06-24,39.259754
2015-06-25,39.245979
2015-06-26,39.329159
2015-06-29,37.952251
2015-06-30,37.728596
2015-07-01,37.910320
2015-07-02,37.931297
2015-07-06,37.050625
2015-07-07,37.015682
2015-07-08,36.484505
2015-07-09,37.127525
2015-07-10,38.672165
2015-07-13,38.686138
2015-07-14,39.014641
2015-07-15,38.832928
2015-07-16,39.175392
2015-07-17,39.063568
2015-07-20,39.168411
2015-07-21,39.035618
2015-07-22,38.756031
2015-07-23,38.630226
2015-07-24,38.196896
2015-07-27,37.903339
2015-07-28,38.406586
2015-07-29,38.511414
2015-07-30,38.497429
2015-07-31,38.735077
2015-08-03,38.742054
2015-08-04,38.672165
2015-08-05,38.930771
2015-08-06,38.860882
2015-08-07,38.728085
2015-08-10,39.147438
2015-08-11,38.644203
2015-08-12,38.406586
2015-08-13,38.294735
2015-08-14,38.378613
2015-08-17,38.224846
2015-08-18,38.022160
2015-08-19,37.658714
2015-08-20,36.819988
2015-08-21,36.016193
2015-08-24,35.072651
2015-08-25,35.303291
2015-08-26,35.904388
2015-08-27,36.281803
2015-08-28,36.149002
2015-08-31,36.016193
2015-09-01,35.016720
2015-09-02,35.519962
2015-09-03,35.540920
2015-09-04,34.848980
2015-09-08,35.869427
2015-09-09,35.659748
2015-09-10,36.023201
2015-09-11,35.967274
2015-09-14,35.582863
2015-09-15,35.841461
2015-09-16,36.379654
2015-09-17,36.512455
2015-09-18,35.582863
2015-09-21,35.512966
2015-09-22,34.450584
2015-09-23,34.310787
2015-09-24,34.226921
2015-09-25,34.455128
2015-09-28,33.781044
2015-09-29,33.893402
2015-09-30,34.532375
2015-10-01,34.525337
2015-10-02,35.178364
2015-10-05,35.796249
2015-10-06,35.950741
2015-10-07,36.259689
2015-10-08,36.596725
2015-10-09,36.603748
2015-10-12,36.463314
2015-10-13,36.049042
2015-10-14,36.266708
2015-10-15,36.758228
2015-10-16,36.652905
2015-10-19,36.568638
2015-10-20,36.512470
2015-10-21,36.322887
2015-10-22,36.673962
2015-10-23,36.989933
2015-10-26,36.828449
2015-10-27,36.470325
2015-10-28,36.737160
2015-10-29,36.575657
2015-10-30,36.568638
2015-11-02,36.996952
2015-11-03,36.877590
2015-11-04,36.624813
2015-11-05,36.519489
2015-11-06,36.315865
2015-11-09,35.964771
2015-11-10,35.838390
2015-11-11,36.013924
2015-11-12,35.459221
2015-11-13,35.164307
2015-11-16,35.641777
2015-11-17,35.697956
2015-11-18,36.098206
2015-11-19,36.287777
2015-11-20,36.027969
2015-11-23,35.761143
2015-11-24,35.648815
2015-11-25,35.880516
2015-11-27,36.077118
2015-11-30,36.112225
2015-12-01,36.400108
2015-12-02,35.957752
2015-12-03,35.852436
2015-12-04,36.245636
2015-12-07,35.978821
2015-12-08,35.396015
2015-12-09,35.360928
2015-12-10,35.234535
2015-12-11,34.602585
2015-12-14,34.623638
2015-12-15,34.883450
2015-12-16,35.536449
2015-12-17,35.051975
2015-12-18,34.637695
2015-12-21,34.822414
2015-12-22,35.076233
2015-12-23,35.731926
2015-12-24,35.738983
2015-12-28,35.633221
2015-12-29,35.957527
2015-12-30,35.675522
2015-12-31,35.167896
2016-01-04,34.653206
2016-01-05,34.448738
2016-01-06,33.877647
2016-01-07,33.250153
2016-01-08,32.961082
2016-01-11,33.059792
2016-01-12,33.334747
2016-01-13,32.700218
2016-01-14,33.123245
2016-01-15,31.910551
2016-01-19,32.122074
2016-01-20,31.459326
2016-01-21,31.783649
2016-01-22,32.622662
2016-01-25,32.199635
2016-01-26,32.897621
2016-01-27,32.601513
2016-01-28,32.693165
2016-01-29,33.214893
2016-02-01,33.186684
2016-02-02,32.277187
2016-02-03,32.791862
2016-02-04,32.777771
2016-02-05,32.305382
2016-02-08,31.431126
2016-02-09,31.156164
2016-02-10,31.332418
2016-02-11,30.916445
2016-02-12,31.466383
2016-02-16,32.002220
2016-02-17,32.672005
2016-02-18,32.481647
2016-02-19,32.474590
2016-02-22,32.643806
2016-02-23,32.072712
2016-02-24,31.931709
2016-02-25,32.368843
2016-02-26,32.263069
2016-02-29,32.143215
2016-03-01,33.038635
2016-03-02,33.073891
2016-03-03,33.419373
2016-03-04,33.574471
2016-03-07,33.595627
2016-03-08,33.214893
2016-03-09,33.362972
2016-03-10,33.384113
2016-03-11,34.286579
2016-03-14,34.194916
2016-03-15,33.891453
2016-03-16,34.302685
2016-03-17,34.607578
2016-03-18,34.572113
2016-03-21,34.416130
2016-03-22,34.231792
2016-03-23,33.948177
2016-03-24,33.714195
2016-03-28,33.891453
2016-03-29,34.338146
2016-03-30,34.678482
2016-03-31,34.401962
2016-04-01,34.160900
2016-04-04,34.153790
2016-04-05,33.522751
2016-04-06,34.054535
2016-04-07,33.430595
2016-04-08,34.019081
2016-04-11,34.068714
2016-04-12,34.458683
2016-04-13,34.862823
2016-04-14,34.869907
2016-04-15,34.777733
2016-04-18,35.110992
2016-04-19,35.756187
2016-04-20,35.685291
2016-04-21,35.408760
2016-04-22,35.337875
2016-04-25,35.217331
2016-04-26,35.430054
2016-04-27,35.621479
2016-04-28,35.444221
2016-04-29,35.352055
2016-05-02,35.642750
2016-05-03,34.926632
2016-05-04,34.522491
2016-05-05,34.352329
2016-05-06,34.487041
2016-05-09,34.409042
2016-05-10,34.749374
2016-05-11,34.565029
2016-05-12,34.458683
2016-05-13,34.104164
2016-05-16,34.522491
2016-05-17,34.245975
2016-05-18,34.359413
2016-05-19,34.146706
2016-05-20,34.458683
2016-05-23,34.373592
2016-05-24,35.011715
2016-05-25,35.401672
2016-05-26,35.522221
2016-05-27,35.430054
2016-05-31,35.174809
2016-06-01,35.125164
2016-06-02,35.224426
2016-06-03,35.458408
2016-06-06,35.550583
2016-06-07,35.798744
2016-06-08,35.848370
2016-06-09,35.330780
2016-06-10,34.132523
2016-06-13,33.579498
2016-06-14,32.953255
2016-06-15,33.162975
2016-06-16,33.322048
2016-06-17,33.893330
2016-06-20,34.811710
2016-06-21,35.144356
2016-06-22,35.158813
2016-06-23,36.257977
2016-06-24,32.165031
2016-06-27,31.326212
2016-06-28,32.353054
2016-06-29,33.011105
2016-06-30,33.741455
2016-07-01,33.784855
2016-07-05,32.721844
2016-07-06,32.620621
2016-07-07,32.483212
2016-07-08,33.018333
2016-07-11,33.510059
2016-07-12,34.001797
2016-07-13,34.001797
2016-07-14,34.356129
2016-07-15,34.146420
2016-07-18,34.211517
2016-07-19,33.951176
2016-07-20,34.276588
2016-07-21,34.175350
2016-07-22,34.197044
2016-07-25,34.233208
2016-07-26,34.348900
2016-07-27,34.587543
2016-07-28,34.594780
2016-07-29,34.912937
2016-08-01,34.536915
2016-08-02,34.515221
2016-08-03,34.341682
2016-08-04,34.500763
2016-08-05,34.630928
2016-08-08,34.659843
2016-08-09,35.006954
2016-08-10,35.158813
2016-08-11,35.433617
2016-08-12,35.390221
2016-08-15,35.498692
2016-08-16,35.484226
2016-08-17,35.426369
2016-08-18,35.708401
2016-08-19,35.397442
2016-08-22,35.426369
2016-08-23,35.592693
2016-08-24,35.491459
2016-08-25,35.339592
2016-08-26,35.144356
2016-08-29,35.310665
2016-08-30,35.223904
2016-08-31,35.151585
2016-09-01,35.433617
2016-09-02,35.918098
2016-09-06,36.120594
2016-09-07,36.098888
2016-09-08,36.106125
2016-09-09,35.332359
2016-09-12,35.650547
2016-09-13,34.934414
2016-09-14,34.941677
2016-09-15,35.232498
2016-09-16,34.614506
2016-09-19,34.898056
2016-09-20,34.970760
2016-09-21,35.406986
2016-09-22,35.799587
2016-09-23,35.523304
2016-09-26,35.159798
2016-09-27,35.167068
2016-09-28,35.566925
2016-09-29,35.021660
2016-09-30,35.428795
2016-10-03,35.356094
2016-10-04,35.392441
2016-10-05,35.523304
2016-10-06,35.254307
2016-10-07,34.948940
2016-10-10,35.021660
2016-10-11,34.490910
2016-10-12,34.381859
2016-10-13,34.258266
2016-10-14,34.301880
2016-10-17,34.171017
2016-10-18,34.607235
2016-10-19,34.650852
2016-10-20,34.650852
2016-10-21,34.549076
2016-10-24,34.505466
2016-10-25,34.374580
2016-10-26,34.207367
2016-10-27,34.243721
2016-10-28,34.214638
2016-10-31,34.178295
2016-11-01,34.040142
2016-11-02,33.814743
2016-11-03,33.800224
2016-11-04,33.465771
2016-11-07,33.996532
2016-11-08,34.098316
2016-11-09,34.272797
2016-11-10,34.098316
2016-11-11,33.763870
2016-11-14,33.473045
2016-11-15,33.705704
2016-11-16,33.334923
2016-11-17,33.494865
2016-11-18,33.153149
2016-11-21,33.436699
2016-11-22,33.465771
2016-11-23,33.225864
2016-11-25,33.502132
2016-11-28,33.109543
2016-11-29,33.400341
2016-11-30,33.378540
2016-12-01,33.327644
2016-12-02,33.436699
2016-12-05,33.938358
2016-12-06,34.250996
2016-12-07,34.716290
2016-12-08,34.512722
2016-12-09,34.701752
2016-12-12,34.650852
2016-12-13,35.021660
2016-12-14,34.476368
2016-12-15,34.454571
2016-12-16,34.629063
2016-12-19,34.505466
2016-12-20,34.597504
2016-12-21,34.685169
2016-12-22,34.619415
2016-12-23,34.758217
2016-12-27,34.809345
2016-12-28,34.590202
2016-12-29,34.831268
2016-12-30,35.021198
2017-01-03,35.138081
2017-01-04,35.430290
2017-01-05,35.751717
2017-01-06,35.576401
2017-01-09,35.452206
2017-01-10,35.444897
2017-01-11,35.627529
2017-01-12,35.664055
2017-01-13,35.817463
2017-01-17,35.817463
2017-01-18,35.671356
2017-01-19,35.598309
2017-01-20,35.795559
2017-01-23,35.912437
2017-01-24,35.992802
2017-01-25,36.423798
2017-01-26,36.190037
2017-01-27,36.182735
2017-01-30,35.883217
2017-01-31,36.058559
2017-02-01,36.168118
2017-02-02,36.138901
2017-02-03,36.270401
2017-02-06,35.927044
2017-02-07,35.941666
2017-02-08,36.007404
2017-02-09,36.131584
2017-02-10,36.138901
2017-02-13,36.270401
2017-02-14,36.277702
2017-02-15,36.445724
2017-02-16,36.591827
2017-02-17,36.460323
2017-02-21,36.467628
2017-02-22,36.460323
2017-02-23,36.547989
2017-02-24,36.219261
2017-02-27,36.306919
2017-02-28,36.270401
2017-03-01,36.650257
2017-03-02,36.511463
2017-03-03,36.803673
2017-03-06,36.628345
2017-03-07,36.445724
2017-03-08,36.299606
2017-03-09,36.577209
2017-03-10,36.905949
2017-03-13,37.037434
2017-03-14,36.737926
2017-03-15,37.278503
2017-03-16,37.665691
2017-03-17,37.716827
2017-03-20,37.629158
2017-03-21,37.519577
2017-03-22,37.539425
2017-03-23,37.664284
2017-03-24,37.730385
2017-03-27,37.891968
2017-03-28,37.928696
2017-03-29,37.884617
2017-03-30,37.781807
2017-03-31,37.877285
2017-04-03,37.723042
2017-04-04,37.752422
2017-04-05,37.554108
2017-04-06,37.678970
2017-04-07,37.620213
2017-04-10,37.568806
2017-04-11,37.825867
2017-04-12,37.847897
2017-04-13,37.576141
2017-04-17,37.833214
2017-04-18,37.656937
2017-04-19,37.561447
2017-04-20,37.825867
2017-04-21,37.781807
2017-04-24,39.162624
2017-04-25,39.493149
2017-04-26,39.353600
2017-04-27,39.427040
2017-04-28,39.353600
2017-05-01,39.507832
2017-05-02,39.853031
2017-05-03,39.728180
2017-05-04,40.308411
2017-05-05,40.829906
2017-05-08,40.359840
2017-05-09,40.330444
2017-05-10,40.425930
2017-05-11,40.330444
2017-05-12,40.631596
2017-05-15,40.851917
2017-05-16,41.241207
2017-05-17,40.682999
2017-05-18,40.697689
2017-05-19,41.270584
2017-05-22,41.388111
2017-05-23,41.351383
2017-05-24,41.410145
2017-05-25,41.402794
2017-05-26,41.219173
2017-05-30,41.145729
2017-05-31,41.285275
2017-06-01,41.571732
2017-06-02,41.843483
2017-06-05,41.564384
2017-06-06,41.402794
2017-06-07,41.424831
2017-06-08,41.277935
2017-06-09,41.131039
2017-06-12,40.896004
2017-06-13,41.233871
2017-06-14,41.189800
2017-06-15,40.638927
2017-06-16,41.167763
2017-06-19,41.314674
2017-06-20,40.844582
2017-06-21,40.879589
2017-06-22,40.827457
2017-06-23,40.968983
2017-06-26,41.065823
2017-06-27,41.170101
2017-06-28,41.520206
2017-06-29,41.021133
2017-06-30,41.073269
2017-07-03,41.065823
2017-07-05,41.065823
2017-07-06,40.916840
2017-07-07,41.028576
2017-07-10,41.117962
2017-07-11,41.147751
2017-07-12,41.497864
2017-07-13,41.669186
2017-07-14,41.989479
2017-07-17,41.914993
2017-07-18,41.900112
2017-07-19,41.989479
2017-07-20,42.212955
2017-07-21,41.996948
2017-07-24,41.840511
2017-07-25,41.937344
2017-07-26,42.250206
2017-07-27,42.071423
2017-07-28,42.116119
2017-07-31,42.235306
2017-08-01,42.481113
2017-08-02,42.518364
2017-08-03,42.555607
2017-08-04,42.644997
2017-08-07,42.674782
2017-08-08,42.391716
2017-08-09,42.369373
2017-08-10,41.706429
2017-08-11,41.631935
2017-08-14,41.967148
2017-08-15,41.900112
2017-08-16,42.153370
2017-08-17,41.646843
2017-08-18,41.684086
2017-08-21,41.706429
2017-08-22,41.922459
2017-08-23,41.937344
2017-08-24,41.862858
2017-08-25,42.205509
2017-08-28,42.183170
2017-08-29,41.996948
2017-08-30,41.929897
2017-08-31,42.265091
2017-09-01,42.347038
2017-09-05,42.101219
2017-09-06,42.428974
2017-09-07,42.823765
2017-09-08,42.801414
2017-09-11,43.151508
2017-09-12,43.315384
2017-09-13,43.032330
2017-09-14,43.203655
2017-09-15,43.240891
2017-09-18,43.307938
2017-09-19,43.523960
2017-09-20,43.405056
2017-09-21,43.397583
2017-09-22,43.524715
2017-09-25,43.195652
2017-09-26,43.038609
2017-09-27,43.090946
2017-09-28,43.277908
2017-09-29,43.621918
2017-10-02,43.494797
2017-10-03,43.666809
2017-10-04,43.584530
2017-10-05,43.532181
2017-10-06,43.479836
2017-10-09,43.457409
2017-10-10,43.928551
2017-10-11,44.025772
2017-10-12,43.965935
2017-10-13,44.010815
2017-10-16,43.891159
2017-10-17,43.696709
2017-10-18,43.921074
2017-10-19,43.786465
2017-10-20,43.681767
2017-10-23,43.532181
2017-10-24,43.532181
2017-10-25,43.502281
2017-10-26,43.405056
2017-10-27,43.345226
2017-10-30,43.606987
2017-10-31,43.823849
2017-11-01,43.778988
2017-11-02,43.891159
2017-11-03,43.808895
2017-11-06,43.876198
2017-11-07,43.502281
2017-11-08,43.524715
2017-11-09,43.210613
2017-11-10,43.135830
2017-11-13,42.903996
2017-11-14,43.053570
2017-11-15,42.829208
2017-11-16,43.158260
2017-11-17,43.023647
2017-11-20,43.090946
2017-11-21,43.360188
2017-11-22,43.502281
2017-11-24,43.898632
2017-11-27,43.592014
2017-11-28,43.861237
2017-11-29,43.704189
2017-11-30,43.801399
2017-12-01,43.621918
2017-12-04,43.569584
2017-12-05,43.412518
2017-12-06,43.315304
2017-12-07,43.434978
2017-12-08,43.689228
2017-12-11,43.726627
2017-12-12,43.764015
2017-12-13,43.823849
2017-12-14,43.606987
2017-12-15,43.577068
2017-12-18,44.145424
2017-12-19,44.118355
2017-12-20,43.967991
2017-12-21,44.170979
2017-12-22,44.216095
2017-12-26,44.193546
2017-12-27,44.343918
2017-12-28,44.449169
2017-12-29,44.471714
2018-01-02,44.764946
2018-01-03,44.922829
2018-01-04,45.449120
2018-01-05,45.757389
2018-01-08,45.629562
2018-01-09,45.704742
2018-01-10,45.531830
2018-01-11,45.855118
2018-01-12,46.441559
2018-01-16,46.456608
2018-01-17,46.652081
2018-01-18,46.712219
2018-01-19,46.945293
2018-01-22,47.246040
2018-01-23,47.351295
2018-01-24,47.516708
2018-01-25,47.321224
2018-01-26,47.734737
2018-01-29,47.261066
2018-01-30,46.945293
2018-01-31,46.975368
2018-02-01,47.050564
2018-02-02,45.885197
2018-02-05,43.952942
2018-02-06,44.967945
2018-02-07,44.396545
2018-02-08,43.321396
2018-02-09,43.494324
2018-02-12,44.065731
2018-02-13,43.960472
2018-02-14,44.862682
2018-02-15,45.170944
2018-02-16,45.216049
2018-02-20,44.772465
2018-02-21,44.546906
2018-02-22,44.734875
2018-02-23,45.058167
2018-02-26,45.328835
2018-02-27,44.576996
2018-02-28,44.088284
2018-03-01,43.607098
2018-03-02,43.652203
2018-03-05,43.952942
2018-03-06,44.291283
2018-03-07,44.404057
2018-03-08,44.464207
2018-03-09,44.712315
2018-03-12,44.772465
2018-03-13,44.389027
2018-03-14,44.479244
2018-03-15,44.486771
2018-03-16,44.486771
2018-03-19,44.261211
2018-03-20,44.186031
2018-03-21,44.261211
2018-03-22,43.268768
2018-03-23,43.005627
2018-03-26,43.872959
2018-03-27,43.351662
2018-03-28,43.631195
2018-03-29,43.933392
2018-04-02,43.351662
2018-04-03,43.661415
2018-04-04,43.744518
2018-04-05,44.152508
2018-04-06,44.008961
2018-04-09,44.348923
2018-04-10,44.908016
2018-04-11,44.673817
2018-04-12,44.976017
2018-04-13,45.013790
2018-04-16,45.089348
2018-04-17,45.399109
2018-04-18,45.542656
2018-04-19,45.414215
2018-04-20,45.217789
2018-04-23,45.225334
2018-04-24,44.983566
2018-04-25,44.802246
2018-04-26,45.051575
2018-04-27,45.096901
2018-04-30,44.877811
2018-05-01,44.628483
2018-05-02,44.658707
2018-05-03,44.840027
2018-05-04,45.331116
2018-05-07,44.953358
2018-05-08,44.915577
2018-05-09,45.202675
2018-05-10,45.436886
2018-05-11,45.519989
2018-05-14,45.497326
2018-05-15,45.202675
2018-05-16,45.270672
2018-05-17,45.421768
2018-05-18,45.217789
2018-05-21,45.535095
2018-05-22,45.542656
2018-05-23,44.900471
2018-05-24,44.794704
2018-05-25,44.409382
2018-05-29,43.155216
2018-05-30,43.933392
2018-05-31,43.789856
2018-06-01,44.160057
2018-06-04,44.258274
2018-06-05,44.175163
2018-06-06,44.598255
2018-06-07,44.311165
2018-06-08,44.364044
2018-06-11,44.802246
2018-06-12,44.530262
2018-06-13,44.636036
2018-06-14,44.598255
2018-06-15,44.265835
2018-06-18,43.888069
2018-06-19,43.525421
2018-06-20,43.532970
2018-06-21,43.162773
2018-06-22,43.748348
2018-06-25,43.116547
2018-06-26,43.078011
2018-06-27,42.708187
2018-06-28,42.792942
2018-06-29,43.247536
2018-07-02,42.900799
2018-07-03,43.101147
2018-07-05,43.679012
2018-07-06,43.902443
2018-07-09,44.195229
2018-07-10,44.318516
2018-07-11,43.494087
2018-07-12,43.910152
2018-07-13,43.979485
2018-07-16,44.018021
2018-07-17,43.979485
2018-07-18,44.018021
2018-07-19,43.894741
2018-07-20,44.148991
2018-07-23,44.064243
2018-07-24,44.318516
2018-07-25,44.657520
2018-07-26,44.372444
2018-07-27,44.464909
2018-07-30,44.595875
2018-07-31,44.719158
2018-08-01,44.410954
2018-08-02,44.025719
2018-08-03,44.118179
2018-08-06,43.879330
2018-08-07,44.195229
2018-08-08,44.164402
2018-08-09,44.018021
2018-08-10,43.031792
2018-08-13,42.900799
2018-08-14,42.792942
2018-08-15,42.068676
2018-08-16,42.392277
2018-08-17,42.631130
2018-08-20,42.947025
2018-08-21,43.417034
2018-08-22,43.563435
2018-08-23,43.270641
2018-08-24,43.648182
2018-08-27,44.195229
2018-08-28,44.133591
2018-08-29,44.357029
2018-08-30,43.925560
2018-08-31,43.455559
2018-09-04,43.101147
2018-09-05,42.831467
2018-09-06,42.638824
2018-09-07,42.315231
2018-09-10,42.700493
2018-09-11,42.708187
2018-09-12,42.900799
2018-09-13,43.209003
2018-09-14,43.108841
2018-09-17,43.201302
2018-09-18,43.432446
2018-09-19,43.532608
2018-09-20,44.249157
2018-09-21,44.210648
2018-09-24,44.033421
2018-09-25,44.249157
2018-09-26,44.196568
2018-09-27,44.010948
2018-09-28,43.484970
2018-10-01,43.515903
2018-10-02,43.237457
2018-10-03,43.376675
2018-10-04,42.827499
2018-10-05,42.494911
2018-10-08,42.069508
2018-10-09,42.030811
2018-10-10,41.172260
2018-10-11,40.669514
2018-10-12,40.808731
2018-10-15,40.777802
2018-10-16,41.543533
2018-10-17,41.133595
2018-10-18,40.460678
2018-10-19,40.739113
2018-10-22,40.445187
2018-10-23,40.128075
2018-10-24,38.991058
2018-10-25,39.524754
2018-10-26,39.331379
2018-10-29,39.370064
2018-10-30,39.725861
2018-10-31,40.050720
2018-11-01,40.700439
2018-11-02,40.739113
2018-11-05,40.731380
2018-11-06,40.816471
2018-11-07,41.365635
2018-11-08,40.862869
2018-11-09,40.677238
2018-11-12,39.818672
2018-11-13,40.104858
2018-11-14,40.197681
2018-11-15,40.120335
2018-11-16,40.104858
2018-11-19,39.749062
2018-11-20,39.014259
2018-11-21,39.586643
2018-11-23,39.254040
2018-11-26,39.888287
2018-11-27,39.663982
2018-11-28,40.228622
2018-11-29,40.035244
2018-11-30,39.780010
2018-12-03,40.251820
2018-12-04,39.277241
2018-12-06,38.789955
2018-12-07,38.410950
2018-12-10,38.078354
2018-12-11,38.217583
2018-12-12,38.921444
2018-12-13,38.828625
2018-12-14,38.248524
2018-12-17,37.884979
2018-12-18,37.908180
2018-12-19,37.645206
2018-12-20,37.475025
2018-12-21,37.026417
2018-12-24,36.583420
2018-12-26,37.494328
2018-12-27,37.323044
2018-12-28,37.681168
2018-12-31,37.852451
2019-01-02,37.642235
2019-01-03,37.361973
2019-01-04,38.483067
2019-01-07,38.654335
2019-01-08,38.965744
2019-01-09,39.456230
2019-01-10,39.502941
2019-01-11,39.339455
2019-01-14,39.144821
2019-01-15,39.191528
2019-01-16,39.261608
2019-01-17,39.425095
2019-01-18,39.892208
2019-01-22,39.370594
2019-01-23,39.674225
2019-01-24,39.619724
2019-01-25,40.047924
2019-01-28,39.861080
2019-01-29,40.063492
2019-01-30,40.429409
2019-01-31,40.382694
2019-02-01,40.429409
2019-02-04,40.538399
2019-02-05,40.896523
2019-02-06,40.748604
2019-02-07,40.141342
2019-02-08,39.993427
2019-02-11,39.923359
2019-02-12,40.367123
2019-02-13,40.351555
2019-02-14,40.351555
2019-02-15,40.974377
2019-02-19,41.200161
2019-02-20,41.402576
2019-02-21,41.215721
2019-02-22,41.363651
2019-02-25,41.449280
2019-02-26,41.760693
2019-02-27,41.589428
2019-02-28,41.659489
2019-03-01,41.955330
2019-03-04,41.784054
2019-03-05,41.838562
2019-03-06,41.752926
2019-03-07,41.091164
2019-03-08,41.114521
2019-03-11,41.457066
2019-03-12,41.441502
2019-03-13,41.931973
2019-03-14,42.095470
2019-03-15,42.554802
2019-03-18,42.733864
2019-03-19,42.874012
2019-03-20,42.920723
2019-03-21,42.741653
2019-03-22,41.745129
2019-03-25,41.749825
2019-03-26,41.890770
2019-03-27,41.992573
2019-03-28,41.781151
2019-03-29,41.976898
2019-04-01,42.525009
2019-04-02,42.705101
2019-04-03,43.096596
2019-04-04,42.979137
2019-04-05,43.096596
2019-04-08,43.143578
2019-04-09,42.893021
2019-04-10,43.073116
2019-04-11,43.088764
2019-04-12,43.370655
2019-04-15,43.448944
2019-04-16,43.480274
2019-04-17,43.629040
2019-04-18,43.511585
2019-04-22,43.550739
2019-04-23,43.503757
2019-04-24,43.229706
2019-04-25,43.159245
2019-04-26,43.253204
2019-04-29,43.433292
2019-04-30,43.621212
2019-05-01,43.268856
2019-05-02,43.120094
2019-05-03,43.558578
2019-05-06,43.151413
2019-05-07,42.352745
2019-05-08,42.564156
2019-05-09,42.305752
2019-05-10,42.634628
2019-05-13,41.616718
2019-05-14,42.016060
2019-05-15,42.203972
2019-05-16,42.564156
2019-05-17,42.290104
2019-05-20,42.000385
2019-05-21,42.305752
2019-05-22,42.156990
2019-05-23,41.655869
2019-05-24,42.141342
2019-05-28,41.671520
2019-05-29,41.303516
2019-05-30,41.522762
2019-05-31,41.146915
2019-06-03,41.436634
2019-06-04,41.961250
2019-06-05,41.945583
2019-06-06,42.164810
2019-06-07,42.720757
2019-06-10,42.783394
2019-06-11,43.057449
2019-06-12,42.775562
2019-06-13,42.822544
2019-06-14,42.470192
2019-06-17,42.422356
2019-06-18,43.076012
2019-06-19,43.251362
2019-06-20,43.649914
2019-06-21,43.618038
2019-06-24,43.713699
2019-06-25,43.386879
2019-06-26,43.458618
2019-06-27,43.466587
2019-06-28,43.761524
2019-07-01,43.920933
2019-07-02,44.008617
2019-07-03,44.351395
2019-07-05,43.905003
2019-07-08,43.697746
2019-07-09,43.514400
2019-07-10,43.649914
2019-07-11,43.626015
2019-07-12,43.641953
2019-07-15,43.705715
2019-07-16,43.562237
2019-07-17,43.458618
2019-07-18,43.649914
2019-07-19,43.402813
2019-07-22,43.498478
2019-07-23,43.761524
2019-07-24,43.745579
2019-07-25,43.331078
2019-07-26,43.498478
2019-07-29,43.562237
2019-07-30,42.876724
2019-07-31,42.621655
2019-08-01,42.454254
2019-08-02,42.063667
2019-08-05,41.170902
2019-08-06,41.394096
2019-08-07,41.553513
2019-08-08,41.928158
2019-08-09,41.728882
2019-08-12,41.425964
2019-08-13,41.760761
2019-08-14,40.573067
2019-08-15,40.565098
2019-08-16,41.091202
2019-08-19,41.394096
2019-08-20,41.186852
2019-08-21,41.673077
2019-08-22,41.593369
2019-08-23,41.099152
2019-08-26,41.370186
2019-08-27,41.394096
2019-08-28,41.322357
2019-08-29,41.728882
2019-08-30,41.920193
2019-09-03,41.752796
2019-09-04,42.446274
2019-09-05,42.653526
2019-09-06,42.773102
2019-09-09,42.789036
2019-09-10,42.836872
2019-09-11,43.068020
2019-09-12,43.347015
2019-09-13,43.482529
2019-09-16,43.076012
2019-09-17,43.259342
2019-09-18,43.235424
2019-09-19,43.370930
2019-09-20,43.219482
2019-09-23,43.107876
2019-09-24,42.868919
2019-09-25,42.620335
2019-09-26,42.836849
2019-09-27,42.836849
2019-09-30,42.989201
2019-10-01,42.516094
2019-10-02,41.457603
2019-10-03,41.762318
2019-10-04,42.099113
2019-10-07,42.099113
2019-10-08,41.617989
2019-10-09,41.978828
2019-10-10,42.371754
2019-10-11,43.285900
2019-10-14,43.125534
2019-10-15,43.678829
2019-10-16,43.734966
2019-10-17,43.943447
2019-10-18,43.991566
2019-10-21,44.192039
2019-10-22,44.007603
2019-10-23,44.264202
2019-10-24,44.376469
2019-10-25,44.368458
2019-10-28,44.592983
2019-10-29,44.536854
2019-10-30,44.777420
2019-10-31,44.641087
2019-11-01,44.977890
2019-11-04,45.202415
2019-11-05,45.106194
2019-11-06,45.082142
2019-11-07,45.178360
2019-11-08,45.130238
2019-11-11,45.122234
2019-11-12,45.090149
2019-11-13,45.009979
2019-11-14,44.977890
2019-11-15,45.258545
2019-11-18,45.330719
2019-11-19,45.258545
2019-11-20,44.969864
2019-11-21,44.913731
2019-11-22,44.985901
2019-11-25,45.354774
2019-11-26,45.410912
2019-11-27,45.491100
2019-11-29,45.218456
2019-12-02,44.953835
2019-12-03,44.745338
2019-12-04,45.146275
2019-12-05,45.154297
2019-12-06,45.515152
2019-12-09,45.314678
2019-12-10,45.354774
2019-12-11,45.595333
2019-12-12,45.948177
2019-12-13,46.421276
2019-12-16,47.022709
2019-12-17,46.685913
2019-12-18,46.597702
2019-12-19,46.653831
2019-12-20,46.701942
2019-12-23,46.872108
2019-12-24,46.847912
2019-12-26,47.081799
2019-12-27,47.299541
2019-12-30,46.928562
2019-12-31,47.259216
2020-01-02,47.654396
2020-01-03,47.057602
2020-01-06,47.235023
2020-01-07,47.001152
2020-01-08,47.122116
2020-01-09,47.170509
2020-01-10,46.944691
2020-01-13,47.178577
2020-01-14,47.210842
2020-01-15,47.226959
2020-01-16,47.452766
2020-01-17,47.638256
2020-01-21,47.291481
2020-01-22,47.339867
2020-01-23,47.146305
2020-01-24,46.976948
2020-01-27,46.009186
2020-01-28,46.485012
2020-01-29,46.541466
2020-01-30,46.517262
2020-01-31,45.799511
2020-02-03,45.815636
2020-02-04,46.581783
2020-02-05,47.041470
2020-02-06,47.122116
2020-02-07,46.670494
2020-02-10,46.815662
2020-02-11,47.162449
2020-02-12,47.452766
2020-02-13,47.138245
2020-02-14,47.146305
2020-02-18,46.944691
2020-02-19,47.251152
2020-02-20,46.968884
2020-02-21,46.815662
2020-02-24,44.799488
2020-02-25,43.783325
2020-02-26,43.823650
2020-02-27,42.460705
2020-02-28,42.154251
2020-03-02,42.855892
2020-03-03,42.492977
2020-03-04,43.960747
2020-03-05,42.476837
2020-03-06,41.896179
2020-03-09,38.283192
2020-03-10,39.638065
2020-03-11,37.363815
2020-03-12,33.129848
2020-03-13,35.194408
2020-03-16,31.049149
2020-03-17,32.347557
2020-03-18,29.960411
2020-03-19,30.694300
2020-03-20,30.274939
2020-03-23,30.117447
2020-03-24,32.845058
2020-03-25,34.087105
2020-03-26,35.759384
2020-03-27,34.574169
2020-03-30,35.150539
2020-03-31,35.134312
2020-04-01,33.591904
2020-04-02,34.233231
2020-04-03,33.518841
2020-04-06,35.174904
2020-04-07,35.385963
2020-04-08,35.921753
2020-04-09,36.822845
2020-04-13,36.319534
2020-04-14,36.936497
2020-04-15,35.426556
2020-04-16,35.532078
2020-04-17,36.733543
2020-04-20,36.205872
2020-04-21,35.467148
2020-04-22,36.035400
2020-04-23,35.816223
2020-04-24,36.319534
2020-04-27,36.798481
2020-04-28,36.977081
2020-04-29,38.097351
2020-04-30,37.399208
2020-05-01,36.619884
2020-05-04,36.603661
2020-05-05,36.473770
2020-05-06,36.238350
2020-05-07,36.871544
2020-05-08,37.496632
2020-05-11,37.293674
2020-05-12,36.822845
2020-05-13,36.360119
2020-05-14,36.035400
2020-05-15,36.100342
2020-05-18,37.732044
2020-05-19,37.171909
2020-05-20,38.040512
2020-05-21,37.699570
2020-05-22,37.650871
2020-05-26,38.665604
2020-05-27,39.136440
2020-05-28,39.542339
2020-05-29,39.582920
2020-06-01,40.475891
2020-06-02,40.922375
2020-06-03,42.058891
2020-06-04,42.050770
2020-06-05,42.805737
2020-06-08,43.325279
2020-06-09,42.554081
2020-06-10,42.367367
2020-06-11,39.883282
2020-06-12,40.638252
2020-06-15,41.027920
2020-06-16,41.474400
2020-06-17,41.604282
2020-06-18,41.303928
2020-06-19,41.084740
2020-06-22,41.670815
2020-06-23,41.924217
2020-06-24,40.747162
2020-06-25,41.384731
2020-06-26,40.689938
2020-06-29,41.155849
2020-06-30,41.139507
2020-07-01,41.450123
2020-07-02,41.842449
2020-07-06,42.586308
2020-07-07,41.932377
2020-07-08,42.471867
2020-07-09,41.858807
2020-07-10,42.259338
2020-07-13,42.014126
2020-07-14,42.717075
2020-07-15,43.223866
2020-07-16,43.084915
2020-07-17,43.346478
2020-07-20,43.697960
2020-07-21,43.804214
2020-07-22,44.073963
2020-07-23,43.657089
2020-07-24,43.338303
2020-07-27,43.828735
2020-07-28,43.608036
2020-07-29,44.180214
2020-07-30,43.567173
2020-07-31,42.643520
2020-08-03,43.485432
2020-08-04,43.632561
2020-08-05,43.910480
2020-08-06,43.959518
2020-08-07,43.738827
2020-08-10,43.812389
2020-08-11,43.984043
2020-08-12,44.940395
2020-08-13,44.727871
2020-08-14,44.270126
2020-08-17,44.662479
2020-08-18,44.613430
2020-08-19,44.409096
2020-08-20,44.319176
2020-08-21,43.975868
2020-08-24,44.629791
2020-08-25,44.670647
2020-08-26,45.071171
2020-08-27,44.539875
2020-08-28,44.891350
2020-08-31,44.482658
2020-09-01,44.433609
2020-09-02,45.103882
2020-09-03,43.943172
2020-09-04,44.131180
2020-09-08,43.477257
2020-09-09,44.515347
2020-09-10,43.902302
2020-09-11,44.294647
2020-09-14,44.441776
2020-09-15,44.760571
2020-09-16,44.719700
2020-09-17,44.809620
2020-09-18,44.449963
2020-09-21,43.063278
2020-09-22,42.964645
2020-09-23,42.339951
2020-09-24,42.364609
2020-09-25,42.487896
2020-09-28,43.276997
2020-09-29,43.235901
2020-09-30,43.096165
2020-10-01,43.433174
2020-10-02,43.416737
2020-10-05,44.197605
2020-10-06,43.589359
2020-10-07,43.959240
2020-10-08,44.370216
2020-10-09,44.797657
2020-10-12,45.101784
2020-10-13,44.386669
2020-10-14,44.263359
2020-10-15,43.581127
2020-10-16,43.901703
2020-10-19,43.696209
2020-10-20,44.041431
2020-10-21,43.564682
2020-10-22,43.581127
2020-10-23,43.983894
2020-10-26,42.939983
2020-10-27,42.389271
2020-10-28,40.753548
2020-10-29,40.893272
2020-10-30,40.761757
2020-11-02,41.345348
2020-11-03,42.570110
2020-11-04,43.161919
2020-11-05,44.214054
2020-11-06,44.362011
2020-11-09,45.660725
2020-11-10,46.326523
2020-11-11,46.729294
2020-11-12,46.096375
2020-11-13,46.819717
2020-11-16,47.312889
2020-11-17,47.304668
2020-11-18,47.041653
2020-11-19,47.370438
2020-11-20,47.345779
2020-11-23,47.296455
2020-11-24,48.028019
2020-11-25,48.036240
2020-11-27,48.258167
2020-11-30,47.444412
2020-12-01,48.644485
2020-12-02,48.603401
2020-12-03,48.751362
2020-12-04,49.187004
2020-12-07,48.899311
2020-12-08,49.071930
2020-12-09,49.047264
2020-12-10,48.997952
2020-12-11,48.669155
2020-12-14,48.726692
2020-12-15,49.392498
2020-12-16,49.630878
2020-12-17,50.041851
2020-12-18,50.089836
2020-12-21,49.405670
2020-12-22,49.314117
2020-12-23,49.971645
2020-12-24,50.096485
2020-12-28,50.437729
2020-12-29,50.803944
2020-12-30,50.737362
2020-12-31,50.138103
2021-01-04,50.787304
2021-01-05,51.245071
2021-01-06,51.852642
2021-01-07,52.010788
2021-01-08,52.252151
2021-01-11,51.428169
2021-01-12,51.669544
2021-01-13,51.511410
2021-01-14,51.877628
2021-01-15,50.978729
2021-01-19,51.436504
2021-01-20,51.761101
2021-01-21,51.952530
2021-01-22,51.578003
2021-01-25,51.245071
2021-01-26,51.453159
2021-01-27,50.229652
2021-01-28,50.662457
2021-01-29,49.688660
2021-02-01,50.337852
2021-02-02,50.870541
2021-02-03,50.920471
2021-02-04,50.962086
2021-02-05,51.295013
2021-02-08,51.436504
2021-02-09,51.736134
2021-02-10,51.503078
2021-02-11,51.910912
2021-02-12,52.227196
2021-02-16,52.726570
2021-02-17,52.177250
2021-02-18,52.027439
2021-02-19,52.135635
2021-02-22,51.977505
2021-02-23,52.002472
2021-02-24,52.426949
2021-02-25,51.553020
2021-02-26,50.970413
2021-03-01,51.860977
2021-03-02,52.035759
2021-03-03,51.686192
2021-03-04,51.078602
2021-03-05,51.436504
2021-03-08,51.369926
2021-03-09,52.168930
2021-03-10,52.518490
2021-03-11,53.001236
2021-03-12,52.967945
2021-03-15,52.893036
2021-03-16,52.959618
2021-03-17,53.234276
2021-03-18,52.576759
2021-03-19,52.610054
2021-03-22,52.794785
2021-03-23,52.025761
2021-03-24,51.933807
2021-03-25,52.201302
2021-03-26,52.895081
2021-03-29,52.694473
2021-03-30,52.744621
2021-03-31,52.661037
2021-04-01,53.505299
2021-04-05,54.424770
2021-04-06,53.931587
2021-04-07,54.048615
2021-04-08,54.424770
2021-04-09,54.491642
2021-04-12,54.240879
2021-04-13,54.575230
2021-04-14,54.600300
2021-04-15,55.076759
2021-04-16,55.728756
2021-04-19,55.762188
2021-04-20,54.784210
2021-04-21,55.285732
2021-04-22,55.093479
2021-04-23,55.636799
2021-04-26,55.803982
2021-04-27,55.820713
2021-04-28,55.996235
2021-04-29,56.012959
2021-04-30,55.177078
2021-05-03,55.887573
2021-05-04,54.951370
2021-05-05,55.745476
2021-05-06,56.163410
2021-05-07,57.016010
2021-05-10,56.581364
2021-05-11,55.929375
2021-05-12,55.302452
2021-05-13,55.753815
2021-05-14,56.781979
2021-05-17,56.756908
2021-05-18,56.807056
2021-05-19,56.188492
2021-05-20,57.057812
2021-05-21,57.091255
2021-05-24,57.459042
2021-05-25,57.484116
2021-05-26,57.316940
2021-05-27,57.492477
2021-05-28,57.634586
2021-06-01,58.077606
2021-06-02,58.161201
2021-06-03,57.751610
2021-06-04,58.228073
2021-06-07,58.495556
2021-06-08,58.487198
2021-06-09,58.386875
2021-06-10,58.462112
2021-06-11,58.654377
2021-06-14,58.804832
2021-06-15,58.813179
2021-06-16,58.236423
2021-06-17,57.701458
2021-06-18,56.573006
2021-06-21,57.418140
2021-06-22,57.435040
2021-06-23,57.080078
2021-06-24,57.629417
2021-06-25,57.747757
2021-06-28,57.299835
2021-06-29,57.333614
2021-06-30,56.843449
2021-07-01,57.181499
2021-07-02,57.342072
2021-07-06,56.978668
2021-07-07,57.333614
2021-07-08,56.598354
2021-07-09,57.494198
2021-07-12,57.773090
2021-07-13,57.409687
2021-07-14,57.502659
2021-07-15,56.885700
2021-07-16,56.505394
2021-07-19,55.356018
2021-07-20,55.685619
2021-07-21,56.750484
2021-07-22,56.843449
2021-07-23,57.333614
2021-07-26,57.553352
2021-07-27,57.426586
2021-07-28,57.722382
2021-07-29,58.170300
2021-07-30,57.899872
2021-08-02,58.170300
2021-08-03,58.592865
2021-08-04,58.542164
2021-08-05,58.846413
2021-08-06,58.525253
2021-08-09,58.482998
2021-08-10,58.643574
2021-08-11,59.049236
2021-08-12,59.032318
2021-08-13,59.480247
2021-08-16,59.159107
2021-08-17,58.685841
2021-08-18,58.525253
2021-08-19,57.840710
2021-08-20,58.170300
2021-08-23,58.677372
2021-08-24,58.719639
2021-08-25,58.795692
2021-08-26,58.449196
2021-08-27,59.108391
2021-08-30,59.108391
2021-08-31,58.947823
2021-09-01,59.361931
2021-09-02,59.666176
2021-09-03,59.454899
2021-09-07,59.226715
2021-09-08,58.609764
2021-09-09,58.432289
2021-09-10,58.263268
2021-09-13,58.601307
2021-09-14,58.449196
2021-09-15,58.457638
2021-09-16,58.432289
2021-09-17,57.502659
2021-09-20,56.382317
2021-09-21,56.968822
2021-09-22,57.512844
2021-09-23,58.286377
2021-09-24,57.597847
2021-09-27,57.512844
2021-09-28,56.161304
2021-09-29,55.965790
2021-09-30,55.770298
2021-10-01,56.118801
2021-10-04,55.829800
2021-10-05,56.101795
2021-10-06,55.736286
2021-10-07,56.152802
2021-10-08,56.186802
2021-10-11,55.855297
2021-10-12,56.076302
2021-10-13,56.909328
2021-10-14,57.538353
2021-10-15,57.971859
2021-10-18,57.708370
2021-10-19,58.031372
2021-10-20,58.269379
2021-10-21,58.260883
2021-10-22,58.541378
2021-10-25,58.328884
2021-10-26,58.549881
2021-10-27,58.362885
2021-10-28,59.008892
2021-10-29,58.575401
2021-11-01,59.093895
2021-11-02,58.949394
2021-11-03,59.518925
2021-11-04,59.331917
2021-11-05,59.442410
2021-11-08,59.518925
2021-11-09,59.450905
2021-11-10,58.762383
2021-11-11,58.974876
2021-11-12,59.127911
2021-11-15,58.932396
2021-11-16,58.804890
2021-11-17,58.881386
2021-11-18,58.940891
2021-11-19,58.158890
2021-11-22,57.691353
2021-11-23,57.487335
2021-11-24,57.121830
2021-11-26,55.727787
2021-11-29,56.118801
2021-11-30,55.710796
2021-12-01,55.387783
2021-12-02,56.025303
2021-12-03,55.600288
2021-12-06,56.246304
2021-12-07,57.385334
2021-12-08,57.580833
2021-12-09,57.045334
2021-12-10,57.181328
2021-12-13,56.577812
2021-12-14,56.220806
2021-12-15,56.968822
2021-12-16,57.036823
2021-12-17,56.203812
2021-12-20,56.262215
2021-12-21,56.983631
2021-12-22,57.687862
2021-12-23,58.082924
2021-12-27,58.718479
2021-12-28,58.744228
2021-12-29,58.838722
2021-12-30,58.606831
2021-12-31,58.606831
2022-01-03,59.165066
2022-01-04,59.242363
2022-01-05,58.709896
2022-01-06,58.495178
2022-01-07,58.787182
2022-01-10,57.988453
2022-01-11,58.709896
2022-01-12,59.250942
2022-01-13,58.812950
2022-01-14,58.649761
2022-01-18,57.808109
2022-01-19,57.971279
2022-01-20,57.541874
2022-01-21,56.700211
2022-01-24,55.824207
2022-01-25,55.429134
2022-01-26,55.557964
2022-01-27,55.472076
2022-01-28,55.635254
2022-01-31,56.511265
2022-02-01,57.198341
2022-02-02,57.533272
2022-02-03,56.734562
2022-02-04,56.588558
2022-02-07,56.622913
2022-02-08,56.820454
2022-02-09,57.782337
2022-02-10,57.043747
2022-02-11,55.978790
2022-02-14,55.429134
2022-02-15,56.708797
2022-02-16,56.897755
2022-02-17,55.901478
2022-02-18,55.575134
2022-02-22,54.707714
2022-02-23,54.286892
2022-02-24,53.221939
2022-02-25,54.827953
2022-02-28,53.522530
2022-03-01,52.105446
2022-03-02,52.912754
2022-03-03,51.392620
2022-03-04,49.219769
2022-03-07,47.596584
2022-03-08,48.721642
2022-03-09,51.323910
2022-03-10,50.181671
2022-03-11,49.872478
2022-03-14,50.757080
2022-03-15,51.134968
2022-03-16,53.144634
2022-03-17,53.488178
2022-03-18,53.926182
2022-03-21,53.391651
2022-03-22,54.097462
2022-03-23,53.090401
2022-03-24,53.400272
2022-03-25,53.434696
2022-03-28,53.555199
2022-03-29,54.915169
2022-03-30,54.682762
2022-03-31,53.606842
2022-04-01,54.235184
2022-04-04,54.269608
2022-04-05,53.718746
2022-04-06,53.116219
2022-04-07,53.383053
2022-04-08,53.434696
2022-04-11,52.969898
2022-04-12,52.591171
2022-04-13,53.210903
2022-04-14,52.969898
2022-04-18,52.771923
2022-04-19,53.004330
2022-04-20,53.443310
2022-04-21,52.944077
2022-04-22,52.126377
2022-04-25,51.704605
2022-04-26,50.008949
2022-04-27,50.241356
2022-04-28,50.886906
2022-04-29,50.258568
2022-05-02,50.069206
2022-05-03,50.473751
2022-05-04,51.265633
2022-05-05,49.587193
2022-05-06,48.829739
2022-05-09,47.357876
2022-05-10,47.839886
2022-05-11,47.573071
2022-05-12,47.340664
2022-05-13,48.717850
2022-05-16,48.898602
2022-05-17,50.069206
2022-05-18,48.597340
2022-05-19,49.105179
2022-05-20,49.311756
2022-05-23,50.361855
2022-05-24,50.353245
2022-05-25,50.310223
2022-05-26,50.990196
2022-05-27,51.618538
2022-05-31,51.472210
2022-06-01,50.620075
2022-06-02,51.876762
2022-06-03,51.170956
2022-06-06,51.420563
2022-06-07,51.549679
2022-06-08,50.809433
2022-06-09,49.544159
2022-06-10,48.210003
2022-06-13,46.479923
2022-06-14,45.894627
2022-06-15,47.013584
2022-06-16,45.799938
2022-06-17,45.808548
2022-06-21,46.561893
2022-06-22,46.254589
2022-06-23,45.973614
2022-06-24,47.510162
2022-06-27,47.387249
2022-06-28,46.921886
2022-06-29,46.649700
2022-06-30,46.377502
2022-07-01,46.412632
2022-07-05,45.078026
2022-07-06,45.174614
2022-07-07,45.877033
2022-07-08,45.912155
2022-07-11,45.165825
2022-07-12,45.139477
2022-07-13,45.157047
2022-07-14,44.410728
2022-07-15,45.262409
2022-07-18,45.534611
2022-07-19,47.018471
2022-07-20,46.465302
2022-07-21,47.053589
2022-07-22,46.842861
2022-07-25,47.290657
2022-07-26,46.526772
2022-07-27,47.650654
2022-07-28,47.914059
2022-07-29,48.695507
2022-08-01,48.616482
2022-08-02,47.826248
2022-08-03,48.317955
2022-08-04,48.686729
2022-08-05,48.195038
2022-08-08,48.370636
2022-08-09,48.142353
2022-08-10,49.257442
2022-08-11,49.178417
2022-08-12,49.468174
2022-08-15,48.967693
2022-08-16,49.037933
2022-08-17,48.537453
2022-08-18,48.300392
2022-08-19,47.641876
2022-08-22,46.544331
2022-08-23,46.579456
2022-08-24,46.676037
2022-08-25,47.123825
2022-08-26,45.718983
2022-08-29,45.771667
2022-08-30,45.455582
2022-08-31,45.060471
2022-09-01,44.340477
2022-09-02,44.041950
2022-09-06,44.270233
2022-09-07,44.884853
2022-09-08,44.700470
2022-09-09,46.017513
2022-09-12,46.851643
2022-09-13,45.165825
2022-09-14,45.218513
2022-09-15,44.779495
2022-09-16,44.419498
2022-09-19,44.514744
2022-09-20,43.518272
2022-09-21,42.962723
2022-09-22,42.715809
2022-09-23,41.013885
2022-09-26,40.326054
2022-09-27,40.132053
2022-09-28,41.243156
2022-09-29,40.643505
2022-09-30,40.696423
2022-10-03,41.622334
2022-10-04,43.553543
2022-10-05,42.874531
2022-10-06,41.939800
2022-10-07,41.154964
2022-10-10,40.978607
2022-10-11,40.440689
2022-10-12,40.387783
2022-10-13,41.525341
2022-10-14,40.908054
2022-10-17,42.274895
2022-10-18,42.786354
2022-10-19,42.010345
2022-10-20,41.975071
2022-10-21,42.724628
2022-10-24,43.024448
2022-10-25,44.082642
2022-10-26,44.558830
2022-10-27,44.179642
2022-10-28,44.664650
2022-10-31,44.126740
2022-11-01,44.461830
2022-11-02,43.659367
2022-11-03,43.200817
2022-11-04,45.184929
2022-11-07,45.423027
2022-11-08,45.934483
2022-11-09,45.326035
2022-11-10,47.971516
2022-11-11,48.923882
2022-11-14,48.359524
2022-11-15,48.562340
2022-11-16,48.474152
2022-11-17,48.412437
2022-11-18,48.615257
2022-11-21,48.262512
2022-11-22,48.915077
2022-11-23,49.470612
2022-11-25,49.805714
2022-11-28,49.003250
2022-11-29,49.117893
2022-11-30,50.079082
2022-12-01,50.652267
2022-12-02,50.758095
2022-12-05,50.167263
2022-12-06,49.841000
2022-12-07,49.796898
2022-12-08,49.990902
2022-12-09,49.990902
2022-12-12,50.202541
2022-12-13,50.934456
2022-12-14,50.987358
2022-12-15,49.602894
2022-12-16,48.976795
2022-12-19,48.912853
2022-12-20,49.001663
2022-12-21,49.685577
2022-12-22,49.250362
2022-12-23,49.410240
2022-12-27,49.507942
2022-12-28,49.054958
2022-12-29,49.845451
2022-12-30,49.241482
2023-01-03,49.863220
2023-01-04,50.813580
2023-01-05,50.351723
2023-01-06,51.692898
2023-01-09,52.021526
2023-01-10,52.270222
2023-01-11,52.643265
2023-01-12,53.291645
2023-01-13,53.540337
2023-01-17,53.673569
2023-01-18,53.513695
2023-01-19,53.247238
2023-01-20,53.700211
2023-01-23,53.948910
2023-01-24,53.797916
2023-01-25,54.011078
2023-01-26,54.073254
2023-01-27,53.895611
2023-01-30,53.566986
2023-01-31,53.948910
2023-02-01,54.570644
2023-02-02,54.668343
2023-02-03,54.126545
2023-02-06,53.540337
2023-02-07,53.931145
2023-02-08,53.709103
2023-02-09,53.797916
2023-02-10,53.362705
2023-02-13,54.117672
2023-02-14,54.375240
2023-02-15,54.321953
2023-02-16,54.011078
2023-02-17,54.313068
2023-02-21,53.691345
2023-02-22,53.362705
2023-02-23,53.700211
2023-02-24,52.776482
2023-02-27,53.558105
2023-02-28,53.025192
2023-03-01,53.362705
2023-03-02,53.398224
2023-03-03,54.082138
2023-03-06,53.984440
2023-03-07,52.856426
2023-03-08,53.034069
2023-03-09,52.527798
2023-03-10,52.110344
2023-03-13,51.737312
2023-03-14,52.696556
2023-03-15,50.707008
2023-03-16,51.470852
2023-03-17,50.698116
2023-03-20,51.690384
2023-03-21,52.679974
2023-03-22,52.376850
2023-03-23,52.385769
2023-03-24,51.975674
2023-03-27,52.581898
2023-03-28,52.537327
2023-03-29,53.384274
2023-03-30,54.195553
2023-03-31,54.338196
2023-04-03,54.721550
2023-04-04,54.730465
2023-04-05,54.427353
2023-04-06,54.890934
2023-04-10,54.890934
2023-04-11,55.104916
2023-04-12,55.541748
2023-04-13,56.290627
2023-04-14,56.201477
2023-04-17,55.934025
2023-04-18,56.317371
2023-04-19,56.192558
2023-04-20,56.112324
2023-04-21,56.531338
2023-04-24,56.763130
2023-04-25,55.809212
2023-04-26,55.853786
2023-04-27,56.504593
2023-04-28,56.584835
2023-05-01,56.593742
2023-05-02,55.934025
2023-05-03,56.112324
2023-05-04,55.827042
2023-05-05,56.665070
2023-05-08,56.673985
2023-05-09,56.228214
2023-05-10,56.156898
2023-05-11,55.916191
2023-05-12,55.764637
2023-05-15,56.183640
2023-05-16,55.595242
2023-05-17,55.835960
2023-05-18,55.728973
2023-05-19,56.139072
2023-05-22,56.067753
2023-05-23,55.247555
2023-05-24,54.382778
2023-05-25,54.240128
2023-05-26,54.837448
2023-05-30,54.266876
2023-05-31,53.687389
2023-06-01,54.320366
2023-06-02,54.962261
2023-06-05,54.569992
2023-06-06,54.775043
2023-06-07,54.534332
2023-06-08,55.167313
2023-06-09,54.837448
2023-06-12,55.078171
2023-06-13,55.506088
2023-06-14,55.702229
2023-06-15,56.460018
2023-06-16,56.415443
2023-06-20,55.616131
2023-06-21,55.507259
2023-06-22,55.289505
2023-06-23,54.618122
2023-06-26,54.690704
2023-06-27,55.244141
2023-06-28,55.198784
2023-06-29,55.117126
2023-06-30,55.979046
2023-07-03,55.815727
2023-07-05,55.089909
2023-07-06,54.110043
2023-07-07,54.463886
2023-07-10,54.790508
2023-07-11,55.380241
2023-07-12,56.695793
2023-07-13,57.584923
2023-07-14,57.312737
2023-07-17,57.231083
2023-07-18,57.566780
2023-07-19,57.557709
2023-07-20,57.339954
2023-07-21,57.539562
2023-07-24,57.249226
2023-07-25,57.358105
2023-07-26,57.466976
2023-07-27,57.131287
2023-07-28,57.621208
2023-07-31,57.603077
2023-08-01,56.967979
2023-08-02,55.933674
2023-08-03,55.779442
2023-08-04,55.879234
2023-08-07,56.414536
2023-08-08,56.115135
2023-08-09,56.242157
2023-08-10,56.459900
2023-08-11,55.979046
2023-08-14,55.870167
2023-08-15,55.153419
2023-08-16,54.817726
2023-08-17,54.345936
2023-08-18,54.255211
2023-08-21,54.563683
2023-08-22,54.364079
2023-08-23,54.817726
2023-08-24,54.055618
2023-08-25,54.445747
2023-08-28,55.017334
2023-08-29,55.797585
2023-08-30,55.770367
2023-08-31,55.271366
2023-09-01,55.080833
2023-09-05,54.418518
2023-09-06,54.218918
2023-09-07,53.983025
2023-09-08,54.064686
2023-09-11,54.627193
2023-09-12,54.273357
2023-09-13,54.046543
2023-09-14,54.690704
2023-09-15,54.609051
2023-09-18,54.227249
2023-09-19,54.263699
2023-09-20,54.363930
2023-09-21,53.580276
2023-09-22,53.461807
2023-09-25,53.097328
2023-09-26,52.432121
2023-09-27,52.204319
2023-09-28,52.714603
2023-09-29,52.787502
2023-10-02,51.885387
2023-10-03,51.329536
2023-10-04,51.584694
2023-10-05,51.885387
2023-10-06,52.559696
2023-10-09,52.395676
2023-10-10,53.215786
2023-10-11,53.571163
2023-10-12,52.960640
2023-10-13,52.477692
2023-10-16,52.960640
2023-10-17,52.905968
2023-10-18,51.930954
2023-10-19,51.502674
2023-10-20,51.010616
2023-10-23,51.119949
2023-10-24,51.311321
2023-10-25,50.855701
2023-10-26,50.637001
2023-10-27,50.281635
2023-10-30,51.065281
2023-10-31,51.156410
2023-11-01,51.502674
2023-11-02,52.632595
2023-11-03,53.069996
2023-11-06,52.896851
2023-11-07,52.659935
2023-11-08,52.915081
2023-11-09,52.905968
2023-11-10,53.151993
2023-11-13,53.288681
2023-11-14,54.865105
2023-11-15,54.855995
2023-11-16,54.737537
2023-11-17,55.493855
2023-11-20,55.749004
2023-11-21,55.512081
2023-11-22,55.603207
2023-11-24,56.195499
2023-11-27,56.022369
2023-11-28,56.022369
2023-11-29,56.277515
2023-11-30,56.149937
2023-12-01,56.687572
2023-12-04,56.377750
2023-12-05,56.323086
2023-12-06,56.332191
2023-12-07,56.532658
2023-12-08,56.842480
2023-12-11,56.924484
2023-12-12,57.024723
2023-12-13,57.826607
2023-12-14,58.491802
2023-12-15,57.844826
2023-12-18,58.016460
2023-12-19,58.622231
2023-12-20,57.933853
2023-12-21,58.796627
2023-12-22,58.833340
2023-12-26,59.200466
2023-12-27,59.530891
2023-12-28,59.127048
2023-12-29,59.182121
2024-01-02,58.438663
2024-01-03,57.943039
2024-01-04,58.273464
2024-01-05,58.163315
2024-01-08,58.824158
2024-01-09,58.236748
2024-01-10,58.484566
2024-01-11,58.227570
2024-01-12,58.392780
2024-01-16,57.282192
2024-01-17,56.832455
2024-01-18,57.337265
2024-01-19,57.355621
2024-01-22,57.456585
2024-01-23,57.318909
2024-01-24,57.887959
2024-01-25,58.154137
2024-01-26,58.677299
2024-01-29,58.870056
2024-01-30,58.897587
2024-01-31,58.457020
2024-02-01,59.035255
2024-02-02,58.466202
2024-02-05,58.126602
2024-02-06,58.594700
2024-02-07,58.401955
2024-02-08,58.401955
2024-02-09,58.603870
2024-02-12,58.649769
2024-02-13,57.511654
2024-02-14,58.319355
2024-02-15,58.961834
2024-02-16,59.053616
2024-02-20,59.356499
2024-02-21,59.429935
2024-02-22,60.026527
2024-02-23,60.099957
2024-02-26,60.035706
2024-02-27,60.136662
2024-02-28,59.833786
2024-02-29,59.861317
2024-03-01,60.366119
2024-03-04,60.283531
2024-03-05,60.035706
2024-03-06,60.678188
2024-03-07,61.623562
2024-03-08,61.348209
2024-03-11,61.357380
2024-03-12,61.953972
2024-03-13,62.064121
2024-03-14,61.605209
2024-03-15,61.549835
2024-03-18,61.189896
2024-03-19,61.291405
2024-03-20,62.029751
2024-03-21,61.872856
2024-03-22,61.725182
2024-03-25,61.789787
2024-03-26,61.882076
2024-03-27,62.260483
2024-03-28,62.149719
2024-04-01,62.038982
2024-04-02,61.503689
2024-04-03,61.937458
2024-04-04,61.457535
2024-04-05,61.614433
2024-04-08,61.928219
2024-04-09,61.799011
2024-04-10,61.069901
2024-04-11,61.106827
2024-04-12,60.054691
2024-04-15,59.962399
2024-04-16,59.482471
2024-04-17,59.685520
2024-04-18,59.547077
2024-04-19,59.694748
2024-04-22,60.359257
2024-04-23,61.208351
2024-04-24,60.922241
2024-04-25,60.811489
2024-04-26,61.272957
2024-04-29,61.466766
2024-04-30,60.562305
2024-05-01,60.488472
2024-05-02,61.088371
2024-05-03,61.642124
2024-05-06,62.140495
2024-05-07,62.546581
2024-05-08,62.777317
2024-05-09,63.331078
2024-05-10,63.617176
2024-05-13,63.654087
2024-05-14,64.189392
2024-05-15,64.890816
2024-05-16,64.512421
2024-05-17,64.687759
2024-05-20,64.660080
2024-05-21,64.650856
2024-05-22,64.143250
2024-05-23,63.847912
2024-05-24,64.346291
2024-05-28,64.226311
2024-05-29,63.275700
2024-05-30,63.875595
2024-05-31,64.466270
2024-06-03,64.549332
2024-06-04,64.346291
2024-06-05,64.964661
2024-06-06,65.223068
2024-06-07,64.373970
2024-06-10,64.180176
2024-06-11,63.404907
2024-06-12,64.401657
2024-06-13,63.414139
2024-06-14,62.380459
2024-06-17,62.878845
2024-06-18,63.192642
2024-06-20,63.349537
2024-06-21,62.836048
2024-06-24,63.398254
2024-06-25,63.276443
2024-06-26,62.714241
2024-06-27,62.648651
2024-06-28,62.564312
2024-07-01,62.939117
2024-07-02,62.770458
2024-07-03,63.557564
2024-07-05,64.082291
2024-07-08,63.763691
2024-07-09,63.257694
2024-07-10,64.044800
2024-07-11,64.354012
2024-07-12,65.122353
2024-07-15,64.419609
2024-07-16,64.663223
2024-07-17,64.316521
2024-07-18,63.791798
2024-07-19,63.407623
2024-07-22,64.297798
2024-07-23,63.744953
2024-07-24,63.154644
2024-07-25,62.939117
2024-07-26,63.829292
2024-07-29,63.351410
2024-07-30,63.585667
2024-07-31,64.147865
2024-08-01,62.817314
2024-08-02,62.339436
2024-08-05,60.962021
2024-08-06,61.121323
2024-08-07,61.215027
2024-08-08,62.067703
2024-08-09,62.461254
2024-08-12,62.311317
2024-08-13,63.145252
2024-08-14,63.491962
2024-08-15,64.138474
2024-08-16,64.485199
2024-08-19,65.206688
2024-08-20,65.028664
2024-08-21,65.581490
2024-08-22,65.197319
2024-08-23,66.312363
2024-08-26,66.106216
2024-08-27,66.387337
2024-08-28,66.106216
2024-08-29,66.312363
2024-08-30,66.462288
2024-09-03,65.216064
2024-09-04,65.047386
2024-09-05,64.897484
2024-09-06,64.044800
2024-09-09,64.466446
2024-09-10,64.157242
2024-09-11,64.503937
2024-09-12,64.953697
2024-09-13,65.356621
2024-09-16,65.834488
2024-09-17,65.590866
2024-09-18,65.431580
2024-09-19,66.565353
2024-09-20,65.570663
2024-09-23,65.777306
2024-09-24,66.406616
2024-09-25,66.021523
2024-09-26,67.364677
2024-09-27,67.327110
2024-09-30,66.782326
2024-10-01,66.040306
2024-10-02,65.833664
2024-10-03,65.082245
2024-10-04,65.439163
2024-10-07,65.054077
2024-10-08,64.988319
2024-10-09,65.223145
2024-10-10,65.035271
2024-10-11,65.439163
2024-10-14,65.655205
2024-10-15,64.687744
2024-10-16,64.772285
2024-10-17,64.847427
2024-10-18,65.335846
2024-10-21,64.650185
2024-10-22,64.396576
2024-10-23,63.983299
2024-10-24,64.283859
2024-10-25,63.983299
2024-10-28,64.584427
2024-10-29,64.039650
2024-10-30,63.532440
2024-10-31,63.100368
2024-11-01,63.288239
2024-11-04,63.325802
2024-11-05,63.767254
2024-11-06,62.405319
2024-11-07,63.400955
2024-11-08,62.424095
2024-11-11,62.442898
2024-11-12,61.174866
2024-11-13,60.827343
2024-11-14,61.005798
2024-11-15,60.827343
2024-11-18,61.071545
2024-11-19,60.883694
2024-11-20,60.761585
2024-11-21,60.648869
2024-11-22,60.874290
2024-11-25,61.212433
2024-11-26,60.855518
2024-11-27,61.353329
2024-11-29,61.992043
2024-12-02,62.001438
2024-12-03,62.217464
2024-12-04,62.424095
2024-12-05,63.044029
2024-12-06,63.100368
2024-12-09,62.997059
2024-12-10,62.499241
2024-12-11,62.781021
2024-12-12,62.283211
2024-12-13,62.283211
2024-12-16,62.142326
2024-12-17,61.860538
2024-12-18,60.423454
2024-12-19,60.244987
2024-12-20,60.101547
2024-12-23,60.386528
2024-12-24,60.718994
2024-12-26,60.880478
2024-12-27,60.681004
2024-12-30,60.282036
2024-12-31,60.291531
2025-01-02,60.025551
2025-01-03,60.272541
2025-01-06,61.089466
2025-01-07,61.089466
2025-01-08,60.851986
2025-01-10,60.225048
2025-01-13,59.911568
2025-01-14,60.187042
2025-01-15,60.965977
2025-01-16,61.488434
2025-01-17,61.811409
2025-01-21,63.236294
2025-01-22,63.093803
2025-01-23,63.720753
2025-01-24,63.844246
2025-01-27,64.195717
2025-01-28,63.929737
2025-01-29,63.996227
2025-01-30,64.613670
2025-01-31,64.119728
2025-02-03,63.179298
2025-02-04,63.977226
2025-02-05,64.632683
2025-02-06,64.993645
2025-02-07,64.357201
2025-02-10,64.832153
2025-02-11,65.373619
2025-02-12,65.839073
2025-02-13,66.561028
2025-02-14,66.684502
2025-02-18,67.149971
2025-02-19,66.295036
2025-02-20,66.703506
2025-02-21,66.428032
2025-02-24,66.428032
2025-02-25,67.178474
2025-02-26,67.254463
2025-02-27,66.323540
2025-02-28,66.684502
2025-03-03,67.577431
2025-03-04,67.681915
2025-03-05,69.429787
2025-03-06,68.669846
2025-03-07,69.667252
2025-03-10,67.928902
2025-03-11,67.776917
2025-03-12,67.995392
2025-03-13,67.434952
2025-03-14,68.831329
2025-03-17,69.543770
2025-03-18,69.819252
2025-03-19,69.790764
2025-03-20,69.068810
2025-03-21,68.462219
2025-03-24,68.414528
2025-03-25,68.824654
2025-03-26,67.851791
2025-03-27,67.994858
2025-03-28,67.699188
2025-03-31,66.964775
2025-04-01,67.136452
2025-04-02,67.355835
2025-04-03,66.392509
2025-04-04,62.014660
2025-04-07,60.088036
2025-04-08,59.830517
2025-04-09,64.284660
2025-04-10,63.435795
2025-04-11,65.133522
2025-04-14,65.619949
2025-04-15,66.278053
2025-04-16,66.010986
2025-04-17,66.697723
2025-04-21,66.249435
2025-04-22,67.613350
2025-04-23,67.842247
2025-04-24,68.729271
2025-04-25,69.015396
2025-04-28,69.463676
2025-04-29,69.606743
2025-04-30,69.539978
2025-05-01,69.292007
2025-05-02,70.751274
2025-05-05,70.846657
2025-05-06,70.665428
2025-05-07,70.455612
2025-05-08,70.198074
2025-05-09,70.665428
2025-05-12,70.818047
2025-05-13,71.104172
2025-05-14,70.942032
2025-05-15,71.647835
2025-05-16,71.819519
2025-05-19,72.744675
2025-05-20,73.221550
2025-05-21,72.840050
2025-05-22,72.744675
2025-05-23,72.630226
2025-05-27,73.498161
2025-05-28,72.782822
2025-05-29,73.154793
2025-05-30,73.212021
2025-06-02,73.927361
2025-06-03,73.297867
2025-06-04,73.784294
2025-06-05,73.860596
2025-06-06,74.060890
2025-06-09,74.060890
2025-06-10,74.194412
2025-06-11,74.108566
2025-06-12,74.795296
2025-06-13,73.660294
2025-06-16,73.927361
2025-06-17,72.859131
2025-06-18,72.811424
2025-06-20,72.373016
2025-06-23,73.002090
2025-06-24,73.969910
2025-06-25,73.515038
2025-06-26,74.144119
2025-06-27,74.831261
2025-06-30,75.005470
2025-07-01,75.063538
2025-07-02,75.286133
2025-07-03,75.247429
2025-07-07,74.715118
2025-07-08,75.431305
2025-07-09,76.157166
2025-07-10,76.147476
2025-07-11,75.286133
2025-07-14,75.247429
2025-07-15,74.376396
2025-07-16,74.705444
2025-07-17,74.773201
2025-07-18,74.686089
2025-07-21,75.034508
2025-07-22,75.479698
2025-07-23,77.008842
2025-07-24,76.166840
2025-07-25,76.331375
2025-07-28,74.957077
2025-07-29,74.850616
2025-07-30,74.037659
2025-07-31,73.215019
2025-08-01,72.837578
2025-08-04,73.679573
2025-08-05,73.756996
2025-08-06,74.105400
2025-08-07,74.889336
2025-08-08,75.131287
2025-08-11,74.744156
2025-08-12,75.508728
2025-08-13,76.060379
2025-08-14,76.205551
2025-08-15,76.408783
2025-08-18,76.263626
2025-08-19,76.428154
2025-08-20,76.844307
2025-08-21,76.379753
2025-08-22,77.608894
2025-08-25,76.457191
2025-08-26,76.341057
2025-08-27,76.128136
2025-08-28,76.312019
2025-08-29,75.973274
2025-09-02,74.918373
2025-09-03,75.228073
2025-09-04,75.673264
2025-09-05,76.041023
2025-09-08,76.583000
2025-09-09,76.447502
2025-09-10,76.244270
2025-09-11,77.066910
2025-09-12,76.805595
2025-09-15,77.376610
2025-09-16,77.134651
2025-09-17,76.834633
2025-09-18,77.144333
2025-09-19,76.784332
2025-09-22,77.104538
2025-09-23,77.056038
2025-09-24,76.551453
2025-09-25,75.823677
2025-09-26,76.619370
2025-09-29,76.861969
2025-09-30,77.434471
2025-10-01,78.327194
2025-10-02,78.511574
2025-10-03,78.938522
2025-10-06,78.695938
2025-10-07,78.104012
2025-10-08,78.560081
2025-10-09,77.725578
2025-10-10,76.832848
2025-10-13,77.366547
2025-10-14,77.667351
2025-10-15,77.842026
2025-10-16,78.385422
2025-10-17,78.404831
2025-10-20,78.744446
2025-10-21,78.278687
2025-10-22,78.307785
2025-10-23,78.763855
2025-10-24,78.880295
2025-10-27,79.268448
2025-10-28,79.064682
2025-10-29,78.637718
2025-10-30,78.268990
2025-10-31,77.919655
2025-11-03,77.793503
2025-11-04,76.959000
2025-11-05,77.599434
2025-11-06,77.230690
2025-11-07,77.609138
2025-11-10,78.530975
2025-11-11,79.365486
2025-11-12,79.831253
2025-11-13,79.258743
2025-11-14,78.657120
2025-11-17,77.696472
2025-11-18,76.939598
2025-11-19,76.638786
2025-11-20,75.590790
2025-11-21,76.745514
2025-11-24,76.551453
2025-11-25,77.861420
2025-11-26,78.598900
2025-11-28,79.113190
2025-12-01,78.715347
2025-12-02,79.074371
2025-12-03,79.608070
2025-12-04,79.559555
2025-12-05,79.588661
2025-12-08,79.404297
2025-12-09,79.190811
2025-12-10,80.161179
2025-12-11,80.762802
2025-12-12,80.238808
2025-12-15,80.762802
2025-12-16,80.588135
2025-12-17,80.151474
2025-12-18,80.723984
2025-12-19,81.095222
2025-12-22,81.526222
2025-12-23,81.898438
2025-12-24,82.015991
2025-12-26,82.251068
2025-12-29,81.957207
2025-12-30,82.231476
2025-12-31,81.898438
2026-01-02,82.828987
2026-01-05,83.485283
2026-01-06,83.690971
2026-01-07,83.446098
2026-01-08,83.436302
2026-01-09,84.014221
2026-01-12,84.474594
2026-01-13,84.033806
2026-01-14,84.357056
2026-01-15,84.151352
2026-01-16,84.406036
2026-01-20,83.220810
2026-01-21,84.053398
2026-01-22,84.552963
2026-01-23,85.150475
2026-01-26,85.718605
2026-01-27,87.089943
2026-01-28,86.051643
2026-01-29,86.512024
2026-01-30,85.708809
2026-02-02,86.394478
2026-02-03,86.071236
2026-02-04,86.188774
2026-02-05,84.993752
2026-02-06,86.678535
2026-02-09,87.638481
2026-02-10,87.393600
2026-02-11,87.618889
2026-02-12,86.933220
2026-02-13,86.884247
2026-02-17,87.403397
2026-02-18,87.697250
2026-02-19,87.315239
2026-02-20,88.167427
2026-02-23,87.658073
2026-02-24,87.893150
2026-02-25,88.637596
2026-02-26,88.578827
2026-02-27,88.324150
2026-03-02,86.463043
2026-03-03,83.857498
2026-03-04,84.817429
2026-03-05,83.113052
2026-03-06,82.525337
2026-03-09,82.907356
2026-03-10,82.936737
2026-03-11,82.799614
2026-03-12,81.594780
2026-03-13,80.478127
2026-03-16,81.820068
2026-03-17,82.182503
2026-03-18,80.576080
2026-03-19,80.350784
2026-03-20,77.921989
2026-03-23,79.752441
2026-03-24,79.299759
2026-03-25,80.461006
2026-03-26,78.886429
2026-03-27,78.187706
2026-03-30,78.601036
2026-03-31,81.120354
2026-04-01,82.291458
2026-04-02,81.897812
2026-04-06,82.448914
2026-04-07,82.202881
2026-04-08,85.361877
2026-04-09,85.381561
2026-04-10,85.676796
2026-04-13,86.247581
2026-04-14,86.965988
2026-04-15,86.631386
2026-04-16,86.316467
2026-04-17,87.654861
2026-04-20,87.428513
2026-04-21,85.519341
2026-04-22,85.755531
2026-04-23,85.096176
2026-04-24,85.666962
2026-04-27,85.174904
2026-04-28,84.791100
2026-04-29,83.787300
2026-04-30,85.755531
2026-05-01,85.765373
2026-05-04,84.151421
2026-05-05,85.489822
2026-05-06,87.812325
2026-05-07,85.893303
2026-05-08,86.719963
2026-05-11,86.424721
2026-05-12,85.726006
2026-05-13,86.208214
2026-05-14,86.080284
2026-05-15,84.426971
2026-05-18,85.726006
2026-05-19,85.037125
2026-05-20,86.838051
2026-05-21,87.349785
2026-05-22,87.054558
2026-05-26,88.058357
2026-05-27,87.900894
2026-05-28,87.615494
2026-05-29,87.595818
2026-06-01,87.113594
2026-06-02,87.546608
2026-06-03,86.503448
2026-06-04,87.477722
2026-06-05,85.745682
2026-06-08,86.129486
2026-06-09,86.483772
2026-06-10,85.312675
2026-06-11,88.038666
2026-06-12,88.196129
2026-06-15,88.442154
2026-06-16,88.579926
2026-06-17,87.812325
2026-06-18,88.050728
2026-06-22,88.030777
2026-06-23,86.943489
2026-06-24,86.734009
2026-06-25,87.611824
2026-06-26,86.913559
2026-06-29,87.851227
2026-06-30,88.320061
2026-07-01,87.551971
2026-07-02,89.128044
2026-07-06,89.746506
2026-07-07,88.818817
2026-07-08,87.960953
2026-07-09,88.190384
2026-07-10,88.349983
2026-07-13,87.641747
2026-07-14,88.080658
2026-07-15,88.898621
2026-07-16,88.569443
2026-07-17,88.369934
2026-07-20,87.472176
2026-07-21,88.539513
2026-07-22,88.868690
2026-07-23,87.611824
2026-07-24,88.190384
2026-07-27,88.619308
2026-07-28,89.008347
2026-07-29,88.639267
2026-07-30,90.763969
2026-07-31,90.364960
2026-08-03,90.704124
2026-08-04,91.611855
2026-08-05,91.621834
2026-08-06,91.601891
2026-08-07,92.369972
2026-08-10,92.030823
2026-08-11,92.070724
2026-08-12,92.020844
2026-08-13,92.150520
2026-08-14,92.140549
2026-08-17,91.871216
2026-08-18,91.322586
2026-08-19,92.000893
2026-08-20,91.781441
2026-08-21,92.489677
2026-08-24,92.379951
2026-08-25,92.958511
2026-08-26,92.469719
2026-08-27,92.050766
2026-08-28,91.751518
2026-08-31,91.432312
2026-09-01,90.494644
2026-09-02,90.734047
2026-09-03,91.512108
2026-09-04,91.512108
2026-09-08,90.963478
2026-09-09,89.985909
2026-09-10,89.197868
2026-09-11,89.796379
2026-09-14,89.008347
2026-09-15,88.739014
2026-09-16,88.409836
2026-09-17,89.148003
2026-09-18,88.209999
2026-09-21,89.239998
2026-09-22,89.430000
2026-09-23,88.010002
2026-09-24,88.070000
2026-09-25,88.629997
