date,adj_close
2005-03-10,14.284589
2005-03-11,14.267506
2005-03-14,14.182063
2005-03-15,13.874508
2005-03-16,13.754896
2005-03-17,13.865955
2005-03-18,13.885892
2005-03-21,13.712178
2005-03-22,13.492895
2005-03-23,13.370441
2005-03-24,13.327725
2005-03-28,13.373297
2005-03-29,13.082814
2005-03-30,13.367597
2005-03-31,13.441639
2005-04-01,13.455882
2005-04-04,13.529923
2005-04-05,13.498594
2005-04-06,13.623897
2005-04-07,13.680857
2005-04-08,13.569793
2005-04-11,13.621054
2005-04-12,13.640983
2005-04-13,13.529923
2005-04-14,13.185336
2005-04-15,12.963211
2005-04-18,12.929032
2005-04-19,13.188189
2005-04-20,12.980293
2005-04-21,13.273619
2005-04-22,13.179641
2005-04-25,13.302094
2005-04-26,13.219510
2005-04-27,13.156855
2005-04-28,12.886318
2005-04-29,13.128374
2005-05-02,13.188189
2005-05-03,13.097054
2005-05-04,13.552704
2005-05-05,13.561250
2005-05-06,13.626743
2005-05-09,13.672308
2005-05-10,13.390378
2005-05-11,13.467265
2005-05-12,13.228052
2005-05-13,13.196726
2005-05-16,13.285009
2005-05-17,13.302094
2005-05-18,13.626743
2005-05-19,13.569793
2005-05-20,13.441639
2005-05-23,13.455882
2005-05-24,13.453031
2005-05-25,13.401770
2005-05-26,13.455882
2005-05-27,13.629598
2005-05-31,13.509986
2005-06-01,13.584027
2005-06-02,13.703631
2005-06-03,13.669460
2005-06-06,13.789069
2005-06-07,13.717878
2005-06-08,13.658070
2005-06-09,13.754896
2005-06-10,13.763439
2005-06-13,13.754896
2005-06-14,13.806158
2005-06-15,14.002652
2005-06-16,14.213392
2005-06-17,14.258961
2005-06-20,14.210544
2005-06-21,14.127962
2005-06-22,14.241868
2005-06-23,14.031130
2005-06-24,13.954241
2005-06-27,14.011197
2005-06-28,14.125115
2005-06-29,14.079549
2005-06-30,13.977025
2005-07-01,14.105178
2005-07-05,14.127962
2005-07-06,14.019746
2005-07-07,14.011197
2005-07-08,14.096634
2005-07-11,14.324456
2005-07-12,14.498175
2005-07-13,14.495324
2005-07-14,14.583607
2005-07-15,14.512411
2005-07-18,14.472545
2005-07-19,14.620633
2005-07-20,14.745933
2005-07-21,14.851299
2005-07-22,14.874087
2005-07-25,14.623475
2005-07-26,14.706068
2005-07-27,14.808588
2005-07-28,15.076278
2005-07-29,14.950974
2005-08-01,15.124683
2005-08-02,15.429404
2005-08-03,15.457888
2005-08-04,15.335426
2005-08-05,15.093364
2005-08-08,15.093364
2005-08-09,15.543318
2005-08-10,15.477822
2005-08-11,15.583187
2005-08-12,15.437948
2005-08-15,15.506303
2005-08-16,15.249997
2005-08-17,15.306951
2005-08-18,15.047808
2005-08-19,15.007932
2005-08-22,15.210125
2005-08-23,15.025020
2005-08-24,14.834214
2005-08-25,15.059191
2005-08-26,14.894020
2005-08-29,15.036408
2005-08-30,14.879776
2005-08-31,15.164561
2005-09-01,15.318342
2005-09-02,15.455035
2005-09-06,15.631597
2005-09-07,15.662925
2005-09-08,15.668613
2005-09-09,15.862269
2005-09-12,15.822400
2005-09-13,15.717037
2005-09-14,15.788230
2005-09-15,15.842333
2005-09-16,15.964792
2005-09-19,15.993270
2005-09-20,16.004663
2005-09-21,16.061623
2005-09-22,16.044527
2005-09-23,15.916385
2005-09-26,16.129963
2005-09-27,15.998966
2005-09-28,16.095791
2005-09-29,16.389112
2005-09-30,16.411901
2005-10-03,16.332159
2005-10-04,16.303680
2005-10-05,15.998966
2005-10-06,15.497755
2005-10-07,15.725577
2005-10-10,15.762596
2005-10-11,15.833800
2005-10-12,15.549018
2005-10-13,15.315493
2005-10-14,15.392380
2005-10-17,15.463575
2005-10-18,15.093364
2005-10-19,15.099067
2005-10-20,14.606393
2005-10-21,15.087672
2005-10-24,15.426550
2005-10-25,15.116146
2005-10-26,15.247146
2005-10-27,14.822824
2005-10-28,15.193042
2005-10-31,15.483515
2005-11-01,15.591734
2005-11-02,15.924925
2005-11-03,15.930621
2005-11-04,15.890744
2005-11-07,15.867971
2005-11-08,15.773991
2005-11-09,15.961948
2005-11-10,16.016054
2005-11-11,16.166986
2005-11-14,16.138510
2005-11-15,15.998966
2005-11-16,16.161289
2005-11-17,16.372036
2005-11-18,16.431828
2005-11-21,16.457460
2005-11-22,16.411901
2005-11-23,16.696672
2005-11-25,16.653961
2005-11-28,16.559986
2005-11-29,16.511570
2005-11-30,16.562836
2005-12-01,16.924505
2005-12-02,16.935898
2005-12-05,16.961525
2005-12-06,17.172270
2005-12-07,17.055504
2005-12-08,16.981466
2005-12-09,17.027029
2005-12-12,17.212133
2005-12-13,17.326044
2005-12-14,17.257696
2005-12-15,17.209282
2005-12-16,17.143782
2005-12-19,17.186501
2005-12-20,17.271940
2005-12-21,17.531092
2005-12-22,17.514004
2005-12-23,17.636457
2005-12-27,17.516758
2005-12-28,17.528351
2005-12-29,17.670366
2005-12-30,17.644278
2006-01-03,18.229725
2006-01-04,18.467371
2006-01-05,18.484756
2006-01-06,18.786171
2006-01-09,18.948469
2006-01-10,18.780382
2006-01-11,18.913692
2006-01-12,18.803568
2006-01-13,18.829647
2006-01-17,18.470270
2006-01-18,18.374626
2006-01-19,18.890507
2006-01-20,18.389114
2006-01-23,18.684740
2006-01-24,18.942678
2006-01-25,18.951365
2006-01-26,19.241190
2006-01-27,19.617956
2006-01-30,19.583179
2006-01-31,19.696201
2006-02-01,19.759966
2006-02-02,19.273071
2006-02-03,19.067301
2006-02-06,19.475943
2006-02-07,19.078892
2006-02-08,19.099182
2006-02-09,19.104977
2006-02-10,19.131058
2006-02-13,18.705027
2006-02-14,19.084690
2006-02-15,19.055706
2006-02-16,19.389008
2006-02-17,19.429571
2006-02-21,19.316555
2006-02-22,19.441172
2006-02-23,19.461447
2006-02-24,19.516525
2006-02-27,19.626652
2006-02-28,19.273071
2006-03-01,19.673031
2006-03-02,19.733879
2006-03-03,19.409283
2006-03-06,19.145552
2006-03-07,18.449974
2006-03-08,18.594894
2006-03-09,18.516640
2006-03-10,18.838335
2006-03-13,18.841240
2006-03-14,19.322338
2006-03-15,19.507826
2006-03-16,19.397694
2006-03-17,19.473045
2006-03-20,19.519421
2006-03-21,19.145552
2006-03-22,19.235397
2006-03-23,19.110773
2006-03-24,19.235397
2006-03-27,19.325247
2006-03-28,19.104977
2006-03-29,19.333927
2006-03-30,19.473045
2006-03-31,19.499125
2006-04-03,19.974434
2006-04-04,20.183104
2006-04-05,20.374392
2006-04-06,20.339615
2006-04-07,20.087465
2006-04-10,20.058493
2006-04-11,19.852718
2006-04-12,19.959949
2006-04-13,19.974434
2006-04-17,20.209200
2006-04-18,20.840998
2006-04-19,21.023594
2006-04-20,20.974323
2006-04-21,21.055470
2006-04-24,20.983009
2006-04-25,20.696091
2006-04-26,21.069962
2006-04-27,20.948238
2006-04-28,21.020699
2006-05-01,21.078648
2006-05-02,21.443830
2006-05-03,21.458313
2006-05-04,21.635107
2006-05-05,21.910440
2006-05-08,22.026367
2006-05-09,22.049553
2006-05-10,21.930729
2006-05-11,21.388765
2006-05-12,20.916357
2006-05-15,20.313530
2006-05-16,20.443954
2006-05-17,19.794750
2006-05-18,19.415083
2006-05-19,19.641150
2006-05-22,18.597788
2006-05-23,18.652861
2006-05-24,18.528234
2006-05-25,19.119469
2006-05-26,19.270172
2006-05-30,18.258698
2006-05-31,18.647057
2006-06-01,19.012239
2006-06-02,19.203518
2006-06-05,18.374626
2006-06-06,18.110893
2006-06-07,17.861645
2006-06-08,17.337074
2006-06-09,17.224043
2006-06-12,16.713951
2006-06-13,16.319801
2006-06-14,16.760330
2006-06-15,17.542845
2006-06-16,17.432707
2006-06-19,16.882051
2006-06-20,17.122601
2006-06-21,17.516758
2006-06-22,17.357365
2006-06-23,17.476185
2006-06-26,17.389238
2006-06-27,17.232737
2006-06-28,17.621094
2006-06-29,18.580402
2006-06-30,18.629671
2006-07-03,19.058607
2006-07-05,18.493452
2006-07-06,18.873117
2006-07-07,18.560110
2006-07-10,18.690531
2006-07-11,18.878916
2006-07-12,18.589088
2006-07-13,17.876135
2006-07-14,17.737020
2006-07-17,17.513863
2006-07-18,17.728327
2006-07-19,18.586199
2006-07-20,18.168850
2006-07-21,17.786293
2006-07-24,18.661549
2006-07-25,18.702116
2006-07-26,18.557215
2006-07-27,18.731108
2006-07-28,19.180332
2006-07-31,18.974558
2006-08-01,18.644165
2006-08-02,18.916594
2006-08-03,18.899199
2006-08-04,18.893414
2006-08-07,18.832546
2006-08-08,18.887609
2006-08-09,18.896305
2006-08-10,19.038322
2006-08-11,18.904997
2006-08-14,18.922388
2006-08-15,19.319437
2006-08-16,19.646946
2006-08-17,19.551292
2006-08-18,19.449862
2006-08-21,19.275970
2006-08-22,19.246990
2006-08-23,18.980356
2006-08-24,19.000639
2006-08-25,19.064405
2006-08-28,19.171638
2006-08-29,19.261477
2006-08-30,19.389008
2006-08-31,19.255678
2006-09-01,19.522320
2006-09-05,19.759966
2006-09-06,19.168736
2006-09-07,18.997747
2006-09-08,19.171638
2006-09-11,18.751396
2006-09-12,19.084690
2006-09-13,19.345531
2006-09-14,19.191933
2006-09-15,19.258581
2006-09-18,19.568689
2006-09-19,19.325247
2006-09-20,19.548405
2006-09-21,19.200617
2006-09-22,18.994844
2006-09-25,19.180332
2006-09-26,19.417982
2006-09-27,19.406393
2006-09-28,19.562893
2006-09-29,19.458557
2006-10-02,19.481749
2006-10-03,19.229599
2006-10-04,19.603470
2006-10-05,19.852718
2006-10-06,19.736786
2006-10-09,19.617956
2006-10-10,19.791849
2006-10-11,19.699108
2006-10-12,20.162821
2006-10-13,20.229483
2006-10-16,20.287449
2006-10-17,20.058493
2006-10-18,20.130943
2006-10-19,20.284546
2006-10-20,20.168615
2006-10-23,20.212088
2006-10-24,20.281651
2006-10-25,20.478729
2006-10-26,20.565670
2006-10-27,20.214994
2006-10-30,20.072971
2006-10-31,20.446846
2006-11-01,20.412067
2006-11-02,20.510605
2006-11-03,20.670002
2006-11-06,21.075756
2006-11-07,21.017796
2006-11-08,21.035187
2006-11-09,21.069962
2006-11-10,21.127930
2006-11-13,21.084454
2006-11-14,21.406143
2006-11-15,21.362671
2006-11-16,21.188784
2006-11-17,21.087357
2006-11-20,21.049671
2006-11-21,21.388765
2006-11-22,21.606127
2006-11-24,21.687286
2006-11-27,21.264143
2006-11-28,21.411945
2006-11-29,21.852484
2006-11-30,21.945219
2006-12-01,21.800312
2006-12-04,22.246630
2006-12-05,22.501671
2006-12-06,22.287205
2006-12-07,22.203165
2006-12-08,22.159683
2006-12-11,22.145189
2006-12-12,21.893051
2006-12-13,21.951017
2006-12-14,22.313297
2006-12-15,22.365456
2006-12-18,22.243734
2006-12-19,22.156782
2006-12-20,22.293007
2006-12-21,22.345171
2006-12-22,22.359629
2006-12-26,22.580835
2006-12-27,22.825623
2006-12-28,22.846279
2006-12-29,22.825623
2007-01-03,22.976055
2007-01-04,22.725351
2007-01-05,22.091223
2007-01-08,22.333069
2007-01-09,21.799240
2007-01-10,21.737284
2007-01-11,22.026335
2007-01-12,22.347824
2007-01-16,22.356670
2007-01-17,22.297686
2007-01-18,22.179705
2007-01-19,22.607376
2007-01-22,22.586729
2007-01-23,22.976055
2007-01-24,23.185463
2007-01-25,22.477604
2007-01-26,22.613277
2007-01-29,22.430414
2007-01-30,22.672260
2007-01-31,22.843328
2007-02-01,23.073391
2007-02-02,23.064537
2007-02-05,23.064537
2007-02-06,23.312294
2007-02-07,23.271000
2007-02-08,23.315237
2007-02-09,22.908218
2007-02-12,22.740097
2007-02-13,23.129417
2007-02-14,23.536444
2007-02-15,23.530548
2007-02-16,23.512846
2007-02-20,23.627874
2007-02-21,23.580692
2007-02-22,23.725204
2007-02-23,23.616074
2007-02-26,23.571840
2007-02-27,21.852329
2007-02-28,22.312443
2007-03-01,22.046982
2007-03-02,21.589821
2007-03-05,20.970436
2007-03-06,21.973248
2007-03-07,21.752043
2007-03-08,22.188557
2007-03-09,22.265240
2007-03-12,22.486443
2007-03-13,21.563272
2007-03-14,21.964399
2007-03-15,22.191505
2007-03-16,22.005686
2007-03-19,22.427462
2007-03-20,22.642765
2007-03-21,23.291636
2007-03-22,23.176607
2007-03-23,23.223803
2007-03-26,23.212002
2007-03-27,23.085173
2007-03-28,22.881668
2007-03-29,23.321131
2007-03-30,23.262156
2007-04-02,23.465662
2007-04-03,23.816643
2007-04-04,23.896273
2007-04-05,23.961161
2007-04-09,24.102743
2007-04-10,24.176472
2007-04-11,24.108637
2007-04-12,24.415373
2007-04-13,24.495010
2007-04-16,24.801744
2007-04-17,24.713263
2007-04-18,24.598234
2007-04-19,24.433065
2007-04-20,24.798803
2007-04-23,24.695570
2007-04-24,24.713263
2007-04-25,25.064251
2007-04-26,24.728018
2007-04-27,24.627735
2007-04-30,24.146973
2007-05-01,24.318039
2007-05-02,24.787004
2007-05-03,25.031813
2007-05-04,25.126198
2007-05-07,25.214657
2007-05-08,24.987566
2007-05-09,25.288404
2007-05-10,24.660175
2007-05-11,25.306095
2007-05-14,25.146828
2007-05-15,25.158632
2007-05-16,25.562710
2007-05-17,25.415230
2007-05-18,25.595148
2007-05-21,25.651190
2007-05-22,25.719021
2007-05-23,25.550905
2007-05-24,24.996414
2007-05-25,25.488962
2007-05-29,25.409330
2007-05-30,25.660034
2007-05-31,25.754423
2007-06-01,26.335457
2007-06-04,26.255817
2007-06-05,26.111298
2007-06-06,25.680683
2007-06-07,25.226461
2007-06-08,25.819307
2007-06-11,25.895979
2007-06-12,25.474230
2007-06-13,26.040514
2007-06-14,26.444590
2007-06-15,26.898794
2007-06-18,27.114105
2007-06-19,27.167202
2007-06-20,26.978426
2007-06-21,27.282213
2007-06-22,26.898794
2007-06-25,26.674633
2007-06-26,26.544865
2007-06-27,26.889942
2007-06-28,26.892895
2007-06-29,26.925341
2007-07-02,27.482777
2007-07-03,27.780672
2007-07-05,27.995985
2007-07-06,28.376461
2007-07-09,28.594713
2007-07-10,28.093307
2007-07-11,28.305670
2007-07-12,29.045971
2007-07-13,29.246552
2007-07-16,28.821821
2007-07-17,28.889664
2007-07-18,28.783484
2007-07-19,29.051878
2007-07-20,28.975189
2007-07-23,29.656519
2007-07-24,28.777576
2007-07-25,29.128565
2007-07-26,27.524076
2007-07-27,27.223234
2007-07-30,28.270283
2007-07-31,27.872112
2007-08-01,27.429689
2007-08-02,27.721684
2007-08-03,26.603853
2007-08-06,27.282213
2007-08-07,27.382502
2007-08-08,28.137566
2007-08-09,26.969585
2007-08-10,26.677589
2007-08-13,26.839802
2007-08-14,25.999226
2007-08-15,24.719164
2007-08-16,24.303293
2007-08-17,25.235321
2007-08-20,25.379839
2007-08-21,25.185175
2007-08-22,26.208632
2007-08-23,26.426888
2007-08-24,27.022680
2007-08-27,27.149498
2007-08-28,26.072966
2007-08-29,27.305815
2007-08-30,27.031515
2007-08-31,27.869152
2007-09-04,28.258486
2007-09-05,27.603720
2007-09-06,28.016624
2007-09-07,27.462133
2007-09-10,27.273375
2007-09-11,28.054974
2007-09-12,27.972391
2007-09-13,28.249624
2007-09-14,28.290930
2007-09-17,28.031376
2007-09-18,29.346809
2007-09-19,29.411715
2007-09-20,29.217035
2007-09-21,29.715509
2007-09-24,30.084166
2007-09-25,30.110729
2007-09-26,30.334887
2007-09-27,30.853979
2007-09-28,30.609163
2007-10-01,31.786007
2007-10-02,31.676861
2007-10-03,31.193161
2007-10-04,31.470411
2007-10-05,32.325748
2007-10-08,32.030807
2007-10-09,32.375885
2007-10-10,32.591183
2007-10-11,32.440777
2007-10-12,32.930367
2007-10-15,32.709167
2007-10-16,31.986563
2007-10-17,32.930367
2007-10-18,33.074902
2007-10-19,31.437962
2007-10-22,31.853840
2007-10-23,32.620682
2007-10-24,32.328701
2007-10-25,32.709167
2007-10-26,33.959743
2007-10-29,34.534870
2007-10-30,33.903702
2007-10-31,34.590919
2007-11-01,33.372787
2007-11-02,33.549763
2007-11-05,32.738659
2007-11-06,33.741467
2007-11-07,32.455517
2007-11-08,32.750462
2007-11-09,32.042599
2007-11-12,30.326035
2007-11-13,32.384735
2007-11-14,32.532204
2007-11-15,31.794844
2007-11-16,31.847933
2007-11-19,30.969000
2007-11-20,31.381935
2007-11-21,29.910158
2007-11-23,30.455805
2007-11-26,28.992893
2007-11-27,30.411566
2007-11-28,31.912825
2007-11-29,31.647375
2007-11-30,31.641483
2007-12-03,31.712269
2007-12-04,31.656223
2007-12-05,32.838943
2007-12-06,33.136841
2007-12-07,32.936279
2007-12-10,32.918579
2007-12-11,31.544140
2007-12-12,32.452564
2007-12-13,31.871538
2007-12-14,30.980808
2007-12-17,29.570984
2007-12-18,30.349619
2007-12-19,30.482346
2007-12-20,30.585560
2007-12-21,31.396669
2007-12-24,31.988359
2007-12-26,32.222767
2007-12-27,31.555647
2007-12-28,31.678837
2007-12-31,31.342291
2008-01-02,31.252117
2008-01-03,31.552643
2008-01-04,30.509899
2008-01-07,30.750305
2008-01-08,30.726267
2008-01-09,31.471508
2008-01-10,31.762991
2008-01-11,31.011723
2008-01-14,31.345289
2008-01-15,30.023087
2008-01-16,28.869156
2008-01-17,28.042778
2008-01-18,28.655807
2008-01-22,27.778339
2008-01-23,28.078842
2008-01-24,28.277166
2008-01-25,27.616068
2008-01-28,28.247133
2008-01-29,28.355309
2008-01-30,27.853470
2008-01-31,28.514566
2008-02-01,29.205715
2008-02-04,29.169653
2008-02-05,27.955639
2008-02-06,27.525925
2008-02-07,27.967655
2008-02-08,27.793362
2008-02-11,28.171993
2008-02-12,28.277166
2008-02-13,28.878178
2008-02-14,28.547626
2008-02-15,28.983353
2008-02-19,29.265818
2008-02-20,29.500214
2008-02-21,29.100548
2008-02-22,29.539274
2008-02-25,29.863811
2008-02-26,30.422745
2008-02-27,30.545958
2008-02-28,30.293526
2008-02-29,29.334942
2008-03-03,29.503216
2008-03-04,28.962307
2008-03-05,29.506218
2008-03-06,28.616730
2008-03-07,28.307217
2008-03-10,27.510895
2008-03-11,29.370995
2008-03-12,28.670818
2008-03-13,28.613729
2008-03-14,27.580000
2008-03-17,26.681509
2008-03-18,28.205048
2008-03-19,26.630432
2008-03-20,27.033096
2008-03-24,28.045776
2008-03-25,28.352299
2008-03-26,27.991688
2008-03-27,28.298214
2008-03-28,28.090857
2008-03-31,28.256138
2008-04-01,29.088518
2008-04-02,29.082516
2008-04-03,29.389025
2008-04-04,29.337946
2008-04-07,29.482189
2008-04-08,29.422075
2008-04-09,29.193699
2008-04-10,29.698547
2008-04-11,29.151628
2008-04-14,29.190695
2008-04-15,29.686523
2008-04-16,30.308556
2008-04-17,30.122250
2008-04-18,30.425751
2008-04-21,30.723246
2008-04-22,30.455803
2008-04-23,30.831427
2008-04-24,30.651140
2008-04-25,30.942627
2008-04-28,30.663145
2008-04-29,30.146290
2008-04-30,30.639111
2008-05-01,31.080847
2008-05-02,31.291201
2008-05-05,31.192043
2008-05-06,31.468485
2008-05-07,30.729271
2008-05-08,30.843454
2008-05-09,30.684187
2008-05-12,30.921585
2008-05-13,31.035769
2008-05-14,31.101877
2008-05-15,31.732935
2008-05-16,32.081528
2008-05-19,32.240768
2008-05-20,31.486521
2008-05-21,31.240108
2008-05-22,31.597708
2008-05-23,30.759317
2008-05-27,30.861488
2008-05-28,31.002722
2008-05-29,31.237103
2008-05-30,31.186018
2008-06-02,31.011723
2008-06-03,30.473845
2008-06-04,30.050135
2008-06-05,30.939594
2008-06-06,29.863811
2008-06-09,29.767656
2008-06-10,29.121582
2008-06-11,28.998365
2008-06-12,29.181679
2008-06-13,29.193699
2008-06-16,29.449127
2008-06-17,29.232754
2008-06-18,29.491192
2008-06-19,29.106567
2008-06-20,28.187014
2008-06-23,28.247133
2008-06-24,28.187014
2008-06-25,28.691862
2008-06-26,27.772324
2008-06-27,28.000721
2008-06-30,28.126915
2008-07-01,27.351620
2008-07-02,26.666489
2008-07-03,26.732588
2008-07-07,26.546284
2008-07-08,26.762653
2008-07-09,26.041433
2008-07-10,26.864809
2008-07-11,26.606396
2008-07-14,26.744612
2008-07-15,26.131594
2008-07-16,26.858809
2008-07-17,27.339602
2008-07-18,27.045116
2008-07-21,27.099201
2008-07-22,26.804708
2008-07-23,27.051128
2008-07-24,26.576328
2008-07-25,26.576328
2008-07-28,26.666489
2008-07-29,26.618402
2008-07-30,27.045116
2008-07-31,26.798700
2008-08-01,26.738602
2008-08-04,25.855135
2008-08-05,26.197695
2008-08-06,26.576328
2008-08-07,25.783009
2008-08-08,25.879169
2008-08-11,25.566645
2008-08-12,25.470491
2008-08-13,25.410389
2008-08-14,25.578669
2008-08-15,25.224081
2008-08-18,24.647114
2008-08-19,24.418737
2008-08-20,25.145950
2008-08-21,25.025747
2008-08-22,25.145950
2008-08-25,24.376650
2008-08-26,24.460798
2008-08-27,24.935593
2008-08-28,24.959627
2008-08-29,24.677168
2008-09-02,23.829752
2008-09-03,23.625410
2008-09-04,22.838104
2008-09-05,22.778000
2008-09-08,23.132589
2008-09-09,22.146942
2008-09-10,22.176994
2008-09-11,22.231087
2008-09-12,22.519573
2008-09-15,20.896858
2008-09-16,20.614393
2008-09-17,19.250113
2008-09-18,20.434084
2008-09-19,23.421068
2008-09-22,21.900526
2008-09-23,21.167311
2008-09-24,21.509882
2008-09-25,22.309214
2008-09-26,21.678156
2008-09-29,19.310207
2008-09-30,20.830746
2008-10-01,20.566305
2008-10-02,19.045769
2008-10-03,18.751278
2008-10-06,17.152613
2008-10-07,15.992677
2008-10-08,15.950607
2008-10-09,15.295517
2008-10-10,14.904860
2008-10-13,17.927900
2008-10-14,17.471148
2008-10-15,14.790673
2008-10-16,15.163298
2008-10-17,15.085161
2008-10-20,15.962625
2008-10-21,14.754609
2008-10-22,13.336246
2008-10-23,13.492509
2008-10-24,12.290502
2008-10-27,11.851765
2008-10-28,13.865125
2008-10-29,13.726892
2008-10-30,15.133242
2008-10-31,15.151277
2008-11-03,15.169303
2008-11-04,16.497530
2008-11-05,14.574312
2008-11-06,13.762962
2008-11-07,14.946929
2008-11-10,15.001024
2008-11-11,14.213713
2008-11-12,12.981654
2008-11-13,14.706537
2008-11-14,13.504531
2008-11-17,13.294176
2008-11-18,13.113873
2008-11-19,12.122223
2008-11-20,11.178648
2008-11-21,12.621050
2008-11-24,13.504531
2008-11-25,13.240087
2008-11-26,14.141596
2008-11-28,13.841088
2008-12-01,12.615044
2008-12-02,13.318219
2008-12-03,13.492509
2008-12-04,12.939585
2008-12-05,13.570633
2008-12-08,14.135579
2008-12-09,14.051437
2008-12-10,14.916885
2008-12-11,14.628403
2008-12-12,14.766634
2008-12-15,14.652441
2008-12-16,15.788338
2008-12-17,15.385665
2008-12-18,15.091174
2008-12-19,15.049109
2008-12-22,14.544259
2008-12-23,14.357946
2008-12-24,14.533692
2008-12-26,14.521057
2008-12-29,14.577947
2008-12-30,14.912997
2008-12-31,14.900355
2009-01-02,15.696892
2009-01-05,15.949771
2009-01-06,16.234245
2009-01-07,15.374487
2009-01-08,15.279662
2009-01-09,14.906672
2009-01-12,14.217606
2009-01-13,14.312435
2009-01-14,13.604398
2009-01-15,13.787724
2009-01-16,13.983702
2009-01-20,12.959575
2009-01-21,13.680257
2009-01-22,13.364168
2009-01-23,13.395782
2009-01-26,13.598078
2009-01-27,13.711873
2009-01-28,14.495766
2009-01-29,13.749796
2009-01-30,13.572790
2009-02-02,13.484288
2009-02-03,13.869911
2009-02-04,14.008992
2009-02-05,14.274501
2009-02-06,14.963574
2009-02-09,14.811852
2009-02-10,14.015309
2009-02-11,14.344048
2009-02-12,14.312435
2009-02-13,14.394616
2009-02-17,13.263021
2009-02-18,13.370489
2009-02-19,13.313596
2009-02-20,12.997506
2009-02-23,12.681424
2009-02-24,13.357850
2009-02-25,13.161875
2009-02-26,13.016479
2009-02-27,13.250381
2009-03-02,12.630851
2009-03-03,12.270513
2009-03-04,13.104974
2009-03-05,12.529705
2009-03-06,12.706714
2009-03-09,12.485450
2009-03-10,13.484288
2009-03-11,13.446359
2009-03-12,13.901518
2009-03-13,13.990029
2009-03-16,14.046916
2009-03-17,14.369332
2009-03-18,14.679095
2009-03-19,14.577947
2009-03-20,14.388297
2009-03-23,15.652644
2009-03-24,15.210121
2009-03-25,15.450351
2009-03-26,15.804371
2009-03-27,15.361844
2009-03-30,14.603233
2009-03-31,14.894033
2009-04-01,15.437705
2009-04-02,16.310102
2009-04-03,16.499756
2009-04-06,16.284819
2009-04-07,15.949771
2009-04-08,16.215282
2009-04-09,16.923313
2009-04-13,17.043432
2009-04-14,16.777916
2009-04-15,16.999180
2009-04-16,17.239403
2009-04-17,17.075043
2009-04-20,16.253216
2009-04-21,16.664120
2009-04-22,16.531372
2009-04-23,16.847460
2009-04-24,17.157221
2009-04-27,16.581944
2009-04-28,16.493441
2009-04-29,17.384808
2009-04-30,17.492273
2009-05-01,17.808361
2009-05-04,19.003168
2009-05-05,18.750301
2009-05-06,19.148571
2009-05-07,18.623865
2009-05-08,19.325577
2009-05-11,18.889372
2009-05-12,18.990528
2009-05-13,18.333065
2009-05-14,18.604898
2009-05-15,18.459507
2009-05-18,19.603735
2009-05-19,19.736488
2009-05-20,19.812353
2009-05-21,19.483620
2009-05-22,19.679598
2009-05-26,19.850283
2009-05-27,19.660633
2009-05-28,20.267517
2009-05-29,20.621542
2009-06-01,21.424406
2009-06-02,21.114628
2009-06-03,20.444525
2009-06-04,20.766932
2009-06-05,20.798546
2009-06-08,20.495102
2009-06-09,20.514067
2009-06-10,20.710041
2009-06-11,21.095673
2009-06-12,20.842800
2009-06-15,20.090517
2009-06-16,19.824997
2009-06-17,19.673275
2009-06-18,19.635338
2009-06-19,19.717524
2009-06-22,18.965240
2009-06-23,19.085354
2009-06-24,19.629023
2009-06-25,20.115793
2009-06-26,20.223263
2009-06-29,20.349707
2009-06-30,20.115793
2009-07-01,20.539354
2009-07-02,19.951429
2009-07-06,19.995686
2009-07-07,19.527866
2009-07-08,19.306610
2009-07-09,19.616379
2009-07-10,19.376154
2009-07-13,19.515236
2009-07-14,19.704884
2009-07-15,20.729006
2009-07-16,20.729006
2009-07-17,20.950260
2009-07-20,21.595091
2009-07-21,21.569801
2009-07-22,21.525545
2009-07-23,22.100822
2009-07-24,22.037607
2009-07-27,22.183010
2009-07-28,22.069220
2009-07-29,21.601402
2009-07-30,22.176691
2009-07-31,22.309443
2009-08-03,23.156551
2009-08-04,22.979549
2009-08-05,22.783573
2009-08-06,22.587601
2009-08-07,22.745651
2009-08-10,22.555990
2009-08-11,22.151403
2009-08-12,22.397942
2009-08-13,22.777248
2009-08-14,22.467489
2009-08-17,21.544514
2009-08-18,21.898535
2009-08-19,22.012320
2009-08-20,22.296803
2009-08-21,22.714033
2009-08-24,22.758287
2009-08-25,22.726685
2009-08-26,22.600245
2009-08-27,22.562307
2009-08-28,22.562307
2009-08-31,22.151403
2009-09-01,21.803698
2009-09-02,22.062901
2009-09-03,22.467489
2009-09-04,22.910007
2009-09-08,23.396780
2009-09-09,23.447350
2009-09-10,23.782408
2009-09-11,23.706543
2009-09-14,23.693899
2009-09-15,23.946770
2009-09-16,24.585270
2009-09-17,24.370329
2009-09-18,24.452511
2009-09-21,24.224930
2009-09-22,24.661135
2009-09-23,24.281837
2009-09-24,23.801365
2009-09-25,23.978386
2009-09-28,24.275507
2009-09-29,24.243906
2009-09-30,24.357677
2009-10-01,23.744474
2009-10-02,23.801365
2009-10-05,24.326084
2009-10-06,24.724358
2009-10-07,24.667450
2009-10-08,25.046762
2009-10-09,25.179518
2009-10-12,25.331244
2009-10-13,25.337555
2009-10-14,26.146744
2009-10-15,26.032957
2009-10-16,25.653646
2009-10-19,26.127779
2009-10-20,25.723188
2009-10-21,25.634682
2009-10-22,25.836975
2009-10-23,25.590429
2009-10-26,25.356527
2009-10-27,24.939291
2009-10-28,23.864592
2009-10-29,24.876066
2009-10-30,23.769770
2009-11-02,24.224930
2009-11-03,23.984703
2009-11-04,24.604237
2009-11-05,25.116291
2009-11-06,25.034119
2009-11-09,25.900198
2009-11-10,25.716862
2009-11-11,25.881224
2009-11-12,25.331244
2009-11-13,25.780083
2009-11-16,26.399622
2009-11-17,26.304790
2009-11-18,26.089851
2009-11-19,25.659971
2009-11-20,25.634682
2009-11-23,26.070885
2009-11-24,25.982376
2009-11-25,26.197313
2009-11-27,25.242735
2009-11-30,25.476641
2009-12-01,26.115137
2009-12-02,26.235249
2009-12-03,26.039278
2009-12-04,26.203640
2009-12-07,25.995012
2009-12-08,25.609390
2009-12-09,25.773760
2009-12-10,25.830667
2009-12-11,25.963423
2009-12-14,26.096170
2009-12-15,25.938120
2009-12-16,26.007666
2009-12-17,25.286985
2009-12-18,25.394453
2009-12-21,25.350195
2009-12-22,25.514574
2009-12-23,25.729506
2009-12-24,26.040266
2009-12-28,26.155605
2009-12-29,26.129978
2009-12-30,26.194056
2009-12-31,26.270935
2010-01-04,27.168007
2010-01-05,27.257719
2010-01-06,27.424301
2010-01-07,27.187227
2010-01-08,27.353813
2010-01-11,27.392248
2010-01-12,26.994999
2010-01-13,27.103924
2010-01-14,27.039845
2010-01-15,26.719475
2010-01-19,27.180819
2010-01-20,26.514429
2010-01-21,25.745531
2010-01-22,25.168859
2010-01-25,25.412338
2010-01-26,24.925364
2010-01-27,24.854877
2010-01-28,24.758766
2010-01-29,24.502460
2010-02-01,25.207300
2010-02-02,25.329033
2010-02-03,25.258553
2010-02-04,24.105190
2010-02-05,24.060345
2010-02-08,23.611811
2010-02-09,24.335873
2010-02-10,24.258970
2010-02-11,24.854877
2010-02-12,24.579348
2010-02-16,25.207300
2010-02-17,25.303413
2010-02-18,25.354668
2010-02-19,25.188072
2010-02-22,25.200888
2010-02-23,24.637020
2010-02-24,24.944590
2010-02-25,24.745953
2010-02-26,24.963808
2010-03-01,25.380295
2010-03-02,25.668644
2010-03-03,25.732712
2010-03-04,25.566114
2010-03-05,26.309381
2010-03-08,26.302975
2010-03-09,26.411909
2010-03-10,26.463179
2010-03-11,26.565681
2010-03-12,26.495214
2010-03-15,26.315805
2010-03-16,26.623358
2010-03-17,26.892483
2010-03-18,26.719475
2010-03-19,26.456764
2010-03-22,26.520847
2010-03-23,26.732292
2010-03-24,26.373468
2010-03-25,26.238909
2010-03-26,26.424730
2010-03-29,26.905293
2010-03-30,26.994999
2010-03-31,27.007814
2010-04-01,27.654976
2010-04-05,27.930506
2010-04-06,27.988165
2010-04-07,27.770311
2010-04-08,27.840792
2010-04-09,27.988165
2010-04-12,27.757504
2010-04-13,27.738277
2010-04-14,28.173985
2010-04-15,28.000986
2010-04-16,27.264112
2010-04-19,27.135954
2010-04-20,27.449932
2010-04-21,27.341005
2010-04-22,27.462753
2010-04-23,27.603714
2010-04-26,27.616529
2010-04-27,26.636160
2010-04-28,26.898891
2010-04-29,27.296156
2010-04-30,26.950138
2010-05-03,27.116755
2010-05-04,26.001827
2010-05-05,25.521261
2010-05-06,24.585756
2010-05-07,24.611403
2010-05-10,26.226091
2010-05-11,25.764742
2010-05-12,26.123571
2010-05-13,25.867273
2010-05-14,25.418736
2010-05-17,25.296995
2010-05-18,24.752363
2010-05-19,24.444792
2010-05-20,23.336281
2010-05-21,23.970634
2010-05-24,23.720736
2010-05-25,23.490078
2010-05-26,23.490078
2010-05-27,24.848478
2010-05-28,24.476837
2010-06-01,24.041126
2010-06-02,24.893318
2010-06-03,24.790806
2010-06-04,23.970634
2010-06-07,23.637436
2010-06-08,24.150043
2010-06-09,23.983450
2010-06-10,24.733128
2010-06-11,24.906137
2010-06-14,24.886930
2010-06-15,25.643013
2010-06-16,25.610966
2010-06-17,25.521261
2010-06-18,25.668644
2010-06-21,26.142801
2010-06-22,25.649408
2010-06-23,25.764742
2010-06-24,25.380295
2010-06-25,25.662226
2010-06-28,25.527676
2010-06-29,24.547318
2010-06-30,24.342274
2010-07-01,24.489643
2010-07-02,24.540901
2010-07-06,24.963808
2010-07-07,25.450775
2010-07-08,25.617376
2010-07-09,25.937754
2010-07-12,25.739120
2010-07-13,26.046677
2010-07-14,26.008242
2010-07-15,25.944157
2010-07-16,25.226521
2010-07-19,25.546892
2010-07-20,26.033873
2010-07-21,25.803198
2010-07-22,26.475988
2010-07-23,26.687433
2010-07-26,26.854036
2010-07-27,26.789955
2010-07-28,26.661806
2010-07-29,26.738697
2010-07-30,26.828398
2010-08-02,27.526825
2010-08-03,27.392248
2010-08-04,27.481958
2010-08-05,27.385862
2010-08-06,27.321787
2010-08-09,27.475580
2010-08-10,27.091108
2010-08-11,26.290165
2010-08-12,26.315805
2010-08-13,26.469587
2010-08-16,26.681025
2010-08-17,26.975771
2010-08-18,26.930920
2010-08-19,26.738697
2010-08-20,26.706646
2010-08-23,26.469587
2010-08-24,26.181250
2010-08-25,26.065905
2010-08-26,25.880081
2010-08-27,26.405502
2010-08-30,26.014643
2010-08-31,26.142801
2010-09-01,27.014219
2010-09-02,27.027039
2010-09-03,27.328197
2010-09-07,26.956560
2010-09-08,27.232080
2010-09-09,27.366631
2010-09-10,27.507605
2010-09-13,28.084291
2010-09-14,28.097103
2010-09-15,28.116322
2010-09-16,27.988165
2010-09-17,27.975351
2010-09-20,28.423889
2010-09-21,28.404663
2010-09-22,28.411060
2010-09-23,28.257282
2010-09-24,28.750664
2010-09-27,28.692999
2010-09-28,28.885231
2010-09-29,28.987745
2010-09-30,29.128717
2010-10-01,29.583649
2010-10-04,29.558025
2010-10-05,29.993738
2010-10-06,30.051394
2010-10-07,29.763060
2010-10-08,30.077030
2010-10-11,30.064213
2010-10-12,29.936060
2010-10-13,30.410223
2010-10-14,30.448664
2010-10-15,30.384588
2010-10-18,30.365358
2010-10-19,29.429867
2010-10-20,29.929651
2010-10-21,29.897621
2010-10-22,29.974504
2010-10-25,30.301292
2010-10-26,30.301292
2010-10-27,29.801506
2010-10-28,29.955280
2010-10-29,30.032175
2010-11-01,30.346146
2010-11-02,30.704973
2010-11-03,30.916416
2010-11-04,31.602020
2010-11-05,31.550766
2010-11-08,31.396988
2010-11-09,31.057383
2010-11-10,31.223982
2010-11-11,30.986906
2010-11-12,30.256443
2010-11-15,30.217981
2010-11-16,29.410643
2010-11-17,29.538795
2010-11-18,30.211584
2010-11-19,30.250032
2010-11-22,30.185957
2010-11-23,29.218418
2010-11-24,29.865580
2010-11-26,29.218418
2010-11-29,29.385015
2010-11-30,29.179976
2010-12-01,30.057817
2010-12-02,30.531975
2010-12-03,30.634493
2010-12-06,30.621666
2010-12-07,30.480703
2010-12-08,30.294882
2010-12-09,30.224400
2010-12-10,30.358957
2010-12-13,30.519161
2010-12-14,30.551176
2010-12-15,30.102648
2010-12-16,30.275658
2010-12-17,30.250032
2010-12-20,30.160318
2010-12-21,30.551176
2010-12-22,30.671795
2010-12-23,30.626163
2010-12-27,30.567488
2010-12-28,30.593571
2010-12-29,30.965137
2010-12-30,31.186796
2010-12-31,31.388876
2011-01-03,31.695267
2011-01-04,31.819138
2011-01-05,31.701788
2011-01-06,31.421461
2011-01-07,31.128117
2011-01-10,30.808695
2011-01-11,31.154196
2011-01-12,31.864773
2011-01-13,31.506210
2011-01-14,31.590965
2011-01-18,31.584442
2011-01-19,31.323690
2011-01-20,31.049902
2011-01-21,30.743498
2011-01-24,30.952110
2011-01-25,30.769573
2011-01-26,31.056412
2011-01-27,30.952110
2011-01-28,29.993813
2011-01-31,30.306717
2011-02-01,30.958635
2011-02-02,30.717424
2011-02-03,30.691328
2011-02-04,30.678305
2011-02-07,30.593571
2011-02-08,30.508810
2011-02-09,29.915594
2011-02-10,29.615728
2011-02-11,29.941668
2011-02-14,29.922102
2011-02-15,29.980772
2011-02-16,30.248060
2011-02-17,30.384962
2011-02-18,30.574007
2011-02-22,29.550522
2011-02-23,29.524441
2011-02-24,29.589634
2011-02-25,29.993813
2011-02-28,30.254576
2011-03-01,29.941668
2011-03-02,30.358875
2011-03-03,30.926023
2011-03-04,30.893440
2011-03-07,30.521858
2011-03-08,30.860855
2011-03-09,30.867361
2011-03-10,30.013365
2011-03-11,30.228498
2011-03-14,30.456661
2011-03-15,29.974257
2011-03-16,29.328884
2011-03-17,29.726538
2011-03-18,29.817802
2011-03-21,30.352360
2011-03-22,30.384962
2011-03-23,30.776093
2011-03-24,31.154196
2011-03-25,31.154196
2011-03-28,30.971663
2011-03-29,31.278048
2011-03-30,31.662670
2011-03-31,31.910391
2011-04-01,32.431911
2011-04-04,32.731777
2011-04-05,32.640507
2011-04-06,32.790466
2011-04-07,32.783936
2011-04-08,32.836098
2011-04-11,32.464504
2011-04-12,31.884323
2011-04-13,32.099442
2011-04-14,32.288483
2011-04-15,32.301556
2011-04-18,31.551844
2011-04-19,31.975574
2011-04-20,32.777409
2011-04-21,33.057735
2011-04-25,32.777409
2011-04-26,33.031662
2011-04-27,33.025139
2011-04-28,32.751343
2011-04-29,32.986027
2011-05-02,32.933872
2011-05-03,32.262424
2011-05-04,31.682232
2011-05-05,31.349773
2011-05-06,31.773495
2011-05-09,31.858232
2011-05-10,32.132046
2011-05-11,31.545341
2011-05-12,31.545341
2011-05-13,30.912989
2011-05-16,30.906473
2011-05-17,31.049902
2011-05-18,31.499702
2011-05-19,31.343245
2011-05-20,31.102037
2011-05-23,30.463171
2011-05-24,30.723944
2011-05-25,30.795647
2011-05-26,31.173752
2011-05-27,31.486671
2011-05-31,32.014702
2011-06-01,31.551844
2011-06-02,31.825644
2011-06-03,31.630079
2011-06-06,31.206339
2011-06-07,31.454058
2011-06-08,31.251980
2011-06-09,31.427992
2011-06-10,30.782614
2011-06-13,30.723944
2011-06-14,31.160713
2011-06-15,30.547922
2011-06-16,30.306717
2011-06-17,30.358875
2011-06-20,30.274132
2011-06-21,30.802160
2011-06-22,30.560959
2011-06-23,30.404510
2011-06-24,30.404510
2011-06-27,30.678305
2011-06-28,31.075964
2011-06-29,31.336718
2011-06-30,31.695267
2011-07-01,32.060329
2011-07-05,31.975574
2011-07-06,31.890825
2011-07-07,32.275459
2011-07-08,31.942991
2011-07-11,31.030348
2011-07-12,30.756535
2011-07-13,31.219387
2011-07-14,30.939068
2011-07-15,31.115088
2011-07-18,30.763062
2011-07-19,31.206339
2011-07-20,31.271536
2011-07-21,31.708300
2011-07-22,31.734388
2011-07-25,31.695267
2011-07-26,31.832157
2011-07-27,31.330194
2011-07-28,31.362801
2011-07-29,31.499702
2011-08-01,31.473627
2011-08-02,30.554443
2011-08-03,30.417540
2011-08-04,28.676975
2011-08-05,28.455332
2011-08-08,26.160656
2011-08-09,27.555712
2011-08-10,26.134584
2011-08-11,27.640463
2011-08-12,27.620905
2011-08-15,28.285843
2011-08-16,27.972940
2011-08-17,28.161974
2011-08-18,26.969011
2011-08-19,26.558308
2011-08-22,26.532238
2011-08-23,27.444883
2011-08-24,27.255850
2011-08-25,26.721292
2011-08-26,27.118946
2011-08-29,27.992485
2011-08-30,28.031605
2011-08-31,28.637865
2011-09-01,28.500980
2011-09-02,27.894720
2011-09-06,27.562237
2011-09-07,28.370594
2011-09-08,27.790396
2011-09-09,26.825598
2011-09-12,26.727816
2011-09-13,26.766926
2011-09-14,26.656105
2011-09-15,27.008129
2011-09-16,27.073307
2011-09-19,26.310598
2011-09-20,26.212805
2011-09-21,25.215401
2011-09-22,23.468315
2011-09-23,23.983324
2011-09-26,24.218002
2011-09-27,24.980719
2011-09-28,24.367947
2011-09-29,24.654772
2011-09-30,23.357500
2011-10-03,22.946800
2011-10-04,23.240164
2011-10-05,23.644337
2011-10-06,24.433123
2011-10-07,24.126747
2011-10-10,25.215401
2011-10-11,25.287109
2011-10-12,25.991159
2011-10-13,25.802111
2011-10-14,26.219324
2011-10-17,25.417496
2011-10-18,26.069387
2011-10-19,25.619574
2011-10-20,25.117619
2011-10-21,25.815145
2011-10-24,26.766926
2011-10-25,26.271482
2011-10-26,26.740850
2011-10-27,28.337994
2011-10-28,28.181540
2011-10-31,27.073307
2011-11-01,26.473555
2011-11-02,27.184134
2011-11-03,27.484011
2011-11-04,27.366667
2011-11-07,27.562237
2011-11-08,27.907747
2011-11-09,26.375771
2011-11-10,26.512676
2011-11-11,27.118946
2011-11-14,26.799509
2011-11-15,26.936409
2011-11-16,26.304075
2011-11-17,25.652178
2011-11-18,25.710854
2011-11-21,24.915531
2011-11-22,24.961172
2011-11-23,24.237558
2011-11-25,24.126747
2011-11-28,25.189329
2011-11-29,25.052435
2011-11-30,26.610462
2011-12-01,26.558308
2011-12-02,26.493118
2011-12-05,26.929899
2011-12-06,26.532238
2011-12-07,26.682178
2011-12-08,25.776039
2011-12-09,26.206285
2011-12-12,25.280596
2011-12-13,25.065472
2011-12-14,24.706932
2011-12-15,24.856859
2011-12-16,25.032881
2011-12-19,24.387495
2011-12-20,25.352297
2011-12-21,25.483130
2011-12-22,25.736757
2011-12-23,25.850220
2011-12-27,25.643309
2011-12-28,25.209475
2011-12-29,25.469774
2011-12-30,25.503149
2012-01-03,26.250692
2012-01-04,26.177265
2012-01-05,26.050453
2012-01-06,25.743425
2012-01-09,25.950333
2012-01-10,26.531010
2012-01-11,26.537704
2012-01-12,26.671175
2012-01-13,26.444248
2012-01-17,26.878092
2012-01-18,27.538862
2012-01-19,27.799168
2012-01-20,27.832529
2012-01-23,27.979383
2012-01-24,28.032774
2012-01-25,28.359816
2012-01-26,28.246349
2012-01-27,28.453259
2012-01-30,28.026085
2012-01-31,28.253033
2012-02-01,28.907118
2012-02-02,29.020599
2012-02-03,29.507822
2012-02-06,29.234180
2012-02-07,29.294247
2012-02-08,29.521181
2012-02-09,29.507822
2012-02-10,28.887106
2012-02-13,29.320946
2012-02-14,29.107367
2012-02-15,29.187449
2012-02-16,29.481131
2012-02-17,29.554548
2012-02-21,29.441086
2012-02-22,29.534525
2012-02-23,29.467783
2012-02-24,29.708061
2012-02-27,29.467783
2012-02-28,29.841555
2012-02-29,29.788153
2012-03-01,30.095173
2012-03-02,30.015097
2012-03-05,29.567894
2012-03-06,28.526676
2012-03-07,28.867081
2012-03-08,29.501160
2012-03-09,29.474447
2012-03-12,29.200800
2012-03-13,29.948324
2012-03-14,29.441086
2012-03-15,29.681366
2012-03-16,29.668020
2012-03-19,29.501160
2012-03-20,29.087343
2012-03-21,29.154081
2012-03-22,28.700220
2012-03-23,28.907118
2012-03-26,29.354317
2012-03-27,29.220825
2012-03-28,28.807007
2012-03-29,28.713558
2012-03-30,29.013924
2012-04-02,29.340973
2012-04-03,29.227509
2012-04-04,28.646820
2012-04-05,28.813684
2012-04-09,28.393192
2012-04-10,27.845886
2012-04-11,28.126209
2012-04-12,28.840389
2012-04-13,28.413210
2012-04-16,28.279726
2012-04-17,28.573404
2012-04-18,28.446585
2012-04-19,28.353146
2012-04-20,28.533356
2012-04-23,28.012751
2012-04-24,28.059471
2012-04-25,28.299751
2012-04-26,28.473278
2012-04-27,28.486633
2012-04-30,28.406532
2012-05-01,28.606781
2012-05-02,28.573404
2012-05-03,28.299751
2012-05-04,27.832529
2012-05-07,27.892607
2012-05-08,27.492134
2012-05-09,27.118364
2012-05-10,27.258533
2012-05-11,26.884756
2012-05-14,26.277386
2012-05-15,26.077150
2012-05-16,25.663340
2012-05-17,25.329607
2012-05-18,25.169413
2012-05-21,25.750101
2012-05-22,25.543198
2012-05-23,25.336283
2012-05-24,25.182766
2012-05-25,25.075987
2012-05-29,25.770124
2012-05-30,25.296246
2012-05-31,25.376329
2012-06-01,24.748932
2012-06-04,24.842381
2012-06-05,24.935814
2012-06-06,25.636629
2012-06-07,25.756769
2012-06-08,25.543198
2012-06-11,25.229488
2012-06-12,25.756769
2012-06-13,25.629967
2012-06-14,25.776804
2012-06-15,26.190613
2012-06-18,26.290731
2012-06-19,26.691200
2012-06-20,26.651161
2012-06-21,25.676682
2012-06-22,25.783474
2012-06-25,25.316257
2012-06-26,25.543198
2012-06-27,25.683352
2012-06-28,25.576563
2012-06-29,26.651161
2012-07-02,26.677856
2012-07-03,27.165091
2012-07-05,26.931482
2012-07-06,26.444248
2012-07-09,26.324108
2012-07-10,26.063807
2012-07-11,26.183941
2012-07-12,25.770124
2012-07-13,26.250692
2012-07-16,26.197285
2012-07-17,26.510992
2012-07-18,26.417543
2012-07-19,26.684526
2012-07-20,26.284061
2012-07-23,25.643309
2012-07-24,25.536509
2012-07-25,25.643309
2012-07-26,26.190613
2012-07-27,26.958181
2012-07-30,26.798000
2012-07-31,26.704550
2012-08-01,26.791321
2012-08-02,26.417543
2012-08-03,27.205137
2012-08-06,27.372002
2012-08-07,27.425388
2012-08-08,27.505491
2012-08-09,27.638973
2012-08-10,27.765779
2012-08-13,27.538862
2012-08-14,27.545532
2012-08-15,27.472111
2012-08-16,27.752438
2012-08-17,27.598932
2012-08-20,27.598932
2012-08-21,27.538862
2012-08-22,27.558884
2012-08-23,27.318609
2012-08-24,27.331938
2012-08-27,27.058302
2012-08-28,27.011578
2012-08-29,26.878092
2012-08-30,26.551031
2012-08-31,26.771294
2012-09-04,26.644480
2012-09-05,26.504311
2012-09-06,27.071648
2012-09-07,27.705719
2012-09-10,27.372002
2012-09-11,27.672348
2012-09-12,27.792492
2012-09-13,28.499987
2012-09-14,28.847057
2012-09-17,28.593431
2012-09-18,28.573404
2012-09-19,28.566738
2012-09-20,28.426561
2012-09-21,28.466608
2012-09-24,28.456472
2012-09-25,28.044266
2012-09-26,27.915876
2012-09-27,28.361866
2012-09-28,28.192930
2012-10-01,28.490257
2012-10-02,28.469992
2012-10-03,28.321325
2012-10-04,28.584873
2012-10-05,28.564600
2012-10-08,28.301054
2012-10-09,28.071293
2012-10-10,27.929379
2012-10-11,28.192930
2012-10-12,28.111832
2012-10-15,28.301054
2012-10-16,28.551081
2012-10-17,28.780838
2012-10-18,28.699749
2012-10-19,28.253748
2012-10-22,28.544327
2012-10-23,27.949650
2012-10-24,27.996952
2012-10-25,28.274017
2012-10-26,28.078043
2012-10-31,28.037493
2012-11-01,28.449707
2012-11-02,28.274017
2012-11-05,28.409170
2012-11-06,28.591637
2012-11-07,28.159138
2012-11-08,27.814491
2012-11-09,27.915876
2012-11-12,27.996952
2012-11-13,27.733412
2012-11-14,27.327946
2012-11-15,27.422560
2012-11-16,27.490133
2012-11-19,27.976683
2012-11-20,27.909100
2012-11-21,27.868557
2012-11-23,28.301054
2012-11-26,28.341585
2012-11-27,28.105070
2012-11-28,28.240231
2012-11-29,28.436195
2012-11-30,28.395664
2012-12-03,28.402412
2012-12-04,28.476742
2012-12-05,28.801104
2012-12-06,28.983559
2012-12-07,29.084942
2012-12-10,29.280909
2012-12-11,29.429569
2012-12-12,29.544460
2012-12-13,29.402544
2012-12-14,29.551210
2012-12-17,29.625547
2012-12-18,29.808002
2012-12-19,29.767460
2012-12-20,29.972275
2012-12-21,29.644569
2012-12-24,29.583120
2012-12-26,29.658216
2012-12-27,29.869864
2012-12-28,29.958624
2012-12-31,30.402401
2013-01-02,31.044182
2013-01-03,30.859831
2013-01-04,30.914457
2013-01-07,30.648191
2013-01-08,30.395578
2013-01-09,30.573088
2013-01-10,30.846182
2013-01-11,30.614065
2013-01-14,30.736944
2013-01-15,30.620876
2013-01-16,30.566273
2013-01-17,30.777920
2013-01-18,30.812052
2013-01-22,30.784739
2013-01-23,30.586740
2013-01-24,30.497986
2013-01-25,30.422884
2013-01-28,30.197580
2013-01-29,30.552608
2013-01-30,30.395578
2013-01-31,30.422884
2013-02-01,30.627716
2013-02-04,30.231724
2013-02-05,30.320469
2013-02-06,30.245380
2013-02-07,29.999582
2013-02-08,30.238552
2013-02-11,30.224897
2013-02-12,30.272684
2013-02-13,30.395578
2013-02-14,30.368267
2013-02-15,30.320469
2013-02-19,30.334133
2013-02-20,30.054213
2013-02-21,29.712847
2013-02-22,29.828896
2013-02-25,29.385132
2013-02-26,29.583120
2013-02-27,29.849390
2013-02-28,29.706011
2013-03-01,29.746975
2013-03-04,29.487537
2013-03-05,29.822079
2013-03-06,29.979105
2013-03-07,30.054213
2013-03-08,30.327297
2013-03-11,30.190758
2013-03-12,29.883516
2013-03-13,29.596779
2013-03-14,29.746975
2013-03-15,29.501196
2013-03-18,29.173471
2013-03-19,28.948172
2013-03-20,29.118855
2013-03-21,28.852577
2013-03-22,28.940090
2013-03-25,28.878565
2013-03-26,29.206745
2013-03-27,29.316126
2013-03-28,29.329796
2013-04-01,29.069996
2013-04-02,29.097342
2013-04-03,28.734989
2013-04-04,28.728167
2013-04-05,28.687126
2013-04-08,28.762337
2013-04-09,29.063162
2013-04-10,29.316126
2013-04-11,29.309273
2013-04-12,28.946932
2013-04-15,28.188057
2013-04-16,28.810192
2013-04-17,28.393152
2013-04-18,28.454678
2013-04-19,28.864899
2013-04-22,28.940090
2013-04-23,29.083672
2013-04-24,29.268267
2013-04-25,29.514397
2013-04-26,29.240917
2013-04-29,29.548567
2013-04-30,29.917753
2013-05-01,29.603270
2013-05-02,29.876730
2013-05-03,30.081842
2013-05-06,30.116026
2013-05-07,30.355312
2013-05-08,30.621950
2013-05-09,30.382671
2013-05-10,30.266439
2013-05-13,29.992952
2013-05-14,30.136534
2013-05-15,30.109184
2013-05-16,29.992952
2013-05-17,30.095520
2013-05-20,30.163868
2013-05-21,30.143364
2013-05-22,29.801516
2013-05-23,29.582758
2013-05-24,29.288784
2013-05-28,29.432350
2013-05-29,29.022133
2013-05-30,28.953770
2013-05-31,28.399996
2013-06-03,28.851227
2013-06-04,28.523054
2013-06-05,27.941925
2013-06-06,28.229076
2013-06-07,28.105999
2013-06-10,27.709473
2013-06-11,27.162527
2013-06-12,26.977942
2013-06-13,27.600086
2013-06-14,27.203560
2013-06-17,27.394979
2013-06-18,27.456514
2013-06-19,26.581409
2013-06-20,25.425993
2013-06-21,25.877224
2013-06-24,25.292374
2013-06-25,25.777435
2013-06-26,26.324862
2013-06-27,26.726768
2013-06-28,26.879210
2013-07-01,26.927717
2013-07-02,26.470373
2013-07-03,26.262501
2013-07-05,26.137764
2013-07-08,26.179346
2013-07-09,26.491173
2013-07-10,26.234764
2013-07-11,27.454353
2013-07-12,27.163319
2013-07-15,27.516724
2013-07-16,27.565226
2013-07-17,27.793896
2013-07-18,27.523649
2013-07-19,27.405857
2013-07-22,27.696888
2013-07-23,28.001781
2013-07-24,27.662239
2013-07-25,27.849327
2013-07-26,27.759251
2013-07-29,27.412777
2013-07-30,27.225691
2013-07-31,27.066303
2013-08-01,27.565226
2013-08-02,27.579084
2013-08-05,27.371202
2013-08-06,27.031662
2013-08-07,26.719837
2013-08-08,27.315763
2013-08-09,27.426630
2013-08-12,27.648380
2013-08-13,27.759251
2013-08-14,27.842413
2013-08-15,27.516724
2013-08-16,27.218756
2013-08-19,26.685194
2013-08-20,26.650549
2013-08-21,26.061543
2013-08-22,26.484234
2013-08-23,26.796061
2013-08-26,26.477304
2013-08-27,25.791294
2013-08-28,25.770500
2013-08-29,25.922955
2013-08-30,26.137764
2013-09-03,26.290207
2013-09-04,26.699041
2013-09-05,27.059383
2013-09-06,27.426630
2013-09-09,28.230442
2013-09-10,28.452192
2013-09-11,28.493769
2013-09-12,28.119587
2013-09-13,28.327457
2013-09-16,28.639288
2013-09-17,28.618488
2013-09-18,29.775713
2013-09-19,29.657913
2013-09-20,28.951105
2013-09-23,29.101332
2013-09-24,28.807882
2013-09-25,28.633207
2013-09-26,28.717033
2013-09-27,28.311790
2013-09-30,28.039288
2013-10-01,28.598267
2013-10-02,28.689093
2013-10-03,28.612225
2013-10-04,28.996527
2013-10-07,28.737997
2013-10-08,28.465498
2013-10-09,28.689093
2013-10-10,29.331909
2013-10-11,29.450687
2013-10-14,29.639345
2013-10-15,29.283001
2013-10-16,29.492605
2013-10-17,29.695238
2013-10-18,29.695238
2013-10-21,29.709215
2013-10-22,29.981716
2013-10-23,29.324913
2013-10-24,29.262039
2013-10-25,29.429718
2013-10-28,29.513575
2013-10-29,29.597416
2013-10-30,29.450687
2013-10-31,29.255043
2013-11-01,29.241077
2013-11-04,29.429718
2013-11-05,28.842802
2013-11-06,28.947615
2013-11-07,28.444544
2013-11-08,28.346724
2013-11-11,28.213966
2013-11-12,28.018316
2013-11-13,28.130123
2013-11-14,28.591270
2013-11-15,29.073383
2013-11-18,29.359863
2013-11-19,29.080364
2013-11-20,28.717033
2013-11-21,28.710054
2013-11-22,28.891718
2013-11-25,28.542364
2013-11-26,28.563324
2013-11-27,28.744993
2013-11-29,28.982550
2013-12-02,28.437557
2013-12-03,28.332752
2013-12-04,28.339735
2013-12-05,28.248913
2013-12-06,28.877747
2013-12-09,28.884735
2013-12-10,28.940630
2013-12-11,28.353722
2013-12-12,28.102177
2013-12-13,28.186012
2013-12-16,28.325758
2013-12-17,28.137104
2013-12-18,28.598267
2013-12-19,28.123138
2013-12-20,28.064121
2013-12-23,28.267851
2013-12-24,28.415371
2013-12-26,28.232716
2013-12-27,28.569914
2013-12-30,28.675282
2013-12-31,28.900085
2014-01-02,27.888510
2014-01-03,27.853395
2014-01-06,27.586443
2014-01-07,27.698837
2014-01-08,27.649666
2014-01-09,27.474043
2014-01-10,28.007921
2014-01-13,27.656691
2014-01-14,27.965778
2014-01-15,27.958752
2014-01-16,27.804218
2014-01-17,27.705864
2014-01-21,27.621571
2014-01-22,27.972809
2014-01-23,27.333546
2014-01-24,26.666187
2014-01-27,26.490572
2014-01-28,26.666187
2014-01-29,26.195524
2014-01-30,26.469496
2014-01-31,26.462473
2014-02-03,25.759991
2014-02-04,26.357105
2014-02-05,26.265776
2014-02-06,26.785612
2014-02-07,26.890982
2014-02-10,26.588911
2014-02-11,27.150904
2014-02-12,27.108755
2014-02-13,27.136848
2014-02-14,27.467016
2014-02-18,27.235205
2014-02-19,27.115778
2014-02-20,27.256269
2014-02-21,27.445946
2014-02-24,27.417841
2014-02-25,27.073633
2014-02-26,27.003376
2014-02-27,27.537266
2014-02-28,27.319489
2014-03-03,26.841808
2014-03-04,27.284378
2014-03-05,27.368673
2014-03-06,27.748007
2014-03-07,27.361649
2014-03-10,27.200077
2014-03-11,26.883955
2014-03-12,26.989332
2014-03-13,26.525690
2014-03-14,26.701311
2014-03-17,26.989332
2014-03-18,27.403795
2014-03-19,26.862896
2014-03-20,26.989332
2014-03-21,27.150904
2014-03-24,27.389748
2014-03-25,27.815897
2014-03-26,27.822939
2014-03-27,28.146942
2014-03-28,28.372356
2014-03-31,28.583670
2014-04-01,28.858370
2014-04-02,28.964031
2014-04-03,28.794973
2014-04-04,28.745665
2014-04-07,28.900642
2014-04-08,29.168301
2014-04-09,29.400745
2014-04-10,29.118994
2014-04-11,29.104908
2014-04-14,29.062645
2014-04-15,28.632965
2014-04-16,28.928812
2014-04-17,29.273954
2014-04-21,29.083784
2014-04-22,28.985167
2014-04-23,28.830198
2014-04-24,28.830198
2014-04-25,28.499146
2014-04-28,28.583670
2014-04-29,28.858370
2014-04-30,28.837244
2014-05-01,28.858370
2014-05-02,29.048559
2014-05-05,28.921762
2014-05-06,29.034466
2014-05-07,29.217607
2014-05-08,29.140133
2014-05-09,29.118994
2014-05-12,29.590931
2014-05-13,29.717718
2014-05-14,29.914940
2014-05-15,29.647284
2014-05-16,30.013556
2014-05-19,30.027647
2014-05-20,29.774065
2014-05-21,29.985373
2014-05-22,30.217821
2014-05-23,30.217821
2014-05-27,29.971289
2014-05-28,30.083988
2014-05-29,30.119211
2014-05-30,29.731806
2014-06-02,29.879728
2014-06-03,30.048775
2014-06-04,29.879728
2014-06-05,30.217821
2014-06-06,30.541834
2014-06-09,30.732010
2014-06-10,30.851774
2014-06-11,30.746109
2014-06-12,30.605221
2014-06-13,30.717928
2014-06-16,30.520708
2014-06-17,30.541834
2014-06-18,30.894026
2014-06-19,30.703844
2014-06-20,30.717928
2014-06-23,30.577063
2014-06-24,30.532959
2014-06-25,30.660976
2014-06-26,30.646757
2014-06-27,30.724987
2014-06-30,30.675213
2014-07-01,30.952581
2014-07-02,31.137508
2014-07-03,31.301090
2014-07-07,31.365107
2014-07-08,31.229969
2014-07-09,31.414875
2014-07-10,31.222853
2014-07-11,31.279734
2014-07-14,31.521566
2014-07-15,31.478891
2014-07-16,31.578470
2014-07-17,30.973913
2014-07-18,31.457556
2014-07-21,31.571352
2014-07-22,31.898508
2014-07-23,31.905642
2014-07-24,32.062107
2014-07-25,31.934090
2014-07-28,32.104767
2014-07-29,31.813175
2014-07-30,31.649582
2014-07-31,31.094830
2014-08-01,31.279734
2014-08-04,31.635366
2014-08-05,31.158834
2014-08-06,30.938354
2014-08-07,30.796112
2014-08-08,31.137508
2014-08-11,31.585577
2014-08-12,31.592686
2014-08-13,31.727821
2014-08-14,31.749166
2014-08-15,31.706474
2014-08-18,32.033649
2014-08-19,32.218563
2014-08-20,32.168774
2014-08-21,32.140324
2014-08-22,31.998077
2014-08-25,32.268345
2014-08-26,32.446163
2014-08-27,32.609737
2014-08-28,32.311024
2014-08-29,32.289707
2014-09-02,32.353710
2014-09-03,32.894230
2014-09-04,32.751991
2014-09-05,33.064919
2014-09-08,32.680874
2014-09-09,32.282581
2014-09-10,32.140324
2014-09-11,31.912733
2014-09-12,31.478891
2014-09-15,31.343752
2014-09-16,31.742044
2014-09-17,31.436216
2014-09-18,31.507330
2014-09-19,31.272638
2014-09-22,30.810335
2014-09-23,30.611208
2014-09-24,31.089832
2014-09-25,30.371153
2014-09-26,30.565199
2014-09-29,29.911201
2014-09-30,29.975889
2014-10-01,29.400946
2014-10-02,29.580612
2014-10-03,29.824966
2014-10-06,30.356785
2014-10-07,30.062120
2014-10-08,30.522074
2014-10-09,30.098068
2014-10-10,29.415319
2014-10-13,29.774656
2014-10-14,29.911201
2014-10-15,29.494383
2014-10-16,29.199717
2014-10-17,29.573433
2014-10-20,29.594995
2014-10-21,29.731548
2014-10-22,29.494383
2014-10-23,29.523132
2014-10-24,29.803413
2014-10-27,29.494383
2014-10-28,30.112431
2014-10-29,30.054937
2014-10-30,30.399908
2014-10-31,30.644257
2014-11-03,30.435837
2014-11-04,30.464590
2014-11-05,30.284916
2014-11-06,29.853714
2014-11-07,30.047750
2014-11-10,30.069317
2014-11-11,30.119627
2014-11-12,30.033375
2014-11-13,29.961514
2014-11-14,30.277744
2014-11-17,29.896837
2014-11-18,30.047750
2014-11-19,30.105257
2014-11-20,30.054937
2014-11-21,30.982037
2014-11-24,30.744869
2014-11-25,30.543633
2014-11-26,30.859861
2014-11-28,30.306465
2014-12-01,29.753099
2014-12-02,29.738718
2014-12-03,29.889643
2014-12-04,29.853714
2014-12-05,29.832150
2014-12-08,29.350636
2014-12-09,29.020046
2014-12-10,28.603214
2014-12-11,28.337318
2014-12-12,27.913294
2014-12-15,27.352737
2014-12-16,27.101187
2014-12-17,27.942047
2014-12-18,28.373240
2014-12-19,28.509792
2014-12-22,28.880810
2014-12-23,28.649826
2014-12-24,28.707579
2014-12-26,28.902472
2014-12-29,28.808636
2014-12-30,28.888037
2014-12-31,28.888037
2015-01-02,28.555990
2015-01-05,28.101236
2015-01-06,27.964081
2015-01-07,28.606522
2015-01-08,29.090149
2015-01-09,28.945784
2015-01-12,28.685921
2015-01-13,28.888037
2015-01-14,28.779757
2015-01-15,28.866383
2015-01-16,29.155107
2015-01-20,29.054056
2015-01-21,29.703726
2015-01-22,30.331715
2015-01-23,30.071850
2015-01-26,30.107946
2015-01-27,29.949148
2015-01-28,29.595442
2015-01-29,29.624321
2015-01-30,28.830292
2015-02-02,29.342794
2015-02-03,29.862526
2015-02-04,29.660414
2015-02-05,29.884184
2015-02-06,29.393328
2015-02-09,29.357239
2015-02-10,29.306705
2015-02-11,29.176775
2015-02-12,29.855299
2015-02-13,30.158476
2015-02-17,30.064648
2015-02-18,30.093521
2015-02-19,29.999670
2015-02-20,30.151257
2015-02-23,29.862526
2015-02-24,30.273968
2015-02-25,30.172911
2015-02-26,30.151257
2015-02-27,30.172911
2015-03-02,30.129610
2015-03-03,29.855299
2015-03-04,29.508816
2015-03-05,29.451071
2015-03-06,28.974655
2015-03-09,28.859169
2015-03-10,28.260033
2015-03-11,28.483803
2015-03-12,28.642614
2015-03-13,28.296127
2015-03-16,28.628185
2015-03-17,28.808636
2015-03-18,29.552130
2015-03-19,29.032410
2015-03-20,29.393328
2015-03-23,29.479942
2015-03-24,29.595442
2015-03-25,29.082764
2015-03-26,28.916458
2015-03-27,28.981535
2015-03-30,29.574474
2015-03-31,29.552778
2015-04-01,29.950474
2015-04-02,30.413258
2015-04-06,30.782036
2015-04-07,30.709724
2015-04-08,31.331581
2015-04-09,31.736517
2015-04-10,31.671434
2015-04-13,31.562983
2015-04-14,31.649748
2015-04-15,31.837744
2015-04-16,32.126984
2015-04-17,31.468967
2015-04-20,31.367744
2015-04-21,31.613598
2015-04-22,31.982361
2015-04-23,32.141434
2015-04-24,32.300526
2015-04-27,32.437912
2015-04-28,32.517456
2015-04-29,32.170368
2015-04-30,31.743740
2015-05-01,31.931744
2015-05-04,32.090836
2015-05-05,31.758207
2015-05-06,31.338821
2015-05-07,31.295427
2015-05-08,31.772665
2015-05-11,31.468967
2015-05-12,31.382206
2015-05-13,31.461744
2015-05-14,31.758207
2015-05-15,32.083599
2015-05-18,31.772665
2015-05-19,31.844976
2015-05-20,31.801590
2015-05-21,31.707596
2015-05-22,31.787140
2015-05-26,31.317120
2015-05-27,31.396662
2015-05-28,30.955572
2015-05-29,30.615726
2015-06-01,30.594025
2015-06-02,30.702488
2015-06-03,30.550652
2015-06-04,30.102324
2015-06-05,29.957706
2015-06-08,29.943251
2015-06-09,29.726318
2015-06-10,30.160173
2015-06-11,30.037247
2015-06-12,30.044481
2015-06-15,29.740780
2015-06-16,29.805855
2015-06-17,29.993866
2015-06-18,30.261402
2015-06-19,29.986635
2015-06-22,30.377092
2015-06-23,30.651882
2015-06-24,30.492794
2015-06-25,30.384321
2015-06-26,30.104090
2015-06-29,29.439978
2015-06-30,29.834072
2015-07-01,29.834072
2015-07-02,29.972733
2015-07-06,29.140753
2015-07-07,28.695593
2015-07-08,27.637383
2015-07-09,28.199318
2015-07-10,28.994797
2015-07-13,29.177252
2015-07-14,29.250231
2015-07-15,28.892632
2015-07-16,29.235632
2015-07-17,29.228334
2015-07-20,29.045897
2015-07-21,29.053188
2015-07-22,28.666397
2015-07-23,28.425564
2015-07-24,28.016867
2015-07-27,27.389256
2015-07-28,27.651966
2015-07-29,27.907406
2015-07-30,27.732254
2015-07-31,27.965801
2015-08-03,27.506016
2015-08-04,27.593594
2015-08-05,27.622786
2015-08-06,27.425734
2015-08-07,27.396544
2015-08-10,27.863619
2015-08-11,27.265188
2015-08-12,26.841898
2015-08-13,26.790808
2015-08-14,26.871088
2015-08-17,26.586470
2015-08-18,26.279951
2015-08-19,25.922359
2015-08-20,25.528269
2015-08-21,24.710897
2015-08-24,23.492134
2015-08-25,23.813251
2015-08-26,24.637920
2015-08-27,25.630436
2015-08-28,25.258240
2015-08-31,25.207169
2015-09-01,24.221933
2015-09-02,24.586828
2015-09-03,24.696308
2015-09-04,23.922716
2015-09-08,24.725492
2015-09-09,24.586828
2015-09-10,24.769285
2015-09-11,24.864155
2015-09-14,24.864155
2015-09-15,25.119583
2015-09-16,25.703421
2015-09-17,25.703421
2015-09-18,25.075796
2015-09-21,25.134172
2015-09-22,24.645216
2015-09-23,24.273024
2015-09-24,24.229233
2015-09-25,24.184843
2015-09-28,23.644770
2015-09-29,23.837126
2015-09-30,24.480772
2015-10-01,24.562153
2015-10-02,25.205799
2015-10-05,25.708887
2015-10-06,25.642290
2015-10-07,26.278542
2015-10-08,26.618870
2015-10-09,26.648458
2015-10-12,26.500488
2015-10-13,26.027002
2015-10-14,26.226763
2015-10-15,26.826014
2015-10-16,26.907391
2015-10-19,26.633663
2015-10-20,26.574471
2015-10-21,26.189768
2015-10-22,26.759432
2015-10-23,26.936983
2015-10-26,26.633663
2015-10-27,26.389509
2015-10-28,26.100988
2015-10-29,25.812452
2015-10-30,25.775463
2015-11-02,26.263748
2015-11-03,26.589275
2015-11-04,26.441307
2015-11-05,26.478300
2015-11-06,26.182365
2015-11-09,25.568306
2015-11-10,25.501732
2015-11-11,25.531322
2015-11-12,25.264988
2015-11-13,24.932072
2015-11-16,25.472137
2015-11-17,25.442539
2015-11-18,25.642290
2015-11-19,25.834642
2015-11-20,26.056595
2015-11-23,25.842052
2015-11-24,25.908630
2015-11-25,25.708887
2015-11-27,25.146614
2015-11-30,25.183607
2015-12-01,25.331575
2015-12-02,25.080038
2015-12-03,25.006056
2015-12-04,25.102226
2015-12-07,24.747107
2015-12-08,24.451185
2015-12-09,24.273626
2015-12-10,24.029476
2015-12-11,23.348839
2015-12-14,23.733547
2015-12-15,24.081264
2015-12-16,24.488167
2015-12-17,24.273626
2015-12-18,24.147850
2015-12-21,24.318100
2015-12-22,24.503962
2015-12-23,24.868248
2015-12-24,24.793901
2015-12-28,24.667521
2015-12-29,24.652651
2015-12-30,24.310673
2015-12-31,24.318100
2016-01-04,23.626692
2016-01-05,23.678738
2016-01-06,23.254978
2016-01-07,22.504089
2016-01-08,22.303366
2016-01-11,22.206715
2016-01-12,22.288498
2016-01-13,22.035727
2016-01-14,22.318233
2016-01-15,21.381491
2016-01-19,21.678869
2016-01-20,21.225368
2016-01-21,21.262537
2016-01-22,21.983675
2016-01-25,21.619383
2016-01-26,21.931641
2016-01-27,21.790390
2016-01-28,22.139809
2016-01-29,22.920425
2016-02-01,22.689953
2016-02-02,22.013422
2016-02-03,22.600742
2016-02-04,22.756866
2016-02-05,22.518961
2016-02-08,22.206715
2016-02-09,21.924208
2016-02-10,21.991117
2016-02-11,21.671432
2016-02-12,22.028292
2016-02-16,22.548700
2016-02-17,23.017075
2016-02-18,22.905556
2016-02-19,22.808907
2016-02-22,23.373920
2016-02-23,22.868383
2016-02-24,22.868383
2016-02-25,22.905556
2016-02-26,22.704826
2016-02-29,22.846079
2016-03-01,23.678738
2016-03-02,24.043018
2016-03-03,24.303232
2016-03-04,24.838516
2016-03-07,24.786470
2016-03-08,24.355268
2016-03-09,24.511402
2016-03-10,24.451923
2016-03-11,24.987204
2016-03-14,24.845943
2016-03-15,24.426676
2016-03-16,24.940527
2016-03-17,25.446936
2016-03-18,25.618221
2016-03-21,25.722477
2016-03-22,25.610771
2016-03-23,25.216068
2016-03-24,25.178831
2016-03-28,25.245861
2016-03-29,25.491610
2016-03-30,25.782053
2016-03-31,25.752270
2016-04-01,25.826733
2016-04-04,25.476721
2016-04-05,25.000111
2016-04-06,25.320324
2016-04-07,24.791584
2016-04-08,25.223515
2016-04-11,25.558643
2016-04-12,25.953339
2016-04-13,26.437405
2016-04-14,26.303354
2016-04-15,26.146963
2016-04-18,26.236322
2016-04-19,26.638485
2016-04-20,26.467194
2016-04-21,26.176752
2016-04-22,26.079935
2016-04-25,25.871420
2016-04-26,26.176752
2016-04-27,26.333153
2016-04-28,26.065048
2016-04-29,26.012915
2016-05-02,25.945889
2016-05-03,25.223515
2016-05-04,24.866056
2016-05-05,24.866056
2016-05-06,24.925636
2016-05-09,24.545826
2016-05-10,25.037346
2016-05-11,24.962870
2016-05-12,24.918190
2016-05-13,24.471359
2016-05-16,24.754345
2016-05-17,24.650085
2016-05-18,24.456457
2016-05-19,24.158573
2016-05-20,24.426676
2016-05-23,24.374540
2016-05-24,24.664978
2016-05-25,24.947977
2016-05-26,25.111801
2016-05-27,25.104362
2016-05-31,25.171381
2016-06-01,25.149050
2016-06-02,25.350122
2016-06-03,25.744814
2016-06-06,25.960779
2016-06-07,26.213993
2016-06-08,26.429960
2016-06-09,26.132072
2016-06-10,25.469269
2016-06-13,25.149050
2016-06-14,25.076330
2016-06-15,25.308723
2016-06-16,25.248755
2016-06-17,25.361198
2016-06-20,25.728539
2016-06-21,25.923450
2016-06-22,25.960932
2016-06-23,26.605642
2016-06-24,25.098818
2016-06-27,24.836437
2016-06-28,25.548618
2016-06-29,26.148346
2016-06-30,26.410734
2016-07-01,26.605642
2016-07-05,26.080883
2016-07-06,26.080883
2016-07-07,25.968433
2016-07-08,26.545681
2016-07-11,26.763084
2016-07-12,27.175386
2016-07-13,27.130407
2016-07-14,27.505247
2016-07-15,27.407791
2016-07-18,27.647690
2016-07-19,27.407791
2016-07-20,27.550230
2016-07-21,27.475258
2016-07-22,27.655174
2016-07-25,27.430271
2016-07-26,27.595198
2016-07-27,27.632692
2016-07-28,27.617701
2016-07-29,27.767624
2016-08-01,27.662676
2016-08-02,27.512733
2016-08-03,27.662676
2016-08-04,27.797615
2016-08-05,28.104984
2016-08-08,28.284897
2016-08-09,28.472319
2016-08-10,28.404844
2016-08-11,28.734701
2016-08-12,28.622253
2016-08-15,28.937105
2016-08-16,28.787174
2016-08-17,28.682219
2016-08-18,28.914619
2016-08-19,28.742199
2016-08-22,28.382353
2016-08-23,28.239927
2016-08-24,28.322374
2016-08-25,28.314890
2016-08-26,28.089994
2016-08-29,28.299889
2016-08-30,28.254913
2016-08-31,27.985033
2016-09-01,28.134970
2016-09-02,28.562265
2016-09-06,29.057062
2016-09-07,29.019564
2016-09-08,28.959600
2016-09-09,28.045008
2016-09-12,28.277403
2016-09-13,27.571795
2016-09-14,27.670427
2016-09-15,28.110479
2016-09-16,27.920805
2016-09-19,28.156013
2016-09-20,28.163588
2016-09-21,28.846430
2016-09-22,28.975426
2016-09-23,28.596060
2016-09-26,28.247053
2016-09-27,28.542955
2016-09-28,28.823685
2016-09-29,28.345686
2016-09-30,28.550543
2016-10-03,28.740211
2016-10-04,28.451900
2016-10-05,28.884384
2016-10-06,28.884384
2016-10-07,28.785748
2016-10-10,28.983011
2016-10-11,28.444326
2016-10-12,28.413973
2016-10-13,28.239468
2016-10-14,28.315334
2016-10-17,28.262224
2016-10-18,28.762980
2016-10-19,28.914724
2016-10-20,28.876789
2016-10-21,28.884384
2016-10-24,29.028534
2016-10-25,29.005775
2016-10-26,28.793325
2016-10-27,28.573301
2016-10-28,28.413973
2016-10-31,28.641586
2016-11-01,28.429150
2016-11-02,28.102896
2016-11-03,28.034609
2016-11-04,27.738718
2016-11-07,28.679523
2016-11-08,28.816097
2016-11-09,28.057375
2016-11-10,27.245550
2016-11-11,26.744793
2016-11-14,26.615814
2016-11-15,27.116566
2016-11-16,26.896534
2016-11-17,26.904125
2016-11-18,26.843422
2016-11-21,27.108974
2016-11-22,27.404877
2016-11-23,27.139324
2016-11-25,27.283484
2016-11-28,27.420053
2016-11-29,27.435232
2016-11-30,27.480751
2016-12-01,27.169678
2016-12-02,27.139324
2016-12-05,27.321417
2016-12-06,27.435232
2016-12-07,27.844929
2016-12-08,27.973902
2016-12-09,27.844929
2016-12-12,27.617325
2016-12-13,27.898046
2016-12-14,27.093807
2016-12-15,27.215197
2016-12-16,27.048275
2016-12-19,26.866180
2016-12-20,26.911932
2016-12-21,26.828064
2016-12-22,26.576477
2016-12-23,26.706089
2016-12-27,26.835693
2016-12-28,27.003412
2016-12-29,27.422724
2016-12-30,27.277864
2017-01-03,27.575190
2017-01-04,27.826792
2017-01-05,28.116486
2017-01-06,28.002131
2017-01-09,27.956387
2017-01-10,28.108856
2017-01-11,28.352818
2017-01-12,28.421436
2017-01-13,28.390944
2017-01-17,28.360447
2017-01-18,28.253719
2017-01-19,28.177477
2017-01-20,28.223225
2017-01-23,28.612040
2017-01-24,28.817869
2017-01-25,29.069460
2017-01-26,28.947479
2017-01-27,28.977972
2017-01-30,28.833115
2017-01-31,28.848372
2017-02-01,28.909363
2017-02-02,29.008472
2017-02-03,29.191442
2017-02-06,29.122826
2017-02-07,29.016104
2017-02-08,29.244806
2017-02-09,29.397278
2017-02-10,29.664103
2017-02-13,29.778471
2017-02-14,29.824219
2017-02-15,30.045296
2017-02-16,29.961437
2017-02-17,29.862328
2017-02-21,30.106295
2017-02-22,30.182522
2017-02-23,30.197781
2017-02-24,29.877577
2017-02-27,29.755592
2017-02-28,29.496382
2017-03-01,29.969063
2017-03-02,29.435410
2017-03-03,29.686981
2017-03-06,29.732718
2017-03-07,29.770847
2017-03-08,29.473515
2017-03-09,29.221930
2017-03-10,29.465902
2017-03-13,29.839464
2017-03-14,29.671741
2017-03-15,30.365503
2017-03-16,30.571348
2017-03-17,30.540854
2017-03-20,30.838184
2017-03-21,30.464611
2017-03-22,30.610481
2017-03-23,30.625761
2017-03-24,30.709757
2017-03-27,30.618113
2017-03-28,30.694494
2017-03-29,30.740316
2017-03-30,30.564663
2017-03-31,30.335531
2017-04-03,30.572298
2017-04-04,30.641027
2017-04-05,30.587557
2017-04-06,30.534111
2017-04-07,30.526472
2017-04-10,30.381367
2017-04-11,30.411907
2017-04-12,30.518829
2017-04-13,30.358456
2017-04-17,30.618113
2017-04-18,30.259174
2017-04-19,30.037682
2017-04-20,30.350821
2017-04-21,30.320257
2017-04-24,30.671583
2017-04-25,30.893064
2017-04-26,30.778500
2017-04-27,30.679224
2017-04-28,30.809061
2017-05-01,30.931253
2017-05-02,31.084000
2017-05-03,30.862520
2017-05-04,30.534111
2017-05-05,30.709757
2017-05-08,30.518829
2017-05-09,30.862520
2017-05-10,31.106907
2017-05-11,31.091633
2017-05-12,31.259647
2017-05-15,31.549873
2017-05-16,31.580429
2017-05-17,31.106907
2017-05-18,30.534111
2017-05-19,31.076366
2017-05-22,31.068724
2017-05-23,31.053432
2017-05-24,31.160374
2017-05-25,31.320757
2017-05-26,31.397129
2017-05-30,31.343664
2017-05-31,31.114546
2017-06-01,31.343664
2017-06-02,31.442957
2017-06-05,31.442957
2017-06-06,31.465864
2017-06-07,31.442957
2017-06-08,31.504038
2017-06-09,31.290203
2017-06-12,31.175644
2017-06-13,31.320757
2017-06-14,31.297832
2017-06-15,31.022892
2017-06-16,31.122181
2017-06-19,31.328394
2017-06-20,30.954165
2017-06-21,31.071751
2017-06-22,31.187012
2017-06-23,31.302303
2017-06-26,31.632772
2017-06-27,31.302303
2017-06-28,31.486757
2017-06-29,31.133238
2017-06-30,31.379152
2017-07-03,31.525177
2017-07-05,31.471386
2017-07-06,31.125547
2017-07-07,31.210075
2017-07-10,31.432970
2017-07-11,31.655827
2017-07-12,32.255295
2017-07-13,32.347523
2017-07-14,32.677990
2017-07-17,32.508892
2017-07-18,32.562714
2017-07-19,32.877792
2017-07-20,32.808628
2017-07-21,32.739468
2017-07-24,32.862431
2017-07-25,32.808628
2017-07-26,33.046879
2017-07-27,32.877792
2017-07-28,33.000759
2017-07-31,33.054558
2017-08-01,33.192894
2017-08-02,33.269753
2017-08-03,33.146778
2017-08-04,33.231316
2017-08-07,33.492626
2017-08-08,33.446510
2017-08-09,33.262058
2017-08-10,32.493526
2017-08-11,32.593426
2017-08-14,32.877792
2017-08-15,32.854748
2017-08-16,33.254379
2017-08-17,32.831696
2017-08-18,33.069931
2017-08-21,33.154480
2017-08-22,33.446510
2017-08-23,33.607899
2017-08-24,33.684757
2017-08-25,33.969128
2017-08-28,33.961426
2017-08-29,33.892254
2017-08-30,33.930687
2017-08-31,34.045963
2017-09-01,34.291897
2017-09-05,34.030602
2017-09-06,34.276524
2017-09-07,34.445595
2017-09-08,34.222736
2017-09-11,34.622364
2017-09-12,34.560890
2017-09-13,34.330318
2017-09-14,34.399490
2017-09-15,34.630062
2017-09-18,34.599316
2017-09-19,34.630062
2017-09-20,34.530529
2017-09-21,34.561630
2017-09-22,34.351700
2017-09-25,33.714108
2017-09-26,33.706322
2017-09-27,33.519733
2017-09-28,33.535271
2017-09-29,33.877396
2017-10-02,33.908497
2017-10-03,34.375023
2017-10-04,34.413895
2017-10-05,34.631607
2017-10-06,34.499428
2017-10-09,34.382790
2017-10-10,34.717136
2017-10-11,34.818211
2017-10-12,34.818211
2017-10-13,35.129227
2017-10-16,35.098133
2017-10-17,34.927063
2017-10-18,34.958176
2017-10-19,34.701580
2017-10-20,34.841545
2017-10-23,34.530529
2017-10-24,34.623840
2017-10-25,34.546082
2017-10-26,34.367260
2017-10-27,34.787113
2017-10-30,34.507198
2017-10-31,34.701580
2017-11-01,34.787113
2017-11-02,34.895966
2017-11-03,34.693810
2017-11-06,35.028149
2017-11-07,34.810448
2017-11-08,34.934837
2017-11-09,34.802662
2017-11-10,34.670483
2017-11-13,34.600510
2017-11-14,34.367260
2017-11-15,34.087330
2017-11-16,34.693810
2017-11-17,34.888191
2017-11-20,35.035938
2017-11-21,35.471352
2017-11-22,35.587978
2017-11-24,35.455791
2017-11-27,35.090355
2017-11-28,35.300293
2017-11-29,34.810448
2017-11-30,34.584961
2017-12-01,34.250603
2017-12-04,34.367260
2017-12-05,34.312813
2017-12-06,33.885174
2017-12-07,33.931820
2017-12-08,34.320587
2017-12-11,34.546082
2017-12-12,34.297268
2017-12-13,34.670483
2017-12-14,34.452778
2017-12-15,34.546082
2017-12-18,34.903736
2017-12-19,34.810448
2017-12-20,34.857098
2017-12-21,35.202393
2017-12-22,35.491447
2017-12-26,35.530521
2017-12-27,35.522705
2017-12-28,35.694576
2017-12-29,35.866444
2018-01-02,36.483620
2018-01-03,36.835190
2018-01-04,37.061729
2018-01-05,37.389854
2018-01-08,37.397678
2018-01-09,37.389854
2018-01-10,37.225796
2018-01-11,37.467972
2018-01-12,37.866402
2018-01-16,37.678905
2018-01-17,38.210155
2018-01-18,38.272648
2018-01-19,38.632015
2018-01-22,38.944504
2018-01-23,39.085133
2018-01-24,39.444496
2018-01-25,39.303875
2018-01-26,39.827309
2018-01-29,39.202309
2018-01-30,38.702332
2018-01-31,38.936699
2018-02-01,38.569511
2018-02-02,37.702358
2018-02-05,36.491432
2018-02-06,37.397678
2018-02-07,36.335186
2018-02-08,35.124275
2018-02-09,35.655518
2018-02-12,36.147694
2018-02-13,36.428936
2018-02-14,37.178925
2018-02-15,37.874222
2018-02-16,37.733597
2018-02-20,37.397678
2018-02-21,37.350792
2018-02-22,37.397678
2018-02-23,38.007027
2018-02-26,38.366398
2018-02-27,37.335171
2018-02-28,36.850807
2018-03-01,36.842995
2018-03-02,36.936741
2018-03-05,37.046116
2018-03-06,37.155487
2018-03-07,37.147671
2018-03-08,37.171112
2018-03-09,37.835148
2018-03-12,37.967964
2018-03-13,37.600780
2018-03-14,37.647655
2018-03-15,37.499226
2018-03-16,37.382042
2018-03-19,37.030487
2018-03-20,37.350792
2018-03-21,37.553909
2018-03-22,36.366436
2018-03-23,35.835209
2018-03-26,36.914616
2018-03-27,36.366680
2018-03-28,36.116211
2018-03-29,36.773708
2018-04-02,36.233624
2018-04-03,36.585854
2018-04-04,36.703270
2018-04-05,36.781532
2018-04-06,36.131851
2018-04-09,36.100552
2018-04-10,36.773708
2018-04-11,36.820683
2018-04-12,36.812851
2018-04-13,36.429310
2018-04-16,36.460617
2018-04-17,36.491920
2018-04-18,36.750233
2018-04-19,36.546719
2018-04-20,36.116211
2018-04-23,35.873550
2018-04-24,35.709187
2018-04-25,35.443039
2018-04-26,35.810936
2018-04-27,35.998779
2018-04-30,35.756134
2018-05-01,35.552616
2018-05-02,35.317799
2018-05-03,35.208206
2018-05-04,35.380417
2018-05-07,35.286484
2018-05-08,35.466526
2018-05-09,35.513485
2018-05-10,36.217964
2018-05-11,36.092720
2018-05-14,36.202309
2018-05-15,35.513485
2018-05-16,36.014454
2018-05-17,35.513485
2018-05-18,35.184738
2018-05-21,35.411728
2018-05-22,35.552616
2018-05-23,35.396076
2018-05-24,35.270828
2018-05-25,35.356934
2018-05-29,34.574181
2018-05-30,34.879456
2018-05-31,34.918598
2018-06-01,35.309971
2018-06-04,35.677860
2018-06-05,35.364761
2018-06-06,35.873550
2018-06-07,35.325630
2018-06-08,35.302147
2018-06-11,35.255180
2018-06-12,35.231693
2018-06-13,34.973381
2018-06-14,34.785530
2018-06-15,34.597679
2018-06-18,34.198460
2018-06-19,33.807091
2018-06-20,33.916668
2018-06-21,33.439198
2018-06-22,33.711002
2018-06-25,33.269821
2018-06-26,33.135883
2018-06-27,32.403198
2018-06-28,32.710453
2018-06-29,33.246170
2018-07-02,32.883770
2018-07-03,32.915287
2018-07-05,32.883770
2018-07-06,33.285564
2018-07-09,33.892200
2018-07-10,33.860680
2018-07-11,33.230415
2018-07-12,33.695225
2018-07-13,33.718864
2018-07-16,33.529797
2018-07-17,33.789768
2018-07-18,33.758244
2018-07-19,33.372227
2018-07-20,33.805523
2018-07-23,33.703110
2018-07-24,34.207325
2018-07-25,34.750923
2018-07-26,34.412155
2018-07-27,34.459423
2018-07-30,34.412155
2018-07-31,34.569714
2018-08-01,34.309731
2018-08-02,33.915833
2018-08-03,34.128536
2018-08-06,33.868553
2018-08-07,34.175812
2018-08-08,34.097027
2018-08-09,34.049763
2018-08-10,33.372227
2018-08-13,32.836514
2018-08-14,33.033463
2018-08-15,32.064442
2018-08-16,32.292912
2018-08-17,32.568642
2018-08-20,32.710453
2018-08-21,33.064980
2018-08-22,33.261932
2018-08-23,32.741978
2018-08-24,33.230415
2018-08-27,33.774010
2018-08-28,33.608578
2018-08-29,33.797646
2018-08-30,32.899532
2018-08-31,33.120129
2018-09-04,32.379570
2018-09-05,32.032925
2018-09-06,32.017170
2018-09-07,31.875355
2018-09-10,31.497215
2018-09-11,31.536604
2018-09-12,31.733555
2018-09-13,32.135345
2018-09-14,32.095947
2018-09-17,31.843853
2018-09-18,32.095947
2018-09-19,32.529259
2018-09-20,32.797108
2018-09-21,32.931046
2018-09-24,32.521366
2018-09-25,32.726212
2018-09-26,32.785973
2018-09-27,32.881607
2018-09-28,32.674404
2018-10-01,32.754105
2018-10-02,32.403446
2018-10-03,32.132496
2018-10-04,31.399319
2018-10-05,31.255854
2018-10-08,31.311646
2018-10-09,31.231955
2018-10-10,30.363293
2018-10-11,30.092337
2018-10-12,30.857391
2018-10-15,30.554556
2018-10-16,31.255854
2018-10-17,30.881306
2018-10-18,30.076397
2018-10-19,30.355331
2018-10-22,30.674109
2018-10-23,30.371258
2018-10-24,29.486662
2018-10-25,30.044514
2018-10-26,29.813404
2018-10-29,29.231644
2018-10-30,29.829346
2018-10-31,30.172031
2018-11-01,31.255854
2018-11-02,31.367430
2018-11-05,31.510889
2018-11-06,31.391335
2018-11-07,31.949196
2018-11-08,31.176172
2018-11-09,30.642216
2018-11-12,30.235779
2018-11-13,30.594400
2018-11-14,30.833485
2018-11-15,31.439163
2018-11-16,31.550720
2018-11-19,31.160229
2018-11-20,30.506737
2018-11-21,31.080536
2018-11-23,30.753799
2018-11-26,30.968952
2018-11-27,31.192104
2018-11-28,31.885437
2018-11-29,31.670271
2018-11-30,31.630419
2018-12-03,32.259998
2018-12-04,31.662298
2018-12-06,31.407269
2018-12-07,30.777706
2018-12-10,30.419075
2018-12-11,30.729883
2018-12-12,31.192104
2018-12-13,31.239929
2018-12-14,30.849422
2018-12-17,30.514711
2018-12-18,30.705965
2018-12-19,30.195940
2018-12-20,30.427055
2018-12-21,30.179998
2018-12-24,29.946484
2018-12-26,30.476093
2018-12-27,30.411898
2018-12-28,30.628544
2018-12-31,30.572380
2019-01-02,30.708796
2019-01-03,30.227335
2019-01-04,31.182222
2019-01-07,31.246412
2019-01-08,31.422949
2019-01-09,31.880339
2019-01-10,32.121067
2019-01-11,31.920454
2019-01-14,31.695782
2019-01-15,31.904406
2019-01-16,32.217361
2019-01-17,32.369816
2019-01-18,32.538322
2019-01-22,31.992678
2019-01-23,32.305626
2019-01-24,32.578442
2019-01-25,32.899418
2019-01-28,32.554367
2019-01-29,32.594482
2019-01-30,33.172245
2019-01-31,33.525311
2019-02-01,33.276562
2019-02-04,33.348778
2019-02-05,33.725906
2019-02-06,33.324696
2019-02-07,33.011749
2019-02-08,32.883373
2019-02-11,32.690781
2019-02-12,33.011749
2019-02-13,32.779057
2019-02-14,32.843235
2019-02-15,32.787083
2019-02-19,33.124088
2019-02-20,33.268528
2019-02-21,33.196320
2019-02-22,33.573452
2019-02-25,34.022812
2019-02-26,33.918491
2019-02-27,33.653690
2019-02-28,33.396915
2019-03-01,33.437035
2019-03-04,33.557407
2019-03-05,33.950588
2019-03-06,33.782082
2019-03-07,33.236431
2019-03-08,32.995716
2019-03-11,33.669735
2019-03-12,33.806168
2019-03-13,33.878376
2019-03-14,33.701843
2019-03-15,34.159225
2019-03-18,34.544395
2019-03-19,34.552410
2019-03-20,34.544395
2019-03-21,34.624626
2019-03-22,33.581467
2019-03-25,33.735844
2019-03-26,33.848404
2019-03-27,33.478569
2019-03-28,33.768009
2019-03-29,34.170010
2019-04-01,34.684566
2019-04-02,34.580051
2019-04-03,34.748882
2019-04-04,34.974007
2019-04-05,35.255413
2019-04-08,35.231289
2019-04-09,35.183044
2019-04-10,35.351883
2019-04-11,34.941841
2019-04-12,35.158913
2019-04-15,34.974007
2019-04-16,35.255413
2019-04-17,35.343838
2019-04-18,35.384045
2019-04-22,35.175007
2019-04-23,35.255413
2019-04-24,34.845364
2019-04-25,34.781048
2019-04-26,34.941841
2019-04-29,34.877529
2019-04-30,34.901657
2019-05-01,34.708687
2019-05-02,34.756924
2019-05-03,35.207161
2019-05-06,34.459442
2019-05-07,33.808201
2019-05-08,33.719765
2019-05-09,33.245407
2019-05-10,33.518761
2019-05-13,32.385120
2019-05-14,32.835358
2019-05-15,32.923801
2019-05-16,32.843399
2019-05-17,32.216282
2019-05-20,32.103718
2019-05-21,32.537872
2019-05-22,32.401199
2019-05-23,31.991159
2019-05-24,32.039402
2019-05-28,32.135887
2019-05-29,32.409252
2019-05-30,32.553963
2019-05-31,32.674564
2019-06-03,32.867523
2019-06-04,32.875561
2019-06-05,32.634369
2019-06-06,32.626312
2019-06-07,32.859489
2019-06-10,33.165005
2019-06-11,33.510731
2019-06-12,33.148922
2019-06-13,33.181076
2019-06-14,32.771042
2019-06-17,32.907867
2019-06-18,33.652637
2019-06-19,33.887402
2019-06-20,34.413601
2019-06-21,34.275982
2019-06-24,34.300274
2019-06-25,33.927879
2019-06-26,34.259781
2019-06-27,34.454090
2019-06-28,34.429794
2019-07-01,34.923622
2019-07-02,34.875034
2019-07-03,34.915516
2019-07-05,34.672665
2019-07-08,34.535034
2019-07-09,34.445988
2019-07-10,34.672665
2019-07-11,34.599808
2019-07-12,34.599808
2019-07-15,34.761696
2019-07-16,34.696941
2019-07-17,34.615986
2019-07-18,34.834564
2019-07-19,34.607895
2019-07-22,34.567425
2019-07-23,34.567425
2019-07-24,34.672665
2019-07-25,34.470268
2019-07-26,34.502666
2019-07-29,34.494560
2019-07-30,34.154552
2019-07-31,33.806446
2019-08-01,33.191193
2019-08-02,32.875473
2019-08-05,31.717827
2019-08-06,32.219749
2019-08-07,32.357368
2019-08-08,32.778332
2019-08-09,32.454510
2019-08-12,32.090221
2019-08-13,32.470699
2019-08-14,31.572117
2019-08-15,31.750216
2019-08-16,32.171177
2019-08-19,32.276417
2019-08-20,32.333084
2019-08-21,32.584034
2019-08-22,32.252125
2019-08-23,31.790689
2019-08-26,31.993073
2019-08-27,32.009277
2019-08-28,32.130695
2019-08-29,32.503094
2019-08-30,32.705475
2019-09-03,32.535465
2019-09-04,33.069763
2019-09-05,33.320724
2019-09-06,33.425968
2019-09-09,33.515011
2019-09-10,33.515011
2019-09-11,33.765980
2019-09-12,33.976463
2019-09-13,34.154552
2019-09-16,33.879307
2019-09-17,33.919792
2019-09-18,33.749779
2019-09-19,33.539303
2019-09-20,33.595970
2019-09-23,33.717403
2019-09-24,33.306709
2019-09-25,33.339497
2019-09-26,33.323101
2019-09-27,32.905014
2019-09-30,33.003391
2019-10-01,32.773861
2019-10-02,32.618103
2019-10-03,33.011589
2019-10-04,33.167343
2019-10-07,32.913227
2019-10-08,32.634506
2019-10-09,32.880428
2019-10-10,33.232922
2019-10-11,33.675591
2019-10-14,33.601810
2019-10-15,33.831341
2019-10-16,33.921509
2019-10-17,34.028091
2019-10-18,33.937904
2019-10-21,34.183838
2019-10-22,34.159241
2019-10-23,34.175640
2019-10-24,34.216629
2019-10-25,34.372379
2019-10-28,34.642902
2019-10-29,34.446163
2019-10-30,34.577328
2019-10-31,34.306805
2019-11-01,34.839638
2019-11-04,35.093773
2019-11-05,35.265923
2019-11-06,35.208527
2019-11-07,35.446262
2019-11-08,35.126556
2019-11-11,34.929817
2019-11-12,34.667500
2019-11-13,34.446163
2019-11-14,34.429764
2019-11-15,34.659294
2019-11-18,34.651100
2019-11-19,34.774078
2019-11-20,34.642902
2019-11-21,34.683884
2019-11-22,34.618309
2019-11-25,34.929817
2019-11-26,34.790459
2019-11-27,34.897030
2019-11-29,34.478951
2019-12-02,34.487144
2019-12-03,34.347797
2019-12-04,34.651100
2019-12-05,34.831444
2019-12-06,34.962605
2019-12-09,34.831444
2019-12-10,34.905224
2019-12-11,35.372482
2019-12-12,35.856144
2019-12-13,35.815155
2019-12-16,36.118462
2019-12-17,36.388992
2019-12-18,36.585728
2019-12-19,36.610332
2019-12-20,36.643116
2019-12-23,36.708694
2019-12-24,36.675484
2019-12-26,36.982632
2019-12-27,37.032444
2019-12-30,36.824909
2019-12-31,36.916229
2020-01-02,37.796173
2020-01-03,37.123764
2020-01-06,37.057354
2020-01-07,37.040737
2020-01-08,37.206779
2020-01-09,37.397709
2020-01-10,37.580330
2020-01-13,38.095013
2020-01-14,37.920689
2020-01-15,37.679943
2020-01-16,37.870880
2020-01-17,38.111610
2020-01-21,37.165264
2020-01-22,37.389404
2020-01-23,37.049046
2020-01-24,36.766800
2020-01-27,35.529900
2020-01-28,35.828743
2020-01-29,35.994778
2020-01-30,35.504986
2020-01-31,34.874092
2020-02-03,35.123119
2020-02-04,35.961559
2020-02-05,36.160797
2020-02-06,36.144196
2020-02-07,35.654408
2020-02-10,35.878555
2020-02-11,36.335117
2020-02-12,36.800007
2020-02-13,36.409840
2020-02-14,36.335117
2020-02-18,36.210606
2020-02-19,36.509460
2020-02-20,36.011379
2020-02-21,35.878555
2020-02-24,34.616741
2020-02-25,34.342804
2020-02-26,34.558636
2020-02-27,33.728500
2020-02-28,33.637184
2020-03-02,34.284698
2020-03-03,34.118664
2020-03-04,34.600143
2020-03-05,33.936016
2020-03-06,33.296833
2020-03-09,30.814705
2020-03-10,32.367065
2020-03-11,30.964134
2020-03-12,27.851126
2020-03-13,29.801950
2020-03-16,26.199144
2020-03-17,27.842817
2020-03-18,25.576544
2020-03-19,25.717669
2020-03-20,25.833887
2020-03-23,25.333214
2020-03-24,26.930050
2020-03-25,27.811638
2020-03-26,28.934420
2020-03-27,27.370844
2020-03-30,27.770052
2020-03-31,27.903131
2020-04-01,26.913416
2020-04-02,27.703524
2020-04-03,27.171244
2020-04-06,28.510258
2020-04-07,28.676590
2020-04-08,29.009270
2020-04-09,28.959364
2020-04-13,29.067495
2020-04-14,29.649670
2020-04-15,28.992638
2020-04-16,29.158979
2020-04-17,29.633038
2020-04-20,29.416798
2020-04-21,28.601740
2020-04-22,29.341946
2020-04-23,29.225508
2020-04-24,29.183926
2020-04-27,29.732840
2020-04-28,29.807690
2020-04-29,30.614431
2020-04-30,30.082151
2020-05-01,29.075806
2020-05-04,29.441751
2020-05-05,29.574823
2020-05-06,29.499969
2020-05-07,29.691257
2020-05-08,30.356609
2020-05-11,30.206900
2020-05-12,30.115412
2020-05-13,30.023930
2020-05-14,30.115412
2020-05-15,29.741150
2020-05-18,30.863932
2020-05-19,30.556208
2020-05-20,30.938784
2020-05-21,30.622738
2020-05-22,30.040558
2020-05-26,30.705915
2020-05-27,30.739187
2020-05-28,30.539576
2020-05-29,31.071856
2020-06-01,31.778793
2020-06-02,32.518986
2020-06-03,33.151081
2020-06-04,32.735229
2020-06-05,33.492058
2020-06-08,33.758205
2020-06-09,33.575237
2020-06-10,33.741577
2020-06-11,32.019974
2020-06-12,32.751869
2020-06-15,32.618805
2020-06-16,32.743546
2020-06-17,33.042953
2020-06-18,33.051273
2020-06-19,33.109493
2020-06-22,33.468647
2020-06-23,33.802750
2020-06-24,33.293243
2020-06-25,33.435238
2020-06-26,33.034313
2020-06-29,33.251484
2020-06-30,33.084435
2020-07-01,33.527115
2020-07-02,34.320618
2020-07-06,35.832417
2020-07-07,35.264450
2020-07-08,36.208286
2020-07-09,36.233337
2020-07-10,35.982769
2020-07-13,35.807350
2020-07-14,35.824062
2020-07-15,35.857479
2020-07-16,35.347969
2020-07-17,35.506676
2020-07-20,36.007835
2020-07-21,36.275116
2020-07-22,36.149818
2020-07-23,35.907597
2020-07-24,35.815712
2020-07-27,36.316875
2020-07-28,35.924301
2020-07-29,36.559090
2020-07-30,36.133106
2020-07-31,35.924301
2020-08-03,36.199924
2020-08-04,36.609200
2020-08-05,36.985069
2020-08-06,37.035187
2020-08-07,36.283463
2020-08-10,36.275116
2020-08-11,36.141464
2020-08-12,36.584152
2020-08-13,36.442150
2020-08-14,36.492264
2020-08-17,36.884842
2020-08-18,37.018482
2020-08-19,36.592503
2020-08-20,36.492264
2020-08-21,36.726143
2020-08-24,37.093651
2020-08-25,37.436108
2020-08-26,37.469517
2020-08-27,37.252350
2020-08-28,37.703400
2020-08-31,36.909897
2020-09-01,37.653275
2020-09-02,37.553040
2020-09-03,36.893192
2020-09-04,36.826370
2020-09-08,36.141464
2020-09-09,36.609200
2020-09-10,36.057938
2020-09-11,36.325214
2020-09-14,36.926598
2020-09-15,37.344231
2020-09-16,37.210579
2020-09-17,37.143776
2020-09-18,36.851433
2020-09-21,36.544426
2020-09-22,36.223946
2020-09-23,35.658863
2020-09-24,35.557655
2020-09-25,35.549225
2020-09-28,35.903439
2020-09-29,35.886570
2020-09-30,36.468521
2020-10-01,36.789021
2020-10-02,36.384174
2020-10-05,36.856487
2020-10-06,36.966129
2020-10-07,37.311932
2020-10-08,37.590244
2020-10-09,37.851700
2020-10-12,38.222794
2020-10-13,38.054119
2020-10-14,37.885437
2020-10-15,37.581814
2020-10-16,37.733624
2020-10-19,37.615547
2020-10-20,37.995079
2020-10-21,38.070984
2020-10-22,38.079418
2020-10-23,38.256538
2020-10-26,37.758923
2020-10-27,37.893871
2020-10-28,36.949268
2020-10-29,37.337231
2020-10-30,36.949268
2020-11-02,37.421562
2020-11-03,37.522770
2020-11-04,38.728836
2020-11-05,39.386677
2020-11-06,39.530056
2020-11-09,39.825249
2020-11-10,39.378258
2020-11-11,39.546936
2020-11-12,39.251740
2020-11-13,39.749340
2020-11-16,40.213211
2020-11-17,40.154179
2020-11-18,40.019230
2020-11-19,40.120445
2020-11-20,40.398769
2020-11-23,40.390331
2020-11-24,40.930096
2020-11-25,40.744556
2020-11-27,41.124081
2020-11-30,40.112011
2020-12-01,40.946964
2020-12-02,40.930096
2020-12-03,41.334934
2020-12-04,41.613255
2020-12-07,41.613255
2020-12-08,41.731327
2020-12-09,41.242161
2020-12-10,41.798801
2020-12-11,41.520481
2020-12-14,41.368664
2020-12-15,41.756638
2020-12-16,41.984352
2020-12-17,42.321712
2020-12-18,42.195206
2020-12-21,41.627541
2020-12-22,41.322102
2020-12-23,41.746334
2020-12-24,41.508755
2020-12-28,41.593605
2020-12-29,42.043316
2020-12-30,42.628780
2020-12-31,42.518475
2021-01-04,42.713631
2021-01-05,43.706390
2021-01-06,43.290615
2021-01-07,43.630009
2021-01-08,44.512463
2021-01-11,43.994873
2021-01-12,44.478523
2021-01-13,44.622768
2021-01-14,45.063980
2021-01-15,44.546394
2021-01-19,45.352478
2021-01-20,46.141594
2021-01-21,46.150066
2021-01-22,45.819164
2021-01-25,46.048252
2021-01-26,45.759758
2021-01-27,44.597321
2021-01-28,44.809437
2021-01-29,43.850636
2021-02-01,44.962170
2021-02-02,45.666420
2021-02-03,45.836124
2021-02-04,45.904007
2021-02-05,46.243408
2021-02-08,46.480980
2021-02-09,46.998577
2021-02-10,47.100395
2021-02-11,47.592518
2021-02-12,47.677372
2021-02-16,47.813141
2021-02-17,47.931919
2021-02-18,47.312519
2021-02-19,47.567070
2021-02-22,46.217953
2021-02-23,46.480980
2021-02-24,46.184006
2021-02-25,45.182781
2021-02-26,44.537926
2021-03-01,45.759758
2021-03-02,45.327026
2021-03-03,45.293087
2021-03-04,44.317295
2021-03-05,44.631252
2021-03-08,43.468803
2021-03-09,44.410637
2021-03-10,44.334270
2021-03-11,45.666420
2021-03-12,44.860348
2021-03-15,44.834888
2021-03-16,45.030041
2021-03-17,45.063980
2021-03-18,44.368225
2021-03-19,44.809437
2021-03-22,44.714272
2021-03-23,43.983627
2021-03-24,42.955620
2021-03-25,43.023579
2021-03-26,44.094082
2021-03-29,43.847694
2021-03-30,44.026108
2021-03-31,44.221508
2021-04-01,44.620827
2021-04-05,44.714272
2021-04-06,44.926685
2021-04-07,44.272491
2021-04-08,44.731274
2021-04-09,44.348953
2021-04-12,44.060093
2021-04-13,44.068584
2021-04-14,44.306477
2021-04-15,44.697296
2021-04-16,44.841717
2021-04-19,44.748257
2021-04-20,44.408424
2021-04-21,44.756763
2021-04-22,44.680305
2021-04-23,45.292004
2021-04-26,45.351482
2021-04-27,45.419445
2021-04-28,45.784771
2021-04-29,45.682823
2021-04-30,45.011642
2021-05-03,44.994652
2021-05-04,44.442421
2021-05-05,44.612331
2021-05-06,45.054123
2021-05-07,45.453419
2021-05-10,44.603832
2021-05-11,44.484886
2021-05-12,43.346428
2021-05-13,43.295448
2021-05-14,44.009109
2021-05-17,44.034607
2021-05-18,44.671806
2021-05-19,44.552856
2021-05-20,44.714272
2021-05-21,44.238506
2021-05-24,44.654816
2021-05-25,45.122086
2021-05-26,45.453419
2021-05-27,45.538387
2021-05-28,45.776272
2021-06-01,46.736313
2021-06-02,46.846764
2021-06-03,46.320011
2021-06-04,46.736313
2021-06-07,46.549412
2021-06-08,46.354000
2021-06-09,46.320011
2021-06-10,46.642868
2021-06-11,46.438965
2021-06-14,46.625874
2021-06-15,46.311523
2021-06-16,45.682823
2021-06-17,45.946201
2021-06-18,45.589367
2021-06-21,45.811424
2021-06-22,45.614990
2021-06-23,45.879745
2021-06-24,46.221355
2021-06-25,46.597149
2021-06-28,46.708179
2021-06-29,46.674015
2021-06-30,46.383633
2021-07-01,46.135960
2021-07-02,46.084721
2021-07-06,45.256294
2021-07-07,45.298977
2021-07-08,44.436394
2021-07-09,45.247746
2021-07-12,45.273365
2021-07-13,45.298977
2021-07-14,45.521038
2021-07-15,45.563744
2021-07-16,45.256294
2021-07-19,44.590122
2021-07-20,44.624279
2021-07-21,45.008602
2021-07-22,45.076931
2021-07-23,44.376606
2021-07-26,43.531094
2021-07-27,42.591637
2021-07-28,43.795856
2021-07-29,43.949577
2021-07-30,43.650665
2021-08-02,44.000824
2021-08-03,44.111855
2021-08-04,44.222874
2021-08-05,44.086231
2021-08-06,43.787319
2021-08-09,43.941044
2021-08-10,44.103313
2021-08-11,44.265587
2021-08-12,43.975197
2021-08-13,43.889793
2021-08-16,43.539623
2021-08-17,42.753914
2021-08-18,42.805145
2021-08-19,42.147530
2021-08-20,42.147530
2021-08-23,42.753914
2021-08-24,43.710449
2021-08-25,43.753155
2021-08-26,43.394447
2021-08-27,43.941044
2021-08-30,44.069141
2021-08-31,44.607197
2021-09-01,45.145256
2021-09-02,44.965908
2021-09-03,45.170879
2021-09-07,45.546669
2021-09-08,44.871960
2021-09-09,44.931747
2021-09-10,44.863415
2021-09-13,45.008602
2021-09-14,44.590122
2021-09-15,44.573036
2021-09-16,44.111855
2021-09-17,43.941044
2021-09-20,42.745476
2021-09-21,43.090275
2021-09-22,43.710903
2021-09-23,43.917770
2021-09-24,43.435059
2021-09-27,43.667797
2021-09-28,43.159233
2021-09-29,42.814430
2021-09-30,43.107510
2021-10-01,43.133369
2021-10-04,42.538609
2021-10-05,42.943737
2021-10-06,42.779964
2021-10-07,43.616081
2021-10-08,43.779861
2021-10-11,43.659172
2021-10-12,43.538498
2021-10-13,44.107407
2021-10-14,44.176365
2021-10-15,44.650455
2021-10-18,44.590118
2021-10-19,45.098679
2021-10-20,45.107296
2021-10-21,44.745262
2021-10-22,44.633202
2021-10-25,44.796989
2021-10-26,44.495289
2021-10-27,44.262562
2021-10-28,44.219463
2021-10-29,43.667797
2021-11-01,44.090160
2021-11-02,43.624702
2021-11-03,43.943630
2021-11-04,43.848812
2021-11-05,43.866055
2021-11-08,44.322899
2021-11-09,44.219463
2021-11-10,44.098785
2021-11-11,44.857334
2021-11-12,44.891811
2021-11-15,44.805595
2021-11-16,44.788364
2021-11-17,44.624592
2021-11-18,44.090160
2021-11-19,44.012589
2021-11-22,43.555737
2021-11-23,43.598846
2021-11-24,43.547115
2021-11-26,42.271393
2021-11-29,42.331730
2021-11-30,42.400696
2021-12-01,42.374832
2021-12-02,42.874775
2021-12-03,42.280018
2021-12-06,42.555843
2021-12-07,43.176468
2021-12-08,43.435059
2021-12-09,43.219570
2021-12-10,43.297150
2021-12-13,42.633423
2021-12-14,42.538609
2021-12-15,42.383450
2021-12-16,42.495502
2021-12-17,42.202435
2021-12-20,41.617474
2021-12-21,42.322552
2021-12-22,42.557587
2021-12-23,42.810024
2021-12-27,42.949295
2021-12-28,42.801319
2021-12-29,42.618523
2021-12-30,43.166927
2021-12-31,43.053761
2022-01-03,43.358429
2022-01-04,43.184334
2022-01-05,42.540173
2022-01-06,42.783920
2022-01-07,43.001537
2022-01-10,43.088577
2022-01-11,43.924240
2022-01-12,44.594505
2022-01-13,44.037403
2022-01-14,44.124435
2022-01-18,43.471588
2022-01-19,43.645687
2022-01-20,43.915539
2022-01-21,43.227863
2022-01-24,42.653339
2022-01-25,42.644638
2022-01-26,42.200703
2022-01-27,41.826385
2022-01-28,41.896030
2022-01-31,43.236549
2022-02-01,43.488998
2022-02-02,43.410652
2022-02-03,43.045063
2022-02-04,43.071167
2022-02-07,43.071167
2022-02-08,43.462887
2022-02-09,44.107033
2022-02-10,43.863304
2022-02-11,43.184334
2022-02-14,42.862255
2022-02-15,43.837185
2022-02-16,44.167969
2022-02-17,43.593449
2022-02-18,43.253967
2022-02-22,42.583710
2022-02-23,42.191982
2022-02-24,41.338928
2022-02-25,42.104939
2022-02-28,41.626175
2022-03-01,41.060371
2022-03-02,41.190929
2022-03-03,40.616425
2022-03-04,39.850407
2022-03-07,38.440243
2022-03-08,38.605621
2022-03-09,39.580563
2022-03-10,38.971233
2022-03-11,38.179096
2022-03-14,37.265095
2022-03-15,37.247684
2022-03-16,40.146374
2022-03-17,39.850407
2022-03-18,40.477146
2022-03-21,39.965576
2022-03-22,40.585403
2022-03-23,40.306034
2022-03-24,40.550480
2022-03-25,40.236202
2022-03-28,40.367149
2022-03-29,40.986984
2022-03-30,40.934589
2022-03-31,40.271118
2022-04-01,41.039349
2022-04-04,41.755215
2022-04-05,41.021896
2022-04-06,40.567940
2022-04-07,40.271118
2022-04-08,40.349689
2022-04-11,39.843357
2022-04-12,39.686222
2022-04-13,40.113991
2022-04-14,39.677494
2022-04-18,39.511627
2022-04-19,39.310829
2022-04-20,39.057663
2022-04-21,38.350533
2022-04-22,38.044994
2022-04-25,37.652149
2022-04-26,36.892643
2022-04-27,37.407711
2022-04-28,37.896584
2022-04-29,37.922768
2022-05-02,37.844204
2022-05-03,38.132294
2022-05-04,38.507679
2022-05-05,37.110889
2022-05-06,36.604549
2022-05-09,35.618076
2022-05-10,35.766483
2022-05-11,35.513325
2022-05-12,35.338726
2022-05-13,36.211708
2022-05-16,36.133137
2022-05-17,36.962482
2022-05-18,36.159336
2022-05-19,36.683128
2022-05-20,36.822803
2022-05-23,37.084702
2022-05-24,36.421227
2022-05-25,36.622025
2022-05-26,37.172005
2022-05-27,37.573578
2022-05-31,38.097374
2022-06-01,37.844204
2022-06-02,38.525143
2022-06-03,37.922768
2022-06-06,38.132294
2022-06-07,38.324348
2022-06-08,38.464035
2022-06-09,37.634686
2022-06-10,37.337872
2022-06-13,36.124405
2022-06-14,36.648209
2022-06-15,37.189457
2022-06-16,36.028385
2022-06-17,36.185524
2022-06-21,36.762459
2022-06-22,36.155617
2022-06-23,36.331512
2022-06-24,37.105465
2022-06-27,37.131844
2022-06-28,36.885593
2022-06-29,36.788853
2022-06-30,36.630535
2022-07-01,36.410675
2022-07-05,36.120438
2022-07-06,35.874191
2022-07-07,36.621746
2022-07-08,36.533798
2022-07-11,35.627926
2022-07-12,35.496014
2022-07-13,35.390469
2022-07-14,35.153004
2022-07-15,35.276134
2022-07-18,35.443237
2022-07-19,35.944542
2022-07-20,35.795025
2022-07-21,36.234768
2022-07-22,35.865391
2022-07-25,36.032494
2022-07-26,35.689491
2022-07-27,36.393074
2022-07-28,36.507416
2022-07-29,36.340305
2022-08-01,36.120438
2022-08-02,35.909359
2022-08-03,36.102848
2022-08-04,36.401871
2022-08-05,36.393074
2022-08-08,36.472229
2022-08-09,36.393074
2022-08-10,36.850418
2022-08-11,37.026306
2022-08-12,37.413280
2022-08-15,37.272560
2022-08-16,37.290154
2022-08-17,37.202209
2022-08-18,36.964741
2022-08-19,36.551388
2022-08-22,36.296341
2022-08-23,36.524998
2022-08-24,36.551388
2022-08-25,37.228588
2022-08-26,36.736084
2022-08-29,36.560181
2022-08-30,36.120438
2022-08-31,36.173206
2022-09-01,36.006107
2022-09-02,35.715878
2022-09-06,35.408058
2022-09-07,35.707081
2022-09-08,35.601543
2022-09-09,36.076462
2022-09-12,36.630535
2022-09-13,35.469624
2022-09-14,35.645515
2022-09-15,35.337692
2022-09-16,34.889164
2022-09-19,35.030884
2022-09-20,34.906090
2022-09-21,34.326698
2022-09-22,34.228649
2022-09-23,33.444241
2022-09-26,32.980732
2022-09-27,32.962910
2022-09-28,33.221401
2022-09-29,32.570702
2022-09-30,32.526146
2022-10-03,33.025307
2022-10-04,33.952332
2022-10-05,34.014732
2022-10-06,33.774048
2022-10-07,33.105522
2022-10-10,32.650928
2022-10-11,32.142845
2022-10-12,32.133934
2022-10-13,32.258717
2022-10-14,31.786299
2022-10-17,32.597439
2022-10-18,32.606365
2022-10-19,32.035889
2022-10-20,32.285473
2022-10-21,32.757885
2022-10-24,31.483231
2022-10-25,31.741734
2022-10-26,32.169582
2022-10-27,31.937832
2022-10-28,31.714987
2022-10-31,31.599113
2022-11-01,32.125015
2022-11-02,31.884346
2022-11-03,32.142845
2022-11-04,33.453156
2022-11-07,33.390759
2022-11-08,33.533379
2022-11-09,32.918339
2022-11-10,34.023632
2022-11-11,34.709995
2022-11-14,34.594120
2022-11-15,35.360699
2022-11-16,34.799126
2022-11-17,34.986324
2022-11-18,34.736732
2022-11-21,34.415836
2022-11-22,34.504978
2022-11-23,34.692177
2022-11-25,34.567375
2022-11-28,34.487148
2022-11-29,35.164597
2022-11-30,36.118359
2022-12-01,36.029224
2022-12-02,36.252064
2022-12-05,35.886604
2022-12-06,35.913342
2022-12-07,35.699417
2022-12-08,36.109436
2022-12-09,35.806377
2022-12-12,35.708321
2022-12-13,35.895519
2022-12-14,35.957912
2022-12-15,35.262646
2022-12-16,35.218067
2022-12-19,35.286018
2022-12-20,35.168243
2022-12-21,35.494381
2022-12-22,35.177307
2022-12-23,35.104832
2022-12-27,35.657452
2022-12-28,35.141075
2022-12-29,35.748051
2022-12-30,35.313198
2023-01-03,35.693691
2023-01-04,36.617741
2023-01-05,36.509026
2023-01-06,37.134117
2023-01-09,37.333424
2023-01-10,37.596142
2023-01-11,37.750149
2023-01-12,37.922276
2023-01-13,38.175945
2023-01-17,37.976635
2023-01-18,37.750149
2023-01-19,38.049107
2023-01-20,38.493019
2023-01-23,38.773853
2023-01-24,38.810085
2023-01-25,38.819157
2023-01-26,39.118107
2023-01-27,38.855385
2023-01-30,38.157822
2023-01-31,38.257473
2023-02-01,38.647026
2023-02-02,38.375244
2023-02-03,37.768269
2023-02-06,37.378719
2023-02-07,37.451195
2023-02-08,37.378719
2023-02-09,37.523663
2023-02-10,37.206600
2023-02-13,37.541790
2023-02-14,37.433075
2023-02-15,37.251888
2023-02-16,37.179409
2023-02-17,36.880459
2023-02-21,36.472790
2023-02-22,36.318775
2023-02-23,36.445610
2023-02-24,35.748051
2023-02-27,35.929222
2023-02-28,35.711803
2023-03-01,36.427490
2023-03-02,36.590557
2023-03-03,36.862339
2023-03-06,36.735504
2023-03-07,36.191948
2023-03-08,36.382195
2023-03-09,35.639339
2023-03-10,35.440029
2023-03-13,35.403790
2023-03-14,35.421909
2023-03-15,34.833054
2023-03-16,35.276966
2023-03-17,35.095776
2023-03-20,35.157425
2023-03-21,35.529121
2023-03-22,35.637920
2023-03-23,36.073082
2023-03-24,36.000538
2023-03-27,35.828297
2023-03-28,36.254391
2023-03-29,36.381317
2023-03-30,36.734886
2023-03-31,36.626091
2023-04-03,36.780209
2023-04-04,36.816483
2023-04-05,36.490101
2023-04-06,36.707695
2023-04-10,36.626091
2023-04-11,36.898064
2023-04-12,36.617023
2023-04-13,37.061260
2023-04-14,36.861801
2023-04-17,37.061260
2023-04-18,36.988728
2023-04-19,36.607960
2023-04-20,36.562634
2023-04-21,36.218124
2023-04-24,36.172794
2023-04-25,35.556320
2023-04-26,35.801090
2023-04-27,36.263458
2023-04-28,36.481033
2023-05-01,36.363186
2023-05-02,35.982414
2023-05-03,35.973354
2023-05-04,36.281582
2023-05-05,36.671425
2023-05-08,36.680485
2023-05-09,36.453835
2023-05-10,36.462910
2023-05-11,36.317852
2023-05-12,35.909889
2023-05-15,36.535431
2023-05-16,36.281582
2023-05-17,36.408512
2023-05-18,36.181862
2023-05-19,36.163734
2023-05-22,36.399448
2023-05-23,35.855492
2023-05-24,35.601650
2023-05-25,35.538185
2023-05-26,36.127468
2023-05-30,35.656044
2023-05-31,35.402203
2023-06-01,36.009613
2023-06-02,36.580765
2023-06-05,36.544498
2023-06-06,36.825535
2023-06-07,36.743942
2023-06-08,36.943390
2023-06-09,37.043125
2023-06-12,37.133781
2023-06-13,37.442024
2023-06-14,37.795582
2023-06-15,38.158226
2023-06-16,38.022240
2023-06-20,37.344975
2023-06-21,37.281170
2023-06-22,37.117100
2023-06-23,36.597530
2023-06-26,36.716026
2023-06-27,37.062405
2023-06-28,36.916565
2023-06-29,36.761608
2023-06-30,37.080639
2023-07-03,37.445244
2023-07-05,37.262943
2023-07-06,36.551952
2023-07-07,36.989479
2023-07-10,36.998600
2023-07-11,37.326748
2023-07-12,38.037727
2023-07-13,38.457035
2023-07-14,38.220032
2023-07-17,38.265610
2023-07-18,37.992161
2023-07-19,37.937458
2023-07-20,37.700466
2023-07-21,37.682240
2023-07-24,38.183571
2023-07-25,38.475262
2023-07-26,38.712257
2023-07-27,38.283840
2023-07-28,39.213593
2023-07-31,39.259167
2023-08-01,38.712257
2023-08-02,37.873650
2023-08-03,38.037727
2023-08-04,38.083305
2023-08-07,38.019497
2023-08-08,37.627552
2023-08-09,37.691349
2023-08-10,37.764278
2023-08-11,37.217365
2023-08-14,37.044174
2023-08-15,36.652218
2023-08-16,36.406109
2023-08-17,36.524605
2023-08-18,36.296726
2023-08-21,36.378765
2023-08-22,36.314960
2023-08-23,36.852753
2023-08-24,36.697796
2023-08-25,36.670452
2023-08-28,37.035061
2023-08-29,37.527275
2023-08-30,37.390549
2023-08-31,36.943901
2023-09-01,37.344975
2023-09-05,37.126209
2023-09-06,36.953022
2023-09-07,36.570190
2023-09-08,36.643108
2023-09-11,37.062405
2023-09-12,36.962132
2023-09-13,36.925671
2023-09-14,37.144436
2023-09-15,36.953022
2023-09-18,36.896049
2023-09-19,36.712257
2023-09-20,36.601986
2023-09-21,36.013847
2023-09-22,36.436577
2023-09-25,36.298725
2023-09-26,35.876011
2023-09-27,35.921951
2023-09-28,35.995464
2023-09-29,36.032227
2023-10-02,35.903576
2023-10-03,35.444103
2023-10-04,35.297070
2023-10-05,35.444103
2023-10-06,35.931145
2023-10-09,35.710598
2023-10-10,36.280350
2023-10-11,36.390617
2023-10-12,36.004662
2023-10-13,35.866814
2023-10-16,36.124130
2023-10-17,35.967899
2023-10-18,35.379776
2023-10-19,35.251118
2023-10-20,34.828403
2023-10-23,34.754879
2023-10-24,35.186787
2023-10-25,34.810020
2023-10-26,34.681370
2023-10-27,34.718124
2023-10-30,35.030579
2023-10-31,34.865158
2023-11-01,35.113277
2023-11-02,35.655457
2023-11-03,36.307919
2023-11-06,36.418190
2023-11-07,36.427383
2023-11-08,36.261971
2023-11-09,35.940334
2023-11-10,36.188457
2023-11-13,36.252777
2023-11-14,37.098217
2023-11-15,37.355522
2023-11-16,36.969563
2023-11-17,37.116596
2023-11-20,37.511749
2023-11-21,37.291191
2023-11-22,37.190117
2023-11-24,37.309574
2023-11-27,37.134979
2023-11-28,37.438229
2023-11-29,37.226868
2023-11-30,37.337147
2023-12-01,37.493374
2023-12-04,37.162540
2023-12-05,37.033894
2023-12-06,36.987938
2023-12-07,37.134979
2023-12-08,36.951187
2023-12-11,37.116596
2023-12-12,37.116596
2023-12-13,37.465801
2023-12-14,37.962036
2023-12-15,37.741489
2023-12-18,37.736794
2023-12-19,37.999634
2023-12-20,37.201717
2023-12-21,37.924541
2023-12-22,37.793118
2023-12-26,38.037189
2023-12-27,38.243710
2023-12-28,38.478390
2023-12-29,38.581646
2024-01-02,38.131054
2024-01-03,38.018414
2024-01-04,37.952705
2024-01-05,38.009029
2024-01-08,38.074734
2024-01-09,37.633530
2024-01-10,37.595985
2024-01-11,37.755569
2024-01-12,37.933926
2024-01-16,37.145397
2024-01-17,36.647869
2024-01-18,36.863781
2024-01-19,37.201717
2024-01-22,36.910713
2024-01-23,37.117237
2024-01-24,37.595985
2024-01-25,37.689854
2024-01-26,37.699245
2024-01-29,37.708630
2024-01-30,37.351917
2024-01-31,37.211109
2024-02-01,37.464565
2024-02-02,37.201717
2024-02-05,37.295597
2024-02-06,38.215542
2024-02-07,38.187386
2024-02-08,37.990250
2024-02-09,38.140450
2024-02-12,38.309410
2024-02-13,37.605373
2024-02-14,38.149834
2024-02-15,38.384518
2024-02-16,38.572262
2024-02-20,38.647358
2024-02-21,38.684906
2024-02-22,39.022850
2024-02-23,39.032242
2024-02-26,38.900814
2024-02-27,39.022850
2024-02-28,38.422066
2024-02-29,38.506550
2024-03-01,39.022850
2024-03-04,38.863266
2024-03-05,38.600426
2024-03-06,39.079174
2024-03-07,39.266918
2024-03-08,39.201202
2024-03-11,39.304462
2024-03-12,39.642406
2024-03-13,39.417110
2024-03-14,39.201202
2024-03-15,39.087517
2024-03-18,39.172073
2024-03-19,39.012341
2024-03-20,39.322411
2024-03-21,39.350605
2024-03-22,39.096912
2024-03-25,39.096912
2024-03-26,39.012341
2024-03-27,39.115700
2024-03-28,39.247242
2024-04-01,39.406975
2024-04-02,39.538528
2024-04-03,39.594898
2024-04-04,39.453957
2024-04-05,39.576107
2024-04-08,39.820400
2024-04-09,40.168060
2024-04-10,39.726440
2024-04-11,39.857990
2024-04-12,39.087517
2024-04-15,38.843212
2024-04-16,38.364021
2024-04-17,38.429790
2024-04-18,38.533154
2024-04-19,38.420391
2024-04-22,38.749256
2024-04-23,39.068718
2024-04-24,39.190872
2024-04-25,39.313019
2024-04-26,39.764027
2024-04-29,40.158669
2024-04-30,39.623085
2024-05-01,39.670063
2024-05-02,40.637859
2024-05-03,40.994911
2024-05-06,40.919746
2024-05-07,40.628460
2024-05-08,40.590881
2024-05-09,40.750607
2024-05-10,40.835175
2024-05-13,41.154640
2024-05-14,41.361351
2024-05-15,41.718407
2024-05-16,41.878132
2024-05-17,42.178806
2024-05-20,42.084843
2024-05-21,41.840549
2024-05-22,41.718407
2024-05-23,41.398937
2024-05-24,41.530483
2024-05-28,41.417728
2024-05-29,40.900948
2024-05-30,40.825783
2024-05-31,40.478130
2024-06-03,40.882156
2024-06-04,40.243225
2024-06-05,40.760010
2024-06-06,40.947929
2024-06-07,40.609676
2024-06-10,40.825783
2024-06-11,40.731815
2024-06-12,41.051285
2024-06-13,41.004307
2024-06-14,41.117058
2024-06-17,41.342564
2024-06-18,41.671421
2024-06-20,41.596252
2024-06-21,41.454777
2024-06-24,41.426476
2024-06-25,41.303856
2024-06-26,41.190666
2024-06-27,41.171799
2024-06-28,41.275558
2024-07-01,41.369881
2024-07-02,41.520798
2024-07-03,42.133892
2024-07-05,42.124466
2024-07-08,42.124466
2024-07-09,42.303677
2024-07-10,42.473457
2024-07-11,42.803585
2024-07-12,43.001659
2024-07-15,42.558338
2024-07-16,42.831875
2024-07-17,42.209351
2024-07-18,41.841492
2024-07-19,41.435905
2024-07-22,41.756603
2024-07-23,41.322723
2024-07-24,40.888836
2024-07-25,40.785080
2024-07-26,41.237827
2024-07-29,41.096348
2024-07-30,40.983162
2024-07-31,41.775471
2024-08-01,41.086914
2024-08-02,40.643597
2024-08-05,39.521164
2024-08-06,39.794693
2024-08-07,40.105957
2024-08-08,40.973728
2024-08-09,41.077484
2024-08-12,41.256695
2024-08-13,41.567955
2024-08-14,41.303856
2024-08-15,41.756603
2024-08-16,42.190487
2024-08-19,42.624371
2024-08-20,42.209351
2024-08-21,42.407429
2024-08-22,41.907524
2024-08-23,42.511181
2024-08-26,42.237644
2024-08-27,42.284809
2024-08-28,42.011276
2024-08-29,42.067867
2024-08-30,42.181053
2024-09-03,41.539661
2024-09-04,41.520798
2024-09-05,41.633984
2024-09-06,41.030319
2024-09-09,41.313286
2024-09-10,41.218960
2024-09-11,41.473640
2024-09-12,41.747169
2024-09-13,41.935810
2024-09-16,42.096172
2024-09-17,42.143330
2024-09-18,41.992413
2024-09-19,42.869606
2024-09-20,42.845016
2024-09-23,43.195042
2024-09-24,44.699200
2024-09-25,44.245117
2024-09-26,45.654675
2024-09-27,45.645218
2024-09-30,45.266811
2024-10-01,45.607372
2024-10-02,46.553394
2024-10-03,45.853344
2024-10-04,46.411491
2024-10-07,46.818279
2024-10-08,45.446556
2024-10-09,45.134369
2024-10-10,45.228977
2024-10-11,45.550621
2024-10-14,45.333031
2024-10-15,44.424854
2024-10-16,44.841103
2024-10-17,44.699200
2024-10-18,45.247894
2024-10-21,44.926247
2024-10-22,44.869488
2024-10-23,44.585682
2024-10-24,44.538383
2024-10-25,44.500542
2024-10-28,44.642441
2024-10-29,44.472157
2024-10-30,44.150509
2024-10-31,44.055912
2024-11-01,44.065376
2024-11-04,44.207275
2024-11-05,44.850567
2024-11-06,44.424854
2024-11-07,45.389793
2024-11-08,44.264038
2024-11-11,44.008610
2024-11-12,43.261261
2024-11-13,43.034218
2024-11-14,42.769333
2024-11-15,42.684185
2024-11-18,43.043674
2024-11-19,43.109898
2024-11-20,43.100441
2024-11-21,42.949074
2024-11-22,42.958530
2024-11-25,42.977459
2024-11-26,42.750412
2024-11-27,42.911236
2024-11-29,43.109898
2024-12-02,43.327480
2024-12-03,43.507225
2024-12-04,43.573444
2024-12-05,43.857250
2024-12-06,43.876171
2024-12-09,44.945160
2024-12-10,44.112671
2024-12-11,44.188354
2024-12-12,43.923470
2024-12-13,43.942390
2024-12-16,43.715343
2024-12-17,43.611282
2024-12-18,42.599052
2024-12-19,42.778793
2024-12-20,43.017132
2024-12-23,43.201214
2024-12-24,43.375610
2024-12-26,43.269035
2024-12-27,43.114017
2024-12-30,42.736164
2024-12-31,42.668343
2025-01-02,42.552078
2025-01-03,42.765228
2025-01-06,42.755539
2025-01-07,42.484257
2025-01-08,42.212982
2025-01-10,41.476654
2025-01-13,41.176308
2025-01-14,41.670425
2025-01-15,42.106403
2025-01-16,42.087029
2025-01-17,42.435814
2025-01-21,42.833050
2025-01-22,42.794292
2025-01-23,42.959000
2025-01-24,43.191528
2025-01-27,42.493946
2025-01-28,42.736164
2025-01-29,42.765228
2025-01-30,43.424053
2025-01-31,43.017132
2025-02-03,42.765228
2025-02-04,43.453114
2025-02-05,43.259346
2025-02-06,43.462803
2025-02-07,43.482182
2025-02-10,43.918171
2025-02-11,43.734085
2025-02-12,43.947231
2025-02-13,44.179752
2025-02-14,44.451035
2025-02-18,44.664181
2025-02-19,44.538231
2025-02-20,45.012970
2025-02-21,44.954842
2025-02-24,44.266949
2025-02-25,44.247574
2025-02-26,44.673874
2025-02-27,43.889099
2025-02-28,43.336849
2025-03-03,42.920242
2025-03-04,43.288410
2025-03-05,44.576981
2025-03-06,44.344463
2025-03-07,44.528542
2025-03-10,43.530624
2025-03-11,43.840652
2025-03-12,43.995674
2025-03-13,43.860035
2025-03-14,44.644806
2025-03-17,45.255180
2025-03-18,45.138920
2025-03-19,45.206741
2025-03-20,44.799824
2025-03-21,44.593243
2025-03-24,44.729023
2025-03-25,44.680534
2025-03-26,44.408978
2025-03-27,44.699932
2025-03-28,43.943455
2025-03-31,43.894958
2025-04-01,44.040440
2025-04-02,44.079231
2025-04-03,43.283970
2025-04-04,40.859360
2025-04-07,39.210629
2025-04-08,38.686924
2025-04-09,41.208508
2025-04-10,40.675087
2025-04-11,41.800102
2025-04-14,42.188042
2025-04-15,42.197739
2025-04-16,41.664326
2025-04-17,41.994072
2025-04-21,42.042564
2025-04-22,42.702053
2025-04-23,43.119083
2025-04-24,43.662201
2025-04-25,43.516720
2025-04-28,43.633106
2025-04-29,43.788280
2025-04-30,43.885262
2025-05-01,43.865864
2025-05-02,45.039371
2025-05-05,45.398216
2025-05-06,45.175156
2025-05-07,44.612648
2025-05-08,44.535049
2025-05-09,44.855103
2025-05-12,45.863739
2025-05-13,45.941322
2025-05-14,46.319557
2025-05-15,46.241974
2025-05-16,46.290466
2025-05-19,46.484436
2025-05-20,46.387455
2025-05-21,46.271069
2025-05-22,46.164387
2025-05-23,46.358356
2025-05-27,46.193481
2025-05-28,45.912228
2025-05-29,46.115898
2025-05-30,45.582481
2025-06-02,45.902531
2025-06-03,46.009212
2025-06-04,46.465034
2025-06-05,46.581425
2025-06-06,46.785088
2025-06-09,47.124531
2025-06-10,47.473671
2025-06-11,47.628845
2025-06-12,47.638546
2025-06-13,46.920868
2025-06-16,47.357292
2025-06-17,46.823875
2025-06-18,46.697800
2025-06-20,46.259136
2025-06-23,46.638470
2025-06-24,47.650024
2025-06-25,47.766743
2025-06-26,48.087715
2025-06-27,48.039082
2025-06-30,48.107166
2025-07-01,48.301701
2025-07-02,48.437866
2025-07-03,48.651848
2025-07-07,48.077988
2025-07-08,48.262791
2025-07-09,48.253067
2025-07-10,48.301701
2025-07-11,48.233616
2025-07-14,48.291973
2025-07-15,48.642124
2025-07-16,48.865829
2025-07-17,49.167351
2025-07-18,49.108997
2025-07-21,49.361885
2025-07-22,49.371609
2025-07-23,49.828754
2025-07-24,49.585590
2025-07-25,49.449421
2025-07-28,49.060364
2025-07-29,49.089542
2025-07-30,48.690754
2025-07-31,48.437866
2025-08-01,48.184978
2025-08-04,48.632397
2025-08-05,48.788025
2025-08-06,49.002007
2025-08-07,49.361885
2025-08-08,49.303524
2025-08-11,49.245163
2025-08-12,49.809299
2025-08-13,50.373436
2025-08-14,49.809299
2025-08-15,49.955196
2025-08-18,50.334534
2025-08-19,49.974651
2025-08-20,49.955196
2025-08-21,49.867661
2025-08-22,50.743038
2025-08-25,50.529060
2025-08-26,50.422070
2025-08-27,50.081642
2025-08-28,50.266445
2025-08-29,50.120548
2025-09-02,50.052464
2025-09-03,50.188637
2025-09-04,49.974651
2025-09-05,50.548515
2025-09-08,51.044559
2025-09-09,51.239098
2025-09-10,51.472530
2025-09-11,52.114475
2025-09-12,52.017212
2025-09-15,52.367363
2025-09-16,52.698067
2025-09-17,53.028763
2025-09-18,52.785606
2025-09-19,52.717163
2025-09-22,52.863819
2025-09-23,52.854046
2025-09-24,52.756271
2025-09-25,52.453190
2025-09-26,52.355419
2025-09-29,52.736717
2025-09-30,52.971367
2025-10-01,53.303780
2025-10-02,53.450432
2025-10-03,53.567760
2025-10-06,53.753517
2025-10-07,53.460213
2025-10-08,53.763298
2025-10-09,53.294003
2025-10-10,51.367947
2025-10-13,52.795380
2025-10-14,52.326088
2025-10-15,53.118019
2025-10-16,53.294003
2025-10-17,53.166904
2025-10-20,53.802406
2025-10-21,53.323334
2025-10-22,53.294003
2025-10-23,53.694855
2025-10-24,53.949059
2025-10-27,54.398796
2025-10-28,54.369461
2025-10-29,54.525898
2025-10-30,53.958836
2025-10-31,53.743744
2025-11-03,53.861061
2025-11-04,53.108242
2025-11-05,53.577534
2025-11-06,53.372219
2025-11-07,53.323334
2025-11-10,54.037048
2025-11-11,54.095711
2025-11-12,54.085934
2025-11-13,53.606865
2025-11-14,53.626415
2025-11-17,53.010471
2025-11-18,52.834488
2025-11-19,52.717163
2025-11-20,52.091442
2025-11-21,51.886127
2025-11-24,52.414082
2025-11-25,52.648724
2025-11-26,52.902924
2025-11-28,53.088684
2025-12-01,53.039806
2025-12-02,52.922478
2025-12-03,52.854046
2025-12-04,52.971367
2025-12-05,53.186462
2025-12-08,52.990921
2025-12-09,52.902924
2025-12-10,53.342888
2025-12-11,53.225567
2025-12-12,52.736717
2025-12-15,52.580284
2025-12-16,52.286980
2025-12-17,51.944786
2025-12-18,52.384750
2025-12-19,52.946014
2025-12-22,53.284962
2025-12-23,53.534191
2025-12-24,53.514252
2025-12-26,53.853203
2025-12-29,53.444469
2025-12-30,53.643852
2025-12-31,53.594006
2026-01-02,54.760391
2026-01-05,55.119282
2026-01-06,55.418354
2026-01-07,55.079403
2026-01-08,55.139221
2026-01-09,55.258850
2026-01-12,56.116192
2026-01-13,55.787212
2026-01-14,55.906845
2026-01-15,56.166039
2026-01-16,55.827091
2026-01-20,55.368511
2026-01-21,55.936749
2026-01-22,56.375389
2026-01-23,56.594711
2026-01-26,56.754215
2026-01-27,57.462025
2026-01-28,57.681347
2026-01-29,57.462025
2026-01-30,56.295639
2026-02-02,56.604679
2026-02-03,56.574772
2026-02-04,56.235825
2026-02-05,55.866966
2026-02-06,57.083195
2026-02-09,57.571686
2026-02-10,57.830879
2026-02-11,58.329334
2026-02-12,57.581654
2026-02-13,57.571686
2026-02-17,57.611561
2026-02-18,57.771069
2026-02-19,57.412182
2026-02-20,58.349274
2026-02-23,57.880726
2026-02-24,58.498817
2026-02-25,58.827793
2026-02-26,58.090080
2026-02-27,57.920601
2026-03-02,57.063263
2026-03-03,55.059464
2026-03-04,55.408386
2026-03-05,54.680637
2026-03-06,54.301815
2026-03-09,54.959774
2026-03-10,55.338600
2026-03-11,55.388447
2026-03-12,54.142307
2026-03-13,53.853203
2026-03-16,54.850113
2026-03-17,55.089371
2026-03-18,54.042618
2026-03-19,53.843231
2026-03-20,52.397713
2026-03-23,53.633881
2026-03-24,53.145397
2026-03-25,54.172215
2026-03-26,52.686813
2026-03-27,52.327930
2026-03-30,52.258141
2026-03-31,53.883106
2026-04-01,54.042618
2026-04-02,53.653820
2026-04-06,53.843231
2026-04-07,53.922985
2026-04-08,56.325546
2026-04-09,56.265732
2026-04-10,56.574772
2026-04-13,57.003445
2026-04-14,57.800972
2026-04-15,57.910633
2026-04-16,58.030266
2026-04-17,58.997269
2026-04-20,58.728104
2026-04-21,58.020298
2026-04-22,58.578568
2026-04-23,57.741158
2026-04-24,58.837765
2026-04-27,58.548660
2026-04-28,58.139927
2026-04-29,57.900665
2026-04-30,58.748043
2026-05-01,58.807858
2026-05-04,58.548660
2026-05-05,59.176716
2026-05-06,60.562420
2026-05-07,60.024086
2026-05-08,60.353073
2026-05-11,60.203533
2026-05-12,59.206623
2026-05-13,59.754921
2026-05-14,59.774860
2026-05-15,58.259552
2026-05-18,58.299431
2026-05-19,57.691315
2026-05-20,58.488842
2026-05-21,58.518753
2026-05-22,58.797886
2026-05-26,60.044025
2026-05-27,60.103844
2026-05-28,59.715050
2026-05-29,59.695110
2026-06-01,60.233440
2026-06-02,61.001060
2026-06-03,60.143719
2026-06-04,60.123779
2026-06-05,57.850819
2026-06-08,58.149895
2026-06-09,58.269524
2026-06-10,57.541779
2026-06-11,58.917515
2026-06-12,59.366127
2026-06-15,60.652142
2026-06-16,59.974243
2026-06-17,59.625328
2026-06-18,60.654362
2026-06-22,61.123470
2026-06-23,59.247047
2026-06-24,58.857788
2026-06-25,58.688110
2026-06-26,58.468533
2026-06-29,59.067387
2026-06-30,59.576416
2026-07-01,59.107311
2026-07-02,58.927654
2026-07-06,59.955692
2026-07-07,58.767960
2026-07-08,59.057404
2026-07-09,59.376801
2026-07-10,59.776035
2026-07-13,58.678131
2026-07-14,58.967579
2026-07-15,59.366817
2026-07-16,58.728035
2026-07-17,57.729939
2026-07-20,57.819767
2026-07-21,58.747997
2026-07-22,58.698093
2026-07-23,57.989441
2026-07-24,57.690014
2026-07-27,58.119194
2026-07-28,57.630131
2026-07-29,56.811687
2026-07-30,58.079269
2026-07-31,58.638206
2026-08-03,58.947617
2026-08-04,59.935730
2026-08-05,59.895805
2026-08-06,59.845901
2026-08-07,60.354935
2026-08-10,60.215202
2026-08-11,60.005596
2026-08-12,60.295048
2026-08-13,60.225182
2026-08-14,59.995617
2026-08-17,60.275085
2026-08-18,59.526512
2026-08-19,59.925751
2026-08-20,59.905788
2026-08-21,60.334972
2026-08-24,59.855885
2026-08-25,60.524609
2026-08-26,60.544571
2026-08-27,60.893902
2026-08-28,60.674324
2026-08-31,60.404839
2026-09-01,60.564533
2026-09-02,60.654362
2026-09-03,60.873943
2026-09-04,61.323086
2026-09-08,61.113487
2026-09-09,60.754169
2026-09-10,59.825939
2026-09-11,60.235161
2026-09-14,59.496571
2026-09-15,59.107311
2026-09-16,59.067387
2026-09-17,59.795998
2026-09-18,60.009998
2026-09-21,61.139999
2026-09-22,61.099998
2026-09-23,60.119999
2026-09-24,59.869999
2026-09-25,60.160000
2026-09-28,59.689999
2026-09-29,59.619999
2026-09-30,59.310001
2026-10-01,59.029999
2026-10-02,59.560001
