date,adj_close
1998-12-22,5.670649
1998-12-23,5.730203
1998-12-24,5.862076
1998-12-28,5.811027
1998-12-29,5.917381
1998-12-30,5.900366
1998-12-31,5.968429
1999-01-04,5.896110
1999-01-05,6.040749
1999-01-06,6.147099
1999-01-07,6.100304
1999-01-08,6.308751
1999-01-11,6.321512
1999-01-12,6.159861
1999-01-13,6.023736
1999-01-14,5.921634
1999-01-15,6.010968
1999-01-19,5.900366
1999-01-20,5.879094
1999-01-21,5.853571
1999-01-22,5.738709
1999-01-25,5.853571
1999-01-26,5.836555
1999-01-27,5.789761
1999-01-28,5.717441
1999-01-29,5.747220
1999-02-01,5.794015
1999-02-02,5.798265
1999-02-03,5.802518
1999-02-04,5.972683
1999-02-05,6.053509
1999-02-08,6.023736
1999-02-09,5.908871
1999-02-10,5.921634
1999-02-11,5.862076
1999-02-12,5.832300
1999-02-16,5.776993
1999-02-17,5.717441
1999-02-18,5.759981
1999-02-19,5.806775
1999-02-22,5.904617
1999-02-23,5.853571
1999-02-24,5.836555
1999-02-25,5.836555
1999-02-26,5.836555
1999-03-01,5.768489
1999-03-02,5.717441
1999-03-03,5.679155
1999-03-04,5.696172
1999-03-05,5.887600
1999-03-08,5.925887
1999-03-09,5.874840
1999-03-10,5.955667
1999-03-11,6.019480
1999-03-12,5.993955
1999-03-15,6.006716
1999-03-16,5.981189
1999-03-17,5.964175
1999-03-18,6.091795
1999-03-19,6.099480
1999-03-22,6.116552
1999-03-23,5.962893
1999-03-24,5.967159
1999-03-25,5.988503
1999-03-26,5.941549
1999-03-29,6.039721
1999-03-30,6.026917
1999-03-31,5.941549
1999-04-01,6.009845
1999-04-05,6.082406
1999-04-06,5.975695
1999-04-07,6.039721
1999-04-08,6.125084
1999-04-09,6.095214
1999-04-12,6.274482
1999-04-13,6.351313
1999-04-14,6.658635
1999-04-15,6.914733
1999-04-16,6.991564
1999-04-19,7.064126
1999-04-20,6.978758
1999-04-21,7.008639
1999-04-22,6.897662
1999-04-23,7.000101
1999-04-26,6.931806
1999-04-27,7.068398
1999-04-28,7.444011
1999-04-29,7.499498
1999-04-30,7.409865
1999-05-03,7.580598
1999-05-04,7.533646
1999-05-05,7.623282
1999-05-06,7.687306
1999-05-07,7.704377
1999-05-10,7.661702
1999-05-11,7.648890
1999-05-12,7.456820
1999-05-13,7.426938
1999-05-14,7.405596
1999-05-17,7.397061
1999-05-18,7.217789
1999-05-19,7.290353
1999-05-20,7.204985
1999-05-21,7.200715
1999-05-24,7.170840
1999-05-25,7.102539
1999-05-26,7.034243
1999-05-27,6.872054
1999-05-28,6.735464
1999-06-01,7.025708
1999-06-02,7.017177
1999-06-03,7.038517
1999-06-04,7.170840
1999-06-07,7.192178
1999-06-08,7.102539
1999-06-09,7.034243
1999-06-10,7.153763
1999-06-11,7.089738
1999-06-14,7.260472
1999-06-15,7.324497
1999-06-16,7.354374
1999-06-17,7.379984
1999-06-18,7.398722
1999-06-21,7.218888
1999-06-22,7.124692
1999-06-23,7.158950
1999-06-24,6.996250
1999-06-25,7.039063
1999-06-28,7.171795
1999-06-29,7.128976
1999-06-30,7.124692
1999-07-01,7.193203
1999-07-02,7.338778
1999-07-06,7.304527
1999-07-07,7.261710
1999-07-08,7.210330
1999-07-09,7.325930
1999-07-12,7.278834
1999-07-13,7.274551
1999-07-14,7.236019
1999-07-15,7.124692
1999-07-16,7.188922
1999-07-19,7.120417
1999-07-20,7.107568
1999-07-21,7.090446
1999-07-22,7.124692
1999-07-23,7.124692
1999-07-26,7.034780
1999-07-27,7.133257
1999-07-28,7.171795
1999-07-29,7.039063
1999-07-30,7.043344
1999-08-02,7.064749
1999-08-03,7.060468
1999-08-04,7.231736
1999-08-05,7.283115
1999-08-06,7.176075
1999-08-09,7.107568
1999-08-10,7.081885
1999-08-11,7.261710
1999-08-12,7.325930
1999-08-13,7.321651
1999-08-16,7.214611
1999-08-17,7.304527
1999-08-18,7.180355
1999-08-19,7.240302
1999-08-20,7.304527
1999-08-23,7.313093
1999-08-24,7.283115
1999-08-25,7.107568
1999-08-26,7.026216
1999-08-27,7.030499
1999-08-30,6.893488
1999-08-31,6.726500
1999-09-01,6.816418
1999-09-02,6.747906
1999-09-03,6.902049
1999-09-07,6.799288
1999-09-08,6.799288
1999-09-09,6.803570
1999-09-10,6.944866
1999-09-13,6.996250
1999-09-14,6.884924
1999-09-15,6.820697
1999-09-16,6.610895
1999-09-17,6.747477
1999-09-20,6.652989
1999-09-21,6.571380
1999-09-22,6.524138
1999-09-23,6.416761
1999-09-24,6.283611
1999-09-27,6.442531
1999-09-28,6.352337
1999-09-29,6.421053
1999-09-30,6.515549
1999-10-01,6.545611
1999-10-04,6.554204
1999-10-05,6.511251
1999-10-06,6.592857
1999-10-07,6.635807
1999-10-08,6.678759
1999-10-11,6.691643
1999-10-12,6.597154
1999-10-13,6.515549
1999-10-14,6.614333
1999-10-15,6.442531
1999-10-18,6.476891
1999-10-19,6.489778
1999-10-20,6.433939
1999-10-21,6.528433
1999-10-22,6.614333
1999-10-25,6.614333
1999-10-26,6.515549
1999-10-27,6.502660
1999-10-28,6.485482
1999-10-29,6.670169
1999-11-01,6.605742
1999-11-02,6.665870
1999-11-03,6.657278
1999-11-04,6.743183
1999-11-05,6.730298
1999-11-08,6.665870
1999-11-09,6.691643
1999-11-10,6.708821
1999-11-11,6.670169
1999-11-12,6.691643
1999-11-15,6.863441
1999-11-16,6.889215
1999-11-17,6.863441
1999-11-18,6.820493
1999-11-19,6.790428
1999-11-22,6.713116
1999-11-23,6.652989
1999-11-24,6.661578
1999-11-26,6.644398
1999-11-29,6.494071
1999-11-30,6.575675
1999-12-01,6.592857
1999-12-02,6.730298
1999-12-03,6.773246
1999-12-06,6.777542
1999-12-07,6.700233
1999-12-08,6.756066
1999-12-09,6.730298
1999-12-10,6.811899
1999-12-13,6.820493
1999-12-14,6.889215
1999-12-15,7.082487
1999-12-16,6.957933
1999-12-17,7.233035
1999-12-20,6.905244
1999-12-21,6.900931
1999-12-22,6.909555
1999-12-23,7.008761
1999-12-27,7.038944
1999-12-28,7.181281
1999-12-29,7.323615
1999-12-30,7.198533
1999-12-31,7.336553
2000-01-03,7.168344
2000-01-04,7.099332
2000-01-05,7.392625
2000-01-06,7.582399
2000-01-07,7.578084
2000-01-10,7.552206
2000-01-11,7.461634
2000-01-12,7.353806
2000-01-13,7.383997
2000-01-14,7.332240
2000-01-18,7.155403
2000-01-19,7.017386
2000-01-20,6.831922
2000-01-21,6.862111
2000-01-24,6.680966
2000-01-25,6.555887
2000-01-26,6.555887
2000-01-27,6.590391
2000-01-28,6.478247
2000-01-31,6.439432
2000-02-01,6.555887
2000-02-02,6.586079
2000-02-03,6.473938
2000-02-04,6.465312
2000-02-07,6.340232
2000-02-08,6.322978
2000-02-09,6.197898
2000-02-10,6.146141
2000-02-11,5.995183
2000-02-14,6.094386
2000-02-15,6.357479
2000-02-16,6.210838
2000-02-17,6.197898
2000-02-18,6.008125
2000-02-22,6.197898
2000-02-23,6.128890
2000-02-24,5.908922
2000-02-25,5.814034
2000-02-28,5.831288
2000-02-29,5.792469
2000-03-01,5.732085
2000-03-02,5.607007
2000-03-03,5.788157
2000-03-06,5.650137
2000-03-07,5.468987
2000-03-08,5.585439
2000-03-09,5.576814
2000-03-10,5.624259
2000-03-13,5.710521
2000-03-14,5.611319
2000-03-15,5.947740
2000-03-16,6.297100
2000-03-17,6.087226
2000-03-20,6.160725
2000-03-21,6.234221
2000-03-22,6.074256
2000-03-23,6.260159
2000-03-24,6.229897
2000-03-27,6.203959
2000-03-28,6.087226
2000-03-29,6.212608
2000-03-30,6.381214
2000-03-31,6.376893
2000-04-03,6.584413
2000-04-04,6.523882
2000-04-05,6.472004
2000-04-06,6.433091
2000-04-07,6.329337
2000-04-10,6.484972
2000-04-11,6.640610
2000-04-12,6.813546
2000-04-13,6.623320
2000-04-14,6.260159
2000-04-17,6.268805
2000-04-18,6.152079
2000-04-19,6.074256
2000-04-20,6.225575
2000-04-24,6.238545
2000-04-25,6.247192
2000-04-26,6.139108
2000-04-27,6.117493
2000-04-28,6.165050
2000-05-01,6.156400
2000-05-02,6.346628
2000-05-03,6.242867
2000-05-04,6.307718
2000-05-05,6.303393
2000-05-08,6.268805
2000-05-09,6.381214
2000-05-10,6.303393
2000-05-11,6.385538
2000-05-12,6.407154
2000-05-15,6.519557
2000-05-16,6.450390
2000-05-17,6.467681
2000-05-18,6.415801
2000-05-19,6.433091
2000-05-22,6.398509
2000-05-23,6.307718
2000-05-24,6.281778
2000-05-25,6.052643
2000-05-26,5.957530
2000-05-30,6.022379
2000-05-31,5.970498
2000-06-01,5.987790
2000-06-02,6.087226
2000-06-05,6.035349
2000-06-06,6.043996
2000-06-07,5.914295
2000-06-08,5.905650
2000-06-09,5.897004
2000-06-12,5.931588
2000-06-13,5.762982
2000-06-14,5.914295
2000-06-15,5.914295
2000-06-16,5.942092
2000-06-19,5.750974
2000-06-20,5.646728
2000-06-21,5.620668
2000-06-22,5.620668
2000-06-23,5.625011
2000-06-26,5.494701
2000-06-27,5.716225
2000-06-28,5.703195
2000-06-29,5.598945
2000-06-30,5.459952
2000-07-03,5.611979
2000-07-05,5.638044
2000-07-06,5.490357
2000-07-07,5.464293
2000-07-10,5.542480
2000-07-11,5.837847
2000-07-12,5.807444
2000-07-13,5.872598
2000-07-14,5.755319
2000-07-17,5.664100
2000-07-18,5.577231
2000-07-19,5.577231
2000-07-20,5.533792
2000-07-21,5.559854
2000-07-24,5.568542
2000-07-25,5.499043
2000-07-26,5.464293
2000-07-27,5.525105
2000-07-28,5.481669
2000-07-31,5.507731
2000-08-01,5.512075
2000-08-02,5.546825
2000-08-03,5.607635
2000-08-04,5.555511
2000-08-07,5.664100
2000-08-08,5.803100
2000-08-09,5.807444
2000-08-10,5.720570
2000-08-11,5.837847
2000-08-14,5.837847
2000-08-15,5.872598
2000-08-16,5.872598
2000-08-17,5.885629
2000-08-18,5.781381
2000-08-21,5.750974
2000-08-22,5.694509
2000-08-23,5.668449
2000-08-24,5.677134
2000-08-25,5.646728
2000-08-28,5.638044
2000-08-29,5.559854
2000-08-30,5.572885
2000-08-31,5.633697
2000-09-01,5.577231
2000-09-05,5.690166
2000-09-06,5.785725
2000-09-07,5.507731
2000-09-08,5.412170
2000-09-11,5.377420
2000-09-12,5.342674
2000-09-13,5.316609
2000-09-14,5.221053
2000-09-15,5.138211
2000-09-18,5.120736
2000-09-19,4.980918
2000-09-20,4.919750
2000-09-21,4.902272
2000-09-22,4.893535
2000-09-25,4.880428
2000-09-26,4.832365
2000-09-27,4.810518
2000-09-28,4.954702
2000-09-29,5.081411
2000-10-02,4.963444
2000-10-03,5.238706
2000-10-04,5.286764
2000-10-05,5.234335
2000-10-06,5.190641
2000-10-09,5.203751
2000-10-10,5.229964
2000-10-11,5.090150
2000-10-12,4.998397
2000-10-13,4.884796
2000-10-16,4.880428
2000-10-17,4.836736
2000-10-18,4.893535
2000-10-19,4.884796
2000-10-20,4.819257
2000-10-23,4.854212
2000-10-24,5.050826
2000-10-25,5.015872
2000-10-26,5.103253
2000-10-27,5.085782
2000-10-30,5.487750
2000-10-31,5.527073
2000-11-01,5.483380
2000-11-02,5.444056
2000-11-03,5.452798
2000-11-06,5.457165
2000-11-07,5.522703
2000-11-08,5.583870
2000-11-09,5.505226
2000-11-10,5.426581
2000-11-13,5.448426
2000-11-14,5.492119
2000-11-15,5.522703
2000-11-16,5.356670
2000-11-17,5.352304
2000-11-20,5.291134
2000-11-21,5.247443
2000-11-22,5.243072
2000-11-24,5.312979
2000-11-27,5.312979
2000-11-28,5.321719
2000-11-29,5.444056
2000-11-30,5.387258
2000-12-01,5.566394
2000-12-04,5.863502
2000-12-05,5.907195
2000-12-06,5.776120
2000-12-07,5.601349
2000-12-08,5.697470
2000-12-11,5.697470
2000-12-12,5.671261
2000-12-13,5.714951
2000-12-14,5.662519
2000-12-15,5.583870
2000-12-18,5.666573
2000-12-19,5.845895
2000-12-20,5.626229
2000-12-21,5.827965
2000-12-22,6.128331
2000-12-26,6.110396
2000-12-27,6.209024
2000-12-28,6.267302
2000-12-29,6.146263
2001-01-02,6.025218
2001-01-03,6.061084
2001-01-04,6.262823
2001-01-05,6.132810
2001-01-08,6.150745
2001-01-09,5.899694
2001-01-10,5.953490
2001-01-11,5.792100
2001-01-12,5.657608
2001-01-16,5.845895
2001-01-17,5.814516
2001-01-18,5.783135
2001-01-19,5.621747
2001-01-22,5.666573
2001-01-23,5.684507
2001-01-24,5.706924
2001-01-25,5.783135
2001-01-26,5.724857
2001-01-29,5.706742
2001-01-30,5.921929
2001-01-31,5.982184
2001-02-01,6.013740
2001-02-02,5.993656
2001-02-05,6.048173
2001-02-06,5.996528
2001-02-07,5.996528
2001-02-08,5.916191
2001-02-09,5.910458
2001-02-12,5.910458
2001-02-13,5.893238
2001-02-14,5.827251
2001-02-15,6.051039
2001-02-16,5.916191
2001-02-20,5.896110
2001-02-21,5.795687
2001-02-22,5.838725
2001-02-23,5.810033
2001-02-26,6.025218
2001-02-27,6.033825
2001-02-28,6.059652
2001-03-01,6.065389
2001-03-02,6.208847
2001-03-05,6.320742
2001-03-06,6.306394
2001-03-07,6.492889
2001-03-08,6.515844
2001-03-09,6.461331
2001-03-12,6.203106
2001-03-13,6.151463
2001-03-14,5.993656
2001-03-15,5.861679
2001-03-16,5.836888
2001-03-19,5.975246
2001-03-20,6.009835
2001-03-21,5.822477
2001-03-22,5.638003
2001-03-23,5.692766
2001-03-26,5.750416
2001-03-27,5.894541
2001-03-28,5.877242
2001-03-29,5.805183
2001-03-30,5.756184
2001-04-02,5.787890
2001-04-03,5.669708
2001-04-04,5.779241
2001-04-05,5.969478
2001-04-06,5.900300
2001-04-09,5.998303
2001-04-10,6.260603
2001-04-11,6.182780
2001-04-12,6.153956
2001-04-16,6.165483
2001-04-17,6.156836
2001-04-18,6.413370
2001-04-19,6.309605
2001-04-20,6.292311
2001-04-23,6.249074
2001-04-24,6.277900
2001-04-25,6.254838
2001-04-26,6.456612
2001-04-27,6.462374
2001-04-30,6.370137
2001-05-01,6.442196
2001-05-02,6.442196
2001-05-03,6.430668
2001-05-04,6.540201
2001-05-07,6.462374
2001-05-08,6.479666
2001-05-09,6.543079
2001-05-10,6.681436
2001-05-11,6.548845
2001-05-14,6.594964
2001-05-15,6.643964
2001-05-16,6.989855
2001-05-17,7.061916
2001-05-18,7.027327
2001-05-21,7.087855
2001-05-22,6.952384
2001-05-23,6.834204
2001-05-24,6.646847
2001-05-25,6.655490
2001-05-29,6.744847
2001-05-30,6.606491
2001-05-31,6.615140
2001-06-01,6.669909
2001-06-04,6.744847
2001-06-05,6.822677
2001-06-06,6.701614
2001-06-07,6.779441
2001-06-08,6.753499
2001-06-11,6.658380
2001-06-12,6.600727
2001-06-13,6.623787
2001-06-14,6.456612
2001-06-15,6.436053
2001-06-18,6.372359
2001-06-19,6.386833
2001-06-20,6.444740
2001-06-21,6.412892
2001-06-22,6.311561
2001-06-25,6.239177
2001-06-26,6.297081
2001-06-27,6.354989
2001-06-28,6.360776
2001-06-29,6.386833
2001-07-02,6.453424
2001-07-03,6.433154
2001-07-05,6.407100
2001-07-06,6.331824
2001-07-09,6.389727
2001-07-10,6.320243
2001-07-11,6.340511
2001-07-12,6.476591
2001-07-13,6.482371
2001-07-16,6.378150
2001-07-17,6.352089
2001-07-18,6.508433
2001-07-19,6.522908
2001-07-20,6.479479
2001-07-23,6.352089
2001-07-24,6.161005
2001-07-25,6.291292
2001-07-26,6.256548
2001-07-27,6.273917
2001-07-30,6.230492
2001-07-31,6.369462
2001-08-01,6.340511
2001-08-02,6.297081
2001-08-03,6.282607
2001-08-06,6.291292
2001-08-07,6.244970
2001-08-08,6.189957
2001-08-09,6.134952
2001-08-10,6.291292
2001-08-13,6.311561
2001-08-14,6.282607
2001-08-15,6.317348
2001-08-16,6.247863
2001-08-17,6.285503
2001-08-20,6.291292
2001-08-21,6.320243
2001-08-22,6.305768
2001-08-23,6.354989
2001-08-24,6.441840
2001-08-27,6.453424
2001-08-28,6.392625
2001-08-29,6.311561
2001-08-30,6.288397
2001-08-31,6.343406
2001-09-04,6.343406
2001-09-05,6.424472
2001-09-06,6.265236
2001-09-07,6.068359
2001-09-10,5.949658
2001-09-17,5.509585
2001-09-18,5.500901
2001-09-19,5.414043
2001-09-20,5.208484
2001-09-21,5.140618
2001-09-24,5.385273
2001-09-25,5.399837
2001-09-26,5.356147
2001-09-27,5.414400
2001-09-28,5.592065
2001-10-01,5.609540
2001-10-02,5.632840
2001-10-03,5.702742
2001-10-04,5.603715
2001-10-05,5.702742
2001-10-08,5.583326
2001-10-09,5.635753
2001-10-10,5.790117
2001-10-11,5.979431
2001-10-12,5.883317
2001-10-15,5.886229
2001-10-16,5.935744
2001-10-17,5.822156
2001-10-18,5.813416
2001-10-19,5.740605
2001-10-22,5.874580
2001-10-23,5.950305
2001-10-24,5.932831
2001-10-25,5.921179
2001-10-26,6.023120
2001-10-29,5.877491
2001-10-30,5.833805
2001-10-31,5.743515
2001-11-01,5.868755
2001-11-02,5.959044
2001-11-05,5.982344
2001-11-06,6.107583
2001-11-07,6.104670
2001-11-08,6.110495
2001-11-09,6.127970
2001-11-12,6.043508
2001-11-13,6.206609
2001-11-14,6.308546
2001-11-15,6.334758
2001-11-16,6.366796
2001-11-19,6.433785
2001-11-20,6.407571
2001-11-21,6.363884
2001-11-23,6.486210
2001-11-26,6.407571
2001-11-27,6.457086
2001-11-28,6.393012
2001-11-29,6.390096
2001-11-30,6.471650
2001-12-03,6.314372
2001-12-04,6.436698
2001-12-05,6.582325
2001-12-06,6.596888
2001-12-07,6.457086
2001-12-10,6.346409
2001-12-11,6.395925
2001-12-12,6.346409
2001-12-13,6.194957
2001-12-14,6.174571
2001-12-17,6.279418
2001-12-18,6.477470
2001-12-19,6.360974
2001-12-20,6.299809
2001-12-21,6.280756
2001-12-24,6.292483
2001-12-26,6.245587
2001-12-27,6.310069
2001-12-28,6.356962
2001-12-31,6.277830
2002-01-02,6.324721
2002-01-03,6.441954
2002-01-04,6.565049
2002-01-07,6.565049
2002-01-08,6.453678
2002-01-09,6.415575
2002-01-10,6.304206
2002-01-11,6.228002
2002-01-14,6.022847
2002-01-15,6.052154
2002-01-16,5.908544
2002-01-17,5.934919
2002-01-18,5.882167
2002-01-22,5.926129
2002-01-23,6.022847
2002-01-24,6.145942
2002-01-25,6.327649
2002-01-28,6.321791
2002-01-29,6.239727
2002-01-30,6.289551
2002-01-31,6.424367
2002-02-01,6.395061
2002-02-04,6.336442
2002-02-05,6.254384
2002-02-06,6.271964
2002-02-07,6.257312
2002-02-08,6.383338
2002-02-11,6.556262
2002-02-12,6.512293
2002-02-13,6.582634
2002-02-14,6.567981
2002-02-15,6.594354
2002-02-19,6.468331
2002-02-20,6.562116
2002-02-21,6.623665
2002-02-22,6.682284
2002-02-25,6.717451
2002-02-26,6.729173
2002-02-27,6.767277
2002-02-28,6.764343
2002-03-01,6.863992
2002-03-04,7.051566
2002-03-05,6.849340
2002-03-06,6.975366
2002-03-07,6.928470
2002-03-08,6.899164
2002-03-11,6.890372
2002-03-12,6.902095
2002-03-13,6.814169
2002-03-14,6.907958
2002-03-15,6.972353
2002-03-18,6.998822
2002-03-19,7.063520
2002-03-20,7.031170
2002-03-21,6.916485
2002-03-22,6.860608
2002-03-25,6.772386
2002-03-26,6.898838
2002-03-27,7.042936
2002-03-28,6.972353
2002-04-01,6.934128
2002-04-02,6.904724
2002-04-03,6.807677
2002-04-04,6.722397
2002-04-05,6.813559
2002-04-08,6.842968
2002-04-09,6.837088
2002-04-10,6.984120
2002-04-11,6.904724
2002-04-12,6.869433
2002-04-15,6.851791
2002-04-16,6.972353
2002-04-17,7.004702
2002-04-18,6.928246
2002-04-19,6.940010
2002-04-22,6.766506
2002-04-23,6.684170
2002-04-24,6.643001
2002-04-25,6.628298
2002-04-26,6.648880
2002-04-29,6.537136
2002-04-30,6.643001
2002-05-01,6.651823
2002-05-02,6.795917
2002-05-03,6.840028
2002-05-06,6.798858
2002-05-07,6.851791
2002-05-08,6.925305
2002-05-09,6.931185
2002-05-10,6.907660
2002-05-13,6.957653
2002-05-14,7.063520
2002-05-15,7.081161
2002-05-16,7.057637
2002-05-17,7.089984
2002-05-20,7.054696
2002-05-21,7.042936
2002-05-22,7.066459
2002-05-23,7.181145
2002-05-24,7.084106
2002-05-28,7.042936
2002-05-29,6.995879
2002-05-30,6.934128
2002-05-31,6.972353
2002-06-03,6.863552
2002-06-04,6.828264
2002-06-05,6.881197
2002-06-06,6.775336
2002-06-07,6.778271
2002-06-10,6.792974
2002-06-11,6.716516
2002-06-12,6.772386
2002-06-13,6.651823
2002-06-14,6.654764
2002-06-17,6.763568
2002-06-18,6.792974
2002-06-19,6.778271
2002-06-20,6.784153
2002-06-21,6.699926
2002-06-24,6.705832
2002-06-25,6.750164
2002-06-26,6.691057
2002-06-27,6.744257
2002-06-28,6.853606
2002-07-01,6.812229
2002-07-02,6.676281
2002-07-03,6.611262
2002-07-05,6.779720
2002-07-08,6.797451
2002-07-09,6.726523
2002-07-10,6.528511
2002-07-11,6.430982
2002-07-12,6.365963
2002-07-15,6.221147
2002-07-16,6.108840
2002-07-17,6.153170
2002-07-18,6.061555
2002-07-19,5.792610
2002-07-22,5.523668
2002-07-23,5.488204
2002-07-24,5.816255
2002-07-25,5.975847
2002-07-26,6.002446
2002-07-29,6.300943
2002-07-30,6.064511
2002-07-31,6.076330
2002-08-01,6.037911
2002-08-02,5.783746
2002-08-05,5.585732
2002-08-06,5.822165
2002-08-07,5.966980
2002-08-08,6.088152
2002-08-09,6.159084
2002-08-12,6.129531
2002-08-13,6.029046
2002-08-14,6.105886
2002-08-15,6.102930
2002-08-16,5.993578
2002-08-19,6.117708
2002-08-20,6.017225
2002-08-21,6.091109
2002-08-22,6.153170
2002-08-23,6.067466
2002-08-26,6.135441
2002-08-27,6.162039
2002-08-28,5.993578
2002-08-29,5.975847
2002-08-30,6.043819
2002-09-03,5.866501
2002-09-04,5.890141
2002-09-05,5.730548
2002-09-06,5.845808
2002-09-09,5.931515
2002-09-10,5.964024
2002-09-11,5.999494
2002-09-12,5.884232
2002-09-13,5.848764
2002-09-16,5.801477
2002-09-17,5.692126
2002-09-18,5.644839
2002-09-19,5.520712
2002-09-20,5.628041
2002-09-23,5.523980
2002-09-24,5.292081
2002-09-25,5.422901
2002-09-26,5.500200
2002-09-27,5.342626
2002-09-30,5.259380
2002-10-01,5.586419
2002-10-02,5.330733
2002-10-03,5.283165
2002-10-04,5.217755
2002-10-07,5.063156
2002-10-08,5.143432
2002-10-09,4.944234
2002-10-10,5.170185
2002-10-11,5.378300
2002-10-14,5.369381
2002-10-15,5.651827
2002-10-16,5.512093
2002-10-17,5.669663
2002-10-18,5.633989
2002-10-21,5.827236
2002-10-22,5.690477
2002-10-23,5.681556
2002-10-24,5.494255
2002-10-25,5.654801
2002-10-28,5.568579
2002-10-29,5.541824
2002-10-30,5.538849
2002-10-31,5.559660
2002-11-01,5.678583
2002-11-04,5.660745
2002-11-05,5.708317
2002-11-06,5.856968
2002-11-07,5.735072
2002-11-08,5.648854
2002-11-11,5.485333
2002-11-12,5.559660
2002-11-13,5.553716
2002-11-14,5.723181
2002-11-15,5.738046
2002-11-18,5.672636
2002-11-19,5.672636
2002-11-20,5.735072
2002-11-21,5.966972
2002-11-22,5.895620
2002-11-25,5.952106
2002-11-26,5.895620
2002-11-27,6.091842
2002-11-29,6.228604
2002-12-02,6.112652
2002-12-03,6.041299
2002-12-04,6.008598
2002-12-05,5.961025
2002-12-06,5.996704
2002-12-09,5.859937
2002-12-10,5.901568
2002-12-11,5.966972
2002-12-12,5.910487
2002-12-13,5.874808
2002-12-16,6.068056
2002-12-17,6.023462
2002-12-18,5.961025
2002-12-19,5.886701
2002-12-20,5.988251
2002-12-23,5.958295
2002-12-24,5.961290
2002-12-26,5.967280
2002-12-27,5.901379
2002-12-30,5.919352
2002-12-31,5.943315
2003-01-02,6.099093
2003-01-03,6.066139
2003-01-06,6.182966
2003-01-07,6.161994
2003-01-08,6.003229
2003-01-09,6.096093
2003-01-10,6.161994
2003-01-13,6.135038
2003-01-14,6.164992
2003-01-15,6.063142
2003-01-16,6.096093
2003-01-17,6.048163
2003-01-21,5.916358
2003-01-22,5.844462
2003-01-23,5.931335
2003-01-24,5.799530
2003-01-27,5.619791
2003-01-28,5.667719
2003-01-29,5.712654
2003-01-30,5.586839
2003-01-31,5.646749
2003-02-03,5.661728
2003-02-04,5.637762
2003-02-05,5.622784
2003-02-06,5.556882
2003-02-07,5.529922
2003-02-10,5.556882
2003-02-11,5.493973
2003-02-12,5.481990
2003-02-13,5.496972
2003-02-14,5.499966
2003-02-18,5.622784
2003-02-19,5.571861
2003-02-20,5.514942
2003-02-21,5.604810
2003-02-24,5.467011
2003-02-25,5.455030
2003-02-26,5.478994
2003-02-27,5.484984
2003-02-28,5.496972
2003-03-03,5.475999
2003-03-04,5.344191
2003-03-05,5.365162
2003-03-06,5.272298
2003-03-07,5.302252
2003-03-10,5.200403
2003-03-11,5.161458
2003-03-12,5.167451
2003-03-13,5.398113
2003-03-14,5.428071
2003-03-17,5.610802
2003-03-18,5.721640
2003-03-19,5.700671
2003-03-20,5.709658
2003-03-21,5.916090
2003-03-24,5.684384
2003-03-25,5.690399
2003-03-26,5.675355
2003-03-27,5.609152
2003-03-28,5.621187
2003-03-31,5.530910
2003-04-01,5.591093
2003-04-02,5.705445
2003-04-03,5.648270
2003-04-04,5.681373
2003-04-07,5.726510
2003-04-08,5.690399
2003-04-09,5.591093
2003-04-10,5.612160
2003-04-11,5.600123
2003-04-14,5.711463
2003-04-15,5.810766
2003-04-16,5.732529
2003-04-17,5.813774
2003-04-21,5.804748
2003-04-22,5.925119
2003-04-23,5.970253
2003-04-24,5.937152
2003-04-25,5.846879
2003-04-28,5.949193
2003-04-29,6.000347
2003-04-30,6.030440
2003-05-01,5.988309
2003-05-02,6.066551
2003-05-05,6.051504
2003-05-06,6.090625
2003-05-07,6.048496
2003-05-08,5.988309
2003-05-09,6.099651
2003-05-12,6.186915
2003-05-13,6.144789
2003-05-14,6.108680
2003-05-15,6.144789
2003-05-16,6.117709
2003-05-19,6.003357
2003-05-20,5.985301
2003-05-21,6.024420
2003-05-22,6.075577
2003-05-23,6.084606
2003-05-27,6.192936
2003-05-28,6.174880
2003-05-29,6.123723
2003-05-30,6.217009
2003-06-02,6.277195
2003-06-03,6.280205
2003-06-04,6.385525
2003-06-05,6.400571
2003-06-06,6.388535
2003-06-09,6.280205
2003-06-10,6.325343
2003-06-11,6.385525
2003-06-12,6.439693
2003-06-13,6.355434
2003-06-16,6.484828
2003-06-17,6.508906
2003-06-18,6.442699
2003-06-19,6.412611
2003-06-20,6.382045
2003-06-23,6.264028
2003-06-24,6.279158
2003-06-25,6.236792
2003-06-26,6.330598
2003-06-27,6.276134
2003-06-30,6.273105
2003-07-01,6.257973
2003-07-02,6.336654
2003-07-03,6.291261
2003-07-07,6.375992
2003-07-08,6.366914
2003-07-09,6.345731
2003-07-10,6.236792
2003-07-11,6.276134
2003-07-14,6.300337
2003-07-15,6.254947
2003-07-16,6.227713
2003-07-17,6.215610
2003-07-18,6.354810
2003-07-21,6.330598
2003-07-22,6.460722
2003-07-23,6.475855
2003-07-24,6.551504
2003-07-25,6.702807
2003-07-28,6.702807
2003-07-29,6.684653
2003-07-30,6.687681
2003-07-31,6.766358
2003-08-01,6.696756
2003-08-04,6.711890
2003-08-05,6.587820
2003-08-06,6.575715
2003-08-07,6.581766
2003-08-08,6.648338
2003-08-11,6.681630
2003-08-12,6.717943
2003-08-13,6.711890
2003-08-14,6.820830
2003-08-15,6.793592
2003-08-18,6.884376
2003-08-19,6.957002
2003-08-20,6.944899
2003-08-21,6.987264
2003-08-22,6.872271
2003-08-25,6.838984
2003-08-26,6.848065
2003-08-27,6.872271
2003-08-28,6.944899
2003-08-29,6.953975
2003-09-02,7.035683
2003-09-03,7.038712
2003-09-04,6.975159
2003-09-05,6.947925
2003-09-08,7.008451
2003-09-09,6.981215
2003-09-10,6.848065
2003-09-11,6.869246
2003-09-12,6.978188
2003-09-15,6.950950
2003-09-16,6.987264
2003-09-17,6.884376
2003-09-18,6.935821
2003-09-19,6.966241
2003-09-22,6.853687
2003-09-23,6.874979
2003-09-24,6.768509
2003-09-25,6.658998
2003-09-26,6.640744
2003-09-29,6.744175
2003-09-30,6.640744
2003-10-01,6.753301
2003-10-02,6.801970
2003-10-03,6.884108
2003-10-06,6.881064
2003-10-07,6.911487
2003-10-08,6.935820
2003-10-09,6.963199
2003-10-10,6.941905
2003-10-13,7.014916
2003-10-14,7.060543
2003-10-15,7.054460
2003-10-16,7.078798
2003-10-17,7.011870
2003-10-20,7.039250
2003-10-21,7.057502
2003-10-22,6.938863
2003-10-23,6.969281
2003-10-24,6.957117
2003-10-27,7.005785
2003-10-28,7.066626
2003-10-29,7.160933
2003-10-30,7.285657
2003-10-31,7.273484
2003-11-03,7.288694
2003-11-04,7.276527
2003-11-05,7.249147
2003-11-06,7.270446
2003-11-07,7.297822
2003-11-10,7.194394
2003-11-11,7.176144
2003-11-12,7.288694
2003-11-13,7.282611
2003-11-14,7.240024
2003-11-17,7.191349
2003-11-18,7.170055
2003-11-19,7.173100
2003-11-20,7.118343
2003-11-21,7.136594
2003-11-24,7.230897
2003-11-25,7.334326
2003-11-26,7.422546
2003-11-28,7.437756
2003-12-01,7.659822
2003-12-02,7.650698
2003-12-03,7.714576
2003-12-04,7.766295
2003-12-05,7.696327
2003-12-08,7.824096
2003-12-09,7.811925
2003-12-10,7.720667
2003-12-11,7.796715
2003-12-12,7.863640
2003-12-15,7.854513
2003-12-16,7.854513
2003-12-17,7.900141
2003-12-18,7.967066
2003-12-19,7.971045
2003-12-22,8.050601
2003-12-23,8.068963
2003-12-24,8.038364
2003-12-26,8.102622
2003-12-29,8.231132
2003-12-30,8.182179
2003-12-31,8.166878
2004-01-02,8.127104
2004-01-05,8.292333
2004-01-06,8.218896
2004-01-07,8.176058
2004-01-08,8.267856
2004-01-09,8.124039
2004-01-12,8.108740
2004-01-13,8.004704
2004-01-14,8.038364
2004-01-15,7.977165
2004-01-16,7.974105
2004-01-20,8.004704
2004-01-21,8.010825
2004-01-22,7.928210
2004-01-23,7.775214
2004-01-26,7.848648
2004-01-27,7.827230
2004-01-28,7.762971
2004-01-29,7.714012
2004-01-30,7.805809
2004-02-02,7.769089
2004-02-03,7.726253
2004-02-04,7.674234
2004-02-05,7.772154
2004-02-06,7.928210
2004-02-09,7.934328
2004-02-10,7.977165
2004-02-11,8.172999
2004-02-12,8.148520
2004-02-13,8.084260
2004-02-17,8.169936
2004-02-18,8.136277
2004-02-19,8.188300
2004-02-20,8.117917
2004-02-23,8.120982
2004-02-24,8.157701
2004-02-25,8.169936
2004-02-26,8.169936
2004-02-27,8.212775
2004-03-01,8.347415
2004-03-02,8.243372
2004-03-03,8.194419
2004-03-04,8.240317
2004-03-05,8.237255
2004-03-08,8.148520
2004-03-09,8.026124
2004-03-10,7.802749
2004-03-11,7.732375
2004-03-12,7.857829
2004-03-15,7.668115
2004-03-16,7.741551
2004-03-17,7.839467
2004-03-18,7.836408
2004-03-19,7.836106
2004-03-22,7.664153
2004-03-23,7.704066
2004-03-24,7.670291
2004-03-25,7.869878
2004-03-26,7.891372
2004-03-29,8.004983
2004-03-30,8.063328
2004-03-31,8.023405
2004-04-01,8.081749
2004-04-02,8.216856
2004-04-05,8.189223
2004-04-06,8.229139
2004-04-07,8.133948
2004-04-08,8.087891
2004-04-12,8.180006
2004-04-13,8.001913
2004-04-14,8.029551
2004-04-15,8.075610
2004-04-16,8.146226
2004-04-19,8.133948
2004-04-20,7.965066
2004-04-21,7.888301
2004-04-22,8.152369
2004-04-23,8.090960
2004-04-26,8.051042
2004-04-27,8.066395
2004-04-28,7.793115
2004-04-29,7.697928
2004-04-30,7.651869
2004-05-03,7.676433
2004-05-04,7.750126
2004-05-05,7.722491
2004-05-06,7.645728
2004-05-07,7.372447
2004-05-10,7.360164
2004-05-11,7.452283
2004-05-12,7.439998
2004-05-13,7.498340
2004-05-14,7.470703
2004-05-17,7.329456
2004-05-18,7.464561
2004-05-19,7.479916
2004-05-20,7.461491
2004-05-21,7.541330
2004-05-24,7.615018
2004-05-25,7.765481
2004-05-26,7.786973
2004-05-27,7.860664
2004-05-28,7.866808
2004-06-01,7.848384
2004-06-02,7.863733
2004-06-03,7.716352
2004-06-04,7.786973
2004-06-07,7.946641
2004-06-08,7.952785
2004-06-09,7.860664
2004-06-10,7.897515
2004-06-14,7.786973
2004-06-15,7.866808
2004-06-16,7.869878
2004-06-17,7.900587
2004-06-18,8.008562
2004-06-21,7.977711
2004-06-22,8.005474
2004-06-23,8.104193
2004-06-24,8.098022
2004-06-25,8.119614
2004-06-28,8.091853
2004-06-29,8.202909
2004-06-30,8.261524
2004-07-01,8.113447
2004-07-02,8.064083
2004-07-06,8.002390
2004-07-07,8.094937
2004-07-08,8.027069
2004-07-09,8.057916
2004-07-12,8.064083
2004-07-13,8.091853
2004-07-14,8.091853
2004-07-15,8.107281
2004-07-16,8.125788
2004-07-19,8.088767
2004-07-20,8.076429
2004-07-21,7.922180
2004-07-22,7.888244
2004-07-23,7.848139
2004-07-26,7.780271
2004-07-27,7.912922
2004-07-28,7.983877
2004-07-29,8.088767
2004-07-30,8.073339
2004-08-02,8.122707
2004-08-03,8.042493
2004-08-04,8.054832
2004-08-05,7.882071
2004-08-06,7.740165
2004-08-09,7.789525
2004-08-10,7.916008
2004-08-11,7.888244
2004-08-12,7.780271
2004-08-13,7.752505
2004-08-16,7.968454
2004-08-17,8.011642
2004-08-18,8.082596
2004-08-19,8.094937
2004-08-20,8.159719
2004-08-23,8.091853
2004-08-24,8.113447
2004-08-25,8.202909
2004-08-26,8.246101
2004-08-27,8.255355
2004-08-30,8.184395
2004-08-31,8.209079
2004-09-01,8.243015
2004-09-02,8.357160
2004-09-03,8.338651
2004-09-07,8.412690
2004-09-08,8.317060
2004-09-09,8.332480
2004-09-10,8.264612
2004-09-13,8.255355
2004-09-14,8.246101
2004-09-15,8.212164
2004-09-16,8.246101
2004-09-17,8.210456
2004-09-20,8.219751
2004-09-21,8.256943
2004-09-22,8.185662
2004-09-23,8.114373
2004-09-24,8.185662
2004-09-27,8.176364
2004-09-28,8.377826
2004-09-29,8.418120
2004-09-30,8.539001
2004-10-01,8.585494
2004-10-04,8.604084
2004-10-05,8.591694
2004-10-06,8.731164
2004-10-07,8.619584
2004-10-08,8.569989
2004-10-11,8.569989
2004-10-12,8.477012
2004-10-13,8.284838
2004-10-14,8.269345
2004-10-15,8.346832
2004-10-18,8.325132
2004-10-19,8.126770
2004-10-20,8.182563
2004-10-21,8.241453
2004-10-22,8.188759
2004-10-25,8.269345
2004-10-26,8.349930
2004-10-27,8.446015
2004-10-28,8.337536
2004-10-29,8.458413
2004-11-01,8.467713
2004-11-02,8.427417
2004-11-03,8.551394
2004-11-04,8.755961
2004-11-05,8.793154
2004-11-08,8.796252
2004-11-09,8.886138
2004-11-10,8.883036
2004-11-11,8.951221
2004-11-12,9.044211
2004-11-15,8.988419
2004-11-16,8.935727
2004-11-17,9.003919
2004-11-18,9.031811
2004-11-19,8.969825
2004-11-22,9.075205
2004-11-23,9.031811
2004-11-24,9.118597
2004-11-26,9.208478
2004-11-29,9.183686
2004-11-30,9.146494
2004-12-01,9.230179
2004-12-02,9.115498
2004-12-03,9.109297
2004-12-06,9.084503
2004-12-07,8.892340
2004-12-08,8.929529
2004-12-09,8.988419
2004-12-10,8.985321
2004-12-13,9.115498
2004-12-14,9.106199
2004-12-15,9.202285
2004-12-16,9.130997
2004-12-17,9.119150
2004-12-20,9.156558
2004-12-21,9.271914
2004-12-22,9.275033
2004-12-23,9.296851
2004-12-27,9.275033
2004-12-28,9.328032
2004-12-29,9.331149
2004-12-30,9.287498
2004-12-31,9.268794
2005-01-03,9.175267
2005-01-04,9.010032
2005-01-05,8.885323
2005-01-06,8.944564
2005-01-07,8.960147
2005-01-10,9.000675
2005-01-11,8.907149
2005-01-12,8.966379
2005-01-13,8.932089
2005-01-14,9.016261
2005-01-18,9.050560
2005-01-19,8.988203
2005-01-20,8.938324
2005-01-21,8.900913
2005-01-24,8.776204
2005-01-25,8.822969
2005-01-26,8.838557
2005-01-27,8.885323
2005-01-28,8.875970
2005-01-31,8.985088
2005-02-01,9.059913
2005-02-02,9.153440
2005-02-03,9.100448
2005-02-04,9.203321
2005-02-07,9.200209
2005-02-08,9.200209
2005-02-09,9.072386
2005-02-10,9.193974
2005-02-11,9.284382
2005-02-14,9.293737
2005-02-15,9.343616
2005-02-16,9.462088
2005-02-17,9.427801
2005-02-18,9.533799
2005-02-22,9.390383
2005-02-23,9.533799
2005-02-24,9.636680
2005-02-25,9.786325
2005-02-28,9.692794
2005-03-01,9.705268
2005-03-02,9.677209
2005-03-03,9.667860
2005-03-04,9.970270
2005-03-07,9.861149
2005-03-08,9.836212
2005-03-09,9.858031
2005-03-10,9.733331
2005-03-11,9.792561
2005-03-14,9.789444
2005-03-15,9.742685
2005-03-16,9.533799
2005-03-17,9.646031
2005-03-18,9.644779
2005-03-21,9.588470
2005-03-22,9.557183
2005-03-23,9.463334
2005-03-24,9.463334
2005-03-28,9.410152
2005-03-29,9.200552
2005-03-30,9.356969
2005-03-31,9.435179
2005-04-01,9.407025
2005-04-04,9.350714
2005-04-05,9.369487
2005-04-06,9.416409
2005-04-07,9.519643
2005-04-08,9.381997
2005-04-11,9.350714
2005-04-12,9.341330
2005-04-13,9.081673
2005-04-14,8.828277
2005-04-15,8.609289
2005-04-18,8.746934
2005-04-19,8.853302
2005-04-20,8.706271
2005-04-21,8.868941
2005-04-22,8.784480
2005-04-25,8.872074
2005-04-26,8.703143
2005-04-27,8.618672
2005-04-28,8.549848
2005-04-29,8.762581
2005-05-02,8.834533
2005-05-03,8.890841
2005-05-04,9.028488
2005-05-05,8.975311
2005-05-06,8.997202
2005-05-09,8.984696
2005-05-10,8.850174
2005-05-11,8.859559
2005-05-12,8.618672
2005-05-13,8.449741
2005-05-16,8.487283
2005-05-17,8.606156
2005-05-18,8.825144
2005-05-19,8.781347
2005-05-20,8.725039
2005-05-23,8.793862
2005-05-24,8.765711
2005-05-25,8.674985
2005-05-26,8.740680
2005-05-27,8.768838
2005-05-31,8.706271
2005-06-01,8.837655
2005-06-02,8.809505
2005-06-03,8.790732
2005-06-06,8.765711
2005-06-07,8.818888
2005-06-08,8.759449
2005-06-09,8.721908
2005-06-10,8.800119
2005-06-13,8.856430
2005-06-14,8.872074
2005-06-15,8.956537
2005-06-16,9.050389
2005-06-17,9.053844
2005-06-20,8.959534
2005-06-21,8.912382
2005-06-22,8.902948
2005-06-23,8.692322
2005-06-24,8.594866
2005-06-27,8.572858
2005-06-28,8.708039
2005-06-29,8.670317
2005-06-30,8.531998
2005-07-01,8.525705
2005-07-05,8.547711
2005-07-06,8.519421
2005-07-07,8.538282
2005-07-08,8.704895
2005-07-11,8.824359
2005-07-12,8.802352
2005-07-13,8.774055
2005-07-14,8.786633
2005-07-15,8.770913
2005-07-18,8.752054
2005-07-19,8.893519
2005-07-20,9.031840
2005-07-21,8.987825
2005-07-22,9.044417
2005-07-25,8.968966
2005-07-26,8.843222
2005-07-27,8.937531
2005-07-28,9.038126
2005-07-29,9.003549
2005-08-01,8.959534
2005-08-02,9.094717
2005-08-03,9.132441
2005-08-04,9.034986
2005-08-05,8.987825
2005-08-08,8.987825
2005-08-09,9.044417
2005-08-10,9.072707
2005-08-11,9.148159
2005-08-12,9.082142
2005-08-15,9.075851
2005-08-16,8.899810
2005-08-17,8.890375
2005-08-18,8.814924
2005-08-19,8.833783
2005-08-22,8.836930
2005-08-23,8.692322
2005-08-24,8.610586
2005-08-25,8.616874
2005-08-26,8.572858
2005-08-29,8.626303
2005-08-30,8.544569
2005-08-31,8.626303
2005-09-01,8.651458
2005-09-02,8.645166
2005-09-06,8.704895
2005-09-07,8.758339
2005-09-08,8.711185
2005-09-09,8.802352
2005-09-12,8.824359
2005-09-13,8.730044
2005-09-14,8.761480
2005-09-15,8.736336
2005-09-16,8.797026
2005-09-19,8.733803
2005-09-20,8.601043
2005-09-21,8.503055
2005-09-22,8.553630
2005-09-23,8.559953
2005-09-26,8.550468
2005-09-27,8.550468
2005-09-28,8.575750
2005-09-29,8.626331
2005-09-30,8.692710
2005-10-03,8.657939
2005-10-04,8.563108
2005-10-05,8.367133
2005-10-06,8.322876
2005-10-07,8.405062
2005-10-10,8.360811
2005-10-11,8.370292
2005-10-12,8.303911
2005-10-13,8.291268
2005-10-14,8.319719
2005-10-17,8.382936
2005-10-18,8.294426
2005-10-19,8.363967
2005-10-20,8.307075
2005-10-21,8.382936
2005-10-24,8.575750
2005-10-25,8.569434
2005-10-26,8.638972
2005-10-27,8.550468
2005-10-28,8.686391
2005-10-31,8.711681
2005-11-01,8.740123
2005-11-02,8.844439
2005-11-03,8.815990
2005-11-04,8.803348
2005-11-07,8.850763
2005-11-08,8.806510
2005-11-09,8.797026
2005-11-10,8.920302
2005-11-11,9.043584
2005-11-14,9.132088
2005-11-15,9.106802
2005-11-16,9.122605
2005-11-17,9.236400
2005-11-18,9.261689
2005-11-21,9.321750
2005-11-22,9.350197
2005-11-23,9.334396
2005-11-25,9.388130
2005-11-28,9.362843
2005-11-29,9.448185
2005-11-30,9.378644
2005-12-01,9.561985
2005-12-02,9.520890
2005-12-05,9.546179
2005-12-06,9.615721
2005-12-07,9.590432
2005-12-08,9.574628
2005-12-09,9.549337
2005-12-12,9.549337
2005-12-13,9.634688
2005-12-14,9.580950
2005-12-15,9.530371
2005-12-16,9.494057
2005-12-19,9.449449
2005-12-20,9.414406
2005-12-21,9.596001
2005-12-22,9.694766
2005-12-23,9.723440
2005-12-27,9.662909
2005-12-28,9.745744
2005-12-29,9.729813
2005-12-30,9.646978
2006-01-03,9.850875
2006-01-04,9.911407
2006-01-05,9.895482
2006-01-06,10.000616
2006-01-09,9.997429
2006-01-10,9.933710
2006-01-11,9.857255
2006-01-12,9.720258
2006-01-13,9.742557
2006-01-17,9.752116
2006-01-18,9.656541
2006-01-19,9.758485
2006-01-20,9.592816
2006-01-23,9.723440
2006-01-24,9.831764
2006-01-25,9.879554
2006-01-26,9.997429
2006-01-27,10.067523
2006-01-30,10.096192
2006-01-31,10.112125
2006-02-01,10.140799
2006-02-02,9.991059
2006-02-03,9.901855
2006-02-06,10.080265
2006-02-07,9.815834
2006-02-08,9.831764
2006-02-09,9.863620
2006-02-10,9.844506
2006-02-13,9.745744
2006-02-14,10.006988
2006-02-15,9.962386
2006-02-16,10.093006
2006-02-17,10.083448
2006-02-21,10.086636
2006-02-22,10.128054
2006-02-23,10.077081
2006-02-24,10.105752
2006-02-27,10.022920
2006-02-28,9.895482
2006-03-01,10.048408
2006-03-02,10.108938
2006-03-03,10.112125
2006-03-06,9.975131
2006-03-07,9.879554
2006-03-08,9.819016
2006-03-09,9.799903
2006-03-10,9.975131
2006-03-13,9.997429
2006-03-14,10.182211
2006-03-15,10.303278
2006-03-16,10.319213
2006-03-17,10.305760
2006-03-20,10.283351
2006-03-21,10.132875
2006-03-22,10.238528
2006-03-23,10.267343
2006-03-24,10.260942
2006-03-27,10.331374
2006-03-28,10.244933
2006-03-29,10.417816
2006-03-30,10.456235
2006-03-31,10.356984
2006-04-03,10.485049
2006-04-04,10.501055
2006-04-05,10.645127
2006-04-06,10.667534
2006-04-07,10.504259
2006-04-10,10.501055
2006-04-11,10.424218
2006-04-12,10.494653
2006-04-13,10.549079
2006-04-17,10.641926
2006-04-18,10.933262
2006-04-19,11.006903
2006-04-20,10.904454
2006-04-21,11.013302
2006-04-24,10.974883
2006-04-25,10.898047
2006-04-26,10.894842
2006-04-27,10.677142
2006-04-28,10.725167
2006-05-01,10.795595
2006-05-02,10.901249
2006-05-03,10.904454
2006-05-04,11.013302
2006-05-05,11.090138
2006-05-08,11.131764
2006-05-09,11.205398
2006-05-10,11.208590
2006-05-11,11.054922
2006-05-12,10.818010
2006-05-15,10.677142
2006-05-16,10.680343
2006-05-17,10.392202
2006-05-18,10.283351
2006-05-19,10.324967
2006-05-22,10.100864
2006-05-23,10.123276
2006-05-24,10.078453
2006-05-25,10.251335
2006-05-26,10.424218
2006-05-30,10.177701
2006-05-31,10.292954
2006-06-01,10.405008
2006-06-02,10.504259
2006-06-05,10.190507
2006-06-06,10.104066
2006-06-07,9.873557
2006-06-08,9.841534
2006-06-09,9.790316
2006-06-12,9.636640
2006-06-13,9.473364
2006-06-14,9.598222
2006-06-15,9.918377
2006-06-16,9.859394
2006-06-19,9.662786
2006-06-20,9.704685
2006-06-21,9.939973
2006-06-22,9.888399
2006-06-23,9.972205
2006-06-26,10.001210
2006-06-27,9.875509
2006-06-28,9.901299
2006-06-29,10.297731
2006-06-30,10.346083
2006-07-03,10.468557
2006-07-05,10.342855
2006-07-06,10.333186
2006-07-07,10.252611
2006-07-10,10.278394
2006-07-11,10.265502
2006-07-12,10.191371
2006-07-13,9.904516
2006-07-14,9.920630
2006-07-17,9.788487
2006-07-18,9.830383
2006-07-19,10.094677
2006-07-20,9.814272
2006-07-21,9.685349
2006-07-24,9.830383
2006-07-25,9.981868
2006-07-26,9.959307
2006-07-27,9.740135
2006-07-28,9.917408
2006-07-31,9.959307
2006-08-01,9.878734
2006-08-02,10.036662
2006-08-03,10.097901
2006-08-04,10.049553
2006-08-07,10.097901
2006-08-08,9.991539
2006-08-09,10.001210
2006-08-10,10.026995
2006-08-11,9.914184
2006-08-14,9.888399
2006-08-15,10.097901
2006-08-16,10.275169
2006-08-17,10.210706
2006-08-18,10.210706
2006-08-21,10.210706
2006-08-22,10.239718
2006-08-23,10.223605
2006-08-24,10.143023
2006-08-25,10.175252
2006-08-28,10.165585
2006-08-29,10.207481
2006-08-30,10.210706
2006-08-31,10.259052
2006-09-01,10.375085
2006-09-05,10.436325
2006-09-06,10.307403
2006-09-07,10.194592
2006-09-08,10.233267
2006-09-11,9.959307
2006-09-12,10.075339
2006-09-13,10.146247
2006-09-14,10.114016
2006-09-15,10.105265
2006-09-18,10.228459
2006-09-19,10.098778
2006-09-20,10.186313
2006-09-21,10.095537
2006-09-22,10.085812
2006-09-25,10.140924
2006-09-26,10.341926
2006-09-27,10.319231
2006-09-28,10.348410
2006-09-29,10.257635
2006-10-02,10.277090
2006-10-03,10.140924
2006-10-04,10.157136
2006-10-05,10.319231
2006-10-06,10.367864
2006-10-09,10.452154
2006-10-10,10.500785
2006-10-11,10.406770
2006-10-12,10.513752
2006-10-13,10.617492
2006-10-16,10.695306
2006-10-17,10.620740
2006-10-18,10.581833
2006-10-19,10.653156
2006-10-20,10.594802
2006-10-23,10.662883
2006-10-24,10.786078
2006-10-25,10.776355
2006-10-26,10.799047
2006-10-27,10.824984
2006-10-30,10.854161
2006-10-31,10.873610
2006-11-01,10.789324
2006-11-02,10.824984
2006-11-03,10.789324
2006-11-06,10.922244
2006-11-07,10.886583
2006-11-08,10.912517
2006-11-09,11.032466
2006-11-10,10.925486
2006-11-13,11.032466
2006-11-14,11.029224
2006-11-15,11.074612
2006-11-16,11.016265
2006-11-17,10.967633
2006-11-20,11.178361
2006-11-21,11.207536
2006-11-22,11.363152
2006-11-24,11.372877
2006-11-27,11.184842
2006-11-28,11.230229
2006-11-29,11.324250
2006-11-30,11.346946
2006-12-01,11.256166
2006-12-04,11.421507
2006-12-05,11.470135
2006-12-06,11.424750
2006-12-07,11.496074
2006-12-08,11.525250
2006-12-11,11.483109
2006-12-12,11.353427
2006-12-13,11.421507
2006-12-14,11.505804
2006-12-15,11.592327
2006-12-18,11.474331
2006-12-19,11.559554
2006-12-20,11.503837
2006-12-21,11.366179
2006-12-22,11.303911
2006-12-26,11.402228
2006-12-27,11.513660
2006-12-28,11.497279
2006-12-29,11.418618
2007-01-03,11.343243
2007-01-04,11.290798
2007-01-05,11.215423
2007-01-08,11.215423
2007-01-09,11.218697
2007-01-10,11.297353
2007-01-11,11.418618
2007-01-12,11.546439
2007-01-16,11.575939
2007-01-17,11.615267
2007-01-18,11.546439
2007-01-19,11.723422
2007-01-22,11.602156
2007-01-23,11.749638
2007-01-24,11.870907
2007-01-25,11.831576
2007-01-26,11.825023
2007-01-29,11.779136
2007-01-30,11.811909
2007-01-31,11.880736
2007-02-01,12.024946
2007-02-02,12.005283
2007-02-05,11.956120
2007-02-06,12.038056
2007-02-07,12.038056
2007-02-08,12.051168
2007-02-09,11.995450
2007-02-12,12.044614
2007-02-13,12.287145
2007-02-14,12.362523
2007-02-15,12.421514
2007-02-16,12.359244
2007-02-20,12.460852
2007-02-21,12.539506
2007-02-22,12.536225
2007-02-23,12.585389
2007-02-26,12.700098
2007-02-27,12.185536
2007-02-28,12.198648
2007-03-01,12.146210
2007-03-02,11.946288
2007-03-05,11.788965
2007-03-06,12.028221
2007-03-07,11.969233
2007-03-08,12.087223
2007-03-09,12.228151
2007-03-12,12.267479
2007-03-13,11.969233
2007-03-14,12.044614
2007-03-15,12.274035
2007-03-16,12.174926
2007-03-19,12.355419
2007-03-20,12.407926
2007-03-21,12.549037
2007-03-22,12.489966
2007-03-23,12.542472
2007-03-26,12.631073
2007-03-27,12.493247
2007-03-28,12.368544
2007-03-29,12.463711
2007-03-30,12.486682
2007-04-02,12.483406
2007-04-03,12.617953
2007-04-04,12.637638
2007-04-05,12.621229
2007-04-09,12.814851
2007-04-10,12.673732
2007-04-11,12.617953
2007-04-12,12.729524
2007-04-13,12.759067
2007-04-16,12.929703
2007-04-17,12.808290
2007-04-18,12.739372
2007-04-19,12.693432
2007-04-20,12.824690
2007-04-23,12.821414
2007-04-24,12.768908
2007-04-25,12.972370
2007-04-26,12.919863
2007-04-27,12.910023
2007-04-30,12.673732
2007-05-01,12.621229
2007-05-02,12.772184
2007-05-03,12.814851
2007-05-04,12.929703
2007-05-07,13.100353
2007-05-08,13.110203
2007-05-09,13.165985
2007-05-10,12.913294
2007-05-11,13.064252
2007-05-14,13.047846
2007-05-15,13.129889
2007-05-16,13.175832
2007-05-17,13.169271
2007-05-18,13.218491
2007-05-21,13.238183
2007-05-22,13.159424
2007-05-23,13.218491
2007-05-24,13.077379
2007-05-25,13.231613
2007-05-29,13.188956
2007-05-30,13.356321
2007-05-31,13.421955
2007-06-01,13.609008
2007-06-04,13.526962
2007-06-05,13.481028
2007-06-06,13.307096
2007-06-07,13.008470
2007-06-08,13.257874
2007-06-11,13.143014
2007-06-12,12.982207
2007-06-13,13.287408
2007-06-14,13.389135
2007-06-15,13.548358
2007-06-18,13.548358
2007-06-19,13.614287
2007-06-20,13.442867
2007-06-21,13.518687
2007-06-22,13.479135
2007-06-25,13.268162
2007-06-26,13.103339
2007-06-27,13.218712
2007-06-28,13.268162
2007-06-29,13.350572
2007-07-02,13.564840
2007-07-03,13.568133
2007-07-05,13.597802
2007-07-06,13.713182
2007-07-09,13.746140
2007-07-10,13.548358
2007-07-11,13.647253
2007-07-12,13.993377
2007-07-13,14.141722
2007-07-16,14.065899
2007-07-17,14.191158
2007-07-18,14.214240
2007-07-19,14.247202
2007-07-20,14.108746
2007-07-23,14.092267
2007-07-24,13.812073
2007-07-25,13.581319
2007-07-26,13.129708
2007-07-27,12.829733
2007-07-30,13.152785
2007-07-31,12.994553
2007-08-01,13.070371
2007-08-02,13.103339
2007-08-03,12.664911
2007-08-06,12.813252
2007-08-07,12.905552
2007-08-08,13.238488
2007-08-09,12.905552
2007-08-10,12.750620
2007-08-13,12.806661
2007-08-14,12.477016
2007-08-15,12.163850
2007-08-16,11.999034
2007-08-17,12.163850
2007-08-20,12.391305
2007-08-21,12.467123
2007-08-22,12.938519
2007-08-23,12.691285
2007-08-24,12.987960
2007-08-27,12.872585
2007-08-28,12.575904
2007-08-29,12.823144
2007-08-30,12.790174
2007-08-31,12.905552
2007-09-04,13.086856
2007-09-05,12.971483
2007-09-06,13.037409
2007-09-07,12.730839
2007-09-10,12.651723
2007-09-11,12.816554
2007-09-12,12.889071
2007-09-13,12.931923
2007-09-14,13.020925
2007-09-17,13.007745
2007-09-18,13.614287
2007-09-19,13.769218
2007-09-20,13.726364
2007-09-21,13.766109
2007-09-24,13.782660
2007-09-25,13.736296
2007-09-26,13.908504
2007-09-27,14.070766
2007-09-28,13.944924
2007-10-01,14.206544
2007-10-02,14.107197
2007-10-03,13.925064
2007-10-04,13.984662
2007-10-05,14.223099
2007-10-08,14.140305
2007-10-09,14.405235
2007-10-10,14.319134
2007-10-11,14.239658
2007-10-12,14.355556
2007-10-15,14.272777
2007-10-16,14.021091
2007-10-17,14.014462
2007-10-18,14.123752
2007-10-19,13.815776
2007-10-22,13.713115
2007-10-23,13.931683
2007-10-24,13.958173
2007-10-25,14.067452
2007-10-26,14.332381
2007-10-29,14.491324
2007-10-30,14.150244
2007-10-31,14.524445
2007-11-01,14.021091
2007-11-02,14.146932
2007-11-05,13.981354
2007-11-06,14.309192
2007-11-07,13.908504
2007-11-08,14.040963
2007-11-09,13.752855
2007-11-12,13.203133
2007-11-13,13.554163
2007-11-14,13.623705
2007-11-15,13.328983
2007-11-16,13.302488
2007-11-19,12.954772
2007-11-20,13.153458
2007-11-21,12.895169
2007-11-23,13.087234
2007-11-26,12.812382
2007-11-27,12.915036
2007-11-28,13.527675
2007-11-29,13.663441
2007-11-30,13.792593
2007-12-03,13.723049
2007-12-04,13.640258
2007-12-05,13.891942
2007-12-06,14.113817
2007-12-07,14.246276
2007-12-10,14.448278
2007-12-11,13.848893
2007-12-12,14.034340
2007-12-13,14.143615
2007-12-14,13.895250
2007-12-17,13.401831
2007-12-18,13.550857
2007-12-19,13.530982
2007-12-20,13.779347
2007-12-21,14.077552
2007-12-24,14.207931
2007-12-26,14.281473
2007-12-27,14.014025
2007-12-28,14.024057
2007-12-31,13.940486
2008-01-02,13.806758
2008-01-03,14.057490
2008-01-04,13.632922
2008-01-07,13.445713
2008-01-08,13.238445
2008-01-09,13.322024
2008-01-10,13.502549
2008-01-11,13.365479
2008-01-14,13.813449
2008-01-15,13.435686
2008-01-16,12.987720
2008-01-17,12.345855
2008-01-18,12.486260
2008-01-22,12.372597
2008-01-23,12.586552
2008-01-24,12.787132
2008-01-25,12.850649
2008-01-28,13.104729
2008-01-29,13.171583
2008-01-30,13.121439
2008-01-31,13.355453
2008-02-01,13.679722
2008-02-04,13.465772
2008-02-05,13.077974
2008-02-06,12.987720
2008-02-07,13.037860
2008-02-08,13.315340
2008-02-11,13.362134
2008-02-12,13.602832
2008-02-13,13.546006
2008-02-14,13.372168
2008-02-15,13.455740
2008-02-19,13.790046
2008-02-20,13.870279
2008-02-21,13.683071
2008-02-22,13.813449
2008-02-25,14.131037
2008-02-26,14.197906
2008-02-27,14.194554
2008-02-28,14.117667
2008-02-29,13.663010
2008-03-03,13.890344
2008-03-04,13.556032
2008-03-05,13.937141
2008-03-06,13.813449
2008-03-07,13.235097
2008-03-10,12.950939
2008-03-11,13.739899
2008-03-12,13.542663
2008-03-13,13.873625
2008-03-14,13.629578
2008-03-17,13.355453
2008-03-18,13.823477
2008-03-19,12.887424
2008-03-20,12.843825
2008-03-24,13.299901
2008-03-25,13.698971
2008-03-26,13.638601
2008-03-27,13.601719
2008-03-28,13.487699
2008-03-31,13.470930
2008-04-01,13.900181
2008-04-02,13.994073
2008-04-03,14.248941
2008-04-04,14.389783
2008-04-07,14.312654
2008-04-08,14.446792
2008-04-09,14.292529
2008-04-10,14.329428
2008-04-11,14.144979
2008-04-14,14.074560
2008-04-15,14.151685
2008-04-16,14.829095
2008-04-17,14.755310
2008-04-18,14.835802
2008-04-21,14.872679
2008-04-22,14.755310
2008-04-23,14.523926
2008-04-24,14.312654
2008-04-25,14.721783
2008-04-28,14.637939
2008-04-29,14.155034
2008-04-30,14.188574
2008-05-01,14.087972
2008-05-02,14.232171
2008-05-05,14.554102
2008-05-06,14.671481
2008-05-07,14.507159
2008-05-08,14.755310
2008-05-09,14.570875
2008-05-12,14.869328
2008-05-13,14.953172
2008-05-14,15.037007
2008-05-15,15.208035
2008-05-16,15.395829
2008-05-19,15.355589
2008-05-20,15.436073
2008-05-21,14.983351
2008-05-22,14.916286
2008-05-23,14.711719
2008-05-27,14.644647
2008-05-28,15.010179
2008-05-29,14.909579
2008-05-30,14.926341
2008-06-02,14.812325
2008-06-03,14.829095
2008-06-04,14.765378
2008-06-05,15.261687
2008-06-06,14.812325
2008-06-09,15.037007
2008-06-10,14.845860
2008-06-11,14.580935
2008-06-12,14.574228
2008-06-13,14.936402
2008-06-16,14.922986
2008-06-17,15.003474
2008-06-18,14.902863
2008-06-19,14.929690
2008-06-20,14.627512
2008-06-23,14.721832
2008-06-24,14.442227
2008-06-25,14.486017
2008-06-26,14.128923
2008-06-27,14.115448
2008-06-30,14.058173
2008-07-01,13.798772
2008-07-02,13.209228
2008-07-03,13.290084
2008-07-07,13.357454
2008-07-08,13.215964
2008-07-09,13.239550
2008-07-10,13.290084
2008-07-11,13.279974
2008-07-14,13.428206
2008-07-15,13.296822
2008-07-16,13.347346
2008-07-17,13.431568
2008-07-18,13.340612
2008-07-21,13.616855
2008-07-22,13.637071
2008-07-23,13.465261
2008-07-24,13.125009
2008-07-25,13.145219
2008-07-28,13.128372
2008-07-29,13.387771
2008-07-30,13.704453
2008-07-31,13.603376
2008-08-01,13.357454
2008-08-04,12.778015
2008-08-05,12.926242
2008-08-06,13.054263
2008-08-07,13.013836
2008-08-08,12.959929
2008-08-11,12.976780
2008-08-12,13.084582
2008-08-13,13.367558
2008-08-14,13.340612
2008-08-15,13.256393
2008-08-18,13.135110
2008-08-19,13.054263
2008-08-20,13.283343
2008-08-21,13.397882
2008-08-22,13.391149
2008-08-25,13.101424
2008-08-26,13.172174
2008-08-27,13.293452
2008-08-28,13.482105
2008-08-29,13.391149
2008-09-02,13.054263
2008-09-03,12.986886
2008-09-04,12.525352
2008-09-05,12.538827
2008-09-08,12.515246
2008-09-09,12.117723
2008-09-10,12.222157
2008-09-11,12.431028
2008-09-12,12.828553
2008-09-15,12.296273
2008-09-16,12.431028
2008-09-17,12.198575
2008-09-18,12.195210
2008-09-19,12.972256
2008-09-22,12.806206
2008-09-23,12.507991
2008-09-24,12.260613
2008-09-25,12.226727
2008-09-26,11.942061
2008-09-29,11.081313
2008-09-30,11.318529
2008-10-01,11.132147
2008-10-02,10.332392
2008-10-03,10.230728
2008-10-06,9.725801
2008-10-07,9.224261
2008-10-08,9.522473
2008-10-09,8.912494
2008-10-10,8.702389
2008-10-13,9.925742
2008-10-14,9.637690
2008-10-15,8.441454
2008-10-16,8.499063
2008-10-17,8.726112
2008-10-20,9.166653
2008-10-21,8.780335
2008-10-22,8.299126
2008-10-23,8.109352
2008-10-24,7.760306
2008-10-27,7.184215
2008-10-28,8.089025
2008-10-29,8.421123
2008-10-30,8.685449
2008-10-31,8.783723
2008-11-03,8.743058
2008-11-04,9.153097
2008-11-05,8.770162
2008-11-06,8.292345
2008-11-07,8.427899
2008-11-10,8.431287
2008-11-11,8.095798
2008-11-12,7.580701
2008-11-13,8.197461
2008-11-14,7.699307
2008-11-17,7.540036
2008-11-18,7.455322
2008-11-19,7.007998
2008-11-20,6.736895
2008-11-21,6.811450
2008-11-24,7.204548
2008-11-25,7.468875
2008-11-26,7.811141
2008-11-28,7.845031
2008-12-01,7.180826
2008-12-02,7.458705
2008-12-03,7.445150
2008-12-04,7.296050
2008-12-05,7.431597
2008-12-08,7.990748
2008-12-09,7.906027
2008-12-10,8.150022
2008-12-11,7.797584
2008-12-12,7.828086
2008-12-15,7.811141
2008-12-16,8.288959
2008-12-17,8.295738
2008-12-18,7.977194
2008-12-19,7.813582
2008-12-22,7.528890
2008-12-23,7.501445
2008-12-24,7.508310
2008-12-26,7.600916
2008-12-29,7.463717
2008-12-30,7.666089
2008-12-31,7.799858
2009-01-02,8.084547
2009-01-05,8.101701
2009-01-06,8.283490
2009-01-07,8.091409
2009-01-08,8.204600
2009-01-09,8.005659
2009-01-12,7.672947
2009-01-13,7.714107
2009-01-14,7.425985
2009-01-15,7.645506
2009-01-16,7.731258
2009-01-20,7.295648
2009-01-21,7.552898
2009-01-22,7.436276
2009-01-23,7.549468
2009-01-26,7.460289
2009-01-27,7.515167
2009-01-28,7.727830
2009-01-29,7.518598
2009-01-30,7.223617
2009-02-02,7.120715
2009-02-03,7.257918
2009-02-04,7.347098
2009-02-05,7.542607
2009-02-06,7.768987
2009-02-09,7.741546
2009-02-10,7.395116
2009-02-11,7.395116
2009-02-12,7.518598
2009-02-13,7.405406
2009-02-17,7.082984
2009-02-18,7.041825
2009-02-19,6.969797
2009-02-20,7.024674
2009-02-23,6.599352
2009-02-24,6.808582
2009-02-25,6.705684
2009-02-26,6.712542
2009-02-27,6.643942
2009-03-02,6.201470
2009-03-03,6.225480
2009-03-04,6.441571
2009-03-05,6.232339
2009-03-06,6.311232
2009-03-09,6.235770
2009-03-10,6.582203
2009-03-11,6.781143
2009-03-12,6.949214
2009-03-13,6.980084
2009-03-16,7.089842
2009-03-17,7.151587
2009-03-18,7.360815
2009-03-19,7.429418
2009-03-20,7.298627
2009-03-23,7.729989
2009-03-24,7.698931
2009-03-25,7.767947
2009-03-26,8.078529
2009-03-27,7.902532
2009-03-30,7.629913
2009-03-31,7.664422
2009-04-01,7.819712
2009-04-02,8.113038
2009-04-03,8.216565
2009-04-06,8.071627
2009-04-07,7.795557
2009-04-08,7.885277
2009-04-09,8.226916
2009-04-13,8.333896
2009-04-14,8.178609
2009-04-15,8.371858
2009-04-16,8.375306
2009-04-17,8.437421
2009-04-20,8.047472
2009-04-21,8.209664
2009-04-22,8.247621
2009-04-23,8.268331
2009-04-24,8.661733
2009-04-27,8.471930
2009-04-28,8.427067
2009-04-29,8.616866
2009-04-30,8.858429
2009-05-01,8.879134
2009-05-04,9.379513
2009-05-05,9.324295
2009-05-06,9.362258
2009-05-07,9.055133
2009-05-08,9.248379
2009-05-11,9.113797
2009-05-12,9.203520
2009-05-13,8.806668
2009-05-14,8.882589
2009-05-15,8.913644
2009-05-18,9.169008
2009-05-19,9.275988
2009-05-20,9.317399
2009-05-21,9.110345
2009-05-22,9.075837
2009-05-26,9.293239
2009-05-27,8.944699
2009-05-28,9.103441
2009-05-29,9.376062
2009-06-01,9.662486
2009-06-02,9.759109
2009-06-03,9.424376
2009-06-04,9.641779
2009-06-05,9.503746
2009-06-08,9.455434
2009-06-09,9.624527
2009-06-10,9.634880
2009-06-11,9.769464
2009-06-12,9.669392
2009-06-15,9.345007
2009-06-16,9.093088
2009-06-17,8.989562
2009-06-18,9.065487
2009-06-19,9.044321
2009-06-22,8.586379
2009-06-23,8.697394
2009-06-24,8.784127
2009-06-25,8.971467
2009-06-26,8.957591
2009-06-29,9.037380
2009-06-30,8.950651
2009-07-01,8.971467
2009-07-02,8.725151
2009-07-06,8.655766
2009-07-07,8.409451
2009-07-08,8.416390
2009-07-09,8.482304
2009-07-10,8.433735
2009-07-13,8.690458
2009-07-14,8.756370
2009-07-15,9.099827
2009-07-16,9.186559
2009-07-17,9.231658
2009-07-20,9.429406
2009-07-21,9.540426
2009-07-22,9.568181
2009-07-23,9.894286
2009-07-24,9.974081
2009-07-27,9.994895
2009-07-28,9.911634
2009-07-29,9.703479
2009-07-30,9.998363
2009-07-31,10.102442
2009-08-03,10.459772
2009-08-04,10.421609
2009-08-05,10.504875
2009-08-06,10.418141
2009-08-07,10.480591
2009-08-10,10.341818
2009-08-11,10.317533
2009-08-12,10.411202
2009-08-13,10.602015
2009-08-14,10.334875
2009-08-17,9.942857
2009-08-18,10.092029
2009-08-19,10.223863
2009-08-20,10.244679
2009-08-21,10.515281
2009-08-24,10.432016
2009-08-25,10.379979
2009-08-26,10.341818
2009-08-27,10.414674
2009-08-28,10.480591
2009-08-31,10.341818
2009-09-01,10.036524
2009-09-02,10.130196
2009-09-03,10.275905
2009-09-04,10.418141
2009-09-08,10.560383
2009-09-09,10.608952
2009-09-10,10.667927
2009-09-11,10.681807
2009-09-14,10.817106
2009-09-15,11.056481
2009-09-16,11.209129
2009-09-17,11.157089
2009-09-18,11.151171
2009-09-21,11.039688
2009-09-22,11.161618
2009-09-23,10.983951
2009-09-24,10.743581
2009-09-25,10.639071
2009-09-28,10.841123
2009-09-29,10.851575
2009-09-30,10.778420
2009-10-01,10.356897
2009-10-02,10.315092
2009-10-05,10.489274
2009-10-06,10.708746
2009-10-07,10.712228
2009-10-08,10.963047
2009-10-09,10.973501
2009-10-12,11.001372
2009-10-13,11.060595
2009-10-14,11.297481
2009-10-15,11.318386
2009-10-16,11.161618
2009-10-19,11.332314
2009-10-20,11.213872
2009-10-21,11.081494
2009-10-22,11.213872
2009-10-23,10.990922
2009-10-26,10.708746
2009-10-27,10.621655
2009-10-28,10.294194
2009-10-29,10.600750
2009-10-30,10.221034
2009-11-02,10.311610
2009-11-03,10.416120
2009-11-04,10.416120
2009-11-05,10.600750
2009-11-06,10.691328
2009-11-09,11.039688
2009-11-10,11.053623
2009-11-11,11.161618
2009-11-12,11.109362
2009-11-13,11.151171
2009-11-16,11.381088
2009-11-17,11.513471
2009-11-18,11.513471
2009-11-19,11.339285
2009-11-20,11.300965
2009-11-23,11.415929
2009-11-24,11.401992
2009-11-25,11.586624
2009-11-27,11.269611
2009-11-30,11.321867
2009-12-01,11.541340
2009-12-02,11.652818
2009-12-03,11.464696
2009-12-04,11.339285
2009-12-07,11.353221
2009-12-08,11.172071
2009-12-09,11.311418
2009-12-10,11.269611
2009-12-11,11.300965
2009-12-14,11.464696
2009-12-15,11.353221
2009-12-16,11.468183
2009-12-17,11.213872
2009-12-18,11.205819
2009-12-21,11.370455
2009-12-22,11.437013
2009-12-23,11.612153
2009-12-24,11.703227
2009-12-28,11.713743
2009-12-29,11.731256
2009-12-30,11.717246
2009-12-31,11.556107
2010-01-04,11.916909
2010-01-05,11.955439
2010-01-06,12.158609
2010-01-07,12.064034
2010-01-08,12.232167
2010-01-11,12.165614
2010-01-12,11.934419
2010-01-13,12.074541
2010-01-14,11.927414
2010-01-15,11.839848
2010-01-19,12.029003
2010-01-20,11.815327
2010-01-21,11.303899
2010-01-22,11.079712
2010-01-25,11.177794
2010-01-26,11.020161
2010-01-27,10.925588
2010-01-28,10.729422
2010-01-29,10.557776
2010-02-01,10.978129
2010-02-02,11.013156
2010-02-03,10.887052
2010-02-04,10.480713
2010-02-05,10.676877
2010-02-08,10.505237
2010-02-09,10.760946
2010-02-10,10.687387
2010-02-11,10.869539
2010-02-12,10.848522
2010-02-16,11.121749
2010-02-17,11.128754
2010-02-18,11.247854
2010-02-19,11.310907
2010-02-22,11.261863
2010-02-23,11.083216
2010-02-24,11.055192
2010-02-25,11.030668
2010-02-26,11.034174
2010-03-01,11.202314
2010-03-02,11.296892
2010-03-03,11.394972
2010-03-04,11.472037
2010-03-05,11.619156
2010-03-08,11.619156
2010-03-09,11.545600
2010-03-10,11.549103
2010-03-11,11.615661
2010-03-12,11.661196
2010-03-15,11.657692
2010-03-16,11.829339
2010-03-17,11.895893
2010-03-18,11.811824
2010-03-19,11.682984
2010-03-22,11.855004
2010-03-23,12.009467
2010-03-24,11.974363
2010-03-25,11.735642
2010-03-26,11.823408
2010-03-29,11.949785
2010-03-30,11.967336
2010-03-31,11.907660
2010-04-01,12.114779
2010-04-05,12.262223
2010-04-06,12.283285
2010-04-07,12.206051
2010-04-08,12.234135
2010-04-09,12.255199
2010-04-12,12.216581
2010-04-13,12.170948
2010-04-14,12.262223
2010-04-15,12.262223
2010-04-16,12.051591
2010-04-19,12.055101
2010-04-20,12.093717
2010-04-21,12.062120
2010-04-22,12.181480
2010-04-23,12.290303
2010-04-26,12.342960
2010-04-27,11.893617
2010-04-28,12.037547
2010-04-29,12.146373
2010-04-30,11.932233
2010-05-03,11.925212
2010-05-04,11.510970
2010-05-05,11.426718
2010-05-06,11.051091
2010-05-07,10.928226
2010-05-10,11.447781
2010-05-11,11.303854
2010-05-12,11.539058
2010-05-13,11.367043
2010-05-14,11.089714
2010-05-17,11.089714
2010-05-18,10.900136
2010-05-19,10.900136
2010-05-20,10.405160
2010-05-21,10.661431
2010-05-24,10.478878
2010-05-25,10.654408
2010-05-26,10.570153
2010-05-27,10.987904
2010-05-28,10.794827
2010-06-01,10.447286
2010-06-02,10.770257
2010-06-03,10.640364
2010-06-04,10.219102
2010-06-07,10.036558
2010-06-08,10.264737
2010-06-09,10.278786
2010-06-10,10.647384
2010-06-11,10.766739
2010-06-14,10.661431
2010-06-15,10.924716
2010-06-16,10.910672
2010-06-17,10.850991
2010-06-18,10.913050
2010-06-21,10.980046
2010-06-22,10.708543
2010-06-23,10.729697
2010-06-24,10.458192
2010-06-25,10.613340
2010-06-28,10.493454
2010-06-29,10.105592
2010-06-30,10.003339
2010-07-01,9.946922
2010-07-02,9.890503
2010-07-06,9.901082
2010-07-07,10.296000
2010-07-08,10.465249
2010-07-09,10.715596
2010-07-12,10.574553
2010-07-13,10.860160
2010-07-14,10.824899
2010-07-15,10.814324
2010-07-16,10.518138
2010-07-19,10.528715
2010-07-20,10.846061
2010-07-21,10.810797
2010-07-22,11.043515
2010-07-23,11.286808
2010-07-26,11.353804
2010-07-27,11.262128
2010-07-28,11.226868
2010-07-29,11.216292
2010-07-30,11.286808
2010-08-02,11.590051
2010-08-03,11.378485
2010-08-04,11.484267
2010-08-05,11.508950
2010-08-06,11.456060
2010-08-09,11.526580
2010-08-10,11.403170
2010-08-11,11.018835
2010-08-12,11.089355
2010-08-13,11.036462
2010-08-16,11.085827
2010-08-17,11.346755
2010-08-18,11.389068
2010-08-19,11.128139
2010-08-20,11.103458
2010-08-23,10.980046
2010-08-24,10.726174
2010-08-25,10.757909
2010-08-26,10.743803
2010-08-27,11.064671
2010-08-30,10.898947
2010-08-31,10.944785
2010-09-01,11.272707
2010-09-02,11.406694
2010-09-03,11.540686
2010-09-07,11.427849
2010-09-08,11.516001
2010-09-09,11.477215
2010-09-10,11.572418
2010-09-13,11.759296
2010-09-14,11.738143
2010-09-15,11.716984
2010-09-16,11.773404
2010-09-17,11.775563
2010-09-20,11.851115
2010-09-21,11.797148
2010-09-22,11.825932
2010-09-23,11.714396
2010-09-24,12.002224
2010-09-27,11.933864
2010-09-28,11.933864
2010-09-29,11.840322
2010-09-30,11.793550
2010-10-01,11.948254
2010-10-04,11.757571
2010-10-05,12.088571
2010-10-06,12.203702
2010-10-07,12.081375
2010-10-08,12.318828
2010-10-11,12.297243
2010-10-12,12.329623
2010-10-13,12.527500
2010-10-14,12.408774
2010-10-15,12.444749
2010-10-18,12.498720
2010-10-19,12.178517
2010-10-20,12.430360
2010-10-21,12.426757
2010-10-22,12.336815
2010-10-25,12.603052
2010-10-26,12.527500
2010-10-27,12.412371
2010-10-28,12.419563
2010-10-29,12.520301
2010-11-01,12.513108
2010-11-02,12.642632
2010-11-03,12.606649
2010-11-04,13.020391
2010-11-05,13.067171
2010-11-08,13.099549
2010-11-09,12.869290
2010-11-10,12.934051
2010-11-11,13.067171
2010-11-12,12.775747
2010-11-15,12.675009
2010-11-16,12.401579
2010-11-17,12.397983
2010-11-18,12.631833
2010-11-19,12.732570
2010-11-22,12.764959
2010-11-23,12.520301
2010-11-24,12.761355
2010-11-26,12.545492
2010-11-29,12.653422
2010-11-30,12.660612
2010-12-01,13.006005
2010-12-02,13.203882
2010-12-03,13.315417
2010-12-06,13.337000
2010-12-07,13.354987
2010-12-08,13.214679
2010-12-09,13.286633
2010-12-10,13.401758
2010-12-13,13.473715
2010-12-14,13.462927
2010-12-15,13.390964
2010-12-16,13.516890
2010-12-17,13.623165
2010-12-20,13.666691
2010-12-21,13.804512
2010-12-22,13.797263
2010-12-23,13.833529
2010-12-27,13.855291
2010-12-28,13.884311
2010-12-29,13.942344
2010-12-30,13.942344
2010-12-31,13.931461
2011-01-03,14.043900
2011-01-04,13.949596
2011-01-05,13.982242
2011-01-06,13.909700
2011-01-07,13.895191
2011-01-10,13.913328
2011-01-11,14.025759
2011-01-12,14.163594
2011-01-13,14.040279
2011-01-14,14.072914
2011-01-18,14.149085
2011-01-19,13.822651
2011-01-20,13.626789
2011-01-21,13.594146
2011-01-24,13.739227
2011-01-25,13.757359
2011-01-26,14.047526
2011-01-27,13.931461
2011-01-28,13.713839
2011-01-31,13.942344
2011-02-01,14.315928
2011-02-02,14.290539
2011-02-03,14.352199
2011-02-04,14.355823
2011-02-07,14.431998
2011-02-08,14.479139
2011-02-09,14.348569
2011-02-10,14.373960
2011-02-11,14.453753
2011-02-14,14.609715
2011-02-15,14.442872
2011-02-16,14.631479
2011-02-17,14.762054
2011-02-18,14.598837
2011-02-22,14.130954
2011-02-23,14.025759
2011-02-24,13.953223
2011-02-25,14.159966
2011-02-28,14.312302
2011-03-01,13.960481
2011-03-02,14.011256
2011-03-03,14.294161
2011-03-04,14.163594
2011-03-07,13.920577
2011-03-08,14.080171
2011-03-09,13.851666
2011-03-10,13.550627
2011-03-11,13.750113
2011-03-14,13.699330
2011-03-15,13.699330
2011-03-16,13.423679
2011-03-17,13.663062
2011-03-18,13.730021
2011-03-21,13.966551
2011-03-22,13.933802
2011-03-23,14.137586
2011-03-24,14.199452
2011-03-25,14.275872
2011-03-28,14.210371
2011-03-29,14.359570
2011-03-30,14.508772
2011-03-31,14.563352
2011-04-01,14.617940
2011-04-04,14.712558
2011-04-05,14.887225
2011-04-06,14.763500
2011-04-07,14.734385
2011-04-08,14.628860
2011-04-11,14.465105
2011-04-12,14.268596
2011-04-13,14.184893
2011-04-14,14.228563
2011-04-15,14.323182
2011-04-18,14.123035
2011-04-19,14.374133
2011-04-20,14.563352
2011-04-21,14.719833
2011-04-25,14.607024
2011-04-26,14.770774
2011-04-27,14.818088
2011-04-28,14.814445
2011-04-29,14.872665
2011-05-02,14.767142
2011-05-03,14.632492
2011-05-04,14.374133
2011-05-05,14.203089
2011-05-06,14.319544
2011-05-09,14.526958
2011-05-10,14.650689
2011-05-11,14.261312
2011-05-12,14.246760
2011-05-13,14.064808
2011-05-16,14.013862
2011-05-17,13.850102
2011-05-18,14.159425
2011-05-19,14.155787
2011-05-20,14.013862
2011-05-23,13.868301
2011-05-24,13.937444
2011-05-25,14.133945
2011-05-26,14.166698
2011-05-27,14.319544
2011-05-31,14.465105
2011-06-01,14.013862
2011-06-02,14.035701
2011-06-03,13.857382
2011-06-06,13.719103
2011-06-07,13.770043
2011-06-08,13.628126
2011-06-09,13.853745
2011-06-10,13.679071
2011-06-13,13.599010
2011-06-14,13.861020
2011-06-15,13.540787
2011-06-16,13.409784
2011-06-17,13.407954
2011-06-20,13.521399
2011-06-21,13.869035
2011-06-22,13.810490
2011-06-23,13.799506
2011-06-24,13.711685
2011-06-27,13.740954
2011-06-28,14.008093
2011-06-29,14.231315
2011-06-30,14.406959
2011-07-01,14.538703
2011-07-05,14.556999
2011-07-06,14.615547
2011-07-07,14.835114
2011-07-08,14.721674
2011-07-11,14.425262
2011-07-12,14.366715
2011-07-13,14.491136
2011-07-14,14.352077
2011-07-15,14.480154
2011-07-18,14.308159
2011-07-19,14.524062
2011-07-20,14.513089
2011-07-21,14.688738
2011-07-22,14.619208
2011-07-25,14.582609
2011-07-26,14.425262
2011-07-27,14.095921
2011-07-28,14.066644
2011-07-29,13.909288
2011-08-01,13.861717
2011-08-02,13.433574
2011-08-03,13.503102
2011-08-04,12.588255
2011-08-05,12.558978
2011-08-08,11.640476
2011-08-09,12.357718
2011-08-10,11.933230
2011-08-11,12.522387
2011-08-12,12.602891
2011-08-15,12.804165
2011-08-16,12.599232
2011-08-17,12.635827
2011-08-18,11.900292
2011-08-19,11.710007
2011-08-22,11.710007
2011-08-23,12.123515
2011-08-24,12.295505
2011-08-25,12.160105
2011-08-26,12.416265
2011-08-29,12.793177
2011-08-30,12.899303
2011-08-31,12.932237
2011-09-01,12.756589
2011-09-02,12.430898
2011-09-06,12.365032
2011-09-07,12.719990
2011-09-08,12.551659
2011-09-09,12.138148
2011-09-12,12.057645
2011-09-13,12.255253
2011-09-14,12.445539
2011-09-15,12.657780
2011-09-16,12.699353
2011-09-19,12.511731
2011-09-20,12.364579
2011-09-21,11.805396
2011-09-22,11.143207
2011-09-23,11.124813
2011-09-26,11.481654
2011-09-27,11.720786
2011-09-28,11.202063
2011-09-29,11.213100
2011-09-30,10.801073
2011-10-03,10.495730
2011-10-04,10.904079
2011-10-05,11.338184
2011-10-06,11.625134
2011-10-07,11.448552
2011-10-10,11.930475
2011-10-11,11.945195
2011-10-12,12.062916
2011-10-13,12.000372
2011-10-14,12.316753
2011-10-17,11.897367
2011-10-18,12.202713
2011-10-19,11.849545
2011-10-20,11.959903
2011-10-21,12.276286
2011-10-24,12.570593
2011-10-25,12.250538
2011-10-26,12.471269
2011-10-27,13.148174
2011-10-28,13.240141
2011-10-31,12.673601
2011-11-01,12.335149
2011-11-02,12.640492
2011-11-03,12.898009
2011-11-04,12.868582
2011-11-07,12.978944
2011-11-08,13.133457
2011-11-09,12.493340
2011-11-10,12.644167
2011-11-11,12.938480
2011-11-14,12.802361
2011-11-15,12.828112
2011-11-16,12.526448
2011-11-17,12.169605
2011-11-18,12.235819
2011-11-21,12.022446
2011-11-22,11.930475
2011-11-23,11.614097
2011-11-25,11.555235
2011-11-28,11.989336
2011-11-29,12.011410
2011-11-30,12.699353
2011-12-01,12.618421
2011-12-02,12.508054
2011-12-05,12.655210
2011-12-06,12.772932
2011-12-07,12.783967
2011-12-08,12.386653
2011-12-09,12.544841
2011-12-12,12.246855
2011-12-13,12.040840
2011-12-14,11.893689
2011-12-15,11.974626
2011-12-16,12.050560
2011-12-19,11.835708
2011-12-20,12.302465
2011-12-21,12.320990
2011-12-22,12.443233
2011-12-23,12.561775
2011-12-27,12.558077
2011-12-28,12.258014
2011-12-29,12.417301
2011-12-30,12.409895
2012-01-03,12.754407
2012-01-04,12.861838
2012-01-05,12.898879
2012-01-06,12.880363
2012-01-09,12.906293
2012-01-10,13.147082
2012-01-11,13.276734
2012-01-12,13.461958
2012-01-13,13.373047
2012-01-17,13.447139
2012-01-18,13.599024
2012-01-19,13.610137
2012-01-20,13.550863
2012-01-23,13.543459
2012-01-24,13.543459
2012-01-25,13.758316
2012-01-26,13.754608
2012-01-27,13.773135
2012-01-30,13.758316
2012-01-31,13.773135
2012-02-01,13.910191
2012-02-02,13.843512
2012-02-03,14.032441
2012-02-06,13.954649
2012-02-07,13.939834
2012-02-08,13.954649
2012-02-09,13.969467
2012-02-10,13.724972
2012-02-13,13.762020
2012-02-14,13.584203
2012-02-15,13.595318
2012-02-16,13.836107
2012-02-17,13.843512
2012-02-21,13.925012
2012-02-22,13.902786
2012-02-23,13.917603
2012-02-24,13.910191
2012-02-27,13.913903
2012-02-28,13.958352
2012-02-29,13.695339
2012-03-01,13.847221
2012-03-02,13.813881
2012-03-05,13.591609
2012-03-06,13.313780
2012-03-07,13.347122
2012-03-08,13.569386
2012-03-09,13.573090
2012-03-12,13.499001
2012-03-13,13.721268
2012-03-14,13.669410
2012-03-15,13.769427
2012-03-16,13.795826
2012-03-19,13.881356
2012-03-20,13.803261
2012-03-21,13.803261
2012-03-22,13.580152
2012-03-23,13.725183
2012-03-26,13.903667
2012-03-27,13.873917
2012-03-28,13.680552
2012-03-29,13.699140
2012-03-30,13.747489
2012-04-02,13.940852
2012-04-03,13.836731
2012-04-04,13.643366
2012-04-05,13.565280
2012-04-09,13.368196
2012-04-10,13.093017
2012-04-11,13.234324
2012-04-12,13.595033
2012-04-13,13.435133
2012-04-16,13.476031
2012-04-17,13.658241
2012-04-18,13.621055
2012-04-19,13.572711
2012-04-20,13.565280
2012-04-23,13.397945
2012-04-24,13.397945
2012-04-25,13.680552
2012-04-26,13.665684
2012-04-27,13.732613
2012-04-30,13.635930
2012-05-01,13.717739
2012-05-02,13.650807
2012-05-03,13.494626
2012-05-04,13.267796
2012-05-07,13.278948
2012-05-08,13.215734
2012-05-09,13.096741
2012-05-10,13.055835
2012-05-11,13.018649
2012-05-14,12.840160
2012-05-15,12.646795
2012-05-16,12.509211
2012-05-17,12.234035
2012-05-18,12.185697
2012-05-21,12.542674
2012-05-22,12.464586
2012-05-23,12.613328
2012-05-24,12.691419
2012-05-25,12.639362
2012-05-29,12.858755
2012-05-30,12.628208
2012-05-31,12.576141
2012-06-01,12.308405
2012-06-04,12.319562
2012-06-05,12.438557
2012-06-06,12.750916
2012-06-07,12.773224
2012-06-08,12.858755
2012-06-11,12.620765
2012-06-12,12.855033
2012-06-13,12.657950
2012-06-14,12.762064
2012-06-15,12.909749
2012-06-18,12.977044
2012-06-19,13.223800
2012-06-20,13.149030
2012-06-21,12.719074
2012-06-22,12.786376
2012-06-25,12.625608
2012-06-26,12.666732
2012-06-27,12.805067
2012-06-28,12.808805
2012-06-29,13.193897
2012-07-02,13.126593
2012-07-03,13.313534
2012-07-05,13.294835
2012-07-06,13.141551
2012-07-09,13.059300
2012-07-10,12.864882
2012-07-11,12.823759
2012-07-12,12.760198
2012-07-13,12.988261
2012-07-16,12.939657
2012-07-17,13.104169
2012-07-18,13.182678
2012-07-19,13.324743
2012-07-20,13.242496
2012-07-23,13.033130
2012-07-24,12.831233
2012-07-25,12.831233
2012-07-26,12.891060
2012-07-27,13.126593
2012-07-30,13.115379
2012-07-31,13.025653
2012-08-01,13.029387
2012-08-02,12.876103
2012-08-03,13.130334
2012-08-06,13.249971
2012-08-07,13.403257
2012-08-08,13.418208
2012-08-09,13.492989
2012-08-10,13.481770
2012-08-13,13.406996
2012-08-14,13.347180
2012-08-15,13.369614
2012-08-16,13.567767
2012-08-17,13.549067
2012-08-20,13.522899
2012-08-21,13.541589
2012-08-22,13.653750
2012-08-23,13.425689
2012-08-24,13.399519
2012-08-27,13.321009
2012-08-28,13.291097
2012-08-29,13.321009
2012-08-30,13.201368
2012-08-31,13.328484
2012-09-04,13.156505
2012-09-05,13.216324
2012-09-06,13.549067
2012-09-07,13.814523
2012-09-10,13.792085
2012-09-11,13.840691
2012-09-12,13.821997
2012-09-13,14.162213
2012-09-14,14.337936
2012-09-17,14.117351
2012-09-18,14.079966
2012-09-19,14.158471
2012-09-20,14.136042
2012-09-21,14.074787
2012-09-24,14.033442
2012-09-25,13.807948
2012-09-26,13.740299
2012-09-27,13.909425
2012-09-28,13.830499
2012-10-01,13.875599
2012-10-02,13.800432
2012-10-03,13.736535
2012-10-04,13.913182
2012-10-05,13.980827
2012-10-08,13.954520
2012-10-09,13.822977
2012-10-10,13.672645
2012-10-11,13.729026
2012-10-12,13.668894
2012-10-15,13.785396
2012-10-16,14.116128
2012-10-17,14.232628
2012-10-18,14.236389
2012-10-19,13.939483
2012-10-22,14.003380
2012-10-23,13.582453
2012-10-24,13.574931
2012-10-25,13.544866
2012-10-26,13.571174
2012-10-31,13.541113
2012-11-01,13.804189
2012-11-02,13.556143
2012-11-05,13.650099
2012-11-06,13.792918
2012-11-07,13.574931
2012-11-08,13.390779
2012-11-09,13.364467
2012-11-12,13.364467
2012-11-13,13.341919
2012-11-14,13.116421
2012-11-15,13.071322
2012-11-16,13.101392
2012-11-19,13.473458
2012-11-20,13.484735
2012-11-21,13.507280
2012-11-23,13.680165
2012-11-26,13.691439
2012-11-27,13.631309
2012-11-28,13.687688
2012-11-29,13.781636
2012-11-30,13.792918
2012-12-03,13.537354
2012-12-04,13.563659
2012-12-05,13.402048
2012-12-06,13.435874
2012-12-07,13.548627
2012-12-10,13.635066
2012-12-11,13.744060
2012-12-12,13.710238
2012-12-13,13.672645
2012-12-14,13.774124
2012-12-17,13.913182
2012-12-18,14.078544
2012-12-19,14.018414
2012-12-20,14.153711
2012-12-21,14.028591
2012-12-24,14.100627
2012-12-26,14.187833
2012-12-27,14.138543
2012-12-28,13.960343
2012-12-31,14.233330
2013-01-02,14.589735
2013-01-03,14.483571
2013-01-04,14.661769
2013-01-07,14.631438
2013-01-08,14.654189
2013-01-09,14.748982
2013-01-10,14.813430
2013-01-11,14.790686
2013-01-14,14.794477
2013-01-15,14.809644
2013-01-16,14.703478
2013-01-17,14.817225
2013-01-18,14.915802
2013-01-22,15.059877
2013-01-23,14.976471
2013-01-24,15.021970
2013-01-25,15.075044
2013-01-28,14.930965
2013-01-29,15.014380
2013-01-30,14.930965
2013-01-31,14.794477
2013-02-01,14.976471
2013-02-04,14.832385
2013-02-05,14.908221
2013-02-06,14.923388
2013-02-07,14.843766
2013-02-08,14.930965
2013-02-11,14.912011
2013-02-12,14.919593
2013-02-13,14.972673
2013-02-14,14.923388
2013-02-15,14.919593
2013-02-19,14.855138
2013-02-20,14.438070
2013-02-21,14.305365
2013-02-22,14.494947
2013-02-25,14.161291
2013-02-26,14.312948
2013-02-27,14.566985
2013-02-28,14.593525
2013-03-01,14.601110
2013-03-04,14.620063
2013-03-05,14.718640
2013-03-06,14.847555
2013-03-07,14.889260
2013-03-08,15.010592
2013-03-11,15.094001
2013-03-12,15.105383
2013-03-13,15.067461
2013-03-14,15.158462
2013-03-15,15.171405
2013-03-18,15.064808
2013-03-19,15.000085
2013-03-20,15.114294
2013-03-21,14.855413
2013-03-22,14.874447
2013-03-25,14.760231
2013-03-26,14.863024
2013-03-27,14.859218
2013-03-28,14.916329
2013-04-01,14.786881
2013-04-02,14.642208
2013-04-03,14.520386
2013-04-04,14.646020
2013-04-05,14.585106
2013-04-08,14.630791
2013-04-09,14.802110
2013-04-10,14.904904
2013-04-11,14.969630
2013-04-12,14.748810
2013-04-15,14.204396
2013-04-16,14.463278
2013-04-17,14.250081
2013-04-18,14.208204
2013-04-19,14.375708
2013-04-22,14.512770
2013-04-23,14.638409
2013-04-24,14.859218
2013-04-25,15.022927
2013-04-26,14.809728
2013-04-29,15.034345
2013-04-30,15.057189
2013-05-01,14.790691
2013-05-02,14.897281
2013-05-03,15.159982
2013-05-06,15.201861
2013-05-07,15.346536
2013-05-08,15.479783
2013-05-09,15.460742
2013-05-10,15.445520
2013-05-13,15.335114
2013-05-14,15.525468
2013-05-15,15.613027
2013-05-16,15.540693
2013-05-17,15.708208
2013-05-20,15.723434
2013-05-21,15.704397
2013-05-22,15.491197
2013-05-23,15.498815
2013-05-24,15.445520
2013-05-28,15.586379
2013-05-29,15.536891
2013-05-30,15.586379
2013-05-31,15.342727
2013-06-03,15.418872
2013-06-04,15.399827
2013-06-05,15.057189
2013-06-06,15.156180
2013-06-07,15.297044
2013-06-10,15.369368
2013-06-11,15.156180
2013-06-12,15.080032
2013-06-13,15.357959
2013-06-14,15.247546
2013-06-17,15.376989
2013-06-18,15.445520
2013-06-19,15.327494
2013-06-20,14.931554
2013-06-21,14.880919
2013-06-24,14.643064
2013-06-25,14.731304
2013-06-26,14.800351
2013-06-27,14.792686
2013-06-28,14.712125
2013-07-01,14.796519
2013-07-02,14.750477
2013-07-03,14.754316
2013-07-05,14.854066
2013-07-08,14.938460
2013-07-09,15.168641
2013-07-10,15.164803
2013-07-11,15.410324
2013-07-12,15.356618
2013-07-15,15.394977
2013-07-16,15.279890
2013-07-17,15.421835
2013-07-18,15.429505
2013-07-19,15.529248
2013-07-22,15.544596
2013-07-23,15.590628
2013-07-24,15.444853
2013-07-25,15.590628
2013-07-26,15.533088
2013-07-29,15.621320
2013-07-30,15.582952
2013-07-31,15.529248
2013-08-01,15.644332
2013-08-02,15.732569
2013-08-05,15.690373
2013-08-06,15.544596
2013-08-07,15.552262
2013-08-08,15.782445
2013-08-09,15.874513
2013-08-12,15.851493
2013-08-13,15.909038
2013-08-14,15.874513
2013-08-15,15.759419
2013-08-16,15.636665
2013-08-19,15.513899
2013-08-20,15.602139
2013-08-21,15.483217
2013-08-22,15.667356
2013-08-23,15.793947
2013-08-26,15.793947
2013-08-27,15.517733
2013-08-28,15.487042
2013-08-29,15.536921
2013-08-30,15.510066
2013-09-03,15.602139
2013-09-04,15.747918
2013-09-05,15.774770
2013-09-06,15.755589
2013-09-09,15.993439
2013-09-10,16.135376
2013-09-11,16.235121
2013-09-12,16.066322
2013-09-13,16.173740
2013-09-16,16.354042
2013-09-17,16.308008
2013-09-18,16.683960
2013-09-19,16.626425
2013-09-20,16.432106
2013-09-23,16.308725
2013-09-24,16.301020
2013-09-25,16.343433
2013-09-26,16.451374
2013-09-27,16.254751
2013-09-30,16.196924
2013-10-01,16.266315
2013-10-02,16.308725
2013-10-03,16.169933
2013-10-04,16.405117
2013-10-07,16.204630
2013-10-08,15.946308
2013-10-09,15.969444
2013-10-10,16.308725
2013-10-11,16.405117
2013-10-14,16.462942
2013-10-15,16.362701
2013-10-16,16.528488
2013-10-17,16.744396
2013-10-18,16.794521
2013-10-21,16.790667
2013-10-22,17.033558
2013-10-23,16.921759
2013-10-24,17.006571
2013-10-25,17.056690
2013-10-28,16.971880
2013-10-29,17.006571
2013-10-30,16.902473
2013-10-31,16.875486
2013-11-01,16.836926
2013-11-04,16.906330
2013-11-05,16.833080
2013-11-06,16.948744
2013-11-07,16.725128
2013-11-08,17.037416
2013-11-11,17.029707
2013-11-12,16.975727
2013-11-13,17.068256
2013-11-14,17.210915
2013-11-15,17.322725
2013-11-18,17.214767
2013-11-19,17.160788
2013-11-20,17.021996
2013-11-21,17.160788
2013-11-22,17.249466
2013-11-25,17.141518
2013-11-26,17.099102
2013-11-27,17.110666
2013-11-29,17.095247
2013-12-02,17.052837
2013-12-03,16.852356
2013-12-04,16.933321
2013-12-05,16.836926
2013-12-06,17.068256
2013-12-09,17.156944
2013-12-10,17.207060
2013-12-11,16.914042
2013-12-12,16.879345
2013-12-13,16.960308
2013-12-16,17.029707
2013-12-17,17.141518
2013-12-18,17.349710
2013-12-19,17.376701
2013-12-20,17.431793
2013-12-23,17.517147
2013-12-24,17.707253
2013-12-26,17.804249
2013-12-27,17.858566
2013-12-30,17.870207
2013-12-31,17.932285
2014-01-02,17.788731
2014-01-03,17.746052
2014-01-06,17.649052
2014-01-07,17.618023
2014-01-08,17.722778
2014-01-09,17.652941
2014-01-10,17.707253
2014-01-13,17.466709
2014-01-14,17.711138
2014-01-15,17.819773
2014-01-16,17.862450
2014-01-17,17.819773
2014-01-21,17.928400
2014-01-22,17.753811
2014-01-23,17.489990
2014-01-24,17.020535
2014-01-27,16.950703
2014-01-28,17.047695
2014-01-29,17.117527
2014-01-30,17.199013
2014-01-31,17.086496
2014-02-03,16.686876
2014-02-04,16.834311
2014-02-05,16.853704
2014-02-06,17.105892
2014-02-07,17.342560
2014-02-10,17.427916
2014-02-11,17.629660
2014-02-12,17.598625
2014-02-13,17.749935
2014-02-14,17.893482
2014-02-18,17.905121
2014-02-19,17.780973
2014-02-20,17.967199
2014-02-21,17.920643
2014-02-24,17.858566
2014-02-25,17.924524
2014-02-26,18.060316
2014-02-27,18.203873
2014-02-28,18.265942
2014-03-03,18.223267
2014-03-04,18.510365
2014-03-05,18.553045
2014-03-06,18.622883
2014-03-07,18.541410
2014-03-10,18.525888
2014-03-11,18.335777
2014-03-12,18.328022
2014-03-13,18.196104
2014-03-14,18.196104
2014-03-17,18.343534
2014-03-18,18.448290
2014-03-19,18.285339
2014-03-20,18.529770
2014-03-21,18.451862
2014-03-24,18.307739
2014-03-25,18.409010
2014-03-26,18.144142
2014-03-27,18.093504
2014-03-28,18.218147
2014-03-31,18.416803
2014-04-01,18.518085
2014-04-02,18.654421
2014-04-03,18.677784
2014-04-04,18.440176
2014-04-07,18.171402
2014-04-08,18.241516
2014-04-09,18.518085
2014-04-10,18.148035
2014-04-11,17.929895
2014-04-14,18.074022
2014-04-15,18.183092
2014-04-16,18.451862
2014-04-17,18.510288
2014-04-21,18.514189
2014-04-22,18.580402
2014-04-23,18.584295
2014-04-24,18.502502
2014-04-25,18.370064
2014-04-28,18.292160
2014-04-29,18.420698
2014-04-30,18.568716
2014-05-01,18.451862
2014-05-02,18.521976
2014-05-05,18.623251
2014-05-06,18.529770
2014-05-07,18.673887
2014-05-08,18.599886
2014-05-09,18.599886
2014-05-12,18.837486
2014-05-13,18.853077
2014-05-14,18.856972
2014-05-15,18.592091
2014-05-16,18.658312
2014-05-19,18.736219
2014-05-20,18.634935
2014-05-21,18.720638
2014-05-22,18.763481
2014-05-23,18.923187
2014-05-27,18.923187
2014-05-28,18.930979
2014-05-29,19.121855
2014-05-30,19.117952
2014-06-02,19.195858
2014-06-03,19.153009
2014-06-04,19.184175
2014-06-05,19.273769
2014-06-06,19.367252
2014-06-09,19.316614
2014-06-10,19.343876
2014-06-11,19.234810
2014-06-12,19.071211
2014-06-13,19.145220
2014-06-16,19.102379
2014-06-17,19.141325
2014-06-18,19.347775
2014-06-19,19.308823
2014-06-20,19.426622
2014-06-23,19.454012
2014-06-24,19.270077
2014-06-25,19.422705
2014-06-26,19.418789
2014-06-27,19.360090
2014-06-30,19.426622
2014-07-01,19.473572
2014-07-02,19.497063
2014-07-03,19.622293
2014-07-07,19.457926
2014-07-08,19.407053
2014-07-09,19.473572
2014-07-10,19.387484
2014-07-11,19.422705
2014-07-14,19.410965
2014-07-15,19.371828
2014-07-16,19.504889
2014-07-17,19.422705
2014-07-18,19.544020
2014-07-21,19.489235
2014-07-22,19.516623
2014-07-23,19.598810
2014-07-24,19.575331
2014-07-25,19.610554
2014-07-28,19.661419
2014-07-29,19.520544
2014-07-30,19.418789
2014-07-31,19.039183
2014-08-01,19.054834
2014-08-04,19.281824
2014-08-05,19.082224
2014-08-06,19.223114
2014-08-07,19.054834
2014-08-08,19.254423
2014-08-11,19.234854
2014-08-12,19.297470
2014-08-13,19.403133
2014-08-14,19.403133
2014-08-15,19.461832
2014-08-18,19.653606
2014-08-19,19.712297
2014-08-20,19.739695
2014-08-21,19.712297
2014-08-22,19.634031
2014-08-25,19.708389
2014-08-26,19.727955
2014-08-27,19.727955
2014-08-28,19.743605
2014-08-29,19.774920
2014-09-02,19.708389
2014-09-03,19.739695
2014-09-04,19.739695
2014-09-05,19.825790
2014-09-08,19.747520
2014-09-09,19.587070
2014-09-10,19.587070
2014-09-11,19.559671
2014-09-12,19.469666
2014-09-15,19.497063
2014-09-16,19.587070
2014-09-17,19.704479
2014-09-18,19.837534
2014-09-19,19.831240
2014-09-22,19.823380
2014-09-23,19.721155
2014-09-24,19.925602
2014-09-25,19.622864
2014-09-26,19.815521
2014-09-29,19.732954
2014-09-30,19.497063
2014-10-01,19.037050
2014-10-02,18.989866
2014-10-03,19.044909
2014-10-06,19.040981
2014-10-07,18.706795
2014-10-08,18.950556
2014-10-09,18.486622
2014-10-10,18.203543
2014-10-13,17.735672
2014-10-14,17.790712
2014-10-15,17.912590
2014-10-16,18.089523
2014-10-17,18.329353
2014-10-20,18.608505
2014-10-21,19.009527
2014-10-22,18.856197
2014-10-23,18.840473
2014-10-24,18.982012
2014-10-27,18.584913
2014-10-28,18.769695
2014-10-29,18.537733
2014-10-30,18.679270
2014-10-31,19.029186
2014-11-03,18.895515
2014-11-04,18.698929
2014-11-05,18.879789
2014-11-06,19.033117
2014-11-07,19.123547
2014-11-10,19.174656
2014-11-11,19.269016
2014-11-12,19.316204
2014-11-13,19.320126
2014-11-14,19.379103
2014-11-17,19.375174
2014-11-18,19.607132
2014-11-19,19.579626
2014-11-20,19.681843
2014-11-21,19.921669
2014-11-24,19.831240
2014-11-25,19.760475
2014-11-26,19.776203
2014-11-28,19.327990
2014-12-01,19.127483
2014-12-02,19.241501
2014-12-03,19.524574
2014-12-04,19.583546
2014-12-05,19.567820
2014-12-08,19.257227
2014-12-09,19.308331
2014-12-10,18.911243
2014-12-11,18.926966
2014-12-12,18.400124
2014-12-15,18.301832
2014-12-16,18.160292
2014-12-17,18.655682
2014-12-18,19.080301
2014-12-19,19.315311
2014-12-22,19.327183
2014-12-23,19.477520
2014-12-24,19.410263
2014-12-26,19.477520
2014-12-29,19.477520
2014-12-30,19.410263
2014-12-31,19.220360
2015-01-02,19.248056
2015-01-05,18.757448
2015-01-06,18.591288
2015-01-07,18.800976
2015-01-08,19.248056
2015-01-09,19.149136
2015-01-12,19.105625
2015-01-13,18.891972
2015-01-14,18.670410
2015-01-15,18.634806
2015-01-16,18.931532
2015-01-20,18.963186
2015-01-21,19.149136
2015-01-22,19.390482
2015-01-23,19.089798
2015-01-26,19.172882
2015-01-27,19.042315
2015-01-28,18.698109
2015-01-29,18.943403
2015-01-30,18.868229
2015-02-02,19.038359
2015-02-03,19.457739
2015-02-04,19.331141
2015-02-05,19.797997
2015-02-06,19.750517
2015-02-09,19.726776
2015-02-10,19.873165
2015-02-11,19.841513
2015-02-12,20.181772
2015-02-13,20.351896
2015-02-17,20.375637
2015-02-18,20.431023
2015-02-19,20.486410
2015-02-20,20.545761
2015-02-23,20.522020
2015-02-24,20.609070
2015-02-25,20.549715
2015-02-26,20.419155
2015-02-27,20.371675
2015-03-02,20.506197
2015-03-03,20.395412
2015-03-04,20.324202
2015-03-05,20.237160
2015-03-06,19.964163
2015-03-09,19.991856
2015-03-10,19.687206
2015-03-11,19.663477
2015-03-12,19.908775
2015-03-13,19.718868
2015-03-16,19.687206
2015-03-17,19.469614
2015-03-18,19.766348
2015-03-19,19.426090
2015-03-20,19.551188
2015-03-23,19.551188
2015-03-24,19.487646
2015-03-25,19.269224
2015-03-26,19.312910
2015-03-27,19.304966
2015-03-30,19.567076
2015-03-31,19.372477
2015-04-01,19.428080
2015-04-02,19.447931
2015-04-06,19.602818
2015-04-07,19.571045
2015-04-08,19.626650
2015-04-09,19.682253
2015-04-10,19.737844
2015-04-13,19.658413
2015-04-14,19.741817
2015-04-15,19.932442
2015-04-16,19.888758
2015-04-17,19.706074
2015-04-20,19.849051
2015-04-21,19.702108
2015-04-22,19.741817
2015-04-23,19.793447
2015-04-24,19.960243
2015-04-27,20.134987
2015-04-28,20.162783
2015-04-29,20.150866
2015-04-30,20.023792
2015-05-01,20.353415
2015-05-04,20.297821
2015-05-05,20.067474
2015-05-06,20.071449
2015-05-07,20.158817
2015-05-08,20.480495
2015-05-11,20.385191
2015-05-12,20.170723
2015-05-13,20.146898
2015-05-14,20.357380
2015-05-15,20.456669
2015-05-18,20.365328
2015-05-19,20.266041
2015-05-20,20.254128
2015-05-21,20.325613
2015-05-22,20.301788
2015-05-26,20.047609
2015-05-27,20.178671
2015-05-28,20.230305
2015-05-29,20.099243
2015-06-01,20.107193
2015-06-02,20.170723
2015-06-03,20.190590
2015-06-04,19.952299
2015-06-05,19.860960
2015-06-08,19.789474
2015-06-09,19.801384
2015-06-10,20.007908
2015-06-11,20.055552
2015-06-12,19.936413
2015-06-15,19.813305
2015-06-16,19.916559
2015-06-17,19.999966
2015-06-18,20.166761
2015-06-19,20.031511
2015-06-22,20.107315
2015-06-23,20.051458
2015-06-24,19.796127
2015-06-25,19.780172
2015-06-26,19.704370
2015-06-29,19.245571
2015-06-30,19.305416
2015-07-01,19.413132
2015-07-02,19.353291
2015-07-06,19.193707
2015-07-07,19.129869
2015-07-08,18.710966
2015-07-09,18.766823
2015-07-10,19.030136
2015-07-13,19.237591
2015-07-14,19.345308
2015-07-15,19.193707
2015-07-16,19.145832
2015-07-17,19.014179
2015-07-20,18.854597
2015-07-21,18.738892
2015-07-22,18.659107
2015-07-23,18.387823
2015-07-24,17.984875
2015-07-27,17.785398
2015-07-28,18.156425
2015-07-29,18.288074
2015-07-30,18.379837
2015-07-31,18.331972
2015-08-03,18.188341
2015-08-04,18.268133
2015-08-05,18.359892
2015-08-06,18.296061
2015-08-07,18.040730
2015-08-10,18.483566
2015-08-11,18.140471
2015-08-12,18.208288
2015-08-13,18.156425
2015-08-14,18.240208
2015-08-17,18.343937
2015-08-18,18.224245
2015-08-19,18.000834
2015-08-20,17.661724
2015-08-21,17.230850
2015-08-24,16.508741
2015-08-25,16.249416
2015-08-26,16.688271
2015-08-27,17.294680
2015-08-28,17.394423
2015-08-31,17.298666
2015-09-01,16.772051
2015-09-02,17.011421
2015-09-03,17.115160
2015-09-04,16.776045
2015-09-08,17.194944
2015-09-09,17.063295
2015-09-10,17.103184
2015-09-11,17.079248
2015-09-14,16.875782
2015-09-15,16.999454
2015-09-16,17.242817
2015-09-17,17.163029
2015-09-18,16.801168
2015-09-21,16.857334
2015-09-22,16.544418
2015-09-23,16.191383
2015-09-24,16.147257
2015-09-25,16.127195
2015-09-28,15.625731
2015-09-29,15.685903
2015-09-30,16.014864
2015-10-01,16.195395
2015-10-02,16.592558
2015-10-05,17.025827
2015-10-06,17.246477
2015-10-07,17.475143
2015-10-08,17.719860
2015-10-09,17.711834
2015-10-12,17.559387
2015-10-13,17.491188
2015-10-14,17.631599
2015-10-15,17.679739
2015-10-16,17.687765
2015-10-19,17.563393
2015-10-20,17.591480
2015-10-21,17.435026
2015-10-22,17.912424
2015-10-23,18.060858
2015-10-26,17.912424
2015-10-27,17.836189
2015-10-28,18.104984
2015-10-29,18.141092
2015-10-30,18.165167
2015-11-02,18.277487
2015-11-03,18.349701
2015-11-04,18.229347
2015-11-05,18.137075
2015-11-06,18.185215
2015-11-09,18.060858
2015-11-10,17.928467
2015-11-11,17.948524
2015-11-12,17.587473
2015-11-13,17.812132
2015-11-16,18.040794
2015-11-17,18.020741
2015-11-18,18.341684
2015-11-19,18.321623
2015-11-20,18.265450
2015-11-23,18.289522
2015-11-24,18.441971
2015-11-25,18.325628
2015-11-27,18.301563
2015-11-30,18.345688
2015-12-01,18.474066
2015-12-02,18.225342
2015-12-03,18.064873
2015-12-04,18.381794
2015-12-07,18.052830
2015-12-08,17.711834
2015-12-09,18.245399
2015-12-10,18.108994
2015-12-11,17.627584
2015-12-14,17.394901
2015-12-15,17.491188
2015-12-16,17.671717
2015-12-17,17.318682
2015-12-18,17.084663
2015-12-21,17.238255
2015-12-22,17.456511
2015-12-23,17.868771
2015-12-24,17.828352
2015-12-28,17.703056
2015-12-29,17.868771
2015-12-30,17.703056
2015-12-31,17.549473
2016-01-04,17.274626
2016-01-05,17.266546
2016-01-06,16.813862
2016-01-07,16.357143
2016-01-08,16.191431
2016-01-11,15.916589
2016-01-12,15.940835
2016-01-13,15.573030
2016-01-14,15.783206
2016-01-15,15.459864
2016-01-19,15.269898
2016-01-20,15.156729
2016-01-21,15.290110
2016-01-22,15.564950
2016-01-25,15.067808
2016-01-26,15.326483
2016-01-27,15.205230
2016-01-28,15.229482
2016-01-29,15.670032
2016-02-01,15.734705
2016-02-02,15.629622
2016-02-03,16.155054
2016-02-04,16.603693
2016-02-05,16.413723
2016-02-08,15.981256
2016-02-09,16.179302
2016-02-10,16.025719
2016-02-11,15.678117
2016-02-12,16.142929
2016-02-16,16.389477
2016-02-17,16.712816
2016-02-18,16.664314
2016-02-19,16.470306
2016-02-22,16.785572
2016-02-23,16.373310
2016-02-24,16.543066
2016-02-25,16.757277
2016-02-26,16.999788
2016-02-29,16.894703
2016-03-01,17.327169
2016-03-02,17.258457
2016-03-03,17.363548
2016-03-04,17.565639
2016-03-07,17.767731
2016-03-08,17.420132
2016-03-09,17.529261
2016-03-10,17.622221
2016-03-11,17.945570
2016-03-14,17.824306
2016-03-15,17.864733
2016-03-16,18.014278
2016-03-17,18.345707
2016-03-18,18.421547
2016-03-21,18.506723
2016-03-22,18.295820
2016-03-23,18.068695
2016-03-24,18.068695
2016-03-28,18.145750
2016-03-29,18.247145
2016-03-30,18.328260
2016-03-31,18.174145
2016-04-01,18.348545
2016-04-04,18.109255
2016-04-05,17.995691
2016-04-06,18.202538
2016-04-07,17.938904
2016-04-08,18.056526
2016-04-11,18.137642
2016-04-12,18.389097
2016-04-13,18.571609
2016-04-14,18.583782
2016-04-15,18.668955
2016-04-18,18.754122
2016-04-19,19.155649
2016-04-20,19.098867
2016-04-21,19.013699
2016-04-22,19.147537
2016-04-25,19.082645
2016-04-26,19.236769
2016-04-27,19.399006
2016-04-28,19.216490
2016-04-29,19.102924
2016-05-02,19.171877
2016-05-03,18.855516
2016-05-04,18.664900
2016-05-05,18.571609
2016-05-06,18.721678
2016-05-09,18.494556
2016-05-10,18.802799
2016-05-11,18.737906
2016-05-12,18.819019
2016-05-13,18.636507
2016-05-16,18.956919
2016-05-17,18.859575
2016-05-18,18.571609
2016-05-19,18.636507
2016-05-20,18.770350
2016-05-23,18.989367
2016-05-24,19.115091
2016-05-25,19.350328
2016-05-26,19.143482
2016-05-27,19.135376
2016-05-31,19.038031
2016-06-01,19.062365
2016-06-02,19.167822
2016-06-03,19.330051
2016-06-06,19.528793
2016-06-07,19.536894
2016-06-08,19.650461
2016-06-09,19.508511
2016-06-10,19.362494
2016-06-13,19.147537
2016-06-14,19.005583
2016-06-15,19.090759
2016-06-16,19.155649
2016-06-17,19.239210
2016-06-20,19.349268
2016-06-21,19.296278
2016-06-22,19.316660
2016-06-23,19.614210
2016-06-24,18.758230
2016-06-27,18.126436
2016-06-28,18.281322
2016-06-29,18.591118
2016-06-30,18.888666
2016-07-01,18.896822
2016-07-05,18.554430
2016-07-06,18.627796
2016-07-07,18.676710
2016-07-08,19.141386
2016-07-11,19.235132
2016-07-12,19.585680
2016-07-13,19.638672
2016-07-14,19.813942
2016-07-15,19.883240
2016-07-18,20.013670
2016-07-19,19.895464
2016-07-20,19.903620
2016-07-21,19.781336
2016-07-22,19.834324
2016-07-25,19.801716
2016-07-26,19.952534
2016-07-27,19.976992
2016-07-28,19.948452
2016-07-29,19.846552
2016-08-01,19.736498
2016-08-02,19.683510
2016-08-03,19.732422
2016-08-04,19.813942
2016-08-05,19.879160
2016-08-08,19.919920
2016-08-09,19.858784
2016-08-10,19.862854
2016-08-11,19.948452
2016-08-12,19.736498
2016-08-15,19.936228
2016-08-16,19.830250
2016-08-17,19.813942
2016-08-18,19.940306
2016-08-19,19.968834
2016-08-22,19.940306
2016-08-23,20.111500
2016-08-24,19.879160
2016-08-25,19.976992
2016-08-26,19.862854
2016-08-29,20.042202
2016-08-30,19.993288
2016-08-31,19.793560
2016-09-01,19.875080
2016-09-02,20.074806
2016-09-06,20.029976
2016-09-07,20.001444
2016-09-08,19.915852
2016-09-09,19.337032
2016-09-12,19.520464
2016-09-13,19.157690
2016-09-14,19.112852
2016-09-15,19.235132
2016-09-16,19.158112
2016-09-19,19.186789
2016-09-20,19.129425
2016-09-21,19.420324
2016-09-22,19.481781
2016-09-23,19.383453
2016-09-26,19.293316
2016-09-27,19.350672
2016-09-28,19.571917
2016-09-29,19.420324
2016-09-30,19.563728
2016-10-03,19.539141
2016-10-04,19.272833
2016-10-05,19.403936
2016-10-06,19.563728
2016-10-07,19.199080
2016-10-10,19.313797
2016-10-11,19.051582
2016-10-12,19.014717
2016-10-13,18.916376
2016-10-14,18.977837
2016-10-17,18.994228
2016-10-18,19.166304
2016-10-19,19.305603
2016-10-20,19.289223
2016-10-21,19.281021
2016-10-24,19.326090
2016-10-25,19.149918
2016-10-26,19.121233
2016-10-27,19.096649
2016-10-28,19.145815
2016-10-31,19.154011
2016-11-01,19.043394
2016-11-02,18.940960
2016-11-03,18.945061
2016-11-04,19.010618
2016-11-07,19.301512
2016-11-08,19.362965
2016-11-09,19.772678
2016-11-10,20.002111
2016-11-11,19.727610
2016-11-14,19.772678
2016-11-15,19.854624
2016-11-16,19.817749
2016-11-17,19.825933
2016-11-18,19.797260
2016-11-21,20.030798
2016-11-22,20.153709
2016-11-23,20.243847
2016-11-25,20.305305
2016-11-28,20.223360
2016-11-29,20.243847
2016-11-30,20.460997
2016-12-01,20.469189
2016-12-02,20.477383
2016-12-05,20.637165
2016-12-06,20.661747
2016-12-07,20.956743
2016-12-08,21.096046
2016-12-09,21.100149
2016-12-12,21.005907
2016-12-13,20.973131
2016-12-14,20.723204
2016-12-15,20.858410
2016-12-16,20.794077
2016-12-19,20.752834
2016-12-20,20.769329
2016-12-21,20.777582
2016-12-22,20.690969
2016-12-23,20.732214
2016-12-27,20.843569
2016-12-28,20.633236
2016-12-29,20.633236
2016-12-30,20.497133
2017-01-03,20.616734
2017-01-04,20.917807
2017-01-05,20.855940
2017-01-06,20.876564
2017-01-09,20.872440
2017-01-10,20.884811
2017-01-11,21.053900
2017-01-12,21.012655
2017-01-13,20.979662
2017-01-17,20.884811
2017-01-18,21.016779
2017-01-19,20.884811
2017-01-20,21.070402
2017-01-23,21.111637
2017-01-24,21.656027
2017-01-25,21.800375
2017-01-26,21.858118
2017-01-27,21.779751
2017-01-30,21.557053
2017-01-31,21.429201
2017-02-01,21.536428
2017-02-02,21.441574
2017-02-03,21.478695
2017-02-06,21.420950
2017-02-07,21.251854
2017-02-08,21.301350
2017-02-09,21.293104
2017-02-10,21.486948
2017-02-13,21.664280
2017-02-14,21.660151
2017-02-15,21.631283
2017-02-16,21.631283
2017-02-17,21.569422
2017-02-21,21.639532
2017-02-22,21.697275
2017-02-23,21.577667
2017-02-24,21.623034
2017-02-27,21.569422
2017-02-28,21.548798
2017-03-01,21.969465
2017-03-02,21.734386
2017-03-03,21.717890
2017-03-06,21.577667
2017-03-07,21.458065
2017-03-08,21.458065
2017-03-09,21.392075
2017-03-10,21.491062
2017-03-13,21.552919
2017-03-14,21.367336
2017-03-15,21.709641
2017-03-16,21.561171
2017-03-17,21.653845
2017-03-20,21.773817
2017-03-21,21.409752
2017-03-22,21.471809
2017-03-23,21.562828
2017-03-24,21.372517
2017-03-27,21.418028
2017-03-28,21.666254
2017-03-29,21.682804
2017-03-30,21.686941
2017-03-31,21.682804
2017-04-03,21.600061
2017-04-04,21.678671
2017-04-05,21.662119
2017-04-06,21.777960
2017-04-07,21.757273
2017-04-10,21.761410
2017-04-11,21.703489
2017-04-12,21.434574
2017-04-13,21.227718
2017-04-17,21.380796
2017-04-18,21.355967
2017-04-19,21.384930
2017-04-20,21.620745
2017-04-21,21.595924
2017-04-24,21.844154
2017-04-25,22.195814
2017-04-26,22.191677
2017-04-27,22.142029
2017-04-28,21.955856
2017-05-01,21.968266
2017-05-02,22.005499
2017-05-03,21.790369
2017-05-04,21.815193
2017-05-05,22.125475
2017-05-08,21.947586
2017-05-09,21.782097
2017-05-10,21.852421
2017-05-11,21.819334
2017-05-12,21.765553
2017-05-15,21.955856
2017-05-16,21.959997
2017-05-17,21.496635
2017-05-18,21.509045
2017-05-19,21.695217
2017-05-22,21.720039
2017-05-23,21.736584
2017-05-24,21.881388
2017-05-25,21.856564
2017-05-26,21.897940
2017-05-30,21.893793
2017-05-31,21.959997
2017-06-01,22.224775
2017-06-02,22.278547
2017-06-05,22.208223
2017-06-06,22.220634
2017-06-07,22.249592
2017-06-08,22.315784
2017-06-09,22.601252
2017-06-12,22.514372
2017-06-13,22.795698
2017-06-14,22.555740
2017-06-15,22.357164
2017-06-16,22.453594
2017-06-19,22.632322
2017-06-20,22.507629
2017-06-21,22.270704
2017-06-22,22.295647
2017-06-23,22.382927
2017-06-26,22.449432
2017-06-27,22.312269
2017-06-28,22.515944
2017-06-29,22.245770
2017-06-30,22.366304
2017-07-03,22.561661
2017-07-05,22.486843
2017-07-06,22.387087
2017-07-07,22.503469
2017-07-10,22.644791
2017-07-11,22.611546
2017-07-12,22.873404
2017-07-13,22.848459
2017-07-14,22.964844
2017-07-17,23.010571
2017-07-18,22.914968
2017-07-19,23.135265
2017-07-20,22.964844
2017-07-21,22.969002
2017-07-24,22.948219
2017-07-25,23.193453
2017-07-26,23.052134
2017-07-27,22.969002
2017-07-28,22.885876
2017-07-31,22.711296
2017-08-01,22.727922
2017-08-02,22.748701
2017-08-03,22.578285
2017-08-04,22.686354
2017-08-07,22.698833
2017-08-08,22.520092
2017-08-09,22.540880
2017-08-10,22.283173
2017-08-11,22.229137
2017-08-14,22.436970
2017-08-15,22.441120
2017-08-16,22.661415
2017-08-17,22.316433
2017-08-18,22.324738
2017-08-21,22.345524
2017-08-22,22.636477
2017-08-23,22.594919
2017-08-24,22.553345
2017-08-25,22.624008
2017-08-28,22.657255
2017-08-29,22.549194
2017-08-30,22.715462
2017-08-31,22.890028
2017-09-01,23.039658
2017-09-05,22.777805
2017-09-06,22.835993
2017-09-07,22.873404
2017-09-08,22.865089
2017-09-11,23.164360
2017-09-12,23.359718
2017-09-13,23.351402
2017-09-14,23.430378
2017-09-15,23.431208
2017-09-18,23.560762
2017-09-19,23.681948
2017-09-20,23.765532
2017-09-21,23.715380
2017-09-22,23.631802
2017-09-25,23.673586
2017-09-26,23.569120
2017-09-27,23.569120
2017-09-28,23.736271
2017-09-29,23.736271
2017-10-02,23.995369
2017-10-03,24.095661
2017-10-04,24.104019
2017-10-05,24.250278
2017-10-06,24.195953
2017-10-09,24.191771
2017-10-10,24.208492
2017-10-11,24.221027
2017-10-12,24.267000
2017-10-13,24.384008
2017-10-16,24.367290
2017-10-17,24.304607
2017-10-18,24.246101
2017-10-19,24.338037
2017-10-20,24.546978
2017-10-23,24.501017
2017-10-24,24.638920
2017-10-25,24.509375
2017-10-26,24.835331
2017-10-27,24.705784
2017-10-30,24.588774
2017-10-31,24.655642
2017-11-01,24.776825
2017-11-02,24.597130
2017-11-03,24.584600
2017-11-06,24.480120
2017-11-07,24.505203
2017-11-08,24.530270
2017-11-09,24.321321
2017-11-10,24.283714
2017-11-13,24.409079
2017-11-14,24.187595
2017-11-15,24.041332
2017-11-16,24.333858
2017-11-17,24.367290
2017-11-20,24.400719
2017-11-21,24.530270
2017-11-22,24.463402
2017-11-24,24.588774
2017-11-27,24.442513
2017-11-28,24.714142
2017-11-29,24.751749
2017-11-30,24.889656
2017-12-01,24.684891
2017-12-04,24.939806
2017-12-05,24.814432
2017-12-06,24.668167
2017-12-07,24.835331
2017-12-08,24.835331
2017-12-11,24.868761
2017-12-12,24.872940
2017-12-13,24.939806
2017-12-14,24.663992
2017-12-15,24.810139
2017-12-18,25.175489
2017-12-19,25.146086
2017-12-20,25.154484
2017-12-21,25.242672
2017-12-22,25.339266
2017-12-26,25.318268
2017-12-27,25.351862
2017-12-28,25.465240
2017-12-29,25.419048
2018-01-02,25.780195
2018-01-03,25.960772
2018-01-04,26.187540
2018-01-05,26.397511
2018-01-08,26.435303
2018-01-09,26.393312
2018-01-10,26.233738
2018-01-11,26.578085
2018-01-12,26.620081
2018-01-16,26.309328
2018-01-17,26.431105
2018-01-18,26.414309
2018-01-19,26.573887
2018-01-22,26.510897
2018-01-23,26.506697
2018-01-24,26.620081
2018-01-25,26.796457
2018-01-26,26.914040
2018-01-29,26.607487
2018-01-30,26.414309
2018-01-31,26.435303
2018-02-01,26.074150
2018-02-02,25.389650
2018-02-05,24.419590
2018-02-06,25.217474
2018-02-07,24.990707
2018-02-08,24.113033
2018-02-09,24.532976
2018-02-12,25.028498
2018-02-13,24.965511
2018-02-14,25.301464
2018-02-15,25.490440
2018-02-16,25.398058
2018-02-20,25.284666
2018-02-21,25.196484
2018-02-22,25.364454
2018-02-23,25.738201
2018-02-26,25.851591
2018-02-27,25.494633
2018-02-28,25.041101
2018-03-01,24.784937
2018-03-02,24.759741
2018-03-05,25.087299
2018-03-06,25.364454
2018-03-07,25.272074
2018-03-08,25.293062
2018-03-09,25.750809
2018-03-12,25.687813
2018-03-13,25.582823
2018-03-14,25.267868
2018-03-15,24.936115
2018-03-16,24.934431
2018-03-19,24.576115
2018-03-20,24.550823
2018-03-21,24.829044
2018-03-22,24.087126
2018-03-23,23.614990
2018-03-26,24.099770
2018-03-27,23.855270
2018-03-28,23.551760
2018-03-29,24.002810
2018-04-02,23.480103
2018-04-03,23.813118
2018-04-04,23.969095
2018-04-05,24.415924
2018-04-06,23.821545
2018-04-09,23.952223
2018-04-10,24.445440
2018-04-11,24.264168
2018-04-12,24.521313
2018-04-13,24.496023
2018-04-16,24.824829
2018-04-17,25.107260
2018-04-18,25.288525
2018-04-19,25.006092
2018-04-20,24.871206
2018-04-23,24.799538
2018-04-24,24.129282
2018-04-25,24.259960
2018-04-26,24.411715
2018-04-27,24.348484
2018-04-30,24.032318
2018-05-01,24.011240
2018-05-02,23.956440
2018-05-03,24.066048
2018-05-04,24.365345
2018-05-07,24.356911
2018-05-08,24.306322
2018-05-09,24.656210
2018-05-10,24.833258
2018-05-11,24.824829
2018-05-14,24.921782
2018-05-15,24.845901
2018-05-16,25.140991
2018-05-17,25.200005
2018-05-18,25.233730
2018-05-21,25.368620
2018-05-22,25.157846
2018-05-23,25.098835
2018-05-24,25.010305
2018-05-25,24.875416
2018-05-29,24.445440
2018-05-30,24.732090
2018-05-31,24.525532
2018-06-01,24.900711
2018-06-04,25.044029
2018-06-05,25.233730
2018-06-06,25.701653
2018-06-07,25.570963
2018-06-08,25.642626
2018-06-11,25.680565
2018-06-12,25.714293
2018-06-13,25.436075
2018-06-14,25.474007
2018-06-15,25.296137
2018-06-18,25.232609
2018-06-19,24.770983
2018-06-20,24.690521
2018-06-21,24.427946
2018-06-22,24.783695
2018-06-25,24.398296
2018-06-26,24.491474
2018-06-27,24.415239
2018-06-28,24.508411
2018-06-29,24.593111
2018-07-02,24.461821
2018-07-03,24.419474
2018-07-05,24.631231
2018-07-06,24.754049
2018-07-09,24.974277
2018-07-10,25.186024
2018-07-11,24.762512
2018-07-12,24.821808
2018-07-13,24.809105
2018-07-16,24.610056
2018-07-17,24.931917
2018-07-18,24.698984
2018-07-19,24.787924
2018-07-20,24.686287
2018-07-23,24.550756
2018-07-24,24.868393
2018-07-25,25.063210
2018-07-26,25.207199
2018-07-27,25.114021
2018-07-30,25.067440
2018-07-31,25.296137
2018-08-01,25.037798
2018-08-02,24.872625
2018-08-03,25.109795
2018-08-06,25.101322
2018-08-07,25.186024
2018-08-08,25.080149
2018-08-09,25.215673
2018-08-10,24.851446
2018-08-13,24.601583
2018-08-14,24.809105
2018-08-15,24.415239
2018-08-16,24.563465
2018-08-17,24.745579
2018-08-20,24.919210
2018-08-21,25.016621
2018-08-22,24.889574
2018-08-23,24.720160
2018-08-24,25.042030
2018-08-27,25.385069
2018-08-28,25.287668
2018-08-29,25.478249
2018-08-30,25.177555
2018-08-31,25.101322
2018-09-04,24.927683
2018-09-05,25.092854
2018-09-06,25.143675
2018-09-07,24.978502
2018-09-10,25.008150
2018-09-11,25.058969
2018-09-12,25.071676
2018-09-13,25.169083
2018-09-14,25.160612
2018-09-17,25.249554
2018-09-18,25.274958
2018-09-19,25.550238
2018-09-20,25.825521
2018-09-21,25.769785
2018-09-24,25.408081
2018-09-25,25.276171
2018-09-26,25.025112
2018-09-27,24.808094
2018-09-28,24.650650
2018-10-01,24.897451
2018-10-02,25.003838
2018-10-03,24.825113
2018-10-04,24.710222
2018-10-05,24.527245
2018-10-08,24.514479
2018-10-09,23.701727
2018-10-10,23.080463
2018-10-11,22.812382
2018-10-12,22.876202
2018-10-15,22.799618
2018-10-16,23.165569
2018-10-17,23.016636
2018-10-18,22.757063
2018-10-19,22.595366
2018-10-22,22.416645
2018-10-23,22.195372
2018-10-24,21.493254
2018-10-25,21.769840
2018-10-26,21.642187
2018-10-29,21.591122
2018-10-30,22.084736
2018-10-31,22.386854
2018-11-01,23.016636
2018-11-02,22.961315
2018-11-05,23.029398
2018-11-06,23.408119
2018-11-07,23.829386
2018-11-08,23.727261
2018-11-09,23.395350
2018-11-12,23.050678
2018-11-13,22.982588
2018-11-14,22.957060
2018-11-15,23.271946
2018-11-16,23.505985
2018-11-19,23.169823
2018-11-20,22.748558
2018-11-21,22.931526
2018-11-23,22.684725
2018-11-26,22.944294
2018-11-27,22.663445
2018-11-28,23.012384
2018-11-29,23.178331
2018-11-30,23.237915
2018-12-03,23.646408
2018-12-04,22.944294
2018-12-06,22.633661
2018-12-07,22.088991
2018-12-10,22.148560
2018-12-11,22.076220
2018-12-12,22.267712
2018-12-13,22.008141
2018-12-14,21.837933
2018-12-17,21.463465
2018-12-18,21.582619
2018-12-19,21.289001
2018-12-20,21.003893
2018-12-21,20.815023
2018-12-24,20.275377
2018-12-26,21.183353
2018-12-27,21.573107
2018-12-28,21.457460
2018-12-31,21.637346
2019-01-02,21.748697
2019-01-03,21.131958
2019-01-04,21.962845
2019-01-07,22.039940
2019-01-08,22.271217
2019-01-09,22.279781
2019-01-10,22.476799
2019-01-11,22.386858
2019-01-14,22.215538
2019-01-15,22.069920
2019-01-16,22.155579
2019-01-17,22.545326
2019-01-18,22.917942
2019-01-22,22.601006
2019-01-23,22.446817
2019-01-24,22.326899
2019-01-25,22.750906
2019-01-28,22.716650
2019-01-29,22.952208
2019-01-30,23.196333
2019-01-31,22.849415
2019-02-01,22.917942
2019-02-04,22.879391
2019-02-05,23.046425
2019-02-06,22.909374
2019-02-07,22.592442
2019-02-08,22.571020
2019-02-11,22.605282
2019-02-12,23.110668
2019-02-13,23.140654
2019-02-14,23.020731
2019-02-15,23.333385
2019-02-19,23.479006
2019-02-20,23.881601
2019-02-21,23.787373
2019-02-22,23.890165
2019-02-25,24.044353
2019-02-26,23.907293
2019-02-27,23.868750
2019-02-28,23.577513
2019-03-01,23.547535
2019-03-04,23.654602
2019-03-05,23.543249
2019-03-06,23.594639
2019-03-07,23.401907
2019-03-08,23.440456
2019-03-11,23.774530
2019-03-12,23.864464
2019-03-13,23.980104
2019-03-14,23.800222
2019-03-15,23.829901
2019-03-18,23.885830
2019-03-19,23.855713
2019-03-20,23.834204
2019-03-21,24.087988
2019-03-22,23.369648
2019-03-25,23.326639
2019-03-26,23.468586
2019-03-27,23.438475
2019-03-28,23.666449
2019-03-29,23.872919
2019-04-01,24.229937
2019-04-02,24.311661
2019-04-03,24.629965
2019-04-04,24.879454
2019-04-05,24.870852
2019-04-08,24.879454
2019-04-09,24.698792
2019-04-10,24.685886
2019-04-11,24.672983
2019-04-12,24.999886
2019-04-15,24.883755
2019-04-16,24.995586
2019-04-17,24.840742
2019-04-18,24.870852
2019-04-22,24.703094
2019-04-23,24.814928
2019-04-24,24.660080
2019-04-25,24.346075
2019-04-26,24.548246
2019-04-29,24.500927
2019-04-30,24.711699
2019-05-01,24.264347
2019-05-02,24.139603
2019-05-03,24.376186
2019-05-06,24.027769
2019-05-07,23.606230
2019-05-08,23.584719
2019-05-09,23.399761
2019-05-10,23.718065
2019-05-13,23.184690
2019-05-14,23.382557
2019-05-15,23.322338
2019-05-16,23.649244
2019-05-17,23.507305
2019-05-20,23.171782
2019-05-21,23.528797
2019-05-22,23.365355
2019-05-23,23.008329
2019-05-24,23.137373
2019-05-28,22.905098
2019-05-29,22.909395
2019-05-30,22.948112
2019-05-31,22.690031
2019-06-03,23.404060
2019-06-04,24.062181
2019-06-05,24.238537
2019-06-06,24.526730
2019-06-07,24.746109
2019-06-10,24.789125
2019-06-11,24.771923
2019-06-12,24.853638
2019-06-13,24.999886
2019-06-14,24.892363
2019-06-17,24.664375
2019-06-18,24.857946
2019-06-19,24.720299
2019-06-20,25.034307
2019-06-21,24.954679
2019-06-24,25.049881
2019-06-25,25.062860
2019-06-26,25.019592
2019-06-27,25.101809
2019-06-28,25.313837
2019-07-01,25.508564
2019-07-02,25.482588
2019-07-03,25.612408
2019-07-05,25.495577
2019-07-08,25.201332
2019-07-09,24.954679
2019-07-10,24.902756
2019-07-11,25.010939
2019-07-12,25.257578
2019-07-15,25.274891
2019-07-16,25.335474
2019-07-17,25.110460
2019-07-18,25.218637
2019-07-19,25.274891
2019-07-22,25.209984
2019-07-23,25.729239
2019-07-24,25.711933
2019-07-25,25.525869
2019-07-26,25.556156
2019-07-29,25.469616
2019-07-30,25.638371
2019-07-31,25.244598
2019-08-01,25.101809
2019-08-02,24.807562
2019-08-05,24.340227
2019-08-06,24.370518
2019-08-07,24.708035
2019-08-08,25.179691
2019-08-09,24.980650
2019-08-12,24.591202
2019-08-13,24.855162
2019-08-14,24.067619
2019-08-15,24.076265
2019-08-16,24.500332
2019-08-19,24.695061
2019-08-20,24.405134
2019-08-21,24.530628
2019-08-22,24.366192
2019-08-23,23.777695
2019-08-26,23.855589
2019-08-27,23.872898
2019-08-28,24.058960
2019-08-29,24.366192
2019-08-30,24.530628
2019-09-03,24.335903
2019-09-04,24.634468
2019-09-05,24.673420
2019-09-06,24.768621
2019-09-09,24.638798
2019-09-10,24.881128
2019-09-11,25.119116
2019-09-12,25.313837
2019-09-13,25.590773
2019-09-16,25.171038
2019-09-17,25.374422
2019-09-18,25.387402
2019-09-19,25.430672
2019-09-20,25.371521
2019-09-23,25.310644
2019-09-24,25.093199
2019-09-25,25.223658
2019-09-26,25.167130
2019-09-27,25.097546
2019-09-30,25.310644
2019-10-01,24.714840
2019-10-02,24.271252
2019-10-03,24.358229
2019-10-04,24.488699
2019-10-07,24.401722
2019-10-08,23.975529
2019-10-09,24.245157
2019-10-10,24.466949
2019-10-11,24.940981
2019-10-14,24.762674
2019-10-15,24.936630
2019-10-16,24.988821
2019-10-17,25.054058
2019-10-18,25.010565
2019-10-21,24.932287
2019-10-22,24.827915
2019-10-23,24.984470
2019-10-24,25.062754
2019-10-25,25.336733
2019-10-28,25.415016
2019-10-29,25.571571
2019-10-30,25.593315
2019-10-31,25.306288
2019-11-01,25.662903
2019-11-04,25.862951
2019-11-05,25.906445
2019-11-06,25.889042
2019-11-07,26.063002
2019-11-08,26.167376
2019-11-11,26.128239
2019-11-12,26.263046
2019-11-13,26.110836
2019-11-14,26.271749
2019-11-15,26.250008
2019-11-18,26.184772
2019-11-19,26.128239
2019-11-20,25.802065
2019-11-21,25.758581
2019-11-22,25.802065
2019-11-25,25.971672
2019-11-26,26.102142
2019-11-27,26.206518
2019-11-29,26.110836
2019-12-02,25.849905
2019-12-03,25.684645
2019-12-04,25.741179
2019-12-05,25.871653
2019-12-06,26.136932
2019-12-09,26.084747
2019-12-10,25.928186
2019-12-11,26.123882
2019-12-12,26.489197
2019-12-13,26.284794
2019-12-16,26.397869
2019-12-17,26.437006
2019-12-18,26.402214
2019-12-19,26.493544
2019-12-20,26.622107
2019-12-23,26.696442
2019-12-24,26.727055
2019-12-26,26.845121
2019-12-27,26.744545
2019-12-30,26.661469
2019-12-31,26.858236
2020-01-02,26.543396
2020-01-03,26.114853
2020-01-06,26.001150
2020-01-07,25.970545
2020-01-08,26.062378
2020-01-09,26.158579
2020-01-10,26.053635
2020-01-13,26.390341
2020-01-14,26.281025
2020-01-15,26.460308
2020-01-16,26.617735
2020-01-17,26.735804
2020-01-21,26.447189
2020-01-22,26.342249
2020-01-23,26.311632
2020-01-24,26.123604
2020-01-27,25.559498
2020-01-28,25.848106
2020-01-29,25.931190
2020-01-30,25.769396
2020-01-31,25.200924
2020-02-03,25.730038
2020-02-04,26.184818
2020-02-05,26.670214
2020-02-06,26.657085
2020-02-07,26.276651
2020-02-10,26.263529
2020-02-11,26.407833
2020-02-12,26.552143
2020-02-13,26.455942
2020-02-14,26.460308
2020-02-18,26.394716
2020-02-19,26.464680
2020-02-20,26.508410
2020-02-21,26.385973
2020-02-24,25.642582
2020-02-25,24.536245
2020-02-26,24.453157
2020-02-27,23.307461
2020-02-28,23.053833
2020-03-02,24.042107
2020-03-03,23.832205
2020-03-04,24.820478
2020-03-05,24.033365
2020-03-06,23.408037
2020-03-09,21.217228
2020-03-10,22.078682
2020-03-11,21.029190
2020-03-12,19.004545
2020-03-13,20.338272
2020-03-16,18.099360
2020-03-17,19.218813
2020-03-18,17.990036
2020-03-19,18.449188
2020-03-20,17.788889
2020-03-23,16.882057
2020-03-24,18.867403
2020-03-25,19.307611
2020-03-26,20.214443
2020-03-27,19.483692
2020-03-30,20.104383
2020-03-31,19.827057
2020-04-01,18.933430
2020-04-02,19.219563
2020-04-03,18.757349
2020-04-06,20.152815
2020-04-07,20.689869
2020-04-08,21.702347
2020-04-09,22.635597
2020-04-13,22.138161
2020-04-14,22.424294
2020-04-15,21.394207
2020-04-16,21.270948
2020-04-17,22.124956
2020-04-20,21.579092
2020-04-21,21.046438
2020-04-22,21.460236
2020-04-23,21.609905
2020-04-24,21.948870
2020-04-27,22.534349
2020-04-28,22.952547
2020-04-29,23.538029
2020-04-30,22.838093
2020-05-01,22.358267
2020-05-04,22.437502
2020-05-05,22.494728
2020-05-06,22.107342
2020-05-07,22.560759
2020-05-08,23.102221
2020-05-11,22.750048
2020-05-12,22.402283
2020-05-13,21.931259
2020-05-14,22.199787
2020-05-15,22.393482
2020-05-18,23.414762
2020-05-19,23.190256
2020-05-20,23.560036
2020-05-21,23.335533
2020-05-22,23.300314
2020-05-26,23.938618
2020-05-27,24.180733
2020-05-28,24.405245
2020-05-29,24.409639
2020-06-01,24.576925
2020-06-02,25.021528
2020-06-03,25.589407
2020-06-04,25.681847
2020-06-05,26.337763
2020-06-08,26.372974
2020-06-09,26.051624
2020-06-10,25.756689
2020-06-11,23.766935
2020-06-12,24.229155
2020-06-15,24.484478
2020-06-16,24.995121
2020-06-17,24.788221
2020-06-18,24.805828
2020-06-19,24.730991
2020-06-22,24.822620
2020-06-23,24.880161
2020-06-24,24.154257
2020-06-25,24.455236
2020-06-26,24.118839
2020-06-29,24.588028
2020-06-30,24.942125
2020-07-01,24.995245
2020-07-02,25.464428
2020-07-06,25.827379
2020-07-07,25.836237
2020-07-08,25.468857
2020-07-09,25.229836
2020-07-10,25.668043
2020-07-13,25.668043
2020-07-14,26.314280
2020-07-15,26.756907
2020-07-16,26.845430
2020-07-17,27.071178
2020-07-20,26.836580
2020-07-21,27.071178
2020-07-22,27.385443
2020-07-23,27.301340
2020-07-24,27.208391
2020-07-27,27.602325
2020-07-28,26.995930
2020-07-29,27.217239
2020-07-30,26.690517
2020-07-31,26.717072
2020-08-03,26.566574
2020-08-04,26.942812
2020-08-05,27.336744
2020-08-06,27.221666
2020-08-07,27.314619
2020-08-10,27.580196
2020-08-11,27.531511
2020-08-12,27.695280
2020-08-13,27.690855
2020-08-14,27.721836
2020-08-17,27.845768
2020-08-18,27.730694
2020-08-19,27.651014
2020-08-20,27.553637
2020-08-21,27.394291
2020-08-24,27.876759
2020-08-25,27.766106
2020-08-26,28.058235
2020-08-27,27.982988
2020-08-28,28.314959
2020-08-31,27.881182
2020-09-01,28.664640
2020-09-02,29.315306
2020-09-03,28.505293
2020-09-04,28.522993
2020-09-08,27.987413
2020-09-09,28.708902
2020-09-10,28.438894
2020-09-11,28.801847
2020-09-14,29.217926
2020-09-15,29.359564
2020-09-16,29.381695
2020-09-17,29.598589
2020-09-18,29.089558
2020-09-21,28.110304
2020-09-22,28.163668
2020-09-23,27.336506
2020-09-24,27.532177
2020-09-25,27.776764
2020-09-28,28.225924
2020-09-29,28.016914
2020-09-30,28.301529
2020-10-01,27.901287
2020-10-02,28.150322
2020-10-05,28.688431
2020-10-06,28.328211
2020-10-07,29.057537
2020-10-08,29.351051
2020-10-09,29.577852
2020-10-12,29.528938
2020-10-13,29.266552
2020-10-14,29.351051
2020-10-15,29.266552
2020-10-16,29.471123
2020-10-19,29.128698
2020-10-20,29.195396
2020-10-21,29.084221
2020-10-22,29.244316
2020-10-23,29.351051
2020-10-26,28.617275
2020-10-27,28.345999
2020-10-28,27.545517
2020-10-29,28.114754
2020-10-30,28.096958
2020-11-02,29.030859
2020-11-03,29.484457
2020-11-04,28.981936
2020-11-05,30.164875
2020-11-06,30.240479
2020-11-09,30.920881
2020-11-10,31.285555
2020-11-11,30.818604
2020-11-12,30.169331
2020-11-13,30.689629
2020-11-16,31.294447
2020-11-17,31.178820
2020-11-18,30.920881
2020-11-19,31.049858
2020-11-20,31.023176
2020-11-23,31.281099
2020-11-24,32.059345
2020-11-25,31.725809
2020-11-27,31.890362
2020-11-30,31.570158
2020-12-01,31.917051
2020-12-02,31.507908
2020-12-03,31.289989
2020-12-04,31.921490
2020-12-07,31.712473
2020-12-08,31.890362
2020-12-09,31.908144
2020-12-10,31.712473
2020-12-11,31.530148
2020-12-14,31.129900
2020-12-15,31.694681
2020-12-16,31.605742
2020-12-17,31.970417
2020-12-18,32.112717
2020-12-21,31.942438
2020-12-22,31.745781
2020-12-23,31.790480
2020-12-24,31.991600
2020-12-28,31.866457
2020-12-29,31.790480
2020-12-30,32.228481
2020-12-31,32.353615
2021-01-04,32.045231
2021-01-05,32.764790
2021-01-06,34.105595
2021-01-07,34.360352
2021-01-08,34.194988
2021-01-11,34.194988
2021-01-12,34.628513
2021-01-13,34.275429
2021-01-14,34.159229
2021-01-15,33.672066
2021-01-19,33.788277
2021-01-20,33.900021
2021-01-21,33.403919
2021-01-22,33.243011
2021-01-25,33.068714
2021-01-26,32.612843
2021-01-27,31.651937
2021-01-28,32.197197
2021-01-29,31.571484
2021-02-01,31.942438
2021-02-02,32.362556
2021-02-03,32.425137
2021-02-04,32.308922
2021-02-05,32.863121
2021-02-08,33.135750
2021-02-09,32.889935
2021-02-10,32.854187
2021-02-11,32.885471
2021-02-12,33.225128
2021-02-16,33.162560
2021-02-17,33.144691
2021-02-18,32.939102
2021-02-19,33.542473
2021-02-22,33.672066
2021-02-23,33.788277
2021-02-24,34.083256
2021-02-25,33.296650
2021-02-26,32.872078
2021-03-01,33.703362
2021-03-02,33.891060
2021-03-03,33.555882
2021-03-04,32.903347
2021-03-05,33.658665
2021-03-08,34.110065
2021-03-09,34.320126
2021-03-10,34.887745
2021-03-11,35.075439
2021-03-12,35.169308
2021-03-15,35.209526
2021-03-16,34.919018
2021-03-17,35.231880
2021-03-18,35.035225
2021-03-19,34.860916
2021-03-22,34.882477
2021-03-23,34.155365
2021-03-24,34.402225
2021-03-25,34.900414
2021-03-26,35.766647
2021-03-29,35.645454
2021-03-30,35.542240
2021-03-31,35.367188
2021-04-01,35.676884
2021-04-05,36.116726
2021-04-06,36.197510
2021-04-07,35.573650
2021-04-08,35.618530
2021-04-09,35.928215
2021-04-12,36.053890
2021-04-13,35.968613
2021-04-14,36.228931
2021-04-15,36.655312
2021-04-16,37.099651
2021-04-19,36.929092
2021-04-20,36.574516
2021-04-21,37.238773
2021-04-22,36.610432
2021-04-23,37.211849
2021-04-26,37.431770
2021-04-27,37.333035
2021-04-28,37.436264
2021-04-29,37.669640
2021-04-30,37.270206
2021-05-03,37.826729
2021-05-04,38.239639
2021-05-05,38.724377
2021-05-06,39.052021
2021-05-07,39.438004
2021-05-10,39.262974
2021-05-11,39.393124
2021-05-12,38.401234
2021-05-13,38.989185
2021-05-14,39.455959
2021-05-17,39.801556
2021-05-18,39.361713
2021-05-19,38.760292
2021-05-20,38.782734
2021-05-21,38.867996
2021-05-24,39.213593
2021-05-25,38.881462
2021-05-26,38.894936
2021-05-27,39.204624
2021-05-28,39.164234
2021-06-01,39.711784
2021-06-02,39.379665
2021-06-03,39.370693
2021-06-04,39.455959
2021-06-07,38.975719
2021-06-08,39.047543
2021-06-09,38.742332
2021-06-10,38.508945
2021-06-11,38.652569
2021-06-14,38.176819
2021-06-15,38.096027
2021-06-16,37.674133
2021-06-17,36.834831
2021-06-18,36.237900
2021-06-21,36.990238
2021-06-22,37.139000
2021-06-23,36.900089
2021-06-24,37.017292
2021-06-25,37.021797
2021-06-28,37.021797
2021-06-29,37.003765
2021-06-30,37.102943
2021-07-01,37.305771
2021-07-02,37.359879
2021-07-06,36.805424
2021-07-07,37.188572
2021-07-08,36.683720
2021-07-09,37.404961
2021-07-12,37.526661
2021-07-13,37.184074
2021-07-14,37.107437
2021-07-15,37.111946
2021-07-16,36.552998
2021-07-19,35.768650
2021-07-20,36.174347
2021-07-21,36.571026
2021-07-22,36.584553
2021-07-23,36.841496
2021-07-26,37.152515
2021-07-27,37.202095
2021-07-28,37.310291
2021-07-29,37.720493
2021-07-30,37.873760
2021-08-02,37.413963
2021-08-03,37.801628
2021-08-04,37.441017
2021-08-05,37.386921
2021-08-06,37.927845
2021-08-09,37.882763
2021-08-10,38.455238
2021-08-11,38.996162
2021-08-12,38.933064
2021-08-13,38.969124
2021-08-16,38.775284
2021-08-17,38.329041
2021-08-18,37.882763
2021-08-19,37.544697
2021-08-20,37.765564
2021-08-23,38.090122
2021-08-24,38.329041
2021-08-25,38.504826
2021-08-26,38.238880
2021-08-27,38.743744
2021-08-30,38.703175
2021-08-31,38.590481
2021-09-01,38.491310
2021-09-02,38.739239
2021-09-03,38.482288
2021-09-07,38.229870
2021-09-08,37.864742
2021-09-09,37.878265
2021-09-10,37.869244
2021-09-13,37.860229
2021-09-14,37.445526
2021-09-15,37.842197
2021-09-16,37.432011
2021-09-17,36.661190
2021-09-20,35.956703
2021-09-21,35.870689
2021-09-22,36.241947
2021-09-23,36.758060
2021-09-24,36.703743
2021-09-27,36.988968
2021-09-28,36.531693
2021-09-29,36.382298
2021-09-30,35.816364
2021-10-01,36.386822
2021-10-04,36.228359
2021-10-05,36.549797
2021-10-06,36.481895
2021-10-07,36.957264
2021-10-08,36.753536
2021-10-11,36.758060
2021-10-12,36.807861
2021-10-13,37.084042
2021-10-14,37.984989
2021-10-15,38.098186
2021-10-18,38.071018
2021-10-19,38.270222
2021-10-20,38.578079
2021-10-21,38.478485
2021-10-22,38.406048
2021-10-25,38.790878
2021-10-26,38.899540
2021-10-27,38.342663
2021-10-28,38.722965
2021-10-29,38.537346
2021-11-01,38.627884
2021-11-02,39.067051
2021-11-03,39.474518
2021-11-04,39.451881
2021-11-05,39.759747
2021-11-08,40.257755
2021-11-09,40.443382
2021-11-10,40.167210
2021-11-11,40.488659
2021-11-12,40.791992
2021-11-15,40.606369
2021-11-16,40.493176
2021-11-17,40.226070
2021-11-18,40.054031
2021-11-19,39.981583
2021-11-22,40.044968
2021-11-23,40.085712
2021-11-24,39.800491
2021-11-26,39.116840
2021-11-29,39.297947
2021-11-30,38.324551
2021-12-01,37.935200
2021-12-02,38.709385
2021-12-03,38.623356
2021-12-06,39.189281
2021-12-07,39.786907
2021-12-08,39.954414
2021-12-09,39.732586
2021-12-10,39.977051
2021-12-13,39.737099
2021-12-14,39.696365
2021-12-15,39.782375
2021-12-16,40.189846
2021-12-17,39.687302
2021-12-20,38.978355
2021-12-21,39.469791
2021-12-22,39.783772
2021-12-23,40.184196
2021-12-27,40.789394
2021-12-28,41.026020
2021-12-29,41.194378
2021-12-30,41.048771
2021-12-31,41.230782
2022-01-03,40.693844
2022-01-04,41.194378
2022-01-05,41.189819
2022-01-06,40.671082
2022-01-07,40.634686
2022-01-10,40.220604
2022-01-11,40.661995
2022-01-12,41.071518
2022-01-13,40.752991
2022-01-14,40.407166
2022-01-18,39.874779
2022-01-19,39.774670
2022-01-20,39.196777
2022-01-21,38.241196
2022-01-24,38.263954
2022-01-25,37.918121
2022-01-26,37.522240
2022-01-27,37.649651
2022-01-28,37.868073
2022-01-31,38.427761
2022-02-01,39.019302
2022-02-02,39.142170
2022-02-03,38.459614
2022-02-04,37.822575
2022-02-07,37.635998
2022-02-08,38.218437
2022-02-09,39.051163
2022-02-10,38.823639
2022-02-11,38.223003
2022-02-14,37.909016
2022-02-15,38.605228
2022-02-16,38.887348
2022-02-17,38.223003
2022-02-18,38.159294
2022-02-22,37.617798
2022-02-23,37.135460
2022-02-24,37.026249
2022-02-25,38.377712
2022-02-28,37.940876
2022-03-01,37.067207
2022-03-02,37.881725
2022-03-03,37.927223
2022-03-04,37.795269
2022-03-07,36.484764
2022-03-08,36.298195
2022-03-09,37.422142
2022-03-10,37.522240
2022-03-11,37.244671
2022-03-14,37.190067
2022-03-15,37.617798
2022-03-16,38.209351
2022-03-17,38.941952
2022-03-18,39.178574
2022-03-21,39.504238
2022-03-22,39.718910
2022-03-23,39.536209
2022-03-24,40.330944
2022-03-25,40.783134
2022-03-28,40.600433
2022-03-29,40.942993
2022-03-30,40.805965
2022-03-31,40.262440
2022-04-01,40.687214
2022-04-04,40.696350
2022-04-05,40.372059
2022-04-06,39.906181
2022-04-07,40.166531
2022-04-08,40.413166
2022-04-11,40.212193
2022-04-12,40.221336
2022-04-13,40.815102
2022-04-14,40.678078
2022-04-18,40.714626
2022-04-19,41.098297
2022-04-20,41.358635
2022-04-21,40.682648
2022-04-22,39.161678
2022-04-25,39.052052
2022-04-26,38.449142
2022-04-27,39.015511
2022-04-28,39.632130
2022-04-29,38.837383
2022-05-02,38.718620
2022-05-03,39.152546
2022-05-04,40.422298
2022-05-05,39.170815
2022-05-06,38.609001
2022-05-09,37.389484
2022-05-10,37.156544
2022-05-11,37.174812
2022-05-12,37.106289
2022-05-13,37.677235
2022-05-16,37.608727
2022-05-17,38.672958
2022-05-18,37.471699
2022-05-19,37.736614
2022-05-20,37.645267
2022-05-23,38.334953
2022-05-24,38.115723
2022-05-25,38.284721
2022-05-26,38.988102
2022-05-27,39.901604
2022-05-31,39.294128
2022-06-01,38.901325
2022-06-02,39.974682
2022-06-03,39.586449
2022-06-06,39.960979
2022-06-07,40.248737
2022-06-08,39.412884
2022-06-09,38.481113
2022-06-10,37.302704
2022-06-13,35.845673
2022-06-14,35.571621
2022-06-15,35.562489
2022-06-16,34.279026
2022-06-17,34.219650
2022-06-21,34.737049
2022-06-22,34.290932
2022-06-23,33.821827
2022-06-24,35.164761
2022-06-27,34.875015
2022-06-28,34.502495
2022-06-29,34.254143
2022-06-30,33.849415
2022-07-01,34.088573
2022-07-05,33.403313
2022-07-06,33.614857
2022-07-07,33.913807
2022-07-08,33.582672
2022-07-11,33.490700
2022-07-12,33.426304
2022-07-13,33.233150
2022-07-14,32.621460
2022-07-15,33.131962
2022-07-18,33.210144
2022-07-19,34.221947
2022-07-20,34.281742
2022-07-21,34.769241
2022-07-22,34.520885
2022-07-25,34.663471
2022-07-26,34.428909
2022-07-27,34.842827
2022-07-28,35.459110
2022-07-29,35.932816
2022-08-01,35.643070
2022-08-02,35.279743
2022-08-03,35.316532
2022-08-04,35.339531
2022-08-05,35.463703
2022-08-08,35.661476
2022-08-09,35.486706
2022-08-10,36.493904
2022-08-11,36.618084
2022-08-12,37.307949
2022-08-15,37.284946
2022-08-16,37.491913
2022-08-17,36.976807
2022-08-18,37.091793
2022-08-19,36.411125
2022-08-22,35.831635
2022-08-23,36.185757
2022-08-24,36.263950
2022-08-25,37.087193
2022-08-26,35.951218
2022-08-29,35.698257
2022-08-30,35.114174
2022-08-31,34.681866
2022-09-01,34.226547
2022-09-02,34.194351
2022-09-06,34.088573
2022-09-07,35.031395
2022-09-08,35.371723
2022-09-09,35.905224
2022-09-12,36.240963
2022-09-13,34.948605
2022-09-14,34.520885
2022-09-15,34.065582
2022-09-16,33.527485
2022-09-19,34.082497
2022-09-20,33.434978
2022-09-21,32.704216
2022-09-22,32.311081
2022-09-23,31.649681
2022-09-26,31.136293
2022-09-27,31.205679
2022-09-28,32.010448
2022-09-29,31.538679
2022-09-30,31.455431
2022-10-03,32.477581
2022-10-04,33.670856
2022-10-05,33.291599
2022-10-06,32.940090
2022-10-07,32.126072
2022-10-10,32.195454
2022-10-11,31.945694
2022-10-12,31.705189
2022-10-13,32.634830
2022-10-14,31.534060
2022-10-17,32.320332
2022-10-18,32.953976
2022-10-19,32.565453
2022-10-20,32.329575
2022-10-21,33.448853
2022-10-24,33.254601
2022-10-25,34.077869
2022-10-26,34.318378
2022-10-27,34.230507
2022-10-28,34.572765
2022-10-31,34.262882
2022-11-01,34.350758
2022-11-02,33.458107
2022-11-03,33.712479
2022-11-04,34.882637
2022-11-07,35.155521
2022-11-08,35.761414
2022-11-09,35.183273
2022-11-10,37.130447
2022-11-11,37.579082
2022-11-14,37.528210
2022-11-15,37.472713
2022-11-16,37.107323
2022-11-17,36.751186
2022-11-18,36.996319
2022-11-21,37.121197
2022-11-22,37.962978
2022-11-23,38.110970
2022-11-25,38.097099
2022-11-28,37.246075
2022-11-29,37.370956
2022-11-30,38.272858
2022-12-01,38.319103
2022-12-02,38.739994
2022-12-05,37.972214
2022-12-06,37.634594
2022-12-07,37.551334
2022-12-08,37.828835
2022-12-09,37.454205
2022-12-12,37.777966
2022-12-13,38.300602
2022-12-14,37.888969
2022-12-15,36.732693
2022-12-16,36.575436
2022-12-19,36.100151
2022-12-20,36.337559
2022-12-21,36.654102
2022-12-22,36.300323
2022-12-23,36.551697
2022-12-27,36.584267
2022-12-28,36.025665
2022-12-29,36.416702
2022-12-30,36.160671
2023-01-03,36.123425
2023-01-04,36.751862
2023-01-05,36.169979
2023-01-06,37.412880
2023-01-09,37.650291
2023-01-10,38.027351
2023-01-11,38.623199
2023-01-12,38.767509
2023-01-13,39.004925
2023-01-17,38.613888
2023-01-18,38.069252
2023-01-19,37.775986
2023-01-20,38.534760
2023-01-23,38.660450
2023-01-24,38.683720
2023-01-25,38.762852
2023-01-26,38.949059
2023-01-27,38.823376
2023-01-30,38.558037
2023-01-31,39.405254
2023-02-01,39.665947
2023-02-02,39.540257
2023-02-03,38.828033
2023-02-06,38.399757
2023-02-07,38.916473
2023-02-08,38.604591
2023-02-09,38.045975
2023-02-10,38.185623
2023-02-13,38.385792
2023-02-14,38.474236
2023-02-15,38.641827
2023-02-16,38.204243
2023-02-17,37.845810
2023-02-21,37.222027
2023-02-22,37.501331
2023-02-23,37.543228
2023-02-24,37.794601
2023-02-27,37.920292
2023-02-28,38.092525
2023-03-01,38.390453
2023-03-02,38.828033
2023-03-03,39.381977
2023-03-06,38.744244
2023-03-07,37.980804
2023-03-08,38.167004
2023-03-09,37.184784
2023-03-10,36.393417
2023-03-13,36.021015
2023-03-14,36.481873
2023-03-15,35.299480
2023-03-16,35.704460
2023-03-17,35.150517
2023-03-20,35.873787
2023-03-21,36.308598
2023-03-22,35.663395
2023-03-23,35.621334
2023-03-24,35.911182
2023-03-27,36.177685
2023-03-28,36.350674
2023-03-29,36.855610
2023-03-30,37.108082
2023-03-31,37.711193
2023-04-03,37.949627
2023-04-04,37.402622
2023-04-05,37.318462
2023-04-06,37.229637
2023-04-10,37.407303
2023-04-11,37.697163
2023-04-12,37.725227
2023-04-13,38.113270
2023-04-14,37.837421
2023-04-17,38.057167
2023-04-18,38.216122
2023-04-19,38.108593
2023-04-20,38.066521
2023-04-21,37.729889
2023-04-24,37.987038
2023-04-25,37.164173
2023-04-26,36.724705
2023-04-27,37.224964
2023-04-28,37.659767
2023-05-01,37.641060
2023-05-02,37.276386
2023-05-03,36.864960
2023-05-04,36.626514
2023-05-05,37.243660
2023-05-08,37.122105
2023-05-09,36.785473
2023-05-10,36.808853
2023-05-11,36.448853
2023-05-12,36.514313
2023-05-15,36.822880
2023-05-16,36.215080
2023-05-17,36.453533
2023-05-18,36.668594
2023-05-19,36.762104
2023-05-22,36.570408
2023-05-23,36.004696
2023-05-24,35.593262
2023-05-25,35.467041
2023-05-26,35.644703
2023-05-30,35.453011
2023-05-31,35.074310
2023-06-01,35.541843
2023-06-02,36.734047
2023-06-05,36.706001
2023-06-06,36.939770
2023-06-07,37.379246
2023-06-08,37.243660
2023-06-09,36.935089
2023-06-12,37.103390
2023-06-13,37.963661
2023-06-14,37.804695
2023-06-15,38.127293
2023-06-16,38.220798
2023-06-20,37.703529
2023-06-21,37.825676
2023-06-22,37.736408
2023-06-23,37.431030
2023-06-26,37.820980
2023-06-27,38.356583
2023-06-28,38.093475
2023-06-29,38.572693
2023-06-30,38.934467
2023-07-03,39.080124
2023-07-05,38.116970
2023-07-06,37.839775
2023-07-07,38.168648
2023-07-10,38.159256
2023-07-11,38.535122
2023-07-12,39.042530
2023-07-13,39.347916
2023-07-14,39.117702
2023-07-17,39.155285
2023-07-18,39.460678
2023-07-19,39.249252
2023-07-20,39.343216
2023-07-21,39.347916
2023-07-24,39.470066
2023-07-25,40.179508
2023-07-26,40.043270
2023-07-27,39.784855
2023-07-28,40.062046
2023-07-31,40.273472
2023-08-01,40.094933
2023-08-02,39.596916
2023-08-03,39.352615
2023-08-04,39.263348
2023-08-07,39.521751
2023-08-08,39.103611
2023-08-09,38.943867
2023-08-10,38.972050
2023-08-11,38.863995
2023-08-14,38.948570
2023-08-15,38.314301
2023-08-16,38.055893
2023-08-17,37.980721
2023-08-18,37.976021
2023-08-21,37.980721
2023-08-22,37.947826
2023-08-23,38.008919
2023-08-24,37.849171
2023-08-25,37.961933
2023-08-28,38.239128
2023-08-29,38.873386
2023-08-30,38.962662
2023-08-31,38.943867
2023-09-01,39.380802
2023-09-05,38.652565
2023-09-06,38.568001
2023-09-07,38.394165
2023-09-08,38.431755
2023-09-11,38.596199
2023-09-12,38.506924
2023-09-13,38.281410
2023-09-14,38.821712
2023-09-15,38.389473
2023-09-18,38.229900
2023-09-19,38.196857
2023-09-20,37.795574
2023-09-21,37.035515
2023-09-22,36.997749
2023-09-25,37.290447
2023-09-26,36.752262
2023-09-27,36.747540
2023-09-28,37.144093
2023-09-29,37.082729
2023-10-02,36.591751
2023-10-03,36.492615
2023-10-04,36.922211
2023-10-05,36.473724
2023-10-06,36.818348
2023-10-09,36.865555
2023-10-10,37.257393
2023-10-11,37.347092
2023-10-12,36.790024
2023-10-13,36.653122
2023-10-16,37.011909
2023-10-17,37.375420
2023-10-18,36.407631
2023-10-19,35.982754
2023-10-20,35.548428
2023-10-23,35.151871
2023-10-24,35.567307
2023-10-25,35.151871
2023-10-26,35.397369
2023-10-27,35.383202
2023-10-30,35.746708
2023-10-31,35.907219
2023-11-01,35.926102
2023-11-02,36.620071
2023-11-03,37.196022
2023-11-06,37.011909
2023-11-07,36.294323
2023-11-08,36.407631
2023-11-09,36.096050
2023-11-10,36.520931
2023-11-13,36.469002
2023-11-14,37.545372
2023-11-15,37.710606
2023-11-16,37.823898
2023-11-17,37.894718
2023-11-20,37.960812
2023-11-21,38.107162
2023-11-22,38.130760
2023-11-24,38.295998
2023-11-27,38.248787
2023-11-28,38.324329
2023-11-29,38.522606
2023-11-30,38.904987
2023-12-01,39.348755
2023-12-04,38.890827
2023-12-05,38.357372
2023-12-06,38.277107
2023-12-07,38.536762
2023-12-08,38.678387
2023-12-11,38.952194
2023-12-12,39.178810
2023-12-13,39.655617
2023-12-14,40.311821
2023-12-15,40.207966
2023-12-18,40.270245
2023-12-19,40.641041
2023-12-20,40.018284
2023-12-21,40.441380
2023-12-22,40.693333
2023-12-26,40.883495
2023-12-27,40.983326
2023-12-28,40.826443
2023-12-29,40.664810
2024-01-02,40.593502
2024-01-03,40.156147
2024-01-04,40.027794
2024-01-05,40.094349
2024-01-08,40.265480
2024-01-09,39.804356
2024-01-10,39.752064
2024-01-11,39.633217
2024-01-12,39.671242
2024-01-16,39.214874
2024-01-17,38.929642
2024-01-18,39.053249
2024-01-19,39.091278
2024-01-22,39.205364
2024-01-23,39.333721
2024-01-24,38.801289
2024-01-25,39.210117
2024-01-26,39.224377
2024-01-29,39.419289
2024-01-30,39.599941
2024-01-31,39.081764
2024-02-01,39.733051
2024-02-02,39.500107
2024-02-05,38.497036
2024-02-06,39.176838
2024-02-07,39.490593
2024-02-08,39.438305
2024-02-09,39.523872
2024-02-12,39.837635
2024-02-13,39.276684
2024-02-14,39.528633
2024-02-15,40.274994
2024-02-16,40.488918
2024-02-20,40.403351
2024-02-21,40.626774
2024-02-22,41.035610
2024-02-23,41.278065
2024-02-26,41.030861
2024-02-27,41.182987
2024-02-28,41.311344
2024-02-29,41.625099
2024-03-01,41.815258
2024-03-04,42.119503
2024-03-05,41.896069
2024-03-06,42.205074
2024-03-07,42.723251
2024-03-08,42.476044
2024-03-11,42.956188
2024-03-12,42.951439
2024-03-13,43.374523
2024-03-14,43.146347
2024-03-15,43.165371
2024-03-18,43.244083
2024-03-19,43.248856
2024-03-20,43.683022
2024-03-21,43.864311
2024-03-22,43.592369
2024-03-25,43.606678
2024-03-26,43.573280
2024-03-27,44.198280
2024-03-28,44.317554
2024-04-01,44.212589
2024-04-02,44.050381
2024-04-03,44.312782
2024-04-04,43.864311
2024-04-05,44.260300
2024-04-08,44.293694
2024-04-09,44.398655
2024-04-10,43.706867
2024-04-11,43.673470
2024-04-12,42.900570
2024-04-15,42.695427
2024-04-16,42.366226
2024-04-17,42.461639
2024-04-18,42.475956
2024-04-19,42.442558
2024-04-22,42.485500
2024-04-23,42.118134
2024-04-24,42.146755
2024-04-25,42.447330
2024-04-26,42.709736
2024-04-29,43.067554
2024-04-30,42.285118
2024-05-01,42.504581
2024-05-02,42.285118
2024-05-03,42.714504
2024-05-06,42.972137
2024-05-07,43.482632
2024-05-08,43.282253
2024-05-09,43.764126
2024-05-10,43.816597
2024-05-13,43.787971
2024-05-14,43.830917
2024-05-15,43.907253
2024-05-16,43.592369
2024-05-17,43.964500
2024-05-20,44.026524
2024-05-21,44.026524
2024-05-22,43.597130
2024-05-23,43.210690
2024-05-24,43.587597
2024-05-28,43.420609
2024-05-29,42.800385
2024-05-30,43.148666
2024-05-31,43.668701
2024-06-03,43.411068
2024-06-04,42.929195
2024-06-05,43.225002
2024-06-06,43.272713
2024-06-07,42.838558
2024-06-10,42.795609
2024-06-11,42.781296
2024-06-12,42.862400
2024-06-13,42.848087
2024-06-14,42.452103
2024-06-17,42.766991
2024-06-18,42.719276
2024-06-20,42.762218
2024-06-21,42.766991
2024-06-24,43.042629
2024-06-25,42.496143
2024-06-26,42.467373
2024-06-27,42.347534
2024-06-28,42.333157
2024-07-01,41.681213
2024-07-02,41.757912
2024-07-03,42.069508
2024-07-05,42.136616
2024-07-08,42.261253
2024-07-09,41.829819
2024-07-10,42.390678
2024-07-11,42.970718
2024-07-12,43.382980
2024-07-15,43.272724
2024-07-16,44.111618
2024-07-17,44.020542
2024-07-18,43.584305
2024-07-19,43.196018
2024-07-22,43.339832
2024-07-23,43.512409
2024-07-24,42.956333
2024-07-25,43.076180
2024-07-26,43.780857
2024-07-29,43.857552
2024-07-30,43.713737
2024-07-31,44.169140
2024-08-01,43.991776
2024-08-02,43.162472
2024-08-05,42.198929
2024-08-06,42.414654
2024-08-07,41.839405
2024-08-08,42.486553
2024-08-09,42.452995
2024-08-12,42.266045
2024-08-13,42.687889
2024-08-14,42.687889
2024-08-15,43.363804
2024-08-16,43.416531
2024-08-19,43.622669
2024-08-20,43.464470
2024-08-21,43.963017
2024-08-22,43.871933
2024-08-23,44.451969
2024-08-26,44.648514
2024-08-27,44.653305
2024-08-28,44.461559
2024-08-29,44.706039
2024-08-30,45.194996
2024-09-03,44.169140
2024-09-04,43.986984
2024-09-05,43.641838
2024-09-06,43.090565
2024-09-09,43.507618
2024-09-10,43.526791
2024-09-11,43.632248
2024-09-12,44.034920
2024-09-13,44.432800
2024-09-16,44.845051
2024-09-17,44.931339
2024-09-18,44.739594
2024-09-19,45.415501
2024-09-20,45.094330
2024-09-23,45.488201
2024-09-24,46.109352
2024-09-25,45.801186
2024-09-26,46.749756
2024-09-27,46.667904
2024-09-30,46.407883
2024-10-01,46.292324
2024-10-02,46.114162
2024-10-03,45.603767
2024-10-04,45.825256
2024-10-07,45.690437
2024-10-08,45.478569
2024-10-09,45.767483
2024-10-10,45.873413
2024-10-11,46.171947
2024-10-14,46.436779
2024-10-15,46.388626
2024-10-16,46.749756
2024-10-17,46.821980
2024-10-18,47.009773
2024-10-21,46.648640
2024-10-22,46.220100
2024-10-23,46.094910
2024-10-24,45.531540
2024-10-25,45.242634
2024-10-28,45.618206
2024-10-29,45.324486
2024-10-30,45.570053
2024-10-31,44.968174
2024-11-01,44.842976
2024-11-04,45.040401
2024-11-05,45.107811
2024-11-06,45.728954
2024-11-07,45.907116
2024-11-08,45.488201
2024-11-11,45.290787
2024-11-12,44.520367
2024-11-13,44.626301
2024-11-14,44.260353
2024-11-15,43.952187
2024-11-18,44.294060
2024-11-19,44.149605
2024-11-20,44.510738
2024-11-21,45.054844
2024-11-22,45.305233
2024-11-25,45.772293
2024-11-26,45.430428
2024-11-27,45.406349
2024-11-29,45.637474
2024-12-02,45.608578
2024-12-03,45.464127
2024-12-04,45.021137
2024-12-05,44.428890
2024-12-06,44.255535
2024-12-09,44.245903
2024-12-10,43.793293
2024-12-11,43.639202
2024-12-12,43.335857
2024-12-13,42.965096
2024-12-16,42.584698
2024-12-17,42.348759
2024-12-18,41.144985
2024-12-19,40.702000
2024-12-20,41.207581
2024-12-23,41.175636
2024-12-24,41.398285
2024-12-26,41.335365
2024-12-27,41.112713
2024-12-30,40.560932
2024-12-31,40.725506
2025-01-02,40.275356
2025-01-03,40.265682
2025-01-06,40.536736
2025-01-07,40.512524
2025-01-08,40.735180
2025-01-10,40.318920
2025-01-13,41.219204
2025-01-14,41.732262
2025-01-15,42.129162
2025-01-16,42.477654
2025-01-17,42.753544
2025-01-21,43.300491
2025-01-22,42.951988
2025-01-23,43.189171
2025-01-24,43.077839
2025-01-27,43.102043
2025-01-28,42.961674
2025-01-29,42.884228
2025-01-30,43.290810
2025-01-31,42.976192
2025-02-03,43.019760
2025-02-04,43.145596
2025-02-05,43.111725
2025-02-06,43.261768
2025-02-07,42.734184
2025-02-10,42.951988
2025-02-11,43.203686
2025-02-12,42.893913
2025-02-13,43.639305
2025-02-14,43.489254
2025-02-18,44.041039
2025-02-19,43.523136
2025-02-20,43.421490
2025-02-21,42.627701
2025-02-24,42.579300
2025-02-25,42.908436
2025-02-26,42.889072
2025-02-27,42.598663
2025-02-28,42.961674
2025-03-03,42.100117
2025-03-04,41.528976
2025-03-05,42.613171
2025-03-06,42.390530
2025-03-07,42.506699
2025-03-10,41.620941
2025-03-11,41.301483
2025-03-12,41.107880
2025-03-13,41.078838
2025-03-14,41.616104
2025-03-17,42.138832
2025-03-18,42.066235
2025-03-19,42.206600
2025-03-20,41.940392
2025-03-21,41.524136
2025-03-24,42.086819
2025-03-25,42.077084
2025-03-26,42.154900
2025-03-27,42.135452
2025-03-28,41.362186
2025-03-31,41.814476
2025-04-01,41.970100
2025-04-02,42.315392
2025-04-03,40.404125
2025-04-04,37.875214
2025-04-07,37.267303
2025-04-08,36.119568
2025-04-09,39.275845
2025-04-10,38.021111
2025-04-11,39.149391
2025-04-14,39.621132
2025-04-15,39.309879
2025-04-16,39.003494
2025-04-17,39.270977
2025-04-21,38.672794
2025-04-22,39.577362
2025-04-23,39.625996
2025-04-24,40.481930
2025-04-25,40.180412
2025-04-28,40.253361
2025-04-29,40.588924
2025-04-30,40.798046
2025-05-01,40.618107
2025-05-02,41.303833
2025-05-05,40.997444
2025-05-06,40.700783
2025-05-07,40.477074
2025-05-08,41.016891
2025-05-09,41.123886
2025-05-12,42.077084
2025-05-13,41.867966
2025-05-14,41.483768
2025-05-15,41.906876
2025-05-16,42.334846
2025-05-19,42.441826
2025-05-20,42.368889
2025-05-21,41.804741
2025-05-22,41.760983
2025-05-23,41.678303
2025-05-27,42.407791
2025-05-28,41.829063
2025-05-29,41.984684
2025-05-30,41.989548
2025-06-02,42.237576
2025-06-03,42.670406
2025-06-04,42.830898
2025-06-05,42.578011
2025-06-06,42.689861
2025-06-09,42.976795
2025-06-10,43.244278
2025-06-11,42.816299
2025-06-12,42.996246
2025-06-13,42.495331
2025-06-16,42.855213
2025-06-17,42.436970
2025-06-18,42.315392
2025-06-20,42.028450
2025-06-23,42.496735
2025-06-24,42.848667
2025-06-25,42.438072
2025-06-26,42.907326
2025-06-27,42.961094
2025-06-30,42.921993
2025-07-01,44.031574
2025-07-02,44.691463
2025-07-03,44.662140
2025-07-07,44.231991
2025-07-08,44.593704
2025-07-09,44.862549
2025-07-10,45.102066
2025-07-11,44.735455
2025-07-14,44.486168
2025-07-15,43.572098
2025-07-16,43.689411
2025-07-17,43.997364
2025-07-18,44.100014
2025-07-21,44.324860
2025-07-22,44.935871
2025-07-23,45.087399
2025-07-24,44.623032
2025-07-25,45.150944
2025-07-28,44.495941
2025-07-29,44.324860
2025-07-30,43.430347
2025-07-31,42.882889
2025-08-01,42.389191
2025-08-04,42.951321
2025-08-05,43.254379
2025-08-06,42.785126
2025-08-07,42.970879
2025-08-08,43.185944
2025-08-11,43.088184
2025-08-12,43.650311
2025-08-13,44.471504
2025-08-14,44.007137
2025-08-15,44.007137
2025-08-18,43.752956
2025-08-19,44.016911
2025-08-20,44.051136
2025-08-21,44.183109
2025-08-22,45.058067
2025-08-25,44.808781
2025-08-26,44.930977
2025-08-27,45.043404
2025-08-28,45.043404
2025-08-29,45.106949
2025-09-02,44.769672
2025-09-03,44.466618
2025-09-04,44.637695
2025-09-05,44.950527
2025-09-08,44.989639
2025-09-09,44.256432
2025-09-10,44.339527
2025-09-11,45.268257
2025-09-12,44.813667
2025-09-15,44.451950
2025-09-16,44.315086
2025-09-17,44.417736
2025-09-18,44.417736
2025-09-19,44.398182
2025-09-22,44.382961
2025-09-23,44.240528
2025-09-24,43.700298
2025-09-25,43.130589
2025-09-26,43.631535
2025-09-29,43.798519
2025-09-30,44.014618
2025-10-01,43.552959
2025-10-02,44.058811
2025-10-03,44.132484
2025-10-06,44.093197
2025-10-07,43.916389
2025-10-08,44.152130
2025-10-09,43.548046
2025-10-10,42.654198
2025-10-13,43.331951
2025-10-14,43.764137
2025-10-15,43.567688
2025-10-16,43.243549
2025-10-17,43.160057
2025-10-20,43.675739
2025-10-21,43.508751
2025-10-22,43.376152
2025-10-23,43.896744
2025-10-24,43.715027
2025-10-27,43.695385
2025-10-28,43.754318
2025-10-29,42.894852
2025-10-30,42.320232
2025-10-31,42.074673
2025-11-03,41.814373
2025-11-04,41.608101
2025-11-05,41.853668
2025-11-06,41.647392
2025-11-07,42.148342
2025-11-10,42.546150
2025-11-11,42.988163
2025-11-12,43.292660
2025-11-13,43.007805
2025-11-14,42.614910
2025-11-17,41.966621
2025-11-18,42.000999
2025-11-19,42.109047
2025-11-20,41.480415
2025-11-21,42.408638
2025-11-24,42.492123
2025-11-25,43.125679
2025-11-26,43.656094
2025-11-28,43.906570
2025-12-01,43.798519
2025-12-02,43.400707
2025-12-03,43.705208
2025-12-04,43.449821
2025-12-05,43.307396
2025-12-08,42.708221
2025-12-09,42.619820
2025-12-10,43.454735
2025-12-11,44.319111
2025-12-12,44.348579
2025-12-15,44.319111
2025-12-16,44.201244
2025-12-17,44.387867
2025-12-18,44.368225
2025-12-19,44.564671
2025-12-22,45.090916
2025-12-23,45.169899
2025-12-24,45.258759
2025-12-26,45.525341
2025-12-29,45.160030
2025-12-30,45.150158
2025-12-31,44.774971
2026-01-02,45.535210
2026-01-05,45.989380
2026-01-06,46.897713
2026-01-07,46.088108
2026-01-08,46.897713
2026-01-09,47.648071
2026-01-12,47.904778
2026-01-13,48.112114
2026-01-14,48.131863
2026-01-15,48.339199
2026-01-16,48.062752
2026-01-20,47.578960
2026-01-21,48.615650
2026-01-22,48.892101
2026-01-23,49.336395
2026-01-26,49.395630
2026-01-27,49.346268
2026-01-28,49.316650
2026-01-29,49.366013
2026-01-30,48.645271
2026-02-02,49.020451
2026-02-03,50.057137
2026-02-04,51.232044
2026-02-05,49.859669
2026-02-06,50.856865
2026-02-09,51.518375
2026-02-10,52.239113
2026-02-11,52.940109
2026-02-12,52.160130
2026-02-13,52.634045
2026-02-17,52.031776
2026-02-18,52.347721
2026-02-19,52.160130
2026-02-20,52.288479
2026-02-23,52.288479
2026-02-24,52.683411
2026-02-25,52.387215
2026-02-26,52.327972
2026-02-27,52.732773
2026-03-02,52.574802
2026-03-03,51.281414
2026-03-04,51.261662
2026-03-05,50.185490
2026-03-06,49.227787
2026-03-09,49.356140
2026-03-10,49.247532
2026-03-11,49.208038
2026-03-12,49.050068
2026-03-13,48.566280
2026-03-16,48.773621
2026-03-17,48.892101
2026-03-18,47.865284
2026-03-19,47.134670
2026-03-20,46.384304
2026-03-23,47.155857
2026-03-24,48.048397
2026-03-25,49.000443
2026-03-26,48.683094
2026-03-27,48.504585
2026-03-30,48.683094
2026-03-31,49.555798
2026-04-01,50.041737
2026-04-02,49.992153
2026-04-06,49.803726
2026-04-07,49.664886
2026-04-08,51.321045
2026-04-09,51.241707
2026-04-10,51.529301
2026-04-13,51.757393
2026-04-14,51.578884
2026-04-15,50.954113
2026-04-16,51.321045
2026-04-17,51.449966
2026-04-20,51.797062
2026-04-21,51.340881
2026-04-22,51.400379
2026-04-23,51.380547
2026-04-24,51.489632
2026-04-27,51.350796
2026-04-28,50.973946
2026-04-29,50.537590
2026-04-30,51.043365
2026-05-01,50.924358
2026-05-04,50.230160
2026-05-05,51.102867
2026-05-06,51.975571
2026-05-07,50.973946
2026-05-08,51.162373
2026-05-11,51.826813
2026-05-12,51.707809
2026-05-13,51.628475
2026-05-14,51.241707
2026-05-15,49.883060
2026-05-18,49.803726
2026-05-19,48.633507
2026-05-20,49.307869
2026-05-21,49.605385
2026-05-22,49.873146
2026-05-26,50.567345
2026-05-27,50.755768
2026-05-28,50.934277
2026-05-29,50.726017
2026-06-01,50.497921
2026-06-02,51.092953
2026-06-03,51.202042
2026-06-04,51.192120
2026-06-05,50.210327
2026-06-08,49.545879
2026-06-09,50.349167
2026-06-10,49.188862
2026-06-11,50.795437
2026-06-12,51.747478
2026-06-15,52.064827
2026-06-16,52.283005
2026-06-17,51.588806
2026-06-18,51.380547
2026-06-22,51.383533
2026-06-23,50.636967
2026-06-24,50.925640
2026-06-25,51.602524
2026-06-26,51.363625
2026-06-29,50.427929
2026-06-30,50.597153
2026-07-01,50.786282
2026-07-02,51.771744
2026-07-06,51.741882
2026-07-07,51.274036
2026-07-08,49.930222
2026-07-09,50.029762
2026-07-10,50.656876
2026-07-13,50.348301
2026-07-14,50.408020
2026-07-15,50.268665
2026-07-16,50.656876
2026-07-17,50.298527
2026-07-20,49.800816
2026-07-21,49.870495
2026-07-22,50.587196
2026-07-23,50.059628
2026-07-24,51.025181
2026-07-27,51.154587
2026-07-28,52.100235
2026-07-29,51.502987
2026-07-30,51.403442
2026-07-31,50.198986
2026-08-03,50.776325
2026-08-04,51.761791
2026-08-05,52.398861
2026-08-06,51.931011
2026-08-07,52.617855
2026-08-10,52.936386
2026-08-11,52.996113
2026-08-12,52.339138
2026-08-13,52.070374
2026-08-14,52.299320
2026-08-17,52.000694
2026-08-18,51.542801
2026-08-19,52.279411
2026-08-20,52.179867
2026-08-21,53.294739
2026-08-24,53.334557
2026-08-25,53.334557
2026-08-26,53.424141
2026-08-27,52.986156
2026-08-28,52.936386
2026-08-31,52.448631
2026-09-01,51.831470
2026-09-02,52.707439
2026-09-03,52.378952
2026-09-04,52.199776
2026-09-08,51.702065
2026-09-09,51.154587
2026-09-10,50.527470
2026-09-11,50.716602
2026-09-14,50.258713
2026-09-15,50.497608
2026-09-16,50.129307
2026-09-17,50.477699
2026-09-18,49.761002
2026-09-21,49.709999
2026-09-22,50.529999
2026-09-23,50.279999
2026-09-24,49.680000
2026-09-25,49.799999
