date,adj_close
1998-12-22,5.661898
1998-12-23,5.779779
1998-12-24,5.749357
1998-12-28,5.718939
1998-12-29,5.775974
1998-12-30,5.688518
1998-12-31,5.680914
1999-01-04,5.677110
1999-01-05,5.646689
1999-01-06,5.833012
1999-01-07,5.806394
1999-01-08,5.833012
1999-01-11,5.722740
1999-01-12,5.635281
1999-01-13,5.551626
1999-01-14,5.445158
1999-01-15,5.528811
1999-01-19,5.528811
1999-01-20,5.483182
1999-01-21,5.528811
1999-01-22,5.498394
1999-01-25,5.490788
1999-01-26,5.437553
1999-01-27,5.338688
1999-01-28,5.308268
1999-01-29,5.308268
1999-02-01,5.255031
1999-02-02,5.262636
1999-02-03,5.384317
1999-02-04,5.414738
1999-02-05,5.566840
1999-02-08,5.642890
1999-02-09,5.536418
1999-02-10,5.551626
1999-02-11,5.505995
1999-02-12,5.391925
1999-02-16,5.353898
1999-02-17,5.300663
1999-02-18,5.315874
1999-02-19,5.285455
1999-02-22,5.338688
1999-02-23,5.293058
1999-02-24,5.270243
1999-02-25,5.296860
1999-02-26,5.262636
1999-03-01,5.209404
1999-03-02,5.156168
1999-03-03,5.270243
1999-03-04,5.460368
1999-03-05,5.563037
1999-03-08,5.642890
1999-03-09,5.582047
1999-03-10,5.901456
1999-03-11,5.985108
1999-03-12,5.962292
1999-03-15,5.916668
1999-03-16,5.886245
1999-03-17,6.038346
1999-03-18,6.114396
1999-03-19,6.052421
1999-03-22,6.090584
1999-03-23,5.983729
1999-03-24,5.953201
1999-03-25,5.968467
1999-03-26,6.044788
1999-03-29,6.212699
1999-03-30,6.098213
1999-03-31,6.006628
1999-04-01,5.998994
1999-04-05,6.144013
1999-04-06,6.082951
1999-04-07,6.021891
1999-04-08,6.082951
1999-04-09,6.197434
1999-04-12,6.243228
1999-04-13,6.235596
1999-04-14,6.159274
1999-04-15,6.426403
1999-04-16,6.628659
1999-04-19,6.708799
1999-04-20,6.601951
1999-04-21,6.502725
1999-04-22,6.617213
1999-04-23,6.533257
1999-04-26,6.388242
1999-04-27,6.590501
1999-04-28,6.808020
1999-04-29,7.014094
1999-04-30,6.895791
1999-05-03,7.067520
1999-05-04,7.075151
1999-05-05,6.972113
1999-05-06,6.953035
1999-05-07,6.995011
1999-05-10,6.914872
1999-05-11,6.937767
1999-05-12,6.808020
1999-05-13,6.842367
1999-05-14,6.792752
1999-05-17,6.766041
1999-05-18,6.609578
1999-05-19,6.701164
1999-05-20,6.777491
1999-05-21,6.884343
1999-05-24,6.720253
1999-05-25,6.693536
1999-05-26,6.884343
1999-05-27,6.678270
1999-05-28,6.746959
1999-06-01,6.708799
1999-06-02,6.785126
1999-06-03,6.808020
1999-06-04,6.914872
1999-06-07,6.995011
1999-06-08,6.884343
1999-06-09,6.899607
1999-06-10,6.937767
1999-06-11,6.991196
1999-06-14,7.052257
1999-06-15,7.140026
1999-06-16,7.067520
1999-06-17,7.075151
1999-06-18,7.087978
1999-06-21,6.923052
1999-06-22,6.850176
1999-06-23,6.903872
1999-06-24,6.788808
1999-06-25,6.735113
1999-06-28,6.692922
1999-06-29,6.784977
1999-06-30,6.884694
1999-07-01,6.938392
1999-07-02,6.961407
1999-07-06,7.091812
1999-07-07,7.072636
1999-07-08,7.118659
1999-07-09,7.114827
1999-07-12,7.187699
1999-07-13,7.118659
1999-07-14,7.130166
1999-07-15,7.195371
1999-07-16,7.149345
1999-07-19,7.122495
1999-07-20,6.934556
1999-07-21,7.011267
1999-07-22,6.907708
1999-07-23,6.942227
1999-07-26,6.811822
1999-07-27,6.811822
1999-07-28,6.911548
1999-07-29,6.869352
1999-07-30,7.015103
1999-08-02,6.861682
1999-08-03,6.949896
1999-08-04,7.045786
1999-08-05,7.168524
1999-08-06,7.157015
1999-08-09,7.329613
1999-08-10,7.287421
1999-08-11,7.333445
1999-08-12,7.348789
1999-08-13,7.325774
1999-08-16,7.252901
1999-08-17,7.306600
1999-08-18,7.252901
1999-08-19,7.302763
1999-08-20,7.325774
1999-08-23,7.364128
1999-08-24,7.318105
1999-08-25,7.283587
1999-08-26,7.095646
1999-08-27,7.091812
1999-08-30,6.995925
1999-08-31,7.091812
1999-09-01,7.072636
1999-09-02,6.995925
1999-09-03,7.080306
1999-09-07,7.210711
1999-09-08,7.233726
1999-09-09,7.394816
1999-09-10,7.371799
1999-09-13,7.256737
1999-09-14,7.176190
1999-09-15,7.072636
1999-09-16,7.068797
1999-09-17,7.135530
1999-09-20,7.027651
1999-09-21,6.796478
1999-09-22,6.804186
1999-09-23,6.727129
1999-09-24,6.657777
1999-09-27,6.719417
1999-09-28,6.611538
1999-09-29,6.700157
1999-09-30,6.765656
1999-10-01,6.742537
1999-10-04,6.665482
1999-10-05,6.519074
1999-10-06,6.634656
1999-10-07,6.511365
1999-10-08,6.438163
1999-10-11,6.534483
1999-10-12,6.569157
1999-10-13,6.611538
1999-10-14,6.588419
1999-10-15,6.492103
1999-10-18,6.503658
1999-10-19,6.522924
1999-10-20,6.657777
1999-10-21,6.688600
1999-10-22,6.800332
1999-10-25,6.688600
1999-10-26,6.534483
1999-10-27,6.588419
1999-10-28,6.619245
1999-10-29,6.665482
1999-11-01,6.661630
1999-11-02,6.599982
1999-11-03,6.565305
1999-11-04,6.461277
1999-11-05,6.303311
1999-11-08,6.542189
1999-11-09,6.680892
1999-11-10,6.827301
1999-11-11,6.827301
1999-11-12,6.873535
1999-11-15,6.912064
1999-11-16,7.027651
1999-11-17,7.150941
1999-11-18,7.150941
1999-11-19,6.989121
1999-11-22,6.877390
1999-11-23,6.734830
1999-11-24,6.819594
1999-11-26,6.719417
1999-11-29,6.665482
1999-11-30,6.653923
1999-12-01,6.784919
1999-12-02,6.719417
1999-12-03,6.688600
1999-12-06,6.684744
1999-12-07,6.557597
1999-12-08,6.626952
1999-12-09,6.680892
1999-12-10,6.488246
1999-12-13,6.526774
1999-12-14,6.511365
1999-12-15,6.642363
1999-12-16,6.707866
1999-12-17,6.677413
1999-12-20,6.530570
1999-12-21,6.549891
1999-12-22,6.515113
1999-12-23,6.700597
1999-12-27,6.654225
1999-12-28,6.661955
1999-12-29,6.731509
1999-12-30,6.677413
1999-12-31,6.700597
2000-01-03,6.569211
2000-01-04,6.445555
2000-01-05,6.615582
2000-01-06,6.870623
2000-01-07,6.944042
2000-01-10,6.886082
2000-01-11,6.893808
2000-01-12,6.862896
2000-01-13,6.982685
2000-01-14,6.940181
2000-01-18,7.025191
2000-01-19,7.002006
2000-01-20,7.002006
2000-01-21,7.195220
2000-01-24,6.940181
2000-01-25,6.924721
2000-01-26,6.816524
2000-01-27,6.677413
2000-01-28,6.600124
2000-01-31,6.754694
2000-02-01,6.739237
2000-02-02,6.781747
2000-02-03,6.700597
2000-02-04,6.507383
2000-02-07,6.580808
2000-02-08,6.522840
2000-02-09,6.306444
2000-02-10,6.437831
2000-02-11,6.360541
2000-02-14,6.461014
2000-02-15,6.731509
2000-02-16,6.762424
2000-02-17,6.754694
2000-02-18,6.557620
2000-02-22,6.499660
2000-02-23,6.329630
2000-02-24,6.260073
2000-02-25,6.136416
2000-02-28,6.321903
2000-02-29,6.468744
2000-03-01,6.631040
2000-03-02,6.754694
2000-03-03,6.646499
2000-03-06,6.607850
2000-03-07,7.063835
2000-03-08,6.947905
2000-03-09,6.955637
2000-03-10,6.862896
2000-03-13,6.762424
2000-03-14,6.847438
2000-03-15,6.816524
2000-03-16,7.110211
2000-03-17,6.893641
2000-03-20,6.785081
2000-03-21,7.002199
2000-03-22,6.947922
2000-03-23,6.940170
2000-03-24,6.955677
2000-03-27,6.978940
2000-03-28,6.947922
2000-03-29,7.312380
2000-03-30,7.312380
2000-03-31,7.273608
2000-04-03,7.397676
2000-04-04,7.304624
2000-04-05,7.087502
2000-04-06,7.273608
2000-04-07,7.161166
2000-04-10,7.056483
2000-04-11,7.180553
2000-04-12,7.242589
2000-04-13,7.227081
2000-04-14,7.071993
2000-04-17,6.901393
2000-04-18,6.936290
2000-04-19,7.087502
2000-04-20,7.099129
2000-04-24,7.176677
2000-04-25,7.188305
2000-04-26,7.281363
2000-04-27,7.382167
2000-04-28,7.165048
2000-05-01,7.281363
2000-05-02,7.386046
2000-05-03,7.196061
2000-05-04,7.382167
2000-05-05,7.459712
2000-05-08,7.552766
2000-05-09,7.556642
2000-05-10,7.579903
2000-05-11,7.816412
2000-05-12,7.843556
2000-05-15,8.006396
2000-05-16,7.851306
2000-05-17,7.890080
2000-05-18,7.878448
2000-05-19,7.893951
2000-05-22,7.828049
2000-05-23,7.797023
2000-05-24,7.804781
2000-05-25,7.661324
2000-05-26,7.665204
2000-05-30,7.773760
2000-05-31,8.006396
2000-06-01,7.932729
2000-06-02,7.661324
2000-06-05,7.552766
2000-06-06,7.847428
2000-06-07,7.746623
2000-06-08,7.785395
2000-06-09,7.734991
2000-06-12,7.909463
2000-06-13,7.909463
2000-06-14,7.897838
2000-06-15,7.785395
2000-06-16,7.916549
2000-06-19,7.850314
2000-06-20,7.807465
2000-06-21,7.947716
2000-06-22,7.737336
2000-06-23,7.834735
2000-06-26,7.772397
2000-06-27,7.717855
2000-06-28,7.651622
2000-06-29,7.667212
2000-06-30,7.565914
2000-07-03,7.612664
2000-07-05,7.297101
2000-07-06,7.371116
2000-07-07,7.406178
2000-07-10,7.441244
2000-07-11,7.706168
2000-07-12,7.604870
2000-07-13,7.487996
2000-07-14,7.480205
2000-07-17,7.382805
2000-07-18,7.449034
2000-07-19,7.429555
2000-07-20,7.355533
2000-07-21,7.215280
2000-07-24,7.141256
2000-07-25,7.075026
2000-07-26,7.133464
2000-07-27,7.378909
2000-07-28,7.324363
2000-07-31,7.277613
2000-08-01,7.413970
2000-08-02,7.554226
2000-08-03,7.449034
2000-08-04,7.480205
2000-08-07,7.577600
2000-08-08,7.593185
2000-08-09,7.729543
2000-08-10,7.799670
2000-08-11,7.791878
2000-08-14,7.900964
2000-08-15,7.869797
2000-08-16,7.978883
2000-08-17,8.165889
2000-08-18,8.072385
2000-08-21,8.103551
2000-08-22,8.080174
2000-08-23,8.290560
2000-08-24,8.111349
2000-08-25,8.134723
2000-08-28,8.165889
2000-08-29,8.173681
2000-08-30,8.103551
2000-08-31,8.072385
2000-09-01,8.154199
2000-09-05,8.154199
2000-09-06,8.333414
2000-09-07,8.294456
2000-09-08,8.197055
2000-09-11,8.458080
2000-09-12,8.446393
2000-09-13,8.306144
2000-09-14,8.282763
2000-09-15,8.498562
2000-09-18,8.514215
2000-09-19,8.287272
2000-09-20,8.122940
2000-09-21,8.060330
2000-09-22,8.009469
2000-09-25,7.888171
2000-09-26,8.075982
2000-09-27,8.228585
2000-09-28,8.197280
2000-09-29,8.205105
2000-10-02,8.373358
2000-10-03,8.369440
2000-10-04,8.122940
2000-10-05,8.111199
2000-10-06,8.075982
2000-10-09,8.201194
2000-10-10,8.385096
2000-10-11,8.463349
2000-10-12,8.592474
2000-10-13,8.263794
2000-10-16,8.185542
2000-10-17,8.189458
2000-10-18,8.079899
2000-10-19,8.119026
2000-10-20,8.279447
2000-10-23,8.146417
2000-10-24,8.009469
2000-10-25,7.813830
2000-10-26,7.849042
2000-10-27,7.794260
2000-10-30,7.927302
2000-10-31,7.982079
2000-11-01,8.240318
2000-11-02,7.950774
2000-11-03,7.919472
2000-11-06,7.950774
2000-11-07,8.013379
2000-11-08,8.091630
2000-11-09,8.005551
2000-11-10,8.029034
2000-11-13,7.966426
2000-11-14,8.013379
2000-11-15,8.169892
2000-11-16,8.201194
2000-11-17,8.134678
2000-11-20,8.095548
2000-11-21,8.279447
2000-11-22,8.146417
2000-11-24,8.263794
2000-11-27,8.197280
2000-11-28,8.189458
2000-11-29,7.829482
2000-11-30,7.563410
2000-12-01,7.731659
2000-12-04,7.864696
2000-12-05,7.700356
2000-12-06,7.637753
2000-12-07,7.762960
2000-12-08,7.759052
2000-12-11,7.782526
2000-12-12,7.872520
2000-12-13,7.888171
2000-12-14,7.645576
2000-12-15,7.735148
2000-12-18,7.974541
2000-12-19,8.111901
2000-12-20,7.872507
2000-12-21,7.931372
2000-12-22,8.037335
2000-12-26,8.374839
2000-12-27,8.366995
2000-12-28,8.504347
2000-12-29,8.335595
2001-01-02,8.355217
2001-01-03,8.100123
2001-01-04,7.848959
2001-01-05,8.017713
2001-01-08,7.990242
2001-01-09,7.829342
2001-01-10,7.880354
2001-01-11,7.966693
2001-01-12,7.915677
2001-01-16,7.911752
2001-01-17,7.872507
2001-01-18,7.723377
2001-01-19,7.688056
2001-01-22,7.770469
2001-01-23,7.892130
2001-01-24,7.884283
2001-01-25,8.119747
2001-01-26,7.982392
2001-01-29,7.916777
2001-01-30,7.984593
2001-01-31,8.069984
2001-02-01,7.967010
2001-02-02,8.100123
2001-02-05,8.263386
2001-02-06,8.316134
2001-02-07,8.338734
2001-02-08,8.383944
2001-02-09,8.519578
2001-02-12,8.406549
2001-02-13,8.388970
2001-02-14,8.328689
2001-02-15,8.220686
2001-02-16,8.293527
2001-02-20,8.245801
2001-02-21,8.190544
2001-02-22,8.150360
2001-02-23,8.047383
2001-02-26,8.135292
2001-02-27,8.085058
2001-02-28,7.972026
2001-03-01,8.062450
2001-03-02,8.245801
2001-03-05,8.291013
2001-03-06,8.333714
2001-03-07,8.512040
2001-03-08,8.597435
2001-03-09,8.557247
2001-03-12,8.273430
2001-03-13,8.175473
2001-03-14,8.052408
2001-03-15,8.057425
2001-03-16,7.923150
2001-03-19,8.023925
2001-03-20,8.094461
2001-03-21,7.862687
2001-03-22,7.630914
2001-03-23,7.691375
2001-03-26,7.792145
2001-03-27,7.834980
2001-03-28,7.721610
2001-03-29,7.557852
2001-03-30,7.734204
2001-04-02,7.590606
2001-04-03,7.381504
2001-04-04,7.512506
2001-04-05,7.709012
2001-04-06,7.719089
2001-04-09,7.900476
2001-04-10,8.036516
2001-04-11,7.892919
2001-04-12,7.976054
2001-04-16,8.132248
2001-04-17,8.175082
2001-04-18,8.132248
2001-04-19,7.991170
2001-04-20,8.076828
2001-04-23,8.290965
2001-04-24,8.306084
2001-04-25,8.424486
2001-04-26,8.590759
2001-04-27,8.532816
2001-04-30,8.532816
2001-05-01,8.477393
2001-05-02,8.147369
2001-05-03,8.107060
2001-05-04,8.235544
2001-05-07,8.258213
2001-05-08,8.250658
2001-05-09,8.396778
2001-05-10,8.336316
2001-05-11,8.255701
2001-05-14,8.384177
2001-05-15,8.459755
2001-05-16,8.530295
2001-05-17,8.558014
2001-05-18,8.736879
2001-05-21,8.716723
2001-05-22,8.628552
2001-05-23,8.497548
2001-05-24,8.482431
2001-05-25,8.409369
2001-05-29,8.396778
2001-05-30,8.364026
2001-05-31,8.452200
2001-06-01,8.414412
2001-06-04,8.527781
2001-06-05,8.552974
2001-06-06,8.336316
2001-06-07,8.238063
2001-06-08,8.260736
2001-06-11,8.283410
2001-06-12,8.346391
2001-06-13,8.306084
2001-06-14,8.137288
2001-06-15,8.198292
2001-06-18,8.107169
2001-06-19,8.099570
2001-06-20,7.947710
2001-06-21,7.828748
2001-06-22,7.980613
2001-06-25,7.886963
2001-06-26,7.935051
2001-06-27,7.745219
2001-06-28,7.580697
2001-06-29,7.681941
2001-07-02,7.661690
2001-07-03,7.651567
2001-07-05,7.719908
2001-07-06,7.692066
2001-07-09,7.583229
2001-07-10,7.593354
2001-07-11,7.492107
2001-07-12,7.481980
2001-07-13,7.509827
2001-07-16,7.385799
2001-07-17,7.352894
2001-07-18,7.274431
2001-07-19,7.350365
2001-07-20,7.507296
2001-07-23,7.421236
2001-07-24,7.155470
2001-07-25,7.487044
2001-07-26,7.638912
2001-07-27,7.674347
2001-07-30,7.681941
2001-07-31,7.593354
2001-08-01,7.565507
2001-08-02,7.560447
2001-08-03,7.446551
2001-08-06,7.436424
2001-08-07,7.436424
2001-08-08,7.284556
2001-08-09,7.327588
2001-08-10,7.335178
2001-08-13,7.370616
2001-08-14,7.411112
2001-08-15,7.522478
2001-08-16,7.479451
2001-08-17,7.423769
2001-08-20,7.370616
2001-08-21,7.365552
2001-08-22,7.370616
2001-08-23,7.436424
2001-08-24,7.497170
2001-08-27,7.487044
2001-08-28,7.408579
2001-08-29,7.378207
2001-08-30,7.271901
2001-08-31,7.271901
2001-09-04,7.314930
2001-09-05,7.340240
2001-09-06,7.289616
2001-09-07,7.284556
2001-09-10,7.307339
2001-09-17,7.157997
2001-09-18,6.811234
2001-09-19,6.565720
2001-09-20,6.380949
2001-09-21,6.383747
2001-09-24,6.215752
2001-09-25,6.147027
2001-09-26,6.103758
2001-09-27,6.345561
2001-09-28,6.572103
2001-10-01,6.480471
2001-10-02,6.623012
2001-10-03,6.714643
2001-10-04,6.872455
2001-10-05,6.923362
2001-10-08,6.936090
2001-10-09,6.948815
2001-10-10,7.256804
2001-10-11,7.254259
2001-10-12,7.205894
2001-10-15,7.073535
2001-10-16,7.157535
2001-10-17,7.121898
2001-10-18,6.834275
2001-10-19,6.859730
2001-10-22,6.943721
2001-10-23,6.918272
2001-10-24,6.821551
2001-10-25,6.994635
2001-10-26,7.129534
2001-10-29,7.063357
2001-10-30,6.826639
2001-10-31,6.836820
2001-11-01,6.941180
2001-11-02,6.752824
2001-11-05,6.712096
2001-11-06,6.671373
2001-11-07,6.699371
2001-11-08,6.829184
2001-11-09,6.961544
2001-11-12,6.943721
2001-11-13,6.999723
2001-11-14,6.658647
2001-11-15,6.322660
2001-11-16,6.439744
2001-11-19,6.424474
2001-11-20,6.661194
2001-11-21,6.574649
2001-11-23,6.635739
2001-11-26,6.526285
2001-11-27,6.531377
2001-11-28,6.378654
2001-11-29,6.488107
2001-11-30,6.455016
2001-12-03,6.541560
2001-12-04,6.633193
2001-12-05,6.770640
2001-12-06,6.569557
2001-12-07,6.612829
2001-12-10,6.521196
2001-12-11,6.414289
2001-12-12,6.429563
2001-12-13,6.325205
2001-12-14,6.388835
2001-12-17,6.373566
2001-12-18,6.457562
2001-12-19,6.605195
2001-12-20,6.574649
2001-12-21,6.619634
2001-12-24,6.729536
2001-12-26,6.847103
2001-12-27,6.870103
2001-12-28,6.900774
2001-12-31,6.824097
2002-01-02,6.772982
2002-01-03,6.732090
2002-01-04,6.762759
2002-01-07,6.760202
2002-01-08,6.701417
2002-01-09,6.709085
2002-01-10,6.657970
2002-01-11,6.530178
2002-01-14,6.450947
2002-01-15,6.555737
2002-01-16,6.420277
2002-01-17,6.417720
2002-01-18,6.364048
2002-01-22,6.318040
2002-01-23,6.496952
2002-01-24,6.586406
2002-01-25,6.657970
2002-01-28,6.555737
2002-01-29,6.376824
2002-01-30,6.427941
2002-01-31,6.581293
2002-02-01,6.617076
2002-02-04,6.440719
2002-02-05,6.397273
2002-02-06,6.440719
2002-02-07,6.366605
2002-02-08,6.438166
2002-02-11,6.522512
2002-02-12,6.491841
2002-02-13,6.530178
2002-02-14,6.583847
2002-02-15,6.588961
2002-02-19,6.530178
2002-02-20,6.509730
2002-02-21,6.586406
2002-02-22,6.767871
2002-02-25,6.864993
2002-02-26,6.829215
2002-02-27,6.824097
2002-02-28,6.806208
2002-03-01,6.903331
2002-03-04,7.054123
2002-03-05,7.056681
2002-03-06,7.192141
2002-03-07,7.245809
2002-03-08,7.212584
2002-03-11,7.289263
2002-03-12,7.353158
2002-03-13,7.304595
2002-03-14,7.302040
2002-03-15,7.354868
2002-03-18,7.411288
2002-03-19,7.501044
2002-03-20,7.421547
2002-03-21,7.462576
2002-03-22,7.288193
2002-03-25,7.221521
2002-03-26,7.280498
2002-03-27,7.449751
2002-03-28,7.408724
2002-04-01,7.460011
2002-04-02,7.552334
2002-04-03,7.388206
2002-04-04,7.254856
2002-04-05,7.172792
2002-04-08,7.283061
2002-04-09,7.177920
2002-04-10,7.259982
2002-04-11,7.185615
2002-04-12,6.949684
2002-04-15,7.085598
2002-04-16,7.218949
2002-04-17,7.308711
2002-04-18,7.344613
2002-04-19,7.377949
2002-04-22,7.306142
2002-04-23,7.288193
2002-04-24,7.157404
2002-04-25,7.208697
2002-04-26,7.129200
2002-04-29,7.083038
2002-04-30,7.142016
2002-05-01,7.185615
2002-05-02,7.239465
2002-05-03,7.265111
2002-05-06,7.016358
2002-05-07,6.983023
2002-05-08,7.129200
2002-05-09,7.065084
2002-05-10,7.059952
2002-05-13,7.195872
2002-05-14,7.216388
2002-05-15,7.095859
2002-05-16,7.177920
2002-05-17,7.118937
2002-05-20,7.070214
2002-05-21,7.075341
2002-05-22,7.193304
2002-05-23,7.254856
2002-05-24,7.175354
2002-05-28,7.118937
2002-05-29,7.052265
2002-05-30,6.916349
2002-05-31,7.016358
2002-06-03,6.795818
2002-06-04,6.795818
2002-06-05,6.770173
2002-06-06,6.698367
2002-06-07,6.767610
2002-06-10,6.641952
2002-06-11,6.541937
2002-06-12,6.634254
2002-06-13,6.626562
2002-06-14,6.618869
2002-06-17,6.790689
2002-06-18,6.757351
2002-06-19,6.690675
2002-06-20,6.677848
2002-06-21,6.635539
2002-06-24,6.694879
2002-06-25,6.666499
2002-06-26,6.669082
2002-06-27,6.702619
2002-06-28,6.759377
2002-07-01,6.694879
2002-07-02,6.563304
2002-07-03,6.604583
2002-07-05,6.759377
2002-07-08,6.676822
2002-07-09,6.594262
2002-07-10,6.313052
2002-07-11,6.191795
2002-07-12,6.080862
2002-07-15,5.946705
2002-07-16,5.856410
2002-07-17,5.920907
2002-07-18,5.882205
2002-07-19,5.521019
2002-07-22,5.183053
2002-07-23,5.108233
2002-07-24,5.446202
2002-07-25,5.422981
2002-07-26,5.495218
2002-07-29,5.812549
2002-07-30,5.722252
2002-07-31,5.822869
2002-08-01,5.479738
2002-08-02,5.417822
2002-08-05,5.216585
2002-08-06,5.404922
2002-08-07,5.482318
2002-08-08,5.714513
2002-08-09,5.817709
2002-08-12,5.804807
2002-08-13,5.717091
2002-08-14,5.941544
2002-08-15,6.109239
2002-08-16,6.011200
2002-08-19,6.060220
2002-08-20,5.908008
2002-08-21,5.920907
2002-08-22,6.088601
2002-08-23,5.990563
2002-08-26,6.070539
2002-08-27,6.067963
2002-08-28,5.923484
2002-08-29,5.871887
2002-08-30,5.910583
2002-09-03,5.675814
2002-09-04,5.662912
2002-09-05,5.673236
2002-09-06,5.766110
2002-09-09,5.758370
2002-09-10,5.882205
2002-09-11,5.851246
2002-09-12,5.706769
2002-09-13,5.768691
2002-09-16,5.809970
2002-09-17,5.621634
2002-09-18,5.637114
2002-09-19,5.477160
2002-09-20,5.517367
2002-09-23,5.486238
2002-09-24,5.328005
2002-09-25,5.473269
2002-09-26,5.704133
2002-09-27,5.597777
2002-09-30,5.488833
2002-10-01,5.662629
2002-10-02,5.600372
2002-10-03,5.636686
2002-10-04,5.540715
2002-10-07,5.470673
2002-10-08,5.411014
2002-10-09,5.304660
2002-10-10,5.429171
2002-10-11,5.519961
2002-10-14,5.673001
2002-10-15,5.844206
2002-10-16,5.753418
2002-10-17,5.875331
2002-10-18,5.870146
2002-10-21,5.898679
2002-10-22,5.732666
2002-10-23,5.826049
2002-10-24,5.730072
2002-10-25,5.641875
2002-10-28,5.631499
2002-10-29,5.468081
2002-10-30,5.649658
2002-10-31,5.589995
2002-11-01,5.737851
2002-11-04,5.641875
2002-11-05,5.758605
2002-11-06,5.810484
2002-11-07,5.701538
2002-11-08,5.667815
2002-11-11,5.597777
2002-11-12,5.579622
2002-11-13,5.455112
2002-11-14,5.631499
2002-11-15,5.675597
2002-11-18,5.680788
2002-11-19,5.680788
2002-11-20,5.792325
2002-11-21,5.836425
2002-11-22,5.711915
2002-11-25,5.758605
2002-11-26,5.649658
2002-11-27,5.750822
2002-11-29,5.820860
2002-12-02,5.839017
2002-12-03,5.896085
2002-12-04,5.844206
2002-12-05,5.883115
2002-12-06,5.940184
2002-12-09,5.836425
2002-12-10,5.927214
2002-12-11,5.896085
2002-12-12,5.947964
2002-12-13,5.932400
2002-12-16,6.033565
2002-12-17,5.971310
2002-12-18,5.922028
2002-12-19,5.862362
2002-12-20,5.981259
2002-12-23,6.007333
2002-12-24,5.978650
2002-12-26,5.910861
2002-12-27,5.783101
2002-12-30,5.811782
2002-12-31,5.822209
2003-01-02,5.944755
2003-01-03,5.934327
2003-01-06,5.983866
2003-01-07,5.788315
2003-01-08,5.733561
2003-01-09,5.806568
2003-01-10,5.759634
2003-01-13,5.738773
2003-01-14,5.762242
2003-01-15,5.780491
2003-01-16,5.837852
2003-01-17,5.793530
2003-01-21,5.657944
2003-01-22,5.642303
2003-01-23,5.657944
2003-01-24,5.558871
2003-01-27,5.384176
2003-01-28,5.475433
2003-01-29,5.652732
2003-01-30,5.564083
2003-01-31,5.676198
2003-02-03,5.720522
2003-02-04,5.759634
2003-02-05,5.717916
2003-02-06,5.694449
2003-02-07,5.642303
2003-02-10,5.715309
2003-02-11,5.678804
2003-02-12,5.579727
2003-02-13,5.553652
2003-02-14,5.597979
2003-02-18,5.689232
2003-02-19,5.684020
2003-02-20,5.670983
2003-02-21,5.796138
2003-02-24,5.845676
2003-02-25,5.814386
2003-02-26,5.830032
2003-02-27,5.796138
2003-02-28,5.843068
2003-03-03,5.863929
2003-03-04,5.835245
2003-03-05,5.887393
2003-03-06,5.892607
2003-03-07,5.892607
2003-03-10,5.832640
2003-03-11,5.775280
2003-03-12,5.684020
2003-03-13,5.707485
2003-03-14,5.684020
2003-03-17,5.757025
2003-03-18,5.866536
2003-03-19,5.874357
2003-03-20,5.931716
2003-03-21,5.865929
2003-03-24,5.779437
2003-03-25,5.831857
2003-03-26,5.844959
2003-03-27,5.892141
2003-03-28,5.944562
2003-03-31,5.850205
2003-04-01,5.960289
2003-04-02,5.947184
2003-04-03,5.837101
2003-04-04,5.868549
2003-04-07,5.823995
2003-04-08,5.753223
2003-04-09,5.750603
2003-04-10,5.829234
2003-04-11,5.795163
2003-04-14,5.823995
2003-04-15,5.808266
2003-04-16,5.729638
2003-04-17,5.844959
2003-04-21,5.842342
2003-04-22,5.923593
2003-04-23,5.923593
2003-04-24,5.902626
2003-04-25,5.829234
2003-04-28,5.855444
2003-04-29,5.774193
2003-04-30,5.800402
2003-05-01,5.829234
2003-05-02,5.920971
2003-05-05,5.957667
2003-05-06,5.949805
2003-05-07,5.989120
2003-05-08,5.996987
2003-05-09,6.036299
2003-05-12,6.065130
2003-05-13,6.133277
2003-05-14,6.159489
2003-05-15,6.162109
2003-05-16,6.183079
2003-05-19,6.120173
2003-05-20,6.096583
2003-05-21,6.277439
2003-05-22,6.264334
2003-05-23,6.321995
2003-05-27,6.447804
2003-05-28,6.371791
2003-05-29,6.311512
2003-05-30,6.416353
2003-06-02,6.450427
2003-06-03,6.497606
2003-06-04,6.539544
2003-06-05,6.505468
2003-06-06,6.492363
2003-06-09,6.481880
2003-06-10,6.521195
2003-06-11,6.709910
2003-06-12,6.649628
2003-06-13,6.539544
2003-06-16,6.531680
2003-06-17,6.468774
2003-06-18,6.429457
2003-06-19,6.463534
2003-06-20,6.439302
2003-06-23,6.420867
2003-06-24,6.415601
2003-06-25,6.426135
2003-06-26,6.397162
2003-06-27,6.373462
2003-06-30,6.333954
2003-07-01,6.328688
2003-07-02,6.320786
2003-07-03,6.310254
2003-07-07,6.268116
2003-07-08,6.257578
2003-07-09,6.320786
2003-07-10,6.225975
2003-07-11,6.244410
2003-07-14,6.189107
2003-07-15,6.136430
2003-07-16,6.078489
2003-07-17,6.117995
2003-07-18,6.257578
2003-07-21,6.223340
2003-07-22,6.207541
2003-07-23,6.173303
2003-07-24,6.115360
2003-07-25,6.170667
2003-07-28,6.144331
2003-07-29,6.057423
2003-07-30,6.065320
2003-07-31,6.110091
2003-08-01,6.094291
2003-08-04,6.031086
2003-08-05,6.004745
2003-08-06,6.110091
2003-08-07,6.262846
2003-08-08,6.281283
2003-08-11,6.310254
2003-08-12,6.355024
2003-08-13,6.349759
2003-08-14,6.373462
2003-08-15,6.394527
2003-08-18,6.394527
2003-08-19,6.365561
2003-08-20,6.394527
2003-08-21,6.455106
2003-08-22,6.355024
2003-08-25,6.355024
2003-08-26,6.360293
2003-08-27,6.386631
2003-08-28,6.491973
2003-08-29,6.499875
2003-09-02,6.542016
2003-09-03,6.544648
2003-09-04,6.534113
2003-09-05,6.505144
2003-09-08,6.594688
2003-09-09,6.523578
2003-09-10,6.455106
2003-09-11,6.441937
2003-09-12,6.449835
2003-09-15,6.407700
2003-09-16,6.418232
2003-09-17,6.333954
2003-09-18,6.360293
2003-09-19,6.418789
2003-09-22,6.381730
2003-09-23,6.418789
2003-09-24,6.450551
2003-09-25,6.392322
2003-09-26,6.334087
2003-09-29,6.365850
2003-09-30,6.365850
2003-10-01,6.458493
2003-10-02,6.500843
2003-10-03,6.537902
2003-10-06,6.577605
2003-10-07,6.609368
2003-10-08,6.564372
2003-10-09,6.543195
2003-10-10,6.590842
2003-10-13,6.617310
2003-10-14,6.590842
2003-10-15,6.495548
2003-10-16,6.564372
2003-10-17,6.519371
2003-10-20,6.516728
2003-10-21,6.537902
2003-10-22,6.450551
2003-10-23,6.439965
2003-10-24,6.437318
2003-10-27,6.410845
2003-10-28,6.429375
2003-10-29,6.416141
2003-10-30,6.328794
2003-10-31,6.426728
2003-11-03,6.387027
2003-11-04,6.365850
2003-11-05,6.384380
2003-11-06,6.392322
2003-11-07,6.408199
2003-11-10,6.397614
2003-11-11,6.394967
2003-11-12,6.432025
2003-11-13,6.490254
2003-11-14,6.503490
2003-11-17,6.437318
2003-11-18,6.392322
2003-11-19,6.408199
2003-11-20,6.392322
2003-11-21,6.344675
2003-11-24,6.379089
2003-11-25,6.416141
2003-11-26,6.477021
2003-11-28,6.477021
2003-12-01,6.543195
2003-12-02,6.588192
2003-12-03,6.551135
2003-12-04,6.709951
2003-12-05,6.757598
2003-12-08,6.831709
2003-12-09,6.837006
2003-12-10,6.842298
2003-12-11,6.876710
2003-12-12,6.953466
2003-12-15,6.866120
2003-12-16,6.969350
2003-12-17,7.035523
2003-12-18,7.223454
2003-12-19,7.210692
2003-12-22,7.218666
2003-12-23,7.168149
2003-12-24,7.245260
2003-12-26,7.274503
2003-12-29,7.359583
2003-12-30,7.375538
2003-12-31,7.325020
2004-01-02,7.322362
2004-01-05,7.463276
2004-01-06,7.455302
2004-01-07,7.378196
2004-01-08,7.399468
2004-01-09,7.436692
2004-01-12,7.457960
2004-01-13,7.460618
2004-01-14,7.442007
2004-01-15,7.317045
2004-01-16,7.386170
2004-01-20,7.572289
2004-01-21,7.617490
2004-01-22,7.580266
2004-01-23,7.646735
2004-01-26,7.691937
2004-01-27,7.675986
2004-01-28,7.566973
2004-01-29,7.561656
2004-01-30,7.489868
2004-02-02,7.532405
2004-02-03,7.503163
2004-02-04,7.449986
2004-02-05,7.383515
2004-02-06,7.434031
2004-02-09,7.524430
2004-02-10,7.625468
2004-02-11,7.729158
2004-02-12,7.753088
2004-02-13,7.734478
2004-02-17,7.800946
2004-02-18,7.718523
2004-02-19,7.710548
2004-02-20,7.707894
2004-02-23,7.769040
2004-02-24,7.782335
2004-02-25,7.819559
2004-02-26,7.846148
2004-02-27,7.883368
2004-03-01,8.034923
2004-03-02,7.965793
2004-03-03,7.955158
2004-03-04,7.931230
2004-03-05,8.000360
2004-03-08,8.034923
2004-03-09,7.981746
2004-03-10,7.843485
2004-03-11,7.668008
2004-03-12,7.779675
2004-03-15,7.795630
2004-03-16,7.792972
2004-03-17,7.901981
2004-03-18,7.981746
2004-03-19,7.818071
2004-03-22,7.743307
2004-03-23,7.689905
2004-03-24,7.527027
2004-03-25,7.497657
2004-03-26,7.583097
2004-03-29,7.623151
2004-03-30,7.761994
2004-03-31,7.834090
2004-04-01,7.743307
2004-04-02,7.778018
2004-04-05,7.818071
2004-04-06,7.818071
2004-04-07,7.818071
2004-04-08,7.887494
2004-04-12,8.037020
2004-04-13,7.967596
2004-04-14,7.983616
2004-04-15,8.090421
2004-04-16,8.154504
2004-04-19,8.135813
2004-04-20,7.970268
2004-04-21,7.943567
2004-04-22,8.101101
2004-04-23,8.037020
2004-04-26,8.082411
2004-04-27,8.250626
2004-04-28,8.133141
2004-04-29,7.938224
2004-04-30,7.967596
2004-05-03,8.151834
2004-05-04,8.157171
2004-05-05,8.183870
2004-05-06,8.143821
2004-05-07,7.946233
2004-05-10,7.716605
2004-05-11,7.850109
2004-05-12,7.898169
2004-05-13,7.876810
2004-05-14,7.970268
2004-05-17,7.970268
2004-05-18,7.852781
2004-05-19,7.818071
2004-05-20,7.810063
2004-05-21,7.772679
2004-05-24,7.948902
2004-05-25,8.082411
2004-05-26,8.015656
2004-05-27,7.903512
2004-05-28,7.943567
2004-06-01,8.053040
2004-06-02,8.037020
2004-06-03,7.964925
2004-06-04,7.924870
2004-06-07,8.071728
2004-06-08,8.037020
2004-06-09,7.972933
2004-06-10,8.074397
2004-06-14,8.012985
2004-06-15,8.127800
2004-06-16,8.285336
2004-06-17,8.346749
2004-06-18,8.369270
2004-06-21,8.350502
2004-06-22,8.406801
2004-06-23,8.548878
2004-06-24,8.497942
2004-06-25,8.449692
2004-06-28,8.329060
2004-06-29,8.374627
2004-06-30,8.438971
2004-07-01,8.449692
2004-07-02,8.481860
2004-07-06,8.503306
2004-07-07,8.554239
2004-07-08,8.511352
2004-07-09,8.559599
2004-07-12,8.511352
2004-07-13,8.489905
2004-07-14,8.591768
2004-07-15,8.648064
2004-07-16,8.752616
2004-07-19,8.723125
2004-07-20,8.696319
2004-07-21,8.540836
2004-07-22,8.567644
2004-07-23,8.535473
2004-07-26,8.460416
2004-07-27,8.546197
2004-07-28,8.605172
2004-07-29,8.666830
2004-07-30,8.698998
2004-08-02,8.688277
2004-08-03,8.792827
2004-08-04,8.589087
2004-08-05,8.460416
2004-08-06,8.291526
2004-08-09,8.425564
2004-08-10,8.393392
2004-08-11,8.350502
2004-08-12,8.243275
2004-08-13,8.345140
2004-08-16,8.396075
2004-08-17,8.203060
2004-08-18,8.310291
2004-08-19,8.337099
2004-08-20,8.422881
2004-08-23,8.318336
2004-08-24,8.296890
2004-08-25,8.350502
2004-08-26,8.409482
2004-08-27,8.463099
2004-08-30,8.425564
2004-08-31,8.564965
2004-09-01,8.715082
2004-09-02,8.784784
2004-09-03,8.803547
2004-09-07,8.792827
2004-09-08,8.800868
2004-09-09,8.926860
2004-09-10,8.878607
2004-09-13,8.940263
2004-09-14,8.980475
2004-09-15,8.950990
2004-09-16,8.977796
2004-09-17,9.129321
2004-09-20,9.132016
2004-09-21,9.358096
2004-09-22,9.298884
2004-09-23,9.212756
2004-09-24,9.317724
2004-09-27,9.312342
2004-09-28,9.471131
2004-09-29,9.344639
2004-09-30,9.401158
2004-10-01,9.535728
2004-10-04,9.524962
2004-10-05,9.627237
2004-10-06,9.804873
2004-10-07,9.729518
2004-10-08,9.740273
2004-10-11,9.656844
2004-10-12,9.546493
2004-10-13,9.347330
2004-10-14,9.422688
2004-10-15,9.463057
2004-10-18,9.336560
2004-10-19,9.309650
2004-10-20,9.514196
2004-10-21,9.568023
2004-10-22,9.549188
2004-10-25,9.557260
2004-10-26,9.662226
2004-10-27,9.495357
2004-10-28,9.328491
2004-10-29,9.457680
2004-11-01,9.401158
2004-11-02,9.261208
2004-11-03,9.446912
2004-11-04,9.559953
2004-11-05,9.616468
2004-11-08,9.457680
2004-11-09,9.371552
2004-11-10,9.481896
2004-11-11,9.463057
2004-11-12,9.662226
2004-11-15,9.452294
2004-11-16,9.452294
2004-11-17,9.600326
2004-11-18,9.675686
2004-11-19,9.791414
2004-11-22,9.947521
2004-11-23,10.009422
2004-11-24,10.092857
2004-11-26,10.135918
2004-11-29,10.082090
2004-11-30,10.095543
2004-12-01,9.853317
2004-12-02,9.592252
2004-12-03,9.686449
2004-12-06,9.691833
2004-12-07,9.489975
2004-12-08,9.554568
2004-12-09,9.635315
2004-12-10,9.568023
2004-12-13,9.737585
2004-12-14,9.767190
2004-12-15,9.839863
2004-12-16,9.740273
2004-12-17,9.737846
2004-12-20,9.856699
2004-12-21,9.940440
2004-12-22,9.805376
2004-12-23,9.862098
2004-12-27,9.689226
2004-12-28,9.756755
2004-12-29,9.829691
2004-12-30,9.786467
2004-12-31,9.810780
2005-01-03,9.448818
2005-01-04,9.400196
2005-01-05,9.359678
2005-01-06,9.521750
2005-01-07,9.446119
2005-01-10,9.516343
2005-01-11,9.529854
2005-01-12,9.697328
2005-01-13,9.762162
2005-01-14,9.848594
2005-01-18,9.945845
2005-01-19,9.910728
2005-01-20,9.810780
2005-01-21,9.832388
2005-01-24,9.918825
2005-01-25,9.959347
2005-01-26,10.056588
2005-01-27,10.145731
2005-01-28,10.024175
2005-01-31,10.143032
2005-02-01,10.315904
2005-02-02,10.459070
2005-02-03,10.510391
2005-02-04,10.548205
2005-02-07,10.477974
2005-02-08,10.553609
2005-02-09,10.534701
2005-02-10,10.823728
2005-02-11,10.918277
2005-02-14,10.931779
2005-02-15,10.956091
2005-02-16,11.264028
2005-02-17,11.112761
2005-02-18,11.358570
2005-02-22,11.277533
2005-02-23,11.420704
2005-02-24,11.644894
2005-02-25,11.931230
2005-02-28,11.844786
2005-03-01,11.615186
2005-03-02,11.785362
2005-03-03,11.979849
2005-03-04,12.133818
2005-03-07,12.050077
2005-03-08,12.036573
2005-03-09,11.704325
2005-03-10,11.466618
2005-03-11,11.561158
2005-03-14,11.644894
2005-03-15,11.482824
2005-03-16,11.520642
2005-03-17,11.720525
2005-03-18,11.865253
2005-03-21,11.762273
2005-03-22,11.621338
2005-03-23,11.399107
2005-03-24,11.390968
2005-03-28,11.404523
2005-03-29,11.220228
2005-03-30,11.388260
2005-03-31,11.618629
2005-04-01,11.905910
2005-04-04,11.802921
2005-04-05,11.653855
2005-04-06,11.838152
2005-04-07,11.792080
2005-04-08,11.577976
2005-04-11,11.664703
2005-04-12,11.480408
2005-04-13,11.198544
2005-04-14,11.193129
2005-04-15,10.767620
2005-04-18,10.962756
2005-04-19,11.220228
2005-04-20,10.989854
2005-04-21,11.369283
2005-04-22,11.393682
2005-04-25,11.553585
2005-04-26,11.363870
2005-04-27,11.071167
2005-04-28,10.848930
2005-04-29,10.989854
2005-05-02,11.187696
2005-05-03,10.924817
2005-05-04,11.052197
2005-05-05,11.171444
2005-05-06,11.138920
2005-05-09,11.287984
2005-05-10,11.098269
2005-05-11,11.166025
2005-05-12,10.678187
2005-05-13,10.515577
2005-05-16,10.469504
2005-05-17,10.656509
2005-05-18,10.634827
2005-05-19,10.827251
2005-05-20,10.745945
2005-05-23,10.924817
2005-05-24,10.970890
2005-05-25,11.138920
2005-05-26,11.195833
2005-05-27,11.382847
2005-05-31,11.296113
2005-06-01,11.510220
2005-06-02,11.488539
2005-06-03,11.553585
2005-06-06,11.588820
2005-06-07,11.477692
2005-06-08,11.510220
2005-06-09,11.843575
2005-06-10,11.830028
2005-06-13,11.876097
2005-06-14,11.949273
2005-06-15,12.092915
2005-06-16,12.263656
2005-06-17,12.462392
2005-06-20,12.475987
2005-06-21,12.212276
2005-06-22,12.282961
2005-06-23,12.293837
2005-06-24,12.217708
2005-06-27,12.405302
2005-06-28,12.174207
2005-06-29,12.163337
2005-06-30,12.084495
2005-07-01,12.353638
2005-07-05,12.723381
2005-07-06,12.495016
2005-07-07,12.655413
2005-07-08,12.571144
2005-07-11,12.663576
2005-07-12,12.777753
2005-07-13,12.704350
2005-07-14,12.399864
2005-07-15,12.334614
2005-07-18,12.282961
2005-07-19,12.546676
2005-07-20,12.560263
2005-07-21,12.437922
2005-07-22,12.883785
2005-07-25,13.003407
2005-07-26,12.973500
2005-07-27,13.038754
2005-07-28,13.076813
2005-07-29,12.940877
2005-08-01,13.076813
2005-08-02,13.294308
2005-08-03,13.229064
2005-08-04,13.256244
2005-08-05,13.155655
2005-08-08,13.345960
2005-08-09,13.316054
2005-08-10,13.533546
2005-08-11,13.664042
2005-08-12,13.639573
2005-08-15,13.506367
2005-08-16,13.210026
2005-08-17,12.905537
2005-08-18,12.878345
2005-08-19,13.098564
2005-08-22,13.131187
2005-08-23,13.106713
2005-08-24,13.231771
2005-08-25,13.196437
2005-08-26,13.046906
2005-08-29,13.152932
2005-08-30,13.397613
2005-08-31,13.767351
2005-09-01,14.126216
2005-09-02,13.851637
2005-09-06,13.949505
2005-09-07,13.971249
2005-09-08,13.990282
2005-09-09,14.354581
2005-09-12,14.060970
2005-09-13,13.941346
2005-09-14,14.115343
2005-09-15,14.115343
2005-09-16,14.253849
2005-09-19,14.630102
2005-09-20,14.491044
2005-09-21,14.695524
2005-09-22,14.586476
2005-09-23,14.330190
2005-09-26,14.591924
2005-09-27,14.602835
2005-09-28,14.722791
2005-09-29,14.864570
2005-09-30,14.632827
2005-10-03,14.594654
2005-10-04,14.068450
2005-10-05,13.528611
2005-10-06,13.206886
2005-10-07,13.504073
2005-10-10,13.299585
2005-10-11,13.618588
2005-10-12,13.356850
2005-10-13,12.994235
2005-10-14,13.179630
2005-10-17,13.343217
2005-10-18,12.724312
2005-10-19,13.010591
2005-10-20,12.418951
2005-10-21,12.547093
2005-10-24,12.994235
2005-10-25,13.264146
2005-10-26,13.185083
2005-10-27,12.811555
2005-10-28,13.160542
2005-10-31,13.310494
2005-11-01,13.392289
2005-11-02,13.654030
2005-11-03,13.913038
2005-11-04,13.495894
2005-11-07,13.261421
2005-11-08,13.373207
2005-11-09,13.250514
2005-11-10,12.838820
2005-11-11,12.942431
2005-11-14,13.010591
2005-11-15,13.032398
2005-11-16,13.370477
2005-11-17,13.365026
2005-11-18,13.370477
2005-11-21,13.703105
2005-11-22,13.921219
2005-11-23,13.869425
2005-11-25,13.904859
2005-11-28,13.435912
2005-11-29,13.457732
2005-11-30,13.509531
2005-12-01,13.937582
2005-12-02,13.951214
2005-12-05,14.049366
2005-12-06,14.109343
2005-12-07,14.057538
2005-12-08,14.305649
2005-12-09,14.128431
2005-12-12,14.311106
2005-12-13,14.251126
2005-12-14,14.422882
2005-12-15,14.308372
2005-12-16,13.960392
2005-12-19,13.845583
2005-12-20,14.034200
2005-12-21,14.064269
2005-12-22,14.047866
2005-12-23,14.009595
2005-12-27,13.596820
2005-12-28,13.801842
2005-12-29,13.695239
2005-12-30,13.752641
2006-01-03,14.405961
2006-01-04,14.446969
2006-01-05,14.263821
2006-01-06,14.613720
2006-01-09,14.597320
2006-01-10,14.755867
2006-01-11,14.818735
2006-01-12,14.712129
2006-01-13,14.887074
2006-01-17,15.215104
2006-01-18,15.089357
2006-01-19,15.351788
2006-01-20,15.420124
2006-01-23,15.589607
2006-01-24,15.496665
2006-01-25,15.171365
2006-01-26,15.220568
2006-01-27,15.485726
2006-01-30,15.841087
2006-01-31,15.761821
2006-02-01,15.387325
2006-02-02,15.234234
2006-02-03,15.094821
2006-02-06,15.390051
2006-02-07,14.747660
2006-02-08,14.750394
2006-02-09,14.414161
2006-02-10,14.362225
2006-02-13,14.304822
2006-02-14,14.143538
2006-02-15,14.066998
2006-02-16,14.389560
2006-02-17,14.490706
2006-02-21,14.774997
2006-02-22,14.498907
2006-02-23,14.482506
2006-02-24,14.660192
2006-02-27,14.405961
2006-02-28,14.307558
2006-03-01,14.550844
2006-03-02,14.794130
2006-03-03,14.796869
2006-03-06,14.282951
2006-03-07,14.072462
2006-03-08,14.072462
2006-03-09,13.971329
2006-03-10,14.047866
2006-03-13,14.323956
2006-03-14,14.589117
2006-03-15,14.665654
2006-03-16,14.898005
2006-03-17,14.709106
2006-03-20,14.382848
2006-03-21,14.358166
2006-03-22,14.454125
2006-03-23,14.667984
2006-03-24,14.766684
2006-03-27,14.843446
2006-03-28,14.958605
2006-03-29,15.134064
2006-03-30,15.125841
2006-03-31,14.914737
2006-04-03,14.996984
2006-04-04,15.194384
2006-04-05,15.443876
2006-04-06,15.476774
2006-04-07,15.175188
2006-04-10,15.463070
2006-04-11,15.353399
2006-04-12,15.251960
2006-04-13,15.301311
2006-04-17,15.583701
2006-04-18,15.964797
2006-04-19,16.211548
2006-04-20,16.044300
2006-04-21,16.378788
2006-04-24,16.129295
2006-04-25,15.920923
2006-04-26,15.668699
2006-04-27,15.490479
2006-04-28,15.665953
2006-05-01,15.923667
2006-05-02,16.277342
2006-05-03,16.025110
2006-05-04,15.951091
2006-05-05,16.137520
2006-05-08,16.066235
2006-05-09,16.162189
2006-05-10,16.312988
2006-05-11,16.101875
2006-05-12,15.556284
2006-05-15,15.230021
2006-05-16,15.284859
2006-05-17,14.895539
2006-05-18,14.714595
2006-05-19,14.810548
2006-05-22,14.725556
2006-05-23,14.728299
2006-05-24,14.547352
2006-05-25,15.057304
2006-05-26,15.106651
2006-05-30,14.868127
2006-05-31,15.230021
2006-06-01,15.271153
2006-06-02,15.498708
2006-06-05,15.010689
2006-06-06,14.996984
2006-06-07,14.421231
2006-06-08,14.624110
2006-06-09,14.476065
2006-06-12,14.179964
2006-06-13,13.760485
2006-06-14,14.114160
2006-06-15,14.651534
2006-06-16,14.612175
2006-06-19,14.061817
2006-06-20,13.995770
2006-06-21,14.309477
2006-06-22,14.370017
2006-06-23,14.689235
2006-06-26,14.851589
2006-06-27,14.879108
2006-06-28,15.135027
2006-06-29,15.564315
2006-06-30,15.616594
2006-07-03,15.784462
2006-07-05,15.856002
2006-07-06,15.814729
2006-07-07,15.600088
2006-07-10,15.646867
2006-07-11,15.933060
2006-07-12,15.878023
2006-07-13,15.726672
2006-07-14,15.911047
2006-07-17,15.396451
2006-07-18,15.415706
2006-07-19,15.575321
2006-07-20,15.198323
2006-07-21,14.991927
2006-07-24,15.443235
2006-07-25,15.712913
2006-07-26,16.029366
2006-07-27,15.891777
2006-07-28,15.897280
2006-07-31,16.139442
2006-08-01,16.158703
2006-08-02,16.191723
2006-08-03,16.051386
2006-08-04,15.916543
2006-08-07,16.084400
2006-08-08,15.990841
2006-08-09,16.125677
2006-08-10,15.993595
2006-08-11,16.001854
2006-08-14,15.671640
2006-08-15,15.751436
2006-08-16,15.685393
2006-08-17,15.575321
2006-08-18,15.817472
2006-08-21,15.922050
2006-08-22,16.029366
2006-08-23,15.693651
2006-08-24,15.897280
2006-08-25,16.021120
2006-08-28,15.789968
2006-08-29,15.690892
2006-08-30,15.426718
2006-08-31,15.319392
2006-09-01,15.547800
2006-09-05,15.751436
2006-09-06,15.217580
2006-09-07,15.231337
2006-09-08,14.846083
2006-09-11,14.386533
2006-09-12,14.295720
2006-09-13,14.592919
2006-09-14,14.268198
2006-09-15,14.317076
2006-09-18,14.662227
2006-09-19,14.441330
2006-09-20,14.054762
2006-09-21,14.234234
2006-09-22,14.173490
2006-09-25,14.192822
2006-09-26,14.504836
2006-09-27,14.745079
2006-09-28,14.698125
2006-09-29,14.758874
2006-10-02,14.590440
2006-10-03,14.054762
2006-10-04,14.261856
2006-10-05,14.535211
2006-10-06,14.549023
2006-10-09,14.330876
2006-10-10,14.598721
2006-10-11,14.366781
2006-10-12,14.703650
2006-10-13,14.905219
2006-10-16,15.255900
2006-10-17,15.090225
2006-10-18,14.993579
2006-10-19,15.302845
2006-10-20,15.104029
2006-10-23,15.131637
2006-10-24,15.407770
2006-10-25,15.672851
2006-10-26,15.636952
2006-10-27,15.509936
2006-10-30,15.231050
2006-10-31,15.388436
2006-11-01,15.231050
2006-11-02,15.291797
2006-11-03,15.628672
2006-11-06,15.741883
2006-11-07,15.620381
2006-11-08,15.882704
2006-11-09,16.015244
2006-11-10,15.863376
2006-11-13,15.835756
2006-11-14,15.929643
2006-11-15,16.078753
2006-11-16,15.636952
2006-11-17,15.766735
2006-11-20,15.725313
2006-11-21,16.015244
2006-11-22,15.921359
2006-11-24,15.888223
2006-11-27,15.816434
2006-11-28,16.070463
2006-11-29,16.581301
2006-11-30,16.708315
2006-12-01,16.766302
2006-12-04,16.741455
2006-12-05,16.807728
2006-12-06,16.760780
2006-12-07,16.661377
2006-12-08,16.642050
2006-12-11,16.600618
2006-12-12,16.639286
2006-12-13,16.807728
2006-12-14,17.050714
2006-12-15,16.896730
2006-12-18,16.409290
2006-12-19,16.689014
2006-12-20,16.461916
2006-12-21,16.384373
2006-12-22,16.226513
2006-12-26,16.245893
2006-12-27,16.436995
2006-12-28,16.400984
2006-12-29,16.237593
2007-01-03,15.669840
2007-01-04,15.384584
2007-01-05,15.487054
2007-01-08,15.487054
2007-01-09,15.354119
2007-01-10,15.057783
2007-01-11,14.971931
2007-01-12,15.354119
2007-01-16,15.196251
2007-01-17,15.365189
2007-01-18,15.251652
2007-01-19,15.669840
2007-01-22,15.561825
2007-01-23,15.966177
2007-01-24,16.035419
2007-01-25,15.705844
2007-01-26,15.744611
2007-01-29,15.667065
2007-01-30,15.985560
2007-01-31,16.088032
2007-02-01,16.146189
2007-02-02,16.237593
2007-02-05,16.220964
2007-02-06,16.171114
2007-02-07,16.074175
2007-02-08,16.237593
2007-02-09,16.171114
2007-02-12,15.946787
2007-02-13,16.179426
2007-02-14,16.182205
2007-02-15,16.060339
2007-02-16,16.063107
2007-02-20,15.883084
2007-02-21,16.057571
2007-02-22,16.201584
2007-02-23,16.243126
2007-02-26,16.340054
2007-02-27,15.689224
2007-02-28,15.758463
2007-03-01,15.708611
2007-03-02,15.523053
2007-03-05,15.343038
2007-03-06,15.633835
2007-03-07,15.827706
2007-03-08,15.966177
2007-03-09,15.896940
2007-03-12,15.874777
2007-03-13,15.661528
2007-03-14,15.841553
2007-03-15,15.838778
2007-03-16,15.668453
2007-03-19,15.918527
2007-03-20,16.032444
2007-03-21,16.321413
2007-03-22,16.649298
2007-03-23,16.732647
2007-03-26,16.849354
2007-03-27,16.879913
2007-03-28,16.877136
2007-03-29,16.982719
2007-03-30,16.749325
2007-04-02,16.913260
2007-04-03,17.018845
2007-04-04,17.046627
2007-04-05,17.157770
2007-04-09,17.093864
2007-04-10,17.352274
2007-04-11,17.246687
2007-04-12,17.510654
2007-04-13,17.518993
2007-04-16,17.621798
2007-04-17,17.521769
2007-04-18,17.460638
2007-04-19,17.216122
2007-04-20,17.532881
2007-04-23,17.552338
2007-04-24,17.499531
2007-04-25,17.827417
2007-04-26,17.821856
2007-04-27,17.819071
2007-04-30,17.607904
2007-05-01,17.685707
2007-05-02,17.832973
2007-05-03,17.977455
2007-05-04,17.963572
2007-05-07,18.010799
2007-05-08,18.013580
2007-05-09,18.005243
2007-05-10,17.713497
2007-05-11,18.119165
2007-05-14,18.124722
2007-05-15,18.185850
2007-05-16,18.255316
2007-05-17,18.547066
2007-05-18,18.847157
2007-05-21,19.005537
2007-05-22,18.827707
2007-05-23,18.866608
2007-05-24,18.522062
2007-05-25,18.811029
2007-05-29,18.685997
2007-05-30,19.077776
2007-05-31,18.977749
2007-06-01,19.150017
2007-06-04,19.450106
2007-06-05,19.380646
2007-06-06,19.133348
2007-06-07,18.794367
2007-06-08,18.872152
2007-06-11,19.016642
2007-06-12,18.783243
2007-06-13,19.158350
2007-06-14,19.480679
2007-06-15,19.779686
2007-06-18,19.801970
2007-06-19,19.824261
2007-06-20,19.247429
2007-06-21,19.631989
2007-06-22,19.436924
2007-06-25,19.280861
2007-06-26,18.865656
2007-06-27,19.158257
2007-06-28,19.158257
2007-06-29,19.225132
2007-07-02,19.565109
2007-07-03,19.715588
2007-07-05,19.668215
2007-07-06,19.935736
2007-07-09,20.122433
2007-07-10,19.944094
2007-07-11,20.019337
2007-07-12,20.406677
2007-07-13,20.607315
2007-07-16,20.342581
2007-07-17,20.077854
2007-07-18,20.532080
2007-07-19,20.718781
2007-07-20,20.621262
2007-07-23,20.704847
2007-07-24,20.105719
2007-07-25,20.426182
2007-07-26,19.657070
2007-07-27,19.088585
2007-07-30,19.417410
2007-07-31,19.227921
2007-08-01,19.177765
2007-08-02,19.046789
2007-08-03,18.425365
2007-08-06,18.531260
2007-08-07,18.965975
2007-08-08,19.325455
2007-08-09,18.770916
2007-08-10,18.871227
2007-08-13,18.893526
2007-08-14,18.768127
2007-08-15,18.252596
2007-08-16,18.141127
2007-08-17,18.809921
2007-08-20,18.768127
2007-08-21,18.503393
2007-08-22,18.726316
2007-08-23,18.893526
2007-08-24,19.297592
2007-08-27,19.060722
2007-08-28,18.600927
2007-08-29,19.216772
2007-08-30,19.205629
2007-08-31,19.459209
2007-09-04,19.813124
2007-09-05,19.707226
2007-09-06,20.008186
2007-09-07,19.579052
2007-09-10,19.548388
2007-09-11,19.882797
2007-09-12,20.022125
2007-09-13,20.147524
2007-09-14,20.203253
2007-09-17,20.245047
2007-09-18,20.858120
2007-09-19,21.039251
2007-09-20,21.025318
2007-09-21,21.150475
2007-09-24,21.111380
2007-09-25,20.764921
2007-09-26,20.823580
2007-09-27,21.094597
2007-09-28,20.899035
2007-10-01,21.262239
2007-10-02,20.929766
2007-10-03,20.806831
2007-10-04,20.885054
2007-10-05,20.985651
2007-10-08,20.773306
2007-10-09,21.192396
2007-10-10,21.466208
2007-10-11,21.360033
2007-10-12,21.561195
2007-10-15,21.737230
2007-10-16,21.793106
2007-10-17,21.653404
2007-10-18,21.821049
2007-10-19,20.787273
2007-10-22,20.549782
2007-10-23,20.843151
2007-10-24,20.980051
2007-10-25,21.178431
2007-10-26,21.499727
2007-10-29,21.603113
2007-10-30,20.868292
2007-10-31,21.429884
2007-11-01,20.801235
2007-11-02,21.192396
2007-11-05,21.021957
2007-11-06,21.723253
2007-11-07,20.829174
2007-11-08,21.192396
2007-11-09,20.801235
2007-11-12,19.795403
2007-11-13,20.493898
2007-11-14,20.463160
2007-11-15,19.781437
2007-11-16,20.301121
2007-11-19,19.963045
2007-11-20,20.605661
2007-11-21,20.158630
2007-11-23,20.689482
2007-11-26,19.974211
2007-11-27,19.753492
2007-11-28,20.242437
2007-11-29,20.465961
2007-11-30,20.527428
2007-12-03,20.605661
2007-12-04,20.396116
2007-12-05,20.845942
2007-12-06,21.415913
2007-12-07,21.284597
2007-12-10,21.499727
2007-12-11,20.968882
2007-12-12,21.653404
2007-12-13,21.706493
2007-12-14,21.360033
2007-12-17,20.977257
2007-12-18,21.178431
2007-12-19,21.382389
2007-12-20,21.653404
2007-12-21,22.213360
2007-12-24,22.314201
2007-12-26,22.563509
2007-12-27,22.325403
2007-12-28,22.513094
2007-12-31,22.227373
2008-01-02,22.269392
2008-01-03,22.532698
2008-01-04,21.709154
2008-01-07,21.625114
2008-01-08,21.246946
2008-01-09,21.527063
2008-01-10,21.437437
2008-01-11,21.176924
2008-01-14,21.597103
2008-01-15,20.703533
2008-01-16,20.014437
2008-01-17,19.258120
2008-01-18,19.300131
2008-01-22,18.753904
2008-01-23,18.927578
2008-01-24,19.594250
2008-01-25,19.244104
2008-01-28,19.681097
2008-01-29,19.902384
2008-01-30,19.653078
2008-01-31,19.496214
2008-02-01,19.986423
2008-02-04,20.000427
2008-02-05,19.174080
2008-02-06,18.910776
2008-02-07,19.283325
2008-02-08,19.566238
2008-02-11,20.070459
2008-02-12,20.059246
2008-02-13,20.546658
2008-02-14,20.370182
2008-02-15,20.406593
2008-02-19,21.078882
2008-02-20,21.330990
2008-02-21,20.745535
2008-02-22,20.980852
2008-02-25,21.580296
2008-02-26,21.947250
2008-02-27,21.661531
2008-02-28,22.034086
2008-02-29,21.302982
2008-03-03,21.569088
2008-03-04,21.148916
2008-03-05,21.681131
2008-03-06,21.246946
2008-03-07,20.661510
2008-03-10,20.406593
2008-03-11,21.457048
2008-03-12,20.980852
2008-03-13,21.330990
2008-03-14,20.941624
2008-03-17,20.210510
2008-03-18,21.092890
2008-03-19,19.804348
2008-03-20,19.892275
2008-03-24,20.240620
2008-03-25,20.442890
2008-03-26,20.886755
2008-03-27,20.676058
2008-03-28,20.619869
2008-03-31,20.805277
2008-04-01,21.195765
2008-04-02,21.490732
2008-04-03,21.541309
2008-04-04,21.718294
2008-04-07,21.833467
2008-04-08,22.080679
2008-04-09,22.122816
2008-04-10,22.080679
2008-04-11,21.771658
2008-04-14,22.271713
2008-04-15,22.389694
2008-04-16,23.148191
2008-04-17,23.128531
2008-04-18,23.482489
2008-04-21,23.749369
2008-04-22,23.760607
2008-04-23,23.575193
2008-04-24,22.957161
2008-04-25,23.283031
2008-04-28,23.322372
2008-04-29,22.797035
2008-04-30,22.965588
2008-05-01,22.462730
2008-05-02,22.886936
2008-05-05,23.218414
2008-05-06,23.833639
2008-05-07,23.389790
2008-05-08,23.858927
2008-05-09,23.813984
2008-05-12,23.681948
2008-05-13,24.069622
2008-05-14,23.794323
2008-05-15,24.108955
2008-05-16,24.988245
2008-05-19,25.142761
2008-05-20,25.392778
2008-05-21,25.016333
2008-05-22,24.651140
2008-05-23,24.232557
2008-05-27,24.075249
2008-05-28,24.583723
2008-05-29,23.912308
2008-05-30,24.159513
2008-06-02,24.302795
2008-06-03,23.780268
2008-06-04,23.426300
2008-06-05,24.648321
2008-06-06,24.165136
2008-06-09,24.875875
2008-06-10,24.263460
2008-06-11,24.412355
2008-06-12,24.041540
2008-06-13,24.328070
2008-06-16,24.415155
2008-06-17,24.819693
2008-06-18,24.915203
2008-06-19,24.316841
2008-06-20,24.152906
2008-06-23,25.107754
2008-06-24,24.631746
2008-06-25,24.538792
2008-06-26,24.361345
2008-06-27,24.575407
2008-06-30,24.921860
2008-07-01,25.026073
2008-07-02,24.271208
2008-07-03,23.913488
2008-07-07,23.313541
2008-07-08,22.927654
2008-07-09,22.491076
2008-07-10,23.181154
2008-07-11,23.040335
2008-07-14,23.192429
2008-07-15,22.215038
2008-07-16,21.643255
2008-07-17,21.288353
2008-07-18,21.660166
2008-07-21,22.307999
2008-07-22,21.567204
2008-07-23,20.784172
2008-07-24,20.733482
2008-07-25,20.789806
2008-07-28,20.871492
2008-07-29,20.623621
2008-07-30,21.851690
2008-07-31,20.955994
2008-08-01,20.953173
2008-08-04,19.967340
2008-08-05,20.116631
2008-08-06,20.575743
2008-08-07,20.336321
2008-08-08,19.992689
2008-08-11,19.984240
2008-08-12,19.995510
2008-08-13,20.702488
2008-08-14,20.322243
2008-08-15,19.941998
2008-08-18,19.688498
2008-08-19,20.395475
2008-08-20,20.984165
2008-08-21,21.510866
2008-08-22,21.017960
2008-08-25,20.744736
2008-08-26,21.167242
2008-08-27,21.502422
2008-08-28,21.124987
2008-08-29,21.026405
2008-09-02,19.871580
2008-09-03,19.795527
2008-09-04,19.350489
2008-09-05,19.271626
2008-09-08,19.139240
2008-09-09,17.815409
2008-09-10,18.516768
2008-09-11,18.781528
2008-09-12,19.415279
2008-09-15,17.928072
2008-09-16,18.685762
2008-09-17,18.294245
2008-09-18,18.840681
2008-09-19,20.133455
2008-09-22,19.780237
2008-09-23,19.127480
2008-09-24,19.184013
2008-09-25,19.653076
2008-09-26,19.130314
2008-09-29,16.855581
2008-09-30,17.886986
2008-10-01,17.593111
2008-10-02,16.589966
2008-10-03,16.392168
2008-10-06,15.510535
2008-10-07,14.659984
2008-10-08,14.936904
2008-10-09,12.786510
2008-10-10,12.263747
2008-10-13,14.284163
2008-10-14,14.301110
2008-10-15,12.235491
2008-10-16,12.701735
2008-10-17,12.981487
2008-10-20,14.493264
2008-10-21,13.834870
2008-10-22,12.489807
2008-10-23,13.153857
2008-10-24,12.334389
2008-10-27,11.546013
2008-10-28,13.306447
2008-10-29,13.600327
2008-10-30,14.227641
2008-10-31,14.524342
2008-11-03,14.075049
2008-11-04,14.982118
2008-11-05,14.312416
2008-11-06,13.450561
2008-11-07,14.086352
2008-11-10,14.134393
2008-11-11,13.727488
2008-11-12,12.602840
2008-11-13,14.083527
2008-11-14,13.498601
2008-11-17,13.218846
2008-11-18,13.589032
2008-11-19,12.885410
2008-11-20,11.291694
2008-11-21,12.551974
2008-11-24,13.459040
2008-11-25,13.673790
2008-11-26,14.439571
2008-11-28,14.207864
2008-12-01,12.696084
2008-12-02,13.125599
2008-12-03,13.134081
2008-12-04,12.224185
2008-12-05,12.478502
2008-12-08,13.032357
2008-12-09,13.162333
2008-12-10,13.843334
2008-12-11,13.778347
2008-12-12,13.642712
2008-12-15,13.563584
2008-12-16,13.984628
2008-12-17,13.894207
2008-12-18,13.086040
2008-12-19,13.065876
2008-12-22,12.676738
2008-12-23,12.705144
2008-12-24,12.656855
2008-12-26,12.827280
2008-12-29,13.108479
2008-12-30,13.426602
2008-12-31,13.568627
2009-01-02,14.244648
2009-01-05,14.579812
2009-01-06,14.738872
2009-01-07,14.113985
2009-01-08,14.295766
2009-01-09,13.815739
2009-01-12,13.270382
2009-01-13,13.602715
2009-01-14,12.952254
2009-01-15,13.114161
2009-01-16,13.219262
2009-01-20,12.514835
2009-01-21,13.355593
2009-01-22,12.989182
2009-01-23,13.366958
2009-01-26,13.614077
2009-01-27,13.636793
2009-01-28,14.008885
2009-01-29,13.514657
2009-01-30,13.327189
2009-02-02,13.114161
2009-02-03,13.341388
2009-02-04,13.466368
2009-02-05,13.795860
2009-02-06,14.051492
2009-02-09,14.102615
2009-02-10,13.446490
2009-02-11,13.293107
2009-02-12,13.315835
2009-02-13,13.347069
2009-02-17,12.423940
2009-02-18,12.352932
2009-02-19,12.355776
2009-02-20,12.037647
2009-02-23,11.475241
2009-02-24,12.014924
2009-02-25,11.943910
2009-02-26,11.972315
2009-02-27,11.682592
2009-03-02,10.827633
2009-03-03,10.881599
2009-03-04,11.401391
2009-03-05,10.898640
2009-03-06,11.017940
2009-03-09,11.037822
2009-03-10,11.597382
2009-03-11,11.549089
2009-03-12,11.895626
2009-03-13,11.787689
2009-03-16,11.938232
2009-03-17,12.350086
2009-03-18,12.475066
2009-03-19,12.776158
2009-03-20,12.276523
2009-03-23,13.287204
2009-03-24,13.035956
2009-03-25,12.973149
2009-03-26,13.084494
2009-03-27,12.696215
2009-03-30,12.225135
2009-03-31,12.122355
2009-04-01,12.379306
2009-04-02,12.887497
2009-04-03,13.138742
2009-04-06,12.873222
2009-04-07,12.487796
2009-04-08,12.647674
2009-04-09,13.018826
2009-04-13,12.876077
2009-04-14,12.841823
2009-04-15,12.858948
2009-04-16,12.918900
2009-04-17,13.070210
2009-04-20,12.436407
2009-04-21,12.681935
2009-04-22,12.547750
2009-04-23,12.781863
2009-04-24,13.153010
2009-04-27,12.904626
2009-04-28,12.933174
2009-04-29,13.290051
2009-04-30,13.070210
2009-05-01,13.492759
2009-05-04,14.032354
2009-05-05,13.843928
2009-05-06,14.380670
2009-05-07,14.195088
2009-05-08,14.800347
2009-05-11,14.349259
2009-05-12,14.440621
2009-05-13,13.963839
2009-05-14,14.003806
2009-05-15,13.704021
2009-05-18,14.177958
2009-05-19,14.246478
2009-05-20,14.295016
2009-05-21,13.872472
2009-05-22,13.878183
2009-05-26,14.172252
2009-05-27,14.018080
2009-05-28,14.483441
2009-05-29,14.754668
2009-06-01,15.297125
2009-06-02,15.257149
2009-06-03,14.669020
2009-06-04,15.000197
2009-06-05,14.877434
2009-06-08,14.843175
2009-06-09,14.988779
2009-06-10,15.122969
2009-06-11,15.425594
2009-06-12,15.277135
2009-06-15,14.871724
2009-06-16,14.554818
2009-06-17,14.317860
2009-06-18,14.263609
2009-06-19,14.121276
2009-06-22,13.415355
2009-06-23,13.495708
2009-06-24,13.550229
2009-06-25,13.834317
2009-06-26,13.742493
2009-06-29,13.871621
2009-06-30,13.788401
2009-07-01,13.799881
2009-07-02,13.246048
2009-07-06,13.111177
2009-07-07,12.775442
2009-07-08,12.778303
2009-07-09,12.910307
2009-07-10,12.818480
2009-07-13,13.013616
2009-07-14,13.188662
2009-07-15,13.656400
2009-07-16,13.822839
2009-07-17,13.903190
2009-07-20,14.141360
2009-07-21,14.264754
2009-07-22,14.135617
2009-07-23,14.537368
2009-07-24,14.689467
2009-07-27,14.738241
2009-07-28,14.523019
2009-07-29,14.187278
2009-07-30,14.385279
2009-07-31,14.525892
2009-08-03,14.898933
2009-08-04,14.873113
2009-08-05,14.723894
2009-08-06,14.603370
2009-08-07,14.586154
2009-08-10,14.649283
2009-08-11,14.436933
2009-08-12,14.591898
2009-08-13,14.769808
2009-08-14,14.551717
2009-08-17,14.081105
2009-08-18,14.221715
2009-08-19,14.485712
2009-08-20,14.609102
2009-08-21,15.022329
2009-08-24,15.214592
2009-08-25,14.982157
2009-08-26,15.051035
2009-08-27,15.005115
2009-08-28,14.973549
2009-08-31,14.683714
2009-09-01,14.428322
2009-09-02,14.322159
2009-09-03,14.422583
2009-09-04,14.623459
2009-09-08,15.025197
2009-09-09,15.059635
2009-09-10,15.320768
2009-09-11,15.381035
2009-09-14,15.495814
2009-09-15,15.650769
2009-09-16,16.038172
2009-09-17,15.960685
2009-09-18,15.904770
2009-09-21,15.769295
2009-09-22,16.017183
2009-09-23,15.682833
2009-09-24,15.458003
2009-09-25,15.437831
2009-09-28,15.685711
2009-09-29,15.642473
2009-09-30,15.541592
2009-10-01,15.057364
2009-10-02,14.979541
2009-10-05,15.311010
2009-10-06,15.674178
2009-10-07,15.795241
2009-10-08,16.201649
2009-10-09,16.187241
2009-10-12,16.406292
2009-10-13,16.432236
2009-10-14,16.706068
2009-10-15,17.054823
2009-10-16,17.002943
2009-10-19,17.224878
2009-10-20,17.115356
2009-10-21,17.069241
2009-10-22,17.135532
2009-10-23,16.804054
2009-10-26,16.527355
2009-10-27,16.674356
2009-10-28,16.123823
2009-10-29,16.553301
2009-10-30,15.924944
2009-11-02,16.025826
2009-11-03,16.233362
2009-11-04,16.218946
2009-11-05,16.495651
2009-11-06,16.452417
2009-11-09,16.766586
2009-11-10,16.778114
2009-11-11,16.772348
2009-11-12,16.403418
2009-11-13,16.507181
2009-11-16,16.939528
2009-11-17,16.910707
2009-11-18,16.844418
2009-11-19,16.466827
2009-11-20,16.314064
2009-11-23,16.524477
2009-11-24,16.619591
2009-11-25,16.749302
2009-11-27,16.435127
2009-11-30,16.377470
2009-12-01,16.593647
2009-12-02,16.495651
2009-12-03,16.230476
2009-12-04,16.112295
2009-12-07,16.074827
2009-12-08,15.801003
2009-12-09,15.801003
2009-12-10,15.997006
2009-12-11,16.005655
2009-12-14,16.169952
2009-12-15,16.221828
2009-12-16,16.325592
2009-12-17,16.187241
2009-12-18,16.272444
2009-12-21,16.466612
2009-12-22,16.544857
2009-12-23,16.675262
2009-12-24,16.753515
2009-12-28,16.782495
2009-12-29,16.672369
2009-12-30,16.654980
2009-12-31,16.521673
2010-01-04,17.043320
2010-01-05,17.182419
2010-01-06,17.388184
2010-01-07,17.362095
2010-01-08,17.475124
2010-01-11,17.451935
2010-01-12,17.199816
2010-01-13,17.263563
2010-01-14,17.312838
2010-01-15,17.173725
2010-01-19,17.330227
2010-01-20,17.060709
2010-01-21,16.712938
2010-01-22,16.315914
2010-01-25,16.423138
2010-01-26,16.318811
2010-01-27,16.255053
2010-01-28,16.084072
2010-01-29,15.794263
2010-02-01,16.315914
2010-02-02,16.530365
2010-02-03,16.388357
2010-02-04,15.716020
2010-02-05,15.718923
2010-02-08,15.574016
2010-02-09,15.901491
2010-02-10,15.834837
2010-02-11,16.104357
2010-02-12,16.110153
2010-02-16,16.489796
2010-02-17,16.466612
2010-02-18,16.559345
2010-02-19,16.623100
2010-02-22,16.394154
2010-02-23,16.121738
2010-02-24,16.223177
2010-02-25,16.231869
2010-02-26,16.269541
2010-03-01,16.420242
2010-03-02,16.556448
2010-03-03,16.628899
2010-03-04,16.541962
2010-03-05,16.852045
2010-03-08,16.825960
2010-03-09,16.825960
2010-03-10,16.973763
2010-03-11,16.944786
2010-03-12,16.953478
2010-03-15,16.779591
2010-03-16,16.930300
2010-03-17,17.115768
2010-03-18,16.860746
2010-03-19,16.658041
2010-03-22,16.614424
2010-03-23,16.678396
2010-03-24,16.582432
2010-03-25,16.303246
2010-03-26,16.309065
2010-03-29,16.626059
2010-03-30,16.652227
2010-03-31,16.727844
2010-04-01,17.024475
2010-04-05,17.326923
2010-04-06,17.326923
2010-04-07,17.155340
2010-04-08,17.216413
2010-04-09,17.399632
2010-04-12,17.440340
2010-04-13,17.379269
2010-04-14,17.545033
2010-04-15,17.542126
2010-04-16,17.245495
2010-04-19,17.268764
2010-04-20,17.606108
2010-04-21,17.588657
2010-04-22,17.632280
2010-04-23,18.056873
2010-04-26,17.995808
2010-04-27,17.443254
2010-04-28,17.620653
2010-04-29,17.641003
2010-04-30,17.422895
2010-05-03,17.620653
2010-05-04,17.149521
2010-05-05,16.879065
2010-05-06,16.303246
2010-05-07,15.992073
2010-05-10,16.675491
2010-05-11,16.564981
2010-05-12,16.794724
2010-05-13,16.687130
2010-05-14,16.355587
2010-05-17,16.186914
2010-05-18,16.061865
2010-05-19,15.878654
2010-05-20,15.169055
2010-05-21,15.433708
2010-05-24,15.081806
2010-05-25,15.116712
2010-05-26,15.084717
2010-05-27,15.724512
2010-05-28,15.427881
2010-06-01,14.695024
2010-06-02,15.331914
2010-06-03,15.538397
2010-06-04,14.991653
2010-06-07,14.860785
2010-06-08,15.107985
2010-06-09,14.950945
2010-06-10,15.701248
2010-06-11,15.797223
2010-06-14,15.715792
2010-06-15,16.175285
2010-06-16,16.163656
2010-06-17,16.146210
2010-06-18,16.246124
2010-06-21,16.211054
2010-06-22,15.737790
2010-06-23,15.618011
2010-06-24,15.290808
2010-06-25,15.334632
2010-06-28,15.127203
2010-06-29,14.627641
2010-06-30,14.513699
2010-07-01,14.461119
2010-07-02,14.426063
2010-07-06,14.566292
2010-07-07,15.080462
2010-07-08,15.293726
2010-07-09,15.372604
2010-07-12,15.331700
2010-07-13,15.515755
2010-07-14,15.498231
2010-07-15,15.480695
2010-07-16,15.112605
2010-07-19,15.209009
2010-07-20,15.556657
2010-07-21,15.302497
2010-07-22,15.641378
2010-07-23,15.711489
2010-07-26,15.848805
2010-07-27,15.772838
2010-07-28,15.737790
2010-07-29,15.761150
2010-07-30,15.729023
2010-08-02,16.278257
2010-08-03,16.272406
2010-08-04,16.398029
2010-08-05,16.450617
2010-08-06,16.254881
2010-08-09,16.322073
2010-08-10,16.187689
2010-08-11,15.705647
2010-08-12,15.612164
2010-08-13,15.585872
2010-08-16,15.582951
2010-08-17,15.842957
2010-08-18,15.691041
2010-08-19,15.436878
2010-08-20,15.246984
2010-08-23,15.252824
2010-08-24,15.016189
2010-08-25,14.969445
2010-08-26,14.835058
2010-08-27,15.220690
2010-08-30,14.998667
2010-08-31,14.957761
2010-09-01,15.515755
2010-09-02,15.644301
2010-09-03,15.834191
2010-09-07,15.597558
2010-09-08,15.731944
2010-09-09,15.764079
2010-09-10,15.927680
2010-09-13,16.056223
2010-09-14,16.000717
2010-09-15,15.968574
2010-09-16,15.895542
2010-09-17,15.816011
2010-09-20,16.083080
2010-09-21,16.094822
2010-09-22,15.977427
2010-09-23,15.877639
2010-09-24,16.221022
2010-09-27,16.159386
2010-09-28,16.273851
2010-09-29,16.447006
2010-09-30,16.452877
2010-10-01,16.672991
2010-10-04,16.464611
2010-10-05,16.852013
2010-10-06,17.001694
2010-10-07,16.916582
2010-10-08,17.127893
2010-10-11,17.174850
2010-10-12,17.148438
2010-10-13,17.356813
2010-10-14,17.330404
2010-10-15,17.377350
2010-10-18,17.424314
2010-10-19,17.078003
2010-10-20,17.298115
2010-10-21,17.289309
2010-10-22,17.403772
2010-10-25,17.450731
2010-10-26,17.485954
2010-10-27,17.412584
2010-10-28,17.374428
2010-10-29,17.386166
2010-11-01,17.406710
2010-11-02,17.597475
2010-11-03,17.635628
2010-11-04,18.196188
2010-11-05,18.287170
2010-11-08,18.342932
2010-11-09,18.307709
2010-11-10,18.542503
2010-11-11,18.747940
2010-11-12,18.472065
2010-11-15,18.378149
2010-11-16,18.034769
2010-11-17,18.108143
2010-11-18,18.507288
2010-11-19,18.662836
2010-11-22,18.604132
2010-11-23,18.240206
2010-11-24,18.568920
2010-11-26,18.345871
2010-11-29,18.469135
2010-11-30,18.404560
2010-12-01,18.950451
2010-12-02,19.232201
2010-12-03,19.317310
2010-12-06,19.381876
2010-12-07,19.308502
2010-12-08,19.217516
2010-12-09,19.261541
2010-12-10,19.340788
2010-12-13,19.505129
2010-12-14,19.414162
2010-12-15,19.308502
2010-12-16,19.417099
2010-12-17,19.423874
2010-12-20,19.550629
2010-12-21,19.748148
2010-12-22,19.815952
2010-12-23,19.871956
2010-12-27,19.801208
2010-12-28,19.874907
2010-12-29,20.072418
2010-12-30,20.090099
2010-12-31,20.119583
2011-01-03,20.269932
2011-01-04,20.095999
2011-01-05,20.175598
2011-01-06,19.983984
2011-01-07,20.128431
2011-01-10,20.048836
2011-01-11,20.381952
2011-01-12,20.662008
2011-01-13,20.603041
2011-01-14,20.827089
2011-01-18,20.956795
2011-01-19,20.703274
2011-01-20,20.555870
2011-01-21,20.664951
2011-01-24,20.741600
2011-01-25,20.682636
2011-01-26,21.177895
2011-01-27,21.054070
2011-01-28,20.962681
2011-01-31,21.564072
2011-02-01,21.914871
2011-02-02,21.897184
2011-02-03,21.908964
2011-02-04,21.852961
2011-02-07,21.979717
2011-02-08,21.906025
2011-02-09,21.628922
2011-02-10,21.850029
2011-02-11,21.847075
2011-02-14,22.327583
2011-02-15,22.094687
2011-02-16,22.389481
2011-02-17,22.610580
2011-02-18,22.704918
2011-02-22,22.483822
2011-02-23,22.940746
2011-02-24,22.616474
2011-02-25,22.976118
2011-02-28,23.152990
2011-03-01,22.719648
2011-03-02,22.849358
2011-03-03,23.241438
2011-03-04,23.094038
2011-03-07,22.931904
2011-03-08,22.743242
2011-03-09,22.587000
2011-03-10,21.764530
2011-03-11,22.141857
2011-03-14,22.262722
2011-03-15,22.094687
2011-03-16,21.740946
2011-03-17,22.404219
2011-03-18,22.299229
2011-03-21,22.976572
2011-03-22,22.926289
2011-03-23,22.985447
2011-03-24,23.068262
2011-03-25,23.275305
2011-03-28,23.219109
2011-03-29,23.503067
2011-03-30,23.665743
2011-03-31,23.588848
2011-04-01,23.659836
2011-04-04,23.674637
2011-04-05,23.745605
2011-04-06,23.497152
2011-04-07,23.497152
2011-04-08,23.579967
2011-04-11,23.115582
2011-04-12,22.399790
2011-04-13,22.491489
2011-04-14,22.645294
2011-04-15,22.831633
2011-04-18,22.491489
2011-04-19,22.719240
2011-04-20,23.254604
2011-04-21,23.361088
2011-04-25,23.239819
2011-04-26,23.470522
2011-04-27,23.458696
2011-04-28,23.455746
2011-04-29,23.804764
2011-05-02,23.488274
2011-05-03,22.899656
2011-05-04,22.494444
2011-05-05,22.027094
2011-05-06,22.124710
2011-05-09,22.512190
2011-05-10,22.618666
2011-05-11,21.964993
2011-05-12,21.932453
2011-05-13,21.825970
2011-05-16,21.660336
2011-05-17,21.660336
2011-05-18,22.098083
2011-05-19,22.101049
2011-05-20,22.074425
2011-05-23,21.731308
2011-05-24,22.038935
2011-05-25,22.411613
2011-05-26,22.524014
2011-05-27,22.580219
2011-05-31,22.807970
2011-06-01,22.263727
2011-06-02,22.254854
2011-06-03,22.260769
2011-06-06,21.757931
2011-06-07,21.757931
2011-06-08,21.823009
2011-06-09,22.118792
2011-06-10,21.689901
2011-06-13,21.346800
2011-06-14,21.802307
2011-06-15,21.302422
2011-06-16,21.334963
2011-06-17,21.280043
2011-06-20,21.339413
2011-06-21,21.763954
2011-06-22,21.701605
2011-06-23,21.464102
2011-06-24,21.057379
2011-06-27,21.170189
2011-06-28,21.787710
2011-06-29,22.043013
2011-06-30,22.369574
2011-07-01,22.580353
2011-07-05,22.719881
2011-07-06,22.678316
2011-07-07,23.019733
2011-07-08,22.826767
2011-07-11,22.286455
2011-07-12,22.203320
2011-07-13,22.369574
2011-07-14,22.221134
2011-07-15,22.817858
2011-07-18,22.740667
2011-07-19,23.156290
2011-07-20,23.096924
2011-07-21,23.551142
2011-07-22,23.669886
2011-07-25,23.574884
2011-07-26,23.462074
2011-07-27,23.019733
2011-07-28,22.924738
2011-07-29,22.696135
2011-08-01,22.663492
2011-08-02,22.031126
2011-08-03,21.906443
2011-08-04,20.404259
2011-08-05,20.208321
2011-08-08,18.489416
2011-08-09,19.430504
2011-08-10,18.759569
2011-08-11,19.733316
2011-08-12,19.878778
2011-08-15,20.549728
2011-08-16,20.208321
2011-08-17,20.288469
2011-08-18,19.112854
2011-08-19,18.774412
2011-08-22,18.623001
2011-08-23,19.463161
2011-08-24,19.578941
2011-08-25,19.166296
2011-08-26,19.537380
2011-08-29,20.107388
2011-08-30,20.226128
2011-08-31,20.377541
2011-09-01,20.223164
2011-09-02,19.659101
2011-09-06,19.445353
2011-09-07,20.157848
2011-09-08,19.923323
2011-09-09,19.264256
2011-09-12,19.356287
2011-09-13,19.409725
2011-09-14,19.650188
2011-09-15,20.039103
2011-09-16,19.995581
2011-09-19,19.679655
2011-09-20,19.557467
2011-09-21,18.743813
2011-09-22,17.685770
2011-09-23,17.495024
2011-09-26,18.132833
2011-09-27,18.398088
2011-09-28,17.796040
2011-09-29,17.965927
2011-09-30,17.438389
2011-10-03,16.845293
2011-10-04,17.396667
2011-10-05,18.037455
2011-10-06,18.377224
2011-10-07,18.150717
2011-10-10,18.973307
2011-10-11,19.012049
2011-10-12,19.113392
2011-10-13,19.086565
2011-10-14,19.849548
2011-10-17,19.488914
2011-10-18,20.114801
2011-10-19,19.906179
2011-10-20,20.061157
2011-10-21,20.430733
2011-10-24,20.698967
2011-10-25,20.266809
2011-10-26,20.704931
2011-10-27,21.622887
2011-10-28,21.768927
2011-10-31,20.776463
2011-11-01,20.105858
2011-11-02,20.710882
2011-11-03,21.256302
2011-11-04,21.238420
2011-11-07,21.354658
2011-11-08,21.703367
2011-11-09,20.743675
2011-11-10,21.104300
2011-11-11,21.536455
2011-11-14,21.253313
2011-11-15,21.229475
2011-11-16,20.910572
2011-11-17,20.433704
2011-11-18,20.311512
2011-11-21,19.947899
2011-11-22,19.760134
2011-11-23,19.161070
2011-11-25,19.023973
2011-11-28,19.736296
2011-11-29,20.019430
2011-11-30,21.122189
2011-12-01,21.005955
2011-12-02,20.988062
2011-12-05,21.247364
2011-12-06,21.244377
2011-12-07,21.041714
2011-12-08,20.454565
2011-12-09,20.919519
2011-12-12,20.430733
2011-12-13,20.239983
2011-12-14,19.670717
2011-12-15,19.587275
2011-12-16,19.795876
2011-12-19,19.448694
2011-12-20,20.247835
2011-12-21,20.472305
2011-12-22,20.711752
2011-12-23,20.831474
2011-12-27,20.885345
2011-12-28,20.487278
2011-12-29,20.699781
2011-12-30,20.690800
2012-01-03,21.265463
2012-01-04,21.310356
2012-01-05,21.208590
2012-01-06,21.082886
2012-01-09,21.184649
2012-01-10,21.373211
2012-01-11,21.085873
2012-01-12,20.888342
2012-01-13,20.783583
2012-01-17,20.930239
2012-01-18,21.274439
2012-01-19,21.361237
2012-01-20,21.364233
2012-01-23,21.534834
2012-01-24,21.471975
2012-01-25,21.735363
2012-01-26,21.439056
2012-01-27,21.394163
2012-01-30,21.292400
2012-01-31,21.157715
2012-02-01,21.241518
2012-02-02,21.403145
2012-02-03,21.780262
2012-02-06,22.040657
2012-02-07,22.154388
2012-02-08,22.079563
2012-02-09,22.082558
2012-02-10,21.861069
2012-02-13,22.034672
2012-02-14,22.073576
2012-02-15,22.037657
2012-02-16,22.324989
2012-02-17,22.408794
2012-02-21,22.561440
2012-02-22,22.612329
2012-02-23,22.726057
2012-02-24,22.815844
2012-02-27,22.744019
2012-02-28,22.669189
2012-02-29,22.411795
2012-03-01,22.627283
2012-03-02,22.369886
2012-03-05,22.226223
2012-03-06,21.864065
2012-03-07,22.046644
2012-03-08,22.226223
2012-03-09,22.205271
2012-03-12,22.082558
2012-03-13,22.348936
2012-03-14,22.133438
2012-03-15,22.169352
2012-03-16,22.474319
2012-03-19,22.576481
2012-03-20,22.236958
2012-03-21,21.972549
2012-03-22,21.476801
2012-03-23,21.711155
2012-03-26,21.873409
2012-03-27,21.654064
2012-03-28,21.383656
2012-03-29,21.383656
2012-03-30,21.557919
2012-04-02,21.768244
2012-04-03,21.578945
2012-04-04,21.302540
2012-04-05,21.182344
2012-04-09,20.914942
2012-04-10,20.503307
2012-04-11,20.509323
2012-04-12,20.957006
2012-04-13,20.641518
2012-04-16,20.503307
2012-04-17,20.836819
2012-04-18,20.794758
2012-04-19,20.767714
2012-04-20,20.719643
2012-04-23,20.698608
2012-04-24,20.851841
2012-04-25,21.059166
2012-04-26,21.281504
2012-04-27,21.272484
2012-04-30,21.404684
2012-05-01,21.711155
2012-05-02,21.356617
2012-05-03,21.002073
2012-05-04,20.521341
2012-05-07,20.461248
2012-05-08,20.395145
2012-05-09,20.295998
2012-05-10,20.383127
2012-05-11,20.232895
2012-05-14,19.896391
2012-05-15,19.565880
2012-05-16,19.454706
2012-05-17,19.331524
2012-05-18,19.211344
2012-05-21,19.653015
2012-05-22,19.604942
2012-05-23,19.677052
2012-05-24,19.662027
2012-05-25,19.568882
2012-05-29,19.896391
2012-05-30,19.286455
2012-05-31,19.118193
2012-06-01,18.640465
2012-06-04,18.625446
2012-06-05,18.784687
2012-06-06,19.364565
2012-06-07,19.376587
2012-06-08,19.379591
2012-06-11,19.115185
2012-06-12,19.385597
2012-06-13,19.139227
2012-06-14,19.439688
2012-06-15,19.811337
2012-06-18,19.633213
2012-06-19,19.917009
2012-06-20,19.838516
2012-06-21,19.026375
2012-06-22,19.153168
2012-06-25,18.724468
2012-06-26,18.926743
2012-06-27,19.319227
2012-06-28,19.452065
2012-06-29,20.037773
2012-07-02,20.046829
2012-07-03,20.526861
2012-07-05,20.258160
2012-07-06,20.013617
2012-07-09,19.923044
2012-07-10,19.612082
2012-07-11,19.877758
2012-07-12,19.811337
2012-07-13,20.158537
2012-07-16,20.224953
2012-07-17,20.478556
2012-07-18,20.656693
2012-07-19,20.720083
2012-07-20,20.768393
2012-07-23,20.569130
2012-07-24,20.240044
2012-07-25,20.255142
2012-07-26,20.831793
2012-07-27,21.200129
2012-07-30,21.260508
2012-07-31,21.028032
2012-08-01,21.130682
2012-08-02,20.777451
2012-08-03,21.266548
2012-08-06,21.323908
2012-08-07,21.643934
2012-08-08,21.662039
2012-08-09,21.809977
2012-08-10,21.849228
2012-08-13,21.767717
2012-08-14,21.728458
2012-08-15,21.725447
2012-08-16,21.918671
2012-08-17,21.909622
2012-08-20,21.834127
2012-08-21,21.764700
2012-08-22,21.846218
2012-08-23,21.604681
2012-08-24,21.731487
2012-08-27,21.740545
2012-08-28,21.755634
2012-08-29,21.610712
2012-08-30,21.381273
2012-08-31,21.595625
2012-09-04,21.429581
2012-09-05,21.348059
2012-09-06,21.797915
2012-09-07,22.175291
2012-09-10,22.078680
2012-09-11,22.314178
2012-09-12,22.450031
2012-09-13,22.815340
2012-09-14,23.117254
2012-09-17,22.942148
2012-09-18,22.779108
2012-09-19,22.558722
2012-09-20,22.622124
2012-09-21,22.647591
2012-09-24,22.532351
2012-09-25,22.286711
2012-09-26,22.074429
2012-09-27,22.374660
2012-09-28,22.268515
2012-10-01,22.380728
2012-10-02,22.420147
2012-10-03,22.144175
2012-10-04,22.365559
2012-10-05,22.314013
2012-10-08,22.350401
2012-10-09,22.380728
2012-10-10,21.962223
2012-10-11,22.125986
2012-10-12,22.004675
2012-10-15,22.116892
2012-10-16,22.468670
2012-10-17,22.750700
2012-10-18,22.747673
2012-10-19,22.389824
2012-10-22,22.277618
2012-10-23,21.759029
2012-10-24,21.592245
2012-10-25,21.795437
2012-10-26,21.822721
2012-10-31,21.816656
2012-11-01,21.910669
2012-11-02,21.549784
2012-11-05,21.713547
2012-11-06,22.062298
2012-11-07,21.486097
2012-11-08,21.097925
2012-11-09,21.091858
2012-11-12,21.134315
2012-11-13,21.046375
2012-11-14,20.791632
2012-11-15,20.818926
2012-11-16,20.900803
2012-11-19,21.382992
2012-11-20,21.298073
2012-11-21,21.413319
2012-11-23,21.716581
2012-11-26,21.504303
2012-11-27,21.325373
2012-11-28,21.519459
2012-11-29,21.567984
2012-11-30,21.549784
2012-12-03,21.431515
2012-12-04,21.352671
2012-12-05,21.501272
2012-12-06,21.571011
2012-12-07,21.701416
2012-12-10,21.677162
2012-12-11,21.804525
2012-12-12,21.883369
2012-12-13,21.680182
2012-12-14,21.598310
2012-12-17,21.795437
2012-12-18,22.195734
2012-12-19,22.044102
2012-12-20,22.192692
2012-12-21,21.967449
2012-12-24,21.799799
2012-12-26,21.702271
2012-12-27,21.662638
2012-12-28,21.284681
2012-12-31,21.769320
2013-01-02,22.250923
2013-01-03,22.244822
2013-01-04,22.491718
2013-01-07,22.317972
2013-01-08,22.244822
2013-01-09,22.208248
2013-01-10,22.409414
2013-01-11,22.436855
2013-01-14,22.439907
2013-01-15,22.540480
2013-01-16,22.641077
2013-01-17,22.784340
2013-01-18,23.009890
2013-01-22,23.229351
2013-01-23,23.150099
2013-01-24,23.217155
2013-01-25,23.436621
2013-01-28,23.396994
2013-01-29,23.774952
2013-01-30,23.656082
2013-01-31,23.576839
2013-02-01,23.796289
2013-02-04,23.570730
2013-02-05,23.774952
2013-02-06,23.790195
2013-02-07,23.729235
2013-02-08,23.951756
2013-02-11,23.832872
2013-02-12,23.896883
2013-02-13,23.982224
2013-02-14,24.189493
2013-02-15,23.912117
2013-02-19,24.189493
2013-02-20,23.683510
2013-02-21,23.518925
2013-02-22,23.765800
2013-02-25,23.144009
2013-02-26,23.372612
2013-02-27,23.729235
2013-02-28,23.680458
2013-03-01,23.710951
2013-03-04,23.659130
2013-03-05,23.811527
2013-03-06,23.838961
2013-03-07,23.960880
2013-03-08,24.076719
2013-03-11,24.088902
2013-03-12,24.116341
2013-03-13,24.061470
2013-03-14,24.390669
2013-03-15,24.371376
2013-03-18,24.175428
2013-03-19,23.909060
2013-03-20,24.043772
2013-03-21,23.921307
2013-03-22,24.111139
2013-03-25,24.019272
2013-03-26,24.273396
2013-03-27,24.353014
2013-03-28,24.282589
2013-04-01,24.233595
2013-04-02,24.095819
2013-04-03,23.645752
2013-04-04,23.615126
2013-04-05,23.667181
2013-04-08,23.826387
2013-04-09,24.028465
2013-04-10,24.157051
2013-04-11,24.261158
2013-04-12,23.881502
2013-04-15,22.907873
2013-04-16,23.189550
2013-04-17,22.681303
2013-04-18,22.874186
2013-04-19,22.828259
2013-04-22,23.073200
2013-04-23,23.339571
2013-04-24,23.651869
2013-04-25,23.670242
2013-04-26,23.630440
2013-04-29,23.869257
2013-04-30,23.964161
2013-05-01,23.590639
2013-05-02,23.899874
2013-05-03,24.331579
2013-05-06,24.496906
2013-05-07,24.686739
2013-05-08,24.726542
2013-05-09,24.705105
2013-05-10,24.576509
2013-05-13,24.573452
2013-05-14,24.922491
2013-05-15,24.852072
2013-05-16,24.729597
2013-05-17,25.142933
2013-05-20,25.498085
2013-05-21,25.446051
2013-05-22,25.152113
2013-05-23,25.164368
2013-05-24,25.017395
2013-05-28,25.280701
2013-05-29,25.225599
2013-05-30,25.167431
2013-05-31,24.646944
2013-06-03,24.885748
2013-06-04,24.689795
2013-06-05,24.401989
2013-06-06,24.585691
2013-06-07,24.894938
2013-06-10,24.824516
2013-06-11,24.447916
2013-06-12,24.297897
2013-06-13,24.705105
2013-06-14,24.466291
2013-06-17,24.818399
2013-06-18,24.959229
2013-06-19,24.729597
2013-06-20,24.007030
2013-06-21,24.048252
2013-06-24,23.691391
2013-06-25,23.995956
2013-06-26,24.143623
2013-06-27,24.189766
2013-06-28,24.088247
2013-07-01,24.260517
2013-07-02,24.312820
2013-07-03,24.297438
2013-07-05,24.598934
2013-07-08,24.758904
2013-07-09,25.011164
2013-07-10,24.857351
2013-07-11,25.057314
2013-07-12,25.198830
2013-07-15,25.177294
2013-07-16,25.023462
2013-07-17,25.134232
2013-07-18,25.401865
2013-07-19,25.755655
2013-07-22,25.672594
2013-07-23,25.715668
2013-07-24,25.429558
2013-07-25,25.598759
2013-07-26,25.534163
2013-07-29,25.321878
2013-07-30,25.272661
2013-07-31,25.355730
2013-08-01,25.767963
2013-08-02,25.654139
2013-08-05,25.592619
2013-08-06,25.435715
2013-08-07,25.346497
2013-08-08,25.484932
2013-08-09,25.408026
2013-08-12,25.300343
2013-08-13,25.346497
2013-08-14,25.229591
2013-08-15,25.091152
2013-08-16,24.989649
2013-08-19,24.592775
2013-08-20,24.743519
2013-08-21,24.608158
2013-08-22,24.974255
2013-08-23,25.152685
2013-08-26,25.109617
2013-08-27,24.952717
2013-08-28,25.368040
2013-08-29,25.103449
2013-08-30,25.094234
2013-09-03,25.278807
2013-09-04,25.414175
2013-09-05,25.500313
2013-09-06,25.497244
2013-09-09,25.783344
2013-09-10,25.792582
2013-09-11,25.989456
2013-09-12,25.835646
2013-09-13,25.826403
2013-09-16,25.820271
2013-09-17,25.937162
2013-09-18,26.250965
2013-09-19,26.186365
2013-09-20,25.974033
2013-09-23,25.847309
2013-09-24,25.872036
2013-09-25,25.865856
2013-09-26,25.912212
2013-09-27,25.822584
2013-09-30,25.624786
2013-10-01,25.788582
2013-10-02,25.847309
2013-10-03,25.621693
2013-10-04,25.881313
2013-10-07,25.668055
2013-10-08,25.392979
2013-10-09,25.303352
2013-10-10,25.773130
2013-10-11,26.051294
2013-10-14,26.227463
2013-10-15,26.131660
2013-10-16,26.524172
2013-10-17,26.579790
2013-10-18,26.870325
2013-10-21,26.749786
2013-10-22,26.898144
2013-10-23,26.477816
2013-10-24,26.604525
2013-10-25,26.765236
2013-10-28,26.786873
2013-10-29,26.975405
2013-10-30,26.793055
2013-10-31,26.700333
2013-11-01,26.604525
2013-11-04,26.935226
2013-11-05,26.691067
2013-11-06,26.771418
2013-11-07,26.357275
2013-11-08,26.749786
2013-11-11,26.799236
2013-11-12,26.551981
2013-11-13,26.783794
2013-11-14,26.944502
2013-11-15,27.092848
2013-11-18,26.885780
2013-11-19,26.932137
2013-11-20,26.867239
2013-11-21,27.123758
2013-11-22,27.269018
2013-11-25,27.021761
2013-11-26,26.953773
2013-11-27,26.771418
2013-11-29,26.715776
2013-12-02,26.734335
2013-12-03,26.799236
2013-12-04,26.712698
2013-12-05,26.623064
2013-12-06,26.706532
2013-12-09,26.743601
2013-12-10,26.663244
2013-12-11,26.286190
2013-12-12,26.397451
2013-12-13,26.310902
2013-12-16,26.539627
2013-12-17,26.388184
2013-12-18,26.786873
2013-12-19,26.864147
2013-12-20,26.911646
2013-12-23,26.939594
2013-12-24,27.088633
2013-12-26,27.281157
2013-12-27,27.414665
2013-12-30,27.219059
2013-12-31,27.482977
2014-01-02,27.091736
2014-01-03,26.992384
2014-01-06,27.029644
2014-01-07,27.234577
2014-01-08,27.045166
2014-01-09,26.961338
2014-01-10,26.983068
2014-01-13,26.445890
2014-01-14,26.790546
2014-01-15,26.712925
2014-01-16,26.750181
2014-01-17,26.706717
2014-01-21,26.927179
2014-01-22,27.051382
2014-01-23,26.743980
2014-01-24,26.185066
2014-01-27,26.091906
2014-01-28,26.290630
2014-01-29,26.144699
2014-01-30,26.228537
2014-01-31,25.890074
2014-02-03,25.427429
2014-02-04,25.688253
2014-02-05,25.436745
2014-02-06,25.815565
2014-02-07,26.095018
2014-02-10,25.967705
2014-02-11,26.306160
2014-02-12,26.244057
2014-02-13,26.368265
2014-02-14,26.712925
2014-02-18,26.834021
2014-02-19,26.868185
2014-02-20,27.045166
2014-02-21,26.830931
2014-02-24,27.234577
2014-02-25,27.222166
2014-02-26,27.051382
2014-02-27,27.079329
2014-02-28,27.215954
2014-03-03,27.042055
2014-03-04,27.337046
2014-03-05,27.082424
2014-03-06,27.278044
2014-03-07,27.330830
2014-03-10,27.374302
2014-03-11,27.063801
2014-03-12,27.066906
2014-03-13,26.796764
2014-03-14,26.821602
2014-03-17,26.964432
2014-03-18,27.191105
2014-03-19,26.986172
2014-03-20,27.091736
2014-03-21,27.165705
2014-03-24,27.109526
2014-03-25,27.352913
2014-03-26,27.224972
2014-03-27,27.446524
2014-03-28,27.789759
2014-03-31,27.789759
2014-04-01,27.955135
2014-04-02,28.054996
2014-04-03,28.235970
2014-04-04,28.133005
2014-04-07,27.661829
2014-04-08,27.939539
2014-04-09,28.067471
2014-04-10,27.677427
2014-04-11,27.599421
2014-04-14,27.976988
2014-04-15,28.351423
2014-04-16,28.691542
2014-04-17,28.953663
2014-04-21,29.150232
2014-04-22,29.103437
2014-04-23,29.256323
2014-04-24,29.265680
2014-04-25,29.090942
2014-04-28,29.140877
2014-04-29,29.275045
2014-04-30,29.250082
2014-05-01,29.184557
2014-05-02,29.243847
2014-05-05,29.381142
2014-05-06,29.424820
2014-05-07,29.680689
2014-05-08,29.256323
2014-05-09,29.228241
2014-05-12,29.434181
2014-05-13,29.543388
2014-05-14,29.555882
2014-05-15,29.218884
2014-05-16,29.143990
2014-05-19,29.234484
2014-05-20,29.150232
2014-05-21,29.465389
2014-05-22,29.437307
2014-05-23,29.378025
2014-05-27,29.459146
2014-05-28,29.509069
2014-05-29,29.761812
2014-05-30,29.739971
2014-06-02,29.702532
2014-06-03,29.805510
2014-06-04,29.789896
2014-06-05,29.961531
2014-06-06,30.208031
2014-06-09,30.254835
2014-06-10,30.204903
2014-06-11,30.320358
2014-06-12,30.420206
2014-06-13,30.710398
2014-06-16,30.894506
2014-06-17,30.872673
2014-06-18,31.106688
2014-06-19,31.328224
2014-06-20,31.639822
2014-06-23,31.752680
2014-06-24,31.084974
2014-06-25,31.320082
2014-06-26,31.354565
2014-06-27,31.354565
2014-06-30,31.379646
2014-07-01,31.398451
2014-07-02,31.351419
2014-07-03,31.470547
2014-07-07,31.229174
2014-07-08,31.179014
2014-07-09,31.385904
2014-07-10,31.084974
2014-07-11,30.846725
2014-07-14,31.113188
2014-07-15,30.978386
2014-07-16,31.448601
2014-07-17,30.940760
2014-07-18,31.031670
2014-07-21,31.078701
2014-07-22,31.301270
2014-07-23,31.501904
2014-07-24,31.530115
2014-07-25,31.298136
2014-07-28,31.222893
2014-07-29,31.144533
2014-07-30,30.959576
2014-07-31,30.291845
2014-08-01,30.047348
2014-08-04,30.552053
2014-08-05,29.884329
2014-08-06,29.972105
2014-08-07,29.784016
2014-08-08,30.282457
2014-08-11,30.285589
2014-08-12,30.063017
2014-08-13,30.160194
2014-08-14,29.987778
2014-08-15,30.210358
2014-08-18,30.291845
2014-08-19,30.523825
2014-08-20,30.589674
2014-08-21,30.614744
2014-08-22,30.410980
2014-08-25,30.680584
2014-08-26,30.837324
2014-08-27,30.774611
2014-08-28,30.780888
2014-08-29,30.953310
2014-09-02,30.561460
2014-09-03,30.642962
2014-09-04,30.229156
2014-09-05,30.432928
2014-09-08,29.959560
2014-09-09,29.827909
2014-09-10,29.755802
2014-09-11,29.774616
2014-09-12,29.329462
2014-09-15,29.536366
2014-09-16,29.893730
2014-09-17,29.730726
2014-09-18,29.577120
2014-09-19,29.552856
2014-09-22,29.118021
2014-09-23,29.032946
2014-09-24,29.058157
2014-09-25,28.613871
2014-09-26,28.982534
2014-09-29,28.916363
2014-09-30,28.554005
2014-10-01,27.971073
2014-10-02,27.826122
2014-10-03,27.782013
2014-10-06,27.813526
2014-10-07,27.451164
2014-10-08,27.718990
2014-10-09,26.701233
2014-10-10,26.326275
2014-10-13,25.513325
2014-10-14,25.191927
2014-10-15,25.384130
2014-10-16,25.837866
2014-10-17,26.058434
2014-10-20,26.285301
2014-10-21,27.085649
2014-10-22,26.572046
2014-10-23,27.066740
2014-10-24,26.972218
2014-10-27,26.405048
2014-10-28,27.006876
2014-10-29,27.095108
2014-10-30,26.997431
2014-10-31,27.545689
2014-11-03,27.110870
2014-11-04,26.553143
2014-11-05,27.019485
2014-11-06,27.359789
2014-11-07,27.662281
2014-11-10,27.413359
2014-11-11,27.495275
2014-11-12,27.252657
2014-11-13,26.890293
2014-11-14,27.164427
2014-11-17,27.022633
2014-11-18,27.044689
2014-11-19,27.186487
2014-11-20,27.526785
2014-11-21,27.885998
2014-11-24,27.671734
2014-11-25,27.221148
2014-11-26,26.877686
2014-11-28,25.150959
2014-12-01,25.239187
2014-12-02,25.513325
2014-12-03,25.825270
2014-12-04,25.601551
2014-12-05,25.295914
2014-12-08,24.271851
2014-12-09,24.536533
2014-12-10,23.780302
2014-12-11,23.764542
2014-12-12,23.323406
2014-12-15,23.115454
2014-12-16,23.320257
2014-12-17,24.287600
2014-12-18,24.753941
2014-12-19,25.544989
2014-12-22,25.285002
2014-12-23,25.592548
2014-12-24,25.405491
2014-12-26,25.399143
2014-12-29,25.491093
2014-12-30,25.288177
2014-12-31,25.097946
2015-01-02,25.215261
2015-01-05,24.172146
2015-01-06,23.817055
2015-01-07,23.867771
2015-01-08,24.403605
2015-01-09,24.210192
2015-01-12,23.512678
2015-01-13,23.325617
2015-01-14,23.398533
2015-01-15,23.100506
2015-01-16,23.851927
2015-01-20,23.880455
2015-01-21,24.365555
2015-01-22,24.479696
2015-01-23,24.305315
2015-01-26,24.654074
2015-01-27,24.638220
2015-01-28,23.668032
2015-01-29,23.747292
2015-01-30,23.953375
2015-02-02,24.685785
2015-02-03,25.361097
2015-02-04,24.942596
2015-02-05,25.300863
2015-02-06,25.307196
2015-02-09,25.332567
2015-02-10,25.319883
2015-02-11,25.142330
2015-02-12,25.472073
2015-02-13,26.011055
2015-02-17,26.090328
2015-02-18,25.779610
2015-02-19,25.659138
2015-02-20,25.535463
2015-02-23,25.430857
2015-02-24,25.500597
2015-02-25,25.640100
2015-02-26,25.164530
2015-02-27,25.053553
2015-03-02,24.879179
2015-03-03,24.971125
2015-03-04,24.936253
2015-03-05,24.787222
2015-03-06,24.343353
2015-03-09,24.168982
2015-03-10,23.832905
2015-03-11,23.902653
2015-03-12,23.750471
2015-03-13,23.661692
2015-03-16,23.981909
2015-03-17,23.889977
2015-03-18,24.584324
2015-03-19,24.194338
2015-03-20,24.550262
2015-03-23,24.464073
2015-03-24,24.301281
2015-03-25,24.617289
2015-03-26,24.588570
2015-03-27,24.387463
2015-03-30,24.910965
2015-03-31,24.764128
2015-04-01,24.757738
2015-04-02,24.808819
2015-04-06,25.255707
2015-04-07,25.271667
2015-04-08,25.067375
2015-04-09,25.469582
2015-04-10,25.581297
2015-04-13,25.325933
2015-04-14,25.782400
2015-04-15,26.398472
2015-04-16,26.337822
2015-04-17,26.146292
2015-04-20,26.245256
2015-04-21,25.967545
2015-04-22,26.139923
2015-04-23,26.318665
2015-04-24,26.168636
2015-04-27,26.139923
2015-04-28,26.270786
2015-04-29,26.475079
2015-04-30,26.392092
2015-05-01,26.452744
2015-05-04,26.385700
2015-05-05,26.060118
2015-05-06,25.957966
2015-05-07,25.677065
2015-05-08,26.098419
2015-05-11,25.606840
2015-05-12,25.724947
2015-05-13,25.657907
2015-05-14,25.648327
2015-05-15,25.750477
2015-05-18,25.772823
2015-05-19,25.405737
2015-05-20,25.453619
2015-05-21,25.693024
2015-05-22,25.600452
2015-05-26,25.195057
2015-05-27,25.150372
2015-05-28,25.051413
2015-05-29,25.022682
2015-06-01,24.958845
2015-06-02,25.131218
2015-06-03,24.958845
2015-06-04,24.620485
2015-06-05,24.792856
2015-06-08,24.652411
2015-06-09,24.649218
2015-06-10,24.952461
2015-06-11,24.840731
2015-06-12,24.563017
2015-06-15,24.505564
2015-06-16,24.697092
2015-06-17,24.636454
2015-06-18,24.620485
2015-06-19,24.392019
2015-06-22,24.690863
2015-06-23,24.771185
2015-06-24,24.616953
2015-06-25,24.366314
2015-06-26,24.446648
2015-06-29,23.983932
2015-06-30,24.151024
2015-07-01,23.842548
2015-07-02,23.948586
2015-07-06,23.633686
2015-07-07,23.848976
2015-07-08,23.366995
2015-07-09,23.485867
2015-07-10,23.614403
2015-07-13,23.781504
2015-07-14,23.951796
2015-07-15,23.530857
2015-07-16,23.563000
2015-07-17,23.277016
2015-07-20,22.968544
2015-07-21,22.978172
2015-07-22,22.791807
2015-07-23,22.772535
2015-07-24,22.335520
2015-07-27,22.014189
2015-07-28,22.643993
2015-07-29,22.952469
2015-07-30,22.791807
2015-07-31,22.293753
2015-08-03,21.824602
2015-08-04,21.750706
2015-08-05,21.586824
2015-08-06,21.930649
2015-08-07,21.538624
2015-08-10,22.226269
2015-08-11,22.268040
2015-08-12,22.672915
2015-08-13,22.329094
2015-08-14,22.280895
2015-08-17,22.329094
2015-08-18,22.245556
2015-08-19,21.631815
2015-08-20,21.143398
2015-08-21,20.404337
2015-08-24,19.308609
2015-08-25,19.029057
2015-08-26,19.684559
2015-08-27,20.658188
2015-08-28,21.127327
2015-08-31,21.345833
2015-09-01,20.593924
2015-09-02,20.783504
2015-09-03,20.841345
2015-09-04,20.497522
2015-09-08,20.818853
2015-09-09,20.426834
2015-09-10,20.545717
2015-09-11,20.362564
2015-09-14,20.185835
2015-09-15,20.410767
2015-09-16,20.989159
2015-09-17,20.976303
2015-09-18,20.425364
2015-09-21,20.541901
2015-09-22,20.325026
2015-09-23,20.062824
2015-09-24,20.150227
2015-09-25,20.189062
2015-09-28,19.383060
2015-09-29,19.353928
2015-09-30,19.810339
2015-10-01,19.849176
2015-10-02,20.668140
2015-10-05,21.292875
2015-10-06,21.765480
2015-10-07,22.040625
2015-10-08,22.461428
2015-10-09,22.315765
2015-10-12,22.027676
2015-10-13,21.797846
2015-10-14,21.985592
2015-10-15,22.380501
2015-10-16,22.409647
2015-10-19,21.966171
2015-10-20,22.027676
2015-10-21,21.755766
2015-10-22,22.147448
2015-10-23,22.095652
2015-10-26,21.555067
2015-10-27,21.296114
2015-10-28,21.768715
2015-10-29,21.878771
2015-10-30,22.021198
2015-11-02,22.535885
2015-11-03,23.112062
2015-11-04,22.904898
2015-11-05,22.710684
2015-11-06,22.594151
2015-11-09,22.370800
2015-11-10,22.419348
2015-11-11,21.943518
2015-11-12,21.445019
2015-11-13,21.357616
2015-11-16,22.069756
2015-11-17,21.826981
2015-11-18,22.186289
2015-11-19,21.888489
2015-11-20,21.655424
2015-11-23,21.810795
2015-11-24,22.276922
2015-11-25,22.095652
2015-11-27,21.937042
2015-11-30,22.017960
2015-12-01,22.192759
2015-12-02,21.506525
2015-12-03,21.076000
2015-12-04,20.943279
2015-12-07,20.146988
2015-12-08,19.939816
2015-12-09,20.202015
2015-12-10,20.331495
2015-12-11,19.570805
2015-12-14,19.674389
2015-12-15,20.169647
2015-12-16,20.036930
2015-12-17,19.544909
2015-12-18,19.202599
2015-12-21,19.222198
2015-12-22,19.447571
2015-12-23,20.293547
2015-12-24,20.110628
2015-12-28,19.744804
2015-12-29,19.881994
2015-12-30,19.614149
2015-12-31,19.702345
2016-01-04,19.695805
2016-01-05,19.770931
2016-01-06,19.009890
2016-01-07,18.546068
2016-01-08,18.307629
2016-01-11,17.915672
2016-01-12,17.958138
2016-01-13,17.526989
2016-01-14,18.281500
2016-01-15,17.752357
2016-01-19,17.370201
2016-01-20,16.909658
2016-01-21,17.435534
2016-01-22,18.206375
2016-01-25,17.357138
2016-01-26,18.013670
2016-01-27,17.928745
2016-01-28,18.474215
2016-01-29,19.013155
2016-02-01,18.696327
2016-02-02,18.072456
2016-02-03,18.715918
2016-02-04,18.706118
2016-02-05,18.271700
2016-02-08,18.176977
2016-02-09,17.739294
2016-02-10,17.667433
2016-02-11,17.592316
2016-02-12,18.056128
2016-02-16,18.235773
2016-02-17,18.833504
2016-02-18,18.598331
2016-02-19,18.555864
2016-02-22,19.029484
2016-02-23,18.379486
2016-02-24,18.565668
2016-02-25,18.582001
2016-02-26,18.693058
2016-02-29,18.480749
2016-03-01,18.964161
2016-03-02,19.427975
2016-03-03,19.721943
2016-03-04,19.911386
2016-03-07,20.378468
2016-03-08,19.522697
2016-03-09,19.839525
2016-03-10,19.855858
2016-03-11,20.368666
2016-03-14,20.234751
2016-03-15,20.195562
2016-03-16,20.545053
2016-03-17,20.825947
2016-03-18,20.885824
2016-03-21,20.813452
2016-03-22,20.698315
2016-03-23,20.244350
2016-03-24,20.343039
2016-03-28,20.234478
2016-03-29,20.329882
2016-03-30,20.369350
2016-03-31,20.359482
2016-04-01,20.086443
2016-04-04,19.938404
2016-04-05,19.803535
2016-04-06,20.231190
2016-04-07,20.112762
2016-04-08,20.517380
2016-04-11,20.431852
2016-04-12,21.040436
2016-04-13,21.139124
2016-04-14,21.188463
2016-04-15,20.902269
2016-04-18,21.247683
2016-04-19,21.672039
2016-04-20,21.866125
2016-04-21,21.737835
2016-04-22,22.053642
2016-04-25,21.806915
2016-04-26,22.155621
2016-04-27,22.576691
2016-04-28,22.241146
2016-04-29,22.204967
2016-05-02,22.181936
2016-05-03,21.658884
2016-05-04,21.346371
2016-05-05,21.520721
2016-05-06,21.471382
2016-05-09,21.158859
2016-05-10,21.530590
2016-05-11,21.596382
2016-05-12,21.655598
2016-05-13,21.379263
2016-05-16,21.741125
2016-05-17,21.843105
2016-05-18,21.632565
2016-05-19,21.635859
2016-05-20,21.764151
2016-05-23,21.708229
2016-05-24,21.816784
2016-05-25,22.162193
2016-05-26,22.070087
2016-05-27,22.083241
2016-05-31,21.997713
2016-06-01,22.004290
2016-06-02,21.974682
2016-06-03,21.889156
2016-06-06,22.372736
2016-06-07,22.879335
2016-06-08,22.826702
2016-06-09,22.652353
2016-06-10,22.162193
2016-06-13,22.096399
2016-06-14,22.083241
2016-06-15,22.030615
2016-06-16,21.925344
2016-06-17,22.149181
2016-06-20,22.341238
2016-06-21,22.606142
2016-06-22,22.480312
2016-06-23,22.851177
2016-06-24,22.112759
2016-06-27,21.404142
2016-06-28,22.000181
2016-06-29,22.417400
2016-06-30,22.596210
2016-07-01,22.715416
2016-07-05,22.258457
2016-07-06,22.354490
2016-07-07,22.126009
2016-07-08,22.420710
2016-07-11,22.463758
2016-07-12,23.020048
2016-07-13,22.821377
2016-07-14,22.937271
2016-07-15,22.924040
2016-07-18,22.940584
2016-07-19,22.811436
2016-07-20,22.778334
2016-07-21,22.553162
2016-07-22,22.622694
2016-07-25,22.172369
2016-07-26,22.301508
2016-07-27,22.082964
2016-07-28,22.086271
2016-07-29,22.311434
2016-08-01,21.576338
2016-08-02,21.771702
2016-08-03,22.192230
2016-08-04,22.159119
2016-08-05,22.361107
2016-08-08,22.659130
2016-08-09,22.539919
2016-08-10,22.294878
2016-08-11,22.622694
2016-08-12,22.748522
2016-08-15,22.930653
2016-08-16,22.967068
2016-08-17,23.036615
2016-08-18,23.510130
2016-08-19,23.314764
2016-08-22,23.046541
2016-08-23,23.208796
2016-08-24,23.116083
2016-08-25,23.053167
2016-08-26,22.973694
2016-08-29,23.129324
2016-08-30,23.049860
2016-08-31,22.685614
2016-09-01,22.619390
2016-09-02,22.874365
2016-09-06,23.218737
2016-09-07,23.351181
2016-09-08,23.788265
2016-09-09,23.079655
2016-09-12,23.308140
2016-09-13,22.642569
2016-09-14,22.374353
2016-09-15,22.652500
2016-09-16,22.469610
2016-09-19,22.456289
2016-09-20,22.293055
2016-09-21,22.809406
2016-09-22,22.836056
2016-09-23,22.532906
2016-09-26,22.432978
2016-09-27,22.283058
2016-09-28,23.245806
2016-09-29,23.205830
2016-09-30,23.522301
2016-10-03,23.505648
2016-10-04,23.265793
2016-10-05,23.622246
2016-10-06,23.658890
2016-10-07,23.522301
2016-10-10,23.892078
2016-10-11,23.618914
2016-10-12,23.518976
2016-10-13,23.389055
2016-10-14,23.252474
2016-10-17,23.139200
2016-10-18,23.232473
2016-10-19,23.562281
2016-10-20,23.535624
2016-10-21,23.382389
2016-10-24,23.312437
2016-10-25,23.205830
2016-10-26,23.259132
2016-10-27,23.172520
2016-10-28,23.109219
2016-10-31,22.859369
2016-11-01,22.862709
2016-11-02,22.609520
2016-11-03,22.699469
2016-11-04,22.576220
2016-11-07,23.062595
2016-11-08,23.092566
2016-11-09,23.469000
2016-11-10,23.568941
2016-11-11,23.139200
2016-11-14,23.269123
2016-11-15,23.925394
2016-11-16,23.758823
2016-11-17,23.598925
2016-11-18,23.695526
2016-11-21,24.258518
2016-11-22,24.245205
2016-11-23,24.345139
2016-11-25,24.225220
2016-11-28,23.888752
2016-11-29,23.595589
2016-11-30,24.794863
2016-12-01,24.854820
2016-12-02,24.928114
2016-12-05,25.147980
2016-12-06,25.101343
2016-12-07,25.301216
2016-12-08,25.437801
2016-12-09,25.517750
2016-12-12,25.637684
2016-12-13,25.927507
2016-12-14,25.407822
2016-12-15,25.464449
2016-12-16,25.622522
2016-12-19,25.505304
2016-12-20,25.448374
2016-12-21,25.488567
2016-12-22,25.592377
2016-12-23,25.568937
2016-12-27,25.625862
2016-12-28,25.347910
2016-12-29,25.297680
2016-12-30,25.224005
2017-01-03,25.508661
2017-01-04,25.455074
2017-01-05,25.391449
2017-01-06,25.414886
2017-01-09,25.046509
2017-01-10,24.818781
2017-01-11,25.086702
2017-01-12,24.982876
2017-01-13,24.909208
2017-01-17,25.063250
2017-01-18,25.006313
2017-01-19,24.869011
2017-01-20,24.962793
2017-01-23,24.698225
2017-01-24,24.969477
2017-01-25,25.100090
2017-01-26,25.120178
2017-01-27,24.858967
2017-01-30,24.403521
2017-01-31,24.413567
2017-02-01,24.232718
2017-02-02,24.370020
2017-02-03,24.581009
2017-02-06,24.373384
2017-02-07,24.028435
2017-02-08,24.085373
2017-02-09,24.356628
2017-02-10,24.540819
2017-02-13,24.587704
2017-02-14,24.668083
2017-02-15,24.570961
2017-02-16,24.236080
2017-02-17,24.102123
2017-02-21,24.266214
2017-02-22,23.897825
2017-02-23,23.998297
2017-02-24,23.773922
2017-02-27,23.978205
2017-02-28,23.904531
2017-03-01,24.383419
2017-03-02,24.152349
2017-03-03,24.108809
2017-03-06,24.162394
2017-03-07,23.948059
2017-03-08,23.325172
2017-03-09,23.479214
2017-03-10,23.445728
2017-03-13,23.449072
2017-03-14,23.184525
2017-03-15,23.700237
2017-03-16,23.532803
2017-03-17,23.515614
2017-03-20,23.481926
2017-03-21,23.316845
2017-03-22,23.283161
2017-03-23,23.188826
2017-03-24,23.097853
2017-03-27,22.990051
2017-03-28,23.316845
2017-03-29,23.636906
2017-03-30,23.630165
2017-03-31,23.549309
2017-04-03,23.508883
2017-04-04,23.680691
2017-04-05,23.606581
2017-04-06,23.795246
2017-04-07,23.704283
2017-04-10,23.882843
2017-04-11,23.886209
2017-04-12,23.785135
2017-04-13,23.350529
2017-04-17,23.401075
2017-04-18,23.182089
2017-04-19,22.841818
2017-04-20,22.952995
2017-04-21,22.838453
2017-04-24,22.973204
2017-04-25,23.168610
2017-04-26,23.091124
2017-04-27,22.838453
2017-04-28,22.855293
2017-05-01,22.791283
2017-05-02,22.676735
2017-05-03,22.740755
2017-05-04,22.322998
2017-05-05,22.676735
2017-05-08,22.838453
2017-05-09,22.649786
2017-05-10,22.949629
2017-05-11,22.902464
2017-05-12,22.824974
2017-05-15,23.003529
2017-05-16,22.888979
2017-05-17,22.663261
2017-05-18,22.656527
2017-05-19,22.936155
2017-05-22,22.885616
2017-05-23,22.939526
2017-05-24,22.818239
2017-05-25,22.403843
2017-05-26,22.440907
2017-05-30,22.141064
2017-05-31,22.046736
2017-06-01,22.184862
2017-06-02,21.928818
2017-06-05,21.969252
2017-06-06,22.228662
2017-06-07,21.915350
2017-06-08,21.851334
2017-06-09,22.376902
2017-06-12,22.535233
2017-06-13,22.703688
2017-06-14,22.292675
2017-06-15,22.124222
2017-06-16,22.490246
2017-06-19,22.347757
2017-06-20,22.062819
2017-06-21,21.706636
2017-06-22,21.693079
2017-06-23,21.838938
2017-06-26,21.791452
2017-06-27,21.757521
2017-06-28,21.876251
2017-06-29,21.923740
2017-06-30,22.022114
2017-07-03,22.446140
2017-07-05,21.991587
2017-07-06,21.747351
2017-07-07,21.713428
2017-07-10,21.784658
2017-07-11,21.903393
2017-07-12,21.964451
2017-07-13,22.052641
2017-07-14,22.184938
2017-07-17,22.157803
2017-07-18,22.052641
2017-07-19,22.374903
2017-07-20,22.307062
2017-07-21,22.086571
2017-07-24,22.045858
2017-07-25,22.324018
2017-07-26,22.347757
2017-07-27,22.575041
2017-07-28,22.547903
2017-07-31,22.598791
2017-08-01,22.595398
2017-08-02,22.510595
2017-08-03,22.195120
2017-08-04,22.266354
2017-08-07,22.096748
2017-08-08,22.045858
2017-08-09,22.066221
2017-08-10,21.832151
2017-08-11,21.689678
2017-08-14,21.625227
2017-08-15,21.543816
2017-08-16,21.336895
2017-08-17,21.034986
2017-08-18,21.140146
2017-08-21,21.031591
2017-08-22,21.170670
2017-08-23,21.262268
2017-08-24,21.275829
2017-08-25,21.370813
2017-08-28,21.275829
2017-08-29,21.248693
2017-08-30,21.258875
2017-08-31,21.360638
2017-09-01,21.567562
2017-09-05,21.686291
2017-09-06,22.039078
2017-09-07,22.079782
2017-09-08,21.845720
2017-09-11,22.052641
2017-09-12,22.188332
2017-09-13,22.466494
2017-09-14,22.575041
2017-09-15,22.628315
2017-09-18,22.724545
2017-09-19,22.817350
2017-09-20,22.971998
2017-09-21,22.978880
2017-09-22,23.095724
2017-09-25,23.429106
2017-09-26,23.418793
2017-09-27,23.518465
2017-09-28,23.539089
2017-09-29,23.535646
2017-10-02,23.528774
2017-10-03,23.504721
2017-10-04,23.487526
2017-10-05,23.594078
2017-10-06,23.394735
2017-10-09,23.442846
2017-10-10,23.463472
2017-10-11,23.518465
2017-10-12,23.432543
2017-10-13,23.418793
2017-10-16,23.470345
2017-10-17,23.484100
2017-10-18,23.319124
2017-10-19,23.246950
2017-10-20,23.291626
2017-10-23,23.171337
2017-10-24,23.216021
2017-10-25,23.054485
2017-10-26,23.102594
2017-10-27,23.143841
2017-10-30,23.264132
2017-10-31,23.339746
2017-11-01,23.604383
2017-11-02,23.535646
2017-11-03,23.604383
2017-11-06,24.143970
2017-11-07,24.113045
2017-11-08,23.996187
2017-11-09,24.068357
2017-11-10,23.941198
2017-11-13,23.803720
2017-11-14,23.418793
2017-11-15,23.154152
2017-11-16,23.061361
2017-11-17,23.174776
2017-11-20,23.119781
2017-11-21,23.171337
2017-11-22,23.264132
2017-11-24,23.329433
2017-11-27,23.092293
2017-11-28,23.271013
2017-11-29,23.398178
2017-11-30,23.748726
2017-12-01,23.948067
2017-12-04,23.937761
2017-12-05,23.834654
2017-12-06,23.525331
2017-12-07,23.594078
2017-12-08,23.810598
2017-12-11,23.982441
2017-12-12,23.917137
2017-12-13,23.882776
2017-12-14,23.796850
2017-12-15,23.775398
2017-12-18,23.958769
2017-12-19,23.993361
2017-12-20,24.332420
2017-12-21,24.847914
2017-12-22,24.899815
2017-12-26,25.117777
2017-12-27,25.034739
2017-12-28,25.072798
2017-12-29,25.000143
2018-01-02,25.411858
2018-01-03,25.792425
2018-01-04,25.948118
2018-01-05,25.937733
2018-01-08,26.093433
2018-01-09,26.027691
2018-01-10,25.996559
2018-01-11,26.529369
2018-01-12,26.785387
2018-01-16,26.446333
2018-01-17,26.678133
2018-01-18,26.460167
2018-01-19,26.425568
2018-01-22,26.996418
2018-01-23,26.954906
2018-01-24,26.882246
2018-01-25,26.671215
2018-01-26,26.816523
2018-01-29,26.411726
2018-01-30,25.878929
2018-01-31,25.896227
2018-02-01,26.162619
2018-02-02,25.069342
2018-02-05,24.017580
2018-02-06,24.207865
2018-02-07,23.803074
2018-02-08,23.083448
2018-02-09,23.066151
2018-02-12,23.443258
2018-02-13,23.346394
2018-02-14,23.685448
2018-02-15,23.626629
2018-02-16,23.567818
2018-02-20,23.439802
2018-02-21,23.045389
2018-02-22,23.297951
2018-02-23,23.803074
2018-02-26,23.944920
2018-02-27,23.633549
2018-02-28,23.090363
2018-03-01,23.055773
2018-03-02,23.163021
2018-03-05,23.408667
2018-03-06,23.422495
2018-03-07,23.246056
2018-03-08,23.239136
2018-03-09,23.681984
2018-03-12,23.675066
2018-03-13,23.505535
2018-03-14,23.367144
2018-03-15,23.246056
2018-03-16,23.453381
2018-03-19,23.091005
2018-03-20,23.286129
2018-03-21,23.895895
2018-03-22,23.408085
2018-03-23,23.265223
2018-03-26,23.683346
2018-03-27,23.460354
2018-03-28,23.003889
2018-03-29,23.488224
2018-04-02,23.017824
2018-04-03,23.509127
2018-04-04,23.477764
2018-04-05,23.899378
2018-04-06,23.467319
2018-04-09,23.578817
2018-04-10,24.359320
2018-04-11,24.613678
2018-04-12,24.610195
2018-04-13,24.881975
2018-04-16,25.136328
2018-04-17,25.233894
2018-04-18,25.631115
2018-04-19,25.662474
2018-04-20,25.540529
2018-04-23,25.697323
2018-04-24,25.422052
2018-04-25,25.624146
2018-04-26,25.996975
2018-04-27,25.721706
2018-04-30,25.718222
2018-05-01,25.561434
2018-05-02,25.665960
2018-05-03,25.606716
2018-05-04,25.732164
2018-05-07,25.767008
2018-05-08,25.969101
2018-05-09,26.498728
2018-05-10,26.697330
2018-05-11,26.735664
2018-05-14,26.920341
2018-05-15,26.927307
2018-05-16,27.021389
2018-05-17,27.429060
2018-05-18,27.216505
2018-05-21,27.495266
2018-05-22,27.129408
2018-05-23,27.125910
2018-05-24,26.679911
2018-05-25,25.986523
2018-05-29,25.906378
2018-05-30,26.690380
2018-05-31,26.488272
2018-06-01,26.613710
2018-06-04,26.383745
2018-06-05,26.321020
2018-06-06,26.446466
2018-06-07,26.847174
2018-06-08,26.794905
2018-06-11,26.934282
2018-06-12,26.728695
2018-06-13,26.627649
2018-06-14,26.589333
2018-06-15,26.018232
2018-06-18,26.277819
2018-06-19,26.218184
2018-06-20,26.333946
2018-06-21,25.846348
2018-06-22,26.362009
2018-06-25,25.832314
2018-06-26,26.158552
2018-06-27,26.509336
2018-06-28,26.474262
2018-06-29,26.639132
2018-07-02,26.246244
2018-07-03,26.411119
2018-07-05,26.383057
2018-07-06,26.544420
2018-07-09,26.940821
2018-07-10,27.140766
2018-07-11,26.565468
2018-07-12,26.611074
2018-07-13,26.751390
2018-07-16,26.442682
2018-07-17,26.337460
2018-07-18,26.354994
2018-07-19,26.362009
2018-07-20,26.270800
2018-07-23,26.155033
2018-07-24,26.484785
2018-07-25,26.705786
2018-07-26,26.996948
2018-07-27,26.881184
2018-07-30,27.102186
2018-07-31,27.053070
2018-08-01,26.677717
2018-08-02,26.530386
2018-08-03,26.393583
2018-08-06,26.491800
2018-08-07,26.688240
2018-08-08,26.495310
2018-08-09,26.249756
2018-08-10,26.411119
2018-08-13,26.074358
2018-08-14,26.137505
2018-08-15,25.225433
2018-08-16,25.407856
2018-08-17,25.470997
2018-08-20,25.642881
2018-08-21,25.772675
2018-08-22,26.081369
2018-08-23,25.958601
2018-08-24,26.148031
2018-08-27,26.340954
2018-08-28,26.228714
2018-08-29,26.390076
2018-08-30,26.316406
2018-08-31,26.112946
2018-09-04,26.056816
2018-09-05,26.021742
2018-09-06,25.541157
2018-09-07,25.537649
2018-09-10,25.527126
2018-09-11,25.769167
2018-09-12,25.902472
2018-09-13,25.912992
2018-09-14,26.049801
2018-09-17,26.091894
2018-09-18,26.263790
2018-09-19,26.344471
2018-09-20,26.351486
2018-09-21,26.525614
2018-09-24,26.914141
2018-09-25,27.087212
2018-09-26,26.825840
2018-09-27,26.825840
2018-09-28,26.751665
2018-10-01,27.122540
2018-10-02,27.150789
2018-10-03,27.369768
2018-10-04,27.256750
2018-10-05,27.253222
2018-10-08,27.232019
2018-10-09,27.475731
2018-10-10,26.613909
2018-10-11,25.713249
2018-10-12,25.783886
2018-10-15,25.568430
2018-10-16,25.780361
2018-10-17,25.617878
2018-10-18,25.490728
2018-10-19,25.264679
2018-10-22,24.985645
2018-10-23,24.332216
2018-10-24,23.371502
2018-10-25,23.657600
2018-10-26,23.480995
2018-10-29,23.043026
2018-10-30,23.576365
2018-10-31,23.721176
2018-11-01,23.922506
2018-11-02,23.862457
2018-11-05,24.261578
2018-11-06,24.374605
2018-11-07,24.773727
2018-11-08,24.236851
2018-11-09,24.194466
2018-11-12,23.692924
2018-11-13,23.148987
2018-11-14,23.110130
2018-11-15,23.449211
2018-11-16,23.728241
2018-11-19,23.721176
2018-11-20,22.944130
2018-11-21,23.304398
2018-11-23,22.573259
2018-11-26,22.912340
2018-11-27,22.848759
2018-11-28,23.240816
2018-11-29,23.392698
2018-11-30,23.350311
2018-12-03,23.869518
2018-12-04,23.184307
2018-12-06,22.756931
2018-12-07,22.629776
2018-12-10,22.276573
2018-12-11,22.283638
2018-12-12,22.371939
2018-12-13,22.442575
2018-12-14,21.930429
2018-12-17,21.531311
2018-12-18,21.022699
2018-12-19,20.775457
2018-12-20,20.199734
2018-12-21,20.003651
2018-12-24,19.194380
2018-12-26,20.388676
2018-12-27,20.495632
2018-12-28,20.338772
2018-12-31,20.445728
2019-01-02,20.848576
2019-01-03,20.641804
2019-01-04,21.344124
2019-01-07,21.661411
2019-01-08,21.828974
2019-01-09,22.174786
2019-01-10,22.238956
2019-01-11,22.107050
2019-01-14,22.053572
2019-01-15,22.132008
2019-01-16,22.103487
2019-01-17,22.306694
2019-01-18,22.759459
2019-01-22,22.263910
2019-01-23,22.035746
2019-01-24,22.153393
2019-01-25,22.435034
2019-01-28,22.210440
2019-01-29,22.278175
2019-01-30,22.591898
2019-01-31,22.738066
2019-02-01,23.133791
2019-02-04,23.187267
2019-02-05,23.222916
2019-02-06,23.051794
2019-02-07,22.541990
2019-02-08,22.438601
2019-02-11,22.545551
2019-02-12,22.830761
2019-02-13,23.115965
2019-02-14,23.197962
2019-02-15,23.572296
2019-02-19,23.643595
2019-02-20,23.743423
2019-02-21,23.376221
2019-02-22,23.443954
2019-02-25,23.483170
2019-02-26,23.408300
2019-02-27,23.497427
2019-02-28,23.262133
2019-03-01,23.689938
2019-03-04,23.732725
2019-03-05,23.654291
2019-03-06,23.354830
2019-03-07,23.215790
2019-03-08,22.780846
2019-03-11,23.137354
2019-03-12,23.287088
2019-03-13,23.522390
2019-03-14,23.547346
2019-03-15,23.537996
2019-03-18,23.864964
2019-03-19,23.800291
2019-03-20,24.008686
2019-03-21,24.177561
2019-03-22,23.523632
2019-03-25,23.534407
2019-03-26,23.872154
2019-03-27,23.703272
2019-03-28,23.793102
2019-03-29,23.757177
2019-04-01,24.069769
2019-04-02,23.904488
2019-04-03,23.674530
2019-04-04,23.872154
2019-04-05,24.292536
2019-04-08,24.400328
2019-04-09,24.102110
2019-04-10,24.191933
2019-04-11,24.209892
2019-04-12,24.274567
2019-04-15,24.130852
2019-04-16,24.288940
2019-04-17,24.256609
2019-04-18,24.141632
2019-04-22,24.651838
2019-04-23,24.612318
2019-04-24,24.181156
2019-04-25,24.105698
2019-04-26,23.793102
2019-04-29,23.771544
2019-04-30,23.753576
2019-05-01,23.279299
2019-05-02,22.873285
2019-05-03,23.085276
2019-05-06,23.106831
2019-05-07,22.905622
2019-05-08,22.905622
2019-05-09,22.905622
2019-05-10,23.013414
2019-05-13,22.618176
2019-05-14,22.894848
2019-05-15,23.013414
2019-05-16,23.139170
2019-05-17,22.905622
2019-05-20,22.916403
2019-05-21,23.182283
2019-05-22,22.822983
2019-05-23,22.057667
2019-05-24,22.140305
2019-05-28,21.910353
2019-05-29,21.770220
2019-05-30,21.493559
2019-05-31,21.116291
2019-06-03,21.385769
2019-06-04,21.755854
2019-06-05,21.515118
2019-06-06,21.913942
2019-06-07,22.014551
2019-06-10,22.079224
2019-06-11,22.122343
2019-06-12,21.809748
2019-06-13,22.064854
2019-06-14,21.921129
2019-06-17,22.104380
2019-06-18,22.409782
2019-06-19,22.384634
2019-06-20,22.880472
2019-06-21,23.045816
2019-06-24,22.839134
2019-06-25,22.657848
2019-06-26,23.005926
2019-06-27,22.835505
2019-06-28,23.100201
2019-07-01,23.121954
2019-07-02,22.752115
2019-07-03,22.842764
2019-07-05,22.875399
2019-07-08,22.908030
2019-07-09,22.926155
2019-07-10,23.219852
2019-07-11,23.266983
2019-07-12,23.364887
2019-07-15,23.154585
2019-07-16,22.908030
2019-07-17,22.646969
2019-07-18,22.650597
2019-07-19,22.755739
2019-07-22,22.860895
2019-07-23,22.922535
2019-07-24,23.020432
2019-07-25,22.759371
2019-07-26,22.643339
2019-07-29,22.552698
2019-07-30,22.806507
2019-07-31,22.733984
2019-08-01,22.219122
2019-08-02,21.900043
2019-08-05,21.247395
2019-08-06,21.222013
2019-08-07,21.062475
2019-08-08,21.667994
2019-08-09,21.428686
2019-08-12,21.174881
2019-08-13,21.370670
2019-08-14,20.533100
2019-08-15,20.406200
2019-08-16,20.674519
2019-08-19,21.131369
2019-08-20,20.953703
2019-08-21,21.087860
2019-08-22,20.993591
2019-08-23,20.290173
2019-08-26,20.377199
2019-08-27,20.250290
2019-08-28,20.540361
2019-08-29,20.841307
2019-08-30,20.841307
2019-09-03,20.739784
2019-09-04,21.029844
2019-09-05,21.290905
2019-09-06,21.403309
2019-09-09,21.831156
2019-09-10,22.088593
2019-09-11,22.110346
2019-09-12,21.972555
2019-09-13,22.146608
2019-09-16,22.889896
2019-09-17,22.570826
2019-09-18,22.462051
2019-09-19,22.404039
2019-09-20,22.422331
2019-09-23,22.429651
2019-09-24,22.074730
2019-09-25,22.111319
2019-09-26,21.822254
2019-09-27,21.818602
2019-09-30,21.661259
2019-10-01,21.159981
2019-10-02,20.640400
2019-10-03,20.863604
2019-10-04,20.995323
2019-10-07,20.808718
2019-10-08,20.453793
2019-10-09,20.640400
2019-10-10,20.900192
2019-10-11,21.181932
2019-10-14,21.170954
2019-10-15,21.258772
2019-10-16,20.962395
2019-10-17,20.977028
2019-10-18,20.867260
2019-10-21,21.240473
2019-10-22,21.514900
2019-10-23,21.694191
2019-10-24,21.602718
2019-10-25,21.778349
2019-10-28,21.653946
2019-10-29,21.741756
2019-10-30,21.299019
2019-10-31,21.207548
2019-11-01,21.690531
2019-11-04,22.396721
2019-11-05,22.425993
2019-11-06,21.968620
2019-11-07,22.297926
2019-11-08,22.206451
2019-11-11,22.082050
2019-11-12,21.968620
2019-11-13,21.873487
2019-11-14,21.814932
2019-11-15,21.983252
2019-11-18,21.716150
2019-11-19,21.394159
2019-11-20,21.610035
2019-11-21,21.964958
2019-11-22,21.891779
2019-11-25,21.913736
2019-11-26,21.712481
2019-11-27,21.767372
2019-11-29,21.547832
2019-12-02,21.547832
2019-12-03,21.225838
2019-12-04,21.544170
2019-12-05,21.441721
2019-12-06,21.851526
2019-12-09,21.825916
2019-12-10,21.869823
2019-12-11,21.833235
2019-12-12,22.235725
2019-12-13,22.067411
2019-12-16,22.363789
2019-12-17,22.378420
2019-12-18,22.462578
2019-12-19,22.455265
2019-12-20,22.670666
2019-12-23,22.903431
2019-12-24,22.892349
2019-12-26,22.884956
2019-12-27,22.788891
2019-12-30,22.716980
2019-12-31,22.846352
2020-01-02,23.051836
2020-01-03,22.983341
2020-01-06,23.162182
2020-01-07,23.101301
2020-01-08,22.720778
2020-01-09,22.888212
2020-01-10,22.758831
2020-01-13,22.766445
2020-01-14,22.770248
2020-01-15,22.602823
2020-01-16,22.640871
2020-01-17,22.496273
2020-01-21,22.092922
2020-01-22,21.879835
2020-01-23,21.796118
2020-01-24,21.544979
2020-01-27,20.947565
2020-01-28,21.042688
2020-01-29,20.821997
2020-01-30,20.989418
2020-01-31,20.334929
2020-02-03,20.068565
2020-02-04,20.140863
2020-02-05,20.898098
2020-02-06,20.685011
2020-02-07,20.540409
2020-02-10,20.437668
2020-02-11,20.665979
2020-02-12,20.943758
2020-02-13,20.879072
2020-02-14,20.768721
2020-02-18,20.597483
2020-02-19,20.871460
2020-02-20,20.848629
2020-02-21,20.601288
2020-02-24,19.649994
2020-02-25,18.782413
2020-02-26,18.215435
2020-02-27,17.241312
2020-02-28,17.226089
2020-03-02,17.922440
2020-03-03,17.374493
2020-03-04,17.785452
2020-03-05,17.134764
2020-03-06,16.172050
2020-03-09,12.914811
2020-03-10,13.527444
2020-03-11,12.812070
2020-03-12,11.213892
2020-03-13,12.248901
2020-03-16,10.582230
2020-03-17,10.654529
2020-03-18,9.124843
2020-03-19,9.745088
2020-03-20,9.840217
2020-03-23,9.169521
2020-03-24,10.640072
2020-03-25,11.141926
2020-03-26,11.822733
2020-03-27,11.021322
2020-03-30,11.134143
2020-03-31,11.305319
2020-04-01,10.745111
2020-04-02,11.729362
2020-04-03,11.604876
2020-04-06,12.219548
2020-04-07,12.480199
2020-04-08,13.312731
2020-04-09,13.192131
2020-04-13,13.149339
2020-04-14,13.087093
2020-04-15,12.472421
2020-04-16,11.939443
2020-04-17,13.207693
2020-04-20,12.795318
2020-04-21,12.569678
2020-04-22,13.017066
2020-04-23,13.437222
2020-04-24,13.468346
2020-04-27,13.760118
2020-04-28,14.075240
2020-04-29,15.117848
2020-04-30,14.783279
2020-05-01,13.946857
2020-05-04,14.429261
2020-05-05,14.440931
2020-05-06,14.063572
2020-05-07,14.429261
2020-05-08,15.086724
2020-05-11,14.822184
2020-05-12,14.561532
2020-05-13,13.900172
2020-05-14,14.055788
2020-05-15,14.001323
2020-05-18,15.145081
2020-05-19,14.721036
2020-05-20,15.308471
2020-05-21,15.063383
2020-05-22,14.970017
2020-05-26,15.386282
2020-05-27,15.584690
2020-05-28,15.148966
2020-05-29,15.078941
2020-06-01,15.343488
2020-06-02,15.771423
2020-06-03,16.234375
2020-06-04,16.238264
2020-06-05,17.444267
2020-06-08,18.230116
2020-06-09,17.545420
2020-06-10,16.681763
2020-06-11,15.110065
2020-06-12,15.491323
2020-06-15,15.538003
2020-06-16,15.985397
2020-06-17,15.440745
2020-06-18,15.631370
2020-06-19,15.394061
2020-06-22,15.465383
2020-06-23,15.481143
2020-06-24,14.622173
2020-06-25,14.901931
2020-06-26,14.385760
2020-06-29,14.578829
2020-06-30,14.913743
2020-07-01,14.551248
2020-07-02,14.712796
2020-07-06,14.756141
2020-07-07,14.287251
2020-07-08,14.275432
2020-07-09,13.570130
2020-07-10,14.003556
2020-07-13,13.928690
2020-07-14,14.417282
2020-07-15,14.728562
2020-07-16,14.661573
2020-07-17,14.456680
2020-07-20,14.216331
2020-07-21,15.075300
2020-07-22,14.890107
2020-07-23,14.862526
2020-07-24,14.779778
2020-07-27,14.795541
2020-07-28,14.543368
2020-07-29,14.846767
2020-07-30,14.263615
2020-07-31,14.196625
2020-08-03,14.247852
2020-08-04,14.594593
2020-08-05,14.748262
2020-08-06,14.630055
2020-08-07,14.649754
2020-08-10,15.102880
2020-08-11,15.051661
2020-08-12,15.201385
2020-08-13,14.905868
2020-08-14,15.047716
2020-08-17,14.961029
2020-08-18,14.771900
2020-08-19,14.602473
2020-08-20,14.287251
2020-08-21,14.196625
2020-08-24,14.586715
2020-08-25,14.381818
2020-08-26,14.078421
2020-08-27,14.106002
2020-08-28,14.358175
2020-08-31,14.046904
2020-09-01,13.952330
2020-09-02,13.885348
2020-09-03,13.782901
2020-09-04,13.739561
2020-09-08,13.239155
2020-09-09,13.329781
2020-09-10,12.841191
2020-09-11,12.853010
2020-09-14,12.951515
2020-09-15,12.856952
2020-09-16,13.373121
2020-09-17,13.392824
2020-09-18,13.243094
2020-09-21,12.804140
2020-09-22,12.671974
2020-09-23,12.099252
2020-09-24,12.095248
2020-09-25,12.087234
2020-09-28,12.371596
2020-09-29,12.031164
2020-09-30,11.995119
2020-10-01,11.626655
2020-10-02,11.738796
2020-10-05,12.091240
2020-10-06,11.911016
2020-10-07,12.079226
2020-10-08,12.531796
2020-10-09,12.331544
2020-10-12,12.363586
2020-10-13,12.171342
2020-10-14,12.223409
2020-10-15,12.371596
2020-10-16,12.091240
2020-10-19,11.834917
2020-10-20,11.975096
2020-10-21,11.746808
2020-10-22,12.231420
2020-10-23,12.171342
2020-10-26,11.734792
2020-10-27,11.582603
2020-10-28,11.097989
2020-10-29,11.438417
2020-10-30,11.502498
2020-11-02,11.894994
2020-11-03,11.826909
2020-11-04,11.842926
2020-11-05,11.842926
2020-11-06,11.586608
2020-11-09,13.240689
2020-11-10,13.669232
2020-11-11,13.529053
2020-11-12,13.092505
2020-11-13,13.569106
2020-11-16,14.462230
2020-11-17,14.610415
2020-11-18,14.185881
2020-11-19,14.418174
2020-11-20,14.342082
2020-11-23,15.355359
2020-11-24,16.144348
2020-11-25,15.767877
2020-11-27,15.583644
2020-11-30,14.722557
2020-12-01,14.790645
2020-12-02,15.271251
2020-12-03,15.431449
2020-12-04,16.272512
2020-12-07,15.892031
2020-12-08,16.128332
2020-12-09,16.164379
2020-12-10,16.661001
2020-12-11,16.468758
2020-12-14,15.892031
2020-12-15,16.204428
2020-12-16,16.124319
2020-12-17,16.048225
2020-12-18,15.779891
2020-12-21,15.475493
2020-12-22,15.215747
2020-12-23,15.552608
2020-12-24,15.471435
2020-12-28,15.374029
2020-12-29,15.272564
2020-12-30,15.512021
2020-12-31,15.382145
2021-01-04,15.406499
2021-01-05,16.096464
2021-01-06,16.587555
2021-01-07,16.831072
2021-01-08,16.810780
2021-01-11,17.074591
2021-01-12,17.671207
2021-01-13,17.533213
2021-01-14,18.052711
2021-01-15,17.350576
2021-01-19,17.699614
2021-01-20,17.764549
2021-01-21,17.163881
2021-01-22,17.074591
2021-01-25,16.900066
2021-01-26,16.538855
2021-01-27,16.315630
2021-01-28,16.506386
2021-01-29,15.958467
2021-02-01,16.072109
2021-02-02,16.246632
2021-02-03,16.940655
2021-02-04,17.127350
2021-02-05,17.273464
2021-02-08,17.995893
2021-02-09,17.805138
2021-02-10,18.146063
2021-02-11,17.866016
2021-02-12,18.129826
2021-02-16,18.584393
2021-02-17,18.860382
2021-02-18,18.434225
2021-02-19,18.742682
2021-02-22,19.392057
2021-02-23,19.712685
2021-02-24,20.410769
2021-02-25,20.017084
2021-02-26,19.542225
2021-03-01,20.049553
2021-03-02,19.939968
2021-03-03,20.232191
2021-03-04,20.715166
2021-03-05,21.490364
2021-03-08,21.530947
2021-03-09,21.153492
2021-03-10,21.689232
2021-03-11,21.697351
2021-03-12,21.741989
2021-03-15,21.494415
2021-03-16,20.881569
2021-03-17,21.043911
2021-03-18,20.098259
2021-03-19,20.102312
2021-03-22,19.909536
2021-03-23,19.618317
2021-03-24,20.110518
2021-03-25,20.184345
2021-03-26,20.684752
2021-03-29,20.438654
2021-03-30,20.262281
2021-03-31,20.122822
2021-04-01,20.635534
2021-04-05,20.143332
2021-04-06,20.090006
2021-04-07,20.159739
2021-04-08,19.897226
2021-04-09,19.765976
2021-04-12,19.610113
2021-04-13,19.630625
2021-04-14,20.176144
2021-04-15,20.012077
2021-04-16,19.852114
2021-04-19,19.831602
2021-04-20,19.306587
2021-04-21,19.552689
2021-04-22,19.322998
2021-04-23,19.499369
2021-04-26,19.630625
2021-04-27,19.868523
2021-04-28,20.553503
2021-04-29,20.783192
2021-04-30,20.258179
2021-05-03,20.816002
2021-05-04,20.828312
2021-05-05,21.500982
2021-05-06,21.611731
2021-05-07,21.997292
2021-05-10,22.005493
2021-05-11,21.439463
2021-05-12,21.542004
2021-05-13,21.279501
2021-05-14,21.939867
2021-05-17,22.448469
2021-05-18,21.927565
2021-05-19,21.382042
2021-05-20,21.349226
2021-05-21,21.394341
2021-05-24,21.607632
2021-05-25,21.168755
2021-05-26,21.357430
2021-05-27,21.373835
2021-05-28,21.414854
2021-06-01,22.239288
2021-06-02,22.653557
2021-06-03,22.715080
2021-06-04,22.866844
2021-06-07,22.768404
2021-06-08,22.965286
2021-06-09,22.821724
2021-06-10,22.793009
2021-06-11,22.715080
2021-06-14,22.616640
2021-06-15,23.047321
2021-06-16,22.924265
2021-06-17,22.144949
2021-06-18,21.488680
2021-06-21,22.404415
2021-06-22,22.553585
2021-06-23,22.615744
2021-06-24,22.810492
2021-06-25,22.930655
2021-06-28,22.155802
2021-06-29,22.048065
2021-06-30,22.321539
2021-07-01,22.711044
2021-07-02,22.661318
2021-07-06,21.923759
2021-07-07,21.567410
2021-07-08,21.443104
2021-07-09,21.898899
2021-07-12,21.865749
2021-07-13,21.700005
2021-07-14,21.053604
2021-07-15,20.759403
2021-07-16,20.171021
2021-07-19,19.458319
2021-07-20,19.719368
2021-07-21,20.407200
2021-07-22,20.179308
2021-07-23,20.104717
2021-07-26,20.601952
2021-07-27,20.411348
2021-07-28,20.597809
2021-07-29,20.796700
2021-07-30,20.465214
2021-08-02,20.311899
2021-08-03,20.659962
2021-08-04,20.100573
2021-08-05,20.328476
2021-08-06,20.514936
2021-08-09,20.224886
2021-08-10,20.581236
2021-08-11,20.742836
2021-08-12,20.722116
2021-08-13,20.477642
2021-08-16,20.100573
2021-08-17,19.893396
2021-08-18,19.479038
2021-08-19,18.973518
2021-08-20,19.014959
2021-08-23,19.727655
2021-08-24,20.054998
2021-08-25,20.208311
2021-08-26,19.901686
2021-08-27,20.432064
2021-08-30,20.191738
2021-08-31,20.054998
2021-09-01,19.760799
2021-09-02,20.262178
2021-09-03,20.146158
2021-09-07,20.025990
2021-09-08,19.769093
2021-09-09,19.810526
2021-09-10,19.802238
2021-09-13,20.369913
2021-09-14,20.075712
2021-09-15,20.825705
2021-09-16,20.589523
2021-09-17,20.436209
2021-09-20,19.812153
2021-09-21,19.858280
2021-09-22,20.470600
2021-09-23,21.187761
2021-09-24,21.347134
2021-09-27,22.106236
2021-09-28,22.181723
2021-09-29,22.181723
2021-09-30,21.846210
2021-10-01,22.580149
2021-10-04,22.949217
2021-10-05,23.083422
2021-10-06,22.840174
2021-10-07,23.016319
2021-10-08,23.725092
2021-10-11,23.637018
2021-10-12,23.657991
2021-10-13,23.637018
2021-10-14,23.926403
2021-10-15,24.043831
2021-10-18,24.060610
2021-10-19,24.333218
2021-10-20,24.530334
2021-10-21,24.077387
2021-10-22,24.303860
2021-10-25,24.660341
2021-10-26,24.802933
2021-10-27,24.089964
2021-10-28,24.261917
2021-10-29,24.102547
2021-11-01,24.517748
2021-11-02,24.287081
2021-11-03,24.085772
2021-11-04,24.119326
2021-11-05,24.433867
2021-11-08,24.656147
2021-11-09,24.756800
2021-11-10,24.102547
2021-11-11,24.194809
2021-11-12,24.136101
2021-11-15,24.337406
2021-11-16,24.375151
2021-11-17,24.001894
2021-11-18,23.859295
2021-11-19,22.928242
2021-11-22,23.335058
2021-11-23,24.052219
2021-11-24,24.287081
2021-11-26,23.309891
2021-11-29,23.444098
2021-11-30,22.894691
2021-12-01,22.651443
2021-12-02,23.309891
2021-12-03,23.125357
2021-12-06,23.469263
2021-12-07,24.018671
2021-12-08,24.014473
2021-12-09,23.829945
2021-12-10,24.006086
2021-12-13,23.339251
2021-12-14,23.242790
2021-12-15,23.129557
2021-12-16,23.276346
2021-12-17,22.802427
2021-12-20,22.519920
2021-12-21,23.161406
2021-12-22,23.310093
2021-12-23,23.322838
2021-12-27,23.832624
2021-12-28,23.815636
2021-12-29,23.662691
2021-12-30,23.518255
2021-12-31,23.577736
2022-01-03,24.308430
2022-01-04,25.149584
2022-01-05,25.145334
2022-01-06,25.706102
2022-01-07,26.058702
2022-01-10,25.977987
2022-01-11,26.861620
2022-01-12,26.912596
2022-01-13,26.776653
2022-01-14,27.405396
2022-01-18,27.515844
2022-01-19,27.316185
2022-01-20,27.065536
2022-01-21,26.530260
2022-01-24,26.708687
2022-01-25,27.745255
2022-01-26,27.698528
2022-01-27,28.000151
2022-01-28,27.881193
2022-01-31,28.004398
2022-02-01,29.002729
2022-02-02,29.096195
2022-02-03,28.820065
2022-02-04,29.270370
2022-02-07,29.644217
2022-02-08,29.006987
2022-02-09,29.249130
2022-02-10,29.066452
2022-02-11,29.911860
2022-02-14,29.206648
2022-02-15,28.900770
2022-02-16,29.134430
2022-02-17,29.087696
2022-02-18,28.909273
2022-02-22,28.441967
2022-02-23,28.735092
2022-02-24,28.509937
2022-02-25,29.261877
2022-02-28,29.984077
2022-03-01,30.285704
2022-03-02,30.978161
2022-03-03,31.063126
2022-03-04,31.959513
2022-03-07,32.431068
2022-03-08,32.940849
2022-03-09,31.934011
2022-03-10,32.911114
2022-03-11,32.647724
2022-03-14,31.670633
2022-03-15,30.510860
2022-03-16,30.370668
2022-03-17,31.415728
2022-03-18,31.385998
2022-03-21,32.651211
2022-03-22,32.411037
2022-03-23,32.968594
2022-03-24,33.050079
2022-03-25,33.774899
2022-03-28,32.938568
2022-03-29,32.852798
2022-03-30,33.234505
2022-03-31,32.784168
2022-04-01,33.050079
2022-04-04,33.092968
2022-04-05,32.574009
2022-04-06,32.767014
2022-04-07,33.195904
2022-04-08,34.109432
2022-04-11,33.084393
2022-04-12,33.633366
2022-04-13,34.135162
2022-04-14,34.246681
2022-04-18,34.748478
2022-04-19,34.465405
2022-04-20,34.598362
2022-04-21,33.500416
2022-04-22,32.681236
2022-04-25,31.600435
2022-04-26,31.643328
2022-04-27,32.106518
2022-04-28,33.080101
2022-04-29,32.230911
2022-05-02,32.745571
2022-05-03,33.663391
2022-05-04,35.061569
2022-05-05,34.534031
2022-05-06,35.563354
2022-05-09,32.621185
2022-05-10,32.917122
2022-05-11,33.358879
2022-05-12,33.500416
2022-05-13,34.645542
2022-05-16,35.559067
2022-05-17,35.970802
2022-05-18,35.048698
2022-05-19,34.920025
2022-05-20,35.070141
2022-05-23,35.996532
2022-05-24,36.133778
2022-05-25,36.880043
2022-05-26,37.287495
2022-05-27,37.969418
2022-05-31,37.398998
2022-06-01,38.008034
2022-06-02,37.887932
2022-06-03,38.389732
2022-06-06,38.346848
2022-06-07,39.491966
2022-06-08,39.577755
2022-06-09,38.702824
2022-06-10,38.046619
2022-06-13,36.060871
2022-06-14,36.129494
2022-06-15,35.331760
2022-06-16,33.341724
2022-06-17,31.518951
2022-06-21,33.151817
2022-06-22,31.824707
2022-06-23,30.645050
2022-06-24,31.048388
2022-06-27,31.959150
2022-06-28,32.822208
2022-06-29,31.681585
2022-06-30,31.013697
2022-07-01,31.477749
2022-07-05,30.228704
2022-07-06,29.712601
2022-07-07,30.783834
2022-07-08,30.770824
2022-07-11,30.475908
2022-07-12,29.881741
2022-07-13,29.834042
2022-07-14,29.270235
2022-07-15,29.747293
2022-07-18,30.428207
2022-07-19,31.364988
2022-07-20,31.668581
2022-07-21,31.113441
2022-07-22,30.857569
2022-07-25,31.989515
2022-07-26,31.698936
2022-07-27,32.414536
2022-07-28,32.596691
2022-07-29,34.010548
2022-08-01,33.307953
2022-08-02,33.229889
2022-08-03,32.275749
2022-08-04,31.078751
2022-08-05,31.694607
2022-08-08,31.859404
2022-08-09,32.418877
2022-08-10,32.653072
2022-08-11,33.776337
2022-08-12,34.032223
2022-08-15,33.368668
2022-08-16,33.290604
2022-08-17,33.568176
2022-08-18,34.470261
2022-08-19,34.461590
2022-08-22,34.396534
2022-08-23,35.636906
2022-08-24,36.074936
2022-08-25,36.352497
2022-08-26,35.927486
2022-08-29,36.469597
2022-08-30,35.233566
2022-08-31,34.912636
2022-09-01,34.053905
2022-09-02,34.678432
2022-09-06,34.357502
2022-09-07,33.958500
2022-09-08,34.105953
2022-09-09,34.956001
2022-09-12,35.597870
2022-09-13,34.700119
2022-09-14,35.680275
2022-09-15,34.760841
2022-09-16,34.019218
2022-09-19,34.039383
2022-09-20,33.802639
2022-09-21,33.307220
2022-09-22,33.188831
2022-09-23,30.900259
2022-09-26,30.141777
2022-09-27,30.479364
2022-09-28,31.829723
2022-09-29,31.829723
2022-09-30,31.575426
2022-10-03,33.359825
2022-10-04,34.793480
2022-10-05,35.512493
2022-10-06,36.143826
2022-10-07,35.863235
2022-10-10,35.126678
2022-10-11,34.846081
2022-10-12,35.126678
2022-10-13,36.560333
2022-10-14,35.196827
2022-10-17,35.635254
2022-10-18,35.946537
2022-10-19,37.007526
2022-10-20,37.042595
2022-10-21,38.112354
2022-10-24,38.292114
2022-10-25,38.331577
2022-10-26,38.853306
2022-10-27,38.993591
2022-10-28,39.129509
2022-10-31,39.458332
2022-11-01,39.839767
2022-11-02,38.879601
2022-11-03,39.598629
2022-11-04,40.080891
2022-11-07,40.769222
2022-11-08,40.808678
2022-11-09,38.813843
2022-11-10,39.677536
2022-11-11,40.830601
2022-11-14,40.817444
2022-11-15,41.247112
2022-11-16,40.405327
2022-11-17,40.493015
2022-11-18,40.172966
2022-11-21,39.629311
2022-11-22,40.870056
2022-11-23,40.427250
2022-11-25,40.278183
2022-11-28,39.173344
2022-11-29,39.765224
2022-11-30,39.962517
2022-12-01,39.830997
2022-12-02,39.594242
2022-12-05,38.419254
2022-12-06,37.406494
2022-12-07,37.318817
2022-12-08,37.152210
2022-12-09,36.249054
2022-12-12,37.200436
2022-12-13,37.906292
2022-12-14,37.673939
2022-12-15,37.445953
2022-12-16,36.985607
2022-12-19,36.981178
2022-12-20,37.539280
2022-12-21,38.252419
2022-12-22,37.370972
2022-12-23,38.562473
2022-12-27,38.974415
2022-12-28,38.101818
2022-12-29,38.500465
2022-12-30,38.744087
2023-01-03,37.384254
2023-01-04,37.379826
2023-01-05,38.061958
2023-01-06,38.783951
2023-01-09,38.646637
2023-01-10,38.921257
2023-01-11,39.040852
2023-01-12,39.784996
2023-01-13,39.842575
2023-01-17,39.926739
2023-01-18,39.195881
2023-01-19,39.683125
2023-01-20,40.077335
2023-01-23,40.130493
2023-01-24,39.975464
2023-01-25,39.979893
2023-01-26,41.242279
2023-01-27,40.409538
2023-01-30,39.483795
2023-01-31,39.833721
2023-02-01,39.049717
2023-02-02,38.159401
2023-02-03,38.075245
2023-02-06,37.902496
2023-02-07,39.133873
2023-02-08,38.783951
2023-02-09,38.451748
2023-02-10,39.957745
2023-02-13,39.855865
2023-02-14,39.869156
2023-02-15,39.191460
2023-02-16,38.806099
2023-02-17,37.424122
2023-02-21,37.238079
2023-02-22,36.990032
2023-02-23,37.548141
2023-02-24,37.499420
2023-02-27,37.610153
2023-02-28,37.069767
2023-03-01,37.800613
2023-03-02,38.132816
2023-03-03,38.651062
2023-03-06,38.668789
2023-03-07,37.995514
2023-03-08,37.605724
2023-03-09,37.074200
2023-03-10,36.600246
2023-03-13,35.856106
2023-03-14,36.210453
2023-03-15,34.265942
2023-03-16,34.638012
2023-03-17,34.093197
2023-03-20,34.775730
2023-03-21,35.979679
2023-03-22,35.214352
2023-03-23,34.726498
2023-03-24,34.860767
2023-03-27,35.603729
2023-03-28,36.154228
2023-03-29,36.655502
2023-03-30,36.816628
2023-03-31,37.071739
2023-04-03,38.750111
2023-04-04,38.047432
2023-04-05,38.620312
2023-04-06,38.034004
2023-04-10,38.338345
2023-04-11,38.700878
2023-04-12,38.727726
2023-04-13,38.969410
2023-04-14,39.041027
2023-04-17,38.580032
2023-04-18,38.732201
2023-04-19,38.597931
2023-04-20,38.257782
2023-04-21,38.034004
2023-04-24,38.615837
2023-04-25,37.890781
2023-04-26,37.385040
2023-04-27,37.519302
2023-04-28,38.101139
2023-05-01,37.671471
2023-05-02,36.033390
2023-05-03,35.353088
2023-05-04,34.959236
2023-05-05,35.908073
2023-05-08,35.908073
2023-05-09,35.921497
2023-05-10,35.514214
2023-05-11,35.089027
2023-05-12,35.142738
2023-05-15,35.321770
2023-05-16,34.453495
2023-05-17,35.115891
2023-05-18,35.370998
2023-05-19,35.644012
2023-05-22,35.496315
2023-05-23,35.876743
2023-05-24,36.033390
2023-05-25,35.393375
2023-05-26,35.254627
2023-05-30,34.892105
2023-05-31,34.278934
2023-06-01,34.704128
2023-06-02,35.760376
2023-06-05,35.523167
2023-06-06,35.809608
2023-06-07,36.758446
2023-06-08,36.601788
2023-06-09,36.400391
2023-06-12,36.051296
2023-06-13,36.221371
2023-06-14,35.849884
2023-06-15,36.243752
2023-06-16,36.190037
2023-06-20,35.380035
2023-06-21,35.659969
2023-06-22,35.181370
2023-06-23,34.928528
2023-06-26,35.556122
2023-06-27,35.637394
2023-06-28,35.998600
2023-06-29,36.413982
2023-06-30,36.648762
2023-07-03,36.734554
2023-07-05,36.531376
2023-07-06,35.709629
2023-07-07,36.477200
2023-07-10,36.761646
2023-07-11,37.569839
2023-07-12,37.917503
2023-07-13,37.773022
2023-07-14,36.775188
2023-07-17,36.702953
2023-07-18,37.073189
2023-07-19,37.289909
2023-07-20,37.727871
2023-07-21,38.061981
2023-07-24,38.676033
2023-07-25,38.879208
2023-07-26,38.892757
2023-07-27,38.644424
2023-07-28,38.761818
2023-07-31,39.497772
2023-08-01,39.312653
2023-08-02,38.797935
2023-08-03,39.190754
2023-08-04,39.244926
2023-08-07,39.290081
2023-08-08,39.484230
2023-08-09,39.980885
2023-08-10,39.976364
2023-08-11,40.590420
2023-08-14,40.418842
2023-08-15,39.579048
2023-08-16,39.235897
2023-08-17,39.705467
2023-08-18,40.098278
2023-08-21,39.845432
2023-08-22,39.538406
2023-08-23,39.439068
2023-08-24,39.168167
2023-08-25,39.547436
2023-08-28,39.813824
2023-08-29,39.922188
2023-08-30,40.120857
2023-08-31,40.147938
2023-09-01,40.969681
2023-09-05,41.186409
2023-09-06,41.204472
2023-09-07,41.163822
2023-09-08,41.561161
2023-09-11,41.014832
2023-09-12,41.981060
2023-09-13,41.665005
2023-09-14,42.152626
2023-09-15,41.543095
2023-09-18,41.895142
2023-09-19,41.503979
2023-09-20,41.117371
2023-09-21,40.553375
2023-09-22,40.621597
2023-09-25,41.131012
2023-09-26,40.894501
2023-09-27,41.913334
2023-09-28,41.958817
2023-09-29,41.112831
2023-10-02,40.294106
2023-10-03,40.266815
2023-10-04,39.002365
2023-10-05,38.761311
2023-10-06,38.993275
2023-10-09,40.294106
2023-10-10,40.344139
2023-10-11,39.825619
2023-10-12,39.871117
2023-10-13,40.748951
2023-10-16,41.021847
2023-10-17,41.449402
2023-10-18,41.826916
2023-10-19,41.754147
2023-10-20,41.053692
2023-10-23,40.389629
2023-10-24,39.821079
2023-10-25,39.748306
2023-10-26,39.439014
2023-10-27,38.492950
2023-10-30,38.620308
2023-10-31,38.747662
2023-11-01,38.656689
2023-11-02,39.825619
2023-11-03,39.425377
2023-11-06,38.979630
2023-11-07,38.115437
2023-11-08,37.637859
2023-11-09,37.524147
2023-11-10,37.938053
2023-11-13,38.210953
2023-11-14,38.552082
2023-11-15,38.479305
2023-11-16,37.728828
2023-11-17,38.520245
2023-11-20,38.574825
2023-11-21,38.488403
2023-11-22,38.470203
2023-11-24,38.629406
2023-11-27,38.492950
2023-11-28,38.502048
2023-11-29,38.215500
2023-11-30,38.470203
2023-12-01,38.670341
2023-12-04,38.492950
2023-12-05,37.819790
2023-12-06,37.255795
2023-12-07,37.001083
2023-12-08,37.401348
2023-12-11,37.446827
2023-12-12,36.932854
2023-12-13,37.446827
2023-12-14,38.547531
2023-12-15,38.342850
2023-12-18,38.656036
2023-12-19,39.119835
2023-12-20,38.757057
2023-12-21,38.908588
2023-12-22,39.023399
2023-12-26,39.358620
2023-12-27,39.184116
2023-12-28,38.587151
2023-12-29,38.499901
2024-01-02,38.913185
2024-01-03,39.546894
2024-01-04,38.853489
2024-01-05,38.885635
2024-01-08,38.435608
2024-01-09,37.820278
2024-01-10,37.448318
2024-01-11,37.544754
2024-01-12,37.967216
2024-01-16,37.062588
2024-01-17,36.754913
2024-01-18,36.695217
2024-01-19,36.814610
2024-01-22,36.952381
2024-01-23,37.030434
2024-01-24,37.558525
2024-01-25,38.403473
2024-01-26,38.688175
2024-01-29,38.633076
2024-01-30,39.032581
2024-01-31,38.302444
2024-02-01,38.297855
2024-02-02,38.352959
2024-02-05,38.256523
2024-02-06,38.380508
2024-02-07,38.458576
2024-02-08,38.853489
2024-02-09,38.256523
2024-02-12,38.678993
2024-02-13,38.288666
2024-02-14,38.251926
2024-02-15,39.317287
2024-02-16,39.294334
2024-02-20,38.936150
2024-02-21,39.666286
2024-02-22,39.735168
2024-02-23,39.473423
2024-02-26,39.611191
2024-02-27,39.441277
2024-02-28,39.363209
2024-02-29,39.556076
2024-03-01,40.015285
2024-03-04,39.588219
2024-03-05,39.882111
2024-03-06,40.006100
2024-03-07,40.345909
2024-03-08,40.488270
2024-03-11,40.906147
2024-03-12,40.841850
2024-03-13,41.493931
2024-03-14,41.920998
2024-03-15,42.044979
2024-03-18,42.190338
2024-03-19,42.671776
2024-03-20,42.611591
2024-03-21,42.866196
2024-03-22,42.773613
2024-03-25,43.171722
2024-03-26,42.838421
2024-03-27,43.236526
2024-03-28,43.704075
2024-04-01,44.028114
2024-04-02,44.643803
2024-04-03,44.949326
2024-04-04,44.921539
2024-04-05,45.402988
2024-04-08,45.115974
2024-04-09,45.129864
2024-04-10,45.268734
2024-04-11,45.236332
2024-04-12,44.500298
2024-04-15,44.083672
2024-04-16,43.699451
2024-04-17,43.574459
2024-04-18,43.440212
2024-04-19,43.963310
2024-04-22,44.250320
2024-04-23,44.495670
2024-04-24,44.528069
2024-04-25,44.731758
2024-04-26,44.319759
2024-04-29,44.620655
2024-04-30,43.292076
2024-05-01,42.602333
2024-05-02,42.847679
2024-05-03,42.852310
2024-05-06,43.190239
2024-05-07,43.148571
2024-05-08,43.097656
2024-05-09,43.676304
2024-05-10,43.435585
2024-05-13,43.319855
2024-05-14,43.375404
2024-05-15,43.472618
2024-05-16,43.352257
2024-05-17,43.958679
2024-05-20,43.671673
2024-05-21,43.458733
2024-05-22,42.625484
2024-05-23,42.236629
2024-05-24,42.296806
2024-05-28,42.731953
2024-05-29,41.977394
2024-05-30,42.097752
2024-05-31,43.143944
2024-06-03,42.014435
2024-06-04,41.611691
2024-06-05,41.607059
2024-06-06,41.824627
2024-06-07,41.657978
2024-06-10,41.972759
2024-06-11,41.889442
2024-06-12,41.440403
2024-06-13,41.060814
2024-06-14,40.755291
2024-06-17,40.861759
2024-06-18,41.033035
2024-06-20,41.787594
2024-06-21,41.546886
2024-06-24,42.594475
2024-06-25,42.692467
2024-06-26,42.272495
2024-06-27,42.370491
2024-06-28,42.533817
2024-07-01,42.557140
2024-07-02,42.524479
2024-07-03,42.711136
2024-07-05,42.043842
2024-07-08,41.787201
2024-07-09,41.418552
2024-07-10,41.698536
2024-07-11,42.132507
2024-07-12,42.239830
2024-07-15,42.879128
2024-07-16,43.070446
2024-07-17,43.499748
2024-07-18,43.579079
2024-07-19,43.103111
2024-07-22,42.832466
2024-07-23,42.151176
2024-07-24,42.155838
2024-07-25,42.883793
2024-07-26,43.019112
2024-07-29,42.650478
2024-07-30,43.313091
2024-07-31,43.495083
2024-08-01,42.342495
2024-08-02,41.250561
2024-08-05,40.340626
2024-08-06,40.587944
2024-08-07,40.751270
2024-08-08,41.628544
2024-08-09,41.721863
2024-08-12,41.927189
2024-08-13,41.521217
2024-08-14,41.763870
2024-08-15,42.263161
2024-08-16,42.216499
2024-08-19,42.501144
2024-08-20,41.381226
2024-08-21,41.451221
2024-08-22,41.558540
2024-08-23,42.179176
2024-08-26,42.557140
2024-08-27,42.160507
2024-08-28,41.889854
2024-08-29,42.435818
2024-08-30,42.594475
2024-09-03,41.535217
2024-09-04,40.961254
2024-09-05,40.643944
2024-09-06,40.135311
2024-09-09,40.424622
2024-09-10,39.729336
2024-09-11,39.360687
2024-09-12,39.715336
2024-09-13,39.939316
2024-09-16,40.396622
2024-09-17,40.942585
2024-09-18,41.021915
2024-09-19,41.511879
2024-09-20,41.418552
2024-09-23,41.929977
2024-09-24,41.826466
2024-09-25,41.007820
2024-09-26,40.203278
2024-09-27,41.021935
2024-09-30,41.308933
2024-10-01,42.249905
2024-10-02,42.682762
2024-10-03,43.435539
2024-10-04,43.840172
2024-10-07,43.995426
2024-10-08,42.847431
2024-10-09,43.106201
2024-10-10,43.397903
2024-10-11,43.666080
2024-10-14,43.647263
2024-10-15,42.240501
2024-10-16,42.442810
2024-10-17,42.645119
2024-10-18,42.503975
2024-10-21,42.376945
2024-10-22,42.475739
2024-10-23,42.254616
2024-10-24,42.249905
2024-10-25,42.235790
2024-10-28,41.967613
2024-10-29,41.327747
2024-10-30,41.421852
2024-10-31,41.680618
2024-11-01,41.417141
2024-11-04,42.141693
2024-11-05,42.423988
2024-11-06,44.018944
2024-11-07,43.816635
2024-11-08,44.108341
2024-11-11,44.357697
2024-11-12,44.122452
2024-11-13,44.465912
2024-11-14,44.635288
2024-11-15,44.569420
2024-11-18,45.162235
2024-11-19,44.875233
2024-11-20,45.326904
2024-11-21,45.693890
2024-11-22,45.764465
2024-11-25,44.861122
2024-11-26,44.799957
2024-11-27,44.752903
2024-11-29,44.945808
2024-12-02,44.470612
2024-12-03,44.465912
2024-12-04,43.393200
2024-12-05,43.562569
2024-12-06,42.823906
2024-12-09,42.753334
2024-12-10,42.461632
2024-12-11,42.532207
2024-12-12,42.188744
2024-12-13,41.977028
2024-12-16,41.054871
2024-12-17,40.749050
2024-12-18,39.544594
2024-12-19,39.201141
2024-12-20,39.586945
2024-12-23,39.819412
2024-12-24,40.156269
2024-12-26,40.123047
2024-12-27,40.118305
2024-12-30,40.113567
2024-12-31,40.640194
2025-01-02,41.114632
2025-01-03,41.498924
2025-01-06,41.309147
2025-01-07,41.721905
2025-01-08,41.764603
2025-01-10,41.935402
2025-01-13,42.817856
2025-01-14,43.278053
2025-01-15,43.918537
2025-01-16,44.236416
2025-01-17,44.578011
2025-01-21,44.350281
2025-01-22,43.543736
2025-01-23,43.742996
2025-01-24,43.320747
2025-01-27,42.870037
2025-01-28,42.462029
2025-01-29,42.556911
2025-01-30,42.775154
2025-01-31,41.579575
2025-02-03,41.840515
2025-02-04,42.718220
2025-02-05,42.808365
2025-02-06,42.020794
2025-02-07,42.016056
2025-02-10,42.941208
2025-02-11,43.287544
2025-02-12,42.243786
2025-02-13,42.561657
2025-02-14,42.732456
2025-02-18,43.316006
2025-02-19,43.657600
2025-02-20,44.056129
2025-02-21,43.140465
2025-02-24,43.149956
2025-02-25,42.528439
2025-02-26,42.286480
2025-02-27,42.514214
2025-02-28,43.173679
2025-03-03,41.664978
2025-03-04,41.261703
2025-03-05,40.659164
2025-03-06,40.782520
2025-03-07,41.479942
2025-03-10,41.788330
2025-03-11,41.456219
2025-03-12,41.645996
2025-03-13,41.361332
2025-03-14,42.585381
2025-03-17,43.263821
2025-03-18,43.334984
2025-03-19,44.041897
2025-03-20,44.203205
2025-03-21,43.894817
2025-03-24,44.394951
2025-03-25,44.576649
2025-03-26,44.839619
2025-03-27,44.404518
2025-03-28,44.194141
2025-03-31,44.681835
2025-04-01,44.944813
2025-04-02,45.006966
2025-04-03,41.473537
2025-04-04,37.658016
2025-04-07,37.414165
2025-04-08,36.548733
2025-04-09,39.379303
2025-04-10,36.806934
2025-04-11,37.720173
2025-04-14,37.854050
2025-04-15,37.796677
2025-04-16,38.107468
2025-04-17,38.968105
2025-04-21,37.949677
2025-04-22,38.915508
2025-04-23,38.843792
2025-04-24,39.465366
2025-04-25,39.393646
2025-04-28,39.670971
2025-04-29,39.556217
2025-04-30,38.489971
2025-05-01,38.633415
2025-05-02,39.197613
2025-05-05,38.489971
2025-05-06,38.499531
2025-05-07,38.513878
2025-05-08,39.020702
2025-05-09,39.412773
2025-05-12,40.440765
2025-05-13,41.009750
2025-05-14,40.761120
2025-05-15,40.933250
2025-05-16,40.871090
2025-05-19,40.340359
2025-05-20,39.967407
2025-05-21,39.231083
2025-05-22,39.078083
2025-05-23,39.202389
2025-05-27,39.541870
2025-05-28,39.039825
2025-05-29,39.331490
2025-05-30,38.982452
2025-06-02,39.494061
2025-06-03,39.962631
2025-06-04,39.183266
2025-06-05,39.145020
2025-06-06,39.881351
2025-06-09,39.957848
2025-06-10,40.670269
2025-06-11,41.258381
2025-06-12,41.401817
2025-06-13,42.123802
2025-06-16,41.999489
2025-06-17,42.391567
2025-06-18,42.114246
2025-06-20,42.544567
2025-06-23,41.468685
2025-06-24,40.928818
2025-06-25,40.750469
2025-06-26,41.333717
2025-06-27,41.116806
2025-06-30,40.880615
2025-07-01,41.193924
2025-07-02,41.902504
2025-07-03,41.950710
2025-07-07,41.545811
2025-07-08,42.664108
2025-07-09,42.447197
2025-07-10,42.770153
2025-07-11,42.962959
2025-07-14,42.490582
2025-07-15,41.878407
2025-07-16,41.516884
2025-07-17,41.772362
2025-07-18,41.434940
2025-07-21,41.005936
2025-07-22,41.198750
2025-07-23,41.844666
2025-07-24,42.143520
2025-07-25,41.984447
2025-07-28,42.461658
2025-07-29,42.876198
2025-07-30,42.264027
2025-07-31,42.037472
2025-08-01,41.256592
2025-08-04,41.165009
2025-08-05,41.218033
2025-08-06,40.837231
2025-08-07,40.678162
2025-08-08,40.938457
2025-08-11,40.610680
2025-08-12,40.808311
2025-08-13,41.280693
2025-08-14,41.242138
2025-08-15,41.242138
2025-08-18,40.996304
2025-08-19,41.010761
2025-08-20,41.353001
2025-08-21,41.637394
2025-08-22,42.485752
2025-08-25,42.596626
2025-08-26,42.529144
2025-08-27,43.006348
2025-08-28,43.334122
2025-08-29,43.570316
2025-09-02,43.632980
2025-09-03,42.654469
2025-09-04,42.938862
2025-09-05,42.109776
2025-09-08,42.013378
2025-09-09,42.215824
2025-09-10,42.953327
2025-09-11,42.962959
2025-09-12,42.707493
2025-09-15,42.562881
2025-09-16,43.276279
2025-09-17,43.377510
2025-09-18,43.242538
2025-09-19,42.668926
2025-09-22,42.619827
2025-09-23,43.353901
2025-09-24,43.917820
2025-09-25,44.311596
2025-09-26,44.719952
2025-09-29,43.898373
2025-09-30,43.431679
2025-10-01,43.431679
2025-10-02,42.994160
2025-10-03,43.222641
2025-10-06,43.436543
2025-10-07,43.504601
2025-10-08,43.251808
2025-10-09,42.663582
2025-10-10,41.428787
2025-10-13,41.992706
2025-10-14,41.987846
2025-10-15,41.963543
2025-10-16,41.457958
2025-10-17,41.798252
2025-10-20,42.240635
2025-10-21,42.143414
2025-10-22,42.683029
2025-10-23,43.251808
2025-10-24,42.814285
2025-10-27,42.916374
2025-10-28,42.469124
2025-10-29,42.785114
2025-10-30,42.532318
2025-10-31,42.843449
2025-11-03,42.848312
2025-11-04,42.386486
2025-11-05,42.498291
2025-11-06,42.911507
2025-11-07,43.528908
2025-11-10,43.922680
2025-11-11,44.496326
2025-11-12,43.874069
2025-11-13,43.985878
2025-11-14,44.734535
2025-11-17,43.917820
2025-11-18,44.267838
2025-11-19,43.694199
2025-11-20,43.198334
2025-11-21,43.470570
2025-11-24,43.349033
2025-11-25,43.076797
2025-11-26,43.402512
2025-11-28,43.971291
2025-12-01,44.394234
2025-12-02,43.820591
2025-12-03,44.642170
2025-12-04,44.831760
2025-12-05,44.647026
2025-12-08,44.160885
2025-12-09,44.433128
2025-12-10,44.899822
2025-12-11,44.685917
2025-12-12,44.248394
2025-12-15,43.937263
2025-12-16,42.595520
2025-12-17,43.538631
2025-12-18,42.906651
2025-12-19,42.906651
2025-12-22,43.350845
2025-12-23,43.635212
2025-12-24,43.507736
2025-12-26,43.341045
2025-12-29,43.752876
2025-12-30,44.086269
2025-12-31,43.841129
2026-01-02,44.762863
2026-01-05,45.978764
2026-01-06,44.753056
2026-01-07,44.252968
2026-01-08,45.645374
2026-01-09,45.763039
2026-01-12,45.439449
2026-01-13,46.086628
2026-01-14,47.126030
2026-01-15,46.684776
2026-01-16,46.763218
2026-01-20,46.674961
2026-01-21,47.802620
2026-01-22,47.959507
2026-01-23,48.234066
2026-01-26,48.263489
2026-01-27,48.704739
2026-01-28,49.077354
2026-01-29,49.528416
2026-01-30,50.057919
2026-02-02,49.077354
2026-02-03,50.665871
2026-02-04,51.803333
2026-02-05,51.195381
2026-02-06,52.215168
2026-02-09,52.597584
2026-02-10,52.538754
2026-02-11,53.911549
2026-02-12,52.930981
2026-02-13,53.293793
2026-02-17,52.705448
2026-02-18,53.715435
2026-02-19,54.107662
2026-02-20,53.813496
2026-02-23,54.078247
2026-02-24,54.029213
2026-02-25,53.803680
2026-02-26,53.980186
2026-02-27,54.833279
2026-03-02,55.931515
2026-03-03,55.421619
2026-03-04,55.098034
2026-03-05,55.382393
2026-03-06,55.470646
2026-03-09,55.225506
2026-03-10,54.519493
2026-03-11,55.872681
2026-03-12,56.392380
2026-03-13,56.578690
2026-03-16,56.774807
2026-03-17,57.372948
2026-03-18,57.294502
2026-03-19,58.206432
2026-03-20,58.157402
2026-03-23,58.853218
2026-03-24,60.047455
2026-03-25,59.780972
2026-03-26,60.718594
2026-03-27,61.745052
2026-03-30,61.152863
2026-03-31,60.461979
2026-04-01,58.201813
2026-04-02,58.478168
2026-04-06,58.902565
2026-04-07,59.376312
2026-04-08,57.293797
2026-04-09,56.583179
2026-04-10,56.198257
2026-04-13,56.366047
2026-04-14,55.221153
2026-04-15,55.033630
2026-04-16,55.842949
2026-04-17,54.303272
2026-04-20,54.352615
2026-04-21,55.142197
2026-04-22,55.803467
2026-04-23,56.237736
2026-04-24,56.129169
2026-04-27,56.030472
2026-04-28,56.958225
2026-04-29,58.261028
2026-04-30,58.872955
2026-05-01,58.083374
2026-05-04,58.616344
2026-05-05,58.675564
2026-05-06,56.257477
2026-05-07,55.221153
2026-05-08,54.974415
2026-05-11,56.425262
2026-05-12,56.820053
2026-05-13,56.879272
2026-05-14,57.313538
2026-05-15,58.665688
2026-05-18,59.790844
2026-05-19,60.491592
2026-05-20,59.021004
2026-05-21,58.359734
2026-05-22,58.715042
2026-05-26,57.096401
2026-05-27,56.247608
2026-05-28,56.208126
2026-05-29,55.556728
2026-06-01,56.553566
2026-06-02,57.204971
2026-06-03,57.945198
2026-06-04,57.984680
2026-06-05,56.918747
2026-06-08,57.570152
2026-06-09,56.642395
2026-06-10,57.491196
2026-06-11,56.375912
2026-06-12,56.800312
2026-06-15,54.826366
2026-06-16,54.638840
2026-06-17,53.957829
2026-06-18,53.069553
2026-06-22,53.740566
2026-06-23,54.138199
2026-06-24,53.253460
2026-06-25,53.770386
2026-06-26,53.521866
2026-06-29,53.263401
2026-06-30,52.796177
2026-07-01,52.497952
2026-07-02,52.905529
2026-07-06,52.816059
2026-07-07,54.317135
2026-07-08,55.271461
2026-07-09,54.496075
2026-07-10,54.754539
2026-07-13,56.404732
2026-07-14,56.613487
2026-07-15,56.166145
2026-07-16,56.683075
2026-07-17,57.339176
2026-07-20,57.597637
2026-07-21,58.154327
2026-07-22,58.850193
2026-07-23,59.029129
2026-07-24,59.267712
2026-07-27,58.015156
2026-07-28,57.229824
2026-07-29,58.303444
2026-07-30,58.611610
2026-07-31,59.198124
2026-08-03,58.442616
2026-08-04,58.174210
2026-08-05,56.971363
2026-08-06,57.816338
2026-08-07,57.160236
2026-08-10,59.824402
2026-08-11,60.569969
2026-08-12,60.669376
2026-08-13,60.699203
2026-08-14,61.544178
2026-08-17,62.210224
2026-08-18,63.303722
2026-08-19,63.204315
2026-08-20,63.373306
2026-08-21,63.263958
2026-08-24,62.737091
2026-08-25,61.693295
2026-08-26,62.061108
2026-08-27,61.921936
2026-08-28,62.309631
2026-08-31,63.582066
2026-09-01,64.387276
2026-09-02,64.715332
2026-09-03,64.238167
2026-09-04,63.681473
2026-09-08,64.387276
2026-09-09,64.924088
2026-09-10,64.546333
2026-09-11,64.755096
2026-09-14,64.148697
2026-09-15,65.540428
2026-09-16,63.651653
2026-09-17,64.098999
2026-09-18,63.929996
2026-09-21,62.459999
2026-09-22,61.779999
2026-09-23,62.369999
2026-09-24,62.599998
2026-09-25,62.040001
