date,adj_close
1998-12-22,11.085251
1998-12-23,11.248712
1998-12-24,11.323006
1998-12-28,11.174409
1998-12-29,11.293288
1998-12-30,11.248712
1998-12-31,11.144690
1999-01-04,11.144690
1999-01-05,11.248712
1999-01-06,11.605342
1999-01-07,11.783656
1999-01-08,11.857953
1999-01-11,11.679634
1999-01-12,11.352723
1999-01-13,11.204128
1999-01-14,10.921799
1999-01-15,11.233850
1999-01-19,11.174409
1999-01-20,11.256137
1999-01-21,11.055535
1999-01-22,10.981236
1999-01-25,11.070395
1999-01-26,11.077818
1999-01-27,10.936652
1999-01-28,11.100114
1999-01-29,11.337865
1999-02-01,11.144690
1999-02-02,11.025810
1999-02-03,11.107538
1999-02-04,10.847498
1999-02-05,10.758341
1999-02-08,10.728622
1999-02-09,10.580028
1999-02-10,10.669182
1999-02-11,11.100114
1999-02-12,10.936652
1999-02-16,11.100114
1999-02-17,11.144690
1999-02-18,11.256137
1999-02-19,11.293288
1999-02-22,11.620198
1999-02-23,11.768795
1999-02-24,11.382445
1999-02-25,11.308143
1999-02-26,11.516183
1999-03-01,11.560757
1999-03-02,11.590479
1999-03-03,11.479032
1999-03-04,11.739073
1999-03-05,12.036263
1999-03-08,11.954536
1999-03-09,12.051121
1999-03-10,12.274019
1999-03-11,12.333456
1999-03-12,12.355742
1999-03-15,12.392900
1999-03-16,12.214584
1999-03-17,12.110564
1999-03-18,12.392900
1999-03-19,12.157611
1999-03-22,12.187410
1999-03-23,11.770231
1999-03-24,11.740436
1999-03-25,12.008627
1999-03-26,11.904330
1999-03-29,12.172503
1999-03-30,12.030974
1999-03-31,11.889431
1999-04-01,11.919226
1999-04-05,12.157611
1999-04-06,12.068215
1999-04-07,12.395998
1999-04-08,12.619482
1999-04-09,12.589681
1999-04-12,12.813167
1999-04-13,12.798271
1999-04-14,12.634378
1999-04-15,12.515185
1999-04-16,12.455595
1999-04-19,12.455595
1999-04-20,12.619482
1999-04-21,12.813167
1999-04-22,12.947257
1999-04-23,12.902561
1999-04-26,12.708872
1999-04-27,12.932364
1999-04-28,12.857866
1999-04-29,12.902561
1999-04-30,12.723772
1999-05-03,12.872760
1999-05-04,12.470490
1999-05-05,12.544991
1999-05-06,12.336398
1999-05-07,12.574786
1999-05-10,12.530083
1999-05-11,12.679076
1999-05-12,12.857866
1999-05-13,12.977060
1999-05-14,12.574786
1999-05-17,12.336398
1999-05-18,12.366195
1999-05-19,12.455595
1999-05-20,12.291704
1999-05-21,12.261903
1999-05-24,11.993722
1999-05-25,11.680847
1999-05-26,12.060768
1999-05-27,11.770231
1999-05-28,11.956468
1999-06-01,11.785134
1999-06-02,11.710639
1999-06-03,11.703193
1999-06-04,11.919226
1999-06-07,12.142711
1999-06-08,11.926677
1999-06-09,11.896878
1999-06-10,11.673396
1999-06-11,11.695745
1999-06-14,11.636147
1999-06-15,11.695745
1999-06-16,12.001173
1999-06-17,12.232108
1999-06-18,12.251108
1999-06-21,12.325815
1999-06-22,12.191343
1999-06-23,12.071831
1999-06-24,11.877599
1999-06-25,11.907484
1999-06-28,12.183877
1999-06-29,12.221232
1999-06-30,12.475223
1999-07-01,12.609685
1999-07-02,12.609685
1999-07-06,12.714258
1999-07-07,12.669439
1999-07-08,12.624621
1999-07-09,12.639560
1999-07-12,12.534976
1999-07-13,12.400514
1999-07-14,12.430396
1999-07-15,12.542448
1999-07-16,12.609685
1999-07-19,12.520034
1999-07-20,12.363164
1999-07-21,12.221232
1999-07-22,12.236161
1999-07-23,12.101702
1999-07-26,12.146526
1999-07-27,12.310884
1999-07-28,12.161464
1999-07-29,11.982183
1999-07-30,11.713261
1999-08-02,11.653496
1999-08-03,11.504093
1999-08-04,11.354685
1999-08-05,11.399509
1999-08-06,11.100711
1999-08-09,11.130581
1999-08-10,10.936357
1999-08-11,11.145526
1999-08-12,11.197817
1999-08-13,11.563855
1999-08-16,11.519033
1999-08-17,11.937370
1999-08-18,11.810369
1999-08-19,11.653496
1999-08-20,11.817837
1999-08-23,12.131588
1999-08-24,12.161464
1999-08-25,12.064359
1999-08-26,11.787956
1999-08-27,11.593736
1999-08-30,11.212754
1999-08-31,11.197817
1999-09-01,11.250100
1999-09-02,11.033468
1999-09-03,11.593736
1999-09-07,11.279986
1999-09-08,11.205281
1999-09-09,11.070821
1999-09-10,11.152994
1999-09-13,11.048409
1999-09-14,10.846717
1999-09-15,10.794428
1999-09-16,10.757074
1999-09-17,10.987926
1999-09-20,10.860500
1999-09-21,10.688122
1999-09-22,10.680619
1999-09-23,10.598175
1999-09-24,10.673125
1999-09-27,10.493246
1999-09-28,10.478251
1999-09-29,10.403300
1999-09-30,10.613168
1999-10-01,10.433280
1999-10-04,10.830525
1999-10-05,10.875493
1999-10-06,11.062872
1999-10-07,10.957942
1999-10-08,11.152819
1999-10-11,11.032893
1999-10-12,10.823028
1999-10-13,10.500738
1999-10-14,10.485747
1999-10-15,10.013553
1999-10-18,10.335848
1999-10-19,10.553200
1999-10-20,10.740582
1999-10-21,10.793045
1999-10-22,11.242759
1999-10-25,11.145325
1999-10-26,10.972933
1999-10-27,11.512588
1999-10-28,12.329559
1999-10-29,12.262101
1999-11-01,12.112206
1999-11-02,12.097207
1999-11-03,12.044747
1999-11-04,12.187149
1999-11-05,12.486955
1999-11-08,12.419502
1999-11-09,12.179659
1999-11-10,11.992280
1999-11-11,11.924819
1999-11-12,12.441984
1999-11-15,12.434494
1999-11-16,12.771772
1999-11-17,12.501950
1999-11-18,12.464476
1999-11-19,12.277099
1999-11-22,12.232121
1999-11-23,12.037243
1999-11-24,11.894839
1999-11-26,11.812390
1999-11-29,11.527578
1999-11-30,11.722453
1999-12-01,11.632511
1999-12-02,11.684977
1999-12-03,11.962301
1999-12-06,11.640006
1999-12-07,11.617523
1999-12-08,11.340201
1999-12-09,11.505090
1999-12-10,11.707464
1999-12-13,11.572549
1999-12-14,11.295227
1999-12-15,11.265245
1999-12-16,11.017905
1999-12-17,11.103479
1999-12-20,11.013210
1999-12-21,11.223843
1999-12-22,11.223843
1999-12-23,11.404388
1999-12-27,11.314119
1999-12-28,11.268982
1999-12-29,11.381826
1999-12-30,11.434482
1999-12-31,11.442000
2000-01-03,11.013210
2000-01-04,10.531760
2000-01-05,10.449008
2000-01-06,10.907893
2000-01-07,11.088440
2000-01-10,10.892847
2000-01-11,10.712300
2000-01-12,10.922942
2000-01-13,11.253939
2000-01-14,11.517232
2000-01-18,11.133573
2000-01-19,11.095959
2000-01-20,10.892847
2000-01-21,10.757444
2000-01-24,10.561852
2000-01-25,10.674695
2000-01-26,11.073389
2000-01-27,11.193759
2000-01-28,10.802576
2000-01-31,11.103479
2000-02-01,11.163665
2000-02-02,11.050826
2000-02-03,10.983118
2000-02-04,10.870277
2000-02-07,10.757444
2000-02-08,10.877802
2000-02-09,10.622032
2000-02-10,10.328649
2000-02-11,10.351213
2000-02-14,10.441486
2000-02-15,10.456532
2000-02-16,10.238375
2000-02-17,10.110489
2000-02-18,9.749398
2000-02-22,9.839674
2000-02-23,9.802056
2000-02-24,9.598946
2000-02-25,9.538763
2000-02-28,9.847197
2000-02-29,9.914898
2000-03-01,10.050309
2000-03-02,9.990125
2000-03-03,10.080398
2000-03-06,9.982604
2000-03-07,9.681700
2000-03-08,9.568852
2000-03-09,9.621512
2000-03-10,9.651605
2000-03-13,9.749398
2000-03-14,9.711787
2000-03-15,10.306079
2000-03-16,11.193759
2000-03-17,11.197079
2000-03-20,10.985671
2000-03-21,11.385833
2000-03-22,11.483988
2000-03-23,11.884158
2000-03-24,12.020052
2000-03-27,11.627443
2000-03-28,11.718048
2000-03-29,11.627443
2000-03-30,11.650096
2000-03-31,11.725596
2000-04-03,12.291864
2000-04-04,11.801098
2000-04-05,11.710494
2000-04-06,11.838852
2000-04-07,11.597240
2000-04-10,11.929451
2000-04-11,12.080463
2000-04-12,12.133308
2000-04-13,11.816199
2000-04-14,10.857311
2000-04-17,10.947917
2000-04-18,11.385833
2000-04-19,11.234826
2000-04-20,11.446240
2000-04-24,11.718048
2000-04-25,12.080463
2000-04-26,11.838852
2000-04-27,11.597240
2000-04-28,11.838852
2000-05-01,11.574597
2000-05-02,11.461337
2000-05-03,11.257482
2000-05-04,11.083823
2000-05-05,11.159328
2000-05-08,11.378279
2000-05-09,11.348083
2000-05-10,11.046066
2000-05-11,11.378279
2000-05-12,11.506639
2000-05-15,12.020052
2000-05-16,11.952106
2000-05-17,11.748248
2000-05-18,11.899253
2000-05-19,11.687842
2000-05-22,11.838852
2000-05-23,11.914359
2000-05-24,12.065364
2000-05-25,11.763349
2000-05-26,11.718048
2000-05-30,11.959659
2000-05-31,12.103115
2000-06-01,12.503269
2000-06-02,13.016696
2000-06-05,12.722233
2000-06-06,12.442871
2000-06-07,12.624077
2000-06-08,12.412675
2000-06-09,12.201266
2000-06-12,12.306972
2000-06-13,12.291864
2000-06-14,12.503269
2000-06-15,12.208815
2000-06-16,11.637312
2000-06-19,11.940370
2000-06-20,11.788843
2000-06-21,11.697926
2000-06-22,11.690352
2000-06-23,11.607010
2000-06-26,11.788843
2000-06-27,11.902485
2000-06-28,11.811569
2000-06-29,11.803997
2000-06-30,11.516092
2000-07-03,11.728230
2000-07-05,11.857032
2000-07-06,11.947945
2000-07-07,12.152511
2000-07-10,12.182806
2000-07-11,12.243430
2000-07-12,12.417682
2000-07-13,12.296466
2000-07-14,12.501018
2000-07-17,12.266150
2000-07-18,12.288880
2000-07-19,12.243430
2000-07-20,12.554052
2000-07-21,12.516166
2000-07-24,12.591938
2000-07-25,12.614673
2000-07-26,12.554052
2000-07-27,12.591938
2000-07-28,12.319184
2000-07-31,12.531320
2000-08-01,12.614673
2000-08-02,12.599513
2000-08-03,12.932874
2000-08-04,13.432913
2000-08-07,13.470797
2000-08-08,13.470797
2000-08-09,13.379881
2000-08-10,13.304114
2000-08-11,13.508678
2000-08-14,13.682929
2000-08-15,13.432913
2000-08-16,13.273812
2000-08-17,13.448066
2000-08-18,13.349575
2000-08-21,13.455647
2000-08-22,13.599601
2000-08-23,13.425341
2000-08-24,13.402608
2000-08-25,13.220777
2000-08-28,13.470797
2000-08-29,13.334429
2000-08-30,13.455647
2000-08-31,13.804156
2000-09-01,13.576868
2000-09-05,13.743544
2000-09-06,13.849610
2000-09-07,13.735969
2000-09-08,14.046592
2000-09-11,14.326925
2000-09-12,14.304195
2000-09-13,14.213284
2000-09-14,14.160239
2000-09-15,13.929465
2000-09-18,13.465917
2000-09-19,13.754691
2000-09-20,13.557103
2000-09-21,13.405122
2000-09-22,13.663496
2000-09-25,13.883885
2000-09-26,13.792689
2000-09-27,13.800288
2000-09-28,14.149842
2000-09-29,14.104259
2000-10-02,14.301840
2000-10-03,14.286641
2000-10-04,14.104259
2000-10-05,14.241043
2000-10-06,13.648295
2000-10-09,13.435520
2000-10-10,13.047955
2000-10-11,13.070753
2000-10-12,12.310824
2000-10-13,12.949170
2000-10-16,13.063154
2000-10-17,12.705986
2000-10-18,12.561602
2000-10-19,13.154347
2000-10-20,13.207538
2000-10-23,12.987164
2000-10-24,13.313931
2000-10-25,13.389923
2000-10-26,12.956766
2000-10-27,13.382333
2000-10-30,13.868680
2000-10-31,13.982671
2000-11-01,13.921875
2000-11-02,13.990274
2000-11-03,13.952270
2000-11-06,14.142251
2000-11-07,14.096656
2000-11-08,13.845880
2000-11-09,13.944669
2000-11-10,13.792689
2000-11-13,13.465917
2000-11-14,13.541911
2000-11-15,13.435520
2000-11-16,13.389923
2000-11-17,13.283525
2000-11-20,12.888371
2000-11-21,12.918768
2000-11-22,12.607194
2000-11-24,12.698392
2000-11-27,12.873173
2000-11-28,13.009955
2000-11-29,13.329124
2000-11-30,13.268332
2000-12-01,13.192346
2000-12-04,13.131548
2000-12-05,13.678692
2000-12-06,13.617903
2000-12-07,13.648295
2000-12-08,14.043461
2000-12-11,14.157447
2000-12-12,13.990274
2000-12-13,13.997868
2000-12-14,13.595102
2000-12-15,13.538598
2000-12-18,13.935232
2000-12-19,13.782674
2000-12-20,13.653012
2000-12-21,13.973357
2000-12-22,14.087768
2000-12-26,14.339481
2000-12-27,14.430998
2000-12-28,14.575926
2000-12-29,14.400490
2001-01-02,13.996237
2001-01-03,14.751357
2001-01-04,14.492019
2001-01-05,14.186927
2001-01-08,14.042016
2001-01-09,13.805556
2001-01-10,14.034381
2001-01-11,14.064896
2001-01-12,13.797940
2001-01-16,14.042016
2001-01-17,14.064896
2001-01-18,13.858951
2001-01-19,13.759792
2001-01-22,14.003868
2001-01-23,14.141156
2001-01-24,14.225062
2001-01-25,14.354733
2001-01-26,14.408120
2001-01-29,14.420026
2001-01-30,14.546943
2001-01-31,14.366326
2001-02-01,14.385847
2001-02-02,14.424906
2001-02-05,14.522542
2001-02-06,14.239404
2001-02-07,14.205242
2001-02-08,14.166183
2001-02-09,14.224756
2001-02-12,14.424906
2001-02-13,14.341912
2001-02-14,14.175945
2001-02-15,14.175945
2001-02-16,14.180826
2001-02-20,13.658506
2001-02-21,13.253338
2001-02-22,13.346081
2001-02-23,13.282629
2001-02-26,13.575517
2001-02-27,13.721966
2001-02-28,13.399781
2001-03-01,13.414426
2001-03-02,13.433957
2001-03-05,13.365616
2001-03-06,13.404661
2001-03-07,13.687796
2001-03-08,13.741488
2001-03-09,13.424195
2001-03-12,12.765176
2001-03-13,13.106890
2001-03-14,12.501581
2001-03-15,12.877464
2001-03-16,12.709476
2001-03-19,12.856406
2001-03-20,12.498871
2001-03-21,12.136436
2001-03-22,11.822989
2001-03-23,12.322549
2001-03-26,12.518458
2001-03-27,12.871092
2001-03-28,12.802524
2001-03-29,12.773143
2001-03-30,12.998430
2001-04-02,13.057204
2001-04-03,12.616411
2001-04-04,12.307856
2001-04-05,12.758444
2001-04-06,12.474385
2001-04-09,12.469482
2001-04-10,12.831910
2001-04-11,12.939662
2001-04-12,13.037610
2001-04-16,12.944557
2001-04-17,13.052306
2001-04-18,13.600851
2001-04-19,13.674309
2001-04-20,13.439220
2001-04-23,13.272702
2001-04-24,13.204133
2001-04-25,13.346172
2001-04-26,13.400042
2001-04-27,13.689004
2001-04-30,13.468616
2001-05-01,13.581254
2001-05-02,13.689004
2001-05-03,13.693899
2001-05-04,13.860425
2001-05-07,13.772259
2001-05-08,13.630236
2001-05-09,13.615537
2001-05-10,13.620432
2001-05-11,13.493093
2001-05-14,13.605743
2001-05-15,13.689004
2001-05-16,14.056332
2001-05-17,13.982864
2001-05-18,13.904505
2001-05-21,14.100410
2001-05-22,14.242443
2001-05-23,14.183672
2001-05-24,14.237545
2001-05-25,14.046535
2001-05-29,14.056332
2001-05-30,13.938784
2001-05-31,14.061224
2001-06-01,14.036729
2001-06-04,14.149383
2001-06-05,14.213052
2001-06-06,14.105301
2001-06-07,14.012254
2001-06-08,13.928989
2001-06-11,13.796753
2001-06-12,13.840827
2001-06-13,13.728184
2001-06-14,13.488199
2001-06-15,13.557509
2001-06-18,13.591922
2001-06-19,13.714812
2001-06-20,13.788553
2001-06-21,14.344019
2001-06-22,14.157221
2001-06-25,14.044166
2001-06-26,13.867199
2001-06-27,13.872117
2001-06-28,14.054002
2001-06-29,13.960604
2001-07-02,14.132647
2001-07-03,14.122819
2001-07-05,14.034333
2001-07-06,13.749219
2001-07-09,13.793462
2001-07-10,13.459201
2001-07-11,13.434613
2001-07-12,13.670565
2001-07-13,13.832793
2001-07-16,13.636166
2001-07-17,13.916355
2001-07-18,13.837701
2001-07-19,13.744308
2001-07-20,13.680403
2001-07-23,13.606671
2001-07-24,13.429701
2001-07-25,13.532926
2001-07-26,13.641075
2001-07-27,13.719733
2001-07-30,13.675487
2001-07-31,13.827866
2001-08-01,13.886866
2001-08-02,13.867199
2001-08-03,13.926189
2001-08-06,13.724640
2001-08-07,13.872117
2001-08-08,13.591922
2001-08-09,13.655826
2001-08-10,13.665656
2001-08-13,13.650914
2001-08-14,13.655826
2001-08-15,13.601753
2001-08-16,13.562430
2001-08-17,13.360888
2001-08-20,13.493604
2001-08-21,13.326479
2001-08-22,13.385457
2001-08-23,13.390380
2001-08-24,13.424787
2001-08-27,13.292060
2001-08-28,13.080688
2001-08-29,12.962716
2001-08-30,12.874229
2001-08-31,12.913553
2001-09-04,12.859488
2001-09-05,12.780828
2001-09-06,12.485888
2001-09-07,12.240104
2001-09-10,12.264686
2001-09-17,11.723961
2001-09-18,11.576485
2001-09-19,11.492914
2001-09-20,10.986595
2001-09-21,10.813291
2001-09-24,11.376175
2001-09-25,11.558862
2001-09-26,11.672428
2001-09-27,11.864993
2001-09-28,12.185938
2001-10-01,12.151373
2001-10-02,12.319253
2001-10-03,12.516754
2001-10-04,12.418002
2001-10-05,12.077310
2001-10-08,11.805744
2001-10-09,11.904499
2001-10-10,12.092118
2001-10-11,12.284689
2001-10-12,12.092118
2001-10-15,12.146435
2001-10-16,12.343939
2001-10-17,12.220497
2001-10-18,12.205689
2001-10-19,12.008185
2001-10-22,12.299496
2001-10-23,12.329124
2001-10-24,12.284689
2001-10-25,12.447622
2001-10-26,12.590816
2001-10-29,12.146435
2001-10-30,12.121746
2001-10-31,12.013119
2001-11-01,12.210623
2001-11-02,12.274810
2001-11-05,12.541437
2001-11-06,12.694503
2001-11-07,12.743882
2001-11-08,12.783381
2001-11-09,12.699445
2001-11-12,12.640188
2001-11-13,12.980879
2001-11-14,12.956196
2001-11-15,12.877194
2001-11-16,12.813012
2001-11-19,13.074698
2001-11-20,13.000637
2001-11-21,12.887075
2001-11-23,13.084571
2001-11-26,13.153695
2001-11-27,13.183325
2001-11-28,12.788321
2001-11-29,12.926574
2001-11-30,12.793259
2001-12-03,12.615504
2001-12-04,12.788321
2001-12-05,12.966068
2001-12-06,13.133950
2001-12-07,13.045074
2001-12-10,12.837692
2001-12-11,12.911758
2001-12-12,12.862383
2001-12-13,12.659943
2001-12-14,12.590816
2001-12-17,12.763630
2001-12-18,12.882132
2001-12-19,13.133950
2001-12-20,13.079639
2001-12-21,12.987886
2001-12-24,12.977972
2001-12-26,13.037478
2001-12-27,13.027561
2001-12-28,13.166417
2001-12-31,13.042439
2002-01-02,13.027561
2002-01-03,13.116831
2002-01-04,13.290400
2002-01-07,13.255676
2002-01-08,13.072200
2002-01-09,13.141624
2002-01-10,13.092039
2002-01-11,13.017654
2002-01-14,12.918464
2002-01-15,13.201132
2002-01-16,13.037478
2002-01-17,13.161461
2002-01-18,13.111869
2002-01-22,13.067239
2002-01-23,13.126748
2002-01-24,13.141624
2002-01-25,13.225931
2002-01-28,13.092039
2002-01-29,12.521742
2002-01-30,12.680430
2002-01-31,12.893666
2002-02-01,12.734979
2002-02-04,12.273786
2002-02-05,12.273786
2002-02-06,12.100215
2002-02-07,12.214269
2002-02-08,12.536613
2002-02-11,12.645713
2002-02-12,12.501898
2002-02-13,12.754822
2002-02-14,12.730016
2002-02-15,12.531659
2002-02-19,12.189475
2002-02-20,12.417596
2002-02-21,12.273786
2002-02-22,12.199397
2002-02-25,12.511817
2002-02-26,12.501898
2002-02-27,12.630838
2002-02-28,12.670507
2002-03-01,12.844078
2002-03-04,13.280480
2002-03-05,13.290400
2002-03-06,13.513559
2002-03-07,13.394535
2002-03-08,13.454052
2002-03-11,13.533393
2002-03-12,13.538348
2002-03-13,13.414375
2002-03-14,13.449093
2002-03-15,13.732693
2002-03-18,13.702847
2002-03-19,13.697860
2002-03-20,13.483915
2002-03-21,13.488894
2002-03-22,13.483915
2002-03-25,13.269967
2002-03-26,13.434165
2002-03-27,13.608303
2002-03-28,13.508789
2002-04-01,13.483915
2002-04-02,13.533673
2002-04-03,13.334645
2002-04-04,13.454069
2002-04-05,13.518747
2002-04-08,13.558554
2002-04-09,13.643137
2002-04-10,13.692890
2002-04-11,13.354558
2002-04-12,13.523724
2002-04-15,13.349577
2002-04-16,13.623237
2002-04-17,13.658065
2002-04-18,13.658065
2002-04-19,13.633194
2002-04-22,13.449095
2002-04-23,13.384399
2002-04-24,13.299820
2002-04-25,13.175430
2002-04-26,13.125673
2002-04-29,13.011230
2002-04-30,13.165477
2002-05-01,13.255040
2002-05-02,13.384399
2002-05-03,13.319722
2002-05-06,13.011230
2002-05-07,12.951526
2002-05-08,13.334645
2002-05-09,13.175430
2002-05-10,13.006261
2002-05-13,13.240112
2002-05-14,13.444117
2002-05-15,13.379420
2002-05-16,13.538649
2002-05-17,13.598356
2002-05-20,13.364505
2002-05-21,13.240112
2002-05-22,13.264992
2002-05-23,13.409286
2002-05-24,13.319722
2002-05-28,13.180399
2002-05-29,13.175430
2002-05-30,13.120693
2002-05-31,13.125673
2002-06-03,12.866935
2002-06-04,12.782351
2002-06-05,12.906748
2002-06-06,12.628111
2002-06-07,12.667917
2002-06-10,12.737579
2002-06-11,12.513669
2002-06-12,12.583328
2002-06-13,12.289768
2002-06-14,12.404208
2002-06-17,12.961473
2002-06-18,12.986361
2002-06-19,12.861961
2002-06-20,12.603235
2002-06-21,12.464295
2002-06-24,12.499286
2002-06-25,12.379336
2002-06-26,12.144442
2002-06-27,12.404324
2002-06-28,12.564251
2002-07-01,12.304370
2002-07-02,12.134449
2002-07-03,11.999507
2002-07-05,12.459301
2002-07-08,12.394333
2002-07-09,12.069477
2002-07-10,11.684653
2002-07-11,11.844583
2002-07-12,11.669668
2002-07-15,11.669668
2002-07-16,11.434767
2002-07-17,11.364802
2002-07-18,10.969979
2002-07-19,10.735089
2002-07-22,10.370257
2002-07-23,9.780525
2002-07-24,10.370257
2002-07-25,10.295292
2002-07-26,10.610145
2002-07-29,11.319825
2002-07-30,11.344814
2002-07-31,11.519729
2002-08-01,11.234860
2002-08-02,10.949990
2002-08-05,10.520187
2002-08-06,10.865031
2002-08-07,11.004964
2002-08-08,11.579702
2002-08-09,11.679661
2002-08-12,11.549712
2002-08-13,11.274842
2002-08-14,11.724634
2002-08-15,11.869570
2002-08-16,11.784604
2002-08-19,12.084476
2002-08-20,11.919551
2002-08-21,11.944536
2002-08-22,12.084476
2002-08-23,11.829589
2002-08-26,12.004510
2002-08-27,11.894557
2002-08-28,11.699645
2002-08-29,11.709646
2002-08-30,11.734633
2002-09-03,11.159891
2002-09-04,11.369796
2002-09-05,11.199875
2002-09-06,11.369796
2002-09-09,11.549712
2002-09-10,11.479752
2002-09-11,11.414779
2002-09-12,11.094922
2002-09-13,11.179882
2002-09-16,11.154902
2002-09-17,10.915004
2002-09-18,10.825047
2002-09-19,10.450222
2002-09-20,10.400975
2002-09-23,10.406003
2002-09-24,10.205019
2002-09-25,10.406003
2002-09-26,10.707478
2002-09-27,10.375854
2002-09-30,10.385908
2002-10-01,10.828070
2002-10-02,10.395953
2002-10-03,9.978910
2002-10-04,9.702558
2002-10-07,9.396051
2002-10-08,9.757828
2002-10-09,9.345807
2002-10-10,9.838222
2002-10-11,10.355759
2002-10-14,10.431126
2002-10-15,11.179789
2002-10-16,10.978809
2002-10-17,11.305409
2002-10-18,11.295362
2002-10-21,11.481272
2002-10-22,11.375760
2002-10-23,11.380781
2002-10-24,11.174767
2002-10-25,11.456153
2002-10-28,11.426003
2002-10-29,11.300384
2002-10-30,11.426003
2002-10-31,11.335561
2002-11-01,11.496344
2002-11-04,11.591812
2002-11-05,11.632015
2002-11-06,11.657138
2002-11-07,11.235066
2002-11-08,11.174767
2002-11-11,11.054182
2002-11-12,11.169746
2002-11-13,11.114472
2002-11-14,11.451128
2002-11-15,11.556639
2002-11-18,11.355657
2002-11-19,11.360682
2002-11-20,11.647084
2002-11-21,11.923435
2002-11-22,11.843046
2002-11-25,11.822947
2002-11-26,11.501376
2002-11-27,11.858120
2002-11-29,11.757626
2002-12-02,11.757626
2002-12-03,11.586785
2002-12-04,11.586785
2002-12-05,11.385804
2002-12-06,11.476249
2002-12-09,11.255170
2002-12-10,11.426003
2002-12-11,11.436053
2002-12-12,11.385804
2002-12-13,11.255170
2002-12-16,11.576742
2002-12-17,11.521468
2002-12-18,11.305409
2002-12-19,11.204916
2002-12-20,11.449065
2002-12-23,11.423793
2002-12-24,11.322695
2002-12-26,11.287307
2002-12-27,11.080065
2002-12-30,11.160944
2002-12-31,11.120501
2003-01-02,11.524886
2003-01-03,11.514779
2003-01-06,11.903992
2003-01-07,11.772566
2003-01-08,11.651250
2003-01-09,11.883774
2003-01-10,11.878720
2003-01-13,11.914105
2003-01-14,12.005092
2003-01-15,11.828168
2003-01-16,11.711910
2003-01-17,11.676528
2003-01-21,11.484443
2003-01-22,11.302474
2003-01-23,11.474341
2003-01-24,11.034574
2003-01-27,10.867763
2003-01-28,11.024464
2003-01-29,11.044685
2003-01-30,10.766668
2003-01-31,10.978968
2003-02-03,11.004245
2003-02-04,10.741398
2003-02-05,10.640301
2003-02-06,10.513929
2003-02-07,10.443159
2003-02-10,10.513929
2003-02-11,10.367341
2003-02-12,10.235915
2003-02-13,10.311738
2003-02-14,10.544261
2003-02-18,10.711069
2003-02-19,10.685794
2003-02-20,10.584695
2003-02-21,10.741398
2003-02-24,10.458327
2003-02-25,10.559425
2003-02-26,10.438107
2003-02-27,10.589755
2003-02-28,10.640301
2003-03-03,10.524040
2003-03-04,10.372399
2003-03-05,10.518986
2003-03-06,10.372399
2003-03-07,10.463379
2003-03-10,10.084270
2003-03-11,9.917471
2003-03-12,9.932634
2003-03-13,10.357229
2003-03-14,10.402723
2003-03-17,10.721174
2003-03-18,10.781837
2003-03-19,10.938530
2003-03-20,10.953698
2003-03-21,11.231435
2003-03-24,10.840466
2003-03-25,10.921713
2003-03-26,10.870934
2003-03-27,10.804926
2003-03-28,10.794768
2003-03-31,10.540899
2003-04-01,10.820155
2003-04-02,11.104501
2003-04-03,11.053724
2003-04-04,11.165424
2003-04-07,11.206046
2003-04-08,11.206046
2003-04-09,11.048645
2003-04-10,11.140038
2003-04-11,11.134960
2003-04-14,11.358369
2003-04-15,11.551314
2003-04-16,11.393915
2003-04-17,11.597015
2003-04-21,11.556393
2003-04-22,11.911819
2003-04-23,11.998138
2003-04-24,11.749341
2003-04-25,11.622407
2003-04-28,11.825500
2003-04-29,11.840734
2003-04-30,11.866129
2003-05-01,11.861050
2003-05-02,12.048906
2003-05-05,11.998138
2003-05-06,12.089535
2003-05-07,12.013376
2003-05-08,11.876277
2003-05-09,11.952444
2003-05-12,12.089535
2003-05-13,12.053993
2003-05-14,12.048906
2003-05-15,12.170777
2003-05-16,12.201241
2003-05-19,11.871203
2003-05-20,11.881352
2003-05-21,11.906741
2003-05-22,11.942285
2003-05-23,11.987982
2003-05-27,12.206317
2003-05-28,12.353564
2003-05-29,12.221546
2003-05-30,12.470347
2003-06-02,12.582051
2003-06-03,12.653141
2003-06-04,12.835921
2003-06-05,12.917165
2003-06-06,12.907007
2003-06-09,12.637899
2003-06-10,12.744524
2003-06-11,12.937477
2003-06-12,12.912088
2003-06-13,12.866393
2003-06-16,13.181194
2003-06-17,13.176121
2003-06-18,13.049176
2003-06-19,12.739455
2003-06-20,12.778223
2003-06-23,12.579276
2003-06-24,12.650695
2003-06-25,12.569078
2003-06-26,12.676200
2003-06-27,12.569078
2003-06-30,12.523170
2003-07-01,12.671100
2003-07-02,12.829226
2003-07-03,12.768019
2003-07-07,12.987370
2003-07-08,13.074085
2003-07-09,13.053676
2003-07-10,12.864942
2003-07-11,13.043474
2003-07-14,13.288334
2003-07-15,13.216914
2003-07-16,13.150604
2003-07-17,12.931256
2003-07-18,13.089389
2003-07-21,12.936356
2003-07-22,13.063882
2003-07-23,13.023075
2003-07-24,12.966958
2003-07-25,13.273030
2003-07-28,13.222020
2003-07-29,13.079182
2003-07-30,13.084286
2003-07-31,13.068979
2003-08-01,12.813933
2003-08-04,12.829226
2003-08-05,12.620090
2003-08-06,12.793530
2003-08-07,12.854737
2003-08-08,12.915951
2003-08-11,12.890447
2003-08-12,13.043474
2003-08-13,12.946557
2003-08-14,13.068979
2003-08-15,13.058779
2003-08-18,13.074085
2003-08-19,13.058779
2003-08-20,13.028167
2003-08-21,13.028167
2003-08-22,12.778223
2003-08-25,12.824135
2003-08-26,12.849630
2003-08-27,12.798629
2003-08-28,12.854737
2003-08-29,12.915951
2003-09-02,13.145494
2003-09-03,13.171008
2003-09-04,13.114900
2003-09-05,13.053676
2003-09-08,13.181210
2003-09-09,13.114900
2003-09-10,12.900641
2003-09-11,12.956755
2003-09-12,12.977162
2003-09-15,12.977162
2003-09-16,13.130198
2003-09-17,13.150604
2003-09-18,13.466875
2003-09-19,13.445841
2003-09-22,13.250975
2003-09-23,13.343287
2003-09-24,13.112513
2003-09-25,13.050984
2003-09-26,12.979184
2003-09-29,13.117647
2003-09-30,13.030467
2003-10-01,13.358668
2003-10-02,13.384307
2003-10-03,13.486866
2003-10-06,13.548406
2003-10-07,13.630451
2003-10-08,13.609941
2003-10-09,13.645836
2003-10-10,13.645836
2003-10-13,13.861217
2003-10-14,13.943265
2003-10-15,13.907375
2003-10-16,13.922746
2003-10-17,13.799685
2003-10-20,13.804811
2003-10-21,13.799685
2003-10-22,13.604807
2003-10-23,13.697124
2003-10-24,13.681734
2003-10-27,13.681734
2003-10-28,13.856095
2003-10-29,13.876600
2003-10-30,13.897117
2003-10-31,13.933017
2003-11-03,14.081729
2003-11-04,14.009934
2003-11-05,13.979165
2003-11-06,14.045838
2003-11-07,13.897117
2003-11-10,13.912502
2003-11-11,13.866345
2003-11-12,13.974033
2003-11-13,13.927885
2003-11-14,13.748397
2003-11-17,13.712496
2003-11-18,13.553527
2003-11-19,13.656096
2003-11-20,13.538153
2003-11-21,13.615067
2003-11-24,13.743277
2003-11-25,13.820197
2003-11-26,13.902246
2003-11-28,13.881729
2003-12-01,14.040703
2003-12-02,13.999679
2003-12-03,13.974033
2003-12-04,14.009934
2003-12-05,13.897117
2003-12-08,14.025314
2003-12-09,13.902246
2003-12-10,13.825317
2003-12-11,13.984301
2003-12-12,14.025314
2003-12-15,13.989414
2003-12-16,14.112500
2003-12-17,14.061213
2003-12-18,14.184284
2003-12-19,14.227624
2003-12-22,14.305003
2003-12-23,14.325632
2003-12-24,14.325632
2003-12-26,14.320474
2003-12-29,14.516502
2003-12-30,14.547457
2003-12-31,14.511346
2004-01-02,14.490703
2004-01-05,14.609363
2004-01-06,14.604202
2004-01-07,14.614521
2004-01-08,14.666102
2004-01-09,14.614521
2004-01-12,14.676430
2004-01-13,14.604202
2004-01-14,14.717686
2004-01-15,14.841498
2004-01-16,14.887921
2004-01-20,14.867304
2004-01-21,15.089120
2004-01-22,15.089120
2004-01-23,15.016896
2004-01-26,15.223242
2004-01-27,15.120075
2004-01-28,14.851822
2004-01-29,14.975628
2004-01-30,14.985940
2004-02-02,15.073637
2004-02-03,15.089120
2004-02-04,14.965316
2004-02-05,14.960150
2004-02-06,15.212931
2004-02-09,15.151024
2004-02-10,15.197445
2004-02-11,15.429595
2004-02-12,15.403795
2004-02-13,15.372852
2004-02-17,15.486340
2004-02-18,15.403795
2004-02-19,15.398637
2004-02-20,15.357369
2004-02-23,15.357369
2004-02-24,15.295465
2004-02-25,15.362520
2004-02-26,15.378004
2004-02-27,15.414114
2004-03-01,15.522449
2004-03-02,15.445067
2004-03-03,15.537925
2004-03-04,15.579187
2004-03-05,15.713313
2004-03-08,15.630780
2004-03-09,15.527607
2004-03-10,15.279982
2004-03-11,15.032373
2004-03-12,15.254192
2004-03-15,15.032373
2004-03-16,15.171659
2004-03-17,15.347055
2004-03-18,15.352213
2004-03-19,15.183276
2004-03-22,14.986357
2004-03-23,14.981180
2004-03-24,14.867172
2004-03-25,15.022640
2004-03-26,15.012273
2004-03-29,15.204005
2004-03-30,15.307654
2004-03-31,15.235095
2004-04-01,15.395740
2004-04-02,15.338736
2004-04-05,15.380191
2004-04-06,15.369833
2004-04-07,15.328375
2004-04-08,15.302464
2004-04-12,15.395740
2004-04-13,15.069269
2004-04-14,14.887906
2004-04-15,14.799812
2004-04-16,14.960447
2004-04-19,14.934549
2004-04-20,14.659891
2004-04-21,14.654707
2004-04-22,14.908625
2004-04-23,14.830898
2004-04-26,14.799812
2004-04-27,14.836080
2004-04-28,14.623617
2004-04-29,14.576988
2004-04-30,14.571804
2004-05-03,14.670257
2004-05-04,14.716902
2004-05-05,14.701350
2004-05-06,14.540708
2004-05-07,14.229795
2004-05-10,14.110600
2004-05-11,14.183150
2004-05-12,14.343795
2004-05-13,14.369707
2004-05-14,14.380074
2004-05-17,14.193520
2004-05-18,14.307516
2004-05-19,14.317887
2004-05-20,14.369707
2004-05-21,14.457797
2004-05-24,14.478533
2004-05-25,14.685804
2004-05-26,14.773903
2004-05-27,14.810163
2004-05-28,14.820532
2004-06-01,14.763530
2004-06-02,14.836080
2004-06-03,14.716902
2004-06-04,14.841267
2004-06-07,15.053723
2004-06-08,15.032999
2004-06-09,14.877533
2004-06-10,14.950082
2004-06-14,14.742809
2004-06-15,14.799812
2004-06-16,14.825719
2004-06-17,14.836080
2004-06-18,14.854834
2004-06-21,14.807957
2004-06-22,14.880876
2004-06-23,14.917337
2004-06-24,14.948584
2004-06-25,14.896497
2004-06-28,14.886074
2004-06-29,14.823586
2004-06-30,14.886074
2004-07-01,14.781912
2004-07-02,14.823586
2004-07-06,14.719415
2004-07-07,14.688157
2004-07-08,14.578778
2004-07-09,14.578778
2004-07-12,14.646496
2004-07-13,14.662117
2004-07-14,14.594408
2004-07-15,14.458980
2004-07-16,14.464190
2004-07-19,14.485023
2004-07-20,14.557948
2004-07-21,14.412103
2004-07-22,14.427734
2004-07-23,14.354811
2004-07-26,14.360016
2004-07-27,14.479816
2004-07-28,14.526698
2004-07-29,14.589195
2004-07-30,14.568356
2004-08-02,14.656907
2004-08-03,14.568356
2004-08-04,14.604829
2004-08-05,14.365226
2004-08-06,14.240220
2004-08-09,14.224596
2004-08-10,14.422525
2004-08-11,14.464190
2004-08-12,14.313148
2004-08-13,14.328766
2004-08-16,14.547529
2004-08-17,14.630861
2004-08-18,14.807957
2004-08-19,14.745451
2004-08-20,14.896497
2004-08-23,14.844416
2004-08-24,14.870462
2004-08-25,15.000669
2004-08-26,15.037130
2004-08-27,15.052762
2004-08-30,14.964217
2004-08-31,15.042343
2004-09-01,14.985041
2004-09-02,15.151720
2004-09-03,15.146510
2004-09-07,15.328815
2004-09-08,15.214223
2004-09-09,15.198595
2004-09-10,15.271523
2004-09-13,15.229850
2004-09-14,15.250685
2004-09-15,15.193386
2004-09-16,15.271523
2004-09-17,15.307120
2004-09-20,15.150030
2004-09-21,15.275703
2004-09-22,14.998154
2004-09-23,14.846295
2004-09-24,14.903903
2004-09-27,14.830584
2004-09-28,14.888186
2004-09-29,14.940545
2004-09-30,14.903903
2004-10-01,15.155271
2004-10-04,15.176214
2004-10-05,15.092426
2004-10-06,15.202392
2004-10-07,15.160500
2004-10-08,15.108124
2004-10-11,15.150030
2004-10-12,15.139548
2004-10-13,15.040054
2004-10-14,14.673476
2004-10-15,14.694423
2004-10-18,14.757267
2004-10-19,14.511135
2004-10-20,14.437822
2004-10-21,14.427349
2004-10-22,14.348802
2004-10-25,14.343567
2004-10-26,14.663009
2004-10-27,14.882950
2004-10-28,14.961501
2004-10-29,14.982442
2004-11-01,15.029576
2004-11-02,15.092426
2004-11-03,15.181449
2004-11-04,15.438041
2004-11-05,15.406630
2004-11-08,15.385681
2004-11-09,15.369978
2004-11-10,15.411865
2004-11-11,15.558501
2004-11-12,15.621325
2004-11-15,15.668468
2004-11-16,15.537552
2004-11-17,15.574205
2004-11-18,15.537552
2004-11-19,15.338556
2004-11-22,15.427569
2004-11-23,15.464231
2004-11-24,15.527074
2004-11-26,15.537552
2004-11-29,15.464231
2004-11-30,15.448524
2004-12-01,15.752255
2004-12-02,15.726073
2004-12-03,15.720840
2004-12-06,15.710358
2004-12-07,15.579446
2004-12-08,15.621325
2004-12-09,15.705117
2004-12-10,15.731299
2004-12-13,15.836037
2004-12-14,15.888414
2004-12-15,15.972202
2004-12-16,15.862222
2004-12-17,15.813226
2004-12-20,15.786879
2004-12-21,15.992386
2004-12-22,16.081953
2004-12-23,16.113577
2004-12-27,16.029264
2004-12-28,16.103041
2004-12-29,16.066153
2004-12-30,16.087225
2004-12-31,16.087225
2005-01-03,16.029264
2005-01-04,15.876453
2005-01-05,15.850107
2005-01-06,15.929148
2005-01-07,15.844843
2005-01-10,15.860649
2005-01-11,15.792142
2005-01-12,15.771063
2005-01-13,15.618258
2005-01-14,15.670958
2005-01-18,15.918611
2005-01-19,15.760531
2005-01-20,15.644605
2005-01-21,15.565567
2005-01-24,15.570835
2005-01-25,15.581372
2005-01-26,15.655140
2005-01-27,15.576109
2005-01-28,15.555028
2005-01-31,15.739461
2005-02-01,15.908075
2005-02-02,15.908075
2005-02-03,15.834300
2005-02-04,16.023989
2005-02-07,16.039814
2005-02-08,15.976581
2005-02-09,15.934423
2005-02-10,15.981831
2005-02-11,16.108313
2005-02-14,16.081953
2005-02-15,16.118847
2005-02-16,16.008194
2005-02-17,15.865917
2005-02-18,15.697300
2005-02-22,15.465452
2005-02-23,15.607718
2005-02-24,15.628798
2005-02-25,15.786879
2005-02-28,15.634063
2005-03-01,15.786879
2005-03-02,15.739461
2005-03-03,15.713103
2005-03-04,15.913335
2005-03-07,15.913335
2005-03-08,15.886995
2005-03-09,15.692033
2005-03-10,15.781612
2005-03-11,15.644605
2005-03-14,15.728914
2005-03-15,15.623528
2005-03-16,15.465452
2005-03-17,15.423290
2005-03-18,15.346485
2005-03-21,15.208752
2005-03-22,14.927992
2005-03-23,14.959774
2005-03-24,14.885609
2005-03-28,14.991561
2005-03-29,14.938584
2005-03-30,15.123992
2005-03-31,15.039234
2005-04-01,14.832636
2005-04-04,14.938584
2005-04-05,14.980964
2005-04-06,15.081615
2005-04-07,15.139886
2005-04-08,15.002157
2005-04-11,15.033937
2005-04-12,15.240536
2005-04-13,15.018043
2005-04-14,14.848530
2005-04-15,14.689610
2005-04-18,14.811459
2005-04-19,14.832636
2005-04-20,14.647231
2005-04-21,14.731989
2005-04-22,14.694907
2005-04-25,14.880314
2005-04-26,14.795563
2005-04-27,15.002157
2005-04-28,14.837945
2005-04-29,15.065720
2005-05-02,15.102809
2005-05-03,15.118698
2005-05-04,15.410048
2005-05-05,15.341184
2005-05-06,15.229941
2005-05-09,15.362382
2005-05-10,15.161075
2005-05-11,15.229941
2005-05-12,15.086914
2005-05-13,14.954481
2005-05-16,15.219347
2005-05-17,15.314702
2005-05-18,15.494805
2005-05-19,15.510700
2005-05-20,15.494805
2005-05-23,15.516008
2005-05-24,15.463025
2005-05-25,15.410048
2005-05-26,15.510700
2005-05-27,15.537185
2005-05-31,15.510700
2005-06-01,15.632539
2005-06-02,15.590163
2005-06-03,15.510700
2005-06-06,15.547781
2005-06-07,15.537185
2005-06-08,15.547781
2005-06-09,15.595458
2005-06-10,15.547781
2005-06-13,15.547781
2005-06-14,15.590163
2005-06-15,15.627242
2005-06-16,15.706704
2005-06-17,15.789299
2005-06-20,15.751999
2005-06-21,15.810616
2005-06-22,15.789299
2005-06-23,15.645423
2005-06-24,15.618774
2005-06-27,15.613453
2005-06-28,15.730683
2005-06-29,15.805285
2005-06-30,15.704037
2005-07-01,15.720022
2005-07-05,15.847918
2005-07-06,15.730683
2005-07-07,15.762668
2005-07-08,15.922518
2005-07-11,15.991788
2005-07-12,15.991788
2005-07-13,16.061066
2005-07-14,16.141008
2005-07-15,16.183636
2005-07-18,16.013109
2005-07-19,16.007782
2005-07-20,16.066399
2005-07-21,15.981146
2005-07-22,16.066399
2005-07-25,16.002455
2005-07-26,16.023773
2005-07-27,16.045080
2005-07-28,16.093037
2005-07-29,15.949158
2005-08-01,15.949158
2005-08-02,16.066399
2005-08-03,16.087713
2005-08-04,15.975802
2005-08-05,15.794621
2005-08-08,15.730683
2005-08-09,15.831929
2005-08-10,15.815946
2005-08-11,15.874556
2005-08-12,15.831929
2005-08-15,15.906534
2005-08-16,15.799958
2005-08-17,15.837260
2005-08-18,15.826603
2005-08-19,15.853249
2005-08-22,15.895870
2005-08-23,15.794621
2005-08-24,15.613453
2005-08-25,15.693386
2005-08-26,15.528192
2005-08-29,15.650745
2005-08-30,15.512195
2005-08-31,15.688053
2005-09-01,15.725351
2005-09-02,15.714694
2005-09-06,15.906534
2005-09-07,15.869236
2005-09-08,15.778641
2005-09-09,15.917195
2005-09-12,15.965145
2005-09-13,15.831929
2005-09-14,15.815946
2005-09-15,15.826603
2005-09-16,16.052792
2005-09-19,15.908072
2005-09-20,15.822311
2005-09-21,15.559681
2005-09-22,15.677593
2005-09-23,15.731183
2005-09-26,15.645444
2005-09-27,15.699042
2005-09-28,15.570402
2005-09-29,15.859836
2005-09-30,15.822311
2005-10-03,15.784795
2005-10-04,15.586484
2005-10-05,15.522157
2005-10-06,15.565038
2005-10-07,15.618641
2005-10-10,15.452477
2005-10-11,15.404239
2005-10-12,15.334574
2005-10-13,15.409608
2005-10-14,15.581114
2005-10-17,15.597197
2005-10-18,15.473917
2005-10-19,15.784795
2005-10-20,15.645444
2005-10-21,15.736556
2005-10-24,16.047430
2005-10-25,15.956315
2005-10-26,16.063517
2005-10-27,15.972394
2005-10-28,16.245747
2005-10-31,16.304697
2005-11-01,16.245747
2005-11-02,16.379738
2005-11-03,16.390459
2005-11-04,16.417267
2005-11-07,16.556612
2005-11-08,16.508373
2005-11-09,16.551250
2005-11-10,16.883566
2005-11-11,16.942532
2005-11-14,16.953247
2005-11-15,16.797810
2005-11-16,16.706688
2005-11-17,16.905008
2005-11-18,16.990765
2005-11-21,17.071161
2005-11-22,17.221228
2005-11-23,17.355238
2005-11-25,17.392748
2005-11-28,17.312359
2005-11-29,17.301640
2005-11-30,17.081882
2005-12-01,17.172998
2005-12-02,17.210518
2005-12-05,17.178358
2005-12-06,17.124765
2005-12-07,16.985411
2005-12-08,16.974688
2005-12-09,17.097954
2005-12-12,17.022923
2005-12-13,17.242680
2005-12-14,17.307005
2005-12-15,17.210518
2005-12-16,17.252600
2005-12-19,17.101543
2005-12-20,17.177067
2005-12-21,17.225620
2005-12-22,17.344311
2005-12-23,17.365881
2005-12-27,17.231020
2005-12-28,17.193256
2005-12-29,17.177067
2005-12-30,17.085356
2006-01-03,17.371279
2006-01-04,17.355099
2006-01-05,17.414446
2006-01-06,17.516939
2006-01-09,17.565496
2006-01-10,17.581678
2006-01-11,17.678780
2006-01-12,17.554701
2006-01-13,17.543917
2006-01-17,17.360497
2006-01-18,17.311943
2006-01-19,17.257998
2006-01-20,16.896540
2006-01-23,16.939701
2006-01-24,17.015226
2006-01-25,17.047594
2006-01-26,17.338913
2006-01-27,17.355099
2006-01-30,17.301151
2006-01-31,17.236416
2006-02-01,17.225620
2006-02-02,17.106934
2006-02-03,17.036802
2006-02-06,17.085356
2006-02-07,16.972071
2006-02-08,17.079977
2006-02-09,17.123119
2006-02-10,17.220224
2006-02-13,17.155489
2006-02-14,17.360497
2006-02-15,17.463003
2006-02-16,17.565496
2006-02-17,17.495361
2006-02-21,17.441406
2006-02-22,17.770496
2006-02-23,17.705759
2006-02-24,17.743532
2006-02-27,17.775898
2006-02-28,17.603260
2006-03-01,17.694969
2006-03-02,17.587078
2006-03-03,17.543917
2006-03-06,17.489967
2006-03-07,17.549314
2006-03-08,17.560102
2006-03-09,17.452211
2006-03-10,17.608650
2006-03-13,17.614048
2006-03-14,17.819048
2006-03-15,17.840633
2006-03-16,17.899975
2006-03-17,17.952591
2006-03-20,17.963436
2006-03-21,17.784449
2006-03-22,17.925474
2006-03-23,17.838684
2006-03-24,17.833265
2006-03-27,17.822416
2006-03-28,17.675976
2006-03-29,17.757328
2006-03-30,17.648855
2006-03-31,17.654276
2006-04-03,17.681393
2006-04-04,17.871227
2006-04-05,17.903774
2006-04-06,17.838684
2006-04-07,17.670551
2006-04-10,17.703093
2006-04-11,17.551235
2006-04-12,17.589188
2006-04-13,17.616312
2006-04-17,17.600037
2006-04-18,17.925474
2006-04-19,17.947165
2006-04-20,17.985123
2006-04-21,17.963436
2006-04-24,17.968859
2006-04-25,17.860373
2006-04-26,17.963436
2006-04-27,18.245468
2006-04-28,18.419027
2006-05-01,18.131571
2006-05-02,18.245468
2006-05-03,18.229191
2006-05-04,18.267168
2006-05-05,18.527500
2006-05-08,18.451565
2006-05-09,18.484110
2006-05-10,18.494963
2006-05-11,18.191229
2006-05-12,18.006819
2006-05-15,18.131571
2006-05-16,18.109869
2006-05-17,17.746471
2006-05-18,17.589188
2006-05-19,17.681393
2006-05-22,17.638000
2006-05-23,17.551235
2006-05-24,17.562077
2006-05-25,17.719364
2006-05-26,17.865807
2006-05-30,17.600037
2006-05-31,17.724785
2006-06-01,17.930887
2006-06-02,18.033939
2006-06-05,17.741066
2006-06-06,17.697670
2006-06-07,17.757328
2006-06-08,17.789873
2006-06-09,17.730213
2006-06-12,17.534958
2006-06-13,17.193262
2006-06-14,17.090210
2006-06-15,17.469875
2006-06-16,17.359123
2006-06-19,17.239109
2006-06-20,17.288208
2006-06-21,17.430048
2006-06-22,17.364580
2006-06-23,17.250023
2006-06-26,17.402771
2006-06-27,17.233654
2006-06-28,17.326395
2006-06-29,17.691910
2006-06-30,17.642803
2006-07-03,17.850111
2006-07-05,17.681004
2006-07-06,17.735548
2006-07-07,17.648268
2006-07-10,17.768282
2006-07-11,17.773739
2006-07-12,17.599165
2006-07-13,17.320938
2006-07-14,17.250023
2006-07-17,17.282751
2006-07-18,17.320938
2006-07-19,17.779196
2006-07-20,17.708275
2006-07-21,17.610075
2006-07-24,17.839199
2006-07-25,17.882853
2006-07-26,17.861027
2006-07-27,17.757374
2006-07-28,18.073790
2006-07-31,18.046515
2006-08-01,17.991961
2006-08-02,18.024687
2006-08-03,18.101059
2006-08-04,18.139254
2006-08-07,18.101059
2006-08-08,17.970129
2006-08-09,17.757374
2006-08-10,17.844658
2006-08-11,17.790108
2006-08-14,17.811926
2006-08-15,18.111969
2006-08-16,18.210167
2006-08-17,18.270189
2006-08-18,18.297457
2006-08-21,18.226542
2006-08-22,18.221083
2006-08-23,18.166527
2006-08-24,18.226542
2006-08-25,18.128342
2006-08-28,18.259272
2006-08-29,18.182898
2006-08-30,18.237446
2006-08-31,18.259272
2006-09-01,18.286543
2006-09-05,18.352009
2006-09-06,18.292004
2006-09-07,18.150164
2006-09-08,18.253819
2006-09-11,18.264727
2006-09-12,18.499313
2006-09-13,18.635691
2006-09-14,18.679340
2006-09-15,18.736401
2006-09-18,18.714451
2006-09-19,18.747366
2006-09-20,18.873568
2006-09-21,18.741879
2006-09-22,18.774815
2006-09-25,18.966829
2006-09-26,19.071074
2006-09-27,18.983288
2006-09-28,19.049133
2006-09-29,18.994268
2006-10-02,18.950373
2006-10-03,19.136913
2006-10-04,19.367334
2006-10-05,19.356365
2006-10-06,19.290533
2006-10-09,19.345396
2006-10-10,19.345396
2006-10-11,19.296021
2006-10-12,19.400261
2006-10-13,19.471592
2006-10-16,19.367334
2006-10-17,19.367334
2006-10-18,19.422218
2006-10-19,19.296021
2006-10-20,19.274076
2006-10-23,19.400261
2006-10-24,19.394779
2006-10-25,19.477074
2006-10-26,19.614233
2006-10-27,19.466097
2006-10-30,19.471592
2006-10-31,19.438669
2006-11-01,19.317965
2006-11-02,19.263105
2006-11-03,19.263105
2006-11-06,19.488054
2006-11-07,19.531942
2006-11-08,19.614233
2006-11-09,19.482565
2006-11-10,19.641672
2006-11-13,19.619724
2006-11-14,19.734945
2006-11-15,19.707506
2006-11-16,19.899538
2006-11-17,19.751392
2006-11-20,19.877584
2006-11-21,19.844669
2006-11-22,19.866613
2006-11-24,19.767849
2006-11-27,19.460627
2006-11-28,19.493526
2006-11-29,19.614233
2006-11-30,19.575834
2006-12-01,19.460627
2006-12-04,19.734945
2006-12-05,19.828217
2006-12-06,19.855644
2006-12-07,19.806265
2006-12-08,19.866613
2006-12-11,19.976337
2006-12-12,19.992807
2006-12-13,20.014744
2006-12-14,20.184832
2006-12-15,20.235146
2006-12-18,20.334663
2006-12-19,20.318073
2006-12-20,20.384428
2006-12-21,20.295961
2006-12-22,20.196444
2006-12-26,20.378897
2006-12-27,20.522636
2006-12-28,20.428656
2006-12-29,20.312546
2007-01-03,20.412069
2007-01-04,20.345728
2007-01-05,20.185389
2007-01-08,20.273840
2007-01-09,20.240677
2007-01-10,20.307018
2007-01-11,20.434175
2007-01-12,20.456301
2007-01-16,20.511581
2007-01-17,20.456301
2007-01-18,20.373362
2007-01-19,20.434175
2007-01-22,20.417591
2007-01-23,20.406534
2007-01-24,20.616627
2007-01-25,20.318073
2007-01-26,20.356779
2007-01-29,20.257259
2007-01-30,20.334663
2007-01-31,20.500536
2007-02-01,20.633213
2007-02-02,20.671911
2007-02-05,20.666391
2007-02-06,20.760378
2007-02-07,20.837782
2007-02-08,20.771433
2007-02-09,20.550276
2007-02-12,20.500536
2007-02-13,20.649807
2007-02-14,20.848825
2007-02-15,20.882010
2007-02-16,20.876478
2007-02-20,20.987053
2007-02-21,20.898594
2007-02-22,20.815664
2007-02-23,20.622158
2007-02-26,20.472876
2007-02-27,19.516407
2007-02-28,19.875776
2007-03-01,19.853664
2007-03-02,19.626995
2007-03-05,19.317373
2007-03-06,19.720980
2007-03-07,19.604868
2007-03-08,19.781792
2007-03-09,19.831545
2007-03-12,19.831545
2007-03-13,19.239969
2007-03-14,19.284206
2007-03-15,19.516407
2007-03-16,19.443129
2007-03-19,19.570818
2007-03-20,19.748480
2007-03-21,20.198193
2007-03-22,20.076048
2007-03-23,20.098261
2007-03-26,19.998323
2007-03-27,19.876177
2007-03-28,19.626341
2007-03-29,19.726278
2007-03-30,19.781796
2007-04-02,19.598581
2007-04-03,19.842863
2007-04-04,19.842863
2007-04-05,19.853970
2007-04-09,19.848421
2007-04-10,19.937250
2007-04-11,19.770689
2007-04-12,19.737379
2007-04-13,19.820662
2007-04-16,20.303692
2007-04-17,20.298128
2007-04-18,20.531309
2007-04-19,20.503563
2007-04-20,20.609045
2007-04-23,20.553524
2007-04-24,20.492449
2007-04-25,20.770060
2007-04-26,20.736744
2007-04-27,20.708981
2007-04-30,20.547970
2007-05-01,20.586842
2007-05-02,20.675665
2007-05-03,20.869993
2007-05-04,20.942163
2007-05-07,20.969923
2007-05-08,20.925508
2007-05-09,21.036545
2007-05-10,20.736744
2007-05-11,20.958820
2007-05-14,20.858883
2007-05-15,20.808922
2007-05-16,21.047659
2007-05-17,20.942163
2007-05-18,20.997688
2007-05-21,21.019894
2007-05-22,21.036545
2007-05-23,21.019894
2007-05-24,20.831123
2007-05-25,20.869993
2007-05-29,20.958820
2007-05-30,21.103178
2007-05-31,21.042093
2007-06-01,21.108728
2007-06-04,21.080963
2007-06-05,20.953278
2007-06-06,20.775604
2007-06-07,20.425827
2007-06-08,20.664560
2007-06-11,20.758947
2007-06-12,20.475790
2007-06-13,20.864437
2007-06-14,20.831123
2007-06-15,20.905930
2007-06-18,20.900343
2007-06-19,20.989658
2007-06-20,20.621227
2007-06-21,20.654726
2007-06-22,20.392351
2007-06-25,20.230463
2007-06-26,20.040667
2007-06-27,20.342110
2007-06-28,20.308613
2007-06-29,20.196970
2007-07-02,20.370016
2007-07-03,20.548658
2007-07-05,20.375607
2007-07-06,20.476093
2007-07-09,20.392351
2007-07-10,19.962507
2007-07-11,20.029499
2007-07-12,20.397940
2007-07-13,20.476093
2007-07-16,20.403519
2007-07-17,20.470507
2007-07-18,20.208134
2007-07-19,20.141150
2007-07-20,19.789455
2007-07-23,19.778292
2007-07-24,19.281458
2007-07-25,19.370781
2007-07-26,18.913027
2007-07-27,18.617161
2007-07-30,18.968845
2007-07-31,18.365957
2007-08-01,18.572506
2007-08-02,18.695312
2007-08-03,17.897038
2007-08-06,18.812551
2007-08-07,18.946520
2007-08-08,19.398689
2007-08-09,18.700890
2007-08-10,18.617161
2007-08-13,18.449694
2007-08-14,18.125914
2007-08-15,17.964018
2007-08-16,18.505510
2007-08-17,19.259134
2007-08-20,19.002340
2007-08-21,19.136320
2007-08-22,19.186563
2007-08-23,19.214472
2007-08-24,19.281458
2007-08-27,19.058165
2007-08-28,18.488768
2007-08-29,18.712059
2007-08-30,18.594831
2007-08-31,18.840462
2007-09-04,18.985598
2007-09-05,18.756721
2007-09-06,18.617161
2007-09-07,18.427361
2007-09-10,18.365957
2007-09-11,18.555756
2007-09-12,18.594831
2007-09-13,18.901859
2007-09-14,18.968845
2007-09-17,18.790216
2007-09-18,19.499172
2007-09-19,19.621984
2007-09-20,19.381945
2007-09-21,19.457859
2007-09-24,19.187933
2007-09-25,19.148560
2007-09-26,19.154182
2007-09-27,19.379129
2007-09-28,19.300406
2007-10-01,19.665936
2007-10-02,19.890890
2007-10-03,19.845898
2007-10-04,19.963997
2007-10-05,20.183311
2007-10-08,19.907772
2007-10-09,20.076469
2007-10-10,19.963997
2007-10-11,19.857141
2007-10-12,19.986488
2007-10-15,19.581583
2007-10-16,19.216038
2007-10-17,19.204800
2007-10-18,18.962984
2007-10-19,18.333130
2007-10-22,18.558081
2007-10-23,18.659300
2007-10-24,18.518715
2007-10-25,18.501842
2007-10-26,18.951742
2007-10-29,19.007965
2007-10-30,18.715540
2007-10-31,18.968603
2007-11-01,17.995714
2007-11-02,17.905731
2007-11-05,17.585190
2007-11-06,17.883240
2007-11-07,16.904720
2007-11-08,17.079054
2007-11-09,16.949711
2007-11-12,17.011568
2007-11-13,17.810127
2007-11-14,17.742641
2007-11-15,17.292753
2007-11-16,17.157787
2007-11-19,16.696653
2007-11-20,16.331110
2007-11-21,16.078043
2007-11-23,16.460451
2007-11-26,15.909329
2007-11-27,16.196140
2007-11-28,17.163408
2007-11-29,17.011568
2007-11-30,17.433346
2007-12-03,17.292753
2007-12-04,16.972212
2007-12-05,17.225271
2007-12-06,17.782021
2007-12-07,17.545809
2007-12-10,17.916983
2007-12-11,17.011568
2007-12-12,16.882229
2007-12-13,16.876600
2007-12-14,16.505449
2007-12-17,16.331110
2007-12-18,16.342358
2007-12-19,16.437958
2007-12-20,16.319859
2007-12-21,16.621769
2007-12-24,16.922535
2007-12-26,16.803362
2007-12-27,16.462868
2007-12-28,16.423138
2007-12-31,16.417475
2008-01-02,16.093992
2008-01-03,15.991852
2008-01-04,15.537862
2008-01-07,15.577585
2008-01-08,15.010097
2008-01-09,15.293840
2008-01-10,15.554888
2008-01-11,15.605960
2008-01-14,15.821606
2008-01-15,15.168987
2008-01-16,15.424367
2008-01-17,14.641228
2008-01-18,14.470981
2008-01-22,14.783105
2008-01-23,15.832956
2008-01-24,15.838632
2008-01-25,15.424367
2008-01-28,15.974824
2008-01-29,16.218840
2008-01-30,15.889703
2008-01-31,16.536644
2008-02-01,16.843084
2008-02-04,16.355045
2008-02-05,15.691090
2008-02-06,15.509493
2008-02-07,15.651363
2008-02-08,15.390311
2008-02-11,15.049818
2008-02-12,15.464087
2008-02-13,15.407342
2008-02-14,14.987392
2008-02-15,15.225739
2008-02-19,15.203046
2008-02-20,15.378961
2008-02-21,15.106564
2008-02-22,15.435719
2008-02-25,15.435719
2008-02-26,15.571913
2008-02-27,15.640002
2008-02-28,15.151969
2008-02-29,14.658252
2008-03-03,14.459633
2008-03-04,14.380184
2008-03-05,14.266678
2008-03-06,13.772970
2008-03-07,13.801348
2008-03-10,13.409780
2008-03-11,14.289382
2008-03-12,14.051047
2008-03-13,14.016984
2008-03-14,13.619745
2008-03-17,13.307627
2008-03-18,14.425578
2008-03-19,14.045368
2008-03-20,15.056782
2008-03-24,15.251279
2008-03-25,15.205513
2008-03-26,14.656329
2008-03-27,14.427509
2008-03-28,14.101428
2008-03-31,14.227286
2008-04-01,15.228392
2008-04-02,15.216956
2008-04-03,15.285606
2008-04-04,15.079659
2008-04-07,15.171188
2008-04-08,14.999568
2008-04-09,14.747860
2008-04-10,14.656329
2008-04-11,14.376022
2008-04-14,14.038507
2008-04-15,14.181516
2008-04-16,14.564800
2008-04-17,14.816508
2008-04-18,15.142584
2008-04-21,14.908039
2008-04-22,14.702098
2008-04-23,14.604846
2008-04-24,15.131145
2008-04-25,15.417180
2008-04-28,15.457221
2008-04-29,15.268434
2008-04-30,15.222675
2008-05-01,15.743257
2008-05-02,15.851952
2008-05-05,15.577359
2008-05-06,15.743257
2008-05-07,15.176908
2008-05-08,14.867996
2008-05-09,14.867996
2008-05-12,15.045327
2008-05-13,14.908039
2008-05-14,15.011010
2008-05-15,15.159746
2008-05-16,15.096822
2008-05-19,14.953803
2008-05-20,14.604846
2008-05-21,14.233002
2008-05-22,14.313096
2008-05-23,14.101428
2008-05-27,14.175797
2008-05-28,14.095708
2008-05-29,14.347414
2008-05-30,14.164361
2008-06-02,13.952686
2008-06-03,13.906925
2008-06-04,13.821114
2008-06-05,14.095708
2008-06-06,13.346302
2008-06-09,13.163238
2008-06-10,13.203279
2008-06-11,12.820002
2008-06-12,13.168961
2008-06-13,13.374900
2008-06-16,13.500760
2008-06-17,13.106031
2008-06-18,12.888646
2008-06-19,13.025942
2008-06-20,12.800861
2008-06-23,12.396865
2008-06-24,12.541150
2008-06-25,12.512293
2008-06-26,12.062128
2008-06-27,11.871669
2008-06-30,11.692760
2008-07-01,11.727388
2008-07-02,11.548480
2008-07-03,11.508078
2008-07-07,11.127166
2008-07-08,11.848586
2008-07-09,11.173342
2008-07-10,11.092536
2008-07-11,10.780886
2008-07-14,10.226836
2008-07-15,9.909413
2008-07-16,11.207969
2008-07-17,11.692760
2008-07-18,11.929389
2008-07-21,11.975554
2008-07-22,12.979772
2008-07-23,12.962458
2008-07-24,12.090986
2008-07-25,12.044811
2008-07-28,11.479218
2008-07-29,12.408404
2008-07-30,12.598861
2008-07-31,12.483436
2008-08-01,12.483436
2008-08-04,12.379555
2008-08-05,13.008624
2008-08-06,12.875887
2008-08-07,12.241035
2008-08-08,12.662346
2008-08-11,12.875887
2008-08-12,12.223725
2008-08-13,11.871669
2008-08-14,12.241035
2008-08-15,12.327611
2008-08-18,11.854362
2008-08-19,11.508078
2008-08-20,11.744699
2008-08-21,11.531163
2008-08-22,11.969790
2008-08-25,11.548480
2008-08-26,11.640821
2008-08-27,11.865900
2008-08-28,12.344924
2008-08-29,12.362240
2008-09-02,12.535379
2008-09-03,12.731601
2008-09-04,12.108302
2008-09-05,12.546922
2008-09-08,13.089428
2008-09-09,12.252579
2008-09-10,12.102525
2008-09-11,12.379555
2008-09-12,12.206411
2008-09-15,11.017510
2008-09-16,11.842817
2008-09-17,10.705856
2008-09-18,11.548480
2008-09-19,13.040110
2008-09-22,11.973825
2008-09-23,11.938863
2008-09-24,11.804853
2008-09-25,12.131143
2008-09-26,12.463268
2008-09-29,10.820139
2008-09-30,11.589266
2008-10-01,12.043748
2008-10-02,11.443592
2008-10-03,10.942502
2008-10-06,10.371490
2008-10-07,9.276072
2008-10-08,8.903160
2008-10-09,7.976724
2008-10-10,8.798285
2008-10-13,9.485831
2008-10-14,10.097635
2008-10-15,9.002220
2008-10-16,9.206151
2008-10-17,8.943952
2008-10-20,9.386778
2008-10-21,9.101270
2008-10-22,8.530257
2008-10-23,8.442859
2008-10-24,7.895144
2008-10-27,7.679559
2008-10-28,8.885682
2008-10-29,8.337975
2008-10-30,8.629313
2008-10-31,9.048828
2008-11-03,9.101270
2008-11-04,9.614020
2008-11-05,8.734191
2008-11-06,8.134047
2008-11-07,8.285536
2008-11-10,8.040814
2008-11-11,7.761138
2008-11-12,7.283350
2008-11-13,7.813576
2008-11-14,7.417359
2008-11-17,6.945404
2008-11-18,6.846345
2008-11-19,6.129666
2008-11-20,5.471251
2008-11-21,5.640227
2008-11-24,6.496744
2008-11-25,6.875481
2008-11-26,7.195948
2008-11-28,7.376576
2008-12-01,6.147145
2008-12-02,6.648241
2008-12-03,6.992014
2008-12-04,6.916268
2008-12-05,7.463976
2008-12-08,7.965063
2008-12-09,7.644600
2008-12-10,7.510591
2008-12-11,6.933746
2008-12-12,7.067761
2008-12-15,6.776428
2008-12-16,7.533897
2008-12-17,7.463976
2008-12-18,7.248389
2008-12-19,7.232421
2008-12-22,6.978134
2008-12-23,6.812551
2008-12-24,6.960394
2008-12-26,6.966306
2008-12-29,6.907169
2008-12-30,7.173285
2008-12-31,7.403917
2009-01-02,7.486711
2009-01-05,7.362522
2009-01-06,7.480794
2009-01-07,7.090493
2009-01-08,7.060926
2009-01-09,6.836205
2009-01-12,6.475473
2009-01-13,6.564178
2009-01-14,6.185703
2009-01-15,5.901845
2009-01-16,5.724434
2009-01-20,4.778248
2009-01-21,5.481975
2009-01-22,5.144895
2009-01-23,5.316392
2009-01-26,5.221773
2009-01-27,5.405097
2009-01-28,6.096996
2009-01-29,5.617987
2009-01-30,5.464235
2009-02-02,5.464235
2009-02-03,5.363701
2009-02-04,5.304565
2009-02-05,5.387356
2009-02-06,5.789485
2009-02-09,5.854536
2009-02-10,5.257255
2009-02-11,5.511542
2009-02-12,5.440579
2009-02-13,5.233600
2009-02-17,4.713200
2009-02-18,4.713200
2009-02-19,4.464822
2009-02-20,4.399772
2009-02-23,4.246016
2009-02-24,4.760508
2009-02-25,4.730939
2009-02-26,4.807815
2009-02-27,4.494391
2009-03-02,4.210536
2009-03-03,4.127746
2009-03-04,4.074521
2009-03-05,3.690131
2009-03-06,3.654651
2009-03-09,3.701959
2009-03-10,4.251931
2009-03-11,4.364291
2009-03-12,4.813729
2009-03-13,4.843298
2009-03-16,4.748678
2009-03-17,5.056189
2009-03-18,5.564767
2009-03-19,5.121240
2009-03-20,4.862013
2009-03-23,5.662395
2009-03-24,5.387635
2009-03-25,5.566824
2009-03-26,5.632528
2009-03-27,5.459311
2009-03-30,4.987446
2009-03-31,5.262202
2009-04-01,5.411527
2009-04-02,5.560855
2009-04-03,5.787828
2009-04-06,5.632528
2009-04-07,5.465284
2009-04-08,5.495152
2009-04-09,6.349286
2009-04-13,6.618071
2009-04-14,6.182044
2009-04-15,6.480692
2009-04-16,6.552368
2009-04-17,6.635988
2009-04-20,5.895339
2009-04-21,6.331366
2009-04-22,6.104395
2009-04-23,6.391098
2009-04-24,6.534451
2009-04-27,6.426935
2009-04-28,6.229826
2009-04-29,6.498611
2009-04-30,6.409017
2009-05-01,6.361234
2009-05-04,7.006317
2009-05-05,6.904773
2009-05-06,7.454289
2009-05-07,7.239260
2009-05-08,7.776831
2009-05-11,7.322886
2009-05-12,7.167586
2009-05-13,6.803234
2009-05-14,7.030208
2009-05-15,6.886857
2009-05-18,7.340802
2009-05-19,7.191479
2009-05-20,7.000343
2009-05-21,7.012290
2009-05-22,6.964504
2009-05-26,7.191479
2009-05-27,6.976449
2009-05-28,7.173560
2009-05-29,7.304970
2009-06-01,7.382616
2009-06-02,7.263155
2009-06-03,7.167586
2009-06-04,7.424425
2009-06-05,7.358722
2009-06-08,7.412480
2009-06-09,7.466238
2009-06-10,7.352749
2009-06-11,7.412480
2009-06-12,7.460263
2009-06-15,7.269128
2009-06-16,7.143695
2009-06-17,6.934640
2009-06-18,7.101884
2009-06-19,7.228564
2009-06-22,6.808299
2009-06-23,6.886344
2009-06-24,6.970400
2009-06-25,7.120498
2009-06-26,7.156518
2009-06-29,7.246576
2009-06-30,7.174531
2009-07-01,7.132502
2009-07-02,6.886344
2009-07-06,6.892353
2009-07-07,6.784282
2009-07-08,6.670209
2009-07-09,6.754261
2009-07-10,6.664207
2009-07-13,7.090476
2009-07-14,7.060460
2009-07-15,7.360648
2009-07-16,7.336631
2009-07-17,7.288601
2009-07-20,7.348639
2009-07-21,7.282597
2009-07-22,7.288601
2009-07-23,7.498735
2009-07-24,7.456708
2009-07-27,7.576783
2009-07-28,7.558769
2009-07-29,7.558769
2009-07-30,7.732881
2009-07-31,7.810932
2009-08-03,8.009057
2009-08-04,8.171155
2009-08-05,8.453334
2009-08-06,8.393298
2009-08-07,8.615438
2009-08-10,8.579414
2009-08-11,8.261217
2009-08-12,8.429322
2009-08-13,8.603428
2009-08-14,8.549398
2009-08-17,8.189167
2009-08-18,8.357278
2009-08-19,8.351274
2009-08-20,8.567410
2009-08-21,8.735517
2009-08-24,8.669471
2009-08-25,8.777543
2009-08-26,8.753527
2009-08-27,8.843581
2009-08-28,8.855594
2009-08-31,8.825570
2009-09-01,8.351274
2009-09-02,8.279229
2009-09-03,8.441323
2009-09-04,8.537387
2009-09-08,8.573413
2009-09-09,8.705499
2009-09-10,8.777543
2009-09-11,8.723509
2009-09-14,8.837582
2009-09-15,8.855594
2009-09-16,9.161787
2009-09-17,9.131763
2009-09-18,9.117913
2009-09-21,9.033600
2009-09-22,9.238362
2009-09-23,9.051669
2009-09-24,8.870993
2009-09-25,8.786682
2009-09-28,9.081777
2009-09-29,9.039624
2009-09-30,8.997467
2009-10-01,8.599987
2009-10-02,8.606008
2009-10-05,8.877015
2009-10-06,8.991443
2009-10-07,9.087802
2009-10-08,9.099843
2009-10-09,9.178139
2009-10-12,9.250406
2009-10-13,9.160069
2009-10-14,9.473233
2009-10-15,9.388918
2009-10-16,9.166096
2009-10-19,9.208249
2009-10-20,9.135977
2009-10-21,8.961331
2009-10-22,9.226316
2009-10-23,9.093822
2009-10-26,8.858949
2009-10-27,8.792700
2009-10-28,8.521700
2009-10-29,8.877015
2009-10-30,8.461473
2009-11-02,8.533742
2009-11-03,8.557832
2009-11-04,8.437386
2009-11-05,8.654185
2009-11-06,8.618053
2009-11-09,8.925195
2009-11-10,8.895083
2009-11-11,9.015532
2009-11-12,8.846906
2009-11-13,8.828839
2009-11-16,8.925195
2009-11-17,8.949287
2009-11-18,9.021554
2009-11-19,8.846906
2009-11-20,8.792700
2009-11-23,8.919174
2009-11-24,8.852926
2009-11-25,8.834862
2009-11-27,8.599987
2009-11-30,8.828839
2009-12-01,8.834862
2009-12-02,8.828839
2009-12-03,8.648167
2009-12-04,8.810771
2009-12-07,8.666237
2009-12-08,8.587943
2009-12-09,8.618053
2009-12-10,8.606008
2009-12-11,8.666237
2009-12-14,8.714415
2009-12-15,8.575898
2009-12-16,8.630095
2009-12-17,8.467488
2009-12-18,8.595639
2009-12-21,8.722585
2009-12-22,8.740718
2009-12-23,8.704449
2009-12-24,8.783031
2009-12-28,8.752805
2009-12-29,8.716539
2009-12-30,8.722585
2009-12-31,8.704449
2010-01-04,8.879746
2010-01-05,9.042953
2010-01-06,9.061088
2010-01-07,9.254521
2010-01-08,9.200121
2010-01-11,9.206166
2010-01-12,9.073178
2010-01-13,9.175941
2010-01-14,9.218248
2010-01-15,9.030867
2010-01-19,9.145716
2010-01-20,9.121536
2010-01-21,8.861610
2010-01-22,8.571461
2010-01-25,8.619819
2010-01-26,8.468706
2010-01-27,8.674226
2010-01-28,8.631909
2010-01-29,8.571461
2010-02-01,8.716539
2010-02-02,8.801162
2010-02-03,8.704449
2010-02-04,8.329671
2010-02-05,8.426389
2010-02-08,8.257135
2010-02-09,8.341760
2010-02-10,8.408258
2010-02-11,8.426389
2010-02-12,8.432432
2010-02-16,8.607734
2010-02-17,8.637955
2010-02-18,8.692359
2010-02-19,8.740718
2010-02-22,8.855570
2010-02-23,8.692359
2010-02-24,8.843476
2010-02-25,8.819300
2010-02-26,8.873703
2010-03-01,8.897881
2010-03-02,8.928103
2010-03-03,8.934147
2010-03-04,9.024820
2010-03-05,9.200121
2010-03-08,9.218248
2010-03-09,9.248477
2010-03-10,9.351237
2010-03-11,9.429817
2010-03-12,9.393553
2010-03-15,9.393553
2010-03-16,9.508399
2010-03-17,9.623251
2010-03-18,9.568848
2010-03-19,9.505837
2010-03-22,9.554310
2010-03-23,9.633073
2010-03-24,9.639130
2010-03-25,9.681536
2010-03-26,9.693653
2010-03-29,9.705770
2010-03-30,9.645187
2010-03-31,9.663363
2010-04-01,9.742122
2010-04-05,9.839057
2010-04-06,9.942056
2010-04-07,9.905704
2010-04-08,9.984466
2010-04-09,10.020813
2010-04-12,10.063223
2010-04-13,10.069283
2010-04-14,10.329801
2010-04-15,10.287389
2010-04-16,9.911760
2010-04-19,10.008699
2010-04-20,10.141987
2010-04-21,10.081399
2010-04-22,10.135927
2010-04-23,10.166221
2010-04-26,10.008699
2010-04-27,9.669424
2010-04-28,9.808764
2010-04-29,10.032930
2010-04-30,9.790590
2010-05-03,9.978403
2010-05-04,9.705770
2010-05-05,9.651243
2010-05-06,9.245323
2010-05-07,9.142329
2010-05-10,9.651243
2010-05-11,9.614893
2010-05-12,9.723948
2010-05-13,9.548248
2010-05-14,9.299853
2010-05-17,9.305909
2010-05-18,9.039333
2010-05-19,9.051451
2010-05-20,8.633414
2010-05-21,8.936338
2010-05-24,8.681879
2010-05-25,8.760638
2010-05-26,8.700057
2010-05-27,9.093863
2010-05-28,8.893928
2010-06-01,8.706112
2010-06-02,8.978745
2010-06-03,8.930278
2010-06-04,8.572826
2010-06-07,8.403186
2010-06-08,8.578886
2010-06-09,8.488008
2010-06-10,8.766699
2010-06-11,8.790934
2010-06-14,8.754579
2010-06-15,8.960574
2010-06-16,8.966629
2010-06-17,8.954511
2010-06-18,9.003690
2010-06-21,8.991548
2010-06-22,8.851907
2010-06-23,8.809411
2010-06-24,8.651559
2010-06-25,8.888334
2010-06-28,8.803339
2010-06-29,8.487633
2010-06-30,8.384418
2010-07-01,8.305493
2010-07-02,8.208352
2010-07-06,8.256924
2010-07-07,8.621202
2010-07-08,8.687984
2010-07-09,8.809411
2010-07-12,8.821555
2010-07-13,9.040114
2010-07-14,8.973334
2010-07-15,8.955118
2010-07-16,8.578700
2010-07-19,8.572631
2010-07-20,8.663699
2010-07-21,8.524061
2010-07-22,8.772984
2010-07-23,8.839767
2010-07-26,8.961192
2010-07-27,8.985477
2010-07-28,8.906549
2010-07-29,8.936903
2010-07-30,8.930836
2010-08-02,9.155470
2010-08-03,9.052263
2010-08-04,9.088689
2010-08-05,9.052263
2010-08-06,8.973334
2010-08-09,9.021905
2010-08-10,8.942978
2010-08-11,8.627273
2010-08-12,8.566559
2010-08-13,8.542274
2010-08-16,8.517985
2010-08-17,8.584770
2010-08-18,8.621202
2010-08-19,8.420846
2010-08-20,8.396562
2010-08-23,8.341921
2010-08-24,8.202284
2010-08-25,8.226568
2010-08-26,8.159784
2010-08-27,8.335847
2010-08-30,8.159784
2010-08-31,8.232641
2010-09-01,8.548345
2010-09-02,8.633345
2010-09-03,8.815482
2010-09-07,8.615128
2010-09-08,8.700127
2010-09-09,8.809411
2010-09-10,8.821555
2010-09-13,9.009765
2010-09-14,8.930836
2010-09-15,8.961192
2010-09-16,8.936903
2010-09-17,8.890053
2010-09-20,9.060430
2010-09-21,8.975238
2010-09-22,8.829204
2010-09-23,8.658829
2010-09-24,8.890053
2010-09-27,8.792698
2010-09-28,8.810946
2010-09-29,8.744011
2010-09-30,8.731845
2010-10-01,8.823119
2010-10-04,8.762269
2010-10-05,8.963066
2010-10-06,8.956987
2010-10-07,8.920475
2010-10-08,8.944816
2010-10-11,8.932643
2010-10-12,9.036087
2010-10-13,9.042177
2010-10-14,8.883968
2010-10-15,8.731845
2010-10-18,8.926562
2010-10-19,8.804865
2010-10-20,8.890053
2010-10-21,8.890053
2010-10-22,8.883968
2010-10-25,8.853543
2010-10-26,8.865712
2010-10-27,8.871796
2010-10-28,8.871796
2010-10-29,8.859630
2010-11-01,8.859630
2010-11-02,8.883968
2010-11-03,8.969154
2010-11-04,9.267315
2010-11-05,9.480289
2010-11-08,9.407270
2010-11-09,9.230803
2010-11-10,9.334251
2010-11-11,9.242971
2010-11-12,9.090857
2010-11-15,9.133449
2010-11-16,8.981326
2010-11-17,8.920475
2010-11-18,9.042177
2010-11-19,9.042177
2010-11-22,8.908307
2010-11-23,8.768355
2010-11-24,8.902223
2010-11-26,8.774439
2010-11-29,8.847457
2010-11-30,8.798779
2010-12-01,8.975238
2010-12-02,9.206467
2010-12-03,9.236894
2010-12-06,9.224723
2010-12-07,9.236894
2010-12-08,9.389016
2010-12-09,9.504627
2010-12-10,9.589816
2010-12-13,9.583730
2010-12-14,9.498545
2010-12-15,9.419440
2010-12-16,9.431609
2010-12-17,9.484130
2010-12-20,9.490239
2010-12-21,9.655123
2010-12-22,9.765051
2010-12-23,9.691765
2010-12-27,9.777263
2010-12-28,9.777263
2010-12-29,9.758942
2010-12-30,9.728409
2010-12-31,9.740622
2011-01-03,9.954366
2011-01-04,9.942152
2011-01-05,10.058185
2011-01-06,9.991006
2011-01-07,9.905507
2011-01-10,9.881082
2011-01-11,9.917726
2011-01-12,10.082610
2011-01-13,10.052075
2011-01-14,10.210857
2011-01-18,10.149787
2011-01-19,9.923833
2011-01-20,9.972685
2011-01-21,10.052075
2011-01-24,10.039865
2011-01-25,10.021540
2011-01-26,10.015434
2011-01-27,10.100934
2011-01-28,9.923833
2011-01-31,10.015434
2011-02-01,10.223071
2011-02-02,10.143682
2011-02-03,10.149787
2011-02-04,10.143682
2011-02-07,10.290249
2011-02-08,10.363535
2011-02-09,10.290249
2011-02-10,10.290249
2011-02-11,10.430711
2011-02-14,10.436819
2011-02-15,10.424600
2011-02-16,10.479568
2011-02-17,10.467346
2011-02-18,10.491777
2011-02-22,10.168111
2011-02-23,10.125360
2011-02-24,10.100934
2011-02-25,10.241394
2011-02-28,10.290249
2011-03-01,10.070397
2011-03-02,10.009332
2011-03-03,10.216965
2011-03-04,10.088720
2011-03-07,10.021540
2011-03-08,10.241394
2011-03-09,10.241394
2011-03-10,10.033757
2011-03-11,10.100934
2011-03-14,10.009332
2011-03-15,9.893297
2011-03-16,9.710087
2011-03-17,9.826120
2011-03-18,9.962050
2011-03-21,10.011032
2011-03-22,9.955922
2011-03-23,9.931434
2011-03-24,9.980419
2011-03-25,10.004908
2011-03-28,9.974298
2011-03-29,9.992665
2011-03-30,10.072261
2011-03-31,10.035525
2011-04-01,10.121248
2011-04-04,10.109002
2011-04-05,10.102877
2011-04-06,10.219216
2011-04-07,10.170235
2011-04-08,10.078384
2011-04-11,10.078384
2011-04-12,10.041648
2011-04-13,9.968176
2011-04-14,9.876327
2011-04-15,9.882449
2011-04-18,9.747744
2011-04-19,9.778363
2011-04-20,9.802852
2011-04-21,9.857958
2011-04-25,9.845712
2011-04-26,9.906945
2011-04-27,9.968176
2011-04-28,10.047772
2011-04-29,10.029402
2011-05-02,9.986542
2011-05-03,10.029402
2011-05-04,9.943679
2011-05-05,9.815098
2011-05-06,9.864080
2011-05-09,9.839590
2011-05-10,9.931434
2011-05-11,9.796729
2011-05-12,9.796729
2011-05-13,9.655903
2011-05-16,9.643661
2011-05-17,9.717131
2011-05-18,9.759994
2011-05-19,9.759994
2011-05-20,9.625288
2011-05-23,9.490582
2011-05-24,9.478337
2011-05-25,9.484459
2011-05-26,9.533442
2011-05-27,9.600794
2011-05-31,9.698762
2011-06-01,9.374246
2011-06-02,9.380369
2011-06-03,9.319139
2011-06-06,9.141576
2011-06-07,9.123206
2011-06-08,9.037482
2011-06-09,9.141576
2011-06-10,9.080342
2011-06-13,9.172186
2011-06-14,9.221171
2011-06-15,9.019112
2011-06-16,9.068101
2011-06-17,9.149827
2011-06-20,9.143682
2011-06-21,9.272722
2011-06-22,9.217420
2011-06-23,9.125244
2011-06-24,9.069941
2011-06-27,9.162118
2011-06-28,9.205128
2011-06-29,9.395620
2011-06-30,9.432496
2011-07-01,9.604550
2011-07-05,9.518522
2011-07-06,9.469361
2011-07-07,9.622982
2011-07-08,9.500086
2011-07-11,9.242002
2011-07-12,9.205128
2011-07-13,9.211273
2011-07-14,9.143682
2011-07-15,9.125244
2011-07-18,9.002344
2011-07-19,9.112954
2011-07-20,9.217420
2011-07-21,9.438638
2011-07-22,9.414058
2011-07-25,9.346460
2011-07-26,9.334174
2011-07-27,9.112954
2011-07-28,9.119099
2011-07-29,9.094520
2011-08-01,9.063795
2011-08-02,8.817996
2011-08-03,8.861012
2011-08-04,8.412431
2011-08-05,8.252662
2011-08-08,7.472256
2011-08-09,8.049882
2011-08-10,7.490690
2011-08-11,7.908546
2011-08-12,7.853239
2011-08-15,8.105184
2011-08-16,7.945417
2011-08-17,7.994572
2011-08-18,7.607444
2011-08-19,7.453819
2011-08-22,7.361645
2011-08-23,7.601299
2011-08-24,7.804085
2011-08-25,7.779501
2011-08-26,7.847098
2011-08-29,8.172778
2011-08-30,8.117476
2011-08-31,8.221937
2011-09-01,8.037592
2011-09-02,7.705761
2011-09-06,7.570574
2011-09-07,7.933129
2011-09-08,7.761068
2011-09-09,7.515268
2011-09-12,7.601299
2011-09-13,7.650458
2011-09-14,7.742632
2011-09-15,7.939272
2011-09-16,7.963952
2011-09-19,7.748038
2011-09-20,7.723364
2011-09-21,7.340894
2011-09-22,7.131156
2011-09-23,7.205179
2011-09-26,7.525959
2011-09-27,7.562973
2011-09-28,7.347064
2011-09-29,7.550636
2011-09-30,7.285374
2011-10-03,6.958431
2011-10-04,7.236023
2011-10-05,7.340894
2011-10-06,7.569145
2011-10-07,7.297715
2011-10-10,7.674012
2011-10-11,7.667841
2011-10-12,7.865247
2011-10-13,7.680181
2011-10-14,7.772713
2011-10-17,7.532127
2011-10-18,7.889922
2011-10-19,7.778880
2011-10-20,7.896089
2011-10-21,8.099658
2011-10-24,8.278556
2011-10-25,8.031802
2011-10-26,8.173686
2011-10-27,8.661019
2011-10-28,8.667191
2011-10-31,8.327909
2011-11-01,7.933101
2011-11-02,8.167513
2011-11-03,8.309402
2011-11-04,8.198361
2011-11-07,8.241541
2011-11-08,8.395763
2011-11-09,7.939272
2011-11-10,7.976282
2011-11-11,8.167513
2011-11-14,8.000960
2011-11-15,8.037971
2011-11-16,7.840569
2011-11-17,7.686347
2011-11-18,7.711024
2011-11-21,7.519789
2011-11-22,7.451930
2011-11-23,7.248365
2011-11-25,7.266868
2011-11-28,7.482778
2011-11-29,7.445765
2011-11-30,7.902257
2011-12-01,7.859076
2011-12-02,7.963952
2011-12-05,8.124333
2011-12-06,8.130502
2011-12-07,8.229206
2011-12-08,7.908428
2011-12-09,8.081157
2011-12-12,7.889922
2011-12-13,7.778880
2011-12-14,7.748038
2011-12-15,7.754207
2011-12-16,7.785246
2011-12-19,7.611416
2011-12-20,7.896999
2011-12-21,7.940457
2011-12-22,8.108077
2011-12-23,8.163957
2011-12-27,8.120498
2011-12-28,7.990121
2011-12-29,8.114288
2011-12-30,8.070830
2012-01-03,8.281912
2012-01-04,8.257079
2012-01-05,8.368828
2012-01-06,8.319163
2012-01-09,8.362623
2012-01-10,8.511622
2012-01-11,8.610955
2012-01-12,8.641999
2012-01-13,8.579917
2012-01-17,8.511622
2012-01-18,8.641999
2012-01-19,8.722705
2012-01-20,8.778582
2012-01-23,8.809621
2012-01-24,8.797204
2012-01-25,8.815832
2012-01-26,8.741330
2012-01-27,8.772372
2012-01-30,8.691665
2012-01-31,8.728912
2012-02-01,8.865495
2012-02-02,8.908957
2012-02-03,9.151079
2012-02-06,9.107622
2012-02-07,9.101415
2012-02-08,9.169704
2012-02-09,9.132452
2012-02-10,9.045540
2012-02-13,9.126246
2012-02-14,9.039328
2012-02-15,8.983455
2012-02-16,9.126246
2012-02-17,9.182125
2012-02-21,9.175911
2012-02-22,9.057958
2012-02-23,9.138665
2012-02-24,9.107622
2012-02-27,9.175911
2012-02-28,9.200747
2012-02-29,9.163497
2012-03-01,9.262830
2012-03-02,9.231790
2012-03-05,9.194540
2012-03-06,8.971039
2012-03-07,9.082788
2012-03-08,9.169704
2012-03-09,9.244207
2012-03-12,9.219375
2012-03-13,9.573246
2012-03-14,9.585663
2012-03-15,9.753286
2012-03-16,9.790659
2012-03-19,9.840481
2012-03-20,9.890306
2012-03-21,9.846711
2012-03-22,9.715917
2012-03-23,9.796886
2012-03-26,9.952587
2012-03-27,9.859167
2012-03-28,9.884082
2012-03-29,9.784429
2012-03-30,9.840481
2012-04-02,9.915219
2012-04-03,9.859167
2012-04-04,9.703462
2012-04-05,9.678554
2012-04-09,9.529073
2012-04-10,9.323546
2012-04-11,9.473021
2012-04-12,9.647408
2012-04-13,9.423195
2012-04-16,9.491710
2012-04-17,9.616268
2012-04-18,9.553990
2012-04-19,9.510388
2012-04-20,9.460566
2012-04-23,9.392058
2012-04-24,9.497936
2012-04-25,9.578898
2012-04-26,9.659868
2012-04-27,9.666094
2012-04-30,9.610040
2012-05-01,9.709690
2012-05-02,9.634957
2012-05-03,9.553990
2012-05-04,9.404510
2012-05-07,9.460566
2012-05-08,9.398283
2012-05-09,9.292403
2012-05-10,9.329777
2012-05-11,9.223893
2012-05-14,9.037051
2012-05-15,8.987226
2012-05-16,8.856435
2012-05-17,8.675818
2012-05-18,8.576164
2012-05-21,8.657134
2012-05-22,8.725644
2012-05-23,8.756781
2012-05-24,8.763009
2012-05-25,8.731872
2012-05-29,8.856435
2012-05-30,8.650908
2012-05-31,8.725644
2012-06-01,8.401777
2012-06-04,8.320812
2012-06-05,8.457833
2012-06-06,8.706960
2012-06-07,8.700728
2012-06-08,8.806607
2012-06-11,8.644676
2012-06-12,8.775469
2012-06-13,8.744328
2012-06-14,8.850209
2012-06-15,8.974119
2012-06-18,8.924050
2012-06-19,9.074250
2012-06-20,9.093019
2012-06-21,8.892764
2012-06-22,8.974119
2012-06-25,8.786375
2012-06-26,8.830180
2012-06-27,8.936567
2012-06-28,8.930308
2012-06-29,9.161860
2012-07-02,9.218183
2012-07-03,9.268246
2012-07-05,9.130570
2012-07-06,9.055474
2012-07-09,9.042956
2012-07-10,8.974119
2012-07-11,9.049215
2012-07-12,8.955341
2012-07-13,9.205667
2012-07-16,9.186893
2012-07-17,9.236958
2012-07-18,9.193149
2012-07-19,9.136826
2012-07-20,8.999150
2012-07-23,8.924050
2012-07-24,8.899021
2012-07-25,8.930308
2012-07-26,9.067989
2012-07-27,9.236958
2012-07-30,9.218183
2012-07-31,9.174376
2012-08-01,9.130570
2012-08-02,9.061730
2012-08-03,9.274507
2012-08-06,9.312057
2012-08-07,9.349605
2012-08-08,9.349605
2012-08-09,9.343344
2012-08-10,9.349605
2012-08-13,9.355863
2012-08-14,9.343344
2012-08-15,9.374640
2012-08-16,9.437217
2012-08-17,9.468507
2012-08-20,9.493540
2012-08-21,9.524831
2012-08-22,9.512316
2012-08-23,9.418445
2012-08-24,9.468507
2012-08-27,9.462246
2012-08-28,9.449729
2012-08-29,9.468507
2012-08-30,9.418445
2012-08-31,9.487282
2012-09-04,9.487282
2012-09-05,9.487282
2012-09-06,9.712573
2012-09-07,9.812703
2012-09-10,9.731343
2012-09-11,9.812703
2012-09-12,9.850253
2012-09-13,10.106834
2012-09-14,10.188190
2012-09-17,10.094316
2012-09-18,10.044256
2012-09-19,10.037993
2012-09-20,9.981673
2012-09-21,9.947736
2012-09-24,9.954021
2012-09-25,9.803201
2012-09-26,9.740361
2012-09-27,9.828342
2012-09-28,9.796919
2012-10-01,9.840906
2012-10-02,9.859762
2012-10-03,9.947736
2012-10-04,10.098557
2012-10-05,10.092274
2012-10-08,10.085991
2012-10-09,10.023149
2012-10-10,10.016861
2012-10-11,10.073419
2012-10-12,9.935169
2012-10-15,10.048282
2012-10-16,10.111123
2012-10-17,10.243092
2012-10-18,10.261943
2012-10-19,10.123693
2012-10-22,10.123693
2012-10-23,9.954021
2012-10-24,9.954021
2012-10-25,9.979156
2012-10-26,9.928883
2012-10-31,9.991727
2012-11-01,10.117410
2012-11-02,10.054567
2012-11-05,10.035715
2012-11-06,10.148829
2012-11-07,9.809486
2012-11-08,9.727790
2012-11-09,9.740361
2012-11-12,9.759212
2012-11-13,9.690088
2012-11-14,9.520416
2012-11-15,9.539268
2012-11-16,9.602115
2012-11-19,9.784349
2012-11-20,9.834625
2012-11-21,9.834625
2012-11-23,9.954021
2012-11-26,9.916318
2012-11-27,9.828342
2012-11-28,9.866041
2012-11-29,9.916318
2012-11-30,9.903748
2012-12-03,9.866041
2012-12-04,9.840906
2012-12-05,9.960308
2012-12-06,9.991727
2012-12-07,10.073419
2012-12-10,10.048282
2012-12-11,10.098557
2012-12-12,10.142543
2012-12-13,10.092274
2012-12-14,10.054567
2012-12-17,10.261943
2012-12-18,10.412761
2012-12-19,10.349918
2012-12-20,10.494451
2012-12-21,10.370513
2012-12-24,10.351545
2012-12-26,10.351545
2012-12-27,10.313604
2012-12-28,10.231400
2012-12-31,10.364192
2013-01-02,10.667717
2013-01-03,10.655067
2013-01-04,10.781539
2013-01-07,10.756245
2013-01-08,10.724629
2013-01-09,10.711985
2013-01-10,10.844776
2013-01-11,10.819481
2013-01-14,10.787867
2013-01-15,10.832126
2013-01-16,10.838449
2013-01-17,10.832126
2013-01-18,10.844776
2013-01-22,10.945949
2013-01-23,10.939629
2013-01-24,10.996538
2013-01-25,11.047126
2013-01-28,11.002862
2013-01-29,11.047126
2013-01-30,10.996538
2013-01-31,10.990216
2013-02-01,11.135656
2013-02-04,11.009188
2013-02-05,11.116685
2013-02-06,11.135656
2013-02-07,11.104036
2013-02-08,11.129330
2013-02-11,11.179920
2013-02-12,11.268446
2013-02-13,11.243158
2013-02-14,11.281098
2013-02-15,11.230508
2013-02-19,11.338009
2013-02-20,11.167273
2013-02-21,11.078743
2013-02-22,11.217859
2013-02-25,10.914332
2013-02-26,10.971245
2013-02-27,11.141979
2013-02-28,11.123008
2013-03-01,11.154625
2013-03-04,11.249479
2013-03-05,11.344333
2013-03-06,11.420212
2013-03-07,11.502419
2013-03-08,11.534039
2013-03-11,11.622564
2013-03-12,11.559331
2013-03-13,11.590949
2013-03-14,11.666829
2013-03-15,11.706166
2013-03-18,11.591958
2013-03-19,11.528511
2013-03-20,11.604649
2013-03-21,11.465069
2013-03-22,11.534856
2013-03-25,11.503130
2013-03-26,11.579269
2013-03-27,11.522166
2013-03-28,11.553892
2013-04-01,11.496786
2013-04-02,11.566581
2013-04-03,11.376238
2013-04-04,11.477753
2013-04-05,11.439685
2013-04-08,11.553892
2013-04-09,11.585613
2013-04-10,11.744236
2013-04-11,11.769612
2013-04-12,11.718856
2013-04-15,11.471408
2013-04-16,11.649064
2013-04-17,11.433338
2013-04-18,11.312788
2013-04-19,11.471408
2013-04-22,11.484096
2013-04-23,11.693475
2013-04-24,11.763269
2013-04-25,11.833062
2013-04-26,11.782302
2013-04-29,11.833062
2013-04-30,11.864787
2013-05-01,11.731544
2013-05-02,11.833062
2013-05-03,11.959960
2013-05-06,12.086855
2013-05-07,12.150304
2013-05-08,12.251819
2013-05-09,12.162993
2013-05-10,12.213751
2013-05-13,12.251819
2013-05-14,12.461201
2013-05-15,12.575402
2013-05-16,12.492921
2013-05-17,12.657889
2013-05-20,12.683265
2013-05-21,12.714990
2013-05-22,12.581747
2013-05-23,12.505610
2013-05-24,12.518302
2013-05-28,12.645198
2013-05-29,12.645198
2013-05-30,12.797474
2013-05-31,12.588091
2013-06-03,12.600784
2013-06-04,12.486577
2013-06-05,12.283543
2013-06-06,12.454855
2013-06-07,12.670576
2013-06-10,12.676922
2013-06-11,12.467544
2013-06-12,12.334305
2013-06-13,12.569061
2013-06-14,12.404093
2013-06-17,12.524645
2013-06-18,12.607124
2013-06-19,12.435817
2013-06-20,12.169337
2013-06-21,12.180168
2013-06-24,11.963574
2013-06-25,12.186536
2013-06-26,12.307572
2013-06-27,12.466831
2013-06-28,12.390390
2013-07-01,12.428611
2013-07-02,12.441354
2013-07-03,12.403134
2013-07-05,12.626093
2013-07-08,12.721651
2013-07-09,12.829946
2013-07-10,12.753501
2013-07-11,12.874538
2013-07-12,12.963721
2013-07-15,13.021059
2013-07-16,12.970096
2013-07-17,13.027428
2013-07-18,13.199430
2013-07-19,13.205798
2013-07-22,13.294984
2013-07-23,13.244021
2013-07-24,13.148467
2013-07-25,13.161204
2013-07-26,13.148467
2013-07-29,13.052907
2013-07-30,13.046539
2013-07-31,13.052907
2013-08-01,13.263130
2013-08-02,13.256763
2013-08-05,13.231281
2013-08-06,13.110240
2013-08-07,13.021059
2013-08-08,13.052907
2013-08-09,13.008315
2013-08-12,12.957352
2013-08-13,13.021059
2013-08-14,12.970096
2013-08-15,12.778983
2013-08-16,12.753501
2013-08-19,12.587872
2013-08-20,12.708907
2013-08-21,12.619723
2013-08-22,12.766241
2013-08-23,12.778983
2013-08-26,12.696168
2013-08-27,12.390390
2013-08-28,12.409502
2013-08-29,12.441354
2013-08-30,12.384021
2013-09-03,12.485945
2013-09-04,12.581501
2013-09-05,12.613353
2013-09-06,12.613353
2013-09-09,12.759871
2013-09-10,12.912758
2013-09-11,12.925503
2013-09-12,12.829946
2013-09-13,12.868170
2013-09-16,13.008315
2013-09-17,13.072021
2013-09-18,13.186685
2013-09-19,13.135726
2013-09-20,13.066010
2013-09-23,12.880543
2013-09-24,12.797406
2013-09-25,12.867754
2013-09-26,12.867754
2013-09-27,12.822980
2013-09-30,12.733449
2013-10-01,12.822980
2013-10-02,12.816586
2013-10-03,12.720656
2013-10-04,12.822980
2013-10-07,12.675888
2013-10-08,12.515998
2013-10-09,12.560770
2013-10-10,12.918919
2013-10-11,12.989265
2013-10-14,13.053223
2013-10-15,12.957290
2013-10-16,13.232295
2013-10-17,13.347415
2013-10-18,13.372995
2013-10-21,13.347415
2013-10-22,13.372995
2013-10-23,13.264275
2013-10-24,13.283462
2013-10-25,13.341017
2013-10-28,13.309044
2013-10-29,13.347415
2013-10-30,13.296251
2013-10-31,13.155549
2013-11-01,13.187531
2013-11-04,13.193922
2013-11-05,13.123573
2013-11-06,13.187531
2013-11-07,13.040433
2013-11-08,13.341017
2013-11-11,13.347415
2013-11-12,13.219509
2013-11-13,13.334627
2013-11-14,13.449742
2013-11-15,13.513700
2013-11-18,13.507298
2013-11-19,13.526489
2013-11-20,13.488117
2013-11-21,13.679981
2013-11-22,13.743939
2013-11-25,13.763124
2013-11-26,13.750329
2013-11-27,13.788703
2013-11-29,13.737539
2013-12-02,13.731142
2013-12-03,13.590447
2013-12-04,13.622428
2013-12-05,13.494510
2013-12-06,13.679981
2013-12-09,13.737539
2013-12-10,13.686376
2013-12-11,13.500909
2013-12-12,13.500909
2013-12-13,13.513700
2013-12-16,13.596837
2013-12-17,13.507298
2013-12-18,13.820683
2013-12-19,13.801499
2013-12-20,13.885671
2013-12-23,13.949928
2013-12-24,13.975630
2013-12-26,14.007757
2013-12-27,14.001332
2013-12-30,13.975630
2013-12-31,14.046305
2014-01-02,13.969206
2014-01-03,14.065592
2014-01-06,14.078438
2014-01-07,14.084860
2014-01-08,14.129841
2014-01-09,14.181245
2014-01-10,14.155543
2014-01-13,13.943500
2014-01-14,14.059164
2014-01-15,14.226232
2014-01-16,14.136267
2014-01-17,14.091287
2014-01-21,14.104143
2014-01-22,14.110564
2014-01-23,13.879246
2014-01-24,13.564393
2014-01-27,13.480865
2014-01-28,13.660773
2014-01-29,13.500138
2014-01-30,13.692904
2014-01-31,13.532263
2014-02-03,13.191711
2014-02-04,13.320220
2014-02-05,13.307371
2014-02-06,13.512984
2014-02-07,13.680054
2014-02-10,13.692904
2014-02-11,13.834267
2014-02-12,13.834267
2014-02-13,13.885671
2014-02-14,13.904951
2014-02-18,13.930647
2014-02-19,13.737883
2014-02-20,13.776439
2014-02-21,13.802135
2014-02-24,13.904951
2014-02-25,13.821419
2014-02-26,13.802135
2014-02-27,13.872822
2014-02-28,13.943500
2014-03-03,13.834267
2014-03-04,14.116996
2014-03-05,14.264781
2014-03-06,14.309756
2014-03-07,14.374019
2014-03-10,14.380444
2014-03-11,14.284057
2014-03-12,14.258355
2014-03-13,14.097712
2014-03-14,14.007757
2014-03-17,14.155543
2014-03-18,14.226232
2014-03-19,14.219802
2014-03-20,14.444695
2014-03-21,14.446634
2014-03-24,14.440179
2014-03-25,14.427285
2014-03-26,14.278951
2014-03-27,14.201550
2014-03-28,14.259602
2014-03-31,14.407935
2014-04-01,14.433734
2014-04-02,14.465975
2014-04-03,14.440179
2014-04-04,14.298292
2014-04-07,14.079013
2014-04-08,14.098360
2014-04-09,14.220901
2014-04-10,13.891984
2014-04-11,13.724298
2014-04-14,13.833941
2014-04-15,13.962922
2014-04-16,14.072571
2014-04-17,14.098360
2014-04-21,14.085464
2014-04-22,14.182203
2014-04-23,14.214453
2014-04-24,14.208002
2014-04-25,14.091916
2014-04-28,14.008070
2014-04-29,14.143506
2014-04-30,14.162857
2014-05-01,14.188654
2014-05-02,14.182203
2014-05-05,14.124164
2014-05-06,13.924233
2014-05-07,14.111263
2014-05-08,14.149957
2014-05-09,14.143506
2014-05-12,14.285394
2014-05-13,14.272497
2014-05-14,14.169311
2014-05-15,14.008070
2014-05-16,14.027421
2014-05-19,14.098360
2014-05-20,14.014520
2014-05-21,14.104814
2014-05-22,14.169311
2014-05-23,14.214453
2014-05-27,14.336991
2014-05-28,14.311193
2014-05-29,14.343438
2014-05-30,14.375688
2014-06-02,14.414387
2014-06-03,14.433734
2014-06-04,14.472427
2014-06-05,14.607863
2014-06-06,14.704608
2014-06-09,14.769100
2014-06-10,14.762651
2014-06-11,14.665911
2014-06-12,14.575618
2014-06-13,14.582068
2014-06-16,14.511124
2014-06-17,14.659457
2014-06-18,14.743306
2014-06-19,14.723957
2014-06-20,14.782231
2014-06-23,14.814602
2014-06-24,14.717477
2014-06-25,14.730431
2014-06-26,14.678631
2014-06-27,14.736903
2014-06-30,14.723955
2014-07-01,14.814602
2014-07-02,14.801657
2014-07-03,14.918207
2014-07-07,14.853456
2014-07-08,14.723955
2014-07-09,14.762807
2014-07-10,14.665679
2014-07-11,14.691582
2014-07-14,14.782231
2014-07-15,14.885827
2014-07-16,14.859928
2014-07-17,14.665679
2014-07-18,14.834028
2014-07-21,14.795178
2014-07-22,14.840506
2014-07-23,14.872876
2014-07-24,14.905256
2014-07-25,14.821079
2014-07-28,14.827555
2014-07-29,14.749853
2014-07-30,14.814602
2014-07-31,14.510283
2014-08-01,14.387259
2014-08-04,14.503811
2014-08-05,14.354882
2014-08-06,14.413157
2014-08-07,14.348407
2014-08-08,14.490858
2014-08-11,14.503811
2014-08-12,14.536181
2014-08-13,14.600925
2014-08-14,14.691582
2014-08-15,14.620358
2014-08-18,14.782231
2014-08-19,14.808128
2014-08-20,14.846982
2014-08-21,15.021805
2014-08-22,14.970004
2014-08-25,15.099503
2014-08-26,15.131874
2014-08-27,15.099503
2014-08-28,15.054177
2014-08-29,15.125393
2014-09-02,15.183670
2014-09-03,15.157779
2014-09-04,15.170725
2014-09-05,15.190142
2014-09-08,15.196624
2014-09-09,15.041222
2014-09-10,15.118925
2014-09-11,15.157779
2014-09-12,15.144827
2014-09-15,15.138350
2014-09-16,15.203095
2014-09-17,15.267845
2014-09-18,15.416767
2014-09-19,15.376466
2014-09-22,15.272428
2014-09-23,15.168408
2014-09-24,15.252925
2014-09-25,14.999364
2014-09-26,15.142398
2014-09-29,15.090392
2014-09-30,15.064382
2014-10-01,14.882335
2014-10-02,14.921345
2014-10-03,15.135900
2014-10-06,15.090392
2014-10-07,14.836826
2014-10-08,15.116395
2014-10-09,14.797812
2014-10-10,14.680782
2014-10-13,14.550749
2014-10-14,14.609262
2014-10-15,14.329690
2014-10-16,14.329690
2014-10-17,14.511737
2014-10-20,14.596260
2014-10-21,14.869331
2014-10-22,14.732796
2014-10-23,14.875828
2014-10-24,15.018867
2014-10-27,15.038371
2014-10-28,15.200916
2014-10-29,15.239924
2014-10-30,15.324446
2014-10-31,15.499997
2014-11-03,15.558510
2014-11-04,15.565013
2014-11-05,15.669037
2014-11-06,15.695040
2014-11-07,15.701541
2014-11-10,15.786061
2014-11-11,15.734043
2014-11-12,15.701541
2014-11-13,15.695040
2014-11-14,15.643025
2014-11-17,15.643025
2014-11-18,15.695040
2014-11-19,15.662536
2014-11-20,15.662536
2014-11-21,15.740554
2014-11-24,15.844584
2014-11-25,15.831578
2014-11-26,15.851083
2014-11-28,15.864088
2014-12-01,15.753557
2014-12-02,15.903095
2014-12-03,15.974620
2014-12-04,15.994124
2014-12-05,16.137161
2014-12-08,16.215181
2014-12-09,16.176161
2014-12-10,15.968114
2014-12-11,16.007122
2014-12-12,15.695040
2014-12-15,15.552002
2014-12-16,15.402464
2014-12-17,15.753557
2014-12-18,16.117651
2014-12-19,16.128107
2014-12-22,16.239199
2014-12-23,16.330687
2014-12-24,16.304552
2014-12-26,16.304552
2014-12-29,16.363369
2014-12-30,16.343758
2014-12-31,16.160782
2015-01-02,16.160782
2015-01-05,15.820968
2015-01-06,15.579182
2015-01-07,15.742552
2015-01-08,15.977806
2015-01-09,15.762160
2015-01-12,15.631452
2015-01-13,15.579182
2015-01-14,15.356994
2015-01-15,15.167485
2015-01-16,15.350450
2015-01-20,15.285108
2015-01-21,15.324311
2015-01-22,15.703340
2015-01-23,15.533433
2015-01-26,15.611848
2015-01-27,15.441949
2015-01-28,15.160948
2015-01-29,15.285108
2015-01-30,15.036782
2015-02-02,15.278573
2015-02-03,15.533433
2015-02-04,15.494224
2015-02-05,15.651057
2015-02-06,15.775221
2015-02-09,15.696804
2015-02-10,15.820968
2015-02-11,15.820968
2015-02-12,15.977806
2015-02-13,15.964734
2015-02-17,16.017014
2015-02-18,15.918989
2015-02-19,15.853640
2015-02-20,15.971272
2015-02-23,15.932061
2015-02-24,16.010477
2015-02-25,16.010477
2015-02-26,15.971272
2015-02-27,15.912457
2015-03-02,16.030085
2015-03-03,15.984340
2015-03-04,15.886319
2015-03-05,15.951661
2015-03-06,15.834040
2015-03-09,15.905920
2015-03-10,15.566109
2015-03-11,15.664128
2015-03-12,16.003944
2015-03-13,15.892857
2015-03-16,16.088898
2015-03-17,16.049688
2015-03-18,16.141184
2015-03-19,15.990873
2015-03-20,16.207985
2015-03-23,16.116156
2015-03-24,15.984971
2015-03-25,15.729160
2015-03-26,15.716040
2015-03-27,15.696372
2015-03-30,15.925942
2015-03-31,15.814421
2015-04-01,15.801313
2015-04-02,15.880023
2015-04-06,15.906261
2015-04-07,15.820994
2015-04-08,15.880023
2015-04-09,15.906261
2015-04-10,15.899708
2015-04-13,15.958728
2015-04-14,15.958728
2015-04-15,16.017773
2015-04-16,16.044004
2015-04-17,15.827548
2015-04-20,15.893139
2015-04-21,15.814421
2015-04-22,15.925942
2015-04-23,15.952180
2015-04-24,15.925942
2015-04-27,15.866910
2015-04-28,15.958728
2015-04-29,15.952180
2015-04-30,15.827548
2015-05-01,15.965292
2015-05-04,16.122721
2015-05-05,15.978409
2015-05-06,15.899708
2015-05-07,16.011208
2015-05-08,16.240786
2015-05-11,16.181746
2015-05-12,16.122721
2015-05-13,16.129274
2015-05-14,16.273573
2015-05-15,16.201426
2015-05-18,16.293261
2015-05-19,16.385090
2015-05-20,16.339176
2015-05-21,16.299814
2015-05-22,16.306376
2015-05-26,16.122721
2015-05-27,16.299814
2015-05-28,16.280138
2015-05-29,16.135839
2015-06-01,16.148951
2015-06-02,16.175194
2015-06-03,16.312935
2015-06-04,16.168634
2015-06-05,16.260458
2015-06-08,16.162071
2015-06-09,16.201426
2015-06-10,16.431002
2015-06-11,16.496597
2015-06-12,16.424440
2015-06-15,16.352291
2015-06-16,16.444120
2015-06-17,16.424440
2015-06-18,16.575310
2015-06-19,16.298615
2015-06-22,16.548952
2015-06-23,16.581892
2015-06-24,16.443542
2015-06-25,16.344721
2015-06-26,16.397430
2015-06-29,16.002151
2015-06-30,16.061447
2015-07-01,16.305204
2015-07-02,16.232733
2015-07-06,16.166859
2015-07-07,16.199791
2015-07-08,15.916512
2015-07-09,16.041679
2015-07-10,16.232733
2015-07-13,16.430367
2015-07-14,16.469900
2015-07-15,16.608250
2015-07-16,16.772943
2015-07-17,16.726837
2015-07-20,16.746593
2015-07-21,16.726837
2015-07-22,16.852003
2015-07-23,16.707066
2015-07-24,16.548952
2015-07-27,16.430367
2015-07-28,16.496248
2015-07-29,16.660954
2015-07-30,16.660954
2015-07-31,16.608250
2015-08-03,16.588484
2015-08-04,16.562130
2015-08-05,16.628014
2015-08-06,16.568720
2015-08-07,16.601656
2015-08-10,16.759773
2015-08-11,16.608250
2015-08-12,16.456724
2015-08-13,16.516014
2015-08-14,16.634596
2015-08-17,16.667534
2015-08-18,16.654360
2015-08-19,16.502840
2015-08-20,16.153683
2015-08-21,15.573940
2015-08-24,14.908552
2015-08-25,14.710916
2015-08-26,15.264306
2015-08-27,15.639817
2015-08-28,15.567354
2015-08-31,15.435591
2015-09-01,14.934902
2015-09-02,15.139135
2015-09-03,15.224775
2015-09-04,14.921728
2015-09-08,15.303825
2015-09-09,15.093017
2015-09-10,15.165486
2015-09-11,15.231361
2015-09-14,15.198431
2015-09-15,15.415827
2015-09-16,15.514645
2015-09-17,15.297237
2015-09-18,15.001321
2015-09-21,15.173444
2015-09-22,14.981460
2015-09-23,14.988085
2015-09-24,14.882156
2015-09-25,15.100630
2015-09-28,14.749752
2015-09-29,14.776235
2015-09-30,15.001321
2015-10-01,15.007939
2015-10-02,15.027798
2015-10-05,15.345572
2015-10-06,15.272748
2015-10-07,15.391913
2015-10-08,15.484596
2015-10-09,15.385297
2015-10-12,15.398531
2015-10-13,15.279368
2015-10-14,15.153584
2015-10-15,15.497831
2015-10-16,15.590520
2015-10-19,15.577271
2015-10-20,15.669957
2015-10-21,15.557414
2015-10-22,15.808989
2015-10-23,15.981106
2015-10-26,15.914899
2015-10-27,15.822220
2015-10-28,16.192951
2015-10-29,16.173088
2015-10-30,15.941383
2015-11-02,16.159849
2015-11-03,16.186333
2015-11-04,16.139992
2015-11-05,16.206188
2015-11-06,16.371696
2015-11-09,16.192951
2015-11-10,16.265779
2015-11-11,16.212820
2015-11-12,15.967862
2015-11-13,15.835454
2015-11-16,16.027452
2015-11-17,15.994347
2015-11-18,16.279011
2015-11-19,16.305496
2015-11-20,16.331972
2015-11-23,16.265779
2015-11-24,16.219433
2015-11-25,16.232670
2015-11-27,16.272390
2015-11-30,16.259157
2015-12-01,16.437899
2015-12-02,16.245916
2015-12-03,15.981106
2015-12-04,16.404800
2015-12-07,16.252535
2015-12-08,16.047306
2015-12-09,15.861945
2015-12-10,15.875186
2015-12-11,15.524315
2015-12-14,15.557414
2015-12-15,15.921526
2015-12-16,16.179716
2015-12-17,15.948005
2015-12-18,15.521661
2015-12-21,15.674871
2015-12-22,15.821432
2015-12-23,16.007965
2015-12-24,15.994637
2015-12-28,15.981320
2015-12-29,16.147856
2015-12-30,16.034609
2015-12-31,15.874726
2016-01-04,15.568283
2016-01-05,15.628241
2016-01-06,15.388421
2016-01-07,14.955421
2016-01-08,14.722262
2016-01-11,14.742254
2016-01-12,14.855500
2016-01-13,14.469117
2016-01-14,14.595695
2016-01-15,14.269267
2016-01-19,14.262608
2016-01-20,13.982818
2016-01-21,13.922865
2016-01-22,14.176004
2016-01-25,13.889556
2016-01-26,14.122711
2016-01-27,14.069419
2016-01-28,14.076082
2016-01-29,14.469117
2016-02-01,14.409163
2016-02-02,14.009466
2016-02-03,14.022790
2016-02-04,14.142700
2016-02-05,13.956172
2016-02-08,13.603102
2016-02-09,13.583116
2016-02-10,13.509840
2016-02-11,13.096817
2016-02-12,13.649734
2016-02-16,13.869570
2016-02-17,14.056093
2016-02-18,13.976153
2016-02-19,13.976153
2016-02-22,14.195992
2016-02-23,13.942849
2016-02-24,13.909539
2016-02-25,14.102725
2016-02-26,14.202657
2016-02-29,14.049436
2016-03-01,14.522412
2016-03-02,14.682295
2016-03-03,14.782217
2016-03-04,14.842168
2016-03-07,14.835514
2016-03-08,14.595695
2016-03-09,14.615677
2016-03-10,14.602351
2016-03-11,14.982062
2016-03-14,14.935434
2016-03-15,14.928772
2016-03-16,14.895467
2016-03-17,15.075330
2016-03-18,15.209150
2016-03-21,15.182389
2016-03-22,15.135552
2016-03-23,15.021797
2016-03-24,14.928123
2016-03-28,14.974958
2016-03-29,15.001726
2016-03-30,15.088707
2016-03-31,15.055261
2016-04-01,15.189077
2016-04-04,15.115478
2016-04-05,14.901358
2016-04-06,14.981651
2016-04-07,14.700623
2016-04-08,14.754155
2016-04-11,14.814372
2016-04-12,15.001726
2016-04-13,15.342974
2016-04-14,15.376436
2016-04-15,15.322904
2016-04-18,15.436655
2016-04-19,15.630704
2016-04-20,15.751148
2016-04-21,15.610628
2016-04-22,15.757839
2016-04-25,15.724382
2016-04-26,15.824750
2016-04-27,15.851513
2016-04-28,15.684234
2016-04-29,15.597251
2016-05-02,15.737760
2016-05-03,15.537025
2016-05-04,15.416583
2016-05-05,15.409889
2016-05-06,15.476801
2016-05-09,15.436655
2016-05-10,15.657465
2016-05-11,15.490183
2016-05-12,15.496881
2016-05-13,15.309522
2016-05-16,15.389816
2016-05-17,15.302839
2016-05-18,15.570484
2016-05-19,15.423271
2016-05-20,15.530332
2016-05-23,15.516947
2016-05-24,15.751148
2016-05-25,15.918427
2016-05-26,15.824750
2016-05-27,15.931811
2016-05-31,15.891662
2016-06-01,15.925116
2016-06-02,15.958572
2016-06-03,15.731067
2016-06-06,15.824750
2016-06-07,15.791291
2016-06-08,15.804685
2016-06-09,15.690923
2016-06-10,15.496881
2016-06-13,15.389816
2016-06-14,15.162312
2016-06-15,15.182389
2016-06-16,15.222538
2016-06-17,15.209752
2016-06-20,15.297208
2016-06-21,15.384658
2016-06-22,15.371206
2016-06-23,15.694098
2016-06-24,14.853226
2016-06-27,14.429423
2016-06-28,14.799412
2016-06-29,15.135761
2016-06-30,15.377934
2016-07-01,15.297208
2016-07-05,15.068492
2016-07-06,15.108850
2016-07-07,15.129031
2016-07-08,15.418290
2016-07-11,15.505742
2016-07-12,15.700831
2016-07-13,15.700831
2016-07-14,15.848823
2016-07-15,15.821915
2016-07-18,15.875738
2016-07-19,15.882460
2016-07-20,15.909369
2016-07-21,15.828641
2016-07-22,15.929540
2016-07-25,15.895918
2016-07-26,15.909369
2016-07-27,15.902638
2016-07-28,15.936275
2016-07-29,15.909369
2016-08-01,15.869002
2016-08-02,15.734463
2016-08-03,15.895918
2016-08-04,15.855545
2016-08-05,16.158258
2016-08-08,16.178448
2016-08-09,16.191900
2016-08-10,16.064085
2016-08-11,16.097721
2016-08-12,16.050632
2016-08-15,16.158258
2016-08-16,16.117903
2016-08-17,16.171715
2016-08-18,16.158258
2016-08-19,16.151537
2016-08-22,16.151537
2016-08-23,16.171715
2016-08-24,16.164993
2016-08-25,16.198626
2016-08-26,16.218807
2016-08-29,16.360077
2016-08-30,16.508064
2016-08-31,16.521519
2016-09-01,16.454248
2016-09-02,16.528246
2016-09-06,16.501337
2016-09-07,16.494619
2016-09-08,16.481159
2016-09-09,16.171715
2016-09-12,16.353340
2016-09-13,16.064085
2016-09-14,16.023722
2016-09-15,16.117903
2016-09-16,15.965146
2016-09-19,16.066950
2016-09-20,16.075266
2016-09-21,16.175110
2016-09-22,16.208395
2016-09-23,16.125189
2016-09-26,15.867251
2016-09-27,15.992059
2016-09-28,16.066950
2016-09-29,15.842289
2016-09-30,16.058624
2016-10-03,15.983745
2016-10-04,16.050303
2016-10-05,16.308245
2016-10-06,16.333199
2016-10-07,16.324877
2016-10-10,16.408089
2016-10-11,16.258318
2016-10-12,16.241674
2016-10-13,16.083584
2016-10-14,16.158464
2016-10-17,16.083584
2016-10-18,16.216709
2016-10-19,16.358168
2016-10-20,16.358168
2016-10-21,16.349842
2016-10-24,16.399769
2016-10-25,16.383129
2016-10-26,16.482965
2016-10-27,16.524570
2016-10-28,16.449684
2016-10-31,16.424723
2016-11-01,16.358168
2016-11-02,16.250004
2016-11-03,16.266636
2016-11-04,16.216709
2016-11-07,16.624420
2016-11-08,16.632738
2016-11-09,17.339993
2016-11-10,17.980669
2016-11-11,18.030584
2016-11-14,18.471582
2016-11-15,18.454941
2016-11-16,18.188681
2016-11-17,18.438297
2016-11-18,18.438297
2016-11-21,18.504860
2016-11-22,18.513182
2016-11-23,18.621347
2016-11-25,18.646309
2016-11-28,18.429972
2016-11-29,18.479897
2016-11-30,18.729515
2016-12-01,19.054016
2016-12-02,18.846006
2016-12-05,19.070648
2016-12-06,19.237066
2016-12-07,19.536608
2016-12-08,19.719656
2016-12-09,19.761259
2016-12-12,19.569887
2016-12-13,19.619804
2016-12-14,19.528284
2016-12-15,19.694696
2016-12-16,19.525021
2016-12-19,19.533377
2016-12-20,19.775768
2016-12-21,19.725628
2016-12-22,19.675472
2016-12-23,19.708900
2016-12-27,19.733980
2016-12-28,19.533377
2016-12-29,19.391291
2016-12-30,19.433086
2017-01-03,19.650393
2017-01-04,19.809202
2017-01-05,19.608601
2017-01-06,19.675472
2017-01-09,19.541737
2017-01-10,19.583530
2017-01-11,19.708900
2017-01-12,19.541737
2017-01-13,19.650393
2017-01-17,19.182327
2017-01-18,19.341131
2017-01-19,19.257553
2017-01-20,19.349499
2017-01-23,19.224123
2017-01-24,19.466507
2017-01-25,19.792484
2017-01-26,19.842632
2017-01-27,19.767416
2017-01-30,19.608601
2017-01-31,19.483231
2017-02-01,19.508303
2017-02-02,19.433086
2017-02-03,19.825920
2017-02-06,19.733980
2017-02-07,19.683834
2017-02-08,19.550095
2017-02-09,19.817560
2017-02-10,19.876070
2017-02-13,20.101746
2017-02-14,20.335775
2017-02-15,20.494583
2017-02-16,20.444433
2017-02-17,20.452797
2017-02-21,20.553093
2017-02-22,20.569813
2017-02-23,20.569813
2017-02-24,20.411005
2017-02-27,20.519663
2017-02-28,20.511303
2017-03-01,21.096386
2017-03-02,20.770414
2017-03-03,20.870708
2017-03-06,20.711905
2017-03-07,20.653393
2017-03-08,20.661753
2017-03-09,20.736975
2017-03-10,20.720264
2017-03-13,20.770414
2017-03-14,20.711905
2017-03-15,20.678469
2017-03-16,20.711905
2017-03-17,20.508911
2017-03-20,20.341146
2017-03-21,19.770756
2017-03-22,19.728821
2017-03-23,19.770756
2017-03-24,19.745592
2017-03-27,19.670101
2017-03-28,19.938520
2017-03-29,19.812696
2017-03-30,20.072725
2017-03-31,19.904968
2017-04-03,19.863026
2017-04-04,19.837866
2017-04-05,19.686871
2017-04-06,19.812696
2017-04-07,19.728821
2017-04-10,19.678484
2017-04-11,19.619768
2017-04-12,19.460396
2017-04-13,19.208752
2017-04-17,19.544281
2017-04-18,19.359735
2017-04-19,19.301022
2017-04-20,19.628157
2017-04-21,19.426844
2017-04-24,19.863026
2017-04-25,20.039181
2017-04-26,20.022404
2017-04-27,19.930130
2017-04-28,19.737206
2017-05-01,19.863026
2017-05-02,19.837866
2017-05-03,19.997229
2017-05-04,20.030785
2017-05-05,19.997229
2017-05-08,19.980459
2017-05-09,19.904968
2017-05-10,19.972069
2017-05-11,19.846245
2017-05-12,19.762375
2017-05-15,19.913347
2017-05-16,19.972069
2017-05-17,19.342962
2017-05-18,19.418459
2017-05-19,19.586216
2017-05-22,19.636549
2017-05-23,19.787529
2017-05-24,19.779142
2017-05-25,19.812696
2017-05-26,19.804308
2017-05-30,19.670101
2017-05-31,19.502340
2017-06-01,19.745592
2017-06-02,19.670101
2017-06-05,19.703651
2017-06-06,19.619768
2017-06-07,19.770756
2017-06-08,19.997229
2017-06-09,20.374699
2017-06-12,20.416643
2017-06-13,20.525688
2017-06-14,20.559240
2017-06-15,20.475357
2017-06-16,20.452623
2017-06-19,20.663126
2017-06-20,20.486301
2017-06-21,20.317900
2017-06-22,20.191593
2017-06-23,20.115816
2017-06-26,20.225283
2017-06-27,20.326321
2017-06-28,20.646288
2017-06-29,20.789434
2017-06-30,20.772591
2017-07-03,21.075716
2017-07-05,21.109392
2017-07-06,20.949411
2017-07-07,21.092554
2017-07-10,21.067291
2017-07-11,20.882048
2017-07-12,20.949411
2017-07-13,21.075716
2017-07-14,20.983097
2017-07-17,20.915731
2017-07-18,20.882048
2017-07-19,20.890472
2017-07-20,20.882048
2017-07-21,20.882048
2017-07-24,20.974678
2017-07-25,21.235703
2017-07-26,21.092554
2017-07-27,20.974678
2017-07-28,20.974678
2017-07-31,21.126240
2017-08-01,21.277800
2017-08-02,21.311478
2017-08-03,21.235703
2017-08-04,21.378845
2017-08-07,21.345167
2017-08-08,21.286221
2017-08-09,21.286221
2017-08-10,20.907316
2017-08-11,20.823114
2017-08-14,21.109392
2017-08-15,21.126240
2017-08-16,21.084137
2017-08-17,20.722071
2017-08-18,20.730490
2017-08-21,20.671545
2017-08-22,20.898895
2017-08-23,20.831526
2017-08-24,20.831526
2017-08-25,20.890472
2017-08-28,20.755751
2017-08-29,20.688391
2017-08-30,20.772591
2017-08-31,20.797852
2017-09-01,20.856791
2017-09-05,20.410513
2017-09-06,20.461044
2017-09-07,20.107389
2017-09-08,20.292639
2017-09-11,20.646288
2017-09-12,20.890472
2017-09-13,20.924152
2017-09-14,20.882048
2017-09-15,20.943779
2017-09-18,21.188974
2017-09-19,21.349630
2017-09-20,21.476460
2017-09-21,21.527191
2017-09-22,21.501825
2017-09-25,21.476460
2017-09-26,21.467999
2017-09-27,21.730118
2017-09-28,21.763935
2017-09-29,21.865400
2017-10-02,22.051416
2017-10-03,22.127516
2017-10-04,22.026060
2017-10-05,22.254343
2017-10-06,22.279711
2017-10-09,22.195156
2017-10-10,22.296625
2017-10-11,22.254343
2017-10-12,22.085241
2017-10-13,22.093697
2017-10-16,22.237436
2017-10-17,22.127516
2017-10-18,22.245899
2017-10-19,22.262802
2017-10-20,22.524912
2017-10-23,22.508001
2017-10-24,22.668655
2017-10-25,22.533373
2017-10-26,22.660206
2017-10-27,22.643295
2017-10-30,22.550287
2017-10-31,22.491108
2017-11-01,22.524912
2017-11-02,22.736298
2017-11-03,22.643295
2017-11-06,22.617924
2017-11-07,22.305075
2017-11-08,22.195156
2017-11-09,22.119068
2017-11-10,22.051416
2017-11-13,22.085241
2017-11-14,22.076788
2017-11-15,22.135979
2017-11-16,22.144432
2017-11-17,22.119068
2017-11-20,22.220522
2017-11-21,22.288164
2017-11-22,22.178247
2017-11-24,22.169792
2017-11-27,22.152882
2017-11-28,22.727840
2017-11-29,23.116793
2017-11-30,23.268982
2017-12-01,23.319712
2017-12-04,23.674843
2017-12-05,23.548006
2017-12-06,23.463453
2017-12-07,23.539549
2017-12-08,23.683294
2017-12-11,23.624107
2017-12-12,23.860851
2017-12-13,23.564928
2017-12-14,23.412724
2017-12-15,23.623386
2017-12-18,23.835754
2017-12-19,23.733822
2017-12-20,23.691345
2017-12-21,23.895214
2017-12-22,23.827257
2017-12-26,23.759304
2017-12-27,23.784790
2017-12-28,23.878222
2017-12-29,23.708336
2018-01-02,23.716831
2018-01-03,23.844246
2018-01-04,24.065107
2018-01-05,24.133062
2018-01-08,24.099081
2018-01-09,24.285967
2018-01-10,24.489838
2018-01-11,24.608761
2018-01-12,24.829618
2018-01-16,24.761656
2018-01-17,24.948542
2018-01-18,24.914558
2018-01-19,25.092947
2018-01-22,25.296820
2018-01-23,25.322298
2018-01-24,25.492189
2018-01-25,25.441225
2018-01-26,25.628105
2018-01-29,25.526173
2018-01-30,25.194883
2018-01-31,25.262840
2018-02-01,25.500683
2018-02-02,24.940048
2018-02-05,23.682842
2018-02-06,24.116070
2018-02-07,24.133062
2018-02-08,23.071241
2018-02-09,23.512957
2018-02-12,23.844246
2018-02-13,23.946182
2018-02-14,24.515316
2018-02-15,24.651228
2018-02-16,24.617250
2018-02-20,24.540798
2018-02-21,24.574776
2018-02-22,24.370911
2018-02-23,24.736174
2018-02-26,25.109938
2018-02-27,24.872089
2018-02-28,24.523809
2018-03-01,24.099081
2018-03-02,24.158543
2018-03-05,24.498325
2018-03-06,24.600267
2018-03-07,24.557791
2018-03-08,24.634235
2018-03-09,25.228863
2018-03-12,25.143917
2018-03-13,24.863594
2018-03-14,24.583275
2018-03-15,24.591772
2018-03-16,24.613081
2018-03-19,24.434048
2018-03-20,24.493729
2018-03-21,24.485199
2018-03-22,23.581501
2018-03-23,22.865356
2018-03-26,23.607080
2018-03-27,23.146696
2018-03-28,23.189327
2018-03-29,23.504766
2018-04-02,22.984715
2018-04-03,23.300158
2018-04-04,23.547396
2018-04-05,23.734953
2018-04-06,23.163752
2018-04-09,23.291634
2018-04-10,23.641176
2018-04-11,23.359831
2018-04-12,23.769058
2018-04-13,23.410988
2018-04-16,23.513290
2018-04-17,23.513290
2018-04-18,23.402462
2018-04-19,23.760536
2018-04-20,23.769058
2018-04-23,23.743486
2018-04-24,23.590029
2018-04-25,23.572975
2018-04-26,23.581501
2018-04-27,23.615599
2018-04-30,23.402462
2018-05-01,23.410988
2018-05-02,23.146696
2018-05-03,22.950609
2018-05-04,23.249006
2018-05-07,23.402462
2018-05-08,23.564447
2018-05-09,23.913994
2018-05-10,24.110073
2018-05-11,24.093031
2018-05-14,24.075972
2018-05-15,24.033352
2018-05-16,24.075972
2018-05-17,24.024828
2018-05-18,23.828745
2018-05-21,23.999247
2018-05-22,24.161234
2018-05-23,24.007769
2018-05-24,23.820213
2018-05-25,23.743486
2018-05-29,22.950609
2018-05-30,23.368361
2018-05-31,23.172270
2018-06-01,23.428041
2018-06-04,23.504766
2018-06-05,23.402462
2018-06-06,23.828745
2018-06-07,23.905468
2018-06-08,23.939571
2018-06-11,23.888411
2018-06-12,23.828745
2018-06-13,23.743486
2018-06-14,23.521824
2018-06-15,23.520960
2018-06-18,23.478153
2018-06-19,23.418217
2018-06-20,23.358282
2018-06-21,23.289780
2018-06-22,23.178469
2018-06-25,22.930159
2018-06-26,22.853094
2018-06-27,22.570534
2018-06-28,22.767471
2018-06-29,22.767471
2018-07-02,22.878777
2018-07-03,22.673283
2018-07-05,22.724663
2018-07-06,22.835972
2018-07-09,23.358282
2018-07-10,23.272652
2018-07-11,23.161339
2018-07-12,23.204157
2018-07-13,23.101408
2018-07-16,23.512400
2018-07-17,23.538088
2018-07-18,23.914833
2018-07-19,23.555216
2018-07-20,23.598026
2018-07-23,23.923399
2018-07-24,23.991896
2018-07-25,24.043274
2018-07-26,24.034708
2018-07-27,24.086084
2018-07-30,24.103209
2018-07-31,23.931965
2018-08-01,23.931965
2018-08-02,23.940523
2018-08-03,24.077520
2018-08-06,24.205959
2018-08-07,24.317272
2018-08-08,24.377205
2018-08-09,24.231647
2018-08-10,23.949083
2018-08-13,23.717897
2018-08-14,23.940523
2018-08-15,23.752148
2018-08-16,24.068958
2018-08-17,24.120333
2018-08-20,24.197393
2018-08-21,24.291578
2018-08-22,24.205959
2018-08-23,24.094646
2018-08-24,24.180267
2018-08-27,24.505640
2018-08-28,24.479961
2018-08-29,24.471392
2018-08-30,24.283018
2018-08-31,24.257336
2018-09-04,24.377205
2018-09-05,24.394333
2018-09-06,24.283018
2018-09-07,24.257336
2018-09-10,24.231647
2018-09-11,24.257336
2018-09-12,24.034708
2018-09-13,24.000458
2018-09-14,24.171709
2018-09-17,24.068958
2018-09-18,24.188833
2018-09-19,24.599833
2018-09-20,24.813887
2018-09-21,24.717558
2018-09-24,24.442352
2018-09-25,24.347742
2018-09-26,24.055332
2018-09-27,23.969326
2018-09-28,23.719913
2018-10-01,23.814528
2018-10-02,23.814528
2018-10-03,24.038137
2018-10-04,24.201540
2018-10-05,24.081133
2018-10-08,24.244543
2018-10-09,24.149937
2018-10-10,23.401699
2018-10-11,22.705069
2018-10-12,22.730871
2018-10-15,22.627665
2018-10-16,23.006081
2018-10-17,23.238295
2018-10-18,22.851274
2018-10-19,22.937281
2018-10-22,22.447063
2018-10-23,22.266451
2018-10-24,21.707424
2018-10-25,22.042835
2018-10-26,21.724625
2018-10-29,21.913834
2018-10-30,22.292250
2018-10-31,22.601864
2018-11-01,22.705069
2018-11-02,22.687864
2018-11-05,23.049084
2018-11-06,23.169493
2018-11-07,23.470505
2018-11-08,23.539312
2018-11-09,23.324297
2018-11-12,22.859877
2018-11-13,22.988884
2018-11-14,22.679268
2018-11-15,23.014683
2018-11-16,23.040482
2018-11-19,23.031889
2018-11-20,22.524464
2018-11-21,22.541658
2018-11-23,22.361055
2018-11-26,22.816879
2018-11-27,22.834074
2018-11-28,23.272696
2018-11-29,23.074886
2018-11-30,23.195293
2018-12-03,23.341503
2018-12-04,22.326653
2018-12-06,22.017035
2018-12-07,21.595623
2018-12-10,21.294605
2018-12-11,21.088194
2018-12-12,21.208601
2018-12-13,21.053795
2018-12-14,20.847382
2018-12-17,20.640972
2018-12-18,20.563568
2018-12-19,20.305555
2018-12-20,20.124945
2018-12-21,19.722534
2018-12-24,19.307142
2018-12-26,20.181202
2018-12-27,20.423512
2018-12-28,20.414864
2018-12-31,20.613905
2019-01-02,20.786985
2019-01-03,20.319666
2019-01-04,20.994678
2019-01-07,21.020636
2019-01-08,21.037952
2019-01-09,21.141794
2019-01-10,21.150455
2019-01-11,21.202377
2019-01-14,21.349489
2019-01-15,21.539879
2019-01-16,21.998547
2019-01-17,22.119705
2019-01-18,22.500481
2019-01-22,22.240858
2019-01-23,22.266817
2019-01-24,22.318743
2019-01-25,22.500481
2019-01-28,22.431246
2019-01-29,22.353361
2019-01-30,22.483168
2019-01-31,22.448559
2019-02-01,22.543751
2019-02-04,22.638945
2019-02-05,22.578369
2019-02-06,22.552404
2019-02-07,22.327396
2019-02-08,22.214893
2019-02-11,22.284128
2019-02-12,22.612980
2019-02-13,22.673559
2019-02-14,22.396635
2019-02-15,22.872602
2019-02-19,22.907213
2019-02-20,23.054333
2019-02-21,22.933180
2019-02-22,22.898565
2019-02-25,22.993757
2019-02-26,22.924526
2019-02-27,23.011066
2019-02-28,22.950485
2019-03-01,23.097610
2019-03-04,22.950485
2019-03-05,22.863943
2019-03-06,22.716827
2019-03-07,22.483168
2019-03-08,22.474516
2019-03-11,22.708174
2019-03-12,22.760098
2019-03-13,22.915869
2019-03-14,23.002413
2019-03-15,23.163330
2019-03-18,23.398184
2019-03-19,23.215519
2019-03-20,22.737120
2019-03-21,22.667532
2019-03-22,22.041267
2019-03-25,21.945580
2019-03-26,22.206530
2019-03-27,22.110844
2019-03-28,22.302206
2019-03-29,22.363094
2019-04-01,22.911083
2019-04-02,22.893682
2019-04-03,22.963270
2019-04-04,23.102442
2019-04-05,23.137239
2019-04-08,23.163330
2019-04-09,22.971966
2019-04-10,23.041553
2019-04-11,23.180723
2019-04-12,23.606943
2019-04-15,23.459070
2019-04-16,23.789600
2019-04-17,23.850489
2019-04-18,23.780903
2019-04-22,23.711317
2019-04-23,23.859188
2019-04-24,23.833086
2019-04-25,23.876585
2019-04-26,24.094040
2019-04-29,24.337587
2019-04-30,24.372377
2019-05-01,24.172319
2019-05-02,24.198418
2019-05-03,24.415867
2019-05-06,24.250607
2019-05-07,23.850489
2019-05-08,23.798298
2019-05-09,23.746107
2019-05-10,23.902678
2019-05-13,23.206820
2019-05-14,23.389482
2019-05-15,23.302500
2019-05-16,23.537354
2019-05-17,23.380787
2019-05-20,23.406878
2019-05-21,23.650427
2019-05-22,23.511259
2019-05-23,23.180723
2019-05-24,23.363388
2019-05-28,23.093740
2019-05-29,23.050251
2019-05-30,22.971966
2019-05-31,22.624041
2019-06-03,22.771914
2019-06-04,23.389482
2019-06-05,23.537354
2019-06-06,23.624331
2019-06-07,23.589540
2019-06-10,23.789600
2019-06-11,23.798298
2019-06-12,23.563446
2019-06-13,23.641727
2019-06-14,23.693920
2019-06-17,23.476463
2019-06-18,23.789600
2019-06-19,23.746107
2019-06-20,23.850489
2019-06-21,23.797161
2019-06-24,23.700993
2019-06-25,23.622307
2019-06-26,23.578596
2019-06-27,23.788412
2019-06-28,24.129377
2019-07-01,24.417877
2019-07-02,24.356682
2019-07-03,24.549017
2019-07-05,24.618956
2019-07-08,24.496561
2019-07-09,24.540270
2019-07-10,24.452850
2019-07-11,24.592728
2019-07-12,24.758842
2019-07-15,24.618956
2019-07-16,24.557764
2019-07-17,24.347939
2019-07-18,24.531532
2019-07-19,24.426620
2019-07-22,24.479078
2019-07-23,24.732611
2019-07-24,24.986139
2019-07-25,24.811293
2019-07-26,25.082312
2019-07-29,24.889978
2019-07-30,24.820036
2019-07-31,24.697639
2019-08-01,24.138119
2019-08-02,24.129377
2019-08-05,23.325064
2019-08-06,23.700993
2019-08-07,23.386257
2019-08-08,23.832130
2019-08-09,23.753450
2019-08-12,23.298834
2019-08-13,23.587341
2019-08-14,22.713085
2019-08-15,22.826742
2019-08-16,23.228891
2019-08-19,23.464943
2019-08-20,23.150211
2019-08-21,23.255125
2019-08-22,23.412491
2019-08-23,22.817997
2019-08-26,23.036556
2019-08-27,22.896679
2019-08-28,23.106501
2019-08-29,23.456200
2019-08-30,23.534880
2019-09-03,23.290092
2019-09-04,23.517401
2019-09-05,23.998241
2019-09-06,23.989492
2019-09-09,24.356682
2019-09-10,24.444105
2019-09-11,24.583986
2019-09-12,24.715124
2019-09-13,24.907461
2019-09-16,24.820036
2019-09-17,24.846264
2019-09-18,24.933691
2019-09-19,24.820036
2019-09-20,24.674168
2019-09-23,24.718103
2019-09-24,24.480858
2019-09-25,24.682959
2019-09-26,24.568726
2019-09-27,24.665382
2019-09-30,24.603876
2019-10-01,24.085436
2019-10-02,23.593357
2019-10-03,23.690016
2019-10-04,24.129372
2019-10-07,24.006351
2019-10-08,23.531849
2019-10-09,23.751520
2019-10-10,23.997564
2019-10-11,24.296324
2019-10-14,24.331474
2019-10-15,24.682959
2019-10-16,24.621449
2019-10-17,24.639019
2019-10-18,24.700531
2019-10-21,25.043228
2019-10-22,24.972937
2019-10-23,25.078377
2019-10-24,25.043228
2019-10-25,25.166250
2019-10-28,25.298052
2019-10-29,25.359562
2019-10-30,25.341990
2019-10-31,25.218969
2019-11-01,25.588026
2019-11-04,25.807701
2019-11-05,25.904364
2019-11-06,26.036169
2019-11-07,26.229486
2019-11-08,26.220695
2019-11-11,26.150402
2019-11-12,26.185551
2019-11-13,26.018597
2019-11-14,26.071318
2019-11-15,26.141615
2019-11-18,26.194342
2019-11-19,26.247059
2019-11-20,26.124046
2019-11-21,26.097679
2019-11-22,26.291002
2019-11-25,26.457949
2019-11-26,26.431595
2019-11-27,26.537039
2019-11-29,26.493105
2019-12-02,26.326149
2019-12-03,25.957090
2019-12-04,26.203123
2019-12-05,26.326149
2019-12-06,26.677628
2019-12-09,26.616119
2019-12-10,26.624901
2019-12-11,26.563396
2019-12-12,27.081835
2019-12-13,26.985174
2019-12-16,27.081835
2019-12-17,27.187279
2019-12-18,27.073048
2019-12-19,27.064260
2019-12-20,27.096056
2019-12-23,27.034239
2019-12-24,27.096056
2019-12-26,27.246197
2019-12-27,27.175541
2019-12-30,27.096056
2019-12-31,27.184374
2020-01-02,27.449327
2020-01-03,27.157875
2020-01-06,27.140217
2020-01-07,26.963577
2020-01-08,27.140217
2020-01-09,27.308022
2020-01-10,27.104893
2020-01-13,27.290356
2020-01-14,27.237366
2020-01-15,27.087227
2020-01-16,27.325684
2020-01-17,27.405169
2020-01-21,27.175541
2020-01-22,27.255028
2020-01-23,27.184374
2020-01-24,26.839933
2020-01-27,26.424835
2020-01-28,26.733957
2020-01-29,26.689787
2020-01-30,27.025396
2020-01-31,26.460163
2020-02-03,26.645632
2020-02-04,26.901754
2020-02-05,27.440500
2020-02-06,27.405169
2020-02-07,27.308022
2020-02-10,27.387505
2020-02-11,27.484657
2020-02-12,27.502323
2020-02-13,27.493488
2020-02-14,27.528818
2020-02-18,27.290356
2020-02-19,27.493488
2020-02-20,27.440500
2020-02-21,27.175541
2020-02-24,26.292364
2020-02-25,25.400345
2020-02-26,25.214878
2020-02-27,24.137400
2020-02-28,23.483835
2020-03-02,24.684971
2020-03-03,23.757627
2020-03-04,24.543661
2020-03-05,23.360191
2020-03-06,22.565331
2020-03-09,20.145407
2020-03-10,21.328876
2020-03-11,20.171900
2020-03-12,17.990440
2020-03-13,20.357370
2020-03-16,17.566509
2020-03-17,18.520348
2020-03-18,16.948277
2020-03-19,17.319216
2020-03-20,16.700991
2020-03-23,15.729266
2020-03-24,17.679846
2020-03-25,18.160803
2020-03-26,19.300865
2020-03-27,18.713018
2020-03-30,19.069284
2020-03-31,18.543791
2020-04-01,17.412638
2020-04-02,17.849072
2020-04-03,17.492796
2020-04-06,18.748646
2020-04-07,18.935688
2020-04-08,19.764017
2020-04-09,20.823908
2020-04-13,20.066841
2020-04-14,20.155910
2020-04-15,19.283051
2020-04-16,18.944593
2020-04-17,19.942148
2020-04-20,19.594793
2020-04-21,18.962402
2020-04-22,19.167261
2020-04-23,19.087103
2020-04-24,19.363207
2020-04-27,20.022312
2020-04-28,20.236067
2020-04-29,20.823908
2020-04-30,20.298418
2020-05-01,19.648230
2020-05-04,19.470093
2020-05-05,19.407749
2020-05-06,18.989126
2020-05-07,19.434467
2020-05-08,19.853083
2020-05-11,19.470093
2020-05-12,18.962402
2020-05-13,18.401283
2020-05-14,18.873341
2020-05-15,18.748646
2020-05-18,19.710573
2020-05-19,19.229610
2020-05-20,19.657127
2020-05-21,19.594793
2020-05-22,19.523529
2020-05-26,20.538898
2020-05-27,21.429567
2020-05-28,21.091116
2020-05-29,20.850630
2020-06-01,21.091116
2020-06-02,21.260344
2020-06-03,22.053036
2020-06-04,22.534002
2020-06-05,23.371239
2020-06-08,23.816572
2020-06-09,23.308889
2020-06-10,22.436033
2020-06-11,20.601240
2020-06-12,21.224718
2020-06-15,21.518637
2020-06-16,21.857096
2020-06-17,21.527544
2020-06-18,21.500824
2020-06-19,21.358316
2020-06-22,21.252548
2020-06-23,21.351143
2020-06-24,20.598206
2020-06-25,21.144983
2020-06-26,20.239672
2020-06-29,20.463757
2020-06-30,20.741621
2020-07-01,20.562357
2020-07-02,20.589243
2020-07-06,20.983637
2020-07-07,20.553394
2020-07-08,20.768517
2020-07-09,20.329304
2020-07-10,21.028456
2020-07-13,21.118090
2020-07-14,21.225657
2020-07-15,21.646944
2020-07-16,21.646944
2020-07-17,21.467670
2020-07-20,21.369072
2020-07-21,21.790359
2020-07-22,21.790359
2020-07-23,21.808287
2020-07-24,21.754513
2020-07-27,21.575233
2020-07-28,21.521448
2020-07-29,21.924812
2020-07-30,21.530413
2020-07-31,21.539381
2020-08-03,21.602119
2020-08-04,21.512487
2020-08-05,21.808287
2020-08-06,21.799314
2020-08-07,22.265429
2020-08-10,22.426767
2020-08-11,22.686714
2020-08-12,22.623968
2020-08-13,22.480551
2020-08-14,22.570189
2020-08-17,22.193712
2020-08-18,22.050301
2020-08-19,22.041332
2020-08-20,21.835176
2020-08-21,21.790359
2020-08-24,22.310246
2020-08-25,22.372988
2020-08-26,22.265429
2020-08-27,22.641893
2020-08-28,22.731529
2020-08-31,22.462624
2020-09-01,22.525366
2020-09-02,22.848061
2020-09-03,22.498476
2020-09-04,22.668785
2020-09-08,22.086159
2020-09-09,22.310246
2020-09-10,21.996523
2020-09-11,22.148901
2020-09-14,22.453659
2020-09-15,22.148901
2020-09-16,22.399876
2020-09-17,22.166828
2020-09-18,22.122007
2020-09-21,21.567717
2020-09-22,21.387457
2020-09-23,20.909782
2020-09-24,20.954844
2020-09-25,21.171158
2020-09-28,21.675873
2020-09-29,21.405485
2020-09-30,21.693901
2020-10-01,21.729954
2020-10-02,21.901196
2020-10-05,22.261705
2020-10-06,22.036388
2020-10-07,22.405916
2020-10-08,22.712353
2020-10-09,22.739384
2020-10-12,22.991753
2020-10-13,22.550117
2020-10-14,22.333811
2020-10-15,22.505056
2020-10-16,22.523077
2020-10-19,22.180593
2020-10-20,22.360849
2020-10-21,22.243681
2020-10-22,22.685310
2020-10-23,22.757416
2020-10-26,22.243681
2020-10-27,21.838106
2020-10-28,21.279310
2020-10-29,21.441542
2020-10-30,21.504631
2020-11-02,21.910210
2020-11-03,22.396902
2020-11-04,22.135529
2020-11-05,22.676300
2020-11-06,22.496040
2020-11-09,24.343672
2020-11-10,24.469856
2020-11-11,24.370710
2020-11-12,23.965134
2020-11-13,24.361700
2020-11-16,24.902466
2020-11-17,24.866417
2020-11-18,24.632088
2020-11-19,24.713200
2020-11-20,24.496891
2020-11-23,24.956549
2020-11-24,25.830788
2020-11-25,25.740664
2020-11-27,25.659548
2020-11-30,25.127789
2020-12-01,25.515343
2020-12-02,25.794741
2020-12-03,25.803749
2020-12-04,26.119205
2020-12-07,25.938944
2020-12-08,25.929930
2020-12-09,25.866844
2020-12-10,25.911909
2020-12-11,25.650537
2020-12-14,25.353113
2020-12-15,25.785728
2020-12-16,25.830788
2020-12-17,25.902893
2020-12-18,25.677572
2020-12-21,26.023710
2020-12-22,25.770000
2020-12-23,26.195873
2020-12-24,26.232121
2020-12-28,26.358974
2020-12-29,26.268360
2020-12-30,26.386160
2020-12-31,26.712357
2021-01-04,26.349916
2021-01-05,26.467712
2021-01-06,27.636602
2021-01-07,28.035294
2021-01-08,28.017168
2021-01-11,28.107788
2021-01-12,28.397741
2021-01-13,28.379620
2021-01-14,28.506472
2021-01-15,28.035294
2021-01-19,28.107788
2021-01-20,27.989988
2021-01-21,27.690969
2021-01-22,27.491621
2021-01-25,27.292273
2021-01-26,27.074810
2021-01-27,26.277426
2021-01-28,26.766731
2021-01-29,26.232121
2021-02-01,26.576441
2021-02-02,27.219790
2021-02-03,27.373829
2021-02-04,27.980925
2021-02-05,27.989988
2021-02-08,28.352436
2021-02-09,28.361496
2021-02-10,28.361496
2021-02-11,28.270885
2021-02-12,28.560841
2021-02-16,29.050148
2021-02-17,29.195126
2021-02-18,29.022961
2021-02-19,29.367281
2021-02-22,29.639120
2021-02-23,29.820347
2021-02-24,30.400261
2021-02-25,29.847527
2021-02-26,29.276678
2021-03-01,30.191854
2021-03-02,30.083118
2021-03-03,30.318712
2021-03-04,29.974388
2021-03-05,30.545248
2021-03-08,30.934875
2021-03-09,30.653973
2021-03-10,31.279198
2021-03-11,31.188587
2021-03-12,31.505735
2021-03-15,31.324503
2021-03-16,30.998291
2021-03-17,31.206705
2021-03-18,31.369799
2021-03-19,31.007357
2021-03-22,30.607811
2021-03-23,30.180052
2021-03-24,30.289261
2021-03-25,30.798944
2021-03-26,31.281305
2021-03-29,31.008266
2021-03-30,31.226700
2021-03-31,30.990067
2021-04-01,31.372322
2021-04-05,31.618052
2021-04-06,31.554346
2021-04-07,31.709076
2021-04-08,31.718178
2021-04-09,31.991215
2021-04-12,32.127743
2021-04-13,31.827396
2021-04-14,32.018524
2021-04-15,31.991215
2021-04-16,32.218758
2021-04-19,32.127743
2021-04-20,31.527052
2021-04-21,31.963911
2021-04-22,31.608959
2021-04-23,32.200554
2021-04-26,32.327969
2021-04-27,32.582798
2021-04-28,32.710217
2021-04-29,33.292709
2021-04-30,33.001465
2021-05-03,33.165287
2021-05-04,33.429222
2021-05-05,33.702267
2021-05-06,34.202839
2021-05-07,34.384876
2021-05-10,34.357563
2021-05-11,33.747768
2021-05-12,33.401928
2021-05-13,33.938904
2021-05-14,34.475883
2021-05-17,34.539589
2021-05-18,34.057220
2021-05-19,33.847889
2021-05-20,33.866085
2021-05-21,34.202839
2021-05-24,34.366676
2021-05-25,34.020821
2021-05-26,34.120934
2021-05-27,34.512280
2021-05-28,34.576000
2021-06-01,34.785328
2021-06-02,34.839931
2021-06-03,34.921841
2021-06-04,35.012859
2021-06-07,34.785328
2021-06-08,34.694305
2021-06-09,34.366676
2021-06-10,33.966206
2021-06-11,34.184643
2021-06-14,33.829697
2021-06-15,33.893394
2021-06-16,33.856995
2021-06-17,32.855846
2021-06-18,32.064026
2021-06-21,32.812382
2021-06-22,32.867207
2021-06-23,32.931164
2021-06-24,33.342346
2021-06-25,33.744389
2021-06-28,33.497688
2021-06-29,33.378899
2021-06-30,33.525093
2021-07-01,33.790077
2021-07-02,33.753540
2021-07-06,33.223572
2021-07-07,33.269241
2021-07-08,32.602222
2021-07-09,33.543365
2021-07-12,33.872311
2021-07-13,33.506821
2021-07-14,33.351494
2021-07-15,33.461128
2021-07-16,33.004265
2021-07-19,32.081390
2021-07-20,32.876331
2021-07-21,33.442856
2021-07-22,33.077370
2021-07-23,33.132187
2021-07-26,33.324074
2021-07-27,33.314930
2021-07-28,33.269241
2021-07-29,33.634754
2021-07-30,33.369759
2021-08-02,33.378899
2021-08-03,33.753540
2021-08-04,33.470272
2021-08-05,33.908871
2021-08-06,34.594173
2021-08-09,34.685551
2021-08-10,35.051048
2021-08-11,35.453091
2021-08-12,35.517059
2021-08-13,35.252071
2021-08-16,35.160690
2021-08-17,34.913990
2021-08-18,34.484520
2021-08-19,34.228676
2021-08-20,34.438843
2021-08-23,34.722095
2021-08-24,34.932255
2021-08-25,35.343437
2021-08-26,35.169830
2021-08-27,35.635838
2021-08-30,35.133282
2021-08-31,35.087589
2021-09-01,34.886570
2021-09-02,35.005348
2021-09-03,34.786057
2021-09-07,34.575893
2021-09-08,34.493660
2021-09-09,34.594173
2021-09-10,34.338326
2021-09-13,34.731220
2021-09-14,34.265228
2021-09-15,34.594173
2021-09-16,34.493660
2021-09-17,34.338326
2021-09-20,33.541767
2021-09-21,33.495884
2021-09-22,34.055676
2021-09-23,34.890778
2021-09-24,35.074322
2021-09-27,35.551514
2021-09-28,34.964188
2021-09-29,34.991726
2021-09-30,34.441105
2021-10-01,35.010078
2021-10-04,34.707245
2021-10-05,35.386330
2021-10-06,35.423046
2021-10-07,35.634113
2021-10-08,35.808475
2021-10-11,35.450577
2021-10-12,35.340450
2021-10-13,35.138565
2021-10-14,35.725883
2021-10-15,36.258148
2021-10-18,36.267319
2021-10-19,36.625221
2021-10-20,36.918888
2021-10-21,36.762875
2021-10-22,37.276794
2021-10-25,37.230900
2021-10-26,37.258430
2021-10-27,36.643578
2021-10-28,37.093250
2021-10-29,36.946415
2021-11-01,36.964771
2021-11-02,37.056545
2021-11-03,37.194195
2021-11-04,36.707813
2021-11-05,36.726158
2021-11-08,36.928062
2021-11-09,36.726158
2021-11-10,36.661926
2021-11-11,36.762875
2021-11-12,36.845474
2021-11-15,36.845474
2021-11-16,36.808758
2021-11-17,36.386623
2021-11-18,36.203072
2021-11-19,35.808475
2021-11-22,36.313202
2021-11-23,36.882172
2021-11-24,36.799572
2021-11-26,35.579044
2021-11-29,35.689171
2021-11-30,34.835709
2021-12-01,34.450291
2021-12-02,35.478107
2021-12-03,34.899948
2021-12-06,35.432209
2021-12-07,36.065422
2021-12-08,35.872704
2021-12-09,35.799294
2021-12-10,35.835999
2021-12-13,35.450577
2021-12-14,35.661636
2021-12-15,35.762585
2021-12-16,36.212250
2021-12-17,35.413857
2021-12-20,34.725983
2021-12-21,35.445210
2021-12-22,35.611191
2021-12-23,35.795612
2021-12-27,36.164448
2021-12-28,36.182880
2021-12-29,36.136780
2021-12-30,36.072239
2021-12-31,36.007690
2022-01-03,36.450291
2022-01-04,37.409275
2022-01-05,36.975876
2022-01-06,37.519920
2022-01-07,37.962524
2022-01-10,37.833427
2022-01-11,38.165386
2022-01-12,38.193043
2022-01-13,38.045521
2022-01-14,37.649014
2022-01-18,36.809906
2022-01-19,36.192112
2022-01-20,35.961586
2022-01-21,35.223919
2022-01-24,35.325344
2022-01-25,35.472874
2022-01-26,35.565086
2022-01-27,35.242352
2022-01-28,35.703407
2022-01-31,36.016911
2022-02-01,36.514835
2022-02-02,36.763798
2022-02-03,36.358086
2022-02-04,36.975876
2022-02-07,37.086536
2022-02-08,37.602909
2022-02-09,37.842651
2022-02-10,37.510704
2022-02-11,36.985107
2022-02-14,36.570168
2022-02-15,37.068096
2022-02-16,37.095753
2022-02-17,36.173664
2022-02-18,36.164448
2022-02-22,35.980034
2022-02-23,35.353012
2022-02-24,34.928848
2022-02-25,36.053787
2022-02-28,35.518990
2022-03-01,34.209606
2022-03-02,35.094814
2022-03-03,34.984169
2022-03-04,34.329487
2022-03-07,33.075439
2022-03-08,32.881798
2022-03-09,34.089737
2022-03-10,33.803902
2022-03-11,33.564152
2022-03-14,33.988316
2022-03-15,34.467793
2022-03-16,35.435997
2022-03-17,35.878593
2022-03-18,35.961586
2022-03-21,35.926407
2022-03-22,36.509602
2022-03-23,35.833836
2022-03-24,36.120811
2022-03-25,36.583656
2022-03-28,36.481834
2022-03-29,36.565144
2022-03-30,36.305946
2022-03-31,35.472813
2022-04-01,35.380245
2022-04-04,35.222878
2022-04-05,35.000706
2022-04-06,34.760021
2022-04-07,34.723000
2022-04-08,35.074757
2022-04-11,34.917393
2022-04-12,34.537857
2022-04-13,34.537857
2022-04-14,34.149071
2022-04-18,34.352718
2022-04-19,34.824825
2022-04-20,35.065514
2022-04-21,34.510082
2022-04-22,33.482559
2022-04-25,33.538105
2022-04-26,32.695709
2022-04-27,32.667950
2022-04-28,33.084511
2022-04-29,31.945900
2022-05-02,31.955153
2022-05-03,32.371727
2022-05-04,33.362225
2022-05-05,32.390236
2022-05-06,32.158817
2022-05-09,31.390476
2022-05-10,31.112772
2022-05-11,30.825800
2022-05-12,30.594379
2022-05-13,31.038710
2022-05-16,30.779520
2022-05-17,31.603392
2022-05-18,30.733232
2022-05-19,30.529587
2022-05-20,30.474035
2022-05-23,31.464535
2022-05-24,31.399738
2022-05-25,31.649668
2022-05-26,32.380981
2022-05-27,32.927135
2022-05-31,32.834572
2022-06-01,32.306923
2022-06-02,32.751259
2022-06-03,32.279152
2022-06-06,32.371727
2022-06-07,32.621666
2022-06-08,32.047726
2022-06-09,31.242371
2022-06-10,30.113012
2022-06-13,29.215086
2022-06-14,28.965145
2022-06-15,29.289141
2022-06-16,28.548584
2022-06-17,28.631891
2022-06-21,29.203306
2022-06-22,29.138161
2022-06-23,29.026482
2022-06-24,30.096712
2022-06-27,29.994345
2022-06-28,29.696539
2022-06-29,29.529024
2022-06-30,29.268450
2022-07-01,29.668627
2022-07-05,29.566254
2022-07-06,29.491800
2022-07-07,29.919891
2022-07-08,29.854752
2022-07-11,29.612783
2022-07-12,29.426655
2022-07-13,29.166079
2022-07-14,28.607698
2022-07-15,29.575560
2022-07-18,29.463881
2022-07-19,30.347980
2022-07-20,30.459656
2022-07-21,30.655088
2022-07-22,30.478268
2022-07-25,30.673704
2022-07-26,30.245615
2022-07-27,30.710932
2022-07-28,30.934284
2022-07-29,31.371687
2022-08-01,31.111111
2022-08-02,30.766771
2022-08-03,31.232090
2022-08-04,31.129717
2022-08-05,31.353065
2022-08-08,31.334454
2022-08-09,31.492664
2022-08-10,32.199944
2022-08-11,32.581505
2022-08-12,33.093365
2022-08-15,33.084045
2022-08-16,33.326019
2022-08-17,33.158497
2022-08-18,33.195721
2022-08-19,32.534973
2022-08-22,31.818380
2022-08-23,31.688099
2022-08-24,31.855614
2022-08-25,32.348846
2022-08-26,31.380997
2022-08-29,31.157633
2022-08-30,30.990120
2022-08-31,30.757467
2022-09-01,30.850531
2022-09-02,30.608562
2022-09-06,30.534115
2022-09-07,31.139021
2022-09-08,31.688099
2022-09-09,31.976591
2022-09-12,32.237175
2022-09-13,31.036654
2022-09-14,30.943592
2022-09-15,31.045961
2022-09-16,30.766771
2022-09-19,31.115723
2022-09-20,30.657316
2022-09-21,30.021154
2022-09-22,29.515968
2022-09-23,29.048203
2022-09-26,28.589792
2022-09-27,28.468178
2022-09-28,29.029491
2022-09-29,28.664635
2022-09-30,28.402687
2022-10-03,29.169821
2022-10-04,30.255035
2022-10-05,30.021154
2022-10-06,29.600166
2022-10-07,28.898516
2022-10-10,28.767548
2022-10-11,28.402687
2022-10-12,28.337202
2022-10-13,29.506613
2022-10-14,29.010780
2022-10-17,29.740494
2022-10-18,30.217613
2022-10-19,29.721785
2022-10-20,29.244667
2022-10-21,30.114706
2022-10-24,30.516979
2022-10-25,30.881836
2022-10-26,30.956678
2022-10-27,31.209269
2022-10-28,31.985767
2022-10-31,31.789309
2022-11-01,31.873507
2022-11-02,31.471226
2022-11-03,31.153141
2022-11-04,31.723824
2022-11-07,32.041901
2022-11-08,32.229008
2022-11-09,31.686392
2022-11-10,33.286167
2022-11-11,33.557457
2022-11-14,33.080341
2022-11-15,33.155182
2022-11-16,32.996132
2022-11-17,32.818386
2022-11-18,33.089703
2022-11-21,33.192600
2022-11-22,33.529396
2022-11-23,33.669716
2022-11-25,33.781990
2022-11-28,33.201954
2022-11-29,33.398426
2022-11-30,33.969093
2022-12-01,33.772629
2022-12-02,33.613586
2022-12-05,32.780960
2022-12-06,32.490952
2022-12-07,32.359974
2022-12-08,32.388042
2022-12-09,32.303841
2022-12-12,32.734192
2022-12-13,32.818386
2022-12-14,32.406757
2022-12-15,31.770596
2022-12-16,31.527365
2022-12-19,31.442631
2022-12-20,31.574427
2022-12-21,32.063942
2022-12-22,31.781530
2022-12-23,31.960403
2022-12-27,31.950987
2022-12-28,31.838018
2022-12-29,32.280468
2022-12-30,32.195747
2023-01-03,32.308720
2023-01-04,32.826481
2023-01-05,32.581722
2023-01-06,33.306599
2023-01-09,33.184212
2023-01-10,33.372494
2023-01-11,33.683151
2023-01-12,33.749046
2023-01-13,34.003223
2023-01-17,33.777294
2023-01-18,33.146553
2023-01-19,32.760578
2023-01-20,33.278351
2023-01-23,33.664326
2023-01-24,33.683151
2023-01-25,33.946743
2023-01-26,34.125607
2023-01-27,34.125607
2023-01-30,33.956158
2023-01-31,34.417442
2023-02-01,34.417442
2023-02-02,34.511585
2023-02-03,34.445679
2023-02-06,34.436268
2023-02-07,34.831650
2023-02-08,34.624546
2023-02-09,34.238567
2023-02-10,34.351551
2023-02-13,34.746929
2023-02-14,34.558651
2023-02-15,34.596321
2023-02-16,34.247990
2023-02-17,34.257401
2023-02-21,33.551365
2023-02-22,33.513699
2023-02-23,33.541946
2023-02-24,33.570179
2023-02-27,33.560772
2023-02-28,33.626663
2023-03-01,33.513699
2023-03-02,33.353664
2023-03-03,33.880848
2023-03-06,33.909084
2023-03-07,33.033592
2023-03-08,32.911209
2023-03-09,31.574427
2023-03-10,31.000168
2023-03-13,29.776360
2023-03-14,30.378849
2023-03-15,29.569254
2023-03-16,30.134089
2023-03-17,29.164452
2023-03-20,29.488953
2023-03-21,30.236347
2023-03-22,29.536257
2023-03-23,29.337578
2023-03-24,29.318661
2023-03-27,29.725470
2023-03-28,29.716009
2023-03-29,30.151199
2023-03-30,30.084974
2023-03-31,30.416103
2023-04-03,30.472864
2023-04-04,30.189049
2023-04-05,30.151199
2023-04-06,30.264730
2023-04-10,30.330956
2023-04-11,30.595856
2023-04-12,30.529625
2023-04-13,30.803988
2023-04-14,31.106731
2023-04-17,31.466238
2023-04-18,31.560841
2023-04-19,31.636524
2023-04-20,31.541925
2023-04-21,31.428396
2023-04-24,31.352699
2023-04-25,30.813452
2023-04-26,30.520170
2023-04-27,31.012119
2023-04-28,31.381088
2023-05-01,31.295948
2023-05-02,30.586395
2023-05-03,30.236347
2023-05-04,29.848457
2023-05-05,30.586395
2023-05-08,30.633699
2023-05-09,30.520170
2023-05-10,30.349878
2023-05-11,30.302568
2023-05-12,30.179585
2023-05-15,30.425560
2023-05-16,30.141739
2023-05-17,30.747225
2023-05-18,30.974283
2023-05-19,30.841831
2023-05-22,30.898600
2023-05-23,30.539087
2023-05-24,30.141739
2023-05-25,30.132284
2023-05-26,30.378260
2023-05-30,30.368795
2023-05-31,30.047138
2023-06-01,30.368795
2023-06-02,31.031044
2023-06-05,30.870214
2023-06-06,31.258106
2023-06-07,31.381088
2023-06-08,31.352699
2023-06-09,31.362167
2023-06-12,31.352699
2023-06-13,31.541925
2023-06-14,31.418930
2023-06-15,31.835205
2023-06-16,31.768988
2023-06-20,31.531403
2023-06-21,31.493391
2023-06-22,31.246307
2023-06-23,31.113262
2023-06-26,31.046740
2023-06-27,31.293818
2023-06-28,31.217798
2023-06-29,31.759478
2023-06-30,32.035065
2023-07-03,32.215626
2023-07-05,32.149101
2023-07-06,31.873514
2023-07-07,31.921030
2023-07-10,32.063576
2023-07-11,32.443699
2023-07-12,32.652767
2023-07-13,32.766804
2023-07-14,32.548241
2023-07-17,32.861847
2023-07-18,33.232464
2023-07-19,33.375004
2023-07-20,33.622089
2023-07-21,33.508049
2023-07-24,33.831158
2023-07-25,33.612583
2023-07-26,33.812153
2023-07-27,33.384510
2023-07-28,33.451038
2023-07-31,33.574577
2023-08-01,33.574577
2023-08-02,33.289482
2023-08-03,33.308487
2023-08-04,33.175442
2023-08-07,33.641094
2023-08-08,33.336998
2023-08-09,33.089916
2023-08-10,33.118423
2023-08-11,33.184948
2023-08-14,33.118423
2023-08-15,32.510216
2023-08-16,32.462708
2023-08-17,32.301155
2023-08-18,32.291645
2023-08-21,32.253635
2023-08-22,31.949533
2023-08-23,32.263145
2023-08-24,32.149101
2023-08-25,32.301155
2023-08-28,32.481728
2023-08-29,32.776314
2023-08-30,32.795311
2023-08-31,32.671776
2023-09-01,32.966373
2023-09-05,32.633762
2023-09-06,32.614754
2023-09-07,32.529232
2023-09-08,32.595749
2023-09-11,32.747795
2023-09-12,32.966373
2023-09-13,32.966373
2023-09-14,33.270473
2023-09-15,33.099419
2023-09-18,33.190102
2023-09-19,33.151913
2023-09-20,32.922829
2023-09-21,32.378719
2023-09-22,32.130531
2023-09-25,32.206902
2023-09-26,31.777351
2023-09-27,31.729622
2023-09-28,31.958719
2023-09-29,31.662806
2023-10-02,31.395527
2023-10-03,30.899151
2023-10-04,31.128248
2023-10-05,31.271429
2023-10-06,31.538708
2023-10-09,31.557802
2023-10-10,31.786898
2023-10-11,31.834625
2023-10-12,31.634169
2023-10-13,31.700981
2023-10-16,32.035080
2023-10-17,32.187820
2023-10-18,31.634169
2023-10-19,31.214161
2023-10-20,30.736876
2023-10-23,30.545963
2023-10-24,30.755968
2023-10-25,30.641418
2023-10-26,30.574600
2023-10-27,30.020960
2023-10-30,30.555511
2023-10-31,30.889606
2023-11-01,31.090071
2023-11-02,31.825071
2023-11-03,32.245079
2023-11-06,32.149632
2023-11-07,32.101906
2023-11-08,32.140076
2023-11-09,32.006447
2023-11-10,32.369179
2023-11-13,32.321457
2023-11-14,32.932373
2023-11-15,33.113739
2023-11-16,33.247379
2023-11-17,33.419197
2023-11-20,33.552834
2023-11-21,33.533741
2023-11-22,33.667377
2023-11-24,33.772385
2023-11-27,33.657837
2023-11-28,33.648285
2023-11-29,33.886921
2023-11-30,34.268764
2023-12-01,34.526489
2023-12-04,34.488304
2023-12-05,34.316483
2023-12-06,34.144669
2023-12-07,34.306934
2023-12-08,34.488304
2023-12-11,34.698303
2023-12-12,34.946491
2023-12-13,35.509682
2023-12-14,35.862881
2023-12-15,35.652874
2023-12-18,35.771824
2023-12-19,36.040432
2023-12-20,35.397697
2023-12-21,35.743038
2023-12-22,35.819782
2023-12-26,35.963676
2023-12-27,36.078800
2023-12-28,36.184315
2023-12-29,36.069202
2024-01-02,36.222687
2024-01-03,35.915707
2024-01-04,36.059605
2024-01-05,36.213097
2024-01-08,36.443321
2024-01-09,36.213097
2024-01-10,36.270657
2024-01-11,36.136349
2024-01-12,36.069202
2024-01-16,35.819782
2024-01-17,35.752632
2024-01-18,35.810188
2024-01-19,36.385773
2024-01-22,36.558437
2024-01-23,36.615982
2024-01-24,36.759884
2024-01-25,36.942142
2024-01-26,37.076454
2024-01-29,37.172375
2024-01-30,37.642429
2024-01-31,37.181973
2024-02-01,37.239529
2024-02-02,37.393017
2024-02-05,37.172375
2024-02-06,37.249130
2024-02-07,37.527321
2024-02-08,37.383423
2024-02-09,37.488953
2024-02-12,37.661617
2024-02-13,37.153202
2024-02-14,37.508129
2024-02-15,38.150852
2024-02-16,38.016552
2024-02-20,37.911034
2024-02-21,38.026146
2024-02-22,38.467411
2024-02-23,38.659275
2024-02-26,38.467411
2024-02-27,38.572941
2024-02-28,38.716827
2024-02-29,38.697651
2024-03-01,38.649685
2024-03-04,38.745617
2024-03-05,38.755207
2024-03-06,38.956657
2024-03-07,38.899094
2024-03-08,38.966244
2024-03-11,39.033398
2024-03-12,39.196476
2024-03-13,39.484257
2024-03-14,39.167694
2024-03-15,39.129322
2024-03-18,39.353676
2024-03-19,39.546261
2024-03-20,40.018082
2024-03-21,40.345470
2024-03-22,39.883274
2024-03-25,39.729210
2024-03-26,39.864017
2024-03-27,40.335842
2024-03-28,40.557304
2024-04-01,40.335842
2024-04-02,40.124004
2024-04-03,40.104748
2024-04-04,39.652184
2024-04-05,40.027710
2024-04-08,40.201035
2024-04-09,39.969933
2024-04-10,39.372940
2024-04-11,39.093697
2024-04-12,38.573734
2024-04-15,38.381161
2024-04-16,38.121170
2024-04-17,38.217464
2024-04-18,38.352268
2024-04-19,38.881863
2024-04-22,39.353676
2024-04-23,39.604038
2024-04-24,39.594410
2024-04-25,39.363312
2024-04-26,39.305538
2024-04-29,39.247761
2024-04-30,38.862602
2024-05-01,38.862602
2024-05-02,38.958893
2024-05-03,39.045555
2024-05-06,39.546261
2024-05-07,39.681072
2024-05-08,39.825497
2024-05-09,40.124004
2024-05-10,40.278065
2024-05-13,40.114372
2024-05-14,40.316582
2024-05-15,40.615082
2024-05-16,40.615082
2024-05-17,40.913570
2024-05-20,40.355099
2024-05-21,40.615082
2024-05-22,40.383987
2024-05-23,39.825497
2024-05-24,40.066235
2024-05-28,39.623302
2024-05-29,39.305538
2024-05-30,39.517384
2024-05-31,40.095116
2024-06-03,39.844757
2024-06-04,39.661808
2024-06-05,39.777359
2024-06-06,39.758099
2024-06-07,39.941051
2024-06-10,39.786987
2024-06-11,39.334423
2024-06-12,39.295918
2024-06-13,39.267021
2024-06-14,39.141842
2024-06-17,39.488483
2024-06-18,39.738846
2024-06-20,39.950676
2024-06-21,39.796616
2024-06-24,40.205528
2024-06-25,39.905853
2024-06-26,39.654514
2024-06-27,39.606171
2024-06-28,39.741508
2024-07-01,39.828518
2024-07-02,40.292538
2024-07-03,40.166870
2024-07-05,40.157200
2024-07-08,40.050858
2024-07-09,40.360210
2024-07-10,40.514885
2024-07-11,40.833897
2024-07-12,40.969234
2024-07-15,41.568596
2024-07-16,42.042286
2024-07-17,42.361301
2024-07-18,41.848942
2024-07-19,41.423584
2024-07-22,41.655602
2024-07-23,41.732937
2024-07-24,41.162582
2024-07-25,41.317261
2024-07-26,41.964947
2024-07-29,41.906940
2024-07-30,42.390301
2024-07-31,42.283955
2024-08-01,41.684601
2024-08-02,40.659889
2024-08-05,39.480499
2024-08-06,40.118526
2024-08-07,40.166870
2024-08-08,40.814560
2024-08-09,40.988575
2024-08-12,40.775894
2024-08-13,41.114243
2024-08-14,41.616932
2024-08-15,42.003616
2024-08-16,42.312969
2024-08-19,42.544975
2024-08-20,42.409637
2024-08-21,42.341969
2024-08-22,42.583649
2024-08-23,42.950996
2024-08-26,43.086330
2024-08-27,43.308681
2024-08-28,43.415016
2024-08-29,43.801704
2024-08-30,44.217384
2024-09-03,43.888710
2024-09-04,43.937042
2024-09-05,43.453686
2024-09-06,42.815659
2024-09-09,43.453686
2024-09-10,43.008995
2024-09-11,42.805981
2024-09-12,42.902664
2024-09-13,43.028328
2024-09-16,43.589024
2024-09-17,43.821037
2024-09-18,43.685696
2024-09-19,44.169052
2024-09-20,44.140053
2024-09-23,44.086689
2024-09-24,43.718010
2024-09-25,43.456047
2024-09-26,43.679199
2024-09-27,43.805321
2024-09-30,43.970264
2024-10-01,43.737408
2024-10-02,43.785927
2024-10-03,43.553070
2024-10-04,44.290440
2024-10-07,43.747112
2024-10-08,43.999363
2024-10-09,44.406860
2024-10-10,44.271030
2024-10-11,45.124828
2024-10-14,45.406181
2024-10-15,45.503208
2024-10-16,46.065933
2024-10-17,46.192055
2024-10-18,46.201759
2024-10-21,45.833088
2024-10-22,45.745758
2024-10-23,45.706951
2024-10-24,45.745758
2024-10-25,45.241245
2024-10-28,45.803970
2024-10-29,45.522610
2024-10-30,45.726357
2024-10-31,45.095711
2024-11-01,45.250950
2024-11-04,44.901669
2024-11-05,45.318863
2024-11-06,48.074280
2024-11-07,47.298111
2024-11-08,47.725002
2024-11-11,48.404160
2024-11-12,48.258625
2024-11-13,48.287727
2024-11-14,48.161602
2024-11-15,48.384747
2024-11-18,48.530289
2024-11-19,48.210110
2024-11-20,48.064579
2024-11-21,48.675819
2024-11-22,49.219139
2024-11-25,49.539310
2024-11-26,49.636333
2024-11-27,49.733353
2024-11-29,49.810974
2024-12-02,49.316162
2024-12-03,48.947479
2024-12-04,48.763134
2024-12-05,48.908672
2024-12-06,48.898964
2024-12-09,48.229515
2024-12-10,48.219814
2024-12-11,48.316830
2024-12-12,48.103386
2024-12-13,48.064579
2024-12-16,47.977257
2024-12-17,47.637688
2024-12-18,46.211468
2024-12-19,46.376400
2024-12-20,47.065258
2024-12-23,47.178276
2024-12-24,47.733665
2024-12-26,47.850586
2024-12-27,47.499817
2024-12-30,47.041870
2024-12-31,47.090588
2025-01-02,46.973663
2025-01-03,47.343918
2025-01-06,47.197769
2025-01-07,47.090588
2025-01-08,47.246487
2025-01-10,46.106491
2025-01-13,46.437771
2025-01-14,47.012642
2025-01-15,48.211094
2025-01-16,48.532635
2025-01-17,48.941864
2025-01-21,49.351093
2025-01-22,49.117249
2025-01-23,49.399807
2025-01-24,49.545959
2025-01-27,50.091602
2025-01-28,50.003910
2025-01-29,49.964935
2025-01-30,50.442371
2025-01-31,50.150063
2025-02-03,49.945450
2025-02-04,49.828522
2025-02-05,50.354687
2025-02-06,50.773647
2025-02-07,50.491093
2025-02-10,50.091602
2025-02-11,50.218269
2025-02-12,50.042885
2025-02-13,50.374165
2025-02-14,50.471596
2025-02-18,50.832111
2025-02-19,50.851601
2025-02-20,50.072113
2025-02-21,49.448528
2025-02-24,49.662891
2025-02-25,49.653145
2025-02-26,49.545959
2025-02-27,49.818779
2025-02-28,50.841858
2025-03-03,50.413143
2025-03-04,48.639809
2025-03-05,48.922375
2025-03-06,48.113663
2025-03-07,47.860325
2025-03-10,46.788536
2025-03-11,46.389050
2025-03-12,46.457260
2025-03-13,46.203926
2025-03-14,47.275715
2025-03-17,47.831100
2025-03-18,47.772633
2025-03-19,48.298794
2025-03-20,48.366989
2025-03-21,48.191605
2025-03-24,49.041401
2025-03-25,49.315208
2025-03-26,49.168522
2025-03-27,49.070736
2025-03-28,48.122177
2025-03-31,48.708916
2025-04-01,48.650246
2025-04-02,49.051178
2025-04-03,46.635784
2025-04-04,43.222935
2025-04-07,43.115356
2025-04-08,42.949120
2025-04-09,46.185947
2025-04-10,44.895126
2025-04-11,45.638325
2025-04-14,46.107716
2025-04-15,46.225063
2025-04-16,45.501419
2025-04-17,45.618774
2025-04-21,44.640881
2025-04-22,46.117496
2025-04-23,46.665115
2025-04-24,47.183403
2025-04-25,46.958485
2025-04-28,47.105167
2025-04-29,47.594116
2025-04-30,47.682129
2025-05-01,47.672348
2025-05-02,48.660019
2025-05-05,48.347092
2025-05-06,48.073280
2025-05-07,48.356869
2025-05-08,48.757809
2025-05-09,48.757809
2025-05-12,49.745483
2025-05-13,49.950844
2025-05-14,49.813931
2025-05-15,50.146420
2025-05-16,50.449566
2025-05-19,50.478901
2025-05-20,50.205097
2025-05-21,49.178303
2025-05-22,49.119633
2025-05-23,48.943604
2025-05-27,49.804161
2025-05-28,49.471672
2025-05-29,49.725922
2025-05-30,49.833496
2025-06-02,49.853050
2025-06-03,49.950844
2025-06-04,49.667252
2025-06-05,49.530346
2025-06-06,50.146420
2025-06-09,49.872612
2025-06-10,49.931286
2025-06-11,49.872612
2025-06-12,49.872612
2025-06-13,48.855598
2025-06-16,49.412994
2025-06-17,49.129406
2025-06-18,49.109856
2025-06-20,49.246761
2025-06-23,49.866909
2025-06-24,50.612652
2025-06-25,50.445839
2025-06-26,50.818714
2025-06-27,50.965900
2025-06-30,51.387833
2025-07-01,51.672394
2025-07-02,51.633144
2025-07-03,52.192455
2025-07-07,51.692020
2025-07-08,51.230831
2025-07-09,51.417271
2025-07-10,51.721455
2025-07-11,51.181774
2025-07-14,51.564457
2025-07-15,50.681335
2025-07-16,51.034588
2025-07-17,51.525204
2025-07-18,51.554646
2025-07-21,51.407459
2025-07-22,51.692020
2025-07-23,52.104137
2025-07-24,52.074707
2025-07-25,52.437763
2025-07-28,52.074707
2025-07-29,51.809772
2025-07-30,51.711643
2025-07-31,51.387833
2025-08-01,50.436028
2025-08-04,50.936462
2025-08-05,50.730396
2025-08-06,50.975716
2025-08-07,50.406586
2025-08-08,50.877586
2025-08-11,50.857964
2025-08-12,51.476147
2025-08-13,51.770523
2025-08-14,52.015831
2025-08-15,51.476147
2025-08-18,51.515396
2025-08-19,51.613518
2025-08-20,51.878460
2025-08-21,51.711643
2025-08-22,52.565327
2025-08-25,52.261143
2025-08-26,52.663448
2025-08-27,52.771393
2025-08-28,52.840076
2025-08-29,52.977455
2025-09-02,52.584953
2025-09-03,52.496643
2025-09-04,53.046143
2025-09-05,52.074707
2025-09-08,52.113956
2025-09-09,52.339642
2025-09-10,52.163017
2025-09-11,53.016701
2025-09-12,52.791019
2025-09-15,52.673267
2025-09-16,52.555515
2025-09-17,53.065769
2025-09-18,53.114834
2025-09-19,53.232578
2025-09-22,53.161694
2025-09-23,52.925415
2025-09-24,52.777756
2025-09-25,52.639927
2025-09-26,53.023869
2025-09-29,53.289680
2025-09-30,53.033710
2025-10-01,52.561161
2025-10-02,52.521786
2025-10-03,52.886040
2025-10-06,52.866352
2025-10-07,52.935265
2025-10-08,52.679302
2025-10-09,52.492252
2025-10-10,51.350262
2025-10-13,51.842499
2025-10-14,52.413490
2025-10-15,52.413490
2025-10-16,50.956467
2025-10-17,51.369949
2025-10-20,51.970478
2025-10-21,51.911407
2025-10-22,51.616066
2025-10-23,51.724361
2025-10-24,52.285511
2025-10-27,52.502098
2025-10-28,52.167377
2025-10-29,51.281349
2025-10-30,51.419170
2025-10-31,51.556995
2025-11-03,51.340420
2025-11-04,51.606224
2025-11-05,51.783428
2025-11-06,51.596378
2025-11-07,51.960629
2025-11-10,52.147686
2025-11-11,52.383957
2025-11-12,52.836819
2025-11-13,52.157528
2025-11-14,51.635757
2025-11-17,50.651283
2025-11-18,50.572521
2025-11-19,50.759579
2025-11-20,50.316563
2025-11-21,50.867867
2025-11-24,51.084450
2025-11-25,51.724361
2025-11-26,52.127998
2025-11-28,52.502098
2025-12-01,52.068928
2025-12-02,52.019703
2025-12-03,52.718681
2025-12-04,52.826977
2025-12-05,52.846664
2025-12-08,52.649769
2025-12-09,52.452873
2025-12-10,53.053402
2025-12-11,54.018188
2025-12-12,54.096947
2025-12-15,54.136326
2025-12-16,53.791759
2025-12-17,53.781918
2025-12-18,53.693317
2025-12-19,53.988651
2025-12-22,54.651546
2025-12-23,54.760220
2025-12-24,55.056591
2025-12-26,54.947922
2025-12-29,54.651546
2025-12-30,54.513241
2025-12-31,54.108192
2026-01-02,54.266258
2026-01-05,55.451763
2026-01-06,55.718498
2026-01-07,54.938046
2026-01-08,55.224541
2026-01-09,55.056591
2026-01-12,54.621910
2026-01-13,53.574715
2026-01-14,53.495689
2026-01-15,53.713024
2026-01-16,53.782181
2026-01-20,52.557163
2026-01-21,52.814022
2026-01-22,53.159794
2026-01-23,52.428734
2026-01-26,52.764629
2026-01-27,52.359585
2026-01-28,52.349705
2026-01-29,52.902935
2026-01-30,52.794262
2026-02-02,53.377132
2026-02-03,52.883175
2026-02-04,53.307980
2026-02-05,52.646076
2026-02-06,53.604355
2026-02-09,53.288223
2026-02-10,52.902935
2026-02-11,52.102726
2026-02-12,51.065411
2026-02-13,51.025894
2026-02-17,51.569252
2026-02-18,51.954533
2026-02-19,51.519855
2026-02-20,51.855747
2026-02-23,50.117012
2026-02-24,50.363991
2026-02-25,51.243237
2026-02-26,51.865620
2026-02-27,50.808556
2026-03-02,50.680122
2026-03-03,50.591213
2026-03-04,50.877701
2026-03-05,50.610970
2026-03-06,49.958942
2026-03-09,49.721844
2026-03-10,49.455105
2026-03-11,49.040184
2026-03-12,48.239971
2026-03-13,48.299244
2026-03-16,48.704288
2026-03-17,48.961151
2026-03-18,48.378277
2026-03-19,48.398037
2026-03-20,48.486950
2026-03-23,48.924858
2026-03-24,48.934788
2026-03-25,48.994366
2026-03-26,48.706398
2026-03-27,47.475086
2026-03-30,48.021233
2026-03-31,49.024158
2026-04-01,49.093666
2026-04-02,49.183033
2026-04-06,49.530586
2026-04-07,49.530586
2026-04-08,50.841339
2026-04-09,50.970428
2026-04-10,50.414349
2026-04-13,51.298115
2026-04-14,51.417271
2026-04-15,51.804539
2026-04-16,51.665520
2026-04-17,52.062721
2026-04-20,52.261318
2026-04-21,51.933628
2026-04-22,51.844261
2026-04-23,51.437134
2026-04-24,51.059795
2026-04-27,51.447067
2026-04-28,51.486782
2026-04-29,51.556293
2026-04-30,51.764824
2026-05-01,51.556293
2026-05-04,51.218678
2026-05-05,51.228607
2026-05-06,51.476852
2026-05-07,51.188885
2026-05-08,50.881058
2026-05-11,50.821476
2026-05-12,51.218678
2026-05-13,50.632809
2026-05-14,50.930710
2026-05-15,50.742039
2026-05-18,51.377556
2026-05-19,50.742039
2026-05-20,51.298115
2026-05-21,51.367626
2026-05-22,51.576153
2026-05-26,51.486782
2026-05-27,51.059795
2026-05-28,50.910847
2026-05-29,51.218678
2026-06-01,51.069729
2026-06-02,51.099514
2026-06-03,50.513649
2026-06-04,51.824402
2026-06-05,51.933628
2026-06-08,51.605942
2026-06-09,52.092510
2026-06-10,51.864120
2026-06-11,52.251392
2026-06-12,52.966347
2026-06-15,53.184807
2026-06-16,53.969273
2026-06-17,53.671371
2026-06-18,53.194733
2026-06-22,53.510616
2026-06-23,53.689983
2026-06-24,53.530548
2026-06-25,53.261497
2026-06-26,53.381077
2026-06-29,53.530548
2026-06-30,53.420937
2026-07-01,54.586807
2026-07-02,55.423843
2026-07-06,55.942013
2026-07-07,55.852329
2026-07-08,54.776138
2026-07-09,55.344128
2026-07-10,55.513527
2026-07-13,55.872257
2026-07-14,55.981873
2026-07-15,56.360531
2026-07-16,56.549862
2026-07-17,56.061588
2026-07-20,55.842365
2026-07-21,55.912117
2026-07-22,55.852329
2026-07-23,55.633106
2026-07-24,56.111412
2026-07-27,56.679401
2026-07-28,57.396862
2026-07-29,56.480106
2026-07-30,56.798981
2026-07-31,56.739189
2026-08-03,57.177639
2026-08-04,57.675877
2026-08-05,57.795452
2026-08-06,57.606125
2026-08-07,57.396862
2026-08-10,57.606125
2026-08-11,57.596157
2026-08-12,57.715733
2026-08-13,58.054535
2026-08-14,57.954887
2026-08-17,57.376934
2026-08-18,57.636017
2026-08-19,57.277287
2026-08-20,56.749157
2026-08-21,57.277287
2026-08-24,58.014679
2026-08-25,58.104359
2026-08-26,58.054535
2026-08-27,57.675877
2026-08-28,57.895100
2026-08-31,57.506474
2026-09-01,56.998276
2026-09-02,57.456650
2026-09-03,58.353477
2026-09-04,57.895100
2026-09-08,57.097919
2026-09-09,56.858768
2026-09-10,56.669437
2026-09-11,57.048096
2026-09-14,56.828873
2026-09-15,56.649506
2026-09-16,55.732754
2026-09-17,55.682930
2026-09-18,55.662998
2026-09-21,55.900002
2026-09-22,54.799999
2026-09-23,54.540001
2026-09-24,54.529999
2026-09-25,54.820000
