date,adj_close
1998-12-22,14.358083
1998-12-23,14.608628
1998-12-24,14.801365
1998-12-28,14.878450
1998-12-29,15.090445
1998-12-30,15.022995
1998-12-31,15.148270
1999-01-04,14.936269
1999-01-05,15.244622
1999-01-06,15.572254
1999-01-07,15.437357
1999-01-08,15.552989
1999-01-11,15.408446
1999-01-12,15.225352
1999-01-13,14.839901
1999-01-14,14.772441
1999-01-15,15.022995
1999-01-19,14.994093
1999-01-20,14.926631
1999-01-21,14.801365
1999-01-22,14.512271
1999-01-25,14.753175
1999-01-26,14.753175
1999-01-27,14.868811
1999-01-28,14.888081
1999-01-29,14.984450
1999-02-01,15.003727
1999-02-02,14.888081
1999-02-03,15.032632
1999-02-04,15.051895
1999-02-05,15.003727
1999-02-08,15.051895
1999-02-09,14.849541
1999-02-10,14.907366
1999-02-11,15.109719
1999-02-12,15.022995
1999-02-16,15.100080
1999-02-17,15.100080
1999-02-18,15.100080
1999-02-19,15.196445
1999-02-22,15.427722
1999-02-23,15.418079
1999-02-24,15.379536
1999-02-25,15.071174
1999-02-26,15.119352
1999-03-01,15.109719
1999-03-02,14.984450
1999-03-03,14.897726
1999-03-04,15.186809
1999-03-05,15.524083
1999-03-08,15.610815
1999-03-09,15.687902
1999-03-10,15.658983
1999-03-11,15.678260
1999-03-12,15.726450
1999-03-15,15.687902
1999-03-16,15.581901
1999-03-17,15.552989
1999-03-18,15.591545
1999-03-19,15.688411
1999-03-22,15.572350
1999-03-23,15.204801
1999-03-24,15.166112
1999-03-25,15.330544
1999-03-26,15.369230
1999-03-29,15.620708
1999-03-30,15.611033
1999-03-31,15.436932
1999-04-01,15.601360
1999-04-05,15.939889
1999-04-06,15.852838
1999-04-07,15.881860
1999-04-08,15.968914
1999-04-09,15.978574
1999-04-12,16.365465
1999-04-13,16.491205
1999-04-14,16.849087
1999-04-15,17.284330
1999-04-16,17.381054
1999-04-19,17.526134
1999-04-20,17.410069
1999-04-21,17.468113
1999-04-22,17.477781
1999-04-23,17.613201
1999-04-26,17.593845
1999-04-27,17.680899
1999-04-28,17.903357
1999-04-29,17.971060
1999-04-30,17.758274
1999-05-03,18.106470
1999-05-04,18.183853
1999-05-05,18.183853
1999-05-06,18.222551
1999-05-07,18.570751
1999-05-10,18.319265
1999-05-11,18.628786
1999-05-12,18.445019
1999-05-13,18.261234
1999-05-14,18.029112
1999-05-17,17.990414
1999-05-18,17.758274
1999-05-19,18.029112
1999-05-20,18.077459
1999-05-21,17.864666
1999-05-24,17.709919
1999-05-25,17.651878
1999-05-26,17.526134
1999-05-27,17.235973
1999-05-28,17.410069
1999-06-01,17.419744
1999-06-02,17.651878
1999-06-03,17.835657
1999-06-04,18.019424
1999-06-07,18.193527
1999-06-08,18.029112
1999-06-09,18.048443
1999-06-10,17.835657
1999-06-11,17.806644
1999-06-14,18.019424
1999-06-15,18.077459
1999-06-16,18.328945
1999-06-17,18.474024
1999-06-18,18.613791
1999-06-21,18.361992
1999-06-22,18.274836
1999-06-23,18.332937
1999-06-24,18.139246
1999-06-25,18.032719
1999-06-28,18.061773
1999-06-29,18.158619
1999-06-30,18.478205
1999-07-01,18.487892
1999-07-02,18.575052
1999-07-06,18.594425
1999-07-07,18.458839
1999-07-08,18.526632
1999-07-09,18.546001
1999-07-12,18.381359
1999-07-13,18.313564
1999-07-14,18.410419
1999-07-15,18.536318
1999-07-16,18.565369
1999-07-19,18.584751
1999-07-20,18.565369
1999-07-21,18.546001
1999-07-22,18.478205
1999-07-23,18.381359
1999-07-26,18.245781
1999-07-27,18.487892
1999-07-28,18.381359
1999-07-29,18.013350
1999-07-30,17.800278
1999-08-02,17.848715
1999-08-03,17.858391
1999-08-04,17.722811
1999-08-05,17.819653
1999-08-06,17.655018
1999-08-09,17.596914
1999-08-10,17.432262
1999-08-11,17.742176
1999-08-12,17.674385
1999-08-13,17.984295
1999-08-16,18.052090
1999-08-17,18.303886
1999-08-18,18.129551
1999-08-19,17.897133
1999-08-20,18.081141
1999-08-23,18.468533
1999-08-24,18.478205
1999-08-25,18.681587
1999-08-26,18.584751
1999-08-27,18.371677
1999-08-30,17.906820
1999-08-31,17.945559
1999-09-01,17.993969
1999-09-02,17.839018
1999-09-03,18.274836
1999-09-07,18.478205
1999-09-08,18.536318
1999-09-09,18.400730
1999-09-10,18.352306
1999-09-13,18.216717
1999-09-14,18.052090
1999-09-15,18.081141
1999-09-16,17.916506
1999-09-17,18.212008
1999-09-20,18.231409
1999-09-21,17.998554
1999-09-22,17.940327
1999-09-23,17.794790
1999-09-24,17.416389
1999-09-27,17.639549
1999-09-28,17.426083
1999-09-29,17.523121
1999-09-30,17.853006
1999-10-01,17.610434
1999-10-04,17.920923
1999-10-05,17.736568
1999-10-06,17.988848
1999-10-07,18.008255
1999-10-08,18.250816
1999-10-11,18.279934
1999-10-12,17.901520
1999-10-13,17.396971
1999-10-14,17.222319
1999-10-15,16.979757
1999-10-18,16.649878
1999-10-19,16.659569
1999-10-20,16.805113
1999-10-21,16.620760
1999-10-22,17.067089
1999-10-25,17.037985
1999-10-26,16.931255
1999-10-27,16.989473
1999-10-28,17.377565
1999-10-29,17.464895
1999-11-01,17.018576
1999-11-02,17.232031
1999-11-03,17.115610
1999-11-04,17.067089
1999-11-05,17.154421
1999-11-08,17.183521
1999-11-09,17.193216
1999-11-10,17.125307
1999-11-11,17.193216
1999-11-12,17.309656
1999-11-15,17.406679
1999-11-16,17.814198
1999-11-17,17.930620
1999-11-18,17.988848
1999-11-19,17.775377
1999-11-22,17.697760
1999-11-23,17.523121
1999-11-24,17.532818
1999-11-26,17.445494
1999-11-29,17.154421
1999-11-30,17.076794
1999-12-01,17.212629
1999-12-02,17.173820
1999-12-03,17.455196
1999-12-06,17.406679
1999-12-07,17.076794
1999-12-08,17.377565
1999-12-09,16.911854
1999-12-10,17.222319
1999-12-13,17.319355
1999-12-14,17.319355
1999-12-15,17.154421
1999-12-16,17.309656
1999-12-17,17.787359
1999-12-20,17.251600
1999-12-21,17.495125
1999-12-22,17.417204
1999-12-23,17.650982
1999-12-27,17.826324
1999-12-28,18.011404
1999-12-29,18.147783
1999-12-30,18.186758
1999-12-31,18.459505
2000-01-03,17.982183
2000-01-04,17.485390
2000-01-05,17.407452
2000-01-06,17.641241
2000-01-07,18.313381
2000-01-10,18.313381
2000-01-11,18.079597
2000-01-12,17.865294
2000-01-13,18.206228
2000-01-14,18.079597
2000-01-18,18.060108
2000-01-19,18.001659
2000-01-20,17.884779
2000-01-21,17.660725
2000-01-24,17.154181
2000-01-25,17.056765
2000-01-26,17.193153
2000-01-27,17.290562
2000-01-28,16.832733
2000-01-31,16.949623
2000-02-01,16.832733
2000-02-02,16.842468
2000-02-03,16.832733
2000-02-04,16.900917
2000-02-07,16.608692
2000-02-08,16.676876
2000-02-09,16.501524
2000-02-10,16.219030
2000-02-11,15.878094
2000-02-14,16.131372
2000-02-15,16.413858
2000-02-16,16.374895
2000-02-17,16.443085
2000-02-18,16.082661
2000-02-22,16.345671
2000-02-23,16.219030
2000-02-24,16.072918
2000-02-25,15.790425
2000-02-28,15.839130
2000-02-29,16.014471
2000-03-01,15.926805
2000-03-02,15.985248
2000-03-03,16.423601
2000-03-06,16.355417
2000-03-07,15.702748
2000-03-08,15.868349
2000-03-09,16.033943
2000-03-10,16.072918
2000-03-13,15.829389
2000-03-14,15.741708
2000-03-15,16.374895
2000-03-16,17.261341
2000-03-17,17.238384
2000-03-20,17.335991
2000-03-21,17.706930
2000-03-22,17.628832
2000-03-23,18.038797
2000-03-24,18.146175
2000-03-27,17.921675
2000-03-28,17.872866
2000-03-29,18.097364
2000-03-30,18.214514
2000-03-31,18.243784
2000-04-03,18.321880
2000-04-04,18.116894
2000-04-05,18.048559
2000-04-06,18.204750
2000-04-07,18.478071
2000-04-10,18.507343
2000-04-11,18.731861
2000-04-12,18.399977
2000-04-13,18.448778
2000-04-14,17.238384
2000-04-17,17.658125
2000-04-18,17.726454
2000-04-19,17.794775
2000-04-20,17.941187
2000-04-24,17.960707
2000-04-25,18.897795
2000-04-26,18.614719
2000-04-27,18.634239
2000-04-28,18.507343
2000-05-01,18.936844
2000-05-02,18.741621
2000-05-03,18.116894
2000-05-04,18.146175
2000-05-05,18.468307
2000-05-08,18.458532
2000-05-09,18.312119
2000-05-10,18.126665
2000-05-11,18.575672
2000-05-12,18.800184
2000-05-15,19.112537
2000-05-16,19.288242
2000-05-17,19.161352
2000-05-18,19.073503
2000-05-19,18.546385
2000-05-22,18.224276
2000-05-23,18.146175
2000-05-24,18.409721
2000-05-25,18.077847
2000-05-26,17.980234
2000-05-30,18.302355
2000-05-31,18.429266
2000-06-01,18.575672
2000-06-02,18.712332
2000-06-05,18.683050
2000-06-06,18.546385
2000-06-07,18.458532
2000-06-08,18.165709
2000-06-09,18.234034
2000-06-12,18.253548
2000-06-13,18.331644
2000-06-14,18.292593
2000-06-15,18.468307
2000-06-16,18.144567
2000-06-19,17.958714
2000-06-20,17.401184
2000-06-21,17.469650
2000-06-22,17.088179
2000-06-23,17.274027
2000-06-26,17.684835
2000-06-27,17.763098
2000-06-28,17.988071
2000-06-29,17.675062
2000-06-30,17.704414
2000-07-03,17.939167
2000-07-05,17.782652
2000-07-06,17.733761
2000-07-07,17.821781
2000-07-10,17.841347
2000-07-11,18.183697
2000-07-12,18.252167
2000-07-13,18.398890
2000-07-14,18.584736
2000-07-17,18.692343
2000-07-18,18.741241
2000-07-19,18.584736
2000-07-20,18.809715
2000-07-21,18.780361
2000-07-24,18.643429
2000-07-25,18.682554
2000-07-26,18.447800
2000-07-27,18.320641
2000-07-28,17.704414
2000-07-31,17.978292
2000-08-01,18.115221
2000-08-02,18.036972
2000-08-03,18.066322
2000-08-04,18.291292
2000-08-07,18.829277
2000-08-08,18.995569
2000-08-09,19.161842
2000-08-10,19.112938
2000-08-11,19.328127
2000-08-14,19.523752
2000-08-15,19.279222
2000-08-16,19.191187
2000-08-17,19.288992
2000-08-18,19.230310
2000-08-21,19.504183
2000-08-22,19.465075
2000-08-23,19.367249
2000-08-24,19.572659
2000-08-25,19.660706
2000-08-28,19.924793
2000-08-29,19.797636
2000-08-30,19.611801
2000-08-31,19.758514
2000-09-01,19.934566
2000-09-05,19.934566
2000-09-06,20.032393
2000-09-07,19.915012
2000-09-08,19.680262
2000-09-11,19.582445
2000-09-12,19.523752
2000-09-13,19.582445
2000-09-14,19.562878
2000-09-15,19.066982
2000-09-18,18.851208
2000-09-19,18.635426
2000-09-20,18.733509
2000-09-21,18.792358
2000-09-22,18.655043
2000-09-25,19.204298
2000-09-26,19.223919
2000-09-27,19.066982
2000-09-28,19.321993
2000-09-29,19.184677
2000-10-02,18.988529
2000-10-03,19.361227
2000-10-04,19.498537
2000-10-05,19.518158
2000-10-06,18.988529
2000-10-09,19.106228
2000-10-10,18.851208
2000-10-11,18.517719
2000-10-12,18.095966
2000-10-13,18.655043
2000-10-16,18.910046
2000-10-17,18.400026
2000-10-18,18.066555
2000-10-19,18.380413
2000-10-20,18.478498
2000-10-23,18.694273
2000-10-24,18.988529
2000-10-25,18.635426
2000-10-26,18.733509
2000-10-27,18.723705
2000-10-30,18.929670
2000-10-31,19.616236
2000-11-01,19.635851
2000-11-02,19.596628
2000-11-03,19.439690
2000-11-06,19.616236
2000-11-07,19.694700
2000-11-08,19.567194
2000-11-09,19.694700
2000-11-10,19.243536
2000-11-13,18.890436
2000-11-14,19.263140
2000-11-15,19.302385
2000-11-16,19.400457
2000-11-17,19.321993
2000-11-20,19.047369
2000-11-21,19.282759
2000-11-22,18.968904
2000-11-24,19.282759
2000-11-27,19.321993
2000-11-28,19.076797
2000-11-29,19.233727
2000-11-30,18.949276
2000-12-01,19.116030
2000-12-04,19.635851
2000-12-05,20.351845
2000-12-06,19.949718
2000-12-07,19.890865
2000-12-08,20.234152
2000-12-11,20.459738
2000-12-12,20.155687
2000-12-13,19.802593
2000-12-14,19.380848
2000-12-15,19.067562
2000-12-18,19.422131
2000-12-19,19.087261
2000-12-20,18.456932
2000-12-21,18.565279
2000-12-22,19.008484
2000-12-26,19.225151
2000-12-27,19.540319
2000-12-28,19.825935
2000-12-29,19.697899
2001-01-02,18.821344
2001-01-03,19.638802
2001-01-04,19.796398
2001-01-05,19.225151
2001-01-08,19.067562
2001-01-09,19.126661
2001-01-10,19.303946
2001-01-11,19.540319
2001-01-12,19.481222
2001-01-16,19.668356
2001-01-17,19.638802
2001-01-18,19.766848
2001-01-19,19.560022
2001-01-22,19.520620
2001-01-23,19.776697
2001-01-24,19.668356
2001-01-25,19.658504
2001-01-26,19.333490
2001-01-29,19.414255
2001-01-30,19.729414
2001-01-31,19.773544
2001-02-01,19.515100
2001-02-02,19.452063
2001-02-05,19.546621
2001-02-06,19.641167
2001-02-07,19.470982
2001-02-08,19.445770
2001-02-09,18.985634
2001-02-12,19.206244
2001-02-13,19.407948
2001-02-14,19.206244
2001-02-15,19.534006
2001-02-16,18.960407
2001-02-20,19.029745
2001-02-21,18.796532
2001-02-22,18.620031
2001-02-23,18.594818
2001-02-26,18.966715
2001-02-27,18.922598
2001-02-28,18.588511
2001-03-01,18.456154
2001-03-02,18.563307
2001-03-05,18.796532
2001-03-06,19.067562
2001-03-07,19.294491
2001-03-08,19.414255
2001-03-09,19.004538
2001-03-12,17.964479
2001-03-13,17.989698
2001-03-14,17.611494
2001-03-15,17.529554
2001-03-16,17.073795
2001-03-19,17.415148
2001-03-20,17.061148
2001-03-21,16.618658
2001-03-22,16.169849
2001-03-23,16.492220
2001-03-26,16.789330
2001-03-27,17.061148
2001-03-28,16.751404
2001-03-29,16.751404
2001-03-30,16.808294
2001-04-02,16.688196
2001-04-03,15.992850
2001-04-04,16.068705
2001-04-05,17.004251
2001-04-06,16.662905
2001-04-09,16.960005
2001-04-10,17.459396
2001-04-11,17.263435
2001-04-12,17.604778
2001-04-16,17.573172
2001-04-17,17.794416
2001-04-18,18.559290
2001-04-19,18.622505
2001-04-20,18.571930
2001-04-23,18.287470
2001-04-24,18.104160
2001-04-25,18.527691
2001-04-26,18.786867
2001-04-27,18.925930
2001-04-30,18.729975
2001-05-01,18.900639
2001-05-02,18.906963
2001-05-03,18.628819
2001-05-04,18.913286
2001-05-07,18.982826
2001-05-08,19.014421
2001-05-09,18.906963
2001-05-10,19.115566
2001-05-11,19.020741
2001-05-14,19.109241
2001-05-15,19.185097
2001-05-16,19.804586
2001-05-17,20.133289
2001-05-18,20.196507
2001-05-21,20.392467
2001-05-22,20.329247
2001-05-23,20.019512
2001-05-24,19.994223
2001-05-25,19.697117
2001-05-29,19.646551
2001-05-30,19.248316
2001-05-31,19.513802
2001-06-01,19.456919
2001-06-04,19.583342
2001-06-05,19.791946
2001-06-06,19.564381
2001-06-07,19.652878
2001-06-08,19.412668
2001-06-11,19.077646
2001-06-12,19.204065
2001-06-13,19.134531
2001-06-14,19.008112
2001-06-15,18.909916
2001-06-18,18.884573
2001-06-19,18.688187
2001-06-20,18.770548
2001-06-21,18.852898
2001-06-22,18.688187
2001-06-25,18.441124
2001-06-26,18.491808
2001-06-27,18.453791
2001-06-28,18.517143
2001-06-29,18.308090
2001-07-02,18.574152
2001-07-03,18.688187
2001-07-05,18.542488
2001-07-06,18.200388
2001-07-09,18.257406
2001-07-10,17.978678
2001-07-11,17.794954
2001-07-12,18.225729
2001-07-13,18.371443
2001-07-16,18.061028
2001-07-17,18.428457
2001-07-18,18.485462
2001-07-19,18.434782
2001-07-20,18.529812
2001-07-23,18.327097
2001-07-24,17.839306
2001-07-25,17.959661
2001-07-26,18.137041
2001-07-27,18.308090
2001-07-30,18.270077
2001-07-31,18.270077
2001-08-01,18.371443
2001-08-02,18.396782
2001-08-03,18.485462
2001-08-06,18.086370
2001-08-07,18.219404
2001-08-08,18.054682
2001-08-09,18.061028
2001-08-10,18.396782
2001-08-13,18.225729
2001-08-14,18.238407
2001-08-15,18.200388
2001-08-16,18.194061
2001-08-17,17.972338
2001-08-20,17.959661
2001-08-21,17.934326
2001-08-22,17.902653
2001-08-23,17.959661
2001-08-24,18.289085
2001-08-27,18.282743
2001-08-28,17.934326
2001-08-29,17.813955
2001-08-30,17.484533
2001-08-31,17.642921
2001-09-04,17.478201
2001-09-05,17.522552
2001-09-06,17.218472
2001-09-07,16.787697
2001-09-10,16.756021
2001-09-17,15.203946
2001-09-18,14.988560
2001-09-19,14.614799
2001-09-20,13.778570
2001-09-21,13.791932
2001-09-24,14.714363
2001-09-25,14.809791
2001-09-26,14.548969
2001-09-27,14.708012
2001-09-28,15.057902
2001-10-01,14.924303
2001-10-02,15.216936
2001-10-03,15.585916
2001-10-04,15.604989
2001-10-05,15.592273
2001-10-08,15.407791
2001-10-09,15.350529
2001-10-10,15.630443
2001-10-11,16.094830
2001-10-12,15.942155
2001-10-15,16.050301
2001-10-16,16.012135
2001-10-17,15.636798
2001-10-18,15.573189
2001-10-19,15.484123
2001-10-22,15.808562
2001-10-23,15.725855
2001-10-24,15.802198
2001-10-25,16.050301
2001-10-26,16.349289
2001-10-29,15.744944
2001-10-30,15.401417
2001-10-31,15.325074
2001-11-01,15.643161
2001-11-02,15.884898
2001-11-05,16.120289
2001-11-06,16.349289
2001-11-07,16.311131
2001-11-08,16.482893
2001-11-09,16.425638
2001-11-12,16.234793
2001-11-13,16.635569
2001-11-14,16.718277
2001-11-15,16.800974
2001-11-16,16.934565
2001-11-19,17.087240
2001-11-20,16.858227
2001-11-21,16.890028
2001-11-23,17.093601
2001-11-26,17.176304
2001-11-27,17.061798
2001-11-28,16.794611
2001-11-29,16.890028
2001-11-30,16.858227
2001-12-03,16.711908
2001-12-04,16.915480
2001-12-05,17.278090
2001-12-06,17.488028
2001-12-07,17.297184
2001-12-10,17.029995
2001-12-11,16.953651
2001-12-12,17.036346
2001-12-13,16.915480
2001-12-14,16.743721
2001-12-17,16.998178
2001-12-18,17.405325
2001-12-19,17.570728
2001-12-20,17.468933
2001-12-21,17.666143
2001-12-24,17.685238
2001-12-26,17.748846
2001-12-27,17.742491
2001-12-28,17.844267
2001-12-31,17.621613
2002-01-02,17.621613
2002-01-03,17.615253
2002-01-04,17.621613
2002-01-07,17.500744
2002-01-08,17.449862
2002-01-09,17.354429
2002-01-10,17.176304
2002-01-11,16.896397
2002-01-14,16.705549
2002-01-15,16.724634
2002-01-16,16.158445
2002-01-17,16.222069
2002-01-18,16.336575
2002-01-22,16.432005
2002-01-23,16.349289
2002-01-24,16.495619
2002-01-25,16.724634
2002-01-28,16.711908
2002-01-29,16.075743
2002-01-30,16.253874
2002-01-31,16.508335
2002-02-01,16.381100
2002-02-04,15.655885
2002-02-05,15.439590
2002-02-06,15.554106
2002-02-07,15.738585
2002-02-08,15.834009
2002-02-11,16.177544
2002-02-12,16.037579
2002-02-13,16.209337
2002-02-14,16.266605
2002-02-15,16.152096
2002-02-19,16.107553
2002-02-20,16.342943
2002-02-21,16.279324
2002-02-22,16.438360
2002-02-25,16.870951
2002-02-26,16.934565
2002-02-27,17.138132
2002-02-28,16.921841
2002-03-01,17.316257
2002-03-04,17.907890
2002-03-05,17.685238
2002-03-06,18.219603
2002-03-07,18.003321
2002-03-08,18.124182
2002-03-11,18.162359
2002-03-12,18.124182
2002-03-13,17.876080
2002-03-14,17.895170
2002-03-15,17.909212
2002-03-18,17.839018
2002-03-19,18.030424
2002-03-20,17.832640
2002-03-21,17.475349
2002-03-22,17.373268
2002-03-25,17.098919
2002-03-26,17.207375
2002-03-27,17.322224
2002-03-28,17.379650
2002-04-01,17.373268
2002-04-02,17.207375
2002-04-03,16.971319
2002-04-04,17.105303
2002-04-05,17.181856
2002-04-08,17.315845
2002-04-09,17.303085
2002-04-10,17.705029
2002-04-11,17.137201
2002-04-12,17.111677
2002-04-15,16.933039
2002-04-16,17.232903
2002-04-17,17.111677
2002-04-18,16.984079
2002-04-19,16.888380
2002-04-22,16.620403
2002-04-23,16.588491
2002-04-24,16.448137
2002-04-25,16.250349
2002-04-26,16.084469
2002-04-29,15.733556
2002-04-30,16.180176
2002-05-01,16.231215
2002-05-02,16.288637
2002-05-03,16.295013
2002-05-06,15.835639
2002-05-07,15.848394
2002-05-08,16.505558
2002-05-09,16.224831
2002-05-10,15.982383
2002-05-13,16.084469
2002-05-14,16.441759
2002-05-15,16.505558
2002-05-16,16.607639
2002-05-17,16.754387
2002-05-20,16.620403
2002-05-21,16.365202
2002-05-22,16.435375
2002-05-23,16.741625
2002-05-24,16.556606
2002-05-28,16.371572
2002-05-29,16.186554
2002-05-30,16.116373
2002-05-31,16.250349
2002-06-03,15.637856
2002-06-04,15.510247
2002-06-05,15.771832
2002-06-06,15.395409
2002-06-07,15.395409
2002-06-10,15.516629
2002-06-11,15.331606
2002-06-12,15.325239
2002-06-13,15.286942
2002-06-14,15.210386
2002-06-17,15.637856
2002-06-18,15.784596
2002-06-19,15.663371
2002-06-20,15.542154
2002-06-21,15.151374
2002-06-24,15.362428
2002-06-25,15.036246
2002-06-26,15.029858
2002-06-27,15.266500
2002-06-28,15.253710
2002-07-01,14.914733
2002-07-02,14.684488
2002-07-03,14.703672
2002-07-05,15.311267
2002-07-08,15.055434
2002-07-09,14.678099
2002-07-10,14.319936
2002-07-11,14.339120
2002-07-12,14.294356
2002-07-15,14.185619
2002-07-16,13.891427
2002-07-17,14.057711
2002-07-18,13.648396
2002-07-19,13.226271
2002-07-22,12.804157
2002-07-23,12.516354
2002-07-24,13.187898
2002-07-25,13.200690
2002-07-26,13.411749
2002-07-29,14.249586
2002-07-30,14.415867
2002-07-31,14.390299
2002-08-01,14.070501
2002-08-02,13.558849
2002-08-05,13.111155
2002-08-06,13.558849
2002-08-07,13.897819
2002-08-08,14.300748
2002-08-09,14.409479
2002-08-12,14.243191
2002-08-13,13.910607
2002-08-14,14.211209
2002-08-15,14.326340
2002-08-16,14.313540
2002-08-19,14.652508
2002-08-20,14.582150
2002-08-21,14.626930
2002-08-22,14.837988
2002-08-23,14.492618
2002-08-26,14.671700
2002-08-27,14.543783
2002-08-28,14.262373
2002-08-29,14.153646
2002-08-30,14.166435
2002-09-03,13.673968
2002-09-04,13.808282
2002-09-05,13.565243
2002-09-06,13.737929
2002-09-09,13.853057
2002-09-10,14.006546
2002-09-11,14.006546
2002-09-12,13.814677
2002-09-13,13.482100
2002-09-16,13.616420
2002-09-17,13.335003
2002-09-18,13.315811
2002-09-19,13.053590
2002-09-20,13.103025
2002-09-23,12.936103
2002-09-24,12.660050
2002-09-25,12.904008
2002-09-26,13.154382
2002-09-27,12.653630
2002-09-30,12.531651
2002-10-01,13.077342
2002-10-02,12.627952
2002-10-03,12.525238
2002-10-04,12.197819
2002-10-07,11.870406
2002-10-08,11.960279
2002-10-09,11.555827
2002-10-10,11.953864
2002-10-11,12.505973
2002-10-14,12.435354
2002-10-15,13.038830
2002-10-16,12.717828
2002-10-17,13.115860
2002-10-18,13.096601
2002-10-21,13.494636
2002-10-22,13.308458
2002-10-23,13.443280
2002-10-24,13.160804
2002-10-25,13.327720
2002-10-28,13.141537
2002-10-29,13.032404
2002-10-30,13.045242
2002-10-31,13.147959
2002-11-01,13.321308
2002-11-04,13.334140
2002-11-05,13.462542
2002-11-06,13.712915
2002-11-07,13.417602
2002-11-08,13.218585
2002-11-11,12.968205
2002-11-12,12.974628
2002-11-13,12.948945
2002-11-14,13.128700
2002-11-15,13.128700
2002-11-18,13.032404
2002-11-19,13.051665
2002-11-20,13.244262
2002-11-21,13.789950
2002-11-22,13.725755
2002-11-25,13.700073
2002-11-26,13.507478
2002-11-27,13.866991
2002-11-29,13.834893
2002-12-02,13.924771
2002-12-03,13.693657
2002-12-04,13.648715
2002-12-05,13.507478
2002-12-06,13.501059
2002-12-09,13.289203
2002-12-10,13.398344
2002-12-11,13.468953
2002-12-12,13.417602
2002-12-13,13.186482
2002-12-16,13.513900
2002-12-17,13.346982
2002-12-18,13.327720
2002-12-19,13.231419
2002-12-20,13.439928
2002-12-23,13.375374
2002-12-24,13.310819
2002-12-26,13.356009
2002-12-27,13.097800
2002-12-30,13.168808
2002-12-31,13.291460
2003-01-02,13.633586
2003-01-03,13.678774
2003-01-06,13.801423
2003-01-07,13.723962
2003-01-08,13.556123
2003-01-09,13.730416
2003-01-10,13.704596
2003-01-13,13.678774
2003-01-14,13.704596
2003-01-15,13.510941
2003-01-16,13.433477
2003-01-17,13.336644
2003-01-21,13.007428
2003-01-22,12.762122
2003-01-23,12.994508
2003-01-24,12.594283
2003-01-27,12.497453
2003-01-28,12.574924
2003-01-29,12.587831
2003-01-30,12.368348
2003-01-31,12.574924
2003-02-03,12.684658
2003-02-04,12.574924
2003-02-05,12.587831
2003-02-06,12.484545
2003-02-07,12.361897
2003-02-10,12.374804
2003-02-11,12.245697
2003-02-12,12.142413
2003-02-13,11.987483
2003-02-14,12.265061
2003-02-18,12.400630
2003-02-19,12.458728
2003-02-20,12.394176
2003-02-21,12.587831
2003-02-24,12.168234
2003-02-25,12.361897
2003-02-26,12.265061
2003-02-27,12.348981
2003-02-28,12.381257
2003-03-03,12.329619
2003-03-04,12.103684
2003-03-05,12.200513
2003-03-06,12.110136
2003-03-07,12.155323
2003-03-10,11.845469
2003-03-11,11.625989
2003-03-12,11.761547
2003-03-13,12.103684
2003-03-14,12.297338
2003-03-17,12.645929
2003-03-18,12.813768
2003-03-19,12.891229
2003-03-20,12.884774
2003-03-21,13.335779
2003-03-24,12.862744
2003-03-25,12.888660
2003-03-26,12.888660
2003-03-27,12.856260
2003-03-28,12.713701
2003-03-31,12.512822
2003-04-01,12.687779
2003-04-02,12.972898
2003-04-03,12.959938
2003-04-04,12.992339
2003-04-07,13.089535
2003-04-08,13.037701
2003-04-09,12.882180
2003-04-10,12.901622
2003-04-11,12.921062
2003-04-14,13.141382
2003-04-15,13.251543
2003-04-16,13.070094
2003-04-17,13.283939
2003-04-21,13.167299
2003-04-22,13.562582
2003-04-23,13.672736
2003-04-24,13.543137
2003-04-25,13.439462
2003-04-28,13.679221
2003-04-29,13.718096
2003-04-30,13.867139
2003-05-01,13.659774
2003-05-02,13.847697
2003-05-05,13.802330
2003-05-06,13.841216
2003-05-07,13.821775
2003-05-08,13.692172
2003-05-09,13.899537
2003-05-12,14.003214
2003-05-13,13.957853
2003-05-14,13.912499
2003-05-15,14.061538
2003-05-16,13.996741
2003-05-19,13.633863
2003-05-20,13.711617
2003-05-21,13.633863
2003-05-22,13.737536
2003-05-23,13.789379
2003-05-27,14.126328
2003-05-28,14.074494
2003-05-29,13.918976
2003-05-30,14.242973
2003-06-02,14.385533
2003-06-03,14.404968
2003-06-04,14.592889
2003-06-05,14.631768
2003-06-06,14.754894
2003-06-09,14.560490
2003-06-10,14.638247
2003-06-11,14.929851
2003-06-12,14.968736
2003-06-13,14.806727
2003-06-16,15.163129
2003-06-17,15.169607
2003-06-18,15.091852
2003-06-19,14.813206
2003-06-20,14.884650
2003-06-23,14.702808
2003-06-24,14.709305
2003-06-25,14.482008
2003-06-26,14.657355
2003-06-27,14.514482
2003-06-30,14.540452
2003-07-01,14.572928
2003-07-02,14.611893
2003-07-03,14.598902
2003-07-07,14.793726
2003-07-08,14.904128
2003-07-09,14.741781
2003-07-10,14.546953
2003-07-11,14.696317
2003-07-14,14.644358
2003-07-15,14.553449
2003-07-16,14.520973
2003-07-17,14.482008
2003-07-18,14.676827
2003-07-21,14.611893
2003-07-22,14.793726
2003-07-23,14.748275
2003-07-24,14.748275
2003-07-25,15.079470
2003-07-28,15.092457
2003-07-29,14.884650
2003-07-30,14.884650
2003-07-31,15.021017
2003-08-01,14.904128
2003-08-04,14.936600
2003-08-05,14.683327
2003-08-06,14.657355
2003-08-07,14.748275
2003-08-08,14.767751
2003-08-11,14.884650
2003-08-12,15.027518
2003-08-13,14.975572
2003-08-14,15.150910
2003-08-15,15.293775
2003-08-18,15.521080
2003-08-19,15.611995
2003-08-20,15.521080
2003-08-21,15.702910
2003-08-22,15.553546
2003-08-25,15.410677
2003-08-26,15.501597
2003-08-27,15.488605
2003-08-28,15.611995
2003-08-29,15.605504
2003-09-02,15.832807
2003-09-03,15.962681
2003-09-04,15.949691
2003-09-05,15.774350
2003-09-08,15.852285
2003-09-09,15.683436
2003-09-10,15.501597
2003-09-11,15.631485
2003-09-12,15.624982
2003-09-15,15.644464
2003-09-16,15.845775
2003-09-17,15.780838
2003-09-18,15.969172
2003-09-19,15.902045
2003-09-22,15.693495
2003-09-23,15.752153
2003-09-24,15.445841
2003-09-25,15.328526
2003-09-26,15.165606
2003-09-29,15.322014
2003-09-30,15.178633
2003-10-01,15.478430
2003-10-02,15.550121
2003-10-03,15.706527
2003-10-06,15.713049
2003-10-07,15.791249
2003-10-08,15.719567
2003-10-09,15.823834
2003-10-10,15.732604
2003-10-13,15.797771
2003-10-14,15.875980
2003-10-15,15.902045
2003-10-16,15.908567
2003-10-17,15.797771
2003-10-20,15.836875
2003-10-21,15.810806
2003-10-22,15.628320
2003-10-23,15.667426
2003-10-24,15.673948
2003-10-27,15.680468
2003-10-28,15.862939
2003-10-29,15.967221
2003-10-30,16.091049
2003-10-31,16.117123
2003-11-03,16.195320
2003-11-04,16.240946
2003-11-05,16.227907
2003-11-06,16.312632
2003-11-07,16.253977
2003-11-10,16.104078
2003-11-11,16.045418
2003-11-12,16.306112
2003-11-13,16.299610
2003-11-14,16.175760
2003-11-17,16.130146
2003-11-18,16.051943
2003-11-19,16.195320
2003-11-20,16.078009
2003-11-21,16.091049
2003-11-24,16.286575
2003-11-25,16.416906
2003-11-26,16.416906
2003-11-28,16.436460
2003-12-01,16.677595
2003-12-02,16.645006
2003-12-03,16.658045
2003-12-04,16.710178
2003-12-05,16.586355
2003-12-08,16.736248
2003-12-09,16.736248
2003-12-10,16.703667
2003-12-11,16.964357
2003-12-12,16.990425
2003-12-15,17.009977
2003-12-16,17.114254
2003-12-17,17.133808
2003-12-18,17.329317
2003-12-19,17.342421
2003-12-22,17.447212
2003-12-23,17.486507
2003-12-24,17.421007
2003-12-26,17.388268
2003-12-29,17.610935
2003-12-30,17.506155
2003-12-31,17.525797
2004-01-02,17.512697
2004-01-05,17.682981
2004-01-06,17.656784
2004-01-07,17.682981
2004-01-08,17.794321
2004-01-09,17.617487
2004-01-12,17.676432
2004-01-13,17.604389
2004-01-14,17.846706
2004-01-15,17.872923
2004-01-16,18.206921
2004-01-20,17.984240
2004-01-21,18.108692
2004-01-22,18.023535
2004-01-23,17.958055
2004-01-26,18.187275
2004-01-27,18.010441
2004-01-28,17.728825
2004-01-29,17.735369
2004-01-30,17.702633
2004-02-02,17.669884
2004-02-03,17.604389
2004-02-04,17.519247
2004-02-05,17.682981
2004-02-06,17.761574
2004-02-09,17.715725
2004-02-10,17.702633
2004-02-11,17.899101
2004-02-12,17.886011
2004-02-13,17.800875
2004-02-17,17.938404
2004-02-18,17.846706
2004-02-19,17.709179
2004-02-20,17.676432
2004-02-23,17.610935
2004-02-24,17.610935
2004-02-25,17.565090
2004-02-26,17.578199
2004-02-27,17.571646
2004-03-01,17.663330
2004-03-02,17.604389
2004-03-03,17.597843
2004-03-04,17.663330
2004-03-05,17.702633
2004-03-08,17.401367
2004-03-09,17.283476
2004-03-10,16.962563
2004-03-11,16.707144
2004-03-12,16.995306
2004-03-15,16.785736
2004-03-16,16.975666
2004-03-17,17.185242
2004-03-18,17.204891
2004-03-19,16.988668
2004-03-22,16.758638
2004-03-23,16.712646
2004-03-24,16.712646
2004-03-25,16.988668
2004-03-26,17.080671
2004-03-29,17.284412
2004-03-30,17.389555
2004-03-31,17.356705
2004-04-01,17.455284
2004-04-02,17.652447
2004-04-05,17.862751
2004-04-06,17.849606
2004-04-07,17.810158
2004-04-08,17.711592
2004-04-12,17.889027
2004-04-13,17.613012
2004-04-14,17.599873
2004-04-15,17.652447
2004-04-16,17.810158
2004-04-19,17.711592
2004-04-20,17.534145
2004-04-21,17.645868
2004-04-22,18.033617
2004-04-23,17.954762
2004-04-26,17.862751
2004-04-27,17.875885
2004-04-28,17.639303
2004-04-29,17.481565
2004-04-30,17.350136
2004-05-03,17.547293
2004-05-04,17.619585
2004-05-05,17.632725
2004-05-06,17.540720
2004-05-07,17.231829
2004-05-10,16.982098
2004-05-11,17.087240
2004-05-12,17.231829
2004-05-13,17.231829
2004-05-14,17.198965
2004-05-17,17.008392
2004-05-18,17.179251
2004-05-19,17.152975
2004-05-20,17.113544
2004-05-21,17.231829
2004-05-24,17.363270
2004-05-25,17.613012
2004-05-26,17.652447
2004-05-27,17.777308
2004-05-28,17.777308
2004-06-01,17.777308
2004-06-02,17.941601
2004-06-03,17.810158
2004-06-04,17.908745
2004-06-07,18.217630
2004-06-08,18.257067
2004-06-09,18.099335
2004-06-10,18.224209
2004-06-14,18.125628
2004-06-15,18.289921
2004-06-16,18.335928
2004-06-17,18.349075
2004-06-18,18.453135
2004-06-21,18.380690
2004-06-22,18.551916
2004-06-23,18.815346
2004-06-24,18.775829
2004-06-25,18.749489
2004-06-28,18.611185
2004-06-29,18.756060
2004-06-30,18.874613
2004-07-01,18.591421
2004-07-02,18.433367
2004-07-06,18.393856
2004-07-07,18.426788
2004-07-08,18.321417
2004-07-09,18.472874
2004-07-12,18.499231
2004-07-13,18.538748
2004-07-14,18.505816
2004-07-15,18.598019
2004-07-16,18.525574
2004-07-19,18.446541
2004-07-20,18.558500
2004-07-21,18.314831
2004-07-22,18.202866
2004-07-23,18.117252
2004-07-26,18.057987
2004-07-27,18.242390
2004-07-28,18.354345
2004-07-29,18.374098
2004-07-30,18.347757
2004-08-02,18.433367
2004-08-03,18.334583
2004-08-04,18.334583
2004-08-05,17.959200
2004-08-06,17.590401
2004-08-09,17.629917
2004-08-10,17.926270
2004-08-11,17.906519
2004-08-12,17.643087
2004-08-13,17.610153
2004-08-16,17.939440
2004-08-17,17.926270
2004-08-18,18.209465
2004-08-19,17.992128
2004-08-20,18.169939
2004-08-23,18.163357
2004-08-24,18.176519
2004-08-25,18.374098
2004-08-26,18.380690
2004-08-27,18.374098
2004-08-30,18.275311
2004-08-31,18.360931
2004-09-01,18.367512
2004-09-02,18.617769
2004-09-03,18.565079
2004-09-07,18.703388
2004-09-08,18.670462
2004-09-09,18.624357
2004-09-10,18.677046
2004-09-13,18.696798
2004-09-14,18.742895
2004-09-15,18.571674
2004-09-16,18.690214
2004-09-17,18.894430
2004-09-20,18.795288
2004-09-21,18.867985
2004-09-22,18.603638
2004-09-23,18.425201
2004-09-24,18.491289
2004-09-27,18.345896
2004-09-28,18.530937
2004-09-29,18.597027
2004-09-30,18.755638
2004-10-01,19.019989
2004-10-04,19.000160
2004-10-05,18.920853
2004-10-06,19.119112
2004-10-07,18.901035
2004-10-08,18.749033
2004-10-11,18.768852
2004-10-12,18.762238
2004-10-13,18.544161
2004-10-14,18.464851
2004-10-15,18.597027
2004-10-18,18.649900
2004-10-19,18.484684
2004-10-20,18.431816
2004-10-21,18.524334
2004-10-22,18.359114
2004-10-25,18.359114
2004-10-26,18.636677
2004-10-27,18.901035
2004-10-28,18.861383
2004-10-29,18.947292
2004-11-01,19.006771
2004-11-02,19.026602
2004-11-03,19.238079
2004-11-04,19.555296
2004-11-05,19.707298
2004-11-08,19.760174
2004-11-09,19.832859
2004-11-10,19.892349
2004-11-11,20.123653
2004-11-12,20.196348
2004-11-15,20.183134
2004-11-16,20.050955
2004-11-17,20.196348
2004-11-18,20.308695
2004-11-19,20.064177
2004-11-22,20.110435
2004-11-23,20.077387
2004-11-24,20.169918
2004-11-26,20.169918
2004-11-29,20.090616
2004-11-30,20.136873
2004-12-01,20.473923
2004-12-02,20.407825
2004-12-03,20.414438
2004-12-06,20.302088
2004-12-07,20.136873
2004-12-08,20.189734
2004-12-09,20.315304
2004-12-10,20.388000
2004-12-13,20.612698
2004-12-14,20.652353
2004-12-15,20.678793
2004-12-16,20.559830
2004-12-17,20.537249
2004-12-20,20.550528
2004-12-21,20.663446
2004-12-22,20.729856
2004-12-23,20.756435
2004-12-27,20.636879
2004-12-28,20.749792
2004-12-29,20.696657
2004-12-30,20.709942
2004-12-31,20.636879
2005-01-03,20.457541
2005-01-04,20.205147
2005-01-05,20.065659
2005-01-06,20.132080
2005-01-07,20.039089
2005-01-10,20.112146
2005-01-11,20.019161
2005-01-12,20.045740
2005-01-13,19.853111
2005-01-14,19.985954
2005-01-18,20.065659
2005-01-19,19.906252
2005-01-20,19.726912
2005-01-21,19.600716
2005-01-24,19.540932
2005-01-25,19.726912
2005-01-26,19.766768
2005-01-27,19.819902
2005-01-28,19.799980
2005-01-31,20.059021
2005-02-01,20.118799
2005-02-02,20.118799
2005-02-03,20.059021
2005-02-04,20.225067
2005-02-07,20.211788
2005-02-08,20.324694
2005-02-09,20.112146
2005-02-10,20.205147
2005-02-11,20.337986
2005-02-14,20.318060
2005-02-15,20.384478
2005-02-16,20.444256
2005-02-17,20.258278
2005-02-18,20.258278
2005-02-22,19.932821
2005-02-23,19.959381
2005-02-24,20.244999
2005-02-25,20.411045
2005-02-28,20.291485
2005-03-01,20.357912
2005-03-02,20.417696
2005-03-03,20.464184
2005-03-04,20.749792
2005-03-07,20.849424
2005-03-08,20.836134
2005-03-09,20.610308
2005-03-10,20.656803
2005-03-11,20.603664
2005-03-14,20.716593
2005-03-15,20.603664
2005-03-16,20.364552
2005-03-17,20.357912
2005-03-18,20.382574
2005-03-21,20.449228
2005-03-22,20.335915
2005-03-23,20.209276
2005-03-24,20.309254
2005-03-28,20.289261
2005-03-29,19.955990
2005-03-30,20.335915
2005-03-31,20.282593
2005-04-01,20.089298
2005-04-04,20.069305
2005-04-05,20.169279
2005-04-06,20.175949
2005-04-07,20.342579
2005-04-08,20.135958
2005-04-11,20.175949
2005-04-12,20.335915
2005-04-13,19.982658
2005-04-14,19.682716
2005-04-15,19.296116
2005-04-18,19.356108
2005-04-19,19.442762
2005-04-20,19.242804
2005-04-21,19.756035
2005-04-22,19.522747
2005-04-25,19.756035
2005-04-26,19.502750
2005-04-27,19.529408
2005-04-28,19.316113
2005-04-29,19.542744
2005-05-02,19.649393
2005-05-03,19.509413
2005-05-04,19.736032
2005-05-05,19.636057
2005-05-06,19.716040
2005-05-09,19.849344
2005-05-10,19.616058
2005-05-11,19.756035
2005-05-12,19.542744
2005-05-13,19.442762
2005-05-16,19.716040
2005-05-17,19.849344
2005-05-18,20.149281
2005-05-19,20.175949
2005-05-20,20.169279
2005-05-23,20.309254
2005-05-24,20.255930
2005-05-25,20.082632
2005-05-26,20.229273
2005-05-27,20.215940
2005-05-31,20.162617
2005-06-01,20.235941
2005-06-02,20.235941
2005-06-03,20.142622
2005-06-06,20.155951
2005-06-07,20.242596
2005-06-08,20.115959
2005-06-09,20.122627
2005-06-10,20.095963
2005-06-13,20.129288
2005-06-14,20.082632
2005-06-15,20.102634
2005-06-16,20.122627
2005-06-17,20.286333
2005-06-20,20.212831
2005-06-21,20.206150
2005-06-22,20.105921
2005-06-23,19.698330
2005-06-24,19.571363
2005-06-27,19.544640
2005-06-28,19.885418
2005-06-29,19.758457
2005-06-30,19.631504
2005-07-01,19.698330
2005-07-05,19.758457
2005-07-06,19.537954
2005-07-07,19.584730
2005-07-08,19.925505
2005-07-11,19.958925
2005-07-12,19.852011
2005-07-13,19.912138
2005-07-14,20.092564
2005-07-15,20.065830
2005-07-18,20.025734
2005-07-19,20.192789
2005-07-20,20.426647
2005-07-21,20.319735
2005-07-22,20.379885
2005-07-25,20.232872
2005-07-26,20.333103
2005-07-27,20.413290
2005-07-28,20.526882
2005-07-29,20.379885
2005-08-01,20.366510
2005-08-02,20.339788
2005-08-03,20.299704
2005-08-04,20.166061
2005-08-05,20.059145
2005-08-08,20.012367
2005-08-09,20.159372
2005-08-10,20.146021
2005-08-11,20.313059
2005-08-12,20.226196
2005-08-15,20.266285
2005-08-16,20.032415
2005-08-17,20.085871
2005-08-18,19.999010
2005-08-19,20.079197
2005-08-22,20.119284
2005-08-23,20.025734
2005-08-24,19.865372
2005-08-25,19.898775
2005-08-26,19.791866
2005-08-29,19.912138
2005-08-30,19.751780
2005-08-31,19.898775
2005-09-01,19.818602
2005-09-02,19.885418
2005-09-06,20.119284
2005-09-07,20.199471
2005-09-08,20.085871
2005-09-09,20.199471
2005-09-12,20.326426
2005-09-13,20.239555
2005-09-14,20.085871
2005-09-15,20.059145
2005-09-16,20.198677
2005-09-19,19.930351
2005-09-20,19.796181
2005-09-21,19.729099
2005-09-22,19.809601
2005-09-23,19.957182
2005-09-26,19.930351
2005-09-27,20.037685
2005-09-28,20.044388
2005-09-29,20.138304
2005-09-30,20.232224
2005-10-03,20.111469
2005-10-04,19.930351
2005-10-05,19.682137
2005-10-06,19.816307
2005-10-07,19.990715
2005-10-10,19.836428
2005-10-11,19.729099
2005-10-12,19.729099
2005-10-13,19.702269
2005-10-14,19.876678
2005-10-17,19.916937
2005-10-18,19.776060
2005-10-19,20.037685
2005-10-20,19.782759
2005-10-21,19.648596
2005-10-24,19.950476
2005-10-25,19.923635
2005-10-26,19.749220
2005-10-27,19.574804
2005-10-28,19.890100
2005-10-31,19.943764
2005-11-01,19.883385
2005-11-02,20.084637
2005-11-03,20.171852
2005-11-04,20.185265
2005-11-07,20.259058
2005-11-08,20.131598
2005-11-09,20.178549
2005-11-10,20.440174
2005-11-11,20.480433
2005-11-14,20.520676
2005-11-15,20.513975
2005-11-16,20.587753
2005-11-17,20.782297
2005-11-18,20.996958
2005-11-21,21.117720
2005-11-22,21.171379
2005-11-23,21.198214
2005-11-25,21.204920
2005-11-28,21.090883
2005-11-29,21.137840
2005-11-30,21.104294
2005-12-01,21.339092
2005-12-02,21.258589
2005-12-05,21.144550
2005-12-06,21.231756
2005-12-07,21.077465
2005-12-08,20.983549
2005-12-09,21.097589
2005-12-12,21.104294
2005-12-13,21.124426
2005-12-14,21.305544
2005-12-15,21.339092
2005-12-16,21.372835
2005-12-19,21.163628
2005-12-20,21.177118
2005-12-21,21.285095
2005-12-22,21.447063
2005-12-23,21.487560
2005-12-27,21.298595
2005-12-28,21.332336
2005-12-29,21.325586
2005-12-30,21.204115
2006-01-03,21.345831
2006-01-04,21.399826
2006-01-05,21.366077
2006-01-06,21.447063
2006-01-09,21.622540
2006-01-10,21.561787
2006-01-11,21.575287
2006-01-12,21.413319
2006-01-13,21.339090
2006-01-17,21.231110
2006-01-18,21.258112
2006-01-19,21.359337
2006-01-20,20.893684
2006-01-23,20.907177
2006-01-24,21.062397
2006-01-25,21.055649
2006-01-26,21.291857
2006-01-27,21.339090
2006-01-30,21.386328
2006-01-31,21.264851
2006-02-01,21.447063
2006-02-02,21.264851
2006-02-03,21.217613
2006-02-06,21.291857
2006-02-07,21.136631
2006-02-08,21.237862
2006-02-09,21.359337
2006-02-10,21.501057
2006-02-13,21.528046
2006-02-14,21.784502
2006-02-15,21.845238
2006-02-16,21.905970
2006-02-17,21.959957
2006-02-21,21.872229
2006-02-22,22.101679
2006-02-23,22.027447
2006-02-24,22.040945
2006-02-27,22.182669
2006-02-28,21.926222
2006-03-01,22.101679
2006-03-02,22.040945
2006-03-03,22.094936
2006-03-06,21.980207
2006-03-07,21.993708
2006-03-08,21.966715
2006-03-09,21.939716
2006-03-10,22.169159
2006-03-13,22.155676
2006-03-14,22.364876
2006-03-15,22.702309
2006-03-16,22.715803
2006-03-17,22.889225
2006-03-20,22.848570
2006-03-21,22.760509
2006-03-22,22.929865
2006-03-23,22.835022
2006-03-24,22.814711
2006-03-27,22.835022
2006-03-28,22.672455
2006-03-29,22.902769
2006-03-30,22.902769
2006-03-31,22.895988
2006-04-03,22.977278
2006-04-04,23.133083
2006-04-05,23.146627
2006-04-06,23.112755
2006-04-07,22.997595
2006-04-10,22.916315
2006-04-11,22.875658
2006-04-12,23.031467
2006-04-13,22.936626
2006-04-17,22.821470
2006-04-18,23.370163
2006-04-19,23.519197
2006-04-20,23.607256
2006-04-21,23.634352
2006-04-24,23.715639
2006-04-25,23.437906
2006-04-26,23.566616
2006-04-27,23.437906
2006-04-28,23.390490
2006-05-01,23.451456
2006-05-02,23.641127
2006-05-03,23.647898
2006-05-04,23.932411
2006-05-05,24.169495
2006-05-08,24.149174
2006-05-09,24.149174
2006-05-10,24.162720
2006-05-11,24.040796
2006-05-12,23.661451
2006-05-15,23.668222
2006-05-16,23.661451
2006-05-17,23.173719
2006-05-18,22.984051
2006-05-19,23.058561
2006-05-22,23.011154
2006-05-23,22.902769
2006-05-24,22.841803
2006-05-25,22.997595
2006-05-26,23.126303
2006-05-30,22.828251
2006-05-31,22.990829
2006-06-01,23.227924
2006-06-02,23.261786
2006-06-05,22.760509
2006-06-06,22.672455
2006-06-07,22.421816
2006-06-08,22.435360
2006-06-09,22.245705
2006-06-12,21.967960
2006-06-13,21.900223
2006-06-14,22.089888
2006-06-15,22.591166
2006-06-16,22.587774
2006-06-19,22.411203
2006-06-20,22.384033
2006-06-21,22.648897
2006-06-22,22.513067
2006-06-23,22.574184
2006-06-26,22.635300
2006-06-27,22.424784
2006-06-28,22.492691
2006-06-29,22.968073
2006-06-30,22.961294
2006-07-03,23.042784
2006-07-05,22.873005
2006-07-06,22.934122
2006-07-07,22.594563
2006-07-10,22.655682
2006-07-11,22.716801
2006-07-12,22.485897
2006-07-13,22.044474
2006-07-14,21.732069
2006-07-17,21.657370
2006-07-18,21.759233
2006-07-19,22.200665
2006-07-20,21.745647
2006-07-21,21.528334
2006-07-24,21.881470
2006-07-25,21.820360
2006-07-26,21.541918
2006-07-27,21.501173
2006-07-28,21.745647
2006-07-31,21.657370
2006-08-01,21.521534
2006-08-02,21.657370
2006-08-03,21.833941
2006-08-04,21.772825
2006-08-07,21.684530
2006-08-08,21.494379
2006-08-09,21.161604
2006-08-10,21.331385
2006-08-11,21.209137
2006-08-14,21.249880
2006-08-15,21.636993
2006-08-16,22.119173
2006-08-17,22.146339
2006-08-18,22.092007
2006-08-21,21.895065
2006-08-22,21.962973
2006-08-23,21.799978
2006-08-24,21.684530
2006-08-25,21.691317
2006-08-28,21.779606
2006-08-29,21.833941
2006-08-30,21.854305
2006-08-31,21.901854
2006-09-01,22.058054
2006-09-05,22.105589
2006-09-06,21.874678
2006-09-07,21.820360
2006-09-08,21.861101
2006-09-11,21.881470
2006-09-12,22.085222
2006-09-13,22.309324
2006-09-14,22.207464
2006-09-15,22.322029
2006-09-18,22.376596
2006-09-19,22.287937
2006-09-20,22.410698
2006-09-21,22.199274
2006-09-22,22.090151
2006-09-25,22.356133
2006-09-26,22.635756
2006-09-27,22.690311
2006-09-28,22.847181
2006-09-29,22.738058
2006-10-02,22.806253
2006-10-03,22.949482
2006-10-04,23.290482
2006-10-05,23.406422
2006-10-06,23.358683
2006-10-09,23.385963
2006-10-10,23.420061
2006-10-11,23.426880
2006-10-12,23.624666
2006-10-13,23.570099
2006-10-16,23.726961
2006-10-17,23.597385
2006-10-18,23.535999
2006-10-19,23.481441
2006-10-20,23.379141
2006-10-23,23.501898
2006-10-24,23.515547
2006-10-25,23.535999
2006-10-26,23.529186
2006-10-27,23.358683
2006-10-30,23.433697
2006-10-31,23.379141
2006-11-01,23.263208
2006-11-02,23.181355
2006-11-03,23.133629
2006-11-06,23.338223
2006-11-07,23.604197
2006-11-08,23.638300
2006-11-09,23.495092
2006-11-10,23.529186
2006-11-13,23.713329
2006-11-14,23.788345
2006-11-15,24.020229
2006-11-16,24.129354
2006-11-17,24.142981
2006-11-20,24.061146
2006-11-21,24.142981
2006-11-22,24.238468
2006-11-24,24.190722
2006-11-27,23.801977
2006-11-28,23.774710
2006-11-29,23.965660
2006-11-30,23.952032
2006-12-01,23.815624
2006-12-04,24.122538
2006-12-05,24.177092
2006-12-06,24.095253
2006-12-07,24.054338
2006-12-08,24.081614
2006-12-11,23.972490
2006-12-12,24.013409
2006-12-13,23.931557
2006-12-14,24.067961
2006-12-15,24.200657
2006-12-18,24.228157
2006-12-19,24.235029
2006-12-20,24.269407
2006-12-21,24.221281
2006-12-22,24.070030
2006-12-26,24.186911
2006-12-27,24.310667
2006-12-28,24.228157
2006-12-29,24.070030
2007-01-03,24.221281
2007-01-04,24.118160
2007-01-05,24.035648
2007-01-08,24.125025
2007-01-09,24.111279
2007-01-10,24.193781
2007-01-11,24.393162
2007-01-12,24.461918
2007-01-16,24.592546
2007-01-17,24.613157
2007-01-18,24.503162
2007-01-19,24.489414
2007-01-22,24.221281
2007-01-23,24.503162
2007-01-24,24.434416
2007-01-25,24.303780
2007-01-26,24.207529
2007-01-29,24.262539
2007-01-30,24.248793
2007-01-31,24.571920
2007-02-01,24.785051
2007-02-02,24.881296
2007-02-05,24.929428
2007-02-06,24.936317
2007-02-07,24.915668
2007-02-08,24.743801
2007-02-09,24.647545
2007-02-12,24.688807
2007-02-13,24.888174
2007-02-14,25.252567
2007-02-15,25.307556
2007-02-16,25.204437
2007-02-20,25.245687
2007-02-21,25.314438
2007-02-22,25.231932
2007-02-23,25.163172
2007-02-26,25.018797
2007-02-27,24.269407
2007-02-28,24.296902
2007-03-01,24.255663
2007-03-02,23.953156
2007-03-05,23.891277
2007-03-06,24.166279
2007-03-07,24.070030
2007-03-08,24.248793
2007-03-09,24.372541
2007-03-12,24.489414
2007-03-13,24.076906
2007-03-14,24.173161
2007-03-15,24.200657
2007-03-16,24.287472
2007-03-19,24.459723
2007-03-20,24.521742
2007-03-21,24.859358
2007-03-22,24.907587
2007-03-23,25.052273
2007-03-26,24.845570
2007-03-27,24.728434
2007-03-28,24.528631
2007-03-29,24.521742
2007-03-30,24.494175
2007-04-02,24.535521
2007-04-03,24.707762
2007-04-04,24.611307
2007-04-05,24.687103
2007-04-09,24.659534
2007-04-10,24.652643
2007-04-11,24.556185
2007-04-12,24.852463
2007-04-13,24.845570
2007-04-16,25.045382
2007-04-17,25.045382
2007-04-18,25.114275
2007-04-19,25.196959
2007-04-20,25.369207
2007-04-23,25.465677
2007-04-24,25.389889
2007-04-25,25.651711
2007-04-26,25.637922
2007-04-27,25.934206
2007-04-30,25.631031
2007-05-01,25.789501
2007-05-02,25.954876
2007-05-03,26.140907
2007-05-04,26.168463
2007-05-07,26.237366
2007-05-08,26.223581
2007-05-09,26.292477
2007-05-10,26.113338
2007-05-11,26.313150
2007-05-14,26.196011
2007-05-15,26.264929
2007-05-16,26.395842
2007-05-17,26.444067
2007-05-18,26.354488
2007-05-21,26.506071
2007-05-22,26.450960
2007-05-23,26.581875
2007-05-24,26.368269
2007-05-25,26.526737
2007-05-29,26.698988
2007-05-30,26.816137
2007-05-31,26.960821
2007-06-01,27.064156
2007-06-04,27.071068
2007-06-05,26.988371
2007-06-06,26.698988
2007-06-07,26.264929
2007-06-08,26.630108
2007-06-11,26.664545
2007-06-12,26.320044
2007-06-13,26.947037
2007-06-14,27.084837
2007-06-15,27.230591
2007-06-18,27.216774
2007-06-19,27.299669
2007-06-20,27.147697
2007-06-21,27.202957
2007-06-22,27.044088
2007-06-25,26.975010
2007-06-26,26.747055
2007-06-27,27.009537
2007-06-28,26.871395
2007-06-29,26.968098
2007-07-02,27.161516
2007-07-03,27.354921
2007-07-05,27.327318
2007-07-06,27.493103
2007-07-09,27.700329
2007-07-10,27.237497
2007-07-11,27.527632
2007-07-12,27.935186
2007-07-13,28.128611
2007-07-16,28.308212
2007-07-17,28.474012
2007-07-18,28.411839
2007-07-19,28.667418
2007-07-20,28.252949
2007-07-23,28.439468
2007-07-24,28.045717
2007-07-25,28.114790
2007-07-26,27.527632
2007-07-27,27.016449
2007-07-30,27.596710
2007-07-31,27.223684
2007-08-01,27.424006
2007-08-02,27.610512
2007-08-03,27.044088
2007-08-06,27.451643
2007-08-07,27.451643
2007-08-08,27.665791
2007-08-09,26.926666
2007-08-10,26.615799
2007-08-13,26.975010
2007-08-14,26.284237
2007-08-15,25.973360
2007-08-16,25.987188
2007-08-17,26.249683
2007-08-20,26.629616
2007-08-21,26.525988
2007-08-22,27.002640
2007-08-23,26.857582
2007-08-24,27.078629
2007-08-27,27.016449
2007-08-28,26.367107
2007-08-29,26.988827
2007-08-30,26.823027
2007-08-31,27.230591
2007-09-04,27.354921
2007-09-05,27.078629
2007-09-06,27.299669
2007-09-07,26.740133
2007-09-10,26.760866
2007-09-11,27.002640
2007-09-12,26.981905
2007-09-13,27.265142
2007-09-14,27.313490
2007-09-17,27.078629
2007-09-18,27.955919
2007-09-19,28.252949
2007-09-20,28.018082
2007-09-21,28.208317
2007-09-24,27.937536
2007-09-25,28.048624
2007-09-26,28.243034
2007-09-27,28.367994
2007-09-28,28.520746
2007-10-01,28.888695
2007-10-02,28.652666
2007-10-03,28.458260
2007-10-04,28.555462
2007-10-05,28.867889
2007-10-08,28.819273
2007-10-09,29.090048
2007-10-10,28.770676
2007-10-11,28.562393
2007-10-12,28.687359
2007-10-15,28.465200
2007-10-16,28.340225
2007-10-17,28.416605
2007-10-18,28.492973
2007-10-19,27.701500
2007-10-22,27.805641
2007-10-23,27.993084
2007-10-24,27.909786
2007-10-25,27.958372
2007-10-26,27.979197
2007-10-29,28.159714
2007-10-30,27.909786
2007-10-31,28.152773
2007-11-01,27.673727
2007-11-02,27.923668
2007-11-05,27.805641
2007-11-06,28.243034
2007-11-07,27.562632
2007-11-08,27.569584
2007-11-09,27.021116
2007-11-12,26.729515
2007-11-13,27.409897
2007-11-14,27.319643
2007-11-15,26.937803
2007-11-16,26.944738
2007-11-19,26.555954
2007-11-20,26.597601
2007-11-21,26.153273
2007-11-23,26.500393
2007-11-26,26.083839
2007-11-27,26.604548
2007-11-28,27.250223
2007-11-29,27.250223
2007-11-30,27.354355
2007-12-03,27.076654
2007-12-04,27.014174
2007-12-05,27.458508
2007-12-06,27.770914
2007-12-07,27.979197
2007-12-10,28.111118
2007-12-11,27.215509
2007-12-12,27.562632
2007-12-13,27.701500
2007-12-14,27.396008
2007-12-17,26.903086
2007-12-18,26.979437
2007-12-19,26.889198
2007-12-20,27.111368
2007-12-21,27.589907
2007-12-24,27.896858
2007-12-26,27.792215
2007-12-27,27.471323
2007-12-28,27.443426
2007-12-31,27.317848
2008-01-02,26.864407
2008-01-03,26.885349
2008-01-04,26.334230
2008-01-07,26.006376
2008-01-08,25.427361
2008-01-09,25.504097
2008-01-10,25.859884
2008-01-11,25.420395
2008-01-14,25.734304
2008-01-15,25.197165
2008-01-16,24.904165
2008-01-17,24.241455
2008-01-18,24.192633
2008-01-22,24.276337
2008-01-23,24.939043
2008-01-24,25.085552
2008-01-25,24.973917
2008-01-28,25.343657
2008-01-29,25.566879
2008-01-30,25.671522
2008-01-31,25.811049
2008-02-01,26.404005
2008-02-04,26.117989
2008-02-05,25.455278
2008-02-06,25.413418
2008-02-07,25.420395
2008-02-08,25.232048
2008-02-11,25.483187
2008-02-12,25.741293
2008-02-13,26.201694
2008-02-14,25.811049
2008-02-15,25.650604
2008-02-19,25.776163
2008-02-20,25.859884
2008-02-21,25.657574
2008-02-22,25.915686
2008-02-25,26.117989
2008-02-26,26.138912
2008-02-27,26.187740
2008-02-28,25.999390
2008-02-29,25.287853
2008-03-03,25.657574
2008-03-04,25.357603
2008-03-05,25.692465
2008-03-06,25.204140
2008-03-07,24.841387
2008-03-10,24.443760
2008-03-11,25.273886
2008-03-12,25.225065
2008-03-13,25.573858
2008-03-14,25.169262
2008-03-17,25.043686
2008-03-18,26.362139
2008-03-19,25.399467
2008-03-20,25.666441
2008-03-24,26.248013
2008-03-25,26.409163
2008-03-26,26.198959
2008-03-27,25.911669
2008-03-28,25.813578
2008-03-31,26.205967
2008-04-01,26.801565
2008-04-02,26.920681
2008-04-03,26.801565
2008-04-04,26.906658
2008-04-07,26.738499
2008-04-08,26.717457
2008-04-09,26.458212
2008-04-10,26.570318
2008-04-11,25.526291
2008-04-14,25.540295
2008-04-15,25.659422
2008-04-16,26.374130
2008-04-17,26.065826
2008-04-18,26.850611
2008-04-21,26.759508
2008-04-22,26.332096
2008-04-23,26.346102
2008-04-24,26.514267
2008-04-25,26.885628
2008-04-28,27.039795
2008-04-29,26.787542
2008-04-30,26.976721
2008-05-01,27.151894
2008-05-02,27.257006
2008-05-05,27.186935
2008-05-06,27.292040
2008-05-07,26.871634
2008-05-08,26.962709
2008-05-09,26.794548
2008-05-12,27.221973
2008-05-13,27.404150
2008-05-14,27.432182
2008-05-15,27.593338
2008-05-16,27.523262
2008-05-19,27.831575
2008-05-20,27.390127
2008-05-21,26.927671
2008-05-22,26.864607
2008-05-23,26.479229
2008-05-27,26.759508
2008-05-28,26.941692
2008-05-29,27.046801
2008-05-30,27.214958
2008-06-02,26.983727
2008-06-03,26.892637
2008-06-04,26.787542
2008-06-05,26.983727
2008-06-06,25.932692
2008-06-09,26.198959
2008-06-10,26.044802
2008-06-11,25.554314
2008-06-12,25.645403
2008-06-13,25.939703
2008-06-16,25.799551
2008-06-17,25.743511
2008-06-18,25.372139
2008-06-19,25.701462
2008-06-20,25.272741
2008-06-23,25.322020
2008-06-24,25.019314
2008-06-25,24.836281
2008-06-26,24.427967
2008-06-27,23.723986
2008-06-30,23.942232
2008-07-01,23.928137
2008-07-02,23.196014
2008-07-03,23.519842
2008-07-07,23.491680
2008-07-08,24.033741
2008-07-09,23.364967
2008-07-10,23.723986
2008-07-11,23.294573
2008-07-14,23.400162
2008-07-15,22.935541
2008-07-16,23.463524
2008-07-17,24.111177
2008-07-18,24.146385
2008-07-21,24.167500
2008-07-22,24.463175
2008-07-23,24.653242
2008-07-24,24.040781
2008-07-25,24.266050
2008-07-28,23.709921
2008-07-29,24.603985
2008-07-30,24.892593
2008-07-31,24.132307
2008-08-01,24.111177
2008-08-04,24.005575
2008-08-05,24.674358
2008-08-06,25.146025
2008-08-07,24.301258
2008-08-08,25.138988
2008-08-11,25.202345
2008-08-12,24.955950
2008-08-13,24.864443
2008-08-14,24.955950
2008-08-15,25.096743
2008-08-18,24.815163
2008-08-19,24.505409
2008-08-20,24.308294
2008-08-21,24.364607
2008-08-22,24.843313
2008-08-25,24.456133
2008-08-26,24.449087
2008-08-27,24.519493
2008-08-28,25.068592
2008-08-29,24.794037
2008-09-02,24.801081
2008-09-03,24.618046
2008-09-04,23.773268
2008-09-05,23.766226
2008-09-08,24.146385
2008-09-09,23.435368
2008-09-10,23.533922
2008-09-11,24.075987
2008-09-12,24.012621
2008-09-15,23.048182
2008-09-16,23.118565
2008-09-17,22.337164
2008-09-18,22.794739
2008-09-19,23.436037
2008-09-22,22.813147
2008-09-23,22.310598
2008-09-24,22.261045
2008-09-25,22.438004
2008-09-26,22.345991
2008-09-29,21.588617
2008-09-30,21.800966
2008-10-01,21.284246
2008-10-02,20.010178
2008-10-03,19.691648
2008-10-06,19.174934
2008-10-07,18.537895
2008-10-08,18.254768
2008-10-09,17.214266
2008-10-10,16.662161
2008-10-13,18.445875
2008-10-14,18.438797
2008-10-15,16.704626
2008-10-16,17.044388
2008-10-17,16.676319
2008-10-20,17.504471
2008-10-21,17.348757
2008-10-22,16.548916
2008-10-23,16.591381
2008-10-24,15.635818
2008-10-27,15.034168
2008-10-28,16.577223
2008-10-29,16.648012
2008-10-30,17.249657
2008-10-31,17.822989
2008-11-03,17.518627
2008-11-04,18.283081
2008-11-05,17.518627
2008-11-06,16.697554
2008-11-07,16.867434
2008-11-10,16.874516
2008-11-11,16.499367
2008-11-12,15.713681
2008-11-13,16.555988
2008-11-14,15.855247
2008-11-17,15.536729
2008-11-18,15.550879
2008-11-19,14.545769
2008-11-20,14.156469
2008-11-21,14.574083
2008-11-24,15.303147
2008-11-25,15.522571
2008-11-26,16.010965
2008-11-28,16.357801
2008-12-01,15.012931
2008-12-02,15.706603
2008-12-03,15.975573
2008-12-04,15.657058
2008-12-05,16.039278
2008-12-08,16.456896
2008-12-09,16.166683
2008-12-10,16.428583
2008-12-11,15.720757
2008-12-12,15.763231
2008-12-15,15.756155
2008-12-16,16.534752
2008-12-17,16.541834
2008-12-18,15.961420
2008-12-19,16.137947
2008-12-22,15.887809
2008-12-23,15.837774
2008-12-24,15.937837
2008-12-26,16.059330
2008-12-29,15.759155
2008-12-30,16.345215
2008-12-31,16.738295
2009-01-02,17.352945
2009-01-05,17.217150
2009-01-06,17.595943
2009-01-07,16.809772
2009-01-08,16.974154
2009-01-09,16.602505
2009-01-12,16.238007
2009-01-13,15.959268
2009-01-14,15.366072
2009-01-15,15.509011
2009-01-16,15.594772
2009-01-20,14.872927
2009-01-21,15.251719
2009-01-22,15.201687
2009-01-23,14.744273
2009-01-26,14.915812
2009-01-27,15.187401
2009-01-28,15.623363
2009-01-29,15.051604
2009-01-30,14.729986
2009-02-02,14.394074
2009-02-03,14.658522
2009-02-04,14.579900
2009-02-05,14.751430
2009-02-06,15.108777
2009-02-09,15.394665
2009-02-10,14.587047
2009-02-11,14.701406
2009-02-12,14.537013
2009-02-13,14.537013
2009-02-17,13.800875
2009-02-18,13.822320
2009-02-19,13.514995
2009-02-20,13.307733
2009-02-23,12.793152
2009-02-24,13.071889
2009-02-25,12.757414
2009-02-26,12.535860
2009-02-27,12.221390
2009-03-02,11.420923
2009-03-03,11.335158
2009-03-04,11.649626
2009-03-05,11.199366
2009-03-06,11.077868
2009-03-09,10.977808
2009-03-10,11.806859
2009-03-11,11.921216
2009-03-12,12.307148
2009-03-13,12.328594
2009-03-16,12.464383
2009-03-17,12.828886
2009-03-18,13.071889
2009-03-19,12.943240
2009-03-20,12.548524
2009-03-23,13.457731
2009-03-24,13.349496
2009-03-25,13.457731
2009-03-26,14.179323
2009-03-27,13.912333
2009-03-30,13.219602
2009-03-31,13.298981
2009-04-01,13.594835
2009-04-02,14.323644
2009-04-03,14.338077
2009-04-06,14.374158
2009-04-07,13.962855
2009-04-08,14.085516
2009-04-09,14.778252
2009-04-13,14.821548
2009-04-14,14.605064
2009-04-15,14.742165
2009-04-16,15.240068
2009-04-17,15.232860
2009-04-20,14.561771
2009-04-21,14.915353
2009-04-22,15.146271
2009-04-23,15.312234
2009-04-24,15.629728
2009-04-27,15.319448
2009-04-28,15.139042
2009-04-29,15.644167
2009-04-30,15.701889
2009-05-01,15.875072
2009-05-04,16.394619
2009-05-05,16.445133
2009-05-06,16.704910
2009-05-07,16.365751
2009-05-08,16.964680
2009-05-11,16.459574
2009-05-12,16.279167
2009-05-13,15.608078
2009-05-14,15.723535
2009-05-15,15.730757
2009-05-18,16.308029
2009-05-19,16.185360
2009-05-20,16.199787
2009-05-21,15.709109
2009-05-22,15.651384
2009-05-26,16.221430
2009-05-27,15.694675
2009-05-28,15.846216
2009-05-29,16.228647
2009-06-01,16.979118
2009-06-02,17.007977
2009-06-03,16.676043
2009-06-04,16.979118
2009-06-05,17.123426
2009-06-08,17.166731
2009-06-09,17.130648
2009-06-10,17.022411
2009-06-11,16.993538
2009-06-12,17.022411
2009-06-15,16.502863
2009-06-16,16.199787
2009-06-17,16.077110
2009-06-18,16.091553
2009-06-19,16.126421
2009-06-22,15.588874
2009-06-23,15.443591
2009-06-24,15.545284
2009-06-25,16.024725
2009-06-26,15.959343
2009-06-29,16.119156
2009-06-30,15.952086
2009-07-01,16.017454
2009-07-02,15.516233
2009-07-06,15.523494
2009-07-07,14.993214
2009-07-08,14.935099
2009-07-09,15.073118
2009-07-10,15.051331
2009-07-13,15.436326
2009-07-14,15.661523
2009-07-15,16.148212
2009-07-16,16.446043
2009-07-17,16.257179
2009-07-20,16.584063
2009-07-21,16.591322
2009-07-22,16.642179
2009-07-23,16.990852
2009-07-24,17.005383
2009-07-27,17.099813
2009-07-28,17.085295
2009-07-29,17.005383
2009-07-30,17.281425
2009-07-31,17.346790
2009-08-03,17.724531
2009-08-04,17.855288
2009-08-05,17.710003
2009-08-06,17.804441
2009-08-07,18.247559
2009-08-10,18.073212
2009-08-11,17.833492
2009-08-12,18.145844
2009-08-13,18.225761
2009-08-14,17.964252
2009-08-17,17.433971
2009-08-18,17.644625
2009-08-19,17.695478
2009-08-20,17.913404
2009-08-21,18.378311
2009-08-24,18.414631
2009-08-25,18.516325
2009-08-26,18.327461
2009-08-27,18.494530
2009-08-28,18.392839
2009-08-31,18.174913
2009-09-01,17.869814
2009-09-02,17.797174
2009-09-03,18.029625
2009-09-04,18.385572
2009-09-08,18.545382
2009-09-09,18.857737
2009-09-10,19.017550
2009-09-11,19.141045
2009-09-14,19.322647
2009-09-15,19.555103
2009-09-16,19.802076
2009-09-17,19.838406
2009-09-18,19.724483
2009-09-21,19.607641
2009-09-22,19.841330
2009-09-23,19.673361
2009-09-24,19.352041
2009-09-25,19.081846
2009-09-28,19.476192
2009-09-29,19.432377
2009-09-30,19.235205
2009-10-01,18.753233
2009-10-02,18.512245
2009-10-05,18.891981
2009-10-06,19.074547
2009-10-07,19.001518
2009-10-08,19.337439
2009-10-09,19.388563
2009-10-12,19.352041
2009-10-13,19.366653
2009-10-14,19.928957
2009-10-15,19.899744
2009-10-16,19.760994
2009-10-19,19.972765
2009-10-20,19.834024
2009-10-21,19.695272
2009-10-22,19.834024
2009-10-23,19.483488
2009-10-26,19.330133
2009-10-27,19.067244
2009-10-28,18.672901
2009-10-29,19.118361
2009-10-30,18.468424
2009-11-02,18.680204
2009-11-03,19.001518
2009-11-04,18.965008
2009-11-05,19.454279
2009-11-06,19.629545
2009-11-09,20.126133
2009-11-10,20.009279
2009-11-11,20.162643
2009-11-12,19.928957
2009-11-13,20.082314
2009-11-16,20.542377
2009-11-17,20.505865
2009-11-18,20.396332
2009-11-19,20.089615
2009-11-20,20.053102
2009-11-23,20.418232
2009-11-24,20.250267
2009-11-25,20.418232
2009-11-27,20.023886
2009-11-30,20.089615
2009-12-01,20.418232
2009-12-02,20.359808
2009-12-03,20.264877
2009-12-04,20.571585
2009-12-07,20.498562
2009-12-08,20.184549
2009-12-09,20.279482
2009-12-10,20.367111
2009-12-11,20.571585
2009-12-14,20.849092
2009-12-15,20.790667
2009-12-16,20.703047
2009-12-17,20.476656
2009-12-18,20.470036
2009-12-21,20.624393
2009-12-22,20.646444
2009-12-23,20.683197
2009-12-24,20.764050
2009-12-28,20.727293
2009-12-29,20.786098
2009-12-30,20.683197
2009-12-31,20.425934
2010-01-04,20.815495
2010-01-05,20.888987
2010-01-06,20.933088
2010-01-07,21.160952
2010-01-08,21.499050
2010-01-11,21.734255
2010-01-12,21.557854
2010-01-13,21.646053
2010-01-14,21.646053
2010-01-15,21.366745
2010-01-19,21.601952
2010-01-20,21.271193
2010-01-21,20.778749
2010-01-22,20.462685
2010-01-25,20.594986
2010-01-26,20.506788
2010-01-27,20.565584
2010-01-28,20.330387
2010-01-29,20.124588
2010-02-01,20.425934
2010-02-02,20.815495
2010-02-03,20.690542
2010-02-04,20.080481
2010-02-05,19.992275
2010-02-08,19.771774
2010-02-09,20.153984
2010-02-10,20.124588
2010-02-11,20.425934
2010-02-12,20.264246
2010-02-16,20.742001
2010-02-17,20.918396
2010-02-18,21.109497
2010-02-19,21.212408
2010-02-22,21.227102
2010-02-23,20.955139
2010-02-24,21.168297
2010-02-25,21.116854
2010-02-26,21.197701
2010-03-01,21.476999
2010-03-02,21.513756
2010-03-03,21.543146
2010-03-04,21.646053
2010-03-05,21.976814
2010-03-08,21.873913
2010-03-09,22.050308
2010-03-10,22.094414
2010-03-11,22.175264
2010-03-12,22.322266
2010-03-15,22.322266
2010-03-16,22.623621
2010-03-17,22.660378
2010-03-18,22.814722
2010-03-19,22.723272
2010-03-22,22.789644
2010-03-23,23.047783
2010-03-24,22.885521
2010-03-25,22.870775
2010-03-26,22.929773
2010-03-29,23.136278
2010-03-30,23.173155
2010-03-31,23.040409
2010-04-01,23.187912
2010-04-05,23.357533
2010-04-06,23.364916
2010-04-07,23.232164
2010-04-08,23.305914
2010-04-09,23.438667
2010-04-12,23.490301
2010-04-13,23.527168
2010-04-14,23.829575
2010-04-15,24.058207
2010-04-16,23.667307
2010-04-19,23.623045
2010-04-20,23.895943
2010-04-21,24.058207
2010-04-22,24.279455
2010-04-23,24.426958
2010-04-26,24.478588
2010-04-27,23.888559
2010-04-28,24.058207
2010-04-29,24.603973
2010-04-30,24.021315
2010-05-03,24.500713
2010-05-04,23.726309
2010-05-05,23.423927
2010-05-06,22.649509
2010-05-07,22.147997
2010-05-10,23.416552
2010-05-11,23.350168
2010-05-12,23.866440
2010-05-13,23.497675
2010-05-14,23.003531
2010-05-17,22.944529
2010-05-18,22.656893
2010-05-19,22.369249
2010-05-20,21.395716
2010-05-21,21.698103
2010-05-24,21.373592
2010-05-25,21.358839
2010-05-26,21.403090
2010-05-27,22.125866
2010-05-28,21.830851
2010-06-01,21.344082
2010-06-02,21.897234
2010-06-03,22.000488
2010-06-04,20.967955
2010-06-07,20.429552
2010-06-08,20.643436
2010-06-09,20.643436
2010-06-10,21.439960
2010-06-11,21.513721
2010-06-14,21.491594
2010-06-15,22.140621
2010-06-16,22.081619
2010-06-17,22.147997
2010-06-18,22.234705
2010-06-21,22.271765
2010-06-22,21.730724
2010-06-23,21.649199
2010-06-24,21.271212
2010-06-25,21.434263
2010-06-28,21.286028
2010-06-29,20.463350
2010-06-30,20.329933
2010-07-01,20.270636
2010-07-02,20.018656
2010-07-06,20.055712
2010-07-07,20.752399
2010-07-08,21.019211
2010-07-09,21.226740
2010-07-12,21.115564
2010-07-13,21.486141
2010-07-14,21.530611
2010-07-15,21.523207
2010-07-16,20.804285
2010-07-19,20.922857
2010-07-20,21.248980
2010-07-21,21.197094
2010-07-22,21.849308
2010-07-23,22.286591
2010-07-26,22.649754
2010-07-27,22.494122
2010-07-28,22.434822
2010-07-29,22.360708
2010-07-30,22.449644
2010-08-02,22.894335
2010-08-03,22.775755
2010-08-04,22.975868
2010-08-05,22.990692
2010-08-06,22.864702
2010-08-09,22.983280
2010-08-10,22.827639
2010-08-11,21.975300
2010-08-12,21.819664
2010-08-13,21.790020
2010-08-16,21.745546
2010-08-17,22.123533
2010-08-18,22.205067
2010-08-19,21.730724
2010-08-20,21.619551
2010-08-23,21.382383
2010-08-24,20.945101
2010-08-25,20.908039
2010-08-26,20.878391
2010-08-27,21.300852
2010-08-30,20.974745
2010-08-31,20.893215
2010-09-01,21.723305
2010-09-02,21.997538
2010-09-03,22.331057
2010-09-07,22.123533
2010-09-08,22.353298
2010-09-09,22.331057
2010-09-10,22.531174
2010-09-13,22.753521
2010-09-14,22.686813
2010-09-15,22.686813
2010-09-16,22.657167
2010-09-17,22.869482
2010-09-20,23.212147
2010-09-21,23.256844
2010-09-22,23.137651
2010-09-23,22.794989
2010-09-24,23.420732
2010-09-27,23.271740
2010-09-28,23.398384
2010-09-29,23.390936
2010-09-30,23.301542
2010-10-01,23.323895
2010-10-04,23.078056
2010-10-05,23.696358
2010-10-06,23.837896
2010-10-07,23.785744
2010-10-08,23.986879
2010-10-11,23.919828
2010-10-12,23.904934
2010-10-13,24.299747
2010-10-14,24.158205
2010-10-15,24.009222
2010-10-18,23.994324
2010-10-19,23.674006
2010-10-20,24.009222
2010-10-21,24.202908
2010-10-22,24.195457
2010-10-25,24.277397
2010-10-26,24.165661
2010-10-27,23.986879
2010-10-28,23.934736
2010-10-29,23.971981
2010-11-01,23.971981
2010-11-02,24.202908
2010-11-03,24.240156
2010-11-04,24.754162
2010-11-05,24.903149
2010-11-08,24.798855
2010-11-09,24.575373
2010-11-10,24.567934
2010-11-11,24.426386
2010-11-12,24.143320
2010-11-15,24.217812
2010-11-16,23.830442
2010-11-17,23.845343
2010-11-18,24.329548
2010-11-19,24.404036
2010-11-22,24.351900
2010-11-23,24.016672
2010-11-24,24.560478
2010-11-26,24.359348
2010-11-29,24.351900
2010-11-30,24.292299
2010-12-01,24.918051
2010-12-02,25.305412
2010-12-03,25.357557
2010-12-06,25.342657
2010-12-07,25.409708
2010-12-08,25.320299
2010-12-09,25.394804
2010-12-10,25.625732
2010-12-13,25.640636
2010-12-14,25.759834
2010-12-15,25.655523
2010-12-16,25.938608
2010-12-17,25.861490
2010-12-20,25.853994
2010-12-21,26.063639
2010-12-22,26.123539
2010-12-23,26.071133
2010-12-27,26.116053
2010-12-28,26.101076
2010-12-29,26.123539
2010-12-30,26.078623
2010-12-31,26.108568
2011-01-03,26.295755
2011-01-04,26.258320
2011-01-05,26.393093
2011-01-06,26.348173
2011-01-07,26.400581
2011-01-10,26.438009
2011-01-11,26.535345
2011-01-12,26.752483
2011-01-13,26.782433
2011-01-14,26.887272
2011-01-18,27.081932
2011-01-19,26.797409
2011-01-20,26.662645
2011-01-21,26.879776
2011-01-24,27.134338
2011-01-25,27.104399
2011-01-26,27.261623
2011-01-27,27.358969
2011-01-28,26.827356
2011-01-31,27.134338
2011-02-01,27.516203
2011-02-02,27.426355
2011-02-03,27.441326
2011-02-04,27.538668
2011-02-07,27.800720
2011-02-08,27.987898
2011-02-09,27.980413
2011-02-10,28.130163
2011-02-11,28.339813
2011-02-14,28.309870
2011-02-15,28.205046
2011-02-16,28.339813
2011-02-17,28.407207
2011-02-18,28.482073
2011-02-22,27.658463
2011-02-23,27.171782
2011-02-24,27.329016
2011-02-25,27.576103
2011-02-28,27.710871
2011-03-01,27.119368
2011-03-02,27.254139
2011-03-03,27.913040
2011-03-04,27.583586
2011-03-07,27.329016
2011-03-08,27.755791
2011-03-09,27.695900
2011-03-10,27.134338
2011-03-11,27.456297
2011-03-14,27.224194
2011-03-15,26.969618
2011-03-16,26.467960
2011-03-17,26.879776
2011-03-18,27.050478
2011-03-21,27.644581
2011-03-22,27.426487
2011-03-23,27.516726
2011-03-24,27.802507
2011-03-25,27.900276
2011-03-28,27.877705
2011-03-29,28.103319
2011-03-30,28.216125
2011-03-31,28.328941
2011-04-01,28.562054
2011-04-04,28.599659
2011-04-05,28.494373
2011-04-06,28.524464
2011-04-07,28.389103
2011-04-08,28.140921
2011-04-11,28.118355
2011-04-12,27.907789
2011-04-13,27.825069
2011-04-14,27.825069
2011-04-15,27.922831
2011-04-18,27.524254
2011-04-19,27.764906
2011-04-20,28.216125
2011-04-21,28.298847
2011-04-25,28.216125
2011-04-26,28.757591
2011-04-27,28.885429
2011-04-28,28.983189
2011-04-29,29.103527
2011-05-02,29.058411
2011-05-03,28.938076
2011-05-04,28.516935
2011-05-05,28.381569
2011-05-06,28.629742
2011-05-09,28.750072
2011-05-10,29.013285
2011-05-11,28.622221
2011-05-12,28.682388
2011-05-13,28.336451
2011-05-16,28.231163
2011-05-17,27.847628
2011-05-18,28.223642
2011-05-19,28.404135
2011-05-20,28.103319
2011-05-23,27.704746
2011-05-24,27.561869
2011-05-25,27.794987
2011-05-26,27.907789
2011-05-27,28.043156
2011-05-31,28.298847
2011-06-01,27.373856
2011-06-02,27.516726
2011-06-03,27.148266
2011-06-06,26.952715
2011-06-07,26.937687
2011-06-08,26.704550
2011-06-09,26.907604
2011-06-10,26.478941
2011-06-13,26.486458
2011-06-14,26.990318
2011-06-15,26.584223
2011-06-16,26.674465
2011-06-17,26.791611
2011-06-20,27.025888
2011-06-21,27.449125
2011-06-22,27.297960
2011-06-23,27.237509
2011-06-24,26.927650
2011-06-27,27.139273
2011-06-28,27.562475
2011-06-29,27.706066
2011-06-30,28.144424
2011-07-01,28.650776
2011-07-05,28.492069
2011-07-06,28.643227
2011-07-07,28.945517
2011-07-08,28.582748
2011-07-11,28.053717
2011-07-12,27.781652
2011-07-13,27.895018
2011-07-14,27.592710
2011-07-15,27.615389
2011-07-18,27.305523
2011-07-19,27.660725
2011-07-20,27.713625
2011-07-21,28.129305
2011-07-22,27.834557
2011-07-25,27.819445
2011-07-26,27.305523
2011-07-27,26.564884
2011-07-28,26.338158
2011-07-29,26.209681
2011-08-01,26.043398
2011-08-02,25.136492
2011-08-03,25.363220
2011-08-04,24.002865
2011-08-05,24.002865
2011-08-08,22.309967
2011-08-09,23.413372
2011-08-10,22.219278
2011-08-11,23.277340
2011-08-12,23.730793
2011-08-15,24.085999
2011-08-16,23.745909
2011-08-17,23.670330
2011-08-18,22.362871
2011-08-19,22.015213
2011-08-22,22.098354
2011-08-23,22.876783
2011-08-24,23.337790
2011-08-25,22.899454
2011-08-26,23.375582
2011-08-29,24.116230
2011-08-30,24.320288
2011-08-31,24.486557
2011-09-01,24.085999
2011-09-02,23.315128
2011-09-06,23.073282
2011-09-07,23.791248
2011-09-08,23.436047
2011-09-09,22.808771
2011-09-12,22.854111
2011-09-13,23.277340
2011-09-14,23.685448
2011-09-15,24.169125
2011-09-16,24.296810
2011-09-19,24.068815
2011-09-20,23.894018
2011-09-21,22.906036
2011-09-22,22.047243
2011-09-23,22.275238
2011-09-26,22.837627
2011-09-27,23.240431
2011-09-28,22.647633
2011-09-29,22.974426
2011-09-30,22.206837
2011-10-03,21.583649
2011-10-04,22.184048
2011-10-05,22.655233
2011-10-06,23.111227
2011-10-07,23.058029
2011-10-10,23.863619
2011-10-11,23.932014
2011-10-12,24.236006
2011-10-13,24.030813
2011-10-14,24.464005
2011-10-17,23.764818
2011-10-18,24.448811
2011-10-19,24.152407
2011-10-20,24.357607
2011-10-21,24.828793
2011-10-24,25.292395
2011-10-25,24.775604
2011-10-26,24.950392
2011-10-27,26.037189
2011-10-28,26.037189
2011-10-31,25.398779
2011-11-01,24.631199
2011-11-02,25.117599
2011-11-03,25.733187
2011-11-04,25.535587
2011-11-07,25.596392
2011-11-08,25.885185
2011-11-09,24.882002
2011-11-10,25.185997
2011-11-11,25.786388
2011-11-14,25.626789
2011-11-15,25.778782
2011-11-16,25.398779
2011-11-17,24.957993
2011-11-18,25.018799
2011-11-21,24.441206
2011-11-22,24.281610
2011-11-23,23.719213
2011-11-25,23.681221
2011-11-28,24.479200
2011-11-29,24.502012
2011-11-30,25.755966
2011-12-01,25.672390
2011-12-02,25.619192
2011-12-05,25.892790
2011-12-06,25.885185
2011-12-07,25.877584
2011-12-08,25.239187
2011-12-09,25.816784
2011-12-12,25.345596
2011-12-13,25.011194
2011-12-14,24.714804
2011-12-15,24.889595
2011-12-16,24.995171
2011-12-19,24.735060
2011-12-20,25.584291
2011-12-21,25.591949
2011-12-22,25.836763
2011-12-23,26.081591
2011-12-27,26.073944
2011-12-28,25.660801
2011-12-29,25.982138
2011-12-30,25.821476
2012-01-03,26.387638
2012-01-04,26.510038
2012-01-05,26.517691
2012-01-06,26.464130
2012-01-09,26.663063
2012-01-10,27.045599
2012-01-11,27.129753
2012-01-12,27.366919
2012-01-13,27.152700
2012-01-17,27.290424
2012-01-18,27.535246
2012-01-19,27.825985
2012-01-20,27.665318
2012-01-23,27.634706
2012-01-24,27.665318
2012-01-25,27.971342
2012-01-26,27.917784
2012-01-27,27.894829
2012-01-30,27.795376
2012-01-31,27.711220
2012-02-01,28.009602
2012-02-02,28.024904
2012-02-03,28.506908
2012-02-06,28.438047
2012-02-07,28.407442
2012-02-08,28.468645
2012-02-09,28.545156
2012-02-10,28.285027
2012-02-13,28.629303
2012-02-14,28.529852
2012-02-15,28.154961
2012-02-16,28.415092
2012-02-17,28.522196
2012-02-21,28.621662
2012-02-22,28.591055
2012-02-23,28.682873
2012-02-24,28.675222
2012-02-27,28.698179
2012-02-28,28.659912
2012-02-29,28.483955
2012-03-01,28.583408
2012-03-02,28.415092
2012-03-05,28.216171
2012-03-06,27.581152
2012-03-07,27.864220
2012-03-08,28.262074
2012-03-09,28.323278
2012-03-12,28.315622
2012-03-13,28.904747
2012-03-14,28.835884
2012-03-15,29.180176
2012-03-16,29.193235
2012-03-19,29.193235
2012-03-20,28.855026
2012-03-21,28.839664
2012-03-22,28.516829
2012-03-23,28.562952
2012-03-26,28.985697
2012-03-27,28.893463
2012-03-28,28.616760
2012-03-29,28.632130
2012-03-30,28.762785
2012-04-02,28.947275
2012-04-03,28.739731
2012-04-04,28.532202
2012-04-05,28.416906
2012-04-09,27.955725
2012-04-10,27.386923
2012-04-11,27.694368
2012-04-12,28.286234
2012-04-13,27.924973
2012-04-16,28.001829
2012-04-17,28.463024
2012-04-18,28.340042
2012-04-19,28.024887
2012-04-20,28.263166
2012-04-23,27.948030
2012-04-24,28.316980
2012-04-25,28.370783
2012-04-26,28.539888
2012-04-27,28.716675
2012-04-30,28.447643
2012-05-01,28.532202
2012-05-02,28.539888
2012-05-03,28.309298
2012-05-04,27.901899
2012-05-07,27.825045
2012-05-08,27.755871
2012-05-09,27.433035
2012-05-10,27.471478
2012-05-11,27.417665
2012-05-14,27.102518
2012-05-15,26.964169
2012-05-16,26.933413
2012-05-17,26.356939
2012-05-18,26.226261
2012-05-21,26.810431
2012-05-22,26.910357
2012-05-23,27.056402
2012-05-24,27.025654
2012-05-25,26.841177
2012-05-29,27.202446
2012-05-30,26.748934
2012-05-31,26.649010
2012-06-01,25.911114
2012-06-04,25.642086
2012-06-05,25.718946
2012-06-06,26.403057
2012-06-07,26.549093
2012-06-08,26.748934
2012-06-11,26.403057
2012-06-12,26.825808
2012-06-13,26.556778
2012-06-14,26.764313
2012-06-15,26.999094
2012-06-18,27.060869
2012-06-19,27.423840
2012-06-20,27.277117
2012-06-21,26.744234
2012-06-22,26.836916
2012-06-25,26.342655
2012-06-26,26.388981
2012-06-27,26.643841
2012-06-28,26.620676
2012-06-29,27.547411
2012-07-02,27.308002
2012-07-03,27.593748
2012-07-05,27.562849
2012-07-06,27.192158
2012-07-09,27.176718
2012-07-10,26.736515
2012-07-11,26.520266
2012-07-12,26.419867
2012-07-13,26.929583
2012-07-16,26.744234
2012-07-17,26.860081
2012-07-18,27.362055
2012-07-19,27.493345
2012-07-20,27.153547
2012-07-23,27.014530
2012-07-24,26.713345
2012-07-25,26.806011
2012-07-26,27.215322
2012-07-27,27.809980
2012-07-30,27.732765
2012-07-31,27.655525
2012-08-01,27.470184
2012-08-02,27.331173
2012-08-03,27.925835
2012-08-06,27.925835
2012-08-07,28.211561
2012-08-08,28.172958
2012-08-09,28.196127
2012-08-10,28.327421
2012-08-13,28.265625
2012-08-14,28.227020
2012-08-15,28.288803
2012-08-16,28.574545
2012-08-17,28.713558
2012-08-20,28.651777
2012-08-21,28.589991
2012-08-22,28.450985
2012-08-23,28.219303
2012-08-24,28.350584
2012-08-27,28.265625
2012-08-28,28.157511
2012-08-29,28.149788
2012-08-30,27.910374
2012-08-31,28.080282
2012-09-04,27.786814
2012-09-05,27.709587
2012-09-06,28.335138
2012-09-07,28.574545
2012-09-10,28.389202
2012-09-11,28.543653
2012-09-12,28.659498
2012-09-13,28.983849
2012-09-14,29.161482
2012-09-17,29.022474
2012-09-18,29.030195
2012-09-19,29.099701
2012-09-20,28.821684
2012-09-21,28.736176
2012-09-24,28.736176
2012-09-25,28.355309
2012-09-26,28.246496
2012-09-27,28.510769
2012-09-28,28.394163
2012-10-01,28.526308
2012-10-02,28.479677
2012-10-03,28.627371
2012-10-04,28.790596
2012-10-05,28.883869
2012-10-08,28.813896
2012-10-09,28.479677
2012-10-10,28.215384
2012-10-11,28.300903
2012-10-12,28.331987
2012-10-15,28.526308
2012-10-16,28.829445
2012-10-17,29.000460
2012-10-18,29.085953
2012-10-19,28.596272
2012-10-22,28.518530
2012-10-23,28.230955
2012-10-24,28.052172
2012-10-25,28.207626
2012-10-26,28.230955
2012-10-31,28.363081
2012-11-01,28.868319
2012-11-02,28.627371
2012-11-05,28.782810
2012-11-06,29.093725
2012-11-07,28.409721
2012-11-08,28.114351
2012-11-09,28.192087
2012-11-12,28.269819
2012-11-13,28.192087
2012-11-14,27.531382
2012-11-15,27.531382
2012-11-16,27.609131
2012-11-19,28.129892
2012-11-20,28.153215
2012-11-21,28.192087
2012-11-23,28.557411
2012-11-26,28.580715
2012-11-27,28.518530
2012-11-28,28.759495
2012-11-29,28.922726
2012-11-30,28.860544
2012-12-03,28.549633
2012-12-04,28.658447
2012-12-05,28.961594
2012-12-06,28.953823
2012-12-07,29.140371
2012-12-10,29.288050
2012-12-11,29.350233
2012-12-12,29.396870
2012-12-13,29.303593
2012-12-14,29.241409
2012-12-17,29.513470
2012-12-18,29.894331
2012-12-19,29.731110
2012-12-20,29.886555
2012-12-21,29.698652
2012-12-24,29.612514
2012-12-26,29.510731
2012-12-27,29.463741
2012-12-28,29.142725
2012-12-31,29.675159
2013-01-02,30.387672
2013-01-03,30.403332
2013-01-04,30.630392
2013-01-07,30.497293
2013-01-08,30.262388
2013-01-09,30.567759
2013-01-10,30.716516
2013-01-11,30.606909
2013-01-14,30.724361
2013-01-15,30.810486
2013-01-16,30.685198
2013-01-17,31.014057
2013-01-18,31.264627
2013-01-22,31.389902
2013-01-23,31.397722
2013-01-24,31.585629
2013-01-25,31.687412
2013-01-28,31.710915
2013-01-29,31.781389
2013-01-30,31.491684
2013-01-31,31.382051
2013-02-01,31.687412
2013-02-04,31.413366
2013-02-05,31.703083
2013-02-06,31.710915
2013-02-07,31.671772
2013-02-08,31.797047
2013-02-11,31.773573
2013-02-12,31.914507
2013-02-13,32.086739
2013-02-14,32.133736
2013-02-15,32.149387
2013-02-19,32.384285
2013-02-20,31.961468
2013-02-21,31.726574
2013-02-22,31.977129
2013-02-25,31.319431
2013-02-26,31.507338
2013-02-27,32.102406
2013-02-28,32.078922
2013-03-01,32.024113
2013-03-04,31.961468
2013-03-05,32.415596
2013-03-06,32.415596
2013-03-07,32.439087
2013-03-08,32.744438
2013-03-11,32.854065
2013-03-12,32.666168
2013-03-13,32.822754
2013-03-14,32.979355
2013-03-15,33.004528
2013-03-18,32.800060
2013-03-19,32.768600
2013-03-20,32.807922
2013-03-21,32.477642
2013-03-22,32.729279
2013-03-25,32.438332
2013-03-26,32.603455
2013-03-27,32.603455
2013-03-28,32.839367
2013-04-01,32.438332
2013-04-02,32.336082
2013-04-03,32.139507
2013-04-04,32.281048
2013-04-05,32.218132
2013-04-08,32.406860
2013-04-09,32.509094
2013-04-10,32.941608
2013-04-11,33.028103
2013-04-12,32.839367
2013-04-15,31.840668
2013-04-16,32.273190
2013-04-17,31.738438
2013-04-18,31.596882
2013-04-19,31.754162
2013-04-22,31.793478
2013-04-23,32.021542
2013-04-24,32.351818
2013-04-25,32.516953
2013-04-26,32.422592
2013-04-29,32.587719
2013-04-30,32.595608
2013-05-01,32.170952
2013-05-02,32.572002
2013-05-03,33.130344
2013-05-06,33.342659
2013-05-07,33.649342
2013-05-08,33.861668
2013-05-09,33.861668
2013-05-10,33.963898
2013-05-13,33.830219
2013-05-14,34.247002
2013-05-15,34.388546
2013-05-16,34.215549
2013-05-17,34.734562
2013-05-20,34.836781
2013-05-21,34.883972
2013-05-22,34.577286
2013-05-23,34.482918
2013-05-24,34.372826
2013-05-28,34.553696
2013-05-29,34.357086
2013-05-30,34.561562
2013-05-31,34.231281
2013-06-03,34.396420
2013-06-04,34.207687
2013-06-05,33.586437
2013-06-06,33.798763
2013-06-07,34.435734
2013-06-10,34.333500
2013-06-11,34.018936
2013-06-12,33.783020
2013-06-13,34.278450
2013-06-14,34.050415
2013-06-17,34.317776
2013-06-18,34.718834
2013-06-19,34.191948
2013-06-20,33.413441
2013-06-21,33.433971
2013-06-24,32.872795
2013-06-25,33.244282
2013-06-26,33.568359
2013-06-27,33.900326
2013-06-28,33.702721
2013-07-01,34.042595
2013-07-02,33.679012
2013-07-03,33.694828
2013-07-05,34.224388
2013-07-08,34.319237
2013-07-09,34.801380
2013-07-10,34.793484
2013-07-11,35.346764
2013-07-12,35.133347
2013-07-15,35.259815
2013-07-16,35.070122
2013-07-17,35.172863
2013-07-18,35.528549
2013-07-19,35.892139
2013-07-22,35.915848
2013-07-23,35.892139
2013-07-24,35.615505
2013-07-25,35.631317
2013-07-26,35.512745
2013-07-29,35.417900
2013-07-30,35.568073
2013-07-31,35.694523
2013-08-01,36.303143
2013-08-02,36.374290
2013-08-05,36.232014
2013-08-06,35.963276
2013-08-07,35.907944
2013-08-08,36.073933
2013-08-09,35.955364
2013-08-12,36.002789
2013-08-13,36.160870
2013-08-14,35.907944
2013-08-15,35.504833
2013-08-16,35.552269
2013-08-19,35.362572
2013-08-20,35.425812
2013-08-21,35.180779
2013-08-22,35.662926
2013-08-23,35.670822
2013-08-26,35.591778
2013-08-27,34.872509
2013-08-28,34.904140
2013-08-29,35.006882
2013-08-30,34.809277
2013-09-03,35.030598
2013-09-04,35.386288
2013-09-05,35.473213
2013-09-06,35.457417
2013-09-09,35.900047
2013-09-10,36.421700
2013-09-11,36.571877
2013-09-12,36.421700
2013-09-13,36.524460
2013-09-16,36.998703
2013-09-17,37.156776
2013-09-18,37.623112
2013-09-19,37.749565
2013-09-20,37.288242
2013-09-23,37.169128
2013-09-24,37.304100
2013-09-25,37.137379
2013-09-26,37.304100
2013-09-27,37.065910
2013-09-30,36.851524
2013-10-01,37.081795
2013-10-02,36.907104
2013-10-03,36.502140
2013-10-04,36.740345
2013-10-07,36.486252
2013-10-08,36.073364
2013-10-09,36.057468
2013-10-10,36.986515
2013-10-11,37.161182
2013-10-14,37.304100
2013-10-15,36.930920
2013-10-16,37.177071
2013-10-17,37.462933
2013-10-18,37.867901
2013-10-21,37.963177
2013-10-22,38.217278
2013-10-23,38.233154
2013-10-24,38.519009
2013-10-25,38.717514
2013-10-28,38.661934
2013-10-29,38.773109
2013-10-30,38.598415
2013-10-31,38.606354
2013-11-01,38.884266
2013-11-04,39.027191
2013-11-05,38.987492
2013-11-06,39.098648
2013-11-07,38.685760
2013-11-08,39.209831
2013-11-11,39.178066
2013-11-12,39.193939
2013-11-13,39.424198
2013-11-14,39.575092
2013-11-15,39.710060
2013-11-18,39.773590
2013-11-19,39.487728
2013-11-20,39.313053
2013-11-21,39.630653
2013-11-22,39.980045
2013-11-25,39.892685
2013-11-26,39.972099
2013-11-27,40.130909
2013-11-29,40.019745
2013-12-02,39.852985
2013-12-03,39.511559
2013-12-04,39.352760
2013-12-05,39.368641
2013-12-06,39.972099
2013-12-09,40.075340
2013-12-10,39.987980
2013-12-11,39.360691
2013-12-12,39.400402
2013-12-13,39.519497
2013-12-16,39.892685
2013-12-17,39.876827
2013-12-18,40.543812
2013-12-19,40.583515
2013-12-20,40.909935
2013-12-23,41.069553
2013-12-24,41.261093
2013-12-26,41.548393
2013-12-27,41.500523
2013-12-30,41.460613
2013-12-31,41.708027
2014-01-02,41.125408
2014-01-03,41.237148
2014-01-06,40.997723
2014-01-07,41.253109
2014-01-08,41.181282
2014-01-09,41.380814
2014-01-10,41.444660
2014-01-13,40.941864
2014-01-14,41.372822
2014-01-15,41.668118
2014-01-16,41.564354
2014-01-17,41.356873
2014-01-21,41.396767
2014-01-22,41.524467
2014-01-23,41.029648
2014-01-24,39.752697
2014-01-27,39.792610
2014-01-28,40.167728
2014-01-29,39.736752
2014-01-30,40.127815
2014-01-31,39.928295
2014-02-03,38.818954
2014-02-04,39.066360
2014-02-05,39.050392
2014-02-06,39.593090
2014-02-07,40.279457
2014-02-10,40.024059
2014-02-11,40.470989
2014-02-12,40.702423
2014-02-13,40.734352
2014-02-14,40.997723
2014-02-18,40.965797
2014-02-19,40.582714
2014-02-20,40.965797
2014-02-21,41.013680
2014-02-24,41.324947
2014-02-25,41.189278
2014-02-26,41.229164
2014-02-27,41.468582
2014-02-28,41.548393
2014-03-03,41.269077
2014-03-04,41.867645
2014-03-05,41.923504
2014-03-06,42.162933
2014-03-07,42.298618
2014-03-10,42.115059
2014-03-11,41.811775
2014-03-12,41.731956
2014-03-13,41.141376
2014-03-14,40.981770
2014-03-17,41.484547
2014-03-18,41.708027
2014-03-19,41.277054
2014-03-20,41.396767
2014-03-21,41.400764
2014-03-24,41.264503
2014-03-25,41.641247
2014-03-26,41.216400
2014-03-27,41.160313
2014-03-28,41.464905
2014-03-31,41.945843
2014-04-01,42.242428
2014-04-02,42.538998
2014-04-03,42.603138
2014-04-04,42.114166
2014-04-07,41.513000
2014-04-08,41.513000
2014-04-09,42.042023
2014-04-10,41.208401
2014-04-11,40.799599
2014-04-14,41.032055
2014-04-15,41.320625
2014-04-16,41.953842
2014-04-17,42.282501
2014-04-21,42.402740
2014-04-22,42.426773
2014-04-23,42.587105
2014-04-24,42.506935
2014-04-25,42.090115
2014-04-28,42.114166
2014-04-29,42.226391
2014-04-30,42.506935
2014-05-01,42.402740
2014-05-02,42.338596
2014-05-05,42.426773
2014-05-06,42.106155
2014-05-07,42.466850
2014-05-08,42.458832
2014-05-09,42.490902
2014-05-12,43.124149
2014-05-13,43.196293
2014-05-14,42.875652
2014-05-15,42.498917
2014-05-16,42.555023
2014-05-19,42.723362
2014-05-20,42.154255
2014-05-21,42.571064
2014-05-22,42.651215
2014-05-23,42.923740
2014-05-27,43.148174
2014-05-28,43.180252
2014-05-29,43.356590
2014-05-30,43.324520
2014-06-02,43.508896
2014-06-03,43.460804
2014-06-04,43.452770
2014-06-05,43.893639
2014-06-06,44.334499
2014-06-09,44.558933
2014-06-10,44.454739
2014-06-11,44.126087
2014-06-12,43.532944
2014-06-13,43.685234
2014-06-16,43.637142
2014-06-17,43.757378
2014-06-18,44.005859
2014-06-19,44.118080
2014-06-20,44.303280
2014-06-23,44.045616
2014-06-24,43.602730
2014-06-25,43.642990
2014-06-26,43.610783
2014-06-27,43.715469
2014-06-30,43.530266
2014-07-01,43.795986
2014-07-02,43.723507
2014-07-03,44.085873
2014-07-07,43.771839
2014-07-08,43.473896
2014-07-09,43.546375
2014-07-10,43.288692
2014-07-11,43.538303
2014-07-14,43.787930
2014-07-15,43.812099
2014-07-16,43.997299
2014-07-17,43.312859
2014-07-18,43.675209
2014-07-21,43.651054
2014-07-22,43.812099
2014-07-23,43.634949
2014-07-24,43.425583
2014-07-25,43.312859
2014-07-28,43.095448
2014-07-29,42.555946
2014-07-30,42.596210
2014-07-31,41.734619
2014-08-01,41.694366
2014-08-04,41.839291
2014-08-05,41.589687
2014-08-06,41.380318
2014-08-07,41.420574
2014-08-08,42.008389
2014-08-11,42.177490
2014-08-12,42.080864
2014-08-13,42.491539
2014-08-14,42.676731
2014-08-15,42.588161
2014-08-18,43.232346
2014-08-19,43.337025
2014-08-20,43.795986
2014-08-21,43.755733
2014-08-22,43.602730
2014-08-25,43.771839
2014-08-26,43.626884
2014-08-27,43.602730
2014-08-28,43.538303
2014-08-29,43.498062
2014-09-02,43.642990
2014-09-03,43.586636
2014-09-04,43.602730
2014-09-05,43.747673
2014-09-08,43.707420
2014-09-09,43.570522
2014-09-10,43.602730
2014-09-11,43.618828
2014-09-12,43.473896
2014-09-15,43.457802
2014-09-16,43.699375
2014-09-17,43.868458
2014-09-18,44.077805
2014-09-19,44.034939
2014-09-22,43.541451
2014-09-23,43.185467
2014-09-24,43.411980
2014-09-25,42.732414
2014-09-26,43.128841
2014-09-29,43.064098
2014-09-30,42.999401
2014-10-01,42.190376
2014-10-02,42.141830
2014-10-03,42.716225
2014-10-06,42.586781
2014-10-07,41.551247
2014-10-08,42.295551
2014-10-09,41.316628
2014-10-10,40.709869
2014-10-13,40.078842
2014-10-14,40.637066
2014-10-15,40.539963
2014-10-16,40.839317
2014-10-17,41.648338
2014-10-20,41.769684
2014-10-21,42.700054
2014-10-22,42.141830
2014-10-23,43.072208
2014-10-24,43.452442
2014-10-27,43.436279
2014-10-28,44.204838
2014-10-29,44.051128
2014-10-30,44.229092
2014-10-31,44.665970
2014-11-03,44.609344
2014-11-04,44.585064
2014-11-05,44.860149
2014-11-06,45.329369
2014-11-07,45.394093
2014-11-10,45.620617
2014-11-11,45.563988
2014-11-12,45.628712
2014-11-13,45.499260
2014-11-14,45.555889
2014-11-17,45.491188
2014-11-18,45.830967
2014-11-19,45.693439
2014-11-20,45.814793
2014-11-21,46.259758
2014-11-24,46.381096
2014-11-25,46.518627
2014-11-26,46.429642
2014-11-28,46.041309
2014-12-01,45.450733
2014-12-02,45.839062
2014-12-03,46.453918
2014-12-04,46.219288
2014-12-05,46.324459
2014-12-08,45.814793
2014-12-09,45.822880
2014-12-10,44.949131
2014-12-11,45.167564
2014-12-12,44.350449
2014-12-15,44.204838
2014-12-16,44.245293
2014-12-17,44.657883
2014-12-18,45.782425
2014-12-19,46.039505
2014-12-22,46.478832
2014-12-23,46.649677
2014-12-24,46.698490
2014-12-26,46.698490
2014-12-29,46.771713
2014-12-30,46.495106
2014-12-31,46.031387
2015-01-02,45.974434
2015-01-05,44.900524
2015-01-06,44.347286
2015-01-07,44.680859
2015-01-08,45.575771
2015-01-09,45.087646
2015-01-12,44.778484
2015-01-13,44.688999
2015-01-14,44.444908
2015-01-15,44.233387
2015-01-16,44.526283
2015-01-20,44.843578
2015-01-21,45.209675
2015-01-22,45.933731
2015-01-23,45.551384
2015-01-26,45.608326
2015-01-27,45.006287
2015-01-28,44.615768
2015-01-29,45.128319
2015-01-30,44.396111
2015-02-02,45.055084
2015-02-03,45.787315
2015-02-04,45.437473
2015-02-05,45.827988
2015-02-06,45.722218
2015-02-09,45.600182
2015-02-10,45.852379
2015-02-11,45.868660
2015-02-12,46.299847
2015-02-13,46.511368
2015-02-17,46.576466
2015-02-18,46.836800
2015-02-19,46.918152
2015-02-20,47.316795
2015-02-23,47.113419
2015-02-24,47.300541
2015-02-25,47.202908
2015-02-26,46.991379
2015-02-27,46.771713
2015-03-02,47.202908
2015-03-03,46.901894
2015-03-04,46.535801
2015-03-05,46.568325
2015-03-06,45.933731
2015-03-09,46.364948
2015-03-10,45.510689
2015-03-11,45.461887
2015-03-12,46.047649
2015-03-13,45.624580
2015-03-16,46.381207
2015-03-17,46.194096
2015-03-18,46.739170
2015-03-19,46.421883
2015-03-20,46.684231
2015-03-23,46.291935
2015-03-24,46.136650
2015-03-25,45.352020
2015-03-26,45.229443
2015-03-27,45.401073
2015-03-30,46.038567
2015-03-31,45.580891
2015-04-01,45.278488
2015-04-02,45.302994
2015-04-06,45.646267
2015-04-07,45.540012
2015-04-08,45.695301
2015-04-09,45.915977
2015-04-10,46.561638
2015-04-13,46.120293
2015-04-14,46.177509
2015-04-15,46.259247
2015-04-16,46.161175
2015-04-17,45.605389
2015-04-20,46.136650
2015-04-21,46.079426
2015-04-22,46.275578
2015-04-23,46.226547
2015-04-24,46.030388
2015-04-27,46.014046
2015-04-28,46.095783
2015-04-29,45.866943
2015-04-30,45.466461
2015-05-01,46.038567
2015-05-04,46.112125
2015-05-05,45.490967
2015-05-06,45.466461
2015-05-07,45.703476
2015-05-08,46.242897
2015-05-11,46.202023
2015-05-12,46.152981
2015-05-13,46.251064
2015-05-14,46.716938
2015-05-15,46.676064
2015-05-18,46.765976
2015-05-19,46.635201
2015-05-20,46.463562
2015-05-21,46.716938
2015-05-22,46.504433
2015-05-26,45.997707
2015-05-27,46.291935
2015-05-28,46.071247
2015-05-29,45.613571
2015-06-01,45.817894
2015-06-02,45.907791
2015-06-03,46.136650
2015-06-04,45.621738
2015-06-05,45.654430
2015-06-08,45.319351
2015-06-09,45.311176
2015-06-10,45.760696
2015-06-11,46.022217
2015-06-12,45.752514
2015-06-15,45.368385
2015-06-16,45.409248
2015-06-17,45.531845
2015-06-18,45.989536
2015-06-19,45.766121
2015-06-22,46.045383
2015-06-23,45.930386
2015-06-24,45.503296
2015-06-25,45.150105
2015-06-26,45.232227
2015-06-29,44.378025
2015-06-30,44.402672
2015-07-01,44.624428
2015-07-02,44.542294
2015-07-06,44.369816
2015-07-07,44.731201
2015-07-08,43.926273
2015-07-09,44.033058
2015-07-10,44.493004
2015-07-13,44.985828
2015-07-14,45.109039
2015-07-15,44.920120
2015-07-16,45.125458
2015-07-17,45.109039
2015-07-20,45.117249
2015-07-21,44.632656
2015-07-22,44.435532
2015-07-23,44.024830
2015-07-24,43.449894
2015-07-27,43.236328
2015-07-28,44.074131
2015-07-29,44.616222
2015-07-30,44.575150
2015-07-31,44.534077
2015-08-03,44.320511
2015-08-04,44.295876
2015-08-05,44.542294
2015-08-06,44.312309
2015-08-07,44.098774
2015-08-10,44.961189
2015-08-11,44.410870
2015-08-12,44.419106
2015-08-13,44.386250
2015-08-14,44.665493
2015-08-17,44.887268
2015-08-18,44.805134
2015-08-19,44.386250
2015-08-20,43.466320
2015-08-21,42.267132
2015-08-24,40.764046
2015-08-25,40.230156
2015-08-26,41.486839
2015-08-27,42.488899
2015-08-28,42.505322
2015-08-31,42.127502
2015-09-01,41.010452
2015-09-02,41.922161
2015-09-03,41.946804
2015-09-04,41.363640
2015-09-08,42.505322
2015-09-09,42.053570
2015-09-10,42.078213
2015-09-11,42.308186
2015-09-14,42.094658
2015-09-15,42.825657
2015-09-16,43.137768
2015-09-17,42.948868
2015-09-18,42.000011
2015-09-21,42.206463
2015-09-22,41.595379
2015-09-23,41.306347
2015-09-24,41.050346
2015-09-25,41.132935
2015-09-28,40.323662
2015-09-29,40.587910
2015-09-30,41.198997
2015-10-01,41.108154
2015-10-02,41.628422
2015-10-05,42.809303
2015-10-06,42.768021
2015-10-07,43.329548
2015-10-08,43.932384
2015-10-09,44.081024
2015-10-12,44.089294
2015-10-13,43.618568
2015-10-14,43.147881
2015-10-15,43.618568
2015-10-16,43.395618
2015-10-19,43.453415
2015-10-20,43.742439
2015-10-21,43.750706
2015-10-22,44.972885
2015-10-23,45.138046
2015-10-26,45.038952
2015-10-27,44.543468
2015-10-28,44.898560
2015-10-29,44.873798
2015-10-30,44.815987
2015-11-02,45.336246
2015-11-03,45.369263
2015-11-04,45.245403
2015-11-05,45.303207
2015-11-06,45.303207
2015-11-09,44.956367
2015-11-10,44.948112
2015-11-11,45.005920
2015-11-12,44.394817
2015-11-13,44.196632
2015-11-16,44.766438
2015-11-17,44.675606
2015-11-18,45.294941
2015-11-19,45.493153
2015-11-20,45.724350
2015-11-23,45.493153
2015-11-24,45.418819
2015-11-25,45.418819
2015-11-27,45.501404
2015-11-30,45.204109
2015-12-01,45.418819
2015-12-02,44.956367
2015-12-03,44.394817
2015-12-04,45.055462
2015-12-07,44.832508
2015-12-08,44.114071
2015-12-09,43.981926
2015-12-10,44.188381
2015-12-11,43.445160
2015-12-14,43.602062
2015-12-15,43.610329
2015-12-16,44.386562
2015-12-17,43.651611
2015-12-18,42.986126
2015-12-21,43.318459
2015-12-22,43.916637
2015-12-23,44.431740
2015-12-24,44.415127
2015-12-28,44.315430
2015-12-29,44.739140
2015-12-30,44.365288
2015-12-31,44.041260
2016-01-04,43.451393
2016-01-05,43.567699
2016-01-06,42.894733
2016-01-07,41.731606
2016-01-08,41.307896
2016-01-11,41.332813
2016-01-12,41.665146
2016-01-13,40.659863
2016-01-14,41.141743
2016-01-15,40.418930
2016-01-19,40.410625
2016-01-20,39.887218
2016-01-21,40.061672
2016-01-22,40.410625
2016-01-25,39.912128
2016-01-26,40.668163
2016-01-27,40.211224
2016-01-28,40.443859
2016-01-29,41.532219
2016-02-01,41.432522
2016-02-02,40.601700
2016-02-03,41.258041
2016-02-04,41.972553
2016-02-05,41.573757
2016-02-08,41.224815
2016-02-09,41.474052
2016-02-10,41.258041
2016-02-11,40.452164
2016-02-12,41.266346
2016-02-16,42.097168
2016-02-17,42.745201
2016-02-18,42.720268
2016-02-19,42.637196
2016-02-22,43.360004
2016-02-23,42.927971
2016-02-24,42.952892
2016-02-25,43.517849
2016-02-26,43.576008
2016-02-29,43.301842
2016-03-01,44.149258
2016-03-02,44.182495
2016-03-03,44.498211
2016-03-04,44.680992
2016-03-07,44.813911
2016-03-08,44.182495
2016-03-09,44.323746
2016-03-10,44.257267
2016-03-11,44.897003
2016-03-14,44.938549
2016-03-15,44.913616
2016-03-16,45.071465
2016-03-17,46.060131
2016-03-18,46.455112
2016-03-21,46.730690
2016-03-22,46.463467
2016-03-23,46.162849
2016-03-24,46.029236
2016-03-28,46.045929
2016-03-29,46.346581
2016-03-30,46.430073
2016-03-31,46.321499
2016-04-01,46.538628
2016-04-04,46.012535
2016-04-05,45.728611
2016-04-06,45.954071
2016-04-07,45.511494
2016-04-08,45.686855
2016-04-11,45.703556
2016-04-12,45.970772
2016-04-13,46.655540
2016-04-14,46.739052
2016-04-15,46.805862
2016-04-18,46.847603
2016-04-19,47.181648
2016-04-20,47.106472
2016-04-21,46.989567
2016-04-22,47.106472
2016-04-25,46.881012
2016-04-26,47.298546
2016-04-27,47.632565
2016-04-28,47.173290
2016-04-29,46.897713
2016-05-02,47.139889
2016-05-03,46.755753
2016-05-04,46.179550
2016-05-05,46.154495
2016-05-06,46.463467
2016-05-09,46.254707
2016-05-10,47.048019
2016-05-11,46.655540
2016-05-12,46.555325
2016-05-13,45.970772
2016-05-16,46.538628
2016-05-17,46.313152
2016-05-18,46.154495
2016-05-19,45.720261
2016-05-20,45.954071
2016-05-23,45.870575
2016-05-24,46.346581
2016-05-25,46.663891
2016-05-26,46.530281
2016-05-27,46.705639
2016-05-31,46.697289
2016-06-01,46.739052
2016-06-02,46.797504
2016-06-03,46.755753
2016-06-06,47.198330
2016-06-07,47.423809
2016-06-08,47.724434
2016-06-09,47.716091
2016-06-10,47.156578
2016-06-13,46.647198
2016-06-14,46.655540
2016-06-15,46.672230
2016-06-16,46.755753
2016-06-17,46.795219
2016-06-20,47.223450
2016-06-21,47.189865
2016-06-22,47.055515
2016-06-23,47.601307
2016-06-24,45.661655
2016-06-27,44.586861
2016-06-28,45.342579
2016-06-29,46.148659
2016-06-30,47.030323
2016-07-01,47.181469
2016-07-05,46.753220
2016-07-06,46.988327
2016-07-07,47.114296
2016-07-08,48.054726
2016-07-11,48.357010
2016-07-12,48.802048
2016-07-13,48.919586
2016-07-14,49.289047
2016-07-15,49.280655
2016-07-18,49.238667
2016-07-19,49.263863
2016-07-20,49.356224
2016-07-21,48.852413
2016-07-22,48.944790
2016-07-25,48.684494
2016-07-26,49.087532
2016-07-27,48.894394
2016-07-28,48.877621
2016-07-29,48.734871
2016-08-01,48.676098
2016-08-02,48.222652
2016-08-03,48.457779
2016-08-04,48.474575
2016-08-05,48.961586
2016-08-08,49.028748
2016-08-09,49.011978
2016-08-10,48.986774
2016-08-11,49.305843
2016-08-12,49.171497
2016-08-15,49.498981
2016-08-16,49.280655
2016-08-17,49.423401
2016-08-18,49.574551
2016-08-19,49.557751
2016-08-22,49.515759
2016-08-23,49.557751
2016-08-24,49.406609
2016-08-25,49.398209
2016-08-26,49.255463
2016-08-29,49.608147
2016-08-30,49.473770
2016-08-31,49.196697
2016-09-01,49.238667
2016-09-02,49.482166
2016-09-06,49.339436
2016-09-07,49.398209
2016-09-08,49.356224
2016-09-09,47.962368
2016-09-12,48.575317
2016-09-13,47.861599
2016-09-14,47.819622
2016-09-15,48.197472
2016-09-16,47.793915
2016-09-19,48.004986
2016-09-20,48.047195
2016-09-21,48.671951
2016-09-22,49.018105
2016-09-23,48.731060
2016-09-26,48.519997
2016-09-27,48.857681
2016-09-28,49.237602
2016-09-29,48.849262
2016-09-30,49.288269
2016-10-03,49.330475
2016-10-04,48.916779
2016-10-05,49.229168
2016-10-06,49.229168
2016-10-07,48.595974
2016-10-10,48.646622
2016-10-11,48.140064
2016-10-12,48.232933
2016-10-13,48.216049
2016-10-14,48.317364
2016-10-17,48.190731
2016-10-18,48.292034
2016-10-19,48.444008
2016-10-20,48.182281
2016-10-21,48.114738
2016-10-24,48.207603
2016-10-25,48.080959
2016-10-26,48.249817
2016-10-27,47.920547
2016-10-28,48.207603
2016-10-31,48.300472
2016-11-01,47.886780
2016-11-02,47.709492
2016-11-03,47.633507
2016-11-04,47.675709
2016-11-07,48.849262
2016-11-08,49.144745
2016-11-09,50.377373
2016-11-10,51.449596
2016-11-11,51.542458
2016-11-14,51.761959
2016-11-15,51.956158
2016-11-16,51.660656
2016-11-17,51.770412
2016-11-18,51.753517
2016-11-21,52.032131
2016-11-22,52.268528
2016-11-23,52.656891
2016-11-25,52.943935
2016-11-28,52.580914
2016-11-29,52.623116
2016-11-30,52.690659
2016-12-01,53.036816
2016-12-02,53.028381
2016-12-05,52.986153
2016-12-06,53.087471
2016-12-07,54.075264
2016-12-08,53.771313
2016-12-09,54.016151
2016-12-12,53.821980
2016-12-13,53.745979
2016-12-14,53.205669
2016-12-15,53.264755
2016-12-16,53.157734
2016-12-19,53.455032
2016-12-20,53.760838
2016-12-21,53.556965
2016-12-22,53.455032
2016-12-23,53.505997
2016-12-27,53.616436
2016-12-28,53.055798
2016-12-29,53.038818
2016-12-30,52.851948
2017-01-03,53.166222
2017-01-04,53.480515
2017-01-05,53.327618
2017-01-06,53.633404
2017-01-09,53.217190
2017-01-10,53.438042
2017-01-11,53.718349
2017-01-12,53.497509
2017-01-13,53.701378
2017-01-17,53.285141
2017-01-18,53.489010
2017-01-19,53.879753
2017-01-20,53.888245
2017-01-23,53.590942
2017-01-24,54.126091
2017-01-25,54.695202
2017-01-26,54.822624
2017-01-27,54.780155
2017-01-30,54.312962
2017-01-31,53.837284
2017-02-01,53.743839
2017-02-02,53.641922
2017-02-03,54.041142
2017-02-06,54.117580
2017-02-07,54.211033
2017-02-08,54.134590
2017-02-09,54.550808
2017-02-10,54.984024
2017-02-13,55.536160
2017-02-14,55.561638
2017-02-15,55.858944
2017-02-16,55.875923
2017-02-17,55.969360
2017-02-21,56.249691
2017-02-22,56.096786
2017-02-23,55.731522
2017-02-24,55.969360
2017-02-27,56.173233
2017-02-28,55.943882
2017-03-01,56.886749
2017-03-02,56.275166
2017-03-03,56.334606
2017-03-06,56.198727
2017-03-07,56.037323
2017-03-08,55.841949
2017-03-09,55.587128
2017-03-10,55.926876
2017-03-13,55.892910
2017-03-14,55.366268
2017-03-15,55.994854
2017-03-16,55.740017
2017-03-17,56.044632
2017-03-20,55.942245
2017-03-21,55.088951
2017-03-22,55.285221
2017-03-23,55.208412
2017-03-24,55.063354
2017-03-27,54.867096
2017-03-28,55.447342
2017-03-29,55.438797
2017-03-30,55.745998
2017-03-31,55.515606
2017-04-03,55.396130
2017-04-04,55.541191
2017-04-05,55.362011
2017-04-06,55.515606
2017-04-07,55.575336
2017-04-10,55.711872
2017-04-11,55.788662
2017-04-12,55.020699
2017-04-13,54.628170
2017-04-17,55.225479
2017-04-18,55.046295
2017-04-19,55.097496
2017-04-20,55.763054
2017-04-21,55.814259
2017-04-24,56.607822
2017-04-25,56.880890
2017-04-26,56.889404
2017-04-27,56.872353
2017-04-28,56.607822
2017-05-01,56.437164
2017-05-02,56.710190
2017-05-03,56.752876
2017-05-04,56.812603
2017-05-05,57.102737
2017-05-08,56.949127
2017-05-09,57.025940
2017-05-10,56.906490
2017-05-11,56.889404
2017-05-12,56.573685
2017-05-15,56.838203
2017-05-16,56.778492
2017-05-17,55.643597
2017-05-18,55.720406
2017-05-19,56.454243
2017-05-22,56.889404
2017-05-23,57.008884
2017-05-24,57.077133
2017-05-25,57.452595
2017-05-26,57.520855
2017-05-30,57.503765
2017-05-31,57.614716
2017-06-01,57.973099
2017-06-02,58.203495
2017-06-05,57.998699
2017-06-06,57.606194
2017-06-07,57.537926
2017-06-08,57.725636
2017-06-09,57.947495
2017-06-12,58.160851
2017-06-13,58.399757
2017-06-14,58.340031
2017-06-15,58.689877
2017-06-16,58.881912
2017-06-19,59.241985
2017-06-20,58.607574
2017-06-21,58.213173
2017-06-22,58.093166
2017-06-23,58.307510
2017-06-26,58.324650
2017-06-27,57.887409
2017-06-28,58.410374
2017-06-29,57.913147
2017-06-30,58.393230
2017-07-03,58.753300
2017-07-05,58.924793
2017-07-06,58.410374
2017-07-07,58.864780
2017-07-10,59.036240
2017-07-11,58.984787
2017-07-12,59.310589
2017-07-13,59.267708
2017-07-14,59.524925
2017-07-17,59.490639
2017-07-18,59.353447
2017-07-19,59.413479
2017-07-20,59.079075
2017-07-21,58.967663
2017-07-24,58.839039
2017-07-25,58.761883
2017-07-26,58.839039
2017-07-27,58.504681
2017-07-28,58.641857
2017-07-31,58.564705
2017-08-01,58.393230
2017-08-02,58.650425
2017-08-03,58.941936
2017-08-04,59.053371
2017-08-07,59.053371
2017-08-08,58.873348
2017-08-09,58.890484
2017-08-10,58.144608
2017-08-11,58.178913
2017-08-14,58.787605
2017-08-15,58.659004
2017-08-16,58.821888
2017-08-17,57.801674
2017-08-18,57.570175
2017-08-21,57.664490
2017-08-22,58.324650
2017-08-23,57.775936
2017-08-24,57.595921
2017-08-25,57.870262
2017-08-28,57.835957
2017-08-29,58.256054
2017-08-30,58.496109
2017-08-31,58.693298
2017-09-01,58.744728
2017-09-05,58.153175
2017-09-06,58.213173
2017-09-07,58.333237
2017-09-08,58.530407
2017-09-11,59.036240
2017-09-12,59.319141
2017-09-13,59.233429
2017-09-14,59.516346
2017-09-15,59.762676
2017-09-18,60.098534
2017-09-19,60.158840
2017-09-20,60.598095
2017-09-21,60.778938
2017-09-22,60.933949
2017-09-25,60.933949
2017-09-26,60.933949
2017-09-27,61.002892
2017-09-28,60.968433
2017-09-29,61.149288
2017-10-02,61.571308
2017-10-03,61.838303
2017-10-04,61.821049
2017-10-05,61.967468
2017-10-06,61.958870
2017-10-09,61.786617
2017-10-10,61.881371
2017-10-11,61.846874
2017-10-12,62.174202
2017-10-13,62.062206
2017-10-16,62.131138
2017-10-17,61.967468
2017-10-18,61.993320
2017-10-19,62.165577
2017-10-20,62.837353
2017-10-23,62.441181
2017-10-24,62.794296
2017-10-25,62.174202
2017-10-26,62.260323
2017-10-27,62.286148
2017-10-30,61.855515
2017-10-31,61.605755
2017-11-01,61.571308
2017-11-02,61.924431
2017-11-03,61.864143
2017-11-06,61.898602
2017-11-07,61.993320
2017-11-08,61.889973
2017-11-09,61.114841
2017-11-10,61.200958
2017-11-13,60.994278
2017-11-14,60.830616
2017-11-15,60.486126
2017-11-16,61.054558
2017-11-17,60.718643
2017-11-20,60.994278
2017-11-21,61.433521
2017-11-22,61.502422
2017-11-24,61.502422
2017-11-27,61.605755
2017-11-28,62.544521
2017-11-29,63.095726
2017-11-30,64.172318
2017-12-01,63.379948
2017-12-04,63.913925
2017-12-05,63.371342
2017-12-06,63.466072
2017-12-07,64.051735
2017-12-08,64.327316
2017-12-11,64.198143
2017-12-12,64.267029
2017-12-13,64.516808
2017-12-14,64.077545
2017-12-15,64.529579
2017-12-18,64.988525
2017-12-19,65.005829
2017-12-20,65.222343
2017-12-21,65.274292
2017-12-22,65.291595
2017-12-26,65.360886
2017-12-27,65.516731
2017-12-28,65.646629
2017-12-29,65.525406
2018-01-02,65.915085
2018-01-03,66.270134
2018-01-04,66.755035
2018-01-05,67.213997
2018-01-08,67.491081
2018-01-09,67.924049
2018-01-10,67.915390
2018-01-11,68.781326
2018-01-12,69.422119
2018-01-16,68.798653
2018-01-17,69.179688
2018-01-18,68.807304
2018-01-19,69.006462
2018-01-22,69.006462
2018-01-23,69.041122
2018-01-24,68.980484
2018-01-25,69.049759
2018-01-26,69.846443
2018-01-29,69.378822
2018-01-30,68.833290
2018-01-31,69.041122
2018-02-01,68.919884
2018-02-02,67.534348
2018-02-05,64.468979
2018-02-06,65.646629
2018-02-07,65.767891
2018-02-08,63.230671
2018-02-09,63.914768
2018-02-12,64.945229
2018-02-13,65.092453
2018-02-14,65.915085
2018-02-15,66.910934
2018-02-16,66.928200
2018-02-20,66.252785
2018-02-21,66.270134
2018-02-22,66.711739
2018-02-23,67.265938
2018-02-26,68.192513
2018-02-27,67.335220
2018-02-28,66.374039
2018-03-01,65.075127
2018-03-02,65.057808
2018-03-05,65.837151
2018-03-06,66.131577
2018-03-07,66.122902
2018-03-08,66.469269
2018-03-09,67.932724
2018-03-12,67.092766
2018-03-13,66.763680
2018-03-14,66.036331
2018-03-15,66.226830
2018-03-16,66.580696
2018-03-19,66.067711
2018-03-20,66.293770
2018-03-21,66.372017
2018-03-22,64.181038
2018-03-23,63.242065
2018-03-26,64.772270
2018-03-27,63.876743
2018-03-28,63.659401
2018-03-29,64.589699
2018-04-02,63.259476
2018-04-03,64.137566
2018-04-04,64.415810
2018-04-05,65.067863
2018-04-06,63.268177
2018-04-09,63.076878
2018-04-10,64.041954
2018-04-11,63.572464
2018-04-12,64.485352
2018-04-13,64.328850
2018-04-16,64.972221
2018-04-17,65.519966
2018-04-18,66.198112
2018-04-19,66.015533
2018-04-20,65.728638
2018-04-23,65.650391
2018-04-24,63.815907
2018-04-25,63.998478
2018-04-26,63.763741
2018-04-27,63.633312
2018-04-30,62.789974
2018-05-01,62.503071
2018-05-02,61.955311
2018-05-03,62.103119
2018-05-04,62.824783
2018-05-07,63.242065
2018-05-08,63.694187
2018-05-09,64.381042
2018-05-10,64.815735
2018-05-11,64.954857
2018-05-14,64.841827
2018-05-15,64.624458
2018-05-16,64.859222
2018-05-17,65.111343
2018-05-18,65.493896
2018-05-21,66.485054
2018-05-22,65.667778
2018-05-23,65.606903
2018-05-24,65.928619
2018-05-25,65.806877
2018-05-29,64.754898
2018-05-30,65.667778
2018-05-31,64.720100
2018-06-01,65.433037
2018-06-04,65.337402
2018-06-05,65.415649
2018-06-06,65.963394
2018-06-07,66.241600
2018-06-08,66.458954
2018-06-11,66.589371
2018-06-12,66.519806
2018-06-13,65.989441
2018-06-14,65.737328
2018-06-15,65.573235
2018-06-18,65.302620
2018-06-19,63.923447
2018-06-20,63.967056
2018-06-21,63.163998
2018-06-22,63.382214
2018-06-25,62.579147
2018-06-26,62.814827
2018-06-27,62.308521
2018-06-28,62.395817
2018-06-29,62.526772
2018-07-02,62.666428
2018-07-03,62.465641
2018-07-05,62.771175
2018-07-06,62.989384
2018-07-09,64.159096
2018-07-10,64.359879
2018-07-11,63.303638
2018-07-12,64.045616
2018-07-13,64.377304
2018-07-16,64.115448
2018-07-17,64.368584
2018-07-18,65.075653
2018-07-19,65.049461
2018-07-20,64.979637
2018-07-23,64.578110
2018-07-24,64.848709
2018-07-25,65.835083
2018-07-26,66.341370
2018-07-27,66.350105
2018-07-30,65.695442
2018-07-31,67.144485
2018-08-01,66.236633
2018-08-02,66.149345
2018-08-03,66.210434
2018-08-06,66.306458
2018-08-07,66.777847
2018-08-08,66.481049
2018-08-09,66.114433
2018-08-10,65.529564
2018-08-13,65.215340
2018-08-14,65.669266
2018-08-15,65.355003
2018-08-16,66.184250
2018-08-17,66.585793
2018-08-20,67.030991
2018-08-21,67.528534
2018-08-22,66.873886
2018-08-23,66.681824
2018-08-24,66.969902
2018-08-27,67.816589
2018-08-28,67.676933
2018-08-29,67.729309
2018-08-30,67.257957
2018-08-31,67.301582
2018-09-04,67.249214
2018-09-05,67.729309
2018-09-06,67.938812
2018-09-07,67.729309
2018-09-10,68.078453
2018-09-11,68.061020
2018-09-12,68.270538
2018-09-13,68.680801
2018-09-14,69.021240
2018-09-17,69.047424
2018-09-18,69.675911
2018-09-19,69.614807
2018-09-20,69.719543
2018-09-21,70.170410
2018-09-24,68.968735
2018-09-25,68.758232
2018-09-26,68.714371
2018-09-27,68.810852
2018-09-28,68.766998
2018-10-01,69.372215
2018-10-02,69.530098
2018-10-03,69.819572
2018-10-04,69.591507
2018-10-05,69.231888
2018-10-08,69.407295
2018-10-09,68.337196
2018-10-10,66.135605
2018-10-11,64.390121
2018-10-12,64.819901
2018-10-15,64.942711
2018-10-16,66.039139
2018-10-17,65.556717
2018-10-18,64.425194
2018-10-19,64.188362
2018-10-22,63.969097
2018-10-23,62.916550
2018-10-24,60.785118
2018-10-25,61.214905
2018-10-26,60.609661
2018-10-29,59.600994
2018-10-30,60.828964
2018-10-31,61.293835
2018-11-01,62.372723
2018-11-02,62.267467
2018-11-05,62.591995
2018-11-06,63.249870
2018-11-07,64.276100
2018-11-08,64.170830
2018-11-09,63.521778
2018-11-12,62.267467
2018-11-13,62.548134
2018-11-14,62.337639
2018-11-15,63.162151
2018-11-16,63.144585
2018-11-19,62.144661
2018-11-20,60.855270
2018-11-21,61.285107
2018-11-23,61.162304
2018-11-26,61.609619
2018-11-27,61.504375
2018-11-28,62.977943
2018-11-29,63.013004
2018-11-30,63.627018
2018-12-03,64.363815
2018-12-04,61.627163
2018-12-06,61.285107
2018-12-07,59.671165
2018-12-10,59.820263
2018-12-11,59.469418
2018-12-12,59.802731
2018-12-13,59.636063
2018-12-14,58.811577
2018-12-17,57.846729
2018-12-18,58.136189
2018-12-19,57.039764
2018-12-20,55.995987
2018-12-21,54.938683
2018-12-24,53.253017
2018-12-26,55.732986
2018-12-27,56.430191
2018-12-28,56.280163
2018-12-31,56.845005
2019-01-02,57.136242
2019-01-03,55.397617
2019-01-04,57.498077
2019-01-07,57.965824
2019-01-08,58.760124
2019-01-09,59.157261
2019-01-10,59.960396
2019-01-11,59.898632
2019-01-14,59.889801
2019-01-15,59.704464
2019-01-16,59.766228
2019-01-17,60.790001
2019-01-18,61.946152
2019-01-22,60.666431
2019-01-23,60.754688
2019-01-24,61.063572
2019-01-25,61.840214
2019-01-28,61.248924
2019-01-29,62.096157
2019-01-30,63.066963
2019-01-31,63.340557
2019-02-01,63.437656
2019-02-04,64.258385
2019-02-05,64.814438
2019-02-06,64.832085
2019-02-07,64.390800
2019-02-08,64.487877
2019-02-11,64.832085
2019-02-12,65.838173
2019-02-13,66.226494
2019-02-14,65.917595
2019-02-15,66.800140
2019-02-19,66.773666
2019-02-20,67.091400
2019-02-21,66.817795
2019-02-22,67.259071
2019-02-25,67.523827
2019-02-26,67.338524
2019-02-27,67.603271
2019-02-28,67.373825
2019-03-01,67.435593
2019-03-04,67.135506
2019-03-05,66.703064
2019-03-06,66.076462
2019-03-07,65.679321
2019-03-08,65.546936
2019-03-11,66.102928
2019-03-12,65.555756
2019-03-13,66.129425
2019-03-14,65.908775
2019-03-15,65.676224
2019-03-18,66.315315
2019-03-19,66.075653
2019-03-20,65.622932
2019-03-21,66.253189
2019-03-22,64.753075
2019-03-25,64.903984
2019-03-26,65.338913
2019-03-27,65.409935
2019-03-28,65.889244
2019-03-29,66.599365
2019-04-01,67.975212
2019-04-02,67.948555
2019-04-03,67.744385
2019-04-04,68.161591
2019-04-05,68.356873
2019-04-08,68.063950
2019-04-09,67.140816
2019-04-10,67.123070
2019-04-11,67.700043
2019-04-12,68.596542
2019-04-15,68.214851
2019-04-16,68.632065
2019-04-17,68.720802
2019-04-18,69.510803
2019-04-22,69.297768
2019-04-23,69.901367
2019-04-24,69.697205
2019-04-25,68.294731
2019-04-26,68.809578
2019-04-29,68.969345
2019-04-30,69.244507
2019-05-01,68.791809
2019-05-02,68.756317
2019-05-03,69.590691
2019-05-06,68.924988
2019-05-07,67.531380
2019-05-08,67.531380
2019-05-09,67.433739
2019-05-10,67.700043
2019-05-13,65.773872
2019-05-14,66.457336
2019-05-15,66.546104
2019-05-16,67.158562
2019-05-17,66.412949
2019-05-20,66.244308
2019-05-21,67.025436
2019-05-22,66.475075
2019-05-23,65.463188
2019-05-24,65.489807
2019-05-28,64.886223
2019-05-29,64.593300
2019-05-30,64.841835
2019-05-31,63.954201
2019-06-03,64.389145
2019-06-04,65.924759
2019-06-05,66.563873
2019-06-06,66.679283
2019-06-07,67.211838
2019-06-10,67.300560
2019-06-11,66.723618
2019-06-12,66.865654
2019-06-13,67.202942
2019-06-14,66.936653
2019-06-17,66.705879
2019-06-18,68.001831
2019-06-19,67.948555
2019-06-20,69.084747
2019-06-21,68.716545
2019-06-24,68.582840
2019-06-25,68.065773
2019-06-26,68.235130
2019-06-27,68.297554
2019-06-28,69.019653
2019-07-01,69.082054
2019-07-02,68.992912
2019-07-03,69.376259
2019-07-05,69.099915
2019-07-08,68.529350
2019-07-09,68.377777
2019-07-10,68.217323
2019-07-11,68.680908
2019-07-12,69.884407
2019-07-15,69.599129
2019-07-16,70.044861
2019-07-17,68.547165
2019-07-18,68.671989
2019-07-19,69.046410
2019-07-22,69.099915
2019-07-23,69.973541
2019-07-24,70.276665
2019-07-25,70.134041
2019-07-26,69.982491
2019-07-29,69.857651
2019-07-30,70.160774
2019-07-31,69.376259
2019-08-01,68.030113
2019-08-02,67.593246
2019-08-05,65.721115
2019-08-06,66.710678
2019-08-07,66.675026
2019-08-08,67.807228
2019-08-09,67.236656
2019-08-12,66.309494
2019-08-13,67.102921
2019-08-14,65.052513
2019-08-15,64.981209
2019-08-16,66.238190
2019-08-19,66.862244
2019-08-20,66.469978
2019-08-21,66.880058
2019-08-22,66.978142
2019-08-23,65.186241
2019-08-26,65.667641
2019-08-27,65.328880
2019-08-28,66.131218
2019-08-29,67.263420
2019-08-30,67.539787
2019-09-03,66.621536
2019-09-04,67.468460
2019-09-05,68.680908
2019-09-06,68.823502
2019-09-09,69.028572
2019-09-10,69.661537
2019-09-11,70.312325
2019-09-12,70.356934
2019-09-13,70.740265
2019-09-16,70.677834
2019-09-17,70.642181
2019-09-18,70.535210
2019-09-19,70.178589
2019-09-20,69.734978
2019-09-23,69.600525
2019-09-24,69.206200
2019-09-25,69.654312
2019-09-26,69.752899
2019-09-27,69.475067
2019-09-30,69.573639
2019-10-01,67.906677
2019-10-02,66.625084
2019-10-03,67.064232
2019-10-04,67.763290
2019-10-07,67.422752
2019-10-08,66.383118
2019-10-09,66.947693
2019-10-10,67.557167
2019-10-11,68.829781
2019-10-14,68.695381
2019-10-15,69.251007
2019-10-16,69.215157
2019-10-17,69.555748
2019-10-18,68.955254
2019-10-21,69.367531
2019-10-22,69.914230
2019-10-23,69.905258
2019-10-24,70.003838
2019-10-25,70.442986
2019-10-28,70.640198
2019-10-29,70.873169
2019-10-30,71.124130
2019-10-31,70.362350
2019-11-01,71.894867
2019-11-04,72.728355
2019-11-05,72.880722
2019-11-06,72.925522
2019-11-07,73.176476
2019-11-08,73.275078
2019-11-11,73.310898
2019-11-12,73.301949
2019-11-13,72.997208
2019-11-14,73.230225
2019-11-15,73.767960
2019-11-18,73.490158
2019-11-19,73.427391
2019-11-20,72.844864
2019-11-21,72.817986
2019-11-22,73.194389
2019-11-25,73.723183
2019-11-26,73.938255
2019-11-27,73.866554
2019-11-29,73.526001
2019-12-02,72.316086
2019-12-03,71.527420
2019-12-04,71.805260
2019-12-05,71.823151
2019-12-06,72.692513
2019-12-09,72.414688
2019-12-10,72.325066
2019-12-11,72.782135
2019-12-12,73.427391
2019-12-13,73.230225
2019-12-16,73.194389
2019-12-17,73.122696
2019-12-18,72.817986
2019-12-19,73.015144
2019-12-20,73.351097
2019-12-23,73.954559
2019-12-24,73.657333
2019-12-26,73.828445
2019-12-27,73.765411
2019-12-30,73.423141
2019-12-31,73.378128
2020-01-02,74.765167
2020-01-03,74.621056
2020-01-06,74.648071
2020-01-07,74.494965
2020-01-08,74.747147
2020-01-09,75.062355
2020-01-10,74.530983
2020-01-13,75.143448
2020-01-14,75.152466
2020-01-15,75.269547
2020-01-16,76.017082
2020-01-17,76.026131
2020-01-21,75.188484
2020-01-22,74.792198
2020-01-23,75.602798
2020-01-24,75.251534
2020-01-27,73.828445
2020-01-28,74.305801
2020-01-29,74.702118
2020-01-30,74.783188
2020-01-31,73.053856
2020-02-03,73.026863
2020-02-04,74.404900
2020-02-05,75.647820
2020-02-06,75.891029
2020-02-07,75.341606
2020-02-10,75.764908
2020-02-11,76.053108
2020-02-12,76.764671
2020-02-13,76.332352
2020-02-14,76.233261
2020-02-18,75.800949
2020-02-19,75.773926
2020-02-20,75.665840
2020-02-21,75.287567
2020-02-24,73.143959
2020-02-25,70.162689
2020-02-26,69.631310
2020-02-27,67.046371
2020-02-28,65.821442
2020-03-02,68.136177
2020-03-03,66.469933
2020-03-04,69.216995
2020-03-05,65.830460
2020-03-06,65.254021
2020-03-09,59.237492
2020-03-10,62.308819
2020-03-11,58.652058
2020-03-12,52.581497
2020-03-13,56.688576
2020-03-16,50.257740
2020-03-17,52.572487
2020-03-18,48.699577
2020-03-19,48.735615
2020-03-20,46.294769
2020-03-23,44.267048
2020-03-24,49.867371
2020-03-25,52.490528
2020-03-26,55.803509
2020-03-27,53.452641
2020-03-30,54.233250
2020-03-31,53.561569
2020-04-01,51.147167
2020-04-02,51.827927
2020-04-03,51.138096
2020-04-06,54.678005
2020-04-07,54.550941
2020-04-08,56.529648
2020-04-09,57.382854
2020-04-13,55.703667
2020-04-14,56.765648
2020-04-15,55.195377
2020-04-16,54.705250
2020-04-17,57.273933
2020-04-20,55.749062
2020-04-21,54.432938
2020-04-22,55.004768
2020-04-23,55.440456
2020-04-24,55.885208
2020-04-27,57.273933
2020-04-28,58.345001
2020-04-29,59.461422
2020-04-30,58.281460
2020-05-01,56.520569
2020-05-04,55.803509
2020-05-05,56.021347
2020-05-06,55.249844
2020-05-07,55.894279
2020-05-08,57.283016
2020-05-11,56.565960
2020-05-12,54.977547
2020-05-13,53.597885
2020-05-14,54.160645
2020-05-15,53.970028
2020-05-18,57.528084
2020-05-19,56.792877
2020-05-20,57.854858
2020-05-21,57.991005
2020-05-22,57.945629
2020-05-26,60.378162
2020-05-27,62.393196
2020-05-28,61.803219
2020-05-29,61.421989
2020-06-01,61.558144
2020-06-02,62.356903
2020-06-03,64.789436
2020-06-04,65.479263
2020-06-05,67.884605
2020-06-08,69.246094
2020-06-09,67.521530
2020-06-10,65.905876
2020-06-11,61.276760
2020-06-12,62.465820
2020-06-15,63.083019
2020-06-16,64.317467
2020-06-17,63.854542
2020-06-18,63.618565
2020-06-19,62.837948
2020-06-22,62.943707
2020-06-23,62.952824
2020-06-24,60.764767
2020-06-25,61.439400
2020-06-26,60.299789
2020-06-29,62.278175
2020-06-30,62.633736
2020-07-01,62.351097
2020-07-02,62.889019
2020-07-06,63.791603
2020-07-07,62.569908
2020-07-08,62.569908
2020-07-09,61.211475
2020-07-10,62.004662
2020-07-13,62.259937
2020-07-14,63.609261
2020-07-15,65.232079
2020-07-16,65.250313
2020-07-17,65.642319
2020-07-20,64.840057
2020-07-21,65.697029
2020-07-22,66.225838
2020-07-23,66.025276
2020-07-24,65.496468
2020-07-27,65.769974
2020-07-28,65.314140
2020-07-29,66.307877
2020-07-30,65.642319
2020-07-31,65.396194
2020-08-03,65.669685
2020-08-04,65.833817
2020-08-05,67.091957
2020-08-06,67.347221
2020-08-07,68.495972
2020-08-10,70.182625
2020-08-11,70.556412
2020-08-12,70.784325
2020-08-13,70.410553
2020-08-14,70.684044
2020-08-17,70.355820
2020-08-18,69.972900
2020-08-19,69.790581
2020-08-20,69.416786
2020-08-21,69.699402
2020-08-24,70.957558
2020-08-25,70.866379
2020-08-26,70.902855
2020-08-27,71.158127
2020-08-28,71.832779
2020-08-31,70.939331
2020-09-01,71.659546
2020-09-02,72.844765
2020-09-03,70.802574
2020-09-04,70.966644
2020-09-08,69.635574
2020-09-09,70.711395
2020-09-10,69.808823
2020-09-11,70.756981
2020-09-14,71.714272
2020-09-15,71.759834
2020-09-16,72.489197
2020-09-17,72.635071
2020-09-18,71.823669
2020-09-21,69.439461
2020-09-22,70.125893
2020-09-23,68.872009
2020-09-24,68.972694
2020-09-25,70.006905
2020-09-28,71.269936
2020-09-29,70.638428
2020-09-30,70.455383
2020-10-01,70.244881
2020-10-02,71.031990
2020-10-05,72.176033
2020-10-06,71.297401
2020-10-07,72.871613
2020-10-08,73.594666
2020-10-09,73.869225
2020-10-12,74.290245
2020-10-13,73.466507
2020-10-14,73.878387
2020-10-15,74.143822
2020-10-16,74.683800
2020-10-19,73.759407
2020-10-20,74.143822
2020-10-21,73.393318
2020-10-22,73.997345
2020-10-23,74.290245
2020-10-26,72.432297
2020-10-27,70.848946
2020-10-28,68.524216
2020-10-29,69.521820
2020-10-30,69.439461
2020-11-02,71.315697
2020-11-03,73.420753
2020-11-04,72.661102
2020-11-05,74.372635
2020-11-06,74.445839
2020-11-09,76.981071
2020-11-10,78.335625
2020-11-11,77.676636
2020-11-12,76.788849
2020-11-13,78.491219
2020-11-16,80.404068
2020-11-17,80.193558
2020-11-18,79.836624
2020-11-19,80.037964
2020-11-20,79.314926
2020-11-23,80.642036
2020-11-24,82.051498
2020-11-25,81.429161
2020-11-27,81.291847
2020-11-30,80.568810
2020-12-01,80.367455
2020-12-02,80.477280
2020-12-03,80.687798
2020-12-04,81.648788
2020-12-07,81.255249
2020-12-08,81.648788
2020-12-09,81.831841
2020-12-10,81.053864
2020-12-11,81.246078
2020-12-14,80.193558
2020-12-15,81.310158
2020-12-16,80.806786
2020-12-17,81.301010
2020-12-18,81.310158
2020-12-21,80.819374
2020-12-22,80.442604
2020-12-23,80.865341
2020-12-24,80.874535
2020-12-28,80.975632
2020-12-29,80.488564
2020-12-30,81.003212
2020-12-31,81.380005
2021-01-04,79.413269
2021-01-05,80.194466
2021-01-06,82.106041
2021-01-07,82.556366
2021-01-08,82.354172
2021-01-11,82.326584
2021-01-12,83.144531
2021-01-13,82.427696
2021-01-14,82.712593
2021-01-15,81.637329
2021-01-19,81.903847
2021-01-20,82.409309
2021-01-21,81.766014
2021-01-22,81.343231
2021-01-25,80.791824
2021-01-26,80.047417
2021-01-27,78.457497
2021-01-28,79.624649
2021-01-29,77.906067
2021-02-01,78.714806
2021-02-02,80.387451
2021-02-03,80.442604
2021-02-04,81.306465
2021-02-05,81.784363
2021-02-08,82.482841
2021-02-09,82.694206
2021-02-10,82.565544
2021-02-11,82.390930
2021-02-12,82.988304
2021-02-16,82.905586
2021-02-17,82.675842
2021-02-18,82.262283
2021-02-19,83.613228
2021-02-22,83.879753
2021-02-23,84.137085
2021-02-24,85.726990
2021-02-25,84.146278
2021-02-26,83.273201
2021-03-01,85.405342
2021-03-02,85.157211
2021-03-03,85.249115
2021-03-04,83.888939
2021-03-05,85.874069
2021-03-08,86.774704
2021-03-09,86.416283
2021-03-10,87.693748
2021-03-11,87.758072
2021-03-12,88.934410
2021-03-15,89.678833
2021-03-16,88.401390
2021-03-17,89.421494
2021-03-18,89.338783
2021-03-19,88.658707
2021-03-22,88.608917
2021-03-23,87.060226
2021-03-24,87.696297
2021-03-25,89.097527
2021-03-26,90.637047
2021-03-29,90.655457
2021-03-30,91.051872
2021-03-31,90.756851
2021-04-01,91.061058
2021-04-05,92.185738
2021-04-06,91.964485
2021-04-07,91.540428
2021-04-08,91.761688
2021-04-09,92.655899
2021-04-12,92.996956
2021-04-13,92.545258
2021-04-14,92.665108
2021-04-15,93.033836
2021-04-16,93.236656
2021-04-19,92.849480
2021-04-20,91.826195
2021-04-21,93.079941
2021-04-22,92.609802
2021-04-23,93.623848
2021-04-26,93.347275
2021-04-27,94.121620
2021-04-28,93.928040
2021-04-29,94.591766
2021-04-30,93.964928
2021-05-03,94.932892
2021-05-04,95.347710
2021-05-05,95.439903
2021-05-06,96.103622
2021-05-07,97.117676
2021-05-10,97.209869
2021-05-11,95.771759
2021-05-12,93.476357
2021-05-13,95.227882
2021-05-14,96.546135
2021-05-17,96.251129
2021-05-18,94.849907
2021-05-19,94.315231
2021-05-20,94.527267
2021-05-21,94.988174
2021-05-24,95.578178
2021-05-25,95.292389
2021-05-26,95.596596
2021-05-27,96.905647
2021-05-28,96.905647
2021-06-01,97.283607
2021-06-02,97.007065
2021-06-03,96.795021
2021-06-04,97.108452
2021-06-07,96.435516
2021-06-08,96.684410
2021-06-09,95.698021
2021-06-10,95.227882
2021-06-11,95.421463
2021-06-14,94.988174
2021-06-15,95.393814
2021-06-16,94.490372
2021-06-17,93.033836
2021-06-18,91.826195
2021-06-21,93.845909
2021-06-22,93.947639
2021-06-23,93.734962
2021-06-24,94.465508
2021-06-25,94.650467
2021-06-28,94.151093
2021-06-29,93.966133
2021-06-30,94.696724
2021-07-01,95.371780
2021-07-02,95.519730
2021-07-06,94.604233
2021-07-07,95.547501
2021-07-08,94.215828
2021-07-09,95.704720
2021-07-12,95.834183
2021-07-13,94.909393
2021-07-14,94.900154
2021-07-15,95.085106
2021-07-16,94.243576
2021-07-19,92.273796
2021-07-20,94.853920
2021-07-21,95.760201
2021-07-22,95.408783
2021-07-23,95.815697
2021-07-26,95.769432
2021-07-27,95.242332
2021-07-28,95.020386
2021-07-29,95.769432
2021-07-30,95.584503
2021-08-02,94.927910
2021-08-03,96.167099
2021-08-04,94.863167
2021-08-05,95.307060
2021-08-06,95.750954
2021-08-09,95.371780
2021-08-10,96.342804
2021-08-11,97.591232
2021-08-12,97.406288
2021-08-13,97.101112
2021-08-16,97.434036
2021-08-17,96.379799
2021-08-18,95.325554
2021-08-19,94.659721
2021-08-20,94.909393
2021-08-23,95.686211
2021-08-24,96.167099
2021-08-25,96.786713
2021-08-26,96.361290
2021-08-27,97.027130
2021-08-30,96.916153
2021-08-31,96.647972
2021-09-01,96.278084
2021-09-02,97.313828
2021-09-03,96.721947
2021-09-07,95.048096
2021-09-08,95.177589
2021-09-09,94.715210
2021-09-10,94.289818
2021-09-13,94.539497
2021-09-14,93.402039
2021-09-15,94.428535
2021-09-16,93.781189
2021-09-17,92.782425
2021-09-20,91.718300
2021-09-21,91.235847
2021-09-22,91.959518
2021-09-23,93.369698
2021-09-24,93.564529
2021-09-27,93.657288
2021-09-28,92.571823
2021-09-29,92.673866
2021-09-30,90.771965
2021-10-01,92.015167
2021-10-04,91.514183
2021-10-05,92.534721
2021-10-06,92.942924
2021-10-07,93.666557
2021-10-08,93.657288
2021-10-11,92.905807
2021-10-12,92.599670
2021-10-13,92.794510
2021-10-14,94.547958
2021-10-15,95.457161
2021-10-18,95.522095
2021-10-19,96.088051
2021-10-20,96.691078
2021-10-21,96.885887
2021-10-22,97.229187
2021-10-25,97.451843
2021-10-26,96.848801
2021-10-27,95.716919
2021-10-28,96.913734
2021-10-29,96.941574
2021-11-01,97.210625
2021-11-02,97.535347
2021-11-03,97.321953
2021-11-04,97.711617
2021-11-05,98.704323
2021-11-08,99.112518
2021-11-09,99.363029
2021-11-10,98.806374
2021-11-11,98.398163
2021-11-12,99.177475
2021-11-15,99.363029
2021-11-16,99.381599
2021-11-17,98.787827
2021-11-18,98.583717
2021-11-19,98.091988
2021-11-22,98.361053
2021-11-23,98.528053
2021-11-24,98.416695
2021-11-26,95.754051
2021-11-29,95.921036
2021-11-30,93.490295
2021-12-01,92.191444
2021-12-02,94.928337
2021-12-03,94.817024
2021-12-06,96.422020
2021-12-07,97.405441
2021-12-08,97.646667
2021-12-09,97.340508
2021-12-10,97.739426
2021-12-13,96.728195
2021-12-14,95.809715
2021-12-15,96.644676
2021-12-16,96.691078
2021-12-17,95.039658
2021-12-20,93.517052
2021-12-21,95.379570
2021-12-22,95.649651
2021-12-23,96.776451
2021-12-27,97.800842
2021-12-28,98.294418
2021-12-29,98.471359
2021-12-30,98.117493
2021-12-31,98.536537
2022-01-03,97.726341
2022-01-04,99.691322
2022-01-05,98.741440
2022-01-06,99.197746
2022-01-07,99.169792
2022-01-10,98.052292
2022-01-11,98.638985
2022-01-12,98.955627
2022-01-13,99.169792
2022-01-14,98.573799
2022-01-18,97.437668
2022-01-19,96.348091
2022-01-20,95.118820
2022-01-21,94.243431
2022-01-24,94.783577
2022-01-25,93.852318
2022-01-26,93.032814
2022-01-27,92.203987
2022-01-28,92.846535
2022-01-31,93.815071
2022-02-01,95.109505
2022-02-02,95.770691
2022-02-03,94.243431
2022-02-04,93.228355
2022-02-07,93.302872
2022-02-08,94.234138
2022-02-09,95.528572
2022-02-10,93.964058
2022-02-11,92.529930
2022-02-14,92.185356
2022-02-15,93.572929
2022-02-16,94.066528
2022-02-17,92.343681
2022-02-18,91.580025
2022-02-22,90.695351
2022-02-23,89.028404
2022-02-24,90.164528
2022-02-25,92.315742
2022-02-28,93.023483
2022-03-01,91.635918
2022-03-02,93.591560
2022-03-03,93.693993
2022-03-04,93.489128
2022-03-07,90.984039
2022-03-08,90.425278
2022-03-09,92.064285
2022-03-10,91.943245
2022-03-11,91.207542
2022-03-14,91.514847
2022-03-15,92.967621
2022-03-16,94.196884
2022-03-17,95.407516
2022-03-18,95.770691
2022-03-21,95.986549
2022-03-22,96.509773
2022-03-23,95.584778
2022-03-24,96.313560
2022-03-25,96.911560
2022-03-28,96.939583
2022-03-29,97.836571
2022-03-30,97.724434
2022-03-31,96.220123
2022-04-01,95.472672
2022-04-04,95.351189
2022-04-05,93.996361
2022-04-06,93.267563
2022-04-07,93.585236
2022-04-08,93.061996
2022-04-11,92.763031
2022-04-12,92.613525
2022-04-13,93.482475
2022-04-14,93.379700
2022-04-18,93.052658
2022-04-19,94.743858
2022-04-20,95.257751
2022-04-21,94.286011
2022-04-22,91.968796
2022-04-25,91.968796
2022-04-26,89.959930
2022-04-27,90.296310
2022-04-28,91.314766
2022-04-29,88.894760
2022-05-02,89.081635
2022-05-03,89.670288
2022-05-04,92.267807
2022-05-05,89.857170
2022-05-06,89.249825
2022-05-09,87.091454
2022-05-10,86.521515
2022-05-11,85.736649
2022-05-12,85.895493
2022-05-13,86.988663
2022-05-16,86.867218
2022-05-17,88.838699
2022-05-18,85.531082
2022-05-19,84.764908
2022-05-20,83.849243
2022-05-23,85.222755
2022-05-24,85.176033
2022-05-25,85.671242
2022-05-26,87.409149
2022-05-27,89.203110
2022-05-31,88.483658
2022-06-01,87.941742
2022-06-02,89.623566
2022-06-03,89.277870
2022-06-06,89.651604
2022-06-07,90.856926
2022-06-08,89.212456
2022-06-09,87.455833
2022-06-10,84.877029
2022-06-13,82.326225
2022-06-14,82.120682
2022-06-15,82.914864
2022-06-16,80.149185
2022-06-17,79.943634
2022-06-21,81.402000
2022-06-22,80.951538
2022-06-23,80.538597
2022-06-24,83.353989
2022-06-27,83.156914
2022-06-28,82.190308
2022-06-29,81.711685
2022-06-30,81.965065
2022-07-01,82.678299
2022-07-05,81.439522
2022-07-06,81.908768
2022-07-07,82.875359
2022-07-08,82.499985
2022-07-11,81.946304
2022-07-12,81.692940
2022-07-13,80.698135
2022-07-14,80.238312
2022-07-15,81.495842
2022-07-18,81.007828
2022-07-19,83.898293
2022-07-20,84.545837
2022-07-21,85.155823
2022-07-22,84.883682
2022-07-25,85.287209
2022-07-26,84.827362
2022-07-27,86.141205
2022-07-28,87.943069
2022-07-29,89.754288
2022-08-01,89.848137
2022-08-02,88.900299
2022-08-03,89.735527
2022-08-04,90.063980
2022-08-05,90.204750
2022-08-08,90.176582
2022-08-09,89.848137
2022-08-10,91.818893
2022-08-11,92.306885
2022-08-12,93.695816
2022-08-15,93.921043
2022-08-16,94.343353
2022-08-17,93.592590
2022-08-18,93.967972
2022-08-19,92.757362
2022-08-22,90.993050
2022-08-23,91.161972
2022-08-24,91.462265
2022-08-25,92.860580
2022-08-26,89.641670
2022-08-29,89.238121
2022-08-30,87.952446
2022-08-31,87.211044
2022-09-01,87.333061
2022-09-02,86.488457
2022-09-06,86.629211
2022-09-07,88.018135
2022-09-08,88.280899
2022-09-09,89.425819
2022-09-12,89.960747
2022-09-13,86.572914
2022-09-14,86.403976
2022-09-15,85.503059
2022-09-16,83.720001
2022-09-19,84.856239
2022-09-20,83.800140
2022-09-21,82.687447
2022-09-22,81.442757
2022-09-23,79.915161
2022-09-26,79.075943
2022-09-27,78.811920
2022-09-28,80.546951
2022-09-29,79.151382
2022-09-30,78.114120
2022-10-03,80.471527
2022-10-04,83.272087
2022-10-05,82.819473
2022-10-06,81.867096
2022-10-07,80.301788
2022-10-10,80.584663
2022-10-11,80.565811
2022-10-12,79.934029
2022-10-13,81.697350
2022-10-14,79.905754
2022-10-17,81.650208
2022-10-18,83.620956
2022-10-19,83.026924
2022-10-20,81.395599
2022-10-21,83.630402
2022-10-24,84.743080
2022-10-25,85.884048
2022-10-26,86.185822
2022-10-27,87.194756
2022-10-28,89.222122
2022-10-31,88.967514
2022-11-01,88.882652
2022-11-02,87.317360
2022-11-03,88.232018
2022-11-04,89.646439
2022-11-07,90.608246
2022-11-08,91.400322
2022-11-09,90.127350
2022-11-10,93.908577
2022-11-11,93.852013
2022-11-14,93.276802
2022-11-15,93.918030
2022-11-16,93.239090
2022-11-17,93.078789
2022-11-18,93.767143
2022-11-21,94.068878
2022-11-22,94.794960
2022-11-23,95.153275
2022-11-25,95.521049
2022-11-28,93.785995
2022-11-29,94.361206
2022-11-30,95.917061
2022-12-01,95.945358
2022-12-02,96.492279
2022-12-05,94.879822
2022-12-06,93.757721
2022-12-07,93.635124
2022-12-08,94.191475
2022-12-09,93.418251
2022-12-12,95.021255
2022-12-13,95.379585
2022-12-14,95.200409
2022-12-15,92.899605
2022-12-16,92.503571
2022-12-19,92.016579
2022-12-20,92.130295
2022-12-21,93.864128
2022-12-22,92.670326
2022-12-23,93.219841
2022-12-27,93.504105
2022-12-28,92.281868
2022-12-29,93.418823
2022-12-30,93.049301
2023-01-03,93.248283
2023-01-04,94.072563
2023-01-05,93.058784
2023-01-06,95.607430
2023-01-09,95.181084
2023-01-10,95.702187
2023-01-11,96.621223
2023-01-12,97.189690
2023-01-13,97.075981
2023-01-17,96.251717
2023-01-18,94.442070
2023-01-19,92.499779
2023-01-20,93.788330
2023-01-23,94.811584
2023-01-24,95.436897
2023-01-25,94.906311
2023-01-26,95.427414
2023-01-27,95.825356
2023-01-30,94.887375
2023-01-31,96.498032
2023-02-01,97.199150
2023-02-02,97.957108
2023-02-03,97.445503
2023-02-06,97.208618
2023-02-07,97.511833
2023-02-08,96.962296
2023-02-09,96.090637
2023-02-10,96.772812
2023-02-13,97.653923
2023-02-14,97.388641
2023-02-15,97.995010
2023-02-16,96.981239
2023-02-17,97.616028
2023-02-21,95.380035
2023-02-22,95.143188
2023-02-23,95.588486
2023-02-24,95.038956
2023-02-27,95.882195
2023-02-28,95.664276
2023-03-01,96.043266
2023-03-02,97.170731
2023-03-03,98.222404
2023-03-06,98.042397
2023-03-07,96.782288
2023-03-08,97.009666
2023-03-09,95.578995
2023-03-10,93.797806
2023-03-13,93.267227
2023-03-14,94.252586
2023-03-15,91.931320
2023-03-16,93.115639
2023-03-17,91.590248
2023-03-20,92.803192
2023-03-21,93.878212
2023-03-22,92.080170
2023-03-23,91.813797
2023-03-24,92.194336
2023-03-27,92.964928
2023-03-28,93.440590
2023-03-29,94.801018
2023-03-30,95.000793
2023-03-31,96.256561
2023-04-03,96.427795
2023-04-04,94.268265
2023-04-05,93.041031
2023-04-06,93.012489
2023-04-10,93.859192
2023-04-11,94.420464
2023-04-12,94.734428
2023-04-13,95.086411
2023-04-14,94.972252
2023-04-17,95.723816
2023-04-18,96.180450
2023-04-19,96.104355
2023-04-20,95.933105
2023-04-21,95.714310
2023-04-24,95.942619
2023-04-25,94.173111
2023-04-26,92.394112
2023-04-27,94.220688
2023-04-28,95.133980
2023-05-01,95.647705
2023-05-02,94.648788
2023-05-03,94.287300
2023-05-04,93.259842
2023-05-05,94.667824
2023-05-08,94.325340
2023-05-09,94.534645
2023-05-10,94.192154
2023-05-11,93.621346
2023-05-12,93.687958
2023-05-15,94.144592
2023-05-16,92.869774
2023-05-17,94.468033
2023-05-18,95.153000
2023-05-19,94.924675
2023-05-22,94.905647
2023-05-23,93.764046
2023-05-24,92.555840
2023-05-25,92.860275
2023-05-26,93.554764
2023-05-30,93.412048
2023-05-31,92.137253
2023-06-01,93.316917
2023-06-02,96.028236
2023-06-05,95.362305
2023-06-06,95.961647
2023-06-07,97.502823
2023-06-08,97.674057
2023-06-09,97.417191
2023-06-12,98.111664
2023-06-13,99.253281
2023-06-14,98.986923
2023-06-15,100.480515
2023-06-16,100.318771
2023-06-20,99.573769
2023-06-21,100.127747
2023-06-22,99.401848
2023-06-23,98.647263
2023-06-26,99.468712
2023-06-27,100.662621
2023-06-28,100.662621
2023-06-29,101.636871
2023-06-30,102.506058
2023-07-03,102.525162
2023-07-05,101.971176
2023-07-06,101.207062
2023-07-07,101.436287
2023-07-10,102.878563
2023-07-11,104.091599
2023-07-12,103.910110
2023-07-13,104.043839
2023-07-14,103.738205
2023-07-17,104.129799
2023-07-18,104.712440
2023-07-19,104.664680
2023-07-20,105.132721
2023-07-21,104.636040
2023-07-24,104.874832
2023-07-25,104.741096
2023-07-26,105.476562
2023-07-27,104.569160
2023-07-28,105.218666
2023-07-31,105.467003
2023-08-01,105.782211
2023-08-02,104.674240
2023-08-03,104.015190
2023-08-04,103.384789
2023-08-07,104.655136
2023-08-08,104.177567
2023-08-09,104.120255
2023-08-10,103.833717
2023-08-11,104.005638
2023-08-14,104.043839
2023-08-15,102.716194
2023-08-16,102.143105
2023-08-17,101.283485
2023-08-18,101.474487
2023-08-21,101.350334
2023-08-22,101.111542
2023-08-23,102.152641
2023-08-24,100.910965
2023-08-25,101.761047
2023-08-28,102.592033
2023-08-29,103.375259
2023-08-30,103.843269
2023-08-31,103.375259
2023-09-01,103.919678
2023-09-05,102.171753
2023-09-06,101.732384
2023-09-07,101.398094
2023-09-08,100.891853
2023-09-11,100.920509
2023-09-12,100.557564
2023-09-13,99.888969
2023-09-14,100.872765
2023-09-15,100.290123
2023-09-18,100.401375
2023-09-19,99.979401
2023-09-20,99.586197
2023-09-21,97.955841
2023-09-22,97.620178
2023-09-25,98.109299
2023-09-26,96.613190
2023-09-27,97.332458
2023-09-28,97.744858
2023-09-29,97.226967
2023-10-02,96.277512
2023-10-03,95.606201
2023-10-04,95.913078
2023-10-05,95.347267
2023-10-06,96.651535
2023-10-09,98.166817
2023-10-10,98.761429
2023-10-11,99.356018
2023-10-12,98.454536
2023-10-13,97.581818
2023-10-16,98.617569
2023-10-17,98.924469
2023-10-18,96.536461
2023-10-19,95.644569
2023-10-20,94.656746
2023-10-23,94.215584
2023-10-24,94.925285
2023-10-25,93.707306
2023-10-26,93.314102
2023-10-27,92.489349
2023-10-30,93.640182
2023-10-31,94.330688
2023-11-01,94.637573
2023-11-02,96.584412
2023-11-03,97.437965
2023-11-06,97.179024
2023-11-07,96.939270
2023-11-08,97.159843
2023-11-09,96.948853
2023-11-10,98.349045
2023-11-13,98.435356
2023-11-14,100.410957
2023-11-15,100.621948
2023-11-16,100.641136
2023-11-17,101.283676
2023-11-20,101.590569
2023-11-21,101.513855
2023-11-22,101.734428
2023-11-24,101.983772
2023-11-27,101.408356
2023-11-28,101.168587
2023-11-29,101.552216
2023-11-30,102.664711
2023-12-01,104.285469
2023-12-04,104.458092
2023-12-05,103.614143
2023-12-06,104.074478
2023-12-07,104.170380
2023-12-08,104.496445
2023-12-11,105.493851
2023-12-12,105.973358
2023-12-13,107.152992
2023-12-14,108.533989
2023-12-15,108.390121
2023-12-18,108.385307
2023-12-19,109.224243
2023-12-20,107.459610
2023-12-21,108.568520
2023-12-22,109.089249
2023-12-26,109.860664
2023-12-27,110.024597
2023-12-28,110.053513
2023-12-29,109.918518
2024-01-02,108.809593
2024-01-03,107.189598
2024-01-04,107.324608
2024-01-05,107.449944
2024-01-08,108.153885
2024-01-09,107.816383
2024-01-10,108.366020
2024-01-11,108.115318
2024-01-12,108.105675
2024-01-16,107.016052
2024-01-17,106.292824
2024-01-18,107.729607
2024-01-19,108.433517
2024-01-22,109.272446
2024-01-23,109.185669
2024-01-24,108.510674
2024-01-25,109.552101
2024-01-26,109.378525
2024-01-29,110.092087
2024-01-30,110.130669
2024-01-31,108.857811
2024-02-01,110.709229
2024-02-02,111.451744
2024-02-05,110.844215
2024-02-06,111.837448
2024-02-07,112.579941
2024-02-08,112.599228
2024-02-09,112.772789
2024-02-12,112.936729
2024-02-13,111.779587
2024-02-14,113.650307
2024-02-15,114.498863
2024-02-16,113.814217
2024-02-20,113.457443
2024-02-21,113.910652
2024-02-22,115.318489
2024-02-23,115.926003
2024-02-26,115.752449
2024-02-27,115.926003
2024-02-28,116.321350
2024-02-29,116.678131
2024-03-01,117.179565
2024-03-04,117.603844
2024-03-05,116.639565
2024-03-06,117.247063
2024-03-07,118.192055
2024-03-08,117.931709
2024-03-11,117.324219
2024-03-12,117.844925
2024-03-13,118.163132
2024-03-14,117.661705
2024-03-15,117.680977
2024-03-18,117.889915
2024-03-19,118.905540
2024-03-20,120.337090
2024-03-21,121.526817
2024-03-22,121.110901
2024-03-25,120.327431
2024-03-26,119.892159
2024-03-27,121.817017
2024-03-28,121.836357
2024-04-01,120.898102
2024-04-02,120.337090
2024-04-03,120.956146
2024-04-04,119.892159
2024-04-05,121.555840
2024-04-08,121.343048
2024-04-09,121.062561
2024-04-10,120.027557
2024-04-11,120.162979
2024-04-12,118.876534
2024-04-15,118.025337
2024-04-16,117.754494
2024-04-17,117.145134
2024-04-18,116.738869
2024-04-19,116.526077
2024-04-22,117.406296
2024-04-23,119.040962
2024-04-24,118.093048
2024-04-25,118.450943
2024-04-26,118.644394
2024-04-29,119.437538
2024-04-30,117.541702
2024-05-01,117.251518
2024-05-02,117.928604
2024-05-03,118.750778
2024-05-06,119.950195
2024-05-07,120.279060
2024-05-08,120.279060
2024-05-09,121.478462
2024-05-10,121.565514
2024-05-13,121.052872
2024-05-14,121.023849
2024-05-15,121.817017
2024-05-16,121.091553
2024-05-17,121.226982
2024-05-20,121.459114
2024-05-21,121.062561
2024-05-22,121.207626
2024-05-23,119.776093
2024-05-24,120.385460
2024-05-28,118.915222
2024-05-29,117.232185
2024-05-30,118.035011
2024-05-31,119.466560
2024-06-03,118.006004
2024-06-04,117.715820
2024-06-05,118.905540
2024-06-06,118.199448
2024-06-07,118.325195
2024-06-10,118.692757
2024-06-11,118.015663
2024-06-12,119.137680
2024-06-13,118.373535
2024-06-14,117.183823
2024-06-17,118.479950
2024-06-18,119.118340
2024-06-20,119.195724
2024-06-21,118.944229
2024-06-24,119.449913
2024-06-25,118.430794
2024-06-26,118.110504
2024-06-27,118.236687
2024-06-28,118.285210
2024-07-01,117.013741
2024-07-02,117.654327
2024-07-03,118.081398
2024-07-05,117.654327
2024-07-08,117.799919
2024-07-09,117.285507
2024-07-10,118.333740
2024-07-11,119.838142
2024-07-12,120.527267
2024-07-15,121.391075
2024-07-16,124.419304
2024-07-17,122.827553
2024-07-18,121.866676
2024-07-19,121.196960
2024-07-22,122.429596
2024-07-23,122.196671
2024-07-24,119.566376
2024-07-25,120.527267
2024-07-26,122.584915
2024-07-29,122.371376
2024-07-30,122.730484
2024-07-31,124.099014
2024-08-01,121.798729
2024-08-02,119.119919
2024-08-05,117.052567
2024-08-06,118.459908
2024-08-07,117.887268
2024-08-08,120.604904
2024-08-09,120.624313
2024-08-12,120.012848
2024-08-13,121.274605
2024-08-14,121.769615
2024-08-15,123.409889
2024-08-16,123.235207
2024-08-19,123.982536
2024-08-20,123.642845
2024-08-21,124.390190
2024-08-22,124.234886
2024-08-23,125.477242
2024-08-26,125.341362
2024-08-27,125.419006
2024-08-28,125.360794
2024-08-29,126.244034
2024-08-30,127.593124
2024-09-03,124.768715
2024-09-04,124.894890
2024-09-05,123.439026
2024-09-06,122.186966
2024-09-09,124.060196
2024-09-10,124.273712
2024-09-11,124.496956
2024-09-12,125.457825
2024-09-13,126.729317
2024-09-16,127.379601
2024-09-17,128.078415
2024-09-18,127.971649
2024-09-19,130.174850
2024-09-20,129.262497
2024-09-23,130.130112
2024-09-24,131.064926
2024-09-25,130.451492
2024-09-26,131.103867
2024-09-27,131.288879
2024-09-30,131.882858
2024-10-01,131.951004
2024-10-02,131.707565
2024-10-03,131.035706
2024-10-04,131.951004
2024-10-07,131.629684
2024-10-08,131.921783
2024-10-09,133.100037
2024-10-10,132.418396
2024-10-11,134.784592
2024-10-14,135.592789
2024-10-15,134.550873
2024-10-16,135.592789
2024-10-17,135.203293
2024-10-18,135.612259
2024-10-21,135.135132
2024-10-22,133.499237
2024-10-23,133.109756
2024-10-24,132.194443
2024-10-25,131.843887
2024-10-28,132.233383
2024-10-29,132.058121
2024-10-30,131.834167
2024-10-31,130.315125
2024-11-01,130.490417
2024-11-04,130.344345
2024-11-05,132.525543
2024-11-06,137.715530
2024-11-07,136.887848
2024-11-08,138.358215
2024-11-11,139.429321
2024-11-12,138.231628
2024-11-13,138.523727
2024-11-14,136.186752
2024-11-15,135.456482
2024-11-18,135.271454
2024-11-19,135.154617
2024-11-20,135.300674
2024-11-21,136.994965
2024-11-22,138.903488
2024-11-25,139.770111
2024-11-26,139.935669
2024-11-27,139.419556
2024-11-29,140.208298
2024-12-02,139.176147
2024-12-03,138.299774
2024-12-04,138.903488
2024-12-05,137.218918
2024-12-06,136.868393
2024-12-09,135.680450
2024-12-10,135.349350
2024-12-11,135.037750
2024-12-12,134.171143
2024-12-13,133.820572
2024-12-16,133.937439
2024-12-17,132.710541
2024-12-18,128.961655
2024-12-19,128.796097
2024-12-20,130.305389
2024-12-23,130.276047
2024-12-24,131.293823
2024-12-26,131.391678
2024-12-27,130.413040
2024-12-30,129.101669
2024-12-31,128.945084
2025-01-02,128.494934
2025-01-03,129.884583
2025-01-06,129.600784
2025-01-07,129.473572
2025-01-08,129.982452
2025-01-10,128.524292
2025-01-13,130.031387
2025-01-14,131.567856
2025-01-15,132.399673
2025-01-16,134.004623
2025-01-17,134.807129
2025-01-21,137.576660
2025-01-22,137.253723
2025-01-23,138.643387
2025-01-24,138.056213
2025-01-27,136.206543
2025-01-28,135.306244
2025-01-29,134.846268
2025-01-30,136.353378
2025-01-31,135.394302
2025-02-03,134.053558
2025-02-04,134.092712
2025-02-05,134.190582
2025-02-06,134.797348
2025-02-07,134.396088
2025-02-10,135.599823
2025-02-11,135.648758
2025-02-12,134.807129
2025-02-13,134.944138
2025-02-14,134.611389
2025-02-18,135.668320
2025-02-19,135.805344
2025-02-20,134.914780
2025-02-21,131.959290
2025-02-24,131.362320
2025-02-25,132.037567
2025-02-26,132.115891
2025-02-27,131.655914
2025-02-28,133.417465
2025-03-03,131.518921
2025-03-04,128.954895
2025-03-05,130.990448
2025-03-06,129.865005
2025-03-07,131.381897
2025-03-10,129.326736
2025-03-11,127.340134
2025-03-12,127.330353
2025-03-13,126.028770
2025-03-14,128.328552
2025-03-17,130.099884
2025-03-18,129.062531
2025-03-19,130.775146
2025-03-20,130.119461
2025-03-21,129.424652
2025-03-24,131.824738
2025-03-25,132.021072
2025-03-26,131.147400
2025-03-27,130.450439
2025-03-28,127.760727
2025-03-31,128.663849
2025-04-01,129.390274
2025-04-02,130.607498
2025-04-03,123.539680
2025-04-04,115.774887
2025-04-07,115.234985
2025-04-08,114.282799
2025-04-09,124.432976
2025-04-10,121.223000
2025-04-11,123.362976
2025-04-14,124.648941
2025-04-15,124.030502
2025-04-16,122.332253
2025-04-17,122.999771
2025-04-21,120.241356
2025-04-22,122.342087
2025-04-23,123.873444
2025-04-24,126.651497
2025-04-25,126.641670
2025-04-28,127.063782
2025-04-29,127.888359
2025-04-30,128.811111
2025-05-01,129.782928
2025-05-02,132.109421
2025-05-05,132.178116
2025-05-06,131.019806
2025-05-07,131.687286
2025-05-08,133.503326
2025-05-09,133.611343
2025-05-12,137.724411
2025-05-13,138.686417
2025-05-14,138.018906
2025-05-15,139.550262
2025-05-16,141.140533
2025-05-19,141.621521
2025-05-20,141.111099
2025-05-21,138.725677
2025-05-22,138.696213
2025-05-23,138.244675
2025-05-27,140.679153
2025-05-28,139.982178
2025-05-29,140.109802
2025-05-30,140.198151
2025-06-02,140.021454
2025-06-03,141.101273
2025-06-04,141.179810
2025-06-05,141.081635
2025-06-06,142.269409
2025-06-09,142.141815
2025-06-10,141.523376
2025-06-11,141.592072
2025-06-12,141.219070
2025-06-13,140.031265
2025-06-16,140.993286
2025-06-17,139.933075
2025-06-18,139.599365
2025-06-20,139.756393
2025-06-23,141.648880
2025-06-24,142.830429
2025-06-25,141.570099
2025-06-26,143.106110
2025-06-27,144.533813
2025-06-30,145.252609
2025-07-01,145.735077
2025-07-02,145.882767
2025-07-03,147.123398
2025-07-07,146.611404
2025-07-08,146.572021
2025-07-09,147.596024
2025-07-10,148.423126
2025-07-11,147.891418
2025-07-14,148.688980
2025-07-15,147.576340
2025-07-16,148.098206
2025-07-17,149.466827
2025-07-18,149.132080
2025-07-21,148.344376
2025-07-22,148.698822
2025-07-23,151.367157
2025-07-24,151.111160
2025-07-25,152.607803
2025-07-28,152.135162
2025-07-29,150.402252
2025-07-30,149.663757
2025-07-31,149.673599
2025-08-01,147.438507
2025-08-04,148.797272
2025-08-05,148.492065
2025-08-06,148.610214
2025-08-07,148.393585
2025-08-08,148.511749
2025-08-11,148.029282
2025-08-12,149.565292
2025-08-13,150.136383
2025-08-14,148.807144
2025-08-15,148.127716
2025-08-18,148.708664
2025-08-19,149.033585
2025-08-20,148.895752
2025-08-21,148.364044
2025-08-22,150.786240
2025-08-25,149.279755
2025-08-26,150.815765
2025-08-27,150.796082
2025-08-28,151.061935
2025-08-29,149.673599
2025-09-02,148.245880
2025-09-03,147.497574
2025-09-04,149.161591
2025-09-05,148.610214
2025-09-08,148.944992
2025-09-09,147.940659
2025-09-10,149.033585
2025-09-11,150.451477
2025-09-12,149.250229
2025-09-15,149.939468
2025-09-16,149.496368
2025-09-17,148.816986
2025-09-18,150.402252
2025-09-19,150.766541
2025-09-22,151.270798
2025-09-23,151.310318
2025-09-24,150.529251
2025-09-25,149.510910
2025-09-26,150.855545
2025-09-29,151.320221
2025-09-30,152.486877
2025-10-01,152.061752
2025-10-02,152.457214
2025-10-03,152.664841
2025-10-06,153.376709
2025-10-07,152.506653
2025-10-08,153.831512
2025-10-09,151.557495
2025-10-10,148.205811
2025-10-13,149.748199
2025-10-14,151.508072
2025-10-15,150.875305
2025-10-16,149.886612
2025-10-17,150.015137
2025-10-20,151.784912
2025-10-21,153.129532
2025-10-22,151.142242
2025-10-23,153.030670
2025-10-24,153.159195
2025-10-27,154.029266
2025-10-28,152.931793
2025-10-29,153.327271
2025-10-30,152.941681
2025-10-31,153.307510
2025-11-03,152.654953
2025-11-04,150.885193
2025-11-05,151.468521
2025-11-06,150.865402
2025-11-07,151.597061
2025-11-10,152.457214
2025-11-11,152.496765
2025-11-12,152.645081
2025-11-13,150.282089
2025-11-14,150.291962
2025-11-17,148.818802
2025-11-18,148.156387
2025-11-19,148.650726
2025-11-20,146.159210
2025-11-21,147.938858
2025-11-24,148.304688
2025-11-25,150.202972
2025-11-26,151.073044
2025-11-28,151.952972
2025-12-01,149.728424
2025-12-02,151.033478
2025-12-03,152.467102
2025-12-04,153.258057
2025-12-05,152.832932
2025-12-08,152.645081
2025-12-09,151.527832
2025-12-10,154.296188
2025-12-11,155.947311
2025-12-12,154.968521
2025-12-15,155.215698
2025-12-16,154.296188
2025-12-17,151.794785
2025-12-18,152.783478
2025-12-19,154.098450
2025-12-22,155.806824
2025-12-23,155.747299
2025-12-24,156.253265
2025-12-26,155.965576
2025-12-29,155.628250
2025-12-30,155.181808
2025-12-31,153.892105
2026-01-02,156.729462
2026-01-05,158.584671
2026-01-06,160.737488
2026-01-07,157.711639
2026-01-08,158.902130
2026-01-09,160.648193
2026-01-12,161.878372
2026-01-13,162.711731
2026-01-14,162.969681
2026-01-15,164.467712
2026-01-16,165.578857
2026-01-20,162.235550
2026-01-21,165.043152
2026-01-22,164.189957
2026-01-23,162.920059
2026-01-26,163.078796
2026-01-27,163.753418
2026-01-28,162.840714
2026-01-29,164.547089
2026-01-30,164.130417
2026-02-02,166.203873
2026-02-03,167.602707
2026-02-04,168.049149
2026-02-05,167.037201
2026-02-06,171.809143
2026-02-09,172.325027
2026-02-10,172.533371
2026-02-11,173.455994
2026-02-12,171.382553
2026-02-13,172.791321
2026-02-17,173.694107
2026-02-18,173.654419
2026-02-19,174.944122
2026-02-20,175.827087
2026-02-23,173.446091
2026-02-24,175.579056
2026-02-25,174.209991
2026-02-26,175.301270
2026-02-27,175.737808
2026-03-02,177.483871
2026-03-03,174.051254
2026-03-04,174.577057
2026-03-05,170.697998
2026-03-06,168.594788
2026-03-09,169.586884
2026-03-10,168.674179
2026-03-11,168.148376
2026-03-12,163.931992
2026-03-13,163.346664
2026-03-16,164.745499
2026-03-17,165.182022
2026-03-18,163.872467
2026-03-19,162.761353
2026-03-20,160.390244
2026-03-23,162.213867
2026-03-24,163.158981
2026-03-25,164.253357
2026-03-26,160.442993
2026-03-27,158.383591
2026-03-30,155.806885
2026-03-31,160.900620
2026-04-01,163.586777
2026-04-02,162.930161
2026-04-06,163.765854
2026-04-07,163.437546
2026-04-08,169.565964
2026-04-09,171.306992
2026-04-10,170.640427
2026-04-13,171.844223
2026-04-14,172.461044
2026-04-15,170.302170
2026-04-16,169.456528
2026-04-17,172.620224
2026-04-20,173.008209
2026-04-21,170.560837
2026-04-22,170.162872
2026-04-23,173.177353
2026-04-24,171.585556
2026-04-27,171.625336
2026-04-28,170.103195
2026-04-29,169.058563
2026-04-30,173.684738
2026-05-01,172.073044
2026-05-04,170.103195
2026-05-05,171.525864
2026-05-06,175.962982
2026-05-07,173.107697
2026-05-08,172.311813
2026-05-11,174.142365
2026-05-12,173.455917
2026-05-13,172.729645
2026-05-14,173.615082
2026-05-15,170.521027
2026-05-18,169.874374
2026-05-19,167.874680
2026-05-20,169.854477
2026-05-21,169.655502
2026-05-22,170.889145
2026-05-26,173.406174
2026-05-27,173.406174
2026-05-28,172.908737
2026-05-29,172.242172
2026-06-01,171.515915
2026-06-02,173.296738
2026-06-03,173.157455
2026-06-04,175.256638
2026-06-05,173.286774
2026-06-08,172.739609
2026-06-09,174.699509
2026-06-10,168.789963
2026-06-11,174.251801
2026-06-12,175.276535
2026-06-15,177.763687
2026-06-16,178.927719
2026-06-17,178.679001
2026-06-18,179.982285
2026-06-22,181.312698
2026-06-23,177.672470
2026-06-24,179.726974
2026-06-25,183.626480
2026-06-26,180.714310
2026-06-29,182.270126
2026-06-30,184.733505
2026-07-01,182.868515
2026-07-02,183.417053
2026-07-06,185.062622
2026-07-07,181.891144
2026-07-08,179.936401
2026-07-09,180.624542
2026-07-10,181.432373
2026-07-13,179.886520
2026-07-14,179.966309
2026-07-15,179.577362
2026-07-16,179.667114
2026-07-17,178.929108
2026-07-20,177.642563
2026-07-21,178.181122
2026-07-22,178.370605
2026-07-23,181.452332
2026-07-24,182.170395
2026-07-27,182.708939
2026-07-28,182.000854
2026-07-29,176.186478
2026-07-30,177.911835
2026-07-31,179.357956
2026-08-03,182.669052
2026-08-04,185.900360
2026-08-05,185.850510
2026-08-06,184.264755
2026-08-07,184.683640
2026-08-10,184.105194
2026-08-11,185.202240
2026-08-12,185.381775
2026-08-13,185.291992
2026-08-14,186.010071
2026-08-17,185.820587
2026-08-18,183.077957
2026-08-19,181.462296
2026-08-20,179.288147
2026-08-21,179.766861
2026-08-24,178.520203
2026-08-25,177.921814
2026-08-26,179.856613
2026-08-27,178.320740
2026-08-28,176.665192
2026-08-31,174.660583
2026-09-01,172.267014
2026-09-02,172.316879
2026-09-03,174.092102
2026-09-04,174.800201
2026-09-08,173.952484
2026-09-09,171.329529
2026-09-10,170.092850
2026-09-11,171.907974
2026-09-14,169.474503
2026-09-15,168.397415
2026-09-16,168.257797
2026-09-17,168.556976
2026-09-18,169.294998
2026-09-21,169.979996
2026-09-22,170.270004
2026-09-23,170.100006
2026-09-24,168.830002
2026-09-25,170.429993
2026-09-28,168.779999
2026-09-29,169.130005
2026-09-30,166.979996
2026-10-01,168.639999
