date,adj_close
1998-12-22,11.895222
1998-12-23,12.179414
1998-12-24,12.133012
1998-12-28,12.167809
1998-12-29,12.202610
1998-12-30,12.156212
1998-12-31,12.109811
1999-01-04,12.249006
1999-01-05,12.562193
1999-01-06,12.933374
1999-01-07,12.892778
1999-01-08,12.944973
1999-01-11,13.072560
1999-01-12,12.718784
1999-01-13,12.712982
1999-01-14,12.538993
1999-01-15,12.910176
1999-01-19,13.356753
1999-01-20,13.478551
1999-01-21,13.130563
1999-01-22,12.898578
1999-01-25,13.124765
1999-01-26,13.652541
1999-01-27,13.362553
1999-01-28,13.832326
1999-01-29,14.035322
1999-02-01,14.046918
1999-02-02,13.809137
1999-02-03,13.907726
1999-02-04,13.432142
1999-02-05,13.107360
1999-02-08,13.327754
1999-02-09,12.805781
1999-02-10,12.898578
1999-02-11,13.443741
1999-02-12,12.910176
1999-02-16,12.852178
1999-02-17,12.562193
1999-02-18,12.631785
1999-02-19,12.747784
1999-02-22,13.200157
1999-02-23,13.374146
1999-02-24,13.002971
1999-02-25,13.037768
1999-02-26,12.643385
1999-03-01,12.585388
1999-03-02,12.249006
1999-03-03,12.457793
1999-03-04,12.585388
1999-03-05,12.875374
1999-03-08,13.246563
1999-03-09,13.107360
1999-03-10,13.107360
1999-03-11,13.084167
1999-03-12,12.968170
1999-03-15,13.176963
1999-03-16,13.403154
1999-03-17,13.316157
1999-03-18,13.501746
1999-03-19,13.176963
1999-03-22,13.176963
1999-03-23,12.794178
1999-03-24,13.043571
1999-03-25,13.350951
1999-03-26,13.281355
1999-03-29,13.780131
1999-03-30,13.756931
1999-03-31,13.582944
1999-04-01,13.797528
1999-04-05,14.273106
1999-04-06,14.394910
1999-04-07,14.360101
1999-04-08,14.499298
1999-04-09,14.476099
1999-04-12,14.255709
1999-04-13,14.035322
1999-04-14,13.687338
1999-04-15,13.803333
1999-04-16,13.432142
1999-04-19,12.782580
1999-04-20,13.107360
1999-04-21,13.455346
1999-04-22,14.075920
1999-04-23,14.104914
1999-04-26,14.464497
1999-04-27,14.104914
1999-04-28,13.919324
1999-04-29,13.774337
1999-04-30,13.664141
1999-05-03,13.780131
1999-05-04,13.571338
1999-05-05,13.849732
1999-05-06,13.501746
1999-05-07,13.733738
1999-05-10,13.849732
1999-05-11,14.058514
1999-05-12,14.336901
1999-05-13,14.296314
1999-05-14,13.919324
1999-05-17,14.116512
1999-05-18,14.244105
1999-05-19,14.290507
1999-05-20,14.104914
1999-05-21,13.942520
1999-05-24,13.640943
1999-05-25,13.356753
1999-05-26,13.635144
1999-05-27,13.536541
1999-05-28,13.710534
1999-06-01,13.403154
1999-06-02,13.548148
1999-06-03,13.455346
1999-06-04,13.855536
1999-06-07,14.104914
1999-06-08,13.780131
1999-06-09,13.988921
1999-06-10,13.780131
1999-06-11,13.594543
1999-06-14,13.530741
1999-06-15,13.652541
1999-06-16,14.215108
1999-06-17,14.371700
1999-06-18,14.499298
1999-06-21,14.864681
1999-06-22,14.551493
1999-06-23,14.661698
1999-06-24,14.360101
1999-06-25,14.377503
1999-06-28,14.615294
1999-06-29,14.800884
1999-06-30,15.027079
1999-07-01,15.195265
1999-07-02,15.392445
1999-07-06,15.305462
1999-07-07,15.485246
1999-07-08,15.694041
1999-07-09,15.862233
1999-07-12,15.885430
1999-07-13,15.815842
1999-07-14,16.013027
1999-07-15,16.129019
1999-07-16,16.274015
1999-07-19,16.076817
1999-07-20,15.409856
1999-07-21,15.543244
1999-07-22,15.061870
1999-07-23,15.102467
1999-07-26,14.760287
1999-07-27,15.125670
1999-07-28,15.264856
1999-07-29,15.009675
1999-07-30,14.853081
1999-08-02,14.824082
1999-08-03,14.766089
1999-08-04,14.586294
1999-08-05,14.702286
1999-08-06,14.708090
1999-08-09,14.539883
1999-08-10,14.296314
1999-08-11,14.754494
1999-08-12,14.568901
1999-08-13,15.032874
1999-08-16,15.079272
1999-08-17,15.148867
1999-08-18,14.974879
1999-08-19,14.824082
1999-08-20,14.870476
1999-08-23,15.212662
1999-08-24,15.450452
1999-08-25,15.775236
1999-08-26,15.583842
1999-08-27,15.496838
1999-08-30,15.241664
1999-08-31,15.375058
1999-09-01,15.456252
1999-09-02,15.398248
1999-09-03,15.960830
1999-09-07,15.966625
1999-09-08,15.856425
1999-09-09,15.995628
1999-09-10,16.169619
1999-09-13,15.949221
1999-09-14,16.123211
1999-09-15,15.786841
1999-09-16,15.717234
1999-09-17,16.030430
1999-09-20,16.100023
1999-09-21,15.769437
1999-09-22,15.798439
1999-09-23,15.218458
1999-09-24,15.253260
1999-09-27,15.409856
1999-09-28,15.479455
1999-09-29,15.195265
1999-09-30,15.311262
1999-10-01,15.218458
1999-10-04,15.589644
1999-10-05,15.682444
1999-10-06,15.873832
1999-10-07,15.792635
1999-10-08,15.781042
1999-10-11,15.937622
1999-10-12,15.653439
1999-10-13,15.241664
1999-10-14,15.154661
1999-10-15,14.795084
1999-10-18,14.661698
1999-10-19,14.429707
1999-10-20,15.009675
1999-10-21,14.766089
1999-10-22,14.800884
1999-10-25,14.841488
1999-10-26,14.847284
1999-10-27,14.829875
1999-10-28,15.212662
1999-10-29,15.775236
1999-11-01,15.752039
1999-11-02,15.682444
1999-11-03,15.914426
1999-11-04,16.036230
1999-11-05,16.210224
1999-11-08,16.372606
1999-11-09,16.192808
1999-11-10,16.477005
1999-11-11,16.703199
1999-11-12,16.795988
1999-11-15,16.720596
1999-11-16,17.074379
1999-11-17,16.911976
1999-11-18,17.486156
1999-11-19,17.648540
1999-11-22,17.758739
1999-11-23,17.602150
1999-11-24,17.874727
1999-11-26,18.013927
1999-11-29,17.857328
1999-11-30,17.323757
1999-12-01,17.491951
1999-12-02,17.909533
1999-12-03,18.419907
1999-12-06,18.547501
1999-12-07,18.593897
1999-12-08,18.396711
1999-12-09,18.350307
1999-12-10,18.443106
1999-12-13,18.564899
1999-12-14,18.211117
1999-12-15,18.582302
1999-12-16,18.930283
1999-12-17,19.139454
1999-12-20,19.325041
1999-12-21,19.696230
1999-12-22,19.696230
1999-12-23,19.800621
1999-12-27,19.951426
1999-12-28,19.765839
1999-12-29,20.084826
1999-12-30,20.067413
1999-12-31,19.997826
2000-01-03,20.577810
2000-01-04,19.533838
2000-01-05,19.243855
2000-01-06,18.605865
2000-01-07,18.930656
2000-01-10,19.649828
2000-01-11,19.093052
2000-01-12,19.011858
2000-01-13,19.185844
2000-01-14,19.626635
2000-01-18,19.731030
2000-01-19,19.765839
2000-01-20,19.881830
2000-01-21,19.905031
2000-01-24,19.255434
2000-01-25,19.667229
2000-01-26,19.023453
2000-01-27,18.837864
2000-01-28,18.165079
2000-01-31,18.768265
2000-02-01,19.162649
2000-02-02,19.301842
2000-02-03,19.858631
2000-02-04,20.090626
2000-02-07,20.322622
2000-02-08,20.508209
2000-02-09,20.253014
2000-02-10,20.734402
2000-02-11,20.183422
2000-02-14,20.195024
2000-02-15,20.253014
2000-02-16,20.148619
2000-02-17,20.601000
2000-02-18,19.905031
2000-02-22,19.858631
2000-02-23,20.461817
2000-02-24,20.716997
2000-02-25,20.519800
2000-02-28,20.276215
2000-02-29,20.740202
2000-03-01,20.949001
2000-03-02,21.157789
2000-03-03,21.743574
2000-03-06,21.708776
2000-03-07,21.111391
2000-03-08,21.482576
2000-03-09,22.132166
2000-03-10,22.178564
2000-03-13,21.853775
2000-03-14,21.354984
2000-03-15,20.983799
2000-03-16,21.714586
2000-03-17,22.224962
2000-03-20,22.132166
2000-03-21,22.712147
2000-03-22,23.106537
2000-03-23,23.547323
2000-03-24,23.750313
2000-03-27,23.941710
2000-03-28,23.361731
2000-03-29,22.677332
2000-03-30,22.062561
2000-03-31,22.480152
2000-04-03,21.528976
2000-04-04,21.320189
2000-04-05,21.459383
2000-04-06,21.737776
2000-04-07,22.480152
2000-04-10,21.668179
2000-04-11,21.134602
2000-04-12,19.765839
2000-04-13,19.388847
2000-04-14,18.373871
2000-04-17,19.371450
2000-04-18,20.473417
2000-04-19,19.800621
2000-04-20,19.626635
2000-04-24,19.023453
2000-04-25,20.125422
2000-04-26,19.742632
2000-04-27,20.357412
2000-04-28,20.415417
2000-05-01,20.705412
2000-05-02,20.322622
2000-05-03,19.441038
2000-05-04,19.301842
2000-05-05,19.829624
2000-05-08,19.127851
2000-05-09,18.774054
2000-05-10,17.863482
2000-05-11,18.368076
2000-05-12,18.605865
2000-05-15,18.953850
2000-05-16,19.522234
2000-05-17,19.243855
2000-05-18,18.756672
2000-05-19,18.025885
2000-05-22,17.944677
2000-05-23,17.074715
2000-05-24,17.747490
2000-05-25,17.457495
2000-05-26,17.515493
2000-05-30,18.652266
2000-05-31,18.292673
2000-06-01,19.116247
2000-06-02,19.986219
2000-06-05,20.044222
2000-06-06,19.765839
2000-06-07,20.137020
2000-06-08,20.044222
2000-06-09,20.090626
2000-06-12,19.673038
2000-06-13,20.090626
2000-06-14,19.719433
2000-06-15,20.113827
2000-06-16,20.183422
2000-06-19,20.821400
2000-06-20,20.879395
2000-06-21,21.064993
2000-06-22,20.415417
2000-06-23,19.980425
2000-06-26,20.113827
2000-06-27,19.916634
2000-06-28,20.113827
2000-06-29,19.719433
2000-06-30,20.113827
2000-07-03,20.253014
2000-07-05,19.603437
2000-07-06,19.905031
2000-07-07,20.229818
2000-07-10,20.009424
2000-07-11,19.847031
2000-07-12,20.357412
2000-07-13,20.751801
2000-07-14,21.134602
2000-07-17,21.308582
2000-07-18,20.879395
2000-07-19,20.415417
2000-07-20,20.844604
2000-07-21,20.392218
2000-07-24,19.893419
2000-07-25,20.229818
2000-07-26,19.963017
2000-07-27,19.383036
2000-07-28,18.663870
2000-07-31,19.046652
2000-08-01,18.826258
2000-08-02,18.745060
2000-08-03,19.104656
2000-08-04,19.104656
2000-08-07,19.499033
2000-08-08,19.533838
2000-08-09,19.603437
2000-08-10,19.185844
2000-08-11,19.255434
2000-08-14,19.649828
2000-08-15,19.696230
2000-08-16,19.719433
2000-08-17,20.090626
2000-08-18,20.113827
2000-08-21,20.206615
2000-08-22,20.206615
2000-08-23,20.403814
2000-08-24,20.595215
2000-08-25,20.525610
2000-08-28,20.693798
2000-08-29,20.716997
2000-08-30,20.577810
2000-08-31,20.983799
2000-09-01,20.995396
2000-09-05,20.519800
2000-09-06,19.997826
2000-09-07,20.322622
2000-09-08,19.673038
2000-09-11,19.162649
2000-09-12,18.884251
2000-09-13,19.069847
2000-09-14,19.174248
2000-09-15,18.843653
2000-09-18,18.420271
2000-09-19,19.139454
2000-09-20,19.209057
2000-09-21,18.814661
2000-09-22,18.281063
2000-09-25,17.898281
2000-09-26,17.521297
2000-09-27,17.399494
2000-09-28,18.002676
2000-09-29,17.213903
2000-10-02,17.086306
2000-10-03,16.633930
2000-10-04,17.080513
2000-10-05,16.836906
2000-10-06,16.488918
2000-10-09,16.396128
2000-10-10,15.914745
2000-10-11,15.404353
2000-10-12,14.870777
2000-10-13,16.123537
2000-10-16,15.868341
2000-10-17,15.450750
2000-10-18,15.207161
2000-10-19,16.558523
2000-10-20,16.807919
2000-10-23,16.703518
2000-10-24,16.378731
2000-10-25,15.224559
2000-10-26,15.589950
2000-10-27,15.723353
2000-10-30,15.508752
2000-10-31,16.227930
2000-11-01,15.914745
2000-11-02,16.326527
2000-11-03,16.448334
2000-11-06,16.193132
2000-11-07,16.309130
2000-11-08,15.450750
2000-11-09,15.224559
2000-11-10,14.383586
2000-11-13,14.337184
2000-11-14,15.114365
2000-11-15,15.218762
2000-11-16,14.731584
2000-11-17,14.847572
2000-11-20,14.244388
2000-11-21,14.313987
2000-11-22,13.792006
2000-11-24,14.337184
2000-11-27,14.255987
2000-11-28,13.681807
2000-11-29,13.618011
2000-11-30,12.898827
2000-12-01,13.067027
2000-12-04,12.991627
2000-12-05,14.221197
2000-12-06,13.826803
2000-12-07,13.368616
2000-12-08,13.989198
2000-12-11,14.516981
2000-12-12,14.221197
2000-12-13,13.618011
2000-12-14,13.409218
2000-12-15,12.875632
2000-12-18,12.620438
2000-12-19,12.249249
2000-12-20,11.332872
2000-12-21,11.367672
2000-12-22,12.150650
2000-12-26,11.947658
2000-12-27,12.063656
2000-12-28,12.005651
2000-12-29,11.622865
2001-01-02,10.950083
2001-01-03,12.713235
2001-01-04,12.840828
2001-01-05,12.063656
2001-01-08,12.028855
2001-01-09,12.295647
2001-01-10,12.666838
2001-01-11,13.200419
2001-01-12,13.003222
2001-01-16,12.852430
2001-01-17,13.246820
2001-01-18,13.942800
2001-01-19,14.134194
2001-01-22,13.873199
2001-01-23,14.105191
2001-01-24,14.279189
2001-01-25,13.780406
2001-01-26,13.873199
2001-01-29,14.164579
2001-01-30,14.197988
2001-01-31,13.845365
2001-02-01,13.837945
2001-02-02,13.229187
2001-02-05,13.147526
2001-02-06,13.225478
2001-02-07,12.883980
2001-02-08,12.694673
2001-02-09,12.108195
2001-02-12,12.212127
2001-02-13,12.004264
2001-02-14,12.286366
2001-02-15,12.657553
2001-02-16,11.874348
2001-02-20,11.235899
2001-02-21,10.950083
2001-02-22,10.968640
2001-02-23,10.886985
2001-02-26,11.061441
2001-02-27,10.638288
2001-02-28,10.397013
2001-03-01,10.690249
2001-03-02,10.319061
2001-03-05,10.541779
2001-03-06,10.987204
2001-03-07,11.002050
2001-03-08,10.783049
2001-03-09,10.077787
2001-03-12,9.539568
2001-03-13,10.014688
2001-03-14,9.769705
2001-03-15,9.654634
2001-03-16,9.443057
2001-03-19,9.736296
2001-03-20,9.268597
2001-03-21,9.313140
2001-03-22,9.740006
2001-03-23,9.947872
2001-03-26,9.817961
2001-03-27,10.133465
2001-03-28,9.383666
2001-03-29,9.261170
2001-03-30,9.205494
2001-04-02,8.982780
2001-04-03,8.381455
2001-04-04,8.221842
2001-04-05,9.090425
2001-04-06,8.667271
2001-04-09,8.689540
2001-04-10,9.272307
2001-04-11,9.610094
2001-04-12,9.851362
2001-04-16,9.613802
2001-04-17,9.714024
2001-04-18,10.597457
2001-04-19,11.265598
2001-04-20,11.135678
2001-04-23,10.519505
2001-04-24,10.356180
2001-04-25,10.538063
2001-04-26,10.389588
2001-04-27,10.530641
2001-04-30,10.693966
2001-05-01,10.950083
2001-05-02,11.169083
2001-05-03,10.812745
2001-05-04,10.968640
2001-05-07,10.957507
2001-05-08,11.005760
2001-05-09,10.853573
2001-05-10,10.693966
2001-05-11,10.578895
2001-05-14,10.430421
2001-05-15,10.411861
2001-05-16,10.835016
2001-05-17,10.898116
2001-05-18,10.946373
2001-05-21,11.432629
2001-05-22,11.410357
2001-05-23,11.131969
2001-05-24,11.217343
2001-05-25,11.005760
2001-05-29,10.593748
2001-05-30,10.163165
2001-05-31,10.255958
2001-06-01,10.430421
2001-06-04,10.408149
2001-06-05,10.820168
2001-06-06,10.716232
2001-06-07,11.020610
2001-06-08,10.775624
2001-06-11,10.597457
2001-06-12,10.515796
2001-06-13,10.278230
2001-06-14,9.910752
2001-06-15,9.817961
2001-06-18,9.572974
2001-06-19,9.610094
2001-06-20,9.710310
2001-06-21,9.892197
2001-06-22,9.799401
2001-06-25,9.940451
2001-06-26,9.996126
2001-06-27,10.018398
2001-06-28,10.215130
2001-06-29,10.456399
2001-07-02,10.448978
2001-07-03,10.411861
2001-07-05,10.077787
2001-07-06,9.613802
2001-07-09,9.736296
2001-07-10,9.439345
2001-07-11,9.487599
2001-07-12,10.118623
2001-07-13,10.148316
2001-07-16,9.903331
2001-07-17,10.022111
2001-07-18,9.639783
2001-07-19,9.817961
2001-07-20,9.762277
2001-07-23,9.524715
2001-07-24,9.398515
2001-07-25,9.598959
2001-07-26,9.780838
2001-07-27,9.765991
2001-07-30,9.736296
2001-07-31,9.732579
2001-08-01,9.992419
2001-08-02,10.129759
2001-08-03,9.984992
2001-08-06,9.862501
2001-08-07,9.806824
2001-08-08,9.491312
2001-08-09,9.495022
2001-08-10,9.480173
2001-08-13,9.517293
2001-08-14,9.394799
2001-08-15,9.183226
2001-08-16,9.231484
2001-08-17,8.956799
2001-08-20,9.016192
2001-08-21,8.752645
2001-08-22,8.841729
2001-08-23,8.834304
2001-08-24,9.264885
2001-08-27,9.242611
2001-08-28,8.986496
2001-08-29,8.815743
2001-08-30,8.474252
2001-08-31,8.544777
2001-09-04,8.359182
2001-09-05,8.288659
2001-09-06,7.895196
2001-09-07,7.802396
2001-09-10,7.969432
2001-09-17,7.460905
2001-09-18,7.394088
2001-09-19,7.327278
2001-09-20,7.008055
2001-09-21,6.807612
2001-09-24,7.189931
2001-09-25,7.256750
2001-09-26,7.011765
2001-09-27,6.956088
2001-09-28,7.145393
2001-10-01,7.052596
2001-10-02,7.045173
2001-10-03,7.516578
2001-10-04,7.676195
2001-10-05,7.672482
2001-10-08,7.724451
2001-10-09,7.546274
2001-10-10,7.780129
2001-10-11,8.155028
2001-10-12,8.136471
2001-10-15,8.080792
2001-10-16,8.166163
2001-10-17,7.794975
2001-10-18,7.776417
2001-10-19,7.880348
2001-10-22,8.065946
2001-10-23,8.073370
2001-10-24,8.173593
2001-10-25,8.370318
2001-10-26,8.381455
2001-10-29,7.980569
2001-10-30,7.817246
2001-10-31,7.924893
2001-11-01,8.199570
2001-11-02,8.210709
2001-11-05,8.463118
2001-11-06,8.760069
2001-11-07,8.722947
2001-11-08,8.767492
2001-11-09,8.734084
2001-11-12,8.800899
2001-11-13,9.112695
2001-11-14,9.160955
2001-11-15,9.105268
2001-11-16,9.075578
2001-11-19,9.264885
2001-11-20,9.005054
2001-11-21,8.915972
2001-11-23,9.053306
2001-11-26,9.209207
2001-11-27,9.179515
2001-11-28,8.889983
2001-11-29,9.127544
2001-11-30,9.108987
2001-12-03,8.979070
2001-12-04,9.261170
2001-12-05,9.706601
2001-12-06,9.680620
2001-12-07,9.502446
2001-12-10,9.294580
2001-12-11,9.361393
2001-12-12,9.398515
2001-12-13,9.064443
2001-12-14,9.101562
2001-12-17,9.276025
2001-12-18,9.313140
2001-12-19,9.179515
2001-12-20,8.863998
2001-12-21,8.982780
2001-12-24,8.949375
2001-12-26,9.019902
2001-12-27,9.097847
2001-12-28,9.116407
2001-12-31,8.908544
2002-01-02,9.131258
2002-01-03,9.532142
2002-01-04,9.591533
2002-01-07,9.487599
2002-01-08,9.558124
2002-01-09,9.483886
2002-01-10,9.405940
2002-01-11,9.316851
2002-01-14,9.172085
2002-01-15,9.231484
2002-01-16,9.005054
2002-01-17,9.227764
2002-01-18,8.919681
2002-01-22,8.600456
2002-01-23,8.730372
2002-01-24,8.860287
2002-01-25,8.826881
2002-01-28,8.889983
2002-01-29,8.574472
2002-01-30,8.685833
2002-01-31,8.812035
2002-02-01,8.648708
2002-02-04,8.403726
2002-02-05,8.273815
2002-02-06,8.225554
2002-02-07,8.103064
2002-02-08,8.258965
2002-02-11,8.444557
2002-02-12,8.307216
2002-02-13,8.440843
2002-02-14,8.351759
2002-02-15,8.110487
2002-02-19,7.824668
2002-02-20,7.921178
2002-02-21,7.553702
2002-02-22,7.601954
2002-02-25,7.858078
2002-02-26,7.809823
2002-02-27,7.754143
2002-02-28,7.665063
2002-03-01,8.051096
2002-03-04,8.344336
2002-03-05,8.370318
2002-03-06,8.451984
2002-03-07,8.422280
2002-03-08,8.644997
2002-03-11,8.670983
2002-03-12,8.485389
2002-03-13,8.262671
2002-03-14,8.166163
2002-03-15,8.225554
2002-03-18,8.251538
2002-03-19,8.284944
2002-03-20,8.032533
2002-03-21,8.192149
2002-03-22,8.073370
2002-03-25,7.891485
2002-03-26,7.950874
2002-03-27,7.947163
2002-03-28,8.043673
2002-04-01,8.132758
2002-04-02,7.895196
2002-04-03,7.772701
2002-04-04,7.806111
2002-04-05,7.683620
2002-04-08,7.646499
2002-04-09,7.453482
2002-04-10,7.475753
2002-04-11,7.227054
2002-04-12,7.349547
2002-04-15,7.368109
2002-04-16,7.702177
2002-04-17,7.731874
2002-04-18,7.650215
2002-04-19,7.627939
2002-04-22,7.438635
2002-04-23,7.286448
2002-04-24,7.175092
2002-04-25,7.223344
2002-04-26,6.978355
2002-04-29,6.933816
2002-04-30,7.071157
2002-05-01,7.011765
2002-05-02,6.833596
2002-05-03,6.670271
2002-05-06,6.480964
2002-05-07,6.480964
2002-05-08,7.152817
2002-05-09,6.918972
2002-05-10,6.681407
2002-05-13,6.944953
2002-05-14,7.279019
2002-05-15,7.256750
2002-05-16,7.364392
2002-05-17,7.401515
2002-05-20,7.208497
2002-05-21,7.030328
2002-05-22,7.115700
2002-05-23,7.171376
2002-05-24,7.015480
2002-05-28,6.952376
2002-05-29,6.822458
2002-05-30,6.855867
2002-05-31,6.777916
2002-06-03,6.577475
2002-06-04,6.670271
2002-06-05,6.751932
2002-06-06,6.588609
2002-06-07,6.443848
2002-06-10,6.384457
2002-06-11,6.243405
2002-06-12,6.369609
2002-06-13,6.261961
2002-06-14,6.250828
2002-06-17,6.462403
2002-06-18,6.391879
2002-06-19,6.139473
2002-06-20,5.998419
2002-06-21,5.827675
2002-06-24,5.927893
2002-06-25,5.723739
2002-06-26,5.727451
2002-06-27,5.879638
2002-06-28,5.872213
2002-07-01,5.623517
2002-07-02,5.456483
2002-07-03,5.656924
2002-07-05,5.961301
2002-07-08,5.783129
2002-07-09,5.697756
2002-07-10,5.545569
2002-07-11,5.749722
2002-07-12,5.723739
2002-07-15,5.835097
2002-07-16,5.768281
2002-07-17,5.809113
2002-07-18,5.686619
2002-07-19,5.508449
2002-07-22,5.218921
2002-07-23,4.959088
2002-07-24,5.215210
2002-07-25,4.903412
2002-07-26,4.970225
2002-07-29,5.263464
2002-07-30,5.345125
2002-07-31,5.315429
2002-08-01,5.081583
2002-08-02,4.973936
2002-08-05,4.758646
2002-08-06,4.959088
2002-08-07,5.048176
2002-08-08,5.233769
2002-08-09,5.215210
2002-08-12,5.166954
2002-08-13,5.048176
2002-08-14,5.363685
2002-08-15,5.437922
2002-08-16,5.567839
2002-08-19,5.771993
2002-08-20,5.608672
2002-08-21,5.783129
2002-08-22,5.849942
2002-08-23,5.638366
2002-08-26,5.675484
2002-08-27,5.486178
2002-08-28,5.333990
2002-08-29,5.408227
2002-08-30,5.270889
2002-09-03,5.011055
2002-09-04,5.166954
2002-09-05,4.992496
2002-09-06,5.159531
2002-09-09,5.215210
2002-09-10,5.304295
2002-09-11,5.333990
2002-09-12,5.137261
2002-09-13,5.159531
2002-09-16,5.074158
2002-09-17,5.011055
2002-09-18,4.959088
2002-09-19,4.736374
2002-09-20,4.762358
2002-09-23,4.613882
2002-09-24,4.539645
2002-09-25,4.714104
2002-09-26,4.658425
2002-09-27,4.543358
2002-09-30,4.391171
2002-10-01,4.628731
2002-10-02,4.524798
2002-10-03,4.513661
2002-10-04,4.417152
2002-10-07,4.339204
2002-10-08,4.339204
2002-10-09,4.298371
2002-10-10,4.524798
2002-10-11,4.810614
2002-10-14,4.818037
2002-10-15,5.122413
2002-10-16,4.844021
2002-10-17,5.048176
2002-10-18,5.114987
2002-10-21,5.218921
2002-10-22,5.196649
2002-10-23,5.337700
2002-10-24,5.252331
2002-10-25,5.393382
2002-10-28,5.382244
2002-10-29,5.293160
2002-10-30,5.475041
2002-10-31,5.478754
2002-11-01,5.642078
2002-11-04,5.861081
2002-11-05,5.823960
2002-11-06,5.916756
2002-11-07,5.682905
2002-11-08,5.642078
2002-11-11,5.445347
2002-11-12,5.597533
2002-11-13,5.623517
2002-11-14,5.849942
2002-11-15,5.861081
2002-11-18,5.794265
2002-11-19,5.701467
2002-11-20,5.939027
2002-11-21,6.247115
2002-11-22,6.224844
2002-11-25,6.317641
2002-11-26,6.135759
2002-11-27,6.384457
2002-11-29,6.347336
2002-12-02,6.365896
2002-12-03,6.143183
2002-12-04,6.050386
2002-12-05,5.916756
2002-12-06,5.972437
2002-12-09,5.690332
2002-12-10,5.783129
2002-12-11,5.827675
2002-12-12,5.801688
2002-12-13,5.671772
2002-12-16,5.864793
2002-12-17,5.835097
2002-12-18,5.675484
2002-12-19,5.653212
2002-12-20,5.713137
2002-12-23,5.783849
2002-12-24,5.724301
2002-12-26,5.694527
2002-12-27,5.594035
2002-12-30,5.538205
2002-12-31,5.508431
2003-01-02,5.806185
2003-01-03,5.828516
2003-01-06,6.085328
2003-01-07,6.148600
2003-01-08,5.947617
2003-01-09,6.122547
2003-01-10,6.156043
2003-01-13,6.122547
2003-01-14,6.208149
2003-01-15,6.085328
2003-01-16,5.955058
2003-01-17,5.664752
2003-01-21,5.627532
2003-01-22,5.590312
2003-01-23,5.687081
2003-01-24,5.463768
2003-01-27,5.404217
2003-01-28,5.478656
2003-01-29,5.556815
2003-01-30,5.385608
2003-01-31,5.378164
2003-02-03,5.426548
2003-02-04,5.333501
2003-02-05,5.314890
2003-02-06,5.285116
2003-02-07,5.225564
2003-02-10,5.281393
2003-02-11,5.262785
2003-02-12,5.192068
2003-02-13,5.206955
2003-02-14,5.370721
2003-02-18,5.545650
2003-02-19,5.508431
2003-02-20,5.422826
2003-02-21,5.489821
2003-02-24,5.396772
2003-02-25,5.411659
2003-02-26,5.270228
2003-02-27,5.322335
2003-02-28,5.404217
2003-03-03,5.311170
2003-03-04,5.251620
2003-03-05,5.303725
2003-03-06,5.236732
2003-03-07,5.210678
2003-03-10,5.102742
2003-03-11,5.076688
2003-03-12,5.143683
2003-03-13,5.419105
2003-03-14,5.437715
2003-03-17,5.687081
2003-03-18,5.713137
2003-03-19,5.701970
2003-03-20,5.694527
2003-03-21,5.780130
2003-03-24,5.545650
2003-03-25,5.623810
2003-03-26,5.605201
2003-03-27,5.541927
2003-03-28,5.471209
2003-03-31,5.322335
2003-04-01,5.385608
2003-04-02,5.616368
2003-04-03,5.601480
2003-04-04,5.538205
2003-04-07,5.553093
2003-04-08,5.497265
2003-04-09,5.378164
2003-04-10,5.411659
2003-04-11,5.363275
2003-04-14,5.493543
2003-04-15,5.504710
2003-04-16,5.545650
2003-04-17,5.661027
2003-04-21,5.638697
2003-04-22,5.761522
2003-04-23,5.858290
2003-04-24,5.806185
2003-04-25,5.698246
2003-04-28,5.817349
2003-04-29,5.876902
2003-04-30,5.809906
2003-05-01,5.865734
2003-05-02,5.988558
2003-05-05,5.973670
2003-05-06,6.081605
2003-05-07,6.007168
2003-05-08,5.910398
2003-05-09,6.074162
2003-05-12,6.167210
2003-05-13,6.156043
2003-05-14,6.133712
2003-05-15,6.196986
2003-05-16,6.141157
2003-05-19,5.917841
2003-05-20,5.929006
2003-05-21,5.936451
2003-05-22,5.999724
2003-05-23,6.007168
2003-05-27,6.163487
2003-05-28,6.204431
2003-05-29,6.219315
2003-05-30,6.308644
2003-06-02,6.275142
2003-06-03,6.330974
2003-06-04,6.464961
2003-06-05,6.464961
2003-06-06,6.401688
2003-06-09,6.308644
2003-06-10,6.397969
2003-06-11,6.438911
2003-06-12,6.468686
2003-06-13,6.327252
2003-06-16,6.483570
2003-06-17,6.513344
2003-06-18,6.576618
2003-06-19,6.528236
2003-06-20,6.520792
2003-06-23,6.390522
2003-06-24,6.364470
2003-06-25,6.301197
2003-06-26,6.420300
2003-06-27,6.371915
2003-06-30,6.353306
2003-07-01,6.442631
2003-07-02,6.576618
2003-07-03,6.498457
2003-07-07,6.721775
2003-07-08,6.773884
2003-07-09,6.766440
2003-07-10,6.610116
2003-07-11,6.703163
2003-07-14,6.732938
2003-07-15,6.744106
2003-07-16,6.721775
2003-07-17,6.517068
2003-07-18,6.531957
2003-07-21,6.386800
2003-07-22,6.524514
2003-07-23,6.561731
2003-07-24,6.468686
2003-07-25,6.606394
2003-07-28,6.617560
2003-07-29,6.554290
2003-07-30,6.505902
2003-07-31,6.550569
2003-08-01,6.517068
2003-08-04,6.572900
2003-08-05,6.409133
2003-08-06,6.349582
2003-08-07,6.330974
2003-08-08,6.323530
2003-08-11,6.353306
2003-08-12,6.450074
2003-08-13,6.438911
2003-08-14,6.494738
2003-08-15,6.464961
2003-08-18,6.654778
2003-08-19,6.744106
2003-08-20,6.706884
2003-08-21,6.770158
2003-08-22,6.758993
2003-08-25,6.718053
2003-08-26,6.755273
2003-08-27,6.799936
2003-08-28,6.840876
2003-08-29,6.863206
2003-09-02,7.012082
2003-09-03,7.086522
2003-09-04,7.153516
2003-09-05,7.116297
2003-09-08,7.246562
2003-09-09,7.168405
2003-09-10,6.956255
2003-09-11,7.038137
2003-09-12,7.045583
2003-09-15,7.004641
2003-09-16,7.183289
2003-09-17,7.172124
2003-09-18,7.272618
2003-09-19,7.280061
2003-09-22,7.142351
2003-09-23,7.183289
2003-09-24,6.937646
2003-09-25,6.885540
2003-09-26,6.848318
2003-09-29,6.959977
2003-09-30,6.803658
2003-10-01,6.952533
2003-10-02,6.937646
2003-10-03,7.149798
2003-10-06,7.187011
2003-10-07,7.235399
2003-10-08,7.183289
2003-10-09,7.213067
2003-10-10,7.272618
2003-10-13,7.294948
2003-10-14,7.276339
2003-10-15,7.321004
2003-10-16,7.347055
2003-10-17,7.227955
2003-10-20,7.313557
2003-10-21,7.354497
2003-10-22,7.246562
2003-10-23,7.190735
2003-10-24,7.082800
2003-10-27,7.120017
2003-10-28,7.291223
2003-10-29,7.302394
2003-10-30,7.294948
2003-10-31,7.302394
2003-11-03,7.473602
2003-11-04,7.410328
2003-11-05,7.432656
2003-11-06,7.492210
2003-11-07,7.462433
2003-11-10,7.365670
2003-11-11,7.347055
2003-11-12,7.503376
2003-11-13,7.440105
2003-11-14,7.339608
2003-11-17,7.239121
2003-11-18,7.149798
2003-11-19,7.227955
2003-11-20,7.116297
2003-11-21,7.175847
2003-11-24,7.358223
2003-11-25,7.350777
2003-11-26,7.380553
2003-11-28,7.406606
2003-12-01,7.481043
2003-12-02,7.447549
2003-12-03,7.421495
2003-12-04,7.514544
2003-12-05,7.380553
2003-12-08,7.399161
2003-12-09,7.239121
2003-12-10,7.280061
2003-12-11,7.417773
2003-12-12,7.425214
2003-12-15,7.332169
2003-12-16,7.369388
2003-12-17,7.358223
2003-12-18,7.481043
2003-12-19,7.455178
2003-12-22,7.466425
2003-12-23,7.526399
2003-12-24,7.511407
2003-12-26,7.526399
2003-12-29,7.661336
2003-12-30,7.650091
2003-12-31,7.638844
2004-01-02,7.676324
2004-01-05,7.863735
2004-01-06,7.934952
2004-01-07,7.972432
2004-01-08,8.129862
2004-01-09,8.021159
2004-01-12,8.144852
2004-01-13,8.028656
2004-01-14,8.126113
2004-01-15,8.159846
2004-01-16,8.264791
2004-01-20,8.283539
2004-01-21,8.219819
2004-01-22,8.141102
2004-01-23,8.114865
2004-01-26,8.264791
2004-01-27,8.137359
2004-01-28,8.002419
2004-01-29,7.961187
2004-01-30,7.964936
2004-02-02,7.964936
2004-02-03,7.976180
2004-02-04,7.781273
2004-02-05,7.792518
2004-02-06,7.957442
2004-02-09,7.897471
2004-02-10,7.961187
2004-02-11,8.024906
2004-02-12,7.949949
2004-02-13,7.901219
2004-02-17,8.017416
2004-02-18,7.979930
2004-02-19,7.859986
2004-02-20,7.822507
2004-02-23,7.717555
2004-02-24,7.725056
2004-02-25,7.785028
2004-02-26,7.803767
2004-02-27,7.762530
2004-03-01,7.856241
2004-03-02,7.826253
2004-03-03,7.788771
2004-03-04,7.856241
2004-03-05,7.796266
2004-03-08,7.627604
2004-03-09,7.627604
2004-03-10,7.492667
2004-03-11,7.410205
2004-03-12,7.556383
2004-03-15,7.413954
2004-03-16,7.458930
2004-03-17,7.552633
2004-03-18,7.503908
2004-03-19,7.402706
2004-03-22,7.282768
2004-03-23,7.271522
2004-03-24,7.309000
2004-03-25,7.541391
2004-03-26,7.496413
2004-03-29,7.593864
2004-03-30,7.605110
2004-03-31,7.556383
2004-04-01,7.635090
2004-04-02,7.826253
2004-04-05,7.893721
2004-04-06,7.811261
2004-04-07,7.762530
2004-04-08,7.777529
2004-04-12,7.796266
2004-04-13,7.698816
2004-04-14,7.691318
2004-04-15,7.601363
2004-04-16,7.530147
2004-04-19,7.616353
2004-04-20,7.451433
2004-04-21,7.563881
2004-04-22,7.680077
2004-04-23,7.781273
2004-04-26,7.687572
2004-04-27,7.665082
2004-04-28,7.533893
2004-04-29,7.421449
2004-04-30,7.267772
2004-05-03,7.309000
2004-05-04,7.380218
2004-05-05,7.417705
2004-05-06,7.383966
2004-05-07,7.346484
2004-05-10,7.316501
2004-05-11,7.413954
2004-05-12,7.391459
2004-05-13,7.391459
2004-05-14,7.290262
2004-05-17,7.211549
2004-05-18,7.282768
2004-05-19,7.316501
2004-05-20,7.312749
2004-05-21,7.335244
2004-05-24,7.346484
2004-05-25,7.485164
2004-05-26,7.470175
2004-05-27,7.515152
2004-05-28,7.552633
2004-06-01,7.500163
2004-06-02,7.500163
2004-06-03,7.402706
2004-06-04,7.473924
2004-06-07,7.646342
2004-06-08,7.687572
2004-06-09,7.601363
2004-06-10,7.642592
2004-06-14,7.537643
2004-06-15,7.650091
2004-06-16,7.616353
2004-06-17,7.530147
2004-06-18,7.545139
2004-06-21,7.511407
2004-06-22,7.590115
2004-06-23,7.695066
2004-06-24,7.657588
2004-06-25,7.687572
2004-06-28,7.627604
2004-06-29,7.706312
2004-06-30,7.758790
2004-07-01,7.616353
2004-07-02,7.533893
2004-07-06,7.372724
2004-07-07,7.421449
2004-07-08,7.297755
2004-07-09,7.357727
2004-07-12,7.346484
2004-07-13,7.312749
2004-07-14,7.196554
2004-07-15,7.159073
2004-07-16,7.084111
2004-07-19,7.106600
2004-07-20,7.222791
2004-07-21,7.114094
2004-07-22,7.189061
2004-07-23,7.065368
2004-07-26,7.106600
2004-07-27,7.174067
2004-07-28,7.170317
2004-07-29,7.271522
2004-07-30,7.286514
2004-08-02,7.305254
2004-08-03,7.185308
2004-08-04,7.196554
2004-08-05,7.087858
2004-08-06,6.874208
2004-08-09,6.919188
2004-08-10,7.039130
2004-08-11,6.862965
2004-08-12,6.728033
2004-08-13,6.765512
2004-08-16,6.825484
2004-08-17,6.870462
2004-08-18,6.982907
2004-08-19,6.960419
2004-08-20,6.994153
2004-08-23,7.027885
2004-08-24,6.990405
2004-08-25,7.069118
2004-08-26,7.031635
2004-08-27,7.061620
2004-08-30,6.990405
2004-08-31,6.964166
2004-09-01,7.016644
2004-09-02,7.099105
2004-09-03,6.945426
2004-09-07,6.975412
2004-09-08,6.982907
2004-09-09,7.087858
2004-09-10,7.207795
2004-09-13,7.241534
2004-09-14,7.271522
2004-09-15,7.155327
2004-09-16,7.170317
2004-09-17,7.219047
2004-09-20,7.245281
2004-09-21,7.271522
2004-09-22,7.151576
2004-09-23,7.170317
2004-09-24,7.110345
2004-09-27,7.046628
2004-09-28,7.065368
2004-09-29,7.140333
2004-09-30,7.166570
2004-10-01,7.346484
2004-10-04,7.406453
2004-10-05,7.458930
2004-10-06,7.507652
2004-10-07,7.428944
2004-10-08,7.323996
2004-10-11,7.346484
2004-10-12,7.327742
2004-10-13,7.301506
2004-10-14,7.245281
2004-10-15,7.290262
2004-10-18,7.365223
2004-10-19,7.365223
2004-10-20,7.376472
2004-10-21,7.440190
2004-10-22,7.279017
2004-10-25,7.267772
2004-10-26,7.282768
2004-10-27,7.458930
2004-10-28,7.477670
2004-10-29,7.481421
2004-11-01,7.541391
2004-11-02,7.552633
2004-11-03,7.593864
2004-11-04,7.680077
2004-11-05,7.747538
2004-11-08,7.758790
2004-11-09,7.755037
2004-11-10,7.687572
2004-11-11,7.785028
2004-11-12,7.893721
2004-11-15,7.938701
2004-11-16,7.878726
2004-11-17,7.968689
2004-11-18,7.998673
2004-11-19,7.874978
2004-11-22,7.886227
2004-11-23,7.852494
2004-11-24,7.916212
2004-11-26,7.904970
2004-11-29,7.908717
2004-11-30,7.863735
2004-12-01,8.024906
2004-12-02,8.047395
2004-12-03,8.103620
2004-12-06,8.137359
2004-12-07,8.028656
2004-12-08,8.021159
2004-12-09,8.017416
2004-12-10,7.976180
2004-12-13,8.069887
2004-12-14,8.084881
2004-12-15,8.084881
2004-12-16,8.051147
2004-12-17,8.012156
2004-12-20,7.966286
2004-12-21,8.054206
2004-12-22,8.069492
2004-12-23,8.088607
2004-12-27,8.038918
2004-12-28,8.080959
2004-12-29,8.080959
2004-12-30,8.084787
2004-12-31,8.069492
2005-01-03,8.000689
2005-01-04,7.851608
2005-01-05,7.824847
2005-01-06,7.801915
2005-01-07,7.817203
2005-01-10,7.817203
2005-01-11,7.740749
2005-01-12,7.782800
2005-01-13,7.706348
2005-01-14,7.729284
2005-01-18,7.813385
2005-01-19,7.649012
2005-01-20,7.595490
2005-01-21,7.541979
2005-01-24,7.480820
2005-01-25,7.492283
2005-01-26,7.568736
2005-01-27,7.561093
2005-01-28,7.561093
2005-01-31,7.614603
2005-02-01,7.660479
2005-02-02,7.664299
2005-02-03,7.614603
2005-02-04,7.744574
2005-02-07,7.721639
2005-02-08,7.759864
2005-02-09,7.626075
2005-02-10,7.641367
2005-02-11,7.713995
2005-02-14,7.729284
2005-02-15,7.767508
2005-02-16,7.740749
2005-02-17,7.614603
2005-02-18,7.599316
2005-02-22,7.557271
2005-02-23,7.534335
2005-02-24,7.599316
2005-02-25,7.649012
2005-02-28,7.626075
2005-03-01,7.717818
2005-03-02,7.698703
2005-03-03,7.641367
2005-03-04,7.691059
2005-03-07,7.748395
2005-03-08,7.683411
2005-03-09,7.668127
2005-03-10,7.702524
2005-03-11,7.603136
2005-03-14,7.633717
2005-03-15,7.557271
2005-03-16,7.480820
2005-03-17,7.476993
2005-03-18,7.434946
2005-03-21,7.434946
2005-03-22,7.369960
2005-03-23,7.400544
2005-03-24,7.404365
2005-03-28,7.412010
2005-03-29,7.354670
2005-03-30,7.465524
2005-03-31,7.476993
2005-04-01,7.412010
2005-04-04,7.438766
2005-04-05,7.454055
2005-04-06,7.442587
2005-04-07,7.541979
2005-04-08,7.488456
2005-04-11,7.446412
2005-04-12,7.492283
2005-04-13,7.385252
2005-04-14,7.282041
2005-04-15,7.060331
2005-04-18,7.067979
2005-04-19,7.155897
2005-04-20,7.090911
2005-04-21,7.282041
2005-04-22,7.194122
2005-04-25,7.243812
2005-04-26,7.194122
2005-04-27,7.220878
2005-04-28,7.148249
2005-04-29,7.213233
2005-05-02,7.205588
2005-05-03,7.255281
2005-05-04,7.304974
2005-05-05,7.293508
2005-05-06,7.312621
2005-05-09,7.343207
2005-05-10,7.266751
2005-05-11,7.301153
2005-05-12,7.308800
2005-05-13,7.400544
2005-05-16,7.469350
2005-05-17,7.496102
2005-05-18,7.603136
2005-05-19,7.645189
2005-05-20,7.656651
2005-05-23,7.683411
2005-05-24,7.721639
2005-05-25,7.687237
2005-05-26,7.775156
2005-05-27,7.763690
2005-05-31,7.713995
2005-06-01,7.790446
2005-06-02,7.824847
2005-06-03,7.740749
2005-06-06,7.729284
2005-06-07,7.698703
2005-06-08,7.713995
2005-06-09,7.752223
2005-06-10,7.710168
2005-06-13,7.740749
2005-06-14,7.694880
2005-06-15,7.740749
2005-06-16,7.756042
2005-06-17,7.759864
2005-06-20,7.748395
2005-06-21,7.782800
2005-06-22,7.798091
2005-06-23,7.736928
2005-06-24,7.641367
2005-06-27,7.580204
2005-06-28,7.675770
2005-06-29,7.687237
2005-06-30,7.614603
2005-07-01,7.633717
2005-07-05,7.683411
2005-07-06,7.664299
2005-07-07,7.679591
2005-07-08,7.817203
2005-07-11,7.897478
2005-07-12,7.939531
2005-07-13,7.973929
2005-07-14,8.042737
2005-07-15,8.038918
2005-07-18,7.993040
2005-07-19,8.111543
2005-07-20,8.084787
2005-07-21,8.031265
2005-07-22,8.012156
2005-07-25,7.970105
2005-07-26,8.031265
2005-07-27,8.084787
2005-07-28,8.088607
2005-07-29,8.046559
2005-08-01,8.050380
2005-08-02,8.130654
2005-08-03,8.184170
2005-08-04,8.107728
2005-08-05,8.088607
2005-08-08,8.023622
2005-08-09,8.084787
2005-08-10,7.993040
2005-08-11,8.054206
2005-08-12,7.947170
2005-08-15,7.989221
2005-08-16,7.912772
2005-08-17,7.981577
2005-08-18,7.928058
2005-08-19,7.935703
2005-08-22,7.950991
2005-08-23,7.947170
2005-08-24,7.897478
2005-08-25,7.901298
2005-08-26,7.874541
2005-08-29,7.928058
2005-08-30,7.928058
2005-08-31,7.970105
2005-09-01,7.950991
2005-09-02,7.928058
2005-09-06,8.019800
2005-09-07,8.019800
2005-09-08,8.038918
2005-09-09,8.046559
2005-09-12,8.065672
2005-09-13,8.073318
2005-09-14,7.989221
2005-09-15,7.970105
2005-09-16,8.019800
2005-09-19,7.954818
2005-09-20,7.924234
2005-09-21,7.828669
2005-09-22,7.859254
2005-09-23,7.863077
2005-09-26,7.851608
2005-09-27,7.824847
2005-09-28,7.874541
2005-09-29,7.935703
2005-09-30,7.989221
2005-10-03,7.977755
2005-10-04,7.905125
2005-10-05,7.794268
2005-10-06,7.706348
2005-10-07,7.725461
2005-10-10,7.671947
2005-10-11,7.614603
2005-10-12,7.564916
2005-10-13,7.618430
2005-10-14,7.649012
2005-10-17,7.641367
2005-10-18,7.626075
2005-10-19,7.721639
2005-10-20,7.664299
2005-10-21,7.710168
2005-10-24,7.809561
2005-10-25,7.756042
2005-10-26,7.736928
2005-10-27,7.652832
2005-10-28,7.725461
2005-10-31,7.805736
2005-11-01,7.790446
2005-11-02,7.878370
2005-11-03,7.950991
2005-11-04,7.985396
2005-11-07,8.000689
2005-11-08,8.004512
2005-11-09,7.996867
2005-11-10,8.065672
2005-11-11,8.084787
2005-11-14,8.092431
2005-11-15,8.065672
2005-11-16,8.096253
2005-11-17,8.191813
2005-11-18,8.237692
2005-11-21,8.233871
2005-11-22,8.287385
2005-11-23,8.333254
2005-11-25,8.356190
2005-11-28,8.325610
2005-11-29,8.325610
2005-11-30,8.298854
2005-12-01,8.424995
2005-12-02,8.417355
2005-12-05,8.375303
2005-12-06,8.386767
2005-12-07,8.371482
2005-12-08,8.310319
2005-12-09,8.340900
2005-12-12,8.363832
2005-12-13,8.337076
2005-12-14,8.348546
2005-12-15,8.314145
2005-12-16,8.301826
2005-12-19,8.201756
2005-12-20,8.170965
2005-12-21,8.178662
2005-12-22,8.217155
2005-12-23,8.232547
2005-12-27,8.163268
2005-12-28,8.144024
2005-12-29,8.097838
2005-12-30,8.043956
2006-01-03,8.201756
2006-01-04,8.297976
2006-01-05,8.336467
2006-01-06,8.467322
2006-01-09,8.494264
2006-01-10,8.486559
2006-01-11,8.567390
2006-01-12,8.521208
2006-01-13,8.517357
2006-01-17,8.432684
2006-01-18,8.332615
2006-01-19,8.405747
2006-01-20,8.186363
2006-01-23,8.155569
2006-01-24,8.182515
2006-01-25,8.209452
2006-01-26,8.263334
2006-01-27,8.355709
2006-01-30,8.382645
2006-01-31,8.313371
2006-02-01,8.363407
2006-02-02,8.247937
2006-02-03,8.190209
2006-02-06,8.167114
2006-02-07,8.144024
2006-02-08,8.301826
2006-02-09,8.263334
2006-02-10,8.328767
2006-02-13,8.251789
2006-02-14,8.363407
2006-02-15,8.409589
2006-02-16,8.486559
2006-02-17,8.440383
2006-02-21,8.348010
2006-02-22,8.390349
2006-02-23,8.348010
2006-02-24,8.351854
2006-02-27,8.428835
2006-02-28,8.332615
2006-03-01,8.498113
2006-03-02,8.517357
2006-03-03,8.467322
2006-03-06,8.432684
2006-03-07,8.378800
2006-03-08,8.371103
2006-03-09,8.321069
2006-03-10,8.359555
2006-03-13,8.390349
2006-03-14,8.486559
2006-03-15,8.536602
2006-03-16,8.482719
2006-03-17,8.509655
2006-03-20,8.525054
2006-03-21,8.490412
2006-03-22,8.494264
2006-03-23,8.475022
2006-03-24,8.501960
2006-03-27,8.513505
2006-03-28,8.417290
2006-03-29,8.544299
2006-03-30,8.571240
2006-03-31,8.521208
2006-04-03,8.571240
2006-04-04,8.602030
2006-04-05,8.675160
2006-04-06,8.667460
2006-04-07,8.567390
2006-04-10,8.555844
2006-04-11,8.478868
2006-04-12,8.494264
2006-04-13,8.505813
2006-04-17,8.413441
2006-04-18,8.582786
2006-04-19,8.575086
2006-04-20,8.582786
2006-04-21,8.490412
2006-04-24,8.478868
2006-04-25,8.475022
2006-04-26,8.505813
2006-04-27,8.590481
2006-04-28,8.409589
2006-05-01,8.340313
2006-05-02,8.378800
2006-05-03,8.359555
2006-05-04,8.390349
2006-05-05,8.436530
2006-05-08,8.448081
2006-05-09,8.413441
2006-05-10,8.324917
2006-05-11,8.151723
2006-05-12,8.074747
2006-05-15,8.082441
2006-05-16,8.005466
2006-05-17,7.897700
2006-05-18,7.870759
2006-05-19,7.928492
2006-05-22,7.859215
2006-05-23,7.801479
2006-05-24,7.878458
2006-05-25,7.951584
2006-05-26,7.990072
2006-05-30,7.832274
2006-05-31,7.863069
2006-06-01,7.997772
2006-06-02,7.970826
2006-06-05,7.851517
2006-06-06,7.851517
2006-06-07,7.743751
2006-06-08,7.705261
2006-06-09,7.674476
2006-06-12,7.532074
2006-06-13,7.539762
2006-06-14,7.589797
2006-06-15,7.782239
2006-06-16,7.770695
2006-06-19,7.736053
2006-06-20,7.724511
2006-06-21,7.824579
2006-06-22,7.732206
2006-06-23,7.709110
2006-06-26,7.724511
2006-06-27,7.620591
2006-06-28,7.670624
2006-06-29,7.866915
2006-06-30,7.824579
2006-07-03,7.882304
2006-07-05,7.759147
2006-07-06,7.766843
2006-07-07,7.689871
2006-07-10,7.601344
2006-07-11,7.632138
2006-07-12,7.493577
2006-07-13,7.370422
2006-07-14,7.351175
2006-07-17,7.374267
2006-07-18,7.389661
2006-07-19,7.497430
2006-07-20,7.389661
2006-07-21,7.312689
2006-07-24,7.424306
2006-07-25,7.505127
2006-07-26,7.524372
2006-07-27,7.501278
2006-07-28,7.632138
2006-07-31,7.620591
2006-08-01,7.512827
2006-08-02,7.605193
2006-08-03,7.628288
2006-08-04,7.605193
2006-08-07,7.578255
2006-08-08,7.551311
2006-08-09,7.597497
2006-08-10,7.628288
2006-08-11,7.585956
2006-08-14,7.651380
2006-08-15,7.828426
2006-08-16,7.951584
2006-08-17,7.986226
2006-08-18,8.017015
2006-08-21,7.963131
2006-08-22,7.966980
2006-08-23,7.928492
2006-08-24,7.959283
2006-08-25,7.982377
2006-08-28,8.055505
2006-08-29,8.128629
2006-08-30,8.186363
2006-08-31,8.155569
2006-09-01,8.190209
2006-09-05,8.232547
2006-09-06,8.097838
2006-09-07,8.051652
2006-09-08,8.117081
2006-09-11,8.186363
2006-09-12,8.328767
2006-09-13,8.328767
2006-09-14,8.348010
2006-09-15,8.368834
2006-09-18,8.364979
2006-09-19,8.326411
2006-09-20,8.461394
2006-09-21,8.380409
2006-09-22,8.330272
2006-09-25,8.480677
2006-09-26,8.534671
2006-09-27,8.469109
2006-09-28,8.511530
2006-09-29,8.484535
2006-10-02,8.422832
2006-10-03,8.469109
2006-10-04,8.600230
2006-10-05,8.596378
2006-10-06,8.600230
2006-10-09,8.623373
2006-10-10,8.631083
2006-10-11,8.627228
2006-10-12,8.754496
2006-10-13,8.796919
2006-10-16,8.793067
2006-10-17,8.719782
2006-10-18,8.696648
2006-10-19,8.723646
2006-10-20,8.777636
2006-10-23,8.831631
2006-10-24,8.769924
2006-10-25,8.847053
2006-10-26,8.893332
2006-10-27,8.777636
2006-10-30,8.808488
2006-10-31,8.820059
2006-11-01,8.781495
2006-11-02,8.727500
2006-11-03,8.727500
2006-11-06,8.831631
2006-11-07,8.877908
2006-11-08,8.885621
2006-11-09,8.881764
2006-11-10,8.904903
2006-11-13,8.982035
2006-11-14,9.047599
2006-11-15,9.066879
2006-11-16,9.101590
2006-11-17,9.117017
2006-11-20,9.117017
2006-11-21,9.113163
2006-11-22,9.182579
2006-11-24,9.163301
2006-11-27,8.947326
2006-11-28,8.993608
2006-11-29,9.051456
2006-11-30,9.070738
2006-12-01,8.993608
2006-12-04,9.109303
2006-12-05,9.113163
2006-12-06,9.055305
2006-12-07,9.020603
2006-12-08,9.020603
2006-12-11,9.074594
2006-12-12,9.043740
2006-12-13,9.059168
2006-12-14,9.136298
2006-12-15,9.138241
2006-12-18,9.103330
2006-12-19,9.045155
2006-12-20,9.049029
2006-12-21,9.006363
2006-12-22,8.936549
2006-12-26,8.986969
2006-12-27,9.052911
2006-12-28,9.049029
2006-12-29,9.021878
2007-01-03,9.049029
2007-01-04,9.188663
2007-01-05,9.114967
2007-01-08,9.142121
2007-01-09,9.153753
2007-01-10,9.200299
2007-01-11,9.293386
2007-01-12,9.316662
2007-01-16,9.297271
2007-01-17,9.177028
2007-01-18,9.072303
2007-01-19,9.068422
2007-01-22,9.002487
2007-01-23,9.002487
2007-01-24,9.165390
2007-01-25,9.052911
2007-01-26,9.056786
2007-01-29,9.095576
2007-01-30,9.149875
2007-01-31,9.204178
2007-02-01,9.165390
2007-02-02,9.211937
2007-02-05,9.188663
2007-02-06,9.177028
2007-02-07,9.219692
2007-02-08,9.231329
2007-02-09,9.130485
2007-02-12,9.091692
2007-02-13,9.126603
2007-02-14,9.254602
2007-02-15,9.289510
2007-02-16,9.270115
2007-02-20,9.273992
2007-02-21,9.258479
2007-02-22,9.308903
2007-02-23,9.301144
2007-02-26,9.277874
2007-02-27,8.921034
2007-02-28,8.955941
2007-03-01,8.948187
2007-03-02,8.781397
2007-03-05,8.800793
2007-03-06,8.936549
2007-03-07,8.824066
2007-03-08,8.897758
2007-03-09,8.921034
2007-03-12,8.975338
2007-03-13,8.831822
2007-03-14,8.913272
2007-03-15,8.917156
2007-03-16,8.901638
2007-03-19,8.959823
2007-03-20,9.017997
2007-03-21,9.200299
2007-03-22,9.165390
2007-03-23,9.142121
2007-03-26,9.153753
2007-03-27,9.157634
2007-03-28,9.052911
2007-03-29,9.064540
2007-03-30,9.045155
2007-04-02,9.091692
2007-04-03,9.165390
2007-04-04,9.219692
2007-04-05,9.254602
2007-04-09,9.254602
2007-04-10,9.246844
2007-04-11,9.161511
2007-04-12,9.258479
2007-04-13,9.266232
2007-04-16,9.343812
2007-04-17,9.363203
2007-04-18,9.339935
2007-04-19,9.343812
2007-04-20,9.398116
2007-04-23,9.378718
2007-04-24,9.429143
2007-04-25,9.498959
2007-04-26,9.553260
2007-04-27,9.545502
2007-04-30,9.471809
2007-05-01,9.518353
2007-05-02,9.568775
2007-05-03,9.661868
2007-05-04,9.700656
2007-05-07,9.689016
2007-05-08,9.727802
2007-05-09,9.716165
2007-05-10,9.665742
2007-05-11,9.770470
2007-05-14,9.723923
2007-05-15,9.708412
2007-05-16,9.793737
2007-05-17,9.766593
2007-05-18,9.817014
2007-05-21,9.859676
2007-05-22,9.848045
2007-05-23,9.813137
2007-05-24,9.689016
2007-05-25,9.770470
2007-05-29,9.828654
2007-05-30,9.902349
2007-05-31,9.948890
2007-06-01,9.948890
2007-06-04,9.983800
2007-06-05,9.948890
2007-06-06,9.832533
2007-06-07,9.692900
2007-06-08,9.828654
2007-06-11,9.848045
2007-06-12,9.731685
2007-06-13,9.855802
2007-06-14,9.948890
2007-06-15,10.006336
2007-06-18,10.033507
2007-06-19,10.029626
2007-06-20,9.971399
2007-06-21,10.021861
2007-06-22,9.909303
2007-06-25,9.874367
2007-06-26,9.839437
2007-06-27,9.936470
2007-06-28,9.971399
2007-06-29,9.936470
2007-07-02,10.021861
2007-07-03,10.091725
2007-07-05,10.130545
2007-07-06,10.149945
2007-07-09,10.208169
2007-07-10,10.091725
2007-07-11,10.149945
2007-07-12,10.320729
2007-07-13,10.344020
2007-07-16,10.375070
2007-07-17,10.410004
2007-07-18,10.355666
2007-07-19,10.441054
2007-07-20,10.402239
2007-07-23,10.417765
2007-07-24,10.312968
2007-07-25,10.324610
2007-07-26,10.169355
2007-07-27,9.951998
2007-07-30,9.986925
2007-07-31,9.917062
2007-08-01,10.014096
2007-08-02,10.033507
2007-08-03,9.839437
2007-08-06,9.994692
2007-08-07,10.014096
2007-08-08,10.169355
2007-08-09,9.936470
2007-08-10,9.796741
2007-08-13,9.932592
2007-08-14,9.730750
2007-08-15,9.606550
2007-08-16,9.544442
2007-08-17,9.637598
2007-08-20,9.672529
2007-08-21,9.703587
2007-08-22,9.831671
2007-08-23,9.858837
2007-08-24,9.998570
2007-08-27,9.944231
2007-08-28,9.765684
2007-08-29,9.998570
2007-08-30,10.041266
2007-08-31,10.107252
2007-09-04,10.262510
2007-09-05,10.153832
2007-09-06,10.204287
2007-09-07,9.994692
2007-09-10,9.975287
2007-09-11,10.118893
2007-09-12,10.091725
2007-09-13,10.091725
2007-09-14,10.041266
2007-09-17,10.037388
2007-09-18,10.235335
2007-09-19,10.274156
2007-09-20,10.312968
2007-09-21,10.391917
2007-09-24,10.364694
2007-09-25,10.469701
2007-09-26,10.535818
2007-09-27,10.528044
2007-09-28,10.489146
2007-10-01,10.601935
2007-10-02,10.640828
2007-10-03,10.516374
2007-10-04,10.543595
2007-10-05,10.656384
2007-10-08,10.675830
2007-10-09,10.753613
2007-10-10,10.788615
2007-10-11,10.671940
2007-10-12,10.776952
2007-10-15,10.699162
2007-10-16,10.699162
2007-10-17,10.788615
2007-10-18,10.815838
2007-10-19,10.559152
2007-10-22,10.625273
2007-10-23,10.741950
2007-10-24,10.633050
2007-10-25,10.722502
2007-10-26,10.866400
2007-10-29,10.897514
2007-10-30,10.916961
2007-10-31,11.045303
2007-11-01,10.924740
2007-11-02,10.948072
2007-11-05,10.932516
2007-11-06,10.990854
2007-11-07,10.695274
2007-11-08,10.314134
2007-11-09,10.100226
2007-11-12,9.936881
2007-11-13,10.275244
2007-11-14,10.216906
2007-11-15,10.092450
2007-11-16,10.236351
2007-11-19,10.034113
2007-11-20,10.119672
2007-11-21,9.929109
2007-11-23,10.026333
2007-11-26,9.816320
2007-11-27,9.925214
2007-11-28,10.216906
2007-11-29,10.267463
2007-11-30,10.213013
2007-12-03,10.150792
2007-12-04,10.111895
2007-12-05,10.345251
2007-12-06,10.450257
2007-12-07,10.461924
2007-12-10,10.512486
2007-12-11,10.349137
2007-12-12,10.528044
2007-12-13,10.473591
2007-12-14,10.407476
2007-12-17,10.209125
2007-12-18,10.209125
2007-12-19,10.275244
2007-12-20,10.423033
2007-12-21,10.557046
2007-12-24,10.635190
2007-12-26,10.693800
2007-12-27,10.545327
2007-12-28,10.494532
2007-12-31,10.416387
2008-01-02,10.205404
2008-01-03,10.221036
2008-01-04,9.822509
2008-01-07,9.736549
2008-01-08,9.478680
2008-01-09,9.611523
2008-01-10,9.627154
2008-01-11,9.486493
2008-01-14,9.677946
2008-01-15,9.474771
2008-01-16,9.267695
2008-01-17,9.185648
2008-01-18,9.025457
2008-01-22,8.857452
2008-01-23,8.935590
2008-01-24,9.064523
2008-01-25,8.923871
2008-01-28,8.962939
2008-01-29,9.041081
2008-01-30,8.970755
2008-01-31,9.084063
2008-02-01,9.240343
2008-02-04,9.048896
2008-02-05,8.822285
2008-02-06,8.724607
2008-02-07,8.779305
2008-02-08,8.712886
2008-02-11,8.865266
2008-02-12,8.884799
2008-02-13,9.087971
2008-02-14,8.908241
2008-02-15,8.876983
2008-02-19,8.794936
2008-02-20,8.810562
2008-02-21,8.794936
2008-02-22,8.787121
2008-02-25,8.837910
2008-02-26,8.939496
2008-02-27,8.947309
2008-02-28,8.834003
2008-02-29,8.654278
2008-03-03,8.650373
2008-03-04,8.662091
2008-03-05,8.724607
2008-03-06,8.603487
2008-03-07,8.603487
2008-03-10,8.509713
2008-03-11,8.810562
2008-03-12,8.720700
2008-03-13,8.685534
2008-03-14,8.576135
2008-03-17,8.537062
2008-03-18,8.919964
2008-03-19,8.654278
2008-03-20,8.750422
2008-03-24,9.059167
2008-03-25,9.066979
2008-03-26,8.891114
2008-03-27,8.820767
2008-03-28,8.766049
2008-03-31,8.754326
2008-04-01,9.008360
2008-04-02,9.117789
2008-04-03,9.113878
2008-04-04,9.082612
2008-04-07,9.090434
2008-04-08,9.035712
2008-04-09,8.996635
2008-04-10,9.070889
2008-04-11,8.828582
2008-04-14,8.793408
2008-04-15,8.793408
2008-04-16,9.152961
2008-04-17,9.149055
2008-04-18,9.309292
2008-04-21,9.367913
2008-04-22,9.321015
2008-04-23,9.379641
2008-04-24,9.492973
2008-04-25,9.379641
2008-04-28,9.379641
2008-04-29,9.469527
2008-04-30,9.301473
2008-05-01,9.692292
2008-05-02,9.688384
2008-05-05,9.645394
2008-05-06,9.762638
2008-05-07,9.590680
2008-05-08,9.606315
2008-05-09,9.575047
2008-05-12,9.731374
2008-05-13,9.731374
2008-05-14,9.750917
2008-05-15,9.938512
2008-05-16,9.915057
2008-05-19,9.965861
2008-05-20,9.809536
2008-05-21,9.551598
2008-05-22,9.586769
2008-05-23,9.567223
2008-05-27,9.723559
2008-05-28,9.778274
2008-05-29,9.848620
2008-05-30,9.907237
2008-06-02,9.766545
2008-06-03,9.711833
2008-06-04,9.731374
2008-06-05,9.930688
2008-06-06,9.661027
2008-06-09,9.641487
2008-06-10,9.598498
2008-06-11,9.352278
2008-06-12,9.457802
2008-06-13,9.559413
2008-06-16,9.582865
2008-06-17,9.543780
2008-06-18,9.442169
2008-06-19,9.477339
2008-06-20,9.308417
2008-06-23,9.222197
2008-06-24,9.210432
2008-06-25,9.288824
2008-06-26,9.112454
2008-06-27,8.990952
2008-06-30,8.979193
2008-07-01,8.916483
2008-07-02,8.798905
2008-07-03,8.759715
2008-07-07,8.857698
2008-07-08,8.947842
2008-07-09,8.681323
2008-07-10,8.791067
2008-07-11,8.708758
2008-07-14,8.642128
2008-07-15,8.622536
2008-07-16,8.747953
2008-07-17,8.838097
2008-07-18,8.936081
2008-07-21,8.759715
2008-07-22,8.712682
2008-07-23,8.869452
2008-07-24,8.642128
2008-07-25,8.763628
2008-07-28,8.579423
2008-07-29,8.751872
2008-07-30,8.810662
2008-07-31,8.759715
2008-08-01,8.661726
2008-08-04,8.704842
2008-08-05,8.869452
2008-08-06,8.994870
2008-08-07,8.979193
2008-08-08,9.151648
2008-08-11,9.210432
2008-08-12,9.230031
2008-08-13,9.194754
2008-08-14,9.265303
2008-08-15,9.300581
2008-08-18,9.182995
2008-08-19,9.022304
2008-08-20,9.041902
2008-08-21,9.006629
2008-08-22,9.132049
2008-08-25,9.014466
2008-08-26,8.979193
2008-08-27,9.065420
2008-08-28,9.120294
2008-08-29,8.916483
2008-09-02,8.865532
2008-09-03,8.747953
2008-09-04,8.434408
2008-09-05,8.434408
2008-09-08,8.536309
2008-09-09,8.387372
2008-09-10,8.348186
2008-09-11,8.485357
2008-09-12,8.524551
2008-09-15,8.113025
2008-09-16,8.265872
2008-09-17,7.807310
2008-09-18,8.140454
2008-09-19,8.199836
2008-09-22,7.987469
2008-09-23,7.983540
2008-09-24,8.003202
2008-09-25,8.140852
2008-09-26,8.180180
2008-09-29,7.472276
2008-09-30,7.806564
2008-10-01,7.735772
2008-10-02,7.432952
2008-10-03,7.326763
2008-10-06,6.921688
2008-10-07,6.567738
2008-10-08,6.508749
2008-10-09,6.292445
2008-10-10,6.253117
2008-10-13,6.984613
2008-10-14,6.748649
2008-10-15,6.241316
2008-10-16,6.567738
2008-10-17,6.504815
2008-10-20,6.764377
2008-10-21,6.410427
2008-10-22,6.076141
2008-10-23,6.213788
2008-10-24,5.922762
2008-10-27,5.800846
2008-10-28,6.607066
2008-10-29,6.351435
2008-10-30,6.587405
2008-10-31,6.548075
2008-11-03,6.548075
2008-11-04,6.823368
2008-11-05,6.410427
2008-11-06,6.056476
2008-11-07,6.229521
2008-11-10,6.162663
2008-11-11,6.028948
2008-11-12,5.745790
2008-11-13,6.103672
2008-11-14,5.824443
2008-11-17,5.659268
2008-11-18,5.737922
2008-11-19,5.419367
2008-11-20,5.187333
2008-11-21,5.462627
2008-11-24,5.730057
2008-11-25,5.808710
2008-11-26,5.989620
2008-11-28,5.997483
2008-12-01,5.564882
2008-12-02,5.761520
2008-12-03,5.926695
2008-12-04,5.686797
2008-12-05,5.910964
2008-12-08,6.186258
2008-12-09,6.146931
2008-12-10,6.095805
2008-12-11,5.966025
2008-12-12,6.036815
2008-12-15,5.969954
2008-12-16,6.280646
2008-12-17,6.158731
2008-12-18,5.985688
2008-12-19,6.037483
2008-12-22,5.954451
2008-12-23,5.871422
2008-12-24,5.910960
2008-12-26,5.903054
2008-12-29,5.907006
2008-12-30,6.017714
2008-12-31,6.092835
2009-01-02,6.322158
2009-01-05,6.302388
2009-01-06,6.448681
2009-01-07,6.243082
2009-01-08,6.286574
2009-01-09,6.148190
2009-01-12,6.037483
2009-01-13,6.009806
2009-01-14,5.827929
2009-01-15,5.867469
2009-01-16,5.907006
2009-01-20,5.665823
2009-01-21,5.938637
2009-01-22,5.804207
2009-01-23,5.887239
2009-01-26,5.958405
2009-01-27,5.993991
2009-01-28,6.164003
2009-01-29,5.982131
2009-01-30,5.804207
2009-02-02,5.895145
2009-02-03,6.013759
2009-02-04,6.009806
2009-02-05,6.104697
2009-02-06,6.314250
2009-02-09,6.330064
2009-02-10,6.073067
2009-02-11,6.084931
2009-02-12,6.112606
2009-02-13,6.084931
2009-02-17,5.831883
2009-02-18,5.835837
2009-02-19,5.693498
2009-02-20,5.748854
2009-02-23,5.483947
2009-02-24,5.630239
2009-02-25,5.681639
2009-02-26,5.622332
2009-02-27,5.582793
2009-03-02,5.448363
2009-03-03,5.396963
2009-03-04,5.539301
2009-03-05,5.369287
2009-03-06,5.396963
2009-03-09,5.226951
2009-03-10,5.527441
2009-03-11,5.650006
2009-03-12,5.812113
2009-03-13,5.812113
2009-03-16,5.760715
2009-03-17,5.970267
2009-03-18,6.053299
2009-03-19,6.069115
2009-03-20,5.976524
2009-03-23,6.330186
2009-03-24,6.226870
2009-03-25,6.262632
2009-03-26,6.425558
2009-03-27,6.286479
2009-03-30,6.091763
2009-03-31,6.207001
2009-04-01,6.381848
2009-04-02,6.548745
2009-04-03,6.640140
2009-04-06,6.572589
2009-04-07,6.389794
2009-04-08,6.485165
2009-04-09,6.648088
2009-04-13,6.648088
2009-04-14,6.576561
2009-04-15,6.556693
2009-04-16,6.751405
2009-04-17,6.739482
2009-04-20,6.524901
2009-04-21,6.636166
2009-04-22,6.667957
2009-04-23,6.699749
2009-04-24,6.795119
2009-04-27,6.763328
2009-04-28,6.759353
2009-04-29,6.834856
2009-04-30,6.854722
2009-05-01,6.946119
2009-05-04,7.073280
2009-05-05,7.029568
2009-05-06,7.069305
2009-05-07,6.799090
2009-05-08,6.791142
2009-05-11,6.811010
2009-05-12,6.775249
2009-05-13,6.604379
2009-05-14,6.675903
2009-05-15,6.675903
2009-05-18,6.858696
2009-05-19,6.898434
2009-05-20,6.826907
2009-05-21,6.707695
2009-05-22,6.731540
2009-05-26,6.906383
2009-05-27,6.838825
2009-05-28,6.938170
2009-05-29,7.013674
2009-06-01,7.212360
2009-06-02,7.196467
2009-06-03,7.116991
2009-06-04,7.216336
2009-06-05,7.287862
2009-06-08,7.244153
2009-06-09,7.275942
2009-06-10,7.295812
2009-06-11,7.323626
2009-06-12,7.303754
2009-06-15,7.228258
2009-06-16,7.136860
2009-06-17,7.176597
2009-06-18,7.144804
2009-06-19,7.233027
2009-06-22,7.053396
2009-06-23,7.057389
2009-06-24,7.157181
2009-06-25,7.260968
2009-06-26,7.248992
2009-06-29,7.324835
2009-06-30,7.268949
2009-07-01,7.300885
2009-07-02,7.117262
2009-07-06,7.097304
2009-07-07,6.921669
2009-07-08,6.925660
2009-07-09,6.969568
2009-07-10,6.997515
2009-07-13,7.129241
2009-07-14,7.137221
2009-07-15,7.404668
2009-07-16,7.512443
2009-07-17,7.584295
2009-07-20,7.652158
2009-07-21,7.696068
2009-07-22,7.739976
2009-07-23,7.891661
2009-07-24,7.843760
2009-07-27,7.843760
2009-07-28,7.859729
2009-07-29,7.851743
2009-07-30,7.891661
2009-07-31,7.863717
2009-08-03,7.971493
2009-08-04,7.947546
2009-08-05,7.875694
2009-08-06,7.819814
2009-08-07,7.899647
2009-08-10,7.863717
2009-08-11,7.751949
2009-08-12,7.907626
2009-08-13,7.943552
2009-08-14,7.867711
2009-08-17,7.680099
2009-08-18,7.795861
2009-08-19,7.815820
2009-08-20,7.903634
2009-08-21,8.019395
2009-08-24,7.995443
2009-08-25,8.015408
2009-08-26,8.051331
2009-08-27,8.067295
2009-08-28,8.095242
2009-08-31,7.991451
2009-09-01,7.827793
2009-09-02,7.843760
2009-09-03,7.879685
2009-09-04,8.019395
2009-09-08,8.079275
2009-09-09,8.139149
2009-09-10,8.250914
2009-09-11,8.258899
2009-09-14,8.230959
2009-09-15,8.286842
2009-09-16,8.350710
2009-09-17,8.318778
2009-09-18,8.369658
2009-09-21,8.333604
2009-09-22,8.377672
2009-09-23,8.377672
2009-09-24,8.297543
2009-09-25,8.245454
2009-09-28,8.381680
2009-09-29,8.337614
2009-09-30,8.361648
2009-10-01,8.113244
2009-10-02,8.113244
2009-10-05,8.181353
2009-10-06,8.329594
2009-10-07,8.313568
2009-10-08,8.365652
2009-10-09,8.421742
2009-10-12,8.425753
2009-10-13,8.457805
2009-10-14,8.557967
2009-10-15,8.541943
2009-10-16,8.461812
2009-10-19,8.553959
2009-10-20,8.525915
2009-10-21,8.529922
2009-10-22,8.569985
2009-10-23,8.545950
2009-10-26,8.489858
2009-10-27,8.445784
2009-10-28,8.321582
2009-10-29,8.481842
2009-10-30,8.257476
2009-11-02,8.305556
2009-11-03,8.273502
2009-11-04,8.321582
2009-11-05,8.501873
2009-11-06,8.513895
2009-11-09,8.710218
2009-11-10,8.706211
2009-11-11,8.758295
2009-11-12,8.694193
2009-11-13,8.774320
2009-11-16,8.870476
2009-11-17,8.910542
2009-11-18,8.862464
2009-11-19,8.734258
2009-11-20,8.690185
2009-11-23,8.842430
2009-11-24,8.826403
2009-11-25,8.842430
2009-11-27,8.698195
2009-11-30,8.714224
2009-12-01,8.854454
2009-12-02,8.842430
2009-12-03,8.846440
2009-12-04,8.902529
2009-12-07,8.886510
2009-12-08,8.806377
2009-12-09,8.890511
2009-12-10,8.930577
2009-12-11,8.910542
2009-12-14,8.982663
2009-12-15,8.926569
2009-12-16,8.954615
2009-12-17,8.846440
2009-12-18,8.978729
2009-12-21,9.059142
2009-12-22,9.131520
2009-12-23,9.167708
2009-12-24,9.252150
2009-12-28,9.280299
2009-12-29,9.268236
2009-12-30,9.300400
2009-12-31,9.219982
2010-01-04,9.356692
2010-01-05,9.344625
2010-01-06,9.240088
2010-01-07,9.203898
2010-01-08,9.264210
2010-01-11,9.228022
2010-01-12,9.127503
2010-01-13,9.215961
2010-01-14,9.240088
2010-01-15,9.111416
2010-01-19,9.268236
2010-01-20,9.119462
2010-01-21,9.022956
2010-01-22,8.709327
2010-01-25,8.781700
2010-01-26,8.757576
2010-01-27,8.829955
2010-01-28,8.576636
2010-01-29,8.427857
2010-02-01,8.524364
2010-02-02,8.608802
2010-02-03,8.628903
2010-02-04,8.387650
2010-02-05,8.472089
2010-02-08,8.435903
2010-02-09,8.508279
2010-02-10,8.484150
2010-02-11,8.572615
2010-02-12,8.588697
2010-02-16,8.717367
2010-02-17,8.741491
2010-02-18,8.797783
2010-02-19,8.773660
2010-02-22,8.757576
2010-02-23,8.649012
2010-02-24,8.733446
2010-02-25,8.709327
2010-02-26,8.721388
2010-03-01,8.833972
2010-03-02,8.821913
2010-03-03,8.825929
2010-03-04,8.862120
2010-03-05,8.970686
2010-03-08,9.018937
2010-03-09,9.059142
2010-03-10,9.119462
2010-03-11,9.155646
2010-03-12,9.147607
2010-03-15,9.139564
2010-03-16,9.207919
2010-03-17,9.236066
2010-03-18,9.248130
2010-03-19,9.192871
2010-03-22,9.261442
2010-03-23,9.350183
2010-03-24,9.305814
2010-03-25,9.321948
2010-03-26,9.277575
2010-03-29,9.305814
2010-03-30,9.346148
2010-03-31,9.317912
2010-04-01,9.301775
2010-04-05,9.410687
2010-04-06,9.418754
2010-04-07,9.382450
2010-04-08,9.398587
2010-04-09,9.471188
2010-04-12,9.491368
2010-04-13,9.519600
2010-04-14,9.656744
2010-04-15,9.701113
2010-04-16,9.572035
2010-04-19,9.592209
2010-04-20,9.644642
2010-04-21,9.664811
2010-04-22,9.689013
2010-04-23,9.713219
2010-04-26,9.701113
2010-04-27,9.511530
2010-04-28,9.539767
2010-04-29,9.636577
2010-04-30,9.434891
2010-05-03,9.563972
2010-05-04,9.289675
2010-05-05,9.249342
2010-05-06,8.971010
2010-05-07,8.773358
2010-05-10,9.176733
2010-05-11,9.116225
2010-05-12,9.354216
2010-05-13,9.217069
2010-05-14,9.039584
2010-05-17,9.083960
2010-05-18,8.946810
2010-05-19,8.878237
2010-05-20,8.595874
2010-05-21,8.660412
2010-05-24,8.620080
2010-05-25,8.595874
2010-05-26,8.511168
2010-05-27,8.801598
2010-05-28,8.728988
2010-06-01,8.644278
2010-06-02,8.837898
2010-06-03,8.926641
2010-06-04,8.640243
2010-06-07,8.515199
2010-06-08,8.531332
2010-06-09,8.486960
2010-06-10,8.692685
2010-06-11,8.769324
2010-06-14,8.753192
2010-06-15,8.983115
2010-06-16,9.007315
2010-06-17,9.039584
2010-06-18,9.039183
2010-06-21,8.974415
2010-06-22,8.897503
2010-06-23,8.881306
2010-06-24,8.703195
2010-06-25,8.695103
2010-06-28,8.711294
2010-06-29,8.387450
2010-06-30,8.257916
2010-07-01,8.225531
2010-07-02,8.213388
2010-07-06,8.294349
2010-07-07,8.561515
2010-07-08,8.614142
2010-07-09,8.658667
2010-07-12,8.699147
2010-07-13,8.824635
2010-07-14,8.877261
2010-07-15,8.905593
2010-07-16,8.650574
2010-07-19,8.735580
2010-07-20,8.792253
2010-07-21,8.687007
2010-07-22,8.921789
2010-07-23,8.982508
2010-07-26,9.039183
2010-07-27,9.063469
2010-07-28,8.990604
2010-07-29,8.909643
2010-07-30,8.873209
2010-08-02,9.059423
2010-08-03,9.010843
2010-08-04,9.083706
2010-08-05,9.043230
2010-08-06,9.018939
2010-08-09,9.079662
2010-08-10,8.986553
2010-08-11,8.772013
2010-08-12,8.650574
2010-08-13,8.610092
2010-08-16,8.626284
2010-08-17,8.719387
2010-08-18,8.767966
2010-08-19,8.662716
2010-08-20,8.642478
2010-08-23,8.565566
2010-08-24,8.448171
2010-08-25,8.500793
2010-08-26,8.415791
2010-08-27,8.516992
2010-08-30,8.403646
2010-08-31,8.375306
2010-09-01,8.589849
2010-09-02,8.666765
2010-09-03,8.796300
2010-09-07,8.723434
2010-09-08,8.772013
2010-09-09,8.796300
2010-09-10,8.800349
2010-09-13,8.958221
2010-09-14,8.994652
2010-09-15,9.051323
2010-09-16,9.103948
2010-09-17,9.153111
2010-09-20,9.287173
2010-09-21,9.270918
2010-09-22,9.226233
2010-09-23,9.214046
2010-09-24,9.392797
2010-09-27,9.396864
2010-09-28,9.409049
2010-09-29,9.388739
2010-09-30,9.352176
2010-10-01,9.356236
2010-10-04,9.279049
2010-10-05,9.461864
2010-10-06,9.417174
2010-10-07,9.417174
2010-10-08,9.469992
2010-10-11,9.486244
2010-10-12,9.543119
2010-10-13,9.620311
2010-10-14,9.624373
2010-10-15,9.786876
2010-10-18,9.851877
2010-10-19,9.677186
2010-10-20,9.758441
2010-10-21,9.766562
2010-10-22,9.795003
2010-10-25,9.823438
2010-10-26,9.847812
2010-10-27,9.876252
2010-10-28,9.876252
2010-10-29,9.892503
2010-11-01,9.900633
2010-11-02,9.998129
2010-11-03,10.055010
2010-11-04,10.205329
2010-11-05,10.197201
2010-11-08,10.205329
2010-11-09,10.176887
2010-11-10,10.185014
2010-11-11,10.030634
2010-11-12,9.888445
2010-11-15,9.860000
2010-11-16,9.681245
2010-11-17,9.685313
2010-11-18,9.847812
2010-11-19,9.876252
2010-11-22,9.933131
2010-11-23,9.786876
2010-11-24,9.949378
2010-11-26,9.851877
2010-11-29,9.827504
2010-11-30,9.730000
2010-12-01,9.937189
2010-12-02,10.055010
2010-12-03,10.079384
2010-12-06,10.079384
2010-12-07,10.091573
2010-12-08,10.176887
2010-12-09,10.185014
2010-12-10,10.233765
2010-12-13,10.213449
2010-12-14,10.229705
2010-12-15,10.189075
2010-12-16,10.205329
2010-12-17,10.225711
2010-12-20,10.233868
2010-12-21,10.295022
2010-12-22,10.282798
2010-12-23,10.278714
2010-12-27,10.299106
2010-12-28,10.286869
2010-12-29,10.307261
2010-12-30,10.282798
2010-12-31,10.270561
2011-01-03,10.384723
2011-01-04,10.425499
2011-01-05,10.486657
2011-01-06,10.547812
2011-01-07,10.498891
2011-01-10,10.507041
2011-01-11,10.490731
2011-01-12,10.584509
2011-01-13,10.576355
2011-01-14,10.670131
2011-01-18,10.682368
2011-01-19,10.604897
2011-01-20,10.547812
2011-01-21,10.486657
2011-01-24,10.633435
2011-01-25,10.682368
2011-01-26,10.743522
2011-01-27,10.780216
2011-01-28,10.531507
2011-01-31,10.596745
2011-02-01,10.776140
2011-02-02,10.796523
2011-02-03,10.812838
2011-02-04,10.882148
2011-02-07,10.935151
2011-02-08,10.980002
2011-02-09,10.959615
2011-02-10,10.910689
2011-02-11,10.967771
2011-02-14,10.984076
2011-02-15,10.943303
2011-02-16,11.004465
2011-02-17,11.024851
2011-02-18,11.008539
2011-02-22,10.739446
2011-02-23,10.613054
2011-02-24,10.649743
2011-02-25,10.784294
2011-02-28,10.829146
2011-03-01,10.621208
2011-03-02,10.686441
2011-03-03,10.857686
2011-03-04,10.772061
2011-03-07,10.633435
2011-03-08,10.723137
2011-03-09,10.678285
2011-03-10,10.478500
2011-03-11,10.519272
2011-03-14,10.470346
2011-03-15,10.315412
2011-03-16,10.062622
2011-03-17,10.168633
2011-03-18,10.186633
2011-03-21,10.358458
2011-03-22,10.342094
2011-03-23,10.399362
2011-03-24,10.563006
2011-03-25,10.587553
2011-03-28,10.563006
2011-03-29,10.636644
2011-03-30,10.681643
2011-03-31,10.661188
2011-04-01,10.640736
2011-04-04,10.603915
2011-04-05,10.587553
2011-04-06,10.665280
2011-04-07,10.669371
2011-04-08,10.608007
2011-04-11,10.591641
2011-04-12,10.505731
2011-04-13,10.571188
2011-04-14,10.550733
2011-04-15,10.530281
2011-04-18,10.436182
2011-04-19,10.464821
2011-04-20,10.685734
2011-04-21,10.779829
2011-04-25,10.788008
2011-04-26,10.878016
2011-04-27,10.943468
2011-04-28,10.947561
2011-04-29,10.939380
2011-05-02,10.898469
2011-05-03,10.902561
2011-05-04,10.869833
2011-05-05,10.812558
2011-05-06,10.833010
2011-05-09,10.878016
2011-05-10,10.976196
2011-05-11,10.878016
2011-05-12,10.959830
2011-05-13,10.824833
2011-05-16,10.669371
2011-05-17,10.669371
2011-05-18,10.747099
2011-05-19,10.767557
2011-05-20,10.706190
2011-05-23,10.554821
2011-05-24,10.522097
2011-05-25,10.554821
2011-05-26,10.624371
2011-05-27,10.677552
2011-05-31,10.824833
2011-06-01,10.599823
2011-06-02,10.608007
2011-06-03,10.448456
2011-06-06,10.370732
2011-06-07,10.337999
2011-06-08,10.268453
2011-06-09,10.276637
2011-06-10,10.133449
2011-06-13,10.141630
2011-06-14,10.268453
2011-06-15,10.076175
2011-06-16,10.051628
2011-06-17,10.042593
2011-06-20,10.079556
2011-06-21,10.260285
2011-06-22,10.186356
2011-06-23,10.256176
2011-06-24,10.079556
2011-06-27,10.215107
2011-06-28,10.342432
2011-06-29,10.424578
2011-06-30,10.556021
2011-07-01,10.728528
2011-07-05,10.744957
2011-07-06,10.794246
2011-07-07,10.925682
2011-07-08,10.872285
2011-07-11,10.691563
2011-07-12,10.597088
2011-07-13,10.621736
2011-07-14,10.531376
2011-07-15,10.646381
2011-07-18,10.609413
2011-07-19,10.864074
2011-07-20,10.831213
2011-07-21,10.880504
2011-07-22,10.974967
2011-07-25,10.946218
2011-07-26,10.995508
2011-07-27,10.703882
2011-07-28,10.687453
2011-07-29,10.601201
2011-08-01,10.592981
2011-08-02,10.371181
2011-08-03,10.477975
2011-08-04,10.054915
2011-08-05,9.993303
2011-08-08,9.430592
2011-08-09,9.861866
2011-08-10,9.475769
2011-08-11,9.837225
2011-08-12,9.907047
2011-08-15,10.083664
2011-08-16,10.009736
2011-08-17,9.964550
2011-08-18,9.479879
2011-08-19,9.249865
2011-08-22,9.299150
2011-08-23,9.640069
2011-08-24,9.726320
2011-08-25,9.586669
2011-08-26,9.775608
2011-08-29,10.022055
2011-08-30,10.063128
2011-08-31,10.038485
2011-09-01,9.927587
2011-09-02,9.701675
2011-09-06,9.656498
2011-09-07,9.907047
2011-09-08,9.857759
2011-09-09,9.648278
2011-09-12,9.763288
2011-09-13,9.878296
2011-09-14,10.026163
2011-09-15,10.186356
2011-09-16,10.299326
2011-09-19,10.274583
2011-09-20,10.249840
2011-09-21,10.097294
2011-09-22,9.783945
2011-09-23,9.895266
2011-09-26,10.018956
2011-09-27,10.146771
2011-09-28,10.002465
2011-09-29,9.981851
2011-09-30,9.730345
2011-10-03,9.511823
2011-10-04,9.705606
2011-10-05,9.907636
2011-10-06,10.056063
2011-10-07,10.018956
2011-10-10,10.328179
2011-10-11,10.373538
2011-10-12,10.418890
2011-10-13,10.534336
2011-10-14,10.719870
2011-10-17,10.550827
2011-10-18,10.645656
2011-10-19,10.439508
2011-10-20,10.394153
2011-10-21,10.526088
2011-10-24,10.691007
2011-10-25,10.521964
2011-10-26,10.567316
2011-10-27,10.880666
2011-10-28,10.917773
2011-10-31,10.723994
2011-11-01,10.427135
2011-11-02,10.554949
2011-11-03,10.806453
2011-11-04,10.740484
2011-11-07,10.806453
2011-11-08,10.930147
2011-11-09,10.550827
2011-11-10,10.583807
2011-11-11,10.785840
2011-11-14,10.703380
2011-11-15,10.847683
2011-11-16,10.686887
2011-11-17,10.480737
2011-11-18,10.394153
2011-11-21,10.212739
2011-11-22,10.196248
2011-11-23,9.952986
2011-11-25,9.899386
2011-11-28,10.225109
2011-11-29,10.171510
2011-11-30,10.563194
2011-12-01,10.620916
2011-12-02,10.612673
2011-12-05,10.732238
2011-12-06,10.728115
2011-12-07,10.740484
2011-12-08,10.571441
2011-12-09,10.736363
2011-12-12,10.600302
2011-12-13,10.501348
2011-12-14,10.340550
2011-12-15,10.315812
2011-12-16,10.344387
2011-12-19,10.245003
2011-12-20,10.534878
2011-12-21,10.360950
2011-12-22,10.481044
2011-12-23,10.584571
2011-12-27,10.601132
2011-12-28,10.493465
2011-12-29,10.572145
2011-12-30,10.539018
2012-01-03,10.688099
2012-01-04,10.717085
2012-01-05,10.750214
2012-01-06,10.754352
2012-01-09,10.737785
2012-01-10,10.775060
2012-01-11,10.808184
2012-01-12,10.862018
2012-01-13,10.799903
2012-01-17,10.849602
2012-01-18,11.006957
2012-01-19,11.085636
2012-01-20,11.098063
2012-01-23,11.135333
2012-01-24,11.127051
2012-01-25,11.214015
2012-01-26,11.139472
2012-01-27,11.139472
2012-01-30,11.172602
2012-01-31,11.193306
2012-02-01,11.305112
2012-02-02,11.334104
2012-02-03,11.479042
2012-02-06,11.483182
2012-02-07,11.512168
2012-02-08,11.582565
2012-02-09,11.694375
2012-02-10,11.607412
2012-02-13,11.681950
2012-02-14,11.702656
2012-02-15,11.640541
2012-02-16,11.810325
2012-02-17,11.810325
2012-02-21,11.860017
2012-02-22,11.818609
2012-02-23,11.864156
2012-02-24,11.934556
2012-02-27,11.955267
2012-02-28,12.042222
2012-02-29,11.988394
2012-03-01,12.058790
2012-03-02,12.042222
2012-03-05,11.938697
2012-03-06,11.822748
2012-03-07,11.909708
2012-03-08,12.029801
2012-03-09,12.083634
2012-03-12,12.100199
2012-03-13,12.340382
2012-03-14,12.385934
2012-03-15,12.419065
2012-03-16,12.413246
2012-03-19,12.504641
2012-03-20,12.492182
2012-03-21,12.488024
2012-03-22,12.458948
2012-03-23,12.458948
2012-03-26,12.641736
2012-03-27,12.637583
2012-03-28,12.591884
2012-03-29,12.566957
2012-03-30,12.529567
2012-04-02,12.662505
2012-04-03,12.654199
2012-04-04,12.504641
2012-04-05,12.533727
2012-04-09,12.446481
2012-04-10,12.271996
2012-04-11,12.342624
2012-04-12,12.496333
2012-04-13,12.301082
2012-04-16,12.172296
2012-04-17,12.438171
2012-04-18,12.346779
2012-04-19,12.209683
2012-04-20,12.163984
2012-04-23,12.068435
2012-04-24,12.043507
2012-04-25,12.384165
2012-04-26,12.479716
2012-04-27,12.475562
2012-04-30,12.388322
2012-05-01,12.429865
2012-05-02,12.438171
2012-05-03,12.334315
2012-05-04,12.076745
2012-05-07,12.043507
2012-05-08,12.001966
2012-05-09,12.001966
2012-05-10,11.910567
2012-05-11,11.918878
2012-05-14,11.815017
2012-05-15,11.781780
2012-05-16,11.686231
2012-05-17,11.520058
2012-05-18,11.412045
2012-05-21,11.694542
2012-05-22,11.657150
2012-05-23,11.669616
2012-05-24,11.603143
2012-05-25,11.578218
2012-05-29,11.731929
2012-05-30,11.657150
2012-05-31,11.603143
2012-06-01,11.299876
2012-06-04,11.366345
2012-06-05,11.436968
2012-06-06,11.698694
2012-06-07,11.640536
2012-06-08,11.769320
2012-06-11,11.603143
2012-06-12,11.719466
2012-06-13,11.648844
2012-06-14,11.707008
2012-06-15,11.831703
2012-06-18,11.919283
2012-06-19,12.011033
2012-06-20,12.031889
2012-06-21,11.748291
2012-06-22,11.877576
2012-06-25,11.635685
2012-06-26,11.681562
2012-06-27,11.752464
2012-06-28,11.656545
2012-06-29,11.981838
2012-07-02,12.048570
2012-07-03,12.144490
2012-07-05,12.144490
2012-07-06,11.965159
2012-07-09,11.940132
2012-07-10,11.806675
2012-07-11,11.752464
2012-07-12,11.635685
2012-07-13,11.789995
2012-07-16,11.777486
2012-07-17,11.823358
2012-07-18,12.027717
2012-07-19,12.131979
2012-07-20,11.994349
2012-07-23,11.877576
2012-07-24,11.756633
2012-07-25,11.710758
2012-07-26,11.890085
2012-07-27,12.148660
2012-07-30,12.152829
2012-07-31,12.202875
2012-08-01,12.161167
2012-08-02,12.081933
2012-08-03,12.319649
2012-08-06,12.407229
2012-08-07,12.490639
2012-08-08,12.494810
2012-08-09,12.536515
2012-08-10,12.565708
2012-08-13,12.603242
2012-08-14,12.578219
2012-08-15,12.582393
2012-08-16,12.753380
2012-08-17,12.824279
2012-08-20,12.836792
2012-08-21,12.753380
2012-08-22,12.774233
2012-08-23,12.669971
2012-08-24,12.749210
2012-08-27,12.761724
2012-08-28,12.732529
2012-08-29,12.757547
2012-08-30,12.615754
2012-08-31,12.715847
2012-09-04,12.715847
2012-09-05,12.703335
2012-09-06,12.986932
2012-09-07,12.966078
2012-09-10,12.828450
2012-09-11,12.861818
2012-09-12,12.932714
2012-09-13,13.107876
2012-09-14,13.170434
2012-09-17,13.182943
2012-09-18,13.191283
2012-09-19,13.203794
2012-09-20,13.178772
2012-09-21,13.195523
2012-09-24,13.111769
2012-09-25,12.927504
2012-09-26,12.835377
2012-09-27,13.002889
2012-09-28,12.910759
2012-10-01,12.881444
2012-10-02,12.898193
2012-10-03,12.965198
2012-10-04,13.002889
2012-10-05,12.935884
2012-10-08,12.801876
2012-10-09,12.638556
2012-10-10,12.588303
2012-10-11,12.538048
2012-10-12,12.529676
2012-10-15,12.592492
2012-10-16,12.764184
2012-10-17,12.697185
2012-10-18,12.550615
2012-10-19,12.265847
2012-10-22,12.349600
2012-10-23,12.215600
2012-10-24,12.144406
2012-10-25,12.119281
2012-10-26,12.140216
2012-10-31,12.089966
2012-11-01,12.286787
2012-11-02,12.127653
2012-11-05,12.194658
2012-11-06,12.249098
2012-11-07,11.943392
2012-11-08,11.771697
2012-11-09,11.826138
2012-11-12,11.809388
2012-11-13,11.750756
2012-11-14,11.633500
2012-11-15,11.566498
2012-11-16,11.583250
2012-11-19,11.901517
2012-11-20,11.851262
2012-11-21,11.888955
2012-11-23,12.081592
2012-11-26,12.136028
2012-11-27,12.081592
2012-11-28,12.152781
2012-11-29,12.211404
2012-11-30,12.198844
2012-12-03,12.182096
2012-12-04,12.161155
2012-12-05,12.039709
2012-12-06,12.110905
2012-12-07,12.048090
2012-12-10,12.077400
2012-12-11,12.240721
2012-12-12,12.219785
2012-12-13,12.131843
2012-12-14,12.014586
2012-12-17,12.161155
2012-12-18,12.341228
2012-12-19,12.278411
2012-12-20,12.299348
2012-12-21,12.193213
2012-12-24,12.159519
2012-12-26,12.092127
2012-12-27,12.079494
2012-12-28,11.944714
2012-12-31,12.151098
2013-01-02,12.555428
2013-01-03,12.475405
2013-01-04,12.424861
2013-01-07,12.408013
2013-01-08,12.361684
2013-01-09,12.382742
2013-01-10,12.445922
2013-01-11,12.462770
2013-01-14,12.382742
2013-01-15,12.302719
2013-01-16,12.344839
2013-01-17,12.395377
2013-01-18,12.378533
2013-01-22,12.412229
2013-01-23,12.542794
2013-01-24,12.327991
2013-01-25,12.340630
2013-01-28,12.382742
2013-01-29,12.399590
2013-01-30,12.361684
2013-01-31,12.382742
2013-02-01,12.521732
2013-02-04,12.357471
2013-02-05,12.500674
2013-02-06,12.496467
2013-02-07,12.496467
2013-02-08,12.605968
2013-02-11,12.631245
2013-02-12,12.589124
2013-02-13,12.584910
2013-02-14,12.551215
2013-02-15,12.542794
2013-02-19,12.627028
2013-02-20,12.454346
2013-02-21,12.353260
2013-02-22,12.504891
2013-02-25,12.327991
2013-02-26,12.399590
2013-02-27,12.504891
2013-02-28,12.479615
2013-03-01,12.500674
2013-03-04,12.538582
2013-03-05,12.711267
2013-03-06,12.702841
2013-03-07,12.732326
2013-03-08,12.757596
2013-03-11,12.787078
2013-03-12,12.740747
2013-03-13,12.732326
2013-03-14,12.824985
2013-03-15,12.771702
2013-03-18,12.775928
2013-03-19,12.759015
2013-03-20,12.822449
2013-03-21,12.678660
2013-03-22,12.759015
2013-03-25,12.729410
2013-03-26,12.809758
2013-03-27,12.775928
2013-03-28,12.801300
2013-04-01,12.716722
2013-04-02,12.767468
2013-04-03,12.665974
2013-04-04,12.670201
2013-04-05,12.572933
2013-04-08,12.627913
2013-04-09,12.716722
2013-04-10,12.940862
2013-04-11,12.898571
2013-04-12,12.843595
2013-04-15,12.632138
2013-04-16,12.788613
2013-04-17,12.526414
2013-04-18,12.395318
2013-04-19,12.412230
2013-04-22,12.509499
2013-04-23,12.644829
2013-04-24,12.665974
2013-04-25,12.708261
2013-04-26,12.704034
2013-04-29,12.885885
2013-04-30,13.025441
2013-05-01,12.911257
2013-05-02,13.076189
2013-05-03,13.198834
2013-05-06,13.262269
2013-05-07,13.253813
2013-05-08,13.359533
2013-05-09,13.321475
2013-05-10,13.359533
2013-05-13,13.325703
2013-05-14,13.367993
2013-05-15,13.410282
2013-05-16,13.482177
2013-05-17,13.617508
2013-05-20,13.617508
2013-05-21,13.575216
2013-05-22,13.427201
2013-05-23,13.422969
2013-05-24,13.401824
2013-05-28,13.465263
2013-05-29,13.431431
2013-05-30,13.516012
2013-05-31,13.389137
2013-06-03,13.456803
2013-06-04,13.397598
2013-06-05,13.266496
2013-06-06,13.296103
2013-06-07,13.418741
2013-06-10,13.448345
2013-06-11,13.308783
2013-06-12,13.219976
2013-06-13,13.372224
2013-06-14,13.270728
2013-06-17,13.393368
2013-06-18,13.499092
2013-06-19,13.342619
2013-06-20,13.046587
2013-06-21,12.967952
2013-06-24,12.810688
2013-06-25,12.916945
2013-06-26,12.993457
2013-06-27,13.057212
2013-06-28,13.001954
2013-07-01,13.069964
2013-07-02,13.091216
2013-07-03,13.167725
2013-07-05,13.252732
2013-07-08,13.244226
2013-07-09,13.295234
2013-07-10,13.337741
2013-07-11,13.563012
2013-07-12,13.571509
2013-07-15,13.609762
2013-07-16,13.618265
2013-07-17,13.631016
2013-07-18,13.597013
2013-07-19,13.367491
2013-07-22,13.405747
2013-07-23,13.350490
2013-07-24,13.439749
2013-07-25,13.448246
2013-07-26,13.486503
2013-07-29,13.465252
2013-07-30,13.533258
2013-07-31,13.486503
2013-08-01,13.631016
2013-08-02,13.690525
2013-08-05,13.720276
2013-08-06,13.648016
2013-08-07,13.614013
2013-08-08,13.656522
2013-08-09,13.588514
2013-08-12,13.677770
2013-08-13,13.771278
2013-08-14,13.758528
2013-08-15,13.537509
2013-08-16,13.524755
2013-08-19,13.482253
2013-08-20,13.503505
2013-08-21,13.473752
2013-08-22,13.533258
2013-08-23,13.631016
2013-08-26,13.567259
2013-08-27,13.329239
2013-08-28,13.337741
2013-08-29,13.409995
2013-08-30,13.346238
2013-09-03,13.358993
2013-09-04,13.486503
2013-09-05,13.495005
2013-09-06,13.503505
2013-09-09,13.665022
2013-09-10,13.750028
2013-09-11,13.686272
2013-09-12,13.699021
2013-09-13,13.711779
2013-09-16,13.690525
2013-09-17,13.758528
2013-09-18,13.932794
2013-09-19,13.941293
2013-09-20,13.842210
2013-09-23,13.884916
2013-09-24,13.825121
2013-09-25,13.803768
2013-09-26,13.855022
2013-09-27,13.769603
2013-09-30,13.684182
2013-10-01,13.803768
2013-10-02,13.808041
2013-10-03,13.688456
2013-10-04,13.743975
2013-10-07,13.684182
2013-10-08,13.466363
2013-10-09,13.517618
2013-10-10,13.743975
2013-10-11,13.859296
2013-10-14,13.906275
2013-10-15,13.820853
2013-10-16,13.953251
2013-10-17,13.957521
2013-10-18,14.196697
2013-10-21,14.273576
2013-10-22,14.269307
2013-10-23,14.200974
2013-10-24,14.235143
2013-10-25,14.307744
2013-10-28,14.354727
2013-10-29,14.448686
2013-10-30,14.418793
2013-10-31,14.371806
2013-11-01,14.376077
2013-11-04,14.431605
2013-11-05,14.393161
2013-11-06,14.538376
2013-11-07,14.350459
2013-11-08,14.478581
2013-11-11,14.495670
2013-11-12,14.534110
2013-11-13,14.657965
2013-11-14,14.619526
2013-11-15,14.649421
2013-11-18,14.593898
2013-11-19,14.542647
2013-11-20,14.495670
2013-11-21,14.619526
2013-11-22,14.589634
2013-11-25,14.589634
2013-11-26,14.640879
2013-11-27,14.756199
2013-11-29,14.815988
2013-12-02,14.769003
2013-12-03,14.803177
2013-12-04,14.815988
2013-12-05,14.769003
2013-12-06,14.871513
2013-12-09,14.918500
2013-12-10,14.888597
2013-12-11,14.751925
2013-12-12,14.653692
2013-12-13,14.606713
2013-12-16,14.751925
2013-12-17,14.747650
2013-12-18,14.862969
2013-12-19,14.888597
2013-12-20,15.004911
2013-12-23,15.202337
2013-12-24,15.245266
2013-12-26,15.283890
2013-12-27,15.271012
2013-12-30,15.240973
2013-12-31,15.339690
2014-01-02,15.189472
2014-01-03,15.116507
2014-01-06,15.090755
2014-01-07,15.228097
2014-01-08,15.228097
2014-01-09,15.129381
2014-01-10,15.159425
2014-01-13,14.996320
2014-01-14,15.249553
2014-01-15,15.434110
2014-01-16,15.429816
2014-01-17,15.343983
2014-01-21,15.421239
2014-01-22,15.404066
2014-01-23,15.374019
2014-01-24,15.077872
2014-01-27,14.936235
2014-01-28,14.846106
2014-01-29,14.730221
2014-01-30,14.910482
2014-01-31,14.944824
2014-02-03,14.631503
2014-02-04,14.687297
2014-02-05,14.700178
2014-02-06,14.863276
2014-02-07,15.064999
2014-02-10,15.095042
2014-02-11,15.279601
2014-02-12,15.339690
2014-02-13,15.451279
2014-02-14,15.481326
2014-02-18,15.489906
2014-02-19,15.438407
2014-02-20,15.489906
2014-02-21,15.429816
2014-02-24,15.489906
2014-02-25,15.446990
2014-02-26,15.459872
2014-02-27,15.584334
2014-02-28,15.601500
2014-03-03,15.434110
2014-03-04,15.635840
2014-03-05,15.657295
2014-03-06,15.678760
2014-03-07,15.631540
2014-03-10,15.605798
2014-03-11,15.571453
2014-03-12,15.597215
2014-03-13,15.386893
2014-03-14,15.292471
2014-03-17,15.472737
2014-03-18,15.674459
2014-03-19,15.610090
2014-03-20,15.730262
2014-03-21,15.651382
2014-03-24,15.638444
2014-03-25,15.733276
2014-03-26,15.543621
2014-03-27,15.487584
2014-03-28,15.547931
2014-03-31,15.668622
2014-04-01,15.853967
2014-04-02,15.862595
2014-04-03,15.785008
2014-04-04,15.483273
2014-04-07,15.362576
2014-04-08,15.500510
2014-04-09,15.707413
2014-04-10,15.345337
2014-04-11,15.172915
2014-04-14,15.323777
2014-04-15,15.401374
2014-04-16,15.552238
2014-04-17,15.530686
2014-04-21,15.591026
2014-04-22,15.655687
2014-04-23,15.487584
2014-04-24,15.608277
2014-04-25,15.409994
2014-04-28,15.556548
2014-04-29,15.664315
2014-04-30,15.711718
2014-05-01,15.728963
2014-05-02,15.685866
2014-05-05,15.767763
2014-05-06,15.591026
2014-05-07,15.599653
2014-05-08,15.642759
2014-05-09,15.660001
2014-05-12,15.871211
2014-05-13,15.879841
2014-05-14,15.806554
2014-05-15,15.711718
2014-05-16,15.810868
2014-05-19,15.914323
2014-05-20,15.823799
2014-05-21,15.931559
2014-05-22,15.961741
2014-05-23,16.095360
2014-05-27,16.233295
2014-05-28,16.190189
2014-05-29,16.285019
2014-05-30,16.302269
2014-06-02,16.276402
2014-06-03,16.250540
2014-06-04,16.280710
2014-06-05,16.388474
2014-06-06,16.461750
2014-06-09,16.513477
2014-06-10,16.522093
2014-06-11,16.483301
2014-06-12,16.341057
2014-06-13,16.435886
2014-06-16,16.435886
2014-06-17,16.474686
2014-06-18,16.560892
2014-06-19,16.530718
2014-06-20,16.494337
2014-06-23,16.541977
2014-06-24,16.455362
2014-06-25,16.520317
2014-06-26,16.503008
2014-06-27,16.602608
2014-06-30,16.606937
2014-07-01,16.775814
2014-07-02,16.793144
2014-07-03,16.866756
2014-07-07,16.884083
2014-07-08,16.732517
2014-07-09,16.814795
2014-07-10,16.767162
2014-07-11,16.853767
2014-07-14,16.975016
2014-07-15,16.944702
2014-07-16,17.100601
2014-07-17,16.879745
2014-07-18,17.083265
2014-07-21,17.061619
2014-07-22,17.204517
2014-07-23,17.234842
2014-07-24,17.221840
2014-07-25,17.200188
2014-07-28,17.230505
2014-07-29,17.195871
2014-07-30,17.213184
2014-07-31,16.888409
2014-08-01,16.797468
2014-08-04,16.918715
2014-08-05,16.758497
2014-08-06,16.706537
2014-08-07,16.637243
2014-08-08,16.745510
2014-08-11,16.827782
2014-08-12,16.819128
2014-08-13,16.983675
2014-08-14,17.013988
2014-08-15,17.013988
2014-08-18,17.174213
2014-08-19,17.282469
2014-08-20,17.282469
2014-08-21,17.364744
2014-08-22,17.369078
2014-08-25,17.386400
2014-08-26,17.395060
2014-08-27,17.390730
2014-08-28,17.364744
2014-08-29,17.442694
2014-09-02,17.447027
2014-09-03,17.351751
2014-09-04,17.343092
2014-09-05,17.447027
2014-09-08,17.473005
2014-09-09,17.347424
2014-09-10,17.451355
2014-09-11,17.490330
2014-09-12,17.416710
2014-09-15,17.312784
2014-09-16,17.442694
2014-09-17,17.477339
2014-09-18,17.581263
2014-09-19,17.543865
2014-09-22,17.426435
2014-09-23,17.387300
2014-09-24,17.500368
2014-09-25,17.117664
2014-09-26,17.304667
2014-09-29,17.300318
2014-09-30,17.352505
2014-10-01,17.082867
2014-10-02,17.074169
2014-10-03,17.213343
2014-10-06,17.217686
2014-10-07,16.948051
2014-10-08,17.269884
2014-10-09,16.982840
2014-10-10,16.547939
2014-10-13,16.365278
2014-10-14,16.391378
2014-10-15,16.278307
2014-10-16,16.182625
2014-10-17,16.373983
2014-10-20,16.491409
2014-10-21,16.813227
2014-10-22,16.734945
2014-10-23,16.921957
2014-10-24,17.069824
2014-10-27,17.087219
2014-10-28,17.322069
2014-10-29,17.304667
2014-10-30,17.361208
2014-10-31,17.630842
2014-11-03,17.704773
2014-11-04,17.700422
2014-11-05,17.748262
2014-11-06,17.739567
2014-11-07,17.761312
2014-11-10,17.809156
2014-11-11,17.817850
2014-11-12,17.874386
2014-11-13,17.970066
2014-11-14,18.096178
2014-11-17,18.061398
2014-11-18,18.122282
2014-11-19,18.004854
2014-11-20,18.096178
2014-11-21,18.122282
2014-11-24,18.217958
2014-11-25,18.226654
2014-11-26,18.391920
2014-11-28,18.478897
2014-12-01,18.270142
2014-12-02,18.274498
2014-12-03,18.339731
2014-12-04,18.339731
2014-12-05,18.317982
2014-12-08,18.130974
2014-12-09,18.126627
2014-12-10,17.852642
2014-12-11,17.930927
2014-12-12,17.665632
2014-12-15,17.556910
2014-12-16,17.322069
2014-12-17,17.648241
2014-12-18,18.152719
2014-12-19,18.172834
2014-12-22,18.391413
2014-12-23,18.439507
2014-12-24,18.422014
2014-12-26,18.500708
2014-12-29,18.408899
2014-12-30,18.277754
2014-12-31,18.076654
2015-01-02,18.041687
2015-01-05,17.766272
2015-01-06,17.552065
2015-01-07,17.700691
2015-01-08,18.089769
2015-01-09,18.032940
2015-01-12,17.823103
2015-01-13,17.809990
2015-01-14,17.709440
2015-01-15,17.482117
2015-01-16,17.652617
2015-01-20,17.801245
2015-01-21,17.831846
2015-01-22,18.124741
2015-01-23,18.120373
2015-01-26,18.046051
2015-01-27,17.525835
2015-01-28,17.495230
2015-01-29,17.661352
2015-01-30,17.442774
2015-02-02,17.622004
2015-02-03,17.823103
2015-02-04,17.858080
2015-02-05,18.024199
2015-02-06,17.967365
2015-02-09,17.941135
2015-02-10,18.207806
2015-02-11,18.277754
2015-02-12,18.526936
2015-02-13,18.644966
2015-02-17,18.653708
2015-02-18,18.671200
2015-02-19,18.736771
2015-02-20,18.832941
2015-02-23,18.846058
2015-02-24,18.902893
2015-02-25,18.784859
2015-02-26,18.902893
2015-02-27,18.837313
2015-03-02,18.985950
2015-03-03,18.859177
2015-03-04,18.784859
2015-03-05,18.763004
2015-03-06,18.531303
2015-03-09,18.618738
2015-03-10,18.238413
2015-03-11,18.120373
2015-03-12,18.238413
2015-03-13,18.137861
2015-03-16,18.352066
2015-03-17,18.356441
2015-03-18,18.605621
2015-03-19,18.553158
2015-03-20,18.672997
2015-03-23,18.672997
2015-03-24,18.611549
2015-03-25,18.133087
2015-03-26,18.146252
2015-03-27,18.159424
2015-03-30,18.378899
2015-03-31,18.190145
2015-04-01,18.163811
2015-04-02,18.159424
2015-04-06,18.335012
2015-04-07,18.295494
2015-04-08,18.352568
2015-04-09,18.400848
2015-04-10,18.471069
2015-04-13,18.418409
2015-04-14,18.361341
2015-04-15,18.523754
2015-04-16,18.457916
2015-04-17,18.203316
2015-04-20,18.514971
2015-04-21,18.506195
2015-04-22,18.694944
2015-04-23,18.769564
2015-04-24,18.931973
2015-04-27,18.984650
2015-04-28,19.046106
2015-04-29,18.953926
2015-04-30,18.690559
2015-05-01,18.918806
2015-05-04,18.936369
2015-05-05,18.642269
2015-05-06,18.484245
2015-05-07,18.620321
2015-05-08,18.888081
2015-05-11,18.791515
2015-05-12,18.690559
2015-05-13,18.769564
2015-05-14,19.072445
2015-05-15,19.010988
2015-05-18,19.103168
2015-05-19,19.054884
2015-05-20,19.068056
2015-05-21,19.151455
2015-05-22,19.138283
2015-05-26,18.861748
2015-05-27,19.217295
2015-05-28,19.177799
2015-05-29,19.037323
2015-06-01,19.090004
2015-06-02,19.050507
2015-06-03,19.090004
2015-06-04,18.914415
2015-06-05,18.852968
2015-06-08,18.642269
2015-06-09,18.598366
2015-06-10,18.888081
2015-06-11,18.896858
2015-06-12,18.730061
2015-06-15,18.615936
2015-06-16,18.738836
2015-06-17,18.747622
2015-06-18,18.914415
2015-06-19,18.757010
2015-06-22,18.911329
2015-06-23,18.924564
2015-06-24,18.836370
2015-06-25,18.792288
2015-06-26,18.633549
2015-06-29,18.236712
2015-06-30,18.254356
2015-07-01,18.377808
2015-07-02,18.404263
2015-07-06,18.329309
2015-07-07,18.355774
2015-07-08,18.055935
2015-07-09,17.985392
2015-07-10,18.271986
2015-07-13,18.549776
2015-07-14,18.620323
2015-07-15,18.624727
2015-07-16,18.862825
2015-07-17,19.153847
2015-07-20,19.255257
2015-07-21,19.127392
2015-07-22,18.818737
2015-07-23,18.779057
2015-07-24,18.677645
2015-07-27,18.510084
2015-07-28,18.677645
2015-07-29,18.801102
2015-07-30,18.836370
2015-07-31,18.774651
2015-08-03,18.673237
2015-08-04,18.563002
2015-08-05,18.743784
2015-08-06,18.558590
2015-08-07,18.571815
2015-08-10,18.862825
2015-08-11,18.580643
2015-08-12,18.664417
2015-08-13,18.611504
2015-08-14,18.704096
2015-08-17,18.809925
2015-08-18,18.712910
2015-08-19,18.589457
2015-08-20,18.135302
2015-08-21,17.443047
2015-08-24,16.755203
2015-08-25,16.622923
2015-08-26,17.460688
2015-08-27,17.866339
2015-08-28,17.901611
2015-08-31,17.738474
2015-09-01,17.169670
2015-09-02,17.584145
2015-09-03,17.597372
2015-09-04,17.328409
2015-09-08,17.813423
2015-09-09,17.579735
2015-09-10,17.756109
2015-09-11,17.839876
2015-09-14,17.795788
2015-09-15,18.025080
2015-09-16,18.100029
2015-09-17,17.976572
2015-09-18,17.743156
2015-09-21,17.920324
2015-09-22,17.619137
2015-09-23,17.663431
2015-09-24,17.663431
2015-09-25,17.632429
2015-09-28,17.229366
2015-09-29,17.154078
2015-09-30,17.495115
2015-10-01,17.503981
2015-10-02,17.752012
2015-10-05,18.101917
2015-10-06,18.124063
2015-10-07,18.208212
2015-10-08,18.292364
2015-10-09,18.372095
2015-10-12,18.394241
2015-10-13,18.354376
2015-10-14,18.318949
2015-10-15,18.553690
2015-10-16,18.589119
2015-10-19,18.659986
2015-10-20,18.611267
2015-10-21,18.469536
2015-10-22,18.885870
2015-10-23,19.412945
2015-10-26,19.337648
2015-10-27,19.226913
2015-10-28,19.514811
2015-10-29,19.461664
2015-10-30,19.333223
2015-11-02,19.505955
2015-11-03,19.607822
2015-11-04,19.629974
2015-11-05,19.572392
2015-11-06,19.638830
2015-11-09,19.448376
2015-11-10,19.319931
2015-11-11,19.311073
2015-11-12,19.142761
2015-11-13,18.766287
2015-11-16,19.054186
2015-11-17,19.058607
2015-11-18,19.346504
2015-11-19,19.435085
2015-11-20,19.576820
2015-11-23,19.461664
2015-11-24,19.466091
2015-11-25,19.404083
2015-11-27,19.448376
2015-11-30,19.470526
2015-12-01,19.643251
2015-12-02,19.519241
2015-12-03,19.266777
2015-12-04,19.740692
2015-12-07,19.643251
2015-12-08,19.594536
2015-12-09,19.306643
2015-12-10,19.359789
2015-12-11,18.956741
2015-12-14,19.102903
2015-12-15,19.187056
2015-12-16,19.448376
2015-12-17,19.142761
2015-12-18,18.771517
2015-12-21,18.962934
2015-12-22,19.100922
2015-12-23,19.261175
2015-12-24,19.252264
2015-12-28,19.238916
2015-12-29,19.501545
2015-12-30,19.336851
2015-12-31,19.065313
2016-01-04,18.816034
2016-01-05,18.767069
2016-01-06,18.535593
2016-01-07,17.988073
2016-01-08,17.845629
2016-01-11,17.961369
2016-01-12,18.175032
2016-01-13,17.685377
2016-01-14,18.019236
2016-01-15,17.511776
2016-01-19,17.529577
2016-01-20,17.391575
2016-01-21,17.489519
2016-01-22,17.974722
2016-01-25,17.765503
2016-01-26,17.939106
2016-01-27,17.569643
2016-01-28,17.796665
2016-01-29,18.357542
2016-02-01,18.424301
2016-02-02,18.094904
2016-02-03,18.072651
2016-02-04,18.090454
2016-02-05,17.582994
2016-02-08,17.329268
2016-02-09,17.249144
2016-02-10,17.275850
2016-02-11,17.240238
2016-02-12,17.480608
2016-02-16,17.792212
2016-02-17,18.157225
2016-02-18,18.086010
2016-02-19,18.099352
2016-02-22,18.339735
2016-02-23,18.050388
2016-02-24,18.188387
2016-02-25,18.415405
2016-02-26,18.366440
2016-02-29,18.237350
2016-03-01,18.780418
2016-03-02,18.833838
2016-03-03,18.833838
2016-03-04,18.882803
2016-03-07,18.767069
2016-03-08,18.651333
2016-03-09,18.811583
2016-03-10,18.793772
2016-03-11,19.083111
2016-03-14,19.105375
2016-03-15,19.176601
2016-03-16,19.399170
2016-03-17,19.470388
2016-03-18,19.501699
2016-03-21,19.568815
2016-03-22,19.573288
2016-03-23,19.461439
2016-03-24,19.515129
2016-03-28,19.465908
2016-03-29,19.770138
2016-03-30,19.886457
2016-03-31,19.846188
2016-04-01,19.998306
2016-04-04,19.922245
2016-04-05,19.729877
2016-04-06,19.922245
2016-04-07,19.635921
2016-04-08,19.635921
2016-04-11,19.582232
2016-04-12,19.716446
2016-04-13,19.917770
2016-04-14,19.913305
2016-04-15,19.837244
2016-04-18,19.922245
2016-04-19,19.810398
2016-04-20,19.850662
2016-04-21,19.779087
2016-04-22,19.434601
2016-04-25,19.439062
2016-04-26,19.345118
2016-04-27,19.255642
2016-04-28,19.014051
2016-04-29,18.848518
2016-05-02,18.987211
2016-05-03,18.812723
2016-05-04,18.754562
2016-05-05,18.763512
2016-05-06,18.902201
2016-05-09,18.902201
2016-05-10,19.148262
2016-05-11,19.009567
2016-05-12,18.955883
2016-05-13,18.884308
2016-05-16,19.148262
2016-05-17,18.955883
2016-05-18,18.991680
2016-05-19,18.888783
2016-05-20,19.116957
2016-05-23,19.081158
2016-05-24,19.439062
2016-05-25,19.573288
2016-05-26,19.635921
2016-05-27,19.729877
2016-05-31,19.770138
2016-06-01,19.720924
2016-06-02,19.703030
2016-06-03,19.658285
2016-06-06,19.694078
2016-06-07,19.774607
2016-06-08,19.814875
2016-06-09,19.819340
2016-06-10,19.667242
2016-06-13,19.448021
2016-06-14,19.492754
2016-06-15,19.443541
2016-06-16,19.483803
2016-06-17,19.353882
2016-06-20,19.434803
2016-06-21,19.569675
2016-06-22,19.502243
2016-06-23,19.767485
2016-06-24,19.007719
2016-06-27,18.625582
2016-06-28,18.994225
2016-06-29,19.286449
2016-06-30,19.497736
2016-07-01,19.542704
2016-07-05,19.398844
2016-07-06,19.533709
2016-07-07,19.533709
2016-07-08,19.839422
2016-07-11,19.956299
2016-07-12,20.118145
2016-07-13,20.122646
2016-07-14,20.253021
2016-07-15,20.235037
2016-07-18,20.369913
2016-07-19,20.324945
2016-07-20,20.590197
2016-07-21,20.482302
2016-07-22,20.603682
2016-07-25,20.576710
2016-07-26,20.621666
2016-07-27,20.792490
2016-07-28,20.805983
2016-07-29,20.882414
2016-08-01,20.922873
2016-08-02,20.765526
2016-08-03,20.837456
2016-08-04,20.949844
2016-08-05,21.152155
2016-08-08,21.147655
2016-08-09,21.192616
2016-08-10,21.125181
2016-08-11,21.201603
2016-08-12,21.179129
2016-08-15,21.282530
2016-08-16,21.125181
2016-08-17,21.116184
2016-08-18,21.125181
2016-08-19,21.138668
2016-08-22,21.138668
2016-08-23,21.215096
2016-08-24,21.098206
2016-08-25,21.143158
2016-08-26,21.152155
2016-08-29,21.233078
2016-08-30,21.161142
2016-08-31,21.125181
2016-09-01,21.192616
2016-09-02,21.287022
2016-09-06,21.394920
2016-09-07,21.448866
2016-09-08,21.273539
2016-09-09,20.752031
2016-09-12,21.098206
2016-09-13,20.945358
2016-09-14,21.044254
2016-09-15,21.390429
2016-09-16,21.311876
2016-09-19,21.271244
2016-09-20,21.257700
2016-09-21,21.496956
2016-09-22,21.627876
2016-09-23,21.438278
2016-09-26,21.311876
2016-09-27,21.546619
2016-09-28,21.587248
2016-09-29,21.456331
2016-09-30,21.569191
2016-10-03,21.505991
2016-10-04,21.429251
2016-10-05,21.505991
2016-10-06,21.555653
2016-10-07,21.496956
2016-10-10,21.645931
2016-10-11,21.402159
2016-10-12,21.438278
2016-10-13,21.302849
2016-10-14,21.384100
2016-10-17,21.338966
2016-10-18,21.456331
2016-10-19,21.496956
2016-10-20,21.397650
2016-10-21,21.456331
2016-10-24,21.663988
2016-10-25,21.587248
2016-10-26,21.465359
2016-10-27,21.438278
2016-10-28,21.415701
2016-10-31,21.406679
2016-11-01,21.221592
2016-11-02,21.086161
2016-11-03,20.883020
2016-11-04,20.846903
2016-11-07,21.298332
2016-11-08,21.402159
2016-11-09,21.375076
2016-11-10,21.031996
2016-11-11,21.095194
2016-11-14,20.774675
2016-11-15,21.068111
2016-11-16,21.262220
2016-11-17,21.397650
2016-11-18,21.379595
2016-11-21,21.596275
2016-11-22,21.663988
2016-11-23,21.578220
2016-11-25,21.668501
2016-11-28,21.686560
2016-11-29,21.700104
2016-11-30,21.442791
2016-12-01,21.000393
2016-12-02,21.077133
2016-12-05,21.280277
2016-12-06,21.343477
2016-12-07,21.749762
2016-12-08,21.803928
2016-12-09,21.961927
2016-12-12,21.894215
2016-12-13,22.169582
2016-12-14,22.092844
2016-12-15,22.192160
2016-12-16,22.031645
2016-12-19,22.190348
2016-12-20,22.271959
2016-12-21,22.226616
2016-12-22,22.181282
2016-12-23,22.203949
2016-12-27,22.294634
2016-12-28,22.095127
2016-12-29,22.099669
2016-12-30,21.927364
2017-01-03,22.122326
2017-01-04,22.199413
2017-01-05,22.235687
2017-01-06,22.398918
2017-01-09,22.394382
2017-01-10,22.398918
2017-01-11,22.503202
2017-01-12,22.448792
2017-01-13,22.516802
2017-01-17,22.430656
2017-01-18,22.489599
2017-01-19,22.457863
2017-01-20,22.580284
2017-01-23,22.621088
2017-01-24,22.761652
2017-01-25,22.979292
2017-01-26,22.915817
2017-01-27,23.006506
2017-01-30,22.820595
2017-01-31,22.707243
2017-02-01,22.879541
2017-02-02,22.834200
2017-02-03,22.983829
2017-02-06,22.997431
2017-02-07,23.088110
2017-02-08,23.128923
2017-02-09,23.201466
2017-02-10,23.269482
2017-02-13,23.373775
2017-02-14,23.450855
2017-02-15,23.527927
2017-02-16,23.582338
2017-02-17,23.663958
2017-02-21,23.786390
2017-02-22,23.813585
2017-02-23,23.809048
2017-02-24,23.863462
2017-02-27,23.849861
2017-02-28,23.736504
2017-03-01,24.072035
2017-03-02,23.913342
2017-03-03,23.967749
2017-03-06,23.931473
2017-03-07,23.931473
2017-03-08,23.958675
2017-03-09,23.954151
2017-03-10,24.081099
2017-03-13,24.103771
2017-03-14,24.049372
2017-03-15,24.212601
2017-03-16,24.226194
2017-03-17,24.278540
2017-03-20,24.301296
2017-03-21,23.946268
2017-03-22,24.096478
2017-03-23,24.032753
2017-03-24,24.050955
2017-03-27,24.050955
2017-03-28,24.223925
2017-03-29,24.264881
2017-03-30,24.310406
2017-03-31,24.264881
2017-04-03,24.242130
2017-04-04,24.260344
2017-04-05,24.160202
2017-04-06,24.164751
2017-04-07,24.151094
2017-04-10,24.105577
2017-04-11,24.014544
2017-04-12,23.932613
2017-04-13,23.837032
2017-04-17,24.055513
2017-04-18,24.050955
2017-04-19,24.032753
2017-04-20,24.251230
2017-04-21,24.201164
2017-04-24,24.487919
2017-04-25,24.615364
2017-04-26,24.588057
2017-04-27,24.688194
2017-04-28,24.751919
2017-05-01,24.938530
2017-05-02,24.993149
2017-05-03,24.947639
2017-05-04,24.929430
2017-05-05,25.020464
2017-05-08,25.129702
2017-05-09,25.161566
2017-05-10,25.257154
2017-05-11,25.225290
2017-05-12,25.289011
2017-05-15,25.430111
2017-05-16,25.548454
2017-05-17,24.852051
2017-05-18,24.997705
2017-05-19,25.143360
2017-05-22,25.343630
2017-05-23,25.389143
2017-05-24,25.493841
2017-05-25,25.675901
2017-05-26,25.662243
2017-05-30,25.771482
2017-05-31,25.730522
2017-06-01,25.794249
2017-06-02,26.030930
2017-06-05,26.053694
2017-06-06,26.003613
2017-06-07,26.085550
2017-06-08,26.144720
2017-06-09,25.498390
2017-06-12,25.348183
2017-06-13,25.530251
2017-06-14,25.407352
2017-06-15,25.293564
2017-06-16,25.249226
2017-06-19,25.623970
2017-06-20,25.418320
2017-06-21,25.559996
2017-06-22,25.569134
2017-06-23,25.729090
2017-06-26,25.591982
2017-06-27,25.171547
2017-06-28,25.486874
2017-06-29,25.029873
2017-06-30,25.007021
2017-07-03,24.833364
2017-07-05,25.080154
2017-07-06,24.851650
2017-07-07,25.139553
2017-07-10,25.322353
2017-07-11,25.377190
2017-07-12,25.706232
2017-07-13,25.756502
2017-07-14,25.985003
2017-07-17,25.989574
2017-07-18,26.108389
2017-07-19,26.240923
2017-07-20,26.295763
2017-07-21,26.263773
2017-07-24,26.327757
2017-07-25,26.277487
2017-07-26,26.378031
2017-07-27,26.277487
2017-07-28,26.250063
2017-07-31,26.122103
2017-08-01,26.254637
2017-08-02,26.327757
2017-08-03,26.268343
2017-08-04,26.327757
2017-08-07,26.487703
2017-08-08,26.451141
2017-08-09,26.437443
2017-08-10,25.916443
2017-08-11,26.094687
2017-08-14,26.510548
2017-08-15,26.551687
2017-08-16,26.629375
2017-08-17,26.108389
2017-08-18,26.080973
2017-08-21,26.071825
2017-08-22,26.460285
2017-08-23,26.396305
2017-08-24,26.373451
2017-08-25,26.368885
2017-08-28,26.419157
2017-08-29,26.533407
2017-08-30,26.725344
2017-08-31,26.885294
2017-09-01,26.862440
2017-09-05,26.624804
2017-09-06,26.647650
2017-09-07,26.739048
2017-09-08,26.519695
2017-09-11,26.894432
2017-09-12,26.958414
2017-09-13,26.921850
2017-09-14,26.830450
2017-09-15,26.940067
2017-09-18,26.962997
2017-09-19,27.082237
2017-09-20,26.972170
2017-09-21,26.825415
2017-09-22,26.839167
2017-09-25,26.522713
2017-09-26,26.619030
2017-09-27,26.889614
2017-09-28,26.921719
2017-09-29,27.105171
2017-10-02,27.146452
2017-10-03,27.210661
2017-10-04,27.192318
2017-10-05,27.453735
2017-10-06,27.495010
2017-10-09,27.563803
2017-10-10,27.591318
2017-10-11,27.683052
2017-10-12,27.614254
2017-10-13,27.747257
2017-10-16,27.848160
2017-10-17,27.848160
2017-10-18,27.916954
2017-10-19,27.834394
2017-10-20,28.022438
2017-10-23,27.889433
2017-10-24,27.967400
2017-10-25,27.816057
2017-10-26,27.930716
2017-10-27,28.682873
2017-10-30,28.747082
2017-10-31,28.870909
2017-11-01,28.875494
2017-11-02,28.889257
2017-11-03,29.118574
2017-11-06,29.182775
2017-11-07,29.196537
2017-11-08,29.357061
2017-11-09,29.123159
2017-11-10,29.123159
2017-11-13,29.113983
2017-11-14,29.054359
2017-11-15,28.838802
2017-11-16,29.242399
2017-11-17,29.054359
2017-11-20,29.164431
2017-11-21,29.471716
2017-11-22,29.416679
2017-11-24,29.581789
2017-11-27,29.581789
2017-11-28,29.678106
2017-11-29,29.022261
2017-11-30,29.279095
2017-12-01,29.127739
2017-12-04,28.659941
2017-12-05,28.669109
2017-12-06,28.852568
2017-12-07,29.031431
2017-12-08,29.169018
2017-12-11,29.421268
2017-12-12,29.412090
2017-12-13,29.421268
2017-12-14,29.384573
2017-12-15,29.719702
2017-12-18,29.982105
2017-12-19,29.797962
2017-12-20,29.788761
2017-12-21,29.728909
2017-12-22,29.710505
2017-12-26,29.512554
2017-12-27,29.544773
2017-12-28,29.595407
2017-12-29,29.438900
2018-01-02,29.802570
2018-01-03,30.051153
2018-01-04,30.203072
2018-01-05,30.520702
2018-01-08,30.635788
2018-01-09,30.557528
2018-01-10,30.451649
2018-01-11,30.575951
2018-01-12,30.755472
2018-01-16,30.635788
2018-01-17,31.096127
2018-01-18,31.151381
2018-01-19,31.211222
2018-01-22,31.515036
2018-01-23,31.653149
2018-01-24,31.409163
2018-01-25,31.353924
2018-01-26,31.851095
2018-01-29,31.561077
2018-01-30,31.275665
2018-01-31,31.510435
2018-02-01,31.538059
2018-02-02,30.603561
2018-02-05,29.323811
2018-02-06,30.166241
2018-02-07,29.779552
2018-02-08,28.545835
2018-02-09,29.245560
2018-02-12,29.770350
2018-02-13,29.843998
2018-02-14,30.391800
2018-02-15,30.971840
2018-02-16,30.925802
2018-02-20,30.953426
2018-02-21,30.755472
2018-02-22,30.792294
2018-02-23,31.436794
2018-02-26,31.929356
2018-02-27,31.607107
2018-02-28,31.381538
2018-03-01,30.861349
2018-03-02,31.155975
2018-03-05,31.473604
2018-03-06,31.542664
2018-03-07,31.717596
2018-03-08,31.855700
2018-03-09,32.458748
2018-03-12,32.560017
2018-03-13,32.187138
2018-03-14,32.159527
2018-03-15,32.177925
2018-03-16,32.144688
2018-03-19,31.507427
2018-03-20,31.493568
2018-03-21,31.304245
2018-03-22,30.496120
2018-03-23,29.683382
2018-03-26,30.810129
2018-03-27,29.821915
2018-03-28,29.623354
2018-03-29,30.209812
2018-04-02,29.489431
2018-04-03,29.780355
2018-04-04,30.195961
2018-04-05,30.320650
2018-04-06,29.577175
2018-04-09,29.808075
2018-04-10,30.542297
2018-04-11,30.362206
2018-04-12,30.727026
2018-04-13,30.625416
2018-04-16,30.860926
2018-04-17,31.433546
2018-04-18,31.350416
2018-04-19,31.004086
2018-04-20,30.574625
2018-04-23,30.463797
2018-04-24,29.932751
2018-04-25,29.937366
2018-04-26,30.482275
2018-04-27,30.426855
2018-04-30,30.228283
2018-05-01,30.606945
2018-05-02,30.574625
2018-05-03,30.643900
2018-05-04,31.225737
2018-05-07,31.442772
2018-05-08,31.512028
2018-05-09,31.899939
2018-05-10,32.315540
2018-05-11,32.269363
2018-05-14,32.264751
2018-05-15,31.959976
2018-05-16,32.103119
2018-05-17,31.936886
2018-05-18,31.802965
2018-05-21,32.080032
2018-05-22,32.033855
2018-05-23,32.269363
2018-05-24,32.232426
2018-05-25,32.209339
2018-05-29,32.033855
2018-05-30,32.269363
2018-05-31,32.278599
2018-06-01,32.828129
2018-06-04,33.091347
2018-06-05,33.206783
2018-06-06,33.423817
2018-06-07,33.155991
2018-06-08,33.100578
2018-06-11,33.137516
2018-06-12,33.299137
2018-06-13,33.128281
2018-06-14,33.363796
2018-06-15,33.236366
2018-06-18,33.273418
2018-06-19,33.101959
2018-06-20,33.171486
2018-06-21,32.916595
2018-06-22,32.810020
2018-06-25,32.128784
2018-06-26,32.258537
2018-06-27,31.818296
2018-06-28,32.207573
2018-06-29,32.193661
2018-07-02,32.480988
2018-07-03,32.096348
2018-07-05,32.550495
2018-07-06,32.930504
2018-07-09,33.180756
2018-07-10,33.259518
2018-07-11,33.129761
2018-07-12,33.653435
2018-07-13,33.616356
2018-07-16,33.537567
2018-07-17,33.787823
2018-07-18,33.732212
2018-07-19,33.611725
2018-07-20,33.620987
2018-07-23,33.792450
2018-07-24,33.977821
2018-07-25,34.404167
2018-07-26,33.875870
2018-07-27,33.296597
2018-07-30,32.777569
2018-07-31,32.865616
2018-08-01,33.162201
2018-08-02,33.579277
2018-08-03,33.699780
2018-08-06,33.880508
2018-08-07,34.010265
2018-08-08,34.102943
2018-08-09,34.116837
2018-08-10,33.843441
2018-08-13,33.797085
2018-08-14,34.005615
2018-08-15,33.699780
2018-08-16,33.848053
2018-08-17,33.899048
2018-08-20,33.848053
2018-08-21,33.903683
2018-08-22,34.005615
2018-08-23,34.079781
2018-08-24,34.422699
2018-08-27,34.737839
2018-08-28,34.798077
2018-08-29,35.113197
2018-08-30,35.006611
2018-08-31,35.034416
2018-09-04,34.900013
2018-09-05,34.464417
2018-09-06,34.214165
2018-09-07,34.098316
2018-09-10,34.204903
2018-09-11,34.496849
2018-09-12,34.353184
2018-09-13,34.756351
2018-09-14,34.728558
2018-09-17,34.292950
2018-09-18,34.510761
2018-09-19,34.422699
2018-09-20,34.830517
2018-09-21,34.692886
2018-09-24,34.864918
2018-09-25,34.823074
2018-09-26,34.692886
2018-09-27,34.897476
2018-09-28,35.027679
2018-10-01,35.195065
2018-10-02,35.199715
2018-10-03,35.306667
2018-10-04,34.669628
2018-10-05,34.232536
2018-10-08,33.846600
2018-10-09,33.967499
2018-10-10,32.321430
2018-10-11,31.912235
2018-10-12,32.935207
2018-10-15,32.395828
2018-10-16,33.372307
2018-10-17,33.218861
2018-10-18,32.567875
2018-10-19,32.553928
2018-10-22,32.823627
2018-10-23,32.698055
2018-10-24,31.233358
2018-10-25,32.307484
2018-10-26,31.661131
2018-10-29,31.126413
2018-10-30,31.475145
2018-10-31,32.223785
2018-11-01,32.600422
2018-11-02,31.963379
2018-11-05,31.930840
2018-11-06,32.130783
2018-11-07,33.074711
2018-11-08,33.046806
2018-11-09,32.474876
2018-11-12,31.330992
2018-11-13,31.368200
2018-11-14,30.991550
2018-11-15,31.768091
2018-11-16,31.716936
2018-11-19,30.507977
2018-11-20,29.852335
2018-11-21,30.070879
2018-11-23,29.796539
2018-11-26,30.470768
2018-11-27,30.531218
2018-11-28,31.600677
2018-11-29,31.293795
2018-11-30,31.591398
2018-12-03,32.288879
2018-12-04,31.065960
2018-12-06,31.135700
2018-12-07,30.038328
2018-12-10,30.452171
2018-12-11,30.489363
2018-12-12,30.726515
2018-12-13,30.777655
2018-12-14,30.024380
2018-12-17,29.387341
2018-12-18,29.619839
2018-12-19,29.033951
2018-12-20,28.513159
2018-12-21,27.646864
2018-12-24,26.908993
2018-12-26,28.534174
2018-12-27,28.739660
2018-12-28,28.674284
2018-12-31,28.945143
2019-01-02,28.963825
2019-01-03,27.502092
2019-01-04,28.720985
2019-01-07,28.977829
2019-01-08,29.220676
2019-01-09,29.598951
2019-01-10,29.729719
2019-01-11,29.673683
2019-01-14,29.398138
2019-01-15,29.841801
2019-01-16,29.869818
2019-01-17,30.061293
2019-01-18,30.518969
2019-01-22,30.005255
2019-01-23,30.107994
2019-01-24,30.360176
2019-01-25,30.789827
2019-01-28,30.378860
2019-01-29,30.051952
2019-01-30,30.985966
2019-01-31,30.953283
2019-02-01,31.135414
2019-02-04,31.635101
2019-02-05,31.901306
2019-02-06,32.008705
2019-02-07,31.569725
2019-02-08,31.751862
2019-02-11,31.737841
2019-02-12,32.158157
2019-02-13,32.200195
2019-02-14,32.256229
2019-02-15,32.513084
2019-02-19,32.522430
2019-02-20,32.559788
2019-02-21,32.573792
2019-02-22,32.989418
2019-02-25,33.148216
2019-02-26,33.218266
2019-02-27,33.185566
2019-02-28,33.092178
2019-03-01,33.316326
2019-03-04,33.190239
2019-03-05,33.092178
2019-03-06,32.919384
2019-03-07,32.606491
2019-03-08,32.601822
2019-03-11,33.302330
2019-03-12,33.498466
2019-03-13,33.717957
2019-03-14,33.788010
2019-03-15,34.197033
2019-03-18,34.342274
2019-03-19,34.412540
2019-03-20,34.318848
2019-03-21,35.180916
2019-03-22,34.351646
2019-03-25,34.201714
2019-03-26,34.389118
2019-03-27,34.192341
2019-03-28,34.332901
2019-03-29,34.670219
2019-04-01,35.143429
2019-04-02,35.265255
2019-04-03,35.551041
2019-04-04,35.401119
2019-04-05,35.569790
2019-04-08,35.705643
2019-04-09,35.536987
2019-04-10,35.785301
2019-04-11,35.738453
2019-04-12,35.986763
2019-04-15,35.972706
2019-04-16,36.155422
2019-04-17,36.356895
2019-04-18,36.459976
2019-04-22,36.544289
2019-04-23,36.942539
2019-04-24,36.956593
2019-04-25,36.947224
2019-04-26,36.806667
2019-04-29,36.816036
2019-04-30,36.876934
2019-05-01,36.783257
2019-05-02,36.591148
2019-05-03,36.937843
2019-05-06,36.652058
2019-05-07,35.864948
2019-05-08,35.822784
2019-05-09,35.579155
2019-05-10,35.691601
2019-05-13,34.346947
2019-05-14,34.899807
2019-05-15,35.279308
2019-05-16,35.602570
2019-05-17,35.316788
2019-05-20,34.703018
2019-05-21,35.129379
2019-05-22,34.946648
2019-05-23,34.332901
2019-05-24,34.342274
2019-05-28,34.243874
2019-05-29,34.042419
2019-05-30,34.253262
2019-05-31,33.681660
2019-06-03,33.091331
2019-06-04,34.197033
2019-06-05,34.642109
2019-06-06,35.045036
2019-06-07,35.696281
2019-06-10,36.061718
2019-06-11,36.061718
2019-06-12,35.860264
2019-06-13,35.968029
2019-06-14,35.654118
2019-06-17,35.682228
2019-06-18,36.328785
2019-06-19,36.459976
2019-06-20,36.994080
2019-06-21,36.819180
2019-06-24,36.889687
2019-06-25,36.212650
2019-06-26,36.602890
2019-06-27,36.696922
2019-06-28,36.692223
2019-07-01,37.275234
2019-07-02,37.373970
2019-07-03,37.660770
2019-07-05,37.590252
2019-07-08,37.303436
2019-07-09,37.435101
2019-07-10,37.731308
2019-07-11,37.872356
2019-07-12,38.149754
2019-07-15,38.276703
2019-07-16,37.919369
2019-07-17,37.820648
2019-07-18,38.102741
2019-07-19,37.938187
2019-07-22,38.375435
2019-07-23,38.587017
2019-07-24,38.906746
2019-07-25,38.746868
2019-07-26,38.831509
2019-07-29,38.808002
2019-07-30,38.558819
2019-07-31,37.975796
2019-08-01,37.783031
2019-08-02,37.167095
2019-08-05,35.615520
2019-08-06,36.207951
2019-08-07,36.433640
2019-08-08,37.326958
2019-08-09,36.903801
2019-08-12,36.419518
2019-08-13,37.331669
2019-08-14,36.184444
2019-08-15,36.118618
2019-08-16,36.805061
2019-08-19,37.364574
2019-08-20,37.176506
2019-08-21,37.613766
2019-08-22,37.524422
2019-08-23,36.283165
2019-08-26,36.786259
2019-08-27,36.729839
2019-08-28,36.762756
2019-08-29,37.402176
2019-08-30,37.392784
2019-09-03,36.936714
2019-09-04,37.566738
2019-09-05,38.351936
2019-09-06,38.319027
2019-09-09,38.032230
2019-09-10,37.839455
2019-09-11,38.234390
2019-09-12,38.441269
2019-09-13,38.159164
2019-09-16,38.065128
2019-09-17,38.220280
2019-09-18,38.215580
2019-09-19,38.300217
2019-09-20,37.853580
2019-09-23,37.971493
2019-09-24,37.603607
2019-09-25,38.051670
2019-09-26,38.094109
2019-09-27,37.584736
2019-09-30,37.980911
2019-10-01,37.627190
2019-10-02,36.919727
2019-10-03,37.372501
2019-10-04,37.990349
2019-10-07,37.829983
2019-10-08,37.136692
2019-10-09,37.688503
2019-10-10,37.947899
2019-10-11,38.471420
2019-10-14,38.447830
2019-10-15,38.872303
2019-10-16,38.603477
2019-10-17,38.528015
2019-10-18,38.160141
2019-10-21,38.570457
2019-10-22,38.051670
2019-10-23,38.084675
2019-10-24,38.641201
2019-10-25,39.108131
2019-10-28,39.603344
2019-10-29,39.244896
2019-10-30,39.485443
2019-10-31,39.461857
2019-11-01,39.933491
2019-11-04,40.141010
2019-11-05,40.093845
2019-11-06,40.074986
2019-11-07,40.390987
2019-11-08,40.617371
2019-11-11,40.636230
2019-11-12,40.773010
2019-11-13,40.862617
2019-11-14,40.815453
2019-11-15,41.145599
2019-11-18,41.268227
2019-11-19,41.348400
2019-11-20,41.098427
2019-11-21,40.890900
2019-11-22,40.839035
2019-11-25,41.433296
2019-11-26,41.471024
2019-11-27,41.702133
2019-11-29,41.579506
2019-12-02,40.985245
2019-12-03,40.622074
2019-12-04,40.787155
2019-12-05,40.938087
2019-12-06,41.390846
2019-12-09,41.173897
2019-12-10,41.206902
2019-12-11,41.485188
2019-12-12,41.928516
2019-12-13,42.206779
2019-12-16,42.584084
2019-12-17,42.485058
2019-12-18,42.480324
2019-12-19,42.786900
2019-12-20,43.035309
2019-12-23,43.158340
2019-12-24,43.172527
2019-12-26,43.494286
2019-12-27,43.489571
2019-12-30,43.238773
2019-12-31,43.375996
2020-01-02,44.189865
2020-01-03,43.693024
2020-01-06,43.797127
2020-01-07,43.778202
2020-01-08,44.246643
2020-01-09,44.748207
2020-01-10,44.644108
2020-01-13,45.202442
2020-01-14,44.989525
2020-01-15,45.041588
2020-01-16,45.647240
2020-01-17,45.954800
2020-01-21,45.935875
2020-01-22,46.101494
2020-01-23,46.319145
2020-01-24,46.101494
2020-01-27,45.003716
2020-01-28,45.864899
2020-01-29,45.983189
2020-01-30,46.380657
2020-01-31,45.107826
2020-02-03,45.704021
2020-02-04,46.901161
2020-02-05,47.175594
2020-02-06,47.606190
2020-02-07,47.170868
2020-02-10,47.809647
2020-02-11,47.648769
2020-02-12,48.164528
2020-02-13,48.036781
2020-02-14,48.244976
2020-02-18,48.065174
2020-02-19,48.637707
2020-02-20,48.131416
2020-02-21,47.052570
2020-02-24,45.107826
2020-02-25,43.664635
2020-02-26,43.863365
2020-02-27,41.497494
2020-02-28,41.814529
2020-03-02,44.232452
2020-03-03,42.552677
2020-03-04,44.379131
2020-03-05,42.978535
2020-03-06,42.070042
2020-03-09,38.876114
2020-03-10,41.469097
2020-03-11,39.510155
2020-03-12,35.653770
2020-03-13,39.836643
2020-03-16,34.333618
2020-03-17,36.671101
2020-03-18,35.289429
2020-03-19,35.417187
2020-03-20,33.794193
2020-03-23,33.485500
2020-03-24,36.914913
2020-03-25,36.867344
2020-03-26,39.150433
2020-03-27,37.381046
2020-03-30,38.955441
2020-03-31,38.227695
2020-04-01,36.405968
2020-04-02,37.257374
2020-04-03,36.681843
2020-04-06,39.811607
2020-04-07,39.454865
2020-04-08,40.515553
2020-04-09,40.525063
2020-04-13,40.615437
2020-04-14,42.318256
2020-04-15,41.395504
2020-04-16,41.899670
2020-04-17,42.456188
2020-04-20,41.776016
2020-04-21,40.025642
2020-04-22,41.566734
2020-04-23,41.281338
2020-04-24,42.156532
2020-04-27,42.518021
2020-04-28,41.952003
2020-04-29,43.673843
2020-04-30,43.478836
2020-05-01,42.284950
2020-05-04,42.846214
2020-05-05,43.436008
2020-05-06,43.773716
2020-05-07,44.430115
2020-05-08,45.081753
2020-05-11,45.381424
2020-05-12,44.444393
2020-05-13,43.678604
2020-05-14,44.235107
2020-05-15,44.458656
2020-05-18,45.547894
2020-05-19,45.381424
2020-05-20,46.375515
2020-05-21,45.728626
2020-05-22,45.895115
2020-05-26,45.847546
2020-05-27,46.109154
2020-05-28,46.018776
2020-05-29,46.599075
2020-06-01,46.584801
2020-06-02,47.022396
2020-06-03,47.388638
2020-06-04,46.998619
2020-06-05,48.235291
2020-06-08,48.477867
2020-06-09,48.706192
2020-06-10,49.519535
2020-06-11,46.679932
2020-06-12,47.284004
2020-06-15,47.740627
2020-06-16,48.758503
2020-06-17,48.748981
2020-06-18,48.967789
2020-06-19,48.630085
2020-06-22,49.546314
2020-06-23,49.904026
2020-06-24,48.778412
2020-06-25,49.403229
2020-06-26,48.430241
2020-06-29,48.959663
2020-06-30,49.837254
2020-07-01,49.918343
2020-07-02,50.209270
2020-07-06,51.086884
2020-07-07,50.552689
2020-07-08,51.377831
2020-07-09,51.563850
2020-07-10,51.549541
2020-07-13,50.481140
2020-07-14,51.063034
2020-07-15,51.339676
2020-07-16,50.705315
2020-07-17,50.953339
2020-07-20,52.255432
2020-07-21,51.730785
2020-07-22,52.145741
2020-07-23,50.791183
2020-07-24,50.175900
2020-07-27,50.967651
2020-07-28,50.371449
2020-07-29,51.101192
2020-07-30,51.387363
2020-07-31,52.670383
2020-08-03,53.967697
2020-08-04,54.106026
2020-08-05,54.306351
2020-08-06,55.069485
2020-08-07,54.249115
2020-08-10,54.096485
2020-08-11,53.123489
2020-08-12,54.330193
2020-08-13,54.354038
2020-08-14,54.315884
2020-08-17,54.678375
2020-08-18,54.883461
2020-08-19,54.816685
2020-08-20,55.546429
2020-08-21,56.252331
2020-08-24,56.738827
2020-08-25,57.025002
2020-08-26,58.184002
2020-08-27,58.231709
2020-08-28,58.742050
2020-08-31,58.928062
2020-09-01,60.053673
2020-09-02,60.587868
2020-09-03,57.134705
2020-09-04,56.338181
2020-09-08,53.791237
2020-09-09,55.546429
2020-09-10,54.292046
2020-09-11,53.877090
2020-09-14,55.007469
2020-09-15,55.551205
2020-09-16,54.692684
2020-09-17,54.239578
2020-09-18,53.304733
2020-09-21,53.747852
2020-09-22,54.598728
2020-09-23,52.896984
2020-09-24,53.193352
2020-09-25,54.464878
2020-09-28,55.506935
2020-09-29,55.320526
2020-09-30,55.784191
2020-10-01,56.372147
2020-10-02,54.942875
2020-10-05,56.147480
2020-10-06,55.277489
2020-10-07,56.290878
2020-10-08,56.582478
2020-10-09,57.447685
2020-10-12,59.015556
2020-10-13,58.637936
2020-10-14,58.327217
2020-10-15,58.064312
2020-10-16,57.897018
2020-10-19,56.835819
2020-10-20,57.031799
2020-10-21,56.945759
2020-10-22,56.678082
2020-10-23,56.615932
2020-10-26,55.387440
2020-10-27,55.664684
2020-10-28,53.303303
2020-10-29,54.192402
2020-10-30,52.992588
2020-11-02,53.126438
2020-11-03,54.063339
2020-11-04,56.166599
2020-11-05,57.911354
2020-11-06,58.116890
2020-11-09,57.696239
2020-11-10,56.620720
2020-11-11,57.963943
2020-11-12,57.447685
2020-11-13,57.935246
2020-11-16,58.494534
2020-11-17,58.169483
2020-11-18,57.548061
2020-11-19,58.011738
2020-11-20,57.414207
2020-11-23,57.399879
2020-11-24,58.198162
2020-11-25,58.322445
2020-11-27,58.633152
2020-11-30,59.025131
2020-12-01,59.780380
2020-12-02,59.689556
2020-12-03,59.651314
2020-12-04,60.248837
2020-12-07,60.420921
2020-12-08,60.616913
2020-12-09,59.455338
2020-12-10,59.541378
2020-12-11,59.417103
2020-12-14,59.632195
2020-12-15,60.626469
2020-12-16,61.037552
2020-12-17,61.520363
2020-12-18,61.305241
2020-12-21,61.366573
2020-12-22,61.898407
2020-12-23,61.428864
2020-12-24,61.836113
2020-12-28,62.535641
2020-12-29,62.238586
2020-12-30,62.205055
2020-12-31,62.296089
2021-01-04,61.280331
2021-01-05,61.678017
2021-01-06,60.614353
2021-01-07,62.248180
2021-01-08,62.650639
2021-01-11,62.133175
2021-01-12,61.836113
2021-01-13,62.229004
2021-01-14,61.682808
2021-01-15,61.050354
2021-01-19,61.845707
2021-01-20,63.072266
2021-01-21,63.886772
2021-01-22,63.642433
2021-01-25,64.174255
2021-01-26,64.217384
2021-01-27,63.005192
2021-01-28,63.263916
2021-01-29,61.773838
2021-02-01,63.321407
2021-02-02,64.179047
2021-02-03,63.958660
2021-02-04,64.979179
2021-02-05,64.835464
2021-02-08,65.515831
2021-02-09,65.439156
2021-02-10,65.343346
2021-02-11,66.062027
2021-02-12,66.402214
2021-02-16,66.186600
2021-02-17,65.602051
2021-02-18,65.281021
2021-02-19,65.185204
2021-02-22,63.747849
2021-02-23,63.570553
2021-02-24,64.543182
2021-02-25,62.286495
2021-02-26,62.617092
2021-03-01,64.634224
2021-03-02,63.608879
2021-03-03,62.008606
2021-03-04,60.638294
2021-03-05,61.783409
2021-03-08,60.288540
2021-03-09,62.339211
2021-03-10,62.090042
2021-03-11,63.417240
2021-03-12,62.962074
2021-03-15,63.632847
2021-03-16,64.111977
2021-03-17,64.059250
2021-03-18,62.281719
2021-03-19,62.094852
2021-03-22,63.315842
2021-03-23,62.922119
2021-03-24,62.158707
2021-03-25,62.120296
2021-03-26,63.699955
2021-03-29,63.368649
2021-03-30,62.768482
2021-03-31,63.767174
2021-04-01,65.049156
2021-04-05,66.393532
2021-04-06,66.110237
2021-04-07,66.460732
2021-04-08,67.421036
2021-04-09,68.069214
2021-04-12,67.742706
2021-04-13,68.381294
2021-04-14,67.656288
2021-04-15,68.818222
2021-04-16,68.803818
2021-04-19,68.232468
2021-04-20,67.627487
2021-04-21,68.309288
2021-04-22,67.507454
2021-04-23,68.515732
2021-04-26,68.866249
2021-04-27,68.698189
2021-04-28,68.059608
2021-04-29,68.001991
2021-04-30,67.075325
2021-05-03,66.888069
2021-05-04,65.687737
2021-05-05,65.529266
2021-05-06,66.187065
2021-05-07,66.753624
2021-05-10,65.068321
2021-05-11,64.871490
2021-05-12,63.046967
2021-05-13,63.882416
2021-05-14,65.289200
2021-05-17,64.809067
2021-05-18,64.290535
2021-05-19,64.516182
2021-05-20,65.750145
2021-05-21,65.390030
2021-05-24,66.551964
2021-05-25,66.571159
2021-05-26,66.566383
2021-05-27,66.215874
2021-05-28,66.451149
2021-06-01,66.124649
2021-06-02,66.580795
2021-06-03,65.961395
2021-06-04,67.228966
2021-06-07,67.214561
2021-06-08,67.219376
2021-06-09,67.267387
2021-06-10,67.761925
2021-06-11,68.165237
2021-06-14,68.856636
2021-06-15,68.434120
2021-06-16,68.064392
2021-06-17,68.851830
2021-06-18,68.222855
2021-06-21,68.953995
2021-06-22,69.579323
2021-06-23,69.502365
2021-06-24,69.940094
2021-06-25,69.858307
2021-06-28,70.589470
2021-06-29,71.104164
2021-06-30,71.027199
2021-07-01,71.147446
2021-07-02,72.085419
2021-07-06,72.359596
2021-07-07,72.754044
2021-07-08,72.066208
2021-07-09,72.730019
2021-07-12,72.787720
2021-07-13,73.085945
2021-07-14,73.624687
2021-07-15,73.018608
2021-07-16,72.297089
2021-07-19,71.301369
2021-07-20,72.359596
2021-07-21,73.057083
2021-07-22,73.595840
2021-07-23,74.326965
2021-07-26,74.288475
2021-07-27,73.586205
2021-07-28,73.494812
2021-07-29,73.836334
2021-07-30,73.788239
2021-08-02,73.523689
2021-08-03,73.995079
2021-08-04,74.144203
2021-08-05,74.553055
2021-08-06,74.490509
2021-08-09,74.250015
2021-08-10,73.716072
2021-08-11,73.725716
2021-08-12,74.149002
2021-08-13,74.553055
2021-08-16,74.889755
2021-08-17,74.269257
2021-08-18,73.244690
2021-08-19,73.961388
2021-08-20,74.913826
2021-08-23,75.880653
2021-08-24,75.794106
2021-08-25,75.750786
2021-08-26,75.274590
2021-08-27,76.000938
2021-08-30,76.818657
2021-08-31,76.414597
2021-09-01,76.433823
2021-09-02,76.352058
2021-09-03,76.655106
2021-09-07,76.674355
2021-09-08,76.380928
2021-09-09,76.092300
2021-09-10,75.341942
2021-09-13,75.365982
2021-09-14,75.269791
2021-09-15,75.928780
2021-09-16,75.972061
2021-09-17,74.788765
2021-09-20,73.426529
2021-09-21,73.455437
2021-09-22,74.462547
2021-09-23,75.459999
2021-09-24,75.512993
2021-09-27,74.780563
2021-09-28,72.563988
2021-09-29,72.472420
2021-09-30,71.952026
2021-10-01,73.036217
2021-10-04,71.344856
2021-10-05,72.361588
2021-10-06,72.833817
2021-10-07,73.498810
2021-10-08,73.224152
2021-10-11,72.819374
2021-10-12,72.443512
2021-10-13,72.886841
2021-10-14,74.529984
2021-10-15,75.127518
2021-10-18,75.763565
2021-10-19,76.515282
2021-10-20,76.303261
2021-10-21,76.597206
2021-10-22,76.332169
2021-10-25,76.582733
2021-10-26,76.799591
2021-10-27,76.732124
2021-10-28,77.503090
2021-10-29,77.835571
2021-11-01,77.719940
2021-11-02,78.404198
2021-11-03,78.861954
2021-11-04,80.095528
2021-11-05,80.509918
2021-11-08,80.943604
2021-11-09,80.611130
2021-11-10,79.281166
2021-11-11,79.652229
2021-11-12,80.620750
2021-11-15,80.538834
2021-11-16,81.386925
2021-11-17,81.141182
2021-11-18,81.950722
2021-11-19,82.548233
2021-11-22,81.627869
2021-11-23,81.439911
2021-11-24,82.032631
2021-11-26,79.984695
2021-11-29,81.984406
2021-11-30,81.300179
2021-12-01,80.187080
2021-12-02,80.924332
2021-12-03,79.570290
2021-12-06,80.326820
2021-12-07,83.131256
2021-12-08,83.511932
2021-12-09,82.610870
2021-12-10,84.268478
2021-12-13,83.015625
2021-12-14,81.651962
2021-12-15,83.815514
2021-12-16,81.439911
2021-12-17,80.895439
2021-12-20,79.933250
2021-12-21,81.956078
2021-12-22,83.027840
2021-12-23,83.491310
2021-12-27,85.282410
2021-12-28,84.838249
2021-12-29,84.910675
2021-12-30,84.350632
2021-12-31,83.940292
2022-01-03,84.736862
2022-01-04,83.838921
2022-01-05,81.260887
2022-01-06,80.850517
2022-01-07,80.107063
2022-01-10,80.121544
2022-01-11,81.082245
2022-01-12,81.463669
2022-01-13,79.353920
2022-01-14,80.024979
2022-01-18,78.103516
2022-01-19,77.012466
2022-01-20,76.017944
2022-01-21,74.506851
2022-01-24,74.893059
2022-01-25,73.159904
2022-01-26,73.589577
2022-01-27,73.082649
2022-01-28,76.278656
2022-01-31,78.195259
2022-02-01,78.398003
2022-02-02,79.035294
2022-02-03,76.742119
2022-02-04,77.051079
2022-02-07,76.539337
2022-02-08,77.485573
2022-02-09,79.204247
2022-02-10,77.133163
2022-02-11,74.777199
2022-02-14,74.753059
2022-02-15,76.717964
2022-02-16,76.640717
2022-02-17,74.347542
2022-02-18,73.594406
2022-02-22,72.913696
2022-02-23,71.088799
2022-02-24,73.517159
2022-02-25,74.516518
2022-02-28,74.381325
2022-03-01,72.894379
2022-03-02,74.473053
2022-03-03,73.584740
2022-03-04,72.295738
2022-03-07,69.650146
2022-03-08,69.312180
2022-03-09,72.054352
2022-03-10,70.794304
2022-03-11,69.548729
2022-03-14,68.259727
2022-03-15,70.552902
2022-03-16,72.846085
2022-03-17,73.362679
2022-03-18,74.864098
2022-03-21,74.721901
2022-03-22,75.795654
2022-03-23,74.630020
2022-03-24,76.569504
2022-03-25,76.526001
2022-03-28,77.435295
2022-03-29,79.079758
2022-03-30,78.025360
2022-03-31,76.869392
2022-04-01,76.642059
2022-04-04,78.097908
2022-04-05,76.453453
2022-04-06,74.644524
2022-04-07,74.760605
2022-04-08,73.715881
2022-04-11,71.858582
2022-04-12,71.539375
2022-04-13,72.690483
2022-04-14,70.925110
2022-04-18,71.157265
2022-04-19,72.492180
2022-04-20,72.424477
2022-04-21,71.195961
2022-04-22,69.203255
2022-04-25,70.243141
2022-04-26,67.626518
2022-04-27,68.627693
2022-04-28,71.374931
2022-04-29,68.400352
2022-05-02,69.440254
2022-05-03,69.561165
2022-05-04,72.003677
2022-05-05,68.540634
2022-05-06,67.989243
2022-05-09,65.358086
2022-05-10,66.354454
2022-05-11,64.260162
2022-05-12,63.597542
2022-05-13,65.711151
2022-05-16,65.130775
2022-05-17,67.017082
2022-05-18,63.950615
2022-05-19,63.249294
2022-05-20,63.389561
2022-05-23,64.845406
2022-05-24,63.882877
2022-05-25,64.627739
2022-05-26,66.180328
2022-05-27,68.419716
2022-05-31,67.931221
2022-06-01,67.728058
2022-06-02,69.367699
2022-06-03,67.708717
2022-06-06,67.713547
2022-06-07,68.521255
2022-06-08,67.747414
2022-06-09,65.938492
2022-06-10,63.404076
2022-06-13,60.593952
2022-06-14,60.976051
2022-06-15,62.262611
2022-06-16,59.728195
2022-06-17,60.274727
2022-06-21,61.808556
2022-06-22,61.546692
2022-06-23,62.468060
2022-06-24,64.713257
2022-06-27,64.276825
2022-06-28,62.351669
2022-06-29,62.477745
2022-06-30,61.643677
2022-07-01,61.784317
2022-07-05,62.560177
2022-07-06,63.098446
2022-07-07,64.402908
2022-07-08,64.432007
2022-07-11,63.544579
2022-07-12,62.676579
2022-07-13,62.511696
2022-07-14,63.083908
2022-07-15,64.194397
2022-07-18,63.573689
2022-07-19,65.513390
2022-07-20,66.536575
2022-07-21,67.472504
2022-07-22,66.541412
2022-07-25,66.119553
2022-07-26,65.047852
2022-07-27,67.845879
2022-07-28,68.878761
2022-07-29,69.935905
2022-08-01,69.785576
2022-08-02,69.290955
2022-08-03,71.133667
2022-08-04,71.458565
2022-08-05,71.293694
2022-08-08,70.687531
2022-08-09,69.979553
2022-08-10,71.890144
2022-08-11,71.608887
2022-08-12,73.034569
2022-08-15,73.495247
2022-08-16,73.296410
2022-08-17,72.772713
2022-08-18,73.150948
2022-08-19,71.822266
2022-08-22,69.819527
2022-08-23,69.635246
2022-08-24,69.678886
2022-08-25,70.857254
2022-08-26,67.831337
2022-08-29,66.934227
2022-08-30,66.235916
2022-08-31,65.590981
2022-09-01,65.270912
2022-09-02,64.422295
2022-09-06,63.995552
2022-09-07,65.018753
2022-09-08,65.241821
2022-09-09,66.531715
2022-09-12,67.598557
2022-09-13,64.010117
2022-09-14,64.242882
2022-09-15,62.763844
2022-09-16,62.414715
2022-09-19,62.923672
2022-09-20,62.554218
2022-09-21,61.577129
2022-09-22,60.950024
2022-09-23,60.152786
2022-09-26,59.734715
2022-09-27,59.812500
2022-09-28,60.444458
2022-09-29,58.869423
2022-09-30,57.741615
2022-10-03,59.530552
2022-10-04,61.528511
2022-10-05,61.732681
2022-10-06,61.227119
2022-10-07,58.709000
2022-10-10,57.722168
2022-10-11,56.837437
2022-10-12,56.662422
2022-10-13,58.422184
2022-10-14,56.779106
2022-10-17,58.509697
2022-10-18,59.005535
2022-10-19,58.835392
2022-10-20,58.869423
2022-10-21,60.444458
2022-10-24,61.280586
2022-10-25,62.452137
2022-10-26,61.061832
2022-10-27,60.366680
2022-10-28,62.991741
2022-10-31,62.160465
2022-11-01,61.640320
2022-11-02,59.511101
2022-11-03,57.761063
2022-11-04,58.815948
2022-11-07,59.797913
2022-11-08,60.371540
2022-11-09,58.801365
2022-11-10,63.633423
2022-11-11,64.722336
2022-11-14,64.168144
2022-11-15,64.945961
2022-11-16,64.056335
2022-11-17,64.139000
2022-11-18,64.211922
2022-11-21,63.521614
2022-11-22,64.751495
2022-11-23,65.325142
2022-11-25,64.945961
2022-11-28,63.555656
2022-11-29,62.933407
2022-11-30,66.093201
2022-12-01,66.185555
2022-12-02,65.801529
2022-12-05,64.707771
2022-12-06,63.322300
2022-12-07,63.001469
2022-12-08,64.032036
2022-12-09,63.638287
2022-12-12,65.028572
2022-12-13,65.796669
2022-12-14,65.242477
2022-12-15,62.802158
2022-12-16,61.970890
2022-12-19,61.144543
2022-12-20,61.237167
2022-12-21,62.251209
2022-12-22,60.681396
2022-12-23,60.744770
2022-12-27,60.169502
2022-12-28,59.199341
2022-12-29,60.749645
2022-12-30,60.666771
2023-01-03,60.091499
2023-01-04,60.247509
2023-01-05,59.077461
2023-01-06,60.808151
2023-01-09,61.515049
2023-01-10,61.895313
2023-01-11,62.967854
2023-01-12,63.435883
2023-01-13,63.616241
2023-01-17,63.903889
2023-01-18,63.079979
2023-01-19,62.343834
2023-01-20,64.030655
2023-01-23,65.488312
2023-01-24,65.459084
2023-01-25,65.322556
2023-01-26,66.365883
2023-01-27,66.643730
2023-01-30,65.371330
2023-01-31,66.282982
2023-02-01,67.843040
2023-02-02,69.695602
2023-02-03,69.115463
2023-02-06,68.272064
2023-02-07,69.978371
2023-02-08,69.134956
2023-02-09,68.754700
2023-02-10,68.437805
2023-02-13,69.622475
2023-02-14,69.919876
2023-02-15,70.246490
2023-02-16,69.027710
2023-02-17,68.164810
2023-02-21,66.546234
2023-02-22,66.448723
2023-02-23,67.550529
2023-02-24,66.346336
2023-02-27,66.702240
2023-02-28,66.556000
2023-03-01,66.068489
2023-03-02,66.882622
2023-03-03,68.320801
2023-03-06,68.647453
2023-03-07,67.794281
2023-03-08,68.354919
2023-03-09,67.375031
2023-03-10,66.190338
2023-03-13,66.551125
2023-03-14,68.086792
2023-03-15,68.125809
2023-03-16,70.036865
2023-03-17,69.939369
2023-03-20,70.127968
2023-03-21,70.694725
2023-03-22,69.991150
2023-03-23,71.129585
2023-03-24,71.315254
2023-03-27,70.763130
2023-03-28,70.430885
2023-03-29,71.906448
2023-03-30,72.741943
2023-03-31,73.782631
2023-04-03,73.665390
2023-04-04,73.259857
2023-04-05,72.424370
2023-04-06,72.834770
2023-04-10,72.795685
2023-04-11,72.111656
2023-04-12,71.701248
2023-04-13,73.035088
2023-04-14,72.629539
2023-04-17,72.893410
2023-04-18,73.118164
2023-04-19,72.908073
2023-04-20,72.429230
2023-04-21,72.194710
2023-04-24,71.877129
2023-04-25,70.342949
2023-04-26,71.388527
2023-04-27,72.903183
2023-04-28,73.694710
2023-05-01,73.738686
2023-05-02,73.049759
2023-05-03,72.434128
2023-05-04,72.087227
2023-05-05,73.895042
2023-05-08,73.855949
2023-05-09,73.289185
2023-05-10,74.183304
2023-05-11,73.851044
2023-05-12,73.753342
2023-05-15,74.364090
2023-05-16,74.442253
2023-05-17,75.434097
2023-05-18,76.978050
2023-05-19,76.943863
2023-05-22,77.090431
2023-05-23,75.951996
2023-05-24,75.395020
2023-05-25,78.287483
2023-05-26,80.510582
2023-05-30,80.940559
2023-05-31,80.266296
2023-06-01,81.082237
2023-06-02,81.546410
2023-06-05,81.077370
2023-06-06,81.057816
2023-06-07,79.846100
2023-06-08,80.710915
2023-06-09,81.111565
2023-06-12,82.875389
2023-06-13,83.378654
2023-06-14,84.238571
2023-06-15,85.323250
2023-06-16,84.619682
2023-06-20,84.047806
2023-06-21,82.804161
2023-06-22,83.479843
2023-06-23,82.574036
2023-06-26,81.981628
2023-06-27,83.597366
2023-06-28,83.646317
2023-06-29,83.793198
2023-06-30,85.124962
2023-07-03,84.943810
2023-07-05,84.419914
2023-07-06,84.194687
2023-07-07,83.827469
2023-07-10,84.047806
2023-07-11,84.228966
2023-07-12,85.183708
2023-07-13,86.295143
2023-07-14,86.167839
2023-07-17,87.269485
2023-07-18,88.258522
2023-07-19,88.038185
2023-07-20,86.280472
2023-07-21,86.236397
2023-07-24,86.388191
2023-07-25,87.377213
2023-07-26,86.202118
2023-07-27,85.952423
2023-07-28,87.122612
2023-07-31,87.323349
2023-08-01,87.470230
2023-08-02,85.306122
2023-08-03,84.958496
2023-08-04,83.803001
2023-08-07,84.038010
2023-08-08,83.391724
2023-08-09,82.314552
2023-08-10,82.324348
2023-08-11,81.717209
2023-08-14,83.019600
2023-08-15,82.201950
2023-08-16,81.418541
2023-08-17,80.644958
2023-08-18,80.767372
2023-08-21,82.309654
2023-08-22,82.216644
2023-08-23,83.700180
2023-08-24,81.771088
2023-08-25,82.603424
2023-08-28,83.279091
2023-08-29,84.948692
2023-08-30,85.590088
2023-08-31,86.006287
2023-09-01,86.270676
2023-09-05,86.579124
2023-09-06,85.663551
2023-09-07,84.424812
2023-09-08,84.601074
2023-09-11,85.041733
2023-09-12,83.499428
2023-09-13,83.709961
2023-09-14,84.317093
2023-09-15,82.696449
2023-09-18,83.093903
2023-09-19,83.049728
2023-09-20,81.744576
2023-09-21,80.498283
2023-09-22,80.670021
2023-09-25,80.930077
2023-09-26,79.472801
2023-09-27,79.595474
2023-09-28,80.159729
2023-09-29,80.434486
2023-10-02,81.298065
2023-10-03,79.919304
2023-10-04,80.915367
2023-10-05,81.023300
2023-10-06,82.539459
2023-10-09,82.966331
2023-10-10,83.093903
2023-10-11,83.864243
2023-10-12,83.942741
2023-10-13,82.740623
2023-10-16,83.535500
2023-10-17,83.147873
2023-10-18,82.294128
2023-10-19,81.823074
2023-10-20,80.439407
2023-10-23,80.532639
2023-10-24,81.087074
2023-10-25,80.130295
2023-10-26,78.599419
2023-10-27,79.055740
2023-10-30,79.904587
2023-10-31,80.473763
2023-11-01,82.029152
2023-11-02,83.417732
2023-11-03,84.276398
2023-11-06,84.830841
2023-11-07,85.758202
2023-11-08,86.243950
2023-11-09,85.841621
2023-11-10,88.083954
2023-11-13,87.568756
2023-11-14,89.320412
2023-11-15,89.433281
2023-11-16,89.879768
2023-11-17,89.693329
2023-11-20,90.993584
2023-11-21,90.257591
2023-11-22,90.659927
2023-11-24,90.483276
2023-11-27,90.478378
2023-11-28,90.650108
2023-11-29,90.718788
2023-11-30,90.851303
2023-12-01,91.057365
2023-12-04,89.948463
2023-12-05,90.488205
2023-12-06,89.722755
2023-12-07,90.812042
2023-12-08,91.587288
2023-12-11,92.387062
2023-12-12,93.000404
2023-12-13,93.819809
2023-12-14,93.589195
2023-12-15,94.060234
2023-12-18,94.341515
2023-12-19,94.700478
2023-12-20,93.269508
2023-12-21,94.316917
2023-12-22,94.439857
2023-12-26,94.833252
2023-12-27,94.828331
2023-12-28,94.941444
2023-12-29,94.651314
2024-01-02,92.172920
2024-01-03,91.233673
2024-01-04,90.564903
2024-01-05,90.540306
2024-01-08,92.812187
2024-01-09,92.959709
2024-01-10,93.751419
2024-01-11,94.228401
2024-01-12,94.533302
2024-01-16,94.769333
2024-01-17,94.302170
2024-01-18,96.215073
2024-01-19,98.432838
2024-01-22,98.865601
2024-01-23,99.263893
2024-01-24,99.947418
2024-01-25,100.365402
2024-01-26,99.209793
2024-01-29,100.119537
2024-01-30,99.293388
2024-01-31,97.208389
2024-02-01,98.432838
2024-02-02,99.450760
2024-02-05,99.676956
2024-02-06,99.219635
2024-02-07,100.532600
2024-02-08,100.847313
2024-02-09,102.204529
2024-02-12,101.427574
2024-02-13,99.706459
2024-02-14,100.748970
2024-02-15,100.537514
2024-02-16,99.613037
2024-02-20,98.600037
2024-02-21,97.980423
2024-02-22,101.186623
2024-02-23,100.950592
2024-02-26,101.048935
2024-02-27,101.137451
2024-02-28,100.660454
2024-02-29,101.781631
2024-03-01,103.640434
2024-03-04,103.640434
2024-03-05,101.093178
2024-03-06,101.894745
2024-03-07,103.502747
2024-03-08,101.963570
2024-03-11,101.683296
2024-03-12,103.768303
2024-03-13,102.647102
2024-03-14,102.666771
2024-03-15,101.117775
2024-03-18,101.614784
2024-03-19,102.141808
2024-03-20,103.284538
2024-03-21,103.358421
2024-03-22,103.392899
2024-03-25,102.708252
2024-03-26,102.284653
2024-03-27,102.806755
2024-03-28,102.585114
2024-04-01,102.870796
2024-04-02,101.880753
2024-04-03,102.151665
2024-04-04,100.536057
2024-04-05,101.688637
2024-04-08,101.570442
2024-04-09,102.082710
2024-04-10,100.831604
2024-04-11,102.846161
2024-04-12,101.181320
2024-04-15,99.260338
2024-04-16,99.378555
2024-04-17,97.945206
2024-04-18,96.827095
2024-04-19,94.832253
2024-04-22,95.679443
2024-04-23,97.098015
2024-04-24,97.541313
2024-04-25,97.329521
2024-04-26,98.427917
2024-04-29,98.851524
2024-04-30,96.674408
2024-05-01,95.684364
2024-05-02,97.063522
2024-05-03,99.767677
2024-05-06,100.939949
2024-05-07,100.609940
2024-05-08,100.895630
2024-05-09,100.866081
2024-05-10,101.240417
2024-05-13,101.718201
2024-05-14,102.619576
2024-05-15,104.929672
2024-05-16,104.565193
2024-05-17,104.333702
2024-05-20,105.560173
2024-05-21,105.732544
2024-05-22,105.968979
2024-05-23,105.107002
2024-05-24,105.993622
2024-05-28,106.441841
2024-05-29,105.767029
2024-05-30,103.353500
2024-05-31,103.516052
2024-06-03,103.777092
2024-06-04,103.993820
2024-06-05,106.303917
2024-06-06,105.949280
2024-06-07,106.195564
2024-06-10,106.466461
2024-06-11,108.446548
2024-06-12,110.845299
2024-06-13,111.722069
2024-06-14,112.140732
2024-06-17,113.840057
2024-06-18,113.982903
2024-06-20,112.702248
2024-06-21,112.505226
2024-06-24,109.747002
2024-06-25,111.760162
2024-06-26,111.631866
2024-06-27,111.686165
2024-06-28,111.626930
2024-07-01,112.470680
2024-07-02,113.033195
2024-07-03,114.557861
2024-07-05,114.908195
2024-07-08,115.692749
2024-07-09,115.598991
2024-07-10,117.276619
2024-07-11,114.340767
2024-07-12,115.362144
2024-07-15,115.569382
2024-07-16,115.184517
2024-07-17,110.704239
2024-07-18,110.714104
2024-07-19,108.982185
2024-07-22,111.562790
2024-07-23,111.118721
2024-07-24,106.520020
2024-07-25,105.380219
2024-07-26,106.717384
2024-07-29,106.243698
2024-07-30,103.574295
2024-07-31,107.960815
2024-08-01,103.934479
2024-08-02,101.013435
2024-08-05,97.648285
2024-08-06,98.975594
2024-08-07,97.371971
2024-08-08,101.008507
2024-08-09,101.462440
2024-08-12,102.291389
2024-08-13,105.434486
2024-08-14,106.011803
2024-08-15,109.061142
2024-08-16,109.243706
2024-08-19,111.044708
2024-08-20,110.654892
2024-08-21,111.306213
2024-08-22,108.745354
2024-08-23,110.506882
2024-08-26,109.120354
2024-08-27,109.781532
2024-08-28,108.266731
2024-08-29,107.289757
2024-08-30,108.715759
2024-09-03,103.722313
2024-09-04,103.455872
2024-09-05,103.297966
2024-09-06,100.618690
2024-09-09,102.266716
2024-09-10,103.796326
2024-09-11,107.339088
2024-09-12,108.227257
2024-09-13,108.770042
2024-09-16,108.355545
2024-09-17,108.143372
2024-09-18,107.156540
2024-09-19,110.339104
2024-09-20,109.801270
2024-09-23,109.780998
2024-09-24,110.532356
2024-09-25,110.848740
2024-09-26,112.316811
2024-09-27,111.268890
2024-09-30,111.595116
2024-10-01,108.876419
2024-10-02,109.682152
2024-10-03,110.136909
2024-10-04,111.362801
2024-10-07,110.596619
2024-10-08,112.662834
2024-10-09,113.923309
2024-10-10,113.893669
2024-10-11,114.091385
2024-10-14,115.579262
2024-10-15,113.038490
2024-10-16,113.389473
2024-10-17,113.735481
2024-10-18,114.140816
2024-10-21,114.674675
2024-10-22,114.556030
2024-10-23,112.914932
2024-10-24,113.246124
2024-10-25,113.834343
2024-10-28,113.799736
2024-10-29,115.332108
2024-10-30,113.498215
2024-10-31,109.855164
2024-11-01,110.680649
2024-11-04,110.596619
2024-11-05,112.153709
2024-11-06,115.346931
2024-11-07,117.358757
2024-11-08,117.230240
2024-11-11,116.582703
2024-11-12,116.730980
2024-11-13,116.325653
2024-11-14,115.930214
2024-11-15,113.053337
2024-11-18,113.419121
2024-11-19,114.348427
2024-11-20,114.249573
2024-11-21,115.411186
2024-11-22,115.470505
2024-11-25,115.465553
2024-11-26,116.043907
2024-11-27,114.471992
2024-11-29,115.534760
2024-12-02,116.632126
2024-12-03,117.052284
2024-12-04,119.192650
2024-12-05,118.589600
2024-12-06,119.049294
2024-12-09,118.273239
2024-12-10,116.632126
2024-12-11,118.322662
2024-12-12,117.660286
2024-12-13,118.164482
2024-12-16,119.345886
2024-12-17,118.624184
2024-12-18,114.798241
2024-12-19,114.921822
2024-12-20,116.637085
2024-12-23,117.872894
2024-12-24,119.090881
2024-12-26,119.170105
2024-12-27,117.585716
2024-12-30,116.090454
2024-12-31,115.124977
2025-01-02,114.852669
2025-01-03,116.724213
2025-01-06,118.209564
2025-01-07,115.837952
2025-01-08,115.798340
2025-01-10,113.273232
2025-01-13,112.471146
2025-01-14,112.768219
2025-01-15,115.011093
2025-01-16,114.124840
2025-01-17,115.912201
2025-01-21,116.877693
2025-01-22,119.516670
2025-01-23,119.729599
2025-01-24,118.481873
2025-01-27,112.674149
2025-01-28,115.679512
2025-01-29,114.738792
2025-01-30,114.951675
2025-01-31,114.278320
2025-02-03,112.738503
2025-02-04,114.362495
2025-02-05,115.951836
2025-02-06,116.268700
2025-02-07,115.273529
2025-02-10,116.956917
2025-02-11,117.011375
2025-02-12,116.758873
2025-02-13,118.412575
2025-02-14,118.813606
2025-02-18,119.897926
2025-02-19,119.907822
2025-02-20,119.526581
2025-02-21,116.288506
2025-02-24,114.624916
2025-02-25,113.139557
2025-02-26,114.372398
2025-02-27,110.208450
2025-02-28,111.664101
2025-03-03,108.267593
2025-03-04,108.183418
2025-03-05,109.703445
2025-03-06,106.658447
2025-03-07,108.203224
2025-03-10,103.603561
2025-03-11,103.182709
2025-03-12,104.806702
2025-03-13,102.816322
2025-03-14,105.925682
2025-03-17,106.663399
2025-03-18,105.039413
2025-03-19,106.405952
2025-03-20,105.648399
2025-03-21,105.935585
2025-03-24,107.941856
2025-03-25,108.298965
2025-03-26,105.883499
2025-03-27,104.906395
2025-03-28,102.361992
2025-03-31,102.411575
2025-04-01,103.160522
2025-04-02,103.924347
2025-04-03,96.831718
2025-04-04,90.453308
2025-04-07,90.993950
2025-04-08,89.143913
2025-04-09,101.112091
2025-04-10,96.405167
2025-04-11,98.379204
2025-04-14,99.276947
2025-04-15,99.639023
2025-04-16,96.177032
2025-04-17,95.656235
2025-04-21,93.186218
2025-04-22,95.457840
2025-04-23,98.225441
2025-04-24,101.890793
2025-04-25,103.398598
2025-04-28,103.229965
2025-04-29,103.711075
2025-04-30,104.142578
2025-05-01,105.670227
2025-05-02,107.435951
2025-05-05,106.865555
2025-05-06,105.977730
2025-05-07,107.039154
2025-05-08,108.060890
2025-05-09,107.926964
2025-05-12,112.936447
2025-05-13,115.376701
2025-05-14,116.125656
2025-05-15,116.284363
2025-05-16,116.502594
2025-05-19,116.333961
2025-05-20,115.897491
2025-05-21,113.720108
2025-05-22,113.749855
2025-05-23,112.495010
2025-05-27,115.168396
2025-05-28,114.692253
2025-05-29,114.885689
2025-05-30,114.528572
2025-06-02,115.540375
2025-06-03,117.276337
2025-06-04,117.449944
2025-06-05,117.117630
2025-06-06,118.223679
2025-06-09,118.803986
2025-06-10,119.468613
2025-06-11,119.205734
2025-06-12,120.311790
2025-06-13,118.625427
2025-06-16,120.544899
2025-06-17,119.691811
2025-06-18,119.835632
2025-06-20,119.304924
2025-06-23,120.665207
2025-06-24,122.831299
2025-06-25,123.879562
2025-06-26,124.734077
2025-06-27,124.585030
2025-06-30,125.807175
2025-07-01,124.684387
2025-07-02,126.000938
2025-07-03,127.660286
2025-07-07,126.646790
2025-07-08,127.327423
2025-07-09,128.092499
2025-07-10,127.670227
2025-07-11,127.108833
2025-07-14,127.004501
2025-07-15,128.132263
2025-07-16,128.529678
2025-07-17,129.697205
2025-07-18,129.612762
2025-07-21,129.781662
2025-07-22,128.579361
2025-07-23,129.314667
2025-07-24,129.861160
2025-07-25,130.159225
2025-07-28,131.197571
2025-07-29,131.202530
2025-07-30,131.495636
2025-07-31,130.531845
2025-08-01,127.714951
2025-08-04,130.308273
2025-08-05,129.230194
2025-08-06,130.685852
2025-08-07,130.805084
2025-08-08,132.111710
2025-08-11,131.217438
2025-08-12,133.249374
2025-08-13,133.299057
2025-08-14,133.010941
2025-08-15,132.002411
2025-08-18,132.285583
2025-08-19,129.975403
2025-08-20,129.096069
2025-08-21,128.629074
2025-08-22,130.372879
2025-08-25,130.079742
2025-08-26,130.675903
2025-08-27,131.381393
2025-08-28,132.419724
2025-08-29,130.387787
2025-09-02,129.071213
2025-09-03,129.841278
2025-09-04,130.482178
2025-09-05,130.591446
2025-09-08,131.570175
2025-09-09,131.823547
2025-09-10,134.213211
2025-09-11,134.665314
2025-09-12,134.575882
2025-09-15,135.788101
2025-09-16,135.316132
2025-09-17,134.849121
2025-09-18,137.179169
2025-09-19,138.570236
2025-09-22,140.608780
2025-09-23,139.395004
2025-09-24,138.534393
2025-09-25,138.290665
2025-09-26,138.708527
2025-09-29,139.449722
2025-09-30,140.210785
2025-10-01,141.583771
2025-10-02,142.349838
2025-10-03,141.633514
2025-10-06,143.066162
2025-10-07,142.111053
2025-10-08,144.603287
2025-10-09,144.359543
2025-10-10,138.484665
2025-10-13,141.857376
2025-10-14,140.036728
2025-10-15,141.424591
2025-10-16,141.529053
2025-10-17,141.777786
2025-10-20,143.359665
2025-10-21,143.434265
2025-10-22,142.016556
2025-10-23,143.807358
2025-10-24,146.040924
2025-10-27,148.737091
2025-10-28,150.209534
2025-10-29,151.289017
2025-10-30,149.428543
2025-10-31,149.572800
2025-11-03,150.184662
2025-11-04,146.220001
2025-11-05,146.792068
2025-11-06,143.842194
2025-11-07,143.344742
2025-11-10,147.010941
2025-11-11,145.757370
2025-11-12,146.210068
2025-11-13,142.563751
2025-11-14,143.339767
2025-11-17,141.096268
2025-11-18,138.803024
2025-11-19,139.768097
2025-11-20,135.380585
2025-11-21,135.902924
2025-11-24,139.141296
2025-11-25,139.514389
2025-11-26,141.165924
2025-11-28,142.379684
2025-12-01,142.444366
2025-12-02,143.911835
2025-12-03,144.255066
2025-12-04,144.792313
2025-12-05,145.851883
2025-12-08,146.876617
2025-12-09,147.264648
2025-12-10,147.970993
2025-12-11,147.214890
2025-12-12,142.956726
2025-12-15,141.573837
2025-12-16,141.832504
2025-12-17,138.678665
2025-12-18,140.817703
2025-12-19,143.862106
2025-12-22,144.638275
2025-12-23,145.425446
2025-12-24,145.774200
2025-12-26,146.003357
2025-12-29,145.345734
2025-12-30,144.887390
2025-12-31,143.452560
2026-01-02,143.781372
2026-01-05,144.100204
2026-01-06,146.122910
2026-01-07,146.003357
2026-01-08,143.721588
2026-01-09,145.624725
2026-01-12,146.262421
2026-01-13,145.953537
2026-01-14,144.179932
2026-01-15,144.937210
2026-01-16,145.096634
2026-01-20,141.330215
2026-01-21,143.293137
2026-01-22,144.359299
2026-01-23,144.568527
2026-01-26,145.554977
2026-01-27,147.517883
2026-01-28,148.693649
2026-01-29,146.342133
2026-01-30,143.362885
2026-02-02,144.737915
2026-02-03,141.569351
2026-02-04,137.623596
2026-02-05,135.142532
2026-02-06,140.622772
2026-02-09,142.834778
2026-02-10,142.037674
2026-02-11,142.456146
2026-02-12,138.709686
2026-02-13,139.058395
2026-02-17,138.978699
2026-02-18,140.403564
2026-02-19,139.706085
2026-02-20,140.373672
2026-02-23,138.022141
2026-02-24,139.815689
2026-02-25,142.496002
2026-02-26,140.503204
2026-02-27,138.261276
2026-03-02,139.038467
2026-03-03,137.005814
2026-03-04,139.337418
2026-03-05,139.676178
2026-03-06,136.796555
2026-03-09,139.257690
2026-03-10,139.257690
2026-03-11,139.925278
2026-03-12,137.344574
2026-03-13,136.308334
2026-03-16,138.281219
2026-03-17,139.038467
2026-03-18,137.464172
2026-03-19,137.932449
2026-03-20,134.803757
2026-03-23,136.627441
2026-03-24,135.829330
2026-03-25,136.437897
2026-03-26,132.187927
2026-03-27,129.613998
2026-03-30,127.199707
2026-03-31,132.586990
2026-04-01,134.592255
2026-04-02,135.669724
2026-04-06,136.457855
2026-04-07,137.106323
2026-04-08,141.356293
2026-04-09,141.735397
2026-04-10,142.284088
2026-04-13,145.267059
2026-04-14,147.591583
2026-04-15,149.946014
2026-04-16,151.661972
2026-04-17,153.986481
2026-04-20,154.195984
2026-04-21,154.325668
2026-04-22,157.717651
2026-04-23,155.472961
2026-04-24,159.842651
2026-04-27,160.191833
2026-04-28,157.478241
2026-04-29,158.735260
2026-04-30,159.124344
2026-05-01,161.488770
2026-05-04,161.668350
2026-05-05,165.239914
2026-05-06,169.629532
2026-05-07,169.290344
2026-05-08,175.106613
2026-05-11,177.461075
2026-05-12,174.787354
2026-05-13,176.433487
2026-05-14,179.077240
2026-05-15,175.844864
2026-05-18,173.949356
2026-05-19,172.831985
2026-05-20,176.722794
2026-05-21,178.179367
2026-05-22,179.965149
2026-05-26,184.703964
2026-05-27,183.995621
2026-05-28,186.409927
2026-05-29,190.570114
2026-06-01,195.298950
2026-06-02,197.743195
2026-06-03,195.767838
2026-06-04,192.715057
2026-06-05,179.875366
2026-06-08,183.746201
2026-06-09,180.344254
2026-06-10,176.214005
2026-06-11,182.778503
2026-06-12,184.364761
2026-06-15,191.338287
2026-06-16,186.000900
2026-06-17,185.362411
2026-06-18,190.989120
2026-06-22,191.926025
2026-06-23,183.975311
2026-06-24,182.836639
2026-06-25,184.354874
2026-06-26,180.898895
2026-06-29,185.193878
2026-06-30,190.297928
2026-07-01,185.403625
2026-07-02,180.379501
2026-07-06,183.356033
2026-07-07,178.971130
2026-07-08,181.188553
2026-07-09,185.133957
2026-07-10,185.563446
2026-07-13,181.068695
2026-07-14,183.405960
2026-07-15,181.368347
2026-07-16,177.313080
2026-07-17,175.385330
2026-07-20,175.505188
2026-07-21,180.569275
2026-07-22,180.059875
2026-07-23,178.241989
2026-07-24,175.674988
2026-07-27,174.096832
2026-07-28,170.890564
2026-07-29,166.375854
2026-07-30,175.525162
2026-07-31,175.145615
2026-08-03,177.832458
2026-08-04,186.682144
2026-08-05,185.693298
2026-08-06,185.113983
2026-08-07,187.750900
2026-08-10,186.102829
2026-08-11,185.873077
2026-08-12,188.639862
2026-08-13,190.547638
2026-08-14,189.788513
2026-08-17,190.098160
2026-08-18,185.403625
2026-08-19,183.425949
2026-08-20,182.886581
2026-08-21,183.096329
2026-08-24,179.840134
2026-08-25,181.528168
2026-08-26,182.626877
2026-08-27,188.390152
2026-08-28,185.473557
2026-08-31,186.282608
2026-09-01,183.425949
2026-09-02,183.386002
2026-09-03,185.753235
2026-09-04,187.061707
2026-09-08,187.651001
2026-09-09,187.651001
2026-09-10,185.004105
2026-09-11,187.451248
2026-09-14,184.065201
2026-09-15,183.525833
2026-09-16,183.715591
2026-09-17,187.840790
2026-09-18,189.378998
2026-09-21,194.850006
2026-09-22,196.270004
2026-09-23,195.339996
2026-09-24,194.710007
2026-09-25,196.270004
2026-09-28,194.529999
2026-09-29,194.500000
2026-09-30,195.750000
2026-10-01,197.809998
