date,adj_close
1998-12-22,13.798899
1998-12-23,14.132483
1998-12-24,14.108072
1998-12-28,14.026717
1998-12-29,14.335890
1998-12-30,14.246389
1998-12-31,14.140618
1999-01-04,14.026717
1999-01-05,14.132483
1999-01-06,14.303342
1999-01-07,14.140618
1999-01-08,14.083674
1999-01-11,13.798899
1999-01-12,13.693130
1999-01-13,13.717543
1999-01-14,13.457181
1999-01-15,13.603629
1999-01-19,13.449044
1999-01-20,13.489723
1999-01-21,13.286325
1999-01-22,13.221228
1999-01-25,13.188693
1999-01-26,13.497862
1999-01-27,13.676858
1999-01-28,13.920939
1999-01-29,13.953486
1999-02-01,13.896531
1999-02-02,14.010445
1999-02-03,13.961625
1999-02-04,13.896531
1999-02-05,13.684992
1999-02-08,13.660585
1999-02-09,13.416504
1999-02-10,13.514144
1999-02-11,13.741957
1999-02-12,13.628045
1999-02-16,13.790768
1999-02-17,13.652447
1999-02-18,13.798899
1999-02-19,13.741957
1999-02-22,14.034859
1999-02-23,14.010445
1999-02-24,13.929083
1999-02-25,13.766358
1999-02-26,13.807047
1999-03-01,13.741957
1999-03-02,13.701268
1999-03-03,13.701268
1999-03-04,13.888402
1999-03-05,14.099939
1999-03-08,14.165028
1999-03-09,14.181299
1999-03-10,14.026717
1999-03-11,14.165028
1999-03-12,14.287074
1999-03-15,14.409107
1999-03-16,14.474195
1999-03-17,14.230114
1999-03-18,14.474195
1999-03-19,14.410103
1999-03-22,14.401957
1999-03-23,13.994439
1999-03-24,13.986279
1999-03-25,14.092231
1999-03-26,14.043329
1999-03-29,14.222642
1999-03-30,14.100382
1999-03-31,13.790667
1999-04-01,13.815124
1999-04-05,13.888475
1999-04-06,13.733614
1999-04-07,13.717315
1999-04-08,14.035187
1999-04-09,14.067783
1999-04-12,14.304146
1999-04-13,14.353058
1999-04-14,13.921072
1999-04-15,13.578752
1999-04-16,13.635802
1999-04-19,13.065272
1999-04-20,13.309786
1999-04-21,13.733614
1999-04-22,13.904777
1999-04-23,13.880325
1999-04-26,13.782524
1999-04-27,13.798818
1999-04-28,13.595058
1999-04-29,13.489102
1999-04-30,13.309786
1999-05-03,13.619511
1999-05-04,13.505401
1999-05-05,13.635802
1999-05-06,13.456499
1999-05-07,13.570612
1999-05-10,13.358689
1999-05-11,13.415745
1999-05-12,13.611361
1999-05-13,13.676555
1999-05-14,13.432039
1999-05-17,13.521697
1999-05-18,13.342392
1999-05-19,13.529853
1999-05-20,13.562456
1999-05-21,13.521697
1999-05-24,13.171223
1999-05-25,13.040814
1999-05-26,13.040814
1999-05-27,12.975621
1999-05-28,13.171223
1999-06-01,13.220136
1999-06-02,13.016361
1999-06-03,13.138626
1999-06-04,13.595058
1999-06-07,13.480944
1999-06-08,13.293485
1999-06-09,13.220136
1999-06-10,12.975621
1999-06-11,12.845209
1999-06-14,12.885959
1999-06-15,12.918557
1999-06-16,13.016361
1999-06-17,13.122327
1999-06-18,13.117417
1999-06-21,12.970118
1999-06-22,13.043764
1999-06-23,12.904650
1999-06-24,12.863740
1999-06-25,12.855557
1999-06-28,12.863740
1999-06-29,13.092862
1999-06-30,13.403819
1999-07-01,13.502020
1999-07-02,13.551122
1999-07-06,13.542938
1999-07-07,13.485646
1999-07-08,13.379277
1999-07-09,13.444734
1999-07-12,13.420189
1999-07-13,13.469287
1999-07-14,13.428372
1999-07-15,13.575664
1999-07-16,13.551122
1999-07-19,13.436554
1999-07-20,13.321989
1999-07-21,13.379277
1999-07-22,13.231979
1999-07-23,13.133786
1999-07-26,13.256529
1999-07-27,13.297435
1999-07-28,13.174699
1999-07-29,12.978307
1999-07-30,12.904650
1999-08-02,12.904650
1999-08-03,13.002852
1999-08-04,12.765539
1999-08-05,12.798277
1999-08-06,12.585515
1999-08-09,12.552781
1999-08-10,12.511875
1999-08-11,12.380943
1999-08-12,12.610066
1999-08-13,12.700080
1999-08-16,12.773726
1999-08-17,12.839195
1999-08-18,12.659167
1999-08-19,12.740994
1999-08-20,12.994668
1999-08-23,13.281075
1999-08-24,13.223794
1999-08-25,13.616581
1999-08-26,13.395641
1999-08-27,13.223794
1999-08-30,13.240154
1999-08-31,13.125596
1999-09-01,13.076505
1999-09-02,13.060129
1999-09-03,13.289260
1999-09-07,13.191060
1999-09-08,13.199248
1999-09-09,13.011038
1999-09-10,13.027407
1999-09-13,13.011038
1999-09-14,12.798277
1999-09-15,12.700080
1999-09-16,12.732816
1999-09-17,12.753479
1999-09-20,12.802685
1999-09-21,12.581244
1999-09-22,12.573048
1999-09-23,12.277790
1999-09-24,12.212176
1999-09-27,12.171167
1999-09-28,11.990733
1999-09-29,11.679080
1999-09-30,11.941521
1999-10-01,12.138357
1999-10-04,12.277790
1999-10-05,12.130161
1999-10-06,12.605849
1999-10-07,12.507430
1999-10-08,12.843693
1999-10-11,12.860102
1999-10-12,12.614051
1999-10-13,12.368004
1999-10-14,12.400812
1999-10-15,11.949717
1999-10-18,12.171167
1999-10-19,12.687872
1999-10-20,12.737076
1999-10-21,12.827297
1999-10-22,12.909310
1999-10-25,12.761684
1999-10-26,12.597652
1999-10-27,12.753479
1999-10-28,12.983121
1999-10-29,13.032335
1999-11-01,13.056944
1999-11-02,12.802685
1999-11-03,13.130754
1999-11-04,13.073337
1999-11-05,13.171762
1999-11-08,13.155352
1999-11-09,12.925711
1999-11-10,12.933910
1999-11-11,12.933910
1999-11-12,13.024137
1999-11-15,12.966720
1999-11-16,13.212770
1999-11-17,13.147159
1999-11-18,13.212770
1999-11-19,13.122552
1999-11-22,13.261981
1999-11-23,13.229174
1999-11-24,13.385003
1999-11-26,13.253777
1999-11-29,13.245577
1999-11-30,13.073337
1999-12-01,13.024137
1999-12-02,13.089739
1999-12-03,13.179957
1999-12-06,12.802685
1999-12-07,12.597652
1999-12-08,12.400812
1999-12-09,12.384416
1999-12-10,12.450023
1999-12-13,12.187574
1999-12-14,12.171167
1999-12-15,12.384416
1999-12-16,12.072748
1999-12-17,12.108021
1999-12-20,11.951735
1999-12-21,11.836576
1999-12-22,12.066895
1999-12-23,12.272527
1999-12-27,12.354787
1999-12-28,12.256082
1999-12-29,12.108021
1999-12-30,12.116250
1999-12-31,12.124470
2000-01-03,11.976411
2000-01-04,11.639160
2000-01-05,11.844803
2000-01-06,12.066895
2000-01-07,12.831869
2000-01-10,12.543970
2000-01-11,12.543970
2000-01-12,12.609775
2000-01-13,12.675585
2000-01-14,12.716715
2000-01-18,12.502848
2000-01-19,12.593324
2000-01-20,12.420595
2000-01-21,12.280760
2000-01-24,11.927057
2000-01-25,11.778995
2000-01-26,11.885926
2000-01-27,12.108021
2000-01-28,12.009316
2000-01-31,12.231404
2000-02-01,12.108021
2000-02-02,12.132709
2000-02-03,11.968183
2000-02-04,11.959962
2000-02-07,11.943508
2000-02-08,12.091573
2000-02-09,11.984635
2000-02-10,11.581584
2000-02-11,11.359495
2000-02-14,11.417070
2000-02-15,11.672065
2000-02-16,11.507553
2000-02-17,11.334813
2000-02-18,11.203210
2000-02-22,11.384174
2000-02-23,11.137402
2000-02-24,10.907087
2000-02-25,10.635649
2000-02-28,10.841283
2000-02-29,10.800158
2000-03-01,10.701450
2000-03-02,10.726126
2000-03-03,10.668546
2000-03-06,10.413555
2000-03-07,9.854218
2000-03-08,10.158562
2000-03-09,10.430005
2000-03-10,10.306623
2000-03-13,10.142112
2000-03-14,10.084531
2000-03-15,10.726126
2000-03-16,11.186753
2000-03-17,11.140155
2000-03-20,11.041124
2000-03-21,11.247423
2000-03-22,11.156653
2000-03-23,11.065880
2000-03-24,10.867833
2000-03-27,10.727553
2000-03-28,10.851328
2000-03-29,11.115389
2000-03-30,11.263922
2000-03-31,11.206163
2000-04-03,11.717781
2000-04-04,12.047869
2000-04-05,11.882826
2000-04-06,11.668274
2000-04-07,11.519737
2000-04-10,11.808561
2000-04-11,12.014854
2000-04-12,12.155144
2000-04-13,12.072623
2000-04-14,11.478481
2000-04-17,11.808561
2000-04-18,11.882826
2000-04-19,12.023102
2000-04-20,12.014854
2000-04-24,12.344945
2000-04-25,12.287172
2000-04-26,12.146893
2000-04-27,12.146893
2000-04-28,11.800307
2000-05-01,11.948844
2000-05-02,11.981857
2000-05-03,11.981857
2000-05-04,11.981857
2000-05-05,12.262417
2000-05-08,12.518233
2000-05-09,12.575993
2000-05-10,12.493469
2000-05-11,12.476965
2000-05-12,12.311924
2000-05-15,12.617250
2000-05-16,12.559488
2000-05-17,12.600751
2000-05-18,12.575993
2000-05-19,12.666765
2000-05-22,12.625505
2000-05-23,12.559488
2000-05-24,12.831798
2000-05-25,12.798797
2000-05-26,12.840057
2000-05-30,12.765785
2000-05-31,12.642009
2000-06-01,12.675016
2000-06-02,12.237665
2000-06-05,12.221158
2000-06-06,12.262417
2000-06-07,12.394446
2000-06-08,12.394446
2000-06-09,12.534729
2000-06-12,12.518233
2000-06-13,12.658514
2000-06-14,12.823547
2000-06-15,13.062854
2000-06-16,12.820086
2000-06-19,12.844899
2000-06-20,12.621582
2000-06-21,12.869714
2000-06-22,12.588499
2000-06-23,12.737372
2000-06-26,12.902802
2000-06-27,13.101303
2000-06-28,13.101303
2000-06-29,13.217098
2000-06-30,13.357705
2000-07-03,13.382506
2000-07-05,13.415598
2000-07-06,13.432143
2000-07-07,13.341166
2000-07-10,13.465223
2000-07-11,13.473497
2000-07-12,13.200551
2000-07-13,13.002047
2000-07-14,12.853168
2000-07-17,12.919336
2000-07-18,12.935878
2000-07-19,12.952423
2000-07-20,12.737372
2000-07-21,12.770456
2000-07-24,13.035129
2000-07-25,12.803544
2000-07-26,12.811818
2000-07-27,12.902802
2000-07-28,13.010322
2000-07-31,12.869714
2000-08-01,13.299809
2000-08-02,13.291535
2000-08-03,13.365974
2000-08-04,13.266715
2000-08-07,13.101303
2000-08-08,13.159196
2000-08-09,12.621582
2000-08-10,12.844899
2000-08-11,12.935878
2000-08-14,12.977240
2000-08-15,12.952423
2000-08-16,13.084764
2000-08-17,13.010322
2000-08-18,12.853168
2000-08-21,12.985505
2000-08-22,12.935878
2000-08-23,13.018591
2000-08-24,12.935878
2000-08-25,12.985505
2000-08-28,12.944148
2000-08-29,12.745646
2000-08-30,12.687753
2000-08-31,12.712564
2000-09-01,12.638123
2000-09-05,12.596773
2000-09-06,12.439625
2000-09-07,12.555412
2000-09-08,12.547147
2000-09-11,12.605039
2000-09-12,12.704296
2000-09-13,12.704296
2000-09-14,12.571956
2000-09-15,12.553361
2000-09-18,12.569961
2000-09-19,12.586566
2000-09-20,12.486936
2000-09-21,12.819044
2000-09-22,13.250769
2000-09-25,13.134533
2000-09-26,13.018299
2000-09-27,13.026601
2000-09-28,13.225857
2000-09-29,13.275674
2000-10-02,13.250769
2000-10-03,13.250769
2000-10-04,13.142837
2000-10-05,13.450026
2000-10-06,13.375300
2000-10-09,13.317190
2000-10-10,13.508152
2000-10-11,13.491542
2000-10-12,13.574564
2000-10-13,13.408514
2000-10-16,13.599467
2000-10-17,13.715700
2000-10-18,13.707406
2000-10-19,13.458326
2000-10-20,13.549655
2000-10-23,13.690796
2000-10-24,13.732312
2000-10-25,14.056111
2000-10-26,14.081019
2000-10-27,13.923280
2000-10-30,14.247068
2000-10-31,14.197250
2000-11-01,14.180647
2000-11-02,14.072721
2000-11-03,13.997988
2000-11-06,14.263669
2000-11-07,14.122533
2000-11-08,14.446328
2000-11-09,14.462931
2000-11-10,14.537657
2000-11-13,14.105924
2000-11-14,14.280271
2000-11-15,14.313485
2000-11-16,14.346692
2000-11-17,14.346692
2000-11-20,14.305180
2000-11-21,14.545960
2000-11-22,14.496135
2000-11-24,14.346692
2000-11-27,14.637287
2000-11-28,14.795030
2000-11-29,14.944481
2000-11-30,14.687101
2000-12-01,14.471234
2000-12-04,14.745213
2000-12-05,14.628982
2000-12-06,14.346692
2000-12-07,14.554256
2000-12-08,14.496135
2000-12-11,14.296878
2000-12-12,14.354995
2000-12-13,14.678798
2000-12-14,14.570860
2000-12-15,14.505251
2000-12-18,14.588516
2000-12-19,14.730075
2000-12-20,14.763374
2000-12-21,14.713421
2000-12-22,14.655135
2000-12-26,14.946563
2000-12-27,15.046486
2000-12-28,15.271306
2000-12-29,15.221341
2001-01-02,15.021506
2001-01-03,14.330380
2001-01-04,13.764158
2001-01-05,13.855758
2001-01-08,13.947353
2001-01-09,14.097236
2001-01-10,14.013970
2001-01-11,13.739183
2001-01-12,13.722528
2001-01-16,13.914050
2001-01-17,13.755838
2001-01-18,13.864088
2001-01-19,13.755838
2001-01-22,13.839100
2001-01-23,13.930701
2001-01-24,13.880732
2001-01-25,14.172174
2001-01-26,14.030620
2001-01-29,13.914386
2001-01-30,14.074250
2001-01-31,14.111555
2001-02-01,14.234129
2001-02-02,14.324718
2001-02-05,14.314069
2001-02-06,14.378012
2001-02-07,14.404663
2001-02-08,14.362033
2001-02-09,14.479275
2001-02-12,14.601836
2001-02-13,14.404663
2001-02-14,14.271431
2001-02-15,14.143534
2001-02-16,14.191492
2001-02-20,14.260767
2001-02-21,14.218143
2001-02-22,14.111555
2001-02-23,14.004972
2001-02-26,14.138203
2001-02-27,14.148866
2001-02-28,14.196821
2001-03-01,14.063591
2001-03-02,14.196821
2001-03-05,14.143534
2001-03-06,13.855758
2001-03-07,13.765160
2001-03-08,13.882396
2001-03-09,13.967674
2001-03-12,13.536009
2001-03-13,13.466736
2001-03-14,13.136323
2001-03-15,13.152314
2001-03-16,12.993043
2001-03-19,13.142694
2001-03-20,12.827355
2001-03-21,12.506674
2001-03-22,12.378392
2001-03-23,12.672355
2001-03-26,12.843387
2001-03-27,13.131997
2001-03-28,13.169409
2001-03-29,13.201486
2001-03-30,13.212174
2001-04-02,13.035796
2001-04-03,12.795279
2001-04-04,12.960973
2001-04-05,13.094587
2001-04-06,13.051827
2001-04-09,13.164068
2001-04-10,13.148038
2001-04-11,12.896832
2001-04-12,13.067866
2001-04-16,13.067866
2001-04-17,13.356483
2001-04-18,13.228207
2001-04-19,13.174758
2001-04-20,13.030450
2001-04-23,13.094587
2001-04-24,12.854077
2001-04-25,13.196135
2001-04-26,13.319068
2001-04-27,13.393891
2001-04-30,13.468719
2001-05-01,13.618369
2001-05-02,13.538199
2001-05-03,13.468719
2001-05-04,13.586307
2001-05-07,13.580954
2001-05-08,13.532853
2001-05-09,13.602348
2001-05-10,13.532853
2001-05-11,13.458035
2001-05-14,13.575612
2001-05-15,13.495445
2001-05-16,13.906989
2001-05-17,13.976470
2001-05-18,13.901645
2001-05-21,13.890957
2001-05-22,13.751994
2001-05-23,13.629056
2001-05-24,13.687854
2001-05-25,13.575612
2001-05-29,13.687854
2001-05-30,13.762677
2001-05-31,13.666477
2001-06-01,13.848192
2001-06-04,13.869579
2001-06-05,14.013888
2001-06-06,13.789404
2001-06-07,13.885608
2001-06-08,13.805436
2001-06-11,13.613026
2001-06-12,13.773371
2001-06-13,13.666477
2001-06-14,13.655787
2001-06-15,13.575897
2001-06-18,13.618798
2001-06-19,13.661682
2001-06-20,13.736745
2001-06-21,13.854711
2001-06-22,13.468662
2001-06-25,13.398956
2001-06-26,13.398956
2001-06-27,13.297090
2001-06-28,13.382870
2001-06-29,13.034363
2001-07-02,13.334614
2001-07-03,13.227386
2001-07-05,13.146958
2001-07-06,12.991464
2001-07-09,13.189851
2001-07-10,13.082623
2001-07-11,13.012918
2001-07-12,12.932489
2001-07-13,13.028998
2001-07-16,12.932489
2001-07-17,13.125508
2001-07-18,13.500834
2001-07-19,13.372154
2001-07-20,13.554451
2001-07-23,13.238108
2001-07-24,13.136237
2001-07-25,13.232749
2001-07-26,13.238108
2001-07-27,13.238108
2001-07-30,13.404319
2001-07-31,13.431130
2001-08-01,13.431130
2001-08-02,13.350703
2001-08-03,13.447212
2001-08-06,13.377513
2001-08-07,13.404319
2001-08-08,13.350703
2001-08-09,13.393597
2001-08-10,13.441854
2001-08-13,13.559811
2001-08-14,13.538360
2001-08-15,13.511553
2001-08-16,13.645605
2001-08-17,13.650958
2001-08-20,13.634871
2001-08-21,13.758192
2001-08-22,13.817172
2001-08-23,13.774278
2001-08-24,13.940488
2001-08-27,13.913690
2001-08-28,13.747469
2001-08-29,13.538360
2001-08-30,13.597348
2001-08-31,13.495466
2001-09-04,13.511553
2001-09-05,13.994112
2001-09-06,13.565173
2001-09-07,13.350703
2001-09-10,13.645605
2001-09-17,13.634871
2001-09-18,13.468662
2001-09-19,13.297090
2001-09-20,13.028998
2001-09-21,12.645491
2001-09-24,12.817615
2001-09-25,12.882162
2001-09-26,13.102686
2001-09-27,13.360868
2001-09-28,13.479201
2001-10-01,13.592158
2001-10-02,13.688983
2001-10-03,13.576020
2001-10-04,13.527617
2001-10-05,13.672842
2001-10-08,13.645941
2001-10-09,13.576020
2001-10-10,13.742764
2001-10-11,13.645941
2001-10-12,13.635187
2001-10-15,13.694354
2001-10-16,13.619052
2001-10-17,13.506094
2001-10-18,13.608290
2001-10-19,13.769652
2001-10-22,13.904123
2001-10-23,13.726626
2001-10-24,13.699739
2001-10-25,13.828832
2001-10-26,13.780407
2001-10-29,13.694354
2001-10-30,13.549133
2001-10-31,13.393140
2001-11-01,13.705107
2001-11-02,13.683599
2001-11-05,13.710489
2001-11-06,13.737387
2001-11-07,13.753520
2001-11-08,13.624424
2001-11-09,13.656700
2001-11-12,13.678212
2001-11-13,13.678212
2001-11-14,13.608290
2001-11-15,13.688983
2001-11-16,13.812683
2001-11-19,13.850338
2001-11-20,13.834197
2001-11-21,14.011701
2001-11-23,14.054729
2001-11-26,14.065487
2001-11-27,13.909501
2001-11-28,13.742764
2001-11-29,14.006323
2001-11-30,13.984803
2001-12-03,13.979428
2001-12-04,13.984803
2001-12-05,13.855714
2001-12-06,13.823442
2001-12-07,13.887986
2001-12-10,13.619052
2001-12-11,13.473825
2001-12-12,13.500725
2001-12-13,13.366247
2001-12-14,13.312459
2001-12-17,13.651323
2001-12-18,13.576020
2001-12-19,13.742764
2001-12-20,13.764279
2001-12-21,13.904618
2001-12-24,13.899221
2001-12-26,13.937001
2001-12-27,13.850646
2001-12-28,13.791266
2001-12-31,13.710303
2002-01-02,13.661726
2002-01-03,13.618537
2002-01-04,13.580753
2002-01-07,13.478204
2002-01-08,13.408024
2002-01-09,13.456605
2002-01-10,13.478204
2002-01-11,13.510582
2002-01-14,13.618537
2002-01-15,13.634732
2002-01-16,13.505188
2002-01-17,13.629333
2002-01-18,13.575359
2002-01-22,13.726485
2002-01-23,13.775071
2002-01-24,13.575359
2002-01-25,13.548372
2002-01-28,13.548372
2002-01-29,13.381032
2002-01-30,13.542961
2002-01-31,13.618537
2002-02-01,13.629333
2002-02-04,13.483596
2002-02-05,13.640130
2002-02-06,13.575359
2002-02-07,13.429620
2002-02-08,13.462005
2002-02-11,13.677914
2002-02-12,13.672512
2002-02-13,13.758879
2002-02-14,13.758879
2002-02-15,13.764277
2002-02-19,13.591551
2002-02-20,13.866840
2002-02-21,13.694100
2002-02-22,13.920816
2002-02-25,13.942399
2002-02-26,13.937001
2002-02-27,13.953197
2002-02-28,13.904618
2002-03-01,14.169106
2002-03-04,14.174500
2002-03-05,13.926208
2002-03-06,14.039565
2002-03-07,14.034160
2002-03-08,13.985588
2002-03-11,13.985588
2002-03-12,13.980185
2002-03-13,14.088143
2002-03-14,14.050354
2002-03-15,14.307491
2002-03-18,14.264186
2002-03-19,14.318321
2002-03-20,14.036829
2002-03-21,14.145088
2002-03-22,14.161336
2002-03-25,14.020586
2002-03-26,14.128857
2002-03-27,14.085545
2002-03-28,14.128857
2002-04-01,14.101781
2002-04-02,14.004348
2002-04-03,14.015175
2002-04-04,13.852766
2002-04-05,13.739079
2002-04-08,13.782393
2002-04-09,13.771568
2002-04-10,13.998929
2002-04-11,13.809461
2002-04-12,13.885250
2002-04-15,13.874423
2002-04-16,14.020586
2002-04-17,13.814873
2002-04-18,13.955620
2002-04-19,13.982690
2002-04-22,13.901493
2002-04-23,13.787806
2002-04-24,13.728267
2002-04-25,13.771568
2002-04-26,13.684958
2002-04-29,13.544213
2002-04-30,13.603760
2002-05-01,13.798637
2002-05-02,13.798637
2002-05-03,13.668720
2002-05-06,13.571272
2002-05-07,13.381805
2002-05-08,13.625411
2002-05-09,13.484666
2002-05-10,13.457599
2002-05-13,13.592935
2002-05-14,13.647067
2002-05-15,13.446773
2002-05-16,13.463008
2002-05-17,13.619994
2002-05-20,13.555038
2002-05-21,13.441359
2002-05-22,13.560449
2002-05-23,13.603760
2002-05-24,13.446773
2002-05-28,13.398050
2002-05-29,13.441359
2002-05-30,13.381805
2002-05-31,13.452188
2002-06-03,13.143620
2002-06-04,13.127385
2002-06-05,13.278954
2002-06-06,12.981223
2002-06-07,12.981223
2002-06-10,13.127385
2002-06-11,12.775515
2002-06-12,12.764687
2002-06-13,12.726794
2002-06-14,12.780924
2002-06-17,13.024526
2002-06-18,12.992047
2002-06-19,12.943326
2002-06-20,12.829646
2002-06-21,12.483229
2002-06-24,12.358337
2002-06-25,12.103138
2002-06-26,12.081412
2002-06-27,12.173717
2002-06-28,12.081412
2002-07-01,12.200874
2002-07-02,12.119424
2002-07-03,12.037972
2002-07-05,12.195436
2002-07-08,12.173717
2002-07-09,11.972820
2002-07-10,11.728475
2002-07-11,11.533000
2002-07-12,11.288653
2002-07-15,11.125760
2002-07-16,10.952009
2002-07-17,11.000877
2002-07-18,10.751102
2002-07-19,10.251553
2002-07-22,10.338433
2002-07-23,10.387300
2002-07-24,10.919431
2002-07-25,11.055174
2002-07-26,11.104045
2002-07-29,11.424397
2002-07-30,11.310378
2002-07-31,11.565580
2002-08-01,11.456983
2002-08-02,11.435265
2002-08-05,11.277796
2002-08-06,11.288653
2002-08-07,11.549292
2002-08-08,11.815354
2002-08-09,11.869654
2002-08-12,11.831645
2002-08-13,11.717610
2002-08-14,12.103138
2002-08-15,11.994542
2002-08-16,11.940236
2002-08-19,12.032549
2002-08-20,11.978247
2002-08-21,11.961957
2002-08-22,12.021681
2002-08-23,11.831645
2002-08-26,11.858788
2002-08-27,11.826213
2002-08-28,11.701328
2002-08-29,11.571012
2002-08-30,11.657887
2002-09-03,11.402684
2002-09-04,11.494990
2002-09-05,11.489557
2002-09-06,11.489557
2002-09-09,11.717610
2002-09-10,11.712186
2002-09-11,11.690466
2002-09-12,11.538433
2002-09-13,11.603587
2002-09-16,11.771913
2002-09-17,11.473272
2002-09-18,11.478702
2002-09-19,11.147478
2002-09-20,11.148577
2002-09-23,11.104854
2002-09-24,10.924508
2002-09-25,11.011950
2002-09-26,11.263340
2002-09-27,10.929972
2002-09-30,10.815211
2002-10-01,11.137643
2002-10-02,11.077522
2002-10-03,11.050197
2002-10-04,10.929972
2002-10-07,10.908113
2002-10-08,11.137643
2002-10-09,10.995555
2002-10-10,11.044736
2002-10-11,11.170440
2002-10-14,11.356243
2002-10-15,11.454618
2002-10-16,11.214149
2002-10-17,11.263340
2002-10-18,11.394490
2002-10-21,11.678677
2002-10-22,11.476474
2002-10-23,11.476474
2002-10-24,11.307056
2002-10-25,11.383571
2002-10-28,11.132176
2002-10-29,11.290664
2002-10-30,11.339846
2002-10-31,11.236014
2002-11-01,11.378108
2002-11-04,11.121250
2002-11-05,11.230550
2002-11-06,11.186828
2002-11-07,11.159505
2002-11-08,11.088456
2002-11-11,11.055668
2002-11-12,10.727772
2002-11-13,10.886255
2002-11-14,11.033810
2002-11-15,11.110322
2002-11-18,11.061137
2002-11-19,11.126716
2002-11-20,11.115783
2002-11-21,10.979158
2002-11-22,10.979158
2002-11-25,10.908113
2002-11-26,10.837070
2002-11-27,10.990092
2002-11-29,10.924508
2002-12-02,10.837070
2002-12-03,10.902644
2002-12-04,11.066601
2002-12-05,10.957295
2002-12-06,11.044736
2002-12-09,11.011950
2002-12-10,11.159505
2002-12-11,11.093927
2002-12-12,11.022882
2002-12-13,11.028345
2002-12-16,11.082992
2002-12-17,10.968227
2002-12-18,10.951834
2002-12-19,10.809745
2002-12-20,10.993796
2002-12-23,11.026759
2002-12-24,11.026759
2002-12-26,11.021267
2002-12-27,10.933364
2002-12-30,10.999295
2002-12-31,10.955339
2003-01-02,11.164117
2003-01-03,11.153133
2003-01-06,11.235542
2003-01-07,11.136643
2003-01-08,11.070715
2003-01-09,11.180599
2003-01-10,11.213563
2003-01-13,11.241038
2003-01-14,11.273999
2003-01-15,11.164117
2003-01-16,11.328938
2003-01-17,11.263008
2003-01-21,11.180599
2003-01-22,11.048743
2003-01-23,10.971818
2003-01-24,10.730079
2003-01-27,10.587234
2003-01-28,10.620196
2003-01-29,10.504816
2003-01-30,10.312522
2003-01-31,10.581736
2003-02-03,10.620196
2003-02-04,10.625688
2003-02-05,10.548772
2003-02-06,10.466362
2003-02-07,10.394937
2003-02-10,10.466362
2003-02-11,10.268573
2003-02-12,10.268573
2003-02-13,10.279556
2003-02-14,10.466362
2003-02-18,10.537778
2003-02-19,10.455377
2003-02-20,10.350985
2003-02-21,10.411412
2003-02-24,10.268573
2003-02-25,10.345492
2003-02-26,10.290544
2003-02-27,10.301537
2003-02-28,10.257583
2003-03-03,10.175170
2003-03-04,10.087266
2003-03-05,10.010348
2003-03-06,9.944418
2003-03-07,9.955401
2003-03-10,9.790578
2003-03-11,9.889472
2003-03-12,9.966393
2003-03-13,10.186164
2003-03-14,10.169674
2003-03-17,10.460865
2003-03-18,10.383950
2003-03-19,10.559761
2003-03-20,10.537778
2003-03-21,10.767047
2003-03-24,10.479778
2003-03-25,10.485300
2003-03-26,10.446631
2003-03-27,10.468728
2003-03-28,10.358243
2003-03-31,10.258802
2003-04-01,10.225656
2003-04-02,10.441107
2003-04-03,10.369291
2003-04-04,10.413489
2003-04-07,10.358243
2003-04-08,10.479778
2003-04-09,10.396915
2003-04-10,10.430057
2003-04-11,10.452157
2003-04-14,10.634459
2003-04-15,10.673132
2003-04-16,10.369291
2003-04-17,10.551599
2003-04-21,10.474246
2003-04-22,10.662086
2003-04-23,10.639986
2003-04-24,10.568162
2003-04-25,10.407960
2003-04-28,10.557117
2003-04-29,10.651031
2003-04-30,10.562643
2003-05-01,10.551599
2003-05-02,10.634459
2003-05-05,10.568162
2003-05-06,10.623415
2003-05-07,10.651031
2003-05-08,10.601313
2003-05-09,10.733900
2003-05-12,10.827819
2003-05-13,10.778090
2003-05-14,10.695230
2003-05-15,10.778090
2003-05-16,10.717327
2003-05-19,10.612366
2003-05-20,10.678658
2003-05-21,10.761522
2003-05-22,10.905153
2003-05-23,10.849911
2003-05-27,10.954875
2003-05-28,11.021167
2003-05-29,10.965924
2003-05-30,11.081934
2003-06-02,11.059840
2003-06-03,11.170323
2003-06-04,11.253194
2003-06-05,11.264236
2003-06-06,11.225569
2003-06-09,11.203471
2003-06-10,11.236622
2003-06-11,11.319482
2003-06-12,11.358154
2003-06-13,11.247669
2003-06-16,11.474170
2003-06-17,11.402354
2003-06-18,11.385777
2003-06-19,11.258715
2003-06-20,11.259826
2003-06-23,11.198782
2003-06-24,11.320874
2003-06-25,11.159937
2003-06-26,11.232085
2003-06-27,11.171037
2003-06-30,11.187684
2003-07-01,11.282025
2003-07-02,11.354168
2003-07-03,11.287577
2003-07-07,11.370814
2003-07-08,11.381914
2003-07-09,11.232085
2003-07-10,11.187684
2003-07-11,11.265377
2003-07-14,11.237629
2003-07-15,11.298675
2003-07-16,11.182132
2003-07-17,11.143289
2003-07-18,11.243179
2003-07-21,11.148840
2003-07-22,11.265377
2003-07-23,11.215433
2003-07-24,11.137736
2003-07-25,11.226526
2003-07-28,11.159937
2003-07-29,11.098894
2003-07-30,11.171037
2003-07-31,11.171037
2003-08-01,11.060046
2003-08-04,11.104438
2003-08-05,10.971255
2003-08-06,11.037850
2003-08-07,11.132187
2003-08-08,11.198782
2003-08-11,11.182132
2003-08-12,11.270924
2003-08-13,11.232085
2003-08-14,11.293124
2003-08-15,11.331968
2003-08-18,11.354168
2003-08-19,11.293124
2003-08-20,11.254279
2003-08-21,11.293124
2003-08-22,11.193235
2003-08-25,11.259826
2003-08-26,11.276469
2003-08-27,11.320874
2003-08-28,11.354168
2003-08-29,11.359715
2003-09-02,11.487352
2003-09-03,11.515104
2003-09-04,11.570594
2003-09-05,11.448501
2003-09-08,11.481801
2003-09-09,11.354168
2003-09-10,11.348621
2003-09-11,11.409661
2003-09-12,11.437410
2003-09-15,11.426308
2003-09-16,11.431858
2003-09-17,11.487352
2003-09-18,11.559496
2003-09-19,11.532214
2003-09-22,11.437549
2003-09-23,11.504369
2003-09-24,11.404140
2003-09-25,11.393003
2003-09-26,11.365159
2003-09-29,11.365159
2003-09-30,11.315039
2003-10-01,11.521072
2003-10-02,11.521072
2003-10-03,11.610167
2003-10-06,11.649153
2003-10-07,11.710398
2003-10-08,11.676990
2003-10-09,11.693696
2003-10-10,11.688132
2003-10-13,11.732677
2003-10-14,11.793934
2003-10-15,11.777223
2003-10-16,11.793934
2003-10-17,11.721538
2003-10-20,11.727110
2003-10-21,11.710398
2003-10-22,11.654716
2003-10-23,11.654716
2003-10-24,11.643579
2003-10-27,11.638007
2003-10-28,11.766089
2003-10-29,11.821774
2003-10-30,11.805064
2003-10-31,11.827339
2003-11-03,11.933144
2003-11-04,11.860755
2003-11-05,11.844042
2003-11-06,11.916438
2003-11-07,11.916438
2003-11-10,11.883023
2003-11-11,11.894160
2003-11-12,11.983251
2003-11-13,11.844042
2003-11-14,11.777223
2003-11-17,11.788361
2003-11-18,11.743814
2003-11-19,11.805064
2003-11-20,11.721538
2003-11-21,11.749382
2003-11-24,11.910863
2003-11-25,11.938708
2003-11-26,11.921999
2003-11-28,11.966550
2003-12-01,11.944278
2003-12-02,11.838479
2003-12-03,11.844042
2003-12-04,11.894160
2003-12-05,11.855177
2003-12-08,11.883023
2003-12-09,11.838479
2003-12-10,11.849610
2003-12-11,11.844042
2003-12-12,11.921999
2003-12-15,11.844042
2003-12-16,11.960982
2003-12-17,11.949841
2003-12-18,12.011096
2003-12-19,11.966925
2003-12-22,12.034019
2003-12-23,12.039615
2003-12-24,12.000469
2003-12-26,12.011658
2003-12-29,12.089944
2003-12-30,12.106719
2003-12-31,12.179416
2004-01-02,12.034019
2004-01-05,12.112311
2004-01-06,12.140272
2004-01-07,12.089944
2004-01-08,12.073165
2004-01-09,11.983701
2004-01-12,12.039615
2004-01-13,12.022838
2004-01-14,12.067574
2004-01-15,12.078760
2004-01-16,12.073165
2004-01-20,12.034019
2004-01-21,12.084355
2004-01-22,12.045211
2004-01-23,12.145864
2004-01-26,12.263295
2004-01-27,12.201781
2004-01-28,12.078760
2004-01-29,12.246520
2004-01-30,12.179416
2004-02-02,12.229743
2004-02-03,12.291252
2004-02-04,12.363955
2004-02-05,12.442237
2004-02-06,12.537302
2004-02-09,12.554082
2004-02-10,12.604412
2004-02-11,12.587632
2004-02-12,12.610002
2004-02-13,12.531714
2004-02-17,12.643554
2004-02-18,12.626781
2004-02-19,12.688289
2004-02-20,12.788939
2004-02-23,12.861643
2004-02-24,12.783352
2004-02-25,12.822500
2004-02-26,12.822500
2004-02-27,12.872828
2004-03-01,13.018225
2004-03-02,12.889600
2004-03-03,12.956706
2004-03-04,12.928747
2004-03-05,12.934342
2004-03-08,12.928747
2004-03-09,12.928747
2004-03-10,12.895191
2004-03-11,12.649145
2004-03-12,12.649145
2004-03-15,12.526119
2004-03-16,12.548494
2004-03-17,12.699471
2004-03-18,12.693884
2004-03-19,12.666940
2004-03-22,12.498574
2004-03-23,12.476126
2004-03-24,12.509797
2004-03-25,12.683779
2004-03-26,12.610828
2004-03-29,12.762346
2004-03-30,12.840921
2004-03-31,12.840921
2004-04-01,12.790413
2004-04-02,12.807251
2004-04-05,12.852145
2004-04-06,12.913888
2004-04-07,12.880215
2004-04-08,12.812860
2004-04-12,12.863370
2004-04-13,12.734286
2004-04-14,12.824085
2004-04-15,12.863370
2004-04-16,12.953166
2004-04-19,12.992457
2004-04-20,12.891438
2004-04-21,12.919497
2004-04-22,13.048575
2004-04-23,13.059810
2004-04-26,13.031747
2004-04-27,13.065411
2004-04-28,12.913888
2004-04-29,12.981229
2004-04-30,13.009291
2004-05-03,13.087857
2004-05-04,13.031747
2004-05-05,13.054200
2004-05-06,12.998073
2004-05-07,12.874603
2004-05-10,12.812860
2004-05-11,12.790413
2004-05-12,12.723060
2004-05-13,12.700614
2004-05-14,12.751130
2004-05-17,12.666940
2004-05-18,12.739900
2004-05-19,12.672553
2004-05-20,12.717454
2004-05-21,12.723060
2004-05-24,12.672553
2004-05-25,12.824085
2004-05-26,12.835310
2004-05-27,12.986835
2004-05-28,12.936333
2004-06-01,12.936333
2004-06-02,13.042967
2004-06-03,13.014902
2004-06-04,13.037349
2004-06-07,13.149601
2004-06-08,13.211329
2004-06-09,13.160829
2004-06-10,13.160829
2004-06-14,13.093483
2004-06-15,13.155215
2004-06-16,13.138371
2004-06-17,13.087857
2004-06-18,13.086171
2004-06-21,13.069283
2004-06-22,13.074908
2004-06-23,13.091805
2004-06-24,13.041110
2004-06-25,12.917178
2004-06-28,12.917178
2004-06-29,12.928447
2004-06-30,13.007310
2004-07-01,12.877739
2004-07-02,12.877739
2004-07-06,12.883378
2004-07-07,12.894645
2004-07-08,12.877739
2004-07-09,12.911541
2004-07-12,12.928447
2004-07-13,12.945342
2004-07-14,12.939713
2004-07-15,12.855210
2004-07-16,12.849573
2004-07-19,12.855210
2004-07-20,12.860841
2004-07-21,12.686205
2004-07-22,12.646777
2004-07-23,12.460876
2004-07-26,12.415806
2004-07-27,12.545378
2004-07-28,12.511577
2004-07-29,12.365109
2004-07-30,12.365109
2004-08-02,12.489043
2004-08-03,12.438347
2004-08-04,12.466513
2004-08-05,12.320041
2004-08-06,12.167950
2004-08-09,12.213011
2004-08-10,12.308776
2004-08-11,12.404545
2004-08-12,12.376372
2004-08-13,12.432711
2004-08-16,12.511577
2004-08-17,12.522844
2004-08-18,12.607343
2004-08-19,12.545378
2004-08-20,12.601709
2004-08-23,12.556643
2004-08-24,12.562271
2004-08-25,12.635512
2004-08-26,12.658051
2004-08-27,12.635512
2004-08-30,12.573545
2004-08-31,12.584814
2004-09-01,12.584814
2004-09-02,12.731275
2004-09-03,12.787606
2004-09-07,12.787606
2004-09-08,12.652403
2004-09-09,12.601709
2004-09-10,12.612979
2004-09-13,12.624241
2004-09-14,12.629878
2004-09-15,12.505945
2004-09-16,12.438347
2004-09-17,12.496613
2004-09-20,12.287293
2004-09-21,12.242043
2004-09-22,12.145864
2004-09-23,12.191125
2004-09-24,12.179815
2004-09-27,12.128901
2004-09-28,12.191125
2004-09-29,12.225077
2004-09-30,12.253357
2004-10-01,12.377816
2004-10-04,12.349523
2004-10-05,12.349523
2004-10-06,12.406102
2004-10-07,12.309928
2004-10-08,12.225077
2004-10-11,12.219413
2004-10-12,12.185472
2004-10-13,12.134559
2004-10-14,12.089298
2004-10-15,12.168500
2004-10-18,12.213757
2004-10-19,12.140213
2004-10-20,12.174154
2004-10-21,12.174154
2004-10-22,12.094954
2004-10-25,12.027071
2004-10-26,12.157187
2004-10-27,12.287293
2004-10-28,12.343874
2004-10-29,12.332556
2004-11-01,12.304274
2004-11-02,12.383471
2004-11-03,12.479639
2004-11-04,12.813416
2004-11-05,12.869982
2004-11-08,12.847350
2004-11-09,12.841699
2004-11-10,12.858673
2004-11-11,12.954837
2004-11-12,12.994447
2004-11-15,13.034041
2004-11-16,12.949179
2004-11-17,12.960499
2004-11-18,12.954837
2004-11-19,12.813416
2004-11-22,12.898271
2004-11-23,12.869982
2004-11-24,12.864330
2004-11-26,12.864330
2004-11-29,12.734215
2004-11-30,12.638041
2004-12-01,12.807755
2004-12-02,12.926550
2004-12-03,12.903924
2004-12-06,12.819068
2004-12-07,12.785129
2004-12-08,12.790783
2004-12-09,12.937872
2004-12-10,12.960499
2004-12-13,12.988786
2004-12-14,13.107583
2004-12-15,13.101929
2004-12-16,13.067986
2004-12-17,12.968575
2004-12-20,12.974253
2004-12-21,13.065147
2004-12-22,13.116266
2004-12-23,13.087866
2004-12-27,13.076500
2004-12-28,13.156034
2004-12-29,13.127628
2004-12-30,13.156034
2004-12-31,13.110587
2005-01-03,13.110587
2005-01-04,13.065147
2005-01-05,12.996976
2005-01-06,13.059464
2005-01-07,13.121950
2005-01-10,13.201476
2005-01-11,13.144667
2005-01-12,13.184435
2005-01-13,13.099218
2005-01-14,13.173069
2005-01-18,13.309408
2005-01-19,13.286686
2005-01-20,13.275318
2005-01-21,13.161711
2005-01-24,13.110587
2005-01-25,13.161711
2005-01-26,13.150352
2005-01-27,13.224191
2005-01-28,13.229879
2005-01-31,13.263958
2005-02-01,13.269639
2005-02-02,13.377574
2005-02-03,13.354848
2005-02-04,13.428693
2005-02-07,13.400295
2005-02-08,13.417335
2005-02-09,13.298038
2005-02-10,13.292363
2005-02-11,13.371887
2005-02-14,13.377574
2005-02-15,13.400295
2005-02-16,13.434373
2005-02-17,13.349164
2005-02-18,13.332129
2005-02-22,13.133317
2005-02-23,13.167396
2005-02-24,13.229879
2005-02-25,13.275318
2005-02-28,13.246912
2005-03-01,13.354848
2005-03-02,13.320766
2005-03-03,13.411653
2005-03-04,13.479822
2005-03-07,13.440056
2005-03-08,13.377574
2005-03-09,13.280995
2005-03-10,13.309408
2005-03-11,13.207151
2005-03-14,13.246912
2005-03-15,13.167396
2005-03-16,13.133317
2005-03-17,13.178756
2005-03-18,13.136540
2005-03-21,13.062390
2005-03-22,12.988238
2005-03-23,13.073802
2005-03-24,13.068094
2005-03-28,13.079500
2005-03-29,13.050977
2005-03-30,13.222103
2005-03-31,13.130838
2005-04-01,13.005347
2005-04-04,13.079500
2005-04-05,13.176475
2005-04-06,13.142249
2005-04-07,13.233515
2005-04-08,13.170764
2005-04-11,13.204991
2005-04-12,13.256330
2005-04-13,13.193583
2005-04-14,13.165070
2005-04-15,13.039570
2005-04-18,12.954007
2005-04-19,12.988238
2005-04-20,12.822820
2005-04-21,13.039570
2005-04-22,12.902677
2005-04-25,13.039570
2005-04-26,12.942603
2005-04-27,12.988238
2005-04-28,12.959715
2005-04-29,12.993935
2005-05-02,13.090914
2005-05-03,13.147957
2005-05-04,13.233515
2005-05-05,13.210703
2005-05-06,13.159354
2005-05-09,13.239218
2005-05-10,13.165070
2005-05-11,13.210703
2005-05-12,13.147957
2005-05-13,13.033869
2005-05-16,13.159354
2005-05-17,13.227807
2005-05-18,13.353296
2005-05-19,13.433157
2005-05-20,13.416044
2005-05-23,13.438861
2005-05-24,13.416044
2005-05-25,13.370413
2005-05-26,13.381816
2005-05-27,13.341889
2005-05-31,13.296255
2005-06-01,13.387527
2005-06-02,13.421749
2005-06-03,13.313368
2005-06-06,13.319075
2005-06-07,13.370413
2005-06-08,13.336181
2005-06-09,13.341889
2005-06-10,13.330481
2005-06-13,13.376118
2005-06-14,13.353296
2005-06-15,13.358996
2005-06-16,13.319075
2005-06-17,13.354609
2005-06-20,13.348883
2005-06-21,13.320221
2005-06-22,13.331691
2005-06-23,13.165468
2005-06-24,13.033639
2005-06-27,13.022176
2005-06-28,13.188401
2005-06-29,13.154011
2005-06-30,13.039370
2005-07-01,13.085223
2005-07-05,13.159733
2005-07-06,13.033639
2005-07-07,13.010715
2005-07-08,13.182662
2005-07-11,13.257170
2005-07-12,13.268637
2005-07-13,13.320221
2005-07-14,13.394729
2005-07-15,13.389000
2005-07-18,13.325953
2005-07-19,13.303024
2005-07-20,13.354609
2005-07-21,13.303024
2005-07-22,13.343143
2005-07-25,13.297294
2005-07-26,13.366067
2005-07-27,13.400454
2005-07-28,13.515096
2005-07-29,13.457775
2005-08-01,13.389000
2005-08-02,13.434851
2005-08-03,13.463514
2005-08-04,13.348883
2005-08-05,13.262903
2005-08-08,13.239981
2005-08-09,13.262903
2005-08-10,13.239981
2005-08-11,13.274369
2005-08-12,13.228518
2005-08-15,13.291561
2005-08-16,13.159733
2005-08-17,13.154011
2005-08-18,13.303024
2005-08-19,13.285834
2005-08-22,13.325953
2005-08-23,13.291561
2005-08-24,13.171197
2005-08-25,13.188401
2005-08-26,13.154011
2005-08-29,13.245708
2005-08-30,13.176932
2005-08-31,13.222781
2005-09-01,13.205579
2005-09-02,13.228518
2005-09-06,13.371810
2005-09-07,13.383270
2005-09-08,13.331691
2005-09-09,13.389000
2005-09-12,13.417654
2005-09-13,13.291561
2005-09-14,13.205579
2005-09-15,13.257170
2005-09-16,13.294619
2005-09-19,13.213978
2005-09-20,13.133327
2005-09-21,12.972036
2005-09-22,13.069970
2005-09-23,13.093010
2005-09-26,13.046929
2005-09-27,13.185169
2005-09-28,13.202453
2005-09-29,13.317657
2005-09-30,13.409819
2005-10-03,13.392544
2005-10-04,13.334933
2005-10-05,13.242771
2005-10-06,13.167888
2005-10-07,13.156364
2005-10-10,13.110285
2005-10-11,13.110285
2005-10-12,13.064206
2005-10-13,13.029648
2005-10-14,13.104525
2005-10-17,13.248534
2005-10-18,13.150610
2005-10-19,13.288855
2005-10-20,13.185169
2005-10-21,13.173651
2005-10-24,13.288855
2005-10-25,13.242771
2005-10-26,13.202453
2005-10-27,13.075724
2005-10-28,13.294619
2005-10-31,13.346457
2005-11-01,13.271575
2005-11-02,13.306139
2005-11-03,13.357979
2005-11-04,13.352216
2005-11-07,13.381009
2005-11-08,13.340693
2005-11-09,13.363740
2005-11-10,13.519266
2005-11-11,13.536545
2005-11-14,13.484697
2005-11-15,13.415582
2005-11-16,13.450139
2005-11-17,13.444379
2005-11-18,13.478945
2005-11-21,13.496222
2005-11-22,13.588386
2005-11-23,13.640230
2005-11-25,13.651752
2005-11-28,13.588386
2005-11-29,13.576867
2005-11-30,13.467423
2005-12-01,13.559583
2005-12-02,13.553821
2005-12-05,13.501985
2005-12-06,13.490463
2005-12-07,13.455896
2005-12-08,13.432858
2005-12-09,13.455896
2005-12-12,13.484697
2005-12-13,13.651752
2005-12-14,13.766952
2005-12-15,13.789994
2005-12-16,13.778415
2005-12-19,13.755256
2005-12-20,13.674211
2005-12-21,13.714732
2005-12-22,13.726316
2005-12-23,13.703155
2005-12-27,13.610529
2005-12-28,13.627892
2005-12-29,13.593155
2005-12-30,13.483166
2006-01-03,13.570004
2006-01-04,13.616316
2006-01-05,13.546849
2006-01-06,13.604738
2006-01-09,13.668419
2006-01-10,13.633682
2006-01-11,13.645264
2006-01-12,13.610529
2006-01-13,13.593155
2006-01-17,13.541061
2006-01-18,13.598951
2006-01-19,13.610529
2006-01-20,13.413694
2006-01-23,13.425274
2006-01-24,13.471589
2006-01-25,13.483166
2006-01-26,13.512109
2006-01-27,13.622104
2006-01-30,13.570004
2006-01-31,13.506325
2006-02-01,13.541061
2006-02-02,13.535269
2006-02-03,13.448421
2006-02-06,13.419482
2006-02-07,13.355801
2006-02-08,13.413694
2006-02-09,13.454221
2006-02-10,13.436848
2006-02-13,13.419482
2006-02-14,13.587374
2006-02-15,13.674211
2006-02-16,13.737889
2006-02-17,13.679997
2006-02-21,13.662635
2006-02-22,13.772628
2006-02-23,13.778415
2006-02-24,13.708945
2006-02-27,13.807363
2006-02-28,13.622104
2006-03-01,13.674211
2006-03-02,13.598951
2006-03-03,13.633682
2006-03-06,13.587374
2006-03-07,13.679997
2006-03-08,13.830519
2006-03-09,13.853678
2006-03-10,13.981037
2006-03-13,13.992611
2006-03-14,13.957879
2006-03-15,13.905779
2006-03-16,13.952092
2006-03-17,13.943948
2006-03-20,14.025421
2006-03-21,13.932311
2006-03-22,14.060336
2006-03-23,13.955584
2006-03-24,13.955584
2006-03-27,13.909027
2006-03-28,13.798454
2006-03-29,13.897377
2006-03-30,13.786816
2006-03-31,13.734438
2006-04-03,13.780997
2006-04-04,13.769354
2006-04-05,13.798454
2006-04-06,13.746078
2006-04-07,13.623858
2006-04-10,13.641325
2006-04-11,13.513289
2006-04-12,13.559846
2006-04-13,13.536574
2006-04-17,13.460915
2006-04-18,13.588948
2006-04-19,13.606398
2006-04-20,13.629687
2006-04-21,13.629687
2006-04-24,13.687879
2006-04-25,13.687879
2006-04-26,13.815914
2006-04-27,13.833370
2006-04-28,13.868284
2006-05-01,13.862468
2006-05-02,13.943948
2006-05-03,13.850833
2006-05-04,13.874113
2006-05-05,14.002140
2006-05-08,14.077796
2006-05-09,14.118533
2006-05-10,14.060336
2006-05-11,13.885753
2006-05-12,13.775174
2006-05-15,13.926487
2006-05-16,13.978864
2006-05-17,13.804275
2006-05-18,13.734438
2006-05-19,13.746078
2006-05-22,13.786816
2006-05-23,13.780997
2006-05-24,13.885753
2006-05-25,14.019599
2006-05-26,14.019599
2006-05-30,13.845015
2006-05-31,13.897377
2006-06-01,13.973048
2006-06-02,13.943948
2006-06-05,13.746078
2006-06-06,13.786816
2006-06-07,13.780997
2006-06-08,13.827552
2006-06-09,13.839194
2006-06-12,13.757719
2006-06-13,13.711158
2006-06-14,13.769354
2006-06-15,13.879934
2006-06-16,13.895731
2006-06-19,13.843064
2006-06-20,13.942536
2006-06-21,13.995190
2006-06-22,13.971789
2006-06-23,13.924978
2006-06-26,14.001042
2006-06-27,13.936683
2006-06-28,14.001042
2006-06-29,14.223372
2006-06-30,14.153165
2006-07-03,14.235074
2006-07-05,14.118056
2006-07-06,14.281879
2006-07-07,14.252625
2006-07-10,14.340385
2006-07-11,14.416451
2006-07-12,14.299427
2006-07-13,14.182415
2006-07-14,14.041996
2006-07-17,14.077099
2006-07-18,14.141461
2006-07-19,14.316989
2006-07-20,14.328685
2006-07-21,14.299427
2006-07-24,14.404747
2006-07-25,14.474960
2006-07-26,14.404747
2006-07-27,14.311134
2006-07-28,14.445707
2006-07-31,14.375492
2006-08-01,14.305277
2006-08-02,14.434007
2006-08-03,14.469110
2006-08-04,14.474960
2006-08-07,14.439856
2006-08-08,14.504216
2006-08-09,14.410601
2006-08-10,14.562719
2006-08-11,14.533472
2006-08-14,14.562719
2006-08-15,14.656335
2006-08-16,14.673887
2006-08-17,14.650483
2006-08-18,14.738252
2006-08-21,14.773350
2006-08-22,14.761644
2006-08-23,14.714839
2006-08-24,14.790909
2006-08-25,14.767502
2006-08-28,14.826013
2006-08-29,14.878661
2006-08-30,14.919620
2006-08-31,14.931324
2006-09-01,15.013234
2006-09-05,14.960571
2006-09-06,14.919620
2006-09-07,14.866961
2006-09-08,14.943021
2006-09-11,15.054193
2006-09-12,15.060036
2006-09-13,14.948877
2006-09-14,15.024931
2006-09-15,15.041399
2006-09-18,14.982598
2006-09-19,15.017885
2006-09-20,15.106077
2006-09-21,14.970831
2006-09-22,14.982598
2006-09-25,14.888518
2006-09-26,14.906157
2006-09-27,15.000238
2006-09-28,14.964961
2006-09-29,14.923794
2006-10-02,14.823842
2006-10-03,14.841484
2006-10-04,15.000238
2006-10-05,14.941437
2006-10-06,14.859119
2006-10-09,14.912041
2006-10-10,14.859119
2006-10-11,14.882641
2006-10-12,14.906157
2006-10-13,14.876755
2006-10-16,14.900279
2006-10-17,14.870883
2006-10-18,14.929673
2006-10-19,14.964961
2006-10-20,15.017885
2006-10-23,15.164886
2006-10-24,15.117839
2006-10-25,15.217806
2006-10-26,15.317769
2006-10-27,15.264844
2006-10-30,15.200165
2006-10-31,15.188402
2006-11-01,15.070804
2006-11-02,15.047277
2006-11-03,14.976722
2006-11-06,15.029645
2006-11-07,15.053167
2006-11-08,15.106077
2006-11-09,15.017885
2006-11-10,15.023765
2006-11-13,14.976722
2006-11-14,15.017885
2006-11-15,15.094324
2006-11-16,15.200165
2006-11-17,15.223684
2006-11-20,15.176651
2006-11-21,15.153129
2006-11-22,15.188402
2006-11-24,15.129602
2006-11-27,14.941437
2006-11-28,15.006121
2006-11-29,15.135484
2006-11-30,15.059043
2006-12-01,15.012002
2006-12-04,15.229575
2006-12-05,15.311885
2006-12-06,15.329525
2006-12-07,15.300134
2006-12-08,15.329525
2006-12-11,15.358931
2006-12-12,15.323650
2006-12-13,15.317769
2006-12-14,15.376575
2006-12-15,15.401400
2006-12-18,15.389572
2006-12-19,15.401400
2006-12-20,15.413216
2006-12-21,15.419129
2006-12-22,15.407299
2006-12-26,15.466409
2006-12-27,15.519595
2006-12-28,15.513675
2006-12-29,15.436853
2007-01-03,15.537325
2007-01-04,15.560961
2007-01-05,15.448669
2007-01-08,15.472309
2007-01-09,15.507767
2007-01-10,15.572783
2007-01-11,15.690984
2007-01-12,15.667344
2007-01-16,15.679159
2007-01-17,15.726433
2007-01-18,15.702797
2007-01-19,15.726433
2007-01-22,15.708711
2007-01-23,15.738265
2007-01-24,15.797359
2007-01-25,15.696888
2007-01-26,15.655523
2007-01-29,15.696888
2007-01-30,15.685073
2007-01-31,15.750081
2007-02-01,15.809180
2007-02-02,15.838727
2007-02-05,15.785535
2007-02-06,15.761906
2007-02-07,15.726433
2007-02-08,15.696888
2007-02-09,15.673248
2007-02-12,15.637794
2007-02-13,15.690984
2007-02-14,15.785535
2007-02-15,15.880106
2007-02-16,15.903740
2007-02-20,15.986483
2007-02-21,15.897831
2007-02-22,15.838727
2007-02-23,15.850552
2007-02-26,15.844645
2007-02-27,15.484134
2007-02-28,15.507767
2007-03-01,15.543234
2007-03-02,15.300919
2007-03-05,15.247732
2007-03-06,15.365933
2007-03-07,15.306831
2007-03-08,15.448669
2007-03-09,15.495945
2007-03-12,15.513675
2007-03-13,15.218182
2007-03-14,15.247732
2007-03-15,15.442761
2007-03-16,15.400592
2007-03-19,15.501559
2007-03-20,15.650043
2007-03-21,15.798525
2007-03-22,15.875740
2007-03-23,15.911376
2007-03-26,15.798525
2007-03-27,15.727254
2007-03-28,15.697564
2007-03-29,15.786650
2007-03-30,15.828223
2007-04-02,15.869796
2007-04-03,15.976705
2007-04-04,16.047976
2007-04-05,16.089552
2007-04-09,16.047976
2007-04-10,16.125183
2007-04-11,16.018282
2007-04-12,16.036098
2007-04-13,16.089552
2007-04-16,16.125183
2007-04-17,16.273674
2007-04-18,16.232090
2007-04-19,16.243975
2007-04-20,16.392462
2007-04-23,16.356821
2007-04-24,16.350883
2007-04-25,16.434029
2007-04-26,16.368700
2007-04-27,16.333065
2007-04-30,16.273674
2007-05-01,16.208340
2007-05-02,16.214273
2007-05-03,16.273674
2007-05-04,16.273674
2007-05-07,16.303358
2007-05-08,16.190514
2007-05-09,16.214273
2007-05-10,16.113308
2007-05-11,16.154886
2007-05-14,16.095488
2007-05-15,16.202396
2007-05-16,16.368700
2007-05-17,16.327126
2007-05-18,16.445908
2007-05-21,16.321180
2007-05-22,16.350883
2007-05-23,16.303358
2007-05-24,16.232090
2007-05-25,16.333065
2007-05-29,16.392462
2007-05-30,16.469666
2007-05-31,16.493425
2007-06-01,16.570637
2007-06-04,16.630032
2007-06-05,16.529060
2007-06-06,16.422148
2007-06-07,16.214273
2007-06-08,16.309305
2007-06-11,16.398394
2007-06-12,16.243975
2007-06-13,16.368700
2007-06-14,16.392462
2007-06-15,16.427715
2007-06-18,16.344049
2007-06-19,16.224531
2007-06-20,16.206606
2007-06-21,16.254419
2007-06-22,16.164774
2007-06-25,16.093065
2007-06-26,16.051228
2007-06-27,16.176722
2007-06-28,16.146851
2007-06-29,16.164774
2007-07-02,16.296244
2007-07-03,16.290258
2007-07-05,16.278311
2007-07-06,16.373930
2007-07-09,16.373930
2007-07-10,16.224531
2007-07-11,16.302219
2007-07-12,16.439661
2007-07-13,16.553202
2007-07-16,16.487474
2007-07-17,16.409782
2007-07-18,16.415760
2007-07-19,16.469545
2007-07-20,16.373930
2007-07-23,16.373930
2007-07-24,16.254419
2007-07-25,16.254419
2007-07-26,16.015381
2007-07-27,15.800242
2007-07-30,15.836100
2007-07-31,15.704635
2007-08-01,15.937696
2007-08-02,15.955626
2007-08-03,15.925737
2007-08-06,16.338076
2007-08-07,16.296244
2007-08-08,16.583086
2007-08-09,16.284292
2007-08-10,16.194654
2007-08-13,16.146851
2007-08-14,15.889886
2007-08-15,15.806226
2007-08-16,15.848046
2007-08-17,15.925737
2007-08-20,16.045254
2007-08-21,16.045254
2007-08-22,16.087090
2007-08-23,16.093065
2007-08-24,16.206606
2007-08-27,16.134895
2007-08-28,15.949642
2007-08-29,16.087090
2007-08-30,16.033306
2007-08-31,16.075134
2007-09-04,16.248430
2007-09-05,16.099037
2007-09-06,16.057213
2007-09-07,15.985496
2007-09-10,16.027328
2007-09-11,16.134895
2007-09-12,16.218557
2007-09-13,16.266369
2007-09-14,16.361971
2007-09-17,16.266369
2007-09-18,16.583086
2007-09-19,16.595034
2007-09-20,16.612965
2007-09-21,16.621378
2007-09-24,16.609354
2007-09-25,16.585327
2007-09-26,16.699495
2007-09-27,16.759592
2007-09-28,16.813671
2007-10-01,16.765598
2007-10-02,16.771603
2007-10-03,16.729549
2007-10-04,16.765598
2007-10-05,16.825693
2007-10-08,16.717522
2007-10-09,16.813671
2007-10-10,16.885782
2007-10-11,16.927849
2007-10-12,16.963902
2007-10-15,16.909819
2007-10-16,16.837709
2007-10-17,16.897793
2007-10-18,16.837709
2007-10-19,16.663443
2007-10-22,16.771603
2007-10-23,16.825693
2007-10-24,16.777615
2007-10-25,16.915827
2007-10-26,17.030003
2007-10-29,17.036013
2007-10-30,16.963902
2007-10-31,17.072071
2007-11-01,16.735558
2007-11-02,16.843719
2007-11-05,16.867758
2007-11-06,16.981926
2007-11-07,16.795645
2007-11-08,16.915827
2007-11-09,16.753576
2007-11-12,16.765598
2007-11-13,17.017982
2007-11-14,17.102116
2007-11-15,17.090086
2007-11-16,17.168211
2007-11-19,17.048029
2007-11-20,17.186247
2007-11-21,16.975922
2007-11-23,17.150183
2007-11-26,16.975922
2007-11-27,17.156191
2007-11-28,17.426609
2007-11-29,17.516745
2007-11-30,17.540779
2007-12-03,17.474684
2007-12-04,17.450645
2007-12-05,17.522758
2007-12-06,17.516745
2007-12-07,17.703028
2007-12-10,17.721060
2007-12-11,17.528761
2007-12-12,17.576836
2007-12-13,17.654949
2007-12-14,17.438631
2007-12-17,17.318441
2007-12-18,17.240320
2007-12-19,17.384533
2007-12-20,17.306421
2007-12-21,17.721376
2007-12-24,17.697210
2007-12-26,17.636814
2007-12-27,17.467693
2007-12-28,17.534136
2007-12-31,17.395214
2008-01-02,17.147570
2008-01-03,17.056971
2008-01-04,16.984486
2008-01-07,17.183821
2008-01-08,17.056971
2008-01-09,17.286495
2008-01-10,17.316692
2008-01-11,17.075092
2008-01-14,17.002613
2008-01-15,16.821409
2008-01-16,16.761011
2008-01-17,16.640215
2008-01-18,16.398603
2008-01-22,16.229488
2008-01-23,16.428812
2008-01-24,16.350288
2008-01-25,16.126816
2008-01-28,16.253647
2008-01-29,16.301977
2008-01-30,16.187214
2008-01-31,16.428812
2008-02-01,16.591887
2008-02-04,16.489204
2008-02-05,16.265726
2008-02-06,16.199293
2008-02-07,16.368410
2008-02-08,16.187214
2008-02-11,16.392580
2008-02-12,16.610018
2008-02-13,16.531485
2008-02-14,16.446924
2008-02-15,16.519409
2008-02-19,16.785170
2008-02-20,16.428812
2008-02-21,16.489204
2008-02-22,16.670412
2008-02-25,16.694572
2008-02-26,16.899927
2008-02-27,16.670412
2008-02-28,16.700609
2008-02-29,16.386532
2008-03-03,16.549608
2008-03-04,16.537525
2008-03-05,16.579815
2008-03-06,16.428812
2008-03-07,16.350288
2008-03-10,16.265726
2008-03-11,16.610018
2008-03-12,16.567734
2008-03-13,16.567734
2008-03-14,16.283852
2008-03-17,16.193253
2008-03-18,16.489204
2008-03-19,16.579815
2008-03-20,16.771700
2008-03-24,16.959940
2008-03-25,17.002443
2008-03-26,16.862783
2008-03-27,16.947796
2008-03-28,16.929583
2008-03-31,16.917433
2008-04-01,17.123898
2008-04-02,17.129963
2008-04-03,17.081383
2008-04-04,17.227118
2008-04-07,17.117819
2008-04-08,17.111746
2008-04-09,16.941723
2008-04-10,16.984222
2008-04-11,16.874924
2008-04-14,16.868855
2008-04-15,16.972080
2008-04-16,17.069242
2008-04-17,17.093529
2008-04-18,16.978155
2008-04-21,17.026733
2008-04-22,16.923508
2008-04-23,17.032803
2008-04-24,17.057093
2008-04-25,16.959940
2008-04-28,17.063168
2008-04-29,17.081383
2008-04-30,16.789911
2008-05-01,17.093529
2008-05-02,17.069242
2008-05-05,17.008520
2008-05-06,17.117819
2008-05-07,16.953869
2008-05-08,17.002443
2008-05-09,16.905289
2008-05-12,17.093529
2008-05-13,17.032803
2008-05-14,17.099598
2008-05-15,17.306061
2008-05-16,17.299986
2008-05-19,17.397144
2008-05-20,17.136032
2008-05-21,16.959940
2008-05-22,17.142107
2008-05-23,17.051025
2008-05-27,17.099598
2008-05-28,17.123898
2008-05-29,17.190681
2008-05-30,17.299986
2008-06-02,17.148178
2008-06-03,17.239260
2008-06-04,17.227118
2008-06-05,17.403217
2008-06-06,16.972080
2008-06-09,17.032803
2008-06-10,17.063168
2008-06-11,16.972080
2008-06-12,17.087458
2008-06-13,17.075304
2008-06-16,16.893145
2008-06-17,16.838488
2008-06-18,16.650253
2008-06-19,16.704895
2008-06-20,16.515236
2008-06-23,16.454254
2008-06-24,16.509134
2008-06-25,16.881153
2008-06-26,16.368868
2008-06-27,16.198097
2008-06-30,16.313978
2008-07-01,16.295687
2008-07-02,16.277384
2008-07-03,16.265188
2008-07-07,16.429848
2008-07-08,16.643307
2008-07-09,16.478638
2008-07-10,16.600613
2008-07-11,16.423756
2008-07-14,16.435951
2008-07-15,16.405457
2008-07-16,16.612812
2008-07-17,16.643307
2008-07-18,16.362764
2008-07-21,16.326168
2008-07-22,16.612812
2008-07-23,16.728685
2008-07-24,16.625010
2008-07-25,16.533529
2008-07-28,16.393251
2008-07-29,16.777475
2008-07-30,16.972633
2008-07-31,16.710382
2008-08-01,16.679895
2008-08-04,16.832367
2008-08-05,17.125101
2008-08-06,17.308062
2008-08-07,16.972633
2008-08-08,17.326359
2008-08-11,17.478828
2008-08-12,17.600792
2008-08-13,17.423939
2008-08-14,17.503222
2008-08-15,17.673983
2008-08-18,17.600792
2008-08-19,17.362946
2008-08-20,17.369051
2008-08-21,17.179983
2008-08-22,17.491024
2008-08-25,17.210484
2008-08-26,17.143400
2008-08-27,17.222677
2008-08-28,17.332455
2008-08-29,17.161695
2008-09-02,17.350756
2008-09-03,17.222677
2008-09-04,17.112900
2008-09-05,17.271473
2008-09-08,17.637392
2008-09-09,17.545914
2008-09-10,17.667879
2008-09-11,17.741076
2008-09-12,17.777658
2008-09-15,17.564199
2008-09-16,17.564199
2008-09-17,16.936039
2008-09-18,17.045820
2008-09-19,17.008356
2008-09-22,16.916260
2008-09-23,16.689074
2008-09-24,16.658371
2008-09-25,17.069763
2008-09-26,17.008356
2008-09-29,16.369781
2008-09-30,16.946959
2008-10-01,17.069763
2008-10-02,16.854856
2008-10-03,16.719772
2008-10-06,16.234694
2008-10-07,15.718920
2008-10-08,15.289104
2008-10-09,14.368075
2008-10-10,14.490881
2008-10-13,15.166298
2008-10-14,15.197004
2008-10-15,14.675084
2008-10-16,14.816310
2008-10-17,14.926833
2008-10-20,15.049638
2008-10-21,14.908409
2008-10-22,14.675084
2008-10-23,14.736483
2008-10-24,13.999664
2008-10-27,13.643531
2008-10-28,14.582987
2008-10-29,14.300536
2008-10-30,14.902271
2008-10-31,14.810176
2008-11-03,15.037359
2008-11-04,15.258407
2008-11-05,14.988239
2008-11-06,14.828581
2008-11-07,14.896134
2008-11-10,14.939106
2008-11-11,14.601406
2008-11-12,14.288257
2008-11-13,14.859293
2008-11-14,14.417200
2008-11-17,14.226850
2008-11-18,14.325096
2008-11-19,13.956677
2008-11-20,13.471605
2008-11-21,14.116327
2008-11-24,14.294388
2008-11-25,14.374226
2008-11-26,14.558422
2008-11-28,14.779467
2008-12-01,13.962822
2008-12-02,14.165449
2008-12-03,14.337375
2008-12-04,14.153169
2008-12-05,14.552292
2008-12-08,14.638245
2008-12-09,14.355798
2008-12-10,14.349658
2008-12-11,14.190006
2008-12-12,14.208426
2008-12-15,14.196150
2008-12-16,14.527724
2008-12-17,14.454038
2008-12-18,14.503158
2008-12-19,14.385500
2008-12-22,14.422658
2008-12-23,14.304989
2008-12-24,14.428843
2008-12-26,14.441234
2008-12-29,14.410271
2008-12-30,14.639395
2008-12-31,14.781834
2009-01-02,14.992378
2009-01-05,15.054305
2009-01-06,14.831372
2009-01-07,14.682745
2009-01-08,14.490771
2009-01-09,14.243073
2009-01-12,14.249260
2009-01-13,14.335954
2009-01-14,14.020130
2009-01-15,14.082061
2009-01-16,14.212106
2009-01-20,14.044902
2009-01-21,14.113027
2009-01-22,14.100633
2009-01-23,13.964400
2009-01-26,14.057287
2009-01-27,14.131609
2009-01-28,14.274035
2009-01-29,14.150178
2009-01-30,13.716692
2009-02-02,13.599033
2009-02-03,13.896282
2009-02-04,13.518527
2009-02-05,13.710505
2009-02-06,13.945822
2009-02-09,13.809586
2009-02-10,13.363709
2009-02-11,13.438027
2009-02-12,13.561876
2009-02-13,13.351324
2009-02-17,13.159358
2009-02-18,13.227471
2009-02-19,13.394675
2009-02-20,13.190323
2009-02-23,12.849724
2009-02-24,13.097430
2009-02-25,12.973582
2009-02-26,12.688721
2009-02-27,12.608215
2009-03-02,12.366697
2009-03-03,12.218076
2009-03-04,12.453398
2009-03-05,12.168530
2009-03-06,12.205692
2009-03-09,12.019907
2009-03-10,12.242846
2009-03-11,12.230461
2009-03-12,12.546282
2009-03-13,12.732064
2009-03-16,12.930227
2009-03-17,13.171744
2009-03-18,13.103619
2009-03-19,12.936422
2009-03-20,12.813704
2009-03-23,13.374345
2009-03-24,13.312050
2009-03-25,13.442866
2009-03-26,13.592363
2009-03-27,13.461555
2009-03-30,13.168774
2009-03-31,13.143850
2009-04-01,13.368117
2009-04-02,13.648437
2009-04-03,13.592363
2009-04-06,13.629744
2009-04-07,13.380569
2009-04-08,13.492702
2009-04-09,13.498930
2009-04-13,13.461555
2009-04-14,13.274672
2009-04-15,13.511387
2009-04-16,13.692043
2009-04-17,13.760564
2009-04-20,13.492702
2009-04-21,13.629744
2009-04-22,13.449092
2009-04-23,13.449092
2009-04-24,13.393033
2009-04-27,13.474013
2009-04-28,13.536304
2009-04-29,13.760564
2009-04-30,13.704500
2009-05-01,13.760564
2009-05-04,13.972357
2009-05-05,13.854004
2009-05-06,13.941206
2009-05-07,13.997275
2009-05-08,14.177929
2009-05-11,14.109406
2009-05-12,14.277593
2009-05-13,14.015964
2009-05-14,14.065802
2009-05-15,13.934979
2009-05-18,14.227751
2009-05-19,14.308737
2009-05-20,14.327432
2009-05-21,14.196617
2009-05-22,14.283824
2009-05-26,14.464468
2009-05-27,14.096946
2009-05-28,14.246449
2009-05-29,14.402182
2009-06-01,14.688730
2009-06-02,14.838232
2009-06-03,14.763482
2009-06-04,14.788393
2009-06-05,14.713639
2009-06-08,14.769709
2009-06-09,14.638893
2009-06-10,14.476933
2009-06-11,14.539220
2009-06-12,14.651351
2009-06-15,14.296280
2009-06-16,14.109406
2009-06-17,14.252680
2009-06-18,14.514304
2009-06-19,14.368052
2009-06-22,14.311563
2009-06-23,14.223677
2009-06-24,14.261341
2009-06-25,14.506145
2009-06-26,14.455930
2009-06-29,14.543811
2009-06-30,14.430823
2009-07-01,14.675630
2009-07-02,14.368052
2009-07-06,14.663074
2009-07-07,14.481043
2009-07-08,14.543811
2009-07-09,14.437104
2009-07-10,14.368052
2009-07-13,14.625407
2009-07-14,14.669350
2009-07-15,14.907872
2009-07-16,15.008307
2009-07-17,15.020864
2009-07-20,15.064802
2009-07-21,15.045966
2009-07-22,15.052249
2009-07-23,15.259388
2009-07-24,15.397476
2009-07-27,15.340983
2009-07-28,15.359821
2009-07-29,15.441420
2009-07-30,15.422590
2009-07-31,15.391204
2009-08-03,15.410041
2009-08-04,15.435144
2009-08-05,15.334715
2009-08-06,15.177786
2009-08-07,15.240551
2009-08-10,15.253107
2009-08-11,15.253107
2009-08-12,15.246829
2009-08-13,15.334715
2009-08-14,15.315874
2009-08-17,15.158948
2009-08-18,15.184061
2009-08-19,15.284496
2009-08-20,15.359821
2009-08-21,15.529300
2009-08-24,15.535575
2009-08-25,15.560682
2009-08-26,15.610899
2009-08-27,15.610899
2009-08-28,15.548130
2009-08-31,15.579515
2009-09-01,15.435144
2009-09-02,15.447700
2009-09-03,15.479088
2009-09-04,15.592066
2009-09-08,15.723882
2009-09-09,15.717596
2009-09-10,15.830592
2009-09-11,15.899637
2009-09-14,15.861980
2009-09-15,15.780384
2009-09-16,15.905915
2009-09-17,15.849419
2009-09-18,16.057413
2009-09-21,16.006844
2009-09-22,16.038452
2009-09-23,16.038452
2009-09-24,15.956269
2009-09-25,15.956269
2009-09-28,15.987873
2009-09-29,16.063736
2009-09-30,16.095339
2009-10-01,15.949947
2009-10-02,16.000519
2009-10-05,16.038452
2009-10-06,16.183855
2009-10-07,16.253391
2009-10-08,16.348217
2009-10-09,16.386152
2009-10-12,16.455688
2009-10-13,16.398788
2009-10-14,16.455688
2009-10-15,16.582127
2009-10-16,16.670626
2009-10-19,16.765461
2009-10-20,16.746492
2009-10-21,16.620052
2009-10-22,16.645342
2009-10-23,16.480974
2009-10-26,16.354540
2009-10-27,16.367184
2009-10-28,16.322927
2009-10-29,16.588440
2009-10-30,16.329248
2009-11-02,16.487299
2009-11-03,16.379827
2009-11-04,16.443039
2009-11-05,16.518911
2009-11-06,16.563158
2009-11-09,16.834999
2009-11-10,16.828674
2009-11-11,16.879250
2009-11-12,16.778109
2009-11-13,16.891893
2009-11-16,16.986727
2009-11-17,17.068903
2009-11-18,17.056259
2009-11-19,16.974081
2009-11-20,16.999374
2009-11-23,17.144770
2009-11-24,17.182690
2009-11-25,17.151094
2009-11-27,16.993048
2009-11-30,16.929827
2009-12-01,17.163723
2009-12-02,17.144770
2009-12-03,17.012014
2009-12-04,17.100515
2009-12-07,17.081547
2009-12-08,16.885563
2009-12-09,16.917181
2009-12-10,16.974081
2009-12-11,17.068903
2009-12-14,17.132122
2009-12-15,17.062578
2009-12-16,16.980396
2009-12-17,16.778109
2009-12-18,16.745552
2009-12-21,16.834896
2009-12-22,16.949760
2009-12-23,16.962530
2009-12-24,17.026346
2009-12-28,17.058260
2009-12-29,17.090170
2009-12-30,17.058260
2009-12-31,16.892334
2010-01-04,17.019966
2010-01-05,17.026346
2010-01-06,17.013586
2010-01-07,17.013586
2010-01-08,16.956154
2010-01-11,17.000822
2010-01-12,17.096546
2010-01-13,17.217806
2010-01-14,17.166746
2010-01-15,17.083782
2010-01-19,17.185884
2010-01-20,17.058260
2010-01-21,16.815748
2010-01-22,16.777464
2010-01-25,16.809370
2010-01-26,16.790224
2010-01-27,16.828518
2010-01-28,16.783844
2010-01-29,16.720026
2010-02-01,16.847662
2010-02-02,17.090170
2010-02-03,16.968920
2010-02-04,16.624304
2010-02-05,16.579628
2010-02-08,16.560490
2010-02-09,16.758316
2010-02-10,16.739176
2010-02-11,16.873192
2010-02-12,16.873192
2010-02-16,17.045488
2010-02-17,17.166746
2010-02-18,17.268854
2010-02-19,17.307146
2010-02-22,17.307146
2010-02-23,17.211412
2010-02-24,17.319906
2010-02-25,17.332666
2010-02-26,17.249710
2010-03-01,17.370960
2010-03-02,17.434782
2010-03-03,17.441158
2010-03-04,17.498596
2010-03-05,17.607079
2010-03-08,17.543261
2010-03-09,17.517738
2010-03-10,17.492208
2010-03-11,17.524128
2010-03-12,17.536888
2010-03-15,17.670897
2010-03-16,17.753859
2010-03-17,17.830444
2010-03-18,17.849588
2010-03-19,17.797037
2010-03-22,17.886763
2010-03-23,18.027752
2010-03-24,17.899578
2010-03-25,17.873938
2010-03-26,17.886763
2010-03-29,17.970074
2010-03-30,18.002115
2010-03-31,17.899578
2010-04-01,18.014936
2010-04-05,18.014936
2010-04-06,17.957253
2010-04-07,17.841898
2010-04-08,17.873938
2010-04-09,17.970074
2010-04-12,18.027752
2010-04-13,17.970074
2010-04-14,17.995708
2010-04-15,17.963667
2010-04-16,17.886763
2010-04-19,17.957253
2010-04-20,18.008522
2010-04-21,18.008522
2010-04-22,18.008522
2010-04-23,17.963667
2010-04-26,17.925203
2010-04-27,17.611187
2010-04-28,17.752176
2010-04-29,17.809849
2010-04-30,17.707315
2010-05-03,17.809849
2010-05-04,17.630407
2010-05-05,17.694492
2010-05-06,17.252291
2010-05-07,17.136942
2010-05-10,17.636822
2010-05-11,17.630407
2010-05-12,17.752176
2010-05-13,17.643221
2010-05-14,17.476599
2010-05-17,17.662449
2010-05-18,17.559908
2010-05-19,17.515057
2010-05-20,16.995941
2010-05-21,17.060034
2010-05-24,16.938276
2010-05-25,16.739599
2010-05-26,16.630642
2010-05-27,16.970314
2010-05-28,16.887001
2010-06-01,16.848549
2010-06-02,17.136942
2010-06-03,17.162567
2010-06-04,16.707554
2010-06-07,16.579369
2010-06-08,16.848549
2010-06-09,16.816505
2010-06-10,17.104893
2010-06-11,16.963896
2010-06-14,17.060034
2010-06-15,17.233063
2010-06-16,17.117714
2010-06-17,17.271523
2010-06-18,17.208260
2010-06-21,17.163084
2010-06-22,16.975885
2010-06-23,17.085619
2010-06-24,16.879068
2010-06-25,16.704796
2010-06-28,16.846798
2010-06-29,16.575701
2010-06-30,16.459515
2010-07-01,16.491789
2010-07-02,16.427246
2010-07-06,16.524059
2010-07-07,16.840349
2010-07-08,17.092073
2010-07-09,17.092073
2010-07-12,17.150177
2010-07-13,17.305080
2010-07-14,17.311537
2010-07-15,17.363180
2010-07-16,17.117903
2010-07-19,17.150177
2010-07-20,17.356726
2010-07-21,17.169533
2010-07-22,17.363180
2010-07-23,17.524546
2010-07-26,17.614912
2010-07-27,17.679459
2010-07-28,17.582632
2010-07-29,17.369631
2010-07-30,17.414814
2010-08-02,17.614912
2010-08-03,17.459997
2010-08-04,17.524546
2010-08-05,17.447084
2010-08-06,17.485819
2010-08-09,17.576183
2010-08-10,17.614912
2010-08-11,17.324450
2010-08-12,17.305080
2010-08-13,17.298628
2010-08-16,17.279266
2010-08-17,17.447084
2010-08-18,17.459997
2010-08-19,17.253447
2010-08-20,17.253447
2010-08-23,17.292179
2010-08-24,17.208260
2010-08-25,17.246988
2010-08-26,17.117903
2010-08-27,17.227631
2010-08-30,17.079168
2010-08-31,17.092073
2010-09-01,17.395451
2010-09-02,17.505182
2010-09-03,17.614912
2010-09-07,17.543911
2010-09-08,17.621368
2010-09-09,17.679459
2010-09-10,17.763372
2010-09-13,17.782736
2010-09-14,17.815002
2010-09-15,17.937651
2010-09-16,17.957005
2010-09-17,17.909554
2010-09-20,18.104584
2010-09-21,18.072069
2010-09-22,18.104584
2010-09-23,17.987560
2010-09-24,18.228094
2010-09-27,18.124079
2010-09-28,18.241089
2010-09-29,18.189091
2010-09-30,18.124079
2010-10-01,18.156584
2010-10-04,18.104584
2010-10-05,18.273602
2010-10-06,18.351606
2010-10-07,18.286594
2010-10-08,18.325602
2010-10-11,18.345102
2010-10-12,18.390602
2010-10-13,18.546625
2010-10-14,18.553129
2010-10-15,18.598629
2010-10-18,18.663635
2010-10-19,18.436117
2010-10-20,18.598629
2010-10-21,18.663635
2010-10-22,18.728645
2010-10-25,18.774151
2010-10-26,18.670134
2010-10-27,18.572634
2010-10-28,18.637632
2010-10-29,18.702642
2010-11-01,18.624638
2010-11-02,18.735146
2010-11-03,18.793652
2010-11-04,19.021189
2010-11-05,18.923672
2010-11-08,18.891159
2010-11-09,18.793652
2010-11-10,18.735146
2010-11-11,18.754652
2010-11-12,18.663635
2010-11-15,18.670134
2010-11-16,18.462118
2010-11-17,18.468616
2010-11-18,18.715647
2010-11-19,18.728645
2010-11-22,18.728645
2010-11-23,18.507622
2010-11-24,18.650640
2010-11-26,18.527122
2010-11-29,18.494619
2010-11-30,18.410110
2010-12-01,18.709143
2010-12-02,18.722143
2010-12-03,18.728645
2010-12-06,18.683142
2010-12-07,18.787159
2010-12-08,18.858665
2010-12-09,18.910673
2010-12-10,18.943174
2010-12-13,18.943174
2010-12-14,19.034180
2010-12-15,19.053688
2010-12-16,19.222710
2010-12-17,19.252869
2010-12-20,19.233198
2010-12-21,19.187296
2010-12-22,19.272539
2010-12-23,19.279095
2010-12-27,19.187296
2010-12-28,19.239754
2010-12-29,19.246315
2010-12-30,19.213522
2010-12-31,19.220078
2011-01-03,19.246315
2011-01-04,19.193850
2011-01-05,19.200403
2011-01-06,19.134832
2011-01-07,19.036472
2011-01-10,19.049580
2011-01-11,19.036472
2011-01-12,19.193850
2011-01-13,19.233198
2011-01-14,19.233198
2011-01-18,19.246315
2011-01-19,19.206968
2011-01-20,19.305332
2011-01-21,19.338112
2011-01-24,19.370909
2011-01-25,19.436478
2011-01-26,19.384016
2011-01-27,19.187296
2011-01-28,19.003681
2011-01-31,18.938107
2011-02-01,19.075813
2011-02-02,19.003681
2011-02-03,19.102047
2011-02-04,19.213522
2011-02-07,19.239754
2011-02-08,19.331564
2011-02-09,19.364344
2011-02-10,19.292212
2011-02-11,19.397133
2011-02-14,19.311884
2011-02-15,19.305332
2011-02-16,19.357786
2011-02-17,19.488937
2011-02-18,19.541403
2011-02-22,19.403685
2011-02-23,19.357786
2011-02-24,19.279095
2011-02-25,19.377460
2011-02-28,19.488937
2011-03-01,19.338112
2011-03-02,19.285656
2011-03-03,19.482382
2011-03-04,19.397133
2011-03-07,19.344679
2011-03-08,19.515167
2011-03-09,19.613529
2011-03-10,19.482382
2011-03-11,19.495495
2011-03-14,19.357786
2011-03-15,19.187296
2011-03-16,18.911880
2011-03-17,19.003681
2011-03-18,19.158009
2011-03-21,19.395430
2011-03-22,19.369041
2011-03-23,19.402014
2011-03-24,19.580078
2011-03-25,19.580078
2011-03-28,19.573479
2011-03-29,19.665808
2011-03-30,19.771324
2011-03-31,19.731749
2011-04-01,19.830679
2011-04-04,19.870247
2011-04-05,19.890030
2011-04-06,19.982361
2011-04-07,20.008738
2011-04-08,19.949389
2011-04-11,20.054901
2011-04-12,20.120850
2011-04-13,20.134048
2011-04-14,20.252745
2011-04-15,20.338478
2011-04-18,20.226370
2011-04-19,20.265930
2011-04-20,20.371452
2011-04-21,20.378050
2011-04-25,20.325291
2011-04-26,20.463783
2011-04-27,20.595678
2011-04-28,20.727571
2011-04-29,20.786930
2011-05-02,20.813311
2011-05-03,20.866066
2011-05-04,20.839684
2011-05-05,20.681412
2011-05-06,20.734177
2011-05-09,20.806707
2011-05-10,20.932009
2011-05-11,20.892448
2011-05-12,21.202415
2011-05-13,21.176027
2011-05-16,21.182611
2011-05-17,21.228775
2011-05-18,21.261759
2011-05-19,21.380463
2011-05-20,21.314522
2011-05-23,21.169426
2011-05-24,21.149645
2011-05-25,21.011154
2011-05-26,21.044128
2011-05-27,21.129852
2011-05-31,21.307922
2011-06-01,21.090294
2011-06-02,20.846285
2011-06-03,20.648438
2011-06-06,20.542915
2011-06-07,20.496758
2011-06-08,20.509945
2011-06-09,20.622057
2011-06-10,20.384640
2011-06-13,20.476967
2011-06-14,20.694601
2011-06-15,20.384640
2011-06-16,20.549522
2011-06-17,20.680349
2011-06-20,20.833090
2011-06-21,20.813160
2011-06-22,20.680349
2011-06-23,20.494389
2011-06-24,20.328367
2011-06-27,20.421347
2011-06-28,20.461191
2011-06-29,20.580727
2011-06-30,20.740107
2011-07-01,20.899494
2011-07-05,20.892851
2011-07-06,21.005756
2011-07-07,21.151857
2011-07-08,21.078804
2011-07-11,20.926064
2011-07-12,20.859653
2011-07-13,20.859653
2011-07-14,20.766672
2011-07-15,20.826448
2011-07-18,20.693626
2011-07-19,20.979193
2011-07-20,20.945992
2011-07-21,21.118652
2011-07-22,21.078804
2011-07-25,20.886219
2011-07-26,20.833090
2011-07-27,20.607292
2011-07-28,20.607292
2011-07-29,20.474464
2011-08-01,20.401417
2011-08-02,20.135777
2011-08-03,20.215467
2011-08-04,19.584564
2011-08-05,19.863489
2011-08-08,19.113045
2011-08-09,19.577917
2011-08-10,18.827484
2011-08-11,19.385332
2011-08-12,19.617765
2011-08-15,19.896692
2011-08-16,19.943182
2011-08-17,20.075998
2011-08-18,19.717388
2011-08-19,19.624405
2011-08-22,19.684175
2011-08-23,20.089287
2011-08-24,20.175623
2011-08-25,19.870123
2011-08-26,20.036154
2011-08-29,20.394777
2011-08-30,20.447905
2011-08-31,20.514313
2011-09-01,20.441265
2011-09-02,20.149061
2011-09-06,20.069363
2011-09-07,20.427984
2011-09-08,20.374857
2011-09-09,19.923254
2011-09-12,19.943182
2011-09-13,20.016237
2011-09-14,20.255312
2011-09-15,20.494389
2011-09-16,20.627491
2011-09-19,20.453594
2011-09-20,20.493729
2011-09-21,20.072348
2011-09-22,19.691097
2011-09-23,19.731230
2011-09-26,20.112484
2011-09-27,20.232864
2011-09-28,19.851625
2011-09-29,20.045586
2011-09-30,19.838251
2011-10-03,19.550634
2011-10-04,19.737921
2011-10-05,19.764677
2011-10-06,19.998777
2011-10-07,20.112484
2011-10-10,20.426838
2011-10-11,20.386707
2011-10-12,20.547234
2011-10-13,20.487034
2011-10-14,20.647562
2011-10-17,20.507101
2011-10-18,20.660934
2011-10-19,20.600742
2011-10-20,20.714445
2011-10-21,21.048876
2011-10-24,20.901726
2011-10-25,20.654249
2011-10-26,20.861591
2011-10-27,21.129129
2011-10-28,21.075624
2011-10-31,20.761265
2011-11-01,20.400087
2011-11-02,20.594055
2011-11-03,20.848221
2011-11-04,20.727819
2011-11-07,20.901726
2011-11-08,21.109076
2011-11-09,20.614119
2011-11-10,20.814781
2011-11-11,21.055563
2011-11-14,20.874971
2011-11-15,20.975298
2011-11-16,20.788015
2011-11-17,20.714445
2011-11-18,20.774641
2011-11-21,20.440216
2011-11-22,20.460283
2011-11-23,20.239567
2011-11-25,20.313133
2011-11-28,20.634186
2011-11-29,20.848221
2011-11-30,21.336485
2011-12-01,21.303034
2011-12-02,21.229465
2011-12-05,21.356543
2011-12-06,21.383297
2011-12-07,21.436811
2011-12-08,21.189339
2011-12-09,21.410053
2011-12-12,21.216084
2011-12-13,21.169264
2011-12-14,21.062254
2011-12-15,21.276279
2011-12-16,21.252666
2011-12-19,21.164925
2011-12-20,21.603611
2011-12-21,21.833080
2011-12-22,21.826334
2011-12-23,21.981556
2011-12-27,22.022051
2011-12-28,21.914066
2011-12-29,22.028801
2011-12-30,21.927567
2012-01-03,21.907318
2012-01-04,21.860077
2012-01-05,21.846571
2012-01-06,21.704845
2012-01-09,21.738594
2012-01-10,21.812826
2012-01-11,21.718348
2012-01-12,21.711603
2012-01-13,21.691351
2012-01-17,21.772333
2012-01-18,21.819586
2012-01-19,21.860077
2012-01-20,21.866819
2012-01-23,21.846571
2012-01-24,21.725090
2012-01-25,21.974815
2012-01-26,21.893814
2012-01-27,21.745344
2012-01-30,21.603611
2012-01-31,21.617109
2012-02-01,21.772333
2012-02-02,21.853329
2012-02-03,21.920818
2012-02-06,21.907318
2012-02-07,21.927567
2012-02-08,21.934317
2012-02-09,22.055799
2012-02-10,22.008547
2012-02-13,22.103046
2012-02-14,22.157034
2012-02-15,22.150284
2012-02-16,22.292006
2012-02-17,22.312260
2012-02-21,22.184029
2012-02-22,22.123289
2012-02-23,22.238026
2012-02-24,22.312260
2012-02-27,22.312260
2012-02-28,22.386499
2012-02-29,22.426996
2012-03-01,22.393244
2012-03-02,22.413492
2012-03-05,22.514734
2012-03-06,22.325758
2012-03-07,22.359507
2012-03-08,22.514734
2012-03-09,22.588974
2012-03-12,22.669960
2012-03-13,22.838678
2012-03-14,22.771196
2012-03-15,22.811687
2012-03-16,22.796761
2012-03-19,22.810329
2012-03-20,22.796761
2012-03-21,22.830683
2012-03-22,22.851036
2012-03-23,22.905315
2012-03-26,23.061371
2012-03-27,23.047796
2012-03-28,22.993521
2012-03-29,22.986731
2012-03-30,23.122423
2012-04-02,23.305613
2012-04-03,23.176701
2012-04-04,23.102074
2012-04-05,23.102074
2012-04-09,22.891756
2012-04-10,22.688204
2012-04-11,22.803543
2012-04-12,22.817114
2012-04-13,22.817114
2012-04-16,22.912100
2012-04-17,23.142786
2012-04-18,23.142786
2012-04-19,23.068151
2012-04-20,23.278477
2012-04-23,22.918886
2012-04-24,22.925674
2012-04-25,23.074936
2012-04-26,23.285265
2012-04-27,23.251339
2012-04-30,23.190285
2012-05-01,23.251339
2012-05-02,23.271685
2012-05-03,23.305613
2012-05-04,23.122423
2012-05-07,23.156345
2012-05-08,23.102074
2012-05-09,22.986731
2012-05-10,23.149572
2012-05-11,23.088503
2012-05-14,22.993521
2012-05-15,22.966383
2012-05-16,23.041008
2012-05-17,22.878174
2012-05-18,22.742481
2012-05-21,22.830683
2012-05-22,22.857819
2012-05-23,22.796761
2012-05-24,23.013870
2012-05-25,22.993521
2012-05-29,23.156345
2012-05-30,22.966383
2012-05-31,22.918886
2012-06-01,22.498230
2012-06-04,22.572865
2012-06-05,22.545719
2012-06-06,22.851036
2012-06-07,22.932449
2012-06-08,23.129211
2012-06-11,23.020658
2012-06-12,23.129211
2012-06-13,23.095291
2012-06-14,23.414169
2012-06-15,23.452421
2012-06-18,23.513910
2012-06-19,23.493414
2012-06-20,23.370455
2012-06-21,23.097198
2012-06-22,23.165506
2012-06-25,23.022053
2012-06-26,23.076700
2012-06-27,23.213324
2012-06-28,23.315796
2012-06-29,23.753019
2012-07-02,23.889648
2012-07-03,23.998955
2012-07-05,23.910131
2012-07-06,23.882812
2012-07-09,23.855482
2012-07-10,23.882812
2012-07-11,23.848654
2012-07-12,23.869154
2012-07-13,24.135580
2012-07-16,24.012609
2012-07-17,24.115080
2012-07-18,24.121912
2012-07-19,24.087755
2012-07-20,23.937462
2012-07-23,23.732525
2012-07-24,23.657368
2012-07-25,23.664192
2012-07-26,24.053606
2012-07-27,24.326857
2012-07-30,24.449825
2012-07-31,24.340513
2012-08-01,24.217548
2012-08-02,24.019444
2012-08-03,24.422491
2012-08-06,24.408834
2012-08-07,24.279037
2012-08-08,24.449825
2012-08-09,24.347353
2012-08-10,24.340513
2012-08-13,24.333681
2012-08-14,24.429325
2012-08-15,24.442987
2012-08-16,24.504467
2012-08-17,24.524969
2012-08-20,24.524969
2012-08-21,24.374681
2012-08-22,24.299532
2012-08-23,24.108248
2012-08-24,24.320021
2012-08-27,24.354183
2012-08-28,24.367847
2012-08-29,24.313198
2012-08-30,24.217548
2012-08-31,24.224390
2012-09-04,24.367847
2012-09-05,24.326857
2012-09-06,24.627438
2012-09-07,24.429325
2012-09-10,24.402006
2012-09-11,24.326857
2012-09-12,24.197063
2012-09-13,24.627438
2012-09-14,24.442987
2012-09-17,24.511318
2012-09-18,24.647930
2012-09-19,24.716255
2012-09-20,24.852880
2012-09-21,24.739367
2012-09-24,24.821918
2012-09-25,24.649925
2012-09-26,24.649925
2012-09-27,24.732481
2012-09-28,24.649925
2012-10-01,24.808159
2012-10-02,24.828798
2012-10-03,24.904469
2012-10-04,25.021429
2012-10-05,25.117746
2012-10-08,25.042070
2012-10-09,24.801279
2012-10-10,24.698086
2012-10-11,24.643051
2012-10-12,24.663687
2012-10-15,24.828798
2012-10-16,24.890718
2012-10-17,25.000792
2012-10-18,24.863199
2012-10-19,24.567369
2012-10-22,24.581127
2012-10-23,24.250904
2012-10-24,24.250904
2012-10-25,24.402264
2012-10-26,24.319704
2012-10-31,24.347221
2012-11-01,24.360987
2012-11-02,24.216511
2012-11-05,24.175226
2012-11-06,24.354105
2012-11-07,24.065163
2012-11-08,23.803722
2012-11-09,23.803722
2012-11-12,23.803722
2012-11-13,23.789965
2012-11-14,23.528538
2012-11-15,23.521658
2012-11-16,23.673014
2012-11-19,24.058279
2012-11-20,24.147711
2012-11-21,24.182108
2012-11-23,24.539854
2012-11-26,24.360987
2012-11-27,24.340338
2012-11-28,24.574253
2012-11-29,24.704967
2012-11-30,24.794405
2012-12-03,24.698086
2012-12-04,24.649925
2012-12-05,24.691214
2012-12-06,24.718729
2012-12-07,24.890718
2012-12-10,24.863199
2012-12-11,24.876953
2012-12-12,24.821918
2012-12-13,24.780649
2012-12-14,24.739367
2012-12-17,24.794405
2012-12-18,24.787519
2012-12-19,24.539854
2012-12-20,24.677441
2012-12-21,24.467352
2012-12-24,24.390831
2012-12-26,24.182117
2012-12-27,24.223862
2012-12-28,23.966454
2012-12-31,24.279514
2013-01-02,24.905643
2013-01-03,24.843018
2013-01-04,24.912588
2013-01-07,24.745625
2013-01-08,24.676062
2013-01-09,24.731716
2013-01-10,24.877798
2013-01-11,24.989113
2013-01-14,25.065638
2013-01-15,25.142166
2013-01-16,25.107376
2013-01-17,25.274351
2013-01-18,25.378702
2013-01-22,25.385660
2013-01-23,25.378702
2013-01-24,25.448269
2013-01-25,25.573483
2013-01-28,25.594366
2013-01-29,25.733501
2013-01-30,25.684813
2013-01-31,25.650021
2013-02-01,25.858727
2013-02-04,25.615227
2013-02-05,25.921333
2013-02-06,25.956123
2013-02-07,26.095266
2013-02-08,26.074398
2013-02-11,26.074398
2013-02-12,26.046555
2013-02-13,26.074398
2013-02-14,26.130045
2013-02-15,26.164829
2013-02-19,26.429195
2013-02-20,26.380499
2013-02-21,26.463984
2013-02-22,26.617023
2013-02-25,26.255276
2013-02-26,26.317883
2013-02-27,26.512678
2013-02-28,26.498749
2013-03-01,26.589190
2013-03-04,26.790951
2013-03-05,26.881382
2013-03-06,26.818785
2013-03-07,26.818785
2013-03-08,26.867476
2013-03-11,26.895304
2013-03-12,26.867476
2013-03-13,26.937042
2013-03-14,27.027468
2013-03-15,26.909328
2013-03-18,26.825436
2013-03-19,27.049158
2013-03-20,27.307831
2013-03-21,27.223944
2013-03-22,27.475634
2013-03-25,27.454647
2013-03-26,27.713324
2013-03-27,27.692354
2013-03-28,27.804203
2013-04-01,27.790234
2013-04-02,28.090853
2013-04-03,27.783237
2013-04-04,27.930056
2013-04-05,27.727314
2013-04-08,28.041914
2013-04-09,28.013948
2013-04-10,28.223684
2013-04-11,28.356537
2013-04-12,28.461384
2013-04-15,28.006964
2013-04-16,28.531309
2013-04-17,28.286600
2013-04-18,28.230692
2013-04-19,28.671125
2013-04-22,28.741041
2013-04-23,28.964769
2013-04-24,28.503332
2013-04-25,28.594217
2013-04-26,28.587231
2013-04-29,28.678114
2013-04-30,28.622181
2013-05-01,28.594217
2013-05-02,28.699089
2013-05-03,28.824932
2013-05-06,28.615204
2013-05-07,28.831923
2013-05-08,28.866890
2013-05-09,28.664137
2013-05-10,28.775993
2013-05-13,28.824932
2013-05-14,29.167507
2013-05-15,29.454147
2013-05-16,29.279360
2013-05-17,29.321310
2013-05-20,29.020691
2013-05-21,29.048647
2013-05-22,28.999712
2013-05-23,28.880861
2013-05-24,29.153513
2013-05-28,29.202459
2013-05-29,28.643171
2013-05-30,28.531309
2013-05-31,27.999962
2013-06-03,28.307573
2013-06-04,28.314575
2013-06-05,27.972006
2013-06-06,28.090853
2013-06-07,28.440416
2013-06-10,28.440416
2013-06-11,28.370493
2013-06-12,28.230692
2013-06-13,28.524311
2013-06-14,28.454401
2013-06-17,28.706085
2013-06-18,28.810947
2013-06-19,28.237665
2013-06-20,27.384731
2013-06-21,27.746429
2013-06-24,27.633848
2013-06-25,27.676071
2013-06-26,27.964577
2013-06-27,28.091238
2013-06-28,27.915308
2013-07-01,28.119385
2013-07-02,28.154572
2013-07-03,28.098280
2013-07-05,28.168642
2013-07-08,28.450123
2013-07-09,28.661226
2013-07-10,28.696415
2013-07-11,29.146774
2013-07-12,29.153820
2013-07-15,29.196037
2013-07-16,29.090471
2013-07-17,29.146774
2013-07-18,29.245298
2013-07-19,29.414177
2013-07-22,29.350843
2013-07-23,29.294542
2013-07-24,29.104549
2013-07-25,29.259363
2013-07-26,29.224176
2013-07-29,29.160831
2013-07-30,29.132687
2013-07-31,29.125660
2013-08-01,29.364914
2013-08-02,29.378992
2013-08-05,29.400108
2013-08-06,29.364914
2013-08-07,29.224176
2013-08-08,29.378992
2013-08-09,29.252329
2013-08-12,29.167891
2013-08-13,29.188992
2013-08-14,28.984917
2013-08-15,28.520485
2013-08-16,28.351610
2013-08-19,28.224943
2013-08-20,28.231976
2013-08-21,28.013830
2013-08-22,28.133465
2013-08-23,28.295309
2013-08-26,27.964577
2013-08-27,27.816793
2013-08-28,27.605684
2013-08-29,27.718290
2013-08-30,27.802723
2013-09-03,27.781616
2013-09-04,27.957535
2013-09-05,27.915308
2013-09-06,27.985685
2013-09-09,28.182720
2013-09-10,28.210865
2013-09-11,28.414944
2013-09-12,28.421976
2013-09-13,28.654188
2013-09-16,28.914558
2013-09-17,29.013067
2013-09-18,29.357874
2013-09-19,29.224176
2013-09-20,29.019520
2013-09-23,28.892054
2013-09-24,28.757517
2013-09-25,28.516754
2013-09-26,28.665466
2013-09-27,28.488415
2013-09-30,28.183912
2013-10-01,28.353878
2013-10-02,28.290148
2013-10-03,28.148514
2013-10-04,28.190996
2013-10-07,28.098942
2013-10-08,28.098942
2013-10-09,28.120184
2013-10-10,28.644203
2013-10-11,28.729185
2013-10-14,28.849567
2013-10-15,28.587568
2013-10-16,29.012463
2013-10-17,29.338200
2013-10-18,29.380676
2013-10-21,29.316931
2013-10-22,29.685179
2013-10-23,29.741825
2013-10-24,29.685179
2013-10-25,29.755985
2013-10-28,30.145462
2013-10-29,30.407478
2013-10-30,30.145462
2013-10-31,29.989658
2013-11-01,30.102978
2013-11-04,30.131308
2013-11-05,30.187958
2013-11-06,30.513695
2013-11-07,30.067570
2013-11-08,30.216267
2013-11-11,30.124210
2013-11-12,30.173794
2013-11-13,30.428724
2013-11-14,30.648252
2013-11-15,30.683655
2013-11-18,30.591585
2013-11-19,30.478287
2013-11-20,30.350824
2013-11-21,30.407478
2013-11-22,30.563274
2013-11-25,30.513695
2013-11-26,30.485378
2013-11-27,30.506626
2013-11-29,30.457043
2013-12-02,30.294182
2013-12-03,30.442879
2013-12-04,30.372068
2013-12-05,30.095888
2013-12-06,30.506626
2013-12-09,30.612835
2013-12-10,30.350824
2013-12-11,30.400398
2013-12-12,29.982597
2013-12-13,29.933027
2013-12-16,29.925941
2013-12-17,29.784334
2013-12-18,30.280025
2013-12-19,30.223360
2013-12-20,30.360355
2013-12-23,30.331816
2013-12-24,30.374626
2013-12-26,30.495920
2013-12-27,30.567280
2013-12-30,30.645758
2013-12-31,30.667173
2014-01-02,30.289013
2014-01-03,30.231922
2014-01-06,30.117754
2014-01-07,30.281870
2014-01-08,30.053541
2014-01-09,30.210518
2014-01-10,30.253332
2014-01-13,30.082090
2014-01-14,30.239061
2014-01-15,30.246185
2014-01-16,30.253332
2014-01-17,30.017876
2014-01-21,30.132034
2014-01-22,30.132034
2014-01-23,29.868031
2014-01-24,29.596891
2014-01-27,29.475588
2014-01-28,29.703915
2014-01-29,29.183035
2014-01-30,29.225863
2014-01-31,29.083162
2014-02-03,28.455256
2014-02-04,28.605093
2014-02-05,28.626497
2014-02-06,28.933319
2014-02-07,29.204453
2014-02-10,29.318621
2014-02-11,29.661108
2014-02-12,29.532673
2014-02-13,29.682507
2014-02-14,29.853748
2014-02-18,29.682507
2014-02-19,29.618284
2014-02-20,29.746737
2014-02-21,29.682507
2014-02-24,29.789547
2014-02-25,29.903702
2014-02-26,29.875164
2014-02-27,30.010746
2014-02-28,30.217636
2014-03-03,30.053541
2014-03-04,30.460239
2014-03-05,30.360355
2014-03-06,30.353220
2014-03-07,30.438841
2014-03-10,30.467390
2014-03-11,30.453112
2014-03-12,30.517332
2014-03-13,30.367496
2014-03-14,30.381760
2014-03-17,30.560144
2014-03-18,30.624357
2014-03-19,30.388901
2014-03-20,30.495920
2014-03-21,30.478710
2014-03-24,30.450027
2014-03-25,30.672348
2014-03-26,30.600618
2014-03-27,30.579115
2014-03-28,30.658005
2014-03-31,30.880312
2014-04-01,30.830107
2014-04-02,30.865973
2014-04-03,30.901829
2014-04-04,30.801418
2014-04-07,30.830107
2014-04-08,30.987885
2014-04-09,31.124149
2014-04-10,30.815777
2014-04-11,30.658005
2014-04-14,30.901829
2014-04-15,30.980707
2014-04-16,31.281912
2014-04-17,31.289097
2014-04-21,31.303436
2014-04-22,31.289097
2014-04-23,31.238894
2014-04-24,31.360798
2014-04-25,31.403828
2014-04-28,31.762407
2014-04-29,31.626143
2014-04-30,31.726553
2014-05-01,31.697859
2014-05-02,31.697859
2014-05-05,31.626143
2014-05-06,31.425346
2014-05-07,31.726553
2014-05-08,31.769575
2014-05-09,31.920168
2014-05-12,31.948860
2014-05-13,32.013401
2014-05-14,31.841309
2014-05-15,31.561604
2014-05-16,31.755239
2014-05-19,31.690691
2014-05-20,31.575947
2014-05-21,31.755239
2014-05-22,31.705038
2014-05-23,31.755239
2014-05-27,31.841309
2014-05-28,31.798271
2014-05-29,32.049263
2014-05-30,32.300262
2014-06-02,32.221382
2014-06-03,32.106640
2014-06-04,32.221382
2014-06-05,32.350468
2014-06-06,32.436520
2014-06-09,32.386326
2014-06-10,32.386326
2014-06-11,32.300262
2014-06-12,32.070786
2014-06-13,32.063622
2014-06-16,32.185524
2014-06-17,32.185524
2014-06-18,32.565617
2014-06-19,32.752079
2014-06-20,32.651714
2014-06-23,32.471191
2014-06-24,32.355652
2014-06-25,32.305103
2014-06-26,32.189590
2014-06-27,32.247341
2014-06-30,32.218464
2014-07-01,32.290676
2014-07-02,32.377319
2014-07-03,32.557812
2014-07-07,32.608376
2014-07-08,32.543392
2014-07-09,32.687798
2014-07-10,32.637249
2014-07-11,32.680595
2014-07-14,32.796108
2014-07-15,32.507278
2014-07-16,32.514519
2014-07-17,32.312344
2014-07-18,32.637249
2014-07-21,32.485622
2014-07-22,32.427864
2014-07-23,32.384541
2014-07-24,32.471191
2014-07-25,32.341206
2014-07-28,32.175140
2014-07-29,32.030735
2014-07-30,31.691347
2014-07-31,31.149813
2014-08-01,31.388092
2014-08-04,31.489176
2014-08-05,31.351976
2014-08-06,31.619143
2014-08-07,31.359213
2014-08-08,31.676916
2014-08-11,31.900755
2014-08-12,31.879087
2014-08-13,31.972958
2014-08-14,32.102924
2014-08-15,32.146255
2014-08-18,32.334000
2014-08-19,32.420647
2014-08-20,32.398987
2014-08-21,32.456741
2014-08-22,32.377319
2014-08-25,32.557812
2014-08-26,32.536175
2014-08-27,32.550621
2014-08-28,32.565052
2014-08-29,32.586712
2014-09-02,32.601162
2014-09-03,32.622826
2014-09-04,32.723896
2014-09-05,32.911652
2014-09-08,32.666142
2014-09-09,32.586712
2014-09-10,32.745564
2014-09-11,32.760010
2014-09-12,32.528950
2014-09-15,32.687798
2014-09-16,32.933296
2014-09-17,32.861095
2014-09-18,32.926075
2014-09-19,33.011093
2014-09-22,32.952969
2014-09-23,32.662327
2014-09-24,33.083767
2014-09-25,32.647770
2014-09-26,32.771301
2014-09-29,32.764030
2014-09-30,32.778587
2014-10-01,32.575119
2014-10-02,32.633263
2014-10-03,33.018368
2014-10-06,33.032906
2014-10-07,32.836700
2014-10-08,33.316288
2014-10-09,32.982029
2014-10-10,33.141891
2014-10-13,32.684120
2014-10-14,32.669582
2014-10-15,32.277191
2014-10-16,32.037403
2014-10-17,32.429794
2014-10-20,32.894840
2014-10-21,33.032906
2014-10-22,33.105564
2014-10-23,33.083767
2014-10-24,33.359882
2014-10-27,33.439819
2014-10-28,33.570602
2014-10-29,33.512474
2014-10-30,33.723202
2014-10-31,33.941196
2014-11-03,34.071987
2014-11-04,34.253647
2014-11-05,34.493443
2014-11-06,34.566109
2014-11-07,34.689625
2014-11-10,34.842220
2014-11-11,34.776821
2014-11-12,34.776821
2014-11-13,34.900349
2014-11-14,34.704170
2014-11-17,34.936691
2014-11-18,35.067482
2014-11-19,35.212811
2014-11-20,35.060215
2014-11-21,35.205540
2014-11-24,35.183739
2014-11-25,35.212811
2014-11-26,35.372677
2014-11-28,35.823185
2014-12-01,35.590668
2014-12-02,35.714180
2014-12-03,35.459858
2014-12-04,35.430794
2014-12-05,35.496197
2014-12-08,35.423538
2014-12-09,35.307270
2014-12-10,34.973007
2014-12-11,35.263664
2014-12-12,34.813141
2014-12-15,34.580624
2014-12-16,34.449848
2014-12-17,34.951218
2014-12-18,35.619732
2014-12-19,35.583126
2014-12-22,35.927109
2014-12-23,36.175938
2014-12-24,36.139355
2014-12-26,36.197884
2014-12-29,36.088123
2014-12-30,35.927109
2014-12-31,35.487999
2015-01-02,35.385521
2015-01-05,35.136688
2015-01-06,35.092773
2015-01-07,35.692924
2015-01-08,36.234493
2015-01-09,35.941742
2015-01-12,35.831963
2015-01-13,35.824642
2015-01-14,35.714878
2015-01-15,35.773415
2015-01-16,36.058842
2015-01-20,36.205208
2015-01-21,36.380867
2015-01-22,36.746788
2015-01-23,36.336937
2015-01-26,36.336937
2015-01-27,35.919800
2015-01-28,35.502628
2015-01-29,35.788059
2015-01-30,35.144020
2015-02-02,35.561169
2015-02-03,35.875877
2015-02-04,35.890518
2015-02-05,36.073475
2015-02-06,35.912468
2015-02-09,35.641678
2015-02-10,36.058842
2015-02-11,36.227165
2015-02-12,36.395500
2015-02-13,36.227165
2015-02-17,36.234493
2015-02-18,36.432098
2015-02-19,36.197884
2015-02-20,36.300350
2015-02-23,36.402824
2015-02-24,36.527237
2015-02-25,36.402824
2015-02-26,36.454052
2015-02-27,36.600410
2015-03-02,36.666294
2015-03-03,36.527237
2015-03-04,36.271084
2015-03-05,36.395500
2015-03-06,35.685589
2015-03-09,35.883198
2015-03-10,35.370903
2015-03-11,35.100098
2015-03-12,35.612408
2015-03-13,35.334297
2015-03-16,35.766106
2015-03-17,35.509945
2015-03-18,35.751469
2015-03-19,35.590450
2015-03-20,36.036674
2015-03-23,36.095581
2015-03-24,35.889420
2015-03-25,35.801037
2015-03-26,35.646416
2015-03-27,35.867313
2015-03-30,36.228123
2015-03-31,35.889420
2015-04-01,35.933578
2015-04-02,36.176586
2015-04-06,36.463749
2015-04-07,36.294388
2015-04-08,36.353302
2015-04-09,36.456390
2015-04-10,36.522659
2015-04-13,36.353302
2015-04-14,36.434296
2015-04-15,36.331223
2015-04-16,36.463749
2015-04-17,36.125034
2015-04-20,36.250217
2015-04-21,36.316483
2015-04-22,36.338566
2015-04-23,36.213402
2015-04-24,36.220760
2015-04-27,36.021954
2015-04-28,36.058769
2015-04-29,35.734772
2015-04-30,35.616962
2015-05-01,35.940952
2015-05-04,35.992489
2015-05-05,35.705330
2015-05-06,35.815777
2015-05-07,35.904133
2015-05-08,36.206036
2015-05-11,36.058769
2015-05-12,35.977764
2015-05-13,35.963032
2015-05-14,36.515312
2015-05-15,36.633121
2015-05-18,36.515312
2015-05-19,36.419567
2015-05-20,36.338566
2015-05-21,36.419567
2015-05-22,36.264938
2015-05-26,35.977764
2015-05-27,36.206036
2015-05-28,36.154491
2015-05-29,35.926220
2015-06-01,35.926220
2015-06-02,35.830494
2015-06-03,35.808414
2015-06-04,35.550686
2015-06-05,35.042599
2015-06-08,35.027889
2015-06-09,35.197235
2015-06-10,35.543320
2015-06-11,35.528599
2015-06-12,35.388680
2015-06-15,35.130966
2015-06-16,35.513859
2015-06-17,35.705330
2015-06-18,36.102947
2015-06-19,36.052567
2015-06-22,36.193329
2015-06-23,36.037743
2015-06-24,35.874748
2015-06-25,35.808064
2015-06-26,35.882153
2015-06-29,35.326485
2015-06-30,35.267204
2015-07-01,35.719154
2015-07-02,35.689514
2015-07-06,35.659878
2015-07-07,36.393383
2015-07-08,35.985878
2015-07-09,36.015518
2015-07-10,36.437843
2015-07-13,36.778656
2015-07-14,36.837940
2015-07-15,36.741608
2015-07-16,37.119450
2015-07-17,37.097244
2015-07-20,37.163937
2015-07-21,37.075027
2015-07-22,37.156517
2015-07-23,37.015743
2015-07-24,36.808285
2015-07-27,36.786064
2015-07-28,37.200966
2015-07-29,37.326920
2015-07-30,37.200966
2015-07-31,37.275063
2015-08-03,37.326920
2015-08-04,37.326920
2015-08-05,37.652935
2015-08-06,37.371380
2015-08-07,37.163937
2015-08-10,37.304691
2015-08-11,37.171341
2015-08-12,37.193565
2015-08-13,37.045387
2015-08-14,37.163937
2015-08-17,37.200966
2015-08-18,37.015743
2015-08-19,36.674919
2015-08-20,36.341522
2015-08-21,35.348698
2015-08-24,34.118790
2015-08-25,33.859478
2015-08-26,34.859707
2015-08-27,35.370930
2015-08-28,35.296841
2015-08-31,35.052334
2015-09-01,34.333660
2015-09-02,34.800438
2015-09-03,35.037525
2015-09-04,34.467018
2015-09-08,35.185692
2015-09-09,34.607792
2015-09-10,34.667068
2015-09-11,34.896748
2015-09-14,34.785606
2015-09-15,35.200520
2015-09-16,35.600601
2015-09-17,35.600601
2015-09-18,35.188988
2015-09-21,35.449989
2015-09-22,35.062233
2015-09-23,35.121883
2015-09-24,35.181530
2015-09-25,35.405239
2015-09-28,34.883266
2015-09-29,34.868332
2015-09-30,35.188988
2015-10-01,35.188988
2015-10-02,35.673679
2015-10-05,36.285152
2015-10-06,36.039082
2015-10-07,36.367168
2015-10-08,36.799664
2015-10-09,36.881706
2015-10-12,36.978649
2015-10-13,36.754932
2015-10-14,36.329887
2015-10-15,36.657990
2015-10-16,37.008457
2015-10-19,37.172520
2015-10-20,37.150150
2015-10-21,37.157604
2015-10-22,37.895847
2015-10-23,37.836193
2015-10-26,37.761616
2015-10-27,37.813812
2015-10-28,37.597561
2015-10-29,37.612480
2015-10-30,37.194897
2015-11-02,37.418598
2015-11-03,37.239632
2015-11-04,37.083031
2015-11-05,37.075588
2015-11-06,36.672913
2015-11-09,36.426826
2015-11-10,36.523766
2015-11-11,36.471588
2015-11-12,35.979424
2015-11-13,35.666241
2015-11-16,36.277695
2015-11-17,36.262794
2015-11-18,36.762402
2015-11-19,36.859341
2015-11-20,36.598324
2015-11-23,36.918995
2015-11-24,37.015930
2015-11-25,37.112869
2015-11-27,37.254539
2015-11-30,36.851879
2015-12-01,37.165066
2015-12-02,36.978649
2015-12-03,36.784767
2015-12-04,37.612480
2015-12-07,37.716881
2015-12-08,37.619946
2015-12-09,37.262009
2015-12-10,37.306751
2015-12-11,36.896618
2015-12-14,37.262009
2015-12-15,37.500626
2015-12-16,38.223938
2015-12-17,37.731766
2015-12-18,37.063232
2015-12-21,37.483894
2015-12-22,37.972157
2015-12-23,38.250099
2015-12-24,38.212532
2015-12-28,38.159958
2015-12-29,38.490475
2015-12-30,38.355267
2015-12-31,37.927090
2016-01-04,37.446339
2016-01-05,37.686722
2016-01-06,37.559025
2016-01-07,37.108307
2016-01-08,36.822853
2016-01-11,37.168404
2016-01-12,37.371220
2016-01-13,36.687641
2016-01-14,36.860405
2016-01-15,36.282001
2016-01-19,36.717690
2016-01-20,36.259480
2016-01-21,36.402187
2016-01-22,37.025673
2016-01-25,36.695152
2016-01-26,37.033192
2016-01-27,36.995628
2016-01-28,37.371220
2016-01-29,38.129906
2016-02-01,38.257595
2016-02-02,37.769344
2016-02-03,37.686722
2016-02-04,37.341167
2016-02-05,37.281075
2016-02-08,37.183426
2016-02-09,37.431313
2016-02-10,37.386242
2016-02-11,37.085770
2016-02-12,37.611591
2016-02-16,37.912060
2016-02-17,38.302685
2016-02-18,38.129906
2016-02-19,38.190014
2016-02-22,38.377804
2016-02-23,38.370304
2016-02-24,38.490475
2016-02-25,38.926178
2016-02-26,38.377804
2016-02-29,38.250099
2016-03-01,38.618187
2016-03-02,38.730862
2016-03-03,38.926178
2016-03-04,39.091423
2016-03-07,38.851055
2016-03-08,38.963722
2016-03-09,39.256680
2016-03-10,39.271698
2016-03-11,39.399403
2016-03-14,39.376869
2016-03-15,39.474522
2016-03-16,39.564655
2016-03-17,39.805042
2016-03-18,39.752941
2016-03-21,39.775593
2016-03-22,39.541538
2016-03-23,39.549088
2016-03-24,39.503780
2016-03-28,39.715199
2016-03-29,40.009663
2016-03-30,40.273926
2016-03-31,40.062515
2016-04-01,40.485336
2016-04-04,40.500439
2016-04-05,40.228622
2016-04-06,40.545738
2016-04-07,40.107803
2016-04-08,40.326775
2016-04-11,40.039864
2016-04-12,40.289028
2016-04-13,39.979469
2016-04-14,39.798244
2016-04-15,40.047417
2016-04-18,40.273926
2016-04-19,40.251289
2016-04-20,39.798244
2016-04-21,39.088505
2016-04-22,39.231960
2016-04-25,39.503780
2016-04-26,39.345226
2016-04-27,39.533981
2016-04-28,39.571739
2016-04-29,39.488693
2016-05-02,39.941708
2016-05-03,39.866203
2016-05-04,39.986996
2016-05-05,39.994556
2016-05-06,40.198421
2016-05-09,40.417377
2016-05-10,40.817558
2016-05-11,40.492897
2016-05-12,40.711842
2016-05-13,40.198421
2016-05-16,40.455139
2016-05-17,39.662334
2016-05-18,39.201759
2016-05-19,39.586834
2016-05-20,39.382973
2016-05-23,39.420727
2016-05-24,39.752941
2016-05-25,39.813347
2016-05-26,39.971909
2016-05-27,40.017220
2016-05-31,39.760494
2016-06-01,40.168221
2016-06-02,40.183327
2016-06-03,40.440044
2016-06-06,40.485336
2016-06-07,40.440044
2016-06-08,40.681644
2016-06-09,40.840202
2016-06-10,40.870403
2016-06-13,40.530640
2016-06-14,40.689190
2016-06-15,40.568386
2016-06-16,40.779789
2016-06-17,40.614975
2016-06-20,40.744106
2016-06-21,40.850452
2016-06-22,40.873245
2016-06-23,41.123905
2016-06-24,40.333923
2016-06-27,40.250370
2016-06-28,40.501022
2016-06-29,40.971970
2016-06-30,41.891079
2016-07-01,41.693581
2016-07-05,41.929047
2016-07-06,41.967026
2016-07-07,41.883484
2016-07-08,42.301247
2016-07-11,42.308834
2016-07-12,42.080978
2016-07-13,42.316429
2016-07-14,42.308834
2016-07-15,42.308834
2016-07-18,42.263264
2016-07-19,42.232895
2016-07-20,42.080978
2016-07-21,41.959438
2016-07-22,42.156937
2016-07-25,42.111366
2016-07-26,41.784725
2016-07-27,41.161869
2016-07-28,41.344173
2016-07-29,41.549263
2016-08-01,41.594826
2016-08-02,41.534069
2016-08-03,41.306198
2016-08-04,41.397335
2016-08-05,41.465702
2016-08-08,41.420132
2016-08-09,41.549263
2016-08-10,41.701176
2016-08-11,41.701176
2016-08-12,41.845501
2016-08-15,41.739155
2016-08-16,41.556858
2016-08-17,41.670795
2016-08-18,41.815105
2016-08-19,41.716362
2016-08-22,41.777142
2016-08-23,41.693581
2016-08-24,41.625221
2016-08-25,41.465702
2016-08-26,41.253029
2016-08-29,41.496094
2016-08-30,41.253029
2016-08-31,41.306198
2016-09-01,41.321396
2016-09-02,41.640415
2016-09-06,41.731548
2016-09-07,41.366955
2016-09-08,41.139084
2016-09-09,40.022495
2016-09-12,40.774487
2016-09-13,40.273167
2016-09-14,40.151623
2016-09-15,40.478264
2016-09-16,40.346779
2016-09-19,40.262718
2016-09-20,40.369709
2016-09-21,40.591362
2016-09-22,40.950581
2016-09-23,40.767147
2016-09-26,40.423229
2016-09-27,40.591362
2016-09-28,40.660145
2016-09-29,40.262718
2016-09-30,40.667797
2016-10-03,40.407936
2016-10-04,40.063995
2016-10-05,40.025787
2016-10-06,40.102211
2016-10-07,39.995213
2016-10-10,39.995213
2016-10-11,39.788860
2016-10-12,40.010494
2016-10-13,40.018158
2016-10-14,40.025787
2016-10-17,39.834721
2016-10-18,39.957001
2016-10-19,39.727718
2016-10-20,39.704792
2016-10-21,39.918793
2016-10-24,40.178661
2016-10-25,40.323864
2016-10-26,40.270355
2016-10-27,40.086937
2016-10-28,40.255070
2016-10-31,40.354427
2016-11-01,40.178661
2016-11-02,40.079292
2016-11-03,39.804146
2016-11-04,39.444920
2016-11-07,40.109859
2016-11-08,40.278004
2016-11-09,39.727718
2016-11-10,38.665363
2016-11-11,38.627132
2016-11-14,38.558357
2016-11-15,38.795284
2016-11-16,38.802925
2016-11-17,38.734135
2016-11-18,38.596565
2016-11-21,38.856430
2016-11-22,39.055145
2016-11-23,38.841148
2016-11-25,39.146866
2016-11-28,39.230923
2016-11-29,39.284428
2016-11-30,38.657707
2016-12-01,38.405499
2016-12-02,38.650070
2016-12-05,38.695930
2016-12-06,38.810574
2016-12-07,39.368504
2016-12-08,39.207989
2016-12-09,39.773563
2016-12-12,39.934074
2016-12-13,40.117496
2016-12-14,39.681858
2016-12-15,39.850002
2016-12-16,40.077908
2016-12-19,40.154919
2016-12-20,40.077908
2016-12-21,40.070213
2016-12-22,40.008617
2016-12-23,40.085625
2016-12-27,40.077908
2016-12-28,39.831520
2016-12-29,40.016323
2016-12-30,39.816120
2017-01-03,39.962418
2017-01-04,39.962418
2017-01-05,40.093315
2017-01-06,40.131821
2017-01-09,39.808430
2017-01-10,39.608223
2017-01-11,39.685223
2017-01-12,39.646721
2017-01-13,39.669830
2017-01-17,40.231930
2017-01-18,40.370506
2017-01-19,40.224224
2017-01-20,40.486027
2017-01-23,40.470612
2017-01-24,40.740116
2017-01-25,40.732414
2017-01-26,40.555309
2017-01-27,40.332016
2017-01-30,40.301208
2017-01-31,40.493721
2017-02-01,40.178020
2017-02-02,40.547607
2017-02-03,40.809410
2017-02-06,40.586109
2017-02-07,40.917213
2017-02-08,41.086597
2017-02-09,41.256008
2017-02-10,41.286804
2017-02-13,41.286804
2017-02-14,41.294510
2017-02-15,41.671799
2017-02-16,41.725693
2017-02-17,41.933590
2017-02-21,42.310871
2017-02-22,42.318592
2017-02-23,42.418690
2017-02-24,42.564976
2017-02-27,42.372482
2017-02-28,42.426384
2017-03-01,42.626583
2017-03-02,42.618889
2017-03-03,42.457188
2017-03-06,42.272388
2017-03-07,42.218491
2017-03-08,42.126083
2017-03-09,42.195389
2017-03-10,42.387875
2017-03-13,42.418690
2017-03-14,42.295486
2017-03-15,42.611183
2017-03-16,42.672779
2017-03-17,42.556675
2017-03-20,42.641808
2017-03-21,42.603123
2017-03-22,42.517979
2017-03-23,42.425083
2017-03-24,42.339939
2017-03-27,42.301247
2017-03-28,42.378643
2017-03-29,42.456062
2017-03-30,42.370914
2017-03-31,42.247066
2017-04-03,42.177402
2017-04-04,42.301247
2017-04-05,42.223835
2017-04-06,42.223835
2017-04-07,42.339939
2017-04-10,42.463791
2017-04-11,42.479271
2017-04-12,42.641808
2017-04-13,42.448318
2017-04-17,42.750172
2017-04-18,42.943699
2017-04-19,42.781143
2017-04-20,42.696011
2017-04-21,42.572166
2017-04-24,42.959171
2017-04-25,43.129459
2017-04-26,42.781143
2017-04-27,42.726963
2017-04-28,42.711487
2017-05-01,42.548935
2017-05-02,42.262535
2017-05-03,42.301247
2017-05-04,42.626335
2017-05-05,42.742439
2017-05-08,42.726963
2017-05-09,42.572166
2017-05-10,42.603123
2017-05-11,42.665054
2017-05-12,42.541195
2017-05-15,42.680531
2017-05-16,42.641808
2017-05-17,42.579899
2017-05-18,42.610851
2017-05-19,42.843075
2017-05-22,43.083019
2017-05-23,43.129459
2017-05-24,43.299755
2017-05-25,43.570660
2017-05-26,43.733196
2017-05-30,43.717739
2017-05-31,43.841587
2017-06-01,44.197632
2017-06-02,44.329224
2017-06-05,44.375679
2017-06-06,44.267307
2017-06-07,44.251812
2017-06-08,43.918983
2017-06-09,43.864807
2017-06-12,43.857067
2017-06-13,43.926716
2017-06-14,44.205379
2017-06-15,44.104740
2017-06-16,43.641434
2017-06-19,43.852028
2017-06-20,43.680431
2017-06-21,43.555630
2017-06-22,43.267025
2017-06-23,43.282623
2017-06-26,43.454220
2017-06-27,43.079811
2017-06-28,43.235821
2017-06-29,42.775623
2017-06-30,42.853619
2017-07-03,42.814625
2017-07-05,42.783424
2017-07-06,42.541618
2017-07-07,42.518219
2017-07-10,42.221813
2017-07-11,42.104805
2017-07-12,42.338821
2017-07-13,42.346634
2017-07-14,42.682034
2017-07-17,42.728813
2017-07-18,42.728813
2017-07-19,42.884827
2017-07-20,42.892620
2017-07-21,42.962826
2017-07-24,42.822418
2017-07-25,43.118828
2017-07-26,43.111015
2017-07-27,43.532223
2017-07-28,43.165623
2017-07-31,43.150024
2017-08-01,43.103226
2017-08-02,43.072025
2017-08-03,43.033016
2017-08-04,42.916012
2017-08-07,43.235821
2017-08-08,43.072025
2017-08-09,43.142212
2017-08-10,42.962826
2017-08-11,42.994034
2017-08-14,43.204620
2017-08-15,43.423019
2017-08-16,43.571232
2017-08-17,43.173424
2017-08-18,43.056419
2017-08-21,43.212429
2017-08-22,43.220226
2017-08-23,43.095425
2017-08-24,42.502632
2017-08-25,42.643021
2017-08-28,42.518219
2017-08-29,42.666420
2017-08-30,42.658623
2017-08-31,42.674213
2017-09-01,42.877033
2017-09-05,42.939415
2017-09-06,43.118828
2017-09-07,43.181229
2017-09-08,42.970612
2017-09-11,43.235821
2017-09-12,43.329430
2017-09-13,43.352825
2017-09-14,43.267025
2017-09-15,43.342377
2017-09-18,43.405170
2017-09-19,43.271729
2017-09-20,42.855736
2017-09-21,42.447586
2017-09-22,42.321999
2017-09-25,42.628113
2017-09-26,42.730160
2017-09-27,42.400497
2017-09-28,42.400497
2017-09-29,42.369099
2017-10-02,42.290615
2017-10-03,42.337696
2017-10-04,42.471127
2017-10-05,42.659508
2017-10-06,42.235664
2017-10-09,42.117924
2017-10-10,42.486832
2017-10-11,42.573177
2017-10-12,42.753689
2017-10-13,42.832184
2017-10-16,42.847889
2017-10-17,42.690903
2017-10-18,42.635963
2017-10-19,42.408344
2017-10-20,42.306313
2017-10-23,42.274906
2017-10-24,42.125774
2017-10-25,42.008041
2017-10-26,42.039436
2017-10-27,41.678379
2017-10-30,41.325180
2017-10-31,41.670536
2017-11-01,41.803963
2017-11-02,41.701927
2017-11-03,41.709774
2017-11-06,41.262375
2017-11-07,41.725479
2017-11-08,42.180717
2017-11-09,42.172871
2017-11-10,42.604565
2017-11-13,42.847889
2017-11-14,42.997013
2017-11-15,42.541767
2017-11-16,43.130440
2017-11-17,42.981323
2017-11-20,42.934219
2017-11-21,43.075512
2017-11-22,43.020565
2017-11-24,42.989189
2017-11-27,43.012730
2017-11-28,43.365925
2017-11-29,43.593533
2017-11-30,43.993858
2017-12-01,44.103729
2017-12-04,44.519733
2017-12-05,44.449097
2017-12-06,44.731647
2017-12-07,44.299950
2017-12-08,44.417698
2017-12-11,44.409843
2017-12-12,44.417698
2017-12-13,44.668865
2017-12-14,44.472637
2017-12-15,44.977131
2017-12-18,44.953400
2017-12-19,45.008755
2017-12-20,44.929684
2017-12-21,44.898056
2017-12-22,44.969227
2017-12-26,45.072010
2017-12-27,45.064114
2017-12-28,44.992943
2017-12-29,44.985035
2018-01-02,44.708279
2018-01-03,44.692467
2018-01-04,44.818981
2018-01-05,45.016663
2018-01-08,45.127357
2018-01-09,45.064114
2018-01-10,44.842709
2018-01-11,44.779446
2018-01-12,44.795258
2018-01-16,45.000858
2018-01-17,45.514824
2018-01-18,45.380405
2018-01-19,45.886475
2018-01-22,46.234398
2018-01-23,46.084164
2018-01-24,46.179047
2018-01-25,46.202774
2018-01-26,46.424175
2018-01-29,46.242310
2018-01-30,45.933922
2018-01-31,45.720432
2018-02-01,45.522732
2018-02-02,44.652931
2018-02-05,43.031914
2018-02-06,43.506359
2018-02-07,43.316578
2018-02-08,42.383495
2018-02-09,42.470486
2018-02-12,42.905399
2018-02-13,43.103069
2018-02-14,43.079357
2018-02-15,43.791019
2018-02-16,43.964989
2018-02-20,42.968651
2018-02-21,42.454666
2018-02-22,42.565376
2018-02-23,42.976555
2018-02-26,43.245419
2018-02-27,42.676086
2018-02-28,42.233269
2018-03-01,42.138374
2018-03-02,42.494213
2018-03-05,42.865864
2018-03-06,42.897480
2018-03-07,42.510025
2018-03-08,42.897480
2018-03-09,43.174244
2018-03-12,43.095173
2018-03-13,43.063549
2018-03-14,42.628628
2018-03-15,42.328159
2018-03-16,42.343266
2018-03-19,41.929775
2018-03-20,41.810493
2018-03-21,41.293625
2018-03-22,40.951694
2018-03-23,40.442791
2018-03-26,41.023281
2018-03-27,40.999416
2018-03-28,41.563992
2018-03-29,41.850246
2018-04-02,40.824478
2018-04-03,41.365189
2018-04-04,42.009300
2018-04-05,42.112663
2018-04-06,41.683270
2018-04-09,41.659416
2018-04-10,41.754833
2018-04-11,41.675312
2018-04-12,41.611691
2018-04-13,41.818459
2018-04-16,42.271694
2018-04-17,42.367134
2018-04-18,42.049053
2018-04-19,40.832424
2018-04-20,40.148582
2018-04-23,40.100849
2018-04-24,39.846401
2018-04-25,39.917961
2018-04-26,40.156525
2018-04-27,40.371227
2018-04-30,40.116760
2018-05-01,39.766891
2018-05-02,38.987610
2018-05-03,38.947861
2018-05-04,39.512432
2018-05-07,39.265926
2018-05-08,39.106880
2018-05-09,39.162560
2018-05-10,39.393147
2018-05-11,39.393147
2018-05-14,39.377254
2018-05-15,39.226166
2018-05-16,39.504478
2018-05-17,39.639656
2018-05-18,39.393147
2018-05-21,39.560143
2018-05-22,39.488579
2018-05-23,39.631706
2018-05-24,39.599907
2018-05-25,39.663506
2018-05-29,39.576046
2018-05-30,40.132664
2018-05-31,39.488579
2018-06-01,39.488579
2018-06-04,39.814598
2018-06-05,39.631706
2018-06-06,39.679428
2018-06-07,39.925930
2018-06-08,40.418938
2018-06-11,40.752911
2018-06-12,40.832424
2018-06-13,40.705189
2018-06-14,40.776772
2018-06-15,41.300838
2018-06-18,40.699825
2018-06-19,40.916203
2018-06-20,40.956264
2018-06-21,41.036396
2018-06-22,41.372967
2018-06-25,41.581310
2018-06-26,41.405018
2018-06-27,41.316872
2018-06-28,41.316872
2018-06-29,41.292824
2018-07-02,41.052418
2018-07-03,41.148582
2018-07-05,41.717537
2018-07-06,41.845749
2018-07-09,41.685471
2018-07-10,42.182316
2018-07-11,42.046082
2018-07-12,41.989994
2018-07-13,42.262447
2018-07-16,42.062107
2018-07-17,42.422710
2018-07-18,42.078136
2018-07-19,42.102177
2018-07-20,42.358604
2018-07-23,42.094154
2018-07-24,42.174286
2018-07-25,42.494827
2018-07-26,42.719212
2018-07-27,42.775299
2018-07-30,42.727219
2018-07-31,42.927555
2018-08-01,42.566959
2018-08-02,42.999672
2018-08-03,43.504517
2018-08-06,43.544571
2018-08-07,43.280132
2018-08-08,42.951595
2018-08-09,42.823383
2018-08-10,42.663113
2018-08-13,42.663113
2018-08-14,42.959606
2018-08-15,43.135902
2018-08-16,43.752922
2018-08-17,44.089478
2018-08-20,44.065449
2018-08-21,43.752922
2018-08-22,43.480469
2018-08-23,43.376301
2018-08-24,43.320210
2018-08-27,43.344246
2018-08-28,43.200005
2018-08-29,43.248093
2018-08-30,43.111855
2018-08-31,43.095833
2018-09-04,43.039734
2018-09-05,43.536575
2018-09-06,43.656757
2018-09-07,43.568623
2018-09-10,43.720871
2018-09-11,43.560612
2018-09-12,44.065449
2018-09-13,44.001343
2018-09-14,43.881134
2018-09-17,44.041393
2018-09-18,43.857105
2018-09-19,43.776974
2018-09-20,44.329884
2018-09-21,44.400894
2018-09-24,43.723026
2018-09-25,43.464783
2018-09-26,43.513199
2018-09-27,43.456718
2018-09-28,43.521275
2018-10-01,43.488998
2018-10-02,43.739170
2018-10-03,43.271114
2018-10-04,43.166210
2018-10-05,43.125858
2018-10-08,43.723026
2018-10-09,43.626190
2018-10-10,43.101635
2018-10-11,42.036400
2018-10-12,42.270439
2018-10-15,42.528667
2018-10-16,43.004803
2018-10-17,43.206547
2018-10-18,43.150063
2018-10-19,44.134602
2018-10-22,43.803719
2018-10-23,43.997421
2018-10-24,44.183022
2018-10-25,44.287918
2018-10-26,43.440582
2018-10-29,43.940926
2018-10-30,44.812458
2018-10-31,44.392834
2018-11-01,44.707558
2018-11-02,44.473541
2018-11-05,45.030365
2018-11-06,45.304745
2018-11-07,45.562977
2018-11-08,45.587193
2018-11-09,45.853489
2018-11-12,45.611397
2018-11-13,45.506493
2018-11-14,45.199825
2018-11-15,45.127197
2018-11-16,45.240173
2018-11-19,45.167549
2018-11-20,44.417042
2018-11-21,44.061962
2018-11-23,44.215290
2018-11-26,44.271782
2018-11-27,44.667213
2018-11-28,45.038429
2018-11-29,45.111061
2018-11-30,45.401585
2018-12-03,45.441925
2018-12-04,44.675282
2018-12-06,44.723705
2018-12-07,44.158798
2018-12-10,44.158798
2018-12-11,44.521946
2018-12-12,44.465466
2018-12-13,44.739838
2018-12-14,43.981270
2018-12-17,42.964458
2018-12-18,42.456039
2018-12-19,42.044476
2018-12-20,41.293957
2018-12-21,40.865601
2018-12-24,39.684757
2018-12-26,40.792313
2018-12-27,41.183212
2018-12-28,41.183212
2018-12-31,41.354240
2019-01-02,41.109928
2019-01-03,40.873753
2019-01-04,41.745144
2019-01-07,41.688129
2019-01-08,42.070896
2019-01-09,41.679985
2019-01-10,41.924305
2019-01-11,42.046463
2019-01-14,41.842869
2019-01-15,42.258198
2019-01-16,42.030155
2019-01-17,42.209335
2019-01-18,42.714241
2019-01-22,42.323338
2019-01-23,42.828262
2019-01-24,42.298927
2019-01-25,42.127895
2019-01-28,42.307060
2019-01-29,42.404781
2019-01-30,42.689816
2019-01-31,43.479774
2019-02-01,43.341320
2019-02-04,43.618214
2019-02-05,43.626354
2019-02-06,43.634506
2019-02-07,43.601917
2019-02-08,43.805515
2019-02-11,43.919525
2019-02-12,44.261574
2019-02-13,44.343006
2019-02-14,43.846249
2019-02-15,44.261574
2019-02-19,44.489601
2019-02-20,44.408161
2019-02-21,44.538464
2019-02-22,44.326725
2019-02-25,44.082405
2019-02-26,44.106842
2019-02-27,44.041695
2019-02-28,44.253422
2019-03-01,44.171986
2019-03-04,44.098713
2019-03-05,44.066124
2019-03-06,44.000973
2019-03-07,43.715942
2019-03-08,43.740372
2019-03-11,44.310436
2019-03-12,44.326725
2019-03-13,44.579189
2019-03-14,44.538464
2019-03-15,44.790676
2019-03-18,44.856174
2019-03-19,44.823421
2019-03-20,44.635094
2019-03-21,45.159145
2019-03-22,45.101833
2019-03-25,45.191895
2019-03-26,45.576756
2019-03-27,45.421169
2019-03-28,45.642277
2019-03-29,45.945236
2019-04-01,45.789658
2019-04-02,45.412983
2019-04-03,45.191895
2019-04-04,45.363861
2019-04-05,45.519432
2019-04-08,45.707771
2019-04-09,45.650459
2019-04-10,45.781471
2019-04-11,45.871548
2019-04-12,46.018932
2019-04-15,46.289146
2019-04-16,46.297333
2019-04-17,46.526604
2019-04-18,46.567551
2019-04-22,46.583931
2019-04-23,46.436535
2019-04-24,46.534798
2019-04-25,46.240017
2019-04-26,46.657631
2019-04-29,46.714943
2019-04-30,47.255379
2019-05-01,46.674000
2019-05-02,46.657631
2019-05-03,47.009731
2019-05-06,46.936039
2019-05-07,46.469288
2019-05-08,46.461094
2019-05-09,46.362839
2019-05-10,46.927845
2019-05-13,46.485664
2019-05-14,46.706757
2019-05-15,47.075230
2019-05-16,47.443707
2019-05-17,47.288139
2019-05-20,47.173492
2019-05-21,47.075230
2019-05-22,47.288139
2019-05-23,47.271763
2019-05-24,47.099808
2019-05-28,46.330086
2019-05-29,45.994370
2019-05-30,46.190899
2019-05-31,45.535812
2019-06-03,46.109005
2019-06-04,46.526604
2019-06-05,47.058853
2019-06-06,47.550163
2019-06-07,48.008717
2019-06-10,48.025097
2019-06-11,48.180668
2019-06-12,48.254364
2019-06-13,48.360821
2019-06-14,48.385384
2019-06-17,48.246174
2019-06-18,47.984146
2019-06-19,48.180668
2019-06-20,48.606468
2019-06-21,48.448883
2019-06-24,48.572632
2019-06-25,48.547890
2019-06-26,47.854816
2019-06-27,47.945583
2019-06-28,47.912579
2019-07-01,48.201355
2019-07-02,48.622143
2019-07-03,49.224461
2019-07-05,49.009937
2019-07-08,49.075935
2019-07-09,48.787163
2019-07-10,49.100693
2019-07-11,49.224461
2019-07-12,49.364723
2019-07-15,49.480240
2019-07-16,49.496742
2019-07-17,49.438976
2019-07-18,49.769020
2019-07-19,49.455471
2019-07-22,49.166698
2019-07-23,49.521488
2019-07-24,49.191456
2019-07-25,49.257462
2019-07-26,49.810265
2019-07-29,49.901020
2019-07-30,50.049545
2019-07-31,49.034687
2019-08-01,48.861416
2019-08-02,48.869671
2019-08-05,47.599037
2019-08-06,48.028080
2019-08-07,48.589153
2019-08-08,49.216209
2019-08-09,48.943932
2019-08-12,48.613895
2019-08-13,49.166698
2019-08-14,48.391125
2019-08-15,49.117195
2019-08-16,49.678242
2019-08-19,50.173298
2019-08-20,49.628742
2019-08-21,49.760769
2019-08-22,50.024796
2019-08-23,49.191456
2019-08-26,49.802025
2019-08-27,49.661755
2019-08-28,50.140308
2019-08-29,50.165058
2019-08-30,50.099049
2019-09-03,50.387817
2019-09-04,50.841629
2019-09-05,50.528084
2019-09-06,50.693100
2019-09-09,50.577595
2019-09-10,50.264061
2019-09-11,50.445580
2019-09-12,50.651840
2019-09-13,50.363075
2019-09-16,49.876278
2019-09-17,50.148548
2019-09-18,50.231064
2019-09-19,50.222801
2019-09-20,50.063461
2019-09-23,50.262642
2019-09-24,50.470135
2019-09-25,50.503338
2019-09-26,50.785515
2019-09-27,50.727432
2019-09-30,50.976421
2019-10-01,50.843616
2019-10-02,49.822762
2019-10-03,50.171345
2019-10-04,50.959808
2019-10-07,50.544827
2019-10-08,50.063461
2019-10-09,50.445236
2019-10-10,50.544827
2019-10-11,50.495033
2019-10-14,50.246048
2019-10-15,50.030258
2019-10-16,50.080063
2019-10-17,50.312450
2019-10-18,50.412037
2019-10-21,50.578026
2019-10-22,50.594627
2019-10-23,50.827015
2019-10-24,51.001324
2019-10-25,50.702538
2019-10-28,50.602932
2019-10-29,50.602932
2019-10-30,50.835323
2019-10-31,50.760628
2019-11-01,50.752316
2019-11-04,50.262642
2019-11-05,50.428654
2019-11-06,50.636131
2019-11-07,50.461842
2019-11-08,50.428654
2019-11-11,50.353931
2019-11-12,50.519936
2019-11-13,50.901718
2019-11-14,50.885120
2019-11-15,50.901718
2019-11-18,51.167309
2019-11-19,51.100910
2019-11-20,51.217102
2019-11-21,50.959808
2019-11-22,50.876820
2019-11-25,50.934921
2019-11-26,51.349899
2019-11-27,51.474396
2019-11-29,51.457802
2019-12-02,51.573994
2019-12-03,51.490986
2019-12-04,51.831272
2019-12-05,51.814678
2019-12-06,52.013866
2019-12-09,52.055374
2019-12-10,51.889370
2019-12-11,51.964073
2019-12-12,51.922577
2019-12-13,52.105156
2019-12-16,52.287758
2019-12-17,52.204746
2019-12-18,52.121769
2019-12-19,52.403954
2019-12-20,52.799740
2019-12-23,52.573826
2019-12-24,52.640762
2019-12-26,52.690960
2019-12-27,52.925262
2019-12-30,52.649124
2019-12-31,52.699329
2020-01-02,52.280964
2020-01-03,52.197277
2020-01-06,52.306053
2020-01-07,51.904404
2020-01-08,52.096863
2020-01-09,52.465034
2020-01-10,52.431561
2020-01-13,52.774643
2020-01-14,52.791370
2020-01-15,53.167923
2020-01-16,53.310169
2020-01-17,53.402214
2020-01-21,53.586304
2020-01-22,53.628136
2020-01-23,53.577934
2020-01-24,53.209759
2020-01-27,53.042412
2020-01-28,53.109344
2020-01-29,52.841579
2020-01-30,53.469158
2020-01-31,52.866692
2020-02-03,52.866692
2020-02-04,53.184654
2020-02-05,53.611401
2020-02-06,53.703434
2020-02-07,53.770401
2020-02-10,53.996315
2020-02-11,53.795502
2020-02-12,53.770401
2020-02-13,54.088360
2020-02-14,54.213875
2020-02-18,54.021416
2020-02-19,53.962852
2020-02-20,54.004688
2020-02-21,54.096722
2020-02-24,52.849949
2020-02-25,51.896034
2020-02-26,51.603176
2020-02-27,49.502899
2020-02-28,48.523884
2020-03-02,51.117851
2020-03-03,50.423332
2020-03-04,52.900158
2020-03-05,51.904404
2020-03-06,51.494396
2020-03-09,49.251869
2020-03-10,50.665997
2020-03-11,48.180801
2020-03-12,43.653923
2020-03-13,47.369144
2020-03-16,44.155983
2020-03-17,47.879574
2020-03-18,46.649540
2020-03-19,45.093151
2020-03-20,42.172852
2020-03-23,40.924835
2020-03-24,43.011887
2020-03-25,42.894066
2020-03-26,45.242004
2020-03-27,45.031616
2020-03-30,46.790466
2020-03-31,45.839508
2020-04-01,45.065292
2020-04-02,46.218216
2020-04-03,46.580070
2020-04-06,48.313686
2020-04-07,47.758255
2020-04-08,48.465157
2020-04-09,48.919613
2020-04-13,48.557739
2020-04-14,50.619549
2020-04-15,49.820068
2020-04-16,50.148281
2020-04-17,50.914097
2020-04-20,49.912636
2020-04-21,48.852283
2020-04-22,49.323544
2020-04-23,48.885944
2020-04-24,49.407703
2020-04-27,49.550770
2020-04-28,49.828480
2020-04-29,49.618084
2020-04-30,49.029007
2020-05-01,48.490406
2020-05-04,48.465157
2020-05-05,48.507240
2020-05-06,47.977058
2020-05-07,47.842403
2020-05-08,48.911194
2020-05-11,48.843857
2020-05-12,48.431507
2020-05-13,47.993896
2020-05-14,47.876076
2020-05-15,48.296852
2020-05-18,49.062664
2020-05-19,48.162205
2020-05-20,48.734463
2020-05-21,48.195866
2020-05-22,48.364182
2020-05-26,48.625065
2020-05-27,49.357204
2020-05-28,49.794819
2020-05-29,49.845318
2020-06-01,50.190338
2020-06-02,50.324997
2020-06-03,50.392315
2020-06-04,50.148281
2020-06-05,50.846764
2020-06-08,51.393776
2020-06-09,50.973000
2020-06-10,50.829933
2020-06-11,48.902760
2020-06-12,48.911194
2020-06-15,49.475029
2020-06-16,50.249256
2020-06-17,50.173534
2020-06-18,50.434410
2020-06-19,50.173534
2020-06-22,50.030186
2020-06-23,49.953869
2020-06-24,49.114231
2020-06-25,49.461952
2020-06-26,48.452690
2020-06-29,49.368660
2020-06-30,49.733345
2020-07-01,49.775745
2020-07-02,50.030186
2020-07-06,50.276138
2020-07-07,50.734119
2020-07-08,50.606903
2020-07-09,50.208294
2020-07-10,51.132748
2020-07-13,51.056396
2020-07-14,51.802746
2020-07-15,51.845154
2020-07-16,51.955414
2020-07-17,52.235279
2020-07-20,51.709446
2020-07-21,52.158958
2020-07-22,52.574524
2020-07-23,52.761116
2020-07-24,52.693268
2020-07-27,52.956165
2020-07-28,53.151245
2020-07-29,53.227577
2020-07-30,53.227577
2020-07-31,53.176689
2020-08-03,53.032505
2020-08-04,53.694038
2020-08-05,53.583797
2020-08-06,53.575306
2020-08-07,53.863647
2020-08-10,54.143536
2020-08-11,53.770378
2020-08-12,54.465820
2020-08-13,54.423424
2020-08-14,54.414932
2020-08-17,54.720253
2020-08-18,54.940769
2020-08-19,54.508224
2020-08-20,54.397968
2020-08-21,54.533672
2020-08-24,55.000118
2020-08-25,54.881390
2020-08-26,54.949249
2020-08-27,55.288490
2020-08-28,55.780392
2020-08-31,55.619251
2020-09-01,55.678631
2020-09-02,56.687881
2020-09-03,55.712551
2020-09-04,55.585335
2020-09-08,54.414932
2020-09-09,55.203674
2020-09-10,54.525200
2020-09-11,54.830505
2020-09-14,55.186710
2020-09-15,55.110390
2020-09-16,54.864429
2020-09-17,54.516716
2020-09-18,54.016319
2020-09-21,53.604240
2020-09-22,53.919910
2020-09-23,53.109409
2020-09-24,53.501862
2020-09-25,53.783409
2020-09-28,54.389149
2020-09-29,54.030827
2020-09-30,54.687767
2020-10-01,54.994892
2020-10-02,54.687767
2020-10-05,55.054615
2020-10-06,54.696289
2020-10-07,55.284969
2020-10-08,55.651840
2020-10-09,56.086937
2020-10-12,56.735352
2020-10-13,56.692707
2020-10-14,56.402618
2020-10-15,56.436752
2020-10-16,56.453804
2020-10-19,55.720089
2020-10-20,55.660358
2020-10-21,55.711559
2020-10-22,55.685959
2020-10-23,55.788349
2020-10-26,55.071686
2020-10-27,54.926643
2020-10-28,53.322697
2020-10-29,53.305641
2020-10-30,53.117943
2020-11-02,53.962578
2020-11-03,54.849854
2020-11-04,54.875462
2020-11-05,55.276447
2020-11-06,55.532391
2020-11-09,55.404415
2020-11-10,56.496471
2020-11-11,56.982769
2020-11-12,56.829201
2020-11-13,57.614117
2020-11-16,58.143078
2020-11-17,57.733543
2020-11-18,56.940113
2020-11-19,57.093670
2020-11-20,56.735352
2020-11-23,56.752422
2020-11-24,57.136345
2020-11-25,57.102215
2020-11-27,57.093670
2020-11-30,57.085152
2020-12-01,57.588509
2020-12-02,57.110748
2020-12-03,57.255772
2020-12-04,57.699432
2020-12-07,57.477608
2020-12-08,57.793278
2020-12-09,57.562908
2020-12-10,57.306965
2020-12-11,57.434952
2020-12-14,57.213131
2020-12-15,57.349625
2020-12-16,57.460533
2020-12-17,57.827396
2020-12-18,57.955376
2020-12-21,57.330799
2020-12-22,56.926445
2020-12-23,57.115711
2020-12-24,57.399620
2020-12-28,57.855579
2020-12-29,57.683517
2020-12-30,57.623295
2020-12-31,58.027630
2021-01-04,57.399620
2021-01-05,57.399620
2021-01-06,57.442631
2021-01-07,57.270576
2021-01-08,57.554470
2021-01-11,57.064098
2021-01-12,56.874832
2021-01-13,56.960865
2021-01-14,56.659752
2021-01-15,56.461880
2021-01-19,56.212391
2021-01-20,56.315632
2021-01-21,56.126362
2021-01-22,55.980110
2021-01-25,56.539307
2021-01-26,57.046890
2021-01-27,56.083351
2021-01-28,56.298424
2021-01-29,55.137009
2021-02-01,55.188633
2021-02-02,55.558563
2021-02-03,55.644585
2021-02-04,56.048946
2021-02-05,56.573723
2021-02-08,56.788795
2021-02-09,56.737179
2021-02-10,56.676956
2021-02-11,56.427464
2021-02-12,56.513504
2021-02-16,56.410263
2021-02-17,56.616737
2021-02-18,56.582321
2021-02-19,55.868263
2021-02-22,55.919899
2021-02-23,55.997307
2021-02-24,55.962910
2021-02-25,55.352089
2021-02-26,54.457359
2021-03-01,55.007965
2021-03-02,54.913330
2021-03-03,54.655239
2021-03-04,54.457359
2021-03-05,55.661797
2021-03-08,55.902672
2021-03-09,55.851070
2021-03-10,56.582321
2021-03-11,56.444679
2021-03-12,56.909256
2021-03-15,57.158737
2021-03-16,57.227554
2021-03-17,57.141525
2021-03-18,56.909256
2021-03-19,57.107101
2021-03-22,57.709991
2021-03-23,57.952183
2021-03-24,57.727295
2021-03-25,58.289516
2021-03-26,59.318821
2021-03-29,59.915638
2021-03-30,59.275562
2021-03-31,59.085274
2021-04-01,58.799847
2021-04-05,59.552349
2021-04-06,59.803196
2021-04-07,59.656143
2021-04-08,59.716702
2021-04-09,59.612892
2021-04-12,59.932930
2021-04-13,59.612892
2021-04-14,59.561005
2021-04-15,60.036732
2021-04-16,60.382698
2021-04-19,60.149162
2021-04-20,60.477859
2021-04-21,60.780579
2021-04-22,60.330811
2021-04-23,60.175125
2021-04-26,59.500446
2021-04-27,59.457199
2021-04-28,59.500446
2021-04-29,60.131859
2021-04-30,60.183762
2021-05-03,60.676804
2021-05-04,60.365417
2021-05-05,60.322166
2021-05-06,61.100632
2021-05-07,61.100632
2021-05-10,61.567715
2021-05-11,61.031429
2021-05-12,60.218369
2021-05-13,61.066010
2021-05-14,61.334160
2021-05-17,61.247662
2021-05-18,61.057377
2021-05-19,60.858444
2021-05-20,61.420658
2021-05-21,61.429302
2021-05-24,61.610954
2021-05-25,61.628246
2021-05-26,61.498516
2021-05-27,61.117935
2021-05-28,61.247662
2021-06-01,61.040085
2021-06-02,61.264961
2021-06-03,61.645523
2021-06-04,61.861786
2021-06-07,61.757988
2021-06-08,61.239048
2021-06-09,60.944931
2021-06-10,61.325508
2021-06-11,61.360119
2021-06-14,61.325508
2021-06-15,61.178459
2021-06-16,60.365417
2021-06-17,60.581657
2021-06-18,59.509098
2021-06-21,60.191643
2021-06-22,60.278687
2021-06-23,59.904358
2021-06-24,60.200340
2021-06-25,60.661751
2021-06-28,60.713989
2021-06-29,60.444099
2021-06-30,60.914207
2021-07-01,60.731388
2021-07-02,60.879387
2021-07-06,60.626911
2021-07-07,60.949043
2021-07-08,60.722687
2021-07-09,61.070930
2021-07-12,60.975159
2021-07-13,60.957741
2021-07-14,61.497509
2021-07-15,61.749966
2021-07-16,61.845734
2021-07-19,61.662910
2021-07-20,61.680321
2021-07-21,61.523602
2021-07-22,61.419144
2021-07-23,62.159138
2021-07-26,62.263607
2021-07-27,62.394180
2021-07-28,61.845734
2021-07-29,62.150421
2021-07-30,62.254913
2021-08-02,61.993717
2021-08-03,62.272305
2021-08-04,61.462654
2021-08-05,61.758675
2021-08-06,61.758675
2021-08-09,61.985023
2021-08-10,62.429008
2021-08-11,62.637951
2021-08-12,62.603130
2021-08-13,63.125488
2021-08-16,63.491104
2021-08-17,63.525948
2021-08-18,62.733719
2021-08-19,63.238644
2021-08-20,63.343117
2021-08-23,63.142891
2021-08-24,62.664074
2021-08-25,62.559608
2021-08-26,62.272305
2021-08-27,62.489952
2021-08-30,62.768555
2021-08-31,62.907825
2021-09-01,63.238644
2021-09-02,63.482426
2021-09-03,63.404053
2021-09-07,62.672771
2021-09-08,63.212536
2021-09-09,62.846897
2021-09-10,62.577003
2021-09-13,62.733719
2021-09-14,62.446442
2021-09-15,62.672771
2021-09-16,62.463844
2021-09-17,62.124325
2021-09-20,61.504101
2021-09-21,61.434021
2021-09-22,61.609238
2021-09-23,61.836979
2021-09-24,61.863266
2021-09-27,61.582932
2021-09-28,60.855885
2021-09-29,61.407742
2021-09-30,60.303970
2021-10-01,60.461658
2021-10-04,60.268936
2021-10-05,60.575539
2021-10-06,61.162468
2021-10-07,61.434021
2021-10-08,61.363945
2021-10-11,61.346428
2021-10-12,61.372696
2021-10-13,61.486584
2021-10-14,62.178631
2021-10-15,62.029713
2021-10-18,61.661797
2021-10-19,61.688076
2021-10-20,62.047222
2021-10-21,61.968399
2021-10-22,62.450191
2021-10-25,62.406368
2021-10-26,62.625385
2021-10-27,62.257465
2021-10-28,62.476471
2021-10-29,62.415131
2021-11-01,62.511517
2021-11-02,62.931999
2021-11-03,63.518909
2021-11-04,63.580231
2021-11-05,63.948158
2021-11-08,63.440067
2021-11-09,63.659065
2021-11-10,63.851795
2021-11-11,63.807987
2021-11-12,63.807987
2021-11-15,64.114609
2021-11-16,63.711639
2021-11-17,63.571468
2021-11-18,63.343704
2021-11-19,63.115959
2021-11-22,63.615269
2021-11-23,64.035767
2021-11-24,63.843025
2021-11-26,63.037098
2021-11-29,63.194794
2021-11-30,61.574177
2021-12-01,61.276344
2021-12-02,61.924587
2021-12-03,62.695457
2021-12-06,63.799221
2021-12-07,63.939377
2021-12-08,63.737904
2021-12-09,63.913105
2021-12-10,64.990601
2021-12-13,65.840340
2021-12-14,65.884102
2021-12-15,66.549873
2021-12-16,67.022919
2021-12-17,65.875351
2021-12-20,65.894745
2021-12-21,65.806557
2021-12-22,66.221100
2021-12-23,66.371040
2021-12-27,67.076660
2021-12-28,67.455910
2021-12-29,67.764610
2021-12-30,67.552933
2021-12-31,68.011581
2022-01-03,68.002747
2022-01-04,68.461395
2022-01-05,68.399666
2022-01-06,68.214447
2022-01-07,68.284988
2022-01-10,67.746986
2022-01-11,67.667587
2022-01-12,67.694061
2022-01-13,67.817520
2022-01-14,67.941002
2022-01-18,66.961998
2022-01-19,67.385353
2022-01-20,66.944344
2022-01-21,66.997269
2022-01-24,66.776756
2022-01-25,66.035889
2022-01-26,65.533150
2022-01-27,65.974129
2022-01-28,66.750305
2022-01-31,67.006081
2022-02-01,66.944344
2022-02-02,67.746986
2022-02-03,67.764610
2022-02-04,66.935532
2022-02-07,67.059021
2022-02-08,67.314789
2022-02-09,67.332436
2022-02-10,66.609184
2022-02-11,66.371040
2022-02-14,66.185814
2022-02-15,66.300491
2022-02-16,66.423965
2022-02-17,66.935532
2022-02-18,67.059021
2022-02-22,66.538628
2022-02-23,66.000603
2022-02-24,64.862793
2022-02-25,66.953186
2022-02-28,66.062347
2022-03-01,65.674255
2022-03-02,66.371040
2022-03-03,66.909058
2022-03-04,66.917885
2022-03-07,65.700699
2022-03-08,63.927879
2022-03-09,64.360069
2022-03-10,63.751465
2022-03-11,63.010601
2022-03-14,63.345757
2022-03-15,64.765785
2022-03-16,64.836365
2022-03-17,65.286171
2022-03-18,65.436111
2022-03-21,65.520287
2022-03-22,66.007599
2022-03-23,65.475990
2022-03-24,65.936707
2022-03-25,66.486023
2022-03-28,66.760712
2022-03-29,67.354332
2022-03-30,67.398621
2022-03-31,67.239143
2022-04-01,67.912514
2022-04-04,67.699852
2022-04-05,67.761894
2022-04-06,68.621323
2022-04-07,69.454163
2022-04-08,69.746536
2022-04-11,69.463020
2022-04-12,69.480736
2022-04-13,69.870598
2022-04-14,69.852859
2022-04-18,69.276978
2022-04-19,70.331314
2022-04-20,71.385651
2022-04-21,71.323647
2022-04-22,70.207275
2022-04-25,70.517365
2022-04-26,69.427589
2022-04-27,69.684532
2022-04-28,70.712280
2022-04-29,68.789650
2022-05-02,67.885910
2022-05-03,67.691002
2022-05-04,69.214943
2022-05-05,67.903641
2022-05-06,67.974518
2022-05-09,67.947945
2022-05-10,67.478371
2022-05-11,67.185997
2022-05-12,67.168266
2022-05-13,68.178307
2022-05-16,68.488411
2022-05-17,68.018814
2022-05-18,63.641956
2022-05-19,62.507854
2022-05-20,62.640755
2022-05-23,63.934341
2022-05-24,64.979813
2022-05-25,64.997536
2022-05-26,65.688637
2022-05-27,66.450577
2022-05-31,65.981018
2022-06-01,65.121582
2022-06-02,66.069626
2022-06-03,65.405098
2022-06-06,65.431694
2022-06-07,65.777229
2022-06-08,64.970963
2022-06-09,63.996361
2022-06-10,63.721691
2022-06-13,62.348370
2022-06-14,61.612988
2022-06-15,61.674995
2022-06-16,61.205441
2022-06-17,60.983913
2022-06-21,62.611244
2022-06-22,62.566605
2022-06-23,63.780640
2022-06-24,65.030342
2022-06-27,64.851822
2022-06-28,63.985924
2022-06-29,64.387634
2022-06-30,64.432266
2022-07-01,65.360657
2022-07-05,64.941116
2022-07-06,65.128555
2022-07-07,65.191048
2022-07-08,65.074989
2022-07-11,64.985725
2022-07-12,64.798271
2022-07-13,64.842903
2022-07-14,64.896446
2022-07-15,65.110687
2022-07-18,64.476906
2022-07-19,65.155319
2022-07-20,64.717918
2022-07-21,64.914299
2022-07-22,65.342789
2022-07-25,65.664131
2022-07-26,65.512398
2022-07-27,65.958725
2022-07-28,67.012062
2022-07-29,66.494316
2022-08-01,67.324501
2022-08-02,66.788887
2022-08-03,67.226303
2022-08-04,66.779968
2022-08-05,66.628220
2022-08-08,66.592514
2022-08-09,66.494316
2022-08-10,66.985268
2022-08-11,66.824593
2022-08-12,67.404846
2022-08-15,68.074333
2022-08-16,68.842018
2022-08-17,68.645638
2022-08-18,68.877731
2022-08-19,68.654556
2022-08-22,67.958282
2022-08-23,67.663704
2022-08-24,67.833313
2022-08-25,68.145752
2022-08-26,66.458626
2022-08-29,66.351501
2022-08-30,65.664131
2022-08-31,65.262436
2022-09-01,65.628448
2022-09-02,64.771484
2022-09-06,64.405487
2022-09-07,65.565964
2022-09-08,65.396339
2022-09-09,66.039070
2022-09-12,66.297935
2022-09-13,64.084145
2022-09-14,64.057350
2022-09-15,63.521770
2022-09-16,63.673527
2022-09-19,64.096703
2022-09-20,63.746281
2022-09-21,63.503693
2022-09-22,63.413868
2022-09-23,62.335701
2022-09-26,62.380623
2022-09-27,61.302456
2022-09-28,62.039200
2022-09-29,61.014946
2022-09-30,59.954765
2022-10-03,60.987991
2022-10-04,61.913410
2022-10-05,61.554024
2022-10-06,60.655556
2022-10-07,59.748112
2022-10-10,59.963737
2022-10-11,60.457901
2022-10-12,60.781342
2022-10-13,61.787624
2022-10-14,60.673519
2022-10-17,61.329411
2022-10-18,62.129047
2022-10-19,61.841545
2022-10-20,60.979008
2022-10-21,61.913410
2022-10-24,63.027519
2022-10-25,63.854115
2022-10-26,64.276375
2022-10-27,64.330299
2022-10-28,65.740883
2022-10-31,65.354546
2022-11-01,65.147903
2022-11-02,64.015831
2022-11-03,63.800213
2022-11-04,64.554901
2022-11-07,65.129921
2022-11-08,65.318604
2022-11-09,64.608826
2022-11-10,66.127220
2022-11-11,66.055359
2022-11-14,65.534233
2022-11-15,66.082306
2022-11-16,66.405746
2022-11-17,66.387787
2022-11-18,67.097572
2022-11-21,67.735481
2022-11-22,68.229652
2022-11-23,68.463249
2022-11-25,68.508163
2022-11-28,68.247604
2022-11-29,67.987053
2022-11-30,69.352715
2022-12-01,69.038254
2022-12-02,69.352715
2022-12-05,68.481216
2022-12-06,68.058945
2022-12-07,68.346443
2022-12-08,68.714836
2022-12-09,68.184723
2022-12-12,68.903488
2022-12-13,68.804665
2022-12-14,68.759743
2022-12-15,67.591713
2022-12-16,67.259285
2022-12-19,67.216751
2022-12-20,67.162468
2022-12-21,67.832115
2022-12-22,67.678268
2022-12-23,68.031204
2022-12-27,68.356941
2022-12-28,67.506332
2022-12-29,67.795914
2022-12-30,67.461105
2023-01-03,67.207710
2023-01-04,67.470139
2023-01-05,66.791443
2023-01-06,68.574135
2023-01-09,67.904510
2023-01-10,67.814018
2023-01-11,67.850204
2023-01-12,67.316315
2023-01-13,67.633018
2023-01-17,67.678268
2023-01-18,65.832268
2023-01-19,65.207863
2023-01-20,65.714630
2023-01-23,65.922745
2023-01-24,66.194214
2023-01-25,66.357101
2023-01-26,66.121841
2023-01-27,65.931778
2023-01-30,66.013222
2023-01-31,66.728119
2023-02-01,67.262009
2023-02-02,66.682869
2023-02-03,66.420456
2023-02-06,66.501869
2023-02-07,66.221367
2023-02-08,65.714630
2023-02-09,65.425056
2023-02-10,66.031342
2023-02-13,66.782402
2023-02-14,66.176117
2023-02-15,66.302803
2023-02-16,65.823189
2023-02-17,66.673813
2023-02-21,66.420456
2023-02-22,66.320892
2023-02-23,66.239464
2023-02-24,65.796043
2023-02-27,65.723663
2023-02-28,65.180717
2023-03-01,64.701118
2023-03-02,65.587936
2023-03-03,65.642227
2023-03-06,65.814171
2023-03-07,65.162628
2023-03-08,65.271217
2023-03-09,64.664925
2023-03-10,64.348206
2023-03-13,64.673965
2023-03-14,65.262169
2023-03-15,65.687469
2023-03-16,65.732712
2023-03-17,65.253105
2023-03-20,66.157814
2023-03-21,66.103264
2023-03-22,65.494057
2023-03-23,65.239471
2023-03-24,66.348763
2023-03-27,66.703377
2023-03-28,66.821579
2023-03-29,67.194382
2023-03-30,67.385323
2023-03-31,67.930870
2023-04-03,68.285492
2023-04-04,68.149109
2023-04-05,68.467361
2023-04-06,68.521889
2023-04-10,68.521889
2023-04-11,68.721931
2023-04-12,68.412796
2023-04-13,68.794693
2023-04-14,68.358238
2023-04-17,68.794693
2023-04-18,69.003799
2023-04-19,68.958351
2023-04-20,69.122009
2023-04-21,69.622101
2023-04-24,69.903992
2023-04-25,69.813049
2023-04-26,69.267517
2023-04-27,70.040359
2023-04-28,70.413155
2023-05-01,70.467720
2023-05-02,70.276772
2023-05-03,69.703934
2023-05-04,69.531189
2023-05-05,70.176758
2023-05-08,69.967613
2023-05-09,69.749405
2023-05-10,69.640289
2023-05-11,69.849426
2023-05-12,70.122208
2023-05-15,69.949440
2023-05-16,69.358414
2023-05-17,69.322052
2023-05-18,68.985634
2023-05-19,69.031097
2023-05-22,67.985428
2023-05-23,67.485336
2023-05-24,67.048904
2023-05-25,66.539711
2023-05-26,66.767029
2023-05-30,66.003242
2023-05-31,66.075981
2023-06-01,66.021431
2023-06-02,66.930702
2023-06-05,66.685188
2023-06-06,66.348763
2023-06-07,66.130562
2023-06-08,66.585175
2023-06-09,66.476044
2023-06-12,66.457870
2023-06-13,66.730659
2023-06-14,67.139816
2023-06-15,67.812675
2023-06-16,67.894516
2023-06-20,67.378044
2023-06-21,67.616127
2023-06-22,68.009888
2023-06-23,67.561188
2023-06-26,67.652763
2023-06-27,67.854210
2023-06-28,67.396362
2023-06-29,67.332268
2023-06-30,67.918312
2023-07-03,68.449440
2023-07-05,68.330391
2023-07-06,68.156410
2023-07-07,67.268166
2023-07-10,67.249855
2023-07-11,67.350578
2023-07-12,67.506248
2023-07-13,67.790123
2023-07-14,68.019043
2023-07-17,67.817581
2023-07-18,67.744331
2023-07-19,68.431137
2023-07-20,69.017181
2023-07-21,69.255249
2023-07-24,69.520821
2023-07-25,69.502495
2023-07-26,69.584915
2023-07-27,68.971397
2023-07-28,69.685646
2023-07-31,69.365143
2023-08-01,68.989693
2023-08-02,69.236946
2023-08-03,69.044647
2023-08-04,68.357872
2023-08-07,68.916443
2023-08-08,68.421951
2023-08-09,68.522690
2023-08-10,68.385338
2023-08-11,68.495216
2023-08-14,68.156410
2023-08-15,67.423828
2023-08-16,67.268166
2023-08-17,66.618019
2023-08-18,66.865257
2023-08-21,66.416550
2023-08-22,66.041115
2023-08-23,66.480644
2023-08-24,65.949539
2023-08-25,66.315819
2023-08-28,66.618019
2023-08-29,66.856102
2023-08-30,66.965973
2023-08-31,66.627159
2023-09-01,66.059425
2023-09-05,65.491676
2023-09-06,65.418427
2023-09-07,65.574097
2023-09-08,65.656509
2023-09-11,66.224243
2023-09-12,65.656509
2023-09-13,65.857971
2023-09-14,66.526443
2023-09-15,65.977020
2023-09-18,65.953964
2023-09-19,65.797241
2023-09-20,65.861778
2023-09-21,65.013611
2023-09-22,64.663277
2023-09-25,64.432800
2023-09-26,63.953411
2023-09-27,63.427917
2023-09-28,63.621532
2023-09-29,63.437126
2023-10-02,63.003830
2023-10-03,62.552082
2023-10-04,63.049919
2023-10-05,61.805347
2023-10-06,61.464230
2023-10-09,61.519550
2023-10-10,62.146450
2023-10-11,61.722359
2023-10-12,61.049355
2023-10-13,61.584087
2023-10-16,62.220200
2023-10-17,62.487553
2023-10-18,62.718040
2023-10-19,62.257065
2023-10-20,62.017372
2023-10-23,61.897526
2023-10-24,62.423023
2023-10-25,62.635078
2023-10-26,62.229420
2023-10-27,61.381268
2023-10-30,62.340042
2023-10-31,62.561302
2023-11-01,62.496780
2023-11-02,63.308067
2023-11-03,63.381824
2023-11-06,63.483219
2023-11-07,63.639946
2023-11-08,63.391033
2023-11-09,63.132893
2023-11-10,63.575424
2023-11-13,63.778240
2023-11-14,64.432800
2023-11-15,64.949074
2023-11-16,64.147026
2023-11-17,64.064041
2023-11-20,64.017944
2023-11-21,64.211540
2023-11-22,64.672508
2023-11-24,64.912193
2023-11-27,64.727821
2023-11-28,65.022827
2023-11-29,64.497330
2023-11-30,65.142677
2023-12-01,65.410049
2023-12-04,65.493011
2023-12-05,64.976730
2023-12-06,64.810791
2023-12-07,65.087364
2023-12-08,64.635620
2023-12-11,65.253304
2023-12-12,65.465347
2023-12-13,66.654625
2023-12-14,65.677383
2023-12-15,65.677383
2023-12-18,66.361069
2023-12-19,66.491096
2023-12-20,65.199944
2023-12-21,65.655090
2023-12-22,66.156700
2023-12-26,66.435371
2023-12-27,66.741913
2023-12-28,66.769791
2023-12-29,66.909119
2024-01-02,67.661530
2024-01-03,67.132050
2024-01-04,67.039162
2024-01-05,66.890549
2024-01-08,67.382866
2024-01-09,67.559364
2024-01-10,67.420006
2024-01-11,67.410721
2024-01-12,67.624374
2024-01-16,67.252823
2024-01-17,67.206367
2024-01-18,67.122772
2024-01-19,66.927711
2024-01-22,66.602570
2024-01-23,67.327133
2024-01-24,66.500397
2024-01-25,67.141335
2024-01-26,67.466461
2024-01-29,67.856613
2024-01-30,68.237450
2024-01-31,67.735847
2024-02-01,69.119919
2024-02-02,68.896973
2024-02-05,68.469673
2024-02-06,68.627579
2024-02-07,68.562569
2024-02-08,68.544006
2024-02-09,67.912331
2024-02-12,68.395363
2024-02-13,67.661530
2024-02-14,67.531479
2024-02-15,67.968071
2024-02-16,68.070236
2024-02-20,68.785515
2024-02-21,69.036316
2024-02-22,69.249969
2024-02-23,69.463608
2024-02-26,69.184952
2024-02-27,69.194221
2024-02-28,69.268547
2024-02-29,69.157066
2024-03-01,69.166359
2024-03-04,69.222084
2024-03-05,69.389297
2024-03-06,69.974518
2024-03-07,70.373947
2024-03-08,69.816597
2024-03-11,70.197449
2024-03-12,70.559715
2024-03-13,70.736206
2024-03-14,70.188156
2024-03-15,70.160286
2024-03-18,70.611328
2024-03-19,70.873337
2024-03-20,71.088547
2024-03-21,71.125969
2024-03-22,70.779739
2024-03-25,70.583252
2024-03-26,70.620667
2024-03-27,71.359917
2024-03-28,71.453499
2024-04-01,70.882683
2024-04-02,70.517746
2024-04-03,69.741066
2024-04-04,69.441635
2024-04-05,69.553925
2024-04-08,69.450981
2024-04-09,69.787865
2024-04-10,69.535217
2024-04-11,69.366776
2024-04-12,68.664978
2024-04-15,68.384239
2024-04-16,68.412323
2024-04-17,68.664978
2024-04-18,68.983124
2024-04-19,69.656868
2024-04-22,70.321236
2024-04-23,70.517746
2024-04-24,71.051125
2024-04-25,70.882683
2024-04-26,70.732979
2024-04-29,70.957542
2024-04-30,70.648743
2024-05-01,70.199585
2024-05-02,70.789108
2024-05-03,71.004326
2024-05-06,71.041771
2024-05-07,71.818436
2024-05-08,71.603203
2024-05-09,72.220802
2024-05-10,72.632530
2024-05-13,72.426659
2024-05-14,72.286285
2024-05-15,72.333092
2024-05-16,73.362396
2024-05-17,73.184608
2024-05-20,72.679314
2024-05-21,73.109756
2024-05-22,72.819679
2024-05-23,71.958786
2024-05-24,72.145935
2024-05-28,71.584488
2024-05-29,71.069832
2024-05-30,71.256973
2024-05-31,72.370522
2024-06-03,72.342453
2024-06-04,72.969406
2024-06-05,72.810310
2024-06-06,73.034904
2024-06-07,72.669960
2024-06-10,72.613815
2024-06-11,72.576385
2024-06-12,71.780991
2024-06-13,71.874580
2024-06-14,72.005577
2024-06-17,72.688675
2024-06-18,72.782249
2024-06-20,72.623184
2024-06-21,72.679314
2024-06-24,73.454323
2024-06-25,72.982887
2024-06-26,72.832047
2024-06-27,72.520927
2024-06-28,72.200371
2024-07-01,71.691254
2024-07-02,72.190933
2024-07-03,72.068382
2024-07-05,72.954597
2024-07-08,72.841484
2024-07-09,72.652908
2024-07-10,72.973465
2024-07-11,72.700066
2024-07-12,73.020615
2024-07-15,72.596352
2024-07-16,73.294022
2024-07-17,74.236847
2024-07-18,73.869141
2024-07-19,73.624008
2024-07-22,73.671158
2024-07-23,73.407166
2024-07-24,73.341179
2024-07-25,73.256310
2024-07-26,74.001144
2024-07-29,74.029427
2024-07-30,73.529716
2024-07-31,73.397743
2024-08-01,74.076546
2024-08-02,74.727097
2024-08-05,73.256310
2024-08-06,73.765427
2024-08-07,73.840851
2024-08-08,74.510254
2024-08-09,74.623383
2024-08-12,74.246277
2024-08-13,74.585686
2024-08-14,74.925087
2024-08-15,75.698196
2024-08-16,75.905617
2024-08-19,76.160164
2024-08-20,76.537292
2024-08-21,77.055832
2024-08-22,76.942703
2024-08-23,77.159538
2024-08-26,77.706375
2024-08-27,77.894943
2024-08-28,77.564957
2024-08-29,77.178406
2024-08-30,77.791229
2024-09-03,78.338051
2024-09-04,78.705750
2024-09-05,78.404060
2024-09-06,78.243774
2024-09-09,78.847176
2024-09-10,78.828323
2024-09-11,78.092926
2024-09-12,78.573769
2024-09-13,79.130028
2024-09-16,79.441139
2024-09-17,78.686897
2024-09-18,78.385201
2024-09-19,77.923233
2024-09-20,78.300354
2024-09-23,78.754356
2024-09-24,78.564789
2024-09-25,78.365746
2024-09-26,78.545837
2024-09-27,78.688004
2024-09-30,78.669044
2024-10-01,78.403656
2024-10-02,77.740189
2024-10-03,76.962959
2024-10-04,77.218887
2024-10-07,76.451157
2024-10-08,76.830276
2024-10-09,77.294716
2024-10-10,76.953506
2024-10-11,77.380028
2024-10-14,77.692795
2024-10-15,78.185661
2024-10-16,78.128777
2024-10-17,77.778107
2024-10-18,77.948700
2024-10-21,77.294716
2024-10-22,77.730705
2024-10-23,77.579048
2024-10-24,77.474800
2024-10-25,76.830276
2024-10-28,76.972458
2024-10-29,76.214195
2024-10-30,76.090981
2024-10-31,75.939331
2024-11-01,75.967766
2024-11-04,76.176292
2024-11-05,76.659676
2024-11-06,75.408546
2024-11-07,75.683411
2024-11-08,76.602791
2024-11-11,76.337425
2024-11-12,76.422707
2024-11-13,76.650192
2024-11-14,76.460632
2024-11-15,75.787682
2024-11-18,76.318459
2024-11-19,76.422707
2024-11-20,76.034111
2024-11-21,76.858711
2024-11-22,77.569572
2024-11-25,77.996101
2024-11-26,78.318352
2024-11-27,78.479485
2024-11-29,78.877579
2024-12-02,78.782784
2024-12-03,78.375229
2024-12-04,78.157227
2024-12-05,78.470016
2024-12-06,78.081406
2024-12-09,77.958191
2024-12-10,78.327827
2024-12-11,77.730705
2024-12-12,77.958191
2024-12-13,77.759140
2024-12-16,77.351578
2024-12-17,77.218887
2024-12-18,76.043594
2024-12-19,75.503334
2024-12-20,75.768723
2024-12-23,75.369530
2024-12-24,75.866119
2024-12-26,76.104889
2024-12-27,75.732422
2024-12-30,74.844269
2024-12-31,75.073479
2025-01-02,74.844269
2025-01-03,74.806068
2025-01-06,74.022964
2025-01-07,73.765099
2025-01-08,73.898804
2025-01-10,72.905594
2025-01-13,73.029747
2025-01-14,73.048836
2025-01-15,72.800545
2025-01-16,73.344910
2025-01-17,73.765099
2025-01-21,74.108910
2025-01-22,73.746010
2025-01-23,74.013405
2025-01-24,74.395416
2025-01-27,76.410484
2025-01-28,75.216728
2025-01-29,75.398178
2025-01-30,76.143082
2025-01-31,75.426819
2025-02-03,75.722878
2025-02-04,75.083031
2025-02-05,75.550987
2025-02-06,75.894791
2025-02-07,75.780174
2025-02-10,76.248131
2025-02-11,76.983498
2025-02-12,76.926201
2025-02-13,77.757050
2025-02-14,76.983498
2025-02-18,77.260445
2025-02-19,77.881203
2025-02-20,77.575607
2025-02-21,78.482872
2025-02-24,78.721619
2025-02-25,79.838989
2025-02-26,78.310959
2025-02-27,78.301407
2025-02-28,79.342369
2025-03-03,79.762573
2025-03-04,78.406456
2025-03-05,78.731171
2025-03-06,78.874413
2025-03-07,79.132263
2025-03-10,78.960373
2025-03-11,77.804817
2025-03-12,76.114426
2025-03-13,75.761086
2025-03-14,75.932983
2025-03-17,77.040794
2025-03-18,76.162193
2025-03-19,76.162193
2025-03-20,75.789734
2025-03-21,75.761086
2025-03-24,76.229591
2025-03-25,75.538338
2025-03-26,76.709633
2025-03-27,77.583290
2025-03-28,77.199272
2025-03-31,78.408951
2025-04-01,78.524155
2025-04-02,78.293755
2025-04-03,78.744972
2025-04-04,75.327126
2025-04-07,74.453468
2025-04-08,73.301376
2025-04-09,76.143188
2025-04-10,76.181595
2025-04-11,77.141655
2025-04-14,78.456955
2025-04-15,77.794510
2025-04-16,76.959244
2025-04-17,78.600967
2025-04-21,77.852104
2025-04-22,78.956192
2025-04-23,78.504959
2025-04-24,77.813713
2025-04-25,77.612091
2025-04-28,77.352875
2025-04-29,77.996124
2025-04-30,78.562561
2025-05-01,77.880920
2025-05-02,78.303345
2025-05-05,78.236145
2025-05-06,78.101738
2025-05-07,78.226540
2025-05-08,78.130531
2025-05-09,77.679314
2025-05-12,77.794510
2025-05-13,76.748032
2025-05-14,76.335205
2025-05-15,77.900116
2025-05-16,78.792984
2025-05-19,79.023392
2025-05-20,79.301819
2025-05-21,78.380150
2025-05-22,78.053719
2025-05-23,78.341751
2025-05-27,79.052200
2025-05-28,78.514565
2025-05-29,78.831375
2025-05-30,79.522629
2025-06-02,79.570633
2025-06-03,79.493835
2025-06-04,78.936989
2025-06-05,78.178528
2025-06-06,78.428146
2025-06-09,78.322540
2025-06-10,78.495369
2025-06-11,78.226540
2025-06-12,78.687370
2025-06-13,77.727295
2025-06-16,77.976921
2025-06-17,77.314468
2025-06-18,77.218452
2025-06-20,77.784904
2025-06-23,78.685829
2025-06-24,78.618172
2025-06-25,77.564507
2025-06-26,77.496841
2025-06-27,77.864166
2025-06-30,78.270157
2025-07-01,79.246490
2025-07-02,79.478493
2025-07-03,79.439827
2025-07-07,79.372162
2025-07-08,78.637489
2025-07-09,78.125168
2025-07-10,78.405502
2025-07-11,78.115486
2025-07-14,78.183159
2025-07-15,77.400169
2025-07-16,77.670837
2025-07-17,78.405502
2025-07-18,78.192833
2025-07-21,78.183159
2025-07-22,78.898499
2025-07-23,78.927490
2025-07-24,78.647156
2025-07-25,78.782501
2025-07-28,77.970505
2025-07-29,78.482834
2025-07-30,77.786842
2025-07-31,77.119843
2025-08-01,77.487183
2025-08-04,77.864166
2025-08-05,77.786842
2025-08-06,78.898499
2025-08-07,79.497818
2025-08-08,79.729820
2025-08-11,79.662155
2025-08-12,79.874817
2025-08-13,79.874817
2025-08-14,79.159492
2025-08-15,79.285156
2025-08-18,79.178825
2025-08-19,79.990822
2025-08-20,80.445152
2025-08-21,79.720154
2025-08-22,79.720154
2025-08-25,78.357162
2025-08-26,77.844841
2025-08-27,78.076836
2025-08-28,77.583839
2025-08-29,78.086502
2025-09-02,77.960831
2025-09-03,77.902847
2025-09-04,77.951172
2025-09-05,78.173500
2025-09-08,77.883499
2025-09-09,78.038170
2025-09-10,77.274513
2025-09-11,77.902847
2025-09-12,77.641838
2025-09-15,76.752518
2025-09-16,77.100510
2025-09-17,77.564507
2025-09-18,76.887840
2025-09-19,76.733177
2025-09-22,75.877663
2025-09-23,76.257240
2025-09-24,76.422699
2025-09-25,75.692734
2025-09-26,75.877663
2025-09-29,76.023659
2025-09-30,76.276718
2025-10-01,76.159920
2025-10-02,75.858200
2025-10-03,75.945793
2025-10-06,75.391014
2025-10-07,76.091782
2025-10-08,75.712204
2025-10-09,75.955528
2025-10-10,76.013916
2025-10-13,75.760857
2025-10-14,76.977478
2025-10-15,77.113747
2025-10-16,76.578430
2025-10-17,77.600380
2025-10-20,77.532249
2025-10-21,77.172134
2025-10-22,77.610115
2025-10-23,77.230537
2025-10-24,76.977478
2025-10-27,77.104012
2025-10-28,76.335106
2025-10-29,74.534523
2025-10-30,74.456665
2025-10-31,74.242538
2025-11-03,73.658562
2025-11-04,73.960281
2025-11-05,73.911621
2025-11-06,73.580696
2025-11-07,74.661049
2025-11-10,74.388519
2025-11-11,75.361816
2025-11-12,75.254753
2025-11-13,75.254753
2025-11-14,75.196365
2025-11-17,74.719437
2025-11-18,75.040634
2025-11-19,74.466393
2025-11-20,75.001694
2025-11-21,75.819267
2025-11-24,74.943298
2025-11-25,75.974991
2025-11-26,76.802292
2025-11-28,77.250000
2025-12-01,77.172134
2025-12-02,76.666016
2025-12-03,76.724426
2025-12-04,76.354576
2025-12-05,76.364311
2025-12-08,75.731667
2025-12-09,75.906860
2025-12-10,76.130714
2025-12-11,76.695236
2025-12-12,77.298668
2025-12-15,77.512787
2025-12-16,77.162399
2025-12-17,77.522522
2025-12-18,77.074806
2025-12-19,76.675758
2025-12-22,76.407921
2025-12-23,76.044914
2025-12-24,76.643387
2025-12-26,76.751305
2025-12-29,76.800354
2025-12-30,76.672813
2025-12-31,76.211700
2026-01-02,76.221512
2026-01-05,75.887939
2026-01-06,76.005669
2026-01-07,75.171745
2026-01-08,76.957336
2026-01-09,77.752022
2026-01-12,78.664452
2026-01-13,79.576874
2026-01-14,80.675697
2026-01-15,80.813057
2026-01-16,80.557968
2026-01-20,80.803246
2026-01-21,80.881737
2026-01-22,80.714935
2026-01-23,81.342850
2026-01-26,81.215302
2026-01-27,81.588127
2026-01-28,80.763992
2026-01-29,80.577583
2026-01-30,81.931503
2026-02-02,82.902786
2026-02-03,84.246895
2026-02-04,85.345718
2026-02-05,85.277046
2026-02-06,86.277771
2026-02-09,85.777405
2026-02-10,85.502708
2026-02-11,86.729073
2026-02-12,87.523766
2026-02-13,87.818092
2026-02-17,86.532852
2026-02-18,86.375877
2026-02-19,86.012871
2026-02-20,86.228714
2026-02-23,87.288292
2026-02-24,88.043747
2026-02-25,87.327545
2026-02-26,87.180374
2026-02-27,88.308647
2026-03-02,87.033211
2026-03-03,86.081551
2026-03-04,85.512512
2026-03-05,83.795593
2026-03-06,84.158592
2026-03-09,84.345001
2026-03-10,84.099739
2026-03-11,82.991089
2026-03-12,82.657516
2026-03-13,83.138252
2026-03-16,83.373718
2026-03-17,83.099007
2026-03-18,81.077942
2026-03-19,80.420609
2026-03-20,79.753464
2026-03-23,80.093849
2026-03-24,80.024788
2026-03-25,80.419434
2026-03-26,80.054382
2026-03-27,80.685822
2026-03-30,80.784477
2026-03-31,80.883141
2026-04-01,80.370102
2026-04-02,80.794350
2026-04-06,81.554047
2026-04-07,80.172783
2026-04-08,81.672440
2026-04-09,82.333473
2026-04-10,81.267929
2026-04-13,80.458900
2026-04-14,80.379967
2026-04-15,79.975449
2026-04-16,80.340500
2026-04-17,81.356720
2026-04-20,81.287659
2026-04-21,80.745010
2026-04-22,81.011406
2026-04-23,82.363083
2026-04-24,82.116425
2026-04-27,81.238319
2026-04-28,81.968422
2026-04-29,81.810562
2026-04-30,83.181969
2026-05-01,83.043839
2026-05-04,82.422272
2026-05-05,82.935310
2026-05-06,83.112907
2026-05-07,82.856392
2026-05-08,83.053703
2026-05-11,82.254547
2026-05-12,83.310234
2026-05-13,83.586487
2026-05-14,83.843010
2026-05-15,83.507553
2026-05-18,84.750694
2026-05-19,84.938156
2026-05-20,84.375778
2026-05-21,83.527290
2026-05-22,83.665413
2026-05-26,82.511063
2026-05-27,83.448364
2026-05-28,83.300362
2026-05-29,81.800705
2026-06-01,80.932480
2026-06-02,80.735153
2026-06-03,81.060738
2026-06-04,80.942345
2026-06-05,82.323608
2026-06-08,81.958557
2026-06-09,82.974777
2026-06-10,84.346176
2026-06-11,84.129120
2026-06-12,84.671768
2026-06-15,84.336319
2026-06-16,84.444839
2026-06-17,82.560402
2026-06-18,82.185486
2026-06-22,81.643051
2026-06-23,83.172989
2026-06-24,83.888290
2026-06-25,83.391556
2026-06-26,84.156517
2026-06-29,83.818748
2026-06-30,82.527237
2026-07-01,82.755737
2026-07-02,84.434692
2026-07-06,83.550507
2026-07-07,84.305542
2026-07-08,83.838615
2026-07-09,82.656387
2026-07-10,83.570381
2026-07-13,84.037300
2026-07-14,82.874947
2026-07-15,82.924622
2026-07-16,85.249329
2026-07-17,84.633385
2026-07-20,84.305542
2026-07-21,83.510765
2026-07-22,83.828674
2026-07-23,82.666321
2026-07-24,83.580307
2026-07-27,84.802277
2026-07-28,86.491165
2026-07-29,86.789207
2026-07-30,84.911560
2026-07-31,84.494301
2026-08-03,84.305542
2026-08-04,84.812210
2026-08-05,84.772476
2026-08-06,84.553909
2026-08-07,84.563843
2026-08-10,84.394951
2026-08-11,84.136658
2026-08-12,84.524109
2026-08-13,85.438095
2026-08-14,85.527504
2026-08-17,84.126717
2026-08-18,85.020836
2026-08-19,85.974564
2026-08-20,84.762535
2026-08-21,85.428154
2026-08-24,86.878616
2026-08-25,85.954689
2026-08-26,85.706329
2026-08-27,84.524109
2026-08-28,84.891685
2026-08-31,84.424759
2026-09-01,84.692993
2026-09-02,84.971161
2026-09-03,84.702927
2026-09-04,84.027374
2026-09-08,83.471024
2026-09-09,82.507370
2026-09-10,82.547104
2026-09-11,82.835213
2026-09-14,83.868416
2026-09-15,83.182930
2026-09-16,82.785538
2026-09-17,82.944489
2026-09-18,82.259003
2026-09-21,81.919998
2026-09-22,82.730003
2026-09-23,82.430000
2026-09-24,81.699997
2026-09-25,82.059998
2026-09-28,82.279999
2026-09-29,81.849998
2026-09-30,80.599998
2026-10-01,80.330002
