date,adj_close
1998-12-22,5.752995
1998-12-23,5.728889
1998-12-24,5.834365
1998-12-28,5.804228
1998-12-29,5.900663
1998-12-30,5.852445
1998-12-31,5.831352
1999-01-04,5.737927
1999-01-05,5.807242
1999-01-06,5.867514
1999-01-07,5.846417
1999-01-08,5.879568
1999-01-11,5.722861
1999-01-12,5.725876
1999-01-13,5.765051
1999-01-14,5.668614
1999-01-15,5.695740
1999-01-19,5.888609
1999-01-20,5.864502
1999-01-21,5.843406
1999-01-22,5.882583
1999-01-25,5.662587
1999-01-26,5.774094
1999-01-27,5.686698
1999-01-28,5.695740
1999-01-29,5.686698
1999-02-01,5.674645
1999-02-02,5.599302
1999-02-03,5.629438
1999-02-04,5.545057
1999-02-05,5.548073
1999-02-08,5.548073
1999-02-09,5.572179
1999-02-10,5.533002
1999-02-11,5.557113
1999-02-12,5.466703
1999-02-16,5.566155
1999-02-17,5.526975
1999-02-18,5.626424
1999-02-19,5.566155
1999-02-22,5.746973
1999-02-23,5.566155
1999-02-24,5.617383
1999-02-25,5.496840
1999-02-26,5.529988
1999-03-01,5.448621
1999-03-02,5.367252
1999-03-03,5.370264
1999-03-04,5.454648
1999-03-05,5.548073
1999-03-08,5.484786
1999-03-09,5.469717
1999-03-10,5.451635
1999-03-11,5.493826
1999-03-12,5.554098
1999-03-15,5.569165
1999-03-16,5.548073
1999-03-17,5.496840
1999-03-18,5.578208
1999-03-19,5.475362
1999-03-22,5.493565
1999-03-23,5.320653
1999-03-24,5.393459
1999-03-25,5.375256
1999-03-26,5.305489
1999-03-29,5.278186
1999-03-30,5.193250
1999-03-31,5.181118
1999-04-01,5.290321
1999-04-05,5.332789
1999-04-06,5.305489
1999-04-07,5.375256
1999-04-08,5.517831
1999-04-09,5.478395
1999-04-12,5.557264
1999-04-13,5.466264
1999-04-14,5.387392
1999-04-15,5.441994
1999-04-16,5.502663
1999-04-19,5.557264
1999-04-20,5.617931
1999-04-21,5.718037
1999-04-22,5.699834
1999-04-23,5.696804
1999-04-26,5.666467
1999-04-27,5.699834
1999-04-28,5.675569
1999-04-29,5.757472
1999-04-30,5.681634
1999-05-03,5.766572
1999-05-04,5.718037
1999-05-05,5.763541
1999-05-06,5.642199
1999-05-07,5.711972
1999-05-10,5.696804
1999-05-11,5.718037
1999-05-12,5.733207
1999-05-13,5.809041
1999-05-14,5.699834
1999-05-17,5.818141
1999-05-18,5.690735
1999-05-19,5.809041
1999-05-20,5.796904
1999-05-21,5.742310
1999-05-24,5.799940
1999-05-25,5.806008
1999-05-26,5.836338
1999-05-27,5.736238
1999-05-28,5.748370
1999-06-01,5.745337
1999-06-02,5.745337
1999-06-03,5.690735
1999-06-04,5.775673
1999-06-07,5.824207
1999-06-08,5.824207
1999-06-09,5.869710
1999-06-10,5.821172
1999-06-11,5.781738
1999-06-14,5.942512
1999-06-15,5.948576
1999-06-16,6.006214
1999-06-17,5.954645
1999-06-18,5.975912
1999-06-21,5.930131
1999-06-22,5.908767
1999-06-23,5.890456
1999-06-24,5.826361
1999-06-25,5.795839
1999-06-28,5.856880
1999-06-29,5.859934
1999-06-30,5.985066
1999-07-01,5.963702
1999-07-02,5.966754
1999-07-06,5.948442
1999-07-07,6.003379
1999-07-08,5.954548
1999-07-09,5.954548
1999-07-12,5.930131
1999-07-13,5.902664
1999-07-14,5.939288
1999-07-15,6.030849
1999-07-16,6.101047
1999-07-19,6.043056
1999-07-20,6.070527
1999-07-21,6.107151
1999-07-22,6.097991
1999-07-23,6.058319
1999-07-26,6.067471
1999-07-27,6.104097
1999-07-28,6.091890
1999-07-29,5.991172
1999-07-30,6.003379
1999-08-02,6.094941
1999-08-03,6.055267
1999-08-04,5.963702
1999-08-05,6.018640
1999-08-06,5.994224
1999-08-09,6.018640
1999-08-10,5.908767
1999-08-11,5.878247
1999-08-12,5.847727
1999-08-13,5.924028
1999-08-16,5.878247
1999-08-17,5.942339
1999-08-18,5.905716
1999-08-19,5.838570
1999-08-20,5.823310
1999-08-23,5.850776
1999-08-24,5.835517
1999-08-25,5.917923
1999-08-26,5.920973
1999-08-27,5.841623
1999-08-30,5.762268
1999-08-31,5.716487
1999-09-01,5.737851
1999-09-02,5.658498
1999-09-03,5.765321
1999-09-07,5.725643
1999-09-08,5.643239
1999-09-09,5.664605
1999-09-10,5.685967
1999-09-13,5.737851
1999-09-14,5.740901
1999-09-15,5.747010
1999-09-16,5.716487
1999-09-17,5.791137
1999-09-20,5.760380
1999-09-21,5.683491
1999-09-22,5.791137
1999-09-23,5.738851
1999-09-24,5.655814
1999-09-27,5.738851
1999-09-28,5.674267
1999-09-29,5.748080
1999-09-30,5.861871
1999-10-01,5.821895
1999-10-04,5.917230
1999-10-05,5.760380
1999-10-06,5.846496
1999-10-07,5.763456
1999-10-08,5.806511
1999-10-11,5.769606
1999-10-12,5.655814
1999-10-13,5.708100
1999-10-14,5.745002
1999-10-15,5.609684
1999-10-18,5.652736
1999-10-19,5.585077
1999-10-20,5.594306
1999-10-21,5.508193
1999-10-22,5.575855
1999-10-25,5.514342
1999-10-26,5.548170
1999-10-27,5.692720
1999-10-28,5.904930
1999-10-29,5.892628
1999-11-01,5.947986
1999-11-02,5.892628
1999-11-03,5.824968
1999-11-04,5.794211
1999-11-05,5.843418
1999-11-08,5.880325
1999-11-09,5.794211
1999-11-10,5.818816
1999-11-11,5.800362
1999-11-12,5.818816
1999-11-15,5.791137
1999-11-16,5.778833
1999-11-17,5.821895
1999-11-18,5.778833
1999-11-19,5.781909
1999-11-22,5.717325
1999-11-23,5.658890
1999-11-24,5.628134
1999-11-26,5.692720
1999-11-29,5.628134
1999-11-30,5.698873
1999-12-01,5.726550
1999-12-02,5.692720
1999-12-03,5.803440
1999-12-06,5.763456
1999-12-07,5.806511
1999-12-08,5.760380
1999-12-09,5.766532
1999-12-10,5.723475
1999-12-13,5.720398
1999-12-14,5.717325
1999-12-15,5.741926
1999-12-16,5.683491
1999-12-17,5.756886
1999-12-20,5.623797
1999-12-21,5.698078
1999-12-22,5.682601
1999-12-23,5.710457
1999-12-27,5.558798
1999-12-28,5.608322
1999-12-29,5.524751
1999-12-30,5.524751
1999-12-31,5.574274
2000-01-03,5.438090
2000-01-04,5.274051
2000-01-05,5.407140
2000-01-06,5.397854
2000-01-07,5.444280
2000-01-10,5.462851
2000-01-11,5.404041
2000-01-12,5.348331
2000-01-13,5.298809
2000-01-14,5.342142
2000-01-18,5.320478
2000-01-19,5.323570
2000-01-20,5.348331
2000-01-21,5.521658
2000-01-24,5.447374
2000-01-25,5.320478
2000-01-26,5.295715
2000-01-27,5.261667
2000-01-28,5.233813
2000-01-31,5.475231
2000-02-01,5.434992
2000-02-02,5.407140
2000-02-03,5.397854
2000-02-04,5.369997
2000-02-07,5.354524
2000-02-08,5.366902
2000-02-09,5.366902
2000-02-10,5.289525
2000-02-11,5.196673
2000-02-14,5.202863
2000-02-15,5.190480
2000-02-16,5.168817
2000-02-17,5.137864
2000-02-18,4.949065
2000-02-22,4.930492
2000-02-23,4.828355
2000-02-24,4.667408
2000-02-25,4.642650
2000-02-28,4.775739
2000-02-29,4.809785
2000-03-01,5.020251
2000-03-02,5.150245
2000-03-03,5.196673
2000-03-06,5.051201
2000-03-07,4.992395
2000-03-08,5.026439
2000-03-09,5.066677
2000-03-10,5.066677
2000-03-13,5.082153
2000-03-14,5.048108
2000-03-15,5.075962
2000-03-16,5.274051
2000-03-17,5.316483
2000-03-20,5.294655
2000-03-21,5.260355
2000-03-22,5.138745
2000-03-23,5.226057
2000-03-24,5.176162
2000-03-27,5.247880
2000-03-28,5.222937
2000-03-29,5.316483
2000-03-30,5.304008
2000-03-31,5.335190
2000-04-03,5.369490
2000-04-04,5.444328
2000-04-05,5.516047
2000-04-06,5.550342
2000-04-07,5.534754
2000-04-10,5.522282
2000-04-11,5.665715
2000-04-12,5.715606
2000-04-13,5.721843
2000-04-14,5.512924
2000-04-17,5.428734
2000-04-18,5.444328
2000-04-19,5.494216
2000-04-20,5.512924
2000-04-24,5.662597
2000-04-25,5.830979
2000-04-26,5.818505
2000-04-27,5.687545
2000-04-28,5.684425
2000-05-01,5.684425
2000-05-02,5.478628
2000-05-03,5.497335
2000-05-04,5.487983
2000-05-05,5.500452
2000-05-08,5.537871
2000-05-09,5.519165
2000-05-10,5.625180
2000-05-11,5.709372
2000-05-12,5.618943
2000-05-15,5.728079
2000-05-16,5.703135
2000-05-17,5.615828
2000-05-18,5.662597
2000-05-19,5.556580
2000-05-22,5.593997
2000-05-23,5.491100
2000-05-24,5.584645
2000-05-25,5.491100
2000-05-26,5.600233
2000-05-30,5.640771
2000-05-31,5.671953
2000-06-01,5.712487
2000-06-02,5.693777
2000-06-05,5.562817
2000-06-06,5.693777
2000-06-07,5.715606
2000-06-08,5.749907
2000-06-09,5.821623
2000-06-12,5.796680
2000-06-13,5.921408
2000-06-14,5.896463
2000-06-15,5.865279
2000-06-16,5.799755
2000-06-19,5.894008
2000-06-20,5.831173
2000-06-21,5.850023
2000-06-22,5.812320
2000-06-23,5.831173
2000-06-26,5.812320
2000-06-27,5.655234
2000-06-28,5.702361
2000-06-29,5.611246
2000-06-30,5.479289
2000-07-03,5.642665
2000-07-05,5.692932
2000-07-06,5.699216
2000-07-07,5.758912
2000-07-10,5.758912
2000-07-11,5.705496
2000-07-12,5.730635
2000-07-13,5.755766
2000-07-14,5.677224
2000-07-17,5.630097
2000-07-18,5.608106
2000-07-19,5.664658
2000-07-20,5.573545
2000-07-21,5.630097
2000-07-24,5.611246
2000-07-25,5.658377
2000-07-26,5.604961
2000-07-27,5.582970
2000-07-28,5.548412
2000-07-31,5.564117
2000-08-01,5.686652
2000-08-02,5.780907
2000-08-03,5.790329
2000-08-04,5.758912
2000-08-07,5.872015
2000-08-08,5.718066
2000-08-09,5.626956
2000-08-10,5.626956
2000-08-11,5.689793
2000-08-14,5.724351
2000-08-15,5.762053
2000-08-16,5.680365
2000-08-17,5.604961
2000-08-18,5.636380
2000-08-21,5.674080
2000-08-22,5.604961
2000-08-23,5.648947
2000-08-24,5.636380
2000-08-25,5.630097
2000-08-28,5.730635
2000-08-29,5.680365
2000-08-30,5.736918
2000-08-31,5.780907
2000-09-01,5.850023
2000-09-05,5.872015
2000-09-06,5.944277
2000-09-07,5.944277
2000-09-08,6.132783
2000-09-11,6.274162
2000-09-12,6.258457
2000-09-13,6.214468
2000-09-14,6.132783
2000-09-15,6.190011
2000-09-18,6.151996
2000-09-19,6.050622
2000-09-20,5.942916
2000-09-21,5.987266
2000-09-22,6.139325
2000-09-25,6.183675
2000-09-26,6.272374
2000-09-27,6.247028
2000-09-28,6.449771
2000-09-29,6.544811
2000-10-02,6.582826
2000-10-03,6.500462
2000-10-04,6.500462
2000-10-05,6.557481
2000-10-06,6.525803
2000-10-09,6.525803
2000-10-10,6.513129
2000-10-11,6.411761
2000-10-12,6.323060
2000-10-13,6.418095
2000-10-16,6.456110
2000-10-17,6.541644
2000-10-18,6.487785
2000-10-19,6.456110
2000-10-20,6.421264
2000-10-23,6.557481
2000-10-24,6.528971
2000-10-25,6.487785
2000-10-26,6.465616
2000-10-27,6.614506
2000-10-30,6.871099
2000-10-31,6.924954
2000-11-01,6.883767
2000-11-02,6.886940
2000-11-03,6.855261
2000-11-06,6.823583
2000-11-07,6.833086
2000-11-08,6.867932
2000-11-09,6.905947
2000-11-10,6.918615
2000-11-13,6.950295
2000-11-14,6.829916
2000-11-15,6.823583
2000-11-16,6.902778
2000-11-17,6.798238
2000-11-20,6.864763
2000-11-21,6.798238
2000-11-22,6.848922
2000-11-24,6.836254
2000-11-27,6.788733
2000-11-28,6.886940
2000-11-29,6.931289
2000-11-30,6.921785
2000-12-01,6.788733
2000-12-04,6.861599
2000-12-05,6.905947
2000-12-06,6.931289
2000-12-07,6.928121
2000-12-08,6.760224
2000-12-11,6.779231
2000-12-12,6.798238
2000-12-13,6.966135
2000-12-14,6.924954
2000-12-15,6.865082
2000-12-18,6.853048
2000-12-19,6.615187
2000-12-20,6.554111
2000-12-21,6.515539
2000-12-22,6.618395
2000-12-26,6.804831
2000-12-27,6.804831
2000-12-28,6.750187
2000-12-29,6.827332
2001-01-02,6.724471
2001-01-03,6.583037
2001-01-04,6.480177
2001-01-05,6.415893
2001-01-08,6.512323
2001-01-09,6.541255
2001-01-10,6.525180
2001-01-11,6.374107
2001-01-12,6.422318
2001-01-16,6.319462
2001-01-17,6.335532
2001-01-18,6.448037
2001-01-19,6.428748
2001-01-22,6.415893
2001-01-23,6.409464
2001-01-24,6.419107
2001-01-25,6.464108
2001-01-26,6.403035
2001-01-29,6.502810
2001-01-30,6.502810
2001-01-31,6.443151
2001-02-01,6.521322
2001-02-02,6.449320
2001-02-05,6.496638
2001-02-06,6.535723
2001-02-07,6.537784
2001-02-08,6.595381
2001-02-09,6.587154
2001-02-12,6.593325
2001-02-13,6.648870
2001-02-14,6.537784
2001-02-15,6.548068
2001-02-16,6.585096
2001-02-20,6.615952
2001-02-21,6.537784
2001-02-22,6.607725
2001-02-23,6.570696
2001-02-26,6.644758
2001-02-27,6.652985
2001-02-28,6.576867
2001-03-01,6.504865
2001-03-02,6.521322
2001-03-05,6.508979
2001-03-06,6.500749
2001-03-07,6.469893
2001-03-08,6.591269
2001-03-09,6.476067
2001-03-12,6.550123
2001-03-13,6.397890
2001-03-14,6.177770
2001-03-15,6.286804
2001-03-16,6.236046
2001-03-19,6.314770
2001-03-20,6.223612
2001-03-21,6.084805
2001-03-22,6.008151
2001-03-23,5.997789
2001-03-26,6.196682
2001-03-27,6.424572
2001-03-28,6.287837
2001-03-29,6.434934
2001-03-30,6.482586
2001-04-02,6.503304
2001-04-03,6.472226
2001-04-04,6.497090
2001-04-05,6.453582
2001-04-06,6.333419
2001-04-09,6.472226
2001-04-10,6.606893
2001-04-11,6.517805
2001-04-12,6.513660
2001-04-16,6.617247
2001-04-17,6.770561
2001-04-18,6.629679
2001-04-19,6.642112
2001-04-20,6.563385
2001-04-23,6.577886
2001-04-24,6.608965
2001-04-25,6.724984
2001-04-26,6.785065
2001-04-27,6.789207
2001-04-30,6.795422
2001-05-01,6.859648
2001-05-02,6.772631
2001-05-03,6.685619
2001-05-04,6.753986
2001-05-07,6.789207
2001-05-08,6.691837
2001-05-09,6.702191
2001-05-10,6.706338
2001-05-11,6.710478
2001-05-14,6.799568
2001-05-15,6.753986
2001-05-16,6.899010
2001-05-17,6.857574
2001-05-18,6.899010
2001-05-21,6.923872
2001-05-22,6.899010
2001-05-23,6.896940
2001-05-24,6.878293
2001-05-25,6.770561
2001-05-29,6.766418
2001-05-30,6.737413
2001-05-31,6.843072
2001-06-01,6.785065
2001-06-04,6.789207
2001-06-05,6.689762
2001-06-06,6.635897
2001-06-07,6.579959
2001-06-08,6.604823
2001-06-11,6.666975
2001-06-12,6.724984
2001-06-13,6.586172
2001-06-14,6.391428
2001-06-15,6.430865
2001-06-18,6.439209
2001-06-19,6.464249
2001-06-20,6.480943
2001-06-21,6.311929
2001-06-22,6.382871
2001-06-25,6.307755
2001-06-26,6.401651
2001-06-27,6.416256
2001-06-28,6.430865
2001-06-29,6.499722
2001-07-02,6.518500
2001-07-03,6.535194
2001-07-05,6.589446
2001-07-06,6.583186
2001-07-09,6.643694
2001-07-10,6.654130
2001-07-11,6.685427
2001-07-12,6.616568
2001-07-13,6.599875
2001-07-16,6.645785
2001-07-17,6.656217
2001-07-18,6.587358
2001-07-19,6.629089
2001-07-20,6.489286
2001-07-23,6.311929
2001-07-24,6.130395
2001-07-25,6.401651
2001-07-26,6.424603
2001-07-27,6.420430
2001-07-30,6.493462
2001-07-31,6.441299
2001-08-01,6.516412
2001-08-02,6.505981
2001-08-03,6.487202
2001-08-06,6.362005
2001-08-07,6.412082
2001-08-08,6.284801
2001-08-09,6.295235
2001-08-10,6.418344
2001-08-13,6.347400
2001-08-14,6.347400
2001-08-15,6.268107
2001-08-16,6.336970
2001-08-17,6.259760
2001-08-20,6.309842
2001-08-21,6.311929
2001-08-22,6.301494
2001-08-23,6.286889
2001-08-24,6.330706
2001-08-27,6.347400
2001-08-28,6.318187
2001-08-29,6.280631
2001-08-30,6.207600
2001-08-31,6.211771
2001-09-04,6.276458
2001-09-05,6.238900
2001-09-06,6.190904
2001-09-07,6.182561
2001-09-10,6.284801
2001-09-17,6.228465
2001-09-18,6.272285
2001-09-19,6.224293
2001-09-20,6.303585
2001-09-21,6.125067
2001-09-24,6.146091
2001-09-25,6.238610
2001-09-26,6.089318
2001-09-27,6.013624
2001-09-28,6.152404
2001-10-01,6.204966
2001-10-02,6.272253
2001-10-03,6.339534
2001-10-04,6.276458
2001-10-05,6.289077
2001-10-08,6.347950
2001-10-09,6.316408
2001-10-10,6.329025
2001-10-11,6.236507
2001-10-12,6.194454
2001-10-15,6.183939
2001-10-16,6.230199
2001-10-17,6.223888
2001-10-18,6.104037
2001-10-19,6.209173
2001-10-22,6.091423
2001-10-23,5.935825
2001-10-24,5.883259
2001-10-25,5.923209
2001-10-26,5.942134
2001-10-29,5.931621
2001-10-30,5.843309
2001-10-31,5.828591
2001-11-01,5.876949
2001-11-02,5.900081
2001-11-05,5.956851
2001-11-06,5.982085
2001-11-07,5.904287
2001-11-08,5.984187
2001-11-09,6.022037
2001-11-12,6.001010
2001-11-13,5.996803
2001-11-14,5.933722
2001-11-15,5.923209
2001-11-16,5.986290
2001-11-19,5.971569
2001-11-20,5.984187
2001-11-21,5.940028
2001-11-23,5.933722
2001-11-26,5.940028
2001-11-27,5.860131
2001-11-28,5.782331
2001-11-29,5.780228
2001-11-30,5.754998
2001-12-03,5.765509
2001-12-04,5.830693
2001-12-05,5.872748
2001-12-06,5.818075
2001-12-07,5.824384
2001-12-10,5.784434
2001-12-11,5.691914
2001-12-12,5.754998
2001-12-13,5.748687
2001-12-14,5.708738
2001-12-17,5.733971
2001-12-18,5.786538
2001-12-19,5.910593
2001-12-20,5.881156
2001-12-21,5.839838
2001-12-24,5.886454
2001-12-26,5.880095
2001-12-27,5.958498
2001-12-28,5.937308
2001-12-31,5.939428
2002-01-02,6.024186
2002-01-03,6.055969
2002-01-04,6.028423
2002-01-07,6.034781
2002-01-08,5.960617
2002-01-09,5.907642
2002-01-10,5.954260
2002-01-11,5.897049
2002-01-14,5.952141
2002-01-15,5.954260
2002-01-16,5.928833
2002-01-17,5.869501
2002-01-18,5.858908
2002-01-22,5.731771
2002-01-23,5.816528
2002-01-24,5.803814
2002-01-25,5.767793
2002-01-28,5.767793
2002-01-29,5.693631
2002-01-30,5.687273
2002-01-31,5.725413
2002-02-01,5.738129
2002-02-04,5.678796
2002-02-05,5.602514
2002-02-06,5.490208
2002-02-07,5.568611
2002-02-08,5.598276
2002-02-11,5.636419
2002-02-12,5.636419
2002-02-13,5.670318
2002-02-14,5.683034
2002-02-15,5.672440
2002-02-19,5.574968
2002-02-20,5.644893
2002-02-21,5.532586
2002-02-22,5.608870
2002-02-25,5.672440
2002-02-26,5.666081
2002-02-27,5.704224
2002-02-28,5.714817
2002-03-01,5.837717
2002-03-04,5.907642
2002-03-05,5.911876
2002-03-06,6.028423
2002-03-07,5.992402
2002-03-08,5.975450
2002-03-11,5.994519
2002-03-12,5.933070
2002-03-13,5.933070
2002-03-14,5.911876
2002-03-15,5.961865
2002-03-18,5.989637
2002-03-19,6.017406
2002-03-20,5.981091
2002-03-21,6.045175
2002-03-22,5.974681
2002-03-25,5.983227
2002-03-26,5.951186
2002-03-27,5.966138
2002-03-28,6.019538
2002-04-01,5.957592
2002-04-02,5.991771
2002-04-03,5.991771
2002-04-04,6.000316
2002-04-05,5.968273
2002-04-08,5.925555
2002-04-09,5.799524
2002-04-10,5.921278
2002-04-11,5.743984
2002-04-12,5.782433
2002-04-15,5.692717
2002-04-16,5.831563
2002-04-17,5.861467
2002-04-18,5.846518
2002-04-19,5.795250
2002-04-22,5.707671
2002-04-23,5.735438
2002-04-24,5.750391
2002-04-25,5.711942
2002-04-26,5.620089
2002-04-29,5.536778
2002-04-30,5.654266
2002-05-01,5.707671
2002-05-02,5.671356
2002-05-03,5.639314
2002-05-06,5.609409
2002-05-07,5.553872
2002-05-08,5.632907
2002-05-09,5.585912
2002-05-10,5.457746
2002-05-13,5.523964
2002-05-14,5.607272
2002-05-15,5.577365
2002-05-16,5.598728
2002-05-17,5.545326
2002-05-20,5.575228
2002-05-21,5.615819
2002-05-22,5.716211
2002-05-23,5.818745
2002-05-24,5.758935
2002-05-28,5.799524
2002-05-29,5.703395
2002-05-30,5.649995
2002-05-31,5.607272
2002-06-03,5.479106
2002-06-04,5.498332
2002-06-05,5.476970
2002-06-06,5.316763
2002-06-07,5.378708
2002-06-10,5.397935
2002-06-11,5.308218
2002-06-12,5.417159
2002-06-13,5.410752
2002-06-14,5.342394
2002-06-17,5.462019
2002-06-18,5.502604
2002-06-19,5.350940
2002-06-20,5.286858
2002-06-21,5.305620
2002-06-24,5.217193
2002-06-25,5.182687
2002-06-26,5.128768
2002-06-27,5.124452
2002-06-28,5.230135
2002-07-01,5.122296
2002-07-02,5.014459
2002-07-03,4.984265
2002-07-05,5.042498
2002-07-08,4.977793
2002-07-09,4.846231
2002-07-10,4.572324
2002-07-11,4.731924
2002-07-12,4.555071
2002-07-15,4.626243
2002-07-16,4.490366
2002-07-17,4.406254
2002-07-18,4.302730
2002-07-19,4.061172
2002-07-22,3.961961
2002-07-23,3.653546
2002-07-24,3.979215
2002-07-25,4.097836
2002-07-26,4.043919
2002-07-29,4.108620
2002-07-30,4.442917
2002-07-31,4.460174
2002-08-01,4.395469
2002-08-02,4.309199
2002-08-05,4.233711
2002-08-06,4.408407
2002-08-07,4.440762
2002-08-08,4.522717
2002-08-09,4.533499
2002-08-12,4.611146
2002-08-13,4.483897
2002-08-14,4.619771
2002-08-15,4.628397
2002-08-16,4.555071
2002-08-19,4.626243
2002-08-20,4.613304
2002-08-21,4.755647
2002-08-22,4.852700
2002-08-23,4.777217
2002-08-26,4.852700
2002-08-27,4.805253
2002-08-28,4.775059
2002-08-29,4.708198
2002-08-30,4.637025
2002-09-03,4.509776
2002-09-04,4.481740
2002-09-05,4.468798
2002-09-06,4.468798
2002-09-09,4.460174
2002-09-10,4.358807
2002-09-11,4.363119
2002-09-12,4.250969
2002-09-13,4.313513
2002-09-16,4.263908
2002-09-17,4.108620
2002-09-18,4.244499
2002-09-19,4.156072
2002-09-20,4.058270
2002-09-23,3.951301
2002-09-24,3.822501
2002-09-25,3.936019
2002-09-26,4.091016
2002-09-27,4.021159
2002-09-30,4.075736
2002-10-01,4.141224
2002-10-02,4.016793
2002-10-03,3.994961
2002-10-04,3.811587
2002-10-07,3.776658
2002-10-08,3.634761
2002-10-09,3.324767
2002-10-10,3.549621
2002-10-11,3.597649
2002-10-14,3.591099
2002-10-15,3.602015
2002-10-16,3.477581
2002-10-17,3.536524
2002-10-18,3.567084
2002-10-21,3.776658
2002-10-22,3.728631
2002-10-23,3.796306
2002-10-24,3.798487
2002-10-25,3.853064
2002-10-28,3.929471
2002-10-29,3.903274
2002-10-30,3.990594
2002-10-31,3.981863
2002-11-01,4.001511
2002-11-04,4.145589
2002-11-05,4.145589
2002-11-06,4.232914
2002-11-07,4.036439
2002-11-08,3.912005
2002-11-11,3.868347
2002-11-12,3.796306
2002-11-13,3.820317
2002-11-14,3.905457
2002-11-15,3.962215
2002-11-18,3.951301
2002-11-19,3.973130
2002-11-20,3.970947
2002-11-21,4.038622
2002-11-22,4.152139
2002-11-25,4.160872
2002-11-26,4.056088
2002-11-27,4.080102
2002-11-29,4.097564
2002-12-02,4.036439
2002-12-03,4.080102
2002-12-04,3.988413
2002-12-05,3.975314
2002-12-06,3.970947
2002-12-09,4.025527
2002-12-10,4.056088
2002-12-11,4.093199
2002-12-12,4.106297
2002-12-13,4.147771
2002-12-16,4.213265
2002-12-17,4.217630
2002-12-18,4.204534
2002-12-19,4.208898
2002-12-20,4.252417
2002-12-23,4.234745
2002-12-24,4.217071
2002-12-26,4.243582
2002-12-27,4.228116
2002-12-30,4.239163
2002-12-31,4.230327
2003-01-02,4.329735
2003-01-03,4.373913
2003-01-06,4.570519
2003-01-07,4.471113
2003-01-08,4.502040
2003-01-09,4.479951
2003-01-10,4.479951
2003-01-13,4.384961
2003-01-14,4.393797
2003-01-15,4.380542
2003-01-16,4.373913
2003-01-17,4.354032
2003-01-21,4.263463
2003-01-22,4.225907
2003-01-23,4.303225
2003-01-24,4.192775
2003-01-27,4.031513
2003-01-28,4.153011
2003-01-29,4.150802
2003-01-30,4.084530
2003-01-31,4.130920
2003-02-03,4.144174
2003-02-04,4.124291
2003-02-05,4.062439
2003-02-06,4.024886
2003-02-07,3.954194
2003-02-10,3.967451
2003-02-11,3.901180
2003-02-12,3.766427
2003-02-13,3.819444
2003-02-14,3.883506
2003-02-18,3.925479
2003-02-19,3.927688
2003-02-20,3.925479
2003-02-21,3.976288
2003-02-24,3.949777
2003-02-25,3.976288
2003-02-26,3.907806
2003-02-27,3.914433
2003-02-28,3.910015
2003-03-03,3.936523
2003-03-04,3.912225
2003-03-05,3.951987
2003-03-06,3.951987
2003-03-07,3.965240
2003-03-10,3.872461
2003-03-11,3.865836
2003-03-12,3.872461
2003-03-13,3.940942
2003-03-14,3.956405
2003-03-17,4.044766
2003-03-18,4.091159
2003-03-19,4.069066
2003-03-20,4.115455
2003-03-21,4.184000
2003-03-24,4.081298
2003-03-25,4.137115
2003-03-26,4.101390
2003-03-27,4.121485
2003-03-28,4.128184
2003-03-31,4.108090
2003-04-01,4.137115
2003-04-02,4.139346
2003-04-03,4.123719
2003-04-04,4.175069
2003-04-07,4.175069
2003-04-08,4.148279
2003-04-09,4.139346
2003-04-10,4.175069
2003-04-11,4.161670
2003-04-14,4.215256
2003-04-15,4.268841
2003-04-16,4.264375
2003-04-17,4.273304
2003-04-21,4.313493
2003-04-22,4.373776
2003-04-23,4.373776
2003-04-24,4.413965
2003-04-25,4.402798
2003-04-28,4.463082
2003-04-29,4.469781
2003-04-30,4.463082
2003-05-01,4.402798
2003-05-02,4.438522
2003-05-05,4.456384
2003-05-06,4.449685
2003-05-07,4.442988
2003-05-08,4.436291
2003-05-09,4.465314
2003-05-12,4.498805
2003-05-13,4.507732
2003-05-14,4.527830
2003-05-15,4.597042
2003-05-16,4.693045
2003-05-19,4.619366
2003-05-20,4.639462
2003-05-21,4.628298
2003-05-22,4.710906
2003-05-23,4.889520
2003-05-27,4.960963
2003-05-28,4.938638
2003-05-29,4.864961
2003-05-30,4.914077
2003-06-02,4.956499
2003-06-03,4.976593
2003-06-04,5.045805
2003-06-05,4.987755
2003-06-06,4.934170
2003-06-09,4.929707
2003-06-10,4.952034
2003-06-11,4.989988
2003-06-12,5.050270
2003-06-13,4.983292
2003-06-16,5.079296
2003-06-17,5.054734
2003-06-18,5.079296
2003-06-19,5.094920
2003-06-20,5.070830
2003-06-23,5.016789
2003-06-24,4.985266
2003-06-25,4.976258
2003-06-26,5.023542
2003-06-27,4.958245
2003-06-30,4.980763
2003-07-01,4.946988
2003-07-02,4.983012
2003-07-03,4.953742
2003-07-07,4.962748
2003-07-08,4.924469
2003-07-09,4.888443
2003-07-10,4.800624
2003-07-11,4.829899
2003-07-14,4.823142
2003-07-15,4.728572
2003-07-16,4.649763
2003-07-17,4.638504
2003-07-18,4.710558
2003-07-21,4.643008
2003-07-22,4.721817
2003-07-23,4.692545
2003-07-24,4.690292
2003-07-25,4.728572
2003-07-28,4.694798
2003-07-29,4.674531
2003-07-30,4.640755
2003-07-31,4.647511
2003-08-01,4.627244
2003-08-04,4.627244
2003-08-05,4.555192
2003-08-06,4.582210
2003-08-07,4.624993
2003-08-08,4.647511
2003-08-11,4.647511
2003-08-12,4.710558
2003-08-13,4.665524
2003-08-14,4.683537
2003-08-15,4.674531
2003-08-18,4.663272
2003-08-19,4.667777
2003-08-20,4.712810
2003-08-21,4.730824
2003-08-22,4.665524
2003-08-25,4.688041
2003-08-26,4.701550
2003-08-27,4.717312
2003-08-28,4.728572
2003-08-29,4.739829
2003-09-02,4.827646
2003-09-03,4.843408
2003-09-04,4.845662
2003-09-05,4.836654
2003-09-08,4.872681
2003-09-09,4.861421
2003-09-10,4.854669
2003-09-11,4.841155
2003-09-12,4.877186
2003-09-15,4.850163
2003-09-16,4.892945
2003-09-17,4.879435
2003-09-18,4.933476
2003-09-19,4.941426
2003-09-22,4.914168
2003-09-23,4.936885
2003-09-24,4.877814
2003-09-25,4.886900
2003-09-26,4.932341
2003-09-29,4.984591
2003-09-30,4.975508
2003-10-01,4.982324
2003-10-02,5.030033
2003-10-03,5.041391
2003-10-06,5.034575
2003-10-07,5.018675
2003-10-08,5.000497
2003-10-09,5.009584
2003-10-10,4.993680
2003-10-13,5.025489
2003-10-14,5.039120
2003-10-15,4.975508
2003-10-16,4.998228
2003-10-17,4.966418
2003-10-20,4.991412
2003-10-21,4.984591
2003-10-22,4.982324
2003-10-23,4.991412
2003-10-24,4.975508
2003-10-27,4.995954
2003-10-28,4.982324
2003-10-29,4.977778
2003-10-30,5.018675
2003-10-31,5.009584
2003-11-03,5.034575
2003-11-04,5.009584
2003-11-05,5.007314
2003-11-06,4.986865
2003-11-07,4.955059
2003-11-10,4.943702
2003-11-11,4.948242
2003-11-12,4.959602
2003-11-13,4.966418
2003-11-14,4.959602
2003-11-17,4.918710
2003-11-18,4.830103
2003-11-19,4.891448
2003-11-20,4.880087
2003-11-21,4.870997
2003-11-24,4.945972
2003-11-25,4.973234
2003-11-26,5.009584
2003-11-28,5.020946
2003-12-01,5.034575
2003-12-02,5.043665
2003-12-03,5.034575
2003-12-04,5.045935
2003-12-05,5.073199
2003-12-08,5.086831
2003-12-09,5.043665
2003-12-10,5.066383
2003-12-11,5.089103
2003-12-12,5.100463
2003-12-15,5.082288
2003-12-16,5.114093
2003-12-17,5.136813
2003-12-18,5.202697
2003-12-19,5.214622
2003-12-22,5.262780
2003-12-23,5.290299
2003-12-24,5.299469
2003-12-26,5.306348
2003-12-29,5.345331
2003-12-30,5.359093
2003-12-31,5.349920
2004-01-02,5.336160
2004-01-05,5.345331
2004-01-06,5.333868
2004-01-07,5.361383
2004-01-08,5.359093
2004-01-09,5.340747
2004-01-12,5.338453
2004-01-13,5.313229
2004-01-14,5.377439
2004-01-15,5.359093
2004-01-16,5.349920
2004-01-20,5.388901
2004-01-21,5.482920
2004-01-22,5.503559
2004-01-23,5.455404
2004-01-26,5.423298
2004-01-27,5.404954
2004-01-28,5.425592
2004-01-29,5.469162
2004-01-30,5.459993
2004-02-02,5.427887
2004-02-03,5.476042
2004-02-04,5.386609
2004-02-05,5.354506
2004-02-06,5.400369
2004-02-09,5.432471
2004-02-10,5.478336
2004-02-11,5.473751
2004-02-12,5.457697
2004-02-13,5.450818
2004-02-17,5.492093
2004-02-18,5.510441
2004-02-19,5.473751
2004-02-20,5.421006
2004-02-23,5.441643
2004-02-24,5.411834
2004-02-25,5.466869
2004-02-26,5.503559
2004-02-27,5.563182
2004-03-01,5.590701
2004-03-02,5.565476
2004-03-03,5.563182
2004-03-04,5.602164
2004-03-05,5.645734
2004-03-08,5.629682
2004-03-09,5.597580
2004-03-10,5.533370
2004-03-11,5.453111
2004-03-12,5.505856
2004-03-15,5.489803
2004-03-16,5.542542
2004-03-17,5.629682
2004-03-18,5.604458
2004-03-19,5.571630
2004-03-22,5.506897
2004-03-23,5.504586
2004-03-24,5.516143
2004-03-25,5.525394
2004-03-26,5.543890
2004-03-29,5.578565
2004-03-30,5.599369
2004-03-31,5.622492
2004-04-01,5.638674
2004-04-02,5.610932
2004-04-05,5.627114
2004-04-06,5.629428
2004-04-07,5.571630
2004-04-08,5.567006
2004-04-12,5.479155
2004-04-13,5.379743
2004-04-14,5.386678
2004-04-15,5.416734
2004-04-16,5.435228
2004-04-19,5.400550
2004-04-20,5.340445
2004-04-21,5.382055
2004-04-22,5.442166
2004-04-23,5.444475
2004-04-26,5.460660
2004-04-27,5.469907
2004-04-28,5.474530
2004-04-29,5.388992
2004-04-30,5.382055
2004-05-03,5.419047
2004-05-04,5.439855
2004-05-05,5.402863
2004-05-06,5.421358
2004-05-07,5.257214
2004-05-10,5.183234
2004-05-11,5.169363
2004-05-12,5.164738
2004-05-13,5.185547
2004-05-14,5.213287
2004-05-17,5.157803
2004-05-18,5.201730
2004-05-19,5.164738
2004-05-20,5.217913
2004-05-21,5.210976
2004-05-24,5.282648
2004-05-25,5.377432
2004-05-26,5.379743
2004-05-27,5.435228
2004-05-28,5.446789
2004-06-01,5.439855
2004-06-02,5.449100
2004-06-03,5.391301
2004-06-04,5.409798
2004-06-07,5.456036
2004-06-08,5.405171
2004-06-09,5.370497
2004-06-10,5.407486
2004-06-14,5.370497
2004-06-15,5.393614
2004-06-16,5.423671
2004-06-17,5.460660
2004-06-18,5.489812
2004-06-21,5.527125
2004-06-22,5.506137
2004-06-23,5.548113
2004-06-24,5.566771
2004-06-25,5.534121
2004-06-28,5.559775
2004-06-29,5.517797
2004-06-30,5.541117
2004-07-01,5.475815
2004-07-02,5.531788
2004-07-06,5.522462
2004-07-07,5.534121
2004-07-08,5.513132
2004-07-09,5.501471
2004-07-12,5.513132
2004-07-13,5.501471
2004-07-14,5.550447
2004-07-15,5.576101
2004-07-16,5.615745
2004-07-19,5.641400
2004-07-20,5.653058
2004-07-21,5.564441
2004-07-22,5.527125
2004-07-23,5.494475
2004-07-26,5.480484
2004-07-27,5.473484
2004-07-28,5.545784
2004-07-29,5.585426
2004-07-30,5.625072
2004-08-02,5.667056
2004-08-03,5.655393
2004-08-04,5.704367
2004-08-05,5.636736
2004-08-06,5.678715
2004-08-09,5.664722
2004-08-10,5.706698
2004-08-11,5.730020
2004-08-12,5.727688
2004-08-13,5.706698
2004-08-16,5.732351
2004-08-17,5.730020
2004-08-18,5.767333
2004-08-19,5.739347
2004-08-20,5.762667
2004-08-23,5.751010
2004-08-24,5.762667
2004-08-25,5.785990
2004-08-26,5.785990
2004-08-27,5.783659
2004-08-30,5.797651
2004-08-31,5.853622
2004-09-01,5.834965
2004-09-02,5.888603
2004-09-03,5.867615
2004-09-07,5.909592
2004-09-08,5.853622
2004-09-09,5.879275
2004-09-10,5.890934
2004-09-13,5.844293
2004-09-14,5.834965
2004-09-15,5.846625
2004-09-16,5.881608
2004-09-17,5.916645
2004-09-20,5.895480
2004-09-21,5.928404
2004-09-22,5.902539
2004-09-23,5.843745
2004-09-24,5.846098
2004-09-27,5.853154
2004-09-28,5.890778
2004-09-29,5.879022
2004-09-30,5.890778
2004-10-01,5.937809
2004-10-04,5.961327
2004-10-05,5.987195
2004-10-06,6.010708
2004-10-07,5.977789
2004-10-08,6.003658
2004-10-11,5.987195
2004-10-12,6.036576
2004-10-13,5.956622
2004-10-14,5.968381
2004-10-15,6.015412
2004-10-18,5.973084
2004-10-19,5.963680
2004-10-20,5.970735
2004-10-21,5.996601
2004-10-22,6.034227
2004-10-25,6.125940
2004-10-26,6.187079
2004-10-27,6.180024
2004-10-28,6.144753
2004-10-29,6.177673
2004-11-01,6.227055
2004-11-02,6.104774
2004-11-03,6.234114
2004-11-04,6.358747
2004-11-05,6.335233
2004-11-08,6.396374
2004-11-09,6.398726
2004-11-10,6.396374
2004-11-11,6.464569
2004-11-12,6.542174
2004-11-15,6.509249
2004-11-16,6.497491
2004-11-17,6.443409
2004-11-18,6.443409
2004-11-19,6.419888
2004-11-22,6.521011
2004-11-23,6.560987
2004-11-24,6.584501
2004-11-26,6.610370
2004-11-29,6.523361
2004-11-30,6.452812
2004-12-01,6.396374
2004-12-02,6.316419
2004-12-03,6.363453
2004-12-06,6.422243
2004-12-07,6.372858
2004-12-08,6.339938
2004-12-09,6.342288
2004-12-10,6.365805
2004-12-13,6.459867
2004-12-14,6.483384
2004-12-15,6.513954
2004-12-16,6.516305
2004-12-17,6.533401
2004-12-20,6.569010
2004-12-21,6.637860
2004-12-22,6.652102
2004-12-23,6.649728
2004-12-27,6.606996
2004-12-28,6.623612
2004-12-29,6.642608
2004-12-30,6.644979
2004-12-31,6.611743
2005-01-03,6.535773
2005-01-04,6.490663
2005-01-05,6.388583
2005-01-06,6.421817
2005-01-07,6.421817
2005-01-10,6.455054
2005-01-11,6.436065
2005-01-12,6.455054
2005-01-13,6.485918
2005-01-14,6.540522
2005-01-18,6.597499
2005-01-19,6.569010
2005-01-20,6.547645
2005-01-21,6.521528
2005-01-24,6.578507
2005-01-25,6.540522
2005-01-26,6.635486
2005-01-27,6.668719
2005-01-28,6.675840
2005-01-31,6.751811
2005-02-01,6.796922
2005-02-02,6.823038
2005-02-03,6.842028
2005-02-04,6.908501
2005-02-07,6.894256
2005-02-08,6.934614
2005-02-09,6.894256
2005-02-10,6.901378
2005-02-11,6.906129
2005-02-14,6.967852
2005-02-15,6.955979
2005-02-16,6.974974
2005-02-17,6.960729
2005-02-18,6.887133
2005-02-22,6.723323
2005-02-23,6.758935
2005-02-24,6.811166
2005-02-25,6.944109
2005-02-28,6.896628
2005-03-01,6.915624
2005-03-02,6.908501
2005-03-03,6.944109
2005-03-04,7.053317
2005-03-07,7.103175
2005-03-08,7.055691
2005-03-09,6.929869
2005-03-10,6.974974
2005-03-11,6.944109
2005-03-14,7.050945
2005-03-15,7.020079
2005-03-16,6.955979
2005-03-17,6.996339
2005-03-18,6.975291
2005-03-21,6.972898
2005-03-22,6.831767
2005-03-23,6.798274
2005-03-24,6.870039
2005-03-28,6.881999
2005-03-29,6.795887
2005-03-30,6.905922
2005-03-31,6.972898
2005-04-01,6.996820
2005-04-04,7.015958
2005-04-05,7.056624
2005-04-06,7.035095
2005-04-07,7.099676
2005-04-08,7.044661
2005-04-11,7.114028
2005-04-12,7.181007
2005-04-13,7.130774
2005-04-14,7.063798
2005-04-15,6.939412
2005-04-18,6.965720
2005-04-19,7.063798
2005-04-20,7.001602
2005-04-21,7.063798
2005-04-22,7.109248
2005-04-25,7.157087
2005-04-26,7.066188
2005-04-27,7.118817
2005-04-28,7.087717
2005-04-29,7.188187
2005-05-02,7.207319
2005-05-03,7.171439
2005-05-04,7.178616
2005-05-05,7.149911
2005-05-06,7.133168
2005-05-09,7.192967
2005-05-10,7.140342
2005-05-11,7.173831
2005-05-12,7.092501
2005-05-13,6.977682
2005-05-16,7.023135
2005-05-17,7.104462
2005-05-18,7.106853
2005-05-19,7.147520
2005-05-20,7.145128
2005-05-23,7.118817
2005-05-24,7.118817
2005-05-25,7.137954
2005-05-26,7.157087
2005-05-27,7.185792
2005-05-31,7.183399
2005-06-01,7.276689
2005-06-02,7.267124
2005-06-03,7.291044
2005-06-06,7.283864
2005-06-07,7.300610
2005-06-08,7.314962
2005-06-09,7.322140
2005-06-10,7.348454
2005-06-13,7.379553
2005-06-14,7.398686
2005-06-15,7.362807
2005-06-16,7.350845
2005-06-17,7.444660
2005-06-20,7.459126
2005-06-21,7.468771
2005-06-22,7.536298
2005-06-23,7.558002
2005-06-24,7.504950
2005-06-27,7.550771
2005-06-28,7.625533
2005-06-29,7.603828
2005-06-30,7.611060
2005-07-01,7.680998
2005-07-05,7.695465
2005-07-06,7.565238
2005-07-07,7.625533
2005-07-08,7.714758
2005-07-11,7.758169
2005-07-12,7.779872
2005-07-13,7.801576
2005-07-14,7.724406
2005-07-15,7.721993
2005-07-18,7.717168
2005-07-19,7.724406
2005-07-20,7.765401
2005-07-21,7.625533
2005-07-22,7.668938
2005-07-25,7.671350
2005-07-26,7.697874
2005-07-27,7.731640
2005-07-28,7.779872
2005-07-29,7.782286
2005-08-01,7.680998
2005-08-02,7.859453
2005-08-03,7.881161
2005-08-04,7.830516
2005-08-05,7.695465
2005-08-08,7.538710
2005-08-09,7.618294
2005-08-10,7.615880
2005-08-11,7.661703
2005-08-12,7.654468
2005-08-15,7.683409
2005-08-16,7.562827
2005-08-17,7.555590
2005-08-18,7.584532
2005-08-19,7.630352
2005-08-22,7.680998
2005-08-23,7.743700
2005-08-24,7.707523
2005-08-25,7.765401
2005-08-26,7.753346
2005-08-29,7.784695
2005-08-30,7.772639
2005-08-31,7.832925
2005-09-01,7.955921
2005-09-02,7.958331
2005-09-06,8.033089
2005-09-07,8.037915
2005-09-08,7.967977
2005-09-09,8.062033
2005-09-12,8.054796
2005-09-13,7.984856
2005-09-14,8.013802
2005-09-15,8.088555
2005-09-16,8.161695
2005-09-19,8.137400
2005-09-20,8.105811
2005-09-21,7.964880
2005-09-22,7.921145
2005-09-23,7.940584
2005-09-26,8.006189
2005-09-27,8.008619
2005-09-28,8.091230
2005-09-29,8.171414
2005-09-30,8.164126
2005-10-03,8.256460
2005-10-04,8.113099
2005-10-05,7.877408
2005-10-06,7.772930
2005-10-07,7.840968
2005-10-10,7.702467
2005-10-11,7.719473
2005-10-12,7.573684
2005-10-13,7.413319
2005-10-14,7.498360
2005-10-17,7.580976
2005-10-18,7.454622
2005-10-19,7.474062
2005-10-20,7.277252
2005-10-21,7.374440
2005-10-24,7.563972
2005-10-25,7.573684
2005-10-26,7.481351
2005-10-27,7.396310
2005-10-28,7.544524
2005-10-31,7.641720
2005-11-01,7.491070
2005-11-02,7.520228
2005-11-03,7.515369
2005-11-04,7.505649
2005-11-07,7.486211
2005-11-08,7.483780
2005-11-09,7.549384
2005-11-10,7.512940
2005-11-11,7.444908
2005-11-14,7.396310
2005-11-15,7.410886
2005-11-16,7.478920
2005-11-17,7.588265
2005-11-18,7.573684
2005-11-21,7.590700
2005-11-22,7.590700
2005-11-23,7.685454
2005-11-25,7.714615
2005-11-28,7.685454
2005-11-29,7.704895
2005-11-30,7.629573
2005-12-01,7.658725
2005-12-02,7.670876
2005-12-05,7.666015
2005-12-06,7.644148
2005-12-07,7.607703
2005-12-08,7.687886
2005-12-09,7.775358
2005-12-12,7.702467
2005-12-13,7.816664
2005-12-14,7.904134
2005-12-15,7.921145
2005-12-16,7.920657
2005-12-19,7.815242
2005-12-20,7.827502
2005-12-21,7.756407
2005-12-22,7.790729
2005-12-23,7.805439
2005-12-27,7.790729
2005-12-28,7.751509
2005-12-29,7.736799
2005-12-30,7.695119
2006-01-03,7.844659
2006-01-04,7.856917
2006-01-05,7.805439
2006-01-06,7.888785
2006-01-09,7.839757
2006-01-10,7.852015
2006-01-11,7.839757
2006-01-12,7.839757
2006-01-13,7.893690
2006-01-17,7.977039
2006-01-18,7.994203
2006-01-19,8.065292
2006-01-20,8.018717
2006-01-23,8.006460
2006-01-24,8.077551
2006-01-25,7.967230
2006-01-26,7.896142
2006-01-27,7.940269
2006-01-30,7.886335
2006-01-31,7.881433
2006-02-01,7.903497
2006-02-02,7.800536
2006-02-03,7.761312
2006-02-06,7.807891
2006-02-07,7.761312
2006-02-08,7.758861
2006-02-09,7.785829
2006-02-10,7.790729
2006-02-13,7.780924
2006-02-14,7.773570
2006-02-15,7.785829
2006-02-16,7.847110
2006-02-17,7.918204
2006-02-21,7.930462
2006-02-22,7.959879
2006-02-23,7.950073
2006-02-24,7.974586
2006-02-27,8.038327
2006-02-28,7.984392
2006-03-01,7.962331
2006-03-02,7.957429
2006-03-03,7.918204
2006-03-06,7.790729
2006-03-07,7.753958
2006-03-08,7.746601
2006-03-09,7.724537
2006-03-10,7.773570
2006-03-13,7.783374
2006-03-14,7.866726
2006-03-15,7.918204
2006-03-16,7.959879
2006-03-17,7.940613
2006-03-20,7.824532
2006-03-21,7.765254
2006-03-22,7.802301
2006-03-23,7.792423
2006-03-24,7.777605
2006-03-27,7.725735
2006-03-28,7.693626
2006-03-29,7.740555
2006-03-30,7.671394
2006-03-31,7.614591
2006-04-03,7.624472
2006-04-04,7.705976
2006-04-05,7.780071
2006-04-06,7.683751
2006-04-07,7.575072
2006-04-10,7.572608
2006-04-11,7.486156
2006-04-12,7.503448
2006-04-13,7.468869
2006-04-17,7.461459
2006-04-18,7.604712
2006-04-19,7.629408
2006-04-20,7.683751
2006-04-21,7.718325
2006-04-24,7.789952
2006-04-25,7.678806
2006-04-26,7.602243
2006-04-27,7.703506
2006-04-28,7.735613
2006-05-01,7.663987
2006-05-02,7.787483
2006-05-03,7.762783
2006-05-04,7.772665
2006-05-05,7.948021
2006-05-08,7.886278
2006-05-09,7.819593
2006-05-10,7.881340
2006-05-11,7.807240
2006-05-12,7.720797
2006-05-15,7.770190
2006-05-16,7.735613
2006-05-17,7.617063
2006-05-18,7.614591
2006-05-19,7.678806
2006-05-22,7.738085
2006-05-23,7.629408
2006-05-24,7.656578
2006-05-25,7.728208
2006-05-26,7.812181
2006-05-30,7.733144
2006-05-31,7.861579
2006-06-01,7.940613
2006-06-02,8.036941
2006-06-05,7.940613
2006-06-06,7.955432
2006-06-07,7.925797
2006-06-08,7.952963
2006-06-09,8.019649
2006-06-12,8.036941
2006-06-13,7.940613
2006-06-14,7.881340
2006-06-15,8.002359
2006-06-16,7.997132
2006-06-19,7.887545
2006-06-20,7.907472
2006-06-21,7.899999
2006-06-22,7.872602
2006-06-23,7.885058
2006-06-26,7.917431
2006-06-27,7.887545
2006-06-28,7.909964
2006-06-29,8.012074
2006-06-30,8.041963
2006-07-03,8.131622
2006-07-05,8.076827
2006-07-06,8.034487
2006-07-07,8.096751
2006-07-10,8.141582
2006-07-11,8.203847
2006-07-12,8.163994
2006-07-13,8.134112
2006-07-14,8.134112
2006-07-17,8.156528
2006-07-18,8.168978
2006-07-19,8.293504
2006-07-20,8.313429
2006-07-21,8.333353
2006-07-24,8.410560
2006-07-25,8.445427
2006-07-26,8.475317
2006-07-27,8.408068
2006-07-28,8.465350
2006-07-31,8.427993
2006-08-01,8.532598
2006-08-02,8.525126
2006-08-03,8.482788
2006-08-04,8.485279
2006-08-07,8.385652
2006-08-08,8.465350
2006-08-09,8.467840
2006-08-10,8.455389
2006-08-11,8.435466
2006-08-14,8.492747
2006-08-15,8.547539
2006-08-16,8.467840
2006-08-17,8.457880
2006-08-18,8.552523
2006-08-21,8.569957
2006-08-22,8.599841
2006-08-23,8.510183
2006-08-24,8.545049
2006-08-25,8.545049
2006-08-28,8.609801
2006-08-29,8.617276
2006-08-30,8.572444
2006-08-31,8.659614
2006-09-01,8.667087
2006-09-05,8.574935
2006-09-06,8.542555
2006-09-07,8.555014
2006-09-08,8.555014
2006-09-11,8.525126
2006-09-12,8.480297
2006-09-13,8.497730
2006-09-14,8.462860
2006-09-15,8.465875
2006-09-18,8.440766
2006-09-19,8.458343
2006-09-20,8.445792
2006-09-21,8.433236
2006-09-22,8.423195
2006-09-25,8.541194
2006-09-26,8.528642
2006-09-27,8.646646
2006-09-28,8.619023
2006-09-29,8.533663
2006-10-02,8.596428
2006-10-03,8.631577
2006-10-04,8.666726
2006-10-05,8.639109
2006-10-06,8.591406
2006-10-09,8.583877
2006-10-10,8.646646
2006-10-11,8.666726
2006-10-12,8.664218
2006-10-13,8.674255
2006-10-16,8.716934
2006-10-17,8.754600
2006-10-18,8.850004
2006-10-19,8.885152
2006-10-20,8.940387
2006-10-23,8.950427
2006-10-24,8.957962
2006-10-25,9.053368
2006-10-26,9.013190
2006-10-27,8.980557
2006-10-30,8.975540
2006-10-31,8.985578
2006-11-01,9.040811
2006-11-02,8.998130
2006-11-03,8.932855
2006-11-06,8.892679
2006-11-07,8.862556
2006-11-08,8.950427
2006-11-09,8.947916
2006-11-10,9.015705
2006-11-13,9.013190
2006-11-14,9.035788
2006-11-15,9.005663
2006-11-16,9.038299
2006-11-17,9.048343
2006-11-20,9.018215
2006-11-21,9.033278
2006-11-22,9.053368
2006-11-24,9.088512
2006-11-27,8.988085
2006-11-28,9.053368
2006-11-29,9.166343
2006-11-30,9.224088
2006-12-01,9.219069
2006-12-04,9.291872
2006-12-05,9.314471
2006-12-06,9.269280
2006-12-07,9.259241
2006-12-08,9.231616
2006-12-11,9.281834
2006-12-12,9.316981
2006-12-13,9.352127
2006-12-14,9.367196
2006-12-15,9.358580
2006-12-18,9.292711
2006-12-19,9.333248
2006-12-20,9.302842
2006-12-21,9.297776
2006-12-22,9.264844
2006-12-26,9.310441
2006-12-27,9.361115
2006-12-28,9.305376
2006-12-29,9.302842
2007-01-03,9.328181
2007-01-04,9.315512
2007-01-05,9.148302
2007-01-08,9.143236
2007-01-09,9.150835
2007-01-10,9.153370
2007-01-11,9.163502
2007-01-12,9.087501
2007-01-16,9.115370
2007-01-17,9.135635
2007-01-18,9.130570
2007-01-19,9.133104
2007-01-22,9.130570
2007-01-23,9.183771
2007-01-24,9.214171
2007-01-25,9.206574
2007-01-26,9.183771
2007-01-29,9.214171
2007-01-30,9.242040
2007-01-31,9.269914
2007-02-01,9.348450
2007-02-02,9.399117
2007-02-05,9.500453
2007-02-06,9.551125
2007-02-07,9.586594
2007-02-08,9.604325
2007-02-09,9.637262
2007-02-12,9.601791
2007-02-13,9.685392
2007-02-14,9.753800
2007-02-15,9.670196
2007-02-16,9.687930
2007-02-20,9.713263
2007-02-21,9.672726
2007-02-22,9.685392
2007-02-23,9.796865
2007-02-26,10.029946
2007-02-27,9.665129
2007-02-28,9.761400
2007-03-01,9.791802
2007-03-02,9.639795
2007-03-05,9.518184
2007-03-06,9.660063
2007-03-07,9.639795
2007-03-08,9.690460
2007-03-09,9.677794
2007-03-12,9.774067
2007-03-13,9.642331
2007-03-14,9.690460
2007-03-15,9.814602
2007-03-16,9.780982
2007-03-19,9.852301
2007-03-20,9.994939
2007-03-21,10.112105
2007-03-22,10.101916
2007-03-23,10.150311
2007-03-26,10.193616
2007-03-27,10.178329
2007-03-28,10.157957
2007-03-29,10.216539
2007-03-30,10.112105
2007-04-02,10.354086
2007-04-03,10.366822
2007-04-04,10.320971
2007-04-05,10.366822
2007-04-09,10.443233
2007-04-10,10.445778
2007-04-11,10.420308
2007-04-12,10.374458
2007-04-13,10.371916
2007-04-16,10.433046
2007-04-17,10.481440
2007-04-18,10.557853
2007-04-19,10.506914
2007-04-20,10.588418
2007-04-23,10.667381
2007-04-24,10.743798
2007-04-25,10.774362
2007-04-26,10.738705
2007-04-27,10.649552
2007-04-30,10.608795
2007-05-01,10.695403
2007-05-02,10.753981
2007-05-03,10.741250
2007-05-04,10.720873
2007-05-07,10.848228
2007-05-08,10.799831
2007-05-09,10.807473
2007-05-10,10.697946
2007-05-11,10.748892
2007-05-14,10.792190
2007-05-15,10.850776
2007-05-16,10.876251
2007-05-17,10.850776
2007-05-18,10.909359
2007-05-21,10.894079
2007-05-22,10.873694
2007-05-23,10.703037
2007-05-24,10.463610
2007-05-25,10.468705
2007-05-29,10.499269
2007-05-30,10.629175
2007-05-31,10.657192
2007-06-01,10.598616
2007-06-04,10.557853
2007-06-05,10.417760
2007-06-06,10.252198
2007-06-07,9.933811
2007-06-08,10.005127
2007-06-11,10.137579
2007-06-12,9.972017
2007-06-13,10.170691
2007-06-14,10.234368
2007-06-15,10.371838
2007-06-18,10.258990
2007-06-19,10.325672
2007-06-20,10.056375
2007-06-21,10.120494
2007-06-22,9.928138
2007-06-25,9.981997
2007-06-26,9.928138
2007-06-27,10.074330
2007-06-28,10.071765
2007-06-29,10.151272
2007-07-02,10.297462
2007-07-03,10.297462
2007-07-05,10.276939
2007-07-06,10.223084
2007-07-09,10.238474
2007-07-10,10.143579
2007-07-11,10.169228
2007-07-12,10.297462
2007-07-13,10.451346
2007-07-16,10.300025
2007-07-17,10.310287
2007-07-18,10.387227
2007-07-19,10.553935
2007-07-20,10.438523
2007-07-23,10.448786
2007-07-24,10.135885
2007-07-25,10.156400
2007-07-26,9.925573
2007-07-27,9.630630
2007-07-30,9.763997
2007-07-31,9.746041
2007-08-01,9.966606
2007-08-02,10.074330
2007-08-03,9.733216
2007-08-06,10.038419
2007-08-07,10.220514
2007-08-08,10.369279
2007-08-09,10.182044
2007-08-10,10.005083
2007-08-13,10.056375
2007-08-14,9.887103
2007-08-15,9.753735
2007-08-16,9.822985
2007-08-17,9.907623
2007-08-20,9.961477
2007-08-21,9.951224
2007-08-22,10.066638
2007-08-23,10.097413
2007-08-24,10.158963
2007-08-27,9.899925
2007-08-28,9.746041
2007-08-29,9.938397
2007-08-30,9.920445
2007-08-31,9.899925
2007-09-04,10.092279
2007-09-05,10.066638
2007-09-06,10.079454
2007-09-07,10.005083
2007-09-10,10.012777
2007-09-11,10.079454
2007-09-12,10.164099
2007-09-13,10.184612
2007-09-14,10.182044
2007-09-17,10.189744
2007-09-18,10.425696
2007-09-19,10.541115
2007-09-20,10.397486
2007-09-21,10.414013
2007-09-24,10.452756
2007-09-25,10.465672
2007-09-26,10.517332
2007-09-27,10.442432
2007-09-28,10.279709
2007-10-01,10.419181
2007-10-02,10.457928
2007-10-03,10.424349
2007-10-04,10.481174
2007-10-05,10.563822
2007-10-08,10.548325
2007-10-09,10.664548
2007-10-10,10.584480
2007-10-11,10.692963
2007-10-12,10.664548
2007-10-15,10.587070
2007-10-16,10.561237
2007-10-17,10.589646
2007-10-18,10.496669
2007-10-19,10.264214
2007-10-22,10.336530
2007-10-23,10.341699
2007-10-24,10.331365
2007-10-25,10.584480
2007-10-26,10.729124
2007-10-29,10.824687
2007-10-30,10.837604
2007-10-31,10.964162
2007-11-01,10.739457
2007-11-02,10.827270
2007-11-05,10.946083
2007-11-06,10.956417
2007-11-07,10.705880
2007-11-08,10.915087
2007-11-09,10.829854
2007-11-12,10.641308
2007-11-13,10.731709
2007-11-14,10.667137
2007-11-15,10.762698
2007-11-16,10.765283
2007-11-19,10.796278
2007-11-20,10.928003
2007-11-21,10.837604
2007-11-23,10.827270
2007-11-26,10.809188
2007-11-27,10.850519
2007-11-28,11.039065
2007-11-29,10.964162
2007-11-30,11.036485
2007-12-03,11.144963
2007-12-04,11.225029
2007-12-05,11.418740
2007-12-06,11.351588
2007-12-07,11.410992
2007-12-10,11.462647
2007-12-11,11.196618
2007-12-12,11.199204
2007-12-13,11.364499
2007-12-14,11.152708
2007-12-17,11.049396
2007-12-18,11.147544
2007-12-19,11.119133
2007-12-20,11.168211
2007-12-21,11.190846
2007-12-24,11.245501
2007-12-26,11.188248
2007-12-27,11.089347
2007-12-28,11.170030
2007-12-31,11.016479
2008-01-02,10.954021
2008-01-03,10.938408
2008-01-04,11.021685
2008-01-07,11.250707
2008-01-08,11.253314
2008-01-09,11.375628
2008-01-10,11.305359
2008-01-11,11.302758
2008-01-14,11.318376
2008-01-15,11.198652
2008-01-16,10.998260
2008-01-17,10.574049
2008-01-18,10.417901
2008-01-22,10.058753
2008-01-23,10.326808
2008-01-24,10.045739
2008-01-25,9.936433
2008-01-28,10.092587
2008-01-29,10.126417
2008-01-30,10.074367
2008-01-31,10.207096
2008-02-01,10.472555
2008-02-04,10.623501
2008-02-05,10.303387
2008-02-06,10.285172
2008-02-07,10.230516
2008-02-08,10.149844
2008-02-11,10.233120
2008-02-12,10.407488
2008-02-13,10.358041
2008-02-14,10.227915
2008-02-15,10.371053
2008-02-19,10.287775
2008-02-20,10.308597
2008-02-21,10.082175
2008-02-22,10.259144
2008-02-25,10.269558
2008-02-26,10.402281
2008-02-27,10.152441
2008-02-28,10.084777
2008-02-29,9.788089
2008-03-03,9.936433
2008-03-04,10.108195
2008-03-05,10.079565
2008-03-06,9.873971
2008-03-07,9.811515
2008-03-10,9.798503
2008-03-11,9.967661
2008-03-12,9.967661
2008-03-13,9.936433
2008-03-14,9.863562
2008-03-17,9.868768
2008-03-18,10.043139
2008-03-19,9.845342
2008-03-20,9.816772
2008-03-24,9.848225
2008-03-25,9.819393
2008-03-26,9.856093
2008-03-27,9.955700
2008-03-28,9.863954
2008-03-31,9.945216
2008-04-01,10.202104
2008-04-02,10.333166
2008-04-03,10.278120
2008-04-04,10.267636
2008-04-07,10.312191
2008-04-08,10.380354
2008-04-09,10.354136
2008-04-10,10.280746
2008-04-11,10.293853
2008-04-14,10.278120
2008-04-15,10.390838
2008-04-16,10.608407
2008-04-17,10.629376
2008-04-18,10.663454
2008-04-21,10.566463
2008-04-22,10.535010
2008-04-23,10.550733
2008-04-24,10.540259
2008-04-25,10.574328
2008-04-28,10.472098
2008-04-29,10.521902
2008-04-30,10.453748
2008-05-01,10.576951
2008-05-02,10.752578
2008-05-05,10.597921
2008-05-06,10.595299
2008-05-07,10.435402
2008-05-08,10.461611
2008-05-09,10.495690
2008-05-12,10.597921
2008-05-13,10.582187
2008-05-14,10.621511
2008-05-15,10.611028
2008-05-16,10.689666
2008-05-19,10.810244
2008-05-20,10.883640
2008-05-21,10.828594
2008-05-22,10.891504
2008-05-23,10.723740
2008-05-27,10.778790
2008-05-28,10.786654
2008-05-29,10.901996
2008-05-30,10.828594
2008-06-02,10.749956
2008-06-03,10.655589
2008-06-04,10.784039
2008-06-05,10.912473
2008-06-06,10.626757
2008-06-09,10.791898
2008-06-10,10.781412
2008-06-11,10.770928
2008-06-12,10.726366
2008-06-13,10.823351
2008-06-16,10.833835
2008-06-17,10.894124
2008-06-18,10.852184
2008-06-19,10.865295
2008-06-20,10.739859
2008-06-23,10.869253
2008-06-24,10.779469
2008-06-25,10.906225
2008-06-26,10.581415
2008-06-27,10.491629
2008-06-30,10.747779
2008-07-01,10.803232
2008-07-02,10.774189
2008-07-03,10.663279
2008-07-07,10.557646
2008-07-08,10.613104
2008-07-09,10.739859
2008-07-10,10.766263
2008-07-11,10.684405
2008-07-14,10.610459
2008-07-15,10.536520
2008-07-16,10.327908
2008-07-17,10.164177
2008-07-18,10.174742
2008-07-21,10.354310
2008-07-22,10.319983
2008-07-23,10.069111
2008-07-24,10.053268
2008-07-25,9.931793
2008-07-28,9.955563
2008-07-29,9.968765
2008-07-30,10.164177
2008-07-31,10.055907
2008-08-01,9.768069
2008-08-04,9.662440
2008-08-05,9.741657
2008-08-06,9.794476
2008-08-07,9.786558
2008-08-08,9.815599
2008-08-11,9.923870
2008-08-12,9.807677
2008-08-13,9.807677
2008-08-14,9.723177
2008-08-15,9.757508
2008-08-18,9.770715
2008-08-19,9.823523
2008-08-20,9.860493
2008-08-21,9.955563
2008-08-22,9.995175
2008-08-25,9.889542
2008-08-26,9.997813
2008-08-27,10.069111
2008-08-28,10.084953
2008-08-29,9.944996
2008-09-02,9.823523
2008-09-03,9.667718
2008-09-04,9.546247
2008-09-05,9.345552
2008-09-08,9.580576
2008-09-09,9.279534
2008-09-10,9.382522
2008-09-11,9.456462
2008-09-12,9.633389
2008-09-15,9.298020
2008-09-16,9.158057
2008-09-17,8.714418
2008-09-18,9.033944
2008-09-19,9.324332
2008-09-22,9.092557
2008-09-23,8.935376
2008-09-24,9.017960
2008-09-25,9.196455
2008-09-26,9.199117
2008-09-29,8.716917
2008-09-30,8.852790
2008-10-01,8.815488
2008-10-02,8.687615
2008-10-03,8.557075
2008-10-06,8.138808
2008-10-07,7.805798
2008-10-08,7.669930
2008-10-09,7.153096
2008-10-10,6.862709
2008-10-13,7.691242
2008-10-14,7.627305
2008-10-15,7.059850
2008-10-16,7.264989
2008-10-17,7.302282
2008-10-20,7.917689
2008-10-21,7.667267
2008-10-22,7.342248
2008-10-23,7.518073
2008-10-24,7.318267
2008-10-27,7.033213
2008-10-28,7.741859
2008-10-29,7.494098
2008-10-30,7.912361
2008-10-31,7.701897
2008-11-03,7.781820
2008-11-04,7.928347
2008-11-05,7.781820
2008-11-06,7.416842
2008-11-07,7.741859
2008-11-10,7.555372
2008-11-11,7.555372
2008-11-12,7.304947
2008-11-13,7.859079
2008-11-14,7.672595
2008-11-17,7.659271
2008-11-18,7.576686
2008-11-19,7.414176
2008-11-20,6.982595
2008-11-21,7.680586
2008-11-24,7.757843
2008-11-25,7.912361
2008-11-26,7.885718
2008-11-28,8.024252
2008-12-01,7.491436
2008-12-02,7.685914
2008-12-03,7.819119
2008-12-04,7.536722
2008-12-05,7.584677
2008-12-08,7.707225
2008-12-09,7.598000
2008-12-10,7.712554
2008-12-11,7.651281
2008-12-12,7.699232
2008-12-15,7.579349
2008-12-16,7.837765
2008-12-17,7.600660
2008-12-18,7.664601
2008-12-19,7.710193
2008-12-22,7.607677
2008-12-23,7.521348
2008-12-24,7.559118
2008-12-26,7.575305
2008-12-29,7.591494
2008-12-30,7.707497
2008-12-31,7.831592
2009-01-02,8.015035
2009-01-05,8.128345
2009-01-06,8.012341
2009-01-07,7.947596
2009-01-08,7.907126
2009-01-09,7.845078
2009-01-12,7.847777
2009-01-13,7.699404
2009-01-14,7.604980
2009-01-15,7.645447
2009-01-16,7.796522
2009-01-20,7.661633
2009-01-21,7.747962
2009-01-22,7.745263
2009-01-23,7.761449
2009-01-26,7.947596
2009-01-27,7.985364
2009-01-28,8.036626
2009-01-29,7.977272
2009-01-30,7.818103
2009-02-02,7.861266
2009-02-03,7.896336
2009-02-04,7.955688
2009-02-05,8.012341
2009-02-06,8.063597
2009-02-09,8.017736
2009-02-10,7.791125
2009-02-11,7.766845
2009-02-12,7.699404
2009-02-13,7.653541
2009-02-17,7.321714
2009-02-18,7.211106
2009-02-19,7.243482
2009-02-20,7.078916
2009-02-23,6.908959
2009-02-24,7.108592
2009-02-25,7.062732
2009-02-26,6.946730
2009-02-27,6.838817
2009-03-02,6.622995
2009-03-03,6.385596
2009-03-04,6.444941
2009-03-05,6.261497
2009-03-06,6.253402
2009-03-09,6.134702
2009-03-10,6.215632
2009-03-11,6.204844
2009-03-12,6.285777
2009-03-13,6.372106
2009-03-16,6.544763
2009-03-17,6.647275
2009-03-18,6.863098
2009-03-19,6.962913
2009-03-20,6.914364
2009-03-23,7.181666
2009-03-24,7.026192
2009-03-25,7.023468
2009-03-26,7.108022
2009-03-27,7.037103
2009-03-30,6.897997
2009-03-31,6.968915
2009-04-01,6.996190
2009-04-02,7.086200
2009-04-03,7.132567
2009-04-06,7.072564
2009-04-07,7.039831
2009-04-08,7.108022
2009-04-09,7.110745
2009-04-13,7.018011
2009-04-14,6.928000
2009-04-15,6.993463
2009-04-16,7.042559
2009-04-17,7.031650
2009-04-20,6.952548
2009-04-21,6.977097
2009-04-22,6.903453
2009-04-23,6.928000
2009-04-24,6.917091
2009-04-27,6.966187
2009-04-28,6.993463
2009-04-29,7.045286
2009-04-30,7.050742
2009-05-01,7.236219
2009-05-04,7.345316
2009-05-05,7.331682
2009-05-06,7.288037
2009-05-07,7.326226
2009-05-08,7.432599
2009-05-11,7.399871
2009-05-12,7.451689
2009-05-13,7.252581
2009-05-14,7.247127
2009-05-15,7.075288
2009-05-18,7.075288
2009-05-19,7.203485
2009-05-20,7.072564
2009-05-21,6.988010
2009-05-22,7.045286
2009-05-26,7.249850
2009-05-27,7.102565
2009-05-28,7.249850
2009-05-29,7.301675
2009-06-01,7.536245
2009-06-02,7.446238
2009-06-03,7.320771
2009-06-04,7.388961
2009-06-05,7.397142
2009-06-08,7.350773
2009-06-09,7.331682
2009-06-10,7.446238
2009-06-11,7.590799
2009-06-12,7.686260
2009-06-15,7.530793
2009-06-16,7.478968
2009-06-17,7.500787
2009-06-18,7.669895
2009-06-19,7.578035
2009-06-22,7.555964
2009-06-23,7.489758
2009-06-24,7.553206
2009-06-25,7.680109
2009-06-26,7.652515
2009-06-29,7.751830
2009-06-30,7.693899
2009-07-01,7.793208
2009-07-02,7.569757
2009-07-06,7.613897
2009-07-07,7.462169
2009-07-08,7.429069
2009-07-09,7.431826
2009-07-10,7.423550
2009-07-13,7.553206
2009-07-14,7.611135
2009-07-15,7.762864
2009-07-16,7.765621
2009-07-17,7.729760
2009-07-20,7.787694
2009-07-21,7.864931
2009-07-22,7.823554
2009-07-23,8.027696
2009-07-24,8.154594
2009-07-27,8.135283
2009-07-28,8.002867
2009-07-29,7.964249
2009-07-30,8.085629
2009-07-31,7.983559
2009-08-03,8.063558
2009-08-04,7.944937
2009-08-05,7.889760
2009-08-06,7.903558
2009-08-07,7.978040
2009-08-10,7.994593
2009-08-11,8.000113
2009-08-12,8.038731
2009-08-13,8.011144
2009-08-14,8.011144
2009-08-17,7.900799
2009-08-18,7.917348
2009-08-19,7.975279
2009-08-20,8.041491
2009-08-21,8.198732
2009-08-24,8.212526
2009-08-25,8.160112
2009-08-26,8.151834
2009-08-27,8.151834
2009-08-28,8.132525
2009-08-31,8.063558
2009-09-01,8.000113
2009-09-02,7.944937
2009-09-03,7.939420
2009-09-04,7.978040
2009-09-08,7.997349
2009-09-09,7.986318
2009-09-10,7.986318
2009-09-11,7.983559
2009-09-14,8.099422
2009-09-15,8.160112
2009-09-16,8.289767
2009-09-17,8.234593
2009-09-18,8.272221
2009-09-21,8.233201
2009-09-22,8.210903
2009-09-23,8.183034
2009-09-24,8.160733
2009-09-25,8.138437
2009-09-28,8.208117
2009-09-29,8.224839
2009-09-30,8.174669
2009-10-01,8.035316
2009-10-02,7.948913
2009-10-05,8.035316
2009-10-06,8.096633
2009-10-07,8.102205
2009-10-08,8.102205
2009-10-09,8.152374
2009-10-12,8.235988
2009-10-13,8.177455
2009-10-14,8.183034
2009-10-15,8.247135
2009-10-16,8.275010
2009-10-19,8.392068
2009-10-20,8.308452
2009-10-21,8.319601
2009-10-22,8.339116
2009-10-23,8.202544
2009-10-26,8.093844
2009-10-27,8.074334
2009-10-28,7.993505
2009-10-29,8.063188
2009-10-30,7.912679
2009-11-02,7.898741
2009-11-03,7.882019
2009-11-04,7.934977
2009-11-05,8.068762
2009-11-06,8.060398
2009-11-09,8.205330
2009-11-10,8.244351
2009-11-11,8.224839
2009-11-12,8.110567
2009-11-13,8.183034
2009-11-16,8.297305
2009-11-17,8.252712
2009-11-18,8.216479
2009-11-19,8.116141
2009-11-20,8.152374
2009-11-23,8.255497
2009-11-24,8.272221
2009-11-25,8.366981
2009-11-27,8.224839
2009-11-30,8.294518
2009-12-01,8.450598
2009-12-02,8.564870
2009-12-03,8.592741
2009-12-04,8.539788
2009-12-07,8.615035
2009-12-08,8.578805
2009-12-09,8.609465
2009-12-10,8.718163
2009-12-11,8.868670
2009-12-14,8.910476
2009-12-15,8.854734
2009-12-16,8.815710
2009-12-17,8.765542
2009-12-18,8.841408
2009-12-21,8.866788
2009-12-22,8.793466
2009-12-23,8.813204
2009-12-24,8.878070
2009-12-28,8.883712
2009-12-29,8.878070
2009-12-30,8.875253
2009-12-31,8.748341
2010-01-04,8.765266
2010-01-05,8.660916
2010-01-06,8.711677
2010-01-07,8.672193
2010-01-08,8.663733
2010-01-11,8.753983
2010-01-12,8.717319
2010-01-13,8.813204
2010-01-14,8.773722
2010-01-15,8.717319
2010-01-19,8.818849
2010-01-20,8.725779
2010-01-21,8.598866
2010-01-22,8.409914
2010-01-25,8.466318
2010-01-26,8.500161
2010-01-27,8.443754
2010-01-28,8.378890
2010-01-29,8.328126
2010-02-01,8.381714
2010-02-02,8.449398
2010-02-03,8.390166
2010-02-04,8.170197
2010-02-05,8.156094
2010-02-08,8.063025
2010-02-09,8.144818
2010-02-10,8.108148
2010-02-11,8.156094
2010-02-12,8.125072
2010-02-16,8.266081
2010-02-17,8.232241
2010-02-18,8.277365
2010-02-19,8.392994
2010-02-22,8.347867
2010-02-23,8.291467
2010-02-24,8.299926
2010-02-25,8.283005
2010-02-26,8.218139
2010-03-01,8.336585
2010-03-02,8.361970
2010-03-03,8.347867
2010-03-04,8.364789
2010-03-05,8.449398
2010-03-08,8.449398
2010-03-09,8.438118
2010-03-10,8.440935
2010-03-11,8.469138
2010-03-12,8.415555
2010-03-15,8.446577
2010-03-16,8.545284
2010-03-17,8.573485
2010-03-18,8.534004
2010-03-19,8.524613
2010-03-22,8.467707
2010-03-23,8.501851
2010-03-24,8.413644
2010-03-25,8.359583
2010-03-26,8.379504
2010-03-29,8.481933
2010-03-30,8.459169
2010-03-31,8.439254
2010-04-01,8.555912
2010-04-05,8.607127
2010-04-06,8.678261
2010-04-07,8.592901
2010-04-08,8.541683
2010-04-09,8.604280
2010-04-12,8.627048
2010-04-13,8.581521
2010-04-14,8.590057
2010-04-15,8.587207
2010-04-16,8.487623
2010-04-19,8.496160
2010-04-20,8.604280
2010-04-21,8.612819
2010-04-22,8.641273
2010-04-23,8.709563
2010-04-26,8.678261
2010-04-27,8.530301
2010-04-28,8.618510
2010-04-29,8.627048
2010-04-30,8.661187
2010-05-03,8.772158
2010-05-04,8.621354
2010-05-05,8.561603
2010-05-06,8.325441
2010-05-07,8.279918
2010-05-10,8.535995
2010-05-11,8.553064
2010-05-12,8.624202
2010-05-13,8.587207
2010-05-14,8.516075
2010-05-17,8.524613
2010-05-18,8.442101
2010-05-19,8.356740
2010-05-20,8.106353
2010-05-21,8.143337
2010-05-24,8.066517
2010-05-25,8.023832
2010-05-26,8.020989
2010-05-27,8.174640
2010-05-28,8.183173
2010-06-01,7.992535
2010-06-02,8.160412
2010-06-03,8.245768
2010-06-04,8.001071
2010-06-07,8.049443
2010-06-08,8.154721
2010-06-09,8.109194
2010-06-10,8.308369
2010-06-11,8.314055
2010-06-14,8.362431
2010-06-15,8.524613
2010-06-16,8.578673
2010-06-17,8.641273
2010-06-18,8.649035
2010-06-21,8.588651
2010-06-22,8.375877
2010-06-23,8.301119
2010-06-24,8.255114
2010-06-25,8.292493
2010-06-28,8.347123
2010-06-29,8.177478
2010-06-30,8.125725
2010-07-01,8.088343
2010-07-02,8.096969
2010-07-06,8.191858
2010-07-07,8.444885
2010-07-08,8.511017
2010-07-09,8.568524
2010-07-12,8.597280
2010-07-13,8.626034
2010-07-14,8.628907
2010-07-15,8.686413
2010-07-16,8.536898
2010-07-19,8.669160
2010-07-20,8.746799
2010-07-21,8.611655
2010-07-22,8.749671
2010-07-23,8.764050
2010-07-26,8.827307
2010-07-27,8.956698
2010-07-28,8.913568
2010-07-29,8.775553
2010-07-30,8.732419
2010-08-02,8.913568
2010-08-03,8.870439
2010-08-04,8.907816
2010-08-05,8.893439
2010-08-06,8.910695
2010-08-09,8.942324
2010-08-10,8.994076
2010-08-11,8.812930
2010-08-12,8.795677
2010-08-13,8.827307
2010-08-16,8.827307
2010-08-17,8.913568
2010-08-18,8.864687
2010-08-19,8.738173
2010-08-20,8.761172
2010-08-23,8.818681
2010-08-24,8.833056
2010-08-25,8.827307
2010-08-26,8.787050
2010-08-27,8.953820
2010-08-30,8.818681
2010-08-31,8.858936
2010-09-01,9.051582
2010-09-02,9.051582
2010-09-03,9.091841
2010-09-07,9.045831
2010-09-08,9.002703
2010-09-09,9.091841
2010-09-10,9.040082
2010-09-13,9.071711
2010-09-14,9.060212
2010-09-15,9.008454
2010-09-16,8.976827
2010-09-17,8.961431
2010-09-20,9.080529
2010-09-21,9.034053
2010-09-22,9.097957
2010-09-23,8.993382
2010-09-24,9.138623
2010-09-27,9.156054
2010-09-28,9.161862
2010-09-29,9.144433
2010-09-30,9.115387
2010-10-01,9.164767
2010-10-04,9.147339
2010-10-05,9.249011
2010-10-06,9.205437
2010-10-07,9.222864
2010-10-08,9.251910
2010-10-11,9.254819
2010-10-12,9.217053
2010-10-13,9.251910
2010-10-14,9.237392
2010-10-15,9.266439
2010-10-18,9.266439
2010-10-19,9.283865
2010-10-20,9.359395
2010-10-21,9.318724
2010-10-22,9.257725
2010-10-25,9.237392
2010-10-26,9.214151
2010-10-27,9.176385
2010-10-28,9.199624
2010-10-29,9.214151
2010-11-01,9.124102
2010-11-02,9.231579
2010-11-03,9.214151
2010-11-04,9.312917
2010-11-05,9.310009
2010-11-08,9.257725
2010-11-09,9.225769
2010-11-10,9.185103
2010-11-11,9.179294
2010-11-12,9.103764
2010-11-15,9.135721
2010-11-16,9.028243
2010-11-17,9.025334
2010-11-18,9.077623
2010-11-19,9.042764
2010-11-22,9.068912
2010-11-23,8.970145
2010-11-24,9.025334
2010-11-26,8.964337
2010-11-29,8.946904
2010-11-30,8.935287
2010-12-01,9.039860
2010-12-02,9.066002
2010-12-03,9.086338
2010-12-06,9.060197
2010-12-07,8.999194
2010-12-08,8.967237
2010-12-09,9.005001
2010-12-10,9.039860
2010-12-13,9.083434
2010-12-14,9.106673
2010-12-15,9.028243
2010-12-16,9.109572
2010-12-17,9.156903
2010-12-20,9.168665
2010-12-21,9.171604
2010-12-22,9.212753
2010-12-23,9.218634
2010-12-27,9.224516
2010-12-28,9.256851
2010-12-29,9.224516
2010-12-30,9.209817
2010-12-31,9.212753
2011-01-03,9.256851
2011-01-04,9.300945
2011-01-05,9.242151
2011-01-06,9.250972
2011-01-07,9.283309
2011-01-10,9.233334
2011-01-11,9.248031
2011-01-12,9.295067
2011-01-13,9.286246
2011-01-14,9.330341
2011-01-18,9.353859
2011-01-19,9.330341
2011-01-20,9.400892
2011-01-21,9.392075
2011-01-24,9.444988
2011-01-25,9.430286
2011-01-26,9.395011
2011-01-27,9.430286
2011-01-28,9.303884
2011-01-31,9.324462
2011-02-01,9.418529
2011-02-02,9.368557
2011-02-03,9.406772
2011-02-04,9.347980
2011-02-07,9.409709
2011-02-08,9.406772
2011-02-09,9.406772
2011-02-10,9.424410
2011-02-11,9.406772
2011-02-14,9.339160
2011-02-15,9.368557
2011-02-16,9.347980
2011-02-17,9.365620
2011-02-18,9.380313
2011-02-22,9.339160
2011-02-23,9.318584
2011-02-24,9.283309
2011-02-25,9.336218
2011-02-28,9.439110
2011-03-01,9.345037
2011-03-02,9.359739
2011-03-03,9.465560
2011-03-04,9.409709
2011-03-07,9.444988
2011-03-08,9.550814
2011-03-09,9.647823
2011-03-10,9.539057
2011-03-11,9.559632
2011-03-14,9.433227
2011-03-15,9.253908
2011-03-16,9.109872
2011-03-17,9.121629
2011-03-18,9.167048
2011-03-21,9.273919
2011-03-22,9.288760
2011-03-23,9.282827
2011-03-24,9.321410
2011-03-25,9.318445
2011-03-28,9.285792
2011-03-29,9.377818
2011-03-30,9.484690
2011-03-31,9.460941
2011-04-01,9.535153
2011-04-04,9.529219
2011-04-05,9.490627
2011-04-06,9.558899
2011-04-07,9.520314
2011-04-08,9.493595
2011-04-11,9.368915
2011-04-12,9.345162
2011-04-13,9.368915
2011-04-14,9.425316
2011-04-15,9.529219
2011-04-18,9.446097
2011-04-19,9.449063
2011-04-20,9.570776
2011-04-21,9.570776
2011-04-25,9.582650
2011-04-26,9.659835
2011-04-27,9.737016
2011-04-28,9.823111
2011-04-29,9.843888
2011-05-02,9.846855
2011-05-03,9.909199
2011-05-04,9.897326
2011-05-05,9.826077
2011-05-06,9.882483
2011-05-09,9.903264
2011-05-10,10.045753
2011-05-11,10.013097
2011-05-12,10.114030
2011-05-13,10.066534
2011-05-16,10.078411
2011-05-17,10.152619
2011-05-18,10.119969
2011-05-19,10.143718
2011-05-20,10.131845
2011-05-23,10.013097
2011-05-24,10.004192
2011-05-25,9.983416
2011-05-26,9.980443
2011-05-27,9.980443
2011-05-31,10.054662
2011-06-01,9.950760
2011-06-02,9.921070
2011-06-03,9.852795
2011-06-06,9.808265
2011-06-07,9.820142
2011-06-08,9.843888
2011-06-09,9.852795
2011-06-10,9.787486
2011-06-13,9.832015
2011-06-14,9.870604
2011-06-15,9.748895
2011-06-16,9.826077
2011-06-17,9.893253
2011-06-20,9.950227
2011-06-21,9.956233
2011-06-22,9.890255
2011-06-23,9.806286
2011-06-24,9.836272
2011-06-27,9.908247
2011-06-28,9.953229
2011-06-29,10.019202
2011-06-30,10.040197
2011-07-01,10.160150
2011-07-05,10.100172
2011-07-06,10.121165
2011-07-07,10.163149
2011-07-08,10.124164
2011-07-11,10.016208
2011-07-12,10.061192
2011-07-13,10.034197
2011-07-14,9.989217
2011-07-15,10.004212
2011-07-18,9.908247
2011-07-19,9.995214
2011-07-20,10.055190
2011-07-21,10.205136
2011-07-22,10.142156
2011-07-25,10.178144
2011-07-26,10.142156
2011-07-27,10.112169
2011-07-28,10.049193
2011-07-29,9.947232
2011-08-01,9.977221
2011-08-02,9.806286
2011-08-03,9.806286
2011-08-04,9.485404
2011-08-05,9.563378
2011-08-08,9.056567
2011-08-09,9.353458
2011-08-10,9.176524
2011-08-11,9.563378
2011-08-12,9.506399
2011-08-15,9.830273
2011-08-16,9.818281
2011-08-17,9.890255
2011-08-18,9.773299
2011-08-19,9.713323
2011-08-22,9.689333
2011-08-23,9.863265
2011-08-24,10.076184
2011-08-25,9.911245
2011-08-26,9.896254
2011-08-29,10.091178
2011-08-30,10.097176
2011-08-31,10.163149
2011-09-01,10.097176
2011-09-02,9.983221
2011-09-06,9.935237
2011-09-07,10.046196
2011-09-08,10.040197
2011-09-09,9.836272
2011-09-12,9.917245
2011-09-13,9.983221
2011-09-14,10.052193
2011-09-15,10.178144
2011-09-16,10.294175
2011-09-19,10.236613
2011-09-20,10.385057
2011-09-21,10.194199
2011-09-22,10.021523
2011-09-23,10.121491
2011-09-26,10.203288
2011-09-27,10.239640
2011-09-28,10.136639
2011-09-29,10.300230
2011-09-30,10.185112
2011-10-03,9.942753
2011-10-04,9.894281
2011-10-05,9.900343
2011-10-06,10.076052
2011-10-07,10.118464
2011-10-10,10.315378
2011-10-11,10.221470
2011-10-12,10.197228
2011-10-13,10.197228
2011-10-14,10.294175
2011-10-17,10.251758
2011-10-18,10.324465
2011-10-19,10.333554
2011-10-20,10.391115
2011-10-21,10.566827
2011-10-24,10.521383
2011-10-25,10.403234
2011-10-26,10.445645
2011-10-27,10.694066
2011-10-28,10.606210
2011-10-31,10.557736
2011-11-01,10.336585
2011-11-02,10.518353
2011-11-03,10.645592
2011-11-04,10.597121
2011-11-07,10.654680
2011-11-08,10.724361
2011-11-09,10.491092
2011-11-10,10.560767
2011-11-11,10.712241
2011-11-14,10.585005
2011-11-15,10.603181
2011-11-16,10.475942
2011-11-17,10.421411
2011-11-18,10.494122
2011-11-21,10.363849
2011-11-22,10.236613
2011-11-23,10.076052
2011-11-25,10.127555
2011-11-28,10.254791
2011-11-29,10.366883
2011-11-30,10.666799
2011-12-01,10.636506
2011-12-02,10.527445
2011-12-05,10.609241
2011-12-06,10.639536
2011-12-07,10.624388
2011-12-08,10.469886
2011-12-09,10.603181
2011-12-12,10.512297
2011-12-13,10.551682
2011-12-14,10.485031
2011-12-15,10.612267
2011-12-16,10.581023
2011-12-19,10.501372
2011-12-20,10.725000
2011-12-21,10.884299
2011-12-22,10.896553
2011-12-23,10.967011
2011-12-27,11.055854
2011-12-28,11.016026
2011-12-29,11.101804
2011-12-30,11.022154
2012-01-03,10.826096
2012-01-04,10.764825
2012-01-05,10.786267
2012-01-06,10.728066
2012-01-09,10.743383
2012-01-10,10.758701
2012-01-11,10.709683
2012-01-12,10.694370
2012-01-13,10.688240
2012-01-17,10.679052
2012-01-18,10.675986
2012-01-19,10.587151
2012-01-20,10.602467
2012-01-23,10.645355
2012-01-24,10.559576
2012-01-25,10.734190
2012-01-26,10.770953
2012-01-27,10.639226
2012-01-30,10.571830
2012-01-31,10.623909
2012-02-01,10.660670
2012-02-02,10.642291
2012-02-03,10.669865
2012-02-06,10.623909
2012-02-07,10.700495
2012-02-08,10.712748
2012-02-09,10.682117
2012-02-10,10.660670
2012-02-13,10.648414
2012-02-14,10.651481
2012-02-15,10.630036
2012-02-16,10.743383
2012-02-17,10.737252
2012-02-21,10.697431
2012-02-22,10.709683
2012-02-23,10.700495
2012-02-24,10.746449
2012-02-27,10.743383
2012-02-28,10.691305
2012-02-29,10.688240
2012-03-01,10.715811
2012-03-02,10.709683
2012-03-05,10.734190
2012-03-06,10.691305
2012-03-07,10.697431
2012-03-08,10.731129
2012-03-09,10.774015
2012-03-12,10.896553
2012-03-13,10.933315
2012-03-14,10.770953
2012-03-15,10.761766
2012-03-16,10.753103
2012-03-19,10.678905
2012-03-20,10.691270
2012-03-21,10.669626
2012-03-22,10.694364
2012-03-23,10.697455
2012-03-26,10.771659
2012-03-27,10.824215
2012-03-28,10.734553
2012-03-29,10.777841
2012-03-30,10.833489
2012-04-02,10.889143
2012-04-03,10.882960
2012-04-04,10.867502
2012-04-05,10.787116
2012-04-09,10.731464
2012-04-10,10.592336
2012-04-11,10.617068
2012-04-12,10.651079
2012-04-13,10.613980
2012-04-16,10.712914
2012-04-17,10.768567
2012-04-18,10.750015
2012-04-19,10.722188
2012-04-20,10.827310
2012-04-23,10.780934
2012-04-24,10.855136
2012-04-25,10.910785
2012-04-26,10.972620
2012-04-27,11.009719
2012-04-30,11.025179
2012-05-01,11.080827
2012-05-02,11.015905
2012-05-03,10.981899
2012-05-04,10.997355
2012-05-07,10.975711
2012-05-08,10.994262
2012-05-09,11.000448
2012-05-10,11.102475
2012-05-11,11.108659
2012-05-14,11.096291
2012-05-15,11.018996
2012-05-16,11.034454
2012-05-17,10.972620
2012-05-18,10.950978
2012-05-21,10.963345
2012-05-22,11.040639
2012-05-23,10.981899
2012-05-24,11.025179
2012-05-25,11.062280
2012-05-29,11.096291
2012-05-30,11.028270
2012-05-31,11.087017
2012-06-01,11.040639
2012-06-04,11.077740
2012-06-05,11.117933
2012-06-06,11.272522
2012-06-07,11.359094
2012-06-08,11.383823
2012-06-11,11.374553
2012-06-12,11.386918
2012-06-13,11.390004
2012-06-14,11.467305
2012-06-15,11.524093
2012-06-18,11.567783
2012-06-19,11.542814
2012-06-20,11.430477
2012-06-21,11.311901
2012-06-22,11.315019
2012-06-25,11.293175
2012-06-26,11.308780
2012-06-27,11.436723
2012-06-28,11.477288
2012-06-29,11.542814
2012-07-02,11.614589
2012-07-03,11.586504
2012-07-05,11.517849
2012-07-06,11.492890
2012-07-09,11.455443
2012-07-10,11.474165
2012-07-11,11.533456
2012-07-12,11.549055
2012-07-13,11.652035
2012-07-16,11.645799
2012-07-17,11.670759
2012-07-18,11.708203
2012-07-19,11.730050
2012-07-20,11.755012
2012-07-23,11.676998
2012-07-24,11.574026
2012-07-25,11.567783
2012-07-26,11.748773
2012-07-27,11.886077
2012-07-30,11.929762
2012-07-31,11.833027
2012-08-01,11.742534
2012-08-02,11.676998
2012-08-03,11.814306
2012-08-06,11.786220
2012-08-07,11.664518
2012-08-08,11.680122
2012-08-09,11.680122
2012-08-10,11.714451
2012-08-13,11.701962
2012-08-14,11.689483
2012-08-15,11.633315
2012-08-16,11.605227
2012-08-17,11.574026
2012-08-20,11.595867
2012-08-21,11.511617
2012-08-22,11.492890
2012-08-23,11.374309
2012-08-24,11.427359
2012-08-27,11.452320
2012-08-28,11.430477
2012-08-29,11.411757
2012-08-30,11.355585
2012-08-31,11.343102
2012-09-04,11.386793
2012-09-05,11.336867
2012-09-06,11.464810
2012-09-07,11.427359
2012-09-10,11.414879
2012-09-11,11.386793
2012-09-12,11.321261
2012-09-13,11.480410
2012-09-14,11.402390
2012-09-17,11.330624
2012-09-18,11.296293
2012-09-19,11.308780
2012-09-20,11.355585
2012-09-21,11.362206
2012-09-24,11.469429
2012-09-25,11.444199
2012-09-26,11.469429
2012-09-27,11.422127
2012-09-28,11.475730
2012-10-01,11.422127
2012-10-02,11.482041
2012-10-03,11.538807
2012-10-04,11.605031
2012-10-05,11.586109
2012-10-08,11.605031
2012-10-09,11.582956
2012-10-10,11.564033
2012-10-11,11.576646
2012-10-12,11.510427
2012-10-15,11.557730
2012-10-16,11.601876
2012-10-17,11.743786
2012-10-18,11.797398
2012-10-19,11.702792
2012-10-22,11.671254
2012-10-23,11.564033
2012-10-24,11.478890
2012-10-25,11.535655
2012-10-26,11.535655
2012-10-31,11.636564
2012-11-01,11.513579
2012-11-02,11.434738
2012-11-05,11.248679
2012-11-06,11.254985
2012-11-07,11.018473
2012-11-08,10.999554
2012-11-09,10.933328
2012-11-12,10.841874
2012-11-13,10.882869
2012-11-14,10.807184
2012-11-15,10.744116
2012-11-16,10.835568
2012-11-19,10.845023
2012-11-20,10.826106
2012-11-21,10.778801
2012-11-23,10.750420
2012-11-26,10.886024
2012-11-27,10.914406
2012-11-28,10.958553
2012-11-29,11.021624
2012-11-30,11.138307
2012-12-03,11.068931
2012-12-04,11.012163
2012-12-05,11.179302
2012-12-06,11.172997
2012-12-07,11.182462
2012-12-10,11.185611
2012-12-11,11.210840
2012-12-12,11.191916
2012-12-13,11.147769
2012-12-14,11.103617
2012-12-17,11.273910
2012-12-18,11.352749
2012-12-19,11.267599
2012-12-20,11.302291
2012-12-21,11.260834
2012-12-24,11.212996
2012-12-26,11.117323
2012-12-27,11.098186
2012-12-28,10.986567
2012-12-31,11.136454
2013-01-02,11.340560
2013-01-03,11.340560
2013-01-04,11.397965
2013-01-07,11.286345
2013-01-08,11.251264
2013-01-09,11.228940
2013-01-10,11.276779
2013-01-11,11.289535
2013-01-14,11.267213
2013-01-15,11.299103
2013-01-16,11.244888
2013-01-17,11.289535
2013-01-18,11.378831
2013-01-22,11.474508
2013-01-23,11.445803
2013-01-24,11.496831
2013-01-25,11.554229
2013-01-28,11.547853
2013-01-29,11.627583
2013-01-30,11.637150
2013-01-31,11.665854
2013-02-01,11.697745
2013-02-04,11.618016
2013-02-05,11.649909
2013-02-06,11.684987
2013-02-07,11.700933
2013-02-08,11.700933
2013-02-11,11.729635
2013-02-12,11.780661
2013-02-13,11.780661
2013-02-14,11.684987
2013-02-15,11.710504
2013-02-19,11.812551
2013-02-20,11.790227
2013-02-21,11.739205
2013-02-22,11.857199
2013-02-25,11.751955
2013-02-26,11.787040
2013-02-27,11.895470
2013-02-28,11.936930
2013-03-01,11.959254
2013-03-04,12.080441
2013-03-05,12.144223
2013-03-06,12.137846
2013-03-07,12.083626
2013-03-08,12.109141
2013-03-11,12.137846
2013-03-12,12.105956
2013-03-13,12.160171
2013-03-14,12.185684
2013-03-15,12.265780
2013-03-18,12.198231
2013-03-19,12.230397
2013-03-20,12.320470
2013-03-21,12.259348
2013-03-22,12.278648
2013-03-25,12.252913
2013-03-26,12.368717
2013-03-27,12.426623
2013-03-28,12.577809
2013-04-01,12.548861
2013-04-02,12.590680
2013-04-03,12.555295
2013-04-04,12.674320
2013-04-05,12.729002
2013-04-08,12.825510
2013-04-09,12.786907
2013-04-10,12.889850
2013-04-11,12.918802
2013-04-12,12.973475
2013-04-15,12.786907
2013-04-16,12.941317
2013-04-17,12.867325
2013-04-18,12.909148
2013-04-19,13.102156
2013-04-22,13.086071
2013-04-23,13.118237
2013-04-24,13.160059
2013-04-25,13.163272
2013-04-26,13.182580
2013-04-29,13.291952
2013-04-30,13.327335
2013-05-01,13.195441
2013-05-02,13.179358
2013-05-03,13.153627
2013-05-06,12.970266
2013-05-07,13.095721
2013-05-08,12.979915
2013-05-09,12.783692
2013-05-10,12.812641
2013-05-13,12.745086
2013-05-14,12.831941
2013-05-15,12.954180
2013-05-16,12.848024
2013-05-17,12.970266
2013-05-20,12.905931
2013-05-21,12.931665
2013-05-22,12.712917
2013-05-23,12.626065
2013-05-24,12.490955
2013-05-28,12.346203
2013-05-29,12.162842
2013-05-30,12.195011
2013-05-31,12.121026
2013-06-03,12.146756
2013-06-04,12.104939
2013-06-05,11.998780
2013-06-06,12.140327
2013-06-07,12.214311
2013-06-10,12.211099
2013-06-11,12.130671
2013-06-12,12.011654
2013-06-13,12.207880
2013-06-14,12.223964
2013-06-17,12.262561
2013-06-18,12.346203
2013-06-19,12.063122
2013-06-20,11.722134
2013-06-21,11.875205
2013-06-24,11.865458
2013-06-25,12.021455
2013-06-26,12.174200
2013-06-27,12.200199
2013-06-28,12.229449
2013-07-01,12.076703
2013-07-02,12.073455
2013-07-03,12.027953
2013-07-05,11.992204
2013-07-08,12.164450
2013-07-09,12.252200
2013-07-10,12.320447
2013-07-11,12.518693
2013-07-12,12.557690
2013-07-15,12.762435
2013-07-16,12.694188
2013-07-17,12.687691
2013-07-18,12.798186
2013-07-19,12.801436
2013-07-22,12.788437
2013-07-23,12.820934
2013-07-24,12.625939
2013-07-25,12.742931
2013-07-26,12.788437
2013-07-29,12.811185
2013-07-30,12.853428
2013-07-31,12.759186
2013-08-01,12.866434
2013-08-02,12.850181
2013-08-05,12.765684
2013-08-06,12.700691
2013-08-07,12.759186
2013-08-08,12.807931
2013-08-09,12.720185
2013-08-12,12.651939
2013-08-13,12.583694
2013-08-14,12.502440
2013-08-15,12.343196
2013-08-16,12.200199
2013-08-19,12.096203
2013-08-20,12.209947
2013-08-21,12.070204
2013-08-22,12.138453
2013-08-23,12.239201
2013-08-26,12.148203
2013-08-27,12.141701
2013-08-28,12.183954
2013-08-29,12.112452
2013-08-30,12.122200
2013-09-03,11.982456
2013-09-04,11.982456
2013-09-05,11.933709
2013-09-06,12.018205
2013-09-09,12.060453
2013-09-10,12.154702
2013-09-11,12.034451
2013-09-12,12.001959
2013-09-13,12.092953
2013-09-16,12.125453
2013-09-17,12.196948
2013-09-18,12.560936
2013-09-19,12.502440
2013-09-20,12.313780
2013-09-23,12.461432
2013-09-24,12.454868
2013-09-25,12.369560
2013-09-26,12.353158
2013-09-27,12.274408
2013-09-30,12.261287
2013-10-01,12.297378
2013-10-02,12.310501
2013-10-03,12.166133
2013-10-04,12.189104
2013-10-07,12.130042
2013-10-08,12.215351
2013-10-09,12.264569
2013-10-10,12.448306
2013-10-11,12.507362
2013-10-14,12.438462
2013-10-15,12.264569
2013-10-16,12.376121
2013-10-17,12.576267
2013-10-18,12.609073
2013-10-21,12.582823
2013-10-22,12.743599
2013-10-23,12.753437
2013-10-24,12.727196
2013-10-25,12.861714
2013-10-28,12.835466
2013-10-29,12.851875
2013-10-30,12.769844
2013-10-31,12.723907
2013-11-01,12.815784
2013-11-04,12.842031
2013-11-05,12.750166
2013-11-06,12.924057
2013-11-07,12.802664
2013-11-08,12.779694
2013-11-11,12.776407
2013-11-12,12.668139
2013-11-13,12.730475
2013-11-14,12.842031
2013-11-15,12.917496
2013-11-18,12.901090
2013-11-19,12.805940
2013-11-20,12.664856
2013-11-21,12.694383
2013-11-22,12.684545
2013-11-25,12.635328
2013-11-26,12.510644
2013-11-27,12.484396
2013-11-29,12.477839
2013-12-02,12.425338
2013-12-03,12.487673
2013-12-04,12.543457
2013-12-05,12.441748
2013-12-06,12.612358
2013-12-09,12.536895
2013-12-10,12.412216
2013-12-11,12.310501
2013-12-12,12.326906
2013-12-13,12.307220
2013-12-16,12.372837
2013-12-17,12.349872
2013-12-18,12.513928
2013-12-19,12.422057
2013-12-20,12.545088
2013-12-23,12.495349
2013-12-24,12.545088
2013-12-26,12.488711
2013-12-27,12.538453
2013-12-30,12.568299
2013-12-31,12.591512
2014-01-02,12.399172
2014-01-03,12.359384
2014-01-06,12.379278
2014-01-07,12.488711
2014-01-08,12.422387
2014-01-09,12.495349
2014-01-10,12.674415
2014-01-13,12.545088
2014-01-14,12.561670
2014-01-15,12.538453
2014-01-16,12.624674
2014-01-17,12.621356
2014-01-21,12.760635
2014-01-22,12.773907
2014-01-23,12.737427
2014-01-24,12.594829
2014-01-27,12.624674
2014-01-28,12.671103
2014-01-29,12.664464
2014-01-30,12.860117
2014-01-31,12.966238
2014-02-03,12.863441
2014-02-04,12.787168
2014-02-05,12.730792
2014-02-06,12.823646
2014-02-07,12.893285
2014-02-10,12.989453
2014-02-11,13.112148
2014-02-12,13.128735
2014-02-13,13.271330
2014-02-14,13.357547
2014-02-18,13.403981
2014-02-19,13.327700
2014-02-20,13.430505
2014-02-21,13.447084
2014-02-24,13.413923
2014-02-25,13.397345
2014-02-26,13.354228
2014-02-27,13.321070
2014-02-28,13.413923
2014-03-03,13.281274
2014-03-04,13.377445
2014-03-05,13.287912
2014-03-06,13.221587
2014-03-07,13.261374
2014-03-10,13.228217
2014-03-11,13.191742
2014-03-12,13.357547
2014-03-13,13.496832
2014-03-14,13.559835
2014-03-17,13.649375
2014-03-18,13.629475
2014-03-19,13.413923
2014-03-20,13.443769
2014-03-21,13.545752
2014-03-24,13.582539
2014-03-25,13.639382
2014-03-26,13.582539
2014-03-27,13.692883
2014-03-28,13.712946
2014-03-31,13.863420
2014-04-01,13.766443
2014-04-02,13.746382
2014-04-03,13.789855
2014-04-04,13.863420
2014-04-07,13.840014
2014-04-08,14.037293
2014-04-09,14.007198
2014-04-10,13.953694
2014-04-11,13.940324
2014-04-14,14.023918
2014-04-15,14.217859
2014-04-16,14.321514
2014-04-17,14.144300
2014-04-21,14.127578
2014-04-22,14.147645
2014-04-23,14.154332
2014-04-24,14.251302
2014-04-25,14.415146
2014-04-28,14.485366
2014-04-29,14.425171
2014-04-30,14.448583
2014-05-01,14.508770
2014-05-02,14.211173
2014-05-05,14.338239
2014-05-06,14.268017
2014-05-07,14.498740
2014-05-08,14.341580
2014-05-09,14.130921
2014-05-12,14.000513
2014-05-13,14.033955
2014-05-14,14.104169
2014-05-15,14.047320
2014-05-16,14.090796
2014-05-19,13.873448
2014-05-20,13.873448
2014-05-21,13.883480
2014-05-22,13.997170
2014-05-23,13.963735
2014-05-27,14.074076
2014-05-28,14.157670
2014-05-29,14.197793
2014-05-30,14.291421
2014-06-02,14.288082
2014-06-03,14.341580
2014-06-04,14.334894
2014-06-05,14.455268
2014-06-06,14.405110
2014-06-09,14.308140
2014-06-10,14.274702
2014-06-11,14.094141
2014-06-12,14.137609
2014-06-13,14.227894
2014-06-16,14.324865
2014-06-17,14.304799
2014-06-18,14.629146
2014-06-19,14.749527
2014-06-20,14.659817
2014-06-23,14.609237
2014-06-24,14.653074
2014-06-25,14.707032
2014-06-26,14.750878
2014-06-27,14.808209
2014-06-30,14.926238
2014-07-01,14.777856
2014-07-02,14.491199
2014-07-03,14.332698
2014-07-07,14.400146
2014-07-08,14.497948
2014-07-09,14.457473
2014-07-10,14.555272
2014-07-11,14.443982
2014-07-14,14.278742
2014-07-15,14.352930
2014-07-16,14.400146
2014-07-17,14.268622
2014-07-18,14.413636
2014-07-21,14.400146
2014-07-22,14.369791
2014-07-23,14.383289
2014-07-24,14.427119
2014-07-25,14.312463
2014-07-28,14.511436
2014-07-29,14.376542
2014-07-30,14.133721
2014-07-31,13.911144
2014-08-01,13.965112
2014-08-04,13.890912
2014-08-05,13.722292
2014-08-06,13.546926
2014-08-07,13.702058
2014-08-08,13.975225
2014-08-11,13.924637
2014-08-12,13.914517
2014-08-13,13.978592
2014-08-14,14.100003
2014-08-15,14.153961
2014-08-18,14.116865
2014-08-19,14.295604
2014-08-20,14.325950
2014-08-21,14.359674
2014-08-22,14.315833
2014-08-25,14.413636
2014-08-26,14.241642
2014-08-27,14.396772
2014-08-28,14.501321
2014-08-29,14.595742
2014-09-02,14.464217
2014-09-03,14.535040
2014-09-04,14.528297
2014-09-05,14.710408
2014-09-08,14.622724
2014-09-09,14.454107
2014-09-10,14.390028
2014-09-11,14.511436
2014-09-12,14.251761
2014-09-15,14.295604
2014-09-16,14.477715
2014-09-17,14.450730
2014-09-18,14.346185
2014-09-19,14.475491
2014-09-22,14.366603
2014-09-23,14.325766
2014-09-24,14.274728
2014-09-25,14.189662
2014-09-26,14.210074
2014-09-29,14.301950
2014-09-30,14.322367
2014-10-01,14.404036
2014-10-02,14.383621
2014-10-03,14.475491
2014-10-06,14.475491
2014-10-07,14.455075
2014-10-08,14.781746
2014-10-09,14.540146
2014-10-10,14.608207
2014-10-13,14.594588
2014-10-14,14.727297
2014-10-15,14.533340
2014-10-16,14.546950
2014-10-17,14.632027
2014-10-20,14.836188
2014-10-21,14.887230
2014-10-22,14.979104
2014-10-23,15.006330
2014-10-24,15.152644
2014-10-27,15.118630
2014-10-28,15.224111
2014-10-29,15.135639
2014-10-30,15.469113
2014-10-31,15.472509
2014-11-03,15.574599
2014-11-04,15.492928
2014-11-05,15.843417
2014-11-06,15.574599
2014-11-07,15.737934
2014-11-10,15.816193
2014-11-11,15.758350
2014-11-12,15.482721
2014-11-13,15.356821
2014-11-14,15.292165
2014-11-17,15.492928
2014-11-18,15.537171
2014-11-19,15.523557
2014-11-20,15.489528
2014-11-21,15.550778
2014-11-24,15.421470
2014-11-25,15.421470
2014-11-26,15.489528
2014-11-28,15.652863
2014-12-01,15.683486
2014-12-02,15.788971
2014-12-03,15.744738
2014-12-04,15.731123
2014-12-05,15.608622
2014-12-08,15.734530
2014-12-09,15.812790
2014-12-10,15.615432
2014-12-11,15.771963
2014-12-12,15.622235
2014-12-15,15.489528
2014-12-16,15.475912
2014-12-17,15.751542
2014-12-18,16.061199
2014-12-19,16.087629
2014-12-22,16.128824
2014-12-23,16.170029
2014-12-24,16.468710
2014-12-26,16.667830
2014-12-29,16.860086
2014-12-30,16.509907
2014-12-31,16.211226
2015-01-02,16.286749
2015-01-05,16.087629
2015-01-06,16.097927
2015-01-07,16.255852
2015-01-08,16.369148
2015-01-09,16.266150
2015-01-12,16.228394
2015-01-13,16.273016
2015-01-14,16.413780
2015-01-15,16.544239
2015-01-16,16.691854
2015-01-20,16.733057
2015-01-21,16.894415
2015-01-22,16.822317
2015-01-23,16.870380
2015-01-26,16.860086
2015-01-27,16.884115
2015-01-28,16.739920
2015-01-29,16.963081
2015-01-30,16.588867
2015-02-02,16.660969
2015-02-03,16.722757
2015-02-04,16.520206
2015-02-05,16.671263
2015-02-06,15.984639
2015-02-09,15.843879
2015-02-10,16.170029
2015-02-11,15.819840
2015-02-12,15.747755
2015-02-13,15.507433
2015-02-17,15.493703
2015-02-18,15.861042
2015-02-19,15.682525
2015-02-20,15.685956
2015-02-23,15.792380
2015-02-24,15.909105
2015-02-25,15.648189
2015-02-26,15.545194
2015-02-27,15.528037
2015-03-02,15.229348
2015-03-03,15.322037
2015-03-04,15.236215
2015-03-05,15.356373
2015-03-06,14.896337
2015-03-09,14.923802
2015-03-10,14.896337
2015-03-11,14.800206
2015-03-12,15.081722
2015-03-13,14.927238
2015-03-16,15.184720
2015-03-17,15.160690
2015-03-18,15.569222
2015-03-19,15.425035
2015-03-20,15.563789
2015-03-23,15.574175
2015-03-24,15.401160
2015-03-25,15.221241
2015-03-26,15.093208
2015-03-27,15.183173
2015-03-30,15.370018
2015-03-31,15.373486
2015-04-01,15.387318
2015-04-02,15.415004
2015-04-06,15.629533
2015-04-07,15.449605
2015-04-08,15.404621
2015-04-09,15.338880
2015-04-10,15.453063
2015-04-13,15.300817
2015-04-14,15.376938
2015-04-15,15.415004
2015-04-16,15.314656
2015-04-17,15.259297
2015-04-20,15.487664
2015-04-21,15.349261
2015-04-22,15.380401
2015-04-23,15.466906
2015-04-24,15.622612
2015-04-27,15.435765
2015-04-28,15.546486
2015-04-29,15.480747
2015-04-30,15.300817
2015-05-01,15.387318
2015-05-04,15.501505
2015-05-05,15.155491
2015-05-06,15.072448
2015-05-07,15.127810
2015-05-08,15.235073
2015-05-11,15.131274
2015-05-12,15.113974
2015-05-13,14.965185
2015-05-14,15.138187
2015-05-15,15.335421
2015-05-18,15.394246
2015-05-19,15.428841
2015-05-20,15.453063
2015-05-21,15.446143
2015-05-22,15.421923
2015-05-26,15.325043
2015-05-27,15.387318
2015-05-28,15.421923
2015-05-29,15.397701
2015-06-01,15.418466
2015-06-02,15.214314
2015-06-03,14.989402
2015-06-04,14.968643
2015-06-05,14.781796
2015-06-08,14.695289
2015-06-09,14.660692
2015-06-10,14.733353
2015-06-11,14.850992
2015-06-12,14.719510
2015-06-15,14.695289
2015-06-16,14.764494
2015-06-17,14.889058
2015-06-18,15.086285
2015-06-19,14.940684
2015-06-22,14.919738
2015-06-23,14.717224
2015-06-24,14.602000
2015-06-25,14.504235
2015-06-26,14.591527
2015-06-29,14.514708
2015-06-30,14.476301
2015-07-01,14.563589
2015-07-02,14.745152
2015-07-06,14.804510
2015-07-07,15.171135
2015-07-08,15.090830
2015-07-09,14.923231
2015-07-10,15.003533
2015-07-13,15.010520
2015-07-14,14.989571
2015-07-15,15.062893
2015-07-16,15.286358
2015-07-17,15.136217
2015-07-20,15.059404
2015-07-21,14.923231
2015-07-22,14.989571
2015-07-23,14.766100
2015-07-24,14.780073
2015-07-27,14.968620
2015-07-28,15.038457
2015-07-29,15.094320
2015-07-30,15.206055
2015-07-31,15.359688
2015-08-03,15.439987
2015-08-04,15.192079
2015-08-05,15.230492
2015-08-06,15.310799
2015-08-07,15.499343
2015-08-10,15.436501
2015-08-11,15.513319
2015-08-12,15.789158
2015-08-13,15.792647
2015-08-14,15.911354
2015-08-17,15.988173
2015-08-18,15.949768
2015-08-19,16.016111
2015-08-20,15.921830
2015-08-21,15.729797
2015-08-24,15.139707
2015-08-25,14.675321
2015-08-26,14.937195
2015-08-27,15.111781
2015-08-28,15.066390
2015-08-31,14.825462
2015-09-01,14.423924
2015-09-02,14.434402
2015-09-03,14.500740
2015-09-04,14.301715
2015-09-08,14.605493
2015-09-09,14.423924
2015-09-10,14.399482
2015-09-11,14.507727
2015-09-14,14.542642
2015-09-15,14.619454
2015-09-16,14.766100
2015-09-17,14.968620
2015-09-18,14.884385
2015-09-21,14.944300
2015-09-22,14.757499
2015-09-23,14.796270
2015-09-24,14.916099
2015-09-25,15.060613
2015-09-28,14.986602
2015-09-29,14.990118
2015-09-30,15.257992
2015-10-01,15.078230
2015-10-02,15.279140
2015-10-05,15.476516
2015-10-06,15.370774
2015-10-07,15.317910
2015-10-08,15.508239
2015-10-09,15.434218
2015-10-12,15.571675
2015-10-13,15.536434
2015-10-14,15.532906
2015-10-15,15.762010
2015-10-16,15.783150
2015-10-19,15.793722
2015-10-20,15.846600
2015-10-21,15.814872
2015-10-22,15.998154
2015-10-23,15.716189
2015-10-26,15.659796
2015-10-27,15.603402
2015-10-28,15.437741
2015-10-29,15.349629
2015-10-30,15.420123
2015-11-02,15.437741
2015-11-03,15.483565
2015-11-04,15.564629
2015-11-05,15.430695
2015-11-06,14.891433
2015-11-09,14.930201
2015-11-10,15.064138
2015-11-11,15.194547
2015-11-12,15.050036
2015-11-13,14.993645
2015-11-16,15.247416
2015-11-17,14.972498
2015-11-18,15.067658
2015-11-19,15.229791
2015-11-20,15.293235
2015-11-23,15.152254
2015-11-24,15.131104
2015-11-25,15.039465
2015-11-27,15.067658
2015-11-30,15.092335
2015-12-01,15.212168
2015-12-02,14.873808
2015-12-03,14.761022
2015-12-04,14.968976
2015-12-07,15.035937
2015-12-08,15.014794
2015-12-09,15.018317
2015-12-10,14.771597
2015-12-11,14.729301
2015-12-14,14.803318
2015-12-15,14.919624
2015-12-16,15.296762
2015-12-17,15.328477
2015-12-18,15.137964
2015-12-21,15.127284
2015-12-22,15.255478
2015-12-23,15.490508
2015-12-24,15.479825
2015-12-28,15.508308
2015-12-29,15.593781
2015-12-30,15.579532
2015-12-31,15.412162
2016-01-04,15.380117
2016-01-05,15.490508
2016-01-06,15.462017
2016-01-07,15.358747
2016-01-08,15.351626
2016-01-11,15.433528
2016-01-12,15.372993
2016-01-13,15.365877
2016-01-14,15.597335
2016-01-15,15.458454
2016-01-19,15.689931
2016-01-20,15.337384
2016-01-21,15.323141
2016-01-22,15.597335
2016-01-25,15.465577
2016-01-26,15.572414
2016-01-27,15.608024
2016-01-28,15.857290
2016-01-29,16.174223
2016-02-01,16.327347
2016-02-02,16.398569
2016-02-03,16.601553
2016-02-04,16.530333
2016-02-05,16.583752
2016-02-08,16.526772
2016-02-09,16.583752
2016-02-10,16.565945
2016-02-11,16.273935
2016-02-12,16.224077
2016-02-16,16.327347
2016-02-17,16.295303
2016-02-18,16.562378
2016-02-19,16.451990
2016-02-22,16.644285
2016-02-23,16.658529
2016-02-24,16.736877
2016-02-25,16.907803
2016-02-26,16.441305
2016-02-29,16.487595
2016-03-01,16.405693
2016-03-02,16.491161
2016-03-03,16.590872
2016-03-04,16.776041
2016-03-07,16.868629
2016-03-08,17.035997
2016-03-09,17.114344
2016-03-10,17.128588
2016-03-11,17.146389
2016-03-14,17.167749
2016-03-15,17.199806
2016-03-16,17.463329
2016-03-17,17.559471
2016-03-18,17.447535
2016-03-21,17.429596
2016-03-22,17.372189
2016-03-23,17.501339
2016-03-24,17.547989
2016-03-28,17.483410
2016-03-29,17.741734
2016-03-30,17.698683
2016-03-31,17.802727
2016-04-01,17.870895
2016-04-04,17.795544
2016-04-05,17.461876
2016-04-06,17.440359
2016-04-07,17.433182
2016-04-08,17.526463
2016-04-11,17.451118
2016-04-12,17.573099
2016-04-13,17.465471
2016-04-14,17.443947
2016-04-15,17.540815
2016-04-18,17.608982
2016-04-19,17.637680
2016-04-20,17.196384
2016-04-21,16.837601
2016-04-22,16.988289
2016-04-25,17.020580
2016-04-26,17.045698
2016-04-27,17.293257
2016-04-28,17.268135
2016-04-29,17.372189
2016-05-02,17.512114
2016-05-03,17.497763
2016-05-04,17.702269
2016-05-05,17.634104
2016-05-06,17.519291
2016-05-09,17.619740
2016-05-10,17.637680
2016-05-11,17.702269
2016-05-12,17.806314
2016-05-13,17.720201
2016-05-16,17.741734
2016-05-17,17.440359
2016-05-18,17.113865
2016-05-19,17.286076
2016-05-20,17.325544
2016-05-23,17.171267
2016-05-24,17.343477
2016-05-25,17.293257
2016-05-26,17.490587
2016-05-27,17.519291
2016-05-31,17.634104
2016-06-01,17.680735
2016-06-02,17.687918
2016-06-03,17.967762
2016-06-06,17.942652
2016-06-07,17.928303
2016-06-08,18.035933
2016-06-09,18.190208
2016-06-10,18.143564
2016-06-13,18.122044
2016-06-14,18.218910
2016-06-15,18.104101
2016-06-16,18.218910
2016-06-17,18.284744
2016-06-20,18.216017
2016-06-21,18.241333
2016-06-22,18.154526
2016-06-23,18.205164
2016-06-24,18.234104
2016-06-27,18.458364
2016-06-28,18.527098
2016-06-29,18.577730
2016-06-30,18.979233
2016-07-01,18.982857
2016-07-05,19.123924
2016-07-06,19.163712
2016-07-07,18.809231
2016-07-08,19.004562
2016-07-11,18.990088
2016-07-12,18.729656
2016-07-13,18.877960
2016-07-14,18.754971
2016-07-15,18.809231
2016-07-18,18.863489
2016-07-19,18.830935
2016-07-20,18.722418
2016-07-21,18.834551
2016-07-22,19.084137
2016-07-25,19.051579
2016-07-26,18.885191
2016-07-27,18.668159
2016-07-28,18.740499
2016-07-29,18.852642
2016-08-01,18.863489
2016-08-02,18.740499
2016-08-03,18.628372
2016-08-04,18.617521
2016-08-05,18.349852
2016-08-08,18.342619
2016-08-09,18.339003
2016-08-10,18.342619
2016-08-11,18.386026
2016-08-12,18.411346
2016-08-15,18.129204
2016-08-16,17.915791
2016-08-17,18.183464
2016-08-18,18.407721
2016-08-19,18.183464
2016-08-22,18.230484
2016-08-23,18.150906
2016-08-24,18.143671
2016-08-25,18.154526
2016-08-26,17.778345
2016-08-29,17.923027
2016-08-30,17.734936
2016-08-31,17.807276
2016-09-01,17.716850
2016-09-02,17.951963
2016-09-06,18.147285
2016-09-07,18.150906
2016-09-08,18.212402
2016-09-09,17.528755
2016-09-12,17.839825
2016-09-13,17.593864
2016-09-14,17.662594
2016-09-15,17.796431
2016-09-16,17.970066
2016-09-19,18.148821
2016-09-20,18.115986
2016-09-21,18.484436
2016-09-22,18.597528
2016-09-23,18.582941
2016-09-26,18.535511
2016-09-27,18.294743
2016-09-28,18.269203
2016-09-29,17.995607
2016-09-30,17.871574
2016-10-03,17.619869
2016-10-04,17.251411
2016-10-05,17.214931
2016-10-06,17.211285
2016-10-07,17.189396
2016-10-10,17.331671
2016-10-11,17.134682
2016-10-12,17.302490
2016-10-13,17.517721
2016-10-14,17.419224
2016-10-17,17.514069
2016-10-18,17.663633
2016-10-19,17.623512
2016-10-20,17.612566
2016-10-21,17.510427
2016-10-24,17.576092
2016-10-25,17.685526
2016-10-26,17.729305
2016-10-27,17.623512
2016-10-28,17.678232
2016-10-31,18.032085
2016-11-01,17.703766
2016-11-02,17.481236
2016-11-03,17.546904
2016-11-04,17.492182
2016-11-07,17.798616
2016-11-08,17.937239
2016-11-09,17.276953
2016-11-10,16.861084
2016-11-11,16.791769
2016-11-14,16.780817
2016-11-15,17.050768
2016-11-16,16.934042
2016-11-17,16.937687
2016-11-18,16.886620
2016-11-21,17.065369
2016-11-22,17.131029
2016-11-23,16.959574
2016-11-25,17.203993
2016-11-28,17.535955
2016-11-29,17.608917
2016-11-30,17.054424
2016-12-01,16.919451
2016-12-02,17.072657
2016-12-05,17.094555
2016-12-06,17.061720
2016-12-07,17.284246
2016-12-08,17.313431
2016-12-09,17.495834
2016-12-12,17.678232
2016-12-13,17.860630
2016-12-14,17.492182
2016-12-15,17.616213
2016-12-16,17.830948
2016-12-19,17.897249
2016-12-20,17.919353
2016-12-21,17.845688
2016-12-22,17.908302
2016-12-23,17.904617
2016-12-27,17.919353
2016-12-28,17.749924
2016-12-29,17.989334
2016-12-30,17.889889
2017-01-03,17.845688
2017-01-04,17.911983
2017-01-05,17.930405
2017-01-06,17.985651
2017-01-09,17.749924
2017-01-10,17.694668
2017-01-11,17.878838
2017-01-12,17.893570
2017-01-13,17.867783
2017-01-17,18.063002
2017-01-18,18.040895
2017-01-19,17.882523
2017-01-20,17.915668
2017-01-23,17.823586
2017-01-24,17.819904
2017-01-25,17.819904
2017-01-26,17.827271
2017-01-27,17.823586
2017-01-30,17.838322
2017-01-31,18.114567
2017-02-01,17.801487
2017-02-02,17.989334
2017-02-03,18.011440
2017-02-06,17.974598
2017-02-07,18.018797
2017-02-08,18.195601
2017-02-09,18.040895
2017-02-10,18.155083
2017-02-13,18.243477
2017-02-14,18.110882
2017-02-15,18.066685
2017-02-16,18.247166
2017-02-17,18.258221
2017-02-21,18.449741
2017-02-22,18.527107
2017-02-23,18.718628
2017-02-24,19.002249
2017-02-27,18.895432
2017-02-28,19.068552
2017-03-01,18.899115
2017-03-02,19.035398
2017-03-03,18.976467
2017-03-06,18.939629
2017-03-07,18.928577
2017-03-08,18.656017
2017-03-09,18.615499
2017-03-10,18.770197
2017-03-13,18.825447
2017-03-14,18.807032
2017-03-15,19.109066
2017-03-16,18.899115
2017-03-17,19.013052
2017-03-20,18.886866
2017-03-21,19.154079
2017-03-22,19.246864
2017-03-23,19.187481
2017-03-24,19.258003
2017-03-27,19.183769
2017-03-28,19.168926
2017-03-29,19.116968
2017-03-30,18.968515
2017-03-31,19.042744
2017-04-03,19.039032
2017-04-04,19.098413
2017-04-05,19.206043
2017-04-06,19.157791
2017-04-07,19.076145
2017-04-10,19.109549
2017-04-11,19.102123
2017-04-12,19.243156
2017-04-13,19.180059
2017-04-17,19.265425
2017-04-18,19.309956
2017-04-19,19.176350
2017-04-20,19.102123
2017-04-21,19.198622
2017-04-24,19.298820
2017-04-25,19.272844
2017-04-26,19.213465
2017-04-27,19.280266
2017-04-28,19.187481
2017-05-01,19.072430
2017-05-02,19.094702
2017-05-03,19.027895
2017-05-04,19.094702
2017-05-05,19.198622
2017-05-08,19.191198
2017-05-09,19.050163
2017-05-10,19.079853
2017-05-11,19.105837
2017-05-12,19.198622
2017-05-15,19.280266
2017-05-16,19.139235
2017-05-17,19.187481
2017-05-18,19.254288
2017-05-19,19.328516
2017-05-22,19.495522
2017-05-23,19.547476
2017-05-24,19.658821
2017-05-25,19.818409
2017-05-26,19.818409
2017-05-30,19.881498
2017-05-31,19.981707
2017-06-01,20.122738
2017-06-02,20.145000
2017-06-05,20.081903
2017-06-06,20.037373
2017-06-07,20.104181
2017-06-08,19.937168
2017-06-09,19.918613
2017-06-12,19.881498
2017-06-13,19.929739
2017-06-14,20.037373
2017-06-15,20.152424
2017-06-16,20.244835
2017-06-19,20.177492
2017-06-20,20.188709
2017-06-21,20.068989
2017-06-22,19.975460
2017-06-23,19.908112
2017-06-26,20.042805
2017-06-27,19.818316
2017-06-28,19.627501
2017-06-29,19.470367
2017-06-30,19.440434
2017-07-03,19.350636
2017-07-05,19.257099
2017-07-06,19.249622
2017-07-07,19.264587
2017-07-10,19.249622
2017-07-11,19.238390
2017-07-12,19.403019
2017-07-13,19.335672
2017-07-14,19.425463
2017-07-17,19.515261
2017-07-18,19.571384
2017-07-19,19.653692
2017-07-20,19.795872
2017-07-21,19.938044
2017-07-24,19.750973
2017-07-25,19.638723
2017-07-26,19.825798
2017-07-27,19.874437
2017-07-28,19.844507
2017-07-31,19.911854
2017-08-01,20.024092
2017-08-02,20.110149
2017-08-03,20.211163
2017-08-04,20.121367
2017-08-07,20.184978
2017-08-08,20.267290
2017-08-09,20.162525
2017-08-10,20.226131
2017-08-11,20.106409
2017-08-14,20.222385
2017-08-15,20.334635
2017-08-16,20.416937
2017-08-17,20.271025
2017-08-18,20.390757
2017-08-21,20.465578
2017-08-22,20.510475
2017-08-23,20.577827
2017-08-24,20.562860
2017-08-25,20.630203
2017-08-28,20.667620
2017-08-29,20.622721
2017-08-30,20.562860
2017-08-31,20.566597
2017-09-01,20.503000
2017-09-05,20.555374
2017-09-06,20.461840
2017-09-07,20.615236
2017-09-08,20.712515
2017-09-11,20.888361
2017-09-12,20.540413
2017-09-13,20.439392
2017-09-14,20.611498
2017-09-15,20.640526
2017-09-18,20.429407
2017-09-19,20.387938
2017-09-20,20.237135
2017-09-21,20.233364
2017-09-22,20.067492
2017-09-25,20.252222
2017-09-26,20.214520
2017-09-27,19.943083
2017-09-28,20.014717
2017-09-29,19.999634
2017-10-02,20.033564
2017-10-03,19.977013
2017-10-04,20.176823
2017-10-05,20.157969
2017-10-06,20.142889
2017-10-09,20.169281
2017-10-10,20.365318
2017-10-11,20.452034
2017-10-12,20.557589
2017-10-13,20.414326
2017-10-16,20.369087
2017-10-17,20.489733
2017-10-18,20.452034
2017-10-19,20.666912
2017-10-20,20.681995
2017-10-23,20.693304
2017-10-24,20.712152
2017-10-25,20.621672
2017-10-26,20.625443
2017-10-27,20.753622
2017-10-30,20.757387
2017-10-31,20.780014
2017-11-01,20.663149
2017-11-02,20.738548
2017-11-03,20.813942
2017-11-06,20.734774
2017-11-07,20.983595
2017-11-08,20.998672
2017-11-09,21.025061
2017-11-10,20.927046
2017-11-13,21.175861
2017-11-14,21.439756
2017-11-15,21.255032
2017-11-16,21.187172
2017-11-17,21.040140
2017-11-20,20.976051
2017-11-21,21.032608
2017-11-22,21.032608
2017-11-24,21.066532
2017-11-27,21.157011
2017-11-28,21.255032
2017-11-29,21.266336
2017-11-30,21.337969
2017-12-01,21.266336
2017-12-04,21.145697
2017-12-05,20.878036
2017-12-06,20.957201
2017-12-07,20.994902
2017-12-08,21.062763
2017-12-11,21.190941
2017-12-12,20.829025
2017-12-13,20.885569
2017-12-14,20.859184
2017-12-15,20.935665
2017-12-18,20.703552
2017-12-19,20.326849
2017-12-20,20.167042
2017-12-21,19.927315
2017-12-22,19.957754
2017-12-26,19.839798
2017-12-27,19.923508
2017-12-28,20.033857
2017-12-29,20.045271
2018-01-02,19.858822
2018-01-03,19.702814
2018-01-04,19.539192
2018-01-05,19.531582
2018-01-08,19.714230
2018-01-09,19.520170
2018-01-10,19.307079
2018-01-11,19.234785
2018-01-12,19.124432
2018-01-16,19.082581
2018-01-17,19.200541
2018-01-18,19.078775
2018-01-19,19.021704
2018-01-22,19.048336
2018-01-23,19.230982
2018-01-24,19.113020
2018-01-25,19.409819
2018-01-26,19.421236
2018-01-29,19.173906
2018-01-30,19.208149
2018-01-31,19.421236
2018-02-01,19.116827
2018-02-02,18.979843
2018-02-05,18.667824
2018-02-06,18.390057
2018-02-07,18.302534
2018-02-08,18.097063
2018-02-09,18.477570
2018-02-12,18.618359
2018-02-13,18.702076
2018-02-14,18.492788
2018-02-15,18.903740
2018-02-16,19.071165
2018-02-20,18.823841
2018-02-21,18.576502
2018-02-22,18.671629
2018-02-23,19.158684
2018-02-26,19.101614
2018-02-27,18.797201
2018-02-28,18.667824
2018-03-01,18.671629
2018-03-02,18.622164
2018-03-05,19.002678
2018-03-06,18.747738
2018-03-07,18.606949
2018-03-08,18.743927
2018-03-09,18.797201
2018-03-12,18.877106
2018-03-13,18.918966
2018-03-14,19.113020
2018-03-15,19.101614
2018-03-16,19.269180
2018-03-19,19.150309
2018-03-20,19.062109
2018-03-21,18.996922
2018-03-22,19.081280
2018-03-23,18.812855
2018-03-26,19.008425
2018-03-27,19.280685
2018-03-28,19.273016
2018-03-29,19.376551
2018-04-02,19.226999
2018-04-03,19.292194
2018-04-04,19.334373
2018-04-05,19.487757
2018-04-06,19.334373
2018-04-09,19.372719
2018-04-10,19.223167
2018-04-11,19.196321
2018-04-12,18.943237
2018-04-13,19.092787
2018-04-16,19.353540
2018-04-17,19.549110
2018-04-18,19.476254
2018-04-19,19.464750
2018-04-20,19.288353
2018-04-23,19.299864
2018-04-24,19.430233
2018-04-25,19.434072
2018-04-26,19.629641
2018-04-27,19.829039
2018-04-30,19.771523
2018-05-01,19.710173
2018-05-02,19.690996
2018-05-03,19.664148
2018-05-04,19.752342
2018-05-07,19.648813
2018-05-08,19.157976
2018-05-09,19.023762
2018-05-10,19.292194
2018-05-11,19.319029
2018-05-14,19.246174
2018-05-15,19.085121
2018-05-16,18.935562
2018-05-17,18.782179
2018-05-18,18.786016
2018-05-21,18.881882
2018-05-22,18.950905
2018-05-23,19.123465
2018-05-24,19.280685
2018-05-25,19.365051
2018-05-29,19.365051
2018-05-30,19.522270
2018-05-31,19.552944
2018-06-01,19.253841
2018-06-04,19.100458
2018-06-05,19.000757
2018-06-06,18.548262
2018-06-07,18.678648
2018-06-08,18.670977
2018-06-11,18.632633
2018-06-12,18.847374
2018-06-13,18.797518
2018-06-14,19.031431
2018-06-15,19.166845
2018-06-18,19.228750
2018-06-19,19.418327
2018-06-20,19.433802
2018-06-21,19.499578
2018-06-22,19.634989
2018-06-25,19.959988
2018-06-26,19.983198
2018-06-27,20.079924
2018-06-28,20.072182
2018-06-29,20.103132
2018-07-02,20.246283
2018-07-03,20.304317
2018-07-05,20.412653
2018-07-06,20.571278
2018-07-09,19.936768
2018-07-10,20.126358
2018-07-11,20.308189
2018-07-12,20.323666
2018-07-13,20.327534
2018-07-16,20.308189
2018-07-17,20.292711
2018-07-18,20.188257
2018-07-19,20.373966
2018-07-20,20.230814
2018-07-23,20.087658
2018-07-24,20.157301
2018-07-25,20.215336
2018-07-26,20.431995
2018-07-27,20.366224
2018-07-30,20.242420
2018-07-31,20.424259
2018-08-01,20.292711
2018-08-02,20.393309
2018-08-03,20.621576
2018-08-06,20.637049
2018-08-07,20.606100
2018-08-08,20.497768
2018-08-09,20.590626
2018-08-10,20.501638
2018-08-13,20.528723
2018-08-14,20.571278
2018-08-15,20.760859
2018-08-16,20.985262
2018-08-17,21.093596
2018-08-20,21.020077
2018-08-21,20.869188
2018-08-22,20.714436
2018-08-23,20.698959
2018-08-24,20.787935
2018-08-27,20.660275
2018-08-28,20.617710
2018-08-29,20.768597
2018-08-30,20.776339
2018-08-31,20.687351
2018-09-04,20.780197
2018-09-05,21.070377
2018-09-06,21.190308
2018-09-07,20.931089
2018-09-10,21.035559
2018-09-11,20.981388
2018-09-12,20.962042
2018-09-13,21.120668
2018-09-14,21.008476
2018-09-17,21.078114
2018-09-18,21.039423
2018-09-19,20.582890
2018-09-20,20.625444
2018-09-21,20.713284
2018-09-24,20.529802
2018-09-25,20.248730
2018-09-26,20.049641
2018-09-27,20.256544
2018-09-28,20.553225
2018-10-01,20.482958
2018-10-02,20.760122
2018-10-03,20.510286
2018-10-04,20.619585
2018-10-05,20.935791
2018-10-08,21.111458
2018-10-09,21.197350
2018-10-10,21.080231
2018-10-11,20.693758
2018-10-12,20.670338
2018-10-15,20.767931
2018-10-16,20.982641
2018-10-17,20.943602
2018-10-18,20.974825
2018-10-19,21.302744
2018-10-22,21.166113
2018-10-23,21.048996
2018-10-24,21.560392
2018-10-25,21.224674
2018-10-26,20.834293
2018-10-29,21.127073
2018-10-30,21.209055
2018-10-31,20.959215
2018-11-01,20.865528
2018-11-02,20.748411
2018-11-05,21.041193
2018-11-06,21.181730
2018-11-07,21.423759
2018-11-08,21.388622
2018-11-09,21.419847
2018-11-12,21.408144
2018-11-13,21.497932
2018-11-14,21.275423
2018-11-15,21.099752
2018-11-16,21.423759
2018-11-19,21.517448
2018-11-20,21.427666
2018-11-21,21.111458
2018-11-23,21.123173
2018-11-26,21.248096
2018-11-27,21.408144
2018-11-28,21.392532
2018-11-29,21.384722
2018-11-30,21.700928
2018-12-03,21.919537
2018-12-04,21.935148
2018-12-06,21.958578
2018-12-07,22.040554
2018-12-10,22.083496
2018-12-11,22.173281
2018-12-12,22.032747
2018-12-13,22.224028
2018-12-14,22.181086
2018-12-17,21.466702
2018-12-18,21.322264
2018-12-19,21.287130
2018-12-20,21.275423
2018-12-21,21.184479
2018-12-24,20.298674
2018-12-26,20.574253
2018-12-27,20.747484
2018-12-28,20.798664
2018-12-31,20.834089
2019-01-02,20.475836
2019-01-03,20.471895
2019-01-04,20.775043
2019-01-07,20.633307
2019-01-08,20.889208
2019-01-09,20.763231
2019-01-10,21.034874
2019-01-11,20.956139
2019-01-14,20.483704
2019-01-15,20.735672
2019-01-16,20.810474
2019-01-17,20.897087
2019-01-18,20.920710
2019-01-22,20.960073
2019-01-23,21.172663
2019-01-24,21.282896
2019-01-25,20.991571
2019-01-28,20.893145
2019-01-29,20.952204
2019-01-30,21.113619
2019-01-31,21.558477
2019-02-01,21.475803
2019-02-04,21.511240
2019-02-05,21.554548
2019-02-06,21.542732
2019-02-07,21.826195
2019-02-08,21.920677
2019-02-11,21.912802
2019-02-12,21.963987
2019-02-13,21.900991
2019-02-14,21.865561
2019-02-15,21.932486
2019-02-19,22.062407
2019-02-20,22.160826
2019-02-21,22.322248
2019-02-22,22.460033
2019-02-25,22.314373
2019-02-26,22.286810
2019-02-27,22.314373
2019-02-28,22.444283
2019-03-01,22.491529
2019-03-04,22.530897
2019-03-05,22.503336
2019-03-06,22.503336
2019-03-07,22.578136
2019-03-08,22.656879
2019-03-11,22.818291
2019-03-12,22.975769
2019-03-13,22.999390
2019-03-14,22.995453
2019-03-15,23.078735
2019-03-18,22.991488
2019-03-19,22.729721
2019-03-20,22.789209
2019-03-21,23.031145
2019-03-22,23.197723
2019-03-25,23.217552
2019-03-26,23.384129
2019-03-27,23.221516
2019-03-28,22.947859
2019-03-29,23.070808
2019-04-01,22.912163
2019-04-02,22.943893
2019-04-03,22.908195
2019-04-04,22.828875
2019-04-05,23.043043
2019-04-08,22.880428
2019-04-09,22.935963
2019-04-10,22.864569
2019-04-11,22.979586
2019-04-12,23.086672
2019-04-15,23.082705
2019-04-16,22.797150
2019-04-17,22.709896
2019-04-18,22.721794
2019-04-22,22.701960
2019-04-23,22.765421
2019-04-24,22.912163
2019-04-25,23.007349
2019-04-26,23.043043
2019-04-29,22.908195
2019-04-30,23.284973
2019-05-01,23.047009
2019-05-02,22.995455
2019-05-03,23.122362
2019-05-06,22.995455
2019-05-07,22.924063
2019-05-08,22.610735
2019-05-09,22.582979
2019-05-10,22.987518
2019-05-13,23.233421
2019-05-14,23.078735
2019-05-15,23.039083
2019-05-16,23.193756
2019-05-17,23.312740
2019-05-20,23.344465
2019-05-21,23.388092
2019-05-22,23.562601
2019-05-23,23.764875
2019-05-24,23.729183
2019-05-28,23.340500
2019-05-29,23.031145
2019-05-30,22.995455
2019-05-31,23.102533
2019-06-03,23.332575
2019-06-04,23.352400
2019-06-05,23.852127
2019-06-06,23.998873
2019-06-07,23.820402
2019-06-10,23.657789
2019-06-11,23.515011
2019-06-12,23.820402
2019-06-13,23.867996
2019-06-14,24.117859
2019-06-17,24.050432
2019-06-18,23.951279
2019-06-19,24.133724
2019-06-20,24.288403
2019-06-21,24.382347
2019-06-24,24.390348
2019-06-25,24.242426
2019-06-26,23.714722
2019-06-27,23.746700
2019-06-28,23.838657
2019-07-01,23.778687
2019-07-02,24.102505
2019-07-03,24.270411
2019-07-05,24.258419
2019-07-08,24.294394
2019-07-09,24.326382
2019-07-10,24.382347
2019-07-11,24.390348
2019-07-12,24.230434
2019-07-15,24.326382
2019-07-16,24.186457
2019-07-17,24.278410
2019-07-18,24.490292
2019-07-19,24.134483
2019-07-22,24.082520
2019-07-23,23.930599
2019-07-24,23.950588
2019-07-25,23.890621
2019-07-26,23.978577
2019-07-29,24.102505
2019-07-30,23.918613
2019-07-31,23.806671
2019-08-01,24.050535
2019-08-02,24.046535
2019-08-05,23.702728
2019-08-06,23.998558
2019-08-07,24.058533
2019-08-08,24.306393
2019-08-09,24.334375
2019-08-12,24.286402
2019-08-13,24.302393
2019-08-14,24.102505
2019-08-15,24.414328
2019-08-16,24.538260
2019-08-19,24.694174
2019-08-20,24.654196
2019-08-21,24.818108
2019-08-22,24.842089
2019-08-23,24.578243
2019-08-26,24.862078
2019-08-27,24.906055
2019-08-28,24.838095
2019-08-29,25.010000
2019-08-30,25.017992
2019-09-03,25.461744
2019-09-04,25.485729
2019-09-05,25.209890
2019-09-06,25.109938
2019-09-09,24.986010
2019-09-10,25.017992
2019-09-11,25.265852
2019-09-12,25.321825
2019-09-13,25.161915
2019-09-16,25.181900
2019-09-17,25.401781
2019-09-18,25.509718
2019-09-19,25.629654
2019-09-20,25.731173
2019-09-23,25.735205
2019-09-24,26.037348
2019-09-25,26.021236
2019-09-26,26.158215
2019-09-27,26.065546
2019-09-30,26.081665
2019-10-01,26.021236
2019-10-02,25.674768
2019-10-03,25.735205
2019-10-04,26.093756
2019-10-07,25.993038
2019-10-08,25.751318
2019-10-09,25.876205
2019-10-10,25.848009
2019-10-11,25.751318
2019-10-14,25.586142
2019-10-15,25.505566
2019-10-16,25.561974
2019-10-17,25.626432
2019-10-18,25.711033
2019-10-21,25.811743
2019-10-22,25.920521
2019-10-23,26.025270
2019-10-24,26.113901
2019-10-25,25.848009
2019-10-28,25.493481
2019-10-29,25.517656
2019-10-30,25.743258
2019-10-31,25.884260
2019-11-01,25.819807
2019-11-04,25.489452
2019-11-05,25.227591
2019-11-06,25.324276
2019-11-07,24.981842
2019-11-08,24.877094
2019-11-11,24.724005
2019-11-12,24.784435
2019-11-13,25.151037
2019-11-14,25.239672
2019-11-15,25.320250
2019-11-18,25.372622
2019-11-19,25.308163
2019-11-20,25.461250
2019-11-21,25.372622
2019-11-22,25.380680
2019-11-25,25.296072
2019-11-26,25.380680
2019-11-27,25.424992
2019-11-29,25.400822
2019-12-02,25.235645
2019-12-03,25.304131
2019-12-04,25.497511
2019-12-05,25.541828
2019-12-06,25.465282
2019-12-09,25.376650
2019-12-10,25.372622
2019-12-11,25.441113
2019-12-12,25.332335
2019-12-13,25.529739
2019-12-16,25.848009
2019-12-17,25.932610
2019-12-18,26.037348
2019-12-19,26.045416
2019-12-20,26.224463
2019-12-23,25.980852
2019-12-24,26.017399
2019-12-26,26.062056
2019-12-27,26.139198
2019-12-30,26.135138
2019-12-31,26.236649
2020-01-02,25.907770
2020-01-03,25.960556
2020-01-06,25.984911
2020-01-07,25.948374
2020-01-08,25.936192
2020-01-09,26.078297
2020-01-10,26.147320
2020-01-13,26.305664
2020-01-14,26.382811
2020-01-15,26.752289
2020-01-16,26.918749
2020-01-17,27.105524
2020-01-21,27.353186
2020-01-22,27.438448
2020-01-23,27.682051
2020-01-24,27.755136
2020-01-27,27.686111
2020-01-28,27.799795
2020-01-29,27.872883
2020-01-30,28.132732
2020-01-31,28.006872
2020-02-03,28.096184
2020-02-04,27.816036
2020-02-05,27.929722
2020-02-06,27.937838
2020-02-07,27.848518
2020-02-10,27.954084
2020-02-11,28.055588
2020-02-12,28.075893
2020-02-13,28.388523
2020-02-14,28.579346
2020-02-18,28.818897
2020-02-19,28.506264
2020-02-20,28.607767
2020-02-21,28.554981
2020-02-24,28.222057
2020-02-25,27.629276
2020-02-26,27.349125
2020-02-27,26.118895
2020-02-28,25.245970
2020-03-02,26.731977
2020-03-03,26.403109
2020-03-04,27.901312
2020-03-05,27.470928
2020-03-06,27.247618
2020-03-09,25.765667
2020-03-10,26.005219
2020-03-11,24.697847
2020-03-12,22.204918
2020-03-13,23.414839
2020-03-16,20.755453
2020-03-17,23.410782
2020-03-18,22.391689
2020-03-19,21.088385
2020-03-20,19.415602
2020-03-23,18.424854
2020-03-24,20.405537
2020-03-25,20.926332
2020-03-26,22.710178
2020-03-27,22.833206
2020-03-30,23.677965
2020-03-31,22.722483
2020-04-01,21.356918
2020-04-02,22.025349
2020-04-03,21.237993
2020-04-06,22.878309
2020-04-07,22.591257
2020-04-08,23.821493
2020-04-09,24.945108
2020-04-13,24.153662
2020-04-14,24.863096
2020-04-15,24.042934
2020-04-16,24.047041
2020-04-17,24.822086
2020-04-20,23.883011
2020-04-21,23.489330
2020-04-22,24.174164
2020-04-23,23.768181
2020-04-24,23.915810
2020-04-27,24.165960
2020-04-28,24.256176
2020-04-29,24.034731
2020-04-30,23.481129
2020-05-01,22.915220
2020-05-04,23.087452
2020-05-05,23.276085
2020-05-06,22.484636
2020-05-07,22.574852
2020-05-08,23.030039
2020-05-11,22.931622
2020-05-12,22.730684
2020-05-13,22.537939
2020-05-14,22.779890
2020-05-15,22.476435
2020-05-18,23.399115
2020-05-19,23.013636
2020-05-20,23.140759
2020-05-21,22.907022
2020-05-22,23.161270
2020-05-26,23.312996
2020-05-27,23.591846
2020-05-28,24.288986
2020-05-29,24.477615
2020-06-01,24.768782
2020-06-02,24.928707
2020-06-03,25.228064
2020-06-04,24.776978
2020-06-05,25.092737
2020-06-08,25.765272
2020-06-09,25.248569
2020-06-10,25.100939
2020-06-11,24.120852
2020-06-12,24.059340
2020-06-15,24.223366
2020-06-16,24.334091
2020-06-17,24.260275
2020-06-18,24.256176
2020-06-19,23.575443
2020-06-22,23.805353
2020-06-23,23.565519
2020-06-24,23.350504
2020-06-25,23.061047
2020-06-26,22.817081
2020-06-29,23.247124
2020-06-30,23.333956
2020-07-01,23.879782
2020-07-02,23.941809
2020-07-06,23.648226
2020-07-07,23.553118
2020-07-08,23.764004
2020-07-09,23.445608
2020-07-10,23.888056
2020-07-13,23.912865
2020-07-14,24.136154
2020-07-15,24.041040
2020-07-16,24.347046
2020-07-17,24.896997
2020-07-20,24.570335
2020-07-21,24.681974
2020-07-22,25.062399
2020-07-23,25.091347
2020-07-24,24.925941
2020-07-27,24.624090
2020-07-28,24.996243
2020-07-29,25.112022
2020-07-30,25.112022
2020-07-31,25.153370
2020-08-03,24.880459
2020-08-04,25.153370
2020-08-05,24.830839
2020-08-06,24.975571
2020-08-07,25.426283
2020-08-10,25.418016
2020-08-11,24.868055
2020-08-12,25.227802
2020-08-13,25.186451
2020-08-14,24.967293
2020-08-17,24.934216
2020-08-18,24.822575
2020-08-19,24.748140
2020-08-20,24.528988
2020-08-21,24.570335
2020-08-24,24.785353
2020-08-25,24.549660
2020-08-26,24.276745
2020-08-27,24.355316
2020-08-28,24.425602
2020-08-31,24.500038
2020-09-01,24.218859
2020-09-02,24.971432
2020-09-03,24.690247
2020-09-04,24.549660
2020-09-08,24.413202
2020-09-09,24.735735
2020-09-10,24.309828
2020-09-11,24.367718
2020-09-14,24.702652
2020-09-15,24.868055
2020-09-16,24.834978
2020-09-17,24.632360
2020-09-18,24.198181
2020-09-21,24.047623
2020-09-22,24.197758
2020-09-23,23.826580
2020-09-24,24.093498
2020-09-25,24.489702
2020-09-28,24.552261
2020-09-29,24.543919
2020-09-30,24.764965
2020-10-01,25.015200
2020-10-02,25.311316
2020-10-05,25.628273
2020-10-06,25.845146
2020-10-07,26.003632
2020-10-08,26.479076
2020-10-09,26.474905
2020-10-12,26.641727
2020-10-13,26.458220
2020-10-14,26.424856
2020-10-15,26.408173
2020-10-16,26.691776
2020-10-19,26.466564
2020-10-20,26.625046
2020-10-21,26.554144
2020-10-22,26.929501
2020-10-23,27.004570
2020-10-26,26.996235
2020-10-27,26.975370
2020-10-28,26.191307
2020-10-29,26.262207
2020-10-30,26.016142
2020-11-02,26.587507
2020-11-03,26.971209
2020-11-04,26.566656
2020-11-05,26.804379
2020-11-06,26.745998
2020-11-09,27.242296
2020-11-10,27.634329
2020-11-11,27.738594
2020-11-12,27.292339
2020-11-13,27.563431
2020-11-16,27.842863
2020-11-17,27.296507
2020-11-18,26.762676
2020-11-19,26.495760
2020-11-20,26.499926
2020-11-23,26.504101
2020-11-24,26.787701
2020-11-25,26.858601
2020-11-27,26.591681
2020-11-30,26.207991
2020-12-01,26.391491
2020-12-02,26.566656
2020-12-03,26.291403
2020-12-04,26.028648
2020-12-07,26.174623
2020-12-08,26.095383
2020-12-09,26.049509
2020-12-10,25.916046
2020-12-11,25.957754
2020-12-14,25.824293
2020-12-15,26.333107
2020-12-16,26.028648
2020-12-17,26.203815
2020-12-18,25.978605
2020-12-21,25.664013
2020-12-22,25.613537
2020-12-23,25.563068
2020-12-24,25.743921
2020-12-28,25.857479
2020-12-29,25.853271
2020-12-30,25.983650
2020-12-31,26.370584
2021-01-04,25.706064
2021-01-05,25.701860
2021-01-06,26.341152
2021-01-07,25.996271
2021-01-08,26.214973
2021-01-11,25.971035
2021-01-12,25.832243
2021-01-13,26.336943
2021-01-14,26.236006
2021-01-15,26.492561
2021-01-19,26.391619
2021-01-20,26.547232
2021-01-21,26.391619
2021-01-22,26.429476
2021-01-25,26.959408
2021-01-26,26.690231
2021-01-27,25.971035
2021-01-28,26.282267
2021-01-29,26.139269
2021-02-01,26.265444
2021-02-02,26.479942
2021-02-03,26.395826
2021-02-04,26.601910
2021-02-05,26.744909
2021-02-08,26.538818
2021-02-09,26.576677
2021-02-10,26.681816
2021-02-11,26.530413
2021-02-12,26.336943
2021-02-16,26.042530
2021-02-17,26.063566
2021-02-18,26.219179
2021-02-19,25.828035
2021-02-22,25.323334
2021-02-23,25.533630
2021-02-24,25.235016
2021-02-25,25.007895
2021-02-26,24.545256
2021-03-01,25.087811
2021-03-02,25.012104
2021-03-03,24.717693
2021-03-04,24.696663
2021-03-05,25.100428
2021-03-08,25.453716
2021-03-09,25.790188
2021-03-10,25.966829
2021-03-11,25.899538
2021-03-12,26.248615
2021-03-15,26.585089
2021-03-16,26.618734
2021-03-17,26.185535
2021-03-18,26.088797
2021-03-19,26.160299
2021-03-22,26.122589
2021-03-23,26.512413
2021-03-24,26.520885
2021-03-25,26.804781
2021-03-26,26.893770
2021-03-29,27.181898
2021-03-30,26.936136
2021-03-31,27.135288
2021-04-01,27.109867
2021-04-05,27.406469
2021-04-06,27.550537
2021-04-07,27.516644
2021-04-08,27.495451
2021-04-09,27.465794
2021-04-12,27.491211
2021-04-13,27.817488
2021-04-14,27.940363
2021-04-15,28.249681
2021-04-16,28.478493
2021-04-19,28.334431
2021-04-20,28.694590
2021-04-21,28.453075
2021-04-22,28.249681
2021-04-23,28.211548
2021-04-26,28.050529
2021-04-27,27.834435
2021-04-28,27.796301
2021-04-29,28.050529
2021-04-30,28.270874
2021-05-03,28.266626
2021-05-04,28.160706
2021-05-05,27.686129
2021-05-06,27.897984
2021-05-07,27.982735
2021-05-10,28.266626
2021-05-11,27.919184
2021-05-12,27.266638
2021-05-13,27.792057
2021-05-14,27.927650
2021-05-17,27.698839
2021-05-18,27.694601
2021-05-19,27.647997
2021-05-20,27.889515
2021-05-21,28.033587
2021-05-24,27.982735
2021-05-25,27.643757
2021-05-26,27.647997
2021-05-27,27.461557
2021-05-28,27.609863
2021-06-01,27.440371
2021-06-02,27.584433
2021-06-03,27.749685
2021-06-04,27.707317
2021-06-07,27.758162
2021-06-08,27.520872
2021-06-09,27.766634
2021-06-10,27.948835
2021-06-11,28.012398
2021-06-14,28.071724
2021-06-15,28.156460
2021-06-16,27.732733
2021-06-17,27.885275
2021-06-18,27.160709
2021-06-21,27.512569
2021-06-22,27.346037
2021-06-23,27.055668
2021-06-24,27.030043
2021-06-25,27.320412
2021-06-28,27.495487
2021-06-29,27.051394
2021-06-30,27.000151
2021-07-01,27.294796
2021-07-02,27.337496
2021-07-06,27.452787
2021-07-07,27.632133
2021-07-08,27.550999
2021-07-09,27.585165
2021-07-12,27.674837
2021-07-13,27.465599
2021-07-14,27.704727
2021-07-15,28.016447
2021-07-16,28.298277
2021-07-19,27.849915
2021-07-20,27.969482
2021-07-21,27.662029
2021-07-22,27.704727
2021-07-23,28.059149
2021-07-26,28.067690
2021-07-27,28.550215
2021-07-28,28.332439
2021-07-29,28.409304
2021-07-30,28.170177
2021-08-02,28.387955
2021-08-03,28.550215
2021-08-04,28.507524
2021-08-05,28.819237
2021-08-06,28.802156
2021-08-09,28.793613
2021-08-10,28.823509
2021-08-11,29.092525
2021-08-12,29.122412
2021-08-13,29.327387
2021-08-16,29.506731
2021-08-17,29.523804
2021-08-18,29.374353
2021-08-19,29.493914
2021-08-20,29.861153
2021-08-23,29.476837
2021-08-24,29.284683
2021-08-25,29.340197
2021-08-26,29.267599
2021-08-27,29.259068
2021-08-30,29.301767
2021-08-31,29.267599
2021-09-01,29.651911
2021-09-02,29.920940
2021-09-03,29.673267
2021-09-07,29.280415
2021-09-08,29.805643
2021-09-09,29.643368
2021-09-10,29.229172
2021-09-13,29.177931
2021-09-14,29.079718
2021-09-15,29.041290
2021-09-16,28.797884
2021-09-17,28.353792
2021-09-20,28.301731
2021-09-21,28.224285
2021-09-22,28.207071
2021-09-23,28.056484
2021-09-24,28.026369
2021-09-27,27.695080
2021-09-28,27.346579
2021-09-29,27.703686
2021-09-30,27.484262
2021-10-01,27.484262
2021-10-04,27.862881
2021-10-05,27.794037
2021-10-06,28.224285
2021-10-07,28.073700
2021-10-08,27.867176
2021-10-11,27.488558
2021-10-12,27.673567
2021-10-13,27.996254
2021-10-14,28.340452
2021-10-15,28.258701
2021-10-18,27.987652
2021-10-19,28.340452
2021-10-20,28.787914
2021-10-21,28.787914
2021-10-22,28.934198
2021-10-25,28.809422
2021-10-26,28.964315
2021-10-27,28.770704
2021-10-28,28.960009
2021-10-29,28.787914
2021-11-01,28.891178
2021-11-02,28.916986
2021-11-03,28.809422
2021-11-04,28.650227
2021-11-05,28.921289
2021-11-08,28.491041
2021-11-09,28.637323
2021-11-10,28.869654
2021-11-11,28.693256
2021-11-12,28.676046
2021-11-15,29.054667
2021-11-16,28.916986
2021-11-17,28.942799
2021-11-18,28.792217
2021-11-19,28.955709
2021-11-22,29.132113
2021-11-23,29.162228
2021-11-24,29.179443
2021-11-26,28.723381
2021-11-29,29.149328
2021-11-30,28.297426
2021-12-01,28.349062
2021-12-02,28.710464
2021-12-03,28.998732
2021-12-06,29.441891
2021-12-07,29.661316
2021-12-08,29.631197
2021-12-09,29.592480
2021-12-10,29.751669
2021-12-13,30.117380
2021-12-14,29.936674
2021-12-15,30.427158
2021-12-16,30.582047
2021-12-17,30.121679
2021-12-20,30.150299
2021-12-21,30.106941
2021-12-22,30.237030
2021-12-23,30.232695
2021-12-27,30.380125
2021-12-28,30.653316
2021-12-29,30.818089
2021-12-30,30.930840
2021-12-31,31.039234
2022-01-03,30.731367
2022-01-04,30.635969
2022-01-05,30.618622
2022-01-06,30.302073
2022-01-07,30.531893
2022-01-10,30.332426
2022-01-11,30.059242
2022-01-12,30.154629
2022-01-13,30.302073
2022-01-14,30.093931
2022-01-18,29.734015
2022-01-19,29.868441
2022-01-20,29.907465
2022-01-21,29.851095
2022-01-24,29.564901
2022-01-25,29.100918
2022-01-26,28.862423
2022-01-27,29.118267
2022-01-28,29.469501
2022-01-31,30.028889
2022-02-01,29.629946
2022-02-02,30.067905
2022-02-03,29.933479
2022-02-04,29.694988
2022-02-07,29.651628
2022-02-08,29.673307
2022-02-09,29.803400
2022-02-10,29.048882
2022-02-11,29.066227
2022-02-14,28.819059
2022-02-15,28.684637
2022-02-16,28.749676
2022-02-17,28.767023
2022-02-18,28.714987
2022-02-22,28.684637
2022-02-23,28.198971
2022-02-24,28.424456
2022-02-25,29.304724
2022-02-28,29.456491
2022-03-01,29.200647
2022-03-02,29.556225
2022-03-03,30.076582
2022-03-04,30.740038
2022-03-07,31.138979
2022-03-08,30.657644
2022-03-09,30.440834
2022-03-10,30.644642
2022-03-11,30.540569
2022-03-14,30.505882
2022-03-15,30.896147
2022-03-16,30.839777
2022-03-17,30.969866
2022-03-18,30.705343
2022-03-21,30.910517
2022-03-22,30.954172
2022-03-23,30.997816
2022-03-24,31.316486
2022-03-25,31.770464
2022-03-28,31.975645
2022-03-29,32.272480
2022-03-30,32.538761
2022-03-31,32.503834
2022-04-01,32.957832
2022-04-04,32.704643
2022-04-05,32.909809
2022-04-06,33.564594
2022-04-07,33.481659
2022-04-08,33.595165
2022-04-11,33.136803
2022-04-12,33.263390
2022-04-13,33.197922
2022-04-14,33.215370
2022-04-18,33.036400
2022-04-19,33.250298
2022-04-20,33.520950
2022-04-21,32.966553
2022-04-22,32.412170
2022-04-25,32.189541
2022-04-26,31.866518
2022-04-27,31.713734
2022-04-28,32.067314
2022-04-29,31.106953
2022-05-02,30.788282
2022-05-03,30.906147
2022-05-04,31.595863
2022-05-05,31.272831
2022-05-06,31.521652
2022-05-09,31.285925
2022-05-10,30.906147
2022-05-11,31.128773
2022-05-12,30.814476
2022-05-13,31.181162
2022-05-16,31.277197
2022-05-17,31.600231
2022-05-18,31.294659
2022-05-19,31.229181
2022-05-20,31.316486
2022-05-23,31.691896
2022-05-24,32.324867
2022-05-25,32.303043
2022-05-26,32.394711
2022-05-27,32.901085
2022-05-31,32.447094
2022-06-01,32.394711
2022-06-02,32.612980
2022-06-03,32.455818
2022-06-06,32.599888
2022-06-07,32.796318
2022-06-08,32.154617
2022-06-09,31.381966
2022-06-10,31.141874
2022-06-13,29.710060
2022-06-14,28.959240
2022-06-15,29.146944
2022-06-16,28.583826
2022-06-17,28.317541
2022-06-21,28.856565
2022-06-22,29.160179
2022-06-23,29.846617
2022-06-24,30.365845
2022-06-27,30.612253
2022-06-28,30.497843
2022-06-29,30.519844
2022-06-30,30.858665
2022-07-01,31.615494
2022-07-05,30.537451
2022-07-06,30.854265
2022-07-07,30.823462
2022-07-08,30.722260
2022-07-11,30.915869
2022-07-12,30.766260
2022-07-13,30.638649
2022-07-14,30.638649
2022-07-15,30.695856
2022-07-18,30.269035
2022-07-19,30.462646
2022-07-20,30.057816
2022-07-21,30.137028
2022-07-22,30.550642
2022-07-25,30.933462
2022-07-26,31.118277
2022-07-27,31.144684
2022-07-28,32.262333
2022-07-29,32.539539
2022-08-01,32.574738
2022-08-02,32.508743
2022-08-03,32.711143
2022-08-04,32.781555
2022-08-05,32.662750
2022-08-08,32.711143
2022-08-09,33.076366
2022-08-10,33.221577
2022-08-11,33.217167
2022-08-12,33.758400
2022-08-15,34.040016
2022-08-16,34.136826
2022-08-17,34.079613
2022-08-18,34.207218
2022-08-19,34.189621
2022-08-22,33.723198
2022-08-23,33.520786
2022-08-24,33.626396
2022-08-25,33.833195
2022-08-26,33.313988
2022-08-29,33.415184
2022-08-30,32.926762
2022-08-31,32.711143
2022-09-01,33.181984
2022-09-02,32.825558
2022-09-06,32.909153
2022-09-07,33.938805
2022-09-08,33.912403
2022-09-09,34.048813
2022-09-12,34.374420
2022-09-13,33.459187
2022-09-14,33.732002
2022-09-15,32.891560
2022-09-16,32.768353
2022-09-19,33.207371
2022-09-20,32.724499
2022-09-21,32.277069
2022-09-22,32.161877
2022-09-23,31.789764
2022-09-26,31.023378
2022-09-27,30.500633
2022-09-28,30.828447
2022-09-29,29.592476
2022-09-30,29.021008
2022-10-03,29.871569
2022-10-04,30.505058
2022-10-05,29.827269
2022-10-06,28.843807
2022-10-07,28.245750
2022-10-10,28.294485
2022-10-11,28.192595
2022-10-12,27.253431
2022-10-13,27.935654
2022-10-14,27.532524
2022-10-17,28.108421
2022-10-18,28.622305
2022-10-19,28.250185
2022-10-20,27.536947
2022-10-21,28.046404
2022-10-24,28.281199
2022-10-25,28.848230
2022-10-26,28.834946
2022-10-27,29.065306
2022-10-28,29.862705
2022-10-31,29.583620
2022-11-01,29.698795
2022-11-02,29.410845
2022-11-03,29.539312
2022-11-04,29.720943
2022-11-07,29.153906
2022-11-08,29.357681
2022-11-09,29.127325
2022-11-10,30.500633
2022-11-11,30.159519
2022-11-14,29.800686
2022-11-15,30.128508
2022-11-16,30.398735
2022-11-17,29.867136
2022-11-18,30.500633
2022-11-21,30.637966
2022-11-22,30.899323
2022-11-23,31.244879
2022-11-25,31.426508
2022-11-28,31.103109
2022-11-29,30.872751
2022-11-30,31.643578
2022-12-01,31.616989
2022-12-02,31.466372
2022-12-05,31.289173
2022-12-06,31.484089
2022-12-07,31.337902
2022-12-08,31.541677
2022-12-09,31.377771
2022-12-12,32.095432
2022-12-13,32.192890
2022-12-14,32.153023
2022-12-15,31.763180
2022-12-16,31.222719
2022-12-19,31.098558
2022-12-20,31.107494
2022-12-21,31.540718
2022-12-22,31.348675
2022-12-23,31.670240
2022-12-27,31.866756
2022-12-28,31.563049
2022-12-29,31.790833
2022-12-30,31.487122
2023-01-03,31.487122
2023-01-04,31.772961
2023-01-05,31.085159
2023-01-06,31.710428
2023-01-09,31.924812
2023-01-10,31.933746
2023-01-11,32.192799
2023-01-12,31.973948
2023-01-13,31.857822
2023-01-17,31.813162
2023-01-18,31.049427
2023-01-19,30.736797
2023-01-20,30.919910
2023-01-23,30.928844
2023-01-24,31.085159
2023-01-25,30.665339
2023-01-26,30.768064
2023-01-27,30.768064
2023-01-30,30.629599
2023-01-31,30.857378
2023-02-01,30.910978
2023-02-02,30.977970
2023-02-03,30.330366
2023-02-06,30.589405
2023-02-07,30.576006
2023-02-08,30.062387
2023-02-09,29.651491
2023-02-10,30.241039
2023-02-13,30.424152
2023-02-14,30.294632
2023-02-15,30.491138
2023-02-16,30.258911
2023-02-17,30.584946
2023-02-21,30.013258
2023-02-22,29.897135
2023-02-23,29.740816
2023-02-24,29.749746
2023-02-27,29.548765
2023-02-28,29.030672
2023-03-01,28.552790
2023-03-02,29.093208
2023-03-03,29.588963
2023-03-06,29.731882
2023-03-07,29.245066
2023-03-08,29.468376
2023-03-09,29.231663
2023-03-10,28.771637
2023-03-13,29.213800
2023-03-14,29.597895
2023-03-15,29.999859
2023-03-16,30.200842
2023-03-17,29.910536
2023-03-20,30.144491
2023-03-21,29.537106
2023-03-22,28.956709
2023-03-23,28.659761
2023-03-24,29.555098
2023-03-27,29.591093
2023-03-28,29.672081
2023-03-29,30.104002
2023-03-30,30.234474
2023-03-31,30.454935
2023-04-03,30.247978
2023-04-04,30.400944
2023-04-05,31.188301
2023-04-06,31.408758
2023-04-10,31.345770
2023-04-11,31.372770
2023-04-12,31.341276
2023-04-13,31.345770
2023-04-14,30.994844
2023-04-17,31.165804
2023-04-18,31.003836
2023-04-19,31.242292
2023-04-20,31.233290
2023-04-21,31.323277
2023-04-24,31.480743
2023-04-25,31.449249
2023-04-26,30.711390
2023-04-27,31.080324
2023-04-28,31.035330
2023-05-01,31.089314
2023-05-02,30.711390
2023-05-03,30.625906
2023-05-04,30.859859
2023-05-05,31.057831
2023-05-08,30.963345
2023-05-09,30.922853
2023-05-10,31.206297
2023-05-11,30.886858
2023-05-12,31.057831
2023-05-15,30.666399
2023-05-16,29.987017
2023-05-17,29.879040
2023-05-18,29.789057
2023-05-19,29.744064
2023-05-22,29.753065
2023-05-23,29.649586
2023-05-24,29.456120
2023-05-25,29.060184
2023-05-26,29.060184
2023-05-30,28.947706
2023-05-31,29.213160
2023-06-01,28.997202
2023-06-02,29.298647
2023-06-05,29.438118
2023-06-06,29.415619
2023-06-07,29.915030
2023-06-08,30.045507
2023-06-09,29.870041
2023-06-12,29.816051
2023-06-13,29.811554
2023-06-14,29.793560
2023-06-15,30.117496
2023-06-16,30.279469
2023-06-20,29.924349
2023-06-21,30.164726
2023-06-22,29.933420
2023-06-23,29.493488
2023-06-26,29.783752
2023-06-27,29.792826
2023-06-28,29.352890
2023-06-29,29.352890
2023-06-30,29.679438
2023-07-03,29.901672
2023-07-05,30.241819
2023-07-06,29.874456
2023-07-07,29.656763
2023-07-10,29.529774
2023-07-11,29.897135
2023-07-12,30.332533
2023-07-13,30.436846
2023-07-14,30.318922
2023-07-17,29.969704
2023-07-18,29.738398
2023-07-19,30.042267
2023-07-20,30.591042
2023-07-21,31.049120
2023-07-24,30.967485
2023-07-25,31.021908
2023-07-26,31.021908
2023-07-27,30.473127
2023-07-28,30.405096
2023-07-31,30.418707
2023-08-01,30.046799
2023-08-02,30.046799
2023-08-03,29.361958
2023-08-04,29.021809
2023-08-07,29.017279
2023-08-08,29.153336
2023-08-09,29.216831
2023-08-10,29.126123
2023-08-11,29.284863
2023-08-14,29.053556
2023-08-15,28.581881
2023-08-16,28.708866
2023-08-17,28.645374
2023-08-18,28.795042
2023-08-21,28.613625
2023-08-22,28.695263
2023-08-23,28.808645
2023-08-24,28.640841
2023-08-25,28.858538
2023-08-28,28.854002
2023-08-29,28.962849
2023-08-30,28.831324
2023-08-31,28.554667
2023-09-01,28.409534
2023-09-05,27.974142
2023-09-06,28.037638
2023-09-07,28.405001
2023-09-08,28.654448
2023-09-11,28.772364
2023-09-12,28.808645
2023-09-13,29.153336
2023-09-14,29.579662
2023-09-15,29.452673
2023-09-18,29.430723
2023-09-19,29.270695
2023-09-20,29.298132
2023-09-21,28.991800
2023-09-22,28.936935
2023-09-25,28.895784
2023-09-26,28.031654
2023-09-27,27.492144
2023-09-28,26.897768
2023-09-29,26.943489
2023-10-02,25.690733
2023-10-03,25.987917
2023-10-04,25.960485
2023-10-05,25.809607
2023-10-06,26.175373
2023-10-09,26.435986
2023-10-10,26.797180
2023-10-11,27.231537
2023-10-12,26.810900
2023-10-13,27.112656
2023-10-16,27.391558
2023-10-17,27.318403
2023-10-18,27.080656
2023-10-19,26.810900
2023-10-20,26.531996
2023-10-23,26.307964
2023-10-24,26.984640
2023-10-25,27.135519
2023-10-26,27.368698
2023-10-27,26.852047
2023-10-30,27.057793
2023-10-31,27.290972
2023-11-01,27.601873
2023-11-02,28.118525
2023-11-03,28.283121
2023-11-06,28.209969
2023-11-07,28.004221
2023-11-08,27.798479
2023-11-09,27.432709
2023-11-10,27.579016
2023-11-13,27.249821
2023-11-14,28.337984
2023-11-15,28.251116
2023-11-16,28.401995
2023-11-17,28.479721
2023-11-20,28.392851
2023-11-21,28.452290
2023-11-22,28.589457
2023-11-24,28.662607
2023-11-27,28.708330
2023-11-28,28.799774
2023-11-29,28.571167
2023-11-30,28.694611
2023-12-01,29.046661
2023-12-04,28.932362
2023-12-05,28.726616
2023-12-06,29.110676
2023-12-07,29.046661
2023-12-08,28.991800
2023-12-11,29.179258
2023-12-12,29.060383
2023-12-13,30.157692
2023-12-14,29.764486
2023-12-15,29.247839
2023-12-18,29.181841
2023-12-19,29.347986
2023-12-20,28.752628
2023-12-21,28.803396
2023-12-22,28.900314
2023-12-26,29.075689
2023-12-27,29.057228
2023-12-28,29.264912
2023-12-29,29.227993
2024-01-02,29.652592
2024-01-03,29.763353
2024-01-04,29.671047
2024-01-05,29.781815
2024-01-08,29.998728
2024-01-09,29.754122
2024-01-10,29.749510
2024-01-11,29.057228
2024-01-12,29.223377
2024-01-16,28.904930
2024-01-17,28.484949
2024-01-18,28.180346
2024-01-19,28.143421
2024-01-22,28.000347
2024-01-23,28.051121
2024-01-24,27.668056
2024-01-25,28.166498
2024-01-26,28.249571
2024-01-29,28.429565
2024-01-30,28.420338
2024-01-31,28.360338
2024-02-01,28.900314
2024-02-02,28.378799
2024-02-05,27.788052
2024-02-06,27.889589
2024-02-07,27.908052
2024-02-08,27.709597
2024-02-09,27.815746
2024-02-12,28.138813
2024-02-13,27.672674
2024-02-14,27.824974
2024-02-15,28.291109
2024-02-16,28.258801
2024-02-20,28.240341
2024-02-21,28.614170
2024-02-22,28.392641
2024-02-23,28.595711
2024-02-26,28.032660
2024-02-27,28.563402
2024-02-28,28.651094
2024-02-29,28.660318
2024-03-01,28.484949
2024-03-04,28.964928
2024-03-05,28.881853
2024-03-06,29.158768
2024-03-07,29.347986
2024-03-08,29.421831
2024-03-11,29.569515
2024-03-12,29.283375
2024-03-13,29.481827
2024-03-14,29.246454
2024-03-15,29.287989
2024-03-18,29.422935
2024-03-19,29.683521
2024-03-20,29.720747
2024-03-21,29.674215
2024-03-22,29.716095
2024-03-25,29.855696
2024-03-26,29.516003
2024-03-27,30.339642
2024-03-28,30.549038
2024-04-01,30.362907
2024-04-02,30.414091
2024-04-03,30.293106
2024-04-04,30.232613
2024-04-05,30.321028
2024-04-08,30.521118
2024-04-09,30.688639
2024-04-10,30.162815
2024-04-11,30.102324
2024-04-12,29.874308
2024-04-15,29.599760
2024-04-16,29.208883
2024-04-17,29.818468
2024-04-18,29.985991
2024-04-19,30.446667
2024-04-22,30.725864
2024-04-23,30.870121
2024-04-24,31.056248
2024-04-25,31.140011
2024-04-26,30.800322
2024-04-29,31.219116
2024-04-30,31.056248
2024-05-01,31.414560
2024-05-02,31.582083
2024-05-03,31.833353
2024-05-06,31.996220
2024-05-07,32.359177
2024-05-08,32.698868
2024-05-09,33.196774
2024-05-10,33.164204
2024-05-13,33.164204
2024-05-14,33.252613
2024-05-15,33.750530
2024-05-16,33.634190
2024-05-17,33.662109
2024-05-20,33.606270
2024-05-21,33.908741
2024-05-22,33.508549
2024-05-23,32.940845
2024-05-24,33.271225
2024-05-28,33.238655
2024-05-29,32.810558
2024-05-30,33.252613
2024-05-31,33.838943
2024-06-03,33.452705
2024-06-04,33.438755
2024-06-05,33.247967
2024-06-06,32.903614
2024-06-07,32.545319
2024-06-10,32.964115
2024-06-11,32.764023
2024-06-12,32.549965
2024-06-13,32.624413
2024-06-14,32.545319
2024-06-17,32.187004
2024-06-18,32.200966
2024-06-20,32.480167
2024-06-21,32.289379
2024-06-24,32.713902
2024-06-25,32.404305
2024-06-26,32.268272
2024-06-27,32.324566
2024-06-28,31.963362
2024-07-01,31.742897
2024-07-02,31.907080
2024-07-03,32.099403
2024-07-05,32.155689
2024-07-08,32.188526
2024-07-09,32.282345
2024-07-10,32.587254
2024-07-11,33.182987
2024-07-12,33.426910
2024-07-15,32.615398
2024-07-16,32.868702
2024-07-17,32.887459
2024-07-18,32.859322
2024-07-19,32.896843
2024-07-22,33.173611
2024-07-23,32.967205
2024-07-24,33.337784
2024-07-25,33.061031
2024-07-26,33.384693
2024-07-29,33.534794
2024-07-30,33.708363
2024-07-31,34.144611
2024-08-01,34.759109
2024-08-02,34.815399
2024-08-05,33.895992
2024-08-06,34.182137
2024-08-07,34.374458
2024-08-08,34.411987
2024-08-09,34.529255
2024-08-12,34.590237
2024-08-13,34.791943
2024-08-14,34.768490
2024-08-15,34.763798
2024-08-16,34.918606
2024-08-19,35.148453
2024-08-20,35.073391
2024-08-21,35.322010
2024-08-22,35.279785
2024-08-23,35.378292
2024-08-26,35.608150
2024-08-27,35.326698
2024-08-28,35.326698
2024-08-29,35.519024
2024-08-30,35.786400
2024-09-03,35.734802
2024-09-04,36.039707
2024-09-05,35.950577
2024-09-06,35.608150
2024-09-09,35.969345
2024-09-10,36.138214
2024-09-11,36.250790
2024-09-12,36.330540
2024-09-13,36.841839
2024-09-16,37.123287
2024-09-17,37.095142
2024-09-18,36.813694
2024-09-19,36.597916
2024-09-20,37.564232
2024-09-23,37.936844
2024-09-24,37.667648
2024-09-25,37.866005
2024-09-26,37.606255
2024-09-27,37.979347
2024-09-30,38.149361
2024-10-01,38.456337
2024-10-02,38.475224
2024-10-03,38.461052
2024-10-04,38.399662
2024-10-07,37.516529
2024-10-08,37.535423
2024-10-09,37.214283
2024-10-10,37.100941
2024-10-11,37.426800
2024-10-14,37.899067
2024-10-15,38.069077
2024-10-16,38.824699
2024-10-17,38.479954
2024-10-18,38.701908
2024-10-21,38.550785
2024-10-22,38.413826
2024-10-23,38.782196
2024-10-24,38.531895
2024-10-25,37.960453
2024-10-28,38.257984
2024-10-29,37.440968
2024-10-30,37.351234
2024-10-31,37.738503
2024-11-01,36.897869
2024-11-04,36.458656
2024-11-05,37.006493
2024-11-06,36.623951
2024-11-07,36.690075
2024-11-08,37.393742
2024-11-11,37.497646
2024-11-12,37.067875
2024-11-13,37.001762
2024-11-14,36.874256
2024-11-15,37.426800
2024-11-18,37.752663
2024-11-19,37.993515
2024-11-20,38.012402
2024-11-21,38.673576
2024-11-22,38.465775
2024-11-25,38.536617
2024-11-26,39.150558
2024-11-27,39.150558
2024-11-29,39.164726
2024-12-02,38.324104
2024-12-03,37.993515
2024-12-04,37.988792
2024-12-05,38.106861
2024-12-06,37.634594
2024-12-09,37.162334
2024-12-10,36.893143
2024-12-11,36.661728
2024-12-12,36.642845
2024-12-13,36.666454
2024-12-16,36.373653
2024-12-17,36.222527
2024-12-18,35.367733
2024-12-19,35.528309
2024-12-20,36.095020
2024-12-23,36.217873
2024-12-24,36.417870
2024-12-26,36.332157
2024-12-27,36.227402
2024-12-30,36.075024
2024-12-31,36.041691
2025-01-02,36.317867
2025-01-03,36.703571
2025-01-06,36.294064
2025-01-07,36.203587
2025-01-08,36.194069
2025-01-10,35.989311
2025-01-13,35.570271
2025-01-14,36.036926
2025-01-15,36.565483
2025-01-16,37.489265
2025-01-17,37.541637
2025-01-21,38.117813
2025-01-22,37.294033
2025-01-23,37.470215
2025-01-24,37.851151
2025-01-27,36.974991
2025-01-28,36.465488
2025-01-29,36.541668
2025-01-30,37.303551
2025-01-31,37.084515
2025-02-03,37.284512
2025-02-04,36.955940
2025-02-05,37.327362
2025-02-06,37.284512
2025-02-07,37.208321
2025-02-10,37.613068
2025-02-11,37.803539
2025-02-12,37.736870
2025-02-13,37.822590
2025-02-14,37.665443
2025-02-18,38.017811
2025-02-19,38.217812
2025-02-20,38.213047
2025-02-21,38.222576
2025-02-24,38.032104
2025-02-25,37.841633
2025-02-26,37.998772
2025-02-27,37.155937
2025-02-28,37.722584
2025-03-03,37.774971
2025-03-04,37.160698
2025-03-05,36.898804
2025-03-06,36.132160
2025-03-07,36.803574
2025-03-10,37.208321
2025-03-11,36.860714
2025-03-12,36.746426
2025-03-13,36.836899
2025-03-14,37.555920
2025-03-17,37.713062
2025-03-18,37.451172
2025-03-19,37.589264
2025-03-20,37.741634
2025-03-21,37.498783
2025-03-24,37.486797
2025-03-25,36.887356
2025-03-26,37.131927
2025-03-27,37.122334
2025-03-28,37.395683
2025-03-31,37.812889
2025-04-01,37.908806
2025-04-02,38.086243
2025-04-03,37.846462
2025-04-04,35.741215
2025-04-07,35.194527
2025-04-08,35.050655
2025-04-09,36.431774
2025-04-10,36.158436
2025-04-11,36.599617
2025-04-14,37.256607
2025-04-15,37.251820
2025-04-16,36.916126
2025-04-17,37.294971
2025-04-21,36.412590
2025-04-22,37.405270
2025-04-23,37.563526
2025-04-24,37.621071
2025-04-25,37.505981
2025-04-28,37.736168
2025-04-29,38.028690
2025-04-30,37.836868
2025-05-01,37.947170
2025-05-02,38.244492
2025-05-05,38.148582
2025-05-06,38.613747
2025-05-07,38.724049
2025-05-08,38.412334
2025-05-09,38.479473
2025-05-12,38.249287
2025-05-13,38.196537
2025-05-14,38.028690
2025-05-15,38.839142
2025-05-16,39.409809
2025-05-19,39.577656
2025-05-20,39.692749
2025-05-21,38.968620
2025-05-22,38.412334
2025-05-23,38.872704
2025-05-27,39.165237
2025-05-28,38.618546
2025-05-29,38.887093
2025-05-30,39.285130
2025-06-02,39.409809
2025-06-03,39.515316
2025-06-04,38.824753
2025-06-05,38.762409
2025-06-06,38.935051
2025-06-09,38.685680
2025-06-10,38.776802
2025-06-11,38.800781
2025-06-12,39.270741
2025-06-13,39.045345
2025-06-16,38.853523
2025-06-17,38.532223
2025-06-18,38.632931
2025-06-20,38.738430
2025-06-23,39.229527
2025-06-24,39.398533
2025-06-25,38.872192
2025-06-26,39.195724
2025-06-27,39.272984
2025-06-30,39.432343
2025-07-01,39.567547
2025-07-02,39.224697
2025-07-03,39.519253
2025-07-07,39.601353
2025-07-08,39.181236
2025-07-09,39.548229
2025-07-10,39.871761
2025-07-11,39.813812
2025-07-14,39.973167
2025-07-15,39.591686
2025-07-16,39.611004
2025-07-17,39.775185
2025-07-18,40.441563
2025-07-21,40.571945
2025-07-22,41.069321
2025-07-23,40.760273
2025-07-24,40.707153
2025-07-25,40.813385
2025-07-28,40.378788
2025-07-29,40.842361
2025-07-30,41.146576
2025-07-31,41.368702
2025-08-01,41.431480
2025-08-04,42.165459
2025-08-05,41.716377
2025-08-06,41.344563
2025-08-07,41.793644
2025-08-08,41.614971
2025-08-11,41.484596
2025-08-12,41.663265
2025-08-13,41.755013
2025-08-14,41.465282
2025-08-15,41.344563
2025-08-18,41.165894
2025-08-19,41.566692
2025-08-20,41.610146
2025-08-21,41.325245
2025-08-22,41.547371
2025-08-25,41.078976
2025-08-26,41.170723
2025-08-27,41.180378
2025-08-28,40.866501
2025-08-29,40.716808
2025-09-02,40.581608
2025-09-03,40.480194
2025-09-04,40.431904
2025-09-05,40.306358
2025-09-08,39.895908
2025-09-09,40.171154
2025-09-10,40.861671
2025-09-11,41.078976
2025-09-12,41.286613
2025-09-15,41.383186
2025-09-16,40.629887
2025-09-17,40.731293
2025-09-18,40.760273
2025-09-19,41.021023
2025-09-22,41.418686
2025-09-23,41.632580
2025-09-24,41.929123
2025-09-25,41.525635
2025-09-26,42.201359
2025-09-29,42.322895
2025-09-30,42.395817
2025-10-01,42.804169
2025-10-02,42.726387
2025-10-03,43.222248
2025-10-06,43.640320
2025-10-07,43.839634
2025-10-08,44.141041
2025-10-09,44.029228
2025-10-10,43.849358
2025-10-13,44.184792
2025-10-14,44.578560
2025-10-15,45.161926
2025-10-16,44.670929
2025-10-17,44.515366
2025-10-20,44.500774
2025-10-21,44.048672
2025-10-22,43.946587
2025-10-23,43.912556
2025-10-24,44.427860
2025-10-27,44.549389
2025-10-28,43.815327
2025-10-29,43.800743
2025-10-30,43.616009
2025-10-31,43.314613
2025-11-03,43.338917
2025-11-04,43.183353
2025-11-05,43.193073
2025-11-06,43.003487
2025-11-07,43.601433
2025-11-10,43.586845
2025-11-11,43.611153
2025-11-12,43.713238
2025-11-13,43.110435
2025-11-14,43.149330
2025-11-17,43.538231
2025-11-18,43.372944
2025-11-19,43.008347
2025-11-20,42.789585
2025-11-21,42.852783
2025-11-24,43.338917
2025-11-25,43.173630
2025-11-26,43.747272
2025-11-28,44.058395
2025-12-01,43.027794
2025-12-02,42.721527
2025-12-03,42.585411
2025-12-04,42.497902
2025-12-05,42.099274
2025-12-08,41.535355
2025-12-09,41.564526
2025-12-10,41.545078
2025-12-11,41.846485
2025-12-12,41.642307
2025-12-15,42.021492
2025-12-16,41.846485
2025-12-17,41.574245
2025-12-18,41.982605
2025-12-19,41.447853
2025-12-22,41.601643
2025-12-23,41.748573
2025-12-24,41.934692
2025-12-26,41.905304
2025-12-29,41.983669
2025-12-30,42.081623
2025-12-31,41.817146
2026-01-02,42.297127
2026-01-05,41.826942
2026-01-06,42.032646
2026-01-07,41.013908
2026-01-08,41.131458
2026-01-09,41.640823
2026-01-12,41.709396
2026-01-13,41.973873
2026-01-14,42.287327
2026-01-15,42.718334
2026-01-16,42.502834
2026-01-20,42.081623
2026-01-21,42.140396
2026-01-22,41.836735
2026-01-23,41.689804
2026-01-26,41.993462
2026-01-27,42.542015
2026-01-28,42.444061
2026-01-29,42.444061
2026-01-30,42.365696
2026-02-02,41.748573
2026-02-03,42.355904
2026-02-04,42.199173
2026-02-05,42.218761
2026-02-06,42.463650
2026-02-09,42.590992
2026-02-10,43.296276
2026-02-11,43.678295
2026-02-12,44.324802
2026-02-13,45.549244
2026-02-17,45.431698
2026-02-18,44.677441
2026-02-19,45.167217
2026-02-20,45.382721
2026-02-23,45.725563
2026-02-24,46.234936
2026-02-25,46.391659
2026-02-26,46.215340
2026-02-27,46.754093
2026-03-02,46.401455
2026-03-03,46.107590
2026-03-04,46.303501
2026-03-05,45.941067
2026-03-06,45.784340
2026-03-09,45.892086
2026-03-10,45.608017
2026-03-11,45.225986
2026-03-12,45.549244
2026-03-13,45.999836
2026-03-16,46.293701
2026-03-17,46.166363
2026-03-18,45.774540
2026-03-19,45.588428
2026-03-20,43.737072
2026-03-23,44.171085
2026-03-24,44.476868
2026-03-25,44.634693
2026-03-26,44.713608
2026-03-27,44.970074
2026-03-30,45.295582
2026-03-31,45.265991
2026-04-01,45.483002
2026-04-02,45.709873
2026-04-06,45.542183
2026-04-07,45.640827
2026-04-08,46.143890
2026-04-09,46.508862
2026-04-10,46.321442
2026-04-13,45.759193
2026-04-14,45.838108
2026-04-15,45.394226
2026-04-16,45.719734
2026-04-17,45.532322
2026-04-20,45.127899
2026-04-21,44.338776
2026-04-22,44.259861
2026-04-23,45.463272
2026-04-24,45.552052
2026-04-27,45.561913
2026-04-28,45.621098
2026-04-29,45.058846
2026-04-30,46.212936
2026-05-01,45.917019
2026-05-04,45.739464
2026-05-05,45.739464
2026-05-06,45.088440
2026-05-07,44.506462
2026-05-08,44.111900
2026-05-11,44.526192
2026-05-12,44.575508
2026-05-13,44.062580
2026-05-14,44.289455
2026-05-15,43.273460
2026-05-18,43.342506
2026-05-19,43.737068
2026-05-20,43.904755
2026-05-21,44.388096
2026-05-22,44.733334
2026-05-26,44.713608
2026-05-27,44.526192
2026-05-28,44.023129
2026-05-29,43.815979
2026-06-01,42.513927
2026-06-02,43.303051
2026-06-03,43.115635
2026-06-04,43.342506
2026-06-05,43.746929
2026-06-08,42.928223
2026-06-09,43.381962
2026-06-10,43.401691
2026-06-11,43.451012
2026-06-12,43.924484
2026-06-15,44.131630
2026-06-16,44.447281
2026-06-17,43.855438
2026-06-18,44.151356
2026-06-22,44.393578
2026-06-23,44.741024
2026-06-24,45.207592
2026-06-25,45.515327
2026-06-26,45.862774
2026-06-29,45.684090
2026-06-30,45.009052
2026-07-01,44.443214
2026-07-02,45.425983
2026-07-06,44.969345
2026-07-07,45.366425
2026-07-08,45.028908
2026-07-09,44.800587
2026-07-10,45.078541
2026-07-13,45.386280
2026-07-14,45.356495
2026-07-15,44.889931
2026-07-16,45.138103
2026-07-17,44.840290
2026-07-20,44.611969
2026-07-21,44.592117
2026-07-22,45.594746
2026-07-23,45.852848
2026-07-24,45.952118
2026-07-27,45.346569
2026-07-28,45.187740
2026-07-29,44.582191
2026-07-30,44.334015
2026-07-31,44.026276
2026-08-03,44.036205
2026-08-04,43.788033
2026-08-05,43.341316
2026-08-06,43.063358
2026-08-07,43.291679
2026-08-10,42.815186
2026-08-11,43.311535
2026-08-12,43.520000
2026-08-13,43.718544
2026-08-14,43.986572
2026-08-17,43.857521
2026-08-18,43.698689
2026-08-19,43.698689
2026-08-20,43.450512
2026-08-21,42.457813
2026-08-24,42.904530
2026-08-25,42.993870
2026-08-26,43.192410
2026-08-27,42.864819
2026-08-28,42.418102
2026-08-31,41.921753
2026-09-01,42.249344
2026-09-02,42.358540
2026-09-03,42.715912
2026-09-04,42.765549
2026-09-08,43.132847
2026-09-09,42.626568
2026-09-10,42.209637
2026-09-11,42.080585
2026-09-14,41.514744
2026-09-15,41.018394
2026-09-16,41.018394
2026-09-17,41.385693
2026-09-18,40.799999
2026-09-21,40.660000
2026-09-22,40.529999
2026-09-23,39.750000
2026-09-24,39.360001
2026-09-25,39.480000
