date,adj_close
1998-12-22,9.340214
1998-12-23,9.380325
1998-12-24,9.552230
1998-12-28,9.466276
1998-12-29,9.672569
1998-12-30,9.592339
1998-12-31,9.580879
1999-01-04,9.523579
1999-01-05,9.684026
1999-01-06,9.959065
1999-01-07,9.947613
1999-01-08,9.959065
1999-01-11,9.907498
1999-01-12,9.649641
1999-01-13,9.695481
1999-01-14,9.477737
1999-01-15,9.598076
1999-01-19,9.592339
1999-01-20,9.752787
1999-01-21,9.661103
1999-01-22,9.706943
1999-01-25,9.684026
1999-01-26,9.913228
1999-01-27,9.901772
1999-01-28,10.004916
1999-01-29,10.073679
1999-02-01,10.096595
1999-02-02,9.970534
1999-02-03,10.130977
1999-02-04,10.073679
1999-02-05,9.821551
1999-02-08,9.981997
1999-02-09,9.672569
1999-02-10,9.672569
1999-02-11,9.987728
1999-02-12,9.810085
1999-02-16,9.936153
1999-02-17,9.901772
1999-02-18,9.913228
1999-02-19,9.964806
1999-02-22,10.216928
1999-02-23,10.165358
1999-02-24,10.039299
1999-02-25,9.924696
1999-02-26,10.010645
1999-03-01,10.016373
1999-03-02,10.039299
1999-03-03,9.987728
1999-03-04,10.199740
1999-03-05,10.509169
1999-03-08,10.555015
1999-03-09,10.583666
1999-03-10,10.555015
1999-03-11,10.669616
1999-03-12,10.715460
1999-03-15,10.738376
1999-03-16,10.681073
1999-03-17,10.635235
1999-03-18,10.818604
1999-03-19,10.669731
1999-03-22,10.555003
1999-03-23,10.233766
1999-03-24,10.153456
1999-03-25,10.463223
1999-03-26,10.394382
1999-03-29,10.646785
1999-03-30,10.658256
1999-03-31,10.497639
1999-04-01,10.486165
1999-04-05,10.623843
1999-04-06,10.681203
1999-04-07,10.772989
1999-04-08,11.013922
1999-04-09,11.117170
1999-04-12,11.208955
1999-04-13,11.151591
1999-04-14,10.899193
1999-04-15,10.876237
1999-04-16,10.910659
1999-04-19,10.669731
1999-04-20,10.807406
1999-04-21,10.990968
1999-04-22,11.019650
1999-04-23,11.140118
1999-04-26,11.071280
1999-04-27,11.099959
1999-04-28,11.059806
1999-04-29,10.807406
1999-04-30,10.772989
1999-05-03,11.036861
1999-05-04,10.910659
1999-05-05,10.818879
1999-05-06,10.577950
1999-05-07,10.818879
1999-05-10,10.807406
1999-05-11,11.025388
1999-05-12,11.094231
1999-05-13,11.036861
1999-05-14,10.818879
1999-05-17,10.600896
1999-05-18,10.669731
1999-05-19,10.543532
1999-05-20,10.635311
1999-05-21,10.566479
1999-05-24,10.337021
1999-05-25,10.233766
1999-05-26,10.348496
1999-05-27,10.141978
1999-05-28,10.285396
1999-06-01,10.348496
1999-06-02,10.325549
1999-06-03,10.566479
1999-06-04,10.646785
1999-06-07,10.675467
1999-06-08,10.514850
1999-06-09,10.411592
1999-06-10,10.262448
1999-06-11,10.210816
1999-06-14,10.222291
1999-06-15,10.153456
1999-06-16,10.428805
1999-06-17,10.377173
1999-06-18,10.454331
1999-06-21,10.638138
1999-06-22,10.569209
1999-06-23,10.419863
1999-06-24,10.396883
1999-06-25,10.362421
1999-06-28,10.563470
1999-06-29,10.741537
1999-06-30,10.948324
1999-07-01,11.005767
1999-07-02,11.063205
1999-07-06,11.155107
1999-07-07,11.051719
1999-07-08,10.959812
1999-07-09,10.959812
1999-07-12,10.890885
1999-07-13,10.810465
1999-07-14,10.833440
1999-07-15,10.977041
1999-07-16,11.040233
1999-07-19,11.017256
1999-07-20,10.730047
1999-07-21,10.626655
1999-07-22,10.488798
1999-07-23,10.408378
1999-07-26,10.465816
1999-07-27,10.523262
1999-07-28,10.488798
1999-07-29,10.327959
1999-07-30,10.132655
1999-08-02,10.057983
1999-08-03,9.931618
1999-08-04,9.730566
1999-08-05,9.644405
1999-08-06,9.569731
1999-08-09,9.443361
1999-08-10,9.443361
1999-08-11,9.650152
1999-08-12,9.765033
1999-08-13,9.960337
1999-08-16,10.098194
1999-08-17,10.075218
1999-08-18,10.040755
1999-08-19,9.954590
1999-08-20,10.063723
1999-08-23,10.224566
1999-08-24,10.213078
1999-08-25,10.316471
1999-08-26,10.115427
1999-08-27,10.075218
1999-08-30,9.856939
1999-08-31,9.742056
1999-09-01,9.753541
1999-09-02,9.638664
1999-09-03,9.902894
1999-09-07,9.747803
1999-09-08,9.696099
1999-09-09,9.730566
1999-09-10,9.914378
1999-09-13,9.885656
1999-09-14,9.833961
1999-09-15,9.747803
1999-09-16,9.541008
1999-09-17,9.675432
1999-09-20,9.663928
1999-09-21,9.445336
1999-09-22,9.548882
1999-09-23,9.594898
1999-09-24,9.399320
1999-09-27,9.560390
1999-09-28,9.531622
1999-09-29,9.462598
1999-09-30,9.600654
1999-10-01,9.652419
1999-10-04,9.963050
1999-10-05,9.980304
1999-10-06,10.089603
1999-10-07,10.060843
1999-10-08,10.348459
1999-10-11,10.423238
1999-10-12,10.210402
1999-10-13,10.089603
1999-10-14,9.945795
1999-10-15,9.692690
1999-10-18,9.755964
1999-10-19,9.853754
1999-10-20,10.026326
1999-10-21,9.940041
1999-10-22,10.198893
1999-10-25,10.020573
1999-10-26,9.773219
1999-10-27,9.801979
1999-10-28,10.170139
1999-10-29,10.452003
1999-11-01,10.377218
1999-11-02,10.302430
1999-11-03,10.216151
1999-11-04,10.342704
1999-11-05,10.411726
1999-11-08,10.377218
1999-11-09,10.267923
1999-11-10,10.308190
1999-11-11,10.331193
1999-11-12,10.572792
1999-11-15,10.590055
1999-11-16,10.636069
1999-11-17,10.544039
1999-11-18,10.590055
1999-11-19,10.492264
1999-11-22,10.371464
1999-11-23,10.331193
1999-11-24,10.388721
1999-11-26,10.515273
1999-11-29,10.607311
1999-11-30,10.457749
1999-12-01,10.584298
1999-12-02,10.538282
1999-12-03,10.659083
1999-12-06,10.676334
1999-12-07,10.498017
1999-12-08,10.440493
1999-12-09,10.423238
1999-12-10,10.710850
1999-12-13,11.032983
1999-12-14,10.889176
1999-12-15,10.940949
1999-12-16,11.182547
1999-12-17,11.127437
1999-12-20,10.804904
1999-12-21,10.850980
1999-12-22,10.874019
1999-12-23,11.087122
1999-12-27,11.196552
1999-12-28,11.311740
1999-12-29,11.357816
1999-12-30,11.323259
1999-12-31,11.449969
2000-01-03,11.104397
2000-01-04,10.770346
2000-01-05,10.637877
2000-01-06,10.758826
2000-01-07,11.265668
2000-01-10,11.208069
2000-01-11,11.144719
2000-01-12,11.081360
2000-01-13,11.138953
2000-01-14,11.110161
2000-01-18,11.046803
2000-01-19,11.023766
2000-01-20,10.874019
2000-01-21,10.649393
2000-01-24,10.251987
2000-01-25,10.315338
2000-01-26,10.390214
2000-01-27,10.361421
2000-01-28,9.952492
2000-01-31,10.027369
2000-02-01,10.390214
2000-02-02,10.321101
2000-02-03,10.361421
2000-02-04,10.344136
2000-02-07,10.125276
2000-02-08,10.355658
2000-02-09,10.182878
2000-02-10,10.090722
2000-02-11,9.946733
2000-02-14,9.998563
2000-02-15,10.021607
2000-02-16,9.629954
2000-02-17,9.353495
2000-02-18,9.215266
2000-02-22,9.238304
2000-02-23,9.209511
2000-02-24,8.915773
2000-02-25,8.950322
2000-02-28,9.272868
2000-02-29,9.468687
2000-03-01,9.359261
2000-03-02,9.347737
2000-03-03,9.520525
2000-03-06,9.295904
2000-03-07,9.036720
2000-03-08,9.146154
2000-03-09,9.330461
2000-03-10,9.203750
2000-03-13,9.128878
2000-03-14,9.146154
2000-03-15,9.699069
2000-03-16,10.413251
2000-03-17,10.439335
2000-03-20,10.341231
2000-03-21,10.456647
2000-03-22,10.410484
2000-03-23,10.439335
2000-03-24,10.473964
2000-03-27,10.445107
2000-03-28,10.479734
2000-03-29,10.687477
2000-03-30,10.924089
2000-03-31,10.808664
2000-04-03,11.131830
2000-04-04,10.993332
2000-04-05,11.010647
2000-04-06,11.126062
2000-04-07,11.126062
2000-04-10,11.385747
2000-04-11,11.466536
2000-04-12,11.443453
2000-04-13,11.229935
2000-04-14,10.341231
2000-04-17,10.352777
2000-04-18,10.572062
2000-04-19,10.652857
2000-04-20,10.791355
2000-04-24,10.906773
2000-04-25,11.102976
2000-04-26,11.091435
2000-04-27,10.860607
2000-04-28,10.583608
2000-05-01,10.906773
2000-05-02,10.831750
2000-05-03,10.318155
2000-05-04,10.150797
2000-05-05,10.277757
2000-05-08,10.248903
2000-05-09,10.352777
2000-05-10,10.352777
2000-05-11,10.445107
2000-05-12,10.595149
2000-05-15,10.629773
2000-05-16,10.710570
2000-05-17,10.456647
2000-05-18,10.664399
2000-05-19,10.393173
2000-05-22,10.237359
2000-05-23,10.191196
2000-05-24,10.006526
2000-05-25,9.914197
2000-05-26,9.706445
2000-05-30,9.781471
2000-05-31,10.012300
2000-06-01,10.087322
2000-06-02,10.364313
2000-06-05,10.306608
2000-06-06,9.977677
2000-06-07,9.977677
2000-06-08,9.879572
2000-06-09,9.717992
2000-06-12,9.475620
2000-06-13,9.660282
2000-06-14,9.694910
2000-06-15,9.671825
2000-06-16,9.563126
2000-06-19,9.551563
2000-06-20,9.343416
2000-06-21,9.279818
2000-06-22,9.239347
2000-06-23,9.297162
2000-06-26,9.297162
2000-06-27,9.563126
2000-06-28,9.528430
2000-06-29,9.366548
2000-06-30,9.470618
2000-07-03,9.597814
2000-07-05,9.713456
2000-07-06,9.782837
2000-07-07,10.256942
2000-07-10,10.407274
2000-07-11,10.482437
2000-07-12,10.511350
2000-07-13,10.314765
2000-07-14,10.441963
2000-07-17,10.384141
2000-07-18,10.407274
2000-07-19,10.274293
2000-07-20,10.245384
2000-07-21,10.222255
2000-07-24,10.060365
2000-07-25,10.083492
2000-07-26,10.048799
2000-07-27,10.129745
2000-07-28,9.817523
2000-07-31,9.620943
2000-08-01,9.759705
2000-08-02,9.759705
2000-08-03,9.713456
2000-08-04,9.672985
2000-08-07,9.933163
2000-08-08,10.228035
2000-08-09,10.048799
2000-08-10,9.759705
2000-08-11,9.898465
2000-08-14,10.025669
2000-08-15,9.736580
2000-08-16,9.545783
2000-08-17,9.551563
2000-08-18,9.678763
2000-08-21,9.447492
2000-08-22,9.632506
2000-08-23,9.574690
2000-08-24,9.574690
2000-08-25,9.661419
2000-08-28,9.505307
2000-08-29,9.464831
2000-08-30,9.354980
2000-08-31,9.221999
2000-09-01,9.407017
2000-09-05,9.505307
2000-09-06,9.644071
2000-09-07,9.563126
2000-09-08,9.742364
2000-09-11,9.921600
2000-09-12,9.921600
2000-09-13,9.921600
2000-09-14,9.863777
2000-09-15,9.778137
2000-09-18,9.581072
2000-09-19,9.418775
2000-09-20,9.233298
2000-09-21,9.575272
2000-09-22,9.511515
2000-09-25,9.366611
2000-09-26,9.157947
2000-09-27,9.244890
2000-09-28,9.389795
2000-09-29,9.233298
2000-10-02,9.088395
2000-10-03,9.157947
2000-10-04,9.320240
2000-10-05,9.198518
2000-10-06,8.908710
2000-10-09,8.966672
2000-10-10,8.972471
2000-10-11,8.717440
2000-10-12,8.108840
2000-10-13,8.276928
2000-10-16,8.421834
2000-10-17,8.189989
2000-10-18,8.346482
2000-10-19,8.688457
2000-10-20,8.531959
2000-10-23,8.584125
2000-10-24,8.589919
2000-10-25,8.462404
2000-10-26,8.433430
2000-10-27,8.514568
2000-10-30,8.729034
2000-10-31,9.117376
2000-11-01,9.192723
2000-11-02,9.273865
2000-11-03,9.140559
2000-11-06,9.262280
2000-11-07,9.169540
2000-11-08,9.273865
2000-11-09,8.914505
2000-11-10,8.502975
2000-11-13,8.740623
2000-11-14,9.001452
2000-11-15,9.088395
2000-11-16,8.989858
2000-11-17,8.984062
2000-11-20,8.763809
2000-11-21,8.694249
2000-11-22,8.601516
2000-11-24,8.659480
2000-11-27,8.972471
2000-11-28,8.937689
2000-11-29,9.065214
2000-11-30,8.891328
2000-12-01,8.902917
2000-12-04,9.239092
2000-12-05,9.459346
2000-12-06,9.401386
2000-12-07,9.273865
2000-12-08,9.372401
2000-12-11,9.256484
2000-12-12,9.273865
2000-12-13,9.088395
2000-12-14,9.059413
2000-12-15,8.820616
2000-12-18,9.012370
2000-12-19,8.797373
2000-12-20,8.692778
2000-12-21,8.960071
2000-12-22,9.111155
2000-12-26,8.936825
2000-12-27,9.366821
2000-12-28,9.483034
2000-12-29,9.517897
2001-01-02,9.500463
2001-01-03,10.250047
2001-01-04,10.395308
2001-01-05,10.052484
2001-01-08,9.918833
2001-01-09,9.837487
2001-01-10,9.901402
2001-01-11,9.988562
2001-01-12,9.982751
2001-01-16,10.215179
2001-01-17,10.075726
2001-01-18,9.924647
2001-01-19,9.529524
2001-01-22,9.889781
2001-01-23,10.005995
2001-01-24,10.017619
2001-01-25,10.174508
2001-01-26,10.064103
2001-01-29,10.263988
2001-01-30,10.293745
2001-01-31,10.624714
2001-02-01,10.609844
2001-02-02,10.409023
2001-02-05,10.349518
2001-02-06,10.360678
2001-02-07,10.382992
2001-02-08,10.078042
2001-02-09,9.947887
2001-02-12,10.226806
2001-02-13,10.364398
2001-02-14,10.263988
2001-02-15,10.260274
2001-02-16,10.130108
2001-02-20,10.263988
2001-02-21,9.821447
2001-02-22,9.668973
2001-02-23,9.828885
2001-02-26,10.130108
2001-02-27,10.078042
2001-02-28,9.866076
2001-03-01,9.706163
2001-03-02,9.780540
2001-03-05,9.676411
2001-03-06,9.921859
2001-03-07,10.167298
2001-03-08,10.330926
2001-03-09,10.226806
2001-03-12,9.847481
2001-03-13,9.802857
2001-03-14,9.590877
2001-03-15,9.698726
2001-03-16,9.502345
2001-03-19,9.614134
2001-03-20,9.636493
2001-03-21,9.576871
2001-03-22,9.278762
2001-03-23,9.383098
2001-03-26,9.547064
2001-03-27,9.755741
2001-03-28,9.595504
2001-03-29,9.688661
2001-03-30,9.722199
2001-04-02,9.725928
2001-04-03,9.398007
2001-04-04,9.498619
2001-04-05,9.711026
2001-04-06,9.681213
2001-04-09,9.591780
2001-04-10,9.688661
2001-04-11,9.580597
2001-04-12,9.416634
2001-04-16,9.461359
2001-04-17,9.591780
2001-04-18,10.180555
2001-04-19,10.210362
2001-04-20,10.102295
2001-04-23,10.035220
2001-04-24,9.860079
2001-04-25,9.867535
2001-04-26,10.113478
2001-04-27,10.355695
2001-04-30,10.173100
2001-05-01,10.284891
2001-05-02,10.366867
2001-05-03,10.247633
2001-05-04,10.340786
2001-05-07,10.262533
2001-05-08,10.255074
2001-05-09,10.098563
2001-05-10,10.389230
2001-05-11,10.433944
2001-05-14,10.407864
2001-05-15,10.370595
2001-05-16,10.497297
2001-05-17,10.657527
2001-05-18,10.650079
2001-05-21,10.769319
2001-05-22,10.806590
2001-05-23,10.612812
2001-05-24,10.575550
2001-05-25,10.523382
2001-05-29,10.441399
2001-05-30,10.251356
2001-05-31,10.415318
2001-06-01,10.378049
2001-06-04,10.344513
2001-06-05,10.467485
2001-06-06,10.359420
2001-06-07,10.437677
2001-06-08,10.474938
2001-06-11,10.318437
2001-06-12,10.396682
2001-06-13,10.284891
2001-06-14,10.176823
2001-06-15,10.075621
2001-06-18,10.183921
2001-06-19,10.217528
2001-06-20,10.366907
2001-06-21,10.553632
2001-06-22,10.449067
2001-06-25,10.314629
2001-06-26,10.176453
2001-06-27,10.127902
2001-06-28,10.288485
2001-06-29,10.333300
2001-07-02,10.434135
2001-07-03,10.415456
2001-07-05,10.202596
2001-07-06,9.959850
2001-07-09,10.030807
2001-07-10,9.985991
2001-07-11,10.094292
2001-07-12,10.531227
2001-07-13,10.703012
2001-07-16,10.732892
2001-07-17,10.792635
2001-07-18,10.800106
2001-07-19,10.874802
2001-07-20,10.886004
2001-07-23,10.684339
2001-07-24,10.531227
2001-07-25,10.736623
2001-07-26,10.747828
2001-07-27,10.717949
2001-07-30,10.788907
2001-07-31,10.792635
2001-08-01,10.781433
2001-08-02,10.848660
2001-08-03,10.777701
2001-08-06,10.583509
2001-08-07,10.703012
2001-08-08,10.568574
2001-08-09,10.531227
2001-08-10,10.523758
2001-08-13,10.404254
2001-08-14,10.434135
2001-08-15,10.344502
2001-08-16,10.422930
2001-08-17,10.150311
2001-08-20,10.277279
2001-08-21,10.023340
2001-08-22,10.049476
2001-08-23,9.997194
2001-08-24,10.187654
2001-08-27,10.176453
2001-08-28,10.090558
2001-08-29,9.903833
2001-08-30,9.702176
2001-08-31,9.847816
2001-09-04,9.900099
2001-09-05,9.903833
2001-09-06,9.545324
2001-09-07,9.198019
2001-09-10,9.119596
2001-09-17,8.271868
2001-09-18,8.320417
2001-09-19,8.129959
2001-09-20,7.849874
2001-09-21,7.884710
2001-09-24,8.319212
2001-09-25,8.341681
2001-09-26,8.367901
2001-09-27,8.390376
2001-09-28,8.603883
2001-10-01,8.596393
2001-10-02,8.836116
2001-10-03,9.147004
2001-10-04,8.952235
2001-10-05,9.027146
2001-10-08,8.843610
2001-10-09,8.851101
2001-10-10,9.218184
2001-10-11,9.514089
2001-10-12,9.308076
2001-10-15,9.281856
2001-10-16,9.375493
2001-10-17,9.139518
2001-10-18,9.139518
2001-10-19,9.012165
2001-10-22,9.214432
2001-10-23,9.233159
2001-10-24,9.195705
2001-10-25,9.281856
2001-10-26,9.379243
2001-10-29,9.053364
2001-10-30,8.881063
2001-10-31,9.057114
2001-11-01,9.225671
2001-11-02,9.364257
2001-11-05,9.585256
2001-11-06,9.701368
2001-11-07,9.633950
2001-11-08,9.716357
2001-11-09,9.663916
2001-11-12,9.697626
2001-11-13,9.944844
2001-11-14,10.169584
2001-11-15,10.169584
2001-11-16,10.057219
2001-11-19,10.390581
2001-11-20,10.263231
2001-11-21,10.165837
2001-11-23,10.281959
2001-11-26,10.364365
2001-11-27,10.177076
2001-11-28,10.113397
2001-11-29,10.184569
2001-11-30,10.263231
2001-12-03,10.113397
2001-12-04,10.338140
2001-12-05,10.645293
2001-12-06,10.525429
2001-12-07,10.529175
2001-12-10,10.390581
2001-12-11,10.319415
2001-12-12,10.338140
2001-12-13,10.222026
2001-12-14,10.304433
2001-12-17,10.416803
2001-12-18,10.525429
2001-12-19,10.577866
2001-12-20,10.514194
2001-12-21,10.665754
2001-12-24,10.703273
2001-12-26,10.804564
2001-12-27,10.815819
2001-12-28,10.894603
2001-12-31,10.729527
2002-01-02,10.763292
2002-01-03,10.729527
2002-01-04,10.905860
2002-01-07,10.842082
2002-01-08,10.879594
2002-01-09,10.729527
2002-01-10,10.804564
2002-01-11,10.601976
2002-01-14,10.523194
2002-01-15,10.590720
2002-01-16,10.410646
2002-01-17,10.534449
2002-01-18,10.504436
2002-01-22,10.571967
2002-01-23,10.800811
2002-01-24,10.804564
2002-01-25,10.692016
2002-01-28,10.875840
2002-01-29,10.646992
2002-01-30,10.917110
2002-01-31,11.082182
2002-02-01,10.969636
2002-02-04,10.785803
2002-02-05,10.774549
2002-02-06,10.688269
2002-02-07,10.560709
2002-02-08,10.654500
2002-02-11,10.973384
2002-02-12,10.879594
2002-02-13,11.040911
2002-02-14,11.082182
2002-02-15,10.954621
2002-02-19,10.827072
2002-02-20,11.040911
2002-02-21,10.935866
2002-02-22,10.950872
2002-02-25,11.134701
2002-02-26,11.254753
2002-02-27,11.235993
2002-02-28,11.142207
2002-03-01,11.247249
2002-03-04,11.416068
2002-03-05,11.082182
2002-03-06,11.235993
2002-03-07,11.322285
2002-03-08,11.386059
2002-03-11,11.333536
2002-03-12,11.356046
2002-03-13,11.329784
2002-03-14,11.329784
2002-03-15,11.475530
2002-03-18,11.479287
2002-03-19,11.528120
2002-03-20,11.483045
2002-03-21,11.340302
2002-03-22,11.287715
2002-03-25,11.081120
2002-03-26,11.231366
2002-03-27,11.306495
2002-03-28,11.283957
2002-04-01,11.073606
2002-04-02,10.874519
2002-04-03,10.791878
2002-04-04,10.938380
2002-04-05,11.005995
2002-04-08,11.171270
2002-04-09,11.250154
2002-04-10,11.381618
2002-04-11,11.208831
2002-04-12,11.437967
2002-04-15,11.265173
2002-04-16,11.430453
2002-04-17,11.314011
2002-04-18,11.238881
2002-04-19,11.287715
2002-04-22,11.178779
2002-04-23,11.197567
2002-04-24,11.099903
2002-04-25,11.129946
2002-04-26,11.062335
2002-04-29,10.942133
2002-04-30,10.968425
2002-05-01,11.028530
2002-05-02,11.129946
2002-05-03,10.979691
2002-05-06,10.780613
2002-05-07,10.938380
2002-05-08,11.099903
2002-05-09,10.930866
2002-05-10,10.750566
2002-05-13,10.867006
2002-05-14,11.253911
2002-05-15,11.186291
2002-05-16,11.268931
2002-05-17,11.362840
2002-05-20,11.325274
2002-05-21,11.043551
2002-05-22,10.994722
2002-05-23,11.099903
2002-05-24,11.013503
2002-05-28,10.840717
2002-05-29,10.818176
2002-05-30,10.724266
2002-05-31,10.912086
2002-06-03,10.622848
2002-06-04,10.562746
2002-06-05,10.780613
2002-06-06,10.611578
2002-06-07,10.622848
2002-06-10,10.799392
2002-06-11,10.743045
2002-06-12,10.833200
2002-06-13,10.585282
2002-06-14,10.517672
2002-06-17,10.795642
2002-06-18,10.761831
2002-06-19,10.716756
2002-06-20,10.558988
2002-06-21,10.393788
2002-06-24,10.506681
2002-06-25,10.329810
2002-06-26,10.235732
2002-06-27,10.295948
2002-06-28,10.337341
2002-07-01,10.024994
2002-07-02,9.885761
2002-07-03,10.013708
2002-07-05,10.408842
2002-07-08,10.265840
2002-07-09,10.032526
2002-07-10,9.705136
2002-07-11,9.697607
2002-07-12,9.573422
2002-07-15,9.426661
2002-07-16,9.170767
2002-07-17,9.121848
2002-07-18,8.971321
2002-07-19,8.534796
2002-07-22,8.395558
2002-07-23,8.260086
2002-07-24,8.745532
2002-07-25,8.602536
2002-07-26,8.704141
2002-07-29,9.182059
2002-07-30,9.148188
2002-07-31,9.103031
2002-08-01,8.824557
2002-08-02,8.433190
2002-08-05,8.237514
2002-08-06,8.482119
2002-08-07,8.602536
2002-08-08,8.715430
2002-08-09,8.749294
2002-08-12,8.625113
2002-08-13,8.527266
2002-08-14,8.993899
2002-08-15,9.362686
2002-08-16,9.351399
2002-08-19,9.569658
2002-08-20,9.501925
2002-08-21,9.659974
2002-08-22,9.806738
2002-08-23,9.535798
2002-08-26,9.592245
2002-08-27,9.396558
2002-08-28,9.287428
2002-08-29,9.373978
2002-08-30,9.377742
2002-09-03,9.042823
2002-09-04,9.212161
2002-09-05,9.042823
2002-09-06,9.325056
2002-09-09,9.449237
2002-09-10,9.565893
2002-09-11,9.569658
2002-09-12,9.332585
2002-09-13,9.426661
2002-09-16,9.453005
2002-09-17,9.347635
2002-09-18,9.358923
2002-09-19,9.031534
2002-09-20,9.167172
2002-09-23,8.880814
2002-09-24,8.741407
2002-09-25,8.914726
2002-09-26,9.129498
2002-09-27,8.861979
2002-09-30,8.541713
2002-10-01,8.779084
2002-10-02,8.583157
2002-10-03,8.541713
2002-10-04,8.432436
2002-10-07,8.104636
2002-10-08,8.345781
2002-10-09,8.044356
2002-10-10,8.187531
2002-10-11,8.583157
2002-10-14,8.650980
2002-10-15,9.080515
2002-10-16,8.918495
2002-10-17,9.016459
2002-10-18,9.140798
2002-10-21,9.344266
2002-10-22,9.291517
2002-10-23,9.397016
2002-10-24,9.280209
2002-10-25,9.468601
2002-10-28,9.317887
2002-10-29,9.306585
2002-10-30,9.144572
2002-10-31,9.118196
2002-11-01,9.253837
2002-11-04,9.212389
2002-11-05,9.336727
2002-11-06,9.442225
2002-11-07,9.212389
2002-11-08,9.091821
2002-11-11,8.944870
2002-11-12,9.080515
2002-11-13,9.106893
2002-11-14,9.363106
2002-11-15,9.438458
2002-11-18,9.283976
2002-11-19,9.091821
2002-11-20,9.178476
2002-11-21,9.419623
2002-11-22,9.445992
2002-11-25,9.506287
2002-11-26,9.246298
2002-11-27,9.630617
2002-11-29,9.540189
2002-12-02,9.608012
2002-12-03,9.306585
2002-12-04,9.306585
2002-12-05,9.242532
2002-12-06,9.231229
2002-12-09,8.929799
2002-12-10,9.091821
2002-12-11,9.080515
2002-12-12,9.023997
2002-12-13,8.861979
2002-12-16,9.080515
2002-12-17,8.948637
2002-12-18,8.835605
2002-12-19,8.756476
2002-12-20,8.867129
2002-12-23,8.742511
2002-12-24,8.697186
2002-12-26,8.795378
2002-12-27,8.591449
2002-12-30,8.674532
2002-12-31,8.727402
2003-01-02,9.055952
2003-01-03,8.848249
2003-01-06,9.010635
2003-01-07,8.961540
2003-01-08,8.878459
2003-01-09,9.123928
2003-01-10,9.146588
2003-01-13,9.191905
2003-01-14,9.203233
2003-01-15,9.093720
2003-01-16,9.059731
2003-01-17,8.969098
2003-01-21,8.716068
2003-01-22,8.591449
2003-01-23,8.791599
2003-01-24,8.546129
2003-01-27,8.410183
2003-01-28,8.534800
2003-01-29,8.610332
2003-01-30,8.364861
2003-01-31,8.436618
2003-02-03,8.466825
2003-02-04,8.293113
2003-02-05,8.270446
2003-02-06,8.240235
2003-02-07,8.176037
2003-02-10,8.179815
2003-02-11,8.210025
2003-02-12,8.142044
2003-02-13,8.040084
2003-02-14,8.213801
2003-02-18,8.440386
2003-02-19,8.323321
2003-02-20,8.244013
2003-02-21,8.368636
2003-02-24,8.134498
2003-02-25,8.300660
2003-02-26,8.187364
2003-02-27,8.300660
2003-02-28,8.398848
2003-03-03,8.270446
2003-03-04,8.040084
2003-03-05,8.142044
2003-03-06,8.047640
2003-03-07,8.168479
2003-03-10,7.975886
2003-03-11,7.907908
2003-03-12,7.892804
2003-03-13,8.311990
2003-03-14,8.327092
2003-03-17,8.727402
2003-03-18,8.670754
2003-03-19,8.836922
2003-03-20,8.904894
2003-03-21,9.182487
2003-03-24,8.762694
2003-03-25,8.891282
2003-03-26,8.902627
2003-03-27,8.868587
2003-03-28,8.777822
2003-03-31,8.596291
2003-04-01,8.698402
2003-04-02,8.925318
2003-04-03,8.970699
2003-04-04,9.034990
2003-04-07,9.114412
2003-04-08,9.121975
2003-04-09,9.000950
2003-04-10,9.103071
2003-04-11,9.008515
2003-04-14,9.239214
2003-04-15,9.307291
2003-04-16,9.178705
2003-04-17,9.352674
2003-04-21,9.356456
2003-04-22,9.545549
2003-04-23,9.643884
2003-04-24,9.492603
2003-04-25,9.348887
2003-04-28,9.564462
2003-04-29,9.643884
2003-04-30,9.602277
2003-05-01,9.515293
2003-05-02,9.606064
2003-05-05,9.572020
2003-05-06,9.696822
2003-05-07,9.689262
2003-05-08,9.598501
2003-05-09,9.708174
2003-05-12,9.855669
2003-05-13,9.844320
2003-05-14,9.768682
2003-05-15,9.791380
2003-05-16,9.806504
2003-05-19,9.511511
2003-05-20,9.515293
2003-05-21,9.556894
2003-05-22,9.719516
2003-05-23,9.685480
2003-05-27,9.908613
2003-05-28,9.912393
2003-05-29,9.901049
2003-05-30,10.112836
2003-06-02,10.207384
2003-06-03,10.192257
2003-06-04,10.351096
2003-06-05,10.407825
2003-06-06,10.354877
2003-06-09,10.207384
2003-06-10,10.320843
2003-06-11,10.434300
2003-06-12,10.498593
2003-06-13,10.385135
2003-06-16,10.627182
2003-06-17,10.627182
2003-06-18,10.528852
2003-06-19,10.354877
2003-06-20,10.369267
2003-06-23,10.240506
2003-06-24,10.240506
2003-06-25,10.179914
2003-06-26,10.255655
2003-06-27,10.195061
2003-06-30,10.259443
2003-07-01,10.236726
2003-07-02,10.331396
2003-07-03,10.320041
2003-07-07,10.528331
2003-07-08,10.676029
2003-07-09,10.543481
2003-07-10,10.407143
2003-07-11,10.562414
2003-07-14,10.619227
2003-07-15,10.554844
2003-07-16,10.524546
2003-07-17,10.403354
2003-07-18,10.471523
2003-07-21,10.354121
2003-07-22,10.429870
2003-07-23,10.384418
2003-07-24,10.373060
2003-07-25,10.509398
2003-07-28,10.562414
2003-07-29,10.494246
2003-07-30,10.426077
2003-07-31,10.448802
2003-08-01,10.437438
2003-08-04,10.357909
2003-08-05,10.187490
2003-08-06,10.221570
2003-08-07,10.308679
2003-08-08,10.407143
2003-08-11,10.452585
2003-08-12,10.592715
2003-08-13,10.554844
2003-08-14,10.604076
2003-08-15,10.679820
2003-08-18,10.740415
2003-08-19,10.751774
2003-08-20,10.816157
2003-08-21,10.899473
2003-08-22,10.751774
2003-08-25,10.717690
2003-08-26,10.789646
2003-08-27,10.804795
2003-08-28,10.880539
2003-08-29,10.982788
2003-09-02,11.134280
2003-09-03,11.130490
2003-09-04,11.164577
2003-09-05,11.054749
2003-09-08,11.058538
2003-09-09,10.842672
2003-09-10,10.706328
2003-09-11,10.793437
2003-09-12,10.755564
2003-09-15,10.793437
2003-09-16,10.952500
2003-09-17,10.948707
2003-09-18,11.020663
2003-09-19,10.955438
2003-09-22,10.788587
2003-09-23,10.887181
2003-09-24,10.674819
2003-09-25,10.633114
2003-09-26,10.515551
2003-09-29,10.500384
2003-09-30,10.458671
2003-10-01,10.746876
2003-10-02,10.803755
2003-10-03,10.925103
2003-10-06,11.004739
2003-10-07,11.050242
2003-10-08,10.970610
2003-10-09,11.110909
2003-10-10,11.133670
2003-10-13,11.247436
2003-10-14,11.308108
2003-10-15,11.262596
2003-10-16,11.311897
2003-10-17,11.152631
2003-10-20,11.141254
2003-10-21,11.175379
2003-10-22,11.019904
2003-10-23,11.019904
2003-10-24,11.031282
2003-10-27,11.152631
2003-10-28,11.402909
2003-10-29,11.380157
2003-10-30,11.418082
2003-10-31,11.410492
2003-11-03,11.497716
2003-11-04,11.429452
2003-11-05,11.418082
2003-11-06,11.501505
2003-11-07,11.531840
2003-11-10,11.395326
2003-11-11,11.376362
2003-11-12,11.490131
2003-11-13,11.448417
2003-11-14,11.323274
2003-11-17,11.220889
2003-11-18,11.076788
2003-11-19,11.148836
2003-11-20,11.137466
2003-11-21,11.186760
2003-11-24,11.410492
2003-11-25,11.520468
2003-11-26,11.516672
2003-11-28,11.512880
2003-12-01,11.622852
2003-12-02,11.535633
2003-12-03,11.490131
2003-12-04,11.463584
2003-12-05,11.346034
2003-12-08,11.395326
2003-12-09,11.338442
2003-12-10,11.285357
2003-12-11,11.459792
2003-12-12,11.520468
2003-12-15,11.471166
2003-12-16,11.444621
2003-12-17,11.550804
2003-12-18,11.698699
2003-12-19,11.734436
2003-12-22,11.772464
2003-12-23,11.810488
2003-12-24,11.764858
2003-12-26,11.818094
2003-12-29,11.924562
2003-12-30,11.886545
2003-12-31,11.973998
2004-01-02,11.871328
2004-01-05,11.973998
2004-01-06,12.019624
2004-01-07,12.072860
2004-01-08,12.034838
2004-01-09,11.985406
2004-01-12,11.958784
2004-01-13,11.939771
2004-01-14,12.034838
2004-01-15,12.069053
2004-01-16,12.069053
2004-01-20,11.981601
2004-01-21,12.129897
2004-01-22,12.224959
2004-01-23,12.186934
2004-01-26,12.209746
2004-01-27,12.126093
2004-01-28,11.837109
2004-01-29,11.913152
2004-01-30,11.905550
2004-02-02,11.871328
2004-02-03,11.806686
2004-02-04,11.791477
2004-02-05,11.882735
2004-02-06,12.008219
2004-02-09,12.023424
2004-02-10,12.126093
2004-02-11,12.247776
2004-02-12,12.186934
2004-02-13,12.065250
2004-02-17,12.221154
2004-02-18,12.148905
2004-02-19,12.160316
2004-02-20,12.069053
2004-02-23,11.981601
2004-02-24,12.004416
2004-02-25,12.069053
2004-02-26,12.145110
2004-02-27,12.164117
2004-03-01,12.240170
2004-03-02,12.205945
2004-03-03,12.217356
2004-03-04,12.266785
2004-03-05,12.354241
2004-03-08,12.183128
2004-03-09,12.103278
2004-03-10,11.954981
2004-03-11,11.734436
2004-03-12,11.920758
2004-03-15,11.685008
2004-03-16,11.787671
2004-03-17,11.954981
2004-03-18,11.924562
2004-03-19,11.856784
2004-03-22,11.674025
2004-03-23,11.651178
2004-03-24,11.708292
2004-03-25,11.913902
2004-03-26,11.902482
2004-03-29,12.012901
2004-03-30,12.104282
2004-03-31,12.089050
2004-04-01,12.142357
2004-04-02,12.252774
2004-04-05,12.378428
2004-04-06,12.351764
2004-04-07,12.260388
2004-04-08,12.184238
2004-04-12,12.287044
2004-04-13,12.058587
2004-04-14,12.039551
2004-04-15,12.028131
2004-04-16,12.142357
2004-04-19,12.149971
2004-04-20,12.073817
2004-04-21,12.089050
2004-04-22,12.332733
2004-04-23,12.283235
2004-04-26,12.184238
2004-04-27,12.268005
2004-04-28,12.123321
2004-04-29,12.043360
2004-04-30,11.951980
2004-05-03,12.012901
2004-05-04,11.990055
2004-05-05,12.016705
2004-05-06,11.837749
2004-05-07,11.552180
2004-05-10,11.407495
2004-05-11,11.575028
2004-05-12,11.613105
2004-05-13,11.575028
2004-05-14,11.578836
2004-05-17,11.396071
2004-05-18,11.575028
2004-05-19,11.525524
2004-05-20,11.552180
2004-05-21,11.609295
2004-05-24,11.731140
2004-05-25,11.967205
2004-05-26,11.974824
2004-05-27,12.028131
2004-05-28,12.028131
2004-06-01,12.016705
2004-06-02,12.062397
2004-06-03,11.986242
2004-06-04,12.035746
2004-06-07,12.203279
2004-06-08,12.245157
2004-06-09,12.153774
2004-06-10,12.203279
2004-06-14,12.047167
2004-06-15,12.119511
2004-06-16,12.130931
2004-06-17,12.161398
2004-06-18,12.158344
2004-06-21,12.116399
2004-06-22,12.063029
2004-06-23,12.158344
2004-06-24,12.162156
2004-06-25,12.150717
2004-06-28,12.127839
2004-06-29,12.036341
2004-06-30,12.059216
2004-07-01,11.986773
2004-07-02,11.921965
2004-07-06,11.845712
2004-07-07,11.811399
2004-07-08,11.651267
2004-07-09,11.716084
2004-07-12,11.746585
2004-07-13,11.792335
2004-07-14,11.742771
2004-07-15,11.685584
2004-07-16,11.555950
2004-07-19,11.510200
2004-07-20,11.639832
2004-07-21,11.536890
2004-07-22,11.555950
2004-07-23,11.487329
2004-07-26,11.388199
2004-07-27,11.582646
2004-07-28,11.533075
2004-07-29,11.590268
2004-07-30,11.601706
2004-08-02,11.670336
2004-08-03,11.552138
2004-08-04,11.491138
2004-08-05,11.289072
2004-08-06,11.125134
2004-08-09,11.109881
2004-08-10,11.273819
2004-08-11,11.193762
2004-08-12,11.041254
2004-08-13,11.067941
2004-08-16,11.331007
2004-08-17,11.475890
2004-08-18,11.575017
2004-08-19,11.521640
2004-08-20,11.624580
2004-08-23,11.563580
2004-08-24,11.594081
2004-08-25,11.681772
2004-08-26,11.677950
2004-08-27,11.677950
2004-08-30,11.586453
2004-08-31,11.578833
2004-09-01,11.616955
2004-09-02,11.799958
2004-09-03,11.788524
2004-09-07,11.868588
2004-09-08,11.830461
2004-09-09,11.769457
2004-09-10,11.876212
2004-09-13,11.914335
2004-09-14,11.967717
2004-09-15,11.899085
2004-09-16,11.971529
2004-09-17,11.996725
2004-09-20,11.905090
2004-09-21,11.996725
2004-09-22,11.836359
2004-09-23,11.878363
2004-09-24,11.912726
2004-09-27,11.828730
2004-09-28,11.821090
2004-09-29,11.863091
2004-09-30,11.912726
2004-10-01,12.061636
2004-10-04,12.176182
2004-10-05,12.160907
2004-10-06,12.225817
2004-10-07,12.138000
2004-10-08,12.042545
2004-10-11,12.088363
2004-10-12,12.057816
2004-10-13,12.019634
2004-10-14,11.916543
2004-10-15,12.000546
2004-10-18,12.084542
2004-10-19,12.008180
2004-10-20,11.943274
2004-10-21,12.050181
2004-10-22,11.947093
2004-10-25,11.935638
2004-10-26,12.134176
2004-10-27,12.340360
2004-10-28,12.409088
2004-10-29,12.393814
2004-11-01,12.443456
2004-11-02,12.489267
2004-11-03,12.519817
2004-11-04,12.794725
2004-11-05,12.840545
2004-11-08,12.848186
2004-11-09,12.859633
2004-11-10,12.859633
2004-11-11,12.977998
2004-11-12,13.061995
2004-11-15,13.100182
2004-11-16,12.977998
2004-11-17,12.989455
2004-11-18,13.050544
2004-11-19,12.886363
2004-11-22,12.966539
2004-11-23,13.039089
2004-11-24,13.126907
2004-11-26,13.142178
2004-11-29,13.054359
2004-11-30,12.913087
2004-12-01,13.115451
2004-12-02,13.130731
2004-12-03,13.088723
2004-12-06,13.065811
2004-12-07,12.974176
2004-12-08,13.050544
2004-12-09,13.149820
2004-12-10,13.134543
2004-12-13,13.180365
2004-12-14,13.249085
2004-12-15,13.306360
2004-12-16,13.283452
2004-12-17,13.225234
2004-12-20,13.209911
2004-12-21,13.282689
2004-12-22,13.374611
2004-12-23,13.351636
2004-12-27,13.359290
2004-12-28,13.516323
2004-12-29,13.527805
2004-12-30,13.566112
2004-12-31,13.516323
2005-01-03,13.428231
2005-01-04,13.271194
2005-01-05,13.221407
2005-01-06,13.152460
2005-01-07,13.148635
2005-01-10,13.198425
2005-01-11,13.114165
2005-01-12,13.190767
2005-01-13,13.095008
2005-01-14,13.217574
2005-01-18,13.328646
2005-01-19,13.194597
2005-01-20,12.957134
2005-01-21,12.911170
2005-01-24,12.784779
2005-01-25,12.819247
2005-01-26,12.888192
2005-01-27,12.861379
2005-01-28,12.800097
2005-01-31,12.937975
2005-02-01,12.949469
2005-02-02,12.987769
2005-02-03,12.960960
2005-02-04,13.079691
2005-02-07,13.114165
2005-02-08,13.083525
2005-02-09,12.937975
2005-02-10,12.991598
2005-02-11,13.056713
2005-02-14,13.037558
2005-02-15,13.140977
2005-02-16,13.117993
2005-02-17,13.052886
2005-02-18,13.026073
2005-02-22,12.769455
2005-02-23,12.849889
2005-02-24,12.861379
2005-02-25,12.922659
2005-02-28,12.869041
2005-03-01,13.014580
2005-03-02,13.022245
2005-03-03,13.006917
2005-03-04,13.117993
2005-03-07,13.129483
2005-03-08,13.060541
2005-03-09,12.915001
2005-03-10,12.937975
2005-03-11,12.922659
2005-03-14,12.941813
2005-03-15,12.957134
2005-03-16,12.880528
2005-03-17,12.892021
2005-03-18,12.818376
2005-03-21,12.757010
2005-03-22,12.649611
2005-03-23,12.607417
2005-03-24,12.626600
2005-03-28,12.714822
2005-03-29,12.553722
2005-03-30,12.757010
2005-03-31,12.718651
2005-04-01,12.618926
2005-04-04,12.653452
2005-04-05,12.730165
2005-04-06,12.676465
2005-04-07,12.733997
2005-04-08,12.634271
2005-04-11,12.565238
2005-04-12,12.684136
2005-04-13,12.492355
2005-04-14,12.319760
2005-04-15,12.070445
2005-04-18,12.093456
2005-04-19,12.108803
2005-04-20,11.909353
2005-04-21,12.204689
2005-04-22,12.020586
2005-04-25,12.127981
2005-04-26,12.043600
2005-04-27,12.058938
2005-04-28,11.882508
2005-04-29,11.909353
2005-05-02,11.970723
2005-05-03,12.016749
2005-05-04,12.273727
2005-05-05,12.200852
2005-05-06,12.200852
2005-05-09,12.269897
2005-05-10,12.120311
2005-05-11,12.116473
2005-05-12,12.055109
2005-05-13,12.047437
2005-05-16,12.197019
2005-05-17,12.300579
2005-05-18,12.542220
2005-05-19,12.641945
2005-05-20,12.607417
2005-05-23,12.687971
2005-05-24,12.664960
2005-05-25,12.626600
2005-05-26,12.691805
2005-05-27,12.691805
2005-05-31,12.645779
2005-06-01,12.699476
2005-06-02,12.764677
2005-06-03,12.672625
2005-06-06,12.691805
2005-06-07,12.710983
2005-06-08,12.657286
2005-06-09,12.707146
2005-06-10,12.707146
2005-06-13,12.726326
2005-06-14,12.860569
2005-06-15,12.860569
2005-06-16,12.887419
2005-06-17,12.940812
2005-06-20,12.948491
2005-06-21,12.956172
2005-06-22,12.952333
2005-06-23,12.725704
2005-06-24,12.614306
2005-06-27,12.556696
2005-06-28,12.733392
2005-06-29,12.656565
2005-06-30,12.591269
2005-07-01,12.621991
2005-07-05,12.741069
2005-07-06,12.625830
2005-07-07,12.664247
2005-07-08,12.860146
2005-07-11,12.929288
2005-07-12,13.013788
2005-07-13,12.979222
2005-07-14,13.048359
2005-07-15,13.102139
2005-07-18,13.113658
2005-07-19,13.194324
2005-07-20,13.244257
2005-07-21,13.213530
2005-07-22,13.278827
2005-07-25,13.175122
2005-07-26,13.282676
2005-07-27,13.317245
2005-07-28,13.451679
2005-07-29,13.305721
2005-08-01,13.309557
2005-08-02,13.374855
2005-08-03,13.317245
2005-08-04,13.202005
2005-08-05,13.102139
2005-08-08,13.071410
2005-08-09,13.217371
2005-08-10,13.209694
2005-08-11,13.267308
2005-08-12,13.232737
2005-08-15,13.328763
2005-08-16,13.052200
2005-08-17,13.129025
2005-08-18,13.075244
2005-08-19,13.009940
2005-08-22,13.002267
2005-08-23,12.960014
2005-08-24,12.867828
2005-08-25,12.902396
2005-08-26,12.848619
2005-08-29,12.887033
2005-08-30,12.756437
2005-08-31,12.867828
2005-09-01,12.741069
2005-09-02,12.694979
2005-09-06,12.913922
2005-09-07,13.006104
2005-09-08,12.883189
2005-09-09,12.990743
2005-09-12,13.025312
2005-09-13,12.837097
2005-09-14,12.718024
2005-09-15,12.741069
2005-09-16,12.752232
2005-09-19,12.598310
2005-09-20,12.378980
2005-09-21,12.182726
2005-09-22,12.378980
2005-09-23,12.425153
2005-09-26,12.409754
2005-09-27,12.405910
2005-09-28,12.294316
2005-09-29,12.417458
2005-09-30,12.502114
2005-10-03,12.467476
2005-10-04,12.382823
2005-10-05,12.175033
2005-10-06,12.186575
2005-10-07,12.198123
2005-10-10,12.105767
2005-10-11,12.059592
2005-10-12,11.924915
2005-10-13,11.959549
2005-10-14,12.078834
2005-10-17,12.101919
2005-10-18,11.974937
2005-10-19,12.201968
2005-10-20,12.051896
2005-10-21,12.036505
2005-10-24,12.244293
2005-10-25,12.155791
2005-10-26,12.082681
2005-10-27,11.840258
2005-10-28,12.048050
2005-10-31,12.248142
2005-11-01,12.255838
2005-11-02,12.471330
2005-11-03,12.475172
2005-11-04,12.521349
2005-11-07,12.621403
2005-11-08,12.479022
2005-11-09,12.475172
2005-11-10,12.663727
2005-11-11,12.702206
2005-11-14,12.709898
2005-11-15,12.521349
2005-11-16,12.513659
2005-11-17,12.679117
2005-11-18,12.763772
2005-11-21,12.809953
2005-11-22,12.867667
2005-11-23,12.960019
2005-11-25,12.960019
2005-11-28,12.840734
2005-11-29,12.821492
2005-11-30,12.736838
2005-12-01,12.883060
2005-12-02,12.925387
2005-12-05,12.848431
2005-12-06,12.886911
2005-12-07,12.875364
2005-12-08,12.821492
2005-12-09,12.840734
2005-12-12,12.856125
2005-12-13,12.913845
2005-12-14,12.979259
2005-12-15,12.952327
2005-12-16,12.921770
2005-12-19,12.782537
2005-12-20,12.755459
2005-12-21,12.767067
2005-12-22,12.770933
2005-12-23,12.794140
2005-12-27,12.685849
2005-12-28,12.709049
2005-12-29,12.705181
2005-12-30,12.627831
2006-01-03,12.763198
2006-01-04,12.774801
2006-01-05,12.786405
2006-01-06,12.890827
2006-01-09,13.022326
2006-01-10,13.026198
2006-01-11,13.091949
2006-01-12,12.975918
2006-01-13,12.979784
2006-01-17,12.910166
2006-01-18,12.867626
2006-01-19,12.964314
2006-01-20,12.743861
2006-01-23,12.736124
2006-01-24,12.863758
2006-01-25,12.817346
2006-01-26,12.871486
2006-01-27,12.929511
2006-01-30,12.898563
2006-01-31,12.852157
2006-02-01,12.894696
2006-02-02,12.879222
2006-02-03,12.817346
2006-02-06,12.813474
2006-02-07,12.736124
2006-02-08,12.825076
2006-02-09,12.821212
2006-02-10,12.867626
2006-02-13,12.836686
2006-02-14,12.979784
2006-02-15,13.037796
2006-02-16,13.080345
2006-02-17,13.002991
2006-02-21,12.933370
2006-02-22,13.030065
2006-02-23,12.960442
2006-02-24,12.937243
2006-02-27,13.053270
2006-02-28,12.944976
2006-03-01,13.041668
2006-03-02,12.956579
2006-03-03,12.948843
2006-03-06,12.867626
2006-03-07,12.809604
2006-03-08,12.832816
2006-03-09,12.782537
2006-03-10,12.902431
2006-03-13,12.898563
2006-03-14,13.037796
2006-03-15,13.111284
2006-03-16,13.138357
2006-03-17,13.160410
2006-03-20,13.129464
2006-03-21,13.055958
2006-03-22,13.098508
2006-03-23,13.090777
2006-03-24,13.071435
2006-03-27,13.067562
2006-03-28,12.997935
2006-03-29,13.113990
2006-03-30,13.059828
2006-03-31,13.021147
2006-04-03,12.974722
2006-04-04,13.048217
2006-04-05,13.133330
2006-04-06,13.160410
2006-04-07,13.102373
2006-04-10,13.083036
2006-04-11,12.978590
2006-04-12,12.966984
2006-04-13,12.997935
2006-04-17,12.932175
2006-04-18,13.121720
2006-04-19,13.075303
2006-04-20,13.125589
2006-04-21,13.025009
2006-04-24,13.021147
2006-04-25,13.001799
2006-04-26,13.090777
2006-04-27,13.195222
2006-04-28,13.187486
2006-05-01,13.113990
2006-05-02,13.125589
2006-05-03,13.160410
2006-05-04,13.233907
2006-05-05,13.388638
2006-05-08,13.407986
2006-05-09,13.446676
2006-05-10,13.454410
2006-05-11,13.319013
2006-05-12,13.187486
2006-05-15,13.222303
2006-05-16,13.129464
2006-05-17,12.947644
2006-05-18,12.939907
2006-05-19,13.028882
2006-05-22,12.936040
2006-05-23,12.839329
2006-05-24,12.858671
2006-05-25,12.982463
2006-05-26,13.025009
2006-05-30,12.827719
2006-05-31,12.966984
2006-06-01,13.168141
2006-06-02,13.141061
2006-06-05,12.932175
2006-06-06,12.866410
2006-06-07,12.870279
2006-06-08,12.850932
2006-06-09,12.819985
2006-06-12,12.649776
2006-06-13,12.549191
2006-06-14,12.607224
2006-06-15,12.881877
2006-06-16,12.851256
2006-06-19,12.781479
2006-06-20,12.734946
2006-06-21,12.859009
2006-06-22,12.758215
2006-06-23,12.746585
2006-06-26,12.812489
2006-06-27,12.649667
2006-06-28,12.661295
2006-06-29,12.936541
2006-06-30,12.944298
2006-07-03,12.963675
2006-07-05,12.843501
2006-07-06,12.851256
2006-07-07,12.754335
2006-07-10,12.769842
2006-07-11,12.758215
2006-07-12,12.556626
2006-07-13,12.327897
2006-07-14,12.168956
2006-07-17,12.254246
2006-07-18,12.180589
2006-07-19,12.424821
2006-07-20,12.261999
2006-07-21,12.149570
2006-07-24,12.413190
2006-07-25,12.525611
2006-07-26,12.382180
2006-07-27,12.355039
2006-07-28,12.506226
2006-07-31,12.513981
2006-08-01,12.397680
2006-08-02,12.498472
2006-08-03,12.576004
2006-08-04,12.579886
2006-08-07,12.552752
2006-08-08,12.424821
2006-08-09,12.254246
2006-08-10,12.420940
2006-08-11,12.417063
2006-08-14,12.451958
2006-08-15,12.626406
2006-08-16,12.754335
2006-08-17,12.831870
2006-08-18,12.827995
2006-08-21,12.688431
2006-08-22,12.676805
2006-08-23,12.564383
2006-08-24,12.498472
2006-08-25,12.498472
2006-08-28,12.622530
2006-08-29,12.715576
2006-08-30,12.723323
2006-08-31,12.762092
2006-09-01,12.866762
2006-09-05,12.905529
2006-09-06,12.746585
2006-09-07,12.789230
2006-09-08,12.905529
2006-09-11,13.006322
2006-09-12,13.308702
2006-09-13,13.362977
2006-09-14,13.328090
2006-09-15,13.384797
2006-09-18,13.314880
2006-09-19,13.342070
2006-09-20,13.439180
2006-09-21,13.365378
2006-09-22,13.353725
2006-09-25,13.559581
2006-09-26,13.676105
2006-09-27,13.652808
2006-09-28,13.648920
2006-09-29,13.575120
2006-10-02,13.606194
2006-10-03,13.722721
2006-10-04,13.920805
2006-10-05,13.959651
2006-10-06,13.932459
2006-10-09,14.029564
2006-10-10,14.115020
2006-10-11,14.080060
2006-10-12,14.266496
2006-10-13,14.227659
2006-10-16,14.216004
2006-10-17,14.165512
2006-10-18,14.177164
2006-10-19,14.169401
2006-10-20,14.149978
2006-10-23,14.336415
2006-10-24,14.390797
2006-10-25,14.340302
2006-10-26,14.538387
2006-10-27,14.394675
2006-10-30,14.484016
2006-10-31,14.452941
2006-11-01,14.340302
2006-11-02,14.324759
2006-11-03,14.216004
2006-11-06,14.390797
2006-11-07,14.429639
2006-11-08,14.499557
2006-11-09,14.452941
2006-11-10,14.499557
2006-11-13,14.518970
2006-11-14,14.678225
2006-11-15,14.732601
2006-11-16,14.829702
2006-11-17,14.802519
2006-11-20,14.744260
2006-11-21,14.786975
2006-11-22,14.818050
2006-11-24,14.740359
2006-11-27,14.526741
2006-11-28,14.518970
2006-11-29,14.619961
2006-11-30,14.635495
2006-12-01,14.616065
2006-12-04,14.771434
2006-12-05,14.895726
2006-12-06,14.884082
2006-12-07,14.814165
2006-12-08,14.845243
2006-12-11,14.899616
2006-12-12,14.818050
2006-12-13,14.895726
2006-12-14,15.051105
2006-12-15,14.987956
2006-12-18,14.976251
2006-12-19,14.984053
2006-12-20,14.980155
2006-12-21,14.913885
2006-12-22,14.902187
2006-12-26,14.948970
2006-12-27,15.046421
2006-12-28,15.030831
2006-12-29,14.952867
2007-01-03,15.015242
2007-01-04,15.011341
2007-01-05,14.909988
2007-01-08,14.933383
2007-01-09,15.015242
2007-01-10,15.093199
2007-01-11,15.260826
2007-01-12,15.303694
2007-01-16,15.358255
2007-01-17,15.358255
2007-01-18,15.444024
2007-01-19,15.440122
2007-01-22,15.342671
2007-01-23,15.397244
2007-01-24,15.455713
2007-01-25,15.210135
2007-01-26,15.136072
2007-01-29,15.175059
2007-01-30,15.217937
2007-01-31,15.381649
2007-02-01,15.436233
2007-02-02,15.479102
2007-02-05,15.428431
2007-02-06,15.483006
2007-02-07,15.557071
2007-02-08,15.525888
2007-02-09,15.381649
2007-02-12,15.307595
2007-02-13,15.440122
2007-02-14,15.521980
2007-02-15,15.572658
2007-02-16,15.553169
2007-02-20,15.666218
2007-02-21,15.603840
2007-02-22,15.568748
2007-02-23,15.533674
2007-02-26,15.401140
2007-02-27,14.871011
2007-02-28,14.921687
2007-03-01,14.835933
2007-03-02,14.726787
2007-03-05,14.531881
2007-03-06,14.781367
2007-03-07,14.765753
2007-03-08,14.882704
2007-03-09,14.913885
2007-03-12,14.894403
2007-03-13,14.621538
2007-03-14,14.594254
2007-03-15,14.625437
2007-03-16,14.573889
2007-03-19,14.788671
2007-03-20,14.898010
2007-03-21,15.132319
2007-03-22,15.089359
2007-03-23,15.097172
2007-03-26,15.022969
2007-03-27,14.929244
2007-03-28,14.761334
2007-03-29,14.812101
2007-03-30,14.851149
2007-04-02,14.901917
2007-04-03,15.093260
2007-04-04,15.050303
2007-04-05,15.171371
2007-04-09,15.159668
2007-04-10,15.190896
2007-04-11,15.073738
2007-04-12,15.179177
2007-04-13,15.190896
2007-04-16,15.343195
2007-04-17,15.405684
2007-04-18,15.393968
2007-04-19,15.272898
2007-04-20,15.452533
2007-04-23,15.421290
2007-04-24,15.366616
2007-04-25,15.522823
2007-04-26,15.499394
2007-04-27,15.397863
2007-04-30,15.202611
2007-05-01,15.245566
2007-05-02,15.421290
2007-05-03,15.390059
2007-05-04,15.425200
2007-05-07,15.425200
2007-05-08,15.358810
2007-05-09,15.452533
2007-05-10,15.284612
2007-05-11,15.347095
2007-05-14,15.347095
2007-05-15,15.292431
2007-05-16,15.347095
2007-05-17,15.370530
2007-05-18,15.511118
2007-05-21,15.569690
2007-05-22,15.554078
2007-05-23,15.561874
2007-05-24,15.436914
2007-05-25,15.491592
2007-05-29,15.479877
2007-05-30,15.620458
2007-05-31,15.659509
2007-06-01,15.749331
2007-06-04,15.780560
2007-06-05,15.686842
2007-06-06,15.487687
2007-06-07,15.198705
2007-06-08,15.393968
2007-06-11,15.343195
2007-06-12,15.218228
2007-06-13,15.393968
2007-06-14,15.503303
2007-06-15,15.581552
2007-06-18,15.515045
2007-06-19,15.565897
2007-06-20,15.538517
2007-06-21,15.511128
2007-06-22,15.409420
2007-06-25,15.346823
2007-06-26,15.241203
2007-06-27,15.397678
2007-06-28,15.366383
2007-06-29,15.385942
2007-07-02,15.468094
2007-07-03,15.491575
2007-07-05,15.573715
2007-07-06,15.714549
2007-07-09,15.655875
2007-07-10,15.378123
2007-07-11,15.468094
2007-07-12,15.589368
2007-07-13,15.667604
2007-07-16,15.605006
2007-07-17,15.620667
2007-07-18,15.601102
2007-07-19,15.636312
2007-07-20,15.436798
2007-07-23,15.460275
2007-07-24,15.217728
2007-07-25,15.166871
2007-07-26,14.720898
2007-07-27,14.490092
2007-07-30,14.697423
2007-07-31,14.474445
2007-08-01,14.494009
2007-08-02,14.677875
2007-08-03,14.227993
2007-08-06,14.454891
2007-08-07,14.537033
2007-08-08,14.701340
2007-08-09,14.286667
2007-08-10,14.224073
2007-08-13,14.302318
2007-08-14,13.938501
2007-08-15,13.789843
2007-08-16,13.809404
2007-08-17,13.907197
2007-08-20,13.981531
2007-08-21,14.075418
2007-08-22,14.263190
2007-08-23,14.208428
2007-08-24,14.494009
2007-08-27,14.294491
2007-08-28,13.950233
2007-08-29,14.388386
2007-08-30,14.329696
2007-08-31,14.564425
2007-09-04,14.583982
2007-09-05,14.353171
2007-09-06,14.388386
2007-09-07,14.044127
2007-09-10,13.969795
2007-09-11,14.126276
2007-09-12,14.134092
2007-09-13,14.329696
2007-09-14,14.423591
2007-09-17,14.247543
2007-09-18,14.803053
2007-09-19,14.830441
2007-09-20,14.537033
2007-09-21,14.542131
2007-09-24,14.420625
2007-09-25,14.232475
2007-09-26,14.436304
2007-09-27,14.365744
2007-09-28,14.436304
2007-10-01,14.624447
2007-10-02,14.620525
2007-10-03,14.702838
2007-10-04,14.628366
2007-10-05,14.953709
2007-10-08,14.855715
2007-10-09,14.879227
2007-10-10,14.816509
2007-10-11,14.749866
2007-10-12,14.824355
2007-10-15,14.589169
2007-10-16,14.542131
2007-10-17,14.557817
2007-10-18,14.424540
2007-10-19,14.103123
2007-10-22,14.228561
2007-10-23,14.295188
2007-10-24,14.248155
2007-10-25,14.161918
2007-10-26,14.326544
2007-10-29,14.365744
2007-10-30,14.322629
2007-10-31,14.365744
2007-11-01,14.001215
2007-11-02,13.993375
2007-11-05,13.805228
2007-11-06,13.926739
2007-11-07,13.640595
2007-11-08,13.601399
2007-11-09,13.291741
2007-11-12,13.311337
2007-11-13,13.679799
2007-11-14,13.464208
2007-11-15,13.334862
2007-11-16,13.330940
2007-11-19,13.036962
2007-11-20,13.048722
2007-11-21,12.923293
2007-11-23,13.150635
2007-11-26,12.809618
2007-11-27,13.013446
2007-11-28,13.519084
2007-11-29,13.385820
2007-11-30,13.581803
2007-12-03,13.511247
2007-12-04,13.468129
2007-12-05,13.448531
2007-12-06,13.566118
2007-12-07,13.679799
2007-12-10,13.687637
2007-12-11,13.248628
2007-12-12,13.291741
2007-12-13,13.205512
2007-12-14,13.033048
2007-12-17,12.911530
2007-12-18,13.033048
2007-12-19,12.915456
2007-12-20,12.978170
2007-12-21,13.003828
2007-12-24,13.244637
2007-12-26,13.201213
2007-12-27,13.015676
2007-12-28,12.956452
2007-12-31,12.909083
2008-01-02,12.711694
2008-01-03,12.569576
2008-01-04,12.174805
2008-01-07,12.218233
2008-01-08,11.981368
2008-01-09,12.068213
2008-01-10,12.237965
2008-01-11,11.945839
2008-01-14,12.060320
2008-01-15,11.839245
2008-01-16,11.906359
2008-01-17,11.708973
2008-01-18,11.653701
2008-01-22,11.882674
2008-01-23,12.316924
2008-01-24,12.439302
2008-01-25,12.182694
2008-01-28,12.384034
2008-01-29,12.423508
2008-01-30,12.344557
2008-01-31,12.861709
2008-02-01,12.976188
2008-02-04,12.790650
2008-02-05,12.431409
2008-02-06,12.297184
2008-02-07,12.534047
2008-02-08,12.462984
2008-02-11,12.593260
2008-02-12,12.616952
2008-02-13,12.778805
2008-02-14,12.656428
2008-02-15,12.723536
2008-02-19,12.577469
2008-02-20,12.751175
2008-02-21,12.447197
2008-02-22,12.719591
2008-02-25,12.889343
2008-02-26,13.015676
2008-02-27,12.988033
2008-02-28,12.680115
2008-02-29,12.364291
2008-03-03,12.336661
2008-03-04,12.316924
2008-03-05,12.320868
2008-03-06,12.020846
2008-03-07,11.906359
2008-03-10,11.768187
2008-03-11,12.087954
2008-03-12,12.020846
2008-03-13,12.032684
2008-03-14,11.858987
2008-03-17,11.701077
2008-03-18,12.162962
2008-03-19,12.001103
2008-03-20,12.352916
2008-03-24,12.764019
2008-03-25,12.661244
2008-03-26,12.424067
2008-03-27,12.305481
2008-03-28,12.068303
2008-03-31,12.143408
2008-04-01,12.688912
2008-04-02,12.688912
2008-04-03,12.728442
2008-04-04,12.669150
2008-04-07,12.621712
2008-04-08,12.594040
2008-04-09,12.317339
2008-04-10,12.447787
2008-04-11,12.218515
2008-04-14,12.131549
2008-04-15,12.115739
2008-04-16,12.384537
2008-04-17,12.439878
2008-04-18,12.677053
2008-04-21,12.677053
2008-04-22,12.495218
2008-04-23,12.491267
2008-04-24,12.665195
2008-04-25,12.791691
2008-04-28,12.775877
2008-04-29,12.878654
2008-04-30,12.431973
2008-05-01,13.147455
2008-05-02,13.119787
2008-05-05,12.973522
2008-05-06,13.028866
2008-05-07,12.783785
2008-05-08,12.803548
2008-05-09,12.728442
2008-05-12,12.989332
2008-05-13,13.036771
2008-05-14,13.183027
2008-05-15,13.309522
2008-05-16,13.218606
2008-05-19,13.222560
2008-05-20,13.017006
2008-05-21,12.740299
2008-05-22,12.684958
2008-05-23,12.530797
2008-05-27,12.625668
2008-05-28,12.625668
2008-05-29,12.870749
2008-05-30,12.771926
2008-06-02,12.645432
2008-06-03,12.661244
2008-06-04,12.736349
2008-06-05,12.902375
2008-06-06,12.356868
2008-06-09,12.348961
2008-06-10,12.396398
2008-06-11,12.135501
2008-06-12,12.234330
2008-06-13,12.538702
2008-06-16,12.499173
2008-06-17,12.372681
2008-06-18,12.099927
2008-06-19,12.254088
2008-06-20,11.893867
2008-06-23,11.687565
2008-06-24,11.735172
2008-06-25,11.822454
2008-06-26,11.544747
2008-06-27,11.350349
2008-06-30,11.298773
2008-07-01,11.155955
2008-07-02,11.032966
2008-07-03,11.128181
2008-07-07,11.001226
2008-07-08,11.286874
2008-07-09,11.048835
2008-07-10,10.854440
2008-07-11,10.628308
2008-07-14,10.572766
2008-07-15,10.572766
2008-07-16,10.997260
2008-07-17,11.048835
2008-07-18,11.390018
2008-07-21,11.187687
2008-07-22,11.485235
2008-07-23,11.707403
2008-07-24,11.457464
2008-07-25,11.278934
2008-07-28,11.013130
2008-07-29,11.405890
2008-07-30,11.393985
2008-07-31,11.318611
2008-08-01,11.207526
2008-08-04,11.290837
2008-08-05,11.794678
2008-08-06,11.735172
2008-08-07,11.505071
2008-08-08,12.052548
2008-08-11,12.421512
2008-08-12,12.258847
2008-08-13,12.060489
2008-08-14,12.242978
2008-08-15,12.385803
2008-08-18,12.175537
2008-08-19,11.949405
2008-08-20,11.802619
2008-08-21,11.897828
2008-08-22,12.175537
2008-08-25,11.834352
2008-08-26,11.925602
2008-08-27,11.961305
2008-08-28,12.239016
2008-08-29,12.100160
2008-09-02,12.338200
2008-09-03,12.401673
2008-09-04,11.989079
2008-09-05,12.012881
2008-09-08,12.556394
2008-09-09,12.318360
2008-09-10,12.191410
2008-09-11,12.377871
2008-09-12,12.377871
2008-09-15,11.961305
2008-09-16,12.040654
2008-09-17,11.564579
2008-09-18,11.862122
2008-09-19,12.023367
2008-09-22,11.529689
2008-09-23,11.366462
2008-09-24,11.326649
2008-09-25,11.529689
2008-09-26,11.645144
2008-09-29,10.868803
2008-09-30,11.107678
2008-10-01,11.107678
2008-10-02,10.705569
2008-10-03,10.331332
2008-10-06,10.040703
2008-10-07,9.395741
2008-10-08,9.212601
2008-10-09,8.627362
2008-10-10,8.810498
2008-10-13,9.156867
2008-10-14,9.212601
2008-10-15,8.141652
2008-10-16,8.679117
2008-10-17,8.854294
2008-10-20,8.902069
2008-10-21,8.802543
2008-10-22,8.201368
2008-10-23,8.201368
2008-10-24,7.731579
2008-10-27,7.616122
2008-10-28,8.360617
2008-10-29,8.531813
2008-10-30,8.790589
2008-10-31,9.148906
2008-11-03,8.886146
2008-11-04,9.236497
2008-11-05,8.726891
2008-11-06,8.265065
2008-11-07,8.408393
2008-11-10,8.213310
2008-11-11,7.926662
2008-11-12,7.444933
2008-11-13,8.026193
2008-11-14,7.636030
2008-11-17,7.417061
2008-11-18,7.381231
2008-11-19,6.907463
2008-11-20,6.501375
2008-11-21,6.947277
2008-11-24,7.492705
2008-11-25,7.588258
2008-11-26,8.034157
2008-11-28,8.157578
2008-12-01,7.444933
2008-12-02,7.791300
2008-12-03,8.069983
2008-12-04,8.157578
2008-12-05,8.396453
2008-12-08,8.710966
2008-12-09,8.535792
2008-12-10,8.734857
2008-12-11,8.364600
2008-12-12,8.336729
2008-12-15,8.308865
2008-12-16,8.750779
2008-12-17,8.798554
2008-12-18,8.551720
2008-12-19,8.516412
2008-12-22,8.287761
2008-12-23,8.199511
2008-12-24,8.259681
2008-12-26,8.351948
2008-12-29,8.191484
2008-12-30,8.500369
2008-12-31,8.652804
2009-01-02,9.086049
2009-01-05,9.045938
2009-01-06,9.198374
2009-01-07,8.833326
2009-01-08,8.885473
2009-01-09,8.612698
2009-01-12,8.408108
2009-01-13,8.299796
2009-01-14,7.974861
2009-01-15,8.171426
2009-01-16,8.267706
2009-01-20,7.782314
2009-01-21,8.018988
2009-01-22,7.918705
2009-01-23,7.894638
2009-01-26,7.950795
2009-01-27,7.926724
2009-01-28,8.263691
2009-01-29,7.930741
2009-01-30,7.734175
2009-02-02,7.661969
2009-02-03,7.878586
2009-02-04,7.706091
2009-02-05,7.850506
2009-02-06,8.075150
2009-02-09,8.051079
2009-02-10,7.669992
2009-02-11,7.730164
2009-02-12,7.742198
2009-02-13,7.617840
2009-02-17,7.329013
2009-02-18,7.280874
2009-02-19,7.204657
2009-02-20,7.156521
2009-02-23,6.996062
2009-02-24,7.300933
2009-02-25,7.232737
2009-02-26,7.080301
2009-02-27,7.032163
2009-03-02,6.767402
2009-03-03,6.715253
2009-03-04,6.863678
2009-03-05,6.542758
2009-03-06,6.546770
2009-03-09,6.462527
2009-03-10,6.859666
2009-03-11,6.967978
2009-03-12,7.224715
2009-03-13,7.308957
2009-03-16,7.136462
2009-03-17,7.481449
2009-03-18,7.718131
2009-03-19,7.633889
2009-03-20,7.481437
2009-03-23,8.009773
2009-03-24,7.904911
2009-03-25,7.961377
2009-03-26,8.328390
2009-03-27,8.106568
2009-03-30,7.864579
2009-03-31,7.925078
2009-04-01,8.070269
2009-04-02,8.513914
2009-04-03,8.626841
2009-04-06,8.505849
2009-04-07,8.255793
2009-04-08,8.489713
2009-04-09,8.836564
2009-04-13,8.840593
2009-04-14,8.642975
2009-04-15,8.671205
2009-04-16,8.973684
2009-04-17,9.082584
2009-04-20,8.735737
2009-04-21,8.880927
2009-04-22,8.969658
2009-04-23,8.969658
2009-04-24,9.191474
2009-04-27,9.070484
2009-04-28,9.070484
2009-04-29,9.235845
2009-04-30,9.393129
2009-05-01,9.348768
2009-05-04,9.651251
2009-05-05,9.647217
2009-05-06,9.748050
2009-05-07,9.534289
2009-05-08,9.675454
2009-05-11,9.506058
2009-05-12,9.304403
2009-05-13,8.977722
2009-05-14,8.989822
2009-05-15,8.925290
2009-05-18,9.364899
2009-05-19,9.328606
2009-05-20,9.227777
2009-05-21,9.009987
2009-05-22,9.106783
2009-05-26,9.413301
2009-05-27,9.207607
2009-05-28,9.171309
2009-05-29,9.324571
2009-06-01,9.772243
2009-06-02,9.852910
2009-06-03,9.723850
2009-06-04,9.744019
2009-06-05,9.683520
2009-06-08,9.772243
2009-06-09,9.828709
2009-06-10,9.683520
2009-06-11,9.635119
2009-06-12,9.623019
2009-06-15,9.429431
2009-06-16,9.191474
2009-06-17,9.320538
2009-06-18,9.292306
2009-06-19,9.368451
2009-06-22,9.088979
2009-06-23,8.995818
2009-06-24,9.048479
2009-06-25,9.364403
2009-06-26,9.299597
2009-06-29,9.417053
2009-06-30,9.348199
2009-07-01,9.408951
2009-07-02,9.028224
2009-07-06,9.072778
2009-07-07,8.829753
2009-07-08,8.902660
2009-07-09,8.967468
2009-07-10,8.951265
2009-07-13,9.097074
2009-07-14,9.238840
2009-07-15,9.494012
2009-07-16,9.611474
2009-07-17,9.627673
2009-07-20,9.830191
2009-07-21,9.830191
2009-07-22,9.899046
2009-07-23,10.129913
2009-07-24,10.121814
2009-07-27,10.162321
2009-07-28,10.129913
2009-07-29,10.077261
2009-07-30,10.235225
2009-07-31,10.235225
2009-08-03,10.445847
2009-08-04,10.490397
2009-08-05,10.401288
2009-08-06,10.393189
2009-08-07,10.733418
2009-08-10,10.636208
2009-08-11,10.522798
2009-08-12,10.599759
2009-08-13,10.628110
2009-08-14,10.482296
2009-08-17,10.150168
2009-08-18,10.263577
2009-08-19,10.368886
2009-08-20,10.445847
2009-08-21,10.660513
2009-08-24,10.583555
2009-08-25,10.692913
2009-08-26,10.753670
2009-08-27,10.773921
2009-08-28,10.777971
2009-08-31,10.595707
2009-09-01,10.405340
2009-09-02,10.352683
2009-09-03,10.462044
2009-09-04,10.652411
2009-09-08,10.745566
2009-09-09,10.858982
2009-09-10,11.004789
2009-09-11,10.968336
2009-09-14,11.004789
2009-09-15,11.057447
2009-09-16,11.268063
2009-09-17,11.255914
2009-09-18,11.296546
2009-09-21,11.251851
2009-09-22,11.296546
2009-09-23,11.134007
2009-09-24,11.028355
2009-09-25,10.963341
2009-09-28,11.170578
2009-09-29,11.223401
2009-09-30,11.162454
2009-10-01,10.918643
2009-10-02,10.780480
2009-10-05,10.947086
2009-10-06,11.113692
2009-10-07,11.121816
2009-10-08,11.300612
2009-10-09,11.296546
2009-10-12,11.353436
2009-10-13,11.373755
2009-10-14,11.515979
2009-10-15,11.532233
2009-10-16,11.511909
2009-10-19,11.641944
2009-10-20,11.524104
2009-10-21,11.373755
2009-10-22,11.524104
2009-10-23,11.479405
2009-10-26,11.410327
2009-10-27,11.215278
2009-10-28,10.898324
2009-10-29,11.190892
2009-10-30,10.898324
2009-11-02,11.003972
2009-11-03,11.012102
2009-11-04,11.016162
2009-11-05,11.316867
2009-11-06,11.418454
2009-11-09,11.666327
2009-11-10,11.706960
2009-11-11,11.719151
2009-11-12,11.589118
2009-11-13,11.792300
2009-11-16,11.983279
2009-11-17,11.885759
2009-11-18,11.853247
2009-11-19,11.719151
2009-11-20,11.658199
2009-11-23,11.759788
2009-11-24,11.747596
2009-11-25,11.861378
2009-11-27,11.629759
2009-11-30,11.629759
2009-12-01,11.812613
2009-12-02,11.849187
2009-12-03,11.767915
2009-12-04,11.845118
2009-12-07,11.881690
2009-12-08,11.792300
2009-12-09,11.792300
2009-12-10,11.975150
2009-12-11,12.092995
2009-12-14,12.186456
2009-12-15,12.170201
2009-12-16,12.182391
2009-12-17,12.036105
2009-12-18,12.097800
2009-12-21,12.253058
2009-12-22,12.244888
2009-12-23,12.322514
2009-12-24,12.330685
2009-12-28,12.322514
2009-12-29,12.363375
2009-12-30,12.277571
2009-12-31,12.163172
2010-01-04,12.257144
2010-01-05,12.302089
2010-01-06,12.318425
2010-01-07,12.420572
2010-01-08,12.416486
2010-01-11,12.391968
2010-01-12,12.232631
2010-01-13,12.371544
2010-01-14,12.371544
2010-01-15,12.248972
2010-01-19,12.412401
2010-01-20,12.244888
2010-01-21,12.089628
2010-01-22,11.856747
2010-01-25,11.918030
2010-01-26,11.934371
2010-01-27,11.954805
2010-01-28,11.885342
2010-01-29,11.811798
2010-02-01,11.962972
2010-02-02,12.130488
2010-02-03,12.138657
2010-02-04,11.787287
2010-02-05,11.754598
2010-02-08,11.681058
2010-02-09,11.860830
2010-02-10,11.811798
2010-02-11,11.950714
2010-02-12,11.950714
2010-02-16,12.142740
2010-02-17,12.240801
2010-02-18,12.318425
2010-02-19,12.347030
2010-02-22,12.342941
2010-02-23,12.269399
2010-02-24,12.428743
2010-02-25,12.449170
2010-02-26,12.469602
2010-03-01,12.665715
2010-03-02,12.600347
2010-03-03,12.637115
2010-03-04,12.751510
2010-03-05,12.988485
2010-03-08,13.021174
2010-03-09,13.000744
2010-03-10,13.029342
2010-03-11,13.123315
2010-03-12,13.160084
2010-03-15,13.143742
2010-03-16,13.241802
2010-03-17,13.307176
2010-03-18,13.303085
2010-03-19,13.262973
2010-03-22,13.402148
2010-03-23,13.455363
2010-03-24,13.402148
2010-03-25,13.479928
2010-03-26,13.533142
2010-03-29,13.553608
2010-03-30,13.541328
2010-03-31,13.443081
2010-04-01,13.537231
2010-04-05,13.700974
2010-04-06,13.721440
2010-04-07,13.672325
2010-04-08,13.803313
2010-04-09,13.905646
2010-04-12,13.905646
2010-04-13,13.979339
2010-04-14,14.196292
2010-04-15,14.257689
2010-04-16,14.069388
2010-04-19,14.093952
2010-04-20,14.265874
2010-04-21,14.331375
2010-04-22,14.589267
2010-04-23,14.601542
2010-04-26,14.716167
2010-04-27,14.290438
2010-04-28,14.241318
2010-04-29,14.556519
2010-04-30,14.253602
2010-05-03,14.540141
2010-05-04,14.114418
2010-05-05,13.913837
2010-05-06,13.418525
2010-05-07,13.172915
2010-05-10,13.860619
2010-05-11,13.856529
2010-05-12,14.057112
2010-05-13,13.741911
2010-05-14,13.512677
2010-05-17,13.615013
2010-05-18,13.361214
2010-05-19,13.279339
2010-05-20,12.763564
2010-05-21,12.988704
2010-05-24,12.898650
2010-05-25,13.029642
2010-05-26,12.988704
2010-05-27,13.455363
2010-05-28,13.250684
2010-06-01,13.050109
2010-06-02,13.377591
2010-06-03,13.422615
2010-06-04,12.902740
2010-06-07,12.657129
2010-06-08,12.763564
2010-06-09,12.779935
2010-06-10,13.213850
2010-06-11,13.201567
2010-06-14,13.238407
2010-06-15,13.553608
2010-06-16,13.459456
2010-06-17,13.377591
2010-06-18,13.334463
2010-06-21,13.227693
2010-06-22,12.932015
2010-06-23,12.923795
2010-06-24,12.615795
2010-06-25,12.652755
2010-06-28,12.558298
2010-06-29,12.110670
2010-06-30,11.962828
2010-07-01,12.061390
2010-07-02,11.925868
2010-07-06,11.925868
2010-07-07,12.262611
2010-07-08,12.369393
2010-07-09,12.488486
2010-07-12,12.504914
2010-07-13,12.817019
2010-07-14,12.734882
2010-07-15,12.775955
2010-07-16,12.328326
2010-07-19,12.447419
2010-07-20,12.624005
2010-07-21,12.398140
2010-07-22,12.771850
2010-07-23,12.956649
2010-07-26,13.149668
2010-07-27,12.981292
2010-07-28,12.890945
2010-07-29,12.825237
2010-07-30,12.911473
2010-08-02,13.186626
2010-08-03,12.985394
2010-08-04,13.203056
2010-08-05,13.244121
2010-08-06,13.153769
2010-08-09,13.281078
2010-08-10,13.166095
2010-08-11,12.821126
2010-08-12,12.771850
2010-08-13,12.628115
2010-08-16,12.624005
2010-08-17,12.829346
2010-08-18,12.948440
2010-08-19,12.697928
2010-08-20,12.689716
2010-08-23,12.574729
2010-08-24,12.361178
2010-08-25,12.488486
2010-08-26,12.402245
2010-08-27,12.603478
2010-08-30,12.381714
2010-08-31,12.398140
2010-09-01,12.825237
2010-09-02,13.063422
2010-09-03,13.256442
2010-09-07,13.042891
2010-09-08,13.137347
2010-09-09,13.149668
2010-09-10,13.260550
2010-09-13,13.420709
2010-09-14,13.433026
2010-09-15,13.457672
2010-09-16,13.457672
2010-09-17,13.492689
2010-09-20,13.752242
2010-09-21,13.694563
2010-09-22,13.603926
2010-09-23,13.533885
2010-09-24,13.884076
2010-09-27,13.793442
2010-09-28,13.900559
2010-09-29,13.801678
2010-09-30,13.764608
2010-10-01,13.781084
2010-10-04,13.752242
2010-10-05,14.040636
2010-10-06,13.945874
2010-10-07,14.011796
2010-10-08,14.155988
2010-10-11,14.160116
2010-10-12,14.193072
2010-10-13,14.213677
2010-10-14,14.197191
2010-10-15,14.300189
2010-10-18,14.320785
2010-10-19,14.061233
2010-10-20,14.242510
2010-10-21,14.324910
2010-10-22,14.403187
2010-10-25,14.493824
2010-10-26,14.555620
2010-10-27,14.464986
2010-10-28,14.530910
2010-10-29,14.526787
2010-11-01,14.497939
2010-11-02,14.662742
2010-11-03,14.736899
2010-11-04,14.967610
2010-11-05,15.041771
2010-11-08,15.017051
2010-11-09,14.881095
2010-11-10,15.012931
2010-11-11,14.992333
2010-11-12,14.835781
2010-11-15,14.806934
2010-11-16,14.605061
2010-11-17,14.732780
2010-11-18,14.860497
2010-11-19,14.930541
2010-11-22,15.000573
2010-11-23,14.778102
2010-11-24,15.082976
2010-11-26,14.959373
2010-11-29,14.926417
2010-11-30,14.893457
2010-12-01,15.210692
2010-12-02,15.408434
2010-12-03,15.416683
2010-12-06,15.433155
2010-12-07,15.441401
2010-12-08,15.400202
2010-12-09,15.420808
2010-12-10,15.474365
2010-12-13,15.400202
2010-12-14,15.396082
2010-12-15,15.346638
2010-12-16,15.457877
2010-12-17,15.482747
2010-12-20,15.573919
2010-12-21,15.640236
2010-12-22,15.660950
2010-12-23,15.594638
2010-12-27,15.549049
2010-12-28,15.515898
2010-12-29,15.565635
2010-12-30,15.536622
2010-12-31,15.503465
2011-01-03,15.685818
2011-01-04,15.598783
2011-01-05,15.727256
2011-01-06,15.631941
2011-01-07,15.623650
2011-01-10,15.611216
2011-01-11,15.607078
2011-01-12,15.644377
2011-01-13,15.619512
2011-01-14,15.714821
2011-01-18,15.760408
2011-01-19,15.602931
2011-01-20,15.636086
2011-01-21,15.673370
2011-01-24,15.735541
2011-01-25,15.743834
2011-01-26,15.768700
2011-01-27,15.893026
2011-01-28,15.375001
2011-01-31,15.408150
2011-02-01,15.590501
2011-02-02,15.544915
2011-02-03,15.727256
2011-02-04,15.835004
2011-02-07,15.917892
2011-02-08,16.108522
2011-02-09,16.216270
2011-02-10,16.236996
2011-02-11,16.402767
2011-02-14,16.336454
2011-02-15,16.357178
2011-02-16,16.489790
2011-02-17,16.493933
2011-02-18,16.580963
2011-02-22,16.183125
2011-02-23,15.946895
2011-02-24,16.042215
2011-02-25,16.207983
2011-02-28,16.332306
2011-03-01,16.021496
2011-03-02,16.083656
2011-03-03,16.369606
2011-03-04,16.249428
2011-03-07,16.087795
2011-03-08,16.216270
2011-03-09,16.253576
2011-03-10,16.067078
2011-03-11,16.166546
2011-03-14,15.967619
2011-03-15,15.835004
2011-03-16,15.565635
2011-03-17,15.636086
2011-03-18,15.626106
2011-03-21,15.867272
2011-03-22,15.742537
2011-03-23,15.879740
2011-03-24,16.112604
2011-03-25,16.141703
2011-03-28,15.975384
2011-03-29,16.120916
2011-03-30,16.295553
2011-03-31,16.237349
2011-04-01,16.341295
2011-04-04,16.378725
2011-04-05,16.432774
2011-04-06,16.403667
2011-04-07,16.337139
2011-04-08,16.241503
2011-04-11,16.245655
2011-04-12,16.224871
2011-04-13,16.278921
2011-04-14,16.241503
2011-04-15,16.320503
2011-04-18,16.174967
2011-04-19,16.212399
2011-04-20,16.503462
2011-04-21,16.594938
2011-04-25,16.578302
2011-04-26,16.607418
2011-04-27,16.807001
2011-04-28,16.873537
2011-04-29,16.861061
2011-05-02,16.919271
2011-05-03,16.823635
2011-05-04,16.786211
2011-05-05,16.740475
2011-05-06,16.752951
2011-05-09,16.773746
2011-05-10,16.989964
2011-05-11,16.827795
2011-05-12,16.994120
2011-05-13,16.865215
2011-05-16,16.640680
2011-05-17,16.657310
2011-05-18,16.852739
2011-05-19,16.906792
2011-05-20,16.744635
2011-05-23,16.586618
2011-05-24,16.503462
2011-05-25,16.507620
2011-05-26,16.657310
2011-05-27,16.698893
2011-05-31,16.815315
2011-06-01,16.432774
2011-06-02,16.395346
2011-06-03,16.183287
2011-06-06,16.012814
2011-06-07,16.029432
2011-06-08,15.904696
2011-06-09,16.037754
2011-06-10,15.742537
2011-06-13,15.721748
2011-06-14,16.000326
2011-06-15,15.755009
2011-06-16,15.717583
2011-06-17,15.835671
2011-06-20,15.965024
2011-06-21,16.290503
2011-06-22,16.165319
2011-06-23,16.223745
2011-06-24,16.065182
2011-06-27,16.261290
2011-06-28,16.570078
2011-06-29,16.645185
2011-06-30,16.778723
2011-07-01,17.116722
2011-07-05,17.191822
2011-07-06,17.129229
2011-07-07,17.367079
2011-07-08,17.262758
2011-07-11,16.928938
2011-07-12,16.845482
2011-07-13,16.933117
2011-07-14,16.803759
2011-07-15,16.812105
2011-07-18,16.649368
2011-07-19,16.970663
2011-07-20,16.883038
2011-07-21,17.079159
2011-07-22,17.145924
2011-07-25,17.033260
2011-07-26,17.004047
2011-07-27,16.707785
2011-07-28,16.624325
2011-07-29,16.545040
2011-08-01,16.457413
2011-08-02,15.835671
2011-08-03,15.952506
2011-08-04,15.176371
2011-08-05,15.163858
2011-08-08,14.212468
2011-08-09,14.871760
2011-08-10,14.237500
2011-08-11,14.867586
2011-08-12,15.051191
2011-08-15,15.272347
2011-08-16,15.188890
2011-08-17,15.168029
2011-08-18,14.416928
2011-08-19,14.208292
2011-08-22,14.250022
2011-08-23,14.800827
2011-08-24,15.063708
2011-08-25,14.763267
2011-08-26,15.072053
2011-08-29,15.510198
2011-08-30,15.581132
2011-08-31,15.677099
2011-09-01,15.485159
2011-09-02,15.047020
2011-09-06,15.001120
2011-09-07,15.389188
2011-09-08,15.180549
2011-09-09,14.779963
2011-09-12,14.955212
2011-09-13,15.130475
2011-09-14,15.380840
2011-09-15,15.639551
2011-09-16,15.814573
2011-09-19,15.785255
2011-09-20,15.701515
2011-09-21,15.194882
2011-09-22,14.738492
2011-09-23,14.960411
2011-09-26,15.312119
2011-09-27,15.416801
2011-09-28,15.153020
2011-09-29,15.027401
2011-09-30,14.596132
2011-10-03,14.169052
2011-10-04,14.617066
2011-10-05,14.885041
2011-10-06,15.232568
2011-10-07,15.220009
2011-10-10,15.735016
2011-10-11,15.802017
2011-10-12,15.944373
2011-10-13,15.931808
2011-10-14,16.191404
2011-10-17,15.860628
2011-10-18,16.183033
2011-10-19,15.940184
2011-10-20,16.019737
2011-10-21,16.463560
2011-10-24,16.706419
2011-10-25,16.342142
2011-10-26,16.279339
2011-10-27,16.723166
2011-10-28,16.593374
2011-10-31,16.337952
2011-11-01,15.986244
2011-11-02,16.149538
2011-11-03,16.358889
2011-11-04,16.296087
2011-11-07,16.400763
2011-11-08,16.559870
2011-11-09,15.969491
2011-11-10,16.120232
2011-11-11,16.526379
2011-11-14,16.404947
2011-11-15,16.463560
2011-11-16,16.153723
2011-11-17,15.869001
2011-11-18,15.860628
2011-11-21,15.613592
2011-11-22,15.605219
2011-11-23,15.295372
2011-11-25,15.211636
2011-11-28,15.676399
2011-11-29,15.730826
2011-11-30,16.220720
2011-12-01,16.233284
2011-12-02,16.358889
2011-12-05,16.509623
2011-12-06,16.455198
2011-12-07,16.559870
2011-12-08,16.208164
2011-12-09,16.476126
2011-12-12,16.425886
2011-12-13,16.103476
2011-12-14,15.935995
2011-12-15,15.961121
2011-12-16,15.961119
2011-12-19,15.784242
2011-12-20,16.218014
2011-12-21,16.272762
2011-12-22,16.319096
2011-12-23,16.500175
2011-12-27,16.550714
2011-12-28,16.369617
2011-12-29,16.538067
2011-12-30,16.432796
2012-01-03,16.571762
2012-01-04,16.702322
2012-01-05,16.841297
2012-01-06,16.866566
2012-01-09,16.841297
2012-01-10,16.950790
2012-01-11,16.976063
2012-01-12,17.026590
2012-01-13,17.005545
2012-01-17,17.051867
2012-01-18,17.325600
2012-01-19,17.477211
2012-01-20,17.334030
2012-01-23,17.321394
2012-01-24,17.371927
2012-01-25,17.498270
2012-01-26,17.468790
2012-01-27,17.456154
2012-01-30,17.405621
2012-01-31,17.401413
2012-02-01,17.460367
2012-02-02,17.439316
2012-02-03,17.797281
2012-02-06,17.759375
2012-02-07,17.843609
2012-02-08,17.885717
2012-02-09,17.915195
2012-02-10,17.818336
2012-02-13,17.961523
2012-02-14,17.940466
2012-02-15,17.860456
2012-02-16,17.936256
2012-02-17,18.092079
2012-02-21,18.028908
2012-02-22,17.982576
2012-02-23,18.071012
2012-02-24,18.049957
2012-02-27,18.155245
2012-02-28,18.256319
2012-02-29,18.188931
2012-03-01,18.340538
2012-03-02,18.327909
2012-03-05,18.311060
2012-03-06,18.024696
2012-03-07,18.231050
2012-03-08,18.416348
2012-03-09,18.521637
2012-03-12,18.471098
2012-03-13,18.757471
2012-03-14,18.732203
2012-03-15,18.795378
2012-03-16,18.734966
2012-03-19,18.832123
2012-03-20,18.861687
2012-03-21,18.887043
2012-03-22,18.840578
2012-03-23,18.861687
2012-03-26,19.161627
2012-03-27,19.132057
2012-03-28,18.967302
2012-03-29,18.963078
2012-03-30,19.047569
2012-04-02,19.098261
2012-04-03,19.060244
2012-04-04,18.882828
2012-04-05,19.013775
2012-04-09,18.840578
2012-04-10,18.380117
2012-04-11,18.633583
2012-04-12,18.870148
2012-04-13,18.819456
2012-04-16,18.751865
2012-04-17,18.950407
2012-04-18,18.979977
2012-04-19,18.827904
2012-04-20,18.857479
2012-04-23,18.654705
2012-04-24,18.591337
2012-04-25,18.903948
2012-04-26,19.140505
2012-04-27,19.377069
2012-04-30,19.267233
2012-05-01,19.393969
2012-05-02,19.499569
2012-05-03,19.347496
2012-05-04,18.971531
2012-05-07,18.963078
2012-05-08,18.734966
2012-05-09,18.663151
2012-05-10,18.726521
2012-05-11,18.688501
2012-05-14,18.426592
2012-05-15,18.397018
2012-05-16,18.367451
2012-05-17,17.881647
2012-05-18,17.746466
2012-05-21,18.059076
2012-05-22,18.130890
2012-05-23,18.228052
2012-05-24,18.312531
2012-05-25,18.282961
2012-05-29,18.536415
2012-05-30,18.244947
2012-05-31,18.206924
2012-06-01,17.632410
2012-06-04,17.695784
2012-06-05,17.792942
2012-06-06,18.177355
2012-06-07,18.177355
2012-06-08,18.337883
2012-06-11,18.059076
2012-06-12,18.253387
2012-06-13,17.987249
2012-06-14,18.228052
2012-06-15,18.406939
2012-06-18,18.538359
2012-06-19,18.707933
2012-06-20,18.686745
2012-06-21,18.279764
2012-06-22,18.360308
2012-06-25,18.076277
2012-06-26,18.300962
2012-06-27,18.275526
2012-06-28,18.173780
2012-06-29,18.559553
2012-07-02,18.614674
2012-07-03,18.597704
2012-07-05,18.644344
2012-07-06,18.555321
2012-07-09,18.453575
2012-07-10,18.343357
2012-07-11,18.237371
2012-07-12,18.194981
2012-07-13,18.491728
2012-07-16,18.373035
2012-07-17,18.555321
2012-07-18,18.652824
2012-07-19,18.775766
2012-07-20,18.546843
2012-07-23,18.275526
2012-07-24,18.152580
2012-07-25,18.114431
2012-07-26,18.406939
2012-07-27,18.771521
2012-07-30,18.699453
2012-07-31,18.457819
2012-08-01,18.381508
2012-08-02,18.428137
2012-08-03,18.792717
2012-08-06,18.860548
2012-08-07,19.038595
2012-08-08,18.945328
2012-08-09,18.932613
2012-08-10,18.915655
2012-08-13,18.924139
2012-08-14,18.970764
2012-08-15,19.030117
2012-08-16,19.186964
2012-08-17,19.259033
2012-08-20,19.178492
2012-08-21,19.153055
2012-08-22,19.208168
2012-08-23,19.076754
2012-08-24,19.233603
2012-08-27,19.203928
2012-08-28,19.242092
2012-08-29,19.335340
2012-08-30,19.229364
2012-08-31,19.309908
2012-09-04,19.263277
2012-09-05,19.292952
2012-09-06,19.725353
2012-09-07,19.831335
2012-09-10,19.801664
2012-09-11,19.793182
2012-09-12,19.890690
2012-09-13,20.145048
2012-09-14,20.225594
2012-09-17,20.149284
2012-09-18,20.051783
2012-09-19,20.259508
2012-09-20,20.234068
2012-09-21,20.219606
2012-09-24,20.164307
2012-09-25,19.926075
2012-09-26,19.789946
2012-09-27,19.989883
2012-09-28,19.904810
2012-10-01,19.892044
2012-10-02,19.853760
2012-10-03,20.011160
2012-10-04,20.194086
2012-10-05,20.253635
2012-10-08,20.215355
2012-10-09,19.892044
2012-10-10,19.768682
2012-10-11,19.679338
2012-10-12,19.675081
2012-10-15,19.870771
2012-10-16,20.049448
2012-10-17,20.164307
2012-10-18,20.177063
2012-10-19,19.815477
2012-10-22,19.751665
2012-10-23,19.594259
2012-10-24,19.517683
2012-10-25,19.470890
2012-10-26,19.534693
2012-10-31,19.598513
2012-11-01,19.823977
2012-11-02,19.811209
2012-11-05,19.862261
2012-11-06,19.968607
2012-11-07,19.734638
2012-11-08,19.415594
2012-11-09,19.322002
2012-11-12,19.339020
2012-11-13,19.394316
2012-11-14,19.105040
2012-11-15,19.092283
2012-11-16,19.219900
2012-11-19,19.632545
2012-11-20,19.730387
2012-11-21,19.798462
2012-11-23,20.062208
2012-11-26,19.968607
2012-11-27,19.887787
2012-11-28,20.147287
2012-11-29,20.202591
2012-11-30,20.219606
2012-12-03,20.113258
2012-12-04,20.028177
2012-12-05,19.968607
2012-12-06,20.096243
2012-12-07,20.172813
2012-12-10,20.057955
2012-12-11,20.121763
2012-12-12,20.147287
2012-12-13,20.015411
2012-12-14,19.930332
2012-12-17,20.287668
2012-12-18,20.525902
2012-12-19,20.381262
2012-12-20,20.423798
2012-12-21,20.242264
2012-12-24,20.259399
2012-12-26,20.049618
2012-12-27,20.075302
2012-12-28,19.912609
2012-12-31,20.310770
2013-01-02,20.734627
2013-01-03,20.786007
2013-01-04,20.863073
2013-01-07,20.811693
2013-01-08,20.751755
2013-01-09,20.786007
2013-01-10,20.905884
2013-01-11,20.923006
2013-01-14,20.974384
2013-01-15,21.128511
2013-01-16,21.081425
2013-01-17,21.304050
2013-01-18,21.329737
2013-01-22,21.385389
2013-01-23,21.402521
2013-01-24,21.565210
2013-01-25,21.792122
2013-01-28,21.689369
2013-01-29,21.603741
2013-01-30,21.565210
2013-01-31,21.462469
2013-02-01,21.586620
2013-02-04,21.321180
2013-02-05,21.548092
2013-02-06,21.595184
2013-02-07,21.548092
2013-02-08,21.715059
2013-02-11,21.642279
2013-02-12,21.727900
2013-02-13,21.774996
2013-02-14,21.783567
2013-02-15,21.809254
2013-02-19,21.890602
2013-02-20,21.556650
2013-02-21,21.376837
2013-02-22,21.496714
2013-02-25,21.162756
2013-02-26,21.372557
2013-02-27,21.697939
2013-02-28,21.804970
2013-03-01,21.856350
2013-03-04,22.049006
2013-03-05,22.271641
2013-03-06,22.254513
2013-03-07,22.293041
2013-03-08,22.528524
2013-03-11,22.584181
2013-03-12,22.519957
2013-03-13,22.644114
2013-03-14,22.669807
2013-03-15,22.583063
2013-03-18,22.411297
2013-03-19,22.252403
2013-03-20,22.510057
2013-03-21,22.321119
2013-03-22,22.595949
2013-03-25,22.557291
2013-03-26,22.668951
2013-03-27,22.677528
2013-03-28,22.759129
2013-04-01,22.587355
2013-04-02,22.776299
2013-04-03,22.565882
2013-04-04,22.694702
2013-04-05,22.583063
2013-04-08,22.840714
2013-04-09,22.780590
2013-04-10,23.046839
2013-04-11,23.240068
2013-04-12,23.364601
2013-04-15,22.750530
2013-04-16,23.076893
2013-04-17,22.840714
2013-04-18,22.591650
2013-04-19,22.862183
2013-04-22,22.960945
2013-04-23,23.192841
2013-04-24,23.210005
2013-04-25,23.407551
2013-04-26,23.304483
2013-04-29,23.386074
2013-04-30,23.450491
2013-05-01,23.325956
2013-05-02,23.553541
2013-05-03,23.849848
2013-05-06,23.927139
2013-05-07,24.128960
2013-05-08,24.146143
2013-05-09,24.189081
2013-05-10,24.378027
2013-05-13,24.382322
2013-05-14,24.631382
2013-05-15,24.764498
2013-05-16,24.476801
2013-05-17,24.712969
2013-05-20,24.639971
2013-05-21,24.751616
2013-05-22,24.515438
2013-05-23,24.463903
2013-05-24,24.390905
2013-05-28,24.627090
2013-05-29,24.373737
2013-05-30,24.373737
2013-05-31,24.098907
2013-06-03,24.206257
2013-06-04,24.120371
2013-06-05,23.721020
2013-06-06,23.970085
2013-06-07,24.408085
2013-06-10,24.335079
2013-06-11,24.094618
2013-06-12,23.828379
2013-06-13,24.274967
2013-06-14,24.197674
2013-06-17,24.330791
2013-06-18,24.579851
2013-06-19,24.300726
2013-06-20,23.665197
2013-06-21,23.710865
2013-06-24,23.495459
2013-06-25,23.706553
2013-06-26,24.003796
2013-06-27,24.210575
2013-06-28,24.296732
2013-07-01,24.464745
2013-07-02,24.507820
2013-07-03,24.619827
2013-07-05,24.886925
2013-07-08,25.119556
2013-07-09,25.218634
2013-07-10,25.244484
2013-07-11,25.606354
2013-07-12,25.726971
2013-07-15,25.662348
2013-07-16,25.524502
2013-07-17,25.537418
2013-07-18,25.683895
2013-07-19,25.662348
2013-07-22,25.645119
2013-07-23,25.610655
2013-07-24,25.524502
2013-07-25,25.558962
2013-07-26,25.640818
2013-07-29,25.507265
2013-07-30,25.442650
2013-07-31,25.576197
2013-08-01,25.972521
2013-08-02,26.157761
2013-08-05,26.101763
2013-08-06,25.994064
2013-08-07,25.765739
2013-08-08,25.938051
2013-08-09,25.882050
2013-08-12,25.847591
2013-08-13,25.847591
2013-08-14,25.563274
2013-08-15,25.115238
2013-08-16,25.024778
2013-08-19,24.917076
2013-08-20,25.171240
2013-08-21,24.955849
2013-08-22,25.205715
2013-08-23,25.210022
2013-08-26,25.158319
2013-08-27,24.749071
2013-08-28,24.882614
2013-08-29,25.003239
2013-08-30,24.848152
2013-09-03,25.024778
2013-09-04,25.287560
2013-09-05,25.296175
2013-09-06,25.266029
2013-09-09,25.490036
2013-09-10,25.735584
2013-09-11,25.925142
2013-09-12,25.864830
2013-09-13,25.938051
2013-09-16,26.054379
2013-09-17,26.205154
2013-09-18,26.506706
2013-09-19,26.498091
2013-09-20,26.338232
2013-09-23,26.135157
2013-09-24,26.204290
2013-09-25,26.044428
2013-09-26,26.290701
2013-09-27,26.295019
2013-09-30,26.195646
2013-10-01,26.407354
2013-10-02,26.398716
2013-10-03,26.100594
2013-10-04,26.346869
2013-10-07,25.975304
2013-10-08,25.564850
2013-10-09,25.448187
2013-10-10,26.040115
2013-10-11,26.264782
2013-10-14,26.372789
2013-10-15,26.122200
2013-10-16,26.446243
2013-10-17,26.640667
2013-10-18,26.804852
2013-10-21,26.873976
2013-10-22,27.055443
2013-10-23,26.882620
2013-10-24,27.150499
2013-10-25,27.353563
2013-10-28,27.301708
2013-10-29,27.461575
2013-10-30,27.327642
2013-10-31,27.396763
2013-11-01,27.461575
2013-11-04,27.556629
2013-11-05,27.556629
2013-11-06,27.487505
2013-11-07,26.917181
2013-11-08,27.344925
2013-11-11,27.388123
2013-11-12,27.340605
2013-11-13,27.772659
2013-11-14,27.967089
2013-11-15,28.062138
2013-11-18,27.841789
2013-11-19,27.720812
2013-11-20,27.578236
2013-11-21,27.863390
2013-11-22,28.018932
2013-11-25,28.044859
2013-11-26,28.209042
2013-11-27,28.317055
2013-11-29,28.342964
2013-12-02,28.209042
2013-12-03,27.941160
2013-12-04,27.876343
2013-12-05,27.906590
2013-12-06,28.139912
2013-12-09,28.118305
2013-12-10,28.135580
2013-12-11,27.876343
2013-12-12,27.789946
2013-12-13,27.859070
2013-12-16,28.040535
2013-12-17,27.967089
2013-12-18,28.381861
2013-12-19,28.364576
2013-12-20,28.482569
2013-12-23,28.608362
2013-12-24,28.669094
2013-12-26,28.881655
2013-12-27,28.747183
2013-12-30,28.877317
2013-12-31,28.990105
2014-01-02,28.855616
2014-01-03,28.777540
2014-01-06,28.599691
2014-01-07,28.773211
2014-01-08,28.695126
2014-01-09,28.690790
2014-01-10,28.777540
2014-01-13,28.200605
2014-01-14,28.443531
2014-01-15,28.512934
2014-01-16,28.361103
2014-01-17,28.235298
2014-01-21,28.209276
2014-01-22,28.283030
2014-01-23,28.083481
2014-01-24,27.545580
2014-01-27,27.437138
2014-01-28,27.628006
2014-01-29,27.185543
2014-01-30,27.641012
2014-01-31,27.250607
2014-02-03,26.534857
2014-02-04,26.860193
2014-02-05,26.894903
2014-02-06,27.463165
2014-02-07,27.801527
2014-02-10,27.784172
2014-02-11,27.988050
2014-02-12,28.014082
2014-02-13,28.100830
2014-02-14,28.270008
2014-02-18,28.304712
2014-02-19,28.074810
2014-02-20,28.226633
2014-02-21,28.283030
2014-02-24,28.400154
2014-02-25,28.599691
2014-02-26,28.760195
2014-02-27,28.877317
2014-02-28,28.994432
2014-03-03,28.721149
2014-03-04,29.081188
2014-03-05,29.202648
2014-03-06,29.276400
2014-03-07,29.233023
2014-03-10,29.154949
2014-03-11,28.985758
2014-03-12,28.942389
2014-03-13,28.591015
2014-03-14,28.564981
2014-03-17,28.755852
2014-03-18,28.881655
2014-03-19,28.690790
2014-03-20,28.764526
2014-03-21,28.580893
2014-03-24,28.293695
2014-03-25,28.123987
2014-03-26,27.897707
2014-03-27,27.762804
2014-03-28,27.971676
2014-03-31,28.163151
2014-04-01,28.554789
2014-04-02,28.746250
2014-04-03,28.607006
2014-04-04,28.132685
2014-04-07,27.584389
2014-04-08,27.862896
2014-04-09,28.163151
2014-04-10,27.462551
2014-04-11,27.083967
2014-04-14,27.297194
2014-04-15,27.332012
2014-04-16,27.714943
2014-04-17,27.749748
2014-04-21,27.823736
2014-04-22,28.063065
2014-04-23,27.932516
2014-04-24,28.084824
2014-04-25,27.606150
2014-04-28,27.536522
2014-04-29,27.662722
2014-04-30,27.780210
2014-05-01,27.889008
2014-05-02,27.958624
2014-05-05,27.984734
2014-05-06,27.584389
2014-05-07,27.549582
2014-05-08,27.627905
2014-05-09,27.780210
2014-05-12,28.128342
2014-05-13,28.050003
2014-05-14,27.736698
2014-05-15,27.536522
2014-05-16,27.741053
2014-05-19,27.867249
2014-05-20,27.614857
2014-05-21,27.949919
2014-05-22,28.097866
2014-05-23,28.319805
2014-05-27,28.467754
2014-05-28,28.437294
2014-05-29,28.554789
2014-05-30,28.580893
2014-06-02,28.676624
2014-06-03,28.624414
2014-06-04,28.763653
2014-06-05,28.950779
2014-06-06,29.120483
2014-06-09,29.129194
2014-06-10,29.072626
2014-06-11,28.985580
2014-06-12,28.615713
2014-06-13,28.628767
2014-06-16,28.694040
2014-06-17,28.807182
2014-06-18,29.024746
2014-06-19,28.955122
2014-06-20,28.846861
2014-06-23,28.881792
2014-06-24,28.811941
2014-06-25,29.056406
2014-06-26,29.078234
2014-06-27,29.148079
2014-06-30,29.134989
2014-07-01,29.444927
2014-07-02,29.488588
2014-07-03,29.715578
2014-07-07,29.532244
2014-07-08,29.244118
2014-07-09,29.597721
2014-07-10,29.322693
2014-07-11,29.418737
2014-07-14,29.501678
2014-07-15,29.401278
2014-07-16,29.475492
2014-07-17,29.196098
2014-07-18,29.466757
2014-07-21,29.331430
2014-07-22,29.453663
2014-07-23,29.431839
2014-07-24,29.497313
2014-07-25,29.169903
2014-07-28,29.226660
2014-07-29,29.143721
2014-07-30,29.305239
2014-07-31,28.763922
2014-08-01,28.659149
2014-08-04,28.938530
2014-08-05,28.737728
2014-08-06,28.676607
2014-08-07,28.528193
2014-08-08,28.969090
2014-08-11,29.100061
2014-08-12,29.025843
2014-08-13,29.130615
2014-08-14,29.357622
2014-08-15,29.300875
2014-08-18,29.571533
2014-08-19,29.794163
2014-08-20,29.933847
2014-08-21,29.907673
2014-08-22,29.964422
2014-08-25,30.051722
2014-08-26,30.056089
2014-08-27,30.086645
2014-08-28,30.047367
2014-08-29,30.042995
2014-09-02,30.099754
2014-09-03,30.021177
2014-09-04,30.134663
2014-09-05,30.235071
2014-09-08,30.108480
2014-09-09,29.807268
2014-09-10,29.912024
2014-09-11,29.925140
2014-09-12,29.837830
2014-09-15,29.715578
2014-09-16,29.868376
2014-09-17,29.855282
2014-09-18,29.986250
2014-09-19,29.998951
2014-09-22,29.578461
2014-09-23,29.324417
2014-09-24,29.657307
2014-09-25,29.223677
2014-09-26,29.525908
2014-09-29,29.372606
2014-09-30,29.210548
2014-10-01,28.820719
2014-10-02,28.952114
2014-10-03,29.324417
2014-10-06,29.166737
2014-10-07,28.733110
2014-10-08,29.184254
2014-10-09,28.522867
2014-10-10,28.273209
2014-10-13,27.699429
2014-10-14,27.900908
2014-10-15,27.668762
2014-10-16,27.699429
2014-10-17,28.006025
2014-10-20,28.395849
2014-10-21,28.947739
2014-10-22,28.698076
2014-10-23,29.087904
2014-10-24,29.061615
2014-10-27,29.118567
2014-10-28,29.433916
2014-10-29,29.346315
2014-10-30,29.539040
2014-10-31,29.828127
2014-11-03,29.828127
2014-11-04,29.468964
2014-11-05,29.587227
2014-11-06,29.836901
2014-11-07,29.788708
2014-11-10,29.771179
2014-11-11,29.898211
2014-11-12,30.038372
2014-11-13,30.226707
2014-11-14,30.344969
2014-11-17,30.309931
2014-11-18,30.366861
2014-11-19,30.493904
2014-11-20,30.625294
2014-11-21,30.699760
2014-11-24,30.984463
2014-11-25,31.080822
2014-11-26,31.076439
2014-11-28,31.453119
2014-12-01,31.107101
2014-12-02,31.225355
2014-12-03,31.277924
2014-12-04,31.260401
2014-12-05,31.330482
2014-12-08,31.076439
2014-12-09,31.019493
2014-12-10,30.607777
2014-12-11,30.857443
2014-12-12,30.660332
2014-12-15,30.476374
2014-12-16,30.007717
2014-12-17,30.581486
2014-12-18,31.085218
2014-12-19,31.170086
2014-12-22,31.473568
2014-12-23,31.649498
2014-12-24,31.596712
2014-12-26,31.768240
2014-12-29,32.010136
2014-12-30,31.860601
2014-12-31,31.733063
2015-01-02,31.504343
2015-01-05,30.901789
2015-01-06,30.593912
2015-01-07,31.077730
2015-01-08,31.543936
2015-01-09,31.178879
2015-01-12,31.011755
2015-01-13,31.011755
2015-01-14,30.637901
2015-01-15,30.242065
2015-01-16,30.642309
2015-01-20,30.466372
2015-01-21,30.664284
2015-01-22,31.240444
2015-01-23,31.196482
2015-01-26,31.359200
2015-01-27,31.108513
2015-01-28,30.703882
2015-01-29,31.121716
2015-01-30,30.783037
2015-02-02,31.060137
2015-02-03,31.719868
2015-02-04,31.930975
2015-02-05,32.128887
2015-02-06,32.080517
2015-02-09,31.957350
2015-02-10,32.348801
2015-02-11,32.357597
2015-02-12,32.740242
2015-02-13,32.938179
2015-02-17,32.863380
2015-02-18,32.845795
2015-02-19,32.946960
2015-02-20,33.180065
2015-02-23,33.149273
2015-02-24,33.307613
2015-02-25,33.562698
2015-02-26,33.457134
2015-02-27,33.413166
2015-03-02,33.813408
2015-03-03,33.721054
2015-03-04,33.545116
2015-03-05,33.567104
2015-03-06,33.166874
2015-03-09,33.356007
2015-03-10,32.836994
2015-03-11,32.656677
2015-03-12,33.320805
2015-03-13,33.056923
2015-03-16,33.443954
2015-03-17,33.259232
2015-03-18,33.553905
2015-03-19,33.505527
2015-03-20,33.878426
2015-03-23,33.821060
2015-03-24,33.644539
2015-03-25,33.097332
2015-03-26,32.889927
2015-03-27,33.057621
2015-03-30,33.397411
2015-03-31,33.251797
2015-04-01,33.106155
2015-04-02,33.401821
2015-04-06,33.560692
2015-04-07,33.375340
2015-04-08,33.688667
2015-04-09,33.719566
2015-04-10,33.834316
2015-04-13,33.648949
2015-04-14,33.631313
2015-04-15,33.631313
2015-04-16,33.697491
2015-04-17,33.198830
2015-04-20,33.565117
2015-04-21,33.600418
2015-04-22,33.631313
2015-04-23,33.798996
2015-04-24,34.257938
2015-04-27,33.957867
2015-04-28,33.838718
2015-04-29,33.609241
2015-04-30,33.234135
2015-05-01,33.693096
2015-05-04,33.763691
2015-05-05,33.410660
2015-05-06,33.273861
2015-05-07,33.445961
2015-05-08,33.803410
2015-05-11,33.653362
2015-05-12,33.591595
2015-05-13,33.379768
2015-05-14,33.529816
2015-05-15,33.798996
2015-05-18,33.926975
2015-05-19,33.918137
2015-05-20,33.878426
2015-05-21,34.010815
2015-05-22,33.953461
2015-05-26,33.710735
2015-05-27,33.962265
2015-05-28,33.904903
2015-05-29,33.671017
2015-06-01,33.768112
2015-06-02,33.843132
2015-06-03,34.107903
2015-06-04,33.865200
2015-06-05,33.768112
2015-06-08,33.529816
2015-06-09,33.494503
2015-06-10,33.838718
2015-06-11,33.953461
2015-06-12,33.798996
2015-06-15,33.640129
2015-06-16,33.843132
2015-06-17,33.997574
2015-06-18,34.407990
2015-06-19,34.287136
2015-06-22,34.477497
2015-06-23,34.614731
2015-06-24,34.375675
2015-06-25,34.349121
2015-06-26,34.486340
2015-06-29,33.707195
2015-06-30,33.857712
2015-07-01,34.242859
2015-07-02,34.176449
2015-07-06,34.110054
2015-07-07,34.406654
2015-07-08,33.751457
2015-07-09,33.893124
2015-07-10,34.384521
2015-07-13,34.880356
2015-07-14,34.924614
2015-07-15,34.889187
2015-07-16,35.101700
2015-07-17,35.039722
2015-07-20,35.057430
2015-07-21,34.946747
2015-07-22,35.114975
2015-07-23,34.906906
2015-07-24,34.906906
2015-07-27,34.645721
2015-07-28,34.915771
2015-07-29,35.274338
2015-07-30,35.402737
2015-07-31,35.513432
2015-08-03,35.393875
2015-08-04,35.544388
2015-08-05,35.159248
2015-08-06,34.681145
2015-08-07,34.654579
2015-08-10,34.933472
2015-08-11,34.619141
2015-08-12,34.468639
2015-08-13,34.667854
2015-08-14,34.689983
2015-08-17,35.022018
2015-08-18,35.052994
2015-08-19,34.991028
2015-08-20,34.008228
2015-08-21,32.919189
2015-08-24,31.604370
2015-08-25,31.475990
2015-08-26,32.671265
2015-08-27,33.437153
2015-08-28,33.450424
2015-08-31,33.193653
2015-09-01,32.352531
2015-09-02,33.034290
2015-09-03,33.047581
2015-09-04,32.693409
2015-09-08,33.450424
2015-09-09,33.091850
2015-09-10,33.184818
2015-09-11,33.432720
2015-09-14,33.255642
2015-09-15,33.605385
2015-09-16,33.986092
2015-09-17,34.074631
2015-09-18,33.532059
2015-09-21,33.825352
2015-09-22,33.376534
2015-09-23,33.287663
2015-09-24,33.198784
2015-09-25,33.194340
2015-09-28,32.238953
2015-09-29,32.132298
2015-09-30,32.998806
2015-10-01,33.243210
2015-10-02,33.718697
2015-10-05,34.216385
2015-10-06,33.963081
2015-10-07,34.078636
2015-10-08,34.496334
2015-10-09,34.536324
2015-10-12,34.700737
2015-10-13,34.514107
2015-10-14,34.163074
2015-10-15,34.607441
2015-10-16,34.789619
2015-10-19,34.954029
2015-10-20,34.909599
2015-10-21,34.754074
2015-10-22,35.211773
2015-10-23,35.385078
2015-10-26,35.633926
2015-10-27,35.465061
2015-10-28,35.802792
2015-10-29,35.904987
2015-10-30,35.980534
2015-11-02,36.144947
2015-11-03,36.282711
2015-11-04,36.047180
2015-11-05,36.176060
2015-11-06,36.180500
2015-11-09,35.682796
2015-11-10,36.020527
2015-11-11,35.807228
2015-11-12,35.473949
2015-11-13,34.540791
2015-11-16,34.958477
2015-11-17,35.025139
2015-11-18,35.625042
2015-11-19,35.669472
2015-11-20,36.096069
2015-11-23,36.229385
2015-11-24,36.153851
2015-11-25,36.336033
2015-11-27,36.202713
2015-11-30,35.896095
2015-12-01,36.264915
2015-12-02,35.949432
2015-12-03,35.407284
2015-12-04,36.091625
2015-12-07,35.940529
2015-12-08,35.833900
2015-12-09,35.376205
2015-12-10,35.496166
2015-12-11,34.687412
2015-12-14,34.865166
2015-12-15,35.056232
2015-12-16,35.642807
2015-12-17,35.056232
2015-12-18,34.505169
2015-12-21,34.679195
2015-12-22,34.933533
2015-12-23,35.112026
2015-12-24,35.018311
2015-12-28,35.107567
2015-12-29,35.513599
2015-12-30,35.228043
2015-12-31,34.875542
2016-01-04,34.277622
2016-01-05,34.232983
2016-01-06,33.898335
2016-01-07,33.202248
2016-01-08,32.845276
2016-01-11,33.104107
2016-01-12,33.469967
2016-01-13,32.341068
2016-01-14,32.573109
2016-01-15,31.903803
2016-01-19,32.024277
2016-01-20,31.743158
2016-01-21,32.149193
2016-01-22,32.711418
2016-01-25,32.336605
2016-01-26,32.809593
2016-01-27,32.296440
2016-01-28,32.711418
2016-01-29,33.068390
2016-02-01,33.269180
2016-02-02,32.622189
2016-02-03,32.537403
2016-02-04,32.349998
2016-02-05,31.305870
2016-02-08,30.699024
2016-02-09,30.649950
2016-02-10,30.596401
2016-02-11,30.578562
2016-02-12,31.140772
2016-02-16,31.894875
2016-02-17,32.582024
2016-02-18,32.367855
2016-02-19,32.457092
2016-02-22,33.086250
2016-02-23,32.903286
2016-02-24,33.095169
2016-02-25,33.425362
2016-02-26,33.389660
2016-02-29,33.215626
2016-03-01,34.094673
2016-03-02,34.063435
2016-03-03,34.264229
2016-03-04,34.232983
2016-03-07,34.085743
2016-03-08,33.818024
2016-03-09,33.884953
2016-03-10,33.969727
2016-03-11,34.491795
2016-03-14,34.621201
2016-03-15,34.612255
2016-03-16,34.893379
2016-03-17,34.942467
2016-03-18,34.987717
2016-03-21,35.005627
2016-03-22,34.947388
2016-03-23,34.700974
2016-03-24,34.745781
2016-03-28,34.902584
2016-03-29,35.256535
2016-03-30,35.480560
2016-03-31,35.440235
2016-04-01,35.588089
2016-04-04,35.310303
2016-04-05,35.010120
2016-04-06,35.341663
2016-04-07,34.942902
2016-04-08,34.889145
2016-04-11,34.759209
2016-04-12,35.023556
2016-04-13,35.516392
2016-04-14,35.516392
2016-04-15,35.614964
2016-04-18,35.951012
2016-04-19,35.753868
2016-04-20,35.798660
2016-04-21,35.673218
2016-04-22,35.601543
2016-04-25,35.641850
2016-04-26,35.726974
2016-04-27,35.691135
2016-04-28,35.305817
2016-04-29,35.485035
2016-05-02,35.982380
2016-05-03,35.650818
2016-05-04,35.489532
2016-05-05,35.261021
2016-05-06,35.520878
2016-05-09,35.619450
2016-05-10,36.076458
2016-05-11,35.350632
2016-05-12,35.417843
2016-05-13,34.996685
2016-05-16,35.216217
2016-05-17,34.817455
2016-05-18,34.615841
2016-05-19,34.584476
2016-05-20,34.812984
2016-05-23,34.691998
2016-05-24,35.108685
2016-05-25,35.301357
2016-05-26,35.373024
2016-05-27,35.538815
2016-05-31,35.502953
2016-06-01,35.480560
2016-06-02,35.677700
2016-06-03,35.444729
2016-06-06,35.534332
2016-06-07,35.579132
2016-06-08,35.619450
2016-06-09,35.538815
2016-06-10,35.166924
2016-06-13,34.974270
2016-06-14,34.884666
2016-06-15,34.983231
2016-06-16,35.095234
2016-06-17,35.039948
2016-06-20,35.354671
2016-06-21,35.273731
2016-06-22,35.224285
2016-06-23,35.570507
2016-06-24,34.248585
2016-06-27,33.619091
2016-06-28,34.289047
2016-06-29,34.842091
2016-06-30,35.098389
2016-07-01,35.462612
2016-07-05,35.174828
2016-07-06,35.476089
2016-07-07,35.628941
2016-07-08,36.249454
2016-07-11,36.460770
2016-07-12,36.604660
2016-07-13,36.424809
2016-07-14,36.573189
2016-07-15,36.411331
2016-07-18,36.550701
2016-07-19,36.483261
2016-07-20,36.636135
2016-07-21,36.537216
2016-07-22,36.690094
2016-07-25,36.748539
2016-07-26,36.703583
2016-07-27,36.591164
2016-07-28,36.658623
2016-07-29,36.699078
2016-08-01,36.757542
2016-08-02,36.208981
2016-08-03,36.312393
2016-08-04,36.294415
2016-08-05,36.676613
2016-08-08,36.555183
2016-08-09,36.447281
2016-08-10,36.523724
2016-08-11,36.887928
2016-08-12,36.869949
2016-08-15,36.941879
2016-08-16,36.730556
2016-08-17,36.645126
2016-08-18,36.622654
2016-08-19,36.645126
2016-08-22,36.609165
2016-08-23,36.793503
2016-08-24,36.618141
2016-08-25,36.496750
2016-08-26,36.393341
2016-08-29,36.519238
2016-08-30,36.316906
2016-08-31,36.222477
2016-09-01,36.294415
2016-09-02,36.366348
2016-09-06,36.433804
2016-09-07,36.451786
2016-09-08,36.137039
2016-09-09,35.264755
2016-09-12,35.759354
2016-09-13,35.251274
2016-09-14,35.255764
2016-09-15,35.512058
2016-09-16,35.435326
2016-09-19,35.408245
2016-09-20,35.435326
2016-09-21,35.778343
2016-09-22,36.040138
2016-09-23,35.958885
2016-09-26,35.561703
2016-09-27,35.922791
2016-09-28,36.022068
2016-09-29,35.837029
2016-09-30,36.125889
2016-10-03,36.103321
2016-10-04,35.976933
2016-10-05,36.125889
2016-10-06,36.152962
2016-10-07,35.990486
2016-10-10,36.049160
2016-10-11,35.611343
2016-10-12,35.778343
2016-10-13,35.647465
2016-10-14,35.606838
2016-10-17,35.313446
2016-10-18,35.548157
2016-10-19,35.706135
2016-10-20,35.638428
2016-10-21,35.922791
2016-10-24,36.180061
2016-10-25,35.755791
2016-10-26,35.602322
2016-10-27,35.304428
2016-10-28,35.223194
2016-10-31,35.250275
2016-11-01,35.002037
2016-11-02,34.789913
2016-11-03,34.699631
2016-11-04,34.631924
2016-11-07,35.430805
2016-11-08,35.575241
2016-11-09,35.647465
2016-11-10,35.778343
2016-11-11,35.981453
2016-11-14,35.985970
2016-11-15,36.125889
2016-11-16,36.324474
2016-11-17,36.762283
2016-11-18,36.649448
2016-11-21,36.888660
2016-11-22,37.326477
2016-11-23,37.362587
2016-11-25,37.452854
2016-11-28,37.154976
2016-11-29,37.254250
2016-11-30,36.942837
2016-12-01,36.960884
2016-12-02,36.757778
2016-12-05,37.159470
2016-12-06,37.245228
2016-12-07,37.967384
2016-12-08,37.967384
2016-12-09,38.053146
2016-12-12,37.737206
2016-12-13,38.075703
2016-12-14,37.818439
2016-12-15,37.728172
2016-12-16,37.542934
2016-12-19,37.642826
2016-12-20,37.942463
2016-12-21,37.924305
2016-12-22,37.515686
2016-12-23,37.433960
2016-12-27,37.579262
2016-12-28,37.320465
2016-12-29,37.270527
2016-12-30,36.957253
2017-01-03,37.175182
2017-01-04,37.670059
2017-01-05,37.642826
2017-01-06,37.828960
2017-01-09,37.797176
2017-01-10,37.933399
2017-01-11,38.015125
2017-01-12,37.978790
2017-01-13,38.119541
2017-01-17,38.183105
2017-01-18,38.114994
2017-01-19,37.996960
2017-01-20,38.105907
2017-01-23,38.133160
2017-01-24,38.446438
2017-01-25,38.682522
2017-01-26,38.741531
2017-01-27,38.618969
2017-01-30,38.573555
2017-01-31,38.514542
2017-02-01,38.441887
2017-02-02,38.410103
2017-02-03,38.360168
2017-02-06,38.246670
2017-02-07,38.210346
2017-02-08,38.446438
2017-02-09,38.687065
2017-02-10,38.923157
2017-02-13,38.968559
2017-02-14,39.191029
2017-02-15,39.395325
2017-02-16,39.195564
2017-02-17,39.322689
2017-02-21,39.549698
2017-02-22,39.549698
2017-02-23,39.281830
2017-02-24,39.463444
2017-02-27,39.508835
2017-02-28,39.213722
2017-03-01,39.654125
2017-03-02,39.558784
2017-03-03,39.499756
2017-03-06,39.372635
2017-03-07,39.245510
2017-03-08,39.408981
2017-03-09,39.372635
2017-03-10,39.431664
2017-03-13,39.536091
2017-03-14,39.526985
2017-03-15,39.735859
2017-03-16,39.731323
2017-03-17,39.781849
2017-03-20,39.686230
2017-03-21,39.185326
2017-03-22,39.230858
2017-03-23,39.321926
2017-03-24,39.417545
2017-03-27,39.403885
2017-03-28,39.704441
2017-03-29,39.941242
2017-03-30,40.045986
2017-03-31,40.050522
2017-04-03,39.891140
2017-04-04,39.827385
2017-04-05,39.731762
2017-04-06,39.854725
2017-04-07,39.736317
2017-04-10,39.882046
2017-04-11,39.850170
2017-04-12,39.690777
2017-04-13,39.413002
2017-04-17,39.818283
2017-04-18,39.822838
2017-04-19,39.859264
2017-04-20,40.278221
2017-04-21,40.187145
2017-04-24,40.446716
2017-04-25,40.765472
2017-04-26,40.956738
2017-04-27,41.175312
2017-04-28,41.011368
2017-05-01,41.066032
2017-05-02,41.111572
2017-05-03,40.870216
2017-05-04,40.806454
2017-05-05,41.061478
2017-05-08,41.138897
2017-05-09,41.375675
2017-05-10,41.234524
2017-05-11,40.988594
2017-05-12,40.929409
2017-05-15,40.938503
2017-05-16,40.797352
2017-05-17,40.137054
2017-05-18,40.369305
2017-05-19,40.642521
2017-05-22,40.847435
2017-05-23,40.692612
2017-05-24,40.838352
2017-05-25,41.198082
2017-05-26,41.321033
2017-05-30,41.352905
2017-05-31,41.462200
2017-06-01,41.853840
2017-06-02,42.004116
2017-06-05,41.890251
2017-06-06,41.530525
2017-06-07,41.603367
2017-06-08,41.334698
2017-06-09,41.152531
2017-06-12,41.129768
2017-06-13,41.384792
2017-06-14,41.362015
2017-06-15,41.188969
2017-06-16,41.177547
2017-06-19,41.492729
2017-06-20,40.972000
2017-06-21,41.035961
2017-06-22,40.940033
2017-06-23,40.889790
2017-06-26,41.035961
2017-06-27,40.711655
2017-06-28,41.122738
2017-06-29,40.725353
2017-06-30,40.940033
2017-07-03,40.898937
2017-07-05,40.798435
2017-07-06,40.382778
2017-07-07,40.743629
2017-07-10,40.830414
2017-07-11,40.748199
2017-07-12,41.058800
2017-07-13,41.063366
2017-07-14,41.195827
2017-07-17,41.296318
2017-07-18,41.483597
2017-07-19,41.684566
2017-07-20,41.597778
2017-07-21,41.625195
2017-07-24,41.483597
2017-07-25,41.775925
2017-07-26,41.757645
2017-07-27,42.063686
2017-07-28,41.743954
2017-07-31,41.730247
2017-08-01,41.803329
2017-08-02,41.689133
2017-08-03,41.574928
2017-08-04,41.579525
2017-08-07,41.675442
2017-08-08,41.698277
2017-08-09,41.456196
2017-08-10,40.834984
2017-08-11,41.045086
2017-08-14,41.337425
2017-08-15,40.958305
2017-08-16,41.168430
2017-08-17,40.510670
2017-08-18,40.309704
2017-08-21,40.382778
2017-08-22,40.816708
2017-08-23,40.469578
2017-08-24,40.382778
2017-08-25,40.483273
2017-08-28,40.506104
2017-08-29,40.469578
2017-08-30,40.761898
2017-08-31,40.953754
2017-09-01,41.141022
2017-09-05,40.972000
2017-09-06,41.227810
2017-09-07,40.871521
2017-09-08,40.729927
2017-09-11,40.944618
2017-09-12,41.127323
2017-09-13,41.424210
2017-09-14,41.200394
2017-09-15,41.084881
2017-09-18,40.942783
2017-09-19,40.906120
2017-09-20,41.043640
2017-09-21,40.974873
2017-09-22,41.043640
2017-09-25,40.956532
2017-09-26,40.961121
2017-09-27,41.185730
2017-09-28,41.135300
2017-09-29,41.291145
2017-10-02,41.369087
2017-10-03,41.543266
2017-10-04,41.758705
2017-10-05,41.992474
2017-10-06,42.042912
2017-10-09,41.909981
2017-10-10,41.868721
2017-10-11,41.891644
2017-10-12,41.612026
2017-10-13,41.813717
2017-10-16,41.868721
2017-10-17,41.891644
2017-10-18,41.777054
2017-10-19,41.777054
2017-10-20,41.877888
2017-10-23,41.593685
2017-10-24,41.694542
2017-10-25,41.534103
2017-10-26,41.680782
2017-10-27,42.354607
2017-10-30,42.162083
2017-10-31,42.166664
2017-11-01,42.180420
2017-11-02,41.864136
2017-11-03,42.033733
2017-11-06,42.340858
2017-11-07,42.088741
2017-11-08,42.134571
2017-11-09,42.198746
2017-11-10,42.340858
2017-11-13,42.482944
2017-11-14,42.519623
2017-11-15,42.336262
2017-11-16,42.689220
2017-11-17,42.877155
2017-11-20,42.959663
2017-11-21,43.225548
2017-11-22,43.266788
2017-11-24,43.376789
2017-11-27,43.408875
2017-11-28,43.890190
2017-11-29,44.078117
2017-11-30,44.302727
2017-12-01,44.284401
2017-12-04,44.797787
2017-12-05,44.541100
2017-12-06,44.252308
2017-12-07,44.366920
2017-12-08,44.577770
2017-12-11,44.674026
2017-12-12,44.692364
2017-12-13,44.729023
2017-12-14,44.866531
2017-12-15,45.060638
2017-12-18,45.465405
2017-12-19,45.405590
2017-12-20,45.318214
2017-12-21,45.612576
2017-12-22,45.525188
2017-12-26,45.626369
2017-12-27,45.534378
2017-12-28,45.658566
2017-12-29,45.391804
2018-01-02,46.081718
2018-01-03,46.293289
2018-01-04,46.445076
2018-01-05,46.813023
2018-01-08,46.868217
2018-01-09,46.960205
2018-01-10,46.928005
2018-01-11,47.691532
2018-01-12,48.307835
2018-01-16,47.962887
2018-01-17,48.192852
2018-01-18,48.151459
2018-01-19,48.570007
2018-01-22,49.108139
2018-01-23,49.522091
2018-01-24,49.733673
2018-01-25,49.646267
2018-01-26,50.133820
2018-01-29,49.995823
2018-01-30,49.747459
2018-01-31,49.586487
2018-02-01,49.034534
2018-02-02,48.565399
2018-02-05,46.928005
2018-02-06,48.128460
2018-02-07,47.981277
2018-02-08,46.067917
2018-02-09,46.376091
2018-02-12,47.006210
2018-02-13,47.249985
2018-02-14,48.004280
2018-02-15,48.432022
2018-02-16,48.197445
2018-02-20,48.050274
2018-02-21,47.981277
2018-02-22,48.041077
2018-02-23,48.712589
2018-02-26,49.121948
2018-02-27,48.082470
2018-02-28,47.866299
2018-03-01,47.351162
2018-03-02,47.397144
2018-03-05,47.962887
2018-03-06,48.294048
2018-03-07,47.967480
2018-03-08,48.119255
2018-03-09,48.864365
2018-03-12,49.025356
2018-03-13,48.680386
2018-03-14,48.620594
2018-03-15,48.570007
2018-03-16,48.519268
2018-03-19,47.914970
2018-03-20,48.200977
2018-03-21,48.164066
2018-03-22,47.139980
2018-03-23,46.212776
2018-03-26,47.578224
2018-03-27,46.646404
2018-03-28,46.078991
2018-03-29,46.724815
2018-04-02,45.405499
2018-04-03,45.982121
2018-04-04,46.826305
2018-04-05,47.453663
2018-04-06,46.443428
2018-04-09,46.332706
2018-04-10,46.895493
2018-04-11,46.752491
2018-04-12,46.955475
2018-04-13,46.692520
2018-04-16,47.043114
2018-04-17,47.919567
2018-04-18,48.145611
2018-04-19,47.993393
2018-04-20,47.504421
2018-04-23,47.605896
2018-04-24,46.853985
2018-04-25,47.047729
2018-04-26,47.808865
2018-04-27,48.025673
2018-04-30,47.836544
2018-05-01,47.901123
2018-05-02,47.573597
2018-05-03,47.361408
2018-05-04,47.984165
2018-05-07,48.145611
2018-05-08,47.942638
2018-05-09,48.108715
2018-05-10,48.284004
2018-05-11,48.385479
2018-05-14,48.477741
2018-05-15,48.196365
2018-05-16,48.597691
2018-05-17,48.436234
2018-05-18,48.376270
2018-05-21,48.643803
2018-05-22,48.427013
2018-05-23,48.777588
2018-05-24,48.883690
2018-05-25,48.957493
2018-05-29,48.579231
2018-05-30,49.022064
2018-05-31,48.786816
2018-06-01,49.146622
2018-06-04,49.695580
2018-06-05,49.986198
2018-06-06,50.452106
2018-06-07,50.599724
2018-06-08,50.705803
2018-06-11,50.908783
2018-06-12,51.153282
2018-06-13,51.231693
2018-06-14,51.766804
2018-06-15,51.851906
2018-06-18,51.764023
2018-06-19,51.699265
2018-06-20,51.944405
2018-06-21,51.574394
2018-06-22,51.486523
2018-06-25,50.367252
2018-06-26,50.728001
2018-06-27,50.071239
2018-06-28,50.464378
2018-06-29,50.552246
2018-07-02,50.621624
2018-07-03,50.367252
2018-07-05,50.616993
2018-07-06,51.014755
2018-07-09,51.625267
2018-07-10,51.736271
2018-07-11,51.616016
2018-07-12,51.958267
2018-07-13,52.073910
2018-07-16,52.203415
2018-07-17,52.254299
2018-07-18,52.221909
2018-07-19,52.101658
2018-07-20,51.870392
2018-07-23,51.814896
2018-07-24,51.662277
2018-07-25,52.041538
2018-07-26,51.768654
2018-07-27,51.634514
2018-07-30,51.222889
2018-07-31,51.463394
2018-08-01,51.209023
2018-08-02,51.560520
2018-08-03,51.736271
2018-08-06,52.083149
2018-08-07,52.323650
2018-08-08,52.379154
2018-08-09,52.573418
2018-08-10,52.134033
2018-08-13,51.870392
2018-08-14,52.374538
2018-08-15,51.736271
2018-08-16,51.990654
2018-08-17,52.036896
2018-08-20,52.406914
2018-08-21,52.823170
2018-08-22,52.878666
2018-08-23,52.827805
2018-08-24,53.137676
2018-08-27,53.479931
2018-08-28,53.586296
2018-08-29,54.187569
2018-08-30,53.877693
2018-08-31,54.090446
2018-09-04,54.192196
2018-09-05,53.609432
2018-09-06,53.461430
2018-09-07,53.456806
2018-09-10,53.655682
2018-09-11,54.085819
2018-09-12,54.187569
2018-09-13,54.280060
2018-09-14,54.076565
2018-09-17,53.405945
2018-09-18,54.085819
2018-09-19,54.108936
2018-09-20,54.478947
2018-09-21,54.238190
2018-09-24,53.885639
2018-09-25,54.112949
2018-09-26,54.238190
2018-09-27,54.423748
2018-09-28,54.377373
2018-10-01,54.210354
2018-10-02,53.477398
2018-10-03,53.296490
2018-10-04,52.461487
2018-10-05,52.067177
2018-10-08,52.201698
2018-10-09,52.048626
2018-10-10,50.295120
2018-10-11,49.409081
2018-10-12,50.322952
2018-10-15,50.206982
2018-10-16,51.213619
2018-10-17,50.791470
2018-10-18,49.817303
2018-10-19,49.330223
2018-10-22,49.529701
2018-10-23,49.538975
2018-10-24,48.059166
2018-10-25,49.511135
2018-10-26,47.971024
2018-10-29,47.548874
2018-10-30,48.263264
2018-10-31,48.884880
2018-11-01,49.882259
2018-11-02,50.086361
2018-11-05,50.155949
2018-11-06,50.378613
2018-11-07,51.742455
2018-11-08,51.756371
2018-11-09,51.037334
2018-11-12,50.012135
2018-11-13,49.988941
2018-11-14,49.613197
2018-11-15,49.538975
2018-11-16,49.344143
2018-11-19,48.138031
2018-11-20,47.047874
2018-11-21,47.539600
2018-11-23,47.326199
2018-11-26,48.388515
2018-11-27,48.532322
2018-11-28,49.965748
2018-11-29,49.733818
2018-11-30,50.095638
2018-12-03,51.032707
2018-12-04,49.195705
2018-12-06,49.432278
2018-12-07,47.952469
2018-12-10,47.989574
2018-12-11,48.008129
2018-12-12,48.513760
2018-12-13,48.272541
2018-12-14,47.470016
2018-12-17,46.263901
2018-12-18,46.625732
2018-12-19,45.702579
2018-12-20,44.677387
2018-12-21,43.664940
2018-12-24,42.835968
2018-12-26,45.374088
2018-12-27,45.616264
2018-12-28,45.620914
2018-12-31,46.109917
2019-01-02,46.459198
2019-01-03,45.453270
2019-01-04,46.957516
2019-01-07,48.019337
2019-01-08,48.550232
2019-01-09,48.797062
2019-01-10,48.657349
2019-01-11,48.703907
2019-01-14,48.405857
2019-01-15,48.843639
2019-01-16,48.731853
2019-01-17,49.062515
2019-01-18,49.742439
2019-01-22,48.997311
2019-01-23,49.095108
2019-01-24,49.300022
2019-01-25,49.844902
2019-01-28,49.556152
2019-01-29,49.234825
2019-01-30,50.203499
2019-01-31,50.659893
2019-02-01,49.919418
2019-02-04,50.245411
2019-02-05,50.715775
2019-02-06,50.506203
2019-02-07,50.091724
2019-02-08,49.891479
2019-02-11,49.979961
2019-02-12,50.748367
2019-02-13,51.093002
2019-02-14,50.906727
2019-02-15,51.256012
2019-02-19,51.465584
2019-02-20,51.568043
2019-02-21,51.465584
2019-02-22,51.745007
2019-02-25,51.572689
2019-02-26,51.642544
2019-02-27,51.605282
2019-02-28,51.325863
2019-03-01,51.740330
2019-03-04,51.577347
2019-03-05,51.707737
2019-03-06,51.465584
2019-03-07,50.841507
2019-03-08,50.487579
2019-03-11,51.181499
2019-03-12,51.325863
2019-03-13,51.507477
2019-03-14,51.353806
2019-03-15,51.683243
2019-03-18,52.183250
2019-03-19,52.444942
2019-03-20,52.519711
2019-03-21,53.239365
2019-03-22,52.183250
2019-03-25,52.491676
2019-03-26,52.715965
2019-03-27,52.608505
2019-03-28,52.926266
2019-03-29,53.201965
2019-04-01,53.786083
2019-04-02,53.776752
2019-04-03,54.155251
2019-04-04,54.594524
2019-04-05,54.916954
2019-04-08,55.113224
2019-04-09,54.617882
2019-04-10,54.879574
2019-04-11,54.949665
2019-04-12,55.290787
2019-04-15,55.402935
2019-04-16,55.645950
2019-04-17,55.753418
2019-04-18,55.734726
2019-04-22,55.524441
2019-04-23,56.188007
2019-04-24,56.239403
2019-04-25,55.945019
2019-04-26,56.388943
2019-04-29,56.192669
2019-04-30,56.108566
2019-05-01,55.426319
2019-05-02,55.468365
2019-05-03,56.122589
2019-05-06,55.781464
2019-05-07,54.935646
2019-05-08,54.954334
2019-05-09,54.730042
2019-05-10,54.809475
2019-05-13,53.178608
2019-05-14,53.716000
2019-05-15,54.080486
2019-05-16,54.580502
2019-05-17,54.164604
2019-05-20,53.781414
2019-05-21,54.155251
2019-05-22,53.599171
2019-05-23,52.935616
2019-05-24,53.005695
2019-05-28,52.655228
2019-05-29,52.187939
2019-05-30,52.529060
2019-05-31,51.842129
2019-06-03,51.407547
2019-06-04,52.800091
2019-06-05,53.061787
2019-06-06,53.332806
2019-06-07,54.103848
2019-06-10,54.561802
2019-06-11,54.772091
2019-06-12,54.758068
2019-06-13,55.248741
2019-06-14,55.370243
2019-06-17,55.393616
2019-06-18,55.814178
2019-06-19,55.916977
2019-06-20,56.304844
2019-06-21,56.044125
2019-06-24,55.744015
2019-06-25,55.209454
2019-06-26,55.387638
2019-06-27,55.734638
2019-06-28,55.894070
2019-07-01,56.386414
2019-07-02,56.508343
2019-07-03,57.000687
2019-07-05,57.066341
2019-07-08,57.136677
2019-07-09,57.197636
2019-07-10,57.403961
2019-07-11,57.521179
2019-07-12,58.182358
2019-07-15,58.369907
2019-07-16,58.294884
2019-07-17,57.736870
2019-07-18,57.661865
2019-07-19,57.282047
2019-07-22,57.314865
2019-07-23,57.704052
2019-07-24,57.994793
2019-07-25,57.671238
2019-07-26,57.933830
2019-07-29,57.652473
2019-07-30,57.263279
2019-07-31,56.606819
2019-08-01,55.837799
2019-08-02,55.378262
2019-08-05,53.891823
2019-08-06,54.712414
2019-08-07,54.932793
2019-08-08,55.992546
2019-08-09,55.467369
2019-08-12,54.660843
2019-08-13,55.561146
2019-08-14,53.821476
2019-08-15,53.732388
2019-08-16,54.341969
2019-08-19,55.026585
2019-08-20,55.040646
2019-08-21,56.100380
2019-08-22,56.114452
2019-08-23,54.623329
2019-08-26,55.162571
2019-08-27,54.890602
2019-08-28,55.575207
2019-08-29,56.409863
2019-08-30,56.072243
2019-09-03,55.842487
2019-09-04,56.395798
2019-09-05,57.474297
2019-09-06,57.614960
2019-09-09,57.835339
2019-09-10,57.605587
2019-09-11,57.713432
2019-09-12,57.990097
2019-09-13,57.872860
2019-09-16,57.131989
2019-09-17,57.478989
2019-09-18,57.450848
2019-09-19,57.296108
2019-09-20,56.639336
2019-09-23,56.836926
2019-09-24,56.230034
2019-09-25,56.742832
2019-09-26,56.498196
2019-09-27,56.300610
2019-09-30,56.785187
2019-10-01,56.310024
2019-10-02,55.298515
2019-10-03,55.566681
2019-10-04,56.088894
2019-10-07,55.844254
2019-10-08,55.256168
2019-10-09,55.726631
2019-10-10,56.098312
2019-10-11,56.733421
2019-10-14,56.705208
2019-10-15,57.203899
2019-10-16,57.439133
2019-10-17,57.589684
2019-10-18,57.476768
2019-10-21,57.679062
2019-10-22,57.312107
2019-10-23,57.048641
2019-10-24,57.020416
2019-10-25,56.954548
2019-10-28,57.133327
2019-10-29,56.808716
2019-10-30,57.161556
2019-10-31,56.855747
2019-11-01,57.232121
2019-11-04,57.260353
2019-11-05,57.345043
2019-11-06,57.406189
2019-11-07,57.062763
2019-11-08,57.086277
2019-11-11,56.968662
2019-11-12,56.931034
2019-11-13,56.752243
2019-11-14,56.996883
2019-11-15,57.100403
2019-11-18,57.297993
2019-11-19,56.667568
2019-11-20,56.535835
2019-11-21,56.215908
2019-11-22,56.601700
2019-11-25,57.100403
2019-11-26,57.490875
2019-11-27,57.984863
2019-11-29,57.608498
2019-12-02,57.133327
2019-12-03,56.559361
2019-12-04,56.874573
2019-12-05,56.818104
2019-12-06,57.274460
2019-12-09,57.345043
2019-12-10,57.246239
2019-12-11,57.392071
2019-12-12,57.895473
2019-12-13,57.947239
2019-12-16,58.201286
2019-12-17,58.460037
2019-12-18,58.516499
2019-12-19,58.699974
2019-12-20,58.789673
2019-12-23,58.652775
2019-12-24,58.784939
2019-12-26,59.502407
2019-12-27,59.497696
2019-12-30,59.115353
2019-12-31,59.200317
2020-01-02,59.903625
2020-01-03,59.393841
2020-01-06,59.559055
2020-01-07,59.464638
2020-01-08,59.644009
2020-01-09,59.960255
2020-01-10,59.634560
2020-01-13,59.823372
2020-01-14,59.804504
2020-01-15,59.667618
2020-01-16,60.200996
2020-01-17,60.413403
2020-01-21,60.229317
2020-01-22,60.200996
2020-01-23,60.290680
2020-01-24,59.450485
2020-01-27,58.563084
2020-01-28,59.134232
2020-01-29,59.101185
2020-01-30,59.002060
2020-01-31,59.153114
2020-02-03,59.573208
2020-02-04,60.658844
2020-02-05,60.965664
2020-02-06,60.828789
2020-02-07,60.564442
2020-02-10,61.248875
2020-02-11,61.730331
2020-02-12,62.362835
2020-02-13,62.254261
2020-02-14,62.159843
2020-02-18,62.155148
2020-02-19,62.433640
2020-02-20,62.457233
2020-02-21,61.503761
2020-02-24,59.389114
2020-02-25,57.803143
2020-02-26,57.345291
2020-02-27,55.027683
2020-02-28,54.673676
2020-03-02,56.552292
2020-03-03,55.183464
2020-03-04,57.090405
2020-03-05,54.961601
2020-03-06,54.116688
2020-03-09,50.708736
2020-03-10,53.512520
2020-03-11,50.586010
2020-03-12,45.474075
2020-03-13,48.287292
2020-03-16,42.169960
2020-03-17,43.793686
2020-03-18,41.277847
2020-03-19,42.717491
2020-03-20,41.447777
2020-03-23,41.516064
2020-03-24,45.410133
2020-03-25,46.206963
2020-03-26,48.118423
2020-03-27,46.505779
2020-03-30,47.478111
2020-03-31,46.520012
2020-04-01,44.442547
2020-04-02,44.608562
2020-04-03,43.830685
2020-04-06,47.478111
2020-04-07,48.184830
2020-04-08,49.702610
2020-04-09,50.599049
2020-04-13,50.584831
2020-04-14,52.562691
2020-04-15,51.410114
2020-04-16,52.026714
2020-04-17,53.563465
2020-04-20,52.629082
2020-04-21,51.263088
2020-04-22,52.368214
2020-04-23,52.353981
2020-04-24,53.240940
2020-04-27,54.236984
2020-04-28,54.450428
2020-04-29,55.650417
2020-04-30,55.304176
2020-05-01,53.236191
2020-05-04,53.525520
2020-05-05,53.719994
2020-05-06,53.710503
2020-05-07,54.554764
2020-05-08,55.617218
2020-05-11,55.493900
2020-05-12,54.279671
2020-05-13,53.345284
2020-05-14,54.142124
2020-05-15,54.772949
2020-05-18,56.845665
2020-05-19,56.641724
2020-05-20,57.381653
2020-05-21,57.585590
2020-05-22,57.500217
2020-05-26,58.410885
2020-05-27,59.411667
2020-05-28,58.690720
2020-05-29,58.904160
2020-06-01,59.463848
2020-06-02,59.971359
2020-06-03,61.104939
2020-06-04,60.796642
2020-06-05,62.252762
2020-06-08,63.201393
2020-06-09,62.708107
2020-06-10,62.119968
2020-06-11,58.866207
2020-06-12,59.449608
2020-06-15,60.014042
2020-06-16,61.275696
2020-06-17,61.114433
2020-06-18,60.891499
2020-06-19,60.417194
2020-06-22,61.038094
2020-06-23,61.518246
2020-06-24,60.163326
2020-06-25,60.244144
2020-06-26,58.832180
2020-06-29,59.949394
2020-06-30,60.714813
2020-07-01,61.328079
2020-07-02,61.570541
2020-07-06,63.030056
2020-07-07,62.041214
2020-07-08,62.702023
2020-07-09,62.630707
2020-07-10,63.377113
2020-07-13,62.573666
2020-07-14,63.196457
2020-07-15,64.099747
2020-07-16,63.928585
2020-07-17,63.629078
2020-07-20,64.646461
2020-07-21,64.746284
2020-07-22,65.302544
2020-07-23,64.323181
2020-07-24,64.437271
2020-07-27,64.836632
2020-07-28,64.194832
2020-07-29,64.846138
2020-07-30,64.793839
2020-07-31,65.131378
2020-08-03,64.993500
2020-08-04,65.516479
2020-08-05,66.315155
2020-08-06,66.638435
2020-08-07,66.738274
2020-08-10,67.536964
2020-08-11,67.403870
2020-08-12,68.297638
2020-08-13,68.269104
2020-08-14,68.264320
2020-08-17,69.143883
2020-08-18,69.571709
2020-08-19,69.243698
2020-08-20,69.139091
2020-08-21,69.495644
2020-08-24,70.551056
2020-08-25,70.784035
2020-08-26,71.482887
2020-08-27,71.097786
2020-08-28,71.563705
2020-08-31,71.354538
2020-09-01,72.100914
2020-09-02,73.099304
2020-09-03,70.779289
2020-09-04,69.961555
2020-09-08,69.044014
2020-09-09,70.346649
2020-09-10,69.338783
2020-09-11,69.443375
2020-09-14,70.180252
2020-09-15,70.755501
2020-09-16,70.360916
2020-09-17,69.372047
2020-09-18,68.406975
2020-09-21,67.418854
2020-09-22,68.843384
2020-09-23,67.714249
2020-09-24,67.685669
2020-09-25,68.567032
2020-09-28,70.001091
2020-09-29,69.457939
2020-09-30,70.024902
2020-10-01,70.939636
2020-10-02,70.639496
2020-10-05,71.573288
2020-10-06,70.248810
2020-10-07,71.854378
2020-10-08,72.326050
2020-10-09,73.078766
2020-10-12,74.050682
2020-10-13,74.036392
2020-10-14,73.216957
2020-10-15,73.488510
2020-10-16,72.821510
2020-10-19,71.925842
2020-10-20,72.502319
2020-10-21,72.106888
2020-10-22,72.254593
2020-10-23,72.888229
2020-10-26,71.487526
2020-10-27,71.454178
2020-10-28,69.195915
2020-10-29,69.634239
2020-10-30,68.114449
2020-11-02,68.600403
2020-11-03,70.110672
2020-11-04,71.601891
2020-11-05,72.997810
2020-11-06,72.778633
2020-11-09,72.540421
2020-11-10,72.283157
2020-11-11,72.916794
2020-11-12,71.940140
2020-11-13,73.107376
2020-11-16,74.064987
2020-11-17,73.750549
2020-11-18,73.245537
2020-11-19,73.607613
2020-11-20,73.221718
2020-11-23,74.026878
2020-11-24,75.127411
2020-11-25,75.217926
2020-11-27,75.379921
2020-11-30,74.922546
2020-12-01,75.479958
2020-12-02,75.008316
2020-12-03,75.217926
2020-12-04,75.289383
2020-12-07,75.117889
2020-12-08,74.960678
2020-12-09,74.889214
2020-12-10,74.822487
2020-12-11,74.465187
2020-12-14,74.574768
2020-12-15,75.580025
2020-12-16,76.075508
2020-12-17,76.594795
2020-12-18,76.223213
2020-12-21,75.362106
2020-12-22,75.037575
2020-12-23,75.199844
2020-12-24,75.357353
2020-12-28,76.216499
2020-12-29,76.240379
2020-12-30,76.698601
2020-12-31,76.741547
2021-01-04,76.092407
2021-01-05,76.660400
2021-01-06,77.443184
2021-01-07,78.937149
2021-01-08,80.564774
2021-01-11,79.061287
2021-01-12,80.268852
2021-01-13,80.264076
2021-01-14,79.753349
2021-01-15,79.137634
2021-01-19,79.586288
2021-01-20,81.089844
2021-01-21,81.466888
2021-01-22,81.190056
2021-01-25,81.490753
2021-01-26,81.438255
2021-01-27,78.927612
2021-01-28,79.175812
2021-01-29,77.328621
2021-02-01,79.338112
2021-02-02,81.023010
2021-02-03,80.569565
2021-02-04,81.428711
2021-02-05,82.206711
2021-02-08,82.674484
2021-02-09,82.216248
2021-02-10,81.404823
2021-02-11,81.180519
2021-02-12,81.295074
2021-02-16,80.941849
2021-02-17,81.409607
2021-02-18,81.433495
2021-02-19,80.960968
2021-02-22,79.252174
2021-02-23,78.731926
2021-02-24,79.557655
2021-02-25,76.598335
2021-02-26,76.918152
2021-03-01,78.722366
2021-03-02,77.815498
2021-03-03,75.987381
2021-03-04,74.378876
2021-03-05,74.851418
2021-03-08,74.942093
2021-03-09,77.772530
2021-03-10,78.168716
2021-03-11,79.366753
2021-03-12,79.600632
2021-03-15,80.669800
2021-03-16,79.834503
2021-03-17,80.956177
2021-03-18,78.975357
2021-03-19,79.447884
2021-03-22,79.970894
2021-03-23,79.220329
2021-03-24,78.049088
2021-03-25,78.732697
2021-03-26,79.387650
2021-03-29,78.952614
2021-03-30,79.727081
2021-03-31,80.348579
2021-04-01,80.993965
2021-04-05,82.834511
2021-04-06,83.193047
2021-04-07,82.944466
2021-04-08,83.336479
2021-04-09,84.130058
2021-04-12,84.670273
2021-04-13,85.564240
2021-04-14,84.722870
2021-04-15,85.330017
2021-04-16,85.989746
2021-04-19,85.024048
2021-04-20,83.953194
2021-04-21,85.071846
2021-04-22,84.130058
2021-04-23,85.009697
2021-04-26,85.382622
2021-04-27,85.282196
2021-04-28,85.181816
2021-04-29,85.205711
2021-04-30,85.535568
2021-05-03,85.129234
2021-05-04,84.240044
2021-05-05,83.977089
2021-05-06,84.158745
2021-05-07,84.914085
2021-05-10,83.403404
2021-05-11,82.461609
2021-05-12,79.669701
2021-05-13,80.233841
2021-05-14,81.625000
2021-05-17,81.476799
2021-05-18,80.840965
2021-05-19,80.162125
2021-05-20,80.984383
2021-05-21,80.578026
2021-05-24,81.376411
2021-05-25,81.634552
2021-05-26,82.413818
2021-05-27,82.743683
2021-05-28,82.628929
2021-06-01,82.471146
2021-06-02,82.088722
2021-06-03,81.113457
2021-06-04,81.763618
2021-06-07,81.763618
2021-06-08,82.423363
2021-06-09,81.969200
2021-06-10,82.356430
2021-06-11,82.805824
2021-06-14,82.829720
2021-06-15,82.389908
2021-06-16,82.428131
2021-06-17,82.738892
2021-06-18,82.303856
2021-06-21,82.938240
2021-06-22,83.718636
2021-06-23,84.364998
2021-06-24,84.652252
2021-06-25,85.188484
2021-06-28,85.207634
2021-06-29,85.418274
2021-06-30,85.485329
2021-07-01,85.968880
2021-07-02,86.725349
2021-07-06,86.825890
2021-07-07,86.778015
2021-07-08,86.562531
2021-07-09,87.371712
2021-07-12,87.970154
2021-07-13,86.916840
2021-07-14,86.758858
2021-07-15,86.289642
2021-07-16,85.226768
2021-07-19,84.250076
2021-07-20,85.806107
2021-07-21,86.596054
2021-07-22,86.969505
2021-07-23,87.745140
2021-07-26,88.396278
2021-07-27,87.500961
2021-07-28,87.218468
2021-07-29,88.199966
2021-07-30,86.385414
2021-08-02,86.634361
2021-08-03,87.275948
2021-08-04,86.428497
2021-08-05,87.256783
2021-08-06,86.663109
2021-08-09,86.543411
2021-08-10,86.883331
2021-08-11,87.137093
2021-08-12,87.175369
2021-08-13,86.926437
2021-08-16,86.524261
2021-08-17,84.470299
2021-08-18,84.771942
2021-08-19,84.230919
2021-08-20,85.040047
2021-08-23,86.136452
2021-08-24,86.744499
2021-08-25,87.079620
2021-08-26,86.275291
2021-08-27,87.060486
2021-08-30,87.716400
2021-08-31,87.927063
2021-09-01,87.922279
2021-09-02,87.917473
2021-09-03,87.864830
2021-09-07,88.123367
2021-09-08,88.223907
2021-09-09,88.109001
2021-09-10,87.567986
2021-09-13,87.783424
2021-09-14,87.491402
2021-09-15,88.056320
2021-09-16,88.458519
2021-09-17,88.147324
2021-09-20,86.135841
2021-09-21,86.265289
2021-09-22,87.440056
2021-09-23,88.327126
2021-09-24,88.657959
2021-09-27,89.132652
2021-09-28,87.416084
2021-09-29,87.502396
2021-09-30,86.044739
2021-10-01,86.692055
2021-10-04,86.006378
2021-10-05,86.351616
2021-10-06,86.624916
2021-10-07,87.972298
2021-10-08,87.569519
2021-10-11,87.214684
2021-10-12,87.905167
2021-10-13,88.336700
2021-10-14,89.262131
2021-10-15,90.628654
2021-10-18,91.736298
2021-10-19,91.477356
2021-10-20,91.410255
2021-10-21,92.752808
2021-10-22,92.421989
2021-10-25,94.713943
2021-10-26,94.728333
2021-10-27,94.939316
2021-10-28,96.200371
2021-10-29,96.449699
2021-11-01,98.219017
2021-11-02,97.557335
2021-11-03,99.312271
2021-11-04,100.650032
2021-11-05,101.297348
2021-11-08,99.863686
2021-11-09,98.017632
2021-11-10,97.653229
2021-11-11,97.389503
2021-11-12,97.715561
2021-11-15,97.634056
2021-11-16,99.173210
2021-11-17,99.806122
2021-11-18,100.937729
2021-11-19,101.374069
2021-11-22,101.119942
2021-11-23,100.386322
2021-11-24,100.592499
2021-11-26,97.849815
2021-11-29,99.369812
2021-11-30,98.027214
2021-12-01,96.257896
2021-12-02,97.629234
2021-12-03,95.730438
2021-12-06,96.823685
2021-12-07,99.082108
2021-12-08,99.331436
2021-12-09,97.610069
2021-12-10,98.290955
2021-12-13,95.759239
2021-12-14,95.203033
2021-12-15,96.411346
2021-12-16,94.282394
2021-12-17,93.639885
2021-12-20,92.128189
2021-12-21,94.514832
2021-12-22,96.238762
2021-12-23,97.573769
2021-12-27,98.524567
2021-12-28,98.567780
2021-12-29,98.764679
2021-12-30,98.409309
2021-12-31,98.174011
2022-01-03,100.992851
2022-01-04,100.378181
2022-01-05,97.669800
2022-01-06,97.415276
2022-01-07,95.792183
2022-01-10,95.206322
2022-01-11,96.123528
2022-01-12,96.757401
2022-01-13,94.812553
2022-01-14,94.370766
2022-01-18,92.584396
2022-01-19,90.913261
2022-01-20,89.256523
2022-01-21,86.639389
2022-01-24,87.681450
2022-01-25,86.197586
2022-01-26,85.779808
2022-01-27,83.700508
2022-01-28,85.525299
2022-01-31,88.814735
2022-02-01,89.352554
2022-02-02,88.819519
2022-02-03,86.101547
2022-02-04,88.550621
2022-02-07,88.368134
2022-02-08,89.611870
2022-02-09,90.797989
2022-02-10,89.232529
2022-02-11,86.668205
2022-02-14,87.162811
2022-02-15,89.112465
2022-02-16,89.366974
2022-02-17,86.975517
2022-02-18,86.437691
2022-02-22,83.916595
2022-02-23,81.112167
2022-02-24,82.965805
2022-02-25,84.608101
2022-02-28,85.203568
2022-03-01,83.911827
2022-03-02,85.674156
2022-03-03,83.734100
2022-03-04,82.403954
2022-03-07,78.365387
2022-03-08,78.528648
2022-03-09,81.054550
2022-03-10,81.630806
2022-03-11,80.060524
2022-03-14,78.725540
2022-03-15,81.361877
2022-03-16,84.137497
2022-03-17,85.539719
2022-03-18,87.340492
2022-03-21,86.608986
2022-03-22,88.758804
2022-03-23,87.657440
2022-03-24,88.340378
2022-03-25,88.186485
2022-03-28,90.538307
2022-03-29,92.115814
2022-03-30,90.716263
2022-03-31,88.975243
2022-04-01,89.085838
2022-04-04,91.086586
2022-04-05,88.951195
2022-04-06,86.681107
2022-04-07,87.123596
2022-04-08,86.320404
2022-04-11,84.718857
2022-04-12,84.906418
2022-04-13,87.017776
2022-04-14,85.800964
2022-04-18,86.060699
2022-04-19,88.556808
2022-04-20,87.416962
2022-04-21,86.570496
2022-04-22,84.560150
2022-04-25,85.170929
2022-04-26,80.861656
2022-04-27,80.871262
2022-04-28,82.530548
2022-04-29,78.336693
2022-05-02,79.481331
2022-05-03,79.284149
2022-05-04,81.611931
2022-05-05,77.038116
2022-05-06,76.061798
2022-05-09,72.820206
2022-05-10,72.603790
2022-05-11,70.001877
2022-05-12,70.482803
2022-05-13,73.257889
2022-05-16,71.675575
2022-05-17,73.483917
2022-05-18,68.679260
2022-05-19,68.727364
2022-05-20,67.529808
2022-05-23,68.034805
2022-05-24,66.284142
2022-05-25,68.155022
2022-05-26,71.497597
2022-05-27,73.950447
2022-05-31,74.325554
2022-06-01,73.551254
2022-06-02,75.802078
2022-06-03,73.584938
2022-06-06,74.320793
2022-06-07,74.138008
2022-06-08,73.700356
2022-06-09,72.368126
2022-06-10,69.482437
2022-06-13,66.274521
2022-06-14,66.221611
2022-06-15,68.082901
2022-06-16,64.749908
2022-06-17,65.456924
2022-06-21,67.329231
2022-06-22,67.199066
2022-06-23,68.254784
2022-06-24,70.857933
2022-06-27,70.115524
2022-06-28,67.314766
2022-06-29,67.261742
2022-06-30,66.273521
2022-07-01,67.493149
2022-07-05,69.001999
2022-07-06,68.775414
2022-07-07,70.549385
2022-07-08,70.559044
2022-07-11,68.625969
2022-07-12,68.211411
2022-07-13,68.770592
2022-07-14,68.712738
2022-07-15,69.821472
2022-07-18,70.023941
2022-07-19,72.169128
2022-07-20,73.354965
2022-07-21,75.032547
2022-07-22,74.598686
2022-07-25,73.957550
2022-07-26,71.576172
2022-07-27,74.285347
2022-07-28,75.562813
2022-07-29,78.493729
2022-08-01,78.884193
2022-08-02,78.344284
2022-08-03,80.253242
2022-08-04,80.581039
2022-08-05,79.207169
2022-08-08,79.563889
2022-08-09,78.296082
2022-08-10,80.503922
2022-08-11,80.094177
2022-08-12,81.906708
2022-08-15,82.470718
2022-08-16,83.381813
2022-08-17,82.485176
2022-08-18,82.461075
2022-08-19,80.759415
2022-08-22,78.517845
2022-08-23,78.739578
2022-08-24,79.077026
2022-08-25,80.021843
2022-08-26,76.975243
2022-08-29,76.565498
2022-08-30,75.712234
2022-08-31,74.965057
2022-09-01,75.649582
2022-09-02,74.955399
2022-09-06,74.801140
2022-09-07,77.095741
2022-09-08,77.814026
2022-09-09,79.289124
2022-09-12,80.311096
2022-09-13,76.170197
2022-09-14,77.148788
2022-09-15,76.753487
2022-09-16,76.136459
2022-09-19,77.213692
2022-09-20,75.904587
2022-09-21,74.107574
2022-09-22,72.397484
2022-09-23,70.730919
2022-09-26,70.571503
2022-09-27,70.793716
2022-09-28,72.706657
2022-09-29,70.194702
2022-09-30,68.813141
2022-10-03,68.880753
2022-10-04,71.286461
2022-10-05,70.866173
2022-10-06,70.363785
2022-10-07,67.943619
2022-10-10,67.523346
2022-10-11,66.972656
2022-10-12,67.146530
2022-10-13,67.880821
2022-10-14,65.344696
2022-10-17,67.996742
2022-10-18,68.933899
2022-10-19,68.160995
2022-10-20,66.842224
2022-10-21,68.788971
2022-10-24,69.073990
2022-10-25,70.803375
2022-10-26,70.233360
2022-10-27,69.962830
2022-10-28,70.025658
2022-10-31,69.576370
2022-11-01,68.871094
2022-11-02,66.267357
2022-11-03,65.871246
2022-11-04,66.421928
2022-11-07,65.958199
2022-11-08,65.793938
2022-11-09,63.784374
2022-11-10,68.446014
2022-11-11,70.088432
2022-11-14,68.977371
2022-11-15,69.919350
2022-11-16,68.851776
2022-11-17,68.016090
2022-11-18,68.107849
2022-11-21,67.122398
2022-11-22,67.880821
2022-11-23,68.861450
2022-11-25,68.900085
2022-11-28,68.474998
2022-11-29,68.257607
2022-11-30,70.610161
2022-12-01,70.600494
2022-12-02,70.508705
2022-12-05,68.474998
2022-12-06,67.407410
2022-12-07,67.001633
2022-12-08,67.648949
2022-12-09,67.354263
2022-12-12,67.523346
2022-12-13,67.523346
2022-12-14,67.020950
2022-12-15,65.919548
2022-12-16,64.687721
2022-12-19,63.649178
2022-12-20,62.908066
2022-12-21,63.910763
2022-12-22,62.268665
2022-12-23,62.694935
2022-12-27,61.677719
2022-12-28,61.159412
2022-12-29,62.733681
2022-12-30,62.564156
2023-01-03,62.191158
2023-01-04,63.092140
2023-01-05,62.506023
2023-01-06,63.973743
2023-01-09,64.361237
2023-01-10,65.170189
2023-01-11,66.928528
2023-01-12,67.039932
2023-01-13,67.669647
2023-01-17,67.718109
2023-01-18,66.836487
2023-01-19,65.727234
2023-01-20,67.320877
2023-01-23,68.372017
2023-01-24,68.294518
2023-01-25,68.643272
2023-01-26,70.048019
2023-01-27,71.636841
2023-01-30,70.416161
2023-01-31,72.029182
2023-02-01,73.395164
2023-02-02,75.642769
2023-02-03,73.312820
2023-02-06,73.206268
2023-02-07,73.375801
2023-02-08,72.750946
2023-02-09,72.615288
2023-02-10,71.762764
2023-02-13,72.813911
2023-02-14,73.685806
2023-02-15,74.548019
2023-02-16,72.920471
2023-02-17,72.935005
2023-02-21,70.498497
2023-02-22,70.856956
2023-02-23,70.798836
2023-02-24,69.684715
2023-02-27,70.546951
2023-02-28,70.498497
2023-03-01,69.612061
2023-03-02,69.379570
2023-03-03,70.871483
2023-03-06,70.353172
2023-03-07,69.394081
2023-03-08,69.268150
2023-03-09,67.616356
2023-03-10,66.943062
2023-03-13,67.083527
2023-03-14,68.221855
2023-03-15,68.120140
2023-03-16,69.350487
2023-03-17,68.464050
2023-03-20,68.760437
2023-03-21,70.660187
2023-03-22,69.085976
2023-03-23,69.013084
2023-03-24,68.789574
2023-03-27,68.930481
2023-03-28,68.847893
2023-03-29,70.154869
2023-03-30,70.767075
2023-03-31,72.657097
2023-04-03,71.991470
2023-04-04,71.874863
2023-04-05,70.402672
2023-04-06,70.417244
2023-04-10,70.728203
2023-04-11,70.839966
2023-04-12,69.741890
2023-04-13,71.282112
2023-04-14,71.374428
2023-04-17,71.879715
2023-04-18,71.996338
2023-04-19,71.928307
2023-04-20,70.820518
2023-04-21,71.602768
2023-04-24,71.593056
2023-04-25,70.174316
2023-04-26,69.814774
2023-04-27,71.656219
2023-04-28,71.840851
2023-05-01,71.131477
2023-05-02,71.204361
2023-05-03,70.640755
2023-05-04,70.096588
2023-05-05,71.515327
2023-05-08,71.758263
2023-05-09,71.738823
2023-05-10,72.103218
2023-05-11,72.438461
2023-05-12,71.826286
2023-05-15,71.918602
2023-05-16,71.627068
2023-05-17,73.118698
2023-05-18,74.255646
2023-05-19,73.633713
2023-05-22,73.405357
2023-05-23,72.734856
2023-05-24,72.467628
2023-05-25,72.142097
2023-05-26,73.837791
2023-05-30,74.333374
2023-05-31,73.662872
2023-06-01,74.532578
2023-06-02,76.281723
2023-06-05,76.510071
2023-06-06,77.306908
2023-06-07,76.782143
2023-06-08,77.919098
2023-06-09,78.322365
2023-06-12,79.668213
2023-06-13,80.494217
2023-06-14,80.435913
2023-06-15,80.960640
2023-06-16,80.839172
2023-06-20,81.444817
2023-06-21,80.466248
2023-06-22,81.493507
2023-06-23,80.549019
2023-06-26,79.516899
2023-06-27,81.225731
2023-06-28,81.547058
2023-06-29,81.634682
2023-06-30,82.671669
2023-07-03,83.669708
2023-07-05,83.703796
2023-07-06,82.355225
2023-07-07,82.457458
2023-07-10,82.710625
2023-07-11,83.401939
2023-07-12,84.151688
2023-07-13,84.940392
2023-07-14,85.159470
2023-07-17,85.505127
2023-07-18,85.855667
2023-07-19,86.157494
2023-07-20,83.221817
2023-07-21,83.241272
2023-07-24,83.786575
2023-07-25,83.591820
2023-07-26,83.572327
2023-07-27,82.705742
2023-07-28,84.107864
2023-07-31,84.584984
2023-08-01,83.625900
2023-08-02,82.126396
2023-08-03,82.321144
2023-08-04,83.518791
2023-08-07,84.375641
2023-08-08,83.703796
2023-08-09,82.710625
2023-08-10,82.910225
2023-08-11,82.627861
2023-08-14,82.881020
2023-08-15,81.751526
2023-08-16,80.738869
2023-08-17,79.370827
2023-08-18,79.190704
2023-08-21,80.101112
2023-08-22,80.217957
2023-08-23,80.860603
2023-08-24,79.278336
2023-08-25,80.164398
2023-08-28,80.485718
2023-08-29,82.496407
2023-08-30,82.851807
2023-08-31,83.109840
2023-09-01,82.603516
2023-09-05,82.661942
2023-09-06,81.926796
2023-09-07,82.155617
2023-09-08,82.155617
2023-09-11,84.365883
2023-09-12,83.601555
2023-09-13,84.263664
2023-09-14,85.091301
2023-09-15,83.635612
2023-09-18,82.726051
2023-09-19,82.311478
2023-09-20,81.492142
2023-09-21,79.268158
2023-09-22,78.487816
2023-09-25,78.970665
2023-09-26,77.531898
2023-09-27,77.234390
2023-09-28,78.097656
2023-09-29,78.512207
2023-10-02,78.575607
2023-10-03,76.663765
2023-10-04,78.175674
2023-10-05,77.785515
2023-10-06,78.331749
2023-10-09,78.414650
2023-10-10,79.273033
2023-10-11,79.555893
2023-10-12,78.687767
2023-10-13,77.531898
2023-10-16,78.785324
2023-10-17,78.970665
2023-10-18,77.117348
2023-10-19,75.146965
2023-10-20,73.981346
2023-10-23,74.069115
2023-10-24,74.859238
2023-10-25,73.347305
2023-10-26,72.201164
2023-10-27,72.957130
2023-10-30,73.625313
2023-10-31,74.181297
2023-11-01,75.098198
2023-11-02,77.058823
2023-11-03,78.141541
2023-11-06,78.239075
2023-11-07,79.112099
2023-11-08,78.902351
2023-11-09,77.429466
2023-11-10,78.717041
2023-11-13,79.053566
2023-11-14,81.716469
2023-11-15,81.814018
2023-11-16,80.975143
2023-11-17,81.516525
2023-11-20,81.935959
2023-11-21,81.726227
2023-11-22,81.974960
2023-11-24,82.053001
2023-11-27,82.184669
2023-11-28,82.657761
2023-11-29,82.433403
2023-11-30,82.316360
2023-12-01,83.442986
2023-12-04,83.125969
2023-12-05,83.272285
2023-12-06,83.394211
2023-12-07,84.081886
2023-12-08,84.467194
2023-12-11,84.691544
2023-12-12,84.954903
2023-12-13,86.066887
2023-12-14,87.222771
2023-12-15,87.403229
2023-12-18,87.945557
2023-12-19,88.634460
2023-12-20,87.017242
2023-12-21,88.341309
2023-12-22,87.691498
2023-12-26,88.062820
2023-12-27,88.365761
2023-12-28,87.906471
2023-12-29,87.364143
2024-01-02,86.553093
2024-01-03,84.803932
2024-01-04,84.207886
2024-01-05,84.339783
2024-01-08,85.776230
2024-01-09,85.458656
2024-01-10,86.142685
2024-01-11,86.030289
2024-01-12,84.994492
2024-01-16,84.896782
2024-01-17,84.154129
2024-01-18,84.632935
2024-01-19,85.448891
2024-01-22,85.072655
2024-01-23,84.867455
2024-01-24,84.544998
2024-01-25,83.499420
2024-01-26,83.880531
2024-01-29,85.106880
2024-01-30,85.058006
2024-01-31,83.509186
2024-02-01,85.116653
2024-02-02,86.636139
2024-02-05,85.414688
2024-02-06,85.932587
2024-02-07,86.895096
2024-02-08,87.276184
2024-02-09,87.896698
2024-02-12,87.823402
2024-02-13,86.074265
2024-02-14,86.983055
2024-02-15,87.989517
2024-02-16,87.466751
2024-02-20,86.641029
2024-02-21,87.281082
2024-02-22,88.976486
2024-02-23,88.575821
2024-02-26,88.849449
2024-02-27,89.142601
2024-02-28,89.494362
2024-02-29,90.100227
2024-03-01,90.398270
2024-03-04,89.176788
2024-03-05,88.067703
2024-03-06,87.755013
2024-03-07,88.424362
2024-03-08,88.097015
2024-03-11,87.857613
2024-03-12,88.614906
2024-03-13,88.429276
2024-03-14,87.867371
2024-03-15,86.992813
2024-03-18,87.657280
2024-03-19,88.416222
2024-03-20,89.733391
2024-03-21,90.257324
2024-03-22,89.468971
2024-03-25,89.175194
2024-03-26,89.287804
2024-03-27,90.320969
2024-03-28,90.041862
2024-04-01,89.371048
2024-04-02,88.053886
2024-04-03,88.117546
2024-04-04,87.084381
2024-04-05,87.569130
2024-04-08,88.401527
2024-04-09,88.817741
2024-04-10,87.446709
2024-04-11,88.151825
2024-04-12,86.722038
2024-04-15,85.277565
2024-04-16,84.792809
2024-04-17,84.381508
2024-04-18,83.857582
2024-04-19,83.123108
2024-04-22,83.490341
2024-04-23,84.484337
2024-04-24,85.292267
2024-04-25,85.365707
2024-04-26,86.134453
2024-04-29,88.137138
2024-04-30,85.992455
2024-05-01,85.453850
2024-05-02,86.531075
2024-05-03,87.113747
2024-05-06,88.044106
2024-05-07,87.412453
2024-05-08,87.084381
2024-05-09,87.676857
2024-05-10,87.206787
2024-05-13,87.094177
2024-05-14,87.490784
2024-05-15,87.622993
2024-05-16,87.054985
2024-05-17,87.500580
2024-05-20,86.849350
2024-05-21,87.407532
2024-05-22,86.496796
2024-05-23,85.096397
2024-05-24,85.953278
2024-05-28,85.742737
2024-05-29,85.179634
2024-05-30,85.683990
2024-05-31,86.163841
2024-06-03,86.124672
2024-06-04,86.212807
2024-06-05,86.717148
2024-06-06,87.348801
2024-06-07,86.991333
2024-06-10,87.270447
2024-06-11,87.040314
2024-06-12,87.946175
2024-06-13,88.014709
2024-06-14,87.319412
2024-06-17,88.852020
2024-06-18,88.553329
2024-06-20,88.665947
2024-06-21,89.415131
2024-06-24,89.033348
2024-06-25,88.675140
2024-06-26,89.960777
2024-06-27,90.510368
2024-06-28,89.504417
2024-07-01,89.808662
2024-07-02,91.555573
2024-07-03,92.139511
2024-07-05,92.890282
2024-07-08,92.934433
2024-07-09,93.243591
2024-07-10,93.945290
2024-07-11,92.752876
2024-07-12,93.964920
2024-07-15,93.856972
2024-07-16,95.540085
2024-07-17,93.945290
2024-07-18,92.988441
2024-07-19,92.159134
2024-07-22,93.174896
2024-07-23,92.757797
2024-07-24,88.964653
2024-07-25,88.616249
2024-07-26,89.607475
2024-07-29,91.104134
2024-07-30,90.598694
2024-07-31,92.002113
2024-08-01,89.744873
2024-08-02,86.442429
2024-08-05,83.998718
2024-08-06,84.926163
2024-08-07,83.444237
2024-08-08,85.264732
2024-08-09,85.549355
2024-08-12,85.210770
2024-08-13,87.345329
2024-08-14,86.879166
2024-08-15,89.651634
2024-08-16,89.862640
2024-08-19,90.966721
2024-08-20,90.883316
2024-08-21,92.031540
2024-08-22,90.441658
2024-08-23,92.188568
2024-08-26,91.472153
2024-08-27,91.231705
2024-08-28,90.348427
2024-08-29,90.456398
2024-08-30,91.820557
2024-09-03,90.559441
2024-09-04,90.794983
2024-09-05,91.825455
2024-09-06,89.504417
2024-09-09,90.809708
2024-09-10,91.849991
2024-09-11,92.767601
2024-09-12,93.812805
2024-09-13,94.450714
2024-09-16,94.288780
2024-09-17,94.769691
2024-09-18,94.583214
2024-09-19,96.737419
2024-09-20,96.516579
2024-09-23,97.689323
2024-09-24,98.544922
2024-09-25,98.190880
2024-09-26,98.608841
2024-09-27,98.756363
2024-09-30,98.525246
2024-10-01,98.126961
2024-10-02,97.295952
2024-10-03,96.169930
2024-10-04,97.443474
2024-10-07,95.928986
2024-10-08,96.863258
2024-10-09,97.556572
2024-10-10,97.074677
2024-10-11,96.661652
2024-10-14,97.084526
2024-10-15,97.295952
2024-10-16,97.807343
2024-10-17,97.718834
2024-10-18,98.102379
2024-10-21,97.340218
2024-10-22,96.946831
2024-10-23,95.422516
2024-10-24,98.431831
2024-10-25,98.741608
2024-10-28,98.972717
2024-10-29,98.456413
2024-10-30,98.318726
2024-10-31,96.814079
2024-11-01,98.387573
2024-11-04,98.048271
2024-11-05,99.784042
2024-11-06,102.975281
2024-11-07,104.298012
2024-11-08,105.778076
2024-11-11,107.912125
2024-11-12,106.471390
2024-11-13,107.381081
2024-11-14,105.856743
2024-11-15,104.951981
2024-11-18,105.920670
2024-11-19,105.999336
2024-11-20,105.532219
2024-11-21,105.719070
2024-11-22,107.243385
2024-11-25,108.339912
2024-11-26,108.733292
2024-11-27,108.197311
2024-11-29,109.308594
2024-12-02,110.262527
2024-12-03,110.178940
2024-12-04,111.201698
2024-12-05,112.111382
2024-12-06,114.471626
2024-12-09,114.107750
2024-12-10,114.294601
2024-12-11,116.300804
2024-12-12,115.337044
2024-12-13,115.794342
2024-12-16,117.362915
2024-12-17,117.731697
2024-12-18,112.426071
2024-12-19,112.273651
2024-12-20,112.558846
2024-12-23,112.900238
2024-12-24,115.511276
2024-12-26,115.082680
2024-12-27,113.181053
2024-12-30,111.363190
2024-12-31,110.525681
2025-01-02,109.072350
2025-01-03,111.279434
2025-01-06,111.717896
2025-01-07,109.555176
2025-01-08,109.865532
2025-01-10,108.786629
2025-01-13,109.402443
2025-01-14,109.190613
2025-01-15,111.969139
2025-01-16,111.363190
2025-01-17,112.924881
2025-01-21,113.752518
2025-01-22,113.323921
2025-01-23,114.008698
2025-01-24,113.314064
2025-01-27,113.959442
2025-01-28,114.097374
2025-01-29,113.772240
2025-01-30,114.885620
2025-01-31,114.378197
2025-02-03,112.865753
2025-02-04,114.195915
2025-02-05,112.900238
2025-02-06,113.348549
2025-02-07,111.131622
2025-02-10,111.510979
2025-02-11,110.244873
2025-02-12,110.225159
2025-02-13,111.880463
2025-02-14,111.831200
2025-02-18,111.520828
2025-02-19,111.456787
2025-02-20,110.496124
2025-02-21,107.589493
2025-02-24,107.185532
2025-02-25,106.623901
2025-02-26,106.185448
2025-02-27,104.653305
2025-02-28,106.392365
2025-03-03,104.431610
2025-03-04,102.589111
2025-03-05,104.150810
2025-03-06,101.510223
2025-03-07,101.322990
2025-03-10,97.706963
2025-03-11,96.751221
2025-03-12,97.312851
2025-03-13,94.884094
2025-03-14,96.903938
2025-03-17,97.056671
2025-03-18,95.327477
2025-03-19,97.155212
2025-03-20,96.923653
2025-03-21,97.273438
2025-03-24,100.920166
2025-03-25,101.725403
2025-03-26,100.396523
2025-03-27,100.460754
2025-03-28,97.338631
2025-03-31,97.546127
2025-04-01,98.563774
2025-04-02,100.436058
2025-04-03,94.369675
2025-04-04,90.299072
2025-04-07,89.232025
2025-04-08,87.112747
2025-04-09,96.597633
2025-04-10,92.823448
2025-04-11,93.722534
2025-04-14,93.994232
2025-04-15,93.317436
2025-04-16,91.015381
2025-04-17,91.588432
2025-04-21,89.143097
2025-04-22,91.963875
2025-04-23,94.018944
2025-04-24,95.891205
2025-04-25,97.615288
2025-04-28,97.649864
2025-04-29,98.341476
2025-04-30,97.447319
2025-05-01,97.985786
2025-05-02,99.507309
2025-05-05,98.450150
2025-05-06,97.590584
2025-05-07,98.351349
2025-05-08,99.512260
2025-05-09,99.991455
2025-05-12,104.961128
2025-05-13,106.349281
2025-05-14,106.759300
2025-05-15,106.522186
2025-05-16,107.529953
2025-05-19,107.278015
2025-05-20,106.719795
2025-05-21,104.556046
2025-05-22,105.005592
2025-05-23,104.062042
2025-05-27,107.134743
2025-05-28,106.151688
2025-05-29,106.196144
2025-05-30,105.618156
2025-06-02,105.865166
2025-06-03,106.428329
2025-06-04,106.146744
2025-06-05,103.469246
2025-06-06,104.812935
2025-06-09,105.652733
2025-06-10,106.917381
2025-06-11,106.072647
2025-06-12,105.573708
2025-06-13,104.600502
2025-06-16,105.726837
2025-06-17,103.903969
2025-06-18,103.953362
2025-06-20,104.076859
2025-06-23,106.139755
2025-06-24,106.728867
2025-06-25,105.471436
2025-06-26,106.441734
2025-06-27,108.214035
2025-06-30,107.590263
2025-07-01,108.050667
2025-07-02,108.917023
2025-07-03,109.511078
2025-07-07,108.119980
2025-07-08,107.753647
2025-07-09,108.392258
2025-07-10,109.590286
2025-07-11,109.619987
2025-07-14,110.025932
2025-07-15,108.451660
2025-07-16,108.649673
2025-07-17,109.020981
2025-07-18,109.986328
2025-07-21,110.506134
2025-07-22,111.624962
2025-07-23,112.154671
2025-07-24,110.298218
2025-07-25,111.322975
2025-07-28,111.971497
2025-07-29,111.199219
2025-07-30,110.496239
2025-07-31,109.619987
2025-08-01,106.976402
2025-08-04,108.233841
2025-08-05,108.372459
2025-08-06,110.624962
2025-08-07,110.590302
2025-08-08,110.783371
2025-08-11,111.070496
2025-08-12,112.248734
2025-08-13,113.788353
2025-08-14,113.659630
2025-08-15,113.387352
2025-08-18,113.842819
2025-08-19,113.788353
2025-08-20,112.664574
2025-08-21,111.996246
2025-08-22,115.397278
2025-08-25,115.164612
2025-08-26,115.694313
2025-08-27,115.719055
2025-08-28,115.917084
2025-08-29,114.724007
2025-09-02,113.867561
2025-09-03,114.327957
2025-09-04,116.417099
2025-09-05,116.392334
2025-09-08,116.842842
2025-09-09,116.679474
2025-09-10,115.283417
2025-09-11,117.526009
2025-09-12,118.134933
2025-09-15,119.159691
2025-09-16,119.892380
2025-09-17,119.590401
2025-09-18,119.050789
2025-09-19,119.501282
2025-09-22,119.111984
2025-09-23,117.991188
2025-09-24,118.824348
2025-09-25,117.148109
2025-09-26,118.878899
2025-09-29,119.399612
2025-09-30,118.844177
2025-10-01,119.588074
2025-10-02,118.725159
2025-10-03,117.961426
2025-10-06,118.973114
2025-10-07,116.890228
2025-10-08,117.237373
2025-10-09,116.652184
2025-10-10,113.443527
2025-10-13,115.977722
2025-10-14,116.220734
2025-10-15,116.389343
2025-10-16,115.263580
2025-10-17,116.255440
2025-10-20,117.177864
2025-10-21,118.611099
2025-10-22,117.683716
2025-10-23,118.214348
2025-10-24,117.862251
2025-10-27,119.558311
2025-10-28,119.588074
2025-10-29,118.601173
2025-10-30,115.923164
2025-10-31,118.987999
2025-11-03,120.103836
2025-11-04,118.110214
2025-11-05,119.548401
2025-11-06,116.786087
2025-11-07,116.969574
2025-11-10,118.506958
2025-11-11,118.799553
2025-11-12,118.001106
2025-11-13,115.055290
2025-11-14,114.504807
2025-11-17,113.428650
2025-11-18,111.335838
2025-11-19,111.340790
2025-11-20,109.679443
2025-11-21,111.831757
2025-11-24,113.324509
2025-11-25,115.749580
2025-11-26,116.543076
2025-11-28,117.267128
2025-12-01,117.336563
2025-12-02,117.257210
2025-12-03,118.521835
2025-12-04,118.100296
2025-12-05,118.754913
2025-12-08,117.029076
2025-12-09,117.019173
2025-12-10,118.735069
2025-12-11,119.201256
2025-12-12,119.717010
2025-12-15,120.738632
2025-12-16,120.936996
2025-12-17,119.538483
2025-12-18,121.343651
2025-12-19,120.857651
2025-12-22,121.584129
2025-12-23,121.415184
2025-12-24,121.832588
2025-12-26,121.295937
2025-12-29,120.103340
2025-12-30,119.616371
2025-12-31,118.672241
2026-01-02,117.618790
2026-01-05,119.556740
2026-01-06,120.321983
2026-01-07,120.153038
2026-01-08,122.160553
2026-01-09,123.641350
2026-01-12,123.750656
2026-01-13,123.442581
2026-01-14,121.494698
2026-01-15,121.941917
2026-01-16,121.544388
2026-01-20,118.384033
2026-01-21,120.649940
2026-01-22,121.862419
2026-01-23,122.369255
2026-01-26,121.564262
2026-01-27,121.931969
2026-01-28,121.017654
2026-01-29,120.441246
2026-01-30,120.421364
2026-02-02,121.216423
2026-02-03,120.242477
2026-02-04,119.357979
2026-02-05,116.783974
2026-02-06,117.261002
2026-02-09,116.823738
2026-02-10,117.598915
2026-02-11,117.032440
2026-02-12,115.412498
2026-02-13,115.462196
2026-02-17,115.323067
2026-02-18,116.296997
2026-02-19,115.521828
2026-02-20,116.724350
2026-02-23,114.279549
2026-02-24,116.018738
2026-02-25,116.366570
2026-02-26,116.326820
2026-02-27,116.137993
2026-03-02,114.706886
2026-03-03,113.653442
2026-03-04,115.670898
2026-03-05,115.829910
2026-03-06,113.732948
2026-03-09,113.882019
2026-03-10,113.732948
2026-03-11,113.434799
2026-03-12,110.830986
2026-03-13,110.175064
2026-03-16,111.506783
2026-03-17,112.480728
2026-03-18,109.886856
2026-03-19,109.022232
2026-03-20,107.074341
2026-03-23,109.659485
2026-03-24,109.221321
2026-03-25,110.266937
2026-03-26,108.374878
2026-03-27,105.238052
2026-03-30,105.218140
2026-03-31,108.524254
2026-04-01,109.340820
2026-04-02,107.697723
2026-04-06,108.584000
2026-04-07,107.319305
2026-04-08,110.356560
2026-04-09,112.268524
2026-04-10,112.417892
2026-04-13,113.443588
2026-04-14,115.953056
2026-04-15,117.685776
2026-04-16,117.138069
2026-04-17,119.906448
2026-04-20,119.368713
2026-04-21,118.472473
2026-04-22,118.432640
2026-04-23,117.247612
2026-04-24,118.193649
2026-04-27,117.347198
2026-04-28,116.520676
2026-04-29,116.351379
2026-04-30,117.855064
2026-05-01,118.133888
2026-05-04,117.227699
2026-05-05,117.576233
2026-05-06,119.368713
2026-05-07,119.378662
2026-05-08,119.697327
2026-05-11,118.870804
2026-05-12,117.795319
2026-05-13,118.223518
2026-05-14,118.173721
2026-05-15,116.042679
2026-05-18,115.833549
2026-05-19,114.548950
2026-05-20,117.446785
2026-05-21,118.203598
2026-05-22,118.681595
2026-05-26,118.950462
2026-05-27,121.041687
2026-05-28,121.549545
2026-05-29,120.364532
2026-06-01,117.695740
2026-06-02,117.098244
2026-06-03,116.241844
2026-06-04,116.769630
2026-06-05,114.379662
2026-06-08,114.907440
2026-06-09,115.385437
2026-06-10,113.015388
2026-06-11,115.813637
2026-06-12,116.112381
2026-06-15,118.074142
2026-06-16,117.964607
2026-06-17,115.007019
2026-06-18,116.670044
2026-06-22,114.687408
2026-06-23,113.510002
2026-06-24,114.817116
2026-06-25,113.100899
2026-06-26,114.118660
2026-06-29,116.862617
2026-06-30,117.022263
2026-07-01,117.830482
2026-07-02,116.862617
2026-07-06,117.750664
2026-07-07,117.132019
2026-07-08,115.046616
2026-07-09,116.593208
2026-07-10,116.982346
2026-07-13,115.784988
2026-07-14,115.645294
2026-07-15,116.742882
2026-07-16,117.082130
2026-07-17,115.186310
2026-07-20,114.358131
2026-07-21,114.617561
2026-07-22,113.769424
2026-07-23,108.520988
2026-07-24,109.169563
2026-07-27,110.596413
2026-07-28,112.232811
2026-07-29,111.364723
2026-07-30,112.143005
2026-07-31,115.834877
2026-08-03,117.950218
2026-08-04,118.030045
2026-08-05,118.379272
2026-08-06,117.840462
2026-08-07,119.596596
2026-08-10,119.407005
2026-08-11,118.977951
2026-08-12,117.630920
2026-08-13,118.189690
2026-08-14,117.940239
2026-08-17,116.493431
2026-08-18,116.104286
2026-08-19,118.329384
2026-08-20,116.423584
2026-08-21,117.760635
2026-08-24,118.040024
2026-08-25,117.690788
2026-08-26,116.902527
2026-08-27,115.625336
2026-08-28,116.952415
2026-08-31,116.333778
2026-09-01,114.338173
2026-09-02,114.607582
2026-09-03,116.204063
2026-09-04,114.657478
2026-09-08,113.739494
2026-09-09,112.212852
2026-09-10,111.713951
2026-09-11,112.711754
2026-09-14,112.601997
2026-09-15,110.636322
2026-09-16,109.937866
2026-09-17,111.145203
2026-09-18,110.785995
2026-09-21,112.230003
2026-09-22,112.330002
2026-09-23,110.650002
2026-09-24,110.320000
2026-09-25,110.529999
