month,ACWI,SPY,IVV,VTI,QQQ,IWM,IVE,IWN,EFA,VEA,VGK,EWJ,SCZ,ACWX,EEM,VWO,VNQ,REM,RWX,GLD,DBC,GSG,TLT,IEF,SHY,SHV,BIL,TIP,AGG,BND,LQD,HYG,BWX,XLB,XLE,XLF,XLI,XLK,XLP,XLU,XLV,XLY,TBILL,EURUSD,ECBDEP
1990-01,,,,,,,,,,,,,,,,,,,,,,,,,,,,,,,,,,,,,,,,,,,100.6358,,
1990-02,,,,,,,,,,,,,,,,,,,,,,,,,,,,,,,,,,,,,,,,,,,101.2765,,
1990-03,,,,,,,,,,,,,,,,,,,,,,,,,,,,,,,,,,,,,,,,,,,101.9298,,
1990-04,,,,,,,,,,,,,,,,,,,,,,,,,,,,,,,,,,,,,,,,,,,102.6008,,
1990-05,,,,,,,,,,,,,,,,,,,,,,,,,,,,,,,,,,,,,,,,,,,103.2652,,
1990-06,,,,,,,,,,,,,,,,,,,,,,,,,,,,,,,,,,,,,,,,,,,103.9312,,
1990-07,,,,,,,,,,,,,,,,,,,,,,,,,,,,,,,,,,,,,,,,,,,104.6007,,
1990-08,,,,,,,,,,,,,,,,,,,,,,,,,,,,,,,,,,,,,,,,,,,105.2649,,
1990-09,,,,,,,,,,,,,,,,,,,,,,,,,,,,,,,,,,,,,,,,,,,105.9184,,
1990-10,,,,,,,,,,,,,,,,,,,,,,,,,,,,,,,,,,,,,,,,,,,106.5681,,
1990-11,,,,,,,,,,,,,,,,,,,,,,,,,,,,,,,,,,,,,,,,,,,107.2048,,
1990-12,,,,,,,,,,,,,,,,,,,,,,,,,,,,,,,,,,,,,,,,,,,107.8355,,
1991-01,,,,,,,,,,,,,,,,,,,,,,,,,,,,,,,,,,,,,,,,,,,108.4412,,
1991-02,,,,,,,,,,,,,,,,,,,,,,,,,,,,,,,,,,,,,,,,,,,109.0033,,
1991-03,,,,,,,,,,,,,,,,,,,,,,,,,,,,,,,,,,,,,,,,,,,109.5429,,
1991-04,,,,,,,,,,,,,,,,,,,,,,,,,,,,,,,,,,,,,,,,,,,110.0824,,
1991-05,,,,,,,,,,,,,,,,,,,,,,,,,,,,,,,,,,,,,,,,,,,110.6007,,
1991-06,,,,,,,,,,,,,,,,,,,,,,,,,,,,,,,,,,,,,,,,,,,111.1039,,
1991-07,,,,,,,,,,,,,,,,,,,,,,,,,,,,,,,,,,,,,,,,,,,111.6196,,
1991-08,,,,,,,,,,,,,,,,,,,,,,,,,,,,,,,,,,,,,,,,,,,112.1386,,
1991-09,,,,,,,,,,,,,,,,,,,,,,,,,,,,,,,,,,,,,,,,,,,112.6367,,
1991-10,,,,,,,,,,,,,,,,,,,,,,,,,,,,,,,,,,,,,,,,,,,113.1267,,
1991-11,,,,,,,,,,,,,,,,,,,,,,,,,,,,,,,,,,,,,,,,,,,113.5971,,
1991-12,,,,,,,,,,,,,,,,,,,,,,,,,,,,,,,,,,,,,,,,,,,114.0288,,
1992-01,,,,,,,,,,,,,,,,,,,,,,,,,,,,,,,,,,,,,,,,,,,114.4155,,
1992-02,,,,,,,,,,,,,,,,,,,,,,,,,,,,,,,,,,,,,,,,,,,114.7779,,
1992-03,,,,,,,,,,,,,,,,,,,,,,,,,,,,,,,,,,,,,,,,,,,115.1451,,
1992-04,,,,,,,,,,,,,,,,,,,,,,,,,,,,,,,,,,,,,,,,,,,115.5328,,
1992-05,,,,,,,,,,,,,,,,,,,,,,,,,,,,,,,,,,,,,,,,,,,115.8938,,
1992-06,,,,,,,,,,,,,,,,,,,,,,,,,,,,,,,,,,,,,,,,,,,116.2444,,
1992-07,,,,,,,,,,,,,,,,,,,,,,,,,,,,,,,,,,,,,,,,,,,116.599,,
1992-08,,,,,,,,,,,,,,,,,,,,,,,,,,,,,,,,,,,,,,,,,,,116.9109,,
1992-09,,,,,,,,,,,,,,,,,,,,,,,,,,,,,,,,,,,,,,,,,,,117.2158,,
1992-10,,,,,,,,,,,,,,,,,,,,,,,,,,,,,,,,,,,,,,,,,,,117.5001,,
1992-11,,,,,,,,,,,,,,,,,,,,,,,,,,,,,,,,,,,,,,,,,,,117.7801,,
1992-12,,,,,,,,,,,,,,,,,,,,,,,,,,,,,,,,,,,,,,,,,,,118.0873,,
1993-01,,,,,,,,,,,,,,,,,,,,,,,,,,,,,,,,,,,,,,,,,,,118.4042,,
1993-02,,101.0669,,,,,,,,,,,,,,,,,,,,,,,,,,,,,,,,,,,,,,,,,118.7002,,
1993-03,,103.3307,,,,,,,,,,,,,,,,,,,,,,,,,,,,,,,,,,,,,,,,,118.99,,
1993-04,,100.6867,,,,,,,,,,,,,,,,,,,,,,,,,,,,,,,,,,,,,,,,,119.2825,,
1993-05,,103.4021,,,,,,,,,,,,,,,,,,,,,,,,,,,,,,,,,,,,,,,,,119.5678,,
1993-06,,103.7751,,,,,,,,,,,,,,,,,,,,,,,,,,,,,,,,,,,,,,,,,119.8627,,
1993-07,,103.2713,,,,,,,,,,,,,,,,,,,,,,,,,,,,,,,,,,,,,,,,,120.1694,,
1993-08,,107.2294,,,,,,,,,,,,,,,,,,,,,,,,,,,,,,,,,,,,,,,,,120.4738,,
1993-09,,106.4493,,,,,,,,,,,,,,,,,,,,,,,,,,,,,,,,,,,,,,,,,120.777,,
1993-10,,108.5493,,,,,,,,,,,,,,,,,,,,,,,,,,,,,,,,,,,,,,,,,121.0739,,
1993-11,,107.3907,,,,,,,,,,,,,,,,,,,,,,,,,,,,,,,,,,,,,,,,,121.3786,,
1993-12,,108.7091,,,,,,,,,,,,,,,,,,,,,,,,,,,,,,,,,,,,,,,,,121.6922,,
1994-01,,112.5005,,,,,,,,,,,,,,,,,,,,,,,,,,,,,,,,,,,,,,,,,122.0025,,
1994-02,,109.2195,,,,,,,,,,,,,,,,,,,,,,,,,,,,,,,,,,,,,,,,,122.3055,,
1994-03,,104.6431,,,,,,,,,,,,,,,,,,,,,,,,,,,,,,,,,,,,,,,,,122.6367,,
1994-04,,105.8164,,,,,,,,,,,,,,,,,,,,,,,,,,,,,,,,,,,,,,,,,122.9944,,
1994-05,,107.503,,,,,,,,,,,,,,,,,,,,,,,,,,,,,,,,,,,,,,,,,123.3716,,
1994-06,,105.0397,,,,,,,,,,,,,,,,,,,,,,,,,,,,,,,,,,,,,,,,,123.7972,,
1994-07,,108.4352,,,,,,,,,,,,,,,,,,,,,,,,,,,,,,,,,,,,,,,,,124.2243,,
1994-08,,112.5688,,,,,,,,,,,,,,,,,,,,,,,,,,,,,,,,,,,,,,,,,124.6726,,
1994-09,,109.7259,,,,,,,,,,,,,,,,,,,,,,,,,,,,,,,,,,,,,,,,,125.138,,
1994-10,,112.845,,,,,,,,,,,,,,,,,,,,,,,,,,,,,,,,,,,,,,,,,125.6198,,
1994-11,,108.352,,,,,,,,,,,,,,,,,,,,,,,,,,,,,,,,,,,,,,,,,126.138,,
1994-12,,109.1411,,,,,,,,,,,,,,,,,,,,,,,,,,,,,,,,,,,,,,,,,126.694,,
1995-01,,112.809,,,,,,,,,,,,,,,,,,,,,,,,,,,,,,,,,,,,,,,,,127.2853,,
1995-02,,117.4128,,,,,,,,,,,,,,,,,,,,,,,,,,,,,,,,,,,,,,,,,127.8909,,
1995-03,,120.6824,,,,,,,,,,,,,,,,,,,,,,,,,,,,,,,,,,,,,,,,,128.5059,,
1995-04,,124.2573,,,,,,,,,,,,,,,,,,,,,,,,,,,,,,,,,,,,,,,,,129.1195,,
1995-05,,129.187,,,,,,,,,,,,,,,,,,,,,,,,,,,,,,,,,,,,,,,,,129.7274,,
1995-06,,131.8004,,,,,,,,,,,,,,,,,,,,,,,,,,,,,,,,,,,,,,,,,130.3404,,
1995-07,,136.0399,,,,,,,,,,,,,,,,,,,,,,,,,,,,,,,,,,,,,,,,,130.9345,,
1995-08,,136.6455,,,,,,,,,,,,,,,,,,,,,,,,,,,,,,,,,,,,,,,,,131.5259,,
1995-09,,142.436,,,,,,,,,,,,,,,,,,,,,,,,,,,,,,,,,,,,,,,,,132.1178,,
1995-10,,142.0174,,,,,,,,,,,,,,,,,,,,,,,,,,,,,,,,,,,,,,,,,132.6991,,
1995-11,,148.3344,,,,,,,,,,,,,,,,,,,,,,,,,,,,,,,,,,,,,,,,,133.283,,
1995-12,,150.668,,,,,,,,,,,,,,,,,,,,,,,,,,,,,,,,,,,,,,,,,133.8783,,
1996-01,,156.0286,,,,,,,,,,,,,,,,,,,,,,,,,,,,,,,,,,,,,,,,,134.4518,,
1996-02,,156.5263,,,,,,,,,,,,,,,,,,,,,,,,,,,,,,,,,,,,,,,,,135.012,,
1996-03,,159.2215,,,,,,,,,,,,,,,,,,,,,,,,,,,,,,,,,,,,,,,,,135.5554,,
1996-04,,160.9521,,,,,,,,,,104.7809,,,,,,,,,,,,,,,,,,,,,,,,,,,,,,,136.1157,,
1996-05,,164.6058,,,,,,,,,,100.0,,,,,,,,,,,,,,,,,,,,,,,,,,,,,,,136.6772,,
1996-06,,166.0579,,,,,,,,,,101.1952,,,,,,,,,,,,,,,,,,,,,,,,,,,,,,,137.2489,,
1996-07,,158.5959,,,,,,,,,,96.4144,,,,,,,,,,,,,,,,,,,,,,,,,,,,,,,137.8311,,
1996-08,,161.6503,,,,,,,,,,91.2351,,,,,,,,,,,,,,,,,,,,,,,,,,,,,,,138.4226,,
1996-09,,170.6821,,,,,,,,,,94.4223,,,,,,,,,,,,,,,,,,,,,,,,,,,,,,,139.0052,,
1996-10,,176.2005,,,,,,,,,,88.0478,,,,,,,,,,,,,,,,,,,,,,,,,,,,,,,139.5948,,
1996-11,,189.0638,,,,,,,,,,90.0398,,,,,,,,,,,,,,,,,,,,,,,,,,,,,,,140.1752,,
1996-12,,184.5647,,,,,,,,,,83.267,,,,,,,,,,,,,,,,,,,,,,,,,,,,,,,140.7628,,
1997-01,,195.9681,,,,,,,,,,74.9004,,,,,,,,,,,,,,,,,,,,,,,,,,,,,,,141.3388,,
1997-02,,197.8426,,,,,,,,,,76.494,,,,,,,,,,,,,,,,,,,,,,,,,,,,,,,141.9312,,
1997-03,,189.1132,,,,,,,,,,73.3068,,,,,,,,,,,,,,,,,,,,,,,,,,,,,,,142.5238,,
1997-04,,200.9524,,,,,,,,,,77.6892,,,,,,,,,,,,,,,,,,,,,,,,,,,,,,,143.1343,,
1997-05,,213.6541,,,,,,,,,,85.259,,,,,,,,,,,,,,,,,,,,,,,,,,,,,,,143.7497,,
1997-06,,222.4358,,,,,,,,,,90.0398,,,,,,,,,,,,,,,,,,,,,,,,,,,,,,,144.3547,,
1997-07,,240.0669,,,,,,,,,,88.8446,,,,,,,,,,,,,,,,,,,,,,,,,,,,,,,144.9477,,
1997-08,,227.6307,,,,,,,,,,80.1105,,,,,,,,,,,,,,,,,,,,,,,,,,,,,,,145.5577,,
1997-09,,238.5775,,,,,,,,,,79.3134,,,,,,,,,,,,,,,,,,,,,,,,,,,,,,,146.1812,,
1997-10,,232.7316,,,,,,,,,,71.7407,,,,,,,,,,,,,,,,,,,,,,,,,,,,,,,146.7842,,
1997-11,,241.7374,,,,,,,,,,66.958,,,,,,,,,,,,,,,,,,,,,,,,,,,,,,,147.3921,,
1997-12,,246.3478,,,,,,,,,,62.9789,,,,,,,,,,,,,,,,,,,,,,,,,,,,,,,148.0235,,
1998-01,,249.5205,,,,,,,,,,70.5523,,,,,,,,,,,,,,,,,,,,,,,,,,,,,,,148.66,,
1998-02,,266.8109,,,,,,,,,,71.3495,,,,,,,,,,,,,,,,,,,,,,,,,,,,,,,149.2843,,
1998-03,,279.8268,,,,,,,,,,63.3775,,,,,,,,,,,,,,,,,,,,,,,,,,,,,,,149.9175,,
1998-04,,283.4062,,,,,,,,,,65.7691,,,,,,,,,,,,,,,,,,,,,,,,,,,,,,,150.5459,,
1998-05,,277.5201,,,,,,,,,,61.7831,,,,,,,,,,,,,,,,,,,,,,,,,,,,,,,151.1669,,
1998-06,,289.3349,,,,,,,,,,62.5803,,,,,,,,,,,,,,,,,,,,,,,,,,,,,,,151.7968,,
1998-07,,285.4251,,,,,,,,,,60.1887,,,,,,,,,,,,,,,,,,,,,,,,,,,,,,,152.4268,,
1998-08,,245.1289,,,,,,,,,,50.2878,,,,,,,,,,,,,,,,,,,,,,,,,,,,,,,153.0568,,
1998-09,,260.7286,,,,,,,,,,51.086,,,,,,,,,,,,,,,,,,,,,,,,,,,,,,,153.6818,,
1998-10,,281.8687,,,,,,,,,,61.862,,,,,,,,,,,,,,,,,,,,,,,,,,,,,,,154.2722,,
1998-11,,297.5638,,,,,,,,,,63.8575,,,,,,,,,,,,,,,,,,,,,,,,,,,,,,,154.7813,,
1998-12,,317.0312,,,,,,,,,,65.5175,,,,,,,,,,,,,,,,,,,,,,,,,,,,,,,155.3501,,
1999-01,,328.1988,,,,,,,,,,67.1155,,,,,,,,,,,,,,,,,,,,,,96.2937,93.4404,101.7333,98.9186,115.9004,98.6766,97.5194,104.8077,105.1436,155.9184,,100.203
1999-02,,317.6739,,,,,,,,,,64.7185,,,,,,,,,,,,,,,,,,,,,,97.7905,92.6373,103.3333,99.8092,104.4062,97.6409,94.832,104.9279,104.4857,156.4823,96.6933,100.37
1999-03,,330.8471,,,,,,,,,,73.5075,,,,,,,,,,,,,,,,,,,,,,99.5496,105.7335,106.6825,101.9056,112.1648,97.5252,88.8493,107.6923,109.5686,157.0613,95.0488,100.5372
1999-04,,343.411,,,102.3824,,,,,,,76.7034,,,,,,,,,,,,,,,,,,,,,,124.151,121.3853,114.1688,117.2298,112.8353,94.1245,97.4325,111.5384,112.4426,157.6424,92.903,100.6741
1999-05,,335.5585,,,99.1662,,,,,,,72.309,,,,,,,,,,,,,,,,,,,,,,112.8515,118.7654,107.284,114.9312,113.2184,93.1446,98.577,108.113,107.3533,158.206,91.6542,100.7999
1999-06,,354.1412,,,109.8272,,,,,,,79.8994,,,,,,,,,,,,,,,,,,,,,,119.373,121.1899,111.9386,121.9823,124.0901,94.7895,102.636,112.8605,114.2727,158.7993,90.6692,100.9259
1999-07,,343.1552,,,107.8618,,,,,,,85.8918,,,,,,,,,,,,,,,,,,,,,,118.01,123.4855,105.1016,117.5071,122.6533,91.2595,102.95,109.4952,105.7592,159.404,94.0463,101.0521
1999-08,,341.378,,,113.7582,,,,,,,85.7988,,,,,,,,,,,,,,,,,,,,,,112.7013,124.8358,100.4767,118.4661,126.9637,92.822,98.0302,104.5673,101.6823,160.0084,93.0525,101.1784
1999-09,,333.7526,,,114.7111,,,,,,,89.4072,,,,,,,,,,,,,,,,,,,,,,109.1668,119.0945,95.2307,117.8551,126.4368,84.4484,100.5234,103.1249,100.2064,160.6378,93.5977,101.3049
1999-10,,355.1386,,,125.3127,,,,,,,95.0202,,,,,,,,,,,,,,,,,,,,,,111.7575,117.3311,110.0264,115.2931,130.2682,92.1624,101.0507,108.3533,109.0923,161.2643,92.4985,101.4315
1999-11,,361.0522,,,140.0834,,,,,,,97.8267,,,,,,,,,,,,,,,,,,,,,,110.1743,117.1277,105.1842,112.731,143.0557,92.4524,97.7282,109.6153,109.1523,161.9174,88.6202,101.5949
1999-12,,381.6718,,,174.1513,,,,,,,105.3965,,,,,,,,,,,,,,,,,,,,,,122.9227,117.9493,102.6677,121.8588,165.1374,85.7422,95.5914,119.5054,119.5086,162.6015,88.5586,101.7642
2000-01,,362.6694,,,170.935,,,,,,,99.3392,,,,,,,,,,,,,,,,,,,,,,107.8916,118.9016,99.6302,111.8915,154.9839,86.4983,93.893,116.4829,104.6602,163.3061,85.806,101.9339
2000-02,,357.1473,,,203.4545,,,,,,,98.1277,,,,,,,,,,,,,,,,,,,,,,97.0518,113.868,88.9652,105.7182,171.2678,76.3768,82.4814,108.8666,98.829,164.0301,84.8034,102.1228
2000-03,,391.76,,,208.6957,,,,,,,106.6079,,,,,,,,,,,,,,,,,,,,,,106.8437,128.0358,105.2124,120.4348,185.6358,79.2481,91.4915,118.6591,112.815,164.7888,84.1966,102.3246
2000-04,,378.0012,,,180.5837,,,,,,,98.5316,,,,,,,,,,,,,,,,,,,,,,103.2942,126.1249,106.2286,122.1747,168.5857,83.4497,97.4804,117.2688,110.466,165.5701,79.9314,102.5399
2000-05,,372.058,,,158.4276,,,,,,,92.8781,,,,,,,,,,,,,,,,,,,,,,100.0347,140.935,108.5998,121.6592,151.0567,89.4021,97.2665,114.1255,104.503,166.3511,82.0332,102.7749
2000-06,,379.3807,101.9753,,178.0822,108.6827,96.5616,,,,,98.1277,,,,,,,,,,,,,,,,,,,,,,91.4805,133.1813,103.3325,116.8741,166.0952,94.4634,93.9626,114.3673,98.8492,167.1537,83.9416,103.0418
2000-07,,373.4237,100.1902,,170.4586,105.676,97.8508,,,,,87.2247,,,,,,,,,,,,,,,,,,,,,,92.2811,128.1065,112.4421,118.6822,157.2828,91.0123,95.4173,112.6748,100.4182,167.9463,81.488,103.3209
2000-08,,397.8235,106.7286,,193.6868,113.0366,104.1421,105.3972,,,,93.0352,,,,,,,,,,,,,,,,,,,,,,94.3916,142.0967,123.863,130.4342,173.2793,89.9011,99.1349,116.6643,96.2543,168.7804,78.0758,103.6007
2000-09,,375.998,100.9178,,169.1483,109.3326,104.4423,105.1823,,,,88.446,,,,,,,,,,,,,,,,,,,,,,85.1382,144.4329,126.5558,126.6461,142.1484,93.8832,112.2349,112.4329,96.3721,169.637,77.7152,103.9029
2000-10,,374.2391,100.5228,,155.7177,104.4529,106.3045,104.3302,,,,84.6912,,,,,,,,,,,,,,,,,,,,,,92.6052,140.507,125.4648,129.4949,134.0064,100.4005,118.7538,114.1255,95.1622,170.4852,74.6284,104.2241
2000-11,,346.301,92.9186,,120.0416,94.034,100.2521,103.2954,,,,78.4332,,,,,,,,,,,,,,,,,,,,,,90.2625,133.1373,119.0552,125.0922,106.5155,103.8645,118.6995,103.7284,92.8028,171.3532,76.4577,104.5498
2000-12,,344.4912,92.5443,,111.2567,101.4854,105.4624,113.1041,,,,77.6899,,,,,,,,,,,,,,,,,,,,,,102.9795,146.7299,129.2139,130.034,95.9789,107.6427,117.0797,105.44,99.3427,172.2343,82.5609,104.8765
2001-01,,359.807,96.4477,,122.5491,106.9439,110.2634,116.3761,,,,77.251,,,,,,,,,,,,,,,,,,,,,,100.2304,142.0544,128.9073,130.5334,114.3318,99.7945,110.4915,113.0627,110.895,173.0624,81.8574,105.2042
2001-02,,325.4858,87.4089,,90.4348,99.7896,102.9746,116.2588,,,,73.9503,,,,,,,,,,,,,,,,,,,,,,101.5283,140.3302,120.2347,122.7105,85.8561,100.3975,112.7845,110.8958,102.9767,173.8052,81.0131,105.533
2001-03,,307.2466,82.3928,,74.6158,95.1597,99.0441,114.0661,,,,71.9136,,,,,,,,,,,,,,,,,,,,,,96.4438,136.1437,116.6334,110.9585,76.0168,93.4342,111.1678,103.7951,101.4751,174.512,77.3371,105.8628
2001-04,,333.4977,88.3789,,87.9571,103.0189,105.8005,120.0246,,,,78.796,,,,,,,,,,,,,,,,,,,,,,106.7305,150.2016,120.8522,123.6443,88.3083,95.2485,116.5326,111.4579,106.1814,175.1548,78.0406,106.1936
2001-05,,331.6283,88.753,,85.2508,105.2492,106.351,123.1462,,,,76.4785,,,,,,,,,,,,,,,,,,,,,,110.8355,148.7824,126.1697,128.8188,84.6913,96.6469,117.3497,115.7149,108.7094,175.7196,74.3558,106.5105
2001-06,,323.7258,86.8475,,87.0994,108.5228,103.4992,127.4079,,,,71.8434,,,,,,,,,,,,,,,,,,,,,,107.0102,135.2238,125.2667,120.8593,86.3465,92.1767,111.4616,114.4078,107.8534,176.2497,74.5229,106.8211
2001-07,,320.4251,85.8636,98.0886,79.5902,102.4843,101.5237,124.3225,,,,66.0145,,,,,,,,,,,,,,,,,,,,,,106.7192,133.6643,124.0758,120.6084,80.3694,94.9826,110.4597,112.1235,112.6477,176.7623,76.9677,107.1327
2001-08,,301.4135,80.859,92.3451,69.813,99.9922,95.4799,124.6873,,,,64.1885,,,,,,,,,,,,,,,,,,,,,,106.2826,128.0059,115.8718,116.4682,70.5608,95.4376,106.5237,106.4322,102.7862,177.2793,79.9402,107.4444
2001-09,,276.8092,73.9007,84.3265,55.2329,85.4124,86.4726,110.2559,90.3802,,,58.9917,,,,,,,,,,,,,,,,,,,,,,93.694,115.6875,109.343,99.4035,59.005,95.3226,105.5055,91.0216,89.8027,177.7757,80.0193,107.716
2001-10,,280.4135,75.2167,86.0584,64.6099,90.9644,86.5684,113.0751,92.0288,,,58.9214,,,,,,,,,,,,,,,,,,,,,,96.2316,120.3472,107.7923,101.1673,65.442,94.714,99.9526,91.4864,94.5332,178.1668,79.0872,107.9629
2001-11,,302.2794,81.0572,92.6127,75.5688,97.9124,91.7161,121.0633,95.1065,,,58.8512,,,,,,,,,,,,,,,,,,,,,,108.4313,113.6264,114.7924,111.2882,75.2199,98.8981,98.6906,102.0991,107.1221,178.4875,78.7794,108.1773
2001-12,,303.984,81.4801,93.9483,74.1584,103.2892,93.3366,127.6925,95.6863,,,54.1459,,,,,,,,,,,,,,,,,,,,,,105.1839,120.1233,117.0282,116.3276,73.5647,96.9569,101.8533,104.5693,111.989,178.7657,78.2781,108.3801
2002-01,,301.0053,80.6321,93.1281,73.3961,103.1283,90.7026,129.9371,90.1521,,,50.1429,,,,,,,,,,,,,,,,,,,,,,107.6392,115.8493,115.6934,108.9784,72.7677,96.3079,98.1833,103.7933,115.6698,179.0174,75.5782,108.5833
2002-02,,295.6065,79.1354,91.4968,64.3812,99.9124,90.0779,130.386,91.2349,,,52.4604,,,,,,,,,,,,,,,,,,,,,,113.3355,119.8084,113.691,111.7081,63.2963,98.331,98.0016,108.5659,116.2963,179.2636,76.1411,108.7869
2002-03,,305.4416,81.7992,94.8565,68.7266,107.4347,94.7214,139.7688,96.328,,,57.1657,,,,,,,,,,,,,,,,,,,,,,116.8206,130.4143,121.2128,114.7303,66.4228,99.9168,103.2272,114.8642,117.7758,179.5205,76.6599,108.9909
2002-04,,287.6783,77.1265,90.6282,60.4741,108.7226,89.8439,145.3637,97.7957,,,59.2726,,,,,,,,,,,,,,,,,,,,,,111.3023,125.7196,118.1323,106.812,58.392,96.2034,96.9632,114.1654,114.4825,179.7883,79.1663,109.1953
2002-05,,285.9715,76.505,89.3498,57.2531,103.5709,90.0302,140.7679,98.3171,,,62.9244,,,,,,,,,,,,,,,,,,,,,,116.8206,123.5076,117.7751,107.2753,55.9705,95.1315,96.1574,115.757,113.8944,180.0445,82.13,109.4
2002-06,,264.8645,71.0074,83.1907,49.7439,97.5506,84.3386,136.472,95.0848,,,59.2023,,,,,,,,,,,,,,,,,,,,,,114.831,118.984,112.7375,100.696,48.4914,85.4376,89.6899,107.4768,107.8956,180.3041,86.6766,109.6051
2002-07,,243.988,65.4929,76.2521,45.4556,84.5295,75.1566,116.9903,86.0214,,,55.1994,,,,,,,,,,,,,,,,,,,,,,101.8079,102.4988,103.3652,94.9962,43.8936,81.7898,76.4861,104.3706,95.0125,180.5595,86.149,109.8106
2002-08,,245.6474,65.8013,76.8348,44.7695,83.9914,75.9048,117.0908,85.1793,,,54.8482,,,,,,,,,,,105.5132,102.5205,100.4308,,,,,,103.6376,,,101.2632,104.0429,105.2934,93.5185,43.5258,82.4425,79.5189,105.3801,97.8798,180.8123,86.2369,110.0165
2002-09,,219.8907,58.9831,69.0682,39.4902,77.2535,67.3639,107.8198,76.3566,,,51.4772,,,,,,,,,,,110.0071,106.4726,101.1741,,,,,,105.805,,,88.12,96.6189,93.1915,82.7266,36.2613,76.4833,69.8935,98.8525,89.1538,181.0564,86.8789,110.2228
2002-10,,237.9843,63.8882,74.2427,46.7898,80.4386,72.781,109.9984,79.2841,,,48.5277,,,,,,,,,,,105.9431,105.1408,101.4209,,,,,,105.1587,,,93.1511,98.3996,101.7126,86.7952,45.2423,79.4591,68.2837,104.617,95.1707,181.3023,86.8965,110.4295
2002-11,,252.6633,67.5472,78.6973,52.8314,87.2516,77.4292,118.4506,83.7355,,,50.2834,,,,,,,,,,,104.9725,102.9441,101.029,,,,,,105.9115,,,104.3592,102.4635,105.4998,91.3299,52.4149,77.2562,70.2678,107.8498,99.5754,181.541,87.345,110.6365
2002-12,,238.3703,63.9388,74.7081,46.4467,82.2488,73.9455,113.1674,80.9318,,,48.8086,,,,,,,,,,,109.723,106.5963,102.0928,,,,,,110.0717,,,99.5793,102.4872,99.7829,87.7425,45.4873,77.4742,72.5445,103.7966,91.0919,181.7271,92.2082,110.8053
2003-01,,232.5075,62.3612,72.6376,46.5801,80.5455,71.7459,110.3357,77.4496,,,47.5445,,,,,,,,,,,109.0912,105.7796,102.0183,,,,,,109.1786,,,94.6103,99.917,98.513,83.0123,44.4116,74.8322,70.8398,103.4447,88.0568,181.9073,94.442,110.9669
2003-02,,229.3735,61.4927,71.5165,47.9523,78.1261,70.0274,106.9762,75.8148,,,48.0361,,,,,,,,,,,112.4702,108.1108,102.4183,,,,,,111.3401,,,92.1008,102.8544,95.4741,81.7338,44.6268,72.5398,67.0516,101.1382,87.6626,182.0847,94.7938,111.1287
2003-03,,229.8644,61.6243,72.054,48.1239,78.2931,69.5041,107.9426,74.0573,,,45.3674,,,,,,,,,,,110.9352,107.7001,102.6011,,,,,,111.4746,,,92.6695,102.98,94.5822,82.6024,43.9506,72.5485,70.4483,104.7435,89.7234,182.2622,95.8579,111.2721
2003-04,,249.3137,66.856,78.2612,52.3169,86.34,76.6168,117.9629,81.5857,,,45.0163,,,,,,,,,,,112.0984,107.8487,102.7656,,,,,,114.1029,,,101.0389,102.1034,106.4733,91.5427,47.9769,74.6972,76.536,108.1931,100.2234,182.4338,98.3203,111.4112
2003-05,,262.985,70.4744,82.8258,56.7767,95.7243,82.4175,129.9486,86.8498,,,47.6849,,,109.1228,,,,,,,,119.1824,111.9372,103.1398,,,,,,118.559,,,104.1649,112.9458,111.895,94.0238,52.0953,78.3695,84.2699,110.4276,105.5523,182.6056,103.4737,111.5505
2003-06,,265.7862,71.3113,84.1645,57.0816,96.8292,82.6866,131.3247,88.5337,,,51.0559,,,113.7032,,,,,,,,117.029,111.1629,103.3109,,,,,,118.3453,,,105.1048,111.4954,112.3689,95.9876,52.4641,79.1173,85.4135,115.3045,107.0825,182.7685,101.1521,111.6512
2003-07,,270.5777,72.5366,86.1218,60.6075,103.1247,84.6628,138.1667,89.8742,,,53.3734,,,120.1517,,,,,,,,105.3486,105.5824,102.7882,,,,,,111.4741,,,113.3692,107.5548,117.2664,99.16,54.0931,78.9996,79.6987,113.5748,109.059,182.9086,98.7688,111.7442
2003-08,,276.1586,73.9004,88.1792,63.6379,108.0587,86.2576,143.6299,92.8333,,,58.2894,,,129.7487,,,,,,,,106.724,106.3322,102.7406,,,,,,113.0914,,,116.5127,114.4161,115.8933,103.0184,56.6748,80.334,81.2818,109.3683,114.6324,183.0458,96.6142,111.8374
2003-09,,273.1467,73.1577,87.2506,61.7891,105.9542,84.7421,141.9702,95.637,,,61.5199,,,128.9046,,,,,,,,113.0574,111.6226,103.7223,,,,,,118.2228,,,111.2645,112.0569,116.9208,100.2005,56.183,80.018,85.3234,109.6529,109.162,183.1907,102.4536,111.9306
2003-10,,287.7673,77.1122,92.5313,67.0494,115.1794,90.6806,153.7943,101.8493,,,64.8908,,,140.7397,,,,,,,,109.6304,109.9858,103.2993,,,,99.0653,,116.7297,,,121.866,113.1285,125.0193,106.3957,60.3015,83.6409,85.9078,110.4021,119.0965,183.3342,102.093,112.0238
2003-11,,290.9102,78.0496,93.92,67.4306,119.4919,91.5688,160.2493,104.4241,,,62.9244,,,143.3855,,,,,,,,110.0025,110.0106,103.2378,,,,99.3965,,117.0883,,,124.6183,114.0137,124.5591,108.504,61.162,84.6254,86.1026,112.7678,120.1652,183.4747,105.4876,112.1172
2003-12,,305.5467,82.1337,97.6756,69.5161,121.648,97.2433,165.7198,113.5482,,,67.7147,,,156.2679,,,,,,,,111.4802,112.2551,104.3594,,,,100.3698,,120.0996,,,136.8346,128.9409,130.2086,115.6951,63.0798,86.1307,91.7441,119.2935,124.978,183.6169,110.7818,112.2106
2004-01,,311.5872,83.8987,100.2262,70.6792,126.9179,99.3523,171.4023,114.8266,,,67.8552,,,160.0524,,,,,,,,113.5546,113.3949,104.4861,,,101.2191,100.812,,121.5659,,,130.785,131.8427,134.4671,116.8625,65.7726,86.1307,93.6316,122.5775,124.2637,183.7546,109.7086,112.3041
2004-02,,315.8158,84.9547,101.63,69.7259,128.1256,101.2505,175.225,117.4665,,,68.2064,,,166.382,,,,,,,,116.1459,115.2226,104.9916,,,103.392,101.9627,,123.398,,,137.6037,138.7695,138.309,115.9978,64.1012,91.0344,95.4012,123.8833,126.9625,183.8894,109.9375,112.3977
2004-03,,311.6326,83.9108,100.5896,68.334,129.3507,100.7188,177.36,117.5496,,,76.3546,,,167.2971,,,,,,,,117.7846,116.7172,105.2874,,,105.1125,102.6599,,124.6185,,,134.4308,137.9019,136.7027,114.5788,62.3989,90.8087,96.4183,118.7186,126.1789,184.0319,108.3442,112.4914
2004-04,,305.736,82.3398,98.3528,66.2939,122.2122,98.0897,167.6707,113.5648,,,71.2269,,,150.9011,,,,,,,,110.4405,111.6443,104.1691,,,100.0441,99.7788,,119.7738,,,128.2057,140.252,130.751,114.5354,60.0155,91.9995,92.2952,122.4075,124.7482,184.1761,105.44,112.5851
2004-05,,310.9712,83.7181,99.7796,69.6878,124.841,99.4484,170.5309,114.8599,,,70.1732,,,152.6646,,,,,,,,110.1555,111.0514,104.164,,,102.0646,99.4016,,119.147,,,131.807,139.829,132.9829,117.3554,62.3679,91.4835,93.4053,122.0108,125.5431,184.3203,107.3411,112.6789
2004-06,,316.7246,85.206,101.8058,71.9566,130.1231,101.4783,179.1187,118.7118,,,74.5986,,,154.0754,,,,,,,,111.3159,111.7769,104.1435,,,101.9206,100.1257,,119.2979,,,138.4204,148.5495,133.571,124.5992,64.0703,91.9854,95.0228,121.5552,125.8676,184.477,107.209,112.7728
2004-07,,306.5202,82.536,98.1849,66.5227,121.3114,99.4764,170.5942,113.6479,,,69.1196,,,148.4703,,,,,,,,113.0208,113.1312,104.4334,,,102.7459,101.0518,,121.1618,,,135.2674,153.1268,130.7202,121.1212,60.1703,87.4439,96.4626,115.0319,121.0923,184.6722,105.7314,112.8668
2004-08,,307.2669,82.6997,98.2404,64.8639,119.4808,100.6103,172.6734,115.001,,,70.103,,,153.7132,,,,,,,,117.7288,116.3325,105.2046,,,105.5117,102.6874,,124.8947,,,137.5417,150.7673,134.9731,121.2081,57.5085,88.9976,100.3819,116.9014,120.8536,184.8769,107.1568,112.9609
2004-09,,310.351,83.4919,99.8925,66.9994,125.8533,102.4223,179.1528,117.3835,,,68.1362,,,164.4374,,,,,,,,118.8465,116.7076,105.1048,,,105.5988,103.2183,,125.2837,,,143.0695,165.4867,133.731,123.8138,59.1799,86.6536,101.0191,114.8573,124.3386,185.1049,109.4085,113.055
2004-10,,314.3499,84.5374,101.6908,70.355,128.44,103.9882,181.7719,121.4928,,,69.7518,,,169.1179,,105.6717,,,,,,120.9439,117.8621,105.4153,,,106.7542,104.1127,,126.7657,,,141.7192,166.4816,134.4357,125.079,61.7798,87.2137,105.9389,112.304,129.3599,185.3595,112.5589,113.1492
2004-11,,328.3437,88.2863,106.5112,74.5878,140.257,109.1307,198.624,128.8812,,,72.4211,,,185.9429,,109.8508,,,,,,118.0464,115.531,104.8085,,,106.4071,103.3432,,125.2192,,,153.2479,177.7099,138.6178,132.9318,64.9369,89.374,110.6572,114.4982,134.7798,185.6313,117.0119,113.2435
2004-12,,338.2338,90.9935,110.16,76.8421,143.6098,112.4472,202.3772,135.0761,,,77.0204,,,194.7678,,115.0746,,,97.0745,,,121.185,116.8796,105.0521,,,108.2787,104.1671,,126.9611,,,155.2971,172.6972,144.3488,136.2326,66.636,92.7158,113.3827,120.8122,141.076,185.9515,119.3611,113.3379
2005-01,,330.6504,88.9555,107.4072,71.9913,137.7767,109.7648,194.5007,132.5053,,,74.6929,,,193.7353,,105.2256,,,93.5727,,,125.5095,117.8978,105.0133,,,108.2889,104.6757,,128.5207,,,150.5436,178.5458,141.2283,132.4179,62.8797,93.8004,115.7847,117.0506,135.0396,186.2909,114.8463,113.4323
2005-02,,337.5623,90.8055,109.6468,71.6449,140.039,111.8213,198.5385,137.5205,,,76.2446,,,212.4933,,108.5629,,,96.4761,,,123.6619,116.2844,104.7431,,,107.7171,104.287,,127.3173,,,162.4011,208.5015,140.2826,133.9525,62.9744,93.6799,118.2681,120.5721,134.3201,186.6526,116.2989,113.5269
2005-03,,331.3871,89.1633,107.5943,70.3937,136.0692,109.8303,194.276,133.9129,,,73.9876,,,195.6844,,106.7092,,,94.9025,,,123.0998,115.8153,104.76,,,107.9528,103.271,,125.7103,,,158.0848,204.5205,134.9453,133.8938,61.7433,92.859,119.576,119.8991,132.7504,187.0477,114.0987,113.6215
2005-04,,325.1788,87.5589,105.2243,67.3331,128.3717,107.4517,184.1535,131.7466,,97.8477,72.2948,,,193.2431,97.6695,112.8663,,,96.0771,,,127.8577,118.7297,105.3053,,,109.8717,105.0502,,127.7489,,,146.8155,193.4523,135.1829,129.0098,59.5652,91.8909,123.2679,124.0752,124.3033,187.4748,113.298,113.7161
2005-05,,335.6574,90.3136,109.3085,73.3003,136.6707,111.0557,195.2249,130.6087,,98.1117,71.3779,,,199.3511,100.5085,116.8405,,,92.3094,,,131.8693,120.9123,105.7218,,,110.7065,105.9196,,128.5443,,,145.872,198.8433,139.1756,133.1018,63.7004,94.0288,123.1858,125.6412,131.9898,187.9091,108.3002,113.8109
2005-06,,336.166,90.4268,110.1373,70.8633,142.2418,112.742,204.0744,132.48,,99.4315,71.519,,,207.2634,103.983,122.2122,,,96.2766,,,134.7241,121.4907,105.9828,,,111.2793,106.8476,,130.1125,,,142.9521,212.721,140.9104,129.5957,62.8797,92.2122,130.5196,124.9768,131.4208,188.3538,106.3911,113.9057
2005-07,,349.0281,93.9114,114.9595,76.258,151.5981,116.2505,216.3886,136.4501,,102.1726,72.2948,,,223.1845,111.2288,130.9357,,,94.9025,,,130.1692,118.8337,105.5853,,,108.5292,105.7414,,129.0369,,,150.8529,227.7957,143.1099,134.5361,66.4466,95.171,133.4559,127.7962,138.8778,188.82,106.6813,114.0007
2005-08,,345.7562,93.0004,113.7093,75.1021,148.5612,115.1111,211.3106,141.6845,,105.0762,78.5016,,,226.1371,112.8178,125.6267,,,96.1879,,,134.6946,121.2111,106.2811,,,111.2762,106.9907,,130.9765,,,144.5322,242.3442,140.767,131.3601,65.8153,93.5092,134.3244,127.3532,134.3075,189.3267,108.5903,114.0957
2005-09,,348.531,93.7673,114.6094,76.0268,148.702,116.4923,210.1412,146.919,,106.4569,85.9779,,,245.7056,122.0975,127.3059,,,103.5018,,,129.8281,119.0871,105.9631,,,111.1041,105.9888,,128.5393,,,145.6448,257.5787,141.9717,133.5613,65.9731,94.8319,140.004,126.6474,130.4902,189.8694,105.8369,114.1907
2005-10,,340.2881,91.7548,111.9177,74.8901,142.8562,114.04,203.193,142.2409,,104.2437,85.4137,,,230.1318,115.1907,123.6416,,,102.8369,,,126.9189,117.6114,105.8761,,,109.6465,104.9385,,126.5061,,,145.9627,234.3021,146.3001,131.6571,64.458,94.3838,131.0454,122.7692,127.8395,190.4105,105.4931,114.2859
2005-11,,355.2444,95.5741,117.0839,79.4563,151.0762,118.5268,213.3924,145.5281,,105.1574,87.8823,,,243.4477,123.2203,128.7801,,,108.8209,,,127.795,118.3468,106.2885,,,109.84,105.3315,,127.3372,,,157.1375,237.8056,153.2737,139.3182,68.53,95.2392,130.837,124.264,132.9402,190.9992,103.8741,114.3811
2005-12,,354.5647,95.4256,117.1046,78.045,150.0187,118.7759,211.2212,153.0703,,109.5972,95.7646,,,258.3124,131.2658,128.8114,,,114.3174,,,131.6054,119.9631,106.6597,,,110.9752,106.5262,,128.4334,,,161.6334,242.085,153.3049,139.9772,66.4251,95.3506,131.9612,128.5635,131.8024,191.6168,104.1915,114.4964
2006-01,,363.0791,97.7831,120.8742,81.1158,162.6778,122.1538,227.6243,161.9047,,116.5355,99.3062,,,294.9883,146.5313,138.5219,,,125.6649,,,129.844,119.1197,106.8459,,,111.0077,106.4626,,127.8729,,,169.4268,277.4523,154.6603,140.3782,68.6499,95.5143,135.1562,130.2253,134.1438,192.2379,106.8964,114.6157
2006-02,,365.1581,98.3035,121.14,79.3776,163.1948,123.5233,228.5534,160.7714,,116.1605,97.7479,,,283.6314,143.3833,141.0956,,,124.2686,,,131.2827,118.9964,106.8819,,,111.0077,106.6336,,128.7457,,,165.7971,251.8532,157.9519,144.7441,68.8088,96.3332,136.9218,131.7249,135.1126,192.9172,104.9746,114.7351
2006-03,,371.1845,99.839,123.624,81.0375,171.2058,126.1745,240.2857,167.2106,,120.8277,101.9978,,,289.7782,145.0651,147.7483,,,128.7677,102.7909,,125.2831,117.3806,107.0679,,,108.6332,105.7087,,126.5783,,,173.5295,262.5412,158.4098,151.146,70.3661,97.1276,130.5802,130.0422,135.9076,193.6294,106.6024,114.8731
2006-04,,375.8732,101.1301,124.8062,80.8828,171.7242,129.5876,241.0895,175.2208,,127.141,104.8311,,,308.6577,156.3849,142.7233,,,144.2597,110.0043,,121.8348,116.6444,107.3043,,,108.3783,105.5512,,126.3225,,,179.6982,275.7646,165.2717,154.4104,69.4445,98.0742,132.6556,126.0165,137.6439,194.3571,111.1864,115.0167
2006-05,,364.5516,98.1715,120.7829,75.0268,161.9661,126.1562,231.4447,168.5241,,123.4114,99.1646,,,274.2648,138.7261,138.873,,,142.3537,109.5749,,121.6023,116.5198,107.4835,,,108.6999,105.3416,,126.0823,,,172.4567,268.0911,159.0424,151.772,64.9314,98.2799,134.8157,123.3734,135.3424,195.1021,112.7709,115.1605
2006-06,,365.5025,98.4327,120.9428,74.9806,161.8984,126.6982,233.3785,168.4212,,124.6616,96.6146,,,274.8502,138.5967,145.7624,,,135.7048,108.6303,,123.035,116.7873,107.7377,,,109.1648,105.1722,,125.9741,,,173.3467,274.8958,158.3068,151.577,64.6135,100.0887,137.9091,123.4164,135.1055,195.8695,112.4797,115.3172
2006-07,,367.1393,98.8186,120.7992,71.7509,157.2714,127.8414,230.5729,169.7862,,125.9534,96.1188,,,281.2898,141.1625,151.4346,,,139.9823,111.0347,,125.6967,118.7463,108.4541,,,110.8141,106.633,,127.8119,,,166.8665,284.0995,161.9292,142.9693,62.9291,101.661,144.529,130.1505,130.6141,196.6514,112.4007,115.4854
2006-08,,375.1513,100.9948,123.576,75.174,161.9887,129.6302,237.2806,174.1133,,130.0372,97.1104,,,285.7389,143.2539,156.7111,,,138.0541,107.3422,92.867,129.5381,120.8404,109.2696,,,112.6567,108.3294,,130.6564,,,171.8886,269.6644,163.8382,144.5832,67.3468,105.5917,148.5009,133.8644,133.2037,197.4626,112.7088,115.6717
2006-09,,385.2808,103.6949,126.3688,78.6617,163.0281,133.0779,239.0137,174.4997,,131.4958,95.9063,,,283.2509,144.7632,159.7918,,,131.8041,102.8338,82.8966,132.0187,122.2996,109.7493,,,112.7816,109.4252,,131.7964,,,171.8649,259.7976,170.4333,150.1034,70.0633,105.5385,146.341,135.9187,141.6897,198.2787,111.4158,115.8645
2006-10,,397.4236,107.0209,130.8298,82.3965,172.606,137.5071,251.5236,181.0417,,136.3506,97.8187,,,303.2426,152.1158,169.4238,,,133.5106,103.8643,80.7882,133.1365,122.9582,110.2074,,,112.6987,110.1755,,133.1162,,,182.1855,270.8797,174.4208,154.3354,72.834,107.4098,154.0908,136.3692,150.8519,199.0735,112.339,116.0739
2006-11,,405.3265,109.1219,133.8775,85.2217,176.7722,140.1942,258.0376,186.6052,,141.4762,97.8187,,,321.3904,163.263,177.5243,,,142.7083,110.6913,84.8276,136.2095,124.5708,110.7402,,,113.9074,111.3455,,135.0614,,,190.116,294.1133,175.6516,158.1173,74.904,106.495,158.1809,136.2053,152.7573,199.8897,116.5979,116.2916
2006-12,,410.7462,110.6381,135.4861,83.6206,177.4313,143.2987,260.8244,192.5713,,145.8211,101.3688,,,338.9376,169.8128,174.2533,,,140.0931,108.1233,78.9557,132.5377,122.9817,110.8132,,,111.2829,110.677,,133.8512,,,191.317,285.8272,182.2621,158.8963,74.5006,109.1667,159.5315,137.6291,156.0699,200.7126,116.1316,116.5245
2007-01,,416.9239,112.2197,138.0081,85.3837,180.433,146.001,264.6695,195.254,,148.1103,102.0822,,,339.3235,169.9445,189.5515,,101.644,143.6835,105.528,76.9458,131.2187,122.4893,110.9932,,,111.542,110.5992,,133.9766,,,199.0597,283.1945,183.9487,162.2095,76.006,111.3818,158.9667,141.8208,160.5453,201.5238,114.592,116.7672
2007-02,,408.7451,110.0927,135.7663,83.95,179.2505,143.2615,261.2805,195.0172,,146.2704,105.2923,,,328.3393,165.9948,184.437,,104.2207,147.3404,110.8946,79.803,135.6657,125.0066,111.8001,100.3993,,113.7497,112.3969,,136.6569,,,204.3863,277.3932,178.3429,160.394,73.9561,109.6682,167.3952,138.5332,155.7444,202.3601,116.4036,117.0105
2007-03,,413.482,111.3978,137.2881,84.3906,181.0077,145.3949,264.768,200.6718,,151.7259,103.937,,,345.8546,173.0604,180.6101,,107.3961,145.7004,111.6424,81.7734,133.3589,124.8338,112.3039,100.784,,114.1201,112.1777,,135.7344,,,209.2122,294.8349,177.4997,161.6962,74.6928,111.9344,173.4093,138.8036,155.0083,203.2083,117.5481,117.2684
2007-04,,431.7974,116.203,142.8099,89.1016,183.9466,151.503,266.5658,208.1937,,160.4546,101.8682,,,358.7389,179.6431,180.3824,,108.9031,148.6924,112.4781,82.1478,134.5658,125.5909,112.6472,101.1584,,114.8785,112.8392,,136.9445,,,212.3463,309.9485,184.3745,169.2012,78.216,115.0846,181.9269,148.951,158.6766,204.0449,120.1269,117.5371
2007-05,,446.4442,120.1709,148.128,91.9126,191.9888,156.9741,277.1892,213.1118,,163.8776,104.151,,,376.9072,191.6018,179.6997,,110.8702,145.2571,112.2142,81.1823,131.4523,123.8408,112.5712,101.6324,,113.3719,111.8041,99.2132,135.2591,100.3731,,224.8824,334.0615,188.8082,177.9796,82.1556,116.6386,182.7568,151.5084,163.4454,204.873,118.4022,117.8065
2007-06,,439.9167,118.3134,145.5168,92.3532,189.2276,153.8737,270.5832,212.428,,163.3,103.5089,,,390.7713,200.313,163.5127,91.4848,103.9331,142.4424,113.05,83.7241,130.1202,123.2616,113.1061,102.0764,100.4367,113.1283,111.3829,98.9043,134.1635,97.2089,,223.6865,338.4163,181.2249,178.0277,82.0531,114.3144,174.0809,146.4363,160.5901,205.6805,119.1058,118.0912
2007-07,,426.1429,114.5402,140.3733,92.2173,175.9884,147.9411,247.3886,207.5625,,158.6575,102.9382,,,393.5619,207.3564,150.0077,70.2721,97.7112,145.8112,115.2054,87.7241,134.4388,126.0435,114.1286,102.4543,100.838,115.7312,112.5782,99.8166,133.0578,93.437,,217.7215,338.4655,164.7955,179.7149,81.8928,111.0604,167.1317,139.4691,151.0765,206.4707,120.3027,118.3864
2007-08,,431.6114,116.0416,142.4385,94.8172,179.7319,149.655,252.0209,206.2475,99.9165,159.0854,100.3701,,,397.6586,207.3344,160.1249,62.0048,98.5269,147.4291,113.006,84.9261,136.8422,128.8959,115.3257,103.1282,101.2674,116.6826,114.0185,101.2972,136.2328,98.2902,,216.2303,342.5369,169.0531,179.7604,83.4634,113.6806,169.7706,142.6623,152.0155,207.3,120.0384,118.6824
2007-09,,448.321,120.7917,147.9177,99.7971,183.1439,154.2901,253.2412,217.2147,104.6764,167.3007,102.2962,,,443.6736,227.719,166.3975,64.4847,103.7145,162.9211,123.6512,92.9458,137.1545,129.0097,115.9621,103.4657,101.4598,118.1767,114.7401,101.9085,137.2319,101.1626,,233.6448,367.8815,173.1802,188.2773,86.617,118.9034,176.2835,147.1133,150.6783,208.0255,125.5196,118.9791
2007-10,,454.4031,122.4973,150.5688,106.8243,188.3608,155.9191,255.9461,226.4461,109.3111,175.2378,102.4389,,,496.3385,257.3414,169.8904,62.1891,106.1358,174.2465,134.1644,98.5222,139.6453,130.3991,116.5165,103.8674,101.859,119.5549,115.8967,102.845,138.5558,101.6471,,243.3546,377.2261,170.2031,185.8482,91.2095,120.7306,188.021,149.86,149.9418,208.6999,127.3416,119.2765
2007-11,,436.8029,117.4594,143.7599,99.603,175.387,148.7785,237.0775,218.2404,105.1984,168.6485,100.3701,,,458.3687,235.399,153.8001,60.5405,97.3382,171.3653,133.3286,98.069,147.1183,135.6771,118.6054,104.4955,102.2618,124.478,117.9869,104.8595,139.9684,100.5042,101.7253,231.0926,361.3404,156.4273,180.5776,84.3367,124.0454,189.261,151.7744,141.7595,209.3782,129.3122,119.5747
2007-12,,431.8843,116.4892,142.7615,99.532,174.2558,145.4898,233.8974,211.7341,102.2556,165.1531,95.7909,,,451.9211,233.1731,145.4749,63.201,92.7091,182.7571,142.2673,103.9212,146.1948,135.7457,118.9608,104.7079,102.5028,124.5557,117.976,105.7473,138.8439,100.4213,101.8249,233.5704,391.264,147.312,180.3365,86.0161,123.016,188.9181,147.4828,134.738,209.9487,128.4777,119.8737
2008-01,,405.772,109.1858,133.9588,87.6977,162.8683,140.4597,224.9039,195.119,94.7016,150.3198,91.6825,89.5646,,411.6,212.1361,144.3388,68.0051,87.9068,202.5709,146.4145,103.4483,149.2587,140.3011,120.9292,105.4435,102.9058,129.0058,120.7048,107.0729,142.4064,98.5868,103.9637,223.7683,343.1881,148.3813,170.3895,75.0141,116.1817,175.0383,140.7581,134.2435,210.4736,130.8,120.1734
2008-02,,395.286,106.1771,130.6147,83.4615,158.0929,133.7912,217.7689,193.1231,93.7413,149.8783,90.313,89.2311,,419.8085,218.2392,139.7468,63.6921,86.5394,213.1649,162.7328,115.0936,148.5791,142.04,122.1787,105.6447,103.0741,130.8411,120.5115,107.169,141.4006,96.7438,107.1972,228.9213,374.9921,131.5268,166.9356,71.465,115.8827,167.8528,136.999,129.0518,210.9559,133.6773,120.4738
2008-03,,391.751,105.5066,129.4462,85.0242,157.0403,132.8803,217.9665,193.9322,94.0959,151.8429,89.1598,90.9376,,404.0529,210.2135,148.8098,49.7891,86.5213,200.3768,161.2452,114.0099,151.757,143.9394,122.4885,105.9778,103.3147,130.658,120.6678,107.5972,140.5563,97.6591,110.2229,225.703,366.2313,127.6596,172.9965,72.2912,119.6371,170.5474,130.7736,126.7463,211.3286,138.6571,120.775
2008-04,107.9684,410.4228,110.5972,135.7702,91.8113,164.1921,137.7741,226.5762,204.4785,99.155,158.0675,95.7188,92.6834,,440.9763,227.9417,158.3027,54.3455,90.7451,192.0434,170.9822,123.3498,147.984,140.4599,121.4627,106.0692,103.2471,128.8292,121.0631,107.2253,142.3056,100.9765,107.6479,237.727,404.2587,136.5912,178.0847,76.8094,118.7354,179.2681,132.0742,129.7582,211.5505,137.4614,121.0769
2008-05,108.9011,416.6269,112.0174,138.5074,97.2566,171.7118,137.8125,233.6234,206.906,100.3505,159.1271,97.5929,94.645,100.7899,454.9277,232.0106,157.9688,55.6726,89.0589,193.8165,182.7927,133.7931,144.0058,137.9632,121.0422,106.0846,103.3462,128.9669,119.5313,106.1596,139.1676,100.4631,106.0329,250.0883,425.2754,127.0951,179.6573,81.8117,122.3425,185.6961,134.5915,133.3064,211.7779,136.7479,121.3796
2008-06,100.2028,381.8072,102.621,127.2595,87.9053,158.788,122.5159,211.8168,188.7256,91.641,144.8235,90.3117,87.311,92.2851,412.7581,209.2522,141.1998,46.0559,77.7393,202.5709,201.8608,147.6059,147.827,139.5442,121.3393,106.2834,103.5878,131.2748,119.3103,106.2042,137.3699,96.7714,105.5865,235.5422,438.6947,104.9177,158.0526,74.1481,115.3696,184.3103,128.897,117.9305,212.0832,138.5872,121.6831
2008-07,97.0397,378.3763,101.8593,126.4652,88.4697,164.6203,124.1778,221.6237,182.4594,88.4604,140.6516,86.9078,81.5353,88.7766,390.0401,199.3708,145.5987,44.3857,77.4411,199.6454,182.1165,127.9409,147.2841,140.5498,121.8663,106.5396,103.782,130.4745,119.7804,106.2266,137.906,97.3425,107.1253,227.9224,368.8844,112.0124,159.3073,72.3357,118.173,172.4455,134.6716,118.1375,212.412,137.2063,122.0061
2008-08,95.4177,384.2234,103.3746,128.3118,89.7541,170.5063,125.9363,233.1948,174.7093,84.9169,135.2437,82.6348,78.5978,84.4048,365.406,183.5875,149.055,43.1503,73.3661,181.0949,170.2158,118.3645,151.3186,142.6955,122.4346,106.6703,103.8635,131.4933,120.669,107.1166,138.1055,96.4687,102.5265,224.3663,370.1237,110.9249,163.6758,73.6303,121.3645,170.5436,137.4536,126.2949,212.7005,129.0921,122.3365
2008-09,83.7186,348.0398,94.1933,116.4545,75.7738,157.2895,116.586,225.7242,154.7291,75.0761,117.8057,77.2031,67.0463,73.3101,311.7583,154.9717,148.8705,42.2788,63.9462,188.5417,152.7705,106.0099,153.5519,142.4952,123.3871,107.0002,104.3915,126.2046,118.5455,106.5642,123.2862,86.1891,100.2223,189.64,314.8611,103.9891,143.9173,64.4648,119.846,151.8136,127.2393,115.9359,213.0054,124.0369,122.6678
2008-10,68.309,290.5483,78.5267,96.1009,64.0504,124.3281,96.7557,178.3905,122.4916,59.6424,92.0902,65.1808,51.1084,56.4475,232.0168,112.719,101.6384,36.5092,47.7586,158.1117,114.4539,74.5616,150.6948,141.2657,124.75,107.209,104.1488,115.9952,115.8415,103.4232,120.893,76.3205,95.1741,147.1697,255.6691,81.1941,117.657,54.0725,104.7349,132.0774,112.6311,95.4913,213.2059,111.7668,122.9984
2008-11,62.3277,270.3243,72.6648,88.3985,56.7086,109.5013,87.795,158.2822,114.6864,55.6933,85.2916,62.7185,47.3373,52.4982,209.39,102.9717,78.5488,33.9476,43.1335,177.992,100.2993,63.468,172.3065,152.219,126.1288,107.5885,104.0965,117.0124,119.3448,107.4845,124.9477,70.9049,97.6513,131.4421,250.0982,66.1891,107.9847,49.5258,104.5178,137.6053,105.5175,85.1443,213.325,111.7313,123.2991
2008-12,65.734,272.9725,73.3765,89.9597,58.0001,114.7636,88.9691,166.6562,124.8573,60.7161,91.4202,69.9567,51.4592,56.4367,231.0273,110.8522,91.6751,36.1838,45.8084,191.7553,97.0274,56.3744,195.8304,160.0678,126.8392,107.6811,104.1282,124.6223,127.296,113.0056,142.2084,82.793,106.09,130.6853,238.8459,66.4345,110.4964,50.3132,104.5345,134.3015,113.1044,90.3133,213.3588,123.0121,123.5269
2009-01,58.2522,250.5575,67.4128,82.7211,56.674,103.6694,78.1582,143.6762,107.7124,52.2065,78.7653,61.559,45.5147,48.8678,209.5622,100.9757,75.6036,33.8924,39.9386,202.3715,92.7232,50.5419,170.2337,153.8456,126.2848,107.6225,104.3328,124.5721,124.7672,110.6589,139.6481,81.9542,98.9718,121.0304,234.596,49.0299,97.2388,47.9298,97.0021,134.0701,111.7411,80.7251,213.3641,112.9548,123.6963
2009-02,52.5953,223.6353,60.2953,74.0146,53.6901,91.2468,67.8985,123.7127,96.5237,46.9461,70.5908,53.8184,41.2915,44.1647,196.4241,98.5771,60.0855,29.788,34.5762,205.297,87.5032,47.4483,167.6259,152.7152,126.1016,107.5572,104.3283,121.8345,123.4506,110.011,132.381,73.9917,95.672,111.3181,205.6464,40.3276,80.6785,46.1014,89.1631,117.2767,97.896,73.3979,213.3872,111.5642,123.7994
2009-03,57.4412,242.2666,65.1364,80.1373,59.229,98.3254,74.0273,134.4728,104.623,50.9012,76.0246,57.6887,45.2945,48.7759,229.547,110.8052,62.2735,31.6071,38.0371,200.0887,91.5785,49.6158,174.4102,157.7756,126.7314,107.6792,104.3214,129.03,124.8121,111.2148,133.0056,75.403,100.2155,128.416,213.3875,47.2171,87.7921,51.256,92.9511,119.5077,103.7754,82.7177,213.4406,116.5624,123.8676
2009-04,64.781,266.3348,71.7384,88.9447,66.9647,113.4542,82.7036,155.1241,116.6745,56.9182,86.0341,62.1431,51.5393,55.4631,265.2605,130.135,81.3813,32.4751,42.9858,193.4176,91.4869,48.8473,162.2853,153.4443,126.5221,107.7388,104.3851,126.7138,125.4552,111.7328,136.6987,85.8434,101.1168,148.4215,230.0724,57.5073,103.6548,56.6047,96.9158,120.911,103.6468,98.0404,213.4779,116.459,123.8994
2009-05,71.5734,281.9031,75.927,93.8039,69.1136,117.3124,88.0766,158.8046,132.066,64.351,98.3076,68.4232,59.7456,63.3628,307.5431,153.4153,83.51,32.6539,49.7449,213.2092,106.3684,59.3498,156.289,150.2566,126.5931,107.688,104.3965,129.2438,126.3456,112.4848,139.8659,88.2946,106.5439,157.0943,259.7236,65.5466,107.1321,57.9173,101.8497,125.2141,110.7195,97.3248,213.5064,124.5707,123.9252
2009-06,70.4871,281.7184,75.9557,94.1485,71.1544,119.4403,87.4831,158.5661,130.2106,63.1786,95.9959,69.2348,60.7832,62.0628,300.6249,149.6528,80.8402,33.9985,50.1201,202.0833,103.5752,59.2118,157.4628,149.4196,126.4736,107.7525,104.3829,129.4999,126.8772,113.1811,143.9099,91.254,107.0925,149.9666,242.7146,64.3762,105.3063,60.0253,102.0522,131.9402,113.3437,97.5715,213.5384,123.5302,123.9511
2009-07,77.1291,302.7362,81.5649,101.4329,77.1589,130.3942,94.8568,176.4049,143.2856,69.8592,106.8872,72.4652,65.8907,68.7718,333.7374,165.9727,89.5473,37.0113,55.0397,206.8927,105.4984,59.6453,158.3698,150.6624,126.6128,107.7496,104.3169,129.6137,128.4873,114.6633,150.5768,97.5679,110.4428,169.2646,255.6965,70.0865,114.5134,64.9368,108.8439,136.9075,120.0642,106.8298,213.5704,125.4767,123.9769
2009-08,79.4181,313.9192,84.5505,105.1973,78.2933,134.219,100.1267,185.3485,149.7379,73.0004,112.7499,75.0349,70.1064,70.6966,329.3536,164.7969,102.3733,38.5697,59.4184,207.0036,101.24,59.9015,161.9028,151.8125,127.131,107.7965,104.3897,130.7041,130.0552,115.822,152.5494,95.9122,111.2853,173.2753,258.4747,79.1908,119.9801,65.9916,110.1756,138.2793,123.2952,110.5922,213.6025,126.2038,124.0027
2009-09,83.2807,325.0498,87.6168,109.5456,82.7153,141.6851,103.1669,194.0225,155.4226,75.8762,118.1837,72.9791,73.5519,74.509,362.9324,181.2107,109.1225,40.0469,62.3151,219.0824,101.011,58.4828,165.8826,153.5195,127.4313,107.7955,104.417,133.3483,131.6005,116.986,155.2326,101.4742,114.4789,180.5906,273.5757,80.7332,126.9796,69.0485,113.8235,140.1848,124.0537,116.5076,213.6327,128.9521,124.0285
2009-10,81.0326,318.8006,85.9308,106.6634,80.1898,132.4887,99.4184,181.7822,151.5001,73.7747,115.1331,70.1158,71.7076,72.3412,350.4336,176.8369,104.2521,37.4496,60.8163,227.2385,108.0168,61.3005,161.5429,153.3077,127.6044,107.8464,104.4216,134.8747,131.8924,117.3078,154.4609,100.9233,114.616,171.2516,280.3238,75.9237,121.9178,68.1884,115.4776,135.6921,121.4576,113.7508,213.6541,129.638,124.0544
2009-11,85.4061,338.4409,91.1625,112.7345,85.28,136.6283,105.6862,186.5614,157.4408,76.8053,120.3524,70.1892,72.3967,75.8545,377.9498,189.5351,111.097,39.4638,62.0329,256.2943,112.9162,62.0887,163.5025,156.4001,128.3656,107.8602,104.3784,138.6502,133.5889,118.8375,157.4767,102.6233,118.0839,189.6958,288.2894,79.2201,132.6199,71.96,119.7248,142.24,132.7509,121.3851,213.6665,132.3304,124.0802
2009-12,87.0066,344.9056,92.9024,115.9622,89.7169,147.4557,107.5594,200.852,158.558,77.4174,120.0672,72.1561,73.5236,76.9779,390.3308,195.4445,119.3034,40.2731,62.4999,237.8324,112.7331,62.6995,153.1271,149.5142,127.2863,107.8542,104.4102,135.7535,131.0759,117.1153,154.2212,106.4047,111.851,193.6206,290.8277,78.104,134.8401,76.1365,119.4597,150.0225,135.181,126.9526,213.6755,126.0663,124.1061
2010-01,82.3981,332.3708,89.4542,111.8273,83.9123,141.9533,105.3274,195.2805,150.5268,73.207,112.5382,72.8969,71.9426,72.4808,360.0448,182.2877,112.717,40.0267,59.795,234.8404,103.8958,57.6158,157.2496,153.0579,128.299,107.8836,104.4102,137.831,132.9304,118.6205,156.1462,104.4545,110.2174,176.8937,278.0235,76.9107,132.8508,69.5953,118.2411,142.8163,136.0947,123.2851,213.6844,122.0176,124.1319
2010-02,84.188,342.7388,92.271,115.6742,87.7755,148.3059,108.0666,204.1397,150.9284,73.7503,111.919,73.6377,71.5115,73.4216,366.4407,185.72,119.0102,41.0671,60.7265,242.531,108.1999,61.0246,156.7111,153.5659,128.5049,107.8856,104.3875,136.0348,133.1942,119.0062,156.9374,106.4113,110.4838,184.8757,286.3896,79.6227,139.9348,72.0192,121.9869,140.9302,136.6167,130.1509,213.695,119.9419,124.1578
2010-03,89.5166,363.6048,97.9107,123.0725,94.5438,160.5125,115.0707,221.4921,160.5658,78.3933,119.2004,77.3418,76.7881,78.4456,396.1622,200.9265,131.1335,42.1801,63.1192,241.4672,107.6963,61.399,153.487,151.9431,128.159,107.8739,104.3875,136.027,133.1851,118.7423,157.9604,108.6816,110.4641,199.5107,294.4569,86.7082,152.0994,76.9452,126.5826,144.7221,140.2608,140.3116,213.7146,118.8596,124.1837
2010-04,89.3109,369.2297,99.4961,125.7573,96.664,169.6271,117.3126,236.5844,156.0626,76.2195,114.6681,76.9714,77.2603,76.658,395.5037,200.4975,140.5096,42.9059,63.623,255.6738,111.9089,63.33,158.5854,154.4541,128.5437,107.867,104.3419,139.4481,134.4813,120.0131,160.9739,110.7731,108.8652,199.9225,306.6917,87.8498,158.5747,77.9111,125.223,148.528,134.8041,148.7713,213.7413,117.0119,124.2095
2010-05,80.9373,339.8928,91.5357,115.8439,89.5182,156.843,108.0188,217.0859,138.5949,67.4336,101.1952,70.4522,67.631,68.7551,358.3519,182.097,133.014,41.4822,56.5518,263.4752,100.5531,54.7192,166.6867,158.9847,129.1258,107.8827,104.3875,139.7155,135.9371,121.3661,158.868,105.5939,104.8975,180.8655,271.574,79.8042,144.1146,72.082,119.4219,140.3306,126.0296,138.3035,213.7698,108.1232,124.2354
2010-06,78.0574,322.3064,86.7183,109.078,84.1689,144.698,101.7323,197.8997,135.7371,66.2108,99.5359,68.647,67.3243,67.0594,353.3397,181.096,126.081,40.4592,56.5763,269.6809,98.7674,54.7586,176.3509,163.8308,129.6668,107.9178,104.4102,141.5036,138.3415,123.1272,164.0766,106.7672,106.1016,167.6042,255.4819,75.2324,134.2064,68.192,116.3989,139.3454,123.7305,124.8615,213.7983,107.6142,124.2613
2010-07,85.3442,344.3202,92.7784,116.7358,90.2781,154.4375,108.9638,211.9138,151.4968,73.9324,113.6527,71.8555,74.3218,74.519,391.9686,199.5918,138.1765,42.2656,63.8003,255.9619,104.8115,57.9113,174.6819,165.3211,129.9183,107.8953,104.3647,141.1598,139.524,124.1879,167.5398,112.2691,112.5763,189.1085,276.875,80.1353,148.1995,73.273,123.1545,149.7495,125.3538,134.763,213.8197,114.7325,124.2872
2010-08,81.6904,328.8326,88.6713,111.2362,85.6469,142.9414,103.9243,196.0097,145.7474,71.2831,108.4518,69.9901,70.968,71.6191,379.2816,194.4911,136.4137,40.7172,64.3086,270.5674,101.6521,54.7389,189.3394,170.8695,130.2286,107.9227,104.3647,143.9013,141.3192,126.1233,172.3236,111.1582,114.5108,183.378,263.2985,73.8705,137.9248,69.1614,120.8721,151.919,123.2917,129.405,213.8482,111.4497,124.3131
2010-09,89.7038,358.281,96.4956,121.7633,96.9291,160.7309,111.8854,216.98,160.2812,78.1668,120.6616,73.7955,79.456,78.926,423.875,216.7051,142.5124,42.8673,70.469,283.4885,110.3978,59.133,184.5673,170.8641,130.3832,107.9511,104.3647,145.0316,141.3297,126.1172,173.1104,115.2243,118.36,197.5988,289.6168,78.3498,153.8232,77.2281,128.1703,156.3169,134.466,143.6674,213.8767,119.9157,124.339
2010-10,93.0669,371.968,100.204,126.6655,103.0723,167.3982,114.8141,225.3454,166.3808,81.337,126.556,74.7655,83.0375,81.6733,436.6568,223.4264,149.2713,43.2498,73.9476,293.9273,115.2973,60.8473,176.3185,170.852,130.6694,107.9502,104.3875,148.62,141.5448,126.5195,172.6556,117.3412,120.8867,209.7754,306.0453,79.4964,158.249,81.69,132.2619,158.0105,137.4649,151.6227,213.9035,121.2359,124.3649
2010-11,91.0324,371.968,100.1365,127.3123,102.8945,173.2322,114.216,231.2258,158.3551,77.3517,116.6742,76.6309,80.1806,78.7543,423.9699,217.0864,146.5075,43.8676,69.4071,300.133,114.7936,61.5961,173.34,169.3176,130.4015,107.9492,104.3875,146.1044,140.3631,125.6573,169.8668,115.8454,112.6157,212.1264,323.972,78.9504,160.3636,80.3481,130.1931,153.2284,133.4958,155.4498,213.9267,115.3038,124.3908
2010-12,98.1258,396.835,106.9264,136.1724,107.7893,187.1485,123.6382,250.4995,171.5113,83.8852,127.3343,81.964,89.3438,84.9768,454.8256,233.5198,153.1747,46.9094,76.2362,307.4468,126.1493,67.1921,166.928,163.5083,130.188,107.9874,104.3647,144.0769,139.4151,124.375,168.5892,119.0808,116.1366,233.4193,354.1611,87.4014,172.3536,84.8119,135.9211,157.9866,139.6409,161.8168,213.9516,117.0399,124.4167
2011-01,99.1739,406.0813,109.3825,138.9617,110.8374,186.4548,127.5803,250.1825,175.1053,85.6951,132.0292,82.1142,89.9576,85.4399,437.3544,225.469,158.1542,46.5483,75.9425,287.8324,130.6367,69.2808,161.7847,163.4735,130.3585,107.9678,104.3647,144.1038,139.2964,124.4834,168.6514,121.046,117.0902,233.6015,379.588,89.8673,179.1251,87.5054,133.927,159.9022,140.4388,160.8219,213.9766,119.4291,124.4426
2011-02,102.2554,420.1875,113.1683,144.0999,114.3406,196.7882,132.2901,262.9381,181.3212,88.8278,136.1536,86.6219,92.0108,88.2185,437.1632,225.081,165.5957,48.2333,78.2141,305.0975,136.0856,71.1133,164.4544,163.1329,130.2002,107.9776,104.3647,145.1426,139.7009,124.8486,170.4729,122.7836,117.8649,239.8001,407.5578,92.3332,182.931,89.4246,137.8224,161.8683,144.8276,170.4678,214.0033,120.8512,124.4685
2011-03,101.375,420.238,113.1655,144.703,113.8281,201.7533,131.9499,266.5111,176.9907,86.6052,134.7528,77.5315,91.7356,87.6975,464.659,237.3996,162.9286,46.7162,76.8189,309.9734,139.703,73.5961,164.5025,162.8807,130.031,107.9962,104.3647,146.87,139.3894,124.6648,169.5516,122.8357,118.8583,244.0064,415.2299,90.0476,187.0111,88.0377,139.5396,162.2426,147.4469,169.4766,214.0265,124.2558,124.4945
2011-04,106.2593,432.4087,116.5091,148.8939,117.0984,207.0746,135.2221,270.7892,186.948,91.9672,145.9585,79.1091,97.1331,92.0775,477.3568,245.4017,172.2913,47.424,81.6017,337.6995,146.0676,76.7291,168.3505,165.8797,130.7256,108.055,104.3647,150.3626,141.5743,126.4895,173.7976,124.798,124.6592,249.189,419.0308,89.9926,192.1245,90.3349,147.0015,168.8097,156.9323,175.9866,214.0443,130.6156,124.536
2011-05,104.184,427.5594,115.1223,147.3144,115.6713,203.3593,132.7628,266.1931,182.8237,89.4835,141.8082,77.1558,94.7624,89.2797,463.3226,238.1755,174.6597,47.2702,81.0899,331.6489,138.5124,71.468,174.1128,170.0361,131.2015,108.0442,104.3875,150.7625,143.3295,127.9826,176.0041,124.9644,122.9706,242.3602,401.4842,87.0258,186.8125,89.3889,150.6859,172.4242,160.8066,175.5092,214.055,126.0248,124.5879
2011-06,102.3493,420.3464,113.1914,144.6634,113.3284,198.4694,129.8744,259.5461,180.6101,88.3925,138.8512,79.0411,93.5706,88.1616,458.9883,235.7991,168.8974,46.4508,80.3182,323.5816,132.6056,67.2118,170.068,169.1781,131.1952,108.0629,104.3875,151.9006,142.6914,127.5019,174.6009,124.2514,122.9586,241.3861,393.7672,84.6366,185.793,87.1691,146.6705,172.1761,158.9991,175.1272,214.0622,127.4025,124.6398
2011-07,100.0159,411.9379,110.9604,141.3852,115.2156,191.7092,125.224,251.3159,176.3156,86.2802,132.4702,81.1631,91.9836,85.7931,454.2633,234.3443,171.5389,43.7073,78.4683,350.82,138.6498,69.3399,177.5759,174.5405,131.5706,108.0021,104.3875,157.824,145.0982,129.5765,178.844,124.6923,124.9832,233.0477,399.5158,81.604,173.0211,87.5422,144.7919,170.5818,152.6893,172.6883,214.0693,126.1097,124.7076
2011-08,92.6553,389.2912,104.8316,132.7772,109.3754,174.6636,117.4734,228.4335,160.8793,78.8754,120.1752,74.6458,84.413,78.2375,412.2215,213.0534,161.8998,43.2974,74.9079,393.883,138.1003,68.1576,194.743,182.659,132.0241,108.0462,104.3875,158.8398,147.3044,131.7261,179.4526,121.2905,126.332,216.6774,358.702,73.7745,161.646,82.8955,145.0737,174.2846,149.4672,163.6291,214.0764,126.9998,124.7856
2011-09,82.9824,362.2663,97.7193,122.7234,104.4635,155.188,108.7738,203.6618,143.4911,69.9387,105.4678,71.6903,74.9337,68.6071,338.4555,173.7698,144.3467,40.4542,64.3204,350.3103,117.9073,59.4877,220.4611,186.7452,131.89,108.0609,104.3647,158.8258,148.4394,132.6018,180.0829,114.8603,120.8417,180.9701,306.9646,65.3708,146.5966,80.3509,140.2926,174.6613,142.7591,152.3465,214.08,119.5443,124.8636
2011-10,92.3795,401.8067,108.1281,136.6712,115.3298,178.6231,120.9629,233.1236,157.3056,76.7631,118.5669,71.2355,80.5098,76.2997,393.5148,201.4138,164.9758,42.9257,70.3611,370.8777,126.9277,65.5961,212.019,184.3426,131.9352,108.0472,104.3191,162.1143,148.6273,132.751,184.6022,124.6139,123.3734,212.344,365.724,74.7253,167.6681,88.5562,146.82,181.0513,150.9926,170.5267,214.0818,124.421,124.9416
2011-11,91.3189,400.1737,107.7843,136.1609,112.2251,177.9474,120.4989,232.6594,153.882,75.1615,115.1689,71.4629,78.4509,74.6555,385.8007,197.9704,158.7047,41.82,68.7155,377.0612,126.5614,66.5813,216.2363,185.4115,131.9945,108.0315,104.3419,162.9658,148.1356,132.6714,178.7748,121.5897,119.9596,212.7755,371.8098,70.906,170.026,87.2284,150.8879,182.9215,152.4323,169.3031,214.0854,117.2411,125.0006
2011-12,90.4511,404.355,108.935,137.4913,111.5359,178.8639,122.7917,235.9404,150.5352,73.5551,112.4757,69.8681,75.8504,73.0717,369.3471,189.7324,166.4025,42.5921,64.7678,336.8573,122.8983,64.9852,223.6854,189.097,132.0633,108.0599,104.3237,163.233,150.1454,134.2374,185.011,127.1245,120.731,207.9256,364.2161,72.4186,170.4583,87.0288,155.0679,189.0154,156.952,171.5166,214.0872,114.0026,125.0376
2012-01,95.4058,423.1068,113.9597,144.4621,120.9254,191.645,128.8219,251.7919,158.4677,77.6855,118.6112,73.2427,82.5495,77.6375,409.9422,210.1903,177.0178,45.7546,70.7297,375.2438,127.4314,66.5419,222.9474,190.7269,132.1727,108.0403,104.301,166.9681,151.2349,135.089,188.9793,128.9867,124.035,230.7664,372.435,78.3235,182.9332,92.4317,152.8724,182.1861,161.9741,181.6264,214.0889,115.6174,125.0636
2012-02,100.1247,441.4719,118.7595,150.5562,128.6767,196.5684,134.1515,255.4582,166.1266,81.4797,125.0453,76.6172,86.8919,81.4489,431.554,221.611,174.9808,46.4947,74.2296,364.1179,134.254,70.6798,217.1574,188.6293,131.9867,108.0305,104.3237,166.0028,151.2145,135.1439,192.065,131.6983,124.3536,229.463,394.5104,82.223,188.0344,98.9974,158.5998,183.2893,163.6934,189.8462,214.0943,118.5953,125.0897
2012-03,101.24,455.6711,122.6744,155.1748,135.1788,201.4525,138.5882,263.3789,166.8256,81.7463,125.1268,78.0743,87.5684,81.0518,418.1196,215.851,184.0801,46.8832,75.3994,359.3085,131.873,68.532,207.9586,185.6277,131.8849,108.0207,104.301,164.576,150.3481,134.4576,189.3354,130.4431,123.3902,230.3368,379.4799,88.2974,189.8752,103.4663,163.5178,185.7801,171.022,198.8082,214.1103,117.1505,125.1157
2012-04,100.0817,452.6294,121.8664,154.187,133.5979,198.1927,136.7526,259.3724,163.3609,79.8005,122.0047,74.6998,86.8919,79.702,411.0131,211.3324,189.3437,48.5477,76.5871,358.7766,130.0872,68.2956,218.012,190.2855,132.151,108.0207,104.3237,167.5133,151.7101,135.9414,191.3845,131.9258,124.7428,228.4676,376.7826,86.2297,187.7948,102.2999,163.9975,189.0672,170.5673,201.1009,214.1246,116.5145,125.1418
2012-05,90.7943,425.4464,114.5429,144.5878,124.1925,185.1534,127.7026,243.5993,145.1556,70.8884,107.3989,68.1809,76.9414,70.8484,367.0107,188.789,180.8121,48.617,70.6076,336.0372,115.572,59.5665,237.6882,195.7457,132.2261,108.0501,104.3237,170.7736,153.3459,137.2078,192.8333,127.6767,121.0918,210.7111,336.5339,78.2942,175.9213,95.8161,162.0783,190.1277,164.3831,190.0341,214.1389,108.8872,125.1679
2012-06,95.3996,442.7115,119.3626,150.4367,128.69,194.5076,133.6468,255.7593,155.3794,75.8369,116.2764,72.8644,80.1314,75.2155,385.4911,198.2731,190.7876,50.7644,76.4632,343.9495,117.9073,59.9803,233.6993,194.9348,132.0978,108.0403,104.2782,169.6313,153.3157,137.2989,194.514,133.6224,122.3227,221.0614,352.721,82.2083,181.8519,98.9432,167.9772,197.9441,173.7725,193.7146,214.155,109.4697,125.1939
2012-07,96.1825,447.9484,120.8465,151.7532,129.9737,191.5493,134.7627,252.5619,155.5038,76.0291,116.6565,69.6122,79.1779,75.4178,385.3925,198.6704,194.6074,52.7321,78.9372,346.8307,124.7756,63.5074,242.6204,197.666,132.3891,108.0403,104.2782,172.6077,155.4039,138.9901,201.2888,134.9883,123.9285,218.2425,370.1524,82.3206,182.5656,100.7685,172.1319,202.9208,175.5099,192.6527,214.171,107.8727,125.2024
2012-08,98.8572,459.1709,123.8404,155.8541,136.7131,198.3214,137.7455,261.2822,160.4799,78.5274,122.1133,70.1542,82.3486,76.9751,386.9688,199.1669,194.5782,53.698,80.2053,363.9628,131.8272,68.0591,239.4203,197.4342,132.3984,108.0599,104.2782,172.1812,155.4039,139.214,201.1807,136.6684,125.4434,223.3165,380.1435,85.1282,185.3697,105.0045,171.3106,194.5192,177.5671,201.5463,214.1889,110.086,125.2024
2012-09,101.532,470.8113,126.7279,159.737,137.9277,204.7885,142.0148,269.9665,164.8341,80.5928,125.6958,71.006,85.8075,79.6649,407.1645,209.7431,190.9529,55.209,82.327,380.9619,131.3235,66.601,233.3564,196.7466,132.4204,108.0511,104.2782,173.0624,155.8182,139.4662,203.3938,137.3799,127.9001,231.7275,391.9885,87.9066,187.4417,106.6141,174.3201,196.7938,184.3305,207.7556,214.2067,113.6258,125.2024
2012-10,101.0101,462.2433,124.1652,156.8524,130.6461,200.3462,141.0002,265.8772,166.6379,81.4508,127.9175,70.1542,86.4727,80.1705,405.3912,208.5869,189.2188,54.254,85.4522,369.7474,126.1951,63.9212,232.2269,195.9675,132.3295,108.0432,104.301,174.1427,155.7446,139.3251,206.1319,138.5395,127.3967,226.8789,384.0344,89.6546,187.2365,99.8361,172.1793,199.5517,183.9171,204.5586,214.2263,114.0603,125.2024
2012-11,102.6192,464.8594,125.2446,158.0669,132.3559,201.4507,141.1945,267.2646,171.2719,83.6568,131.0836,72.2449,87.7365,82.0919,411.6963,211.2514,188.7192,52.601,86.6688,368.0186,128.6677,64.9458,234.9189,197.8863,132.3609,108.053,104.2782,175.1144,156.1662,139.4071,204.6404,139.2278,127.3759,231.0978,379.3366,88.8651,190.5205,100.7352,175.3417,191.0072,184.8819,211.0413,214.2442,114.1564,125.2024
2012-12,105.5995,469.0127,126.4271,160.1104,131.7378,208.7408,144.353,278.5437,178.7756,87.2073,136.7279,76.3101,91.9773,84.7009,439.7064,226.1808,195.7447,51.9032,90.0948,359.0869,127.2025,64.6108,229.0748,196.0254,132.3938,108.0942,104.2782,173.6754,155.7833,138.1853,203.9641,141.1788,127.5654,238.477,383.2011,92.9966,195.8981,100.3409,171.7005,190.9755,184.2173,211.9928,214.2603,116.3928,125.2024
2013-01,109.5748,493.0214,132.8924,168.7846,135.2573,221.7625,153.6374,295.1435,185.4411,90.549,142.5788,78.032,95.8859,87.0874,438.4175,226.3332,203.0628,56.991,90.5742,357.2695,130.3619,67.5665,221.7781,193.4905,132.4096,108.0649,104.2782,172.7742,154.8155,137.2316,201.3174,141.6628,126.3736,247.8788,415.0183,98.6139,207.1661,102.2538,181.3925,200.0541,198.2139,224.0135,214.2728,119.3902,125.2024
2013-02,109.465,499.3121,134.6942,170.9476,135.7225,223.9904,155.4204,298.0945,183.0516,89.5094,137.7357,79.9104,97.1511,86.0559,428.4038,221.0,205.5319,57.8263,91.0317,339.0958,124.2262,64.1182,224.5252,195.6819,132.4894,108.058,104.2782,173.1031,155.7302,137.9663,203.4837,142.984,123.2948,244.5119,416.8428,99.8055,211.7662,103.0538,187.3946,204.7026,200.7083,227.5884,214.2853,115.7178,125.2024
2013-03,111.4636,518.2715,139.6473,177.6975,139.8278,234.4262,161.2916,310.2978,185.4411,90.5764,138.2039,84.5281,99.3201,86.6829,424.0415,218.2011,211.4351,61.0519,94.0895,342.3094,125.0504,64.8276,223.5835,196.2431,132.5334,108.0688,104.2782,173.4751,155.8838,138.0754,203.3887,144.2314,122.8664,249.9204,427.4417,103.6717,216.7864,105.7102,196.6265,215.6929,213.175,237.5474,214.3031,112.7695,125.2024
2013-04,114.6264,528.2286,142.3895,180.5508,143.3758,233.607,164.1546,310.409,194.7478,95.3004,144.477,91.5721,102.8672,89.7166,429.1969,222.5751,225.6747,61.4422,100.8712,316.4229,120.2883,61.6552,234.058,199.2362,132.6244,108.0884,104.2554,174.8493,157.3936,139.477,207.8093,147.2862,126.1678,252.2806,421.8364,106.4613,215.1771,107.5611,202.4111,228.5462,219.5774,244.7634,214.3192,115.2328,125.2024
2013-05,114.1871,540.7,145.8062,184.9626,148.505,242.7924,168.1978,319.5911,188.8683,92.466,144.5051,84.8412,98.7552,86.9661,408.4756,211.2837,212.1846,53.5961,89.9549,296.8085,118.411,60.7094,218.2335,193.05,132.447,108.0785,104.2782,167.5174,154.2439,136.791,201.1229,143.4844,120.6899,257.0647,433.8552,112.9515,225.975,110.5644,198.0109,207.8595,223.196,251.5314,214.3299,114.7759,125.2024
2013-06,111.2163,533.4844,143.4947,182.3052,144.9479,240.8064,166.5134,318.0361,183.8105,89.8814,138.0712,88.1953,96.0508,83.7457,386.7213,199.9698,207.9793,51.5378,88.558,263.9849,115.0683,60.6897,211.0945,188.1346,132.3167,108.059,104.2554,161.1484,151.8294,134.5371,194.5511,141.0615,118.6098,246.4989,424.0207,111.1775,222.4857,107.3671,197.4122,209.7189,221.8763,253.5962,214.3371,114.7056,125.2024
2013-07,116.31,561.0536,151.2279,192.7799,154.0999,258.4675,175.2379,338.8298,193.5945,94.5523,148.5993,88.1953,102.7839,87.5514,391.8441,201.3617,209.8557,50.5201,89.9119,283.5993,118.7315,64.1182,206.328,187.4712,132.5318,108.0884,104.2554,162.6019,152.2379,135.0488,196.7028,145.0875,121.4503,260.1898,446.3319,117.1222,235.6345,111.3684,205.9716,218.8032,237.768,266.9504,214.346,116.7201,125.2024
2013-08,113.6408,544.2259,146.6344,186.9361,153.4897,250.2891,168.9308,323.7466,189.8092,93.0374,146.4191,85.4441,102.0969,86.1526,381.8998,194.4537,195.2075,48.6882,86.2719,298.3599,122.0741,66.1084,203.5625,184.8042,132.4031,108.0884,104.2554,159.6324,150.9799,133.8898,194.7392,143.2418,120.0503,259.8683,441.7289,111.1204,229.7906,110.2102,196.616,207.8797,229.3793,259.3515,214.3531,116.4683,125.2024
2013-09,119.9356,561.4489,151.3841,194.2212,160.9067,266.5306,173.1101,342.4342,204.6616,100.3413,156.9255,93.6977,111.0974,92.2005,409.4223,208.6003,202.0044,50.5129,94.1214,284.0869,117.9531,63.803,204.8892,188.2161,132.6984,108.0981,104.2326,162.4359,152.6719,135.381,196.1839,144.361,123.4011,271.3765,451.0682,114.2557,243.2722,113.0008,199.3117,210.2648,236.7364,273.4159,214.3603,118.749,125.2024
2013-10,124.6734,587.4478,158.3662,202.5086,168.8827,272.9809,180.6914,353.4201,211.334,103.5609,163.4904,93.6191,114.4181,95.4508,426.4984,217.6449,211.1364,50.7236,96.4001,283.1117,117.9073,62.8768,207.82,189.6801,132.7896,108.0785,104.2098,162.9945,153.9431,136.5419,199.7312,147.9964,124.9517,282.7457,470.0008,118.0432,254.8566,118.6791,212.0818,218.1983,246.9378,285.9527,214.3638,120.76,125.2024
2013-11,126.6086,604.8583,163.0897,207.9818,174.8799,283.7811,185.7751,366.7603,212.4888,104.2454,165.1605,94.7981,114.7616,95.6359,425.3935,215.6177,200.0498,49.0806,94.4118,267.5089,116.8083,62.5813,202.202,188.0179,132.9138,108.0785,104.1871,161.2721,153.5572,136.14,199.4529,148.6967,123.2707,286.428,470.273,123.2653,264.1871,122.347,215.387,213.9784,258.5898,295.8285,214.3728,119.7037,125.2024
2013-12,129.2285,620.5402,167.2711,213.6669,179.9989,289.5166,190.0009,374.2236,217.1129,106.2242,170.016,96.1483,118.3267,97.2256,423.6637,215.0041,200.2535,50.556,94.0301,257.3582,117.4952,63.4286,198.4215,184.0871,132.6779,108.0903,104.1871,158.9294,152.7022,135.2732,199.8815,149.3014,122.9924,300.4522,483.7778,126.0358,275.332,126.6716,216.8729,215.9278,260.5006,302.583,214.3853,121.5171,125.2024
2014-01,123.2403,598.6671,161.4326,206.8952,176.5405,281.4857,182.3973,359.706,205.8204,100.6937,162.238,89.7331,115.054,91.3299,387.0746,196.8694,208.8146,53.4963,90.1046,266.1569,113.9236,62.0296,210.9276,189.7263,132.9453,108.0805,104.1871,162.2699,155.0553,137.3686,203.6449,149.8961,123.5462,286.2812,455.7381,121.4234,263.5833,123.4109,205.671,222.354,262.9438,284.427,214.3978,119.306,125.2024
2014-02,129.6546,625.9161,168.7938,216.9638,185.6366,294.9375,189.2894,376.1042,218.4395,106.6829,174.1508,91.9507,122.4117,96.5173,400.1493,203.2452,219.3918,55.7783,94.6691,282.8458,119.6472,65.0049,212.0331,190.4044,132.997,108.1001,104.2098,162.9785,155.639,138.0138,205.9764,153.3565,126.3054,306.0427,479.0769,125.1134,274.2783,128.8336,213.694,230.0311,279.2956,302.6282,214.4049,120.6143,125.2024
2014-03,130.3947,631.1081,170.2695,218.0689,180.5621,292.73,194.26,380.63,217.4365,106.3059,173.0555,89.7331,121.1583,97.0173,415.6567,212.6502,220.4819,56.0316,94.5699,273.9583,119.6015,64.9655,213.5856,189.3362,132.8524,108.1099,104.1871,162.1108,155.4085,137.7795,205.9166,153.2316,126.6981,308.5703,489.1778,129.2807,276.902,129.3879,218.3802,237.7393,275.7826,293.9517,214.4139,121.0075,125.2024
2014-04,131.9422,635.4955,171.5366,218.2032,179.9854,281.7596,196.5624,371.005,221.0604,107.9802,177.6351,87.7531,120.7406,98.6422,418.9001,214.5366,227.7251,56.9913,98.1074,275.3103,120.9293,65.6158,218.0606,190.7718,132.9955,108.1099,104.1871,164.2511,156.6855,138.8851,208.6539,153.8757,127.9761,311.1157,514.8835,127.0816,280.606,129.7438,224.3646,247.7741,274.038,289.9547,214.4228,121.549,125.2024
2014-05,134.5887,650.2429,175.4553,222.7896,188.0589,283.9737,198.9544,373.1942,224.5873,109.8863,179.0148,91.7131,122.1099,100.3088,431.2654,221.1917,233.1888,58.3167,101.4151,266.9105,119.1894,65.2808,224.4923,194.2542,133.2333,108.1099,104.1871,167.5384,158.5329,140.3478,211.8136,155.7322,128.1601,320.3181,523.5069,128.9913,286.0033,134.6203,228.422,245.0791,281.9122,298.3119,214.4282,119.7086,125.2024
2014-06,137.0358,663.667,179.1153,228.6294,193.9336,298.945,202.8397,389.7647,226.6552,111.0244,178.8561,96.0075,124.1946,101.9374,441.6235,228.2103,235.8334,59.1147,102.8723,283.7766,121.7078,66.8374,223.9282,193.8332,133.1277,108.1099,104.1643,168.1579,158.4416,140.4656,211.8278,156.6851,130.207,325.4895,552.3696,132.1163,287.3614,137.1363,227.8434,255.9653,287.8931,304.0952,214.4335,120.0597,125.2024
2014-07,135.0573,654.7491,176.615,224.0689,196.2258,280.8458,199.9189,365.7748,220.7542,108.3916,171.1291,95.6885,120.0876,100.3665,447.6507,231.3321,236.0225,57.8052,102.2677,273.4707,115.9383,63.0542,225.4153,193.4057,133.0253,108.1001,104.1416,168.0029,158.0441,140.0753,211.151,152.8748,128.4233,318.9981,533.2215,130.199,275.5077,139.4606,220.2861,238.5577,288.2716,300.2223,214.4407,117.874,125.2024
2014-08,138.5366,680.5879,183.6251,233.3696,206.0558,294.4095,207.0412,381.64,221.152,108.6783,172.382,94.0937,120.3223,101.4279,460.3181,240.2213,243.2073,60.2839,104.0117,274.5124,114.6104,62.069,236.0636,197.0422,133.2727,108.1099,104.1643,169.0237,159.861,141.6742,215.3826,156.5136,128.7234,331.3252,544.865,135.7184,287.1489,144.0377,230.4475,250.2978,302.2333,313.5725,214.446,116.0168,125.2024
2014-09,133.943,671.1983,181.1055,228.4767,204.4966,276.9572,203.4917,356.2915,212.5659,104.1651,165.53,93.8545,113.8216,96.5455,424.5632,223.0077,228.5161,56.5616,96.9572,257.5576,106.3226,58.3054,231.0771,194.9744,133.175,108.0903,104.1643,164.637,158.8782,140.8645,211.7606,153.4104,123.1365,326.6697,502.6303,135.1708,283.857,143.293,231.8044,245.6097,303.5481,304.8838,214.4514,111.6689,125.2024
2014-10,135.5576,687.0058,185.4262,234.7505,209.8993,295.2183,207.1291,381.1206,212.0023,103.7983,162.3824,96.167,113.9154,96.3332,430.5905,227.98,251.2246,59.344,101.8741,249.6897,102.2016,54.8374,237.5902,197.9696,133.5218,108.1099,104.1416,166.1208,160.5687,141.8826,214.3745,155.0373,122.8336,318.8307,484.8816,139.0795,294.8587,145.5914,240.0261,265.3332,319.5065,311.3298,214.455,110.9872,125.2024
2014-11,137.4224,705.8788,190.5325,240.5729,219.4421,295.5476,212.0317,379.6735,212.1349,103.7983,165.7398,92.6584,112.39,96.2483,423.9503,225.4671,256.2497,60.7353,100.5863,248.4708,93.5016,49.3005,244.6403,200.5208,133.6622,108.1001,104.1416,166.3853,161.6237,143.0618,216.3289,153.3612,121.181,323.8372,442.7275,142.3465,303.9379,152.5945,253.3353,268.4258,330.6208,328.2905,214.4585,109.6553,125.2024
2014-12,134.1824,704.0882,189.9668,240.4808,214.5251,304.0977,213.1222,389.7189,203.6648,99.8853,157.9668,90.1619,111.1606,92.3233,407.1469,214.9145,261.1285,59.0092,98.1126,251.7287,84.4811,42.5222,252.5944,200.7804,133.271,108.0903,104.1188,164.6361,161.8623,143.143,216.2916,152.1296,119.888,322.0337,441.7943,145.0088,303.8722,149.2728,250.9649,278.0011,325.981,331.2124,214.4621,107.016,125.2024
2015-01,132.4162,683.2267,184.4571,233.9017,210.0581,294.1321,203.5763,373.1229,204.9369,100.5973,158.7806,92.1673,111.4699,92.0013,404.349,214.4848,279.0207,58.8077,101.6293,273.6037,79.6733,38.8177,277.3886,209.4185,134.1074,108.1001,104.096,169.957,165.1842,146.5839,224.4065,153.1993,118.0029,316.1339,421.6468,134.9232,293.0773,144.0383,248.5323,284.4772,330.2238,321.2967,214.4675,99.7436,125.2024
2015-02,139.7102,721.6273,194.8705,247.3323,225.2256,311.6225,214.7358,390.4471,217.9254,106.794,168.4557,99.0658,119.2281,97.109,422.1728,224.4734,268.769,59.8659,104.7447,257.4468,83.199,41.1232,260.3615,204.2422,133.7174,108.1197,104.096,167.7669,163.7061,144.6685,221.219,156.6173,116.7244,341.324,441.0128,142.7806,308.7597,155.5542,258.8318,266.2852,344.3824,348.7485,214.4728,98.598,125.2024
2015-03,137.6688,710.2936,191.7583,244.456,219.9125,317.1382,211.5963,397.1863,214.8122,105.4929,164.3488,100.5097,117.7288,95.9286,415.8515,219.86,273.4238,60.4189,102.6264,251.906,78.1622,38.4236,263.2052,205.9907,134.0507,108.1099,104.096,166.9584,164.3196,145.457,221.6506,155.133,115.0994,324.5825,435.9181,141.901,300.8984,150.21,253.8037,263.6349,346.5886,347.0641,214.4764,95.2973,125.2024
2015-04,141.614,717.2786,193.622,245.9604,224.14,309.0038,214.6367,388.6432,222.6454,109.5717,171.3204,103.1568,122.7739,100.5212,444.3488,236.1598,257.4354,60.0571,105.0191,251.4849,83.7485,42.6207,254.19,204.6869,134.0935,108.1197,104.0733,168.0903,163.7892,144.9866,219.0191,156.4847,117.3529,335.4951,464.5749,142.0187,300.143,154.3423,251.8769,262.3889,342.8119,346.8798,214.4818,97.7969,125.2024
2015-05,141.614,726.5,196.1409,249.1514,229.1796,315.9142,216.1455,391.5678,223.0806,109.5187,171.8054,104.6809,124.8682,99.3838,426.1105,227.7677,256.6572,60.2122,103.0054,252.8812,81.0927,41.6946,248.1593,203.8347,134.1488,108.1197,104.0505,166.4,163.0727,144.2665,216.5654,157.0409,113.561,336.7593,440.4694,144.7849,301.1142,157.2058,254.0641,264.0504,358.2531,351.4399,214.4854,96.442,125.2024
2015-06,137.9627,711.7433,192.2541,244.9785,223.4866,318.3877,211.8953,392.376,216.1245,106.3308,166.1827,103.2776,122.8199,96.2404,413.6218,221.9527,244.6747,56.1957,100.2777,249.047,82.4206,41.5961,238.0543,200.5103,134.1914,108.1295,104.0505,164.695,161.317,142.6619,212.4872,154.0774,112.716,323.4589,425.1258,144.1175,293.1206,150.7402,249.4035,248.2494,356.8488,353.3882,214.4889,98.7529,125.2024
2015-07,139.0999,727.8212,196.4662,249.1446,233.6726,314.8729,212.8375,381.2361,220.5157,107.8863,170.6158,104.2451,123.8791,96.0226,387.5225,208.0534,258.7938,57.6298,101.3078,232.5576,72.0265,35.7044,248.8762,203.5548,134.2515,108.1099,104.0505,165.5769,162.7077,143.9161,214.2551,153.3193,112.4776,307.1488,392.4325,149.0238,293.9881,155.0367,263.6027,263.3983,367.4023,370.6697,214.4925,96.2564,125.2024
2015-08,129.6316,683.4604,184.3958,233.9679,217.7257,295.0012,199.9689,362.5845,204.1421,100.0824,158.6401,97.7147,118.1016,88.8775,353.2802,187.5304,242.5126,55.6646,94.5044,241.1791,71.8433,35.803,247.1602,203.7157,134.185,108.1197,104.0505,164.0041,162.1614,143.5619,212.4822,150.9837,112.2609,289.8362,375.7465,138.5017,278.1012,146.4802,247.884,254.2371,338.1406,346.4575,214.4979,98.6743,125.2024
2015-09,125.1759,666.0212,179.7893,227.1292,212.9198,280.439,194.3367,349.9423,195.1213,95.9987,152.1042,92.1517,114.9962,85.0654,342.2141,182.1264,249.9328,54.1617,94.8965,236.8351,69.3707,33.6552,252.0215,206.9328,134.5809,108.1501,104.005,163.1462,163.4771,144.7241,215.0102,146.4695,112.8243,268.3262,348.7176,134.605,271.9718,144.4707,248.8504,261.6544,318.8568,344.4238,214.5104,99.043,125.2024
2015-10,134.7602,722.6726,195.0337,245.098,237.1285,296.2073,208.6755,369.2454,208.0228,102.4632,161.0734,99.3271,120.6534,90.642,364.0332,191.7584,264.3254,54.1072,100.0104,242.2429,69.5996,33.6355,250.9914,205.6148,134.3908,108.1197,103.9823,163.6359,163.5893,144.7666,216.2436,151.2015,113.301,304.3542,387.6349,143.0402,295.849,159.6492,263.0358,264.4348,343.4583,375.5453,214.514,96.7368,125.2024
2015-11,134.0408,725.3142,195.7988,246.5705,238.5723,305.8635,209.855,380.198,206.4569,101.6821,159.0631,99.8109,121.4719,89.4657,354.8462,187.3551,262.6712,54.5431,96.6574,225.8865,64.9749,30.5616,248.8136,204.7354,134.0436,108.107,104.005,163.3999,162.9528,144.1973,215.9103,147.4276,110.5709,307.3789,387.5779,145.8915,298.4112,160.783,260.61,258.8136,342.351,374.6643,214.5175,93.1219,125.2024
2015-12,131.2183,712.7789,192.4059,241.3346,234.7676,290.4774,206.0902,359.5781,201.6426,99.5126,154.9035,98.4305,121.289,86.9656,341.2916,180.9161,267.4805,53.5238,94.9471,224.867,61.1744,28.0394,248.074,203.8079,133.8439,108.0943,103.9823,161.7483,162.6403,143.9433,213.5761,144.4904,111.8709,294.0383,346.8165,142.442,290.7348,157.4369,268.2137,264.2983,348.2491,364.0117,214.539,96.21,125.2024
2016-01,124.2601,677.292,182.7794,227.521,218.5442,265.5615,195.8939,336.0336,190.5165,94.0112,146.3013,93.3953,113.713,82.1354,324.1158,170.5181,258.2883,50.7244,91.9376,237.0346,58.5186,26.5616,261.8995,210.6022,134.7164,108.1727,104.005,164.2848,164.6581,145.6722,213.8384,142.1773,112.1959,262.5487,334.6848,129.8297,274.1715,151.5923,269.6481,277.3667,321.3679,345.15,214.5801,96.2364,125.2024
2016-02,122.7086,676.7327,182.6762,227.4978,215.1232,264.9683,197.0579,338.0674,184.1636,91.1115,141.5808,88.4413,111.7704,80.1155,321.4651,169.965,257.3489,52.0121,93.1268,262.9433,58.3813,26.0099,269.9815,213.7317,134.8673,108.2109,104.005,166.2904,166.1188,146.9117,216.0874,144.3054,115.9011,283.0677,325.3129,126.0639,285.8535,150.5998,270.4979,282.7407,320.2076,346.6869,214.6266,96.1218,125.2024
2016-03,131.7824,722.2538,194.0776,243.6726,229.8648,286.2014,210.6191,365.9988,196.2855,97.6633,151.5298,92.6644,120.9248,86.6802,363.1327,191.5857,284.2816,55.6903,101.0179,260.727,60.8539,27.1724,269.7296,213.5902,135.053,108.2502,104.005,169.0629,167.5718,148.2093,223.8981,147.9809,120.7764,304.5046,358.3839,135.089,305.7875,163.8853,283.3151,305.2932,328.8771,369.9059,214.682,99.7356,125.2024
2016-04,133.5455,725.1003,194.8383,245.2766,222.5394,290.9873,214.8113,373.8153,200.6467,99.9224,155.7147,92.7456,122.3574,88.8757,364.6169,193.5249,277.5986,56.6118,103.2108,274.047,66.7607,29.9901,267.7429,213.2569,135.1023,108.3091,104.0505,169.4168,167.999,148.8065,227.3787,152.6017,122.6181,320.0662,390.8696,139.9523,309.5913,155.6467,279.257,297.9101,338.6299,370.3735,214.7339,99.9225,125.2024
2016-05,133.9921,737.4354,198.1348,249.5308,232.2644,297.5067,216.7786,380.4925,200.475,99.6231,154.934,95.7505,124.5185,87.7999,351.1518,187.2643,283.8406,58.973,101.6514,257.2252,67.356,30.3842,269.8995,213.0452,134.9417,108.3012,104.0505,168.3255,168.0218,148.7958,226.2135,152.8614,119.3246,318.9788,387.2215,142.594,308.2683,163.2572,281.1793,302.4014,346.1992,370.5608,214.7751,98.0967,125.2024
2016-06,133.9256,739.9986,198.6371,250.2132,226.9734,297.4549,218.8345,382.1425,195.6247,97.5711,148.6206,94.1311,118.7591,87.1115,367.1613,196.4844,303.5062,60.6966,101.849,280.297,70.2865,30.5813,288.6147,219.6231,135.7548,108.4101,104.0277,172.1109,171.2733,151.8013,233.2132,155.6023,123.8315,316.4763,397.7567,137.9843,310.4667,161.0078,296.2464,325.4689,349.3466,366.3379,214.8234,97.9177,125.2024
2016-07,138.9749,766.9874,206.0637,260.16,243.2039,314.93,224.6528,402.6379,203.4048,101.6274,153.7806,98.7149,124.9112,90.7337,386.9298,206.5792,316.4446,62.8263,105.4611,285.8599,65.387,27.5074,294.6828,220.1645,135.6911,108.4121,104.0733,173.2103,172.2057,152.7104,236.2254,157.6456,125.2182,332.5255,392.7439,142.7528,321.7192,172.4421,293.8291,323.2978,366.3488,383.0452,214.8717,97.5335,125.2024
2016-08,139.4512,767.9059,206.3279,260.697,245.7577,320.5487,225.9248,412.3996,204.4912,102.0413,154.8317,100.5157,125.1327,91.3821,390.3493,208.1966,304.5331,63.5362,103.2251,276.5514,65.8907,28.0591,291.6964,217.9378,135.3741,108.4121,104.0733,172.6168,171.8349,152.2315,236.6513,160.7474,123.7882,331.6377,399.3305,148.2456,324.7679,174.4468,292.1102,305.3715,354.4619,378.0705,214.9255,98.1394,125.2024
2016-09,140.7611,767.9504,206.3417,261.2161,251.1976,323.9908,225.0727,415.3774,207.2248,103.7126,156.0527,102.6438,128.9716,92.746,400.1801,212.4037,298.9524,63.9045,103.3901,278.4575,68.7296,29.202,287.2964,218.4553,135.5494,108.4838,104.096,173.9126,171.9235,152.4053,235.9044,162.4809,124.9799,327.7868,414.0585,144.0921,325.3724,178.1133,287.5955,306.474,352.6554,377.0624,214.9792,98.723,125.2024
2016-10,138.0698,754.6365,202.6712,255.4911,247.5371,309.0968,221.6834,402.4105,202.6338,101.2175,150.5446,103.3805,125.2558,91.1138,396.8675,213.0811,281.7885,63.9045,96.6231,270.2571,68.5007,28.6897,274.711,215.19,135.484,108.5261,104.1188,172.9721,170.5186,150.9735,232.2984,160.8837,119.7363,320.9222,402.3891,147.3771,318.8515,176.7713,285.3795,309.2265,329.4255,367.9232,215.0311,96.656,125.2024
2016-11,139.4988,782.4361,210.107,266.9647,248.6163,343.2931,235.6438,455.3885,199.0241,99.6927,147.022,102.0913,122.0813,89.258,379.343,204.4449,277.0669,64.8013,93.7724,247.6729,69.6454,29.399,252.1469,206.0934,134.8473,108.4533,104.0733,169.3891,166.144,147.0877,224.9403,160.9138,112.8892,342.8203,436.4591,168.0577,347.833,177.0696,273.3806,292.4608,336.2232,385.5892,215.0903,93.698,125.2024
2016-12,142.2362,798.2974,214.6103,272.2683,251.4312,353.1952,241.7468,474.5277,204.4103,102.1337,154.2574,101.149,124.4707,90.9141,378.3845,202.9356,290.4135,65.2338,95.247,242.93,72.5301,30.8768,250.9804,205.8492,134.9449,108.5389,104.0961,169.3203,166.5662,147.5729,226.828,163.8728,112.586,343.4258,444.0133,174.3707,348.8976,181.0711,281.5727,306.788,338.6316,385.7396,215.1709,93.0539,125.2024
2017-01,146.3708,812.5824,218.3685,277.3208,264.355,354.1905,243.1537,470.4982,211.1377,105.8792,158.8266,104.689,129.2407,94.3908,403.5669,214.6194,289.8504,66.1178,97.4381,256.0949,72.118,30.4039,253.0242,206.3009,135.0886,108.598,104.1416,170.8314,166.9208,147.8469,227.157,165.3685,114.2327,359.0424,429.7473,174.8206,355.4023,187.5112,286.3645,310.6409,346.3924,401.9939,215.2624,94.2268,125.2024
2017-02,150.0487,844.5103,227.0487,287.5674,275.9207,361.0265,252.3581,477.1209,213.6518,106.9972,159.7597,106.0553,131.863,95.4745,410.592,219.4404,300.02,69.8712,98.7317,264.2509,71.9807,30.4433,257.0336,207.7938,135.1382,108.6471,104.1941,171.5346,167.9988,148.7582,230.1577,167.9017,114.5794,361.0464,420.7867,184.0455,369.3089,196.0106,300.032,327.0005,368.3489,409.2917,215.3539,93.1327,125.2024
2017-03,152.068,845.566,227.3156,287.7263,281.5131,361.1206,249.4242,473.1221,220.5563,110.2696,166.8376,106.6143,135.2095,98.4771,425.7228,225.6833,292.7486,71.9194,99.2576,263.1206,69.6454,29.202,255.3496,207.961,135.2246,108.6609,104.1757,171.5346,167.906,148.6996,229.4785,167.6609,115.446,363.2916,414.5338,178.6049,366.4816,200.3738,298.7639,326.5578,366.5786,418.0257,215.4472,94.0375,125.2024
2017-04,154.5199,853.9593,229.5095,290.7857,289.19,365.2708,249.1845,474.8839,225.9029,112.7107,173.3402,107.3595,140.9036,100.5993,432.9643,229.2061,293.4575,74.5078,101.3276,267.664,67.7681,28.4335,259.3669,210.267,135.4776,108.6579,104.2533,172.3061,169.4288,149.8833,232.2066,169.0286,117.0928,367.8666,402.3173,177.0996,373.6919,204.3956,302.0481,329.0401,372.1985,428.0545,215.58,95.5965,125.2024
2017-05,157.9334,866.0111,232.7094,293.7265,300.4608,358.0736,248.3454,460.349,233.9051,116.5548,181.8487,110.3199,145.5238,103.6922,445.2854,231.4788,291.3307,73.4121,103.8489,267.3316,66.8065,28.0985,264.2635,212.0053,135.5769,108.7181,104.2693,172.2371,170.593,150.9479,235.3022,170.7719,119.3463,367.9359,388.0844,174.9921,380.3387,212.4766,310.04,342.6599,375.0578,432.7601,215.7238,98.3017,125.2024
2017-06,159.1765,871.5318,234.2616,296.509,293.4964,370.1564,253.028,475.9648,234.5975,117.2975,180.9149,111.7804,146.3937,104.4349,449.4116,233.4474,297.8351,75.1322,102.0867,261.5691,66.1654,27.6256,266.356,210.925,135.4712,108.8029,104.3765,170.7438,170.5619,151.0254,236.4324,170.9983,119.7363,374.7436,387.651,186.39,385.4782,206.5023,303.0533,333.3778,392.1871,427.3099,215.8838,100.6771,125.2024
2017-07,163.5272,889.4454,239.122,302.0842,305.4161,373.3119,256.5476,479.471,240.8223,120.6757,186.0333,114.0931,151.3798,108.1,475.5793,245.9117,301.5208,75.3266,105.436,267.6197,68.867,28.7882,264.6025,211.7157,135.7231,108.9124,104.4108,171.5316,171.1315,151.9501,238.2421,172.7411,123.2465,380.5238,397.8022,189.5632,386.6098,215.7103,305.1495,341.462,395.4043,435.5578,216.0601,103.3665,125.2024
2017-08,164.1834,892.0406,239.7764,302.5369,311.7493,368.6162,253.3654,467.7156,240.7143,120.704,186.1645,113.9889,152.4681,108.5582,486.7631,253.2873,300.7336,76.2823,105.0878,278.8564,69.1417,28.4926,273.6221,214.8015,135.9977,108.9884,104.5296,173.3113,172.7425,153.5729,239.8555,172.8542,124.1565,383.5185,376.0072,186.6166,387.4589,222.0125,301.7846,352.6901,402.3335,427.453,216.2527,104.6524,125.2024
2017-09,167.2703,910.0148,244.6711,309.919,310.8287,391.8541,261.7288,501.1665,246.3993,123.7389,192.1409,116.0724,156.9227,110.7573,486.5459,252.0332,300.3906,77.6052,103.7256,269.4592,70.5154,29.3596,267.2661,211.7051,135.7437,109.0714,104.605,172.0945,171.7551,152.8531,239.7369,173.8927,121.8403,397.6971,414.2934,196.1956,403.6719,223.8283,299.6268,342.9673,406.0002,430.9747,216.4347,103.6698,125.2024
2017-10,170.8675,931.4583,250.3591,316.6428,325.1468,394.71,264.7363,501.4089,250.5372,125.9338,193.0303,122.1979,159.5549,112.8877,502.507,258.1648,297.1729,75.3022,103.9688,267.4424,73.3086,30.5025,267.163,211.3051,135.6198,109.1149,104.6783,172.5008,171.9231,152.8119,240.1989,174.0401,120.9155,413.1008,410.845,201.8099,406.6853,238.4093,294.6867,356.3499,402.9203,440.1128,216.6205,102.5342,125.2024
2017-11,174.3188,959.9294,258.1752,326.238,331.5578,406.3192,273.6134,515.9447,252.2643,127.017,192.9315,124.8231,161.0229,113.3688,500.5527,257.2971,305.0904,75.6004,106.5093,268.3954,73.9954,30.8966,269.1485,210.7149,135.3267,109.1743,104.7355,172.6496,171.6681,152.6492,239.9025,173.4001,123.4622,417.0219,418.0443,208.7898,423.6282,241.78,311.1169,365.9179,414.6437,462.408,216.8137,104.2878,125.2024
2017-12,176.8471,971.5712,261.2966,330.0258,333.5574,404.7001,278.6013,511.0243,255.667,129.118,195.884,125.6921,165.1923,115.6435,519.3812,266.8309,304.6407,77.2579,110.0069,274.047,76.0559,32.0788,274.0272,211.1043,135.2994,109.2665,104.8134,174.2647,172.4838,153.4748,242.8305,173.8261,123.7714,425.8916,440.0728,212.732,432.5605,243.0996,318.1263,343.75,412.3613,473.775,217.0359,105.0774,125.2024
2018-01,186.9295,1026.3281,276.1668,347.2906,362.7674,415.0526,289.8195,517.2825,268.5031,135.2487,206.9118,132.005,173.7721,121.9639,562.4792,289.6722,291.6811,71.9592,114.2724,282.9122,78.2996,33.2808,265.1061,206.5651,134.9122,109.4052,104.951,172.783,170.5433,151.5746,239.8542,173.906,127.3849,442.9188,455.8462,226.6804,455.7692,260.2059,323.3268,333.0486,439.3931,517.5567,217.2746,109.194,125.2024
2018-02,178.5642,989.0101,265.6604,334.2337,358.0775,399.0992,273.7238,491.4773,255.5215,128.3409,194.1951,128.083,167.1388,115.8055,529.3014,274.1541,269.2864,69.6347,106.6108,277.039,76.0101,32.0591,257.043,204.6382,134.7765,109.4151,105.0383,170.9969,168.823,150.0038,234.4881,172.3976,126.4351,419.5593,406.4552,220.0493,438.1627,259.1415,298.6663,320.1287,419.643,499.6024,217.5299,107.6168,125.2024
2018-03,175.8903,961.9008,259.0783,327.6722,343.4722,403.9582,268.1858,496.9383,253.3761,127.8404,193.5129,127.2651,166.9595,115.0415,532.1674,273.5806,279.7637,74.1578,109.2792,278.7899,77.7501,32.8079,264.3936,207.0034,135.1095,109.5979,105.175,172.7234,169.9562,151.0337,235.7937,171.9978,128.6763,402.163,413.4586,210.9055,426.3834,249.4657,295.9578,332.2823,407.4039,487.6884,217.8145,108.2549,125.2024
2018-04,176.6017,966.8723,259.996,329.1449,345.2096,407.9226,269.5348,506.1122,257.2307,129.4583,197.6726,127.1812,168.0608,115.6897,517.1766,266.0102,282.062,74.3673,111.4364,276.1303,80.4059,34.3251,258.8727,204.361,134.7922,109.7002,105.2843,172.4967,168.3566,149.7454,232.1014,172.8227,125.0717,402.6573,452.7129,209.9875,414.5028,249.6182,283.6988,339.0555,411.7081,499.2919,218.1231,106.6709,125.2024
2018-05,177.4358,990.3761,266.2639,338.102,364.793,433.0653,270.1971,535.6316,252.358,127.6093,192.8806,125.2936,166.4217,113.5366,503.619,259.7793,292.4416,76.5145,109.17,272.828,82.558,34.8571,264.0614,206.3762,135.2671,109.8724,105.442,173.0644,169.4709,150.767,233.3115,172.9097,122.5388,410.9209,466.2679,207.922,427.2443,266.5492,279.2564,335.3073,412.4587,509.2103,218.443,102.6622,125.2024
2018-06,176.3973,996.0715,267.8278,340.481,368.9701,435.7258,271.8738,537.8741,248.3604,125.4996,190.4918,122.3958,162.5969,111.0546,480.726,247.3372,304.7305,77.683,107.8486,262.9654,80.9554,35.2906,265.7667,206.7837,135.3257,110.0398,105.5988,174.1847,169.6449,151.0511,232.1745,173.0806,121.2844,412.0533,468.9237,204.2898,412.7652,265.8478,292.0156,344.7424,419.2616,527.637,218.7816,101.7446,125.2024
2018-07,181.8043,1032.9727,277.8623,351.7794,379.288,442.9112,282.7112,547.6089,255.4436,128.3665,196.9739,123.7062,164.5147,114.2276,497.7008,257.1838,306.5637,80.4005,109.5019,257.07,78.9864,34.0099,261.948,205.6924,135.2443,110.1805,105.7454,173.2569,169.5954,150.9957,235.2946,175.9845,121.6387,423.8323,476.2099,214.7387,443.2485,271.3967,303.5761,350.2491,446.7401,537.147,219.128,103.0156,125.2024
2018-08,183.0693,1065.9447,286.847,363.8537,401.2133,462.0033,286.4883,560.7186,249.7325,126.1431,191.4081,123.051,162.571,111.5952,478.951,246.3994,314.4579,80.7045,108.0691,251.5736,79.5817,34.3645,265.3848,207.7781,135.7133,110.3753,105.9131,174.3738,170.5586,152.0056,235.3414,177.2301,120.877,420.5683,459.6612,217.6582,444.2858,289.306,304.7662,354.7608,466.0804,564.5668,219.4859,102.6395,125.2024
2018-09,184.1853,1072.2826,288.3834,364.5673,400.0833,451.2618,287.6451,546.8583,252.143,127.0398,191.5377,127.2992,161.4048,112.0888,476.1773,243.0835,306.0796,79.7092,106.4904,249.9114,82.2832,35.6847,257.7835,205.2742,135.5192,110.5285,106.0614,172.6817,169.5017,151.1758,235.0102,178.1597,119.9786,413.0173,470.9044,212.836,453.9596,289.2504,307.7749,352.4608,479.8496,567.5614,219.8572,102.3994,125.2024
2018-10,170.4942,998.1829,268.7099,337.5505,365.6933,401.6778,272.2746,498.1344,231.6349,116.118,176.4109,115.9072,145.7774,103.1574,434.4618,224.4669,297.1263,78.1172,101.4513,255.2083,77.6585,33.4778,250.229,204.6521,135.7267,110.7209,106.2424,170.0583,168.41,149.8723,230.1943,174.6379,117.9916,375.0879,417.5593,202.8038,404.6262,266.0965,313.9384,359.4228,447.3215,510.2339,220.2475,99.8386,125.2024
2018-11,173.1977,1016.6989,273.8721,344.3475,364.7243,408.612,279.128,505.9878,232.7845,116.7052,175.2184,116.964,145.7256,104.6381,455.7633,235.3167,311.0113,79.7275,103.4558,256.0727,70.0117,29.7734,254.7012,207.3741,136.2438,110.9278,106.4399,170.873,169.7093,150.8259,229.3692,173.9409,119.1169,389.3469,411.031,208.1286,420.0284,260.8744,321.072,372.1423,483.4806,522.8711,220.6604,100.247,125.2024
2018-12,160.7099,927.1802,249.5651,312.7496,333.1366,359.6925,252.9138,444.5434,220.3312,110.0791,166.7282,107.9682,136.0547,99.5134,439.8622,227.4453,286.2801,74.8697,100.9361,268.7278,67.2104,27.6256,269.6101,213.1894,137.2791,111.1502,106.6344,171.7809,173.0716,153.6528,233.6341,170.3076,121.5998,362.5299,359.9021,184.966,375.2575,239.0223,292.4499,357.2772,438.2575,481.2702,221.0889,100.6621,125.2024
2019-01,173.6348,1001.4153,269.343,339.4594,363.1547,400.4164,274.5192,493.0322,234.9499,118.298,177.8731,115.6148,147.0557,107.0078,485.3575,249.4138,320.2176,81.7869,110.7612,276.4849,71.9879,29.931,270.6307,214.5807,137.6238,111.4223,106.8209,174.228,174.6481,155.3599,241.5034,178.7286,123.3175,382.8379,400.2538,201.4282,418.1375,255.605,307.4814,369.6996,459.3321,528.7605,221.5255,101.0819,125.2024
2019-02,177.9181,1033.8769,278.0417,351.5401,374.0174,421.1545,280.6708,512.2542,240.9099,121.0574,183.497,115.7852,150.0488,108.6916,477.925,248.4586,322.4442,81.037,109.1332,274.8005,74.0288,30.9754,266.9057,213.4531,137.7423,111.6021,107.0184,173.93,174.4493,155.2198,241.0111,180.8993,121.9817,395.037,409.4789,205.932,444.7626,273.2675,312.9525,384.8898,464.2965,535.7114,221.963,100.1363,125.2024
2019-03,180.7235,1052.591,283.3687,356.5204,388.6959,412.3384,283.5127,497.7552,243.1214,121.7858,184.8951,116.552,150.8102,109.7352,483.3304,254.2101,336.0399,82.583,112.6941,270.4122,73.7505,31.4286,281.7769,219.1205,138.6056,111.8499,107.2056,177.3653,178.1521,158.2293,248.0702,183.2346,123.0672,399.9866,418.1929,200.6614,439.6502,286.2988,324.9166,395.6339,466.5342,555.2933,222.4051,98.815,125.2024
2019-04,186.9105,1095.5911,294.701,370.5141,410.0714,426.3443,295.1308,516.1459,250.2433,125.2424,192.1378,118.043,155.72,112.8183,494.7042,259.6531,335.4986,84.1074,110.6858,268.617,74.6318,32.2956,276.1665,217.9843,138.8599,112.0627,107.412,177.7574,177.7952,158.1902,249.1527,185.0415,122.3956,414.0402,418.1297,218.6905,457.1119,304.5212,334.1818,399.3067,453.8729,585.6309,222.8499,98.4204,125.2024
2019-05,175.5636,1025.7242,276.139,346.6164,376.3423,392.8647,272.8502,473.843,237.6487,118.7166,181.2393,112.2921,146.8982,106.486,458.4433,243.0846,335.9627,78.5625,110.1407,273.3378,70.179,29.5764,295.0541,224.6299,139.8622,112.3349,107.6399,180.8721,181.1926,161.0792,253.2653,181.4635,123.7977,380.1674,371.706,203.0028,422.1885,278.1354,322.0214,396.178,443.8051,541.1001,223.2919,97.9449,125.2024
2019-06,186.9584,1097.1008,295.3188,371.1502,404.9068,420.306,294.8036,502.7244,251.6977,125.6726,192.7558,117.3118,153.209,112.8259,486.9022,256.1428,341.1845,82.4266,112.4239,295.2128,72.962,30.8374,297.8574,227.3638,140.5069,112.6005,107.8353,182.2275,183.1831,163.0877,261.488,187.1878,128.0437,424.1289,406.6283,216.51,455.6275,302.9959,338.8293,408.8015,473.0695,583.3919,223.7292,100.0725,125.2024
2019-07,187.0852,1113.6883,299.8075,376.3928,414.3607,423.1711,299.9626,504.6436,246.7962,123.1115,187.735,116.8174,150.9135,110.8715,473.9664,251.5053,347.0011,84.3221,110.6542,295.235,72.1271,30.6995,298.6215,227.4509,140.4173,112.783,108.0299,182.8018,183.5163,163.3317,262.1523,187.4812,126.3863,422.969,400.182,221.6089,457.9817,313.5953,346.7647,408.253,465.4097,590.8312,224.1338,98.181,125.2024
2019-08,182.9509,1095.0415,294.8379,368.5537,406.4897,402.3045,291.971,476.4409,242.0479,120.7915,184.6453,115.8932,148.3779,108.2174,456.0382,243.3145,360.0004,78.9481,112.8881,318.5949,68.7874,29.202,331.6166,236.4388,141.5151,113.0384,108.213,187.0629,188.6231,167.8545,272.3397,188.7742,128.7284,411.0063,366.8653,211.1757,445.8582,308.7809,354.2917,429.0256,462.6521,585.2518,224.526,97.336,125.2024
2019-09,187.0599,1116.3488,300.5752,375.1114,410.2207,410.4996,303.1099,500.5287,249.7065,124.5993,189.354,121.9544,152.7552,111.1128,463.7542,245.531,366.9379,84.1453,115.745,307.7793,69.7615,29.6552,322.7298,233.6346,141.325,113.2001,108.3881,184.9933,187.4685,166.9017,270.281,189.6029,127.4231,424.0753,381.299,220.7676,459.2847,313.6376,360.4963,447.2661,462.1637,592.6929,224.8909,96.2869,125.2024
2019-10,192.1834,1141.0255,307.0696,383.011,428.1887,421.6477,311.0985,513.0199,258.1691,128.6029,196.63,126.1241,159.0277,114.5391,483.1577,255.2278,371.0696,86.4421,120.0503,315.6693,71.1066,29.8916,319.1367,234.0734,141.7674,113.5014,108.5623,184.9391,187.8586,167.4207,271.4842,189.5811,128.5607,424.0025,373.3124,226.2868,464.4911,325.8669,358.9702,443.881,485.8538,593.4295,225.2451,98.1503,125.2024
2019-11,196.6729,1182.3284,318.2358,397.5189,445.6135,438.7904,323.1578,524.4632,261.0794,130.3318,199.1731,127.7361,162.8446,115.6731,482.7038,256.5085,366.2296,87.7004,118.9081,305.5408,71.0139,30.0099,317.8378,232.465,141.7005,113.5795,108.6799,185.4811,187.7937,167.3512,272.7738,190.6578,126.6792,437.4826,379.3022,237.7195,485.3758,343.3539,363.9005,435.5906,510.1596,601.2862,225.5548,96.8944,125.2024
2019-12,203.4422,1216.6814,327.5586,408.6656,462.9318,451.0174,332.8797,542.3772,268.8998,134.9803,208.1621,128.8469,169.6369,120.4628,520.0181,274.6408,369.0459,90.8489,121.0049,316.711,75.1676,31.9409,307.6747,230.3075,141.9201,113.7739,108.8011,186.124,187.7059,167.2264,274.2122,194.3018,128.39,450.0051,402.1599,243.9222,484.3996,358.189,372.6806,449.9239,527.8888,617.9008,225.8442,98.571,125.2024
2020-01,200.5157,1216.1902,327.5586,408.4159,476.9975,437.0242,323.975,513.9464,261.3099,130.9364,201.7325,125.6061,163.1816,116.3427,488.0313,259.4482,373.58,94.0724,121.1609,330.9619,68.7112,28.5517,331.3385,238.2896,142.7418,113.9491,108.932,190.0997,191.5145,170.5366,280.9196,193.3958,128.9247,422.237,357.9518,237.4239,482.259,372.49,373.8639,480.2809,513.7926,617.408,226.1341,97.0473,125.2024
2020-02,185.4982,1119.9096,299.8635,375.7466,448.1037,398.3664,293.32,464.4669,241.0185,120.9186,185.6763,115.1879,148.6093,108.5931,469.6041,250.2461,347.3303,86.177,111.6465,328.8564,64.1399,26.3251,353.2946,245.347,143.9931,114.1977,109.0607,191.8531,194.5494,173.3803,283.9855,190.902,128.956,386.263,303.2275,210.7177,434.5148,345.2947,343.1524,432.935,479.9509,570.6543,226.4205,96.7666,125.2024
2020-03,160.6231,980.0649,263.4929,323.5715,415.4557,312.8089,248.5332,348.0261,207.0187,102.596,154.7557,107.4231,122.107,92.3336,395.5476,207.5872,279.9766,40.1903,84.3032,328.125,53.0179,18.3251,375.8231,254.4805,145.7845,114.6728,109.2838,188.4806,193.5246,170.9034,266.0606,171.7583,124.112,332.1987,199.0053,166.3912,353.5823,315.6754,324.169,389.6605,461.2933,485.5506,226.7073,97.059,125.2024
2020-04,176.4107,1104.5168,296.8986,366.0668,477.6649,356.1256,274.9746,391.6407,219.0619,109.7968,164.7318,112.5779,133.792,98.2193,424.6371,223.7982,305.0683,47.4332,88.2081,351.9504,51.3684,16.7094,380.4043,255.1809,146.182,114.6976,109.2623,194.189,196.8513,175.6194,278.9535,180.1464,125.9399,382.6483,260.2272,182.1353,384.7402,359.038,346.7246,402.6704,519.3587,577.235,226.7621,95.7109,125.2024
2020-05,185.3956,1157.1422,311.195,385.821,509.1951,379.6013,283.8573,403.8596,230.9502,115.9205,174.3504,120.5166,144.6054,102.7318,437.2694,231.1612,310.3592,48.7443,90.6645,361.0594,55.5156,19.3498,373.7016,256.0166,146.0674,114.6676,109.2432,195.4535,198.1752,176.7938,285.8163,185.4543,127.076,408.9792,265.4317,187.0902,405.4722,384.8044,352.4974,419.7589,536.4399,614.8097,226.7885,97.487,125.2024
2020-06,190.8472,1177.6636,317.1033,394.6879,541.2065,392.6213,281.0323,415.3594,239.0593,119.9752,181.2067,120.3988,147.5425,107.2928,466.1508,246.1339,317.8852,54.6534,91.6259,370.9441,58.0134,20.4335,374.96,256.1259,146.1012,114.6893,109.2432,197.3791,199.4814,177.9804,291.8974,184.3723,129.4309,417.9009,262.5238,186.1121,413.4713,411.5445,351.7055,400.1466,523.3368,633.7083,226.8131,98.9661,125.2024
2020-07,201.073,1247.0184,335.6673,417.3559,580.9662,404.0836,291.5245,424.0535,243.6936,123.13,187.8314,119.1054,151.5049,111.6103,504.6177,267.2613,329.4623,57.2036,93.6924,410.9707,60.9824,21.1823,391.5897,258.3135,146.2379,114.6893,109.2551,201.9686,202.1409,180.5681,300.9463,193.7024,134.2619,447.6399,249.9005,193.2703,431.7075,434.9398,376.0563,431.3472,551.8911,679.8059,226.8434,104.4661,125.2024
2020-08,213.1886,1334.0561,359.1667,447.0085,644.5514,426.2129,301.8091,446.8117,255.2008,129.5015,195.9322,127.1948,162.649,116.2504,519.1887,274.5936,330.9195,58.4567,97.1578,409.641,63.81,22.1675,371.8281,255.8082,146.2041,114.6852,109.2551,203.7658,200.476,178.8675,295.5947,193.6591,134.8135,467.1443,247.2648,201.5544,468.3,486.6143,393.3297,420.1433,566.1681,744.7598,226.8679,104.8707,125.2024
2020-09,206.8979,1284.1046,345.668,431.1953,607.3053,412.3126,294.1346,425.8049,249.9774,127.1708,189.8251,129.4967,162.3188,114.1164,513.9431,271.3101,322.1029,57.7694,95.2926,392.5532,61.5479,21.1823,374.7039,256.6468,146.2024,114.6789,109.2312,202.9956,200.2809,178.6913,294.2948,191.855,133.1663,474.1871,211.1478,194.6568,465.1053,460.6529,386.7423,424.6865,553.8231,730.882,226.8868,103.3204,125.2024
2020-10,202.2898,1252.0872,336.9867,422.7897,588.8134,421.3962,288.7463,441.4945,241.1015,122.6623,179.5427,127.6771,156.7054,111.784,521.1704,274.8866,312.4348,57.5676,91.572,390.5142,59.6157,20.4532,362.0192,253.1029,146.1347,114.6924,109.2432,201.6223,199.1628,177.6971,292.7929,192.6288,134.5228,470.7596,202.4762,192.9585,458.3988,437.6005,375.6407,446.1425,533.7662,710.9415,226.9076,102.7629,125.2024
2020-11,226.081,1388.285,373.7073,472.692,654.9122,498.2764,326.0199,525.6438,275.5054,140.1989,208.9778,141.1595,176.985,125.8779,568.0301,298.4161,342.6626,68.0629,103.9847,369.3927,65.6951,22.9557,368.0429,253.9594,146.1669,114.6687,109.2312,204.0563,201.5661,179.8536,303.8357,199.0844,137.2782,528.9526,259.1583,225.4687,531.8683,487.4157,403.6963,449.4323,576.1902,782.001,226.9265,105.339,125.2024
2020-12,236.678,1439.7191,387.8209,494.7965,687.0188,541.3598,336.9301,567.6411,289.3231,148.0921,220.8426,148.6906,189.4968,132.8561,608.5276,316.3192,352.0313,72.6902,110.0878,395.3014,69.2767,24.2956,363.5245,253.3537,146.2261,114.6914,109.2348,206.296,201.739,180.128,304.2934,202.9823,140.589,542.0791,270.7689,239.6868,537.2233,514.4266,410.3614,452.2208,598.0729,800.9867,226.9436,108.229,125.2024
2021-01,235.9475,1425.0477,383.8228,493.1441,688.8147,567.5909,331.5612,596.2925,287.0627,147.0256,218.863,147.4361,188.776,133.2318,627.8422,326.2297,352.1555,70.9562,108.6346,382.5576,71.5859,25.4384,350.3187,250.5868,146.2599,114.6811,109.2348,206.8454,200.2369,178.5756,298.7199,202.215,138.8333,528.9746,280.9138,235.3777,514.2904,510.114,389.9194,448.254,606.4557,807.1144,226.9606,106.6464,125.2024
2021-02,241.348,1464.6718,394.4122,508.6257,687.8948,602.7964,351.1159,653.1642,293.4869,150.6016,224.5087,150.1432,194.6258,135.8619,632.7887,331.3429,364.2175,77.1164,110.1201,358.6215,78.8435,28.0591,330.235,244.6647,146.1753,114.6811,109.2229,203.3547,197.1972,175.8118,291.9591,201.7203,135.1032,550.7656,343.998,262.6961,549.7212,517.0775,385.113,420.9187,593.6971,802.8299,226.9757,107.0017,125.2024
2021-03,248.2354,1531.1665,412.3791,527.18,699.7045,611.2054,373.5708,688.8324,300.8627,154.771,231.9554,150.8034,199.1726,138.2164,628.1956,328.9889,382.982,81.8181,111.7519,354.5213,78.278,27.5271,312.9133,238.8278,146.094,114.6707,109.2109,202.8214,194.9365,173.5766,287.6439,204.1723,131.3616,592.5712,354.2182,278.0701,599.1238,526.5744,417.8407,465.3345,617.6072,838.6346,226.9833,103.1581,125.2024
2021-04,258.7753,1612.1819,434.2099,553.7316,741.0557,622.1327,387.1923,701.4022,309.7454,159.4982,243.0377,148.3825,206.7137,141.7483,635.733,334.8672,413.0835,85.554,117.0395,367.1543,84.4045,29.7537,320.7208,241.219,146.177,114.6707,109.2109,205.7211,196.3635,175.0797,290.6444,205.4741,133.6263,624.4557,356.6008,296.1182,620.3015,553.8923,425.6091,484.808,641.8903,892.7739,226.989,106.7084,125.2024
2021-05,262.5843,1622.7672,437.0812,556.2566,732.1538,623.8201,396.3702,723.6474,320.5316,165.2025,253.8623,150.9355,211.0664,146.1317,646.2147,340.5557,416.4189,85.8324,120.705,395.3458,87.6562,30.4631,320.7278,242.2438,146.2651,114.6707,109.199,207.8276,196.7638,175.3491,292.4541,205.5542,134.9401,656.1897,376.9614,310.2463,639.7145,548.7379,433.1329,473.4727,653.8996,862.4359,226.9927,107.2626,125.2024
2021-06,265.8951,1659.1617,446.9477,570.0628,778.0023,635.4793,391.887,717.6646,317.0762,163.6804,250.3775,149.7427,207.5203,145.579,652.3564,345.0742,427.4021,87.4587,120.0462,367.0878,90.7195,31.7044,334.9011,244.721,146.0144,114.6499,109.1751,209.3337,198.3929,176.9229,298.9216,208.2772,132.6042,621.6533,392.9218,300.8168,625.1324,586.5262,430.7746,463.0171,668.9324,892.2493,226.9965,104.7272,125.2024
2021-07,268.3126,1699.6657,457.8427,579.9638,800.2606,612.4284,394.9925,692.5117,319.5282,164.5064,255.0307,148.7893,211.102,143.1742,610.3641,324.7421,446.297,85.2439,123.9039,376.3741,91.8977,32.1182,347.348,249.5915,146.2567,114.6499,109.1632,214.9351,200.608,178.99,303.1632,208.4956,134.4625,634.5682,360.2453,299.4229,630.9931,609.326,440.2559,483.0813,701.8612,901.644,227.0041,104.6486,125.2024
2021-08,274.1461,1750.2475,471.6799,596.5424,834.021,625.9209,401.4691,710.0017,324.1509,166.6668,259.6466,151.6494,217.0344,145.2499,619.9455,331.8583,455.9123,87.5058,124.3616,376.086,90.3896,31.3498,346.1665,248.607,146.2092,114.6292,109.1513,214.5823,200.2061,178.6511,302.1205,209.7649,133.2454,646.5767,353.0242,314.8368,638.0135,631.0139,444.8732,501.9008,718.1133,917.7347,227.0135,103.8031,125.2024
2021-09,262.558,1668.6768,449.5876,569.9117,786.622,607.8922,388.2115,697.0126,313.579,161.0242,245.6507,155.751,208.2198,140.2631,595.9331,320.7012,430.0098,85.7075,116.9285,363.9628,95.1023,33.2217,336.1035,244.6366,146.0617,114.6292,109.1632,212.9083,198.3697,176.8403,297.5663,208.9885,130.0894,600.097,384.5546,309.036,599.2237,594.163,426.4592,471.3188,678.4848,898.0883,227.023,102.0846,125.2024
2021-10,276.7211,1785.7566,481.0719,608.0239,848.482,633.7362,405.8575,723.7658,323.5479,166.2226,258.0062,151.6494,213.3686,144.4652,602.3206,324.8696,460.6826,88.9055,120.7164,369.3484,100.6162,35.1724,344.3884,243.5529,145.5716,114.598,109.1513,215.2706,198.3524,176.9646,299.1463,208.339,129.5049,645.6864,424.2725,331.5157,639.9518,642.7481,441.3891,493.6748,713.2353,1006.6896,227.0306,102.8061,125.2024
2021-11,270.3359,1771.4087,477.5656,599.1438,865.425,606.2804,392.6697,698.0567,308.8759,158.5047,245.3886,147.06,201.2521,138.4152,577.7168,315.4428,450.9653,83.6939,116.2698,366.7997,91.8034,31.4483,353.9332,246.2128,145.4885,114.5462,109.1274,217.1329,198.8897,177.3259,298.7915,205.9034,128.7061,642.1213,403.0108,312.5767,617.1685,671.3582,435.4419,485.2636,691.4362,1023.155,227.04,99.373,125.2024
2021-12,280.8462,1853.3324,499.3512,621.8696,875.3977,620.052,420.2216,726.3258,322.4385,165.3657,258.1447,150.4086,208.6668,143.0451,586.4234,320.3014,494.7342,84.4249,120.369,378.9007,97.9299,33.7143,346.8058,244.9226,145.1797,114.5773,109.1274,218.0078,198.1762,176.7756,298.6895,210.6065,128.4966,690.8146,415.0342,323.0927,650.4808,693.1594,480.9659,532.282,753.8027,1024.6872,227.0495,99.6509,125.2024
2022-01,268.0756,1755.5854,472.949,584.1875,798.8264,560.9318,413.2461,683.8528,310.7179,158.9856,248.9144,143.9394,195.9624,139.3918,586.3034,321.6613,453.0691,82.8837,115.1958,372.5399,105.6588,37.6749,333.2321,239.7473,144.1784,114.4839,109.1274,213.5194,194.2154,173.1254,287.9608,205.0152,125.1331,643.8504,492.956,323.1755,619.3123,645.7183,473.8553,514.9558,702.1188,927.0002,227.0608,98.1317,125.2024
2022-02,259.8716,1703.7661,459.2872,569.6608,763.0713,566.7295,407.3706,694.3507,300.0629,154.7753,235.75,141.3787,190.1669,134.7351,560.9737,309.6808,437.2903,77.7463,113.1671,395.3458,112.4922,41.0049,327.7903,239.0182,143.5553,114.4424,109.1035,215.3463,191.9904,171.1551,281.8229,203.254,123.732,635.6928,527.804,318.7076,614.0868,614.2238,467.1813,505.1401,695.324,889.3085,227.0892,98.3841,125.2024
2022-03,264.9161,1767.8109,476.5365,588.2313,798.6905,573.2895,419.7047,708.2742,301.6202,155.8207,236.1213,138.3912,189.3961,134.4778,542.0066,299.5998,464.6818,80.2974,115.8319,400.3768,122.813,44.6305,309.9443,229.3119,141.543,114.4009,109.1536,211.3075,186.5913,166.4447,273.6678,200.6379,118.5055,674.5901,577.0935,318.2933,635.1892,634.7695,475.5035,557.398,735.2229,928.6753,227.1517,98.215,125.2024
2022-04,243.5434,1612.6516,434.3856,534.5162,690.1025,516.5388,398.8436,653.0693,281.2935,145.2445,221.3732,127.1824,176.1492,125.4732,508.7539,282.1291,445.6862,72.7273,108.0215,392.0878,129.7407,46.6601,280.7354,219.6159,140.8396,114.3677,109.1417,206.6946,179.4899,159.8324,255.334,192.2506,110.2462,650.7136,567.3545,286.6468,586.8314,564.8343,486.4684,533.4431,699.264,817.6357,227.235,92.4283,125.2024
2022-05,244.632,1616.292,435.7615,533.1727,679.1535,517.5442,405.4199,665.6636,286.908,147.6452,226.7189,129.3837,176.9771,127.7372,511.875,283.428,424.8041,75.308,107.9536,379.2997,135.7258,49.3399,274.4096,220.974,141.6793,114.4435,109.1775,204.6436,180.855,161.1586,260.0932,195.3841,110.8481,658.3662,658.3272,294.6207,584.1174,560.96,466.6062,556.4249,709.676,775.7702,227.3789,94.7983,125.2024
2022-06,224.7998,1483.0119,399.484,489.2857,618.6554,474.2446,371.9469,599.7274,261.7558,134.1061,204.2784,119.822,158.7765,117.7685,485.4742,272.5154,393.161,67.1714,96.8236,373.36,125.5464,45.5172,270.9122,219.0661,140.8372,114.3573,109.2623,198.268,178.0463,158.4801,250.6705,181.6098,105.7,567.1411,545.928,262.6223,541.0857,509.0392,455.6539,529.1853,691.1673,691.7271,227.5646,91.9214,125.2024
2022-07,240.6904,1619.5787,436.498,535.0185,696.3072,524.3405,393.9184,657.4316,275.2855,141.2058,214.4884,127.3519,169.3053,121.7464,483.7793,270.3562,427.0355,76.8929,102.8965,363.6968,123.0486,45.1823,277.4981,225.5536,141.4145,114.4581,109.3018,206.813,182.5652,162.2549,261.8113,193.7757,107.8609,602.048,598.6809,281.4943,592.5054,577.5145,470.2363,558.0102,713.5881,819.2749,227.8471,89.6841,125.2024
2022-08,230.186,1553.4969,418.481,515.0704,660.5716,513.8398,382.6892,637.3013,258.4467,132.9885,198.4772,121.5457,159.3291,115.858,477.3628,269.113,401.3599,71.3916,95.3826,352.992,121.2107,43.8424,264.8633,216.8612,140.269,114.6048,109.5135,201.2203,177.0111,157.7157,250.2154,185.4261,101.7926,581.0885,614.5604,275.983,575.7166,541.635,461.5246,560.953,672.4114,782.4445,228.2705,88.2123,125.2024
2022-09,208.5609,1409.8824,379.8338,467.5269,590.9766,464.2005,350.1592,571.8286,234.6126,119.8758,179.255,110.7951,141.8779,104.7093,422.2778,241.9804,349.6996,54.0727,83.8685,342.797,112.6807,40.5517,243.0515,206.5929,138.5965,114.6371,109.7399,187.6735,169.674,151.1185,235.2529,178.4905,95.3519,527.0303,555.8162,254.8539,515.6639,476.8169,423.9895,497.672,655.3411,718.2342,228.7708,86.492,125.2467
2022-10,221.7986,1524.4713,410.695,505.4564,614.615,516.0192,390.5098,644.5214,248.4355,127.162,194.3644,113.3807,148.1603,108.3993,413.9242,235.0837,361.9567,60.8898,85.086,336.68,118.3831,43.0542,228.5549,203.5889,138.4222,114.8157,109.9139,190.3392,167.5047,149.3689,233.4997,184.4981,95.5444,574.0683,694.5773,285.2416,587.3117,513.3067,462.1758,507.3199,718.3264,726.2005,229.3676,87.5958,125.325
2022-11,240.2885,1609.2189,433.4966,531.5849,648.69,527.3906,413.5595,662.7944,281.1497,143.119,220.5827,126.5581,165.786,122.898,478.4524,268.705,384.203,65.8736,93.5042,365.2704,120.1268,42.5419,244.8991,210.9432,139.3826,115.2049,110.2603,193.8279,173.884,154.8447,249.022,190.8288,103.3161,641.255,703.4525,304.8005,633.1886,545.7824,490.4504,542.6455,752.2542,736.9905,230.0786,90.8471,125.479
2022-12,229.2111,1516.4824,408.6625,500.4592,590.2194,493.0356,397.491,619.0722,276.0528,139.9955,216.8933,123.7513,164.2736,120.0595,465.8332,262.715,364.8608,61.156,94.0803,375.9752,116.8695,41.8325,238.4825,207.8042,139.5467,115.6494,110.6601,191.2744,172.3704,153.5965,245.1593,187.476,103.155,605.8657,682.0047,288.8885,614.2572,500.9721,477.0731,539.9627,738.1289,653.0107,230.8743,93.8059,125.6544
2023-01,246.4127,1611.8504,434.2962,535.1163,653.0359,541.4457,425.1923,678.8946,300.9076,152.6375,237.6281,133.3668,177.8273,130.7725,508.3605,284.6191,402.8155,70.8321,100.1602,397.6286,117.9126,41.7931,256.7113,215.2458,140.6297,116.0282,110.9747,195.2459,178.1108,158.685,257.8091,194.3507,106.8341,660.2284,701.1853,308.8235,637.0237,547.3495,471.8896,529.1633,724.5999,751.8016,231.692,95.4772,125.8638
2023-02,238.2305,1571.3238,423.2982,522.2639,650.6865,532.1144,412.3143,663.4033,291.6554,147.3338,233.5593,127.1611,172.243,124.8619,469.8893,265.6804,379.1933,64.9833,95.2049,376.2855,112.6499,40.0197,244.2594,208.2057,139.4964,116.366,111.3583,192.6043,173.3629,154.4545,247.0608,190.6869,101.8192,638.2335,652.532,301.7282,631.5199,549.6038,460.9467,497.8379,690.967,735.8251,232.5685,93.3699,126.1129
2023-03,246.1697,1629.5851,439.0722,536.4021,712.4543,506.3209,417.8178,614.9349,300.7814,151.236,239.3427,133.4123,173.0864,128.688,485.0073,272.4823,371.02,59.292,93.195,406.0727,112.555,39.6453,256.0799,215.9531,141.7952,116.9587,111.8028,198.1211,177.9418,158.5872,256.5689,194.4708,106.615,631.8444,652.5666,272.92,635.4296,609.2799,480.3954,522.2619,706.1531,758.3555,233.4697,95.952,126.3926
2023-04,250.0313,1655.6177,446.1001,542.1839,716.0726,497.2389,425.0587,599.4066,309.6131,155.2203,249.2385,133.7532,176.9548,131.0892,480.9513,271.4032,372.1817,60.1608,97.0958,409.5745,111.7016,39.2315,256.9463,217.7126,142.1412,117.3209,112.2087,198.2236,178.9659,159.5196,258.1187,194.8639,106.3472,630.9827,670.6868,281.5788,628.019,608.5538,497.9497,532.2149,728.3533,749.8359,234.3822,97.073,126.7086
2023-05,247.4119,1663.2601,447.9907,544.4968,772.5266,493.1804,417.102,588.5011,297.2067,149.428,236.4761,134.8898,169.2472,126.1812,469.3976,263.3771,357.4374,58.2061,90.2162,404.078,104.5425,36.7882,249.1987,214.5812,141.6054,117.7026,112.6297,195.8528,176.9181,157.6632,253.5526,192.4642,103.5864,587.6639,603.4055,269.6093,608.2364,662.8205,467.2779,500.9672,697.2621,768.853,235.3432,94.4422,127.0441
2023-06,261.7229,1771.0392,477.5474,581.1344,821.2255,532.9669,445.3384,634.7533,310.492,156.0462,246.5701,141.6778,174.45,132.0021,490.0458,275.8639,377.5592,65.6494,89.3931,395.102,107.6242,38.4039,249.7398,211.8877,140.9051,118.2615,113.1485,195.1872,176.2666,157.3105,255.6067,195.8904,104.4339,652.3402,645.1212,287.4468,676.6853,702.9422,480.3065,508.9633,726.9699,862.882,236.3512,95.6297,127.397
2023-07,271.1345,1829.0111,493.051,602.4242,852.9257,565.5249,460.6996,681.8189,318.886,160.9459,253.7235,145.1568,181.312,137.1781,519.6517,292.0713,385.2405,68.3199,94.9869,404.1445,117.0117,42.5616,243.3857,210.5068,141.3337,118.7151,113.5853,195.2674,176.2395,157.1239,255.7443,198.0757,105.4588,674.775,695.2718,301.2607,696.2317,721.096,490.5382,521.6407,734.7473,882.8522,237.3675,97.0045,127.7686
2023-08,263.2506,1799.286,485.026,590.79,840.2767,536.7805,447.825,649.2696,306.3378,154.5931,243.453,141.0827,175.0416,130.6612,485.2146,274.8467,372.2274,67.0681,91.3058,398.9805,116.585,42.7586,235.7383,208.9683,141.9136,119.284,114.1494,193.6806,175.1269,156.0862,252.6011,198.4395,102.9183,652.4977,706.7164,293.16,682.423,710.2198,471.1756,489.6748,729.599,867.4554,238.406,96.1974,128.167
2023-09,251.984,1713.9374,462.2105,562.4257,797.5917,505.3594,427.3214,615.3195,295.1601,148.7421,232.5124,137.9928,167.026,126.0752,470.1021,268.0642,345.1898,63.6816,86.7549,379.9867,118.3392,44.3547,216.9944,202.4091,141.8016,119.7512,114.605,189.9681,170.5918,152.2164,243.6153,195.2376,98.7882,621.3145,723.7009,284.1065,641.8357,664.2094,448.6164,462.0453,708.0087,819.4677,239.459,92.9409,128.5773
2023-10,245.5733,1676.7306,451.9961,547.5449,781.1177,470.4184,419.5438,578.3232,286.5948,143.707,225.3279,134.9487,159.1583,122.1328,454.6178,259.3817,332.6887,56.5267,83.6903,408.0009,116.2057,42.6207,205.1396,198.5072,142.2739,120.2901,115.0989,188.594,167.9124,149.9022,237.7395,193.201,97.3955,601.6191,682.0676,277.1688,622.7162,664.5337,442.4226,468.0041,684.9107,774.2643,240.5206,93.4036,129.0059
2023-11,267.3971,1829.8896,493.4135,599.0981,865.6254,513.7087,459.7093,630.8442,310.1494,156.363,247.3229,143.3029,173.2077,132.2435,490.0458,277.7723,372.8834,64.7649,91.7529,418.3289,113.361,40.7488,225.4974,207.5482,143.7706,120.9001,115.6377,193.8308,175.6244,156.7099,255.747,202.6439,103.3245,651.8465,677.1836,307.4895,677.7324,750.2289,460.6777,492.0747,722.1425,859.1737,241.5909,96.5595,129.4359
2023-12,280.2665,1913.4338,516.1646,630.8137,913.9877,576.0019,485.2272,709.1908,326.7454,165.1014,260.6787,148.8645,185.5935,138.8267,507.5175,287.0308,408.1035,69.98,99.9574,423.6924,109.63,39.5271,245.0836,215.3775,145.3569,121.4826,116.1321,198.5522,182.1185,162.2813,268.2154,209.1136,108.4133,681.332,677.7063,323.6446,725.6179,781.6085,473.1696,501.2215,753.3832,911.8595,242.6519,97.391,129.8674
2024-01,281.0376,1943.908,524.3453,637.8605,930.6149,553.5313,486.2596,676.3633,325.2711,163.3091,257.4849,153.6688,180.8262,136.4332,484.5461,276.8346,387.4581,67.1322,94.4632,417.664,111.0725,41.2611,239.5811,215.5338,145.8176,121.9679,116.6278,199.2172,181.8432,162.0166,267.0278,209.3567,105.0926,654.8082,674.2305,333.6294,718.6158,802.7243,479.0162,486.3424,775.4799,871.6236,243.7115,95.413,130.3003
2024-02,293.7056,2045.3544,551.6325,671.6588,979.7825,584.6688,500.6024,698.5525,334.9845,167.7899,263.6703,160.4227,183.6446,140.5675,504.7408,286.4721,395.125,66.2719,91.1667,419.57,109.3813,41.6158,234.1853,211.045,145.2525,122.4476,117.1459,197.1299,179.1617,159.8082,261.8687,209.9922,103.9589,697.4212,696.2981,347.2294,770.241,840.489,489.0668,491.4867,800.007,940.4173,244.7716,95.3727,130.7346
2024-03,303.2893,2112.2415,569.9539,693.5529,992.2746,605.0561,523.6706,727.7337,346.3025,173.9284,273.7501,165.5983,189.8811,145.2186,518.4983,291.9826,402.8341,69.2996,96.2847,455.9397,114.2559,43.468,236.0187,212.5924,145.7516,122.9571,117.6264,198.4044,180.7787,161.1662,265.9041,212.2808,104.3625,742.5328,769.3144,363.9158,804.2925,847.1241,505.3066,523.8758,819.029,939.8082,245.8404,94.9825,131.1704
2024-04,292.5215,2027.0768,546.8731,663.4252,948.8746,563.6256,501.1887,682.9635,335.0712,168.0002,266.758,156.129,183.4047,141.6827,517.3623,294.7787,370.8329,65.0951,91.4132,469.57,116.0964,43.8818,220.7826,205.9388,145.1078,123.4174,118.1348,195.0498,176.2985,157.2848,257.2807,209.4123,100.5835,708.4797,762.0621,348.7095,775.9417,798.3148,499.6155,532.5738,778.0028,897.5426,246.9139,94.2894,131.6076
2024-05,305.9055,2129.6052,574.5398,694.9939,1007.2476,592.0228,516.1299,714.3073,352.0265,175.8351,283.9537,160.0746,193.479,147.2858,527.4598,301.1398,387.7418,67.0334,93.3323,477.172,115.7482,43.2512,227.1565,209.646,146.1519,123.9828,118.675,198.5159,179.242,159.9279,262.9761,212.8339,102.0146,731.6614,759.4545,359.7686,788.6485,854.8115,511.7916,580.2931,796.6864,899.3314,247.9921,95.3427,132.0463
2024-06,312.1393,2204.7385,595.0431,716.3923,1072.418,585.3662,512.5827,701.0006,345.5959,172.9265,275.5762,159.5515,187.4537,146.6273,541.2688,307.0723,395.0143,67.6698,89.7455,476.5293,115.5492,43.6453,231.2842,212.1973,146.9473,124.5034,119.1489,200.0276,180.8291,161.3364,264.5444,213.8541,101.048,709.2846,748.7144,356.5959,780.85,921.7894,510.5884,548.1296,811.2179,934.1986,249.0771,94.2258,132.4691
2024-07,316.9436,2231.436,601.6653,729.943,1054.4216,645.8676,537.0557,788.0388,354.5523,178.1402,282.5512,165.9345,197.0332,149.8011,545.844,310.7914,426.3758,72.006,95.4668,502.1055,112.316,42.3842,239.6798,218.3452,148.6808,125.0759,119.6861,203.4829,185.2037,165.1346,271.5232,218.8845,104.9395,740.0463,765.6355,379.4089,819.2293,891.5153,519.056,585.535,832.8135,960.2682,250.1647,95.1725,132.883
2024-08,324.8581,2283.5747,616.2688,745.5021,1066.0609,634.9617,552.6576,772.0211,366.1119,183.3189,292.7455,168.2726,200.7129,153.8579,551.1816,313.8088,448.6355,73.3496,101.562,512.6108,109.9782,41.4581,244.74,221.2836,150.007,125.6987,120.2386,205.1088,187.9104,167.5318,276.6022,222.2716,108.1422,757.2342,749.7823,396.7574,842.2955,897.7494,550.126,613.6896,874.9465,958.3731,251.2488,97.4989,133.2983
2024-09,331.9951,2331.54,629.6608,760.6423,1094.0089,639.4734,558.5005,771.8039,368.9797,185.2961,294.1552,167.2672,205.8828,157.9148,582.8266,336.7655,463.3044,74.1034,104.1847,538.6968,110.7741,41.3793,249.6334,224.3429,151.1669,126.2751,120.7463,208.1805,190.4149,169.7373,282.0316,226.0437,110.6818,777.5559,727.1531,394.5399,870.6136,921.5266,556.3339,654.2112,860.4447,1028.3531,252.3061,98.2852,133.7028
2024-10,325.0525,2310.7347,623.5695,754.9207,1084.5496,630.412,551.3341,760.4226,349.5226,175.7874,277.9374,159.154,192.9885,150.5738,564.9072,327.7569,447.7531,70.0126,94.9642,561.8573,112.3658,41.9704,236.0161,216.7435,150.2238,126.7267,121.223,204.3357,185.6188,165.5692,273.0647,223.8655,105.314,753.4339,733.6958,404.6384,860.2644,907.1585,537.0298,647.1655,820.5006,1010.493,253.2985,95.5518,134.0847
2024-11,338.1601,2448.5314,660.4986,805.503,1142.5821,700.2102,583.9937,834.3089,348.4196,176.4892,273.0555,162.9417,194.5699,150.1598,549.7836,320.719,466.8236,72.542,93.5282,544.3041,110.1274,41.6552,240.7063,218.9563,150.6686,127.1952,121.6724,205.3534,187.681,167.3381,277.9551,227.5471,105.547,764.6478,791.1723,446.9479,925.5735,954.0593,557.8085,671.6233,823.5173,1140.9038,254.2505,92.9458,134.4478
2024-12,329.1711,2389.6194,644.8638,781.0119,1147.7698,641.5753,543.6212,763.2953,338.1406,170.3015,265.5653,159.3367,188.4073,146.0089,540.4556,317.4341,427.7403,69.2789,87.81,536.6357,112.0246,42.8966,225.3468,214.0114,151.046,127.7079,122.1629,201.8328,184.5029,164.5251,270.5175,225.7717,101.9845,682.3487,715.3815,422.5382,851.2202,950.6753,530.9064,618.0675,772.0252,1153.6071,255.187,91.5656,134.7993
2025-01,339.5085,2453.7964,662.3689,804.7002,1172.6004,657.603,558.6869,778.6385,354.3746,177.8515,282.4273,162.21,194.0207,151.1036,552.0866,320.0289,434.7988,72.6211,90.7827,573.0497,115.116,44.3744,226.4564,215.3309,151.6171,128.1718,122.5905,204.5984,185.4549,165.5089,272.0873,228.8432,102.0798,720.0586,731.917,449.9905,893.7944,943.6839,533.4054,635.9505,824.2154,1193.8175,256.095,91.4875,135.1363
2025-02,338.5,2422.6459,654.0217,789.5009,1140.8997,623.2536,561.6204,749.0217,364.8395,181.8757,293.7244,162.5899,195.0132,154.8546,558.4191,322.4075,450.8847,76.872,91.9261,583.4885,115.2732,43.7241,239.3579,221.3595,152.7318,128.5711,122.9874,209.012,189.6042,169.0782,278.5395,231.0635,103.508,719.8154,759.9779,456.1979,880.7442,922.0962,561.0955,646.8926,835.776,1110.4658,256.9935,91.4685,135.45
2025-03,326.0615,2287.658,617.4412,743.273,1054.3489,580.5352,544.8935,704.2415,365.5103,181.858,294.9588,162.8036,197.029,155.2185,564.7516,326.5595,439.2168,73.1677,94.0445,638.6082,117.8931,44.867,236.4743,222.1165,153.405,129.0009,123.3896,210.4328,189.5544,169.099,277.2513,228.5546,104.5796,700.5942,786.5257,437.0593,849.3637,845.6911,554.4944,648.4412,822.5595,1018.1336,257.8973,95.2416,135.7422
2025-04,327.7424,2267.8233,613.1117,737.8101,1069.0763,567.0614,524.4506,675.4151,379.0162,189.1567,306.3018,169.6188,206.2401,159.4174,565.527,326.4874,428.4959,69.418,100.3065,673.2491,107.7805,40.8867,233.2572,224.4623,154.6515,129.4509,123.8094,210.6977,190.3714,169.7688,276.5009,228.8225,110.6135,683.5641,677.5314,427.846,850.3358,859.9852,555.5808,648.8525,791.3495,1017.1023,258.7999,100.2161,136.0175
2025-05,346.4001,2410.3442,650.6812,783.947,1167.1992,596.7735,540.3475,703.5419,397.1732,198.8524,322.476,176.0065,219.0486,166.4995,588.2721,339.114,433.2984,68.6355,103.1877,672.8724,109.4048,41.7143,225.7681,221.6798,154.2577,129.8648,124.2591,209.3663,189.2161,168.6241,277.0717,232.8342,110.1048,703.5275,686.2005,447.15,925.5065,945.7504,562.3703,673.6881,747.2384,1102.385,259.7079,100.1204,136.2725
2025-06,363.0497,2534.2033,684.4033,824.4252,1241.7347,629.7061,561.1124,739.1948,406.6903,205.5908,330.3756,179.466,228.8062,173.0113,629.4631,357.8966,436.2817,71.5006,106.3191,675.5984,114.2777,43.4286,231.7827,225.231,155.1603,130.3097,124.675,211.331,191.9698,171.1815,282.8416,237.115,112.9514,719.1505,719.6134,461.0969,958.873,1038.8865,553.513,676.2126,762.9757,1122.9688,260.6277,103.192,136.5091
2025-07,366.8891,2592.5694,699.8353,843.3047,1271.8305,640.2114,565.5916,751.5179,398.1826,202.742,322.4892,176.2343,227.9563,171.0808,633.6387,360.3568,436.6736,72.4036,103.1373,671.4539,117.6311,44.9261,229.1412,223.8934,155.0175,130.7372,125.1195,211.3503,191.4632,170.7267,282.5878,237.4369,108.7655,718.4953,739.9775,461.0969,988.0579,1077.9018,545.3781,709.4187,738.2959,1144.154,261.5464,100.5689,136.7366
2025-08,376.7135,2645.7678,714.6278,863.1334,1283.9634,686.2597,585.4612,815.6164,416.1991,211.7214,334.6385,187.3896,237.9043,178.1216,650.6018,372.8752,451.8597,76.3498,108.1428,704.9424,116.3735,44.867,229.1703,227.5835,156.3934,131.2897,125.5835,214.7579,193.7422,172.697,285.5368,240.0613,111.0147,755.759,766.9598,475.3604,988.0579,1076.7121,552.2141,698.2396,777.9193,1197.4269,262.4727,102.7881,136.9645
2025-09,390.2644,2740.0112,739.9762,892.6519,1352.9921,708.0767,595.4812,832.3135,424.7978,217.1199,341.0746,192.0097,241.5247,184.5662,696.7938,394.0841,452.1201,74.9725,109.0362,787.8325,118.0503,45.2611,237.3997,229.0653,156.8433,131.7523,125.9982,215.6635,195.9253,174.6058,290.897,242.1882,111.2227,737.4572,764.5193,475.8651,1006.6294,1157.8283,539.4156,727.0323,791.3712,1240.4311,263.3738,103.2271,137.1928
2025-10,399.2136,2805.326,757.5884,912.3726,1417.6702,720.5725,602.0558,833.8199,429.8934,220.9608,343.2117,199.7657,239.9191,188.3705,721.586,399.8303,441.0421,74.5972,108.1345,815.8688,119.8841,45.734,240.6785,230.6945,157.3668,132.1914,126.4405,216.3589,197.1311,175.6586,291.3317,242.1613,110.1181,704.9537,754.165,462.6147,1012.0467,1235.1375,525.0303,742.7884,820.2579,1241.9321,264.2342,101.8282,137.4214
2025-11,399.3829,2810.7963,759.4126,914.7935,1395.5398,727.9471,612.523,857.8274,433.0782,223.0987,348.4688,198.7125,243.8858,188.768,708.7984,394.9569,451.7245,78.1803,110.4085,859.6632,120.8273,45.8522,241.3339,232.9741,158.0573,132.5888,126.8041,216.8286,198.3252,176.7078,294.0445,243.9686,109.5017,735.6468,774.0181,471.095,1003.105,1175.7385,546.2985,755.5433,896.4552,1223.9707,265.0753,102.0692,137.6505
2025-12,402.9488,2813.0379,759.9493,914.5514,1386.1908,722.7833,614.3747,857.9253,444.8166,230.1896,360.737,200.5102,248.8413,193.5999,724.1035,398.7162,441.6227,78.4904,110.8501,878.3466,121.1026,45.4384,234.9178,231.2007,158.5232,133.0819,127.2291,215.4863,197.7719,176.1774,291.8761,245.1703,109.8039,750.1968,771.7269,485.5063,1015.9059,1184.598,538.9558,717.1089,883.9975,1238.6366,265.9103,103.3665,137.8799
2026-01,414.3689,2854.4961,771.1443,929.0087,1403.25,762.3931,629.3524,917.9105,466.6336,243.9339,377.5204,212.8776,262.4501,204.1264,782.2065,418.8153,453.1511,80.5429,115.2445,986.1481,132.3138,50.2069,234.8369,230.6718,158.8486,133.4323,127.6051,216.6039,198.2669,176.558,292.8826,246.6603,111.3148,815.043,881.1598,473.7166,1083.4932,1183.8574,579.4053,726.5158,883.655,1256.893,266.7058,105.2886,138.1097
2026-02,419.7229,2829.8273,764.8755,924.0987,1370.3502,767.561,643.4031,935.2858,488.1264,258.8205,389.0402,229.3923,275.1281,214.7105,828.2654,430.9043,477.5554,80.0475,120.5099,1072.141,135.9426,51.1527,245.7187,236.3693,159.6934,133.7862,127.9458,219.3486,201.4354,179.3859,296.9184,246.6573,112.4278,883.5284,965.2195,455.8991,1160.1184,1141.7295,624.5034,801.771,914.8346,1212.1854,267.4993,103.857,138.3399
2026-03,394.0634,2690.0915,726.6738,877.849,1304.0491,729.4813,613.966,900.0779,449.9119,236.5239,357.3098,209.6988,251.6658,197.4644,751.633,400.8671,447.4029,76.5567,106.1308,953.657,156.7943,63.5468,235.3246,230.8851,158.9484,134.1556,128.3141,216.3686,197.8206,176.2693,290.7638,244.3051,107.3466,830.2987,1064.3005,439.8879,1062.1721,1094.8726,571.9915,776.252,840.6697,1132.7173,268.3018,100.8386,138.5704
2026-04,431.5701,2972.693,803.2783,969.161,1508.6555,817.6369,650.3708,986.2924,473.9523,253.9458,377.7262,221.2715,268.2916,212.3456,846.9272,437.0601,485.8886,82.0836,112.5895,938.9628,168.4388,67.7635,233.3487,230.538,159.2515,134.5505,128.6848,218.7212,198.1545,176.5335,291.5835,248.0202,109.1353,855.2226,1036.3293,464.4796,1146.5653,1314.0119,588.2484,792.4909,837.1146,1230.1072,269.1089,102.8158,138.8014
2026-05,451.5054,3129.1332,845.5296,1019.4005,1668.0975,854.2874,662.7286,1015.3471,485.4398,264.9082,385.8321,230.8574,277.5995,220.6226,907.9419,444.1059,482.7109,78.8388,110.2373,924.4681,159.6648,62.6601,234.5934,230.4942,159.3735,134.9393,129.0932,219.137,198.7363,177.0203,294.098,249.1027,108.8603,849.9055,977.9543,459.5791,1137.0423,1573.6838,578.4803,751.3863,857.0691,1256.2997,269.9185,102.5354,139.0327
2026-06,449.9386,3096.9264,835.3522,1015.4722,1665.6107,885.8625,662.8331,1053.9356,488.7927,264.3732,389.0222,232.8858,267.7381,221.9713,910.1335,443.2228,490.6801,80.453,109.0154,816.4451,144.3916,56.3547,237.3286,231.0733,159.4764,135.3084,129.445,218.1363,199.2416,177.4966,294.43,249.3178,106.6708,847.7464,929.3609,479.3397,1219.5028,1571.4361,583.6182,771.8459,913.7773,1221.4149,270.7283,100.5046,139.278
2026-07,448.3907,3098.0048,836.9473,1010.4503,1556.1155,858.5893,676.4074,1054.1263,496.7918,262.0356,398.0293,230.6885,273.0427,219.4632,852.6597,436.243,503.503,78.4462,113.213,823.4486,159.5023,63.133,226.7111,227.8643,159.7258,135.7621,129.8813,216.6428,196.6584,175.2259,287.8256,248.9388,107.085,841.0752,1042.0531,509.114,1184.0166,1446.3118,597.529,754.9926,936.1812,1209.0216,271.554,101.3976,139.5391
2026-08,460.5729,3181.0294,859.7248,1037.7279,1621.1883,866.6385,690.4779,1056.7945,505.5908,270.5697,402.7307,239.4027,282.4805,225.7335,891.6407,449.3859,490.731,79.1759,110.1859,905.1862,169.522,67.0542,228.3716,228.1299,160.0013,136.1445,130.2408,216.5901,197.4245,175.8637,288.9628,251.186,107.8013,878.7676,1119.2228,515.9987,1153.0073,1538.2786,597.0372,718.9028,982.1983,1214.2289,272.3981,101.9733,139.8007
