month,ACWI,SPY,IVV,VTI,QQQ,IWM,IVE,IWN,EFA,VEA,VGK,EWJ,SCZ,ACWX,EEM,VWO,VNQ,REM,RWX,GLD,DBC,GSG,TLT,IEF,SHY,SHV,BIL,TIP,AGG,BND,LQD,HYG,BWX,XLB,XLE,XLF,XLI,XLK,XLP,XLU,XLV,XLY,TBILL,EURUSD,ECBDEP
1960-02,,,,,,,,,,,,,,,,,,,,,,,,,,,,,,,,,,,,,,,,,,,0.003627,,
1960-03,,,,,,,,,,,,,,,,,,,,,,,,,,,,,,,,,,,,,,,,,,,0.003304,,
1960-04,,,,,,,,,,,,,,,,,,,,,,,,,,,,,,,,,,,,,,,,,,,0.002762,,
1960-05,,,,,,,,,,,,,,,,,,,,,,,,,,,,,,,,,,,,,,,,,,,0.002688,,
1960-06,,,,,,,,,,,,,,,,,,,,,,,,,,,,,,,,,,,,,,,,,,,0.002741,,
1960-07,,,,,,,,,,,,,,,,,,,,,,,,,,,,,,,,,,,,,,,,,,,0.002047,,
1960-08,,,,,,,,,,,,,,,,,,,,,,,,,,,,,,,,,,,,,,,,,,,0.001914,,
1960-09,,,,,,,,,,,,,,,,,,,,,,,,,,,,,,,,,,,,,,,,,,,0.001914,,
1960-10,,,,,,,,,,,,,,,,,,,,,,,,,,,,,,,,,,,,,,,,,,,0.002066,,
1960-11,,,,,,,,,,,,,,,,,,,,,,,,,,,,,,,,,,,,,,,,,,,0.001919,,
1960-12,,,,,,,,,,,,,,,,,,,,,,,,,,,,,,,,,,,,,,,,,,,0.001975,,
1961-01,,,,,,,,,,,,,,,,,,,,,,,,,,,,,,,,,,,,,,,,,,,0.001875,,
1961-02,,,,,,,,,,,,,,,,,,,,,,,,,,,,,,,,,,,,,,,,,,,0.001869,,
1961-03,,,,,,,,,,,,,,,,,,,,,,,,,,,,,,,,,,,,,,,,,,,0.002013,,
1961-04,,,,,,,,,,,,,,,,,,,,,,,,,,,,,,,,,,,,,,,,,,,0.001989,,
1961-05,,,,,,,,,,,,,,,,,,,,,,,,,,,,,,,,,,,,,,,,,,,0.001907,,
1961-06,,,,,,,,,,,,,,,,,,,,,,,,,,,,,,,,,,,,,,,,,,,0.001902,,
1961-07,,,,,,,,,,,,,,,,,,,,,,,,,,,,,,,,,,,,,,,,,,,0.001945,,
1961-08,,,,,,,,,,,,,,,,,,,,,,,,,,,,,,,,,,,,,,,,,,,0.001864,,
1961-09,,,,,,,,,,,,,,,,,,,,,,,,,,,,,,,,,,,,,,,,,,,0.001993,,
1961-10,,,,,,,,,,,,,,,,,,,,,,,,,,,,,,,,,,,,,,,,,,,0.001902,,
1961-11,,,,,,,,,,,,,,,,,,,,,,,,,,,,,,,,,,,,,,,,,,,0.001915,,
1961-12,,,,,,,,,,,,,,,,,,,,,,,,,,,,,,,,,,,,,,,,,,,0.002063,,
1962-01,,,,,,,,,,,,,,,,,,,,,,,,,,,,,,,,,,,,,,,,,,,0.002169,,
1962-02,,,,,,,,,,,,,,,,,,,,,,,,,,,,,,,,,,,,,,,,,,,0.002266,,
1962-03,,,,,,,,,,,,,,,,,,,,,,,,,,,,,,,,,,,,,,,,,,,0.002277,,
1962-04,,,,,,,,,,,,,,,,,,,,,,,,,,,,,,,,,,,,,,,,,,,0.002269,,
1962-05,,,,,,,,,,,,,,,,,,,,,,,,,,,,,,,,,,,,,,,,,,,0.002275,,
1962-06,,,,,,,,,,,,,,,,,,,,,,,,,,,,,,,,,,,,,,,,,,,0.002238,,
1962-07,,,,,,,,,,,,,,,,,,,,,,,,,,,,,,,,,,,,,,,,,,,0.002273,,
1962-08,,,,,,,,,,,,,,,,,,,,,,,,,,,,,,,,,,,,,,,,,,,0.002435,,
1962-09,,,,,,,,,,,,,,,,,,,,,,,,,,,,,,,,,,,,,,,,,,,0.002353,,
1962-10,,,,,,,,,,,,,,,,,,,,,,,,,,,,,,,,,,,,,,,,,,,0.002313,,
1962-11,,,,,,,,,,,,,,,,,,,,,,,,,,,,,,,,,,,,,,,,,,,0.002284,,
1962-12,,,,,,,,,,,,,,,,,,,,,,,,,,,,,,,,,,,,,,,,,,,0.002359,,
1963-01,,,,,,,,,,,,,,,,,,,,,,,,,,,,,,,,,,,,,,,,,,,0.002388,,
1963-02,,,,,,,,,,,,,,,,,,,,,,,,,,,,,,,,,,,,,,,,,,,0.002423,,
1963-03,,,,,,,,,,,,,,,,,,,,,,,,,,,,,,,,,,,,,,,,,,,0.002434,,
1963-04,,,,,,,,,,,,,,,,,,,,,,,,,,,,,,,,,,,,,,,,,,,0.002411,,
1963-05,,,,,,,,,,,,,,,,,,,,,,,,,,,,,,,,,,,,,,,,,,,0.002415,,
1963-06,,,,,,,,,,,,,,,,,,,,,,,,,,,,,,,,,,,,,,,,,,,0.002438,,
1963-07,,,,,,,,,,,,,,,,,,,,,,,,,,,,,,,,,,,,,,,,,,,0.00249,,
1963-08,,,,,,,,,,,,,,,,,,,,,,,,,,,,,,,,,,,,,,,,,,,0.002647,,
1963-09,,,,,,,,,,,,,,,,,,,,,,,,,,,,,,,,,,,,,,,,,,,0.002769,,
1963-10,,,,,,,,,,,,,,,,,,,,,,,,,,,,,,,,,,,,,,,,,,,0.002814,,
1963-11,,,,,,,,,,,,,,,,,,,,,,,,,,,,,,,,,,,,,,,,,,,0.002875,,
1963-12,,,,,,,,,,,,,,,,,,,,,,,,,,,,,,,,,,,,,,,,,,,0.002933,,
1964-01,,,,,,,,,,,,,,,,,,,,,,,,,,,,,,,,,,,,,,,,,,,0.002933,,
1964-02,,,,,,,,,,,,,,,,,,,,,,,,,,,,,,,,,,,,,,,,,,,0.002936,,
1964-03,,,,,,,,,,,,,,,,,,,,,,,,,,,,,,,,,,,,,,,,,,,0.002942,,
1964-04,,,,,,,,,,,,,,,,,,,,,,,,,,,,,,,,,,,,,,,,,,,0.002953,,
1964-05,,,,,,,,,,,,,,,,,,,,,,,,,,,,,,,,,,,,,,,,,,,0.002893,,
1964-06,,,,,,,,,,,,,,,,,,,,,,,,,,,,,,,,,,,,,,,,,,,0.002896,,
1964-07,,,,,,,,,,,,,,,,,,,,,,,,,,,,,,,,,,,,,,,,,,,0.002896,,
1964-08,,,,,,,,,,,,,,,,,,,,,,,,,,,,,,,,,,,,,,,,,,,0.002884,,
1964-09,,,,,,,,,,,,,,,,,,,,,,,,,,,,,,,,,,,,,,,,,,,0.002914,,
1964-10,,,,,,,,,,,,,,,,,,,,,,,,,,,,,,,,,,,,,,,,,,,0.002943,,
1964-11,,,,,,,,,,,,,,,,,,,,,,,,,,,,,,,,,,,,,,,,,,,0.002977,,
1964-12,,,,,,,,,,,,,,,,,,,,,,,,,,,,,,,,,,,,,,,,,,,0.003036,,
1965-01,,,,,,,,,,,,,,,,,,,,,,,,,,,,,,,,,,,,,,,,,,,0.003196,,
1965-02,,,,,,,,,,,,,,,,,,,,,,,,,,,,,,,,,,,,,,,,,,,0.003172,,
1965-03,,,,,,,,,,,,,,,,,,,,,,,,,,,,,,,,,,,,,,,,,,,0.003275,,
1965-04,,,,,,,,,,,,,,,,,,,,,,,,,,,,,,,,,,,,,,,,,,,0.003275,,
1965-05,,,,,,,,,,,,,,,,,,,,,,,,,,,,,,,,,,,,,,,,,,,0.003272,,
1965-06,,,,,,,,,,,,,,,,,,,,,,,,,,,,,,,,,,,,,,,,,,,0.003242,,
1965-07,,,,,,,,,,,,,,,,,,,,,,,,,,,,,,,,,,,,,,,,,,,0.00317,,
1965-08,,,,,,,,,,,,,,,,,,,,,,,,,,,,,,,,,,,,,,,,,,,0.003196,,
1965-09,,,,,,,,,,,,,,,,,,,,,,,,,,,,,,,,,,,,,,,,,,,0.003202,,
1965-10,,,,,,,,,,,,,,,,,,,,,,,,,,,,,,,,,,,,,,,,,,,0.00327,,
1965-11,,,,,,,,,,,,,,,,,,,,,,,,,,,,,,,,,,,,,,,,,,,0.003355,,
1965-12,,,,,,,,,,,,,,,,,,,,,,,,,,,,,,,,,,,,,,,,,,,0.003407,,
1966-01,,,,,,,,,,,,,,,,,,,,,,,,,,,,,,,,,,,,,,,,,,,0.003652,,
1966-02,,,,,,,,,,,,,,,,,,,,,,,,,,,,,,,,,,,,,,,,,,,0.003822,,
1966-03,,,,,,,,,,,,,,,,,,,,,,,,,,,,,,,,,,,,,,,,,,,0.003876,,
1966-04,,,,,,,,,,,,,,,,,,,,,,,,,,,,,,,,,,,,,,,,,,,0.003822,,
1966-05,,,,,,,,,,,,,,,,,,,,,,,,,,,,,,,,,,,,,,,,,,,0.003848,,
1966-06,,,,,,,,,,,,,,,,,,,,,,,,,,,,,,,,,,,,,,,,,,,0.003864,,
1966-07,,,,,,,,,,,,,,,,,,,,,,,,,,,,,,,,,,,,,,,,,,,0.00375,,
1966-08,,,,,,,,,,,,,,,,,,,,,,,,,,,,,,,,,,,,,,,,,,,0.003998,,
1966-09,,,,,,,,,,,,,,,,,,,,,,,,,,,,,,,,,,,,,,,,,,,0.004133,,
1966-10,,,,,,,,,,,,,,,,,,,,,,,,,,,,,,,,,,,,,,,,,,,0.004473,,
1966-11,,,,,,,,,,,,,,,,,,,,,,,,,,,,,,,,,,,,,,,,,,,0.004455,,
1966-12,,,,,,,,,,,,,,,,,,,,,,,,,,,,,,,,,,,,,,,,,,,0.004433,,
1967-01,,,,,,,,,,,,,,,,,,,,,,,,,,,,,,,,,,,,,,,,,,,0.004137,,
1967-02,,,,,,,,,,,,,,,,,,,,,,,,,,,,,,,,,,,,,,,,,,,0.003933,,
1967-03,,,,,,,,,,,,,,,,,,,,,,,,,,,,,,,,,,,,,,,,,,,0.003801,,
1967-04,,,,,,,,,,,,,,,,,,,,,,,,,,,,,,,,,,,,,,,,,,,0.003549,,
1967-05,,,,,,,,,,,,,,,,,,,,,,,,,,,,,,,,,,,,,,,,,,,0.003198,,
1967-06,,,,,,,,,,,,,,,,,,,,,,,,,,,,,,,,,,,,,,,,,,,0.003003,,
1967-07,,,,,,,,,,,,,,,,,,,,,,,,,,,,,,,,,,,,,,,,,,,0.002947,,
1967-08,,,,,,,,,,,,,,,,,,,,,,,,,,,,,,,,,,,,,,,,,,,0.003505,,
1967-09,,,,,,,,,,,,,,,,,,,,,,,,,,,,,,,,,,,,,,,,,,,0.003555,,
1967-10,,,,,,,,,,,,,,,,,,,,,,,,,,,,,,,,,,,,,,,,,,,0.003687,,
1967-11,,,,,,,,,,,,,,,,,,,,,,,,,,,,,,,,,,,,,,,,,,,0.003798,,
1967-12,,,,,,,,,,,,,,,,,,,,,,,,,,,,,,,,,,,,,,,,,,,0.003939,,
1968-01,,,,,,,,,,,,,,,,,,,,,,,,,,,,,,,,,,,,,,,,,,,0.004141,,
1968-02,,,,,,,,,,,,,,,,,,,,,,,,,,,,,,,,,,,,,,,,,,,0.004163,,
1968-03,,,,,,,,,,,,,,,,,,,,,,,,,,,,,,,,,,,,,,,,,,,0.004149,,
1968-04,,,,,,,,,,,,,,,,,,,,,,,,,,,,,,,,,,,,,,,,,,,0.004305,,
1968-05,,,,,,,,,,,,,,,,,,,,,,,,,,,,,,,,,,,,,,,,,,,0.004481,,
1968-06,,,,,,,,,,,,,,,,,,,,,,,,,,,,,,,,,,,,,,,,,,,0.004713,,
1968-07,,,,,,,,,,,,,,,,,,,,,,,,,,,,,,,,,,,,,,,,,,,0.004605,,
1968-08,,,,,,,,,,,,,,,,,,,,,,,,,,,,,,,,,,,,,,,,,,,0.004429,,
1968-09,,,,,,,,,,,,,,,,,,,,,,,,,,,,,,,,,,,,,,,,,,,0.004233,,
1968-10,,,,,,,,,,,,,,,,,,,,,,,,,,,,,,,,,,,,,,,,,,,0.004329,,
1968-11,,,,,,,,,,,,,,,,,,,,,,,,,,,,,,,,,,,,,,,,,,,0.004455,,
1968-12,,,,,,,,,,,,,,,,,,,,,,,,,,,,,,,,,,,,,,,,,,,0.004545,,
1969-01,,,,,,,,,,,,,,,,,,,,,,,,,,,,,,,,,,,,,,,,,,,0.004977,,
1969-02,,,,,,,,,,,,,,,,,,,,,,,,,,,,,,,,,,,,,,,,,,,0.005117,,
1969-03,,,,,,,,,,,,,,,,,,,,,,,,,,,,,,,,,,,,,,,,,,,0.005105,,
1969-04,,,,,,,,,,,,,,,,,,,,,,,,,,,,,,,,,,,,,,,,,,,0.005014,,
1969-05,,,,,,,,,,,,,,,,,,,,,,,,,,,,,,,,,,,,,,,,,,,0.005095,,
1969-06,,,,,,,,,,,,,,,,,,,,,,,,,,,,,,,,,,,,,,,,,,,0.005035,,
1969-07,,,,,,,,,,,,,,,,,,,,,,,,,,,,,,,,,,,,,,,,,,,0.005366,,
1969-08,,,,,,,,,,,,,,,,,,,,,,,,,,,,,,,,,,,,,,,,,,,0.005834,,
1969-09,,,,,,,,,,,,,,,,,,,,,,,,,,,,,,,,,,,,,,,,,,,0.005818,,
1969-10,,,,,,,,,,,,,,,,,,,,,,,,,,,,,,,,,,,,,,,,,,,0.005908,,
1969-11,,,,,,,,,,,,,,,,,,,,,,,,,,,,,,,,,,,,,,,,,,,0.005832,,
1969-12,,,,,,,,,,,,,,,,,,,,,,,,,,,,,,,,,,,,,,,,,,,0.006034,,
1970-01,,,,,,,,,,,,,,,,,,,,,,,,,,,,,,,,,,,,,,,,,,,0.006514,,
1970-02,,,,,,,,,,,,,,,,,,,,,,,,,,,,,,,,,,,,,,,,,,,0.006557,,
1970-03,,,,,,,,,,,,,,,,,,,,,,,,,,,,,,,,,,,,,,,,,,,0.00594,,
1970-04,,,,,,,,,,,,,,,,,,,,,,,,,,,,,,,,,,,,,,,,,,,0.005522,,
1970-05,,,,,,,,,,,,,,,,,,,,,,,,,,,,,,,,,,,,,,,,,,,0.005427,,
1970-06,,,,,,,,,,,,,,,,,,,,,,,,,,,,,,,,,,,,,,,,,,,0.005698,,
1970-07,,,,,,,,,,,,,,,,,,,,,,,,,,,,,,,,,,,,,,,,,,,0.005564,,
1970-08,,,,,,,,,,,,,,,,,,,,,,,,,,,,,,,,,,,,,,,,,,,0.005375,,
1970-09,,,,,,,,,,,,,,,,,,,,,,,,,,,,,,,,,,,,,,,,,,,0.005342,,
1970-10,,,,,,,,,,,,,,,,,,,,,,,,,,,,,,,,,,,,,,,,,,,0.005104,,
1970-11,,,,,,,,,,,,,,,,,,,,,,,,,,,,,,,,,,,,,,,,,,,0.004922,,
1970-12,,,,,,,,,,,,,,,,,,,,,,,,,,,,,,,,,,,,,,,,,,,0.004402,,
1971-01,,,,,,,,,,,,,,,,,,,,,,,,,,,,,,,,,,,,,,,,,,,0.004055,,
1971-02,,,,,,,,,,,,,,,,,,,,,,,,,,,,,,,,,,,,,,,,,,,0.003696,,
1971-03,,,,,,,,,,,,,,,,,,,,,,,,,,,,,,,,,,,,,,,,,,,0.003079,,
1971-04,,,,,,,,,,,,,,,,,,,,,,,,,,,,,,,,,,,,,,,,,,,0.002814,,
1971-05,,,,,,,,,,,,,,,,,,,,,,,,,,,,,,,,,,,,,,,,,,,0.003218,,
1971-06,,,,,,,,,,,,,,,,,,,,,,,,,,,,,,,,,,,,,,,,,,,0.003452,,
1971-07,,,,,,,,,,,,,,,,,,,,,,,,,,,,,,,,,,,,,,,,,,,0.003961,,
1971-08,,,,,,,,,,,,,,,,,,,,,,,,,,,,,,,,,,,,,,,,,,,0.0045,,
1971-09,,,,,,,,,,,,,,,,,,,,,,,,,,,,,,,,,,,,,,,,,,,0.004113,,
1971-10,,,,,,,,,,,,,,,,,,,,,,,,,,,,,,,,,,,,,,,,,,,0.003909,,
1971-11,,,,,,,,,,,,,,,,,,,,,,,,,,,,,,,,,,,,,,,,,,,0.003717,,
1971-12,,,,,,,,,,,,,,,,,,,,,,,,,,,,,,,,,,,,,,,,,,,0.003515,,
1972-01,,,,,,,,,,,,,,,,,,,,,,,,,,,,,,,,,,,,,,,,,,,0.003341,,
1972-02,,,,,,,,,,,,,,,,,,,,,,,,,,,,,,,,,,,,,,,,,,,0.00282,,
1972-03,,,,,,,,,,,,,,,,,,,,,,,,,,,,,,,,,,,,,,,,,,,0.002664,,
1972-04,,,,,,,,,,,,,,,,,,,,,,,,,,,,,,,,,,,,,,,,,,,0.003108,,
1972-05,,,,,,,,,,,,,,,,,,,,,,,,,,,,,,,,,,,,,,,,,,,0.003088,,
1972-06,,,,,,,,,,,,,,,,,,,,,,,,,,,,,,,,,,,,,,,,,,,0.003073,,
1972-07,,,,,,,,,,,,,,,,,,,,,,,,,,,,,,,,,,,,,,,,,,,0.003261,,
1972-08,,,,,,,,,,,,,,,,,,,,,,,,,,,,,,,,,,,,,,,,,,,0.003319,,
1972-09,,,,,,,,,,,,,,,,,,,,,,,,,,,,,,,,,,,,,,,,,,,0.003349,,
1972-10,,,,,,,,,,,,,,,,,,,,,,,,,,,,,,,,,,,,,,,,,,,0.003884,,
1972-11,,,,,,,,,,,,,,,,,,,,,,,,,,,,,,,,,,,,,,,,,,,0.003949,,
1972-12,,,,,,,,,,,,,,,,,,,,,,,,,,,,,,,,,,,,,,,,,,,0.003983,,
1973-01,,,,,,,,,,,,,,,,,,,,,,,,,,,,,,,,,,,,,,,,,,,0.004224,,
1973-02,,,,,,,,,,,,,,,,,,,,,,,,,,,,,,,,,,,,,,,,,,,0.004494,,
1973-03,,,,,,,,,,,,,,,,,,,,,,,,,,,,,,,,,,,,,,,,,,,0.004666,,
1973-04,,,,,,,,,,,,,,,,,,,,,,,,,,,,,,,,,,,,,,,,,,,0.005078,,
1973-05,,,,,,,,,,,,,,,,,,,,,,,,,,,,,,,,,,,,,,,,,,,0.005219,,
1973-06,,,,,,,,,,,,,,,,,,,,,,,,,,,,,,,,,,,,,,,,,,,0.005298,,
1973-07,,,,,,,,,,,,,,,,,,,,,,,,,,,,,,,,,,,,,,,,,,,0.005988,,
1973-08,,,,,,,,,,,,,,,,,,,,,,,,,,,,,,,,,,,,,,,,,,,0.006675,,
1973-09,,,,,,,,,,,,,,,,,,,,,,,,,,,,,,,,,,,,,,,,,,,0.007228,,
1973-10,,,,,,,,,,,,,,,,,,,,,,,,,,,,,,,,,,,,,,,,,,,0.006904,,
1973-11,,,,,,,,,,,,,,,,,,,,,,,,,,,,,,,,,,,,,,,,,,,0.006015,,
1973-12,,,,,,,,,,,,,,,,,,,,,,,,,,,,,,,,,,,,,,,,,,,0.006527,,
1974-01,,,,,,,,,,,,,,,,,,,,,,,,,,,,,,,,,,,,,,,,,,,0.006211,,
1974-02,,,,,,,,,,,,,,,,,,,,,,,,,,,,,,,,,,,,,,,,,,,0.006475,,
1974-03,,,,,,,,,,,,,,,,,,,,,,,,,,,,,,,,,,,,,,,,,,,0.005936,,
1974-04,,,,,,,,,,,,,,,,,,,,,,,,,,,,,,,,,,,,,,,,,,,0.006635,,
1974-05,,,,,,,,,,,,,,,,,,,,,,,,,,,,,,,,,,,,,,,,,,,0.006946,,
1974-06,,,,,,,,,,,,,,,,,,,,,,,,,,,,,,,,,,,,,,,,,,,0.006855,,
1974-07,,,,,,,,,,,,,,,,,,,,,,,,,,,,,,,,,,,,,,,,,,,0.006585,,
1974-08,,,,,,,,,,,,,,,,,,,,,,,,,,,,,,,,,,,,,,,,,,,0.006289,,
1974-09,,,,,,,,,,,,,,,,,,,,,,,,,,,,,,,,,,,,,,,,,,,0.007465,,
1974-10,,,,,,,,,,,,,,,,,,,,,,,,,,,,,,,,,,,,,,,,,,,0.006718,,
1974-11,,,,,,,,,,,,,,,,,,,,,,,,,,,,,,,,,,,,,,,,,,,0.006217,,
1974-12,,,,,,,,,,,,,,,,,,,,,,,,,,,,,,,,,,,,,,,,,,,0.006229,,
1975-01,,,,,,,,,,,,,,,,,,,,,,,,,,,,,,,,,,,,,,,,,,,0.00596,,
1975-02,,,,,,,,,,,,,,,,,,,,,,,,,,,,,,,,,,,,,,,,,,,0.005214,,
1975-03,,,,,,,,,,,,,,,,,,,,,,,,,,,,,,,,,,,,,,,,,,,0.004583,,
1975-04,,,,,,,,,,,,,,,,,,,,,,,,,,,,,,,,,,,,,,,,,,,0.004578,,
1975-05,,,,,,,,,,,,,,,,,,,,,,,,,,,,,,,,,,,,,,,,,,,0.004676,,
1975-06,,,,,,,,,,,,,,,,,,,,,,,,,,,,,,,,,,,,,,,,,,,0.004356,,
1975-07,,,,,,,,,,,,,,,,,,,,,,,,,,,,,,,,,,,,,,,,,,,0.004452,,
1975-08,,,,,,,,,,,,,,,,,,,,,,,,,,,,,,,,,,,,,,,,,,,0.005111,,
1975-09,,,,,,,,,,,,,,,,,,,,,,,,,,,,,,,,,,,,,,,,,,,0.005368,,
1975-10,,,,,,,,,,,,,,,,,,,,,,,,,,,,,,,,,,,,,,,,,,,0.005349,,
1975-11,,,,,,,,,,,,,,,,,,,,,,,,,,,,,,,,,,,,,,,,,,,0.004964,,
1975-12,,,,,,,,,,,,,,,,,,,,,,,,,,,,,,,,,,,,,,,,,,,0.004563,,
1976-01,,,,,,,,,,,,,,,,,,,,,,,,,,,,,,,,,,,,,,,,,,,0.004536,,
1976-02,,,,,,,,,,,,,,,,,,,,,,,,,,,,,,,,,,,,,,,,,,,0.004057,,
1976-03,,,,,,,,,,,,,,,,,,,,,,,,,,,,,,,,,,,,,,,,,,,0.004068,,
1976-04,,,,,,,,,,,,,,,,,,,,,,,,,,,,,,,,,,,,,,,,,,,0.004167,,
1976-05,,,,,,,,,,,,,,,,,,,,,,,,,,,,,,,,,,,,,,,,,,,0.004047,,
1976-06,,,,,,,,,,,,,,,,,,,,,,,,,,,,,,,,,,,,,,,,,,,0.004336,,
1976-07,,,,,,,,,,,,,,,,,,,,,,,,,,,,,,,,,,,,,,,,,,,0.004506,,
1976-08,,,,,,,,,,,,,,,,,,,,,,,,,,,,,,,,,,,,,,,,,,,0.004358,,
1976-09,,,,,,,,,,,,,,,,,,,,,,,,,,,,,,,,,,,,,,,,,,,0.004286,,
1976-10,,,,,,,,,,,,,,,,,,,,,,,,,,,,,,,,,,,,,,,,,,,0.004236,,
1976-11,,,,,,,,,,,,,,,,,,,,,,,,,,,,,,,,,,,,,,,,,,,0.004099,,
1976-12,,,,,,,,,,,,,,,,,,,,,,,,,,,,,,,,,,,,,,,,,,,0.003961,,
1977-01,,,,,,,,,,,,,,,,,,,,,,,,,,,,,,,,,,,,,,,,,,,0.003622,,
1977-02,,,,,,,,,,,,,,,,,,,,,,,,,,,,,,,,,,,,,,,,,,,0.003848,,
1977-03,,,,,,,,,,,,,,,,,,,,,,,,,,,,,,,,,,,,,,,,,,,0.003888,,
1977-04,,,,,,,,,,,,,,,,,,,,,,,,,,,,,,,,,,,,,,,,,,,0.003836,,
1977-05,,,,,,,,,,,,,,,,,,,,,,,,,,,,,,,,,,,,,,,,,,,0.00378,,
1977-06,,,,,,,,,,,,,,,,,,,,,,,,,,,,,,,,,,,,,,,,,,,0.00413,,
1977-07,,,,,,,,,,,,,,,,,,,,,,,,,,,,,,,,,,,,,,,,,,,0.00418,,
1977-08,,,,,,,,,,,,,,,,,,,,,,,,,,,,,,,,,,,,,,,,,,,0.004321,,
1977-09,,,,,,,,,,,,,,,,,,,,,,,,,,,,,,,,,,,,,,,,,,,0.004576,,
1977-10,,,,,,,,,,,,,,,,,,,,,,,,,,,,,,,,,,,,,,,,,,,0.00484,,
1977-11,,,,,,,,,,,,,,,,,,,,,,,,,,,,,,,,,,,,,,,,,,,0.005133,,
1977-12,,,,,,,,,,,,,,,,,,,,,,,,,,,,,,,,,,,,,,,,,,,0.005087,,
1978-01,,,,,,,,,,,,,,,,,,,,,,,,,,,,,,,,,,,,,,,,,,,0.005054,,
1978-02,,,,,,,,,,,,,,,,,,,,,,,,,,,,,,,,,,,,,,,,,,,0.005367,,
1978-03,,,,,,,,,,,,,,,,,,,,,,,,,,,,,,,,,,,,,,,,,,,0.005371,,
1978-04,,,,,,,,,,,,,,,,,,,,,,,,,,,,,,,,,,,,,,,,,,,0.005245,,
1978-05,,,,,,,,,,,,,,,,,,,,,,,,,,,,,,,,,,,,,,,,,,,0.005238,,
1978-06,,,,,,,,,,,,,,,,,,,,,,,,,,,,,,,,,,,,,,,,,,,0.00534,,
1978-07,,,,,,,,,,,,,,,,,,,,,,,,,,,,,,,,,,,,,,,,,,,0.005612,,
1978-08,,,,,,,,,,,,,,,,,,,,,,,,,,,,,,,,,,,,,,,,,,,0.00584,,
1978-09,,,,,,,,,,,,,,,,,,,,,,,,,,,,,,,,,,,,,,,,,,,0.005898,,
1978-10,,,,,,,,,,,,,,,,,,,,,,,,,,,,,,,,,,,,,,,,,,,0.006538,,
1978-11,,,,,,,,,,,,,,,,,,,,,,,,,,,,,,,,,,,,,,,,,,,0.006659,,
1978-12,,,,,,,,,,,,,,,,,,,,,,,,,,,,,,,,,,,,,,,,,,,0.007203,,
1979-01,,,,,,,,,,,,,,,,,,,,,,,,,,,,,,,,,,,,,,,,,,,0.007564,,
1979-02,,,,,,,,,,,,,,,,,,,,,,,,,,,,,,,,,,,,,,,,,,,0.007791,,
1979-03,,,,,,,,,,,,,,,,,,,,,,,,,,,,,,,,,,,,,,,,,,,0.00777,,
1979-04,,,,,,,,,,,,,,,,,,,,,,,,,,,,,,,,,,,,,,,,,,,0.007898,,
1979-05,,,,,,,,,,,,,,,,,,,,,,,,,,,,,,,,,,,,,,,,,,,0.007884,,
1979-06,,,,,,,,,,,,,,,,,,,,,,,,,,,,,,,,,,,,,,,,,,,0.00801,,
1979-07,,,,,,,,,,,,,,,,,,,,,,,,,,,,,,,,,,,,,,,,,,,0.007546,,
1979-08,,,,,,,,,,,,,,,,,,,,,,,,,,,,,,,,,,,,,,,,,,,0.0077,,
1979-09,,,,,,,,,,,,,,,,,,,,,,,,,,,,,,,,,,,,,,,,,,,0.007934,,
1979-10,,,,,,,,,,,,,,,,,,,,,,,,,,,,,,,,,,,,,,,,,,,0.008553,,
1979-11,,,,,,,,,,,,,,,,,,,,,,,,,,,,,,,,,,,,,,,,,,,0.009751,,
1979-12,,,,,,,,,,,,,,,,,,,,,,,,,,,,,,,,,,,,,,,,,,,0.009827,,
1980-01,,,,,,,,,,,,,,,,,,,,,,,,,,,,,,,,,,,,,,,,,,,0.01003,,
1980-02,,,,,,,,,,,,,,,,,,,,,,,,,,,,,,,,,,,,,,,,,,,0.009998,,
1980-03,,,,,,,,,,,,,,,,,,,,,,,,,,,,,,,,,,,,,,,,,,,0.010714,,
1980-04,,,,,,,,,,,,,,,,,,,,,,,,,,,,,,,,,,,,,,,,,,,0.012667,,
1980-05,,,,,,,,,,,,,,,,,,,,,,,,,,,,,,,,,,,,,,,,,,,0.011003,,
1980-06,,,,,,,,,,,,,,,,,,,,,,,,,,,,,,,,,,,,,,,,,,,0.007148,,
1980-07,,,,,,,,,,,,,,,,,,,,,,,,,,,,,,,,,,,,,,,,,,,0.005895,,
1980-08,,,,,,,,,,,,,,,,,,,,,,,,,,,,,,,,,,,,,,,,,,,0.006714,,
1980-09,,,,,,,,,,,,,,,,,,,,,,,,,,,,,,,,,,,,,,,,,,,0.007608,,
1980-10,,,,,,,,,,,,,,,,,,,,,,,,,,,,,,,,,,,,,,,,,,,0.00856,,
1980-11,,,,,,,,,,,,,,,,,,,,,,,,,,,,,,,,,,,,,,,,,,,0.009684,,
1980-12,,,,,,,,,,,,,,,,,,,,,,,,,,,,,,,,,,,,,,,,,,,0.01144,,
1981-01,,,,,,,,,,,,,,,,,,,,,,,,,,,,,,,,,,,,,,,,,,,0.012912,,
1981-02,,,,,,,,,,,,,,,,,,,,,,,,,,,,,,,,,,,,,,,,,,,0.012518,,
1981-03,,,,,,,,,,,,,,,,,,,,,,,,,,,,,,,,,,,,,,,,,,,0.012323,,
1981-04,,,,,,,,,,,,,,,,,,,,,,,,,,,,,,,,,,,,,,,,,,,0.011132,,
1981-05,,,,,,,,,,,,,,,,,,,,,,,,,,,,,,,,,,,,,,,,,,,0.01141,,
1981-06,,,,,,,,,,,,,,,,,,,,,,,,,,,,,,,,,,,,,,,,,,,0.013587,,
1981-07,,,,,,,,,,,,,,,,,,,,,,,,,,,,,,,,,,,,,,,,,,,0.012278,,
1981-08,,,,,,,,,,,,,,,,,,,,,,,,,,,,,,,,,,,,,,,,,,,0.012455,,
1981-09,,,,,,,,,,,,,,,,,,,,,,,,,,,,,,,,,,,,,,,,,,,0.012922,,
1981-10,,,,,,,,,,,,,,,,,,,,,,,,,,,,,,,,,,,,,,,,,,,0.012254,,
1981-11,,,,,,,,,,,,,,,,,,,,,,,,,,,,,,,,,,,,,,,,,,,0.011286,,
1981-12,,,,,,,,,,,,,,,,,,,,,,,,,,,,,,,,,,,,,,,,,,,0.009048,,
1982-01,,,,,,,,,,,,,,,,,,,,,,,,,,,,,,,,,,,,,,,,,,,0.009038,,
1982-02,,,,,,,,,,,,,,,,,,,,,,,,,,,,,,,,,,,,,,,,,,,0.01023,,
1982-03,,,,,,,,,,,,,,,,,,,,,,,,,,,,,,,,,,,,,,,,,,,0.011234,,
1982-04,,,,,,,,,,,,,,,,,,,,,,,,,,,,,,,,,,,,,,,,,,,0.010565,,
1982-05,,,,,,,,,,,,,,,,,,,,,,,,,,,,,,,,,,,,,,,,,,,0.010586,,
1982-06,,,,,,,,,,,,,,,,,,,,,,,,,,,,,,,,,,,,,,,,,,,0.010073,,
1982-07,,,,,,,,,,,,,,,,,,,,,,,,,,,,,,,,,,,,,,,,,,,0.010388,,
1982-08,,,,,,,,,,,,,,,,,,,,,,,,,,,,,,,,,,,,,,,,,,,0.009458,,
1982-09,,,,,,,,,,,,,,,,,,,,,,,,,,,,,,,,,,,,,,,,,,,0.007233,,
1982-10,,,,,,,,,,,,,,,,,,,,,,,,,,,,,,,,,,,,,,,,,,,0.0066,,
1982-11,,,,,,,,,,,,,,,,,,,,,,,,,,,,,,,,,,,,,,,,,,,0.006425,,
1982-12,,,,,,,,,,,,,,,,,,,,,,,,,,,,,,,,,,,,,,,,,,,0.006722,,
1983-01,,,,,,,,,,,,,,,,,,,,,,,,,,,,,,,,,,,,,,,,,,,0.006614,,
1983-02,,,,,,,,,,,,,,,,,,,,,,,,,,,,,,,,,,,,,,,,,,,0.006547,,
1983-03,,,,,,,,,,,,,,,,,,,,,,,,,,,,,,,,,,,,,,,,,,,0.006761,,
1983-04,,,,,,,,,,,,,,,,,,,,,,,,,,,,,,,,,,,,,,,,,,,0.006957,,
1983-05,,,,,,,,,,,,,,,,,,,,,,,,,,,,,,,,,,,,,,,,,,,0.006843,,
1983-06,,,,,,,,,,,,,,,,,,,,,,,,,,,,,,,,,,,,,,,,,,,0.006827,,
1983-07,,,,,,,,,,,,,,,,,,,,,,,,,,,,,,,,,,,,,,,,,,,0.007327,,
1983-08,,,,,,,,,,,,,,,,,,,,,,,,,,,,,,,,,,,,,,,,,,,0.007567,,
1983-09,,,,,,,,,,,,,,,,,,,,,,,,,,,,,,,,,,,,,,,,,,,0.007786,,
1983-10,,,,,,,,,,,,,,,,,,,,,,,,,,,,,,,,,,,,,,,,,,,0.007496,,
1983-11,,,,,,,,,,,,,,,,,,,,,,,,,,,,,,,,,,,,,,,,,,,0.007196,,
1983-12,,,,,,,,,,,,,,,,,,,,,,,,,,,,,,,,,,,,,,,,,,,0.007304,,
1984-01,,,,,,,,,,,,,,,,,,,,,,,,,,,,,,,,,,,,,,,,,,,0.007497,,
1984-02,,,,,,,,,,,,,,,,,,,,,,,,,,,,,,,,,,,,,,,,,,,0.007419,,
1984-03,,,,,,,,,,,,,,,,,,,,,,,,,,,,,,,,,,,,,,,,,,,0.007573,,
1984-04,,,,,,,,,,,,,,,,,,,,,,,,,,,,,,,,,,,,,,,,,,,0.007931,,
1984-05,,,,,,,,,,,,,,,,,,,,,,,,,,,,,,,,,,,,,,,,,,,0.008078,,
1984-06,,,,,,,,,,,,,,,,,,,,,,,,,,,,,,,,,,,,,,,,,,,0.008195,,
1984-07,,,,,,,,,,,,,,,,,,,,,,,,,,,,,,,,,,,,,,,,,,,0.008223,,
1984-08,,,,,,,,,,,,,,,,,,,,,,,,,,,,,,,,,,,,,,,,,,,0.008429,,
1984-09,,,,,,,,,,,,,,,,,,,,,,,,,,,,,,,,,,,,,,,,,,,0.008722,,
1984-10,,,,,,,,,,,,,,,,,,,,,,,,,,,,,,,,,,,,,,,,,,,0.008649,,
1984-11,,,,,,,,,,,,,,,,,,,,,,,,,,,,,,,,,,,,,,,,,,,0.008114,,
1984-12,,,,,,,,,,,,,,,,,,,,,,,,,,,,,,,,,,,,,,,,,,,0.007174,,
1985-01,,,,,,,,,,,,,,,,,,,,,,,,,,,,,,,,,,,,,,,,,,,0.006714,,
1985-02,,,,,,,,,,,,,,,,,,,,,,,,,,,,,,,,,,,,,,,,,,,0.006463,,
1985-03,,,,,,,,,,,,,,,,,,,,,,,,,,,,,,,,,,,,,,,,,,,0.006887,,
1985-04,,,,,,,,,,,,,,,,,,,,,,,,,,,,,,,,,,,,,,,,,,,0.007097,,
1985-05,,,,,,,,,,,,,,,,,,,,,,,,,,,,,,,,,,,,,,,,,,,0.006622,,
1985-06,,,,,,,,,,,,,,,,,,,,,,,,,,,,,,,,,,,,,,,,,,,0.006233,,
1985-07,,,,,,,,,,,,,,,,,,,,,,,,,,,,,,,,,,,,,,,,,,,0.005795,,
1985-08,,,,,,,,,,,,,,,,,,,,,,,,,,,,,,,,,,,,,,,,,,,0.005902,,
1985-09,,,,,,,,,,,,,,,,,,,,,,,,,,,,,,,,,,,,,,,,,,,0.005946,,
1985-10,,,,,,,,,,,,,,,,,,,,,,,,,,,,,,,,,,,,,,,,,,,0.005916,,
1985-11,,,,,,,,,,,,,,,,,,,,,,,,,,,,,,,,,,,,,,,,,,,0.005968,,
1985-12,,,,,,,,,,,,,,,,,,,,,,,,,,,,,,,,,,,,,,,,,,,0.006031,,
1986-01,,,,,,,,,,,,,,,,,,,,,,,,,,,,,,,,,,,,,,,,,,,0.005916,,
1986-02,,,,,,,,,,,,,,,,,,,,,,,,,,,,,,,,,,,,,,,,,,,0.005895,,
1986-03,,,,,,,,,,,,,,,,,,,,,,,,,,,,,,,,,,,,,,,,,,,0.005887,,
1986-04,,,,,,,,,,,,,,,,,,,,,,,,,,,,,,,,,,,,,,,,,,,0.005467,,
1986-05,,,,,,,,,,,,,,,,,,,,,,,,,,,,,,,,,,,,,,,,,,,0.005047,,
1986-06,,,,,,,,,,,,,,,,,,,,,,,,,,,,,,,,,,,,,,,,,,,0.005125,,
1986-07,,,,,,,,,,,,,,,,,,,,,,,,,,,,,,,,,,,,,,,,,,,0.005174,,
1986-08,,,,,,,,,,,,,,,,,,,,,,,,,,,,,,,,,,,,,,,,,,,0.004857,,
1986-09,,,,,,,,,,,,,,,,,,,,,,,,,,,,,,,,,,,,,,,,,,,0.004606,,
1986-10,,,,,,,,,,,,,,,,,,,,,,,,,,,,,,,,,,,,,,,,,,,0.004341,,
1986-11,,,,,,,,,,,,,,,,,,,,,,,,,,,,,,,,,,,,,,,,,,,0.004316,,
1986-12,,,,,,,,,,,,,,,,,,,,,,,,,,,,,,,,,,,,,,,,,,,0.004458,,
1987-01,,,,,,,,,,,,,,,,,,,,,,,,,,,,,,,,,,,,,,,,,,,0.004607,,
1987-02,,,,,,,,,,,,,,,,,,,,,,,,,,,,,,,,,,,,,,,,,,,0.004522,,
1987-03,,,,,,,,,,,,,,,,,,,,,,,,,,,,,,,,,,,,,,,,,,,0.004661,,
1987-04,,,,,,,,,,,,,,,,,,,,,,,,,,,,,,,,,,,,,,,,,,,0.00466,,
1987-05,,,,,,,,,,,,,,,,,,,,,,,,,,,,,,,,,,,,,,,,,,,0.004697,,
1987-06,,,,,,,,,,,,,,,,,,,,,,,,,,,,,,,,,,,,,,,,,,,0.004717,,
1987-07,,,,,,,,,,,,,,,,,,,,,,,,,,,,,,,,,,,,,,,,,,,0.004723,,
1987-08,,,,,,,,,,,,,,,,,,,,,,,,,,,,,,,,,,,,,,,,,,,0.004744,,
1987-09,,,,,,,,,,,,,,,,,,,,,,,,,,,,,,,,,,,,,,,,,,,0.00503,,
1987-10,,,,,,,,,,,,,,,,,,,,,,,,,,,,,,,,,,,,,,,,,,,0.005332,,
1987-11,,,,,,,,,,,,,,,,,,,,,,,,,,,,,,,,,,,,,,,,,,,0.005111,,
1987-12,,,,,,,,,,,,,,,,,,,,,,,,,,,,,,,,,,,,,,,,,,,0.004746,,
1988-01,,,,,,,,,,,,,,,,,,,,,,,,,,,,,,,,,,,,,,,,,,,0.004806,,
1988-02,,,,,,,,,,,,,,,,,,,,,,,,,,,,,,,,,,,,,,,,,,,0.004845,,
1988-03,,,,,,,,,,,,,,,,,,,,,,,,,,,,,,,,,,,,,,,,,,,0.004717,,
1988-04,,,,,,,,,,,,,,,,,,,,,,,,,,,,,,,,,,,,,,,,,,,0.004753,,
1988-05,,,,,,,,,,,,,,,,,,,,,,,,,,,,,,,,,,,,,,,,,,,0.004922,,
1988-06,,,,,,,,,,,,,,,,,,,,,,,,,,,,,,,,,,,,,,,,,,,0.005214,,
1988-07,,,,,,,,,,,,,,,,,,,,,,,,,,,,,,,,,,,,,,,,,,,0.005383,,
1988-08,,,,,,,,,,,,,,,,,,,,,,,,,,,,,,,,,,,,,,,,,,,0.005607,,
1988-09,,,,,,,,,,,,,,,,,,,,,,,,,,,,,,,,,,,,,,,,,,,0.005886,,
1988-10,,,,,,,,,,,,,,,,,,,,,,,,,,,,,,,,,,,,,,,,,,,0.006033,,
1988-11,,,,,,,,,,,,,,,,,,,,,,,,,,,,,,,,,,,,,,,,,,,0.006124,,
1988-12,,,,,,,,,,,,,,,,,,,,,,,,,,,,,,,,,,,,,,,,,,,0.006467,,
1989-01,,,,,,,,,,,,,,,,,,,,,,,,,,,,,,,,,,,,,,,,,,,0.006723,,
1989-02,,,,,,,,,,,,,,,,,,,,,,,,,,,,,,,,,,,,,,,,,,,0.006888,,
1989-03,,,,,,,,,,,,,,,,,,,,,,,,,,,,,,,,,,,,,,,,,,,0.007109,,
1989-04,,,,,,,,,,,,,,,,,,,,,,,,,,,,,,,,,,,,,,,,,,,0.007346,,
1989-05,,,,,,,,,,,,,,,,,,,,,,,,,,,,,,,,,,,,,,,,,,,0.007206,,
1989-06,,,,,,,,,,,,,,,,,,,,,,,,,,,,,,,,,,,,,,,,,,,0.007028,,
1989-07,,,,,,,,,,,,,,,,,,,,,,,,,,,,,,,,,,,,,,,,,,,0.006793,,
1989-08,,,,,,,,,,,,,,,,,,,,,,,,,,,,,,,,,,,,,,,,,,,0.006569,,
1989-09,,,,,,,,,,,,,,,,,,,,,,,,,,,,,,,,,,,,,,,,,,,0.006583,,
1989-10,,,,,,,,,,,,,,,,,,,,,,,,,,,,,,,,,,,,,,,,,,,0.006459,,
1989-11,,,,,,,,,,,,,,,,,,,,,,,,,,,,,,,,,,,,,,,,,,,0.006366,,
1989-12,,,,,,,,,,,,,,,,,,,,,,,,,,,,,,,,,,,,,,,,,,,0.006406,,
1990-01,,,,,,,,,,,,,,,,,,,,,,,,,,,,,,,,,,,,,,,,,,,0.006358,,
1990-02,,,,,,,,,,,,,,,,,,,,,,,,,,,,,,,,,,,,,,,,,,,0.006367,,
1990-03,,,,,,,,,,,,,,,,,,,,,,,,,,,,,,,,,,,,,,,,,,,0.00645,,
1990-04,,,,,,,,,,,,,,,,,,,,,,,,,,,,,,,,,,,,,,,,,,,0.006583,,
1990-05,,,,,,,,,,,,,,,,,,,,,,,,,,,,,,,,,,,,,,,,,,,0.006475,,
1990-06,,,,,,,,,,,,,,,,,,,,,,,,,,,,,,,,,,,,,,,,,,,0.00645,,
1990-07,,,,,,,,,,,,,,,,,,,,,,,,,,,,,,,,,,,,,,,,,,,0.006442,,
1990-08,,,,,,,,,,,,,,,,,,,,,,,,,,,,,,,,,,,,,,,,,,,0.00635,,
1990-09,,,,,,,,,,,,,,,,,,,,,,,,,,,,,,,,,,,,,,,,,,,0.006208,,
1990-10,,,,,,,,,,,,,,,,,,,,,,,,,,,,,,,,,,,,,,,,,,,0.006133,,
1990-11,,,,,,,,,,,,,,,,,,,,,,,,,,,,,,,,,,,,,,,,,,,0.005975,,
1990-12,,,,,,,,,,,,,,,,,,,,,,,,,,,,,,,,,,,,,,,,,,,0.005883,,
1991-01,,,,,,,,,,,,,,,,,,,,,,,,,,,,,,,,,,,,,,,,,,,0.005617,,
1991-02,,,,,,,,,,,,,,,,,,,,,,,,,,,,,,,,,,,,,,,,,,,0.005183,,
1991-03,,,,,,,,,,,,,,,,,,,,,,,,,,,,,,,,,,,,,,,,,,,0.00495,,
1991-04,,,,,,,,,,,,,,,,,,,,,,,,,,,,,,,,,,,,,,,,,,,0.004925,,
1991-05,,,,,,,,,,,,,,,,,,,,,,,,,,,,,,,,,,,,,,,,,,,0.004708,,
1991-06,,,,,,,,,,,,,,,,,,,,,,,,,,,,,,,,,,,,,,,,,,,0.00455,,
1991-07,,,,,,,,,,,,,,,,,,,,,,,,,,,,,,,,,,,,,,,,,,,0.004642,,
1991-08,,,,,,,,,,,,,,,,,,,,,,,,,,,,,,,,,,,,,,,,,,,0.00465,,
1991-09,,,,,,,,,,,,,,,,,,,,,,,,,,,,,,,,,,,,,,,,,,,0.004442,,
1991-10,,,,,,,,,,,,,,,,,,,,,,,,,,,,,,,,,,,,,,,,,,,0.00435,,
1991-11,,,,,,,,,,,,,,,,,,,,,,,,,,,,,,,,,,,,,,,,,,,0.004158,,
1991-12,,,,,,,,,,,,,,,,,,,,,,,,,,,,,,,,,,,,,,,,,,,0.0038,,
1992-01,,,,,,,,,,,,,,,,,,,,,,,,,,,,,,,,,,,,,,,,,,,0.003392,,
1992-02,,,,,,,,,,,,,,,,,,,,,,,,,,,,,,,,,,,,,,,,,,,0.003167,,
1992-03,,,,,,,,,,,,,,,,,,,,,,,,,,,,,,,,,,,,,,,,,,,0.0032,,
1992-04,,,,,,,,,,,,,,,,,,,,,,,,,,,,,,,,,,,,,,,,,,,0.003367,,
1992-05,,,,,,,,,,,,,,,,,,,,,,,,,,,,,,,,,,,,,,,,,,,0.003125,,
1992-06,,,,,,,,,,,,,,,,,,,,,,,,,,,,,,,,,,,,,,,,,,,0.003025,,
1992-07,,,,,,,,,,,,,,,,,,,,,,,,,,,,,,,,,,,,,,,,,,,0.00305,,
1992-08,,,,,,,,,,,,,,,,,,,,,,,,,,,,,,,,,,,,,,,,,,,0.002675,,
1992-09,,,,,,,,,,,,,,,,,,,,,,,,,,,,,,,,,,,,,,,,,,,0.002608,,
1992-10,,,,,,,,,,,,,,,,,,,,,,,,,,,,,,,,,,,,,,,,,,,0.002425,,
1992-11,,,,,,,,,,,,,,,,,,,,,,,,,,,,,,,,,,,,,,,,,,,0.002383,,
1992-12,,,,,,,,,,,,,,,,,,,,,,,,,,,,,,,,,,,,,,,,,,,0.002608,,
1993-01,,,,,,,,,,,,,,,,,,,,,,,,,,,,,,,,,,,,,,,,,,,0.002683,,
1993-02,,0.010668,,,,,,,,,,,,,,,,,,,,,,,,,,,,,,,,,,,,,,,,,0.0025,,
1993-03,,0.022399,,,,,,,,,,,,,,,,,,,,,,,,,,,,,,,,,,,,,,,,,0.002442,,
1993-04,,-0.025588,,,,,,,,,,,,,,,,,,,,,,,,,,,,,,,,,,,,,,,,,0.002458,,
1993-05,,0.02697,,,,,,,,,,,,,,,,,,,,,,,,,,,,,,,,,,,,,,,,,0.002392,,
1993-06,,0.003607,,,,,,,,,,,,,,,,,,,,,,,,,,,,,,,,,,,,,,,,,0.002467,,
1993-07,,-0.004854,,,,,,,,,,,,,,,,,,,,,,,,,,,,,,,,,,,,,,,,,0.002558,,
1993-08,,0.038328,,,,,,,,,,,,,,,,,,,,,,,,,,,,,,,,,,,,,,,,,0.002533,,
1993-09,,-0.007276,,,,,,,,,,,,,,,,,,,,,,,,,,,,,,,,,,,,,,,,,0.002517,,
1993-10,,0.019728,,,,,,,,,,,,,,,,,,,,,,,,,,,,,,,,,,,,,,,,,0.002458,,
1993-11,,-0.010674,,,,,,,,,,,,,,,,,,,,,,,,,,,,,,,,,,,,,,,,,0.002517,,
1993-12,,0.012278,,,,,,,,,,,,,,,,,,,,,,,,,,,,,,,,,,,,,,,,,0.002583,,
1994-01,,0.034876,,,,,,,,,,,,,,,,,,,,,,,,,,,,,,,,,,,,,,,,,0.00255,,
1994-02,,-0.029164,,,,,,,,,,,,,,,,,,,,,,,,,,,,,,,,,,,,,,,,,0.002483,,
1994-03,,-0.041902,,,,,,,,,,,,,,,,,,,,,,,,,,,,,,,,,,,,,,,,,0.002708,,
1994-04,,0.011213,,,,,,,,,,,,,,,,,,,,,,,,,,,,,,,,,,,,,,,,,0.002917,,
1994-05,,0.015939,,,,,,,,,,,,,,,,,,,,,,,,,,,,,,,,,,,,,,,,,0.003067,,
1994-06,,-0.022914,,,,,,,,,,,,,,,,,,,,,,,,,,,,,,,,,,,,,,,,,0.00345,,
1994-07,,0.032326,,,,,,,,,,,,,,,,,,,,,,,,,,,,,,,,,,,,,,,,,0.00345,,
1994-08,,0.038121,,,,,,,,,,,,,,,,,,,,,,,,,,,,,,,,,,,,,,,,,0.003608,,
1994-09,,-0.025254,,,,,,,,,,,,,,,,,,,,,,,,,,,,,,,,,,,,,,,,,0.003733,,
1994-10,,0.028426,,,,,,,,,,,,,,,,,,,,,,,,,,,,,,,,,,,,,,,,,0.00385,,
1994-11,,-0.039816,,,,,,,,,,,,,,,,,,,,,,,,,,,,,,,,,,,,,,,,,0.004125,,
1994-12,,0.007283,,,,,,,,,,,,,,,,,,,,,,,,,,,,,,,,,,,,,,,,,0.004408,,
1995-01,,0.033608,,,,,,,,,,,,,,,,,,,,,,,,,,,,,,,,,,,,,,,,,0.004667,,
1995-02,,0.04081,,,,,,,,,,,,,,,,,,,,,,,,,,,,,,,,,,,,,,,,,0.004758,,
1995-03,,0.027848,,,,,,,,,,,,,,,,,,,,,,,,,,,,,,,,,,,,,,,,,0.004808,,
1995-04,,0.029622,,,,,,,,,,,,,,,,,,,,,,,,,,,,,,,,,,,,,,,,,0.004775,,
1995-05,,0.039673,,,,,,,,,,,,,,,,,,,,,,,,,,,,,,,,,,,,,,,,,0.004708,,
1995-06,,0.02023,,,,,,,,,,,,,,,,,,,,,,,,,,,,,,,,,,,,,,,,,0.004725,,
1995-07,,0.032166,,,,,,,,,,,,,,,,,,,,,,,,,,,,,,,,,,,,,,,,,0.004558,,
1995-08,,0.004451,,,,,,,,,,,,,,,,,,,,,,,,,,,,,,,,,,,,,,,,,0.004517,,
1995-09,,0.042377,,,,,,,,,,,,,,,,,,,,,,,,,,,,,,,,,,,,,,,,,0.0045,,
1995-10,,-0.00294,,,,,,,,,,,,,,,,,,,,,,,,,,,,,,,,,,,,,,,,,0.0044,,
1995-11,,0.04448,,,,,,,,,,,,,,,,,,,,,,,,,,,,,,,,,,,,,,,,,0.0044,,
1995-12,,0.015733,,,,,,,,,,,,,,,,,,,,,,,,,,,,,,,,,,,,,,,,,0.004467,,
1996-01,,0.035578,,,,,,,,,,,,,,,,,,,,,,,,,,,,,,,,,,,,,,,,,0.004283,,
1996-02,,0.003191,,,,,,,,,,,,,,,,,,,,,,,,,,,,,,,,,,,,,,,,,0.004167,,
1996-03,,0.017217,,,,,,,,,,,,,,,,,,,,,,,,,,,,,,,,,,,,,,,,,0.004025,,
1996-04,,0.010869,,,,,,,,,,0.047808,,,,,,,,,,,,,,,,,,,,,,,,,,,,,,,0.004133,,
1996-05,,0.0227,,,,,,,,,,-0.045627,,,,,,,,,,,,,,,,,,,,,,,,,,,,,,,0.004125,,
1996-06,,0.008822,,,,,,,,,,0.011952,,,,,,,,,,,,,,,,,,,,,,,,,,,,,,,0.004183,,
1996-07,,-0.044936,,,,,,,,,,-0.047244,,,,,,,,,,,,,,,,,,,,,,,,,,,,,,,0.004242,,
1996-08,,0.019259,,,,,,,,,,-0.053719,,,,,,,,,,,,,,,,,,,,,,,,,,,,,,,0.004292,,
1996-09,,0.055872,,,,,,,,,,0.034935,,,,,,,,,,,,,,,,,,,,,,,,,,,,,,,0.004208,,
1996-10,,0.032332,,,,,,,,,,-0.067511,,,,,,,,,,,,,,,,,,,,,,,,,,,,,,,0.004242,,
1996-11,,0.073004,,,,,,,,,,0.022625,,,,,,,,,,,,,,,,,,,,,,,,,,,,,,,0.004158,,
1996-12,,-0.023798,,,,,,,,,,-0.075222,,,,,,,,,,,,,,,,,,,,,,,,,,,,,,,0.004192,,
1997-01,,0.061786,,,,,,,,,,-0.100479,,,,,,,,,,,,,,,,,,,,,,,,,,,,,,,0.004092,,
1997-02,,0.009566,,,,,,,,,,0.021277,,,,,,,,,,,,,,,,,,,,,,,,,,,,,,,0.004192,,
1997-03,,-0.044123,,,,,,,,,,-0.041667,,,,,,,,,,,,,,,,,,,,,,,,,,,,,,,0.004175,,
1997-04,,0.062604,,,,,,,,,,0.059783,,,,,,,,,,,,,,,,,,,,,,,,,,,,,,,0.004283,,
1997-05,,0.063208,,,,,,,,,,0.097436,,,,,,,,,,,,,,,,,,,,,,,,,,,,,,,0.0043,,
1997-06,,0.041102,,,,,,,,,,0.056075,,,,,,,,,,,,,,,,,,,,,,,,,,,,,,,0.004208,,
1997-07,,0.079264,,,,,,,,,,-0.013274,,,,,,,,,,,,,,,,,,,,,,,,,,,,,,,0.004108,,
1997-08,,-0.051803,,,,,,,,,,-0.098308,,,,,,,,,,,,,,,,,,,,,,,,,,,,,,,0.004208,,
1997-09,,0.04809,,,,,,,,,,-0.00995,,,,,,,,,,,,,,,,,,,,,,,,,,,,,,,0.004283,,
1997-10,,-0.024503,,,,,,,,,,-0.095478,,,,,,,,,,,,,,,,,,,,,,,,,,,,,,,0.004125,,
1997-11,,0.038696,,,,,,,,,,-0.066667,,,,,,,,,,,,,,,,,,,,,,,,,,,,,,,0.004142,,
1997-12,,0.019072,,,,,,,,,,-0.059427,,,,,,,,,,,,,,,,,,,,,,,,,,,,,,,0.004283,,
1998-01,,0.012878,,,,,,,,,,0.120253,,,,,,,,,,,,,,,,,,,,,,,,,,,,,,,0.0043,,
1998-02,,0.069294,,,,,,,,,,0.011299,,,,,,,,,,,,,,,,,,,,,,,,,,,,,,,0.0042,,
1998-03,,0.048784,,,,,,,,,,-0.111732,,,,,,,,,,,,,,,,,,,,,,,,,,,,,,,0.004242,,
1998-04,,0.012792,,,,,,,,,,0.037736,,,,,,,,,,,,,,,,,,,,,,,,,,,,,,,0.004192,,
1998-05,,-0.020769,,,,,,,,,,-0.060606,,,,,,,,,,,,,,,,,,,,,,,,,,,,,,,0.004125,,
1998-06,,0.042573,,,,,,,,,,0.012903,,,,,,,,,,,,,,,,,,,,,,,,,,,,,,,0.004167,,
1998-07,,-0.013513,,,,,,,,,,-0.038216,,,,,,,,,,,,,,,,,,,,,,,,,,,,,,,0.00415,,
1998-08,,-0.14118,,,,,,,,,,-0.164497,,,,,,,,,,,,,,,,,,,,,,,,,,,,,,,0.004133,,
1998-09,,0.06364,,,,,,,,,,0.015873,,,,,,,,,,,,,,,,,,,,,,,,,,,,,,,0.004083,,
1998-10,,0.081081,,,,,,,,,,0.210937,,,,,,,,,,,,,,,,,,,,,,,,,,,,,,,0.003842,,
1998-11,,0.055682,,,,,,,,,,0.032258,,,,,,,,,,,,,,,,,,,,,,,,,,,,,,,0.0033,,
1998-12,,0.065423,,,,,,,,,,0.025995,,,,,,,,,,,,,,,,,,,,,,,,,,,,,,,0.003675,,
1999-01,,0.035225,,,,,,,,,,0.024391,,,,,,,,,,,,,,,,,,,,,,-0.037063,-0.065596,0.017333,-0.010814,0.159004,-0.013234,-0.024806,0.048077,0.051436,0.003658,,0.00203
1999-02,,-0.032068,,,,,,,,,,-0.035714,,,,,,,,,,,,,,,,,,,,,,0.015544,-0.008595,0.015728,0.009003,-0.099173,-0.010495,-0.027557,0.001147,-0.006257,0.003617,-0.03215,0.001667
1999-03,,0.041468,,,,,,,,,,0.135802,,,,,,,,,,,,,,,,,,,,,,0.017989,0.141371,0.03241,0.021005,0.074311,-0.001185,-0.063087,0.026346,0.048648,0.0037,-0.02505,0.001667
1999-04,,0.037974,,,0.023824,,,,,,,0.043478,,,,,,,,,,,,,,,,,,,,,,0.247126,0.148031,0.070176,0.150375,0.005978,-0.03487,0.096605,0.035714,0.026229,0.0037,-0.013498,0.001361
1999-05,,-0.022866,,,-0.031414,,,,,,,-0.057291,,,,,,,,,,,,,,,,,,,,,,-0.091014,-0.021583,-0.060305,-0.019608,0.003395,-0.01041,0.011745,-0.030712,-0.04526,0.003575,-0.013306,0.00125
1999-06,,0.055378,,,0.107508,,,,,,,0.104972,,,,,,,,,,,,,,,,,,,,,,0.057788,0.020414,0.043386,0.061352,0.096023,0.017659,0.041177,0.043913,0.064454,0.00375,-0.012242,0.00125
1999-07,,-0.031022,,,-0.017896,,,,,,,0.075,,,,,,,,,,,,,,,,,,,,,,-0.011418,0.018941,-0.061077,-0.036687,-0.011578,-0.03724,0.003059,-0.029819,-0.074502,0.003808,0.035438,0.00125
1999-08,,-0.005179,,,0.054666,,,,,,,-0.001083,,,,,,,,,,,,,,,,,,,,,,-0.044985,0.010935,-0.044005,0.008162,0.035143,0.017121,-0.047788,-0.045005,-0.038549,0.003792,-0.011315,0.00125
1999-09,,-0.022337,,,0.008378,,,,,,,0.042056,,,,,,,,,,,,,,,,,,,,,,-0.031362,-0.045991,-0.052211,-0.005158,-0.00415,-0.090212,0.025432,-0.013793,-0.014515,0.003933,0.008701,0.00125
1999-10,,0.064078,,,0.092419,,,,,,,0.06278,,,,,,,,,,,,,,,,,,,,,,0.023732,-0.014806,0.155368,-0.021739,0.030303,0.091346,0.005247,0.050699,0.088675,0.0039,-0.019878,0.00125
1999-11,,0.016652,,,0.11787,,,,,,,0.029536,,,,,,,,,,,,,,,,,,,,,,-0.014166,-0.001735,-0.04401,-0.022223,0.098162,0.003147,-0.032881,0.011647,0.000551,0.00405,-0.034057,0.001611
1999-12,,0.057109,,,0.243198,,,,,,,0.07738,,,,,,,,,,,,,,,,,,,,,,0.115711,0.007014,-0.023924,0.08097,0.154358,-0.07258,-0.021864,0.090225,0.094879,0.004225,-0.005051,0.001667
2000-01,,-0.049787,,,-0.018468,,,,,,,-0.057471,,,,,,,,,,,,,,,,,,,,,,-0.122281,0.008074,-0.029586,-0.081793,-0.061484,0.008818,-0.017768,-0.025291,-0.124245,0.004333,-0.025383,0.001667
2000-02,,-0.015226,,,0.190244,,,,,,,-0.012195,,,,,,,,,,,,,,,,,,,,,,-0.100469,-0.042335,-0.107046,-0.055172,0.105068,-0.117013,-0.121537,-0.065387,-0.055715,0.004433,-0.007864,0.001853
2000-03,,0.096914,,,0.025761,,,,,,,0.08642,,,,,,,,,,,,,,,,,,,,,,0.100893,0.124424,0.182623,0.139206,0.083893,0.037592,0.109236,0.08995,0.141517,0.004625,-0.016574,0.001976
2000-04,,-0.03512,,,-0.134703,,,,,,,-0.075758,,,,,,,,,,,,,,,,,,,,,,-0.033221,-0.014925,0.009659,0.014446,-0.091848,0.053019,0.065459,-0.011717,-0.020822,0.004742,-0.04899,0.002104
2000-05,,-0.015722,,,-0.122691,,,,,,,-0.057377,,,,,,,,,,,,,,,,,,,,,,-0.031556,0.117424,0.022322,-0.004219,-0.103977,0.071329,-0.002194,-0.026804,-0.05398,0.004717,0.023996,0.002292
2000-06,,0.019682,0.019753,,0.12406,0.086826,-0.034384,,,,,0.056522,,,,,,,,,,,,,,,,,,,,,,-0.085512,-0.055016,-0.048502,-0.039331,0.099556,0.056612,-0.033968,0.002119,-0.054102,0.004825,0.027196,0.002597
2000-07,,-0.015702,-0.017507,,-0.042809,-0.027664,0.013351,,,,,-0.111111,,,,,,,,,,,,,,,,,,,,,,0.008751,-0.038105,0.088158,0.01547,-0.053056,-0.036532,0.015482,-0.014799,0.015873,0.004742,-0.032754,0.002708
2000-08,,0.065341,0.065261,,0.136269,0.069651,0.064295,0.053972,,,,0.066615,,,,,,,,,,,,,,,,,,,,,,0.022871,0.109209,0.101571,0.099021,0.101705,-0.012211,0.03896,0.035407,-0.041466,0.004967,-0.03646,0.002708
2000-09,,-0.054862,-0.054445,,-0.126691,-0.032767,0.00288,-0.002038,,,,-0.049327,,,,,,,,,,,,,,,,,,,,,,-0.098033,0.016441,0.02174,-0.029042,-0.179657,0.044297,0.132144,-0.036269,0.001225,0.005075,-0.015832,0.002917
2000-10,,-0.004678,-0.003914,,-0.079402,-0.044632,0.017831,-0.008102,,,,-0.042453,,,,,,,,,,,,,,,,,,,,,,0.087704,-0.027182,-0.00862,0.022495,-0.057277,0.069418,0.058083,0.015054,-0.012555,0.005,-0.039703,0.003091
2000-11,,-0.074653,-0.075647,,-0.229107,-0.099747,-0.056934,-0.009918,,,,-0.073892,,,,,,,,,,,,,,,,,,,,,,-0.025297,-0.052451,-0.051087,-0.034,-0.205147,0.034503,-0.000458,-0.091102,-0.024793,0.005092,0.031722,0.003125
2000-12,,-0.005226,-0.004028,,-0.073183,0.079242,0.051972,0.094956,,,,-0.009477,,,,,,,,,,,,,,,,,,,,,,0.140889,0.102095,0.085327,0.039506,-0.098921,0.036375,-0.013646,0.0165,0.07047,0.005142,0.071511,0.003125
2001-01,,0.044459,0.04218,,0.1015,0.053786,0.045523,0.02893,,,,-0.00565,,,,,,,,,,,,,,,,,,,,,,-0.026696,-0.031864,-0.002372,0.00384,0.191218,-0.07291,-0.056271,0.072294,0.116288,0.004808,-0.00129,0.003125
2001-02,,-0.095387,-0.093718,,-0.262053,-0.066898,-0.066104,-0.001009,,,,-0.042727,,,,,,,,,,,,,,,,,,,,,,0.01295,-0.012139,-0.067278,-0.05993,-0.249062,0.006042,0.020754,-0.019165,-0.071403,0.004292,-0.004842,0.003125
2001-03,,-0.056037,-0.057386,,-0.174921,-0.046396,-0.038169,-0.01886,,,,-0.02754,,,,,,,,,,,,,,,,,,,,,,-0.05008,-0.029833,-0.029952,-0.09577,-0.114602,-0.069357,-0.014336,-0.064031,-0.014582,0.004067,-0.044983,0.003125
2001-04,,0.08544,0.072653,,0.178799,0.082589,0.068216,0.052238,,,,0.095703,,,,,,,,,,,,,,,,,,,,,,0.10666,0.103257,0.036172,0.114328,0.161694,0.019418,0.048258,0.073825,0.046377,0.003683,0.004982,0.003125
2001-05,,-0.005605,0.004233,,-0.030769,0.02165,0.005203,0.026007,,,,-0.029412,,,,,,,,,,,,,,,,,,,,,,0.038461,-0.009448,0.044,0.04185,-0.040959,0.014683,0.007012,0.038194,0.023809,0.003225,-0.044615,0.002984
2001-06,,-0.023829,-0.02147,,0.021686,0.031104,-0.026814,0.034607,,,,-0.060606,,,,,,,,,,,,,,,,,,,,,,-0.034513,-0.091131,-0.007157,-0.061788,0.019544,-0.046253,-0.050175,-0.011296,-0.007875,0.003017,0.0,0.002917
2001-07,,-0.010196,-0.01133,-0.019115,-0.086215,-0.055642,-0.019088,-0.024217,,,,-0.081134,,,,,,,,,,,,,,,,,,,,,,-0.00272,-0.011532,-0.009507,-0.002076,-0.069222,0.03044,-0.008989,-0.019966,0.044453,0.002908,0.032429,0.002917
2001-08,,-0.059332,-0.058285,-0.058552,-0.122845,-0.024317,-0.059532,0.002934,,,,-0.027659,,,,,,,,,,,,,,,,,,,,,,-0.004091,-0.042333,-0.066122,-0.034328,-0.122044,0.004791,-0.035633,-0.05076,-0.087543,0.002925,0.046031,0.00291
2001-09,,-0.081631,-0.086054,-0.086833,-0.208845,-0.145809,-0.094336,-0.11574,-0.096198,,,-0.080963,,,,,,,,,,,,,,,,,,,,,,-0.118444,-0.096233,-0.056345,-0.146519,-0.163771,-0.001205,-0.009558,-0.144792,-0.126316,0.0028,-0.002948,0.002528
2001-10,,0.013023,0.017807,0.020537,0.169772,0.065002,0.001108,0.02557,0.018241,,,-0.00119,,,,,,,,,,,,,,,,,,,,,,0.027083,0.040278,-0.014182,0.017744,0.109091,-0.006384,-0.052632,0.005106,0.052677,0.0022,-0.009747,0.002292
2001-11,,0.077977,0.077651,0.076161,0.169617,0.076381,0.059464,0.070645,0.033444,,,-0.001192,,,,,,,,,,,,,,,,,,,,,,0.126775,-0.055845,0.06494,0.100042,0.149415,0.044176,-0.012626,0.116004,0.133168,0.0018,-0.015926,0.001986
2001-12,,0.005639,0.005217,0.014421,-0.018662,0.054914,0.017668,0.054759,0.006096,,,-0.079952,,,,,,,,,,,,,,,,,,,,,,-0.029949,0.057178,0.019478,0.045283,-0.022005,-0.019629,0.032047,0.024193,0.045434,0.001558,-0.009553,0.001875
2002-01,,-0.009798,-0.010408,-0.00873,-0.010281,-0.001556,-0.02822,0.017578,-0.057838,,,-0.07393,,,,,,,,,,,,,,,,,,,,,,0.023343,-0.03558,-0.011407,-0.063177,-0.010833,-0.006692,-0.036033,-0.00742,0.032867,0.001408,-0.01997,0.001875
2002-02,,-0.017936,-0.018561,-0.017517,-0.122825,-0.031185,-0.006888,0.003455,0.012011,,,0.046218,,,,,,,,,,,,,,,,,,,,,,0.05292,0.034174,-0.017308,0.025049,-0.13016,0.021006,-0.00185,0.045981,0.005416,0.001375,0.001621,0.001875
2002-03,,0.033271,0.033661,0.03672,0.067495,0.07529,0.05155,0.071961,0.055824,,,0.089692,,,,,,,,,,,,,,,,,,,,,,0.030751,0.088525,0.06616,0.027054,0.049394,0.016127,0.053321,0.058013,0.012722,0.001433,0.008438,0.001875
2002-04,,-0.058156,-0.057124,-0.044576,-0.120077,0.011988,-0.051493,0.040029,0.015237,,,0.036855,,,,,,,,,,,,,,,,,,,,,,-0.047238,-0.035999,-0.025415,-0.069016,-0.120904,-0.037165,-0.060681,-0.006083,-0.027963,0.001492,0.032554,0.001875
2002-05,,-0.005933,-0.008059,-0.014106,-0.053262,-0.047384,0.002073,-0.031616,0.005331,,,0.061611,,,,,,,,,,,,,,,,,,,,,,0.04958,-0.017594,-0.003023,0.004337,-0.04147,-0.011142,-0.008311,0.01394,-0.005137,0.001425,0.042074,0.001875
2002-06,,-0.073807,-0.071859,-0.068933,-0.131158,-0.058128,-0.063218,-0.030517,-0.032877,,,-0.059152,,,,,,,,,,,,,,,,,,,,,,-0.017032,-0.036627,-0.042772,-0.061331,-0.133625,-0.101899,-0.067259,-0.071531,-0.05267,0.001442,0.06264,0.001875
2002-07,,-0.07882,-0.077661,-0.083405,-0.086207,-0.13348,-0.108871,-0.142752,-0.095319,,,-0.067616,,,,,,,,,,,,,,,,,,,,,,-0.113411,-0.138549,-0.083135,-0.056603,-0.094817,-0.042697,-0.147217,-0.028901,-0.119403,0.001417,-0.019248,0.001875
2002-08,,0.006802,0.004708,0.007642,-0.015095,-0.006366,0.009955,0.000859,-0.00979,,,-0.006361,,,,,,,,,,,0.055131,0.025205,0.004307,,,,,,0.036375,,,-0.00535,0.015064,0.018655,-0.015556,-0.00838,0.007981,0.039652,0.009673,0.030178,0.0014,0.005111,0.001875
2002-09,,-0.104852,-0.103617,-0.101082,-0.117922,-0.080222,-0.112521,-0.079177,-0.103578,,,-0.06146,,,,,,,,,,,0.042593,0.038549,0.007401,,,,,,0.020914,,,-0.129792,-0.071356,-0.114936,-0.115399,-0.166901,-0.072284,-0.121046,-0.061943,-0.08915,0.00135,0.002746,0.001875
2002-10,,0.082284,0.08316,0.074919,0.184846,0.04123,0.080416,0.020206,0.03834,,,-0.057299,,,,,,,,,,,-0.036943,-0.012508,0.00244,,,,,,-0.006108,,,0.057095,0.018431,0.091437,0.049181,0.247675,0.038908,-0.023031,0.058314,0.06749,0.001358,0.000406,0.001875
2002-11,,0.061681,0.057272,0.06,0.129124,0.084698,0.063865,0.076838,0.056146,,,0.03618,,,,,,,,,,,-0.009161,-0.020893,-0.003864,,,,,,0.007159,,,0.120321,0.041299,0.037234,0.052245,0.158537,-0.027723,0.029057,0.030901,0.046281,0.001317,0.006387,0.001875
2002-12,,-0.05657,-0.053419,-0.050691,-0.120851,-0.057337,-0.044992,-0.044601,-0.033484,,,-0.02933,,,,,,,,,,,0.045253,0.035477,0.010529,,,,,,0.039279,,,-0.045803,0.000232,-0.054188,-0.039279,-0.132167,0.002822,0.032401,-0.037581,-0.085197,0.001025,0.056412,0.001526
2003-01,,-0.024595,-0.024675,-0.027714,0.002872,-0.020709,-0.029747,-0.025023,-0.043026,,,-0.0259,,,,,,,,,,,-0.005758,-0.007661,-0.000728,,,,,,-0.008113,,,-0.049899,-0.025078,-0.012727,-0.05391,-0.023649,-0.034102,-0.023499,-0.00339,-0.033319,0.000992,0.031372,0.001458
2003-02,,-0.013479,-0.013925,-0.015434,0.02946,-0.030038,-0.023952,-0.030448,-0.021108,,,0.01034,,,,,,,,,,,0.030973,0.022038,0.00392,,,,,,0.019797,,,-0.026525,0.029398,-0.030847,-0.0154,0.004845,-0.030633,-0.053476,-0.022298,-0.004477,0.000975,-0.003143,0.001458
2003-03,,0.00214,0.00214,0.007517,0.003578,0.002139,-0.007473,0.009033,-0.023181,,,-0.055556,,,,,,,,,,,-0.013646,-0.003799,0.001786,,,,,,0.001209,,,0.006175,0.001221,-0.009342,0.010626,-0.015152,0.000119,0.050658,0.035647,0.023508,0.000975,0.01048,0.00129
2003-04,,0.084612,0.084896,0.086146,0.087129,0.102778,0.102335,0.09283,0.101656,,,-0.00774,,,,,,,,,,,0.010483,0.00138,0.001602,,,,,,0.023577,,,0.090316,-0.008512,0.125722,0.108234,0.091608,0.029617,0.086413,0.032934,0.117026,0.000942,0.021661,0.00125
2003-05,,0.054836,0.054124,0.058326,0.085246,0.10869,0.075709,0.101606,0.064523,,,0.059283,,,0.091228,,,,,,,,0.063197,0.037907,0.003641,,,,,,0.039052,,,0.030939,0.106191,0.05092,0.027103,0.085843,0.049164,0.10105,0.020652,0.053171,0.000942,0.062079,0.00125
2003-06,,0.010652,0.011875,0.016162,0.005371,0.011542,0.003266,0.010589,0.019388,,,0.070692,,,0.041975,,,,,,,,-0.018068,-0.006916,0.00166,,,,,,-0.001802,,,0.009023,-0.012842,0.004235,0.020886,0.007079,0.009542,0.01357,0.044165,0.014497,0.000892,-0.033412,0.000903
2003-07,,0.018027,0.017181,0.023255,0.06177,0.065017,0.023899,0.052099,0.015142,,,0.045392,,,0.056713,,,,,,,,-0.099808,-0.0502,-0.00506,,,,,,-0.058061,,,0.07863,-0.035343,0.043584,0.03305,0.031049,-0.001488,-0.066908,-0.015001,0.018457,0.000767,-0.009539,0.000833
2003-08,,0.020626,0.018802,0.023891,0.05,0.047845,0.018837,0.039542,0.032924,,,0.092105,,,0.079874,,,,,,,,0.013056,0.007101,-0.000463,,,,,,0.014508,,,0.027728,0.063793,-0.011709,0.038911,0.047727,0.01689,0.019865,-0.037037,0.051105,0.00075,-0.034547,0.000833
2003-09,,-0.010906,-0.010049,-0.010531,-0.029051,-0.019475,-0.017569,-0.011555,0.030201,,,0.055422,,,-0.006505,,,,,,,,0.059343,0.049753,0.009555,,,,,,0.045375,,,-0.045043,-0.02062,0.008866,-0.027354,-0.008676,-0.003933,0.049722,0.002602,-0.047722,0.000792,0.066349,0.000833
2003-10,,0.053527,0.054054,0.060524,0.085133,0.087069,0.070078,0.083285,0.064958,,,0.054795,,,0.091812,,,,,,,,-0.030312,-0.014663,-0.004078,,,,-0.009349,,-0.012631,,,0.095282,0.009564,0.069264,0.061829,0.073304,0.045275,0.00685,0.006832,0.091008,0.000783,-0.002575,0.000833
2003-11,,0.010921,0.012156,0.015008,0.005685,0.037441,0.009794,0.041971,0.02528,,,-0.030303,,,0.018799,,,,,,,,0.003394,0.000225,-0.000596,,,,0.003345,,0.003072,,,0.022584,0.007825,-0.00368,0.019814,0.014271,0.011771,0.002268,0.021428,0.008973,0.000767,0.032008,0.000833
2003-12,,0.050312,0.052328,0.039987,0.030929,0.018044,0.061969,0.034138,0.087376,,,0.076128,,,0.089845,,,,,,,,0.013434,0.020402,0.010867,,,,0.009792,,0.02572,,,0.098031,0.130924,0.045355,0.066275,0.031355,0.017788,0.06552,0.057868,0.040052,0.000775,0.053027,0.000833
2004-01,,0.01977,0.021489,0.026113,0.016731,0.043321,0.021688,0.034289,0.011259,,,0.002074,,,0.024218,,,,,,,,0.018608,0.010153,0.001213,,,0.012192,0.004405,,0.012209,,,-0.044211,0.022504,0.032706,0.01009,0.042689,0.0,0.020574,0.027529,-0.005716,0.00075,-0.019477,0.000833
2004-02,,0.01357,0.012587,0.014006,-0.013488,0.009516,0.019105,0.022303,0.02299,,,0.005176,,,0.039547,,,,,,,,0.022819,0.016119,0.004838,,,0.021466,0.011415,,0.01507,,,0.052136,0.052539,0.028571,-0.0074,-0.025412,0.056933,0.018899,0.010652,0.021718,0.000733,0.002745,0.000833
2004-03,,-0.013245,-0.012287,-0.010237,-0.019962,0.00956,-0.005251,0.012184,0.000707,,,0.119464,,,0.0055,,,,,,,,0.01411,0.012969,0.002816,,,0.016641,0.006838,,0.009891,,,-0.023058,-0.006252,-0.011614,-0.012232,-0.026557,-0.002478,0.010662,-0.04169,-0.006171,0.000775,-0.015622,0.000833
2004-04,,-0.018922,-0.018723,-0.022236,-0.029855,-0.055186,-0.026104,-0.05463,-0.033898,,,-0.067157,,,-0.098006,,,,,,,,-0.062352,-0.043462,-0.010621,,,-0.048219,-0.028064,,-0.038877,,,-0.046307,0.017042,-0.043537,-0.000379,-0.038194,0.013112,-0.042763,0.031073,-0.011339,0.000783,-0.02266,0.000833
2004-05,,0.017124,0.01674,0.014506,0.051193,0.02151,0.013851,0.017058,0.011404,,,-0.014793,,,0.011687,,,,,,,,-0.002581,-0.00531,-4.9e-05,,,0.020195,-0.003781,,-0.005232,,,0.028091,-0.003017,0.01707,0.024621,0.039196,-0.005609,0.012027,-0.003241,0.006372,0.000783,0.021009,0.000833
2004-06,,0.0185,0.017771,0.020306,0.032558,0.042311,0.020412,0.050359,0.033536,,,0.063063,,,0.009242,,,,,,,,0.010534,0.006532,-0.000196,,,-0.001411,0.007284,,0.001264,,,0.050175,0.062366,0.004423,0.061725,0.027295,0.005487,0.017318,-0.003735,0.002584,0.00085,-0.003525,0.000833
2004-07,,-0.032218,-0.031334,-0.035565,-0.075517,-0.067718,-0.019727,-0.047592,-0.042658,,,-0.073446,,,-0.036379,,,,,,,,0.015316,0.012117,0.002783,,,0.008098,0.009248,,0.015625,,,-0.022778,0.030814,-0.021344,-0.027914,-0.060869,-0.049372,0.015152,-0.053665,-0.037939,0.001058,-0.009543,0.000833
2004-08,,0.002436,0.001982,0.000564,-0.024935,-0.015091,0.011398,0.012188,0.011907,,,0.014227,,,0.035313,,,,,,,,0.041657,0.028297,0.007386,,,0.026918,0.016186,,0.030809,,,0.016813,-0.015408,0.032535,0.000718,-0.044239,0.017768,0.04063,0.016252,-0.001971,0.001108,0.005981,0.000833
2004-09,,0.010038,0.009579,0.016817,0.032922,0.053334,0.018011,0.037525,0.020718,,,-0.028056,,,0.069768,,,,,,,,0.009494,0.003223,-0.00095,,,0.000826,0.005169,,0.003114,,,0.040189,0.09763,-0.009204,0.021497,0.029064,-0.026338,0.006348,-0.017486,0.028837,0.001233,0.024606,0.000833
2004-10,,0.012884,0.012522,0.018003,0.050086,0.020554,0.015288,0.014619,0.035007,,,0.023711,,,0.028463,,0.056716,,,,,,0.017647,0.009893,0.002954,,,0.010941,0.008666,,0.01183,,,-0.009437,0.006012,0.005271,0.010219,0.043933,0.006463,0.048703,-0.02223,0.040385,0.001375,0.026432,0.000833
2004-11,,0.044517,0.044347,0.047402,0.060163,0.092004,0.049452,0.09271,0.060813,,,0.038268,,,0.099487,,0.039548,,,,,,-0.023958,-0.019779,-0.005755,,,-0.003253,-0.007391,,-0.0122,,,0.081348,0.067444,0.031107,0.062783,0.051102,0.024771,0.044538,0.019538,0.041897,0.001467,0.043809,0.000833
2004-12,,0.030121,0.030663,0.034258,0.030224,0.023905,0.03039,0.018895,0.048067,,,0.063509,,,0.04746,,0.047554,,,-0.029255,,,0.026588,0.011673,0.002323,,,0.01759,0.007973,,0.013911,,,0.013372,-0.028207,0.041344,0.02483,0.026166,0.03739,0.024629,0.055144,0.046715,0.001725,0.02452,0.000833
2005-01,,-0.022421,-0.022397,-0.024989,-0.063126,-0.040617,-0.023855,-0.03892,-0.019033,,,-0.03022,,,-0.005301,,-0.085588,,,-0.036073,,,0.035686,0.008711,-0.00037,,,9.5e-05,0.004883,,0.012284,,,-0.030609,0.033866,-0.021618,-0.028001,-0.056372,0.011698,0.021185,-0.031136,-0.042788,0.001825,-0.043022,0.000833
2005-02,,0.020904,0.020796,0.020851,-0.004813,0.016419,0.018736,0.02076,0.03785,,,0.020775,,,0.096823,,0.031715,,,0.031028,,,-0.014722,-0.013684,-0.002572,,,-0.005281,-0.003713,,-0.009363,,,0.078765,0.167776,-0.006695,0.011589,0.001506,-0.001285,0.021449,0.030085,-0.005329,0.001942,0.017031,0.000833
2005-03,,-0.018293,-0.018084,-0.01872,-0.017464,-0.028348,-0.017804,-0.02147,-0.026233,,,-0.029603,,,-0.079103,,-0.017074,,,-0.016311,,,-0.004546,-0.004035,0.000161,,,0.002188,-0.009743,,-0.012622,,,-0.026578,-0.019094,-0.038047,-0.000438,-0.019548,-0.008763,0.011059,-0.005581,-0.011686,0.002117,-0.022102,0.000833
2005-04,,-0.018735,-0.017994,-0.022027,-0.043479,-0.05657,-0.021658,-0.052103,-0.016177,,-0.021523,-0.022879,,,-0.012475,-0.023305,0.057699,,,0.012377,,,0.038652,0.025165,0.005206,,,0.017775,0.017229,,0.016217,,,-0.071287,-0.054118,0.001761,-0.036477,-0.035276,-0.010426,0.030874,0.034829,-0.063631,0.002283,-0.00054,0.000833
2005-05,,0.032224,0.031461,0.038815,0.088623,0.064648,0.03354,0.06012,-0.008637,,0.002698,-0.012682,,,0.031607,0.029067,0.035212,,,-0.039216,,,0.031376,0.018382,0.003955,,,0.007598,0.008275,,0.006227,,,-0.006427,0.027868,0.029536,0.031719,0.069421,0.023266,-0.000665,0.012621,0.061836,0.002317,-0.048314,0.000833
2005-06,,0.001515,0.001253,0.007583,-0.033246,0.040763,0.015185,0.04533,0.014327,,0.013452,0.001976,,,0.03969,0.03457,0.045974,,,0.042977,,,0.021647,0.004784,0.002468,,,0.005175,0.008762,,0.012199,,,-0.020017,0.069792,0.012465,-0.026342,-0.012884,-0.01932,0.059534,-0.005288,-0.004311,0.002367,-0.019382,0.000833
2005-07,,0.038261,0.038536,0.043782,0.076129,0.065777,0.031119,0.060342,0.029967,,0.027568,0.010848,,,0.076815,0.069682,0.07138,,,-0.014273,,,-0.033807,-0.02187,-0.00375,,,-0.024713,-0.010354,,-0.008266,,,0.055269,0.070867,0.015609,0.038121,0.056728,0.032088,0.022498,0.022559,0.056742,0.002475,8.3e-05,0.000833
2005-08,,-0.009374,-0.009701,-0.010875,-0.015159,-0.020032,-0.009801,-0.023468,0.038362,,0.028418,0.085854,,,0.013229,0.014286,-0.040547,,,0.013545,,,0.034765,0.020005,0.006591,,,0.025311,0.011815,,0.015032,,,-0.041899,0.063865,-0.016372,-0.023606,-0.009501,-0.017462,0.006507,-0.003467,-0.03291,0.002683,0.008683,0.000833
2005-09,,0.008025,0.008246,0.007917,0.012314,0.000948,0.011999,-0.005533,0.036945,,0.01314,0.095238,,,0.086534,0.082254,0.013367,,,0.076037,,,-0.036129,-0.017523,-0.002992,,,-0.001546,-0.009365,,-0.018609,,,0.007698,0.062864,0.008558,0.016757,0.002398,0.014145,0.042283,-0.005541,-0.028421,0.002867,-0.012789,0.000833
2005-10,,-0.023651,-0.021463,-0.023486,-0.014952,-0.039313,-0.021051,-0.033066,-0.031842,,-0.020789,-0.006563,,,-0.063383,-0.056568,-0.028784,,,-0.006424,,,-0.02241,-0.012393,-0.00082,,,-0.013119,-0.00991,,-0.015817,,,0.002182,-0.090367,0.030488,-0.014257,-0.022967,-0.004725,-0.063988,-0.030622,-0.020314,0.00285,-0.001578,0.000833
2005-11,,0.043953,0.041625,0.046161,0.060973,0.057541,0.039344,0.050196,0.023111,,0.008765,0.028901,,,0.057862,0.069707,0.04156,,,0.05819,,,0.006903,0.006254,0.003895,,,0.001763,0.003746,,0.00657,,,0.07656,0.014953,0.047666,0.05819,0.063174,0.009063,-0.00159,0.012175,0.0399,0.003092,-0.021126,0.000833
2005-12,,-0.001913,-0.001554,0.000176,-0.017762,-0.007,0.002102,-0.010175,0.051826,,0.04222,0.089693,,,0.061059,0.065294,0.000243,,,0.050509,,,0.029818,0.013659,0.003493,,,0.010337,0.011342,,0.008609,,,0.028611,0.017996,0.000204,0.00473,-0.030714,0.001169,0.008592,0.034601,-0.008558,0.003233,0.002379,0.001008
2006-01,,0.024013,0.024706,0.03219,0.039347,0.084383,0.028439,0.077658,0.057715,,0.063308,0.036982,,,0.141983,0.116295,0.075386,,,0.099263,,,-0.013384,-0.007032,0.001744,,,0.000293,-0.000597,,-0.004364,,,0.048217,0.146094,0.008841,0.002864,0.033493,0.001717,0.024212,0.012925,0.017764,0.003242,0.02721,0.001042
2006-02,,0.005726,0.005323,0.0022,-0.021429,0.003179,0.011211,0.004081,-0.007,,-0.003219,-0.015692,,,-0.0385,-0.021483,0.018579,,,-0.011111,,,0.011079,-0.001035,0.000338,,,0.0,0.001607,,0.006824,,,-0.021424,-0.092265,0.021283,0.031102,0.002315,0.008572,0.013064,0.011515,0.007223,0.003533,-0.020053,0.001042
2006-03,,0.016504,0.01562,0.020504,0.02091,0.049088,0.021464,0.051334,0.040052,,0.04018,0.043478,,,0.021672,0.011729,0.04715,,,0.036205,0.027909,,-0.045699,-0.013579,0.00174,,,-0.021392,-0.008674,,-0.016833,,,0.046638,0.042437,0.002898,0.044229,0.022633,0.008246,-0.046315,-0.012775,0.005883,0.003692,0.019284,0.001203
2006-04,,0.012632,0.012931,0.009563,-0.001908,0.003027,0.02705,0.003345,0.047905,,0.05225,0.027778,,,0.065152,0.078032,-0.03401,,,0.12031,0.070175,,-0.027524,-0.006271,0.002208,,,-0.002345,-0.001489,,-0.002022,,,0.035549,0.050368,0.043318,0.021598,-0.013099,0.009746,0.015894,-0.030957,0.012775,0.003758,0.035773,0.00125
2006-05,,-0.030121,-0.029255,-0.032236,-0.072401,-0.056824,-0.02648,-0.040005,-0.038218,,-0.029334,-0.054054,,,-0.111427,-0.112919,-0.026978,,,-0.013212,-0.003903,,-0.001909,-0.001068,0.00167,,,0.002968,-0.001987,,-0.001901,,,-0.040298,-0.027827,-0.037692,-0.017087,-0.064989,0.002098,0.016283,-0.020974,-0.01672,0.003833,0.026402,0.00125
2006-06,,0.002608,0.002661,0.001324,-0.000616,-0.000418,0.004296,0.008356,-0.000611,,0.01013,-0.025714,,,0.002134,-0.000933,0.04961,,,-0.046707,-0.008621,,0.011784,0.002296,0.002365,,,0.004276,-0.001608,,-0.000859,,,0.005161,0.025383,-0.004625,-0.001285,-0.004895,0.018405,0.022945,0.000349,-0.00175,0.003933,-0.012045,0.001361
2006-07,,0.004479,0.00392,-0.001187,-0.043075,-0.02858,0.009023,-0.012021,0.008106,,0.010363,-0.005132,,,0.023429,0.018513,0.038914,,,0.031521,0.022134,,0.021632,0.016773,0.006649,,,0.015109,0.013889,,0.014591,,,-0.037383,0.03348,0.022882,-0.056788,-0.02607,0.015709,0.048003,0.054564,-0.033243,0.003992,0.004248,0.001458
2006-08,,0.021822,0.022023,0.022987,0.047709,0.029994,0.013991,0.029091,0.025485,,0.032423,0.010317,,,0.015817,0.014816,0.034843,,,-0.013775,-0.033256,-0.07133,0.030561,0.017636,0.00752,,,0.016628,0.015909,,0.022255,,,0.030097,-0.05081,0.011789,0.011289,0.070202,0.038666,0.027482,0.028535,0.019827,0.004125,0.006579,0.001613
2006-09,,0.027002,0.026734,0.0226,0.046396,0.006416,0.026597,0.007304,0.002219,,0.011216,-0.0124,,,-0.008707,0.010536,0.019659,,,-0.045272,-0.042,-0.107363,0.01915,0.012075,0.004389,,,0.001109,0.010116,,0.008725,,,-0.000139,-0.036589,0.040254,0.03818,0.040335,-0.000504,-0.014544,0.015346,0.063707,0.004133,-0.014863,0.001667
2006-10,,0.031516,0.032075,0.035301,0.047479,0.05875,0.033282,0.052339,0.037491,,0.036919,0.019941,,,0.070579,0.050789,0.060277,,,0.012948,0.010021,-0.025434,0.008467,0.005385,0.004173,,,-0.000736,0.006857,,0.010013,,,0.06005,0.042657,0.023397,0.028194,0.039546,0.017731,0.052956,0.003314,0.064663,0.004008,0.002844,0.001808
2006-11,,0.019886,0.019632,0.023295,0.034289,0.024137,0.019542,0.025899,0.03073,,0.037592,0.0,,,0.059846,0.073282,0.047812,,,0.068891,0.06573,0.05,0.023082,0.013113,0.004835,,,0.010724,0.010619,,0.014614,,,0.043531,0.08577,0.007056,0.024504,0.028422,-0.008517,0.026544,-0.001201,0.012631,0.0041,0.039698,0.001875
2006-12,,0.013371,0.013894,0.012015,-0.018788,0.003729,0.022145,0.010799,0.031972,,0.030711,0.036293,,,0.054598,0.040119,-0.018425,,,-0.018326,-0.023199,-0.069222,-0.026957,-0.012756,0.000657,,,-0.02304,-0.006005,,-0.008961,,,0.006317,-0.028173,0.037634,0.004927,-0.005386,0.025088,0.008538,0.010453,0.021686,0.004117,-0.002273,0.002003
2007-01,,0.01504,0.014296,0.018615,0.021084,0.016916,0.018859,0.014743,0.013931,,0.015698,0.007037,,,0.001139,0.000775,0.087792,,0.016441,0.025629,-0.024003,-0.025455,-0.009952,-0.004003,0.001627,,,0.002328,-0.000702,,0.000937,,,0.040471,-0.00921,0.009254,0.020851,0.020206,0.020292,-0.00354,0.030457,0.028676,0.004042,-0.016401,0.002083
2007-02,,-0.019618,-0.018954,-0.016244,-0.016791,-0.006553,-0.018765,-0.012805,-0.001212,,-0.012422,0.031446,,,-0.032371,-0.023241,-0.026982,,0.025349,0.025451,0.050855,0.037132,0.03389,0.020551,0.007269,0.003993,,0.019792,0.016254,,0.020004,,,0.026758,-0.020485,-0.030475,-0.011192,-0.02697,-0.015385,0.053019,-0.023182,-0.029904,0.00415,0.019839,0.002083
2007-03,,0.011589,0.011854,0.011209,0.005249,0.009802,0.014892,0.013347,0.028995,,0.037297,-0.012873,,,0.053345,0.042565,-0.020749,,0.030468,-0.011131,0.006743,0.024691,-0.017004,-0.001384,0.004508,0.003831,,0.003256,-0.001951,,-0.006748,,,0.023612,0.062878,-0.004728,0.008119,0.009961,0.020664,0.035928,0.001952,-0.004727,0.004192,0.008099,0.002204
2007-04,,0.044296,0.043136,0.04022,0.055823,0.016237,0.04201,0.006791,0.037483,,0.057529,-0.019904,,,0.037253,0.038038,-0.001261,,0.014033,0.020535,0.007486,0.004578,0.00905,0.006066,0.003055,0.003716,,0.006646,0.005897,,0.008916,,,0.01498,0.05126,0.038731,0.046413,0.04717,0.028143,0.049119,0.073105,0.023666,0.004117,0.02155,0.002292
2007-05,,0.03392,0.034146,0.037239,0.03155,0.043721,0.036112,0.039853,0.023623,,0.021334,0.022409,,,0.050646,0.066568,-0.003786,,0.018063,-0.023103,-0.002347,-0.011753,-0.023138,-0.013936,-0.000673,0.004684,,-0.013116,-0.009172,-0.007869,-0.012308,0.003732,,0.059037,0.077797,0.024047,0.051882,0.050368,0.013503,0.004561,0.01717,0.030054,0.004058,-0.011172,0.002292
2007-06,,-0.014621,-0.015458,-0.017628,0.004792,-0.014382,-0.01975,-0.023832,-0.003209,,-0.003525,-0.006164,,,0.036783,0.045465,-0.090077,-0.085152,-0.06257,-0.019378,0.007448,0.031311,-0.010134,-0.004676,0.00475,0.00437,0.004366,-0.002147,-0.003768,-0.003115,-0.008099,-0.031525,,-0.005319,0.013036,-0.040164,0.00027,-0.001248,-0.019926,-0.047472,-0.033477,-0.017469,0.003942,0.003865,0.002417
2007-07,,-0.03131,-0.031891,-0.035346,-0.00147,-0.069964,-0.038555,-0.085721,-0.022904,,-0.028429,-0.005514,,,0.007141,0.035163,-0.082594,-0.231871,-0.059865,0.02365,0.019066,0.047776,0.03319,0.022569,0.009041,0.003702,0.003996,0.023007,0.010731,0.009225,-0.008242,-0.038802,,-0.026667,0.000145,-0.090658,0.009477,-0.001953,-0.028466,-0.039919,-0.047579,-0.059243,0.003842,0.014957,0.0025
2007-08,,0.012833,0.013108,0.014712,0.028193,0.021271,0.011584,0.018725,-0.006336,-0.000835,0.002696,-0.024948,,,0.010409,-0.000106,0.067446,-0.117648,0.008349,0.011096,-0.019091,-0.031896,0.017878,0.02263,0.010489,0.006579,0.004258,0.008221,0.012795,0.014832,0.023861,0.05194,,-0.006849,0.012029,0.025836,0.000254,0.019177,0.023593,0.015789,0.022896,0.006217,0.004017,-0.000146,0.0025
2007-09,,0.038715,0.040935,0.038467,0.052521,0.018984,0.030973,0.004842,0.053175,0.047639,0.051641,0.01919,,,0.115715,0.098317,0.039172,0.039995,0.052651,0.105081,0.0942,0.094432,0.002281,0.000884,0.005519,0.003271,0.001899,0.012805,0.006329,0.006036,0.007334,0.029224,,0.080536,0.073991,0.024413,0.047379,0.037785,0.045943,0.038362,0.031199,-0.008797,0.0035,0.034586,0.0025
2007-10,,0.013567,0.01412,0.017924,0.070415,0.028486,0.010557,0.010681,0.042499,0.044276,0.047443,0.001394,,,0.118702,0.130083,0.020991,-0.035598,0.023346,0.069514,0.085023,0.059996,0.018162,0.01077,0.00478,0.003884,0.003935,0.011662,0.010079,0.009189,0.009647,0.00479,,0.041558,0.025402,-0.017191,-0.012901,0.053022,0.015368,0.066583,0.018671,-0.004888,0.003242,0.018901,0.0025
2007-11,,-0.038733,-0.041127,-0.045221,-0.0676,-0.068878,-0.045797,-0.073721,-0.036237,-0.037625,-0.037602,-0.020195,,,-0.0765,-0.085266,-0.094709,-0.02651,-0.082889,-0.016535,-0.00623,-0.0046,0.053513,0.040475,0.017928,0.006047,0.003955,0.041178,0.018036,0.019587,0.010195,-0.011245,0.017253,-0.050387,-0.042113,-0.080937,-0.028361,-0.075352,0.027456,0.006596,0.012775,-0.05457,0.00325,0.021735,0.0025
2007-12,,-0.011261,-0.00826,-0.006945,-0.000713,-0.006449,-0.022105,-0.013413,-0.029813,-0.027973,-0.020726,-0.045623,,,-0.014067,-0.009456,-0.05413,0.043946,-0.047557,0.066477,0.067042,0.059675,-0.006278,0.000506,0.002997,0.002032,0.002356,0.000624,-9.3e-05,0.008467,-0.008034,-0.000824,0.000981,0.010722,0.082813,-0.058272,-0.001335,0.019913,-0.0083,-0.001813,-0.028276,-0.049531,0.002725,-0.00271,0.0025
2008-01,,-0.060461,-0.062696,-0.06166,-0.118899,-0.065349,-0.034573,-0.038451,-0.078471,-0.073873,-0.089816,-0.042889,-0.104355,,-0.089222,-0.090221,-0.00781,0.076013,-0.0518,0.108416,0.029151,-0.004551,0.020959,0.033558,0.016547,0.007026,0.003931,0.035728,0.023129,0.012537,0.025658,-0.018268,0.021003,-0.041966,-0.122873,0.00726,-0.055158,-0.127907,-0.055555,-0.07347,-0.045596,-0.00367,0.0025,0.010122,0.0025
2008-02,,-0.025842,-0.027556,-0.024963,-0.048305,-0.029321,-0.047477,-0.031725,-0.010229,-0.010139,-0.002937,-0.014937,-0.003723,,0.019943,0.02877,-0.031813,-0.063423,-0.015556,0.052298,0.111453,0.112571,-0.004555,0.012394,0.010333,0.001907,0.001636,0.014227,-0.0016,0.000897,-0.007063,-0.018694,0.031103,0.023028,0.092672,-0.11359,-0.02027,-0.047312,-0.002574,-0.041051,-0.026706,-0.038674,0.002292,0.019973,0.0025
2008-03,,-0.008942,-0.006316,-0.008946,0.018724,-0.006658,-0.006807,0.000907,0.00419,0.003781,0.013108,-0.012769,0.019125,,-0.037531,-0.036775,0.064853,-0.218285,-0.000208,-0.059992,-0.009141,-0.009416,0.02139,0.013372,0.002535,0.003154,0.002334,-0.0014,0.001297,0.003995,-0.005972,0.009461,0.028225,-0.014058,-0.023363,-0.029401,0.036307,0.011561,0.032399,0.016053,-0.045441,-0.017865,0.001767,0.042527,0.0025
2008-04,0.079684,0.047662,0.048249,0.048855,0.079826,0.04554,0.036828,0.0395,0.054381,0.053766,0.040994,0.073565,0.019198,,0.091383,0.084335,0.063792,0.091515,0.048817,-0.041588,0.060386,0.081922,-0.024863,-0.024174,-0.008376,0.000862,-0.000654,-0.013997,0.003276,-0.003455,0.012447,0.033969,-0.023362,0.053274,0.103835,0.069963,0.029411,0.0625,-0.007538,0.051133,0.009946,0.023763,0.00105,-0.017202,0.0025
2008-05,0.008639,0.015117,0.012842,0.02016,0.059309,0.045799,0.000279,0.031104,0.011872,0.012057,0.006703,0.019578,0.021164,0.007899,0.031638,0.01785,-0.002109,0.02442,-0.018582,0.009232,0.069075,0.084665,-0.026881,-0.017775,-0.003461,0.000146,0.000961,0.001068,-0.012652,-0.00994,-0.022052,-0.005084,-0.015001,0.051997,0.051988,-0.069522,0.008832,0.065126,0.03038,0.035858,0.019059,0.027345,0.001075,-0.002059,0.0025
2008-06,-0.079874,-0.083576,-0.083884,-0.081208,-0.096151,-0.075264,-0.110996,-0.093341,-0.087868,-0.086791,-0.089887,-0.074608,-0.077489,-0.084381,-0.092695,-0.098093,-0.106154,-0.172737,-0.127102,0.045169,0.104316,0.10324,0.026535,0.01146,0.002456,0.001874,0.002337,0.017895,-0.001849,0.000419,-0.012918,-0.036747,-0.004212,-0.058164,0.031554,-0.174494,-0.120256,-0.093674,-0.056995,-0.007464,-0.042309,-0.115343,0.001442,0.016508,0.0025
2008-07,-0.031566,-0.008985,-0.007422,-0.006242,0.006421,0.03673,0.013565,0.046299,-0.033202,-0.034707,-0.028807,-0.03769,-0.066152,-0.038018,-0.05504,-0.047222,0.031154,-0.036264,-0.003835,-0.014442,-0.097811,-0.133227,-0.003674,0.007205,0.004342,0.002411,0.001876,-0.006096,0.00394,0.000212,0.003902,0.005902,0.014575,-0.032351,-0.159132,0.067621,0.007939,-0.024443,0.0243,-0.064373,0.0448,0.001756,0.00155,-0.009706,0.002655
2008-08,-0.016716,0.015454,0.014876,0.014602,0.014518,0.035754,0.014161,0.052211,-0.042476,-0.040058,-0.03845,-0.049166,-0.036027,-0.049245,-0.063158,-0.079166,0.023739,-0.027836,-0.052621,-0.092917,-0.065347,-0.07485,0.027393,0.015266,0.004664,0.001227,0.000785,0.007808,0.00742,0.008379,0.001447,-0.008976,-0.042929,-0.015602,0.00336,-0.009709,0.027422,0.017897,0.027007,-0.01103,0.020657,0.06905,0.001358,-0.056114,0.002708
2008-09,-0.122609,-0.094174,-0.088815,-0.092411,-0.155762,-0.077515,-0.074246,-0.032036,-0.114362,-0.115887,-0.128937,-0.065732,-0.14697,-0.131447,-0.146817,-0.155869,-0.001237,-0.020194,-0.128396,0.041121,-0.102489,-0.104378,0.01476,-0.001403,0.007779,0.003091,0.005083,-0.040219,-0.017597,-0.005157,-0.107304,-0.10656,-0.022475,-0.154775,-0.149308,-0.062527,-0.120718,-0.12448,-0.012512,-0.109825,-0.07431,-0.082022,0.001433,-0.029318,0.002708
2008-10,-0.184064,-0.165186,-0.166324,-0.174777,-0.154717,-0.209559,-0.170092,-0.209696,-0.208348,-0.205573,-0.218287,-0.155722,-0.237715,-0.230018,-0.25578,-0.272649,-0.31727,-0.136467,-0.253144,-0.161397,-0.250811,-0.296654,-0.018607,-0.00863,0.011047,0.001953,-0.002326,-0.080896,-0.022811,-0.029476,-0.019411,-0.1145,-0.05037,-0.223952,-0.187994,-0.219206,-0.182468,-0.161209,-0.126087,-0.130003,-0.114808,-0.176344,0.000942,-0.108089,0.002695
2008-11,-0.087563,-0.069607,-0.074649,-0.080149,-0.114624,-0.119256,-0.09261,-0.112721,-0.06372,-0.066213,-0.073826,-0.037778,-0.073786,-0.069964,-0.097522,-0.086474,-0.227175,-0.070164,-0.096842,0.125736,-0.123671,-0.148784,0.143413,0.077539,0.011053,0.003539,-0.000502,0.008769,0.030243,0.039269,0.033538,-0.070957,0.026029,-0.106867,-0.02179,-0.184804,-0.082208,-0.084084,-0.002073,0.041854,-0.063158,-0.108355,0.000558,-0.002352,0.002444
2008-12,0.054652,0.009796,0.009795,0.017661,0.022774,0.048057,0.013373,0.052905,0.088684,0.090186,0.071854,0.115408,0.087076,0.075024,0.103335,0.076531,0.167109,0.065872,0.062015,0.077325,-0.032622,-0.111766,0.136524,0.051562,0.005631,0.00086,0.000305,0.065035,0.066624,0.051367,0.138144,0.167662,0.086417,-0.005758,-0.044992,0.003707,0.023261,0.015898,0.00016,-0.02401,0.071901,0.060708,0.000158,0.093502,0.001848
2009-01,-0.113819,-0.082114,-0.081276,-0.080465,-0.022865,-0.096669,-0.121514,-0.137889,-0.137316,-0.140153,-0.138425,-0.120042,-0.115519,-0.134115,-0.092911,-0.089096,-0.175309,-0.063327,-0.128139,0.055363,-0.044361,-0.10346,-0.130708,-0.038872,-0.004371,-0.000543,0.001965,-0.000403,-0.019865,-0.020767,-0.018004,-0.010131,-0.067096,-0.073879,-0.017793,-0.261981,-0.119982,-0.047372,-0.072057,-0.001723,-0.012053,-0.106166,2.5e-05,-0.079112,0.001371
2009-02,-0.097111,-0.107449,-0.10558,-0.10525,-0.05265,-0.119829,-0.131267,-0.138948,-0.103876,-0.100762,-0.103783,-0.125742,-0.092788,-0.09624,-0.062693,-0.023754,-0.205256,-0.1211,-0.134265,0.014456,-0.056296,-0.061209,-0.01532,-0.007348,-0.001449,-0.000607,-4.3e-05,-0.021975,-0.010554,-0.005854,-0.052039,-0.097158,-0.033341,-0.080247,-0.123402,-0.177489,-0.170306,-0.038147,-0.080812,-0.125259,-0.123904,-0.090768,0.000108,-0.013421,0.000833
2009-03,0.092136,0.083311,0.080288,0.082721,0.103165,0.077576,0.090264,0.086977,0.08391,0.084248,0.076975,0.071914,0.096946,0.104409,0.16863,0.124046,0.036415,0.061068,0.100094,-0.02537,0.046572,0.045681,0.040473,0.033136,0.004994,0.001134,-6.6e-05,0.059059,0.01103,0.010942,0.004718,0.019074,0.04749,0.153596,0.037642,0.170838,0.088173,0.111809,0.042484,0.019024,0.060058,0.126975,0.00025,0.052515,0.000551
2009-04,0.127779,0.099346,0.101357,0.109905,0.130607,0.153865,0.117205,0.153573,0.11519,0.11821,0.131661,0.077215,0.13787,0.1371,0.155583,0.174448,0.306837,0.027464,0.1301,-0.033341,-0.001,-0.015488,-0.06952,-0.027451,-0.001651,0.000553,0.000611,-0.017951,0.005152,0.004657,0.027766,0.13846,0.008993,0.155786,0.078191,0.217934,0.180684,0.104353,0.042654,0.011742,-0.001239,0.185243,0.000175,-0.00248,0.000257
2009-05,0.104852,0.058453,0.058388,0.054632,0.032088,0.034006,0.064966,0.023726,0.131917,0.130587,0.14266,0.101057,0.159224,0.142431,0.1594,0.178894,0.026159,0.005503,0.15724,0.102326,0.162663,0.215006,-0.036948,-0.020774,0.000561,-0.000471,0.000109,0.019967,0.007097,0.006731,0.02317,0.028555,0.053672,0.058434,0.128877,0.139795,0.033548,0.023189,0.050909,0.03559,0.068238,-0.007299,0.000133,0.061996,0.000208
2009-06,-0.015177,-0.000655,0.000376,0.003673,0.02953,0.018138,-0.006738,-0.001502,-0.014049,-0.018219,-0.023515,0.011861,0.017368,-0.020517,-0.022495,-0.024525,-0.031971,0.041178,0.007543,-0.052183,-0.026259,-0.002324,0.007511,-0.005572,-0.000943,0.000598,-0.000131,0.001981,0.004208,0.006191,0.028913,0.033517,0.005149,-0.045372,-0.065489,-0.017856,-0.017043,0.036397,0.001989,0.053716,0.023702,0.002534,0.00015,0.002554,0.000208
2009-07,0.09423,0.074606,0.07385,0.077372,0.084387,0.091711,0.084288,0.112501,0.100415,0.105743,0.113455,0.04666,0.084028,0.1081,0.110145,0.109051,0.107707,0.088617,0.098156,0.023799,0.018568,0.007321,0.00576,0.008317,0.0011,-2.6e-05,-0.000633,0.000879,0.01269,0.013097,0.046327,0.06919,0.031285,0.128682,0.053486,0.088703,0.087433,0.081823,0.06655,0.037648,0.059293,0.094888,0.00015,0.000283,0.000208
2009-08,0.029677,0.03694,0.036604,0.037112,0.014702,0.029332,0.055555,0.050699,0.045031,0.044965,0.05485,0.035461,0.06398,0.027989,-0.013135,-0.007085,0.143231,0.042105,0.079556,0.000536,-0.040365,0.004295,0.022309,0.007635,0.004093,0.000436,0.000698,0.008414,0.012203,0.010104,0.013101,-0.016969,0.007627,0.023695,0.010865,0.1299,0.047738,0.016244,0.012235,0.010021,0.026911,0.03522,0.00015,0.009478,0.000208
2009-09,0.048636,0.035457,0.036266,0.041335,0.056479,0.055626,0.030365,0.046798,0.037965,0.039394,0.048192,-0.027397,0.049147,0.053925,0.101954,0.099601,0.065928,0.0383,0.04875,0.058351,-0.002261,-0.023684,0.024581,0.011243,0.002362,-9e-06,0.000262,0.02023,0.011881,0.01005,0.017589,0.05799,0.028698,0.042217,0.058424,0.019476,0.058338,0.046323,0.033109,0.013779,0.006152,0.053488,0.000142,0.025995,0.000208
2009-10,-0.026994,-0.019225,-0.019244,-0.02631,-0.030532,-0.064907,-0.036336,-0.063087,-0.025237,-0.027697,-0.025811,-0.039235,-0.025076,-0.029095,-0.034438,-0.024137,-0.044632,-0.064858,-0.024052,0.037228,0.069356,0.048181,-0.026161,-0.001379,0.001359,0.000472,4.4e-05,0.011447,0.002219,0.002751,-0.004971,-0.005429,0.001198,-0.051713,0.024666,-0.059571,-0.039863,-0.012458,0.014532,-0.032049,-0.020928,-0.023662,0.0001,0.010722,0.000208
2009-11,0.053973,0.061607,0.060883,0.056918,0.063476,0.031245,0.063046,0.026291,0.039212,0.04108,0.045332,0.001047,0.00961,0.048567,0.07852,0.071808,0.065657,0.053787,0.020006,0.127865,0.045358,0.012858,0.012129,0.020171,0.005964,0.000127,-0.000414,0.027992,0.012863,0.01304,0.019526,0.016845,0.030256,0.107703,0.028417,0.043417,0.087781,0.055314,0.03678,0.048257,0.092982,0.067114,5.8e-05,0.015068,0.000208
2009-12,0.01874,0.019101,0.019086,0.028632,0.052028,0.079248,0.017724,0.076601,0.007097,0.007969,-0.00237,0.028022,0.015565,0.01481,0.032758,0.031178,0.073867,0.020506,0.007527,-0.072034,-0.001622,0.009838,-0.063456,-0.044028,-0.008407,-5.5e-05,0.000305,-0.020892,-0.018812,-0.014492,-0.020674,0.036847,-0.052784,0.020689,0.008805,-0.014089,0.016741,0.058039,-0.002215,0.054714,0.018305,0.045867,4.2e-05,-0.04107,0.000208
2010-01,-0.052968,-0.036342,-0.037116,-0.035657,-0.0647,-0.037316,-0.020751,-0.02774,-0.050651,-0.054386,-0.062706,0.010267,-0.021502,-0.058421,-0.07759,-0.067317,-0.055208,-0.006119,-0.043279,-0.01258,-0.078392,-0.081081,0.026922,0.023703,0.007957,0.000273,0.0,0.015303,0.014149,0.012851,0.012483,-0.018329,-0.014605,-0.086389,-0.044027,-0.015278,-0.014753,-0.085914,-0.0102,-0.048034,0.006759,-0.028888,4.2e-05,-0.030543,0.000208
2010-02,0.021723,0.031194,0.031488,0.0344,0.046039,0.044752,0.026006,0.045366,0.002668,0.007421,-0.005502,0.010162,-0.005993,0.01298,0.017764,0.018829,0.055831,0.025992,0.015578,0.032748,0.041428,0.059166,-0.003425,0.003319,0.001604,1.8e-05,-0.000218,-0.013032,0.001984,0.003252,0.005066,0.018734,0.002418,0.045123,0.030091,0.035261,0.053323,0.034828,0.031679,-0.013207,0.003836,0.05569,5e-05,-0.028355,0.000208
2010-03,0.063295,0.06088,0.061121,0.063958,0.077109,0.082307,0.064813,0.085003,0.063854,0.062956,0.065059,0.050302,0.073787,0.068426,0.081109,0.081879,0.101868,0.027104,0.039401,-0.004386,-0.004655,0.006135,-0.020572,-0.010569,-0.002692,-0.000109,0.0,-5.8e-05,-6.7e-05,-0.002217,0.006518,0.021335,-0.000178,0.079162,0.028169,0.088989,0.08693,0.068399,0.037674,0.026905,0.026674,0.078069,9.2e-05,-0.006706,0.000208
2010-04,-0.002299,0.01547,0.016192,0.021816,0.022425,0.056784,0.019483,0.068139,-0.028045,-0.02773,-0.038023,-0.004789,0.00615,-0.022787,-0.001662,-0.002135,0.071502,0.017207,0.007982,0.058834,0.039116,0.031451,0.033217,0.016528,0.003002,-6.4e-05,-0.000436,0.025151,0.009733,0.010702,0.019079,0.019244,-0.014474,0.002064,0.041551,0.013166,0.042574,0.012554,-0.010741,0.026299,-0.038904,0.060292,0.000125,-0.012167,0.000208
2010-05,-0.093757,-0.079454,-0.080006,-0.078831,-0.073924,-0.075366,-0.079222,-0.082417,-0.111928,-0.11527,-0.117495,-0.084697,-0.124635,-0.103093,-0.093936,-0.091774,-0.053346,-0.033182,-0.111142,0.030513,-0.101473,-0.135968,0.051085,0.029331,0.004529,0.000146,0.000436,0.001917,0.010825,0.011275,-0.013083,-0.046754,-0.036447,-0.095322,-0.114505,-0.091584,-0.091188,-0.074819,-0.046326,-0.055191,-0.065091,-0.070362,0.000133,-0.075704,0.000208
2010-06,-0.035582,-0.051741,-0.052628,-0.058405,-0.059757,-0.077434,-0.058198,-0.088381,-0.020619,-0.018133,-0.016397,-0.025623,-0.004534,-0.024662,-0.013987,-0.005497,-0.052123,-0.024663,0.000434,0.023553,-0.017759,0.00072,0.057978,0.030483,0.00419,0.000326,0.000218,0.012798,0.017687,0.01451,0.032786,0.011111,0.011478,-0.073321,-0.059255,-0.057287,-0.068752,-0.053966,-0.025315,-0.007021,-0.018243,-0.097192,0.000133,-0.002925,0.000208
2010-07,0.093351,0.0683,0.069882,0.070206,0.072583,0.067309,0.071083,0.070815,0.116104,0.116621,0.141826,0.046739,0.103936,0.111237,0.109325,0.102132,0.095935,0.044649,0.127687,-0.050871,0.061196,0.057575,-0.009464,0.009097,0.00194,-0.000208,-0.000436,-0.002428,0.008546,0.008613,0.021108,0.051533,0.061024,0.128304,0.083737,0.06517,0.104266,0.074509,0.058039,0.074663,0.013121,0.079299,0.0001,0.06169,0.000208
2010-08,-0.042812,-0.04498,-0.044268,-0.047111,-0.051299,-0.074439,-0.04625,-0.07505,-0.03795,-0.035835,-0.045762,-0.02596,-0.045126,-0.038914,-0.032367,-0.025555,-0.012758,-0.036635,0.007966,0.057061,-0.030144,-0.05478,0.083909,0.03356,0.002389,0.000254,0.0,0.019419,0.012869,0.015584,0.028553,-0.009895,0.017184,-0.030303,-0.049035,-0.078178,-0.06933,-0.056113,-0.018532,0.014489,-0.016451,-0.039758,0.000133,-0.026712,0.000208
2010-09,0.098094,0.089554,0.088239,0.094637,0.131728,0.124453,0.076606,0.106985,0.09972,0.096569,0.112583,0.054371,0.119603,0.102024,0.117573,0.114215,0.044707,0.052805,0.095796,0.047756,0.086036,0.080274,-0.025203,-3.1e-05,0.001186,0.000263,0.0,0.007855,7.3e-05,-4.8e-05,0.004566,0.036578,0.033615,0.07755,0.099956,0.060637,0.115268,0.116637,0.060379,0.028948,0.090633,0.110215,0.000133,0.076341,0.000208
2010-10,0.037492,0.038202,0.038432,0.04026,0.063379,0.041482,0.026175,0.038554,0.038055,0.040556,0.048851,0.013145,0.045076,0.034808,0.030154,0.031017,0.047428,0.008923,0.049363,0.036823,0.04438,0.02899,-0.044693,-7.1e-05,0.002194,-9e-06,0.000218,0.024742,0.001522,0.003191,-0.002628,0.018373,0.021348,0.061623,0.056725,0.014634,0.028773,0.057776,0.031923,0.010835,0.022302,0.055372,0.000125,0.015314,0.000208
2010-11,-0.021861,0.0,-0.000673,0.005105,-0.001725,0.03485,-0.005209,0.026095,-0.048237,-0.048997,-0.078083,0.02495,-0.034406,-0.035739,-0.029055,-0.028376,-0.018515,0.014286,-0.061401,0.021113,-0.004369,0.012306,-0.016893,-0.008981,-0.002049,-9e-06,0.0,-0.016926,-0.008349,-0.006815,-0.016152,-0.012747,-0.068419,0.011207,0.058575,-0.006868,0.013362,-0.016427,-0.015641,-0.030265,-0.028874,0.025241,0.000108,-0.06199,0.000208
2010-12,0.077922,0.066852,0.067805,0.069594,0.047572,0.080334,0.082495,0.083354,0.083081,0.084464,0.091366,0.069594,0.114283,0.079012,0.072778,0.075699,0.045507,0.06934,0.098391,0.024369,0.098923,0.090851,-0.03699,-0.03431,-0.001637,0.000354,-0.000218,-0.013876,-0.006754,-0.010205,-0.007521,0.027929,0.031264,0.100377,0.093185,0.107042,0.074767,0.055556,0.043996,0.031053,0.046033,0.040959,0.000117,0.028004,0.000208
2011-01,0.010681,0.0233,0.02297,0.020483,0.028277,-0.003706,0.031885,-0.001266,0.020955,0.021577,0.036872,0.001833,0.00687,0.005449,-0.038413,-0.034476,0.032509,-0.007697,-0.003853,-0.063798,0.035572,0.031085,-0.030812,-0.000213,0.001309,-0.000181,0.0,0.000185,-0.000851,0.000872,0.000368,0.016502,0.00821,0.000781,0.071794,0.028213,0.039289,0.031759,-0.014671,0.012125,0.005714,-0.006148,0.000117,0.024697,0.000208
2011-02,0.031072,0.034737,0.034611,0.036976,0.031607,0.05542,0.036917,0.050986,0.035498,0.036555,0.031238,0.054895,0.022824,0.032521,-0.000436,-0.001721,0.047053,0.036199,0.029913,0.059983,0.04171,0.026451,0.016503,-0.002084,-0.001214,9.1e-05,0.0,0.007209,0.002905,0.002934,0.0108,0.014355,0.006617,0.026535,0.073685,0.027439,0.021247,0.021931,0.029086,0.012295,0.03125,0.059978,0.000125,0.010371,0.000208
2011-03,-0.00861,0.00012,-2.5e-05,0.004185,-0.004483,0.025231,-0.002572,0.013589,-0.023883,-0.025021,-0.010288,-0.104944,-0.002991,-0.005906,0.062896,0.05473,-0.016107,-0.031454,-0.017838,0.015981,0.026582,0.034913,0.000293,-0.001545,-0.001299,0.000172,0.0,0.011903,-0.00223,-0.001473,-0.005406,0.000424,0.008429,0.017541,0.018824,-0.024754,0.022304,-0.015509,0.012459,0.002313,0.018086,-0.005815,0.000108,0.026963,0.000208
2011-04,0.048181,0.028961,0.029547,0.028962,0.028731,0.026375,0.024798,0.016052,0.056259,0.061914,0.083157,0.020349,0.058837,0.049945,0.027327,0.033708,0.057465,0.015152,0.06226,0.089447,0.045559,0.04257,0.023391,0.018412,0.005342,0.000545,0.0,0.02378,0.015675,0.014638,0.025045,0.015976,0.048804,0.02124,0.009154,-0.00061,0.027343,0.026093,0.053476,0.040477,0.064331,0.038413,8.3e-05,0.045963,0.000333
2011-05,-0.019531,-0.011215,-0.011903,-0.010608,-0.012187,-0.017942,-0.018187,-0.016973,-0.022061,-0.027007,-0.028434,-0.024691,-0.024406,-0.030386,-0.0294,-0.029447,0.013748,-0.003245,-0.006271,-0.017917,-0.051724,-0.068567,0.034228,0.025055,0.00364,-0.0001,0.000218,0.002659,0.012398,0.011804,0.012695,0.001333,-0.013545,-0.027404,-0.041874,-0.032967,-0.027649,-0.010471,0.025063,0.021412,0.024688,-0.002713,5e-05,-0.031965,0.000417
2011-06,-0.01761,-0.01687,-0.016772,-0.017996,-0.020255,-0.024045,-0.021756,-0.02497,-0.012107,-0.012192,-0.020852,0.024435,-0.012577,-0.012523,-0.009355,-0.009977,-0.032993,-0.017332,-0.009517,-0.024325,-0.042645,-0.059553,-0.023231,-0.005043,-4.7e-05,0.000172,0.0,0.00755,-0.004451,-0.003756,-0.007972,-0.005706,-9.8e-05,-0.004019,-0.019221,-0.027454,-0.005457,-0.024833,-0.026648,-0.001439,-0.01124,-0.002176,3.3e-05,0.004727,0.000417
2011-07,-0.022798,-0.020004,-0.01971,-0.022661,0.016652,-0.034062,-0.035807,-0.03171,-0.023778,-0.023898,-0.045956,0.026846,-0.01696,-0.026865,-0.010294,-0.00617,0.015641,-0.059063,-0.023031,0.084178,0.04558,0.031662,0.044145,0.031695,0.002861,-0.000562,0.0,0.038995,0.016865,0.016271,0.024301,0.003549,0.016465,-0.034544,0.014599,-0.035831,-0.068744,0.00428,-0.012808,-0.009259,-0.039685,-0.013927,3.3e-05,-0.013354,0.000544
2011-08,-0.073595,-0.054976,-0.055235,-0.060883,-0.050689,-0.088914,-0.061893,-0.091051,-0.087549,-0.085822,-0.092814,-0.080299,-0.082304,-0.088067,-0.092549,-0.090853,-0.056193,-0.00938,-0.045374,0.122749,-0.003963,-0.01705,0.096675,0.046515,0.003447,0.000409,0.0,0.006436,0.015205,0.016589,0.003404,-0.027282,0.010792,-0.070245,-0.102159,-0.095946,-0.065744,-0.05308,0.001946,0.021706,-0.021102,-0.052459,3.3e-05,0.013324,0.000625
2011-09,-0.104396,-0.069421,-0.067845,-0.07572,-0.044909,-0.111503,-0.074056,-0.108441,-0.108083,-0.113302,-0.122383,-0.039594,-0.112297,-0.123093,-0.178947,-0.184384,-0.108419,-0.065665,-0.14134,-0.110623,-0.14622,-0.127204,0.132062,0.02237,-0.001016,0.000136,-0.000218,-8.7e-05,0.007706,0.006647,0.003511,-0.053014,-0.043459,-0.164795,-0.144234,-0.113911,-0.0931,-0.030696,-0.032956,0.002161,-0.04488,-0.068952,1.7e-05,-0.065536,0.000625
2011-10,0.113242,0.109147,0.106518,0.113652,0.10402,0.151011,0.112059,0.144661,0.096274,0.097577,0.1242,-0.006342,0.074413,0.112125,0.162678,0.159084,0.142913,0.061093,0.093916,0.058712,0.076505,0.102683,-0.038292,-0.012865,0.000344,-0.000127,-0.000436,0.020705,0.001265,0.001126,0.025096,0.084917,0.02095,0.173365,0.19142,0.1431,0.143737,0.102119,0.046527,0.036585,0.057675,0.119335,8e-06,0.036881,0.000625
2011-11,-0.011481,-0.004064,-0.00318,-0.003734,-0.02692,-0.003784,-0.003835,-0.001991,-0.021764,-0.020865,-0.028659,0.003191,-0.025573,-0.02155,-0.019603,-0.017096,-0.038011,-0.025758,-0.023389,0.016673,-0.002886,0.01502,0.019891,0.005798,0.000449,-0.000146,0.000218,0.005253,-0.003307,-0.000599,-0.031566,-0.02427,-0.02767,0.002032,0.01664,-0.051111,0.014064,-0.014994,0.027706,0.01033,0.009535,-0.007176,1.7e-05,-0.04164,0.000472
2011-12,-0.009503,0.010448,0.010676,0.009771,-0.006142,0.005151,0.019027,0.014102,-0.021749,-0.021373,-0.023385,-0.022316,-0.033148,-0.021214,-0.042648,-0.041612,0.048503,0.018463,-0.05745,-0.106624,-0.028944,-0.023972,0.034449,0.019877,0.000521,0.000264,-0.000174,0.00164,0.013567,0.011803,0.034882,0.045521,0.00643,-0.022793,-0.020424,0.021332,0.002542,-0.002289,0.027703,0.033314,0.02965,0.013074,8e-06,-0.035698,0.000296
2012-01,0.054779,0.046374,0.046126,0.0507,0.084184,0.071458,0.04911,0.067185,0.052695,0.056154,0.05455,0.048299,0.08832,0.062483,0.109911,0.107825,0.063793,0.07425,0.092052,0.113955,0.036885,0.023954,-0.003299,0.00862,0.000828,-0.000182,-0.000219,0.022881,0.007257,0.006344,0.021448,0.014648,0.027367,0.109851,0.022567,0.081539,0.073185,0.062083,-0.014158,-0.036131,0.031998,0.058945,8e-06,0.018317,0.000208
2012-02,0.04946,0.043406,0.042119,0.042185,0.0641,0.025689,0.041372,0.014561,0.048331,0.048841,0.054246,0.046073,0.052603,0.049092,0.052718,0.054335,-0.011508,0.016176,0.049482,-0.02965,0.053539,0.062185,-0.025971,-0.010999,-0.001407,-9.1e-05,0.000219,-0.005781,-0.000136,0.000406,0.016329,0.021023,0.002568,-0.005649,0.059272,0.049787,0.027884,0.071032,0.037465,0.006055,0.010614,0.045256,2.5e-05,0.020264,0.000208
2012-03,0.01114,0.032163,0.032964,0.030677,0.05053,0.024847,0.033072,0.031006,0.004208,0.003272,0.000652,0.019019,0.007785,-0.004874,-0.03113,-0.025992,0.052002,0.008355,0.015759,-0.013208,-0.017735,-0.030388,-0.04236,-0.015913,-0.000771,-9.1e-05,-0.000219,-0.008595,-0.005729,-0.005078,-0.014212,-0.009531,-0.007747,0.003808,-0.038099,0.073878,0.00979,0.045142,0.031009,0.01359,0.044771,0.047206,7.5e-05,-0.006472,0.000208
2012-04,-0.011441,-0.006675,-0.006586,-0.006366,-0.011695,-0.016182,-0.013245,-0.015212,-0.020769,-0.023802,-0.024951,-0.043222,-0.007725,-0.016655,-0.016996,-0.020934,0.028594,0.035503,0.015753,-0.00148,-0.013542,-0.00345,0.048343,0.025092,0.002017,0.0,0.000219,0.017848,0.00906,0.011035,0.010822,0.011366,0.010961,-0.008114,-0.007108,-0.023418,-0.010957,-0.011273,0.002934,0.017694,-0.00266,0.011533,6.7e-05,-0.010632,0.000208
2012-05,-0.092799,-0.060056,-0.060094,-0.062256,-0.070402,-0.065791,-0.066178,-0.060813,-0.111442,-0.11168,-0.119715,-0.087269,-0.114515,-0.111083,-0.107058,-0.106673,-0.045059,0.001428,-0.078075,-0.06338,-0.11158,-0.127813,0.090253,0.028695,0.000569,0.000273,0.0,0.019464,0.010781,0.009316,0.007572,-0.032209,-0.029267,-0.07772,-0.106822,-0.092028,-0.063226,-0.06338,-0.011703,0.005608,-0.036257,-0.055032,6.7e-05,-0.061374,0.000208
2012-06,0.050723,0.040581,0.042077,0.040452,0.036215,0.050522,0.046547,0.049918,0.070433,0.069807,0.082659,0.068693,0.041459,0.06164,0.050354,0.050237,0.05517,0.04417,0.082932,0.023546,0.020206,0.006947,-0.016782,-0.004143,-0.000972,-9.1e-05,-0.000437,-0.006689,-0.000197,0.000664,0.008715,0.046568,0.010165,0.049121,0.048099,0.049992,0.033712,0.032637,0.036395,0.041112,0.057119,0.019368,7.5e-05,0.015077,0.000208
2012-07,0.008206,0.011829,0.012431,0.008751,0.009975,-0.015209,0.008349,-0.012502,0.000801,0.002534,0.003269,-0.044633,-0.011898,0.002689,-0.000255,0.002003,0.020021,0.03876,0.032355,0.008377,0.058252,0.058804,0.038173,0.014012,0.002206,0.0,0.0,0.017546,0.013621,0.012317,0.03483,0.010223,0.013128,-0.012751,0.049419,0.001366,0.003925,0.018448,0.024734,0.025142,0.009997,-0.005482,7.5e-05,-0.024305,6.7e-05
2012-08,0.027809,0.025053,0.024775,0.027024,0.051852,0.035354,0.022134,0.034527,0.032,0.032859,0.046777,0.007787,0.040045,0.020649,0.00409,0.0025,-0.000149,0.018318,0.016065,0.049396,0.056514,0.071672,-0.013189,-0.001173,7.1e-05,0.000182,0.0,-0.00247,0.0,0.00161,-0.000538,0.012446,0.012224,0.023249,0.026993,0.034107,0.015359,0.042037,-0.004771,-0.041403,0.011722,0.046164,8.3e-05,0.02662,0.0
2012-09,0.027057,0.02535,0.023316,0.024913,0.008884,0.032609,0.030994,0.033238,0.027132,0.026303,0.029337,0.012141,0.042003,0.034945,0.05219,0.053103,-0.018632,0.028139,0.026453,0.046706,-0.003821,-0.021424,-0.025328,-0.003483,0.000166,-8.2e-05,0.0,0.005118,0.002666,0.001812,0.011001,0.005206,0.019583,0.037665,0.031158,0.032637,0.011178,0.015328,0.017567,0.011693,0.038089,0.030808,8.3e-05,0.025295,0.0
2012-10,-0.00514,-0.018198,-0.020221,-0.018058,-0.052793,-0.021692,-0.007144,-0.015148,0.010943,0.010645,0.017676,-0.011996,0.007752,0.006347,-0.004355,-0.005513,-0.009081,-0.017299,0.037962,-0.029437,-0.039052,-0.040237,-0.00484,-0.00396,-0.000687,-7.3e-05,0.000218,0.006242,-0.000473,-0.001012,0.013461,0.008441,-0.003935,-0.020924,-0.020291,0.019885,-0.001095,-0.063574,-0.01228,0.014015,-0.002243,-0.015388,9.2e-05,0.004872,0.0
2012-11,0.015931,0.00566,0.008694,0.007743,0.013087,0.005513,0.001378,0.005218,0.027809,0.027084,0.02475,0.029801,0.014616,0.023966,0.015553,0.012774,-0.00264,-0.030467,0.014236,-0.004675,0.019594,0.01603,0.011592,0.009791,0.000237,9.1e-05,-0.000218,0.00558,0.002707,0.000588,-0.007234,0.004969,-0.000164,0.018596,-0.012233,-0.008805,0.01754,0.009005,0.018367,-0.042819,0.005246,0.031691,8.3e-05,-0.000539,0.0
2012-12,0.029042,0.008935,0.009441,0.012928,-0.004669,0.036188,0.02237,0.042202,0.043812,0.042441,0.04306,0.05627,0.048335,0.031781,0.068036,0.070671,0.037227,-0.013267,0.03953,-0.02427,-0.011388,-0.005158,-0.024877,-0.009403,0.000249,0.000381,0.0,-0.008218,-0.002453,-0.008764,-0.003305,0.014014,0.001487,0.031931,0.010187,0.046492,0.028225,-0.003914,-0.020766,-0.000166,-0.003594,0.004509,7.5e-05,0.016017,0.0
2013-01,0.037645,0.05119,0.051139,0.054176,0.026716,0.062382,0.064317,0.059595,0.037285,0.03832,0.042793,0.022564,0.042496,0.028175,-0.002931,0.000674,0.037386,0.098025,0.00532,-0.005061,0.024838,0.045746,-0.031853,-0.012932,0.000118,-0.000272,0.0,-0.005189,-0.006211,-0.006903,-0.012977,0.003427,-0.009343,0.039425,0.08303,0.060403,0.05752,0.019064,0.056446,0.047537,0.075978,0.056703,5.8e-05,0.026982,0.0
2013-02,-0.001002,0.012759,0.013558,0.012815,0.003439,0.010047,0.011605,0.009998,-0.012886,-0.011482,-0.033969,0.024072,0.013195,-0.011843,-0.02284,-0.023564,0.012159,0.014657,0.005052,-0.050868,-0.047067,-0.051035,0.012387,0.011325,0.000604,-6.3e-05,0.0,0.001904,0.005908,0.005356,0.010761,0.009328,-0.024362,-0.013582,0.004396,0.012083,0.022206,0.007823,0.03309,0.023237,0.012584,0.015959,5.8e-05,-0.03107,0.0
2013-03,0.018258,0.037971,0.036773,0.039485,0.030248,0.04659,0.037776,0.040938,0.013054,0.011921,0.003399,0.057786,0.022326,0.007285,-0.010183,-0.012665,0.028722,0.055781,0.033591,0.009477,0.006635,0.011063,-0.004195,0.002868,0.000332,0.0001,0.0,0.002149,0.000986,0.00079,-0.000467,0.008725,-0.003475,0.022119,0.025426,0.038738,0.023706,0.025777,0.049265,0.053689,0.062114,0.043759,8.3e-05,-0.024678,0.0
2013-04,0.028374,0.019213,0.019636,0.016057,0.025374,-0.003494,0.017751,0.000358,0.050186,0.052155,0.04539,0.083333,0.035714,0.034998,0.012158,0.020047,0.067348,0.006394,0.072076,-0.075623,-0.038081,-0.048936,0.046849,0.015252,0.000687,0.000181,-0.000219,0.007922,0.009685,0.010152,0.021735,0.021179,0.02687,0.009444,-0.013113,0.026908,-0.007424,0.017509,0.029419,0.059591,0.030033,0.030377,7.5e-05,0.020851,0.0
2013-05,-0.003832,0.023609,0.023995,0.024434,0.035775,0.03932,0.02463,0.02958,-0.03019,-0.029742,0.000195,-0.073505,-0.039974,-0.030659,-0.048279,-0.050731,-0.059777,-0.1277,-0.108219,-0.061988,-0.015607,-0.01534,-0.067609,-0.03105,-0.001337,-9.1e-05,0.000219,-0.041932,-0.02001,-0.019258,-0.032176,-0.025812,-0.043417,0.018964,0.028491,0.060963,0.050181,0.027922,-0.021739,-0.090514,0.016479,0.027651,5e-05,-0.005049,0.0
2013-06,-0.026017,-0.013344,-0.015852,-0.014367,-0.023953,-0.00818,-0.010014,-0.004866,-0.026779,-0.027951,-0.044524,0.039534,-0.027386,-0.03703,-0.053257,-0.053549,-0.019819,-0.038402,-0.015529,-0.110588,-0.028229,-0.000325,-0.032713,-0.025462,-0.000985,-0.000181,-0.000219,-0.03802,-0.015654,-0.016477,-0.032675,-0.016887,-0.017235,-0.041102,-0.022667,-0.015706,-0.015441,-0.028917,-0.003023,0.008945,-0.005912,0.008209,3.3e-05,0.00569,0.0
2013-07,0.0458,0.051677,0.053891,0.057457,0.063141,0.073342,0.052395,0.065382,0.053229,0.051966,0.076252,0.0,0.0701,0.045443,0.013247,0.00696,0.009022,-0.019748,0.015288,0.074301,0.031834,0.056494,-0.022579,-0.003527,0.001626,0.000272,0.0,0.00902,0.002691,0.003804,0.011061,0.028539,0.023949,0.055541,0.052618,0.053471,0.0591,0.037267,0.043358,0.043317,0.071623,0.05266,4.2e-05,0.014908,0.0
2013-08,-0.022949,-0.029993,-0.030375,-0.030313,-0.00396,-0.031642,-0.035992,-0.044515,-0.019552,-0.016022,-0.014672,-0.031194,-0.006684,-0.015977,-0.025378,-0.034306,-0.069801,-0.036261,-0.040484,0.052047,0.028153,0.031039,-0.013404,-0.014226,-0.000972,0.0,0.0,-0.018263,-0.008264,-0.008583,-0.009984,-0.01272,-0.011528,-0.001235,-0.010313,-0.051244,-0.0248,-0.010401,-0.045422,-0.049924,-0.03528,-0.028466,3.3e-05,-0.003013,0.0
2013-09,0.055393,0.031646,0.032391,0.038971,0.048322,0.064891,0.02474,0.057722,0.078249,0.078505,0.071756,0.096596,0.088156,0.0702,0.072067,0.07275,0.034818,0.037478,0.090985,-0.047838,-0.033759,-0.034873,0.006517,0.018462,0.002231,9.1e-05,-0.000218,0.017561,0.011206,0.011139,0.00742,0.007813,0.027912,0.044285,0.021143,0.028216,0.058669,0.025321,0.013711,0.011473,0.032074,0.054229,3.3e-05,0.0204,0.0
2013-10,0.039503,0.046307,0.046122,0.04267,0.049569,0.0242,0.043795,0.032082,0.032602,0.032087,0.041835,-0.000839,0.02989,0.035252,0.041708,0.043359,0.045207,0.00417,0.024211,-0.003433,-0.000388,-0.014515,0.014305,0.007778,0.000687,-0.000182,-0.000218,0.003439,0.008326,0.008574,0.018081,0.025183,0.012565,0.041894,0.041972,0.033149,0.047619,0.05025,0.06407,0.037731,0.043091,0.045852,1.7e-05,0.01007,0.0
2013-11,0.015522,0.029638,0.029826,0.027027,0.035512,0.039564,0.028135,0.037746,0.005464,0.00661,0.010215,0.012595,0.003003,0.001939,-0.002591,-0.009315,-0.05251,-0.032392,-0.020626,-0.055112,-0.00932,-0.004701,-0.027032,-0.008763,0.000935,0.0,-0.000219,-0.010567,-0.002506,-0.002942,-0.001394,0.004732,-0.013453,0.013023,0.000579,0.044239,0.03661,0.030906,0.015585,-0.01934,0.047186,0.034537,4.2e-05,-0.002199,0.0
2013-12,0.020692,0.025926,0.025638,0.027335,0.029271,0.020211,0.022747,0.020349,0.021762,0.018982,0.029399,0.014243,0.031064,0.016622,-0.004066,-0.002846,0.001018,0.030061,-0.004043,-0.037945,0.00588,0.013539,-0.018697,-0.020906,-0.001773,0.000109,0.0,-0.014527,-0.005568,-0.006368,0.002149,0.004067,-0.002258,0.048962,0.028717,0.022476,0.042186,0.035346,0.006899,0.00911,0.007389,0.022832,5.8e-05,0.013225,0.0
2014-01,-0.046338,-0.035249,-0.034904,-0.031694,-0.019213,-0.02774,-0.040018,-0.038794,-0.052012,-0.052064,-0.045749,-0.066721,-0.027658,-0.060638,-0.086364,-0.084346,0.042751,0.05816,-0.041747,0.034189,-0.030397,-0.022057,0.063028,0.030633,0.002015,-9.1e-05,0.0,0.021019,0.01541,0.01549,0.018828,0.003983,0.004503,-0.047166,-0.05796,-0.036596,-0.042671,-0.025741,-0.051652,0.029761,0.00938,-0.060003,5.8e-05,-0.019941,0.0
2014-02,0.052047,0.045516,0.045599,0.048665,0.051524,0.047789,0.037786,0.045588,0.061311,0.059479,0.073427,0.024713,0.06395,0.056797,0.033778,0.032386,0.050654,0.042658,0.050659,0.062703,0.050241,0.047967,0.00524,0.003575,0.00039,0.000182,0.000219,0.004367,0.003763,0.004697,0.011449,0.023085,0.022333,0.069028,0.051211,0.030389,0.040576,0.04394,0.039009,0.034526,0.062187,0.063992,3.3e-05,0.021974,0.0
2014-03,0.005708,0.008295,0.008744,0.005094,-0.027336,-0.007484,0.026259,0.012034,-0.004592,-0.003534,-0.006289,-0.024117,-0.010239,0.00518,0.038754,0.046273,0.004969,0.00454,-0.001048,-0.031421,-0.000383,-0.000606,0.007321,-0.00561,-0.001088,9e-05,-0.000219,-0.005324,-0.00148,-0.001697,-0.000291,-0.000815,0.003109,0.008259,0.021084,0.033308,0.009565,0.004302,0.02193,0.03351,-0.012578,-0.028671,4.2e-05,-0.00181,0.0
2014-04,0.011868,0.006952,0.007441,0.000616,-0.003194,-0.037477,0.011853,-0.025288,0.016667,0.01575,0.026463,-0.022065,-0.003448,0.016749,0.007803,0.008872,0.032852,0.017129,0.037406,0.004935,0.011103,0.010009,0.020952,0.007583,0.001077,0.0,0.0,0.013202,0.008216,0.008025,0.013293,0.004205,0.010088,0.008249,0.052549,-0.01701,0.013377,0.002751,0.027403,0.042209,-0.006326,-0.013597,4.2e-05,0.004497,0.0
2014-05,0.020058,0.023206,0.022845,0.02102,0.044857,0.007859,0.012168,0.005901,0.015954,0.017652,0.007767,0.045126,0.011342,0.016896,0.029519,0.031021,0.023992,0.023256,0.033716,-0.03051,-0.014388,-0.005105,0.029495,0.018254,0.001787,0.0,0.0,0.020014,0.011791,0.010531,0.015144,0.012063,0.001437,0.029578,0.016748,0.015027,0.019234,0.037585,0.018084,-0.010877,0.028734,0.028822,2.5e-05,-0.017545,0.0
2014-06,0.018182,0.020645,0.02086,0.026212,0.031238,0.05272,0.019529,0.044402,0.009208,0.010357,-0.000887,0.046824,0.017072,0.016236,0.024018,0.03173,0.011341,0.013684,0.014368,0.06319,0.021129,0.023845,-0.002513,-0.002168,-0.000791,0.0,-0.000218,0.003698,-0.000576,0.000841,6.7e-05,0.00612,0.015972,0.016146,0.055133,0.024226,0.004749,0.018689,-0.002533,0.044419,0.021215,0.019387,2.5e-05,0.003748,0.0
2014-07,-0.014437,-0.013438,-0.01396,-0.019947,0.01182,-0.060543,-0.0144,-0.06155,-0.026035,-0.023714,-0.043202,-0.003322,-0.033069,-0.01541,0.013648,0.01368,0.000801,-0.022152,-0.005877,-0.036317,-0.047404,-0.056604,0.006641,-0.002205,-0.000769,-9e-05,-0.000218,-0.000922,-0.002509,-0.002779,-0.003195,-0.024318,-0.013699,-0.019944,-0.034665,-0.014512,-0.041251,0.016949,-0.033169,-0.068007,0.001315,-0.012736,3.3e-05,-0.020428,0.0
2014-08,0.025762,0.039464,0.039691,0.041508,0.050095,0.048296,0.035625,0.043375,0.001802,0.002645,0.007322,-0.016667,0.001954,0.010575,0.028298,0.038426,0.030441,0.04288,0.017053,0.003809,-0.011453,-0.015625,0.047238,0.018802,0.00186,9e-05,0.000218,0.006075,0.011496,0.011414,0.02004,0.023803,0.002337,0.038643,0.021836,0.042391,0.042254,0.03282,0.046129,0.049212,0.048432,0.044468,2.5e-05,-0.014276,0.0
2014-09,-0.033158,-0.013796,-0.013721,-0.020967,-0.007566,-0.059279,-0.017143,-0.066421,-0.038825,-0.041528,-0.03975,-0.002542,-0.054028,-0.048137,-0.077674,-0.071658,-0.060406,-0.061748,-0.067825,-0.061763,-0.072313,-0.060635,-0.021123,-0.010495,-0.000733,-0.000181,0.0,-0.025952,-0.006148,-0.005715,-0.016816,-0.019827,-0.043403,-0.014051,-0.077514,-0.004034,-0.011464,-0.00517,0.005888,-0.01873,0.00435,-0.027709,2.5e-05,-0.045875,0.0
2014-10,0.012054,0.023551,0.023858,0.02746,0.02642,0.065935,0.017875,0.069688,-0.002651,-0.003522,-0.019015,0.024639,0.000825,-0.002199,0.014197,0.022298,0.099373,0.049194,0.050712,-0.030548,-0.03876,-0.05948,0.028186,0.015363,0.002604,0.000181,-0.000218,0.009012,0.010641,0.007227,0.012343,0.010605,-0.00246,-0.023997,-0.035313,0.028917,0.038758,0.01604,0.035469,0.080304,0.052574,0.021143,1.7e-05,-0.004689,0.0
2014-11,0.013756,0.027472,0.027538,0.024803,0.045463,0.001115,0.023669,-0.003797,0.000625,0.0,0.020676,-0.036484,-0.013391,-0.000881,-0.015421,-0.011023,0.020003,0.023444,-0.012641,-0.004882,-0.085125,-0.10097,0.029675,0.012887,0.001051,-9e-05,0.0,0.001591,0.00657,0.00831,0.009117,-0.010811,-0.013453,0.015702,-0.086936,0.02349,0.030791,0.048101,0.055448,0.011656,0.034785,0.054479,1.7e-05,-0.003274,0.0
2014-12,-0.023577,-0.002537,-0.002969,-0.000383,-0.022406,0.028929,0.005142,0.026458,-0.039928,-0.037697,-0.046899,-0.026942,-0.010939,-0.04078,-0.039635,-0.046803,0.019039,-0.028419,-0.024592,0.013112,-0.096474,-0.13749,0.032514,0.001294,-0.002926,-9.1e-05,-0.000219,-0.010512,0.001476,0.000569,-0.000173,-0.008031,-0.010671,-0.005569,-0.002108,0.018703,-0.000216,-0.021768,-0.009357,0.035672,-0.014034,0.0089,1.7e-05,-0.027397,0.0
2015-01,-0.013162,-0.029629,-0.029004,-0.027358,-0.020823,-0.032771,-0.044791,-0.042585,0.006246,0.007127,0.005152,0.022242,0.002783,-0.003486,-0.006872,-0.001999,0.068519,-0.003416,0.035843,0.086899,-0.056911,-0.087118,0.098158,0.043023,0.006275,9.1e-05,-0.000219,0.032318,0.020523,0.024038,0.037518,0.007031,-0.015724,-0.018321,-0.045604,-0.069551,-0.035525,-0.035067,-0.009693,0.023295,0.013016,-0.029938,2.5e-05,-0.068858,0.0
2015-02,0.055084,0.056205,0.056454,0.05742,0.072206,0.059464,0.054818,0.04643,0.063378,0.061599,0.060934,0.074848,0.069599,0.055516,0.04408,0.04657,-0.036742,0.017995,0.030654,-0.059052,0.044253,0.059391,-0.061384,-0.024717,-0.002907,0.000181,0.0,-0.012886,-0.008948,-0.013068,-0.014204,0.022312,-0.010834,0.079682,0.04593,0.058236,0.053509,0.07995,0.041441,-0.063948,0.042876,0.085441,2.5e-05,-0.00575,0.0
2015-03,-0.014612,-0.015706,-0.015971,-0.011629,-0.023589,0.0177,-0.01462,0.01726,-0.014286,-0.012184,-0.02438,0.014575,-0.012575,-0.012155,-0.014973,-0.020553,0.017319,0.009238,-0.020224,-0.021522,-0.060539,-0.065645,0.010922,0.00856,0.002492,-9.1e-05,0.0,-0.004819,0.003747,0.005451,0.001951,-0.009478,-0.013922,-0.049049,-0.011552,-0.00616,-0.025461,-0.034356,-0.019426,-0.009953,0.006406,-0.00483,1.7e-05,-0.042794,0.0
2015-04,0.028657,0.009834,0.009719,0.006154,0.019223,-0.025649,0.014369,-0.02151,0.036466,0.038664,0.04242,0.026337,0.042854,0.047875,0.068528,0.074138,-0.058475,-0.005988,0.023315,-0.001672,0.07147,0.109231,-0.034251,-0.00633,0.000318,9.1e-05,-0.000219,0.006779,-0.003228,-0.003234,-0.011872,0.008713,0.019578,0.03362,0.065738,0.000829,-0.00251,0.02751,-0.007592,-0.004727,-0.010896,-0.000531,2.5e-05,0.042383,0.0
2015-05,0.0,0.012856,0.01301,0.012974,0.022484,0.022364,0.007029,0.007525,0.001955,-0.000483,0.002831,0.014775,0.017057,-0.011315,-0.041045,-0.035536,-0.003024,0.002582,-0.019174,0.005552,-0.031711,-0.021729,-0.023724,-0.004163,0.000412,0.0,-0.000218,-0.010056,-0.004374,-0.004967,-0.011203,0.003554,-0.032311,0.003769,-0.051887,0.019478,0.003236,0.018553,0.008683,0.006332,0.045042,0.013146,1.7e-05,-0.021846,0.0
2015-06,-0.025784,-0.020312,-0.019817,-0.016749,-0.024841,0.007829,-0.019664,0.002064,-0.031182,-0.029108,-0.032727,-0.013405,-0.016403,-0.031629,-0.029309,-0.025531,-0.046686,-0.066706,-0.026482,-0.015162,0.016375,-0.002363,-0.040721,-0.016309,0.000318,9.1e-05,0.0,-0.010246,-0.010767,-0.011122,-0.018831,-0.018871,-0.007441,-0.039495,-0.034835,-0.00461,-0.026547,-0.041128,-0.018344,-0.05984,-0.00392,0.005545,1.7e-05,0.019964,0.0
2015-07,0.008242,0.022589,0.021909,0.017006,0.045577,-0.011039,0.004446,-0.028391,0.020318,0.014628,0.026677,0.009368,0.008624,-0.002263,-0.063099,-0.062623,0.057705,0.02552,0.010272,-0.06621,-0.126111,-0.141639,0.045461,0.015185,0.000449,-0.000182,0.0,0.005355,0.008623,0.008792,0.008319,-0.00492,-0.002115,-0.050423,-0.076903,0.034044,0.002959,0.028502,0.056933,0.061023,0.029574,0.048902,1.7e-05,-0.019841,0.0
2015-08,-0.068068,-0.06095,-0.061437,-0.060915,-0.068244,-0.06311,-0.060462,-0.048924,-0.074251,-0.072334,-0.070192,-0.062645,-0.046638,-0.07441,-0.088362,-0.098643,-0.062911,-0.034102,-0.067155,0.037072,-0.002543,0.002759,-0.006895,0.000789,-0.000496,9.1e-05,0.0,-0.009499,-0.003359,-0.002462,-0.008275,-0.015233,-0.001927,-0.056366,-0.042519,-0.070607,-0.054039,-0.05519,-0.059631,-0.034781,-0.079644,-0.065321,2.5e-05,0.022613,0.0
2015-09,-0.034372,-0.025516,-0.024981,-0.02923,-0.022073,-0.049363,-0.028165,-0.034867,-0.044189,-0.040803,-0.041199,-0.056931,-0.026294,-0.042892,-0.031324,-0.028817,0.030597,-0.026998,0.004149,-0.018011,-0.034417,-0.059989,0.019669,0.015792,0.00295,0.000281,-0.000438,-0.00523,0.008115,0.008096,0.011898,-0.029898,0.005018,-0.074214,-0.071934,-0.028134,-0.02204,-0.013718,0.003898,0.029174,-0.057029,-0.00587,5.8e-05,-0.00107,0.0
2015-10,0.076567,0.08506,0.08479,0.079113,0.113699,0.056227,0.073784,0.055161,0.06612,0.06734,0.058967,0.077865,0.049194,0.065557,0.063759,0.052886,0.057585,-0.001005,0.053889,0.022834,0.0033,-0.000585,-0.004088,-0.006369,-0.001412,-0.000281,-0.000219,0.003001,0.000685,0.000294,0.005736,0.032308,0.004225,0.134268,0.111601,0.062665,0.087793,0.105063,0.057004,0.010626,0.077156,0.090359,1.7e-05,-0.016603,0.0
2015-11,-0.005338,0.003655,0.003922,0.006008,0.006088,0.032599,0.005652,0.029663,-0.007528,-0.007623,-0.012481,0.00487,0.006784,-0.012978,-0.025236,-0.022962,-0.006259,0.008056,-0.033526,-0.067521,-0.066447,-0.091388,-0.008678,-0.004276,-0.002583,-0.000118,0.000219,-0.001442,-0.003891,-0.003933,-0.001542,-0.024961,-0.024096,0.009938,-0.000147,0.019933,0.00866,0.007102,-0.009222,-0.021257,-0.003224,-0.002347,1.7e-05,-0.039757,0.0
2015-12,-0.021058,-0.017283,-0.017328,-0.021235,-0.015948,-0.050304,-0.01794,-0.054235,-0.023319,-0.021336,-0.02615,-0.01383,-0.001505,-0.027944,-0.038198,-0.034368,0.01831,-0.018689,-0.017694,-0.004513,-0.058492,-0.082527,-0.002972,-0.004531,-0.001491,-0.000118,-0.000219,-0.010108,-0.001916,-0.001761,-0.01081,-0.019923,0.011758,-0.043401,-0.10517,-0.023643,-0.025724,-0.020812,0.029177,0.021192,0.017228,-0.028431,0.0001,0.029114,0.0
2016-01,-0.053028,-0.049786,-0.050032,-0.057239,-0.069104,-0.085775,-0.049475,-0.065478,-0.055177,-0.055284,-0.055534,-0.051155,-0.062462,-0.055542,-0.050326,-0.057475,-0.034366,-0.052301,-0.031698,0.05411,-0.043413,-0.052706,0.055731,0.033337,0.006519,0.000726,0.000219,0.015682,0.012406,0.012011,0.001228,-0.016009,0.002905,-0.107093,-0.03498,-0.088543,-0.05697,-0.037123,0.005347,0.049445,-0.07719,-0.051817,0.000192,0.003031,0.0
2016-02,-0.012486,-0.000826,-0.000565,-0.000102,-0.015654,-0.002234,0.005942,0.006052,-0.033345,-0.030845,-0.032265,-0.053043,-0.017083,-0.024592,-0.008178,-0.003244,-0.003637,0.025386,0.012936,0.109303,-0.002347,-0.020771,0.03086,0.01486,0.00112,0.000353,0.0,0.012208,0.008871,0.008509,0.010517,0.014969,0.033024,0.078153,-0.028002,-0.029006,0.042609,-0.006547,0.003152,0.019375,-0.003611,0.004453,0.000217,-0.00293,0.0
2016-03,0.073946,0.067266,0.062413,0.0711,0.068526,0.080134,0.068818,0.082621,0.065821,0.07191,0.070271,0.04775,0.081903,0.08194,0.129617,0.127207,0.104655,0.070718,0.084735,-0.008429,0.042353,0.044697,-0.000934,-0.000661,0.001378,0.000362,0.0,0.016672,0.008747,0.008832,0.036146,0.025471,0.042064,0.075731,0.101659,0.071592,0.069735,0.088217,0.047383,0.079765,0.027075,0.066974,0.000258,0.045647,0.0
2016-04,0.013379,0.003942,0.00392,0.006582,-0.031868,0.016722,0.019905,0.021356,0.022219,0.023133,0.027617,0.000876,0.011848,0.025329,0.004088,0.010121,-0.023509,0.016546,0.021708,0.051088,0.097066,0.103698,-0.007365,-0.001561,0.000365,0.000544,0.000438,0.002094,0.00255,0.00403,0.015545,0.031225,0.01525,0.051104,0.090645,0.036,0.012439,-0.05027,-0.014324,-0.024184,0.029655,0.001264,0.000242,0.001581,0.0
2016-05,0.003344,0.017011,0.016919,0.017344,0.0437,0.022404,0.009158,0.017863,-0.000856,-0.002997,-0.005014,0.032399,0.017662,-0.012105,-0.036929,-0.03235,0.022486,0.04171,-0.015108,-0.061383,0.008916,0.013141,0.008055,-0.000992,-0.001189,-7.2e-05,0.0,-0.006441,0.000135,-7.2e-05,-0.005125,0.001701,-0.02686,-0.003397,-0.009334,0.018876,-0.004274,0.048896,0.006883,0.015076,0.022353,0.000506,0.000192,-0.021836,0.0
2016-06,-0.000497,0.003476,0.002536,0.002735,-0.02278,-0.000174,0.009484,0.004335,-0.024194,-0.020597,-0.040749,-0.016913,-0.046253,-0.00784,0.045591,0.049236,0.069284,0.029226,0.001944,0.089695,0.043508,0.006485,0.069341,0.030876,0.006025,0.001006,-0.000219,0.022488,0.019352,0.020198,0.030944,0.017931,0.03777,-0.007846,0.027207,-0.032327,0.007132,-0.013778,0.053585,0.076281,0.009091,-0.011396,0.000225,-0.004662,0.0
2016-07,0.037702,0.036471,0.037387,0.039753,0.071509,0.058749,0.026588,0.053634,0.039771,0.041573,0.034719,0.048696,0.051802,0.041581,0.053842,0.051377,0.04263,0.035088,0.035464,0.019847,-0.069707,-0.100515,0.021025,0.002464,-0.000469,1.8e-05,0.000437,0.006388,0.005444,0.005991,0.012915,0.013131,0.011199,0.050712,-0.012603,0.034559,0.036244,0.071017,-0.008159,-0.00667,0.048668,0.045606,0.000225,0.000991,0.0
2016-08,0.003428,0.001197,0.001282,0.002064,0.010501,0.017841,0.005662,0.024245,0.005341,0.004073,0.006836,0.018242,0.001773,0.007146,0.008837,0.007829,-0.037641,0.011299,-0.021202,-0.032563,0.007703,0.020057,-0.010134,-0.010114,-0.002337,0.0,0.0,-0.003427,-0.002154,-0.003137,0.001804,0.019676,-0.011421,-0.00267,0.016771,0.038478,0.009476,0.011626,-0.00585,-0.05545,-0.032447,-0.012987,0.00025,0.00171,0.0
2016-09,0.009394,5.8e-05,6.7e-05,0.001991,0.022136,0.010738,-0.003772,0.00722,0.013368,0.016378,0.007886,0.021172,0.030678,0.014926,0.025185,0.020208,-0.018326,0.005796,0.001599,0.006892,0.043086,0.04073,-0.015084,0.002374,0.001296,0.000661,0.000219,0.007507,0.000516,0.001142,-0.003157,0.010784,0.009627,-0.011612,0.036882,-0.028018,0.001861,0.021018,-0.015456,0.003611,-0.005097,-0.002667,0.00025,0.002605,0.0
2016-10,-0.01912,-0.017337,-0.017789,-0.021917,-0.014572,-0.045971,-0.015059,-0.031217,-0.022155,-0.024057,-0.035296,0.007177,-0.028811,-0.017599,-0.008278,0.003189,-0.057413,0.0,-0.065452,-0.029449,-0.003331,-0.017544,-0.043807,-0.014947,-0.000483,0.00039,0.000219,-0.005408,-0.008172,-0.009396,-0.015285,-0.00983,-0.041955,-0.020943,-0.028183,0.022798,-0.020042,-0.007535,-0.007705,0.008981,-0.065871,-0.024238,0.000242,-0.019264,0.0
2016-11,0.01035,0.036838,0.036689,0.044908,0.004359,0.110633,0.062974,0.131651,-0.017814,-0.015065,-0.0234,-0.01247,-0.025344,-0.020368,-0.044157,-0.04053,-0.016757,0.014034,-0.029502,-0.083566,0.016711,0.024725,-0.082137,-0.042272,-0.0047,-0.00067,-0.000438,-0.020715,-0.025655,-0.025738,-0.031676,0.000187,-0.057184,0.068235,0.084669,0.140324,0.090893,0.001687,-0.042045,-0.054218,0.020635,0.048016,0.000275,-0.028412,0.0
2016-12,0.019623,0.020272,0.021434,0.019867,0.011322,0.028845,0.025899,0.042029,0.027063,0.024486,0.049213,-0.00923,0.019572,0.018554,-0.002527,-0.007383,0.048171,0.006674,0.015725,-0.01915,0.04142,0.050268,-0.004626,-0.001185,0.000724,0.000789,0.000219,-0.000406,0.002541,0.003299,0.008392,0.018389,-0.002687,0.001766,0.017308,0.037565,0.003061,0.022598,0.029966,0.048988,0.007163,0.00039,0.000375,-0.008839,0.0
2017-01,0.029069,0.017895,0.017512,0.018557,0.051401,0.002818,0.00582,-0.008492,0.032912,0.036672,0.029621,0.034998,0.038323,0.038242,0.066553,0.057574,-0.001939,0.013552,0.023004,0.054192,-0.005682,-0.015316,0.008142,0.002194,0.001065,0.000544,0.000438,0.008925,0.002129,0.001856,0.001451,0.009128,0.014627,0.045473,-0.03213,0.00258,0.018644,0.035567,0.017018,0.012559,0.022918,0.042138,0.000425,0.020302,0.0
2017-02,0.025127,0.039292,0.03975,0.036949,0.043751,0.0193,0.037854,0.014076,0.011907,0.01056,0.005875,0.013051,0.02029,0.011481,0.017408,0.022463,0.035086,0.056768,0.013276,0.031848,-0.001905,0.001296,0.015846,0.007236,0.000367,0.000453,0.000502,0.004117,0.006459,0.006167,0.01321,0.015318,0.003035,0.005581,-0.020851,0.052767,0.039129,0.045327,0.047727,0.052664,0.063387,0.018154,0.000425,-0.014691,0.0
2017-03,0.013457,0.00125,0.001175,0.000552,0.020269,0.00026,-0.011626,-0.008381,0.032317,0.030584,0.044303,0.00527,0.025379,0.031449,0.036852,0.028449,-0.024237,0.029315,0.005327,-0.004277,-0.032443,-0.040777,-0.006551,0.000805,0.000639,0.000127,-0.000174,0.0,-0.000554,-0.000395,-0.002951,-0.001434,0.007564,0.006219,-0.01486,-0.029561,-0.007655,0.02226,-0.004227,-0.001353,-0.004806,0.02134,0.000433,0.00887,0.0
2017-04,0.016124,0.009926,0.009652,0.010633,0.02727,0.011493,-0.000961,0.003724,0.024241,0.022137,0.038976,0.00699,0.042113,0.02155,0.017009,0.015609,0.002422,0.03599,0.020856,0.017267,-0.026956,-0.026316,0.015732,0.011087,0.001871,-2.7e-05,0.000744,0.004498,0.00907,0.00796,0.011889,0.008157,0.014265,0.012593,-0.029471,-0.008428,0.019674,0.020071,0.010993,0.007601,0.015331,0.023991,0.000617,0.022355,0.0
2017-05,0.022091,0.014113,0.013942,0.010113,0.038974,-0.019704,-0.003368,-0.030607,0.035423,0.034105,0.049085,0.027574,0.03279,0.030745,0.028458,0.009916,-0.007247,-0.014706,0.024882,-0.001242,-0.014189,-0.011781,0.018878,0.008269,0.000734,0.000553,0.000153,-0.000401,0.006871,0.007102,0.013331,0.010314,0.019245,0.000188,-0.035377,-0.0119,0.017787,0.039537,0.026459,0.041392,0.007682,0.010993,0.000667,0.026624,0.0
2017-06,0.007871,0.006375,0.006671,0.009473,-0.02318,0.033744,0.018855,0.033922,0.00296,0.006373,-0.005135,0.013238,0.005978,0.007162,0.009266,0.008504,0.022327,0.02343,-0.016969,-0.021555,-0.009596,-0.01683,0.007919,-0.005095,-0.00078,0.00078,0.001028,-0.00867,-0.000182,0.000514,0.004803,0.001326,0.003268,0.018502,-0.001117,0.065134,0.013513,-0.028118,-0.022535,-0.027088,0.045671,-0.012594,0.000742,0.017022,0.0
2017-07,0.027332,0.020554,0.020747,0.018802,0.040613,0.008524,0.01391,0.007366,0.026534,0.028799,0.028292,0.020689,0.03406,0.035095,0.058227,0.053392,0.012375,0.002588,0.032808,0.023132,0.040831,0.042083,-0.006583,0.003748,0.00186,0.001007,0.000328,0.004614,0.00334,0.006123,0.007655,0.010192,0.029316,0.015425,0.026186,0.017025,0.002936,0.044591,0.006917,0.024249,0.008203,0.019301,0.000817,0.027603,0.0
2017-08,0.004013,0.002918,0.002737,0.001499,0.020736,-0.012578,-0.012404,-0.024517,-0.000448,0.000236,0.000705,-0.000913,0.007189,0.004238,0.023516,0.029993,-0.002611,0.012688,-0.003304,0.041988,0.003989,-0.010267,0.034087,0.014576,0.002024,0.000698,0.001137,0.010375,0.009413,0.01068,0.006772,0.000655,0.007384,0.00787,-0.054788,-0.015544,0.002196,0.029216,-0.011027,0.032882,0.017524,-0.018607,0.000892,0.008357,0.0
2017-09,0.018801,0.020149,0.020414,0.024401,-0.002952,0.063041,0.033009,0.07152,0.023617,0.025143,0.032103,0.018278,0.029216,0.020258,-0.000446,-0.004951,-0.001141,0.017341,-0.012962,-0.033699,0.019868,0.030429,-0.023229,-0.014416,-0.001868,0.000761,0.000722,-0.00702,-0.005716,-0.004687,-0.000494,0.006006,-0.018656,0.03697,0.101823,0.05133,0.041844,0.008178,-0.00715,-0.027567,0.009114,0.008239,0.000842,-0.001607,0.0
2017-10,0.021505,0.023564,0.023247,0.021695,0.046064,0.007288,0.011491,0.000483,0.016793,0.017738,0.004629,0.052773,0.016774,0.019235,0.032805,0.024329,-0.010711,-0.029675,0.002345,-0.007485,0.03961,0.038926,-0.000386,-0.00189,-0.000912,0.000399,0.0007,0.002361,0.000979,-0.000269,0.001927,0.000849,-0.00759,0.038732,-0.008324,0.028615,0.007465,0.065144,-0.016487,0.03902,-0.007586,0.021203,0.000858,-0.01423,0.0
2017-11,0.020199,0.030566,0.03122,0.030303,0.019717,0.029412,0.033532,0.02899,0.006894,0.008601,-0.000512,0.021483,0.0092,0.004261,-0.003889,-0.003361,0.026642,0.00396,0.024435,0.003563,0.009369,0.01292,0.007432,-0.002793,-0.002161,0.000544,0.000548,0.000863,-0.001483,-0.001067,-0.001233,-0.003678,0.021061,0.009491,0.017523,0.034587,0.041661,0.014138,0.055754,0.026851,0.029096,0.050658,0.000892,0.01813,0.0
2017-12,0.014503,0.012128,0.01209,0.011611,0.006031,-0.003985,0.018229,-0.009537,0.013488,0.016542,0.015304,0.006962,0.025893,0.020065,0.037616,0.037054,-0.001474,0.021925,0.032839,0.021057,0.027846,0.038265,0.018126,0.001848,-0.000202,0.000845,0.000744,0.009355,0.004752,0.005411,0.012204,0.002458,0.002505,0.021269,0.052694,0.018881,0.021085,0.005458,0.02253,-0.060582,-0.005505,0.024582,0.001025,0.012153,0.0
2018-01,0.057012,0.056359,0.056909,0.052313,0.08757,0.02558,0.040266,0.012246,0.050206,0.047481,0.056298,0.050225,0.051938,0.054654,0.082979,0.085602,-0.042541,-0.068584,0.038775,0.032349,0.0295,0.037469,-0.032555,-0.021503,-0.002862,0.00127,0.001313,-0.008503,-0.01125,-0.012382,-0.012257,0.000458,0.029195,0.03998,0.035843,0.065568,0.053654,0.070367,0.016347,-0.031131,0.065554,0.092411,0.0011,0.038689,0.0
2018-02,-0.044751,-0.03636,-0.038043,-0.037596,-0.012928,-0.038437,-0.055537,-0.049886,-0.048348,-0.051075,-0.06146,-0.029711,-0.038172,-0.050493,-0.058985,-0.053571,-0.076778,-0.032304,-0.067047,-0.02076,-0.02924,-0.036708,-0.030415,-0.009328,-0.001006,9e-05,0.000831,-0.010337,-0.010088,-0.010362,-0.022371,-0.008673,-0.007456,-0.05274,-0.10835,-0.029254,-0.038631,-0.004091,-0.076271,-0.038793,-0.044949,-0.034691,0.001175,-0.019507,0.0
2018-03,-0.014975,-0.027411,-0.024776,-0.019632,-0.040788,0.012175,-0.020232,0.011111,-0.008396,-0.003899,-0.003513,-0.006386,-0.001073,-0.006597,0.005414,-0.002092,0.038907,0.064956,0.02503,0.00632,0.022891,0.023356,0.028596,0.011558,0.002471,0.00167,0.001301,0.010097,0.006712,0.006865,0.005568,-0.002318,0.017726,-0.041463,0.01723,-0.041553,-0.026883,-0.037338,-0.009069,0.037965,-0.029165,-0.023847,0.001308,0.00876,0.0
2018-04,0.004045,0.005168,0.003542,0.004495,0.005058,0.009814,0.00503,0.018461,0.015213,0.012656,0.021497,-0.000659,0.006596,0.005635,-0.028169,-0.027671,0.008215,0.002825,0.01974,-0.00954,0.034158,0.046246,-0.020881,-0.012765,-0.002349,0.000934,0.001039,-0.001313,-0.009411,-0.008529,-0.01566,0.004795,-0.028013,0.001229,0.094941,-0.004352,-0.027864,0.000611,-0.041421,0.020384,0.010564,0.023793,0.001417,-0.019641,0.0
2018-05,0.004723,0.024309,0.024107,0.027213,0.056729,0.061636,0.002457,0.058326,-0.018943,-0.014283,-0.024243,-0.014842,-0.009753,-0.018611,-0.026215,-0.023424,0.036799,0.028874,-0.020338,-0.011959,0.026765,0.015499,0.020045,0.009861,0.003523,0.001569,0.001498,0.003292,0.006619,0.006822,0.005213,0.000504,-0.020251,0.020523,0.029942,-0.009836,0.03074,0.067827,-0.015659,-0.011055,0.001824,0.019865,0.001467,-0.03146,0.0
2018-06,-0.005853,0.005751,0.005874,0.007036,0.01145,0.006144,0.006206,0.004187,-0.015841,-0.016533,-0.012385,-0.023128,-0.022982,-0.021861,-0.045457,-0.047895,0.042022,0.015271,-0.012104,-0.036149,-0.019412,0.012436,0.006457,0.001975,0.000432,0.001524,0.001487,0.006474,0.001027,0.001885,-0.004873,0.000988,-0.010237,0.002755,0.005695,-0.017469,-0.03389,-0.002631,0.045691,0.028138,0.016493,0.036186,0.00155,-0.003505,0.0
2018-07,0.030653,0.037047,0.037466,0.033183,0.027964,0.01649,0.039862,0.018098,0.02852,0.022844,0.034028,0.010706,0.011795,0.028571,0.03531,0.03981,0.006016,0.034983,0.01533,-0.022419,-0.024321,-0.036293,-0.014369,-0.005278,-0.000601,0.001279,0.001389,-0.005328,-0.000292,-0.000367,0.013438,0.016777,0.002921,0.028586,0.015539,0.051147,0.073852,0.020872,0.039588,0.015974,0.065541,0.018024,0.001583,0.006691,0.0
2018-08,0.006957,0.03192,0.032336,0.034324,0.057807,0.043106,0.01336,0.023939,-0.022358,-0.01732,-0.028256,-0.005296,-0.011815,-0.023045,-0.037673,-0.041933,0.025751,0.00378,-0.013085,-0.021381,0.007536,0.010429,0.01312,0.01014,0.003468,0.001768,0.001586,0.006447,0.00568,0.006688,0.000199,0.007079,-0.006263,-0.007701,-0.034751,0.013596,0.00234,0.06599,0.00392,0.012881,0.043292,0.051047,0.001633,-0.007243,0.0
2018-09,0.006097,0.005946,0.005356,0.001961,-0.002816,-0.02325,0.004038,-0.024719,0.009653,0.007108,0.000677,0.034524,-0.007174,0.004423,-0.005791,-0.013458,-0.026644,-0.012333,-0.014608,-0.006607,0.033947,0.038417,-0.028643,-0.01205,-0.00143,0.001387,0.0014,-0.009704,-0.006197,-0.005459,-0.001408,0.005245,-0.007432,-0.017954,0.02446,-0.022155,0.021773,-0.000193,0.009872,-0.006483,0.029542,0.005304,0.001692,-0.006437,0.0
2018-10,-0.074333,-0.069105,-0.06822,-0.074106,-0.085957,-0.109878,-0.053436,-0.089098,-0.081336,-0.085972,-0.078976,-0.08949,-0.096821,-0.079681,-0.087605,-0.076585,-0.029251,-0.019973,-0.04732,0.021195,-0.056205,-0.061844,-0.029306,-0.003031,0.001531,0.001742,0.001706,-0.015192,-0.006441,-0.008622,-0.020492,-0.019768,-0.016561,-0.091835,-0.113282,-0.047136,-0.108674,-0.080048,0.020026,0.019753,-0.067788,-0.101007,0.001775,-0.022287,0.0
2018-11,0.015857,0.018549,0.019211,0.020136,-0.00265,0.017263,0.025171,0.015766,0.004963,0.005057,-0.006759,0.009118,-0.000356,0.014354,0.04903,0.048336,0.046731,0.020614,0.019759,0.003387,-0.098467,-0.110653,0.017872,0.013301,0.00381,0.001868,0.001859,0.004791,0.007715,0.006363,-0.003585,-0.003991,0.009537,0.038015,-0.015634,0.026256,0.038066,-0.019624,0.022723,0.035388,0.080834,0.024767,0.001875,0.003623,0.0
2018-12,-0.072101,-0.088048,-0.088753,-0.091761,-0.086607,-0.119721,-0.093915,-0.121435,-0.053498,-0.056776,-0.048455,-0.076911,-0.066363,-0.048976,-0.034889,-0.03345,-0.079519,-0.060929,-0.024355,0.04942,-0.040013,-0.072138,0.058535,0.028042,0.007598,0.002006,0.001828,0.005314,0.019812,0.018744,0.018594,-0.020888,0.020845,-0.068877,-0.124392,-0.111289,-0.10659,-0.083765,-0.089145,-0.039945,-0.093536,-0.079562,0.001942,0.008011,0.0
2019-01,0.080424,0.080065,0.079249,0.085403,0.090108,0.113219,0.085426,0.109076,0.066349,0.074663,0.066845,0.070823,0.080857,0.07531,0.10343,0.096588,0.118546,0.092388,0.09734,0.028866,0.071084,0.083452,0.003786,0.006526,0.002512,0.002448,0.00175,0.014245,0.009109,0.011109,0.033682,0.049445,0.014125,0.056017,0.112119,0.089001,0.114268,0.069378,0.051398,0.03477,0.048087,0.098677,0.001975,0.003319,0.0
2019-02,0.024668,0.032416,0.032296,0.035588,0.029912,0.051791,0.022409,0.038987,0.025367,0.023326,0.031617,0.001474,0.020353,0.015736,-0.015313,-0.00383,0.006953,-0.009168,-0.014698,-0.006092,0.02835,0.034891,-0.013764,-0.005254,0.000859,0.001613,0.001848,-0.001711,-0.001138,-0.000901,-0.002039,0.012146,-0.010832,0.031865,0.023048,0.022359,0.063676,0.069101,0.017794,0.041088,0.010808,0.013145,0.001975,-0.006267,0.0
2019-03,0.015768,0.018101,0.019159,0.014167,0.039246,-0.020933,0.010126,-0.028304,0.00918,0.006017,0.007619,0.006622,0.005074,0.009601,0.01131,0.023149,0.042165,0.019078,0.032629,-0.015969,-0.003759,0.014631,0.055717,0.026551,0.006269,0.002221,0.00175,0.019751,0.021226,0.019388,0.02929,0.012908,0.008899,0.012529,0.021281,-0.025594,-0.011495,0.047687,0.03823,0.027915,0.004819,0.036553,0.001992,-0.015855,0.0
2019-04,0.034234,0.040852,0.039991,0.039251,0.054993,0.033967,0.040979,0.036947,0.029294,0.028383,0.039172,0.012792,0.032556,0.028096,0.023533,0.021412,-0.001611,0.018459,-0.017821,-0.006639,0.01195,0.027586,-0.019911,-0.005185,0.001835,0.001903,0.001925,0.002211,-0.002004,-0.000247,0.004364,0.009862,-0.005457,0.035136,-0.000151,0.089849,0.039718,0.063648,0.028516,0.009283,-0.027139,0.054633,0.002,-0.001513,0.0
2019-05,-0.060708,-0.063771,-0.062986,-0.064499,-0.082252,-0.078527,-0.075494,-0.081959,-0.050329,-0.052106,-0.056722,-0.048719,-0.056651,-0.056128,-0.073298,-0.06381,0.001383,-0.065927,-0.004924,0.017574,-0.059664,-0.084198,0.068392,0.030486,0.007218,0.002429,0.002122,0.017522,0.019109,0.018263,0.016506,-0.019336,0.011455,-0.08181,-0.111027,-0.071734,-0.076401,-0.086647,-0.036389,-0.007835,-0.022182,-0.076039,0.001983,-0.005973,0.0
2019-06,0.064905,0.069586,0.069458,0.070781,0.0759,0.069849,0.080459,0.060952,0.059117,0.058593,0.063543,0.044702,0.04296,0.059538,0.062077,0.053718,0.015543,0.049185,0.02073,0.080029,0.039656,0.042638,0.009501,0.012171,0.004609,0.002364,0.001815,0.007494,0.010986,0.012468,0.032467,0.031545,0.034298,0.115637,0.093952,0.066537,0.079204,0.089383,0.052196,0.031863,0.06594,0.078159,0.001958,0.020536,0.0
2019-07,0.000679,0.01512,0.015199,0.014125,0.023348,0.006817,0.0175,0.003817,-0.019474,-0.020379,-0.026047,-0.004214,-0.014983,-0.017322,-0.026567,-0.018105,0.017048,0.022997,-0.015742,7.5e-05,-0.011443,-0.004473,0.002565,0.000383,-0.000638,0.00162,0.001804,0.003151,0.001818,0.001497,0.00254,0.001567,-0.012944,-0.002735,-0.015853,0.023551,0.005167,0.034982,0.02342,-0.001342,-0.016192,0.012752,0.001808,-0.020123,0.0
2019-08,-0.022099,-0.016744,-0.016576,-0.020827,-0.018995,-0.04931,-0.026642,-0.055886,-0.01924,-0.018845,-0.016458,-0.007912,-0.016802,-0.023939,-0.037826,-0.032567,0.037462,-0.063731,0.020189,0.079123,-0.046302,-0.048781,0.110492,0.039516,0.007818,0.002265,0.001695,0.023311,0.027828,0.027691,0.038861,0.006896,0.018531,-0.028283,-0.083254,-0.04708,-0.026471,-0.015353,0.021706,0.050882,-0.005925,-0.009443,0.00175,-0.010313,0.0
2019-09,0.02246,0.019458,0.019459,0.017793,0.009179,0.02037,0.038151,0.050558,0.031641,0.031523,0.025501,0.0523,0.029502,0.026756,0.01692,0.009109,0.019271,0.065829,0.025307,-0.033948,0.01416,0.01552,-0.026799,-0.011861,-0.001342,0.00143,0.001618,-0.011064,-0.006121,-0.005676,-0.007559,0.00439,-0.01014,0.031798,0.039343,0.045421,0.030114,0.015729,0.017512,0.042516,-0.001056,0.012714,0.001625,-0.01332,0.0
2019-10,0.02739,0.022105,0.021606,0.02106,0.0438,0.027157,0.026355,0.024956,0.03389,0.032133,0.038426,0.034191,0.041063,0.030836,0.04184,0.039493,0.01126,0.027296,0.037196,0.025635,0.019282,0.007973,-0.011132,0.001879,0.003129,0.002662,0.001607,-0.000293,0.002081,0.003109,0.004452,-0.000116,0.008928,-0.000172,-0.020946,0.025,0.011336,0.038992,-0.004233,-0.007568,0.051259,0.001243,0.001575,0.024336,0.0
2019-11,0.02336,0.036198,0.036365,0.037878,0.040694,0.040656,0.038763,0.022306,0.011273,0.013443,0.012934,0.012781,0.024001,0.009901,-0.000939,0.005018,-0.013043,0.014556,-0.009515,-0.032086,-0.001305,0.003955,-0.004071,-0.006871,-0.000472,0.000688,0.001083,0.00293,-0.000346,-0.000415,0.00475,0.00568,-0.014636,0.031793,0.016046,0.050522,0.044962,0.053663,0.013735,-0.018677,0.050026,0.01324,0.001375,-0.01542,0.0
2019-12,0.03442,0.029056,0.029295,0.028041,0.038864,0.027865,0.030084,0.034156,0.029954,0.035667,0.045131,0.008696,0.04171,0.041407,0.077303,0.070688,0.00769,0.035901,0.017634,0.036559,0.058492,0.064347,-0.031976,-0.009281,0.00155,0.001712,0.001116,0.003467,-0.000468,-0.000746,0.005273,0.019113,0.013505,0.028624,0.060262,0.026093,-0.002011,0.043206,0.024127,0.032905,0.034753,0.027632,0.001283,0.022947,0.0
2020-01,-0.014385,-0.000404,0.0,-0.000611,0.030384,-0.031026,-0.026751,-0.052419,-0.028226,-0.029959,-0.030887,-0.025152,-0.038054,-0.034202,-0.061511,-0.055318,0.012286,0.035482,0.001289,0.044997,-0.085893,-0.106107,0.076912,0.034658,0.00579,0.001539,0.001203,0.021361,0.02029,0.019795,0.024461,-0.004662,0.004166,-0.061706,-0.109927,-0.026641,-0.004419,0.039926,0.003176,0.067472,-0.026703,-0.000797,0.001283,-0.016201,0.0
2020-02,-0.074895,-0.079166,-0.08455,-0.079991,-0.060574,-0.088457,-0.094621,-0.096274,-0.077653,-0.076509,-0.079592,-0.082944,-0.089301,-0.06661,-0.037758,-0.035468,-0.070265,-0.08393,-0.078527,-0.006362,-0.066529,-0.077985,0.066265,0.029617,0.008767,0.002182,0.001181,0.009224,0.015847,0.016675,0.010913,-0.012896,0.000242,-0.085199,-0.152882,-0.112483,-0.099001,-0.07301,-0.082146,-0.09858,-0.065866,-0.075726,0.001267,-0.006786,0.0
2020-03,-0.134099,-0.124871,-0.12129,-0.138857,-0.072859,-0.214771,-0.152689,-0.250698,-0.141067,-0.151529,-0.16653,-0.06741,-0.178336,-0.149729,-0.1577,-0.170468,-0.193918,-0.53363,-0.24491,-0.002224,-0.173402,-0.303892,0.063767,0.037227,0.01244,0.00416,0.002045,-0.017579,-0.005268,-0.014286,-0.063118,-0.10028,-0.037563,-0.139967,-0.34371,-0.210359,-0.18626,-0.085779,-0.055321,-0.099956,-0.038874,-0.149134,0.001267,-0.001913,0.0
2020-04,0.09829,0.126984,0.12678,0.131332,0.149738,0.138476,0.10639,0.12532,0.058175,0.070186,0.064464,0.047985,0.095695,0.063745,0.073542,0.078093,0.089621,0.180214,0.046321,0.072611,-0.031111,-0.088172,0.01219,0.002753,0.002727,0.000217,-0.000197,0.030286,0.01719,0.027596,0.048458,0.048836,0.014727,0.151865,0.30764,0.094621,0.088121,0.137365,0.06958,0.033387,0.125875,0.188826,0.000242,-0.007302,0.0
2020-05,0.050931,0.047645,0.048152,0.053963,0.066009,0.06592,0.032304,0.031199,0.054269,0.055773,0.058389,0.070518,0.080823,0.045942,0.029749,0.032901,0.017343,0.027639,0.027847,0.025882,0.080734,0.158019,-0.017619,0.003275,-0.000784,-0.000262,-0.000175,0.006512,0.006726,0.006686,0.024602,0.029466,0.009021,0.068813,0.02,0.027204,0.053886,0.071765,0.01665,0.042438,0.032889,0.065094,0.000117,0.023906,0.0
2020-06,0.029406,0.017735,0.018986,0.022982,0.062867,0.0343,-0.009952,0.028474,0.035112,0.034979,0.039325,-0.000978,0.020311,0.044397,0.066049,0.064771,0.024249,0.121228,0.010604,0.027377,0.044992,0.056008,0.003366,0.000427,0.000231,0.00019,0.0,0.009852,0.006591,0.006712,0.021276,-0.005835,0.018532,0.021815,-0.010955,-0.005228,0.019728,0.069491,-0.002246,-0.046723,-0.024426,0.030739,0.000108,0.005568,0.0
2020-07,0.053581,0.058892,0.058543,0.057433,0.073465,0.029194,0.037335,0.020932,0.019385,0.026296,0.036559,-0.010743,0.026856,0.040241,0.082521,0.085837,0.036419,0.046661,0.022554,0.107905,0.051178,0.036644,0.044352,0.008542,0.000935,0.0,0.000109,0.023252,0.013332,0.014539,0.031001,0.050605,0.037324,0.071162,-0.048085,0.038462,0.044105,0.056847,0.069236,0.077973,0.054562,0.072743,0.000133,0.058046,0.0
2020-08,0.060255,0.069797,0.070008,0.071049,0.109447,0.054764,0.035278,0.053668,0.04722,0.051746,0.043128,0.067918,0.073556,0.041574,0.028875,0.027435,0.004423,0.021906,0.036987,-0.003236,0.046368,0.046512,-0.050466,-0.009699,-0.000231,-3.6e-05,0.0,0.008899,-0.008236,-0.009418,-0.017783,-0.000223,0.004109,0.043572,-0.010546,0.042863,0.084763,0.118809,0.045933,-0.025974,0.025869,0.095548,0.000108,0.007765,0.0
2020-09,-0.029508,-0.037444,-0.037583,-0.035376,-0.057787,-0.032613,-0.025428,-0.047015,-0.020468,-0.017997,-0.031169,0.018097,-0.00203,-0.018356,-0.010103,-0.011958,-0.026643,-0.011758,-0.019198,-0.041714,-0.03545,-0.044444,0.007735,0.003278,-1.1e-05,-5.5e-05,-0.000218,-0.00378,-0.000973,-0.000985,-0.004398,-0.009316,-0.012218,0.015077,-0.146067,-0.034222,-0.006822,-0.053351,-0.016748,0.010813,-0.021805,-0.018634,8.3e-05,-0.01943,0.0
2020-10,-0.022272,-0.024933,-0.025114,-0.019494,-0.030449,0.022031,-0.018319,0.036847,-0.035507,-0.035453,-0.054167,-0.014051,-0.034582,-0.02044,0.014062,0.013182,-0.030015,-0.003494,-0.039044,-0.005194,-0.031394,-0.034419,-0.033853,-0.013808,-0.000463,0.000118,0.000109,-0.006765,-0.005583,-0.005564,-0.005103,0.004034,0.010186,-0.007228,-0.041068,-0.008724,-0.014419,-0.050043,-0.028705,0.050522,-0.036216,-0.027282,9.2e-05,-0.000854,0.0
2020-11,0.117609,0.108777,0.108968,0.118031,0.112258,0.182442,0.129087,0.190601,0.142694,0.142966,0.163944,0.105598,0.129412,0.126082,0.089913,0.085597,0.096749,0.182314,0.135552,-0.054086,0.101976,0.122351,0.016639,0.003383,0.000219,-0.000208,-0.000109,0.012073,0.012068,0.012135,0.037715,0.033513,0.020483,0.123615,0.279944,0.168482,0.160274,0.113837,0.074687,0.007374,0.079481,0.099951,8.3e-05,0.024107,0.0
2020-12,0.046873,0.037049,0.037766,0.046763,0.049025,0.086465,0.033465,0.079897,0.050154,0.056301,0.056776,0.053352,0.070694,0.055436,0.071295,0.059994,0.027341,0.067985,0.058693,0.070139,0.054519,0.058369,-0.012276,-0.002384,0.000405,0.000199,3.3e-05,0.010976,0.000857,0.001526,0.001506,0.019579,0.024117,0.024816,0.044802,0.063061,0.010069,0.055416,0.01651,0.006204,0.037978,0.024279,7.5e-05,0.02429,0.0
2021-01,-0.003087,-0.010191,-0.010309,-0.00334,0.002613,0.048454,-0.015935,0.050474,-0.007812,-0.007202,-0.008964,-0.008437,-0.003804,0.002828,0.03174,0.031331,0.000353,-0.023854,-0.013201,-0.032238,0.033333,0.04704,-0.036328,-0.010921,0.000232,-9e-05,0.0,0.002664,-0.007446,-0.008618,-0.018316,-0.00378,-0.012488,-0.024175,0.037467,-0.017978,-0.042688,-0.008383,-0.049815,-0.008772,0.014016,0.00765,7.5e-05,-0.011002,0.0
2021-02,0.022888,0.027805,0.027589,0.031394,-0.001335,0.062026,0.058978,0.095376,0.022379,0.024322,0.025796,0.018361,0.030989,0.019741,0.007878,0.015674,0.034252,0.086817,0.013674,-0.062569,0.101382,0.103021,-0.057329,-0.023633,-0.000579,0.0,-0.000109,-0.016876,-0.015181,-0.015477,-0.022633,-0.002446,-0.026867,0.041195,0.224567,0.116062,0.068893,0.013651,-0.012326,-0.060981,-0.021038,-0.005309,6.7e-05,-0.001236,0.0
2021-03,0.028538,0.045399,0.045554,0.036479,0.017168,0.01395,0.063953,0.054608,0.025132,0.027685,0.033169,0.004397,0.023362,0.017331,-0.007259,-0.007104,0.05152,0.060969,0.014818,-0.011433,-0.007173,-0.018961,-0.052453,-0.023856,-0.000556,-9.1e-05,-0.00011,-0.002622,-0.011463,-0.012714,-0.01478,0.012155,-0.027694,0.075904,0.02971,0.058524,0.089869,0.018367,0.084982,0.105521,0.040273,0.044599,3.3e-05,-0.032671,0.0
2021-04,0.042459,0.052911,0.052939,0.050365,0.059098,0.017878,0.036463,0.018248,0.029524,0.030544,0.047778,-0.016054,0.037862,0.025553,0.011998,0.017867,0.078598,0.045661,0.047315,0.035634,0.078266,0.080888,0.024951,0.010012,0.000568,0.0,0.0,0.014297,0.00732,0.00866,0.010431,0.006376,0.01724,0.053807,0.006726,0.064904,0.035348,0.051878,0.018592,0.041849,0.039318,0.064556,2.5e-05,0.030448,0.0
2021-05,0.014719,0.006566,0.006613,0.00456,-0.012012,0.002712,0.023704,0.031716,0.034823,0.035764,0.044539,0.017206,0.021057,0.030924,0.016488,0.016987,0.008074,0.003255,0.031319,0.076784,0.038526,0.023841,2.1e-05,0.004248,0.000602,0.0,-0.000109,0.010239,0.002038,0.001538,0.006227,0.00039,0.009831,0.050819,0.057097,0.047711,0.031296,-0.009305,0.017677,-0.023381,0.018709,-0.033982,1.7e-05,0.009849,0.0
2021-06,0.012609,0.022428,0.022573,0.02482,0.062622,0.01869,-0.011311,-0.008268,-0.01078,-0.009214,-0.013727,-0.007903,-0.016801,-0.003782,0.009504,0.013268,0.026375,0.018946,-0.005458,-0.071477,0.034946,0.04075,0.044191,0.010226,-0.001714,-0.000181,-0.000219,0.007247,0.008279,0.008975,0.022114,0.013247,-0.01731,-0.052632,0.042339,-0.030394,-0.022795,0.068863,-0.005444,-0.022083,0.022989,0.034569,1.7e-05,-0.025981,0.0
2021-07,0.009092,0.024412,0.024377,0.017368,0.028609,-0.036273,0.007925,-0.035049,0.007733,0.005047,0.018585,-0.006367,0.01726,-0.016519,-0.06437,-0.058921,0.044209,-0.025323,0.032135,0.025297,0.012987,0.013052,0.037166,0.019902,0.00166,0.0,-0.000109,0.026758,0.011166,0.011684,0.01419,0.001048,0.014014,0.020775,-0.083163,-0.004633,0.009375,0.038873,0.02201,0.043334,0.049226,0.010529,3.3e-05,0.000589,0.0
2021-08,0.021741,0.02976,0.030222,0.028585,0.042187,0.022031,0.016397,0.025256,0.014467,0.013132,0.018099,0.019222,0.028102,0.014498,0.015698,0.021914,0.021545,0.026534,0.003694,-0.000766,-0.01641,-0.023926,-0.003401,-0.003944,-0.000325,-0.000181,-0.000109,-0.001641,-0.002004,-0.001893,-0.003439,0.006088,-0.009051,0.018924,-0.020045,0.051479,0.011126,0.035593,0.010488,0.038957,0.023156,0.017846,4.2e-05,-0.004794,0.0
2021-09,-0.04227,-0.046605,-0.046837,-0.044641,-0.056831,-0.028804,-0.033023,-0.018294,-0.032614,-0.033856,-0.053904,0.027047,-0.040614,-0.034332,-0.038733,-0.03362,-0.056815,-0.020551,-0.05977,-0.032235,0.052138,0.059711,-0.02907,-0.015971,-0.001009,0.0,0.000109,-0.007801,-0.009172,-0.010136,-0.015074,-0.003701,-0.023686,-0.071886,0.089315,-0.018425,-0.060798,-0.0584,-0.041392,-0.060932,-0.055184,-0.021408,4.2e-05,-0.021548,0.0
2021-10,0.053943,0.070163,0.070029,0.066874,0.07864,0.042514,0.045455,0.038382,0.031791,0.032284,0.050297,-0.026335,0.024728,0.029959,0.010718,0.012997,0.07133,0.037313,0.032394,0.014797,0.057978,0.058719,0.02465,-0.004429,-0.003355,-0.000272,-0.000109,0.011095,-8.7e-05,0.000703,0.00531,-0.003108,-0.004493,0.075971,0.103283,0.072741,0.067968,0.081771,0.035009,0.047433,0.051218,0.120925,3.3e-05,0.0057,0.0
2021-11,-0.023075,-0.008034,-0.007289,-0.014605,0.019968,-0.043324,-0.032494,-0.035521,-0.045348,-0.046431,-0.048905,-0.030263,-0.056787,-0.041879,-0.040848,-0.029017,-0.021093,-0.05862,-0.036835,-0.006901,-0.087588,-0.105882,0.027715,0.010921,-0.000571,-0.000453,-0.000219,0.008651,0.002708,0.002041,-0.001186,-0.01169,-0.006168,-0.005522,-0.050113,-0.057128,-0.035602,0.044512,-0.013474,-0.017038,-0.030564,0.016356,4.2e-05,-0.024216,0.0
2021-12,0.038879,0.046248,0.045618,0.03793,0.011523,0.022715,0.070166,0.040497,0.043909,0.043286,0.051983,0.02277,0.036843,0.033449,0.015071,0.015402,0.097056,0.008735,0.035256,0.032991,0.066735,0.072055,-0.020138,-0.005241,-0.002123,0.000272,0.0,0.004029,-0.003587,-0.003103,-0.000341,0.022842,-0.001628,0.075832,0.029834,0.033643,0.053976,0.032474,0.104547,0.096893,0.090199,0.001498,4.2e-05,-0.003256,0.0
2022-01,-0.045472,-0.052741,-0.052873,-0.060595,-0.08747,-0.095347,-0.0166,-0.058476,-0.03635,-0.038582,-0.035756,-0.043011,-0.060884,-0.02554,-0.000205,0.004246,-0.084217,-0.018256,-0.042977,-0.016788,0.078922,0.117475,-0.039139,-0.021131,-0.006897,-0.000815,0.0,-0.020588,-0.019986,-0.020649,-0.035919,-0.026549,-0.026176,-0.067983,0.187748,0.000256,-0.047916,-0.068442,-0.014784,-0.032551,-0.068564,-0.095334,5e-05,-0.01501,0.0
2022-02,-0.030603,-0.029517,-0.028886,-0.024867,-0.04476,0.010336,-0.014218,0.015352,-0.034292,-0.026482,-0.052887,-0.01779,-0.029575,-0.033407,-0.043202,-0.037246,-0.034827,-0.061983,-0.017611,0.061217,0.064674,0.088389,-0.01633,-0.003041,-0.004322,-0.000363,-0.000219,0.008556,-0.011457,-0.01138,-0.021315,-0.008591,-0.011197,-0.01267,0.070692,-0.013825,-0.008437,-0.048774,-0.014085,-0.019061,-0.009678,-0.04066,0.000125,0.003854,0.0
2022-03,0.019412,0.03759,0.037557,0.032599,0.046679,0.011575,0.030278,0.020052,0.00519,0.006755,0.001575,-0.021131,-0.004053,-0.001909,-0.033811,-0.032553,0.062639,0.032813,0.023547,0.012726,0.091747,0.088419,-0.054444,-0.040609,-0.014017,-0.000363,0.00046,-0.018756,-0.028122,-0.027522,-0.028937,-0.012871,-0.04224,0.061189,0.093386,-0.0013,0.034364,0.03345,0.017814,0.103452,0.057382,0.044267,0.000275,-0.008751,0.0
2022-04,-0.080677,-0.087769,-0.088452,-0.091316,-0.135957,-0.098992,-0.049704,-0.077943,-0.067391,-0.067874,-0.06246,-0.080993,-0.069943,-0.06696,-0.061351,-0.058314,-0.040879,-0.094276,-0.067429,-0.020703,0.056408,0.045475,-0.094238,-0.042283,-0.004969,-0.00029,-0.000109,-0.02183,-0.038059,-0.039727,-0.066993,-0.041803,-0.069696,-0.035394,-0.016876,-0.099426,-0.076131,-0.110174,0.02306,-0.042976,-0.048909,-0.119568,0.000367,-0.050536,0.0
2022-05,0.004469,0.002257,0.003167,-0.002514,-0.015866,0.001947,0.016489,0.019285,0.019959,0.016529,0.024148,0.017308,0.0047,0.018044,0.006135,0.004604,-0.046854,0.035485,-0.000629,-0.032615,0.046131,0.057432,-0.022533,0.006184,0.005962,0.000663,0.000328,-0.009922,0.007606,0.008297,0.018639,0.016299,0.00546,0.011761,0.160346,0.027818,-0.004625,-0.006859,-0.040829,0.043082,0.01489,-0.051203,0.000633,0.016414,0.0
2022-06,-0.081069,-0.08246,-0.083251,-0.082313,-0.089079,-0.083664,-0.082564,-0.099053,-0.087666,-0.091701,-0.09898,-0.073902,-0.102842,-0.078041,-0.051577,-0.038502,-0.074489,-0.108045,-0.1031,-0.01566,-0.075,-0.077476,-0.012746,-0.008635,-0.005943,-0.000753,0.000777,-0.031155,-0.01553,-0.016621,-0.036228,-0.070498,-0.046443,-0.138563,-0.170735,-0.108609,-0.07367,-0.092557,-0.023473,-0.048954,-0.02608,-0.108335,0.000817,-0.03043,0.0
2022-07,0.070688,0.092088,0.092655,0.093469,0.125517,0.105633,0.059072,0.096217,0.051688,0.052941,0.049981,0.062843,0.066312,0.033778,-0.003491,-0.007923,0.08616,0.144727,0.062721,-0.025882,-0.019895,-0.007359,0.02431,0.029615,0.004099,0.000881,0.000361,0.043098,0.025381,0.023818,0.044444,0.066989,0.020443,0.061549,0.09663,0.07186,0.095031,0.134519,0.032003,0.05447,0.032439,0.18439,0.001242,-0.018196,0.0
2022-08,-0.043643,-0.040802,-0.041276,-0.037285,-0.051322,-0.020027,-0.028507,-0.03062,-0.061169,-0.058194,-0.074648,-0.045592,-0.058925,-0.048366,-0.013263,-0.004598,-0.060125,-0.071545,-0.073024,-0.029433,-0.014937,-0.029655,-0.045531,-0.038538,-0.008101,0.001282,0.001937,-0.027042,-0.030423,-0.027975,-0.044291,-0.043089,-0.05626,-0.034814,0.026524,-0.019579,-0.028335,-0.062127,-0.018526,0.005274,-0.057704,-0.044955,0.001858,-0.019416,0.0
2022-09,-0.093946,-0.092446,-0.092351,-0.092305,-0.105355,-0.096604,-0.085004,-0.102734,-0.09222,-0.0986,-0.096849,-0.088449,-0.109529,-0.096228,-0.115394,-0.100822,-0.128713,-0.242591,-0.120714,-0.028882,-0.070373,-0.075056,-0.082351,-0.04735,-0.011923,0.000282,0.002068,-0.067324,-0.04145,-0.04183,-0.059798,-0.037403,-0.063273,-0.093029,-0.095588,-0.07656,-0.104309,-0.119671,-0.081329,-0.11281,-0.025387,-0.082064,0.002192,-0.0252,0.000354
2022-10,0.063472,0.081275,0.081249,0.081128,0.039999,0.11163,0.115235,0.127124,0.058918,0.060781,0.08429,0.023337,0.04428,0.035241,-0.019782,-0.028501,0.035051,0.126075,0.014517,-0.017844,0.050606,0.06171,-0.059644,-0.01454,-0.001258,0.001557,0.001586,0.014204,-0.012785,-0.011577,-0.007453,0.033658,0.002019,0.089252,0.249653,0.119236,0.138942,0.076528,0.090064,0.019386,0.096111,0.011092,0.002608,0.017029,0.000625
2022-11,0.083364,0.055592,0.05552,0.051693,0.055442,0.022036,0.059024,0.028351,0.131681,0.125486,0.134892,0.116223,0.118964,0.133752,0.155894,0.143018,0.06146,0.081849,0.098937,0.084919,0.014729,-0.011899,0.071511,0.036122,0.006939,0.00339,0.003152,0.018329,0.038084,0.036659,0.066477,0.034313,0.08134,0.117035,0.012778,0.06857,0.078114,0.063268,0.061177,0.069632,0.047231,0.014858,0.0031,0.046601,0.001229
2022-12,-0.046101,-0.057628,-0.057288,-0.058553,-0.090137,-0.065141,-0.038854,-0.065966,-0.018129,-0.021825,-0.016726,-0.022178,-0.009123,-0.023096,-0.026375,-0.022292,-0.050343,-0.071617,0.006161,0.029306,-0.027115,-0.016674,-0.026201,-0.014881,0.001177,0.003858,0.003626,-0.013174,-0.008705,-0.008061,-0.015511,-0.01757,-0.001559,-0.055187,-0.03049,-0.052205,-0.029898,-0.082103,-0.027276,-0.004944,-0.018777,-0.11395,0.003458,0.027949,0.001398
2023-01,0.075047,0.062887,0.062726,0.06925,0.106429,0.098188,0.069691,0.096633,0.090037,0.090303,0.095599,0.0777,0.082507,0.089231,0.091293,0.083376,0.104025,0.15822,0.064625,0.057593,0.008925,-0.000942,0.076436,0.035811,0.007762,0.003275,0.002843,0.020763,0.033302,0.033129,0.051598,0.036669,0.035666,0.089727,0.028124,0.069006,0.037063,0.092575,-0.010865,-0.02,-0.018329,0.151285,0.003542,0.015657,0.001667
2023-02,-0.033206,-0.025143,-0.025324,-0.024018,-0.003598,-0.017234,-0.030287,-0.022819,-0.030748,-0.034746,-0.017122,-0.046531,-0.031403,-0.045198,-0.075677,-0.06654,-0.058642,-0.082572,-0.049474,-0.053676,-0.044632,-0.042433,-0.048505,-0.032708,-0.008059,0.002912,0.003458,-0.01353,-0.026657,-0.02666,-0.041691,-0.018851,-0.046942,-0.033314,-0.069387,-0.022976,-0.00864,0.004119,-0.02319,-0.059198,-0.046416,-0.021251,0.003783,-0.019754,0.001979
2023-03,0.033326,0.037078,0.037264,0.027071,0.094927,-0.048473,0.013348,-0.07306,0.03129,0.026485,0.024762,0.04916,0.004897,0.030642,0.032174,0.025602,-0.021555,-0.087581,-0.021111,0.079161,-0.000842,-0.009355,0.048394,0.03721,0.016479,0.005093,0.003991,0.028643,0.026413,0.026758,0.038485,0.019843,0.047102,-0.010011,5.3e-05,-0.095477,0.006191,0.10858,0.042193,0.04906,0.021978,0.030619,0.003875,0.024108,0.002218
2023-04,0.015687,0.015975,0.016007,0.010779,0.005079,-0.017937,0.01733,-0.025252,0.029363,0.026345,0.041345,0.002556,0.022349,0.018659,-0.008363,-0.003961,0.003131,0.014652,0.041857,0.008624,-0.007582,-0.010437,0.003384,0.008148,0.00244,0.003097,0.003631,0.000518,0.005755,0.005879,0.00604,0.002021,-0.002512,-0.001363,0.027768,0.031726,-0.011662,-0.001192,0.036541,0.019057,0.031438,-0.011235,0.003908,0.009747,0.0025
2023-05,-0.010476,0.004616,0.004238,0.004266,0.078838,-0.008162,-0.018719,-0.018194,-0.040071,-0.037317,-0.051205,0.008498,-0.043557,-0.03744,-0.024023,-0.029573,-0.039616,-0.032491,-0.070855,-0.01342,-0.064092,-0.06228,-0.030153,-0.014383,-0.003769,0.003253,0.003751,-0.01196,-0.011443,-0.011637,-0.017689,-0.012314,-0.02596,-0.068653,-0.100317,-0.042508,-0.0315,0.089173,-0.061596,-0.058713,-0.042687,0.025362,0.0041,-0.027138,0.002648
2023-06,0.057843,0.0648,0.065976,0.067287,0.063038,0.080673,0.067697,0.078593,0.0447,0.04429,0.042685,0.050322,0.030741,0.046131,0.043989,0.047411,0.056295,0.127879,-0.009124,-0.022214,0.029479,0.043921,0.002171,-0.012552,-0.004946,0.004749,0.004606,-0.003399,-0.003682,-0.002238,0.008101,0.017802,0.008182,0.110057,0.069134,0.066161,0.112536,0.060532,0.027882,0.015961,0.042606,0.122298,0.004283,0.01713,0.002778
2023-07,0.03596,0.032733,0.032465,0.036635,0.038601,0.061088,0.034493,0.074148,0.027035,0.031399,0.029011,0.024556,0.039335,0.039212,0.060414,0.058751,0.020345,0.040678,0.062576,0.022887,0.087225,0.108261,-0.025443,-0.006517,0.003042,0.003836,0.00386,0.000411,-0.000154,-0.001186,0.000538,0.011156,0.009814,0.034391,0.077738,0.048057,0.028886,0.025825,0.021302,0.024908,0.010698,0.023144,0.0043,0.014449,0.002917
2023-08,-0.029077,-0.016252,-0.016276,-0.019313,-0.01483,-0.050828,-0.027946,-0.047739,-0.03935,-0.039471,-0.040479,-0.028067,-0.034584,-0.047507,-0.066269,-0.058974,-0.033779,-0.018323,-0.038754,-0.012778,-0.003647,0.00463,-0.031421,-0.007309,0.004104,0.004792,0.004967,-0.008126,-0.006313,-0.006604,-0.012291,0.001836,-0.024089,-0.033014,0.016461,-0.02689,-0.019833,-0.015083,-0.039472,-0.061279,-0.007007,-0.01744,0.004375,-0.014062,0.003118
2023-09,-0.042798,-0.047435,-0.04704,-0.048011,-0.050799,-0.058536,-0.045785,-0.05229,-0.036488,-0.037848,-0.044939,-0.021901,-0.045793,-0.035099,-0.031146,-0.024677,-0.072637,-0.050493,-0.049843,-0.047606,0.015047,0.037327,-0.079511,-0.031388,-0.00079,0.003917,0.003991,-0.019168,-0.025896,-0.024793,-0.035573,-0.016135,-0.04013,-0.04779,0.024033,-0.030882,-0.059475,-0.064783,-0.047879,-0.056424,-0.029592,-0.05532,0.004417,-0.025212,0.003201
2023-10,-0.025441,-0.021709,-0.022099,-0.026458,-0.020655,-0.069141,-0.018201,-0.060126,-0.029019,-0.033852,-0.030899,-0.02206,-0.047105,-0.03127,-0.032938,-0.03239,-0.036215,-0.112355,-0.035324,0.073724,-0.018029,-0.039094,-0.054632,-0.019277,0.003331,0.0045,0.004309,-0.007233,-0.015707,-0.015203,-0.024119,-0.010432,-0.014098,-0.0317,-0.057529,-0.02442,-0.029789,0.000488,-0.013806,0.012897,-0.032624,-0.055162,0.004433,0.00236,0.003333
2023-11,0.088869,0.091344,0.091632,0.094153,0.108188,0.092025,0.095736,0.090816,0.082188,0.088068,0.097613,0.061906,0.088274,0.082784,0.077929,0.070902,0.120817,0.145739,0.096338,0.025314,-0.02448,-0.04392,0.099239,0.045545,0.01052,0.005071,0.004682,0.027768,0.045929,0.045414,0.075744,0.048877,0.060874,0.083487,-0.00716,0.109394,0.088349,0.128955,0.041261,0.051432,0.05436,0.109665,0.00445,0.029381,0.003333
2023-12,0.048128,0.045655,0.04611,0.052939,0.05587,0.121262,0.055508,0.124193,0.05351,0.055886,0.054002,0.03881,0.071508,0.049781,0.035653,0.033331,0.094454,0.080525,0.089419,0.012821,-0.032913,-0.029981,0.086858,0.037723,0.011034,0.004818,0.004275,0.024358,0.036977,0.035553,0.048753,0.031926,0.049252,0.045234,0.000772,0.052539,0.070655,0.041827,0.027117,0.018588,0.043261,0.061321,0.004392,0.010886,0.003333
2024-01,0.002751,0.015926,0.015849,0.011171,0.018192,-0.039011,0.002128,-0.046289,-0.004512,-0.010856,-0.012252,0.032273,-0.025687,-0.017241,-0.045262,-0.035523,-0.050589,-0.040695,-0.054965,-0.014228,0.013158,0.043868,-0.022452,0.000726,0.003169,0.003995,0.004267,0.003349,-0.001511,-0.001632,-0.004428,0.001163,-0.03063,-0.038929,-0.005129,0.030851,-0.00965,0.027016,0.012356,-0.029686,0.02933,-0.044125,0.004367,-0.019276,0.003333
2024-02,0.045076,0.052187,0.05204,0.052987,0.052834,0.056252,0.029496,0.032807,0.029863,0.027438,0.024023,0.043951,0.015586,0.030303,0.041678,0.034813,0.019788,-0.012815,-0.034897,0.004564,-0.015226,0.008596,-0.022522,-0.020826,-0.003875,0.003933,0.004443,-0.010477,-0.014746,-0.01363,-0.01932,0.003035,-0.010788,0.065077,0.03273,0.040764,0.07184,0.047046,0.020982,0.010578,0.031629,0.078926,0.00435,-0.001015,0.003333
2024-03,0.03263,0.032702,0.033213,0.032597,0.01275,0.03487,0.046081,0.041774,0.033786,0.036584,0.038228,0.032263,0.033959,0.033088,0.027257,0.019236,0.01951,0.045686,0.056139,0.086683,0.044566,0.044508,0.007829,0.007332,0.003436,0.00416,0.004102,0.006465,0.009025,0.008498,0.01541,0.010898,0.003882,0.064683,0.104864,0.048056,0.044209,0.007894,0.033206,0.0659,0.023777,-0.000648,0.004367,-0.001386,0.003333
2024-04,-0.035503,-0.04032,-0.040496,-0.04344,-0.043738,-0.068474,-0.042931,-0.06152,-0.032432,-0.034084,-0.025542,-0.057183,-0.034107,-0.024349,-0.002191,0.009576,-0.07944,-0.060671,-0.050594,0.029895,0.016108,0.00952,-0.064555,-0.031297,-0.004416,0.003743,0.004322,-0.016908,-0.024782,-0.024084,-0.03243,-0.013512,-0.03621,-0.045861,-0.009427,-0.041785,-0.035249,-0.057617,-0.011263,0.016603,-0.050091,-0.044973,0.004367,-0.008602,0.003333
2024-05,0.045754,0.05058,0.050591,0.047585,0.061518,0.050383,0.029812,0.045894,0.050602,0.046636,0.064462,0.025271,0.054929,0.039547,0.019517,0.021579,0.045597,0.029775,0.020993,0.016189,-0.002999,-0.014369,0.02887,0.018001,0.007195,0.004581,0.004573,0.01777,0.016696,0.016805,0.022137,0.016339,0.014228,0.03272,-0.003422,0.031715,0.016376,0.07077,0.024371,0.089602,0.024015,0.001993,0.004367,0.012502,0.003333
2024-06,0.020378,0.03528,0.035687,0.030789,0.064701,-0.011244,-0.006873,-0.018629,-0.018267,-0.016542,-0.029503,-0.003268,-0.031142,-0.004471,0.02618,0.0197,0.018756,0.009494,-0.03843,-0.001347,-0.001719,0.009112,0.018171,0.01217,0.005443,0.004199,0.003993,0.007615,0.008855,0.008807,0.005963,0.004794,-0.009475,-0.030583,-0.014142,-0.008819,-0.009889,0.078354,-0.002351,-0.055427,0.01824,0.03877,0.004375,-0.013546,0.003201
2024-07,0.015391,0.012109,0.011129,0.018915,-0.016781,0.103357,0.047745,0.124163,0.025916,0.03015,0.025311,0.040006,0.051103,0.021645,0.008453,0.012112,0.079393,0.06408,0.06375,0.053672,-0.027981,-0.028894,0.036299,0.028972,0.011796,0.004598,0.004508,0.017274,0.024192,0.023542,0.026381,0.023522,0.038512,0.04337,0.0226,0.063975,0.049151,-0.032843,0.016584,0.068242,0.026621,0.027906,0.004367,0.01149,0.003125
2024-08,0.024972,0.023366,0.024272,0.021316,0.011039,-0.016885,0.029051,-0.020326,0.032603,0.029071,0.036079,0.01409,0.018676,0.027082,0.009779,0.009709,0.052207,0.01866,0.063846,0.020922,-0.020815,-0.02185,0.021112,0.013458,0.00892,0.004979,0.004617,0.00799,0.014615,0.014516,0.018705,0.015474,0.030519,0.023226,-0.020706,0.045725,0.028156,0.006993,0.059858,0.048084,0.050591,-0.001973,0.004333,0.023919,0.003125
2024-09,0.02197,0.021004,0.021731,0.020309,0.026216,0.007105,0.010572,-0.000281,0.007833,0.010786,0.004815,-0.005975,0.025758,0.026368,0.057413,0.073155,0.032697,0.010276,0.025824,0.050889,0.007237,-0.001901,0.019994,0.013825,0.007732,0.004586,0.004222,0.014976,0.013328,0.013165,0.019629,0.016971,0.023484,0.026837,-0.030181,-0.005589,0.03362,0.026485,0.011284,0.066029,-0.016575,0.07302,0.004208,0.009831,0.003035
2024-10,-0.020912,-0.008923,-0.009674,-0.007522,-0.008646,-0.01417,-0.012832,-0.014747,-0.052732,-0.051316,-0.055134,-0.048504,-0.062629,-0.046487,-0.030746,-0.02675,-0.033566,-0.055204,-0.088502,0.042993,0.014369,0.014286,-0.054549,-0.033874,-0.006238,0.003576,0.003948,-0.018469,-0.025187,-0.024557,-0.031794,-0.009636,-0.048497,-0.031023,0.008998,0.025596,-0.011887,-0.015592,-0.034699,-0.01077,-0.046423,-0.017368,0.003933,-0.028046,0.002856
2024-11,0.040325,0.059634,0.059222,0.067004,0.053508,0.110718,0.059238,0.097165,-0.003156,0.003992,-0.017564,0.023799,0.008194,-0.002749,-0.026772,-0.021473,0.042592,0.036128,-0.015121,-0.031241,-0.01992,-0.007512,0.019872,0.010209,0.002961,0.003697,0.003707,0.00498,0.01111,0.010684,0.017909,0.016446,0.002212,0.014884,0.078338,0.104561,0.075917,0.051701,0.038692,0.037792,0.003676,0.129057,0.003758,-0.029406,0.002708
2024-12,-0.026582,-0.02406,-0.023671,-0.030405,0.00454,-0.083739,-0.069132,-0.085117,-0.029502,-0.03506,-0.027431,-0.022125,-0.031673,-0.027643,-0.016967,-0.010243,-0.083722,-0.044982,-0.061139,-0.014088,0.017227,0.029801,-0.06381,-0.022584,0.002504,0.004031,0.004031,-0.017144,-0.016934,-0.01681,-0.026758,-0.007803,-0.033754,-0.10763,-0.095796,-0.054614,-0.080332,-0.003547,-0.048228,-0.079741,-0.062527,0.011134,0.003683,-0.016379,0.002614
2025-01,0.031404,0.026856,0.027145,0.03033,0.021634,0.024982,0.027714,0.020101,0.048009,0.044333,0.063495,0.018033,0.029794,0.034893,0.021521,0.008175,0.016502,0.048244,0.033854,0.067856,0.027596,0.034451,0.004924,0.006165,0.003782,0.003633,0.0035,0.013702,0.00516,0.005979,0.005803,0.013605,0.000935,0.055265,0.023115,0.06497,0.050015,-0.007354,0.004707,0.028934,0.067602,0.034856,0.003558,0.000385,0.0025
2025-02,-0.002971,-0.012695,-0.012602,-0.018888,-0.027035,-0.052234,0.005251,-0.038037,0.029531,0.022627,0.04,0.002342,0.005115,0.024824,0.01147,0.007432,0.036996,0.058534,0.012595,0.018216,0.001366,-0.014654,0.056971,0.027997,0.007352,0.003115,0.003238,0.021572,0.022374,0.021566,0.023713,0.009702,0.013991,-0.000338,0.038339,0.013795,-0.014601,-0.022876,0.051912,0.017206,0.014026,-0.069819,0.003508,0.001732,0.002321
2025-03,-0.036746,-0.055719,-0.055931,-0.058553,-0.075862,-0.068541,-0.029783,-0.059785,0.001839,-9.7e-05,0.004203,0.001314,0.010337,0.00235,0.01134,0.012878,-0.025878,-0.048188,0.023045,0.094466,0.022727,0.026138,-0.012047,0.003419,0.004407,0.003343,0.00327,0.006797,-0.000263,0.000123,-0.004625,-0.010858,0.010353,-0.026703,0.034932,-0.041952,-0.03563,-0.08286,-0.011765,0.002394,-0.015813,-0.083147,0.003517,0.038805,0.002157
2025-04,0.005155,-0.00867,-0.007012,-0.00735,0.013968,-0.023209,-0.037517,-0.040933,0.036951,0.040134,0.038456,0.041861,0.04675,0.027051,0.001373,-0.000221,-0.024409,-0.051248,0.066585,0.054244,-0.085778,-0.088713,-0.013605,0.010561,0.008126,0.003489,0.003402,0.001259,0.004311,0.003961,-0.002706,0.001172,0.057697,-0.024308,-0.138577,-0.02108,0.001144,0.016902,0.001959,0.000634,-0.037943,-0.001013,0.0035,0.051595,0.002028
2025-05,0.056928,0.062845,0.061277,0.062532,0.091783,0.052397,0.030311,0.041643,0.047906,0.051258,0.052805,0.037659,0.062105,0.044425,0.040219,0.038674,0.011208,-0.011273,0.028725,-0.00056,0.01507,0.020241,-0.032106,-0.012396,-0.002547,0.003197,0.003632,-0.006319,-0.006069,-0.006743,0.002064,0.017532,-0.004599,0.029205,0.012795,0.045119,0.088401,0.099729,0.012221,0.038276,-0.055741,0.083849,0.003508,-0.00299,0.001875
2025-06,0.048065,0.051386,0.051826,0.051634,0.063858,0.055184,0.038429,0.050677,0.023962,0.033887,0.024497,0.019656,0.044545,0.039111,0.07002,0.055387,0.006885,0.041745,0.030346,0.004051,0.04454,0.041096,0.02664,0.01602,0.005851,0.003426,0.003347,0.009384,0.014554,0.015166,0.020824,0.018385,0.025854,0.022207,0.048693,0.031191,0.036052,0.098479,-0.01575,0.003747,0.02106,0.018672,0.003542,0.033601,0.001736
2025-07,0.010575,0.023031,0.022548,0.0229,0.024237,0.016683,0.007983,0.016671,-0.020919,-0.013857,-0.023871,-0.018007,-0.003715,-0.011159,0.006634,0.006874,0.000898,0.012629,-0.029927,-0.006135,0.029344,0.034483,-0.011396,-0.005939,-0.00092,0.00328,0.003566,9.1e-05,-0.00264,-0.002657,-0.000897,0.001358,-0.037059,-0.000911,0.028299,0.0,0.030437,0.037555,-0.014697,0.049106,-0.032347,0.018865,0.003525,-0.023379,0.001667
2025-08,0.026778,0.02052,0.021137,0.023513,0.00954,0.071927,0.03513,0.085292,0.045247,0.04429,0.037673,0.063298,0.04364,0.041155,0.026771,0.034739,0.034777,0.054504,0.048533,0.049875,-0.010691,-0.001316,0.000127,0.016481,0.008875,0.004226,0.003708,0.016123,0.011903,0.011541,0.010436,0.011053,0.02068,0.051863,0.036464,0.030934,0.0,-0.001104,0.012534,-0.015758,0.053669,0.046561,0.003542,0.018522,0.001667
2025-09,0.035971,0.03562,0.035471,0.034199,0.053762,0.031791,0.017115,0.020472,0.02066,0.025498,0.019233,0.024655,0.015218,0.036181,0.070999,0.056879,0.000576,-0.018039,0.008261,0.117584,0.014408,0.008783,0.03591,0.006511,0.002877,0.003524,0.003302,0.004217,0.011268,0.011053,0.018772,0.00886,0.001873,-0.024217,-0.003182,0.001062,0.018796,0.075337,-0.023177,0.041236,0.017292,0.035914,0.003433,0.00712,0.001667
2025-10,0.022931,0.023837,0.023801,0.022092,0.047804,0.017648,0.011041,0.00181,0.011995,0.01769,0.006266,0.040394,-0.006648,0.020612,0.035581,0.014581,-0.024502,-0.005007,-0.00827,0.035587,0.015535,0.010448,0.013811,0.007113,0.003337,0.003333,0.003511,0.003224,0.006155,0.00603,0.001495,-0.000111,-0.009931,-0.044075,-0.013544,-0.027845,0.005381,0.066771,-0.026668,0.021672,0.036502,0.00121,0.003267,-0.015927,0.001667
2025-11,0.000424,0.00195,0.002408,0.002653,-0.01561,0.010234,0.017386,0.028792,0.007408,0.009675,0.015318,-0.005273,0.016533,0.00211,-0.017722,-0.012189,0.024221,0.048033,0.02103,0.053678,0.007867,0.002585,0.002723,0.009881,0.004388,0.003006,0.002876,0.002171,0.006057,0.005973,0.009312,0.007464,-0.005598,0.043539,0.026325,0.018331,-0.008835,-0.048091,0.040509,0.017172,0.092894,-0.014462,0.003183,0.001039,0.001667
2025-12,0.008929,0.000797,0.000707,-0.000265,-0.006699,-0.007094,0.003023,0.000114,0.027105,0.031784,0.035206,0.009047,0.020319,0.025597,0.021593,0.009518,-0.022363,0.003967,0.004,0.021734,0.002279,-0.009025,-0.026586,-0.007612,0.002947,0.003719,0.003352,-0.006191,-0.00279,-0.003001,-0.007375,0.004926,0.00276,0.019778,-0.00296,0.030591,0.012761,0.007535,-0.013441,-0.05087,-0.013897,0.011982,0.00315,0.015909,0.001667
2026-01,0.028341,0.014738,0.014731,0.015808,0.012307,0.054802,0.024379,0.069919,0.049047,0.059709,0.046526,0.06168,0.054688,0.054372,0.080241,0.050409,0.026105,0.02615,0.039643,0.122732,0.092576,0.104944,-0.000344,-0.002288,0.002053,0.002633,0.002955,0.005186,0.002503,0.00216,0.003449,0.006077,0.013759,0.086439,0.141803,-0.024283,0.066529,-0.000625,0.075052,0.013118,-0.000388,0.014739,0.002992,0.014383,0.001667
2026-02,0.012921,-0.008642,-0.008129,-0.005285,-0.023446,0.006778,0.022325,0.018929,0.046059,0.061027,0.030514,0.077578,0.048306,0.051851,0.058883,0.028865,0.053855,-0.006151,0.045689,0.087201,0.027425,0.018838,0.046338,0.0247,0.005318,0.002652,0.00267,0.012672,0.015981,0.016017,0.01378,-1.2e-05,0.009999,0.084027,0.095397,-0.037612,0.07072,-0.035585,0.077835,0.103584,0.035285,-0.03557,0.002975,-0.009565,0.001667
2026-03,-0.061134,-0.04938,-0.049945,-0.050048,-0.048382,-0.049611,-0.045752,-0.037644,-0.078288,-0.086147,-0.081561,-0.08585,-0.085278,-0.080322,-0.092522,-0.069707,-0.063139,-0.043609,-0.119319,-0.110512,0.153386,0.242296,-0.0423,-0.023202,-0.004665,0.002761,0.002878,-0.013586,-0.017945,-0.017374,-0.020728,-0.009536,-0.045196,-0.060247,0.102651,-0.03512,-0.084428,-0.04104,-0.084086,-0.031828,-0.081069,-0.065558,0.003,-0.026006,0.001667
2026-04,0.095179,0.105053,0.105418,0.104018,0.156901,0.120847,0.059294,0.095786,0.053434,0.073658,0.05714,0.055187,0.066063,0.075361,0.126783,0.090287,0.08602,0.072194,0.060856,-0.015408,0.074266,0.066357,-0.008397,-0.001503,0.001907,0.002944,0.002889,0.010874,0.001688,0.001499,0.002819,0.015207,0.016663,0.030018,-0.026281,0.055904,0.079453,0.200151,0.028422,0.02092,-0.004229,0.085979,0.003008,0.017742,0.001667
2026-05,0.046192,0.052626,0.052599,0.051838,0.105685,0.044825,0.019001,0.029458,0.024238,0.043168,0.02146,0.043322,0.034693,0.038979,0.072042,0.016121,-0.00654,-0.039531,-0.020892,-0.015437,-0.05209,-0.075313,0.005334,-0.00019,0.000766,0.002889,0.003174,0.001901,0.002936,0.002757,0.008624,0.004364,-0.002519,-0.006217,-0.056329,-0.010551,-0.008306,0.197618,-0.016605,-0.051868,0.023837,0.021293,0.003008,-0.004956,0.001667
2026-06,-0.00347,-0.010293,-0.012037,-0.003853,-0.001491,0.036961,0.000158,0.038005,0.006907,-0.00202,0.008268,0.008786,-0.035524,0.006113,0.002414,-0.001988,0.016509,0.020475,-0.011084,-0.116849,-0.095658,-0.100629,0.011659,0.002512,0.000646,0.002735,0.002724,-0.004566,0.002543,0.002691,0.001129,0.000864,-0.020113,-0.00254,-0.049689,0.042997,0.072522,-0.001428,0.008882,0.027229,0.066165,-0.027768,0.003,-0.02147,0.001764
2026-07,-0.00344,0.000348,0.001909,-0.004945,-0.065739,-0.030787,0.020479,0.000181,0.016365,-0.008842,0.023153,-0.009435,0.019813,-0.011299,-0.063149,-0.015748,0.026133,-0.024943,0.038504,0.008578,0.104651,0.12028,-0.044738,-0.013887,0.001563,0.003354,0.003371,-0.006847,-0.012965,-0.012793,-0.022431,-0.00152,0.003882,-0.007869,0.121258,0.062115,-0.029099,-0.079624,0.023835,-0.021835,0.024518,-0.010147,0.00305,0.007987,0.001875
2026-08,0.027169,0.026799,0.027215,0.026995,0.041817,0.009375,0.020802,0.002531,0.017712,0.032569,0.011812,0.037775,0.034565,0.028571,0.045717,0.030128,-0.025366,0.009302,-0.026738,0.099263,0.062818,0.06211,0.007324,0.001166,0.001725,0.002817,0.002768,-0.000243,0.003896,0.00364,0.003951,0.009027,0.00669,0.044815,0.074055,0.013523,-0.02619,0.063587,-0.000823,-0.047802,0.049154,0.004307,0.003108,0.009665,0.001875
